Index,Mass,Calibrated_Mass,Calculated_Mass,Peak_Height,Peak_Area,Resolving_Power,S_N,Ion_Charge,Error_ppm,Error_Score,Isotopologue_Similarity,Confidence_Score,DBE,OtoC_ratio,HtoC_ratio,Heteroatom_Class,Ion_Type,Is_Isotopologue,Mono_Isotopic_Index,Molecular_Formula,C,H,O,N,P,S,13C,34S
7,121.02948,121.02948217,121.02950298,43729624,-9999,2263004.1,99.4,-1,-0.171939425,0.994650164,0,0.596790098,5,0.285714286,0.857142857,O2,de-protonated,0,-9999,C7 H6 O2,7,6,2,-9999,-9999,-9999,-9999,-9999
10,125.024392,125.024396032,125.0244176,10767802,-9999,2380136.5,22.97,-1,-0.172510753,0.994614648,0,0.596768789,4,0.5,1,O3,de-protonated,0,-9999,C6 H6 O3,6,6,3,-9999,-9999,-9999,-9999,-9999
11,125.097166,125.097170066,125.097188618,6150193,-9999,1881689.4,12.27,-1,-0.148307493,0.996016969,0,0.597610181,2,0.125,1.75,O1,de-protonated,0,-9999,C8 H14 O1,8,14,1,-9999,-9999,-9999,-9999,-9999
12,127.040047,127.040051971,127.040067664,6589135.5,-9999,2215741.5,13.28,-1,-0.123531176,0.997234932,0,0.598340959,3,0.5,1.333333333,O3,de-protonated,0,-9999,C6 H8 O3,6,8,3,-9999,-9999,-9999,-9999,-9999
13,127.076431,127.076435988,127.076453174,10280396,-9999,2414468.6,21.84,-1,-0.135239905,0.996686835,0,0.598012101,2,0.285714286,1.714285714,O2,de-protonated,0,-9999,C7 H12 O2,7,12,2,-9999,-9999,-9999,-9999,-9999
18,129.05569,129.05569591,129.055717729,271097632,-9999,2030329.2,626.58,-1,-0.169064707,0.996617675,0.997143048,0.996827824,2,0.5,1.666666667,O3,de-protonated,0,-9999,C6 H10 O3,6,10,3,-9999,-9999,-9999,-9999,-9999
20,130.059054,130.059060377,130.059072564,18473688,-9999,1979260,40.84,-1,-0.093698677,0.99840825,0.997143048,0.997902169,2,0.5,1.666666667,13C1 O3,de-protonated,1,18,C5 H10 O3 13C1,5,10,3,-9999,-9999,-9999,1,-9999
23,131.034956,131.034962832,131.034982284,22201002,-9999,2038285.6,49.48,-1,-0.148446799,0.996009498,0,0.597605699,2,0.8,1.6,O4,de-protonated,0,-9999,C5 H8 O4,5,8,4,-9999,-9999,-9999,-9999,-9999
25,131.071346,131.071352849,131.071367793,68337320,-9999,2022737.3,156.46,-1,-0.114015132,0.997644046,0,0.598586428,1,0.5,2,O3,de-protonated,0,-9999,C6 H12 O3,6,12,3,-9999,-9999,-9999,-9999,-9999
29,135.045133,135.0451417,135.045153045,18746084,-9999,1961053.9,41.47,-1,-0.084003125,0.998720422,0,0.599232253,5,0.25,1,O2,de-protonated,0,-9999,C8 H8 O2,8,8,2,-9999,-9999,-9999,-9999,-9999
33,137.02439,137.024399623,137.0244176,207806384,-9999,1856527.1,479.83,-1,-0.131196875,0.997828318,0.99680537,0.997419139,5,0.428571429,0.857142857,O3,de-protonated,0,-9999,C7 H6 O3,7,6,3,-9999,-9999,-9999,-9999,-9999
35,138.019643,138.019653086,138.019666572,18501706,-9999,1972731.7,40.9,-1,-0.097708396,0.998269221,0,0.598961533,5,0.5,0.833333333,N1 O3,de-protonated,0,-9999,C6 H5 O3 N1,6,5,3,1,-9999,-9999,-9999,-9999
36,138.027751,138.02776109,138.027772435,16503883,-9999,1999978.2,36.27,-1,-0.082191957,0.998774971,0.99680537,0.997987131,5,0.428571429,0.857142857,13C1 O3,de-protonated,1,33,C6 H6 O3 13C1,6,6,3,-9999,-9999,-9999,1,-9999
37,138.056032,138.056042103,138.056052081,9251408,-9999,1780919.4,19.46,-1,-0.072275545,0.999052606,0,0.599431563,4,0.285714286,1.285714286,N1 O2,de-protonated,0,-9999,C7 H9 O2 N1,7,9,2,1,-9999,-9999,-9999,-9999
40,139.040047,139.040057562,139.040067664,32606480,-9999,1797779.3,73.61,-1,-0.072659107,0.999042528,0,0.599425517,4,0.428571429,1.142857143,O3,de-protonated,0,-9999,C7 H8 O3,7,8,3,-9999,-9999,-9999,-9999,-9999
41,139.076435,139.076445579,139.076453174,6671127.5,-9999,2115166.9,13.47,-1,-0.054609702,0.999459027,0,0.599675416,3,0.25,1.5,O2,de-protonated,0,-9999,C8 H12 O2,8,12,2,-9999,-9999,-9999,-9999,-9999
43,141.019308,141.019319484,141.019332219,13890313,-9999,1865601.2,30.21,-1,-0.090310213,0.998521211,0,0.599112727,4,0.666666667,1,O4,de-protonated,0,-9999,C6 H6 O4,6,6,4,-9999,-9999,-9999,-9999,-9999
44,141.055693,141.055704501,141.055717729,7523091.5,-9999,1859847.5,15.45,-1,-0.093777722,0.998405565,0,0.599043339,3,0.428571429,1.428571429,O3,de-protonated,0,-9999,C7 H10 O3,7,10,3,-9999,-9999,-9999,-9999,-9999
45,143.034965,143.034977423,143.034982284,15500737,-9999,1718453.8,33.89,-1,-0.033983558,0.99979047,0,0.599874282,3,0.666666667,1.333333333,O4,de-protonated,0,-9999,C6 H8 O4,6,8,4,-9999,-9999,-9999,-9999,-9999
46,143.071344,143.07135644,143.071367793,19926480,-9999,1828968.2,44.13,-1,-0.079353671,0.998858069,0,0.599314842,2,0.428571429,1.714285714,O3,de-protonated,0,-9999,C7 H12 O3,7,12,3,-9999,-9999,-9999,-9999,-9999
48,144.04546,144.045472894,144.045487397,29976424,-9999,1847407.6,67.39,-1,-0.10068716,0.998162181,0,0.598897309,7,0.111111111,0.777777778,N1 O1,de-protonated,0,-9999,C9 H7 O1 N1,9,7,1,1,-9999,-9999,-9999,-9999
53,145.050606,145.050619362,145.050632348,94161216,-9999,1760241.9,215.58,-1,-0.089528714,0.998546675,0,0.599128005,2,0.666666667,1.666666667,O4,de-protonated,0,-9999,C6 H10 O4,6,10,4,-9999,-9999,-9999,-9999,-9999
56,145.086997,145.087010379,145.087017858,44525908,-9999,1706065.4,100.89,-1,-0.051545562,0.999518017,0,0.59971081,1,0.428571429,2,O3,de-protonated,0,-9999,C7 H14 O3,7,14,3,-9999,-9999,-9999,-9999,-9999
58,146.024734,146.024747816,146.024751952,29215546,-9999,1762030.3,65.39,-1,-0.028327278,0.99985441,0,0.599912646,7,0.25,0.625,N1 O2,de-protonated,0,-9999,C8 H5 O2 N1,8,5,2,1,-9999,-9999,-9999,-9999
64,147.008743,147.008757274,147.008767535,7768421,-9999,1688717.2,15.93,-1,-0.069798131,0.999116413,0,0.599469848,7,0.375,0.5,O3,de-protonated,0,-9999,C8 H4 O3,8,4,3,-9999,-9999,-9999,-9999,-9999
68,149.024393,149.024408213,149.0244176,21631586,-9999,1688045.5,47.81,-1,-0.062984928,0.999280434,0,0.59956826,6,0.375,0.75,O3,de-protonated,0,-9999,C8 H6 O3,8,6,3,-9999,-9999,-9999,-9999,-9999
69,149.060773,149.06078823000001,149.060803109,9618042,-9999,1779514.8,20.15,-1,-0.099816264,0.998193808,0,0.598916285,5,0.222222222,1.111111111,O2,de-protonated,0,-9999,C9 H10 O2,9,10,2,-9999,-9999,-9999,-9999,-9999
74,151.040042,151.040058153,151.040067664,67729424,-9999,1682427.3,153.64,-1,-0.062974333,0.999280676,0,0.599568405,5,0.375,1,O3,de-protonated,0,-9999,C8 H8 O3,8,8,3,-9999,-9999,-9999,-9999,-9999
76,152.035289,152.035305616,152.035316636,12233499,-9999,1667071.1,26.07,-1,-0.072484179,0.999047131,0,0.599428278,5,0.428571429,1,N1 O3,de-protonated,0,-9999,C7 H7 O3 N1,7,7,3,1,-9999,-9999,-9999,-9999
81,153.019308,153.019325075,153.019332219,132759112,-9999,1616937.7,302.48,-1,-0.046690859,0.999801253,0.996942294,0.99865767,5,0.571428571,0.857142857,O4,de-protonated,0,-9999,C7 H6 O4,7,6,4,-9999,-9999,-9999,-9999,-9999
83,153.055695,153.055712092,153.055717729,12562020,-9999,1631732.5,26.82,-1,-0.036829732,0.999753908,0,0.599852345,4,0.375,1.25,O3,de-protonated,0,-9999,C8 H10 O3,8,10,3,-9999,-9999,-9999,-9999,-9999
84,153.092078,153.092095109,153.092103238,8171138.5,-9999,1845982.3,16.75,-1,-0.053101367,0.99948849,0,0.599693094,3,0.222222222,1.555555556,O2,de-protonated,0,-9999,C9 H14 O2,9,14,2,-9999,-9999,-9999,-9999,-9999
85,154.014544,154.014561538,154.014581192,6230429.5,-9999,1938079.9,12.27,-1,-0.127605559,0.997049799,0,0.598229879,5,0.666666667,0.833333333,N1 O4,de-protonated,0,-9999,C6 H5 O4 N1,6,5,4,1,-9999,-9999,-9999,-9999
86,154.022669,154.022686542,154.022687054,9583013,-9999,1549012.4,19.95,-1,-0.003325492,0.999997993,0.996942294,0.998775714,5,0.571428571,0.857142857,13C1 O4,de-protonated,1,81,C6 H6 O4 13C1,6,6,4,-9999,-9999,-9999,1,-9999
89,154.998572,154.998589997,154.998596774,10241297,-9999,1654277.9,21.45,-1,-0.043726598,0.999653127,0,0.599791876,5,0.833333333,0.666666667,O5,de-protonated,0,-9999,C6 H4 O5,6,4,5,-9999,-9999,-9999,-9999,-9999
90,155.034957,155.034975014,155.034982284,21751090,-9999,1655985,47.79,-1,-0.046892381,0.999601093,0,0.599760656,4,0.571428571,1.142857143,O4,de-protonated,0,-9999,C7 H8 O4,7,8,4,-9999,-9999,-9999,-9999,-9999
91,155.071338,155.071356031,155.071367793,22226260,-9999,1666311,48.88,-1,-0.075851264,0.998956595,0,0.599373957,3,0.375,1.5,O3,de-protonated,0,-9999,C8 H12 O3,8,12,3,-9999,-9999,-9999,-9999,-9999
92,155.107723,155.107741048,155.107753302,8836469,-9999,1809997.7,18.23,-1,-0.079008025,0.99886799,0,0.599320794,2,0.222222222,1.777777778,O2,de-protonated,0,-9999,C9 H16 O2,9,16,2,-9999,-9999,-9999,-9999,-9999
93,156.066586,156.066604494,156.066616765,7036150.5,-9999,1676389.6,14.08,-1,-0.078625824,0.998878909,0,0.599327346,3,0.428571429,1.571428571,N1 O3,de-protonated,0,-9999,C7 H11 O3 N1,7,11,3,1,-9999,-9999,-9999,-9999
95,157.050607,157.050625953,157.050632348,61574320,-9999,1593569.4,138.66,-1,-0.040721353,0.999699162,0,0.599819497,3,0.571428571,1.428571429,O4,de-protonated,0,-9999,C7 H10 O4,7,10,4,-9999,-9999,-9999,-9999,-9999
97,157.086992,157.08701097,157.087017858,14630100,-9999,1698847.7,31.43,-1,-0.043846477,0.999651223,0,0.599790734,2,0.375,1.75,O3,de-protonated,0,-9999,C8 H14 O3,8,14,3,-9999,-9999,-9999,-9999,-9999
98,158.082236,158.082255434,158.08226683,10434747,-9999,1629206.6,21.8,-1,-0.072090447,0.99905745,0,0.59943447,2,0.428571429,1.857142857,N1 O3,de-protonated,0,-9999,C7 H13 O3 N1,7,13,3,1,-9999,-9999,-9999,-9999
101,159.066251,159.066270892,159.066282413,133289144,-9999,1583715.8,301.83,-1,-0.072426864,0.999494781,0.996142643,0.998153926,2,0.571428571,1.714285714,O4,de-protonated,0,-9999,C7 H12 O4,7,12,4,-9999,-9999,-9999,-9999,-9999
103,159.102637,159.102656909,159.102667922,28038364,-9999,1663178.7,61.92,-1,-0.069219892,0.999130986,0,0.599478591,1,0.375,2,O3,de-protonated,0,-9999,C8 H16 O3,8,16,3,-9999,-9999,-9999,-9999,-9999
105,160.040377,160.040397346,160.040402017,10490050,-9999,1627182,21.87,-1,-0.02918613,0.999845448,0,0.599907269,7,0.222222222,0.777777778,N1 O2,de-protonated,0,-9999,C9 H7 O2 N1,9,7,2,1,-9999,-9999,-9999,-9999
106,160.069614,160.06963436,160.069637248,9498850,-9999,1515524.5,19.62,-1,-0.018043824,0.999940926,0.996142643,0.998421613,2,0.571428571,1.714285714,13C1 O4,de-protonated,1,101,C6 H12 O4 13C1,6,12,4,-9999,-9999,-9999,1,-9999
109,161.02439,161.024410804,161.0244176,15166710,-9999,1678090.1,32.51,-1,-0.042201126,0.999676904,0,0.599806142,7,0.333333333,0.666666667,O3,de-protonated,0,-9999,C9 H6 O3,9,6,3,-9999,-9999,-9999,-9999,-9999
110,161.045523,161.045543814,161.045546968,6771981,-9999,1522187.4,13.41,-1,-0.019582197,0.999930424,0,0.599958254,2,0.833333333,1.666666667,O5,de-protonated,0,-9999,C6 H10 O5,6,10,5,-9999,-9999,-9999,-9999,-9999
111,161.081905,161.081925831,161.081932477,22277430,-9999,1500145.2,48.68,-1,-0.041258662,0.999691172,0,0.599814703,1,0.571428571,2,O4,de-protonated,0,-9999,C7 H14 O4,7,14,4,-9999,-9999,-9999,-9999,-9999
113,162.019635,162.019656268,162.019666572,20373840,-9999,1626870,44.25,-1,-0.063596725,0.999266392,0,0.599559835,7,0.375,0.625,N1 O3,de-protonated,0,-9999,C8 H5 O3 N1,8,5,3,1,-9999,-9999,-9999,-9999
114,162.077161,162.077182295,162.077181449,12493202,-9999,1804733.5,26.36,-1,0.005216475,0.999995063,0,0.599997038,1,0.666666667,2.166666667,N1 O4,de-protonated,0,-9999,C6 H13 O4 N1,6,13,4,1,-9999,-9999,-9999,-9999
122,163.040038,163.040059743,163.040067664,220358112,-9999,1520441,498.13,-1,-0.048581724,0.999691642,0.997401165,0.998775451,6,0.333333333,0.888888889,O3,de-protonated,0,-9999,C9 H8 O3,9,8,3,-9999,-9999,-9999,-9999,-9999
124,164.035284,164.035306207,164.035316636,7926386,-9999,1693142.9,15.96,-1,-0.063579452,0.99926679,0,0.599560074,6,0.375,0.875,N1 O3,de-protonated,0,-9999,C8 H7 O3 N1,8,7,3,1,-9999,-9999,-9999,-9999
125,164.043395,164.043417211,164.043422499,22141564,-9999,1567633.3,48.15,-1,-0.032237602,0.999811445,0.997401165,0.998847333,6,0.333333333,0.888888889,13C1 O3,de-protonated,1,122,C8 H8 O3 13C1,8,8,3,-9999,-9999,-9999,1,-9999
133,165.019301,165.019323666,165.019332219,676556544,-9999,1539957.9,1530.07,-1,-0.051834687,0.999640906,0.99519203,0.997861355,6,0.5,0.75,O4,de-protonated,0,-9999,C8 H6 O4,8,6,4,-9999,-9999,-9999,-9999,-9999
136,165.055688,165.055710683,165.055717729,31502136,-9999,1580095.6,69.34,-1,-0.042689357,0.999669386,0,0.599801632,5,0.333333333,1.111111111,O3,de-protonated,0,-9999,C9 H10 O3,9,10,3,-9999,-9999,-9999,-9999,-9999
138,166.022658,166.022681133,166.022687054,54719440,-9999,1526792.3,121.64,-1,-0.035665755,0.999769216,0.99519203,0.997938341,6,0.5,0.75,13C1 O4,de-protonated,1,133,C7 H6 O4 13C1,7,6,4,-9999,-9999,-9999,1,-9999
143,167.034949,167.034972605,167.034982284,31643832,-9999,1495795.6,69.5,-1,-0.057946432,0.999390919,0,0.599634552,5,0.5,1,O4,de-protonated,0,-9999,C8 H8 O4,8,8,4,-9999,-9999,-9999,-9999,-9999
145,167.071332,167.071355622,167.071367793,8802534,-9999,1426249,17.89,-1,-0.072851981,0.999037441,0,0.599422464,4,0.333333333,1.333333333,O3,de-protonated,0,-9999,C9 H12 O3,9,12,3,-9999,-9999,-9999,-9999,-9999
146,168.030215,168.030239068,168.030231256,10306975,-9999,1721153.4,21.24,-1,0.046494133,0.999607838,0,0.599764703,5,0.571428571,1,N1 O4,de-protonated,0,-9999,C7 H7 O4 N1,7,7,4,1,-9999,-9999,-9999,-9999
151,169.014208,169.014232527,169.014246839,13709961,-9999,1560012.2,28.91,-1,-0.084679494,0.998699747,0,0.599219848,5,0.714285714,0.857142857,O5,de-protonated,0,-9999,C7 H6 O5,7,6,5,-9999,-9999,-9999,-9999,-9999
152,169.050598,169.050622544,169.050632348,14389943,-9999,1416395.7,30.44,-1,-0.057997042,0.999389855,0,0.599633913,4,0.5,1.25,O4,de-protonated,0,-9999,C8 H10 O4,8,10,4,-9999,-9999,-9999,-9999,-9999
153,169.086989,169.087013561,169.087017858,11604710,-9999,1696124.3,24.16,-1,-0.025411956,0.999882833,0,0.5999297,3,0.333333333,1.555555556,O3,de-protonated,0,-9999,C9 H14 O3,9,14,3,-9999,-9999,-9999,-9999,-9999
157,171.066255,171.066280483,171.066282413,116821248,-9999,1476926.1,260.68,-1,-0.011280939,0.999902474,0.992741097,0.997037923,3,0.5,1.5,O4,de-protonated,0,-9999,C8 H12 O4,8,12,4,-9999,-9999,-9999,-9999,-9999
158,171.102639,171.1026645,171.102667922,13319468,-9999,1525604.6,27.95,-1,-0.020000779,0.999927418,0,0.599956451,2,0.333333333,1.777777778,O3,de-protonated,0,-9999,C9 H16 O3,9,16,3,-9999,-9999,-9999,-9999,-9999
159,172.069606,172.06963195,172.069637248,11117103,-9999,1505582.1,23,-1,-0.030786316,0.999828038,0.992741097,0.996993262,3,0.5,1.5,13C1 O4,de-protonated,1,157,C7 H12 O4 13C1,7,12,4,-9999,-9999,-9999,1,-9999
160,172.097888,172.09791396400001,172.097916894,11575893,-9999,1574008.8,24.03,-1,-0.01702922,0.999947382,0,0.599968429,2,0.375,1.875,N1 O3,de-protonated,0,-9999,C8 H15 O3 N1,8,15,3,1,-9999,-9999,-9999,-9999
163,173.001062,173.001088384,173.00091925,30406416,-9999,1486702.7,66.2,-1,0.97765019,0.840777151,0,0.504466291,4,0.666666667,1.166666667,P1 O4,de-protonated,0,-9999,C6 H7 O4 P1,6,7,4,-9999,1,-9999,-9999,-9999
164,173.045519,173.045545405,173.045546968,13088587,-9999,1547341,27.36,-1,-0.009030834,0.999985202,0,0.599991121,3,0.714285714,1.428571429,O5,de-protonated,0,-9999,C7 H10 O5,7,10,5,-9999,-9999,-9999,-9999,-9999
166,173.081902,173.081928422,173.081932477,139663232,-9999,1446181.1,311.26,-1,-0.023429046,0.999891648,0.998519165,0.999342655,2,0.5,1.75,O4,de-protonated,0,-9999,C8 H14 O4,8,14,4,-9999,-9999,-9999,-9999,-9999
167,173.11829,173.118316439,173.118317987,21845932,-9999,1459172,47,-1,-0.008939211,0.999985501,0,0.5999913,1,0.333333333,2,O3,de-protonated,0,-9999,C9 H18 O3,9,18,3,-9999,-9999,-9999,-9999,-9999
168,174.085256,174.08528289,174.085287312,11840712,-9999,1650028.5,24.56,-1,-0.025405623,0.999882892,0.998519165,0.999337401,2,0.5,1.75,13C1 O4,de-protonated,1,166,C7 H14 O4 13C1,7,14,4,-9999,-9999,-9999,1,-9999
171,175.061169,175.061196344,175.061197032,35799548,-9999,1449157.1,78.29,-1,-0.003930628,0.999997197,0,0.599998318,2,0.714285714,1.714285714,O5,de-protonated,0,-9999,C7 H12 O5,7,12,5,-9999,-9999,-9999,-9999,-9999
172,175.097551,175.097578361,175.097582542,17822252,-9999,1389618,37.97,-1,-0.023875258,0.999896575,0,0.599937945,1,0.5,2,O4,de-protonated,0,-9999,C8 H16 O4,8,16,4,-9999,-9999,-9999,-9999,-9999
174,177.019309,177.019337256,177.019332219,12303488,-9999,1546611.7,25.52,-1,0.028455424,0.99985309,0,0.599911854,7,0.444444444,0.666666667,O4,de-protonated,0,-9999,C9 H6 O4,9,6,4,-9999,-9999,-9999,-9999,-9999
175,177.055679,177.055707273,177.055717729,8412338,-9999,1606085.4,16.82,-1,-0.059050591,0.999367494,0,0.599620496,6,0.3,1,O3,de-protonated,0,-9999,C10 H10 O3,10,10,3,-9999,-9999,-9999,-9999,-9999
176,179.034951,179.034980196,179.034982284,56326000,-9999,1442197.4,123.68,-1,-0.011663633,0.999975316,0,0.59998519,6,0.444444444,0.888888889,O4,de-protonated,0,-9999,C9 H8 O4,9,8,4,-9999,-9999,-9999,-9999,-9999
177,179.07134,179.071369213,179.071367793,18032546,-9999,1447230.2,38.23,-1,0.007926479,0.9999886,0,0.59999316,5,0.3,1.2,O3,de-protonated,0,-9999,C10 H12 O3,10,12,3,-9999,-9999,-9999,-9999,-9999
178,180.030176,180.030205659,180.030231256,6296797,-9999,1626636.9,12.04,-1,-0.1421801,0.996338701,0,0.597803221,6,0.5,0.875,N1 O4,de-protonated,0,-9999,C8 H7 O4 N1,8,7,4,1,-9999,-9999,-9999,-9999
180,181.01421,181.014240118,181.014246839,109036096,-9999,1418973.2,240.64,-1,-0.037130548,0.999862989,0.999883766,0.9998713,6,0.625,0.75,O5,de-protonated,0,-9999,C8 H6 O5,8,6,5,-9999,-9999,-9999,-9999,-9999
181,181.050598,181.050628135,181.050632348,16007792,-9999,1486596.5,33.62,-1,-0.023272797,0.999901728,0,0.599941037,5,0.444444444,1.111111111,O4,de-protonated,0,-9999,C9 H10 O4,9,10,4,-9999,-9999,-9999,-9999,-9999
182,181.063667,181.063697141,181.063519508,9372290,-9999,1558022.8,18.85,-1,0.981053305,0.839760861,0,0.503856517,0,0.666666667,2.5,P1 O4,de-protonated,0,-9999,C6 H15 O4 P1,6,15,4,-9999,1,-9999,-9999,-9999
183,181.086984,181.087014152,181.087017858,7652003,-9999,1431573.8,15.02,-1,-0.020465035,0.999924009,0,0.599954405,4,0.3,1.4,O3,de-protonated,0,-9999,C10 H14 O3,10,14,3,-9999,-9999,-9999,-9999,-9999
184,182.017569,182.017599585,182.017601674,9449402,-9999,1392125.2,19.02,-1,-0.011475573,0.999976106,0.999883766,0.99993917,6,0.625,0.75,13C1 O5,de-protonated,1,180,C7 H6 O5 13C1,7,6,5,-9999,-9999,-9999,1,-9999
185,182.045848,182.045878598,182.04588132,9451489,-9999,1519855.1,19.02,-1,-0.014952609,0.999959432,0,0.599975659,5,0.5,1.125,N1 O4,de-protonated,0,-9999,C8 H9 O4 N1,8,9,4,1,-9999,-9999,-9999,-9999
186,183.029862,183.029893057,183.029896903,8617283,-9999,1520661.1,17.12,-1,-0.021015758,0.999919864,0,0.599951919,5,0.625,1,O5,de-protonated,0,-9999,C8 H8 O5,8,8,5,-9999,-9999,-9999,-9999,-9999
187,183.066248,183.066279074,183.066282413,13057398,-9999,1412189.4,26.97,-1,-0.018238802,0.999939642,0,0.599963785,4,0.444444444,1.333333333,O4,de-protonated,0,-9999,C9 H12 O4,9,12,4,-9999,-9999,-9999,-9999,-9999
188,184.061499,184.061530538,184.061531385,10724070,-9999,1397451.3,21.79,-1,-0.004603979,0.999996154,0,0.599997692,4,0.5,1.375,N1 O4,de-protonated,0,-9999,C8 H11 O4 N1,8,11,4,1,-9999,-9999,-9999,-9999
189,185.045521,185.045552996,185.045546968,6666308.5,-9999,1709878,12.78,-1,0.032576505,0.99980746,0,0.59988447600000006,4,0.625,1.25,O5,de-protonated,0,-9999,C8 H10 O5,8,10,5,-9999,-9999,-9999,-9999,-9999
190,185.0819,185.081932013,185.081932477,24074360,-9999,1388376.1,51.41,-1,-0.002508422,0.999998858,0,0.599999315,3,0.444444444,1.555555556,O4,de-protonated,0,-9999,C9 H14 O4,9,14,4,-9999,-9999,-9999,-9999,-9999
191,187.061162,187.061194935,187.061197032,25019190,-9999,1466154.3,53.35,-1,-0.011211422,0.999977193,0,0.599986316,3,0.625,1.5,O5,de-protonated,0,-9999,C8 H12 O5,8,12,5,-9999,-9999,-9999,-9999,-9999
193,187.097549,187.097581952,187.097582542,197911408,-9999,1410529.6,435.96,-1,-0.003151398,0.999875002,0.998091343,0.999161539,2,0.444444444,1.777777778,O4,de-protonated,0,-9999,C9 H16 O4,9,16,4,-9999,-9999,-9999,-9999,-9999
194,187.133933,187.133965969,187.133968051,23094170,-9999,1431996.6,49.09,-1,-0.011125812,0.99997754,0,0.599986524,1,0.3,2,O3,de-protonated,0,-9999,C10 H20 O3,10,20,3,-9999,-9999,-9999,-9999,-9999
195,188.035282,188.035315389,188.035316636,53422200,-9999,1387583,116.21,-1,-0.00663446,0.999992013,0,0.599995208,8,0.3,0.7,N1 O3,de-protonated,0,-9999,C10 H7 O3 N1,10,7,3,1,-9999,-9999,-9999,-9999
196,188.100897,188.100930419,188.100937377,18811090,-9999,1423717.6,39.61,-1,-0.036986643,0.999751807,0.998091343,0.999087621,2,0.444444444,1.777777778,13C1 O4,de-protonated,1,193,C8 H16 O4 13C1,8,16,4,-9999,-9999,-9999,1,-9999
198,189.076812,189.07684587400001,189.076847097,25210382,-9999,1401251.7,53.61,-1,-0.006466032,0.999992414,0,0.599995448,2,0.625,1.75,O5,de-protonated,0,-9999,C8 H14 O5,8,14,5,-9999,-9999,-9999,-9999,-9999
199,189.11318,189.113213891,189.113232606,6420031,-9999,1594571.2,12.15,-1,-0.098961783,0.998224572,0,0.598934743,1,0.444444444,2,O4,de-protonated,0,-9999,C9 H18 O4,9,18,4,-9999,-9999,-9999,-9999,-9999
200,190.014541,190.014575311,190.014581192,18125580,-9999,1379719.2,37.98,-1,-0.03094748,0.999826233,0,0.59989574,8,0.444444444,0.555555556,N1 O4,de-protonated,0,-9999,C9 H5 O4 N1,9,5,4,1,-9999,-9999,-9999,-9999
201,190.998561,190.99859577,190.998596774,11225152,-9999,1413937.6,22.75,-1,-0.005261404,0.999994977,0,0.599996986,8,0.555555556,0.444444444,O5,de-protonated,0,-9999,C9 H4 O5,9,4,5,-9999,-9999,-9999,-9999,-9999
202,191.03494800000001,191.034982786,191.034982284,18167922,-9999,1440249.1,38.07,-1,0.002631362,0.999998744,0,0.599999246,7,0.4,0.8,O4,de-protonated,0,-9999,C10 H8 O4,10,8,4,-9999,-9999,-9999,-9999,-9999
203,191.056081,191.056115796,191.056111652,11999374,-9999,1433436.7,24.46,-1,0.021692413,0.999914621,0,0.599948773,2,0.857142857,1.714285714,O6,de-protonated,0,-9999,C7 H12 O6,7,12,6,-9999,-9999,-9999,-9999,-9999
204,193.014204,193.014239709,193.014246839,14131909,-9999,1360354.4,29.07,-1,-0.036941724,0.999752409,0,0.599851446,7,0.555555556,0.666666667,O5,de-protonated,0,-9999,C9 H6 O5,9,6,5,-9999,-9999,-9999,-9999,-9999
205,193.027268,193.027303715,193.027133998,11338454,-9999,1460165.3,22.92,-1,0.879235132,0.869123794,0,0.521474276,2,0.833333333,1.833333333,P1 O5,de-protonated,0,-9999,C6 H11 O5 P1,6,11,5,-9999,1,-9999,-9999,-9999
206,193.050592,193.050627726,193.050632348,23921396,-9999,1416820.6,50.61,-1,-0.023945405,0.999895966,0,0.59993758,6,0.4,1,O4,de-protonated,0,-9999,C10 H10 O4,10,10,4,-9999,-9999,-9999,-9999,-9999
207,193.063651,193.063686732,193.063519508,7021318.5,-9999,1609344.3,13.43,-1,0.866159692,0.872730286,0,0.523638171,1,0.571428571,2.142857143,P1 O4,de-protonated,0,-9999,C7 H15 O4 P1,7,15,4,-9999,1,-9999,-9999,-9999
208,193.100048,193.100083749,193.099905017,10294070,-9999,1463140.3,20.63,-1,0.925590545,0.856029595,0,0.513617757,0,0.375,2.375,P1 O3,de-protonated,0,-9999,C8 H19 O3 P1,8,19,3,-9999,1,-9999,-9999,-9999
209,195.029863,195.029899648,195.029896903,24366352,-9999,1370730.5,51.42,-1,0.014071536,0.999964072,0,0.599978443,6,0.555555556,0.888888889,O5,de-protonated,0,-9999,C9 H8 O5,9,8,5,-9999,-9999,-9999,-9999,-9999
210,195.042921,195.042957654,195.042784063,11472160,-9999,1424786.4,23.14,-1,0.890014388,0.866121438,0,0.519672863,1,0.833333333,2.166666667,P1 O5,de-protonated,0,-9999,C6 H13 O5 P1,6,13,5,-9999,1,-9999,-9999,-9999
211,195.06625,195.066286665,195.066282413,11750718,-9999,1446206.2,23.75,-1,0.021797581,0.999913791,0,0.599948275,5,0.4,1.2,O4,de-protonated,0,-9999,C10 H12 O4,10,12,4,-9999,-9999,-9999,-9999,-9999
212,195.079316,195.079352671,195.079169572,7982415,-9999,1441067.9,15.49,-1,0.938585556,0.852275096,0,0.511365057,0,0.571428571,2.428571429,P1 O4,de-protonated,0,-9999,C7 H17 O4 P1,7,17,4,-9999,1,-9999,-9999,-9999
215,196.025101,196.025138111,196.025145876,6599179,-9999,1548761.4,12.45,-1,-0.039607886,0.999715387,0,0.599829232,6,0.625,0.875,N1 O5,de-protonated,0,-9999,C8 H7 O5 N1,8,7,5,1,-9999,-9999,-9999,-9999
216,197.009124,197.00916157,197.009161458,9311975,-9999,1437037.1,18.4,-1,5.65514e-4,0.999999942,0,0.599999965,6,0.75,0.75,O6,de-protonated,0,-9999,C8 H6 O6,8,6,6,-9999,-9999,-9999,-9999,-9999
218,197.045518,197.045555587,197.045546968,11101972,-9999,1398148.6,22.32,-1,0.043741246,0.999652895,0,0.599791737,5,0.555555556,1.111111111,O5,de-protonated,0,-9999,C9 H10 O5,9,10,5,-9999,-9999,-9999,-9999,-9999
219,197.081891,197.081928604,197.081932477,12257090,-9999,1285176.1,24.86,-1,-0.019653683,0.999929915,0,0.599957949,4,0.4,1.4,O4,de-protonated,0,-9999,C10 H14 O4,10,14,4,-9999,-9999,-9999,-9999,-9999
221,199.016708,199.016746505,199.016569314,14581907,-9999,1351514,29.85,-1,0.890331841,0.866032622,0,0.519619573,5,0.5,1.125,P1 O4,de-protonated,0,-9999,C8 H9 O4 P1,8,9,4,-9999,1,-9999,-9999,-9999
222,199.061157,199.061195526,199.061197032,13525193,-9999,1417815.9,27.54,-1,-0.007567232,0.99998961,0,0.599993766,4,0.555555556,1.333333333,O5,de-protonated,0,-9999,C9 H12 O5,9,12,5,-9999,-9999,-9999,-9999,-9999
223,199.097542,199.097580543,199.097582542,32334070,-9999,1351791.1,68.66,-1,-0.010038999,0.999981713,0,0.599989028,3,0.4,1.6,O4,de-protonated,0,-9999,C10 H16 O4,10,16,4,-9999,-9999,-9999,-9999,-9999
225,200.995974,200.996013427,200.99583387,24136134,-9999,1336119.1,50.57,-1,0.893341064,0.865189585,0,0.519113751,5,0.714285714,1,P1 O5,de-protonated,0,-9999,C7 H7 O5 P1,7,7,5,-9999,1,-9999,-9999,-9999
226,201.076806,201.076845465,201.076847097,23759396,-9999,1321058.5,49.75,-1,-0.008114797,0.999988052,0,0.599992831,3,0.555555556,1.555555556,O5,de-protonated,0,-9999,C9 H14 O5,9,14,5,-9999,-9999,-9999,-9999,-9999
227,201.113198,201.113237482,201.113232606,38005328,-9999,1364801,80.79,-1,0.024244588,0.99989335,0,0.59993601,2,0.4,1.8,O4,de-protonated,0,-9999,C10 H18 O4,10,18,4,-9999,-9999,-9999,-9999,-9999
230,203.05608,203.056120387,203.056111652,7840496.5,-9999,1293557.4,15.06,-1,0.043019387,0.999664255,0,0.599798553,3,0.75,1.5,O6,de-protonated,0,-9999,C8 H12 O6,8,12,6,-9999,-9999,-9999,-9999,-9999
231,203.09245,203.092490404,203.092497161,15807257,-9999,1343293.7,32.42,-1,-0.033270828,0.999799166,0,0.5998795,2,0.555555556,1.777777778,O5,de-protonated,0,-9999,C9 H16 O5,9,16,5,-9999,-9999,-9999,-9999,-9999
233,205.014214,205.0142553,205.014246839,14932795,-9999,1278845.6,30.4,-1,0.041268388,0.999691026,0,0.599814616,8,0.5,0.6,O5,de-protonated,0,-9999,C10 H6 O5,10,6,5,-9999,-9999,-9999,-9999,-9999
234,205.050591,205.050632316,205.050632348,9042785,-9999,1463102.1,17.61,-1,-1.55055e-4,0.999999996,0,0.599999997,7,0.363636364,0.909090909,O4,de-protonated,0,-9999,C11 H10 O4,11,10,4,-9999,-9999,-9999,-9999,-9999
235,206.082226,206.082267797,206.08226683,7982992.5,-9999,1233596.7,15.31,-1,0.004693764,0.999996002,0,0.599997601,6,0.272727273,1.181818182,N1 O3,de-protonated,0,-9999,C11 H13 O3 N1,11,13,3,1,-9999,-9999,-9999,-9999
236,207.029847,207.029889239,207.029896903,11068235,-9999,1227570.3,22.01,-1,-0.037022456,0.999751326,0,0.599850796,7,0.5,0.8,O5,de-protonated,0,-9999,C10 H8 O5,10,8,5,-9999,-9999,-9999,-9999,-9999
237,207.04292,207.042962245,207.042784063,9638744,-9999,1308995.3,18.9,-1,0.860603601,0.874250883,0,0.52455053,2,0.714285714,1.857142857,P1 O5,de-protonated,0,-9999,C7 H13 O5 P1,7,13,5,-9999,1,-9999,-9999,-9999
238,207.066241,207.066283256,207.066282413,8680303,-9999,1320461.3,16.82,-1,0.00407044,0.999996994,0,0.599998196,6,0.363636364,1.090909091,O4,de-protonated,0,-9999,C11 H12 O4,11,12,4,-9999,-9999,-9999,-9999,-9999
239,207.079299,207.079341262,207.079169572,11064188,-9999,1256544.8,22,-1,0.829100122,0.882736004,0,0.529641602,1,0.5,2.125,P1 O4,de-protonated,0,-9999,C8 H17 O4 P1,8,17,4,-9999,1,-9999,-9999,-9999
240,209.009125,209.009168161,209.009161458,146754224,-9999,1284752.7,316.21,-1,0.032066986,0.999868069,0.988862036,0.995465656,7,0.666666667,0.666666667,O6,de-protonated,0,-9999,C9 H6 O6,9,6,6,-9999,-9999,-9999,-9999,-9999
241,209.045522,209.045565178,209.045546968,11676373,-9999,1342765.8,23.29,-1,0.087109731,0.998624096,0,0.599174457,6,0.5,1,O5,de-protonated,0,-9999,C10 H10 O5,10,10,5,-9999,-9999,-9999,-9999,-9999
242,209.058571,209.058614184,209.058434127,19712738,-9999,1280415.2,40.72,-1,0.86127312600000006,0.874068025,0,0.524440815,1,0.714285714,2.142857143,P1 O5,de-protonated,0,-9999,C7 H15 O5 P1,7,15,5,-9999,1,-9999,-9999,-9999
243,209.094948,209.094991201,209.094819637,9886467,-9999,1309390.8,19.41,-1,0.820508177,0.885009088,0,0.531005453,0,0.5,2.375,P1 O4,de-protonated,0,-9999,C8 H19 O4 P1,8,19,4,-9999,1,-9999,-9999,-9999
244,209.15466,209.154703229,209.154703496,7103289.5,-9999,1152190.9,13.37,-1,-0.001278003,0.999999704,0,0.599999822,3,0.153846154,1.692307692,O2,de-protonated,0,-9999,C13 H22 O2,13,22,2,-9999,-9999,-9999,-9999,-9999
245,210.012477,210.012520628,210.012516294,12340801,-9999,1420815.5,24.73,-1,0.020640162,0.999922703,0.988862036,0.995498436,7,0.666666667,0.666666667,13C1 O6,de-protonated,1,240,C8 H6 O6 13C1,8,6,6,-9999,-9999,-9999,1,-9999
247,211.024785,211.0248291,211.024811523,10404274,-9999,1146954.8,20.53,-1,0.083293255,0.998741943,0,0.599245166,6,0.666666667,0.888888889,O6,de-protonated,0,-9999,C9 H8 O6,9,8,6,-9999,-9999,-9999,-9999,-9999
248,211.061163,211.061207117,211.061197032,9966033,-9999,1396549.2,19.58,-1,0.047780182,0.999585848,0,0.599751509,5,0.5,1.2,O5,de-protonated,0,-9999,C10 H12 O5,10,12,5,-9999,-9999,-9999,-9999,-9999
250,213.113188,213.113233073,213.113232606,10139739,-9999,1287299.2,19.92,-1,0.002190313,0.99999913,0,0.599999478,3,0.363636364,1.636363636,O4,de-protonated,0,-9999,C11 H18 O4,11,18,4,-9999,-9999,-9999,-9999,-9999
251,215.056074,215.056119978,215.056111652,7962121.5,-9999,1237656.3,15.18,-1,0.03871654,0.999728051,0,0.59983683,4,0.666666667,1.333333333,O6,de-protonated,0,-9999,C9 H12 O6,9,12,6,-9999,-9999,-9999,-9999,-9999
252,215.092446,215.092491995,215.092497161,18357796,-9999,1301498.8,37.66,-1,-0.02401839,0.999895331,0,0.599937198,3,0.5,1.6,O5,de-protonated,0,-9999,C10 H16 O5,10,16,5,-9999,-9999,-9999,-9999,-9999
253,215.128835,215.128881012,215.128882671,23748158,-9999,1260866.6,49.31,-1,-0.007709664,0.999989215,0,0.599993529,2,0.363636364,1.818181818,O4,de-protonated,0,-9999,C11 H20 O4,11,20,4,-9999,-9999,-9999,-9999,-9999
254,217.071716,217.071762917,217.071761716,13157230,-9999,1350644.7,26.41,-1,0.005532134,0.999994447,0,0.599996668,3,0.666666667,1.555555556,O6,de-protonated,0,-9999,C9 H14 O6,9,14,6,-9999,-9999,-9999,-9999,-9999
255,217.108109,217.108155934,217.108147226,20063110,-9999,1234125.4,41.34,-1,0.040111234,0.999708108,0,0.599824865,2,0.5,1.8,O5,de-protonated,0,-9999,C10 H18 O5,10,18,5,-9999,-9999,-9999,-9999,-9999
256,219.079295,219.07934285300001,219.079169572,11290705,-9999,1276107.3,22.34,-1,0.790948063,0.892691621,0,0.535614972,2,0.444444444,1.888888889,P1 O4,de-protonated,0,-9999,C9 H17 O4 P1,9,17,4,-9999,1,-9999,-9999,-9999
257,221.045498,221.045546769,221.045546968,7335079.5,-9999,1368501.1,13.79,-1,-9.01298e-4,0.999999853,0,0.599999912,7,0.454545455,0.909090909,O5,de-protonated,0,-9999,C11 H10 O5,11,10,5,-9999,-9999,-9999,-9999,-9999
258,221.058561,221.058609775,221.058434127,11381934,-9999,1304775.5,22.53,-1,0.794574018,0.891760891,0,0.53505653500000006,2,0.625,1.875,P1 O5,de-protonated,0,-9999,C8 H15 O5 P1,8,15,5,-9999,1,-9999,-9999,-9999
259,221.094944,221.094992792,221.094819637,9014466,-9999,1395183,17.42,-1,0.783170269,0.894676946,0,0.536806167,1,0.444444444,2.111111111,P1 O4,de-protonated,0,-9999,C9 H19 O4 P1,9,19,4,-9999,1,-9999,-9999,-9999
260,223.024761,223.024810691,223.024811523,13439128,-9999,1220699.9,26.93,-1,-0.003731359,0.999997474,0,0.599998484,7,0.6,0.8,O6,de-protonated,0,-9999,C10 H8 O6,10,8,6,-9999,-9999,-9999,-9999,-9999
261,223.061141,223.061190708,223.061197032,7254185.5,-9999,1386247.7,13.6,-1,-0.028353591,0.999854139,0,0.599912484,6,0.454545455,1.090909091,O5,de-protonated,0,-9999,C11 H12 O5,11,12,5,-9999,-9999,-9999,-9999,-9999
262,223.07421,223.074259714,223.074084192,43053232,-9999,1205692,90.75,-1,0.786832471,0.893744043,0,0.536246426,1,0.625,2.125,P1 O5,de-protonated,0,-9999,C8 H17 O5 P1,8,17,5,-9999,1,-9999,-9999,-9999
263,223.110601,223.110650731,223.110469701,18002114,-9999,1215116.1,36.76,-1,0.811389703,0.88740187,0,0.532441122,0,0.444444444,2.333333333,P1 O4,de-protonated,0,-9999,C9 H21 O4 P1,9,21,4,-9999,1,-9999,-9999,-9999
264,225.004029,225.004079613,225.004076078,13587488,-9999,1258288.4,27.24,-1,0.015710199,0.999955218,0,0.599973131,7,0.777777778,0.666666667,O7,de-protonated,0,-9999,C9 H6 O7,9,6,7,-9999,-9999,-9999,-9999,-9999
265,225.040412,225.04046263,225.040461587,8590384,-9999,1307769.2,16.47,-1,0.004632322,0.999996106,0,0.599997664,6,0.6,1,O6,de-protonated,0,-9999,C10 H10 O6,10,10,6,-9999,-9999,-9999,-9999,-9999
267,225.076819,225.076869647,225.076847097,7517247.5,-9999,1393030.7,14.16,-1,0.100188324,0.99818033,0,0.598908198,5,0.454545455,1.272727273,O5,de-protonated,0,-9999,C11 H14 O5,11,14,5,-9999,-9999,-9999,-9999,-9999
268,225.113169,225.113219664,225.113232606,8328271,-9999,1299366.1,15.91,-1,-0.057492587,0.99940042,0,0.599640252,4,0.333333333,1.5,O4,de-protonated,0,-9999,C12 H18 O4,12,18,4,-9999,-9999,-9999,-9999,-9999
269,227.092447,227.092498586,227.092497161,10991471,-9999,1269013.2,21.61,-1,0.006273686,0.999992858,0,0.599995715,4,0.454545455,1.454545455,O5,de-protonated,0,-9999,C11 H16 O5,11,16,5,-9999,-9999,-9999,-9999,-9999
270,227.128831,227.128882603,227.128882671,24393598,-9999,1164904.3,50.45,-1,-2.98031e-4,0.999999984,0,0.59999999,3,0.333333333,1.666666667,O4,de-protonated,0,-9999,C12 H20 O4,12,20,4,-9999,-9999,-9999,-9999,-9999
271,229.071704,229.071756508,229.071761716,12720691,-9999,1274369.9,25.33,-1,-0.022736341,0.999906206,0,0.599943724,4,0.6,1.4,O6,de-protonated,0,-9999,C10 H14 O6,10,14,6,-9999,-9999,-9999,-9999,-9999
272,229.1081,229.108152525,229.108147226,14023231,-9999,1146786.9,28.13,-1,0.023130358,0.999902927,0,0.599941756,3,0.454545455,1.636363636,O5,de-protonated,0,-9999,C11 H18 O5,11,18,5,-9999,-9999,-9999,-9999,-9999
273,229.144484,229.144536542,229.144532735,20691532,-9999,1163838.1,42.48,-1,0.016613772,0.999949918,0,0.599969951,2,0.333333333,1.833333333,O4,de-protonated,0,-9999,C12 H22 O4,12,22,4,-9999,-9999,-9999,-9999,-9999
274,231.07931,231.079363443,231.079169572,6605990.5,-9999,1291873.1,12.17,-1,0.838981436,0.880099871,0,0.528059922,3,0.4,1.7,P1 O4,de-protonated,0,-9999,C10 H17 O4 P1,10,17,4,-9999,1,-9999,-9999,-9999
275,231.087365,231.087418447,231.087411781,17726634,-9999,1252113.4,36.1,-1,0.028847943,0.999849009,0,0.599909405,3,0.6,1.6,O6,de-protonated,0,-9999,C10 H16 O6,10,16,6,-9999,-9999,-9999,-9999,-9999
276,231.123749,231.123802464,231.12379729,10525876,-9999,1285101.8,20.61,-1,0.022386263,0.999909072,0,0.599945443,2,0.454545455,1.818181818,O5,de-protonated,0,-9999,C11 H20 O5,11,20,5,-9999,-9999,-9999,-9999,-9999
277,233.058546,233.058600366,233.058434127,7065279,-9999,1302619.2,13.14,-1,0.713289625,0.91181529,0,0.547089174,3,0.555555556,1.666666667,P1 O5,de-protonated,0,-9999,C9 H15 O5 P1,9,15,5,-9999,1,-9999,-9999,-9999
278,233.154648,233.15470241,233.154703496,23854808,-9999,1125205.3,49.2,-1,-0.004655888,0.999996067,0,0.59999764,5,0.133333333,1.466666667,O2,de-protonated,0,-9999,C15 H22 O2,15,22,2,-9999,-9999,-9999,-9999,-9999
279,235.024764,235.024819282,235.024811523,10698888,-9999,1309710.5,20.94,-1,0.033012249,0.999802275,0,0.599881365,8,0.545454545,0.727272727,O6,de-protonated,0,-9999,C11 H8 O6,11,8,6,-9999,-9999,-9999,-9999,-9999
280,235.061147,235.061202299,235.061197032,8048784,-9999,1272032,15.25,-1,0.022403947,0.999908928,0,0.599945357,7,0.416666667,1,O5,de-protonated,0,-9999,C12 H12 O5,12,12,5,-9999,-9999,-9999,-9999,-9999
281,235.074205,235.074260305,235.074084192,18595986,-9999,1188329,37.9,-1,0.749180043,0.903172388,0,0.541903433,2,0.555555556,1.888888889,P1 O5,de-protonated,0,-9999,C9 H17 O5 P1,9,17,5,-9999,1,-9999,-9999,-9999
282,235.146979,235.147034339,235.146855211,12353698,-9999,1159186,24.49,-1,0.761770844,0.900060107,0,0.540036064,0,0.272727273,2.272727273,P1 O3,de-protonated,0,-9999,C11 H25 O3 P1,11,25,3,-9999,1,-9999,-9999,-9999
284,237.040416,237.040472221,237.040461587,8643092,-9999,1279729,16.49,-1,0.04485877,0.999634936,0,0.599780961,7,0.545454545,0.909090909,O6,de-protonated,0,-9999,C11 H10 O6,11,10,6,-9999,-9999,-9999,-9999,-9999
285,237.053471,237.053527227,237.053348747,9241110,-9999,1303486.3,17.77,-1,0.752910081,0.902254662,0,0.541352797,2,0.75,1.875,P1 O6,de-protonated,0,-9999,C8 H15 O6 P1,8,15,6,-9999,1,-9999,-9999,-9999
286,237.076794,237.076850238,237.076847097,7442970,-9999,1253316.8,13.92,-1,0.013248625,0.999968152,0,0.599980891,6,0.416666667,1.166666667,O5,de-protonated,0,-9999,C12 H14 O5,12,14,5,-9999,-9999,-9999,-9999,-9999
287,237.089858,237.089914244,237.089734256,23298588,-9999,1192006.5,47.91,-1,0.75915332,0.900710507,0,0.540426304,1,0.555555556,2.111111111,P1 O5,de-protonated,0,-9999,C9 H19 O5 P1,9,19,5,-9999,1,-9999,-9999,-9999
288,239.019669,239.019726143,239.019726143,9282390,-9999,1194326.5,17.86,-1,1.594e-6,1,0,0.6,7,0.7,0.8,O7,de-protonated,0,-9999,C10 H8 O7,10,8,7,-9999,-9999,-9999,-9999,-9999
289,239.056058,239.05611516,239.056111652,10486619,-9999,1225907.2,20.44,-1,0.014674316,0.999960928,0,0.599976557,6,0.545454545,1.090909091,O6,de-protonated,0,-9999,C11 H12 O6,11,12,6,-9999,-9999,-9999,-9999,-9999
291,239.092445,239.092502177,239.092497161,11248480,-9999,1187103.4,22.08,-1,0.020977605,0.999920155,0,0.599952093,5,0.416666667,1.333333333,O5,de-protonated,0,-9999,C12 H16 O5,12,16,5,-9999,-9999,-9999,-9999,-9999
292,239.128826,239.128883194,239.128882671,36045668,-9999,1129031.3,75.24,-1,0.002187891,0.999999131,0,0.599999479,4,0.307692308,1.538461538,O4,de-protonated,0,-9999,C13 H20 O4,13,20,4,-9999,-9999,-9999,-9999,-9999
293,241.071707,241.071765099,241.071761716,12977252,-9999,1155182.7,25.74,-1,0.014031629,0.999964276,0,0.599978565,5,0.545454545,1.272727273,O6,de-protonated,0,-9999,C11 H14 O6,11,14,6,-9999,-9999,-9999,-9999,-9999
294,241.136406,241.136464129,241.136290527,776897664,-9999,1096937.7,1660.56,-1,0.719935448,0.909340284,0.994003764,0.943205676,3,0.153846154,1.769230769,P1 O2,de-protonated,0,-9999,C13 H23 O2 P1,13,23,2,-9999,1,-9999,-9999,-9999
295,242.139764,242.139822597,242.139645362,103318744,-9999,1107733.6,219.07,-1,0.731953515,0.908381172,0.994003764,0.942630209,3,0.153846154,1.769230769,13C1 P1 O2,de-protonated,1,294,C12 H23 O2 P1 13C1,12,23,2,-9999,1,-9999,1,-9999
295,242.139764,242.139822597,242.139781707,103318744,-9999,1107733.6,219.07,-1,0.168866695,0.995147513,0.958528047,0.980499726,3,0.333333333,1.75,N1 O4,de-protonated,0,-9999,C12 H21 O4 N1,12,21,4,1,-9999,-9999,-9999,-9999
296,242.176098,242.176156613,242.176167217,15656157,-9999,1113290.7,31.47,-1,-0.043782496,0.99965224,0,0.599791344,2,0.230769231,1.923076923,N1 O3,de-protonated,0,-9999,C13 H25 O3 N1,13,25,3,1,-9999,-9999,-9999,-9999
297,243.087354,243.087413038,243.087411781,15369525,-9999,1132338.3,30.85,-1,0.005172103,0.999995146,0,0.599997088,4,0.545454545,1.454545455,O6,de-protonated,0,-9999,C11 H16 O6,11,16,6,-9999,-9999,-9999,-9999,-9999
298,243.12374,243.123799055,243.12379729,39814456,-9999,1125498.6,83.17,-1,0.007259165,0.999990439,0,0.599994263,3,0.416666667,1.666666667,O5,de-protonated,0,-9999,C12 H20 O5,12,20,5,-9999,-9999,-9999,-9999,-9999
300,243.143116,243.143175064,243.143000197,8185145.5,-9999,1168020.3,15.48,-1,0.719195547,0.909398912,0.994003764,0.943240853,3,0.153846154,1.769230769,13C2 P1 O2,de-protonated,1,294,C11 H23 O2 P1 13C2,11,23,2,-9999,1,-9999,2,-9999
300,243.143116,243.143175064,243.143136542,8185145.5,-9999,1168020.3,15.48,-1,0.158432369,0.995455846,0.958528047,0.980684726,3,0.333333333,1.75,13C1 N1 O4,de-protonated,1,295,C11 H21 O4 N1 13C1,11,21,4,1,-9999,-9999,1,-9999
301,243.160125,243.160184072,243.160182799,26330428,-9999,1160345.9,54.31,-1,0.005233084,0.999995031,0,0.599997019,2,0.307692308,1.846153846,O4,de-protonated,0,-9999,C13 H24 O4,13,24,4,-9999,-9999,-9999,-9999,-9999
303,245.066628,245.06668796,245.066676336,8873424,-9999,1299595.6,16.92,-1,0.047433297,0.999591839,0,0.599755103,4,0.7,1.4,O7,de-protonated,0,-9999,C10 H14 O7,10,14,7,-9999,-9999,-9999,-9999,-9999
304,245.103002,245.103061977,245.103061845,21792210,-9999,1127218.7,44.51,-1,5.38212e-4,0.999999947,0,0.599999968,3,0.545454545,1.636363636,O6,de-protonated,0,-9999,C11 H18 O6,11,18,6,-9999,-9999,-9999,-9999,-9999
305,245.13939,245.139449994,245.139447355,12846548,-9999,1162937.5,25.41,-1,0.010767426,0.999978964,0,0.599987378,2,0.416666667,1.833333333,O5,de-protonated,0,-9999,C12 H22 O5,12,22,5,-9999,-9999,-9999,-9999,-9999
306,247.024765,247.024825873,247.024811523,7620158,-9999,1240391.1,14.24,-1,0.05808963,0.999387906,0,0.599632744,9,0.5,0.666666667,O6,de-protonated,0,-9999,C12 H8 O6,12,8,6,-9999,-9999,-9999,-9999,-9999
307,247.074214,247.074274896,247.074084192,11847232,-9999,1146165.4,23.27,-1,0.771848246,0.89753963,0,0.538523778,3,0.5,1.7,P1 O5,de-protonated,0,-9999,C10 H17 O5 P1,10,17,5,-9999,1,-9999,-9999,-9999
308,247.110587,247.110647913,247.110469701,64718404,-9999,1106226.8,136.2,-1,0.721180673,0.91693463,0.966686584,0.936835412,2,0.363636364,1.909090909,P1 O4,de-protonated,0,-9999,C11 H21 O4 P1,11,21,4,-9999,1,-9999,-9999,-9999
309,247.118664,247.118724916,247.11871191,10028610,-9999,1148439.3,19.39,-1,0.052632874,0.999497474,0,0.599698484,2,0.545454545,1.818181818,O6,de-protonated,0,-9999,C11 H20 O6,11,20,6,-9999,-9999,-9999,-9999,-9999
310,248.113927,248.11398838,248.113824536,10503787,-9999,1191013.8,20.4,-1,0.660356948,0.923924829,0.966686584,0.941029531,2,0.363636364,1.909090909,13C1 P1 O4,de-protonated,1,308,C10 H21 O4 P1 13C1,10,21,4,-9999,1,-9999,1,-9999
310,248.113927,248.11398838,248.113960882,10503787,-9999,1191013.8,20.4,-1,0.110828378,0.99777376,0,0.598664256,2,0.6,1.9,N1 O6,de-protonated,0,-9999,C10 H19 O6 N1,10,19,6,1,-9999,-9999,-9999,-9999
311,249.004012,249.004073795,249.004076078,13772424,-9999,1063517.9,27.38,-1,-0.009170073,0.999984742,0,0.599990845,9,0.636363636,0.545454545,O7,de-protonated,0,-9999,C11 H6 O7,11,6,7,-9999,-9999,-9999,-9999,-9999
311,249.004012,249.004073795,249.003913887,13772424,-9999,1063517.9,27.38,-1,0.642190486,0.927900286,0,0.556740172,4,0.166666667,1.833333333,N4 S2 P1 O1,de-protonated,0,-9999,C6 H11 O1 N4 P1 S2,6,11,1,4,1,2,-9999,-9999
312,249.040406,249.040467812,249.040461587,8099465,-9999,1017355.9,15.27,-1,0.024992809,0.999886666,0,0.599932,8,0.5,0.833333333,O6,de-protonated,0,-9999,C12 H10 O6,12,10,6,-9999,-9999,-9999,-9999,-9999
313,249.053473,249.053534818,249.053348747,8193673,-9999,1227970.1,15.47,-1,0.747111973,0.903679645,0,0.542207787,3,0.666666667,1.666666667,P1 O6,de-protonated,0,-9999,C9 H15 O6 P1,9,15,6,-9999,1,-9999,-9999,-9999
314,249.089852,249.089913835,249.089734256,18466442,-9999,1175553.6,37.41,-1,0.720938334,0.910002136,0,0.546001282,2,0.5,1.9,P1 O5,de-protonated,0,-9999,C10 H19 O5 P1,10,19,5,-9999,1,-9999,-9999,-9999
316,249.126239,249.12630085200001,249.126119766,12600971,-9999,1113056,24.88,-1,0.726884604,0.908581715,0,0.545149029,1,0.363636364,2.090909091,P1 O4,de-protonated,0,-9999,C11 H23 O4 P1,11,23,4,-9999,1,-9999,-9999,-9999
317,249.149564,249.149625862,249.149618115,16844428,-9999,1153950.7,33.94,-1,0.03109388,0.999824585,0,0.599894751,5,0.2,1.466666667,O3,de-protonated,0,-9999,C15 H22 O3,15,22,3,-9999,-9999,-9999,-9999,-9999
319,251.019664,251.019726734,251.019726143,13936305,-9999,1111482.6,27.68,-1,0.002355435,0.999998993,0,0.599999396,8,0.636363636,0.727272727,O7,de-protonated,0,-9999,C11 H8 O7,11,8,7,-9999,-9999,-9999,-9999,-9999
319,251.019664,251.019726734,251.019563951,13936305,-9999,1111482.6,27.68,-1,0.648485672,0.92653331,0,0.555919986,3,0.166666667,2.166666667,N4 S2 P1 O1,de-protonated,0,-9999,C6 H13 O1 N4 P1 S2,6,13,1,4,1,2,-9999,-9999
320,251.056046,251.056108751,251.056111652,12576433,-9999,1144011.8,24.78,-1,-0.011555738,0.999975771,0,0.599985462,7,0.5,1,O6,de-protonated,0,-9999,C12 H12 O6,12,12,6,-9999,-9999,-9999,-9999,-9999
321,251.069113,251.069175757,251.068998811,18056882,-9999,1101611.8,36.46,-1,0.704767932,0.913816795,0,0.548290077,2,0.666666667,1.888888889,P1 O6,de-protonated,0,-9999,C9 H17 O6 P1,9,17,6,-9999,1,-9999,-9999,-9999
322,251.092438,251.092500768,251.092497161,7354034,-9999,1174363.8,13.65,-1,0.014363099,0.999962568,0,0.599977541,6,0.384615385,1.230769231,O5,de-protonated,0,-9999,C13 H16 O5,13,16,5,-9999,-9999,-9999,-9999,-9999
323,251.105502,251.105564774,251.105384321,23365298,-9999,1075440.2,47.78,-1,0.718634463,0.910549932,0,0.546329959,1,0.5,2.1,P1 O5,de-protonated,0,-9999,C10 H21 O5 P1,10,21,5,-9999,1,-9999,-9999,-9999
324,251.128818,251.128880785,251.128882671,7734962.5,-9999,1245160.6,14.46,-1,-0.007509824,0.999989767,0,0.59999386,5,0.285714286,1.428571429,O4,de-protonated,0,-9999,C14 H20 O4,14,20,4,-9999,-9999,-9999,-9999,-9999
325,251.141886,251.141948791,251.14176983,11159219,-9999,1023085,21.76,-1,0.712587893,0.91198085,0,0.54718851,0,0.363636364,2.272727273,P1 O4,de-protonated,0,-9999,C11 H25 O4 P1,11,25,4,-9999,1,-9999,-9999,-9999
326,252.978553,252.978616646,252.978730709,8160958,-9999,1229691,15.37,-1,-0.450879801,0.963784869,0,0.578270921,12,0.071428571,0.428571429,S2 O1,de-protonated,0,-9999,C14 H6 O1 S2,14,6,1,-9999,-9999,2,-9999,-9999
327,252.998922,252.998985656,252.998990698,7579326,-9999,1243733.3,14.13,-1,-0.019927746,0.999927947,0,0.599956768,8,0.8,0.6,O8,de-protonated,0,-9999,C10 H6 O8,10,6,8,-9999,-9999,-9999,-9999,-9999
327,252.998922,252.998985656,252.998828506,7579326,-9999,1243733.3,14.13,-1,0.62114766,0.932386982,0,0.559432189,3,0.4,2.2,N4 S2 P1 O2,de-protonated,0,-9999,C5 H11 O2 N4 P1 S2,5,11,2,4,1,2,-9999,-9999
328,253.071703,253.07176669,253.071761716,8693438,-9999,1164741.5,16.5,-1,0.019652566,0.999929923,0,0.599957954,6,0.5,1.166666667,O6,de-protonated,0,-9999,C12 H14 O6,12,14,6,-9999,-9999,-9999,-9999,-9999
329,253.084757,253.084820696,253.084648876,10323646,-9999,1029443.7,19.98,-1,0.678903372,0.919770151,0,0.551862091,1,0.666666667,2.111111111,P1 O6,de-protonated,0,-9999,C9 H19 O6 P1,9,19,6,-9999,1,-9999,-9999,-9999
330,253.108084,253.108147707,253.108147226,7759550,-9999,1055555,14.51,-1,0.001900807,0.999999344,0,0.599999607,5,0.384615385,1.384615385,O5,de-protonated,0,-9999,C13 H18 O5,13,18,5,-9999,-9999,-9999,-9999,-9999
331,253.144473,253.144536724,253.144532735,27674302,-9999,1093486.6,56.96,-1,0.015756665,0.999954952,0,0.599972971,4,0.285714286,1.571428571,O4,de-protonated,0,-9999,C14 H22 O4,14,22,4,-9999,-9999,-9999,-9999,-9999
332,254.080014,254.08007816,254.079897848,7399099.5,-9999,1188516.7,13.74,-1,0.709664637,0.912669101,0,0.547601461,1,0.75,2.25,N1 P1 O6,de-protonated,0,-9999,C8 H18 O6 N1 P1,8,18,6,1,1,-9999,-9999,-9999
333,255.050976,255.051040612,255.051026271,9594548,-9999,1106348,18.42,-1,0.056226225,0.999426535,0,0.599655921,6,0.636363636,1.090909091,O7,de-protonated,0,-9999,C11 H12 O7,11,12,7,-9999,-9999,-9999,-9999,-9999
334,255.087349,255.087413629,255.087411781,12412596,-9999,1109837,24.43,-1,0.007245174,0.999990475,0,0.599994285,5,0.5,1.333333333,O6,de-protonated,0,-9999,C12 H16 O6,12,16,6,-9999,-9999,-9999,-9999,-9999
335,255.123721,255.123785646,255.12379729,14886580,-9999,1129339.7,29.64,-1,-0.045641572,0.999622086,0,0.599773252,4,0.384615385,1.538461538,O5,de-protonated,0,-9999,C13 H20 O5,13,20,5,-9999,-9999,-9999,-9999,-9999
336,255.160128,255.160192663,255.160182799,9701043,-9999,1220815.7,18.61,-1,0.038655565,0.99972890700000006,0,0.599837344,3,0.285714286,1.714285714,O4,de-protonated,0,-9999,C14 H24 O4,14,24,4,-9999,-9999,-9999,-9999,-9999
337,257.066614,257.066679551,257.066676336,9774746,-9999,1124986.3,18.77,-1,0.012507245,0.999971616,0,0.59998297,5,0.636363636,1.272727273,O7,de-protonated,0,-9999,C11 H14 O7,11,14,7,-9999,-9999,-9999,-9999,-9999
338,257.094928,257.094993564,257.094819637,6973081.5,-9999,1160612.5,12.81,-1,0.67651121,0.920311433,0,0.55218686,4,0.333333333,1.583333333,P1 O4,de-protonated,0,-9999,C12 H19 O4 P1,12,19,4,-9999,1,-9999,-9999,-9999
339,257.102996,257.103061568,257.103061845,18826906,-9999,1137842.1,38.02,-1,-0.00107818,0.999999789,0,0.599999873,4,0.5,1.5,O6,de-protonated,0,-9999,C12 H18 O6,12,18,6,-9999,-9999,-9999,-9999,-9999
340,257.131318,257.131383581,257.131205146,26592920,-9999,1077191.3,54.54,-1,0.693945847,0.916330124,0,0.549798075,3,0.230769231,1.769230769,P1 O3,de-protonated,0,-9999,C13 H23 O3 P1,13,23,3,-9999,1,-9999,-9999,-9999
341,257.139381,257.139446585,257.139447355,12912281,-9999,1058457.8,25.44,-1,-0.002992934,0.999998375,0,0.599999025,3,0.384615385,1.692307692,O5,de-protonated,0,-9999,C13 H22 O5,13,22,5,-9999,-9999,-9999,-9999,-9999
342,257.175769,257.175834602,257.175832864,17860248,-9999,1112090.6,35.97,-1,0.00675803,0.999991713,0,0.599995028,2,0.285714286,1.857142857,O4,de-protonated,0,-9999,C14 H26 O4,14,26,4,-9999,-9999,-9999,-9999,-9999
343,258.004324,258.004389988,258.004410431,7472777.5,-9999,1169881.9,13.87,-1,-0.07923395,0.99886151,0,0.599316906,11,0.5,0.416666667,N1 O6,de-protonated,0,-9999,C12 H5 O6 N1,12,5,6,1,-9999,-9999,-9999,-9999
344,259.024746,259.024812463,259.024811523,12346998,-9999,1084466.8,24.24,-1,0.003630745,0.999997608,0,0.599998565,10,0.461538462,0.615384615,O6,de-protonated,0,-9999,C13 H8 O6,13,8,6,-9999,-9999,-9999,-9999,-9999
345,259.074193,259.074259486,259.074084192,8570485,-9999,1186899.7,16.21,-1,0.676619474,0.920286971,0,0.552172182,4,0.454545455,1.545454545,P1 O5,de-protonated,0,-9999,C11 H17 O5 P1,11,17,5,-9999,1,-9999,-9999,-9999
346,259.082259,259.08232549,259.0823264,14165620,-9999,1126895.6,28.11,-1,-0.00351302,0.999997761,0,0.599998656,4,0.636363636,1.454545455,O7,de-protonated,0,-9999,C11 H16 O7,11,16,7,-9999,-9999,-9999,-9999,-9999
347,259.110582,259.110648503,259.110469701,21481076,-9999,1054825.1,43.67,-1,0.690061559,0.917224392,0,0.550334635,3,0.333333333,1.75,P1 O4,de-protonated,0,-9999,C12 H21 O4 P1,12,21,4,-9999,1,-9999,-9999,-9999
348,259.118647,259.118713507,259.11871191,24561268,-9999,1044963.9,50.22,-1,0.006164904,0.999993104,0,0.599995862,3,0.5,1.666666667,O6,de-protonated,0,-9999,C12 H20 O6,12,20,6,-9999,-9999,-9999,-9999,-9999
350,261.004004,261.004071386,261.004076078,7202379.5,-9999,1070519.4,13.27,-1,-0.017978674,0.999941352,0,0.599964811,10,0.583333333,0.5,O7,de-protonated,0,-9999,C12 H6 O7,12,6,7,-9999,-9999,-9999,-9999,-9999
350,261.004004,261.004071386,261.003913887,7202379.5,-9999,1070519.4,13.27,-1,0.603434716,0.936063898,0,0.561638339,5,0.142857143,1.571428571,N4 S2 P1 O1,de-protonated,0,-9999,C7 H11 O1 N4 P1 S2,7,11,1,4,1,2,-9999,-9999
351,261.089846,261.089913426,261.089734256,24069706,-9999,1076834.9,49.07,-1,0.686236162,0.918101041,0,0.550860625,3,0.454545455,1.727272727,P1 O5,de-protonated,0,-9999,C11 H19 O5 P1,11,19,5,-9999,1,-9999,-9999,-9999
352,261.097918,261.097985429,261.097976465,11634250,-9999,1099870.1,22.67,-1,0.034333808,0.999786129,0,0.599871678,3,0.636363636,1.636363636,O7,de-protonated,0,-9999,C11 H18 O7,11,18,7,-9999,-9999,-9999,-9999,-9999
354,261.126225,261.126292442,261.126119766,16647753,-9999,1018949.7,33.31,-1,0.661277457,0.923720899,0,0.554232539,2,0.333333333,1.916666667,P1 O4,de-protonated,0,-9999,C12 H23 O4 P1,12,23,4,-9999,1,-9999,-9999,-9999
355,261.134299,261.134366446,261.134361974,21366344,-9999,1051961.3,43.33,-1,0.017125621,0.999946785,0,0.599968071,2,0.5,1.833333333,O6,de-protonated,0,-9999,C12 H22 O6,12,22,6,-9999,-9999,-9999,-9999,-9999
356,261.162614,261.162681459,261.162505275,7206472.5,-9999,1067283.3,13.27,-1,0.67461606,0.920739124,0,0.552443474,1,0.230769231,2.076923077,P1 O3,de-protonated,0,-9999,C13 H27 O3 P1,13,27,3,-9999,1,-9999,-9999,-9999
358,262.975936,262.976004304,262.975967805,8721954,-9999,1018574.5,16.49,-1,0.138794961,0.996510667,0,0.5979064,9,0.083333333,0.75,S2 P1 O1,de-protonated,0,-9999,C12 H9 O1 P1 S2,12,9,1,-9999,1,2,-9999,-9999
359,263.019659,263.019727325,263.019726143,9160225,-9999,1203374,17.42,-1,0.004494492,0.999996335,0,0.599997801,9,0.583333333,0.666666667,O7,de-protonated,0,-9999,C12 H8 O7,12,8,7,-9999,-9999,-9999,-9999,-9999
359,263.019659,263.019727325,263.019563951,9160225,-9999,1203374,17.42,-1,0.621145696,0.932387395,0,0.559432437,4,0.142857143,1.857142857,N4 S2 P1 O1,de-protonated,0,-9999,C7 H13 O1 N4 P1 S2,7,13,1,4,1,2,-9999,-9999
360,263.056025,263.056093342,263.056111652,6981152.5,-9999,970242.9,12.8,-1,-0.069605935,0.99912127,0,0.599472762,8,0.461538462,0.923076923,O6,de-protonated,0,-9999,C13 H12 O6,13,12,6,-9999,-9999,-9999,-9999,-9999
361,263.069102,263.069170348,263.068998811,14378528,-9999,1056977.4,28.5,-1,0.652058041,0.925752558,0,0.555451535,3,0.6,1.7,P1 O6,de-protonated,0,-9999,C10 H17 O6 P1,10,17,6,-9999,1,-9999,-9999,-9999
363,263.1055,263.105568365,263.105384321,35653152,-9999,1049928.6,73.65,-1,0.699506263,0.915042765,0,0.549025659,2,0.454545455,1.909090909,P1 O5,de-protonated,0,-9999,C11 H21 O5 P1,11,21,5,-9999,1,-9999,-9999,-9999
364,263.141884,263.141952382,263.14176983,8939039,-9999,965440.2,16.95,-1,0.693738078,0.916378063,0,0.549826838,1,0.333333333,2.083333333,P1 O4,de-protonated,0,-9999,C12 H25 O4 P1,12,25,4,-9999,1,-9999,-9999,-9999
365,263.178266,263.178334399,263.178155339,17483294,-9999,1092375.4,35.09,-1,0.68037207,0.919437036,0,0.551662222,0,0.230769231,2.230769231,P1 O3,de-protonated,0,-9999,C13 H29 O3 P1,13,29,3,-9999,1,-9999,-9999,-9999
367,265.035321,265.035390264,265.035376207,8726012,-9999,1067278,16.5,-1,0.053037414,0.999489721,0,0.599693833,8,0.583333333,0.833333333,O7,de-protonated,0,-9999,C12 H10 O7,12,10,7,-9999,-9999,-9999,-9999,-9999
367,265.035321,265.035390264,265.035214016,8726012,-9999,1067278,16.5,-1,0.664998881,0.922894017,0,0.55373641,3,0.142857143,2.142857143,N4 S2 P1 O1,de-protonated,0,-9999,C7 H15 O1 N4 P1 S2,7,15,1,4,1,2,-9999,-9999
368,265.08476,265.084829287,265.084648876,17270268,-9999,1045568.7,34.63,-1,0.68057847,0.919390174,0,0.551634105,2,0.6,1.9,P1 O6,de-protonated,0,-9999,C10 H19 O6 P1,10,19,6,-9999,1,-9999,-9999,-9999
370,265.121146,265.121215304,265.121034385,21399036,-9999,1055904.8,43.4,-1,0.682399674,0.918976172,0,0.551385703,1,0.454545455,2.090909091,P1 O5,de-protonated,0,-9999,C11 H23 O5 P1,11,23,5,-9999,1,-9999,-9999,-9999
371,265.147839,265.147908316,265.147904038,10855931,-9999,1042011.8,21.02,-1,0.016133802,0.99995277,0,0.599971662,0,0.333333333,2.166666667,S1 O4,de-protonated,0,-9999,C12 H26 O4 S1,12,26,4,-9999,-9999,1,-9999,-9999
373,267.014574,267.014644186,267.014640762,7628260,-9999,1210470.3,14.14,-1,0.012822624,0.999970167,0,0.5999821,8,0.727272727,0.727272727,O8,de-protonated,0,-9999,C11 H8 O8,11,8,8,-9999,-9999,-9999,-9999,-9999
373,267.014574,267.014644186,267.014478571,7628260,-9999,1210470.3,14.14,-1,0.620247858,0.932575978,0,0.559545587,3,0.333333333,2.166666667,N4 S2 P1 O2,de-protonated,0,-9999,C6 H13 O2 N4 P1 S2,6,13,2,4,1,2,-9999,-9999
374,267.050971,267.051041203,267.051026271,10053091,-9999,983409.9,19.27,-1,0.055912296,0.999432919,0,0.599659751,7,0.583333333,1,O7,de-protonated,0,-9999,C12 H12 O7,12,12,7,-9999,-9999,-9999,-9999,-9999
374,267.050971,267.051041203,267.05086408,10053091,-9999,983409.9,19.27,-1,0.663254794,0.92328203,0,0.553969218,2,0.142857143,2.428571429,N4 S2 P1 O1,de-protonated,0,-9999,C7 H17 O1 N4 P1 S2,7,17,1,4,1,2,-9999,-9999
376,267.087346,267.08741622,267.087411781,10790371,-9999,1037540.7,20.83,-1,0.016620152,0.99994988,0,0.599969928,6,0.461538462,1.230769231,O6,de-protonated,0,-9999,C13 H16 O6,13,16,6,-9999,-9999,-9999,-9999,-9999
377,267.100409,267.100479226,267.10029894,8127971,-9999,1139548.3,15.2,-1,0.674973222,0.920658597,0,0.552395158,1,0.6,2.1,P1 O6,de-protonated,0,-9999,C10 H21 O6 P1,10,21,6,-9999,1,-9999,-9999,-9999
379,267.123727,267.123797237,267.12379729,20415970,-9999,1019021.7,41.22,-1,-1.99782e-4,0.999999993,0,0.599999996,5,0.357142857,1.428571429,O5,de-protonated,0,-9999,C14 H20 O5,14,20,5,-9999,-9999,-9999,-9999,-9999
382,269.066602,269.066673142,269.066676336,10626524,-9999,1041914.8,20.49,-1,-0.011870395,0.999974433,0,0.59998466,6,0.583333333,1.166666667,O7,de-protonated,0,-9999,C12 H14 O7,12,14,7,-9999,-9999,-9999,-9999,-9999
383,269.103005,269.103076159,269.103061845,10462684,-9999,1084647.3,20.14,-1,0.053190337,0.999486775,0,0.599692065,5,0.461538462,1.384615385,O6,de-protonated,0,-9999,C13 H18 O6,13,18,6,-9999,-9999,-9999,-9999,-9999
384,269.131137,269.131208172,269.131205146,9766364,-9999,1126434,18.67,-1,0.011243325,0.999977063,0,0.599986238,4,0.214285714,1.642857143,P1 O3,de-protonated,0,-9999,C14 H23 O3 P1,14,23,3,-9999,1,-9999,-9999,-9999
385,269.139376,269.139447176,269.139447355,20432348,-9999,1035316.9,41.25,-1,-6.64049e-4,0.99999992,0,0.599999952,4,0.357142857,1.571428571,O5,de-protonated,0,-9999,C14 H22 O5,14,22,5,-9999,-9999,-9999,-9999,-9999
386,269.175763,269.175834193,269.175832864,9627100,-9999,1002409.6,18.37,-1,0.004936851,0.999995578,0,0.599997347,3,0.266666667,1.733333333,O4,de-protonated,0,-9999,C15 H26 O4,15,26,4,-9999,-9999,-9999,-9999,-9999
387,271.082253,271.082325081,271.0823264,15484395,-9999,1080921.3,30.77,-1,-0.004866722,0.999995702,0,0.599997421,5,0.583333333,1.333333333,O7,de-protonated,0,-9999,C12 H16 O7,12,16,7,-9999,-9999,-9999,-9999,-9999
388,271.118641,271.118713098,271.11871191,20104684,-9999,1012297.9,40.56,-1,0.004383029,0.999996514,0,0.599997909,4,0.461538462,1.538461538,O6,de-protonated,0,-9999,C13 H20 O6,13,20,6,-9999,-9999,-9999,-9999,-9999
389,271.155022,271.155094115,271.155097419,11937260,-9999,1048896.6,23.26,-1,-0.012185199,0.999973059,0,0.599983835,3,0.357142857,1.714285714,O5,de-protonated,0,-9999,C14 H24 O5,14,24,5,-9999,-9999,-9999,-9999,-9999
390,271.191423,271.191495132,271.191482928,9037293,-9999,1078032.3,17.12,-1,0.044999683,0.999632639,0,0.599779583,2,0.266666667,1.866666667,O4,de-protonated,0,-9999,C15 H28 O4,15,28,4,-9999,-9999,-9999,-9999,-9999
391,273.053454,273.053526999,273.053348747,6718998.5,-9999,1076674.7,12.18,-1,0.652811967,0.925587322,0,0.55535239300000006,5,0.545454545,1.363636364,P1 O6,de-protonated,0,-9999,C11 H15 O6 P1,11,15,6,-9999,1,-9999,-9999,-9999
392,273.089844,273.089917016,273.089734256,9602583,-9999,1061548.7,18.27,-1,0.669230935,0.921948945,0,0.553169367,4,0.416666667,1.583333333,P1 O5,de-protonated,0,-9999,C12 H19 O5 P1,12,19,5,-9999,1,-9999,-9999,-9999
393,273.0979,273.09797302,273.097976465,19007000,-9999,1009646.5,38.12,-1,-0.012613197,0.999971133,0,0.59998268,4,0.583333333,1.5,O7,de-protonated,0,-9999,C12 H18 O7,12,18,7,-9999,-9999,-9999,-9999,-9999
394,273.126225,273.126298033,273.126119766,12019224,-9999,1103129.1,23.37,-1,0.652693702,0.925613252,0,0.555367951,3,0.307692308,1.769230769,P1 O4,de-protonated,0,-9999,C13 H23 O4 P1,13,23,4,-9999,1,-9999,-9999,-9999
395,273.134283,273.134356037,273.134361974,24282648,-9999,998901.8,49.26,-1,-0.021736692,0.999914272,0,0.599948563,3,0.461538462,1.692307692,O6,de-protonated,0,-9999,C13 H22 O6,13,22,6,-9999,-9999,-9999,-9999,-9999
396,273.170684,273.170757054,273.170747484,10290714,-9999,1161331.7,19.72,-1,0.035035128,0.999777304,0,0.599866382,2,0.357142857,1.857142857,O5,de-protonated,0,-9999,C14 H26 O5,14,26,5,-9999,-9999,-9999,-9999,-9999
397,274.093174,274.093247484,274.093225437,6993466,-9999,1041389.9,12.76,-1,0.080435648,0.998826735,0,0.599296041,4,0.636363636,1.545454545,N1 O7,de-protonated,0,-9999,C11 H17 O7 N1,11,17,7,1,-9999,-9999,-9999,-9999
398,275.019643,275.019716916,275.019726143,7956066,-9999,1109243.6,14.79,-1,-0.033550268,0.999795779,0,0.599877467,10,0.538461538,0.615384615,O7,de-protonated,0,-9999,C13 H8 O7,13,8,7,-9999,-9999,-9999,-9999,-9999
398,275.019643,275.019716916,275.019563951,7956066,-9999,1109243.6,14.79,-1,0.556194412,0.945414754,0,0.567248852,5,0.125,1.625,N4 S2 P1 O1,de-protonated,0,-9999,C8 H13 O1 N4 P1 S2,8,13,1,4,1,2,-9999,-9999
400,275.069116,275.069189939,275.068998811,8701540,-9999,1057121.4,16.36,-1,0.694833461,0.91612519,0,0.549675114,4,0.545454545,1.545454545,P1 O6,de-protonated,0,-9999,C11 H17 O6 P1,11,17,6,-9999,1,-9999,-9999,-9999
401,275.077167,275.077240942,275.07724102,8177252.5,-9999,1210808.9,15.26,-1,-2.82083e-4,0.999999986,0,0.599999991,4,0.727272727,1.454545455,O8,de-protonated,0,-9999,C11 H16 O8,11,16,8,-9999,-9999,-9999,-9999,-9999
402,275.105491,275.105564956,275.105384321,42141288,-9999,1021079.6,86.97,-1,0.656601986,0.924754227,0,0.554852536,3,0.416666667,1.75,P1 O5,de-protonated,0,-9999,C12 H21 O5 P1,12,21,5,-9999,1,-9999,-9999,-9999
403,275.113562,275.113635959,275.113626529,13723239,-9999,983103.3,26.97,-1,0.03427679,0.999786839,0,0.599872103,3,0.583333333,1.666666667,O7,de-protonated,0,-9999,C12 H20 O7,12,20,7,-9999,-9999,-9999,-9999,-9999
404,275.141873,275.141946972,275.14176983,7382632,-9999,1148072.4,13.58,-1,0.643822065,0.927547082,0,0.556528249,2,0.307692308,1.923076923,P1 O4,de-protonated,0,-9999,C13 H25 O4 P1,13,25,4,-9999,1,-9999,-9999,-9999
405,276.10884,276.108914423,276.108875501,7014044,-9999,1070940.1,12.8,-1,0.140964389,0.996400933,0,0.59784056,3,0.636363636,1.727272727,N1 O7,de-protonated,0,-9999,C11 H19 O7 N1,11,19,7,1,-9999,-9999,-9999,-9999
407,277.059597,277.059671866,277.059496756,20580056,-9999,1024891.8,41.44,-1,0.632030755,0.930082475,0,0.558049485,4,0.666666667,1.666666667,N2 P1 O6,de-protonated,0,-9999,C9 H15 O6 N2 P1,9,15,6,2,1,-9999,-9999,-9999
408,277.071719,277.071793872,277.071761716,6932185,-9999,1006043.5,12.63,-1,0.11605398,0.997559137,0,0.598535482,8,0.428571429,1,O6,de-protonated,0,-9999,C14 H14 O6,14,14,6,-9999,-9999,-9999,-9999,-9999
409,277.084756,277.084830878,277.084648876,17270490,-9999,982776.4,34.46,-1,0.656845428,0.924700577,0,0.554820346,3,0.545454545,1.727272727,P1 O6,de-protonated,0,-9999,C11 H19 O6 P1,11,19,6,-9999,1,-9999,-9999,-9999
411,277.121134,277.121208895,277.121034385,27559644,-9999,1016763.2,56.18,-1,0.629722619,0.930574091,0,0.558344455,2,0.416666667,1.916666667,P1 O5,de-protonated,0,-9999,C12 H23 O5 P1,12,23,5,-9999,1,-9999,-9999,-9999
412,277.144441,277.144515905,277.144532735,8468190,-9999,918231.5,15.87,-1,-0.060724768,0.999331132,0,0.599598679,6,0.25,1.375,O4,de-protonated,0,-9999,C16 H22 O4,16,22,4,-9999,-9999,-9999,-9999,-9999
413,277.157523,277.15759791200003,277.157419895,10118879,-9999,1082792.5,19.36,-1,0.642295586,0.927877557,0,0.556726534,1,0.307692308,2.076923077,P1 O4,de-protonated,0,-9999,C13 H27 O4 P1,13,27,4,-9999,1,-9999,-9999,-9999
414,277.193894,277.193968929,277.193805404,7161569.5,-9999,1046165.5,13.11,-1,0.589928706,0.938805437,0,0.563283262,0,0.214285714,2.214285714,P1 O3,de-protonated,0,-9999,C14 H31 O3 P1,14,31,3,-9999,1,-9999,-9999,-9999
415,278.152773,278.152848375,278.152668867,33785640,-9999,1009520.6,69.33,-1,0.64535955,0.92721355,0,0.55632813,1,0.333333333,2.166666667,N1 P1 O4,de-protonated,0,-9999,C12 H26 O4 N1 P1,12,26,4,1,1,-9999,-9999,-9999
416,279.014574,279.014649777,279.014640762,11200368,-9999,1083136.7,21.57,-1,0.032309094,0.999810608,0,0.599886365,9,0.666666667,0.666666667,O8,de-protonated,0,-9999,C12 H8 O8,12,8,8,-9999,-9999,-9999,-9999,-9999
416,279.014574,279.014649777,279.014478571,11200368,-9999,1083136.7,21.57,-1,0.613609878,0.933962931,0,0.560377759,4,0.285714286,1.857142857,N4 S2 P1 O2,de-protonated,0,-9999,C7 H13 O2 N4 P1 S2,7,13,2,4,1,2,-9999,-9999
417,279.050939,279.051014794,279.051026271,8284019.5,-9999,1046531.2,15.43,-1,-0.041131177,0.999693077,0,0.599815846,8,0.538461538,0.923076923,O7,de-protonated,0,-9999,C13 H12 O7,13,12,7,-9999,-9999,-9999,-9999,-9999
417,279.050939,279.051014794,279.05086408,8284019.5,-9999,1046531.2,15.43,-1,0.540093769,0.948447526,0,0.569068516,3,0.125,2.125,N4 S2 P1 O1,de-protonated,0,-9999,C8 H17 O1 N4 P1 S2,8,17,1,4,1,2,-9999,-9999
418,279.06404,279.0641158,279.063913431,10258293,-9999,1030684.5,19.59,-1,0.72517021,0.908992211,0,0.545395327,3,0.7,1.7,P1 O7,de-protonated,0,-9999,C10 H17 O7 P1,10,17,7,-9999,1,-9999,-9999,-9999
420,279.100401,279.100476817,279.10029894,34867064,-9999,1001800.1,71.39,-1,0.637320806,0.928949938,0,0.557369963,2,0.545454545,1.909090909,P1 O6,de-protonated,0,-9999,C11 H21 O6 P1,11,21,6,-9999,1,-9999,-9999,-9999
422,279.136795,279.136870834,279.13668445,26232700,-9999,1040274.8,53.21,-1,0.667716012,0.922287824,0,0.553372695,1,0.416666667,2.083333333,P1 O5,de-protonated,0,-9999,C12 H25 O5 P1,12,25,5,-9999,1,-9999,-9999,-9999
423,279.173193,279.173268851,279.173069959,7460734.5,-9999,992105,13.7,-1,0.712431331,0.912017769,0,0.547210662,0,0.307692308,2.230769231,P1 O4,de-protonated,0,-9999,C13 H29 O4 P1,13,29,4,-9999,1,-9999,-9999,-9999
425,281.066604,281.066680733,281.066676336,10340407,-9999,1099493.8,19.76,-1,0.015643815,0.999955595,0,0.599973357,7,0.538461538,1.076923077,O7,de-protonated,0,-9999,C13 H14 O7,13,14,7,-9999,-9999,-9999,-9999,-9999
425,281.066604,281.066680733,281.066514145,10340407,-9999,1099493.8,19.76,-1,0.592700577,0.938247196,0,0.562948317,2,0.125,2.375,N4 S2 P1 O1,de-protonated,0,-9999,C8 H19 O1 N4 P1 S2,8,19,1,4,1,2,-9999,-9999
426,281.079668,281.079744739,281.079563495,9365561,-9999,1068673.5,17.71,-1,0.644811986,0.927332413,0,0.556399448,2,0.7,1.9,P1 O7,de-protonated,0,-9999,C10 H19 O7 P1,10,19,7,-9999,1,-9999,-9999,-9999
428,281.102976,281.10305275,281.103061845,8521787,-9999,1014369.9,15.93,-1,-0.032356279,0.999810054,0,0.599886033,6,0.428571429,1.285714286,O6,de-protonated,0,-9999,C14 H18 O6,14,18,6,-9999,-9999,-9999,-9999,-9999
429,281.116056,281.116132756,281.115949005,23922748,-9999,986924.2,48.35,-1,0.653648701,0.925403747,0,0.555242248,1,0.545454545,2.090909091,P1 O6,de-protonated,0,-9999,C11 H23 O6 P1,11,23,6,-9999,1,-9999,-9999,-9999
431,281.139389,281.139465767,281.139447355,7735359,-9999,1004992,14.28,-1,0.065491222,0.99922205100000006,0,0.599533231,5,0.333333333,1.466666667,O5,de-protonated,0,-9999,C15 H22 O5,15,22,5,-9999,-9999,-9999,-9999,-9999
432,283.082244,283.082321672,283.0823264,12658976,-9999,948795.9,24.64,-1,-0.016703284,0.999949377,0,0.599969626,6,0.538461538,1.230769231,O7,de-protonated,0,-9999,C13 H16 O7,13,16,7,-9999,-9999,-9999,-9999,-9999
433,283.095309,283.095386678,283.09521356,10635554,-9999,1043747,20.38,-1,0.611519037,0.934397128,0,0.560638277,1,0.7,2.1,P1 O7,de-protonated,0,-9999,C10 H21 O7 P1,10,21,7,-9999,1,-9999,-9999,-9999
435,283.118636,283.118713689,283.11871191,12486949,-9999,1019508.4,24.28,-1,0.006284292,0.999992834,0,0.599995701,5,0.428571429,1.428571429,O6,de-protonated,0,-9999,C14 H20 O6,14,20,6,-9999,-9999,-9999,-9999,-9999
436,283.155016,283.155093706,283.155097419,9005353,-9999,1042618.6,16.95,-1,-0.01311366,0.999968797,0,0.599981278,4,0.333333333,1.6,O5,de-protonated,0,-9999,C15 H24 O5,15,24,5,-9999,-9999,-9999,-9999,-9999
437,283.19141,283.191487723,283.191482928,19204398,-9999,1021858.2,38.42,-1,0.016929911,0.999947994,0,0.599968797,3,0.25,1.75,O4,de-protonated,0,-9999,C16 H28 O4,16,28,4,-9999,-9999,-9999,-9999,-9999
438,285.040394,285.040472584,285.040461587,18418214,-9999,970021.5,36.65,-1,0.038579999,0.999729965,0,0.599837979,11,0.4,0.666666667,O6,de-protonated,0,-9999,C15 H10 O6,15,10,6,-9999,-9999,-9999,-9999,-9999
439,285.061523,285.061601594,285.061590955,10627624,-9999,1018929.4,20.3,-1,0.037320514,0.999747306,0,0.599848384,6,0.666666667,1.166666667,O8,de-protonated,0,-9999,C12 H14 O8,12,14,8,-9999,-9999,-9999,-9999,-9999
440,285.089831,285.089909607,285.089734256,31328812,-9999,987931.7,63.74,-1,0.615072915,0.933658347,0,0.560195008,5,0.384615385,1.461538462,P1 O5,de-protonated,0,-9999,C13 H19 O5 P1,13,19,5,-9999,1,-9999,-9999,-9999
441,285.097907,285.097985611,285.097976465,19417646,-9999,1009959.3,38.74,-1,0.032081064,0.999813271,0,0.599887963,5,0.538461538,1.384615385,O7,de-protonated,0,-9999,C13 H18 O7,13,18,7,-9999,-9999,-9999,-9999,-9999
442,285.126039,285.126117624,285.126119766,62884400,-9999,1000980.4,129.95,-1,-0.007510734,0.999274312,0.991150681,0.996024859,4,0.285714286,1.642857143,P1 O4,de-protonated,0,-9999,C14 H23 O4 P1,14,23,4,-9999,1,-9999,-9999,-9999
443,285.134284,285.134362628,285.134361974,19352114,-9999,998588,38.61,-1,0.002293112,0.999999046,0,0.599999428,4,0.428571429,1.571428571,O6,de-protonated,0,-9999,C14 H22 O6,14,22,6,-9999,-9999,-9999,-9999,-9999
444,285.170691,285.170769645,285.170747484,8342071.5,-9999,1045458.7,15.5,-1,0.07771294,0.998904777,0,0.599342866,3,0.333333333,1.733333333,O5,de-protonated,0,-9999,C15 H26 O5,15,26,5,-9999,-9999,-9999,-9999,-9999
445,285.207064,285.207142662,285.207132993,31328828,-9999,971464,63.74,-1,0.033901864,0.999791476,0,0.599874886,2,0.25,1.875,O4,de-protonated,0,-9999,C16 H30 O4,16,30,4,-9999,-9999,-9999,-9999,-9999
446,286.093172,286.093251075,286.093225437,6802111,-9999,1028961.1,12.27,-1,0.089613262,0.998543931,0,0.599126358,5,0.583333333,1.416666667,N1 O7,de-protonated,0,-9999,C12 H17 O7 N1,12,17,7,1,-9999,-9999,-9999,-9999
447,286.12937,286.129449092,286.129474601,10267332,-9999,976083.6,19.54,-1,-0.089152359,0.998558859,0.991150681,0.995595588,4,0.285714286,1.642857143,13C1 P1 O4,de-protonated,1,442,C13 H23 O4 P1 13C1,13,23,4,-9999,1,-9999,1,-9999
447,286.12937,286.129449092,286.129610946,10267332,-9999,976083.6,19.54,-1,-0.565669304,0.943593075,0,0.566155845,4,0.461538462,1.615384615,N1 O6,de-protonated,0,-9999,C13 H21 O6 N1,13,21,6,1,-9999,-9999,-9999,-9999
448,287.07718,287.077259533,287.07724102,10570583,-9999,1061420.1,20.18,-1,0.064488893,0.999245673,0,0.599547404,5,0.666666667,1.333333333,O8,de-protonated,0,-9999,C12 H16 O8,12,16,8,-9999,-9999,-9999,-9999,-9999
450,287.105493,287.105572546,287.105384321,9800539,-9999,1079665.4,18.56,-1,0.655597683,0.924975383,0,0.55498523,4,0.384615385,1.615384615,P1 O5,de-protonated,0,-9999,C13 H21 O5 P1,13,21,5,-9999,1,-9999,-9999,-9999
451,287.113554,287.11363355,287.113626529,21875548,-9999,1038423.8,43.9,-1,0.024453351,0.999891506,0,0.599934903,4,0.538461538,1.538461538,O7,de-protonated,0,-9999,C13 H20 O7,13,20,7,-9999,-9999,-9999,-9999,-9999
452,287.14187,287.141949563,287.14176983,16616289,-9999,1028121.5,32.87,-1,0.625938967,0.931376648,0,0.558825989,3,0.285714286,1.785714286,P1 O4,de-protonated,0,-9999,C14 H25 O4 P1,14,25,4,-9999,1,-9999,-9999,-9999
453,287.149941,287.150020567,287.150012039,31624034,-9999,969262.6,64.36,-1,0.02970048,0.999839954,0,0.599903972,3,0.428571429,1.714285714,O6,de-protonated,0,-9999,C14 H24 O6,14,24,6,-9999,-9999,-9999,-9999,-9999
454,287.186326,287.186405584,287.186397548,6802280,-9999,1043466.2,12.27,-1,0.027982158,0.999857936,0,0.599914761,2,0.333333333,1.866666667,O5,de-protonated,0,-9999,C15 H28 O5,15,28,5,-9999,-9999,-9999,-9999,-9999
455,287.222719,287.222798601,287.222783057,7736174,-9999,1001222.8,14.23,-1,0.054117228,0.999468737,0,0.599681242,1,0.25,2,O4,de-protonated,0,-9999,C16 H32 O4,16,32,4,-9999,-9999,-9999,-9999,-9999
456,289.084757,289.084837469,289.084648876,9899173,-9999,976507.9,18.77,-1,0.652378699,0.9256823,0,0.55540938,4,0.5,1.583333333,P1 O6,de-protonated,0,-9999,C12 H19 O6 P1,12,19,6,-9999,1,-9999,-9999,-9999
457,289.092798,289.092878472,289.092891084,9809063,-9999,972018.7,18.58,-1,-0.043626381,0.999654715,0,0.599792829,4,0.666666667,1.5,O8,de-protonated,0,-9999,C12 H18 O8,12,18,8,-9999,-9999,-9999,-9999,-9999
458,289.121134,289.121214486,289.121034385,98733224,-9999,951696.7,205.17,-1,0.622923427,0.93344922,0.971983531,0.948862944,3,0.384615385,1.769230769,P1 O5,de-protonated,0,-9999,C13 H23 O5 P1,13,23,5,-9999,1,-9999,-9999,-9999
459,289.12921,289.129290489,289.129276594,12192941,-9999,1047994.8,23.58,-1,0.048059949,0.999580985,0,0.599748591,3,0.538461538,1.692307692,O7,de-protonated,0,-9999,C13 H22 O7,13,22,7,-9999,-9999,-9999,-9999,-9999
460,289.157519,289.157599502,289.157419895,8866994,-9999,1057236.3,16.6,-1,0.621142171,0.932388136,0,0.559432882,2,0.285714286,1.928571429,P1 O4,de-protonated,0,-9999,C14 H27 O4 P1,14,27,4,-9999,1,-9999,-9999,-9999
461,290.124485,290.124565953,290.12438922,17599838,-9999,967390.5,34.93,-1,0.609161691,0.934885133,0.971983531,0.949724492,3,0.384615385,1.769230769,13C1 P1 O5,de-protonated,1,458,C12 H23 O5 P1 13C1,12,23,5,-9999,1,-9999,1,-9999
461,290.124485,290.124565953,290.124525566,17599838,-9999,967390.5,34.93,-1,0.139205893,0.996490011,0,0.597894007,3,0.583333333,1.75,N1 O7,de-protonated,0,-9999,C12 H21 O7 N1,12,21,7,1,-9999,-9999,-9999,-9999
462,291.050951,291.051032385,291.051026271,7085579,-9999,945479,12.87,-1,0.021003844,0.999919955,0,0.599951973,9,0.5,0.857142857,O7,de-protonated,0,-9999,C14 H12 O7,14,12,7,-9999,-9999,-9999,-9999,-9999
462,291.050951,291.051032385,291.05086408,7085579,-9999,945479,12.87,-1,0.578264974,0.941129344,0,0.564677606,4,0.111111111,1.888888889,N4 S2 P1 O1,de-protonated,0,-9999,C9 H17 O1 N4 P1 S2,9,17,1,4,1,2,-9999,-9999
463,291.100392,291.100473408,291.10029894,19861012,-9999,978457.4,39.67,-1,0.599337431,0.936901299,0,0.562140779,3,0.5,1.75,P1 O6,de-protonated,0,-9999,C12 H21 O6 P1,12,21,6,-9999,1,-9999,-9999,-9999
465,291.136772,291.136853425,291.13668445,19172892,-9999,1031554.4,38.23,-1,0.58039716,0.940707562,0,0.564424537,2,0.384615385,1.923076923,P1 O5,de-protonated,0,-9999,C13 H25 O5 P1,13,25,5,-9999,1,-9999,-9999,-9999
466,291.173164,291.173245442,291.173069959,7400994,-9999,1010191.1,13.53,-1,0.602674246,0.936219697,0,0.561731818,1,0.285714286,2.071428571,P1 O4,de-protonated,0,-9999,C14 H29 O4 P1,14,29,4,-9999,1,-9999,-9999,-9999
467,291.209554,291.209635459,291.209455468,411995680,-9999,942171,862.47,-1,0.618077852,0.934445153,0.990260482,0.956771285,0,0.2,2.2,P1 O3,de-protonated,0,-9999,C15 H33 O3 P1,15,33,3,-9999,1,-9999,-9999,-9999
469,292.132046,292.132127888,292.131933422,9596636,-9999,971139.9,18.07,-1,0.665680084,0.922742235,0,0.553645341,2,0.416666667,2,N1 P1 O5,de-protonated,0,-9999,C12 H24 O5 N1 P1,12,24,5,1,1,-9999,-9999,-9999
470,292.212905,292.212986926,292.212810303,72322800,-9999,939608.4,149.25,-1,0.604431108,0.935859508,0.990260482,0.957619898,0,0.2,2.2,13C1 P1 O3,de-protonated,1,467,C14 H33 O3 P1 13C1,14,33,3,-9999,1,-9999,1,-9999
470,292.212905,292.212986926,292.212946649,72322800,-9999,939608.4,149.25,-1,0.137834046,0.498279366,0.86849267,0.646364687,0,0.357142857,2.214285714,N1 O5,de-protonated,0,-9999,C14 H31 O5 N1,14,31,5,1,-9999,-9999,-9999,-9999
471,293.030245,293.030327307,293.030290827,8687504,-9999,943050.3,16.17,-1,0.124493092,0.997191763,0,0.598315058,9,0.615384615,0.769230769,O8,de-protonated,0,-9999,C13 H10 O8,13,10,8,-9999,-9999,-9999,-9999,-9999
471,293.030245,293.030327307,293.030128635,8687504,-9999,943050.3,16.17,-1,0.677990273,0.919976949,0,0.551986169,4,0.25,1.875,N4 S2 P1 O2,de-protonated,0,-9999,C8 H15 O2 N4 P1 S2,8,15,2,4,1,2,-9999,-9999
472,293.07967,293.07975233,293.079563495,13340570,-9999,1006122.7,25.9,-1,0.64431089,0.927441113,0,0.556464668,3,0.636363636,1.727272727,P1 O7,de-protonated,0,-9999,C11 H19 O7 P1,11,19,7,-9999,1,-9999,-9999,-9999
473,293.116041,293.116123347,293.115949005,22269858,-9999,1000773.5,44.58,-1,0.594788344,0.937825222,0,0.562695133,2,0.5,1.916666667,P1 O6,de-protonated,0,-9999,C12 H23 O6 P1,12,23,6,-9999,1,-9999,-9999,-9999
474,293.152432,293.152514364,293.152334514,16011177,-9999,966052,31.49,-1,0.613502038,0.933985357,0,0.560391214,1,0.384615385,2.076923077,P1 O5,de-protonated,0,-9999,C13 H27 O5 P1,13,27,5,-9999,1,-9999,-9999,-9999
475,293.175754,293.175836375,293.175832864,46206892,-9999,947272.8,94.63,-1,0.011974522,0.999473242,0.998054752,0.998905846,5,0.235294118,1.529411765,O4,de-protonated,0,-9999,C17 H26 O4,17,26,4,-9999,-9999,-9999,-9999,-9999
477,294.179127,294.179209842,294.179187699,8622207,-9999,1003686.7,16.04,-1,0.075270617,0.998972501,0.998054752,0.998605401,5,0.235294118,1.529411765,13C1 O4,de-protonated,1,475,C16 H26 O4 13C1,16,26,4,-9999,-9999,-9999,1,-9999
479,295.08226,295.082343263,295.0823264,9466177,-9999,910289.5,17.8,-1,0.057145018,0.999407645,0,0.599644587,7,0.5,1.142857143,O7,de-protonated,0,-9999,C14 H16 O7,14,16,7,-9999,-9999,-9999,-9999,-9999
479,295.08226,295.082343263,295.082164209,9466177,-9999,910289.5,17.8,-1,0.606793078,0.935373827,0,0.561224296,2,0.111111111,2.333333333,N4 S2 P1 O1,de-protonated,0,-9999,C9 H21 O1 N4 P1 S2,9,21,1,4,1,2,-9999,-9999
480,295.095313,295.095396269,295.09521356,15077700,-9999,918846.3,29.53,-1,0.619152693,0.932805689,0,0.559683414,2,0.636363636,1.909090909,P1 O7,de-protonated,0,-9999,C11 H21 O7 P1,11,21,7,-9999,1,-9999,-9999,-9999
482,295.118623,295.11870628,295.11871191,9441609,-9999,1072662,17.75,-1,-0.01907681,0.999933969,0,0.599960381,6,0.4,1.333333333,O6,de-protonated,0,-9999,C15 H20 O6,15,20,6,-9999,-9999,-9999,-9999,-9999
483,295.131686,295.131769286,295.131599069,15176012,-9999,928400,29.74,-1,0.576748112,0.941428574,0,0.564857144,1,0.5,2.083333333,P1 O6,de-protonated,0,-9999,C12 H25 O6 P1,12,25,6,-9999,1,-9999,-9999,-9999
484,297.061503,297.061587185,297.061590955,8786685,-9999,983582.2,16.38,-1,-0.012692595,0.999970769,0,0.599982461,7,0.615384615,1.076923077,O8,de-protonated,0,-9999,C13 H14 O8,13,14,8,-9999,-9999,-9999,-9999,-9999
484,297.061503,297.061587185,297.061428764,8786685,-9999,983582.2,16.38,-1,0.533293226,0.949704583,0,0.56982275,2,0.25,2.375,N4 S2 P1 O2,de-protonated,0,-9999,C8 H19 O2 N4 P1 S2,8,19,2,4,1,2,-9999,-9999
485,297.0979,297.097984202,297.097976465,12522246,-9999,1015756.9,24.19,-1,0.026042335,0.999876948,0,0.599926169,6,0.5,1.285714286,O7,de-protonated,0,-9999,C14 H18 O7,14,18,7,-9999,-9999,-9999,-9999,-9999
486,297.110959,297.111043208,297.110863624,11981577,-9999,1016966.7,23.06,-1,0.604433097,0.9358591,0,0.56151546,1,0.636363636,2.090909091,P1 O7,de-protonated,0,-9999,C11 H23 O7 P1,11,23,7,-9999,1,-9999,-9999,-9999
488,297.152907,297.152991228,297.152989419,137138960,-9999,942753.3,284.79,-1,0.006087078,0.999994519,0.992443098,0.99697395,4,0.1875,1.625,S1 O3,de-protonated,0,-9999,C16 H26 O3 S1,16,26,3,-9999,-9999,1,-9999,-9999
489,297.170662,297.170746236,297.170747484,9974551,-9999,1057476.4,18.86,-1,-0.00419851,0.999996802,0,0.599998081,4,0.3125,1.625,O5,de-protonated,0,-9999,C16 H26 O5,16,26,5,-9999,-9999,-9999,-9999,-9999
490,298.156261,298.156345695,298.156344254,25170942,-9999,948875,50.64,-1,0.004833681,0.999995761,0.992443098,0.996974695,4,0.1875,1.625,13C1 S1 O3,de-protonated,1,488,C15 H26 O3 S1 13C1,15,26,3,-9999,-9999,1,1,-9999
490,298.156261,298.156345695,298.156100477,25170942,-9999,948875,50.64,-1,0.822448685,0.884497268,0,0.530698361,9,0.117647059,1.235294118,N3 O2,de-protonated,0,-9999,C17 H21 O2 N3,17,21,2,3,-9999,-9999,-9999,-9999
491,299.01964,299.019725097,299.019726143,12047565,-9999,1003043,23.11,-1,-0.003495499,0.999997783,0,0.59999867,12,0.466666667,0.533333333,O7,de-protonated,0,-9999,C15 H8 O7,15,8,7,-9999,-9999,-9999,-9999,-9999
491,299.01964,299.019725097,299.019563951,12047565,-9999,1003043,23.11,-1,0.538914929,0.948666452,0,0.569199871,7,0.1,1.3,N4 S2 P1 O1,de-protonated,0,-9999,C10 H13 O1 N4 P1 S2,10,13,1,4,1,2,-9999,-9999
492,299.077117,299.077202124,299.07724102,11277531,-9999,982269.8,21.51,-1,-0.130052872,0.996935727,0,0.598161436,6,0.615384615,1.230769231,O8,de-protonated,0,-9999,C13 H16 O8,13,16,8,-9999,-9999,-9999,-9999,-9999
493,299.105472,299.105557137,299.105384321,13260002,-9999,946403.6,25.64,-1,0.577777953,0.941225493,0,0.564735296,5,0.357142857,1.5,P1 O5,de-protonated,0,-9999,C14 H21 O5 P1,14,21,5,-9999,1,-9999,-9999,-9999
494,299.113534,299.113619141,299.113626529,13178084,-9999,1007893.3,25.47,-1,-0.024700437,0.999889302,0,0.599933581,5,0.5,1.428571429,O7,de-protonated,0,-9999,C14 H20 O7,14,20,7,-9999,-9999,-9999,-9999,-9999
495,299.149916,299.150001158,299.150012039,14439661,-9999,911476.5,28.1,-1,-0.03637184,0.999759988,0,0.599855993,4,0.4,1.6,O6,de-protonated,0,-9999,C15 H24 O6,15,24,6,-9999,-9999,-9999,-9999,-9999
496,299.186305,299.186390175,299.186397548,25105654,-9999,947259,50.33,-1,-0.024643609,0.999889811,0,0.599933887,3,0.3125,1.75,O5,de-protonated,0,-9999,C16 H28 O5,16,28,5,-9999,-9999,-9999,-9999,-9999
497,301.035317,301.035403036,301.035376207,7210691,-9999,901628.3,13.03,-1,0.08912386,0.99855978,0,0.599135868,11,0.466666667,0.666666667,O7,de-protonated,0,-9999,C15 H10 O7,15,10,7,-9999,-9999,-9999,-9999,-9999
497,301.035317,301.035403036,301.035214016,7210691,-9999,901628.3,13.03,-1,0.627902504,0.930960676,0,0.558576406,6,0.1,1.5,N4 S2 P1 O1,de-protonated,0,-9999,C10 H15 O1 N4 P1 S2,10,15,1,4,1,2,-9999,-9999
498,301.084735,301.084821059,301.084648876,8500944,-9999,1060835,15.72,-1,0.571877509,0.942384717,0,0.56543083,5,0.461538462,1.461538462,P1 O6,de-protonated,0,-9999,C13 H19 O6 P1,13,19,6,-9999,1,-9999,-9999,-9999
499,301.092811,301.092897063,301.092891084,12097234,-9999,1017598.6,23.22,-1,0.019857033,0.999928457,0,0.599957074,5,0.615384615,1.384615385,O8,de-protonated,0,-9999,C13 H18 O8,13,18,8,-9999,-9999,-9999,-9999,-9999
500,301.120881,301.120967076,301.121034385,10163929,-9999,876173,19.19,-1,-0.22352796,0.990974935,0,0.594584961,4,0.357142857,1.642857143,P1 O5,de-protonated,0,-9999,C14 H23 O5 P1,14,23,5,-9999,1,-9999,-9999,-9999
501,301.129197,301.12928308,301.129276594,22238940,-9999,953585.8,44.35,-1,0.021540297,0.999915814,0,0.599949489,4,0.5,1.571428571,O7,de-protonated,0,-9999,C14 H22 O7,14,22,7,-9999,-9999,-9999,-9999,-9999
502,301.165572,301.165658097,301.165662103,17061604,-9999,943438.3,33.56,-1,-0.013301612,0.999967896,0,0.599980738,3,0.4,1.733333333,O6,de-protonated,0,-9999,C15 H26 O6,15,26,6,-9999,-9999,-9999,-9999,-9999
503,301.20197,301.202056114,301.202047612,30250734,-9999,898302.6,61.05,-1,0.028225636,0.999855453,0,0.599913272,2,0.3125,1.875,O5,de-protonated,0,-9999,C16 H30 O5,16,30,5,-9999,-9999,-9999,-9999,-9999
504,303.10038,303.100466999,303.10029894,18028766,-9999,938170.2,35.58,-1,0.554463925,0.945744516,0,0.56744671,4,0.461538462,1.615384615,P1 O6,de-protonated,0,-9999,C13 H21 O6 P1,13,21,6,-9999,1,-9999,-9999,-9999
505,303.108445,303.108532002,303.108541149,12327135,-9999,986785.3,23.7,-1,-0.030175827,0.99983479,0,0.599900874,4,0.615384615,1.538461538,O8,de-protonated,0,-9999,C13 H20 O8,13,20,8,-9999,-9999,-9999,-9999,-9999
506,303.13678,303.136867015,303.13668445,18716902,-9999,931205.4,37.01,-1,0.602255682,0.936305376,0,0.561783226,3,0.357142857,1.785714286,P1 O5,de-protonated,0,-9999,C14 H25 O5 P1,14,25,5,-9999,1,-9999,-9999,-9999
507,303.144837,303.144924019,303.144926658,11385065,-9999,912033,21.73,-1,-0.008705228,0.99998625,0,0.59999175,3,0.5,1.714285714,O7,de-protonated,0,-9999,C14 H24 O7,14,24,7,-9999,-9999,-9999,-9999,-9999
508,303.173159,303.173246032,303.173069959,7100656.5,-9999,971879.2,12.8,-1,0.580768568,0.940633952,0,0.564380371,2,0.266666667,1.933333333,P1 O4,de-protonated,0,-9999,C15 H29 O4 P1,15,29,4,-9999,1,-9999,-9999,-9999
509,305.079663,305.079750921,305.079563495,8166134,-9999,1042064.7,15.02,-1,0.614348699,0.933809197,0,0.560285518,4,0.583333333,1.583333333,P1 O7,de-protonated,0,-9999,C12 H19 O7 P1,12,19,7,-9999,1,-9999,-9999,-9999
510,305.116042,305.116129938,305.115949005,24173312,-9999,908384.4,48.38,-1,0.592996967,0.938187369,0,0.562912421,3,0.461538462,1.769230769,P1 O6,de-protonated,0,-9999,C13 H23 O6 P1,13,23,6,-9999,1,-9999,-9999,-9999
511,305.152431,305.152518955,305.152334514,12229386,-9999,978197.7,23.49,-1,0.604420859,0.935861612,0,0.561516967,2,0.357142857,1.928571429,P1 O5,de-protonated,0,-9999,C14 H27 O5 P1,14,27,5,-9999,1,-9999,-9999,-9999
512,305.188805,305.188892972,305.188720024,16456468,-9999,944460.9,32.3,-1,0.566692088,0.943394803,0,0.566036882,1,0.266666667,2.066666667,P1 O4,de-protonated,0,-9999,C15 H31 O4 P1,15,31,4,-9999,1,-9999,-9999,-9999
513,307.095316,307.09540486,307.09521356,13212973,-9999,872186.8,25.45,-1,0.622933446,0.932011196,0,0.559206718,3,0.583333333,1.75,P1 O7,de-protonated,0,-9999,C12 H21 O7 P1,12,21,7,-9999,1,-9999,-9999,-9999
514,307.131694,307.131782877,307.131599069,17997110,-9999,906417.1,35.38,-1,0.59846488900000006,0.937078988,0,0.562247393,2,0.461538462,1.923076923,P1 O6,de-protonated,0,-9999,C13 H25 O6 P1,13,25,6,-9999,1,-9999,-9999,-9999
515,307.168073,307.168161894,307.167984579,12418369,-9999,862398.8,23.8,-1,0.577257678,0.941328129,0,0.564796878,1,0.357142857,2.071428571,P1 O5,de-protonated,0,-9999,C14 H29 O5 P1,14,29,5,-9999,1,-9999,-9999,-9999
516,307.20445,307.204538911,307.204370088,11607372,-9999,1022246.5,22.11,-1,0.549545164,0.946676847,0,0.568006108,0,0.266666667,2.2,P1 O4,de-protonated,0,-9999,C15 H33 O4 P1,15,33,4,-9999,1,-9999,-9999,-9999
517,309.025129,309.025218759,309.025205446,7274332.5,-9999,996704.3,13.11,-1,0.043079989,0.999663309,0,0.599797985,9,0.692307692,0.769230769,O9,de-protonated,0,-9999,C13 H10 O9,13,10,9,-9999,-9999,-9999,-9999,-9999
517,309.025129,309.025218759,309.025043255,7274332.5,-9999,996704.3,13.11,-1,0.567928511,0.943154693,0,0.565892816,4,0.375,1.875,N4 S2 P1 O3,de-protonated,0,-9999,C8 H15 O3 N4 P1 S2,8,15,3,4,1,2,-9999,-9999
518,309.061492,309.061581776,309.061590955,8142695.5,-9999,845515.1,14.92,-1,-0.029701541,0.999839942,0,0.599903965,8,0.571428571,1,O8,de-protonated,0,-9999,C14 H14 O8,14,14,8,-9999,-9999,-9999,-9999,-9999
518,309.061492,309.061581776,309.061428764,8142695.5,-9999,845515.1,14.92,-1,0.495085152,0.95649974,0,0.573899844,3,0.222222222,2.111111111,N4 S2 P1 O2,de-protonated,0,-9999,C9 H19 O2 N4 P1 S2,9,19,2,4,1,2,-9999,-9999
519,309.11095,309.111039799,309.110863624,15376246,-9999,917063.3,29.94,-1,0.569939584,0.942763162,0,0.565657897,2,0.583333333,1.916666667,P1 O7,de-protonated,0,-9999,C12 H23 O7 P1,12,23,7,-9999,1,-9999,-9999,-9999
521,309.147336,309.147425816,309.147249134,15916929,-9999,904379.5,31.06,-1,0.571514449,0.942455703,0,0.565473422,1,0.461538462,2.076923077,P1 O6,de-protonated,0,-9999,C13 H27 O6 P1,13,27,6,-9999,1,-9999,-9999,-9999
522,309.170653,309.170742827,309.170747484,101883784,-9999,887646,209.55,-1,-0.015062217,0.999978428,0.996898246,0.998746355,5,0.294117647,1.529411765,O5,de-protonated,0,-9999,C17 H26 O5,17,26,5,-9999,-9999,-9999,-9999,-9999
523,309.207045,309.207134844,309.207132993,10338194,-9999,989689.5,19.48,-1,0.005985659,0.999993499,0,0.599996099,4,0.222222222,1.666666667,O4,de-protonated,0,-9999,C18 H30 O4,18,30,4,-9999,-9999,-9999,-9999,-9999
524,310.174011,310.174101294,310.174102319,19177650,-9999,915893.2,37.83,-1,-0.003302647,0.999998021,0.996898246,0.998758111,5,0.294117647,1.529411765,13C1 O5,de-protonated,1,522,C16 H26 O5 13C1,16,26,5,-9999,-9999,-9999,1,-9999
525,311.040756,311.040846698,311.040855511,10903990,-9999,1084411.4,20.65,-1,-0.028332494,0.999854356,0,0.599912614,8,0.692307692,0.923076923,O9,de-protonated,0,-9999,C13 H12 O9,13,12,9,-9999,-9999,-9999,-9999,-9999
525,311.040756,311.040846698,311.040693319,10903990,-9999,1084411.4,20.65,-1,0.493114792,0.956837731,0,0.574102639,3,0.375,2.125,N4 S2 P1 O3,de-protonated,0,-9999,C8 H17 O3 N4 P1 S2,8,17,3,4,1,2,-9999,-9999
526,311.077155,311.077245715,311.07724102,8331713.5,-9999,958205.9,15.31,-1,0.015092861,0.999958668,0,0.599975201,7,0.571428571,1.142857143,O8,de-protonated,0,-9999,C14 H16 O8,14,16,8,-9999,-9999,-9999,-9999,-9999
526,311.077155,311.077245715,311.077078829,8331713.5,-9999,958205.9,15.31,-1,0.536479178,0.949117447,0,0.569470468,2,0.222222222,2.333333333,N4 S2 P1 O2,de-protonated,0,-9999,C9 H21 O2 N4 P1 S2,9,21,2,4,1,2,-9999,-9999
527,311.113529,311.113619732,311.113626529,10428876,-9999,990620.7,19.66,-1,-0.021848473,0.999913388,0,0.599948033,6,0.466666667,1.333333333,O7,de-protonated,0,-9999,C15 H20 O7,15,20,7,-9999,-9999,-9999,-9999,-9999
527,311.113529,311.113619732,311.11346433800003,10428876,-9999,990620.7,19.66,-1,0.499476848,0.955741982,0,0.573445189,1,0.1,2.5,N4 S2 P1 O1,de-protonated,0,-9999,C10 H25 O1 N4 P1 S2,10,25,1,4,1,2,-9999,-9999
528,311.126611,311.126701738,311.126513689,8577488,-9999,930089.6,15.82,-1,0.604413829,0.935863055,0,0.561517833,1,0.583333333,2.083333333,P1 O7,de-protonated,0,-9999,C12 H25 O7 P1,12,25,7,-9999,1,-9999,-9999,-9999
529,311.141848,311.141938745,311.14176983,11239893,-9999,901475.3,21.35,-1,0.542887496,0.947926988,0,0.568756193,5,0.25,1.5625,P1 O4,de-protonated,0,-9999,C16 H25 O4 P1,16,25,4,-9999,1,-9999,-9999,-9999
531,311.149934,311.150024749,311.150012039,11444695,-9999,910370.9,21.77,-1,0.040849279,0.999697269,0,0.599818361,5,0.375,1.5,O6,de-protonated,0,-9999,C16 H24 O6,16,24,6,-9999,-9999,-9999,-9999,-9999
532,311.168549,311.168639758,311.168639483,369795552,-9999,898030.2,765.82,-1,8.81569e-4,0.99991137,0.990333611,0.996080266,4,0.176470588,1.647058824,S1 O3,de-protonated,0,-9999,C17 H28 O3 S1,17,28,3,-9999,-9999,1,-9999,-9999
533,311.186317,311.186407766,311.186397548,21176802,-9999,897908.8,41.98,-1,0.032835159,0.999804391,0,0.599882634,4,0.294117647,1.647058824,O5,de-protonated,0,-9999,C17 H28 O5,17,28,5,-9999,-9999,-9999,-9999,-9999
534,311.222677,311.222767783,311.222783057,14197229,-9999,890300.7,27.49,-1,-0.049079167,0.999563028,0,0.599737817,3,0.222222222,1.777777778,O4,de-protonated,0,-9999,C18 H32 O4,18,32,4,-9999,-9999,-9999,-9999,-9999
535,312.171906,312.171997225,312.171994318,72393488,-9999,894640.2,148.32,-1,0.009311269,0.999906173,0.990333611,0.996077148,4,0.176470588,1.647058824,13C1 S1 O3,de-protonated,1,532,C16 H28 O3 S1 13C1,16,28,3,-9999,-9999,1,1,-9999
535,312.171906,312.171997225,312.171750541,72393488,-9999,894640.2,148.32,-1,0.790217619,0.446439358,0.837042051,0.602680435,9,0.111111111,1.277777778,N3 O2,de-protonated,0,-9999,C18 H23 O2 N3,18,23,2,3,-9999,-9999,-9999,-9999
536,313.035295,313.035386627,313.035376207,7259161.5,-9999,990763.6,13.08,-1,0.033287951,0.999798959,0,0.599879375,12,0.4375,0.625,O7,de-protonated,0,-9999,C16 H10 O7,16,10,7,-9999,-9999,-9999,-9999,-9999
536,313.035295,313.035386627,313.035214016,7259161.5,-9999,990763.6,13.08,-1,0.55141284,0.946323707,0,0.567794224,7,0.090909091,1.363636364,N4 S2 P1 O1,de-protonated,0,-9999,C11 H15 O1 N4 P1 S2,11,15,1,4,1,2,-9999,-9999
537,313.056445,313.056536637,313.056505575,7955488,-9999,1013176.1,14.53,-1,0.099222024,0.99821523,0,0.598929138,7,0.692307692,1.076923077,O9,de-protonated,0,-9999,C13 H14 O9,13,14,9,-9999,-9999,-9999,-9999,-9999
537,313.056445,313.056536637,313.056343384,7955488,-9999,1013176.1,14.53,-1,0.617311977,0.933190993,0,0.559914596,2,0.375,2.375,N4 S2 P1 O3,de-protonated,0,-9999,C8 H19 O3 N4 P1 S2,8,19,3,4,1,2,-9999,-9999
538,313.084728,313.08481965,313.084648876,8692777,-9999,905263.7,16.06,-1,0.545457652,0.947445988,0,0.568467593,6,0.428571429,1.357142857,P1 O6,de-protonated,0,-9999,C14 H19 O6 P1,14,19,6,-9999,1,-9999,-9999,-9999
539,313.092797,313.092888654,313.092891084,13280299,-9999,931254.6,25.58,-1,-0.007762275,0.999989067,0,0.59999344,6,0.571428571,1.285714286,O8,de-protonated,0,-9999,C14 H18 O8,14,18,8,-9999,-9999,-9999,-9999,-9999
540,313.129198,313.129289671,313.129276594,15934519,-9999,879514.3,31.09,-1,0.04176325,0.999683573,0,0.599810144,5,0.466666667,1.466666667,O7,de-protonated,0,-9999,C15 H22 O7,15,22,7,-9999,-9999,-9999,-9999,-9999
541,313.157516,313.157607684,313.157419895,8438847,-9999,911060.4,15.53,-1,0.599665274,0.936834477,0,0.562100686,4,0.25,1.6875,P1 O4,de-protonated,0,-9999,C16 H27 O4 P1,16,27,4,-9999,1,-9999,-9999,-9999
542,313.164332,313.164423687,313.164435313,17605698,-9999,916709.3,34.56,-1,-0.037122461,0.999828077,0.990333611,0.996030291,4,0.176470588,1.647058824,34S1 O3,de-protonated,1,532,C17 H28 O3 34S1,17,28,3,-9999,-9999,-9999,-9999,1
543,313.165564,313.165655688,313.165662103,13165634,-9999,910276.7,25.34,-1,-0.020484719,0.999923863,0,0.599954318,4,0.375,1.625,O6,de-protonated,0,-9999,C16 H26 O6,16,26,6,-9999,-9999,-9999,-9999,-9999
544,313.201988,313.202079705,313.202047612,7078989,-9999,986800.4,12.71,-1,0.102465836,0.998096739,0,0.598858043,3,0.294117647,1.764705882,O5,de-protonated,0,-9999,C17 H30 O5,17,30,5,-9999,-9999,-9999,-9999,-9999
545,315.100401,315.100493589,315.10029894,11822753,-9999,858925.9,22.47,-1,0.617736873,0.93310214,0,0.559861284,5,0.428571429,1.5,P1 O6,de-protonated,0,-9999,C14 H21 O6 P1,14,21,6,-9999,1,-9999,-9999,-9999
546,315.108462,315.108554593,315.108541149,13313700,-9999,894267.2,25.55,-1,0.04266574,0.999669752,0,0.599801851,5,0.571428571,1.428571429,O8,de-protonated,0,-9999,C14 H20 O8,14,20,8,-9999,-9999,-9999,-9999,-9999
547,315.136778,315.136870606,315.13668445,7538348.5,-9999,916795.3,13.61,-1,0.590717237,0.938646863,0,0.563188118,4,0.333333333,1.666666667,P1 O5,de-protonated,0,-9999,C15 H25 O5 P1,15,25,5,-9999,1,-9999,-9999,-9999
548,315.144833,315.14492561,315.144926658,16901808,-9999,901985.3,32.97,-1,-0.003325662,0.999997993,0,0.599998796,4,0.466666667,1.6,O7,de-protonated,0,-9999,C15 H24 O7,15,24,7,-9999,-9999,-9999,-9999,-9999
549,315.181233,315.181325627,315.181312168,12084923,-9999,919998.2,23.01,-1,0.042704129,0.999669157,0,0.599801494,3,0.375,1.75,O6,de-protonated,0,-9999,C16 H28 O6,16,28,6,-9999,-9999,-9999,-9999,-9999
550,316.140085,316.140178074,316.14017563,10332140,-9999,1010965.4,19.38,-1,0.007728942,0.999989161,0,0.599993497,4,0.5,1.642857143,N1 O7,de-protonated,0,-9999,C14 H23 O7 N1,14,23,7,1,-9999,-9999,-9999,-9999
551,317.116038,317.116131529,317.115949005,15706406,-9999,910499.5,30.5,-1,0.575574054,0.941659705,0,0.564995823,4,0.428571429,1.642857143,P1 O6,de-protonated,0,-9999,C14 H23 O6 P1,14,23,6,-9999,1,-9999,-9999,-9999
552,317.124074,317.124167532,317.124191213,9840937,-9999,938916.4,18.37,-1,-0.074674321,0.998988708,0,0.599393225,4,0.571428571,1.571428571,O8,de-protonated,0,-9999,C14 H22 O8,14,22,8,-9999,-9999,-9999,-9999,-9999
553,317.152437,317.152530545,317.152334514,10389810,-9999,928752.2,19.5,-1,0.618098306,0.933026517,0,0.55981591,3,0.333333333,1.8,P1 O5,de-protonated,0,-9999,C15 H27 O5 P1,15,27,5,-9999,1,-9999,-9999,-9999
554,317.160486,317.160579549,317.160576723,9070901,-9999,988938.7,16.77,-1,0.008912145,0.999985588,0,0.599991353,3,0.466666667,1.733333333,O7,de-protonated,0,-9999,C15 H26 O7,15,26,7,-9999,-9999,-9999,-9999,-9999
555,317.225187,317.225280579,317.225105533,26323274,-9999,880871.4,52.46,-1,0.551805366,0.946249353,0,0.567749612,1,0.176470588,2.058823529,P1 O3,de-protonated,0,-9999,C17 H35 O3 P1,17,35,3,-9999,1,-9999,-9999,-9999
556,319.095306,319.095400451,319.09521356,8825771,-9999,883705.3,16.27,-1,0.585689627,0.939654742,0,0.563792845,4,0.538461538,1.615384615,P1 O7,de-protonated,0,-9999,C13 H21 O7 P1,13,21,7,-9999,1,-9999,-9999,-9999
557,319.131682,319.131776468,319.131599069,16919478,-9999,877077.4,33.01,-1,0.555878375,0.945475046,0,0.567285028,3,0.428571429,1.785714286,P1 O6,de-protonated,0,-9999,C14 H25 O6 P1,14,25,6,-9999,1,-9999,-9999,-9999
558,319.16806,319.168154485,319.167984579,14527427,-9999,888365.4,28.06,-1,0.532340215,0.949879603,0,0.569927762,2,0.333333333,1.933333333,P1 O5,de-protonated,0,-9999,C15 H29 O5 P1,15,29,5,-9999,1,-9999,-9999,-9999
559,319.240433,319.240527518,319.240755597,34319324,-9999,1501659.4,68.99,-1,-0.714442074,0.929531441,0.435596588,0.7319575,0,0.176470588,2.176470588,P1 O3,de-protonated,0,-9999,C17 H37 O3 P1,17,37,3,-9999,1,-9999,-9999,-9999
560,319.240835,319.240929518,319.240755597,440839136,-9999,858412.9,909.81,-1,0.544796229,0.945114429,0.988764677,0.962574529,0,0.176470588,2.176470588,P1 O3,de-protonated,0,-9999,C17 H37 O3 P1,17,37,3,-9999,1,-9999,-9999,-9999
562,320.24419,320.244284986,320.244110432,88124712,-9999,864814.1,180.28,-1,0.545064074,0.947519777,0.435596588,0.742750501,0,0.176470588,2.176470588,13C1 P1 O3,de-protonated,1,559,C16 H37 O3 P1 13C1,16,37,3,-9999,1,-9999,1,-9999
562,320.24419,320.244284986,320.244110432,88124712,-9999,864814.1,180.28,-1,0.545064074,0.9450977,0.988764677,0.962564491,0,0.176470588,2.176470588,13C1 P1 O3,de-protonated,1,560,C16 H37 O3 P1 13C1,16,37,3,-9999,1,-9999,1,-9999
562,320.24419,320.244284986,320.244246778,88124712,-9999,864814.1,180.28,-1,0.119308747,0.498710244,0.85247738,0.640217098,0,0.3125,2.1875,N1 O5,de-protonated,0,-9999,C16 H35 O5 N1,16,35,5,1,-9999,-9999,-9999,-9999
563,321.102702,321.102797386,321.102685179,11742787,-9999,859520.6,22.3,-1,0.349443625,0.978086807,0,0.586852084,8,0.214285714,1.285714286,N4 S1 O3,de-protonated,0,-9999,C14 H18 O3 N4 S1,14,18,3,4,-9999,1,-9999,-9999
564,321.110936,321.11103139,321.110863624,18116166,-9999,889956.7,35.48,-1,0.522453182,0.95167875,0,0.57100725,3,0.538461538,1.769230769,P1 O7,de-protonated,0,-9999,C13 H23 O7 P1,13,23,7,-9999,1,-9999,-9999,-9999
565,321.147328,321.147423407,321.147249134,14724690,-9999,927814.1,28.47,-1,0.542657607,0.947969912,0,0.568781947,2,0.428571429,1.928571429,P1 O6,de-protonated,0,-9999,C14 H27 O6 P1,14,27,6,-9999,1,-9999,-9999,-9999
566,321.183716,321.183811424,321.183634643,22982238,-9999,901582.7,45.54,-1,0.550403514,0.946514683,0,0.56790881,1,0.333333333,2.066666667,P1 O5,de-protonated,0,-9999,C15 H31 O5 P1,15,31,5,-9999,1,-9999,-9999,-9999
568,321.247557,321.247652453,321.247465267,7171699,-9999,958257.1,12.84,-1,0.582684645,0.942675622,0.988764677,0.961111244,0,0.176470588,2.176470588,13C2 P1 O3,de-protonated,1,560,C15 H37 O3 P1 13C2,15,37,3,-9999,1,-9999,2,-9999
569,322.10619,322.106285853,322.106112597,15495058,-9999,938296.1,29.94,-1,0.537887614,0.948856889,0,0.569314133,3,0.583333333,1.833333333,N1 P1 O7,de-protonated,0,-9999,C12 H22 O7 N1 P1,12,22,7,1,1,-9999,-9999,-9999
570,322.165904,322.165999881,322.165996456,7229350,-9999,1018522.5,12.91,-1,0.010632964,0.999979486,0,0.599987691,6,0.294117647,1.470588235,N1 O5,de-protonated,0,-9999,C17 H25 O5 N1,17,25,5,1,-9999,-9999,-9999,-9999
572,323.090202,323.090298312,323.090128179,10473692,-9999,883013.1,19.59,-1,0.526578874,0.950931684,0,0.57055901,3,0.666666667,1.75,P1 O8,de-protonated,0,-9999,C12 H21 O8 P1,12,21,8,-9999,1,-9999,-9999,-9999
573,323.126586,323.126682329,323.126513689,19640552,-9999,879453.6,38.48,-1,0.52190096,0.951778343,0,0.571067006,2,0.538461538,1.923076923,P1 O7,de-protonated,0,-9999,C13 H25 O7 P1,13,25,7,-9999,1,-9999,-9999,-9999
574,323.162982,323.163078346,323.162899198,16871668,-9999,886277.1,32.77,-1,0.554357091,0.945764845,0,0.567458907,1,0.428571429,2.071428571,P1 O6,de-protonated,0,-9999,C14 H29 O6 P1,14,29,6,-9999,1,-9999,-9999,-9999
576,323.186315,323.186411357,323.186397548,6967548.5,-9999,1006727,12.37,-1,0.042726847,0.999668805,0,0.599801283,5,0.277777778,1.555555556,O5,de-protonated,0,-9999,C18 H28 O5,18,28,5,-9999,-9999,-9999,-9999,-9999
577,323.199355,323.199451363,323.199284708,25342210,-9999,858838.3,50.22,-1,0.515642358,0.952900437,0,0.571740262,0,0.333333333,2.2,P1 O5,de-protonated,0,-9999,C15 H33 O5 P1,15,33,5,-9999,1,-9999,-9999,-9999
578,325.056393,325.056490228,325.056505575,7279477.5,-9999,839504.4,13.01,-1,-0.04721346,0.999595613,0,0.599757368,8,0.642857143,1,O9,de-protonated,0,-9999,C14 H14 O9,14,14,9,-9999,-9999,-9999,-9999,-9999
578,325.056393,325.056490228,325.056343384,7279477.5,-9999,839504.4,13.01,-1,0.451750261,0.963647477,0,0.578188486,3,0.333333333,2.111111111,N4 S2 P1 O3,de-protonated,0,-9999,C9 H19 O3 N4 P1 S2,9,19,3,4,1,2,-9999,-9999
579,325.092791,325.092888245,325.092891084,10244994,-9999,931971.3,19.12,-1,-0.008734224,0.999986158,0,0.599991695,7,0.533333333,1.2,O8,de-protonated,0,-9999,C15 H18 O8,15,18,8,-9999,-9999,-9999,-9999,-9999
579,325.092791,325.092888245,325.092728893,10244994,-9999,931971.3,19.12,-1,0.49017367,0.957339959,0,0.574403975,2,0.2,2.3,N4 S2 P1 O2,de-protonated,0,-9999,C10 H23 O2 N4 P1 S2,10,23,2,4,1,2,-9999,-9999
580,325.105845,325.105942251,325.105778244,7500678.5,-9999,975150.4,13.47,-1,0.504472971,0.954872537,0,0.572923522,2,0.666666667,1.916666667,P1 O8,de-protonated,0,-9999,C12 H23 O8 P1,12,23,8,-9999,1,-9999,-9999,-9999
582,325.129175,325.129272262,325.129276594,9360270,-9999,940577.4,17.3,-1,-0.013323416,0.999967791,0,0.599980675,6,0.4375,1.375,O7,de-protonated,0,-9999,C16 H22 O7,16,22,7,-9999,-9999,-9999,-9999,-9999
582,325.129175,325.129272262,325.129114402,9360270,-9999,940577.4,17.3,-1,0.485528642,0.958127556,0,0.574876534,1,0.090909091,2.454545455,N4 S2 P1 O1,de-protonated,0,-9999,C11 H27 O1 N4 P1 S2,11,27,1,4,1,2,-9999,-9999
583,325.142237,325.142334268,325.142163753,14939027,-9999,893378.8,28.79,-1,0.524431163,0.951321244,0,0.570792746,1,0.538461538,2.076923077,P1 O7,de-protonated,0,-9999,C13 H27 O7 P1,13,27,7,-9999,1,-9999,-9999,-9999
585,325.165559,325.165656279,325.165662103,11621275,-9999,808286,21.95,-1,-0.017911581,0.999941788,0,0.599965073,5,0.352941176,1.529411765,O6,de-protonated,0,-9999,C17 H26 O6,17,26,6,-9999,-9999,-9999,-9999,-9999
586,325.18419,325.184287288,325.184289548,373207968,-9999,840042.4,766.82,-1,-0.006950399,0.999945636,0.983506169,0.993369849,4,0.166666667,1.666666667,S1 O3,de-protonated,0,-9999,C18 H30 O3 S1,18,30,3,-9999,-9999,1,-9999,-9999
587,325.201939,325.202036296,325.202047612,12497831,-9999,909914.8,23.76,-1,-0.03479877,0.999780298,0,0.599868179,4,0.277777778,1.666666667,O5,de-protonated,0,-9999,C18 H30 O5,18,30,5,-9999,-9999,-9999,-9999,-9999
588,326.187543,326.187640755,326.187644383,81048824,-9999,837171.1,164.97,-1,-0.011121702,0.999942217,0.983506169,0.993367798,4,0.166666667,1.666666667,13C1 S1 O3,de-protonated,1,586,C17 H30 O3 S1 13C1,17,30,3,-9999,-9999,1,1,-9999
588,326.187543,326.187640755,326.187400606,81048824,-9999,837171.1,164.97,-1,0.736230578,0.453165081,0.829532115,0.603711894,9,0.105263158,1.315789474,N3 O2,de-protonated,0,-9999,C19 H25 O2 N3,19,25,2,3,-9999,-9999,-9999,-9999
589,327.014554,327.01465214,327.014640762,8009234,-9999,839631.5,14.51,-1,0.034794248,0.999780355,0,0.599868213,13,0.5,0.5,O8,de-protonated,0,-9999,C16 H8 O8,16,8,8,-9999,-9999,-9999,-9999,-9999
589,327.014554,327.01465214,327.014478571,8009234,-9999,839631.5,14.51,-1,0.530770256,0.950167313,0,0.570100388,8,0.181818182,1.181818182,N4 S2 P1 O2,de-protonated,0,-9999,C11 H13 O2 N4 P1 S2,11,13,2,4,1,2,-9999,-9999
590,327.072048,327.072146167,327.072155639,10671653,-9999,865459.8,20,-1,-0.028961177,0.999847822,0,0.599908693,7,0.642857143,1.142857143,O9,de-protonated,0,-9999,C14 H16 O9,14,16,9,-9999,-9999,-9999,-9999,-9999
590,327.072048,327.072146167,327.071993448,10671653,-9999,865459.8,20,-1,0.466927583,0.961212577,0,0.576727546,2,0.333333333,2.333333333,N4 S2 P1 O3,de-protonated,0,-9999,C9 H21 O3 N4 P1 S2,9,21,3,4,1,2,-9999,-9999
591,327.08731,327.087408174,327.087411781,12269099,-9999,885292.9,23.29,-1,-0.011026331,0.99997794,0,0.599986764,11,0.333333333,0.888888889,O6,de-protonated,0,-9999,C18 H16 O6,18,16,6,-9999,-9999,-9999,-9999,-9999
592,327.108437,327.108535184,327.108541149,15136306,-9999,846778.6,29.19,-1,-0.018234898,0.999939668,0,0.599963801,6,0.533333333,1.333333333,O8,de-protonated,0,-9999,C15 H20 O8,15,20,8,-9999,-9999,-9999,-9999,-9999
592,327.108437,327.108535184,327.108378958,15136306,-9999,846778.6,29.19,-1,0.477598708,0.95945627,0,0.575673762,1,0.2,2.5,N4 S2 P1 O2,de-protonated,0,-9999,C10 H25 O2 N4 P1 S2,10,25,2,4,1,2,-9999,-9999
593,327.144829,327.144927201,327.144926658,17724990,-9999,827625.4,34.53,-1,0.001659248,0.9999995,0,0.5999997,5,0.4375,1.5,O7,de-protonated,0,-9999,C16 H24 O7,16,24,7,-9999,-9999,-9999,-9999,-9999
594,327.179984,327.180082217,327.180085377,17479242,-9999,867513.6,34.02,-1,-0.009658004,0.999943596,0.983506169,0.993368626,4,0.166666667,1.666666667,34S1 O3,de-protonated,1,586,C18 H30 O3 34S1,18,30,3,-9999,-9999,-9999,-9999,1
595,327.181225,327.181323218,327.181312168,12572235,-9999,813552.3,23.91,-1,0.033774611,0.999793038,0,0.599875823,4,0.352941176,1.647058824,O6,de-protonated,0,-9999,C17 H28 O6,17,28,6,-9999,-9999,-9999,-9999,-9999
596,327.190891,327.190989222,327.190999218,7444046,-9999,914876.4,13.35,-1,-0.030549021,0.999905497,0.983506169,0.993345766,4,0.166666667,1.666666667,13C2 S1 O3,de-protonated,1,586,C16 H30 O3 S1 13C2,16,30,3,-9999,-9999,1,2,-9999
597,327.2176,327.217698235,327.217697677,36386392,-9999,859034.6,72.97,-1,0.001705345,0.999038007,0.986648068,0.994082031,3,0.277777778,1.777777778,O5,de-protonated,0,-9999,C18 H32 O5,18,32,5,-9999,-9999,-9999,-9999,-9999
598,328.22092,328.221018702,328.22105251200003,7788463.5,-9999,847346.3,14.06,-1,-0.103008619,0.998076541,0.986648068,0.993505152,3,0.277777778,1.777777778,13C1 O5,de-protonated,1,597,C17 H32 O5 13C1,17,32,5,-9999,-9999,-9999,1,-9999
600,329.030192,329.030291079,329.030290827,18036934,-9999,871562.4,35.17,-1,7.68525e-4,0.999999893,0,0.599999936,12,0.5,0.625,O8,de-protonated,0,-9999,C16 H10 O8,16,10,8,-9999,-9999,-9999,-9999,-9999
600,329.030192,329.030291079,329.030128635,18036934,-9999,871562.4,35.17,-1,0.49370615,0.95673642,0,0.574041852,7,0.181818182,1.363636364,N4 S2 P1 O2,de-protonated,0,-9999,C11 H15 O2 N4 P1 S2,11,15,2,4,1,2,-9999,-9999
601,329.087713,329.087812106,329.087805704,8714458,-9999,902273.4,15.96,-1,0.019454557,0.999931328,0,0.599958797,6,0.642857143,1.285714286,O9,de-protonated,0,-9999,C14 H18 O9,14,18,9,-9999,-9999,-9999,-9999,-9999
602,329.116027,329.116126119,329.115949005,7067875.5,-9999,951103.5,12.57,-1,0.538152555,0.948807807,0,0.569284684,5,0.4,1.533333333,P1 O6,de-protonated,0,-9999,C15 H23 O6 P1,15,23,6,-9999,1,-9999,-9999,-9999
603,329.124101,329.124200123,329.124191213,17578214,-9999,816001.4,34.22,-1,0.027071425,0.999867032,0,0.599920219,5,0.533333333,1.466666667,O8,de-protonated,0,-9999,C15 H22 O8,15,22,8,-9999,-9999,-9999,-9999,-9999
604,329.152415,329.152514136,329.152334514,129022192,-9999,847202.6,263.8,-1,0.545711434,0.949875305,0.979980949,0.961917562,4,0.3125,1.6875,P1 O5,de-protonated,0,-9999,C16 H27 O5 P1,16,27,5,-9999,1,-9999,-9999,-9999
605,329.16048,329.16057914,329.160576723,20543730,-9999,841530.8,40.33,-1,0.007344318,0.999990213,0,0.599994128,4,0.4375,1.625,O7,de-protonated,0,-9999,C16 H26 O7,16,26,7,-9999,-9999,-9999,-9999,-9999
606,329.188808,329.188907153,329.188720024,16726268,-9999,909683.3,32.47,-1,0.568457504,0.943051823,0,0.565831094,3,0.235294118,1.823529412,P1 O4,de-protonated,0,-9999,C17 H31 O4 P1,17,31,4,-9999,1,-9999,-9999,-9999
607,329.196871,329.196970157,329.196962232,8607999,-9999,889479.6,15.74,-1,0.024073931,0.999894846,0,0.599936908,3,0.352941176,1.764705882,O6,de-protonated,0,-9999,C17 H30 O6,17,30,6,-9999,-9999,-9999,-9999,-9999
608,329.233252,329.233351174,329.233347741,39893260,-9999,856939.1,80.19,-1,0.010426237,0.499990138,0.837042051,0.634810903,2,0.277777778,1.888888889,O5,de-protonated,0,-9999,C18 H34 O5,18,34,5,-9999,-9999,-9999,-9999,-9999
609,330.155761,330.155860604,330.155689349,25967178,-9999,847331.7,51.5,-1,0.518708578,0.952352226,0.979980949,0.963403715,4,0.3125,1.6875,13C1 P1 O5,de-protonated,1,604,C15 H27 O5 P1 13C1,15,27,5,-9999,1,-9999,1,-9999
609,330.155761,330.155860604,330.155825695,25967178,-9999,847331.7,51.5,-1,0.105734824,0.997973487,0,0.598784092,4,0.466666667,1.666666667,N1 O7,de-protonated,0,-9999,C15 H25 O7 N1,15,25,7,1,-9999,-9999,-9999,-9999
610,331.095295,331.095395042,331.09521356,9042830,-9999,965919.3,16.57,-1,0.54812521,0.946944618,0,0.568166771,5,0.5,1.5,P1 O7,de-protonated,0,-9999,C14 H21 O7 P1,14,21,7,-9999,1,-9999,-9999,-9999
611,331.10338,331.103480045,331.103455768,7535504.5,-9999,864400.2,13.48,-1,0.073321223,0.999025007,0,0.599415004,5,0.642857143,1.428571429,O9,de-protonated,0,-9999,C14 H20 O9,14,20,9,-9999,-9999,-9999,-9999,-9999
612,331.131651,331.131751058,331.131599069,10738586,-9999,860449.5,20.05,-1,0.45899945,0.962493757,0,0.577496254,4,0.4,1.666666667,P1 O6,de-protonated,0,-9999,C15 H25 O6 P1,15,25,6,-9999,1,-9999,-9999,-9999
613,331.139753,331.139853062,331.139841278,13155229,-9999,819781.5,25.01,-1,0.035587704,0.999770224,0,0.599862135,4,0.533333333,1.6,O8,de-protonated,0,-9999,C15 H24 O8,15,24,8,-9999,-9999,-9999,-9999,-9999
615,331.176125,331.176225079,331.176226787,11287466,-9999,912537.9,21.17,-1,-0.005157065,0.999995174,0,0.599997105,3,0.4375,1.75,O7,de-protonated,0,-9999,C16 H28 O7,16,28,7,-9999,-9999,-9999,-9999,-9999
616,331.204438,331.204538092,331.204370088,15465396,-9999,855497,29.75,-1,0.50725307100000006,0.954385332,0,0.572631199,2,0.235294118,1.941176471,P1 O4,de-protonated,0,-9999,C17 H33 O4 P1,17,33,4,-9999,1,-9999,-9999,-9999
617,333.110934,333.111034981,333.110863624,64011848,-9999,823935.6,129.33,-1,0.514412144,0.95884119,0.965267546,0.961411732,4,0.5,1.642857143,P1 O7,de-protonated,0,-9999,C14 H23 O7 P1,14,23,7,-9999,1,-9999,-9999,-9999
618,333.147319,333.147419998,333.147249134,20463186,-9999,879503.2,40,-1,0.512877942,0.95339217,0,0.572035302,3,0.4,1.8,P1 O6,de-protonated,0,-9999,C15 H27 O6 P1,15,27,6,-9999,1,-9999,-9999,-9999
619,333.220088,333.220189032,333.220020152,8330860,-9999,952035.5,15.11,-1,0.506809522,0.954463225,0,0.572677935,1,0.235294118,2.058823529,P1 O4,de-protonated,0,-9999,C17 H35 O4 P1,17,35,4,-9999,1,-9999,-9999,-9999
620,334.114266,334.114367448,334.11421845900003,12763041,-9999,834072,24.2,-1,0.445921348,0.964562819,0.965267546,0.96484471,4,0.5,1.642857143,13C1 P1 O7,de-protonated,1,617,C13 H23 O7 P1 13C1,13,23,7,-9999,1,-9999,1,-9999
620,334.114266,334.114367448,334.114354805,12763041,-9999,834072,24.2,-1,0.037840465,0.999740217,0,0.59984413,4,0.692307692,1.615384615,N1 O9,de-protonated,0,-9999,C13 H21 O9 N1,13,21,9,1,-9999,-9999,-9999,-9999
621,335.090191,335.090292903,335.090128179,8052978.5,-9999,932851.6,14.54,-1,0.491579127,0.957100304,0,0.574260182,4,0.615384615,1.615384615,P1 O8,de-protonated,0,-9999,C13 H21 O8 P1,13,21,8,-9999,1,-9999,-9999,-9999
622,335.107976,335.108077911,335.107753302,20234488,-9999,838686,39.53,-1,0.968669289,0.843448051,0,0.506068831,17,0.083333333,0.666666667,O2,de-protonated,0,-9999,C24 H16 O2,24,16,2,-9999,-9999,-9999,-9999,-9999
623,335.126581,335.12668292,335.126513689,17924350,-9999,867137.5,34.79,-1,0.504976211,0.954784525,0,0.572870715,3,0.5,1.785714286,P1 O7,de-protonated,0,-9999,C14 H25 O7 P1,14,25,7,-9999,1,-9999,-9999,-9999
624,335.162961,335.163062937,335.162899198,18923788,-9999,844120.9,36.84,-1,0.488534134,0.957618736,0,0.574571241,2,0.4,1.933333333,P1 O6,de-protonated,0,-9999,C15 H29 O6 P1,15,29,6,-9999,1,-9999,-9999,-9999
625,335.199358,335.199459954,335.199284708,7282968,-9999,930735.9,12.96,-1,0.52281175,0.951614032,0,0.570968419,1,0.3125,2.0625,P1 O5,de-protonated,0,-9999,C16 H33 O5 P1,16,33,5,-9999,1,-9999,-9999,-9999
626,336.158217,336.1583194,336.15814817,41796196,-9999,833393.9,83.76,-1,0.509373384,0.953189125,0.983672279,0.965382386,2,0.428571429,2,N1 P1 O6,de-protonated,0,-9999,C14 H28 O6 N1 P1,14,28,6,1,1,-9999,-9999,-9999
627,337.056396,337.056498819,337.056505575,26198936,-9999,829748.3,51.76,-1,-0.020044588,0.999927099,0,0.59995626,9,0.6,0.933333333,O9,de-protonated,0,-9999,C15 H14 O9,15,14,9,-9999,-9999,-9999,-9999,-9999
627,337.056396,337.056498819,337.056343384,26198936,-9999,829748.3,51.76,-1,0.461154861,0.962147448,0,0.577288469,4,0.3,1.9,N4 S2 P1 O3,de-protonated,0,-9999,C10 H19 O3 N4 P1 S2,10,19,3,4,1,2,-9999,-9999
628,337.105854,337.105956842,337.105778244,11518889,-9999,922058.4,21.65,-1,0.529797991,0.950345107,0,0.570207064,3,0.615384615,1.769230769,P1 O8,de-protonated,0,-9999,C13 H23 O8 P1,13,23,8,-9999,1,-9999,-9999,-9999
629,337.142222,337.142324859,337.142163753,21300150,-9999,841383.8,41.71,-1,0.477856452,0.959413398,0,0.575648039,2,0.5,1.928571429,P1 O7,de-protonated,0,-9999,C14 H27 O7 P1,14,27,7,-9999,1,-9999,-9999,-9999
630,337.161575,337.161677868,337.161503005,7250876.5,-9999,836937,12.89,-1,0.518631022,0.952366128,0.983672279,0.964888588,2,0.428571429,2,13C1 N1 P1 O6,de-protonated,1,626,C13 H28 O6 N1 P1 13C1,13,28,6,1,1,-9999,1,-9999
630,337.161575,337.161677868,337.161639351,7250876.5,-9999,836937,12.89,-1,0.114238366,0.997634823,0,0.598580894,2,0.615384615,2,N2 O8,de-protonated,0,-9999,C13 H26 O8 N2,13,26,8,2,-9999,-9999,-9999,-9999
631,337.178641,337.178743876,337.178549263,18564034,-9999,854142.1,36.1,-1,0.577181367,0.941343177,0,0.564805906,1,0.4,2.066666667,P1 O6,de-protonated,0,-9999,C15 H31 O6 P1,15,31,6,-9999,1,-9999,-9999,-9999
632,338.155262,338.155365331,338.155037849,13518098,-9999,845961.5,25.75,-1,0.968438419,0.843516498,0,0.506109899,15,0.041666667,0.875,N1 O1,de-protonated,0,-9999,C24 H21 O1 N1,24,21,1,1,-9999,-9999,-9999,-9999
633,339.072058,339.072161758,339.072155639,7325261,-9999,839104.7,13.04,-1,0.018044808,0.999940919,0,0.599964552,8,0.6,1.066666667,O9,de-protonated,0,-9999,C15 H16 O9,15,16,9,-9999,-9999,-9999,-9999,-9999
633,339.072058,339.072161758,339.071993448,7325261,-9999,839104.7,13.04,-1,0.496383733,0.956276313,0,0.573765788,3,0.3,2.1,N4 S2 P1 O3,de-protonated,0,-9999,C10 H21 O3 N4 P1 S2,10,21,3,4,1,2,-9999,-9999
634,339.108482,339.108585775,339.108541149,9348697,-9999,798724.7,17.19,-1,0.131598313,0.996862583,0,0.59811755,7,0.5,1.25,O8,de-protonated,0,-9999,C16 H20 O8,16,20,8,-9999,-9999,-9999,-9999,-9999
634,339.108482,339.108585775,339.108378958,9348697,-9999,798724.7,17.19,-1,0.609885968,0.934735371,0,0.560841222,2,0.181818182,2.272727273,N4 S2 P1 O2,de-protonated,0,-9999,C11 H25 O2 N4 P1 S2,11,25,2,4,1,2,-9999,-9999
635,339.121507,339.121610781,339.121428308,12174942,-9999,891466.7,22.99,-1,0.538074552,0.94882226,0,0.569293356,2,0.615384615,1.923076923,P1 O8,de-protonated,0,-9999,C13 H25 O8 P1,13,25,8,-9999,1,-9999,-9999,-9999
636,339.139283,339.139386789,339.139053431,6858340,-9999,907426.1,12.08,-1,0.98295339,0.839192429,0,0.503515458,15,0.083333333,0.833333333,O2,de-protonated,0,-9999,C24 H20 O2,24,20,2,-9999,-9999,-9999,-9999,-9999
637,339.144767,339.144870792,339.144926658,6850149.5,-9999,836044.3,12.07,-1,-0.164727018,0.995088493,0,0.597053096,6,0.411764706,1.411764706,O7,de-protonated,0,-9999,C17 H24 O7,17,24,7,-9999,-9999,-9999,-9999,-9999
637,339.144767,339.144870792,339.144764467,6850149.5,-9999,836044.3,12.07,-1,0.313509181,0.982323859,0,0.589394315,1,0.083333333,2.416666667,N4 S2 P1 O1,de-protonated,0,-9999,C12 H29 O1 N4 P1 S2,12,29,1,4,1,2,-9999,-9999
638,339.157885,339.157988798,339.157813818,9135722,-9999,932429.7,16.75,-1,0.515925631,0.952849913,0,0.571709948,1,0.5,2.071428571,P1 O7,de-protonated,0,-9999,C14 H29 O7 P1,14,29,7,-9999,1,-9999,-9999,-9999
639,339.181232,339.181335809,339.181312168,9094770,-9999,867292.8,16.67,-1,0.069701089,0.999118867,0,0.59947132,5,0.333333333,1.555555556,O6,de-protonated,0,-9999,C18 H28 O6,18,28,6,-9999,-9999,-9999,-9999,-9999
640,339.19983,339.199933818,339.199939612,241616512,-9999,808381.5,493.67,-1,-0.017083253,0.999965674,0.977365628,0.990925656,4,0.157894737,1.684210526,S1 O3,de-protonated,0,-9999,C19 H32 O3 S1,19,32,3,-9999,-9999,1,-9999,-9999
641,340.203187,340.203291285,340.203294447,55625680,-9999,834534.9,111.65,-1,-0.009295141,0.999978099,0.977365628,0.990933111,4,0.157894737,1.684210526,13C1 S1 O3,de-protonated,1,640,C18 H32 O3 S1 13C1,18,32,3,-9999,-9999,1,1,-9999
641,340.203187,340.203291285,340.20305067,55625680,-9999,834534.9,111.65,-1,0.707267798,0.908337958,0.934951511,0.918983379,9,0.1,1.35,N3 O2,de-protonated,0,-9999,C20 H27 O2 N3,20,27,2,3,-9999,-9999,-9999,-9999
642,341.124075,341.124179714,341.124191213,10520841,-9999,898812.4,19.51,-1,-0.033709921,0.99979383,0,0.599876298,6,0.5,1.375,O8,de-protonated,0,-9999,C16 H22 O8,16,22,8,-9999,-9999,-9999,-9999,-9999
642,341.124075,341.124179714,341.124029022,10520841,-9999,898812.4,19.51,-1,0.441751527,0.965210857,0,0.579126514,1,0.181818182,2.454545455,N4 S2 P1 O2,de-protonated,0,-9999,C11 H27 O2 N4 P1 S2,11,27,2,4,1,2,-9999,-9999
643,341.137139,341.13724372,341.137078373,13977870,-9999,860845.8,26.57,-1,0.484694446,0.958268274,0,0.574960964,1,0.615384615,2.076923077,P1 O8,de-protonated,0,-9999,C13 H27 O8 P1,13,27,8,-9999,1,-9999,-9999,-9999
644,341.152378,341.152482727,341.152334514,8734995,-9999,802473.6,15.86,-1,0.434448316,0.966332217,0,0.57979933,5,0.294117647,1.588235294,P1 O5,de-protonated,0,-9999,C17 H27 O5 P1,17,27,5,-9999,1,-9999,-9999,-9999
645,341.160459,341.160563731,341.160576723,14666006,-9999,856860.4,27.98,-1,-0.0380808,0.999736907,0,0.599842144,5,0.411764706,1.529411765,O7,de-protonated,0,-9999,C17 H26 O7,17,26,7,-9999,-9999,-9999,-9999,-9999
646,341.195626,341.195730747,341.195735442,13633826,-9999,831762.3,25.87,-1,-0.013758623,0.999971876,0.977365628,0.990929377,4,0.157894737,1.684210526,34S1 O3,de-protonated,1,640,C19 H32 O3 34S1,19,32,3,-9999,-9999,-9999,-9999,1
647,341.196854,341.196958748,341.196962232,15698210,-9999,855875.7,30.09,-1,-0.01021129,0.99998108,0,0.599988648,4,0.333333333,1.666666667,O6,de-protonated,0,-9999,C18 H30 O6,18,30,6,-9999,-9999,-9999,-9999,-9999
648,341.206556,341.206660752,341.206405505,7072037.5,-9999,786127.6,12.47,-1,0.748072325,0.903444229,0.934951511,0.916047142,9,0.1,1.35,13C1 N3 O2,de-protonated,1,641,C19 H27 O2 N3 13C1,19,27,2,3,-9999,-9999,1,-9999
651,343.009436,343.009541592,343.009555382,7465864,-9999,923231.5,13.27,-1,-0.040200679,0.999706805,0,0.599824083,13,0.5625,0.5,O9,de-protonated,0,-9999,C16 H8 O9,16,8,9,-9999,-9999,-9999,-9999,-9999
651,343.009436,343.009541592,343.00939319,7465864,-9999,923231.5,13.27,-1,0.432647374,0.966606064,0,0.579963639,8,0.272727273,1.181818182,N4 S2 P1 O3,de-protonated,0,-9999,C11 H13 O3 N4 P1 S2,11,13,3,4,1,2,-9999,-9999
652,343.066941,343.067046619,343.067070259,9898907,-9999,843418,18.24,-1,-0.068907328,0.999138813,0,0.599483288,7,0.714285714,1.142857143,O10,de-protonated,0,-9999,C14 H16 O10,14,16,10,-9999,-9999,-9999,-9999,-9999
652,343.066941,343.067046619,343.066908068,9898907,-9999,843418,18.24,-1,0.403861439,0.970838626,0,0.582503176,2,0.444444444,2.333333333,N4 S2 P1 O4,de-protonated,0,-9999,C9 H21 O4 N4 P1 S2,9,21,4,4,1,2,-9999,-9999
653,343.103354,343.103459636,343.103455768,10865575,-9999,837014.3,20.22,-1,0.011272927,0.999976942,0,0.599986165,6,0.6,1.333333333,O9,de-protonated,0,-9999,C15 H20 O9,15,20,9,-9999,-9999,-9999,-9999,-9999
653,343.103354,343.103459636,343.103293577,10865575,-9999,837014.3,20.22,-1,0.483991595,0.958386663,0,0.575031998,1,0.3,2.5,N4 S2 P1 O3,de-protonated,0,-9999,C10 H25 O3 N4 P1 S2,10,25,3,4,1,2,-9999,-9999
654,343.13167,343.131775649,343.131599069,8653745,-9999,797574.8,15.7,-1,0.514613382,0.95308375,0,0.57185025,5,0.375,1.5625,P1 O6,de-protonated,0,-9999,C16 H25 O6 P1,16,25,6,-9999,1,-9999,-9999,-9999
655,343.139732,343.139837653,343.139841278,18238388,-9999,830688.7,35.28,-1,-0.010563102,0.999979754,0,0.599987853,5,0.5,1.5,O8,de-protonated,0,-9999,C16 H24 O8,16,24,8,-9999,-9999,-9999,-9999,-9999
656,343.168059,343.168164666,343.167984579,25021374,-9999,844498.8,49.13,-1,0.524780063,0.951258057,0,0.570754834,4,0.294117647,1.705882353,P1 O5,de-protonated,0,-9999,C17 H29 O5 P1,17,29,5,-9999,1,-9999,-9999,-9999
657,343.176117,343.17622267,343.176226787,18369472,-9999,838887.8,35.54,-1,-0.011996807,0.999973886,0,0.599984331,4,0.411764706,1.647058824,O7,de-protonated,0,-9999,C17 H28 O7,17,28,7,-9999,-9999,-9999,-9999,-9999
658,343.212502,343.212607687,343.212612296,29117388,-9999,832570.3,57.5,-1,-0.013430209,0.999967273,0,0.599980364,3,0.333333333,1.777777778,O6,de-protonated,0,-9999,C18 H32 O6,18,32,6,-9999,-9999,-9999,-9999,-9999
659,345.110939,345.111045572,345.110863624,8072777.5,-9999,844033.3,14.51,-1,0.527213649,0.950816271,0,0.570489763,5,0.466666667,1.533333333,P1 O7,de-protonated,0,-9999,C15 H23 O7 P1,15,23,7,-9999,1,-9999,-9999,-9999
660,345.119006,345.119112575,345.119105833,10767948,-9999,839312.9,20.01,-1,0.01953652,0.999930748,0,0.599958449,5,0.6,1.466666667,O9,de-protonated,0,-9999,C15 H22 O9,15,22,9,-9999,-9999,-9999,-9999,-9999
661,345.147319,345.147425588,345.147249134,257871440,-9999,800872.8,524.8,-1,0.511244861,0.954159852,0.984605476,0.966338101,4,0.375,1.6875,P1 O6,de-protonated,0,-9999,C16 H27 O6 P1,16,27,6,-9999,1,-9999,-9999,-9999
663,345.183706,345.183812605,345.183634643,27577954,-9999,812031.1,54.35,-1,0.51555851,0.952915387,0,0.571749232,3,0.294117647,1.823529412,P1 O5,de-protonated,0,-9999,C17 H31 O5 P1,17,31,5,-9999,1,-9999,-9999,-9999
664,345.191761,345.191867609,345.191876852,9776741,-9999,865121.3,17.99,-1,-0.026774607,0.999869932,0,0.599921959,3,0.411764706,1.764705882,O7,de-protonated,0,-9999,C17 H30 O7,17,30,7,-9999,-9999,-9999,-9999,-9999
665,345.228166,345.228272626,345.228262361,13061745,-9999,827058.8,24.7,-1,0.02973463,0.999839585,0,0.599903751,2,0.333333333,1.888888889,O6,de-protonated,0,-9999,C18 H34 O6,18,34,6,-9999,-9999,-9999,-9999,-9999
666,346.150672,346.150779056,346.150603969,50188196,-9999,814556,100.54,-1,0.505812078,0.954638165,0.984605476,0.966625089,4,0.375,1.6875,13C1 P1 O6,de-protonated,1,661,C15 H27 O6 P1 13C1,15,27,6,-9999,1,-9999,1,-9999
666,346.150672,346.150779056,346.150740314,50188196,-9999,814556,100.54,-1,0.111920998,0.498864849,0.860410506,0.643483112,4,0.533333333,1.666666667,N1 O8,de-protonated,0,-9999,C15 H25 O8 N1,15,25,8,1,-9999,-9999,-9999,-9999
667,347.017426,347.01753346,347.017224219,7114949.5,-9999,797138.7,12.55,-1,0.891139406,0.86580658,0,0.519483948,20,0.086956522,0.347826087,S1 O2,de-protonated,0,-9999,C23 H8 O2 S1,23,8,2,-9999,-9999,1,-9999,-9999
667,347.017426,347.01753346,347.017357161,7114949.5,-9999,797138.7,12.55,-1,0.50804085,0.954246834,0,0.572548101,7,0.833333333,1.083333333,P1 O10,de-protonated,0,-9999,C12 H13 O10 P1,12,13,10,-9999,1,-9999,-9999,-9999
668,347.090188,347.090295494,347.090128179,11374813,-9999,833583.1,21.25,-1,0.482048263,0.958713184,0,0.57522791,5,0.571428571,1.5,P1 O8,de-protonated,0,-9999,C14 H21 O8 P1,14,21,8,-9999,1,-9999,-9999,-9999
669,347.12658,347.126687511,347.126513689,11948266,-9999,805627.4,22.42,-1,0.500744805,0.955522071,0,0.573313243,4,0.466666667,1.666666667,P1 O7,de-protonated,0,-9999,C15 H25 O7 P1,15,25,7,-9999,1,-9999,-9999,-9999
670,347.144364,347.144471519,347.144138812,75813104,-9999,795330.8,152.89,-1,0.958411902,0.423239323,0.780512821,0.566148722,17,0.038461538,0.769230769,O1,de-protonated,0,-9999,C26 H20 O1,26,20,1,-9999,-9999,-9999,-9999,-9999
671,347.162965,347.163072528,347.162899198,34001140,-9999,821690.1,67.47,-1,0.499273975,0.95577712,0,0.573466272,3,0.375,1.8125,P1 O6,de-protonated,0,-9999,C16 H29 O6 P1,16,29,6,-9999,1,-9999,-9999,-9999
673,347.199354,347.199461545,347.199284708,34296064,-9999,808347.3,68.08,-1,0.509324219,0.954993135,0.980388836,0.965151415,2,0.294117647,1.941176471,P1 O5,de-protonated,0,-9999,C17 H33 O5 P1,17,33,5,-9999,1,-9999,-9999,-9999
674,347.272116,347.272223578,347.272055726,9556250,-9999,898885.3,17.54,-1,0.48334498,0.958495442,0,0.575097265,0,0.157894737,2.157894737,P1 O3,de-protonated,0,-9999,C19 H41 O3 P1,19,41,3,-9999,1,-9999,-9999,-9999
675,348.129889,348.129996978,348.13000487,8368694,-9999,825912.6,15.11,-1,-0.022668092,0.999906768,0,0.599944061,4,0.642857143,1.642857143,N1 O9,de-protonated,0,-9999,C14 H23 O9 N1,14,23,9,1,-9999,-9999,-9999,-9999
677,348.202705,348.202813012,348.202639543,7270990.5,-9999,937217,12.87,-1,0.498185203,0.955965479,0.980388836,0.965734822,2,0.294117647,1.941176471,13C1 P1 O5,de-protonated,1,673,C16 H33 O5 P1 13C1,16,33,5,-9999,1,-9999,1,-9999
677,348.202705,348.202813012,348.202775888,7270990.5,-9999,937217,12.87,-1,0.106615412,0.997939626,0,0.598763776,2,0.4375,1.9375,N1 O7,de-protonated,0,-9999,C16 H31 O7 N1,16,31,7,1,-9999,-9999,-9999,-9999
678,349.055028,349.055136409,349.055005973,31609704,-9999,797631.5,62.59,-1,0.37368304,0.97498098,0,0.584988588,0,0.7,2.3,S2 P1 O7,de-protonated,0,-9999,C10 H23 O7 P1 S2,10,23,7,-9999,1,2,-9999,-9999
678,349.055028,349.055136409,349.055474004,31609704,-9999,797631.5,62.59,-1,-0.967166366,0.843893433,0,0.50633606,6,0.8,1.5,N4 P1 O8,de-protonated,0,-9999,C10 H15 O8 N4 P1,10,15,8,4,1,-9999,-9999,-9999
679,349.105357,349.105465433,349.105778244,15717241,-9999,1480518.6,30.12,-1,-0.896036116,0.86443285,0,0.51865971,4,0.571428571,1.642857143,P1 O8,de-protonated,0,-9999,C14 H23 O8 P1,14,23,8,-9999,1,-9999,-9999,-9999
680,349.105845,349.105953433,349.105778244,196006784,-9999,801019.6,398.42,-1,0.501821661,0.956771422,0.994995234,0.972060947,4,0.571428571,1.642857143,P1 O8,de-protonated,0,-9999,C14 H23 O8 P1,14,23,8,-9999,1,-9999,-9999,-9999
681,349.142231,349.14233945,349.142163753,19026820,-9999,811315.3,36.88,-1,0.503223221,0.955090761,0,0.573054456,3,0.466666667,1.8,P1 O7,de-protonated,0,-9999,C15 H27 O7 P1,15,27,7,-9999,1,-9999,-9999,-9999
682,349.157489,349.157597457,349.157419895,7099273.5,-9999,850708.7,12.52,-1,0.508545008,0.954158097,0,0.572494858,7,0.210526316,1.421052632,P1 O4,de-protonated,0,-9999,C19 H27 O4 P1,19,27,4,-9999,1,-9999,-9999,-9999
683,349.160028,349.160136458,349.159788876,10466187,-9999,849785.2,19.4,-1,0.995480399,0.835427055,0,0.501256233,16,0.038461538,0.846153846,O1,de-protonated,0,-9999,C26 H22 O1,26,22,1,-9999,-9999,-9999,-9999,-9999
684,349.17861,349.178718467,349.178549263,9900945,-9999,772536.8,18.24,-1,0.484577428,0.958287995,0,0.574972797,2,0.375,1.9375,P1 O6,de-protonated,0,-9999,C16 H31 O6 P1,16,31,6,-9999,1,-9999,-9999,-9999
686,349.215,349.215108484,349.214934772,22565788,-9999,813055.9,44.11,-1,0.497434761,0.956095088,0,0.573657053,1,0.294117647,2.058823529,P1 O5,de-protonated,0,-9999,C17 H35 O5 P1,17,35,5,-9999,1,-9999,-9999,-9999
687,350.109194,350.1093029,350.109133079,30987460,-9999,791940.7,61.04,-1,0.485052296,0.958207936,0.994995234,0.972922856,4,0.571428571,1.642857143,13C1 P1 O8,de-protonated,1,680,C13 H23 O8 P1 13C1,13,23,8,-9999,1,-9999,1,-9999
687,350.109194,350.1093029,350.109269425,30987460,-9999,791940.7,61.04,-1,0.095614774,0.998342538,0,0.599005523,4,0.769230769,1.615384615,N1 O10,de-protonated,0,-9999,C13 H21 O10 N1,13,21,10,1,-9999,-9999,-9999,-9999
688,351.052092,351.05220134,351.051895651,9262585,-9999,802207.6,16.86,-1,0.870777983,0.87146093,0,0.522876558,13,0.1,0.8,S2 O2,de-protonated,0,-9999,C20 H16 O2 S2,20,16,2,-9999,-9999,2,-9999,-9999
688,351.052092,351.05220134,351.052363682,9262585,-9999,802207.6,16.86,-1,-0.462444938,0.961939455,0,0.577163673,19,0.15,0.4,N4 O3,de-protonated,0,-9999,C20 H8 O3 N4,20,8,3,4,-9999,-9999,-9999,-9999
689,351.102891,351.103000363,351.102667922,58840584,-9999,799091.6,117.69,-1,0.946848855,0.856120692,0.944338833,0.891407948,17,0.125,0.666666667,O3,de-protonated,0,-9999,C24 H16 O3,24,16,3,-9999,-9999,-9999,-9999,-9999
690,351.12149,351.121599372,351.121428308,15554064,-9999,834807.5,29.66,-1,0.487191811,0.957846341,0,0.574707805,3,0.571428571,1.785714286,P1 O8,de-protonated,0,-9999,C14 H25 O8 P1,14,25,8,-9999,1,-9999,-9999,-9999
691,351.157872,351.157981389,351.157813818,15668764,-9999,810312,29.89,-1,0.477195946,0.95952322,0,0.575713932,2,0.466666667,1.933333333,P1 O7,de-protonated,0,-9999,C15 H29 O7 P1,15,29,7,-9999,1,-9999,-9999,-9999
692,351.194262,351.194371406,351.194199327,7558695.5,-9999,857959.4,13.4,-1,0.489981582,0.957372664,0,0.574423599,1,0.375,2.0625,P1 O6,de-protonated,0,-9999,C16 H33 O6 P1,16,33,6,-9999,1,-9999,-9999,-9999
694,351.230606,351.230715423,351.230584836,8140339.5,-9999,809732.7,14.58,-1,0.371796415,0.975229824,0,0.585137894,0,0.294117647,2.176470588,P1 O5,de-protonated,0,-9999,C17 H37 O5 P1,17,37,5,-9999,1,-9999,-9999,-9999
695,352.106231,352.106340831,352.106022757,10418002,-9999,743415.2,19.21,-1,0.903345957,0.862372228,0.944338833,0.89515887,17,0.125,0.666666667,13C1 O3,de-protonated,1,689,C23 H16 O3 13C1,23,16,3,-9999,-9999,-9999,1,-9999
696,353.137125,353.137235311,353.137078373,13211811,-9999,814744.7,24.89,-1,0.444411341,0.964798144,0,0.578878886,2,0.571428571,1.928571429,P1 O8,de-protonated,0,-9999,C14 H27 O8 P1,14,27,8,-9999,1,-9999,-9999,-9999
697,353.173523,353.173633328,353.173463882,9296047,-9999,837074.9,16.93,-1,0.47978047,0.9590927,0,0.57545562,1,0.466666667,2.066666667,P1 O7,de-protonated,0,-9999,C15 H31 O7 P1,15,31,7,-9999,1,-9999,-9999,-9999
698,355.06697,355.06708121,355.067070259,12540695,-9999,796133.9,23.52,-1,0.030842231,0.999827413,0,0.599896448,8,0.666666667,1.066666667,O10,de-protonated,0,-9999,C15 H16 O10,15,16,10,-9999,-9999,-9999,-9999,-9999
698,355.06697,355.06708121,355.066908068,12540695,-9999,796133.9,23.52,-1,0.487633138,0.957771573,0,0.574662944,3,0.4,2.1,N4 S2 P1 O4,de-protonated,0,-9999,C10 H21 O4 N4 P1 S2,10,21,4,4,1,2,-9999,-9999
699,355.103371,355.103482227,355.103455768,7076642.5,-9999,788147.8,12.41,-1,0.074509751,0.998993158,0,0.599395895,7,0.5625,1.25,O9,de-protonated,0,-9999,C16 H20 O9,16,20,9,-9999,-9999,-9999,-9999,-9999
699,355.103371,355.103482227,355.103293577,7076642.5,-9999,788147.8,12.41,-1,0.531253873,0.950078767,0,0.57004725999999994,2,0.272727273,2.272727273,N4 S2 P1 O3,de-protonated,0,-9999,C11 H25 O3 N4 P1 S2,11,25,3,4,1,2,-9999,-9999
700,355.139746,355.139857244,355.139841278,8035118.5,-9999,780825.8,14.36,-1,0.044957691,0.999633324,0,0.599779995,6,0.470588235,1.411764706,O8,de-protonated,0,-9999,C17 H24 O8,17,24,8,-9999,-9999,-9999,-9999,-9999
700,355.139746,355.139857244,355.139679086,8035118.5,-9999,780825.8,14.36,-1,0.501655005,0.955363897,0,0.573218338,1,0.166666667,2.416666667,N4 S2 P1 O2,de-protonated,0,-9999,C12 H29 O2 N4 P1 S2,12,29,2,4,1,2,-9999,-9999
701,355.152784,355.15289525,355.152728437,8379186.5,-9999,886913.9,15.06,-1,0.46969306,0.960760924,0,0.576456554,1,0.571428571,2.071428571,P1 O8,de-protonated,0,-9999,C14 H29 O8 P1,14,29,8,-9999,1,-9999,-9999,-9999
702,355.176108,355.17621926100003,355.176226787,12114746,-9999,790914,22.66,-1,-0.021189879,0.999918531,0,0.599951119,5,0.388888889,1.555555556,O7,de-protonated,0,-9999,C18 H28 O7,18,28,7,-9999,-9999,-9999,-9999,-9999
704,357.119015,357.119127166,357.119105833,8904111,-9999,781910.5,16.13,-1,0.059737247,0.999352703,0,0.599611622,6,0.5625,1.375,O9,de-protonated,0,-9999,C16 H22 O9,16,22,9,-9999,-9999,-9999,-9999,-9999
704,357.119015,357.119127166,357.118943642,8904111,-9999,781910.5,16.13,-1,0.513903408,0.953210039,0,0.571926024,1,0.272727273,2.454545455,N4 S2 P1 O3,de-protonated,0,-9999,C11 H27 O3 N4 P1 S2,11,27,3,4,1,2,-9999,-9999
705,357.147299,357.147411179,357.147249134,7609784.5,-9999,834507.3,13.5,-1,0.453722184,0.963335324,0,0.578001195,5,0.352941176,1.588235294,P1 O6,de-protonated,0,-9999,C17 H27 O6 P1,17,27,6,-9999,1,-9999,-9999,-9999
706,357.155384,357.155496183,357.155491342,14753211,-9999,768930.5,28.02,-1,0.01355406,0.999966666,0,0.59998,5,0.470588235,1.529411765,O8,de-protonated,0,-9999,C17 H26 O8,17,26,8,-9999,-9999,-9999,-9999,-9999
707,357.191756,357.1918682,357.191876852,16424391,-9999,794490.5,31.42,-1,-0.024220868,0.999893559,0,0.599936135,4,0.388888889,1.666666667,O7,de-protonated,0,-9999,C18 H30 O7,18,30,7,-9999,-9999,-9999,-9999,-9999
708,359.126577,359.126690102,359.126513689,9461815,-9999,869490.1,17.26,-1,0.491227109,0.957160388,0,0.574296233,5,0.4375,1.5625,P1 O7,de-protonated,0,-9999,C16 H25 O7 P1,16,25,7,-9999,1,-9999,-9999,-9999
709,359.134641,359.134754105,359.134755897,11427898,-9999,836927.8,21.26,-1,-0.00498992,0.999995482,0,0.599997289,5,0.5625,1.5,O9,de-protonated,0,-9999,C16 H24 O9,16,24,9,-9999,-9999,-9999,-9999,-9999
710,359.162966,359.163079118,359.162899198,22634562,-9999,798775.7,44.05,-1,0.500943397,0.955487582,0,0.573292549,4,0.352941176,1.705882353,P1 O6,de-protonated,0,-9999,C17 H29 O6 P1,17,29,6,-9999,1,-9999,-9999,-9999
711,359.171024,359.171137122,359.171141407,13770821,-9999,804465.9,26.02,-1,-0.011928722,0.999974181,0,0.599984509,4,0.470588235,1.647058824,O8,de-protonated,0,-9999,C17 H28 O8,17,28,8,-9999,-9999,-9999,-9999,-9999
712,359.207432,359.207545139,359.207526916,14999633,-9999,801478.3,28.52,-1,0.050731565,0.999533116,0,0.59971987,3,0.388888889,1.777777778,O7,de-protonated,0,-9999,C18 H32 O7,18,32,7,-9999,-9999,-9999,-9999,-9999
713,360.166273,360.166386586,360.166390379,8544646,-9999,852785.3,15.32,-1,-0.010531131000000001,0.999979877,0,0.599987926,4,0.5,1.6875,N1 O8,de-protonated,0,-9999,C16 H27 O8 N1,16,27,8,1,-9999,-9999,-9999,-9999
714,361.105819,361.105933024,361.105778244,7889587.5,-9999,847509.5,14,-1,0.428627069,0.967213556,0,0.580328134,5,0.533333333,1.533333333,P1 O8,de-protonated,0,-9999,C15 H23 O8 P1,15,23,8,-9999,1,-9999,-9999,-9999
715,361.142238,361.142352041,361.142163753,18883264,-9999,773461,36.25,-1,0.521366232,0.95187469,0,0.571124814,4,0.4375,1.6875,P1 O7,de-protonated,0,-9999,C16 H27 O7 P1,16,27,7,-9999,1,-9999,-9999,-9999
716,361.1503,361.150414044,361.150405962,8479426,-9999,843304.2,15.19,-1,0.022380137,0.999909122,0,0.599945473,4,0.5625,1.625,O9,de-protonated,0,-9999,C16 H26 O9,16,26,9,-9999,-9999,-9999,-9999,-9999
718,361.178605,361.178719058,361.178549263,31417034,-9999,765602.6,61.62,-1,0.470113531,0.960692038,0,0.576415223,3,0.352941176,1.823529412,P1 O6,de-protonated,0,-9999,C17 H31 O6 P1,17,31,6,-9999,1,-9999,-9999,-9999
719,362.101072,362.101186487,362.101027216,13509619,-9999,822564.3,25.37,-1,0.439852954,0.965504043,0,0.579302426,5,0.571428571,1.571428571,N1 P1 O8,de-protonated,0,-9999,C14 H22 O8 N1 P1,14,22,8,1,1,-9999,-9999,-9999
720,362.145569,362.145683508,362.145654934,9372673,-9999,828737.1,17,-1,0.078902225,0.998871018,0,0.599322611,4,0.6,1.666666667,N1 O9,de-protonated,0,-9999,C15 H25 O9 N1,15,25,9,1,-9999,-9999,-9999,-9999
721,362.181957,362.182071525,362.182040443,8119309,-9999,847023,14.46,-1,0.085817898,0.998664575,0,0.599198745,3,0.5,1.8125,N1 O8,de-protonated,0,-9999,C16 H29 O8 N1,16,29,8,1,-9999,-9999,-9999,-9999
722,363.070649,363.070763939,363.070656038,11625770,-9999,822184.2,21.56,-1,0.297191325,0.984101699,0,0.590461019,0,0.636363636,2.272727273,S2 P1 O7,de-protonated,0,-9999,C11 H25 O7 P1 S2,11,25,7,-9999,1,2,-9999,-9999
722,363.070649,363.070763939,363.071124068,11625770,-9999,822184.2,21.56,-1,-0.991897116,0.836507256,0,0.501904354,6,0.727272727,1.545454545,N4 P1 O8,de-protonated,0,-9999,C11 H17 O8 N4 P1,11,17,8,4,1,-9999,-9999,-9999
723,363.085122,363.085236946,363.084909857,11314479,-9999,739278.8,20.93,-1,0.900859533,0.86307447,0,0.517844682,18,0.04,0.64,S1 O1,de-protonated,0,-9999,C25 H16 O1 S1,25,16,1,-9999,-9999,1,-9999,-9999
723,363.085122,363.085236946,363.085042799,11314479,-9999,739278.8,20.93,-1,0.534714321,0.949443078,0,0.569665847,5,0.642857143,1.5,P1 O9,de-protonated,0,-9999,C14 H21 O9 P1,14,21,9,-9999,1,-9999,-9999,-9999
724,363.12149,363.121604963,363.121428308,15770938,-9999,815507.7,29.95,-1,0.48648841,0.957965382,0,0.574779229,4,0.533333333,1.666666667,P1 O8,de-protonated,0,-9999,C15 H25 O8 P1,15,25,8,-9999,1,-9999,-9999,-9999
725,363.139232,363.139346971,363.139053431,7652672,-9999,892566.4,13.51,-1,0.808339449,0.88819775,0,0.53291865,17,0.076923077,0.769230769,O2,de-protonated,0,-9999,C26 H20 O2,26,20,2,-9999,-9999,-9999,-9999,-9999
726,363.157864,363.15797898,363.157813818,23848262,-9999,774501.1,46.3,-1,0.454793913,0.963165144,0,0.577899086,3,0.4375,1.8125,P1 O7,de-protonated,0,-9999,C16 H29 O7 P1,16,29,7,-9999,1,-9999,-9999,-9999
727,363.175664,363.175778988,363.175438941,7800139.5,-9999,835963.3,13.81,-1,0.936316749,0.852933174,0,0.511759904,16,0.037037037,0.888888889,O1,de-protonated,0,-9999,C27 H24 O1,27,24,1,-9999,-9999,-9999,-9999,-9999
728,363.194259,363.194373997,363.194199327,59630928,-9999,776926.3,118.73,-1,0.4809261,0.959551136,0.994275105,0.973440723,2,0.352941176,1.941176471,P1 O6,de-protonated,0,-9999,C17 H33 O6 P1,17,33,6,-9999,1,-9999,-9999,-9999
729,364.197611,364.197726464,364.197554162,11445907,-9999,841649,21.19,-1,0.47310029,0.960201088,0.994275105,0.973830695,2,0.352941176,1.941176471,13C1 P1 O6,de-protonated,1,728,C16 H33 O6 P1 13C1,16,33,6,-9999,1,-9999,1,-9999
729,364.197611,364.197726464,364.197690508,11445907,-9999,841649,21.19,-1,0.098727557,0.998232959,0,0.598939775,2,0.5,1.9375,N1 O8,de-protonated,0,-9999,C16 H31 O8 N1,16,31,8,1,-9999,-9999,-9999,-9999
730,364.225902,364.226017477,364.225833809,17114780,-9999,777167.3,32.67,-1,0.504271395,0.954907768,0,0.572944661,1,0.294117647,2.117647059,N1 P1 O5,de-protonated,0,-9999,C17 H36 O5 N1 P1,17,36,5,1,1,-9999,-9999,-9999
731,365.100752,365.100867885,365.100559922,17754036,-9999,777077.2,33.96,-1,0.843502234,0.878886057,0,0.527331634,17,0.04,0.72,S1 O1,de-protonated,0,-9999,C25 H18 O1 S1,25,18,1,-9999,-9999,1,-9999,-9999
731,365.100752,365.100867885,365.100692864,17754036,-9999,777077.2,33.96,-1,0.47937846,0.959159805,0,0.575495883,4,0.642857143,1.642857143,P1 O9,de-protonated,0,-9999,C14 H23 O9 P1,14,23,9,-9999,1,-9999,-9999,-9999
732,365.137134,365.137249902,365.137078373,22767552,-9999,772020.9,44.11,-1,0.469766065,0.960748967,0,0.57644938,3,0.533333333,1.8,P1 O8,de-protonated,0,-9999,C15 H27 O8 P1,15,27,8,-9999,1,-9999,-9999,-9999
733,365.173542,365.173657919,365.173463882,14919627,-9999,794475,28.22,-1,0.531354659,0.950060304,0,0.570036183,2,0.4375,1.9375,P1 O7,de-protonated,0,-9999,C16 H31 O7 P1,16,31,7,-9999,1,-9999,-9999,-9999
734,365.191329,365.191444927,365.191089005,18048976,-9999,778813,34.56,-1,0.974618246,0.841680652,0,0.505008391,15,0.037037037,0.962962963,O1,de-protonated,0,-9999,C27 H26 O1,27,26,1,-9999,-9999,-9999,-9999,-9999
735,365.20991,365.210025936,365.209849392,93513688,-9999,764786.9,187.32,-1,0.483404858,0.960906547,0.998602663,0.975984994,1,0.352941176,2.058823529,P1 O6,de-protonated,0,-9999,C17 H35 O6 P1,17,35,6,-9999,1,-9999,-9999,-9999
736,365.246312,365.246427953,365.246234901,10889187,-9999,831940.9,20.06,-1,0.52855254,0.95057243,0,0.570343458,0,0.277777778,2.166666667,P1 O5,de-protonated,0,-9999,C18 H39 O5 P1,18,39,5,-9999,1,-9999,-9999,-9999
737,366.213254,366.213370403,366.213204227,17377560,-9999,781596.4,33.2,-1,0.453770122,0.96332772,0.998602663,0.977437697,1,0.352941176,2.058823529,13C1 P1 O6,de-protonated,1,735,C16 H35 O6 P1 13C1,16,35,6,-9999,1,-9999,1,-9999
737,366.213254,366.213370403,366.213340572,17377560,-9999,781596.4,33.2,-1,0.081457956,0.99879674,0,0.599278044,1,0.5,2.0625,N1 O8,de-protonated,0,-9999,C16 H33 O8 N1,16,33,8,1,-9999,-9999,-9999,-9999
738,367.116418,367.116534824,367.116209986,8563257,-9999,801701.8,15.36,-1,0.884836413,0.867566933,0,0.52054016,16,0.04,0.8,S1 O1,de-protonated,0,-9999,C25 H20 O1 S1,25,20,1,-9999,-9999,1,-9999,-9999
738,367.116418,367.116534824,367.116342928,8563257,-9999,801701.8,15.36,-1,0.522711844,0.951632068,0,0.570979241,3,0.642857143,1.785714286,P1 O9,de-protonated,0,-9999,C14 H25 O9 P1,14,25,9,-9999,1,-9999,-9999,-9999
739,367.134143,367.134259832,367.133968051,7301694.5,-9999,861414.7,12.8,-1,0.794754324,0.891714523,0,0.535028714,16,0.12,0.8,O3,de-protonated,0,-9999,C25 H20 O3,25,20,3,-9999,-9999,-9999,-9999,-9999
740,367.152788,367.152904841,367.152728437,16017988,-9999,809800,30.45,-1,0.480463965,0.958978489,0,0.575387094,2,0.533333333,1.933333333,P1 O8,de-protonated,0,-9999,C15 H29 O8 P1,15,29,8,-9999,1,-9999,-9999,-9999
741,367.168044,367.168160848,367.167984579,7400009,-9999,794762.5,13,-1,0.480078549,0.95904291,0,0.575425746,6,0.263157895,1.526315789,P1 O5,de-protonated,0,-9999,C19 H29 O5 P1,19,29,5,-9999,1,-9999,-9999,-9999
742,367.206956,367.207072866,367.20673907,31812182,-9999,776770.6,62.42,-1,0.909015269,0.430382978,0.773979033,0.5678214,14,0.037037037,1.037037037,O1,de-protonated,0,-9999,C27 H28 O1,27,28,1,-9999,-9999,-9999,-9999,-9999
743,367.22557,367.225686875,367.225499456,11594332,-9999,846689.4,21.49,-1,0.510364518,0.953837181,0,0.572302309,0,0.352941176,2.176470588,P1 O6,de-protonated,0,-9999,C17 H37 O6 P1,17,37,6,-9999,1,-9999,-9999,-9999
744,369.082602,369.08271974,369.082720324,16755885,-9999,790609.4,31.94,-1,-0.001580732,0.999999547,0,0.599999728,8,0.625,1.125,O10,de-protonated,0,-9999,C16 H18 O10,16,18,10,-9999,-9999,-9999,-9999,-9999
744,369.082602,369.08271974,369.082558132,16755885,-9999,790609.4,31.94,-1,0.437863848,0.965809949,0,0.57948597,3,0.363636364,2.090909091,N4 S2 P1 O4,de-protonated,0,-9999,C11 H23 O4 N4 P1 S2,11,23,4,4,1,2,-9999,-9999
745,369.155365,369.155482774,369.155491342,10480836,-9999,801529.7,19.24,-1,-0.023210328,0.999902255,0,0.599941353,6,0.444444444,1.444444444,O8,de-protonated,0,-9999,C18 H26 O8,18,26,8,-9999,-9999,-9999,-9999,-9999
745,369.155365,369.155482774,369.155329151,10480836,-9999,801529.7,19.24,-1,0.416147615,0.969065501,0,0.581439301,1,0.153846154,2.384615385,N4 S2 P1 O2,de-protonated,0,-9999,C13 H31 O2 N4 P1 S2,13,31,2,4,1,2,-9999,-9999
746,369.183729,369.183846787,369.183634643,7843021.5,-9999,833401.3,13.9,-1,0.574630387,0.941845179,0,0.565107108,5,0.263157895,1.631578947,P1 O5,de-protonated,0,-9999,C19 H31 O5 P1,19,31,5,-9999,1,-9999,-9999,-9999
747,369.191763,369.191880791,369.191876852,7941328,-9999,731445.4,14.1,-1,0.0106703,0.999979341,0,0.599987605,5,0.368421053,1.578947368,O7,de-protonated,0,-9999,C19 H30 O7,19,30,7,-9999,-9999,-9999,-9999,-9999
747,369.191763,369.191880791,369.19171466,7941328,-9999,731445.4,14.1,-1,0.449984957,0.963925854,0,0.578355512,0,0.071428571,2.5,N4 S2 P1 O1,de-protonated,0,-9999,C14 H35 O1 N4 P1 S2,14,35,1,4,1,2,-9999,-9999
748,370.127308,370.127426227,370.127109023,11906555,-9999,791182.1,22.12,-1,0.857013488,0.875229623,0,0.525137774,15,0.041666667,0.875,N1 S1 O1,de-protonated,0,-9999,C24 H21 O1 N1 S1,24,21,1,1,-9999,1,-9999,-9999
748,370.127308,370.127426227,370.127241965,11906555,-9999,791182.1,22.12,-1,0.497834728,0.956026032,0,0.573615619,2,0.692307692,2,N1 P1 O9,de-protonated,0,-9999,C13 H26 O9 N1 P1,13,26,9,1,1,-9999,-9999,-9999
749,371.134684,371.134802696,371.134755897,8564541,-9999,792553.2,15.28,-1,0.126096646,0.997119058,0,0.598271435,6,0.529411765,1.411764706,O9,de-protonated,0,-9999,C17 H24 O9,17,24,9,-9999,-9999,-9999,-9999,-9999
749,371.134684,371.134802696,371.134593706,8564541,-9999,792553.2,15.28,-1,0.563111555,0.944087522,0,0.566452513,1,0.25,2.416666667,N4 S2 P1 O3,de-protonated,0,-9999,C12 H29 O3 N4 P1 S2,12,29,3,4,1,2,-9999,-9999
750,371.162983,371.163101709,371.162899198,9252678,-9999,834673.2,16.67,-1,0.545612649,0.947416916,0,0.56845015,5,0.333333333,1.611111111,P1 O6,de-protonated,0,-9999,C18 H29 O6 P1,18,29,6,-9999,1,-9999,-9999,-9999
751,371.171031,371.171149713,371.171141407,14757705,-9999,761582.5,27.75,-1,0.022378982,0.999909131,0,0.599945479,5,0.444444444,1.555555556,O8,de-protonated,0,-9999,C18 H28 O8,18,28,8,-9999,-9999,-9999,-9999,-9999
752,371.207407,371.20752573,371.207526916,12037972,-9999,799518.3,22.28,-1,-0.003194897,0.999998148,0,0.599998889,4,0.368421053,1.684210526,O7,de-protonated,0,-9999,C19 H32 O7,19,32,7,-9999,-9999,-9999,-9999,-9999
753,372.166261,372.166380177,372.166390379,19132552,-9999,792781.4,36.57,-1,-0.027412693,0.999863659,0,0.599918195,5,0.470588235,1.588235294,N1 O8,de-protonated,0,-9999,C17 H27 O8 N1,17,27,8,1,-9999,-9999,-9999,-9999
754,372.303742,372.303861241,372.303690208,7188659,-9999,828327.8,12.51,-1,0.459391257,0.962430917,0,0.57745855,1,0.095238095,2.095238095,N1 P1 O2,de-protonated,0,-9999,C21 H44 O2 N1 P1,21,44,2,1,1,-9999,-9999,-9999
755,373.033056,373.033175581,373.032874284,19853724,-9999,775743.5,38.02,-1,0.807695898,0.888365374,0,0.533019225,21,0.08,0.4,S1 O2,de-protonated,0,-9999,C25 H10 O2 S1,25,10,2,-9999,-9999,1,-9999,-9999
755,373.033056,373.033175581,373.033007225,19853724,-9999,775743.5,38.02,-1,0.451315003,0.963716208,0,0.578229725,8,0.714285714,1.071428571,P1 O10,de-protonated,0,-9999,C14 H15 O10 P1,14,15,10,-9999,1,-9999,-9999,-9999
756,373.14222,373.142339632,373.142163753,7328191.5,-9999,847700.2,12.79,-1,0.471343686,0.960490177,0,0.576294106,5,0.411764706,1.588235294,P1 O7,de-protonated,0,-9999,C17 H27 O7 P1,17,27,7,-9999,1,-9999,-9999,-9999
757,373.150299,373.150418635,373.150405962,10777026,-9999,807287.3,19.73,-1,0.033963455,0.999790718,0,0.599874431,5,0.529411765,1.529411765,O9,de-protonated,0,-9999,C17 H26 O9,17,26,9,-9999,-9999,-9999,-9999,-9999
758,373.18664,373.186759652,373.186791471,15479246,-9999,744076.9,29.21,-1,-0.085262776,0.998681785,0,0.599209071,4,0.444444444,1.666666667,O8,de-protonated,0,-9999,C18 H30 O8,18,30,8,-9999,-9999,-9999,-9999,-9999
759,375.048715,375.04883552,375.048524348,8279074.5,-9999,778174.3,14.7,-1,0.829684032,0.882580879,0,0.529548527,20,0.08,0.48,S1 O2,de-protonated,0,-9999,C25 H12 O2 S1,25,12,2,-9999,-9999,1,-9999,-9999
759,375.048715,375.04883552,375.04865729,8279074.5,-9999,778174.3,14.7,-1,0.475218451,0.959851183,0,0.57591071,7,0.714285714,1.214285714,P1 O10,de-protonated,0,-9999,C14 H17 O10 P1,14,17,10,-9999,1,-9999,-9999,-9999
760,375.121449,375.121569554,375.121428308,7656506,-9999,770450.4,13.45,-1,0.37653202,0.974602937,0,0.584761762,5,0.5,1.5625,P1 O8,de-protonated,0,-9999,C16 H25 O8 P1,16,25,8,-9999,1,-9999,-9999,-9999
761,375.15786,375.157980571,375.157813818,15856710,-9999,769933,29.96,-1,0.444487192,0.964786341,0,0.578871804,4,0.411764706,1.705882353,P1 O7,de-protonated,0,-9999,C17 H29 O7 P1,17,29,7,-9999,1,-9999,-9999,-9999
762,375.165931,375.166051574,375.166056026,8877128,-9999,733261.1,15.91,-1,-0.011866443,0.99997445,0,0.59998467,4,0.529411765,1.647058824,O9,de-protonated,0,-9999,C17 H28 O9,17,28,9,-9999,-9999,-9999,-9999,-9999
763,375.194241,375.194361588,375.194199327,8434769,-9999,838743.2,15.02,-1,0.432470554,0.966632894,0,0.579979736,3,0.333333333,1.833333333,P1 O6,de-protonated,0,-9999,C18 H33 O6 P1,18,33,6,-9999,1,-9999,-9999,-9999
764,376.161162,376.161283038,376.161304998,8025479.5,-9999,741012.2,14.19,-1,-0.058380278,0.999381767,0,0.59962906,4,0.5625,1.6875,N1 O9,de-protonated,0,-9999,C16 H27 O9 N1,16,27,9,1,-9999,-9999,-9999,-9999
765,377.100725,377.100846476,377.100559922,7329461.5,-9999,825755,12.79,-1,0.759887515,0.900528253,0,0.540316952,18,0.038461538,0.692307692,S1 O1,de-protonated,0,-9999,C26 H18 O1 S1,26,18,1,-9999,-9999,1,-9999,-9999
765,377.100725,377.100846476,377.100692864,7329461.5,-9999,825755,12.79,-1,0.407350822,0.970340118,0,0.582204071,5,0.6,1.533333333,P1 O9,de-protonated,0,-9999,C15 H23 O9 P1,15,23,9,-9999,1,-9999,-9999,-9999
766,377.137111,377.137232493,377.137078373,16758465,-9999,780171.4,31.78,-1,0.408657458,0.970152409,0,0.582091445,4,0.5,1.6875,P1 O8,de-protonated,0,-9999,C16 H27 O8 P1,16,27,8,-9999,1,-9999,-9999,-9999
767,377.173512,377.17363351,377.173463882,28866252,-9999,742744,56.17,-1,0.44973336,0.963965447,0,0.578379268,3,0.411764706,1.823529412,P1 O7,de-protonated,0,-9999,C17 H31 O7 P1,17,31,7,-9999,1,-9999,-9999,-9999
768,377.209911,377.210032527,377.209849392,14038745,-9999,759418,26.3,-1,0.485499247,0.958132518,0,0.574879511,2,0.333333333,1.944444444,P1 O6,de-protonated,0,-9999,C18 H35 O6 P1,18,35,6,-9999,1,-9999,-9999,-9999
769,378.140483,378.14060496,378.140569554,10090500,-9999,693880.3,18.35,-1,0.093633613,0.998410458,0,0.599046275,4,0.666666667,1.666666667,N1 O10,de-protonated,0,-9999,C15 H25 O10 N1,15,25,10,1,-9999,-9999,-9999,-9999
770,379.043608,379.043730381,379.043438968,9730343,-9999,760467.4,17.62,-1,0.768812805,0.89830157,0,0.538980942,19,0.125,0.5,S1 O3,de-protonated,0,-9999,C24 H12 O3 S1,24,12,3,-9999,-9999,1,-9999,-9999
770,379.043608,379.043730381,379.043571909,9730343,-9999,760467.4,17.62,-1,0.418083121,0.968781628,0,0.581268977,6,0.846153846,1.307692308,P1 O11,de-protonated,0,-9999,C13 H17 O11 P1,13,17,11,-9999,1,-9999,-9999,-9999
771,379.080066,379.080188398,379.079824477,8173875,-9999,785323.9,14.49,-1,0.96001175,0.846007374,0,0.507604425,18,0.08,0.64,S1 O2,de-protonated,0,-9999,C25 H16 O2 S1,25,16,2,-9999,-9999,1,-9999,-9999
771,379.080066,379.080188398,379.079957419,8173875,-9999,785323.9,14.49,-1,0.609315663,0.934853308,0,0.560911985,5,0.714285714,1.5,P1 O10,de-protonated,0,-9999,C14 H21 O10 P1,14,21,10,-9999,1,-9999,-9999,-9999
772,379.116389,379.116511415,379.116209986,12794175,-9999,763903.6,23.79,-1,0.795082487,0.891630112,0,0.534978067,17,0.038461538,0.769230769,S1 O1,de-protonated,0,-9999,C26 H20 O1 S1,26,20,1,-9999,-9999,1,-9999,-9999
772,379.116389,379.116511415,379.116342928,12794175,-9999,763903.6,23.79,-1,0.444420115,0.964796779,0,0.578878067,4,0.6,1.666666667,P1 O9,de-protonated,0,-9999,C15 H25 O9 P1,15,25,9,-9999,1,-9999,-9999,-9999
773,379.152776,379.152898432,379.152728437,20379978,-9999,735214.2,39.07,-1,0.448353708,0.964182193,0,0.578509316,3,0.5,1.8125,P1 O8,de-protonated,0,-9999,C16 H29 O8 P1,16,29,8,-9999,1,-9999,-9999,-9999
774,379.170562,379.17068444,379.17035356,10271056,-9999,840763.1,18.71,-1,0.872641559,0.870947333,0,0.5225684,16,0.074074074,0.888888889,O2,de-protonated,0,-9999,C27 H24 O2,27,24,2,-9999,-9999,-9999,-9999,-9999
775,379.189156,379.189278449,379.189113947,40827224,-9999,740391.5,80.26,-1,0.433826092,0.961257934,0.971707113,0.965437606,2,0.411764706,1.941176471,P1 O7,de-protonated,0,-9999,C17 H33 O7 P1,17,33,7,-9999,1,-9999,-9999,-9999
776,379.225569,379.225691466,379.225499456,11729250,-9999,807249.8,21.65,-1,0.506320769,0.954548986,0,0.572729392,1,0.333333333,2.055555556,P1 O6,de-protonated,0,-9999,C18 H37 O6 P1,18,37,6,-9999,1,-9999,-9999,-9999
777,380.156084,380.156206899,380.156219618,7232142.5,-9999,752623.9,12.59,-1,-0.033456536,0.999796918,0,0.599878151,3,0.666666667,1.8,N1 O10,de-protonated,0,-9999,C15 H27 O10 N1,15,27,10,1,-9999,-9999,-9999,-9999
778,380.184415,380.184537913,380.184362919,9968280,-9999,745875.9,18.1,-1,0.460286236,0.962287189,0,0.577372314,2,0.4375,2,N1 P1 O7,de-protonated,0,-9999,C16 H32 O7 N1 P1,16,32,7,1,1,-9999,-9999,-9999
779,380.192535,380.192657916,380.192468782,9181850,-9999,761591.3,16.52,-1,0.497470513,0.956088917,0.971707113,0.962336195,2,0.411764706,1.941176471,13C1 P1 O7,de-protonated,1,775,C16 H33 O7 P1 13C1,16,33,7,-9999,1,-9999,1,-9999
779,380.192535,380.192657916,380.192605127,9181850,-9999,761591.3,16.52,-1,0.138847842,0.996508012,0,0.597904807,2,0.5625,1.9375,N1 O9,de-protonated,0,-9999,C16 H31 O9 N1,16,31,9,1,-9999,-9999,-9999,-9999
780,381.08262,381.082743331,381.082720324,7199674.5,-9999,743192.4,12.52,-1,0.060373951,0.999338836,0,0.599603301,9,0.588235294,1.058823529,O10,de-protonated,0,-9999,C17 H18 O10,17,18,10,-9999,-9999,-9999,-9999,-9999
780,381.08262,381.082743331,381.082558132,7199674.5,-9999,743192.4,12.52,-1,0.485980781,0.958051194,0,0.574830716,4,0.333333333,1.916666667,N4 S2 P1 O4,de-protonated,0,-9999,C12 H23 O4 N4 P1 S2,12,23,4,4,1,2,-9999,-9999
781,381.11899,381.119113348,381.119105833,8002502,-9999,806284.7,14.14,-1,0.019718414,0.999929452,0,0.599957671,8,0.5,1.222222222,O9,de-protonated,0,-9999,C18 H22 O9,18,22,9,-9999,-9999,-9999,-9999,-9999
781,381.11899,381.119113348,381.118943642,8002502,-9999,806284.7,14.14,-1,0.445284595,0.964662143,0,0.578797286,3,0.230769231,2.076923077,N4 S2 P1 O3,de-protonated,0,-9999,C13 H27 O3 N4 P1 S2,13,27,3,4,1,2,-9999,-9999
782,381.132049,381.132172354,381.131860051,14220234,-9999,760296.7,26.66,-1,0.819410134,0.885298299,0,0.531178979,16,0.038461538,0.846153846,S1 O1,de-protonated,0,-9999,C26 H22 O1 S1,26,22,1,-9999,-9999,1,-9999,-9999
782,381.132049,381.132172354,381.131992992,14220234,-9999,760296.7,26.66,-1,0.470602264,0.960611898,0,0.576367139,3,0.6,1.8,P1 O9,de-protonated,0,-9999,C15 H27 O9 P1,15,27,9,-9999,1,-9999,-9999,-9999
783,381.168415,381.168538371,381.168378502,17431510,-9999,745864.2,33.13,-1,0.419418768,0.968585015,0,0.581151009,2,0.5,1.9375,P1 O8,de-protonated,0,-9999,C16 H31 O8 P1,16,31,8,-9999,1,-9999,-9999,-9999
784,381.186228,381.186351379,381.186003625,14138332,-9999,766839.9,26.5,-1,0.912295986,0.859833226,0,0.515899935,15,0.074074074,0.962962963,O2,de-protonated,0,-9999,C27 H26 O2,27,26,2,-9999,-9999,-9999,-9999,-9999
785,381.191757,381.191880382,381.191876852,8076253.5,-9999,813150.9,14.29,-1,0.009261129,0.999984438,0,0.599990663,6,0.35,1.5,O7,de-protonated,0,-9999,C20 H30 O7,20,30,7,-9999,-9999,-9999,-9999,-9999
785,381.191757,381.191880382,381.19171466,8076253.5,-9999,813150.9,14.29,-1,0.434746062,0.96628684,0,0.579772104,1,0.066666667,2.333333333,N4 S2 P1 O1,de-protonated,0,-9999,C15 H35 O1 N4 P1 S2,15,35,1,4,1,2,-9999,-9999
786,381.204814,381.204937388,381.204764011,20806626,-9999,778968.4,39.93,-1,0.454812732,0.963162152,0,0.577897291,1,0.411764706,2.058823529,P1 O7,de-protonated,0,-9999,C17 H35 O7 P1,17,35,7,-9999,1,-9999,-9999,-9999
787,382.127297,382.127420818,382.127109023,7707917,-9999,850476.4,13.48,-1,0.815945255,0.886208981,0,0.531725389,16,0.04,0.84,N1 S1 O1,de-protonated,0,-9999,C25 H21 O1 N1 S1,25,21,1,1,-9999,1,-9999,-9999
787,382.127297,382.127420818,382.127241965,7707917,-9999,850476.4,13.48,-1,0.468045854,0.961030238,0,0.576618143,3,0.642857143,1.857142857,N1 P1 O9,de-protonated,0,-9999,C14 H26 O9 N1 P1,14,26,9,1,1,-9999,-9999,-9999
788,383.06186,383.061984253,383.061984879,8511037,-9999,805802.7,15.08,-1,-0.001632893,0.999999516,0,0.59999971,9,0.6875,1,O11,de-protonated,0,-9999,C16 H16 O11,16,16,11,-9999,-9999,-9999,-9999,-9999
788,383.06186,383.061984253,383.061822687,8511037,-9999,805802.7,15.08,-1,0.421774819,0.968236763,0,0.580942058,4,0.454545455,1.909090909,N4 S2 P1 O5,de-protonated,0,-9999,C11 H21 O5 N4 P1 S2,11,21,5,4,1,2,-9999,-9999
789,383.098291,383.09841527,383.098370388,7732808.5,-9999,780198.2,13.53,-1,0.117155613,0.997512636,0,0.598507582,8,0.588235294,1.176470588,O10,de-protonated,0,-9999,C17 H20 O10,17,20,10,-9999,-9999,-9999,-9999,-9999
789,383.098291,383.09841527,383.098208197,7732808.5,-9999,780198.2,13.53,-1,0.54052316,0.948367677,0,0.569020606,3,0.333333333,2.083333333,N4 S2 P1 O4,de-protonated,0,-9999,C12 H25 O4 N4 P1 S2,12,25,4,4,1,2,-9999,-9999
790,383.126564,383.126688283,383.126513689,7355985.5,-9999,727314.5,12.77,-1,0.455709617,0.963019444,0,0.577811666,7,0.388888889,1.388888889,P1 O7,de-protonated,0,-9999,C18 H25 O7 P1,18,25,7,-9999,1,-9999,-9999,-9999
791,383.134618,383.134742287,383.134755897,8904276,-9999,781061,15.87,-1,-0.035523535,0.999771052,0,0.599862631,7,0.5,1.333333333,O9,de-protonated,0,-9999,C18 H24 O9,18,24,9,-9999,-9999,-9999,-9999,-9999
791,383.134618,383.134742287,383.134593706,8904276,-9999,781061,15.87,-1,0.387803742,0.97308058,0,0.583848348,2,0.230769231,2.230769231,N4 S2 P1 O3,de-protonated,0,-9999,C13 H29 O3 N4 P1 S2,13,29,3,4,1,2,-9999,-9999
792,383.147674,383.147798293,383.147510115,8060504.5,-9999,753612.9,14.18,-1,0.752133146,0.902446115,0,0.541467669,15,0.038461538,0.923076923,S1 O1,de-protonated,0,-9999,C26 H24 O1 S1,26,24,1,-9999,-9999,1,-9999,-9999
792,383.147674,383.147798293,383.147643057,8060504.5,-9999,753612.9,14.18,-1,0.405160295,0.970653537,0,0.582392122,2,0.6,1.933333333,P1 O9,de-protonated,0,-9999,C15 H29 O9 P1,15,29,9,-9999,1,-9999,-9999,-9999
793,383.162918,383.1630423,383.162899198,7773789.5,-9999,802906.6,13.61,-1,0.37347568,0.975008389,0,0.585005034,6,0.315789474,1.526315789,P1 O6,de-protonated,0,-9999,C19 H29 O6 P1,19,29,6,-9999,1,-9999,-9999,-9999
794,383.171038,383.171162304,383.171141407,11026016,-9999,724539.6,20.12,-1,0.054537817,0.999460449,0,0.59967627,6,0.421052632,1.473684211,O8,de-protonated,0,-9999,C19 H28 O8,19,28,8,-9999,-9999,-9999,-9999,-9999
794,383.171038,383.171162304,383.170979215,11026016,-9999,724539.6,20.12,-1,0.477824933,0.959418642,0,0.575651185,1,0.142857143,2.357142857,N4 S2 P1 O2,de-protonated,0,-9999,C14 H33 O2 N4 P1 S2,14,33,2,4,1,2,-9999,-9999
795,383.172036,383.172160304,383.172010787,13516384,-9999,731720,25.11,-1,0.390210945,0.97274996,0,0.583649976,5,0.15,1.6,S2 O3,de-protonated,0,-9999,C20 H32 O3 S2,20,32,3,-9999,-9999,2,-9999,-9999
795,383.172036,383.172160304,383.172478817,13516384,-9999,731720,25.11,-1,-0.831251604,0.882164023,0,0.529298414,11,0.2,1.2,N4 O4,de-protonated,0,-9999,C20 H24 O4 N4,20,24,4,4,-9999,-9999,-9999,-9999
796,383.201871,383.201995318,383.201653689,8027754,-9999,795652.2,14.12,-1,0.891512601,0.865702072,0,0.519421243,14,0.074074074,1.037037037,O2,de-protonated,0,-9999,C27 H28 O2,27,28,2,-9999,-9999,-9999,-9999,-9999
797,383.207426,383.207550321,383.207526916,9240172,-9999,751899.8,16.55,-1,0.06107636,0.999323367,0,0.59959402,5,0.35,1.6,O7,de-protonated,0,-9999,C20 H32 O7,20,32,7,-9999,-9999,-9999,-9999,-9999
797,383.207426,383.207550321,383.207364725,9240172,-9999,751899.8,16.55,-1,0.484323288,0.958330812,0,0.574998487,0,0.066666667,2.466666667,N4 S2 P1 O1,de-protonated,0,-9999,C15 H37 O1 N4 P1 S2,15,37,1,4,1,2,-9999,-9999
798,385.077505,385.077630192,385.077634943,8798414,-9999,813695,15.66,-1,-0.012337399,0.999972382,0,0.599983429,8,0.6875,1.125,O11,de-protonated,0,-9999,C16 H18 O11,16,18,11,-9999,-9999,-9999,-9999,-9999
798,385.077505,385.077630192,385.077472752,8798414,-9999,813695,15.66,-1,0.408854022,0.970124122,0,0.582074473,3,0.454545455,2.090909091,N4 S2 P1 O5,de-protonated,0,-9999,C11 H23 O5 N4 P1 S2,11,23,5,4,1,2,-9999,-9999
799,385.113922,385.114047209,385.114020452,7307481.5,-9999,840946.6,12.67,-1,0.069477503,0.999124508,0,0.599474705,7,0.588235294,1.294117647,O10,de-protonated,0,-9999,C17 H22 O10,17,22,10,-9999,-9999,-9999,-9999,-9999
799,385.113922,385.114047209,385.113858261,7307481.5,-9999,840946.6,12.67,-1,0.490629164,0.957262358,0,0.574357415,2,0.333333333,2.25,N4 S2 P1 O4,de-protonated,0,-9999,C12 H27 O4 N4 P1 S2,12,27,4,4,1,2,-9999,-9999
800,385.142214,385.142339222,385.142163753,9486563,-9999,723349.7,17.04,-1,0.455595617,0.963037597,0,0.577822558,6,0.388888889,1.5,P1 O7,de-protonated,0,-9999,C18 H27 O7 P1,18,27,7,-9999,1,-9999,-9999,-9999
801,385.150266,385.150391226,385.150405962,12878054,-9999,749672.3,23.83,-1,-0.038259486,0.999734433,0,0.59984066,6,0.5,1.444444444,O9,de-protonated,0,-9999,C18 H26 O9,18,26,9,-9999,-9999,-9999,-9999,-9999
801,385.150266,385.150391226,385.15024377,12878054,-9999,749672.3,23.83,-1,0.382852343,0.973754552,0,0.584252731,1,0.230769231,2.384615385,N4 S2 P1 O3,de-protonated,0,-9999,C13 H31 O3 N4 P1 S2,13,31,3,4,1,2,-9999,-9999
802,385.163367,385.163492232,385.16316018,9601258,-9999,766151.5,17.27,-1,0.862108949,0.873839603,0,0.524303762,14,0.038461538,1,S1 O1,de-protonated,0,-9999,C26 H26 O1 S1,26,26,1,-9999,-9999,1,-9999,-9999
802,385.163367,385.163492232,385.163293121,9601258,-9999,766151.5,17.27,-1,0.516951851,0.952666671,0,0.571600003,1,0.6,2.066666667,P1 O9,de-protonated,0,-9999,C15 H31 O9 P1,15,31,9,-9999,1,-9999,-9999,-9999
803,385.170006,385.170131235,385.170370817,11223276,-9999,720205.5,20.52,-1,-0.622014588,0.932204669,0,0.559322801,10,0.1,1.3,N4 S1 O2,de-protonated,0,-9999,C20 H26 O2 N4 S1,20,26,2,4,-9999,1,-9999,-9999
804,385.178549,385.178674239,385.178549263,13304047,-9999,760322.6,24.69,-1,0.324464228,0.981078915,0,0.588647349,5,0.315789474,1.631578947,P1 O6,de-protonated,0,-9999,C19 H31 O6 P1,19,31,6,-9999,1,-9999,-9999,-9999
805,385.186666,385.186791243,385.186791471,15532273,-9999,746420.2,29.15,-1,-5.92044e-4,0.999999936,0,0.599999962,5,0.421052632,1.578947368,O8,de-protonated,0,-9999,C19 H30 O8,19,30,8,-9999,-9999,-9999,-9999,-9999
805,385.186666,385.186791243,385.18662928,15532273,-9999,746420.2,29.15,-1,0.420480022,0.968428375,0,0.581057025,0,0.142857143,2.5,N4 S2 P1 O2,de-protonated,0,-9999,C14 H35 O2 N4 P1 S2,14,35,2,4,1,2,-9999,-9999
806,385.223019,385.22314426,385.22317698,13156605,-9999,739854.7,24.39,-1,-0.084938972,0.998691772,0,0.599215063,4,0.35,1.7,O7,de-protonated,0,-9999,C20 H34 O7,20,34,7,-9999,-9999,-9999,-9999,-9999
807,387.129535,387.129661148,387.129670517,7988078.5,-9999,824405.7,14.03,-1,-0.02420019,0.99989374,0,0.599936244,6,0.588235294,1.411764706,O10,de-protonated,0,-9999,C17 H24 O10,17,24,10,-9999,-9999,-9999,-9999,-9999
807,387.129535,387.129661148,387.129508326,7988078.5,-9999,824405.7,14.03,-1,0.39475864,0.972120079,0,0.583272047,1,0.333333333,2.416666667,N4 S2 P1 O4,de-protonated,0,-9999,C12 H29 O4 N4 P1 S2,12,29,4,4,1,2,-9999,-9999
808,387.157867,387.157993161,387.157813818,10167160,-9999,714182.7,18.4,-1,0.463231587,0.961812364,0,0.577087419,5,0.388888889,1.611111111,P1 O7,de-protonated,0,-9999,C18 H29 O7 P1,18,29,7,-9999,1,-9999,-9999,-9999
809,387.165934,387.166060165,387.166056026,15795067,-9999,724248.3,29.68,-1,0.010690495,0.999979263,0,0.599987558,5,0.5,1.555555556,O9,de-protonated,0,-9999,C18 H28 O9,18,28,9,-9999,-9999,-9999,-9999,-9999
810,387.194202,387.194328178,387.194199327,12501892,-9999,741487.5,23.08,-1,0.332782122,0.980106203,0,0.588063722,4,0.315789474,1.736842105,P1 O6,de-protonated,0,-9999,C19 H33 O6 P1,19,33,6,-9999,1,-9999,-9999,-9999
811,387.202302,387.202428182,387.202441536,14418823,-9999,766811.2,26.92,-1,-0.034486893,0.999784218,0,0.599870531,4,0.421052632,1.684210526,O8,de-protonated,0,-9999,C19 H32 O8,19,32,8,-9999,-9999,-9999,-9999,-9999
813,389.096756,389.096883065,389.097188618,17663480,-9999,773961.5,33.42,-1,-0.785288737,0.894137703,0,0.536482622,24,0.033333333,0.466666667,O1,de-protonated,0,-9999,C30 H14 O1,30,14,1,-9999,-9999,-9999,-9999,-9999
813,389.096756,389.096883065,389.09653717,17663480,-9999,773961.5,33.42,-1,0.888969721,0.866413554,0,0.519848133,15,0.136363636,0.818181818,N2 S1 O3,de-protonated,0,-9999,C22 H18 O3 N2 S1,22,18,3,2,-9999,1,-9999,-9999
814,389.137123,389.137250084,389.137078373,8996357,-9999,754536,16.05,-1,0.44126036,0.965286817,0,0.57917209,5,0.470588235,1.588235294,P1 O8,de-protonated,0,-9999,C17 H27 O8 P1,17,27,8,-9999,1,-9999,-9999,-9999
815,389.145165,389.145292087,389.145320581,7603719.5,-9999,834725.5,13.26,-1,-0.073221941,0.999027644,0,0.599416587,5,0.588235294,1.529411765,O10,de-protonated,0,-9999,C17 H26 O10,17,26,10,-9999,-9999,-9999,-9999,-9999
816,389.173471,389.173598101,389.173463882,7906833,-9999,655958.2,13.87,-1,0.344880534,0.978649249,0,0.587189549,4,0.388888889,1.722222222,P1 O7,de-protonated,0,-9999,C18 H31 O7 P1,18,31,7,-9999,1,-9999,-9999,-9999
817,389.181565,389.181692104,389.181706091,9340436,-9999,775841.6,16.74,-1,-0.035937884,0.999765681,0,0.599859408,4,0.5,1.666666667,O9,de-protonated,0,-9999,C18 H30 O9,18,30,9,-9999,-9999,-9999,-9999,-9999
818,389.209892,389.210019118,389.209849392,8824349,-9999,767325.6,15.71,-1,0.43607830400000003,0.966083451,0,0.579650071,3,0.315789474,1.842105263,P1 O6,de-protonated,0,-9999,C19 H35 O6 P1,19,35,6,-9999,1,-9999,-9999,-9999
819,389.217972,389.218099121,389.2180916,7169567.5,-9999,767304.5,12.39,-1,0.019323987,0.999932246,0,0.599959348,3,0.421052632,1.789473684,O8,de-protonated,0,-9999,C19 H34 O8,19,34,8,-9999,-9999,-9999,-9999,-9999
820,391.094708,391.094835996,391.09521356,15468687,-9999,748075.8,29.02,-1,-0.96540233,0.84441561,0,0.506649366,10,0.368421053,1.105263158,P1 O7,de-protonated,0,-9999,C19 H21 O7 P1,19,21,7,-9999,1,-9999,-9999,-9999
820,391.094708,391.094835996,391.094562111,15468687,-9999,748075.8,29.02,-1,0.700302372,0.914857756,0,0.548914654,1,0.818181818,2.272727273,N2 S1 P1 O9,de-protonated,0,-9999,C11 H25 O9 N2 P1 S1,11,25,9,2,1,1,-9999,-9999
821,391.116394,391.116522006,391.116209986,8554646,-9999,892460,15.17,-1,0.797766841,0.890938624,0,0.534563175,18,0.037037037,0.740740741,S1 O1,de-protonated,0,-9999,C27 H20 O1 S1,27,20,1,-9999,-9999,1,-9999,-9999
821,391.116394,391.116522006,391.116342928,8554646,-9999,892460,15.17,-1,0.457863284,0.962675702,0,0.577605421,5,0.5625,1.5625,P1 O9,de-protonated,0,-9999,C16 H25 O9 P1,16,25,9,-9999,1,-9999,-9999,-9999
822,391.152762,391.152890023,391.152728437,16779426,-9999,731508.3,31.65,-1,0.41310055,0.9695099,0,0.58170594,4,0.470588235,1.705882353,P1 O8,de-protonated,0,-9999,C17 H29 O8 P1,17,29,8,-9999,1,-9999,-9999,-9999
823,391.189158,391.18928604,391.189113947,15386799,-9999,728002.5,28.86,-1,0.43992281,0.965493276,0,0.579295966,3,0.388888889,1.833333333,P1 O7,de-protonated,0,-9999,C18 H33 O7 P1,18,33,7,-9999,1,-9999,-9999,-9999
824,391.225564,391.225692057,391.225499456,7260346.5,-9999,735168.3,12.57,-1,0.4923008,0.956977003,0,0.574186202,2,0.315789474,1.947368421,P1 O6,de-protonated,0,-9999,C19 H37 O6 P1,19,37,6,-9999,1,-9999,-9999,-9999
825,393.132024,393.132152945,393.131860051,17189688,-9999,699429.3,32.47,-1,0.745027836,0.904189711,0,0.542513827,17,0.037037037,0.814814815,S1 O1,de-protonated,0,-9999,C27 H22 O1 S1,27,22,1,-9999,-9999,1,-9999,-9999
825,393.132024,393.132152945,393.131992992,17189688,-9999,699429.3,32.47,-1,0.406867036,0.970409474,0,0.582245685,4,0.5625,1.6875,P1 O9,de-protonated,0,-9999,C16 H27 O9 P1,16,27,9,-9999,1,-9999,-9999,-9999
826,393.168424,393.168552962,393.168378502,24709956,-9999,735030.3,47.54,-1,0.44372861,0.9649043,0,0.57894258,3,0.470588235,1.823529412,P1 O8,de-protonated,0,-9999,C17 H31 O8 P1,17,31,8,-9999,1,-9999,-9999,-9999
827,393.204823,393.204951979,393.204764011,14945105,-9999,757700.7,27.97,-1,0.478040155,0.959382829,0,0.575629698,2,0.388888889,1.944444444,P1 O7,de-protonated,0,-9999,C18 H35 O7 P1,18,35,7,-9999,1,-9999,-9999,-9999
828,393.241163,393.241291996,393.24114952,7031645,-9999,671096.3,12.11,-1,0.362310118,0.976462903,0,0.585877742,1,0.315789474,2.052631579,P1 O6,de-protonated,0,-9999,C19 H39 O6 P1,19,39,6,-9999,1,-9999,-9999,-9999
829,393.277578,393.277707013,393.27753503,11963241,-9999,752339.5,21.99,-1,0.437306605,0.965895417,0,0.57953725,0,0.25,2.15,P1 O5,de-protonated,0,-9999,C20 H43 O5 P1,20,43,5,-9999,1,-9999,-9999,-9999
830,394.090891,394.091020392,394.090723514,7515259,-9999,789600.4,13.08,-1,0.753324181,0.902152555,0,0.541291533,18,0.08,0.68,N1 S1 O2,de-protonated,0,-9999,C25 H17 O2 N1 S1,25,17,2,1,-9999,1,-9999,-9999
830,394.090891,394.091020392,394.090856455,7515259,-9999,789600.4,13.08,-1,0.415986159,0.969089126,0,0.581453475,5,0.714285714,1.571428571,N1 P1 O10,de-protonated,0,-9999,C14 H22 O10 N1 P1,14,22,10,1,1,-9999,-9999,-9999
831,394.163679,394.163808426,394.163627474,8866964,-9999,811543.9,15.79,-1,0.45907725,0.962481283,0,0.57748877,3,0.5,1.875,N1 P1 O8,de-protonated,0,-9999,C16 H30 O8 N1 P1,16,30,8,1,1,-9999,-9999,-9999
832,395.126569,395.126698874,395.126513689,18976218,-9999,728390.4,35.81,-1,0.468673487,0.960927724,0,0.576556635,8,0.368421053,1.315789474,P1 O7,de-protonated,0,-9999,C19 H25 O7 P1,19,25,7,-9999,1,-9999,-9999,-9999
833,395.134621,395.134750878,395.134755897,8613340,-9999,765646.9,15.18,-1,-0.012703052,0.999970721,0,0.599982432,8,0.473684211,1.263157895,O9,de-protonated,0,-9999,C19 H24 O9,19,24,9,-9999,-9999,-9999,-9999,-9999
833,395.134621,395.134750878,395.134593706,8613340,-9999,765646.9,15.18,-1,0.397768039,0.971699475,0,0.583019685,3,0.214285714,2.071428571,N4 S2 P1 O3,de-protonated,0,-9999,C14 H29 O3 N4 P1 S2,14,29,3,4,1,2,-9999,-9999
834,395.147654,395.147783884,395.147510115,14208480,-9999,736281.6,26.32,-1,0.692826875,0.916588167,0,0.5499529,16,0.037037037,0.888888889,S1 O1,de-protonated,0,-9999,C27 H24 O1 S1,27,24,1,-9999,-9999,1,-9999,-9999
834,395.147654,395.147783884,395.147643057,14208480,-9999,736281.6,26.32,-1,0.356391053,0.977216916,0,0.58633015,3,0.5625,1.8125,P1 O9,de-protonated,0,-9999,C16 H29 O9 P1,16,29,9,-9999,1,-9999,-9999,-9999
835,395.165469,395.165598892,395.16526818,8113638,-9999,699744.3,14.19,-1,0.836896361,0.880658068,0,0.528394841,16,0.111111111,0.888888889,O3,de-protonated,0,-9999,C27 H24 O3,27,24,3,-9999,-9999,-9999,-9999,-9999
836,395.171001,395.171130895,395.171141407,27332072,-9999,705510.3,52.44,-1,-0.026600672,0.999871616,0,0.59992297000000006,7,0.4,1.4,O8,de-protonated,0,-9999,C20 H28 O8,20,28,8,-9999,-9999,-9999,-9999,-9999
836,395.171001,395.171130895,395.170979215,27332072,-9999,705510.3,52.44,-1,0.38383262,0.97362177,0,0.584173062,2,0.133333333,2.2,N4 S2 P1 O2,de-protonated,0,-9999,C15 H33 O2 N4 P1 S2,15,33,2,4,1,2,-9999,-9999
837,395.184052,395.184181901,395.184028566,21499372,-9999,711254.4,40.83,-1,0.388008324,0.973052557,0,0.583831534,2,0.470588235,1.941176471,P1 O8,de-protonated,0,-9999,C17 H33 O8 P1,17,33,8,-9999,1,-9999,-9999,-9999
838,397.142202,397.142332813,397.142163753,9687174,-9999,738408,17.32,-1,0.425691285,0.967653826,0,0.580592296,7,0.368421053,1.421052632,P1 O7,de-protonated,0,-9999,C19 H27 O7 P1,19,27,7,-9999,1,-9999,-9999,-9999
839,397.150285,397.150415817,397.150405962,8294537,-9999,728742.1,14.54,-1,0.024814866,0.999888274,0,0.599932965,7,0.473684211,1.368421053,O9,de-protonated,0,-9999,C19 H26 O9,19,26,9,-9999,-9999,-9999,-9999,-9999
839,397.150285,397.150415817,397.15024377,8294537,-9999,728742.1,14.54,-1,0.433202716,0.966521733,0,0.57991304,2,0.214285714,2.214285714,N4 S2 P1 O3,de-protonated,0,-9999,C14 H31 O3 N4 P1 S2,14,31,3,4,1,2,-9999,-9999
840,397.163317,397.163447823,397.16316018,12734606,-9999,760500,23.38,-1,0.724245083,0.909213399,0,0.545528039,15,0.037037037,0.962962963,S1 O1,de-protonated,0,-9999,C27 H26 O1 S1,27,26,1,-9999,-9999,1,-9999,-9999
840,397.163317,397.163447823,397.163293121,12734606,-9999,760500,23.38,-1,0.389516701,0.97284551,0,0.583707306,2,0.5625,1.9375,P1 O9,de-protonated,0,-9999,C16 H31 O9 P1,16,31,9,-9999,1,-9999,-9999,-9999
841,397.181101,397.181231831,397.180918244,8261779.5,-9999,709133.5,14.48,-1,0.789531916,0.893054231,0,0.535832539,15,0.111111111,0.962962963,O3,de-protonated,0,-9999,C27 H26 O3,27,26,3,-9999,-9999,-9999,-9999,-9999
842,397.186649,397.186779834,397.186791471,56168596,-9999,704288.1,109.84,-1,-0.029298995,0.999875731,0.994574954,0.99775542,6,0.4,1.5,O8,de-protonated,0,-9999,C20 H30 O8,20,30,8,-9999,-9999,-9999,-9999,-9999
842,397.186649,397.186779834,397.18662928,56168596,-9999,704288.1,109.84,-1,0.379051421,0.973884696,0.956320186,0.966858892,1,0.133333333,2.333333333,N4 S2 P1 O2,de-protonated,0,-9999,C15 H35 O2 N4 P1 S2,15,35,2,4,1,2,-9999,-9999
843,397.199696,397.19982684,397.199678631,10760346,-9999,680137.9,19.45,-1,0.373135586,0.975053312,0,0.585031987,1,0.470588235,2.058823529,P1 O8,de-protonated,0,-9999,C17 H35 O8 P1,17,35,8,-9999,1,-9999,-9999,-9999
849,397.966783,397.966914197,397.966718568,11817377,-9999,741539.3,21.56,-1,0.491572252,0.957101478,0,0.574260887,12,0.916666667,0.5,N3 P1 O11,de-protonated,0,-9999,C12 H6 O11 N3 P1,12,6,11,3,1,-9999,-9999,-9999
853,398.069936,398.070067245,398.070381992,17748420,-9999,613929.5,33.36,-1,-0.790680137,0.892760263,0,0.535656158,13,0.3,0.85,N1 S1 O6,de-protonated,0,-9999,C20 H17 O6 N1 S1,20,17,6,1,-9999,1,-9999,-9999
853,398.069936,398.070067245,398.070001869,17748420,-9999,613929.5,33.36,-1,0.164232862,0.995117844,0,0.597070706,18,0.136363636,0.636363636,N3 P1 O3,de-protonated,0,-9999,C22 H14 O3 N3 P1,22,14,3,3,1,-9999,-9999,-9999
853,398.069936,398.070067245,398.069730543,17748420,-9999,613929.5,33.36,-1,0.845837575,0.878257132,0,0.526954279,4,0.666666667,1.75,N3 S2 O8,de-protonated,0,-9999,C12 H21 O8 N3 S2,12,21,8,3,-9999,2,-9999,-9999
854,398.122187,398.12231827,398.122023642,8458710,-9999,797521.9,14.87,-1,0.740042857,0.905405101,0,0.543243061,16,0.08,0.84,N1 S1 O2,de-protonated,0,-9999,C25 H21 O2 N1 S1,25,21,2,1,-9999,1,-9999,-9999
854,398.122187,398.12231827,398.122156584,8458710,-9999,797521.9,14.87,-1,0.406120652,0.970516326,0,0.582309795,3,0.714285714,1.857142857,N1 P1 O10,de-protonated,0,-9999,C14 H26 O10 N1 P1,14,26,10,1,1,-9999,-9999,-9999
855,398.190006,398.190137301,398.190146306,12603885,-9999,738291.9,23.12,-1,-0.022614253,0.999907211,0.994574954,0.997774308,6,0.4,1.5,13C1 O8,de-protonated,1,842,C19 H30 O8 13C1,19,30,8,-9999,-9999,-9999,1,-9999
855,398.190006,398.190137301,398.189984115,12603885,-9999,738291.9,23.12,-1,0.384707208,0.973503032,0.956320186,0.966629894,1,0.133333333,2.333333333,13C1 N4 S2 P1 O2,de-protonated,1,842,C14 H35 O2 N4 P1 S2 13C1,14,35,2,4,1,2,1,-9999
856,398.242088,398.242219326,398.242546502,7467519,-9999,653795.1,12.9,-1,-0.821549205,0.884734625,0,0.530840775,0,0.375,2.375,N3 P1 O6,de-protonated,0,-9999,C16 H38 O6 N3 P1,16,38,6,3,1,-9999,-9999,-9999
857,399.165905,399.166036756,399.166056026,12047165,-9999,687387.7,22.01,-1,-0.048275986,0.99957721,0,0.599746326,6,0.473684211,1.473684211,O9,de-protonated,0,-9999,C19 H28 O9,19,28,9,-9999,-9999,-9999,-9999,-9999
857,399.165905,399.166036756,399.165893835,12047165,-9999,687387.7,22.01,-1,0.358049616,0.97700683,0,0.586204098,1,0.214285714,2.357142857,N4 S2 P1 O3,de-protonated,0,-9999,C14 H33 O3 N4 P1 S2,14,33,3,4,1,2,-9999,-9999
858,399.202278,399.202409773,399.202441536,12915529,-9999,738815,23.74,-1,-0.07956499,0.998851983,0,0.59931119,5,0.4,1.6,O8,de-protonated,0,-9999,C20 H32 O8,20,32,8,-9999,-9999,-9999,-9999,-9999
858,399.202278,399.202409773,399.202279344,12915529,-9999,738815,23.74,-1,0.326723564,0.980817044,0,0.588490226,0,0.133333333,2.466666667,N4 S2 P1 O2,de-protonated,0,-9999,C15 H37 O2 N4 P1 S2,15,37,2,4,1,2,-9999,-9999
859,399.238702,399.23883379,399.238827045,7533398,-9999,697364.4,13.03,-1,0.016894854,0.999948209,0,0.599968926,4,0.333333333,1.714285714,O7,de-protonated,0,-9999,C21 H36 O7,21,36,7,-9999,-9999,-9999,-9999,-9999
860,400.197578,400.197710237,400.197690508,7984289.5,-9999,730020.7,13.93,-1,0.049298082,0.999559122,0,0.599735473,5,0.421052632,1.631578947,N1 O8,de-protonated,0,-9999,C19 H31 O8 N1,19,31,8,1,-9999,-9999,-9999,-9999
861,401.108781,401.108913661,401.108935072,7960030,-9999,674143,13.88,-1,-0.053378755,0.999483133,0,0.59968988,7,0.647058824,1.294117647,O11,de-protonated,0,-9999,C17 H22 O11,17,22,11,-9999,-9999,-9999,-9999,-9999
861,401.108781,401.108913661,401.108772881,7960030,-9999,674143,13.88,-1,0.350978697,0.977896008,0,0.586737605,2,0.416666667,2.25,N4 S2 P1 O5,de-protonated,0,-9999,C12 H27 O5 N4 P1 S2,12,27,5,4,1,2,-9999,-9999
862,401.145167,401.145299678,401.145320581,10655210,-9999,743619.1,19.24,-1,-0.05210853,0.999507434,0,0.59970446,6,0.555555556,1.444444444,O10,de-protonated,0,-9999,C18 H26 O10,18,26,10,-9999,-9999,-9999,-9999,-9999
862,401.145167,401.145299678,401.14515839,10655210,-9999,743619.1,19.24,-1,0.352212245,0.977742107,0,0.586645264,1,0.307692308,2.384615385,N4 S2 P1 O4,de-protonated,0,-9999,C13 H31 O4 N4 P1 S2,13,31,4,4,1,2,-9999,-9999
863,401.17349,401.173622691,401.173463882,11228660,-9999,733365,20.38,-1,0.395861783,0.971966249,0,0.58317975,5,0.368421053,1.631578947,P1 O7,de-protonated,0,-9999,C19 H31 O7 P1,19,31,7,-9999,1,-9999,-9999,-9999
864,401.181565,401.181697695,401.181706091,14570999,-9999,682509.3,27.03,-1,-0.020926889,0.99992054,0,0.599952324,5,0.473684211,1.578947368,O9,de-protonated,0,-9999,C19 H30 O9,19,30,9,-9999,-9999,-9999,-9999,-9999
864,401.181565,401.181697695,401.181543899,14570999,-9999,682509.3,27.03,-1,0.383357229,0.973686203,0,0.584211722,0,0.214285714,2.5,N4 S2 P1 O3,de-protonated,0,-9999,C14 H35 O3 N4 P1 S2,14,35,3,4,1,2,-9999,-9999
865,401.217949,401.218081712,401.2180916,13407748,-9999,690198.9,24.72,-1,-0.02464466,0.999889802,0,0.599933881,4,0.4,1.7,O8,de-protonated,0,-9999,C20 H34 O8,20,34,8,-9999,-9999,-9999,-9999,-9999
867,403.116391,403.116524597,403.116209986,8517788,-9999,714366.9,14.98,-1,0.780445975,0.895368732,0,0.537221239,19,0.035714286,0.714285714,S1 O1,de-protonated,0,-9999,C28 H20 O1 S1,28,20,1,-9999,-9999,1,-9999,-9999
867,403.116391,403.116524597,403.116342928,8517788,-9999,714366.9,14.98,-1,0.450660701,0.963819413,0,0.578291648,6,0.529411765,1.470588235,P1 O9,de-protonated,0,-9999,C17 H25 O9 P1,17,25,9,-9999,1,-9999,-9999,-9999
868,403.152735,403.152868614,403.152728437,11524265,-9999,736635.9,20.97,-1,0.347700181,0.978302537,0,0.586981522,5,0.444444444,1.611111111,P1 O8,de-protonated,0,-9999,C18 H29 O8 P1,18,29,8,-9999,1,-9999,-9999,-9999
869,403.160832,403.160965617,403.160970646,10295468,-9999,686956.6,18.52,-1,-0.012472539,0.999971773,0,0.599983064,5,0.555555556,1.555555556,O10,de-protonated,0,-9999,C18 H28 O10,18,28,10,-9999,-9999,-9999,-9999,-9999
870,403.189143,403.189276631,403.189113947,48306356,-9999,711784.7,94.18,-1,0.403492762,0.965527161,0.936124582,0.953766129,4,0.368421053,1.736842105,P1 O7,de-protonated,0,-9999,C19 H33 O7 P1,19,33,7,-9999,1,-9999,-9999,-9999
871,403.197191,403.197324634,403.197356155,11770041,-9999,721270.3,21.46,-1,-0.078177227,0.998891659,0,0.599334995,4,0.473684211,1.684210526,O9,de-protonated,0,-9999,C19 H32 O9,19,32,9,-9999,-9999,-9999,-9999,-9999
872,403.22549,403.225623648,403.225499456,8329410.5,-9999,828266.1,14.61,-1,0.307995089,0.982934888,0,0.589760933,3,0.3,1.85,P1 O6,de-protonated,0,-9999,C20 H37 O6 P1,20,37,6,-9999,1,-9999,-9999,-9999
873,403.233615,403.233748651,403.233741665,8247493.5,-9999,730266.8,14.45,-1,0.017326846,0.999945527,0,0.599967316,3,0.4,1.8,O8,de-protonated,0,-9999,C20 H36 O8,20,36,8,-9999,-9999,-9999,-9999,-9999
874,404.192526,404.192660098,404.192468782,14785048,-9999,714031.6,27.46,-1,0.473329705,0.96016326,0.936124582,0.950547789,4,0.368421053,1.736842105,13C1 P1 O7,de-protonated,1,870,C18 H33 O7 P1 13C1,18,33,7,-9999,1,-9999,1,-9999
874,404.192526,404.192660098,404.192605127,14785048,-9999,714031.6,27.46,-1,0.136001207,0.996649491,0,0.597989695,4,0.5,1.722222222,N1 O9,de-protonated,0,-9999,C18 H31 O9 N1,18,31,9,1,-9999,-9999,-9999,-9999
875,405.059256,405.059390502,405.059089032,45423436,-9999,703323.3,88.44,-1,0.744261432,0.452188496,0.780512821,0.583518226,20,0.115384615,0.538461538,S1 O3,de-protonated,0,-9999,C26 H14 O3 S1,26,14,3,-9999,-9999,1,-9999,-9999
875,405.059256,405.059390502,405.059221974,45423436,-9999,703323.3,88.44,-1,0.416057995,0.484539308,0.860410506,0.634887787,7,0.733333333,1.266666667,P1 O11,de-protonated,0,-9999,C15 H19 O11 P1,15,19,11,-9999,1,-9999,-9999,-9999
876,405.095647,405.095781519,405.095474541,7191384,-9999,743680.2,12.34,-1,0.757790402,0.901048462,0,0.540629077,19,0.074074074,0.666666667,S1 O2,de-protonated,0,-9999,C27 H18 O2 S1,27,18,2,-9999,-9999,1,-9999,-9999
876,405.095647,405.095781519,405.095607483,7191384,-9999,743680.2,12.34,-1,0.429616439,0.967064547,0,0.580238728,6,0.625,1.4375,P1 O10,de-protonated,0,-9999,C16 H23 O10 P1,16,23,10,-9999,1,-9999,-9999,-9999
877,405.131985,405.132119536,405.131860051,10394469,-9999,752479.8,18.72,-1,0.640495276,0.928266458,0,0.556959875,18,0.035714286,0.785714286,S1 O1,de-protonated,0,-9999,C28 H22 O1 S1,28,22,1,-9999,-9999,1,-9999,-9999
877,405.131985,405.132119536,405.131992992,10394469,-9999,752479.8,18.72,-1,0.312350826,0.982453087,0,0.589471852,5,0.529411765,1.588235294,P1 O9,de-protonated,0,-9999,C17 H27 O9 P1,17,27,9,-9999,1,-9999,-9999,-9999
878,405.155362,405.155496547,405.155491342,7404397,-9999,728589.9,12.77,-1,0.012845498,0.99997006,0,0.599982036,9,0.380952381,1.238095238,O8,de-protonated,0,-9999,C21 H26 O8,21,26,8,-9999,-9999,-9999,-9999,-9999
878,405.155362,405.155496547,405.155329151,7404397,-9999,728589.9,12.77,-1,0.413164389,0.969500621,0,0.581700372,4,0.125,1.9375,N4 S2 P1 O2,de-protonated,0,-9999,C16 H31 O2 N4 P1 S2,16,31,2,4,1,2,-9999,-9999
879,405.168419,405.168553553,405.168378502,20224882,-9999,675746.9,38.29,-1,0.432044915,0.966697436,0,0.580018462,4,0.444444444,1.722222222,P1 O8,de-protonated,0,-9999,C18 H31 O8 P1,18,31,8,-9999,1,-9999,-9999,-9999
880,405.176474,405.176608556,405.17662071,8002420.5,-9999,742706.1,13.96,-1,-0.029996301,0.99983675,0,0.59990205,4,0.555555556,1.666666667,O10,de-protonated,0,-9999,C18 H30 O10,18,30,10,-9999,-9999,-9999,-9999,-9999
881,405.186202,405.186336561,405.186003625,15145848,-9999,734857,28.18,-1,0.821687348,0.884698184,0,0.53081891,17,0.068965517,0.896551724,O2,de-protonated,0,-9999,C29 H26 O2,29,26,2,-9999,-9999,-9999,-9999,-9999
882,405.204777,405.20491157,405.204764011,17455998,-9999,696434.7,32.77,-1,0.364157927,0.976225093,0,0.585735056,3,0.368421053,1.842105263,P1 O7,de-protonated,0,-9999,C19 H35 O7 P1,19,35,7,-9999,1,-9999,-9999,-9999
883,406.135357,406.135492003,406.135484173,7765194.5,-9999,769142.2,13.48,-1,0.019279528,0.999932558,0,0.599959535,5,0.6875,1.5625,N1 O11,de-protonated,0,-9999,C16 H25 O11 N1,16,25,11,1,-9999,-9999,-9999,-9999
884,406.171774,406.17190902,406.171869682,8387799.5,-9999,753559.5,14.72,-1,0.096849931,0.998299475,0,0.598979685,4,0.588235294,1.705882353,N1 O10,de-protonated,0,-9999,C17 H29 O10 N1,17,29,10,1,-9999,-9999,-9999,-9999
885,407.056321,407.056456432,407.056111652,13704725,-9999,703651.9,25.31,-1,0.847009648,0.877941,0,0.5267646,20,0.24,0.48,O6,de-protonated,0,-9999,C25 H12 O6,25,12,6,-9999,-9999,-9999,-9999,-9999
886,407.111256,407.111391458,407.111124606,8068648.5,-9999,728746.9,14.09,-1,0.65547727,0.925001879,0,0.555001127,18,0.074074074,0.740740741,S1 O2,de-protonated,0,-9999,C27 H20 O2 S1,27,20,2,-9999,-9999,1,-9999,-9999
886,407.111256,407.111391458,407.111257548,8068648.5,-9999,728746.9,14.09,-1,0.328928164,0.980559834,0,0.5883359,5,0.625,1.5625,P1 O10,de-protonated,0,-9999,C16 H25 O10 P1,16,25,10,-9999,1,-9999,-9999,-9999
887,407.134595,407.134730469,407.134755897,7454257,-9999,617364.9,12.87,-1,-0.062457325,0.999292434,0,0.59957546,9,0.45,1.2,O9,de-protonated,0,-9999,C20 H24 O9,20,24,9,-9999,-9999,-9999,-9999,-9999
887,407.134595,407.134730469,407.134593706,7454257,-9999,617364.9,12.87,-1,0.335915406,0.979733662,0,0.587840197,4,0.2,1.933333333,N4 S2 P1 O3,de-protonated,0,-9999,C15 H29 O3 N4 P1 S2,15,29,3,4,1,2,-9999,-9999
888,407.147685,407.147820475,407.147510115,22617654,-9999,695352.5,43.05,-1,0.762278298,0.449966905,0.767553728,0.577001634,17,0.035714286,0.857142857,S1 O1,de-protonated,0,-9999,C28 H24 O1 S1,28,24,1,-9999,-9999,1,-9999,-9999
888,407.147685,407.147820475,407.147643057,22617654,-9999,695352.5,43.05,-1,0.43575834,0.966132352,0,0.579679411,4,0.529411765,1.705882353,P1 O9,de-protonated,0,-9999,C17 H29 O9 P1,17,29,9,-9999,1,-9999,-9999,-9999
889,407.165468,407.165603483,407.16526818,8281660,-9999,745533.9,14.51,-1,0.823506528,0.884217872,0,0.530530723,17,0.107142857,0.857142857,O3,de-protonated,0,-9999,C28 H24 O3,28,24,3,-9999,-9999,-9999,-9999,-9999
890,407.184051,407.184186492,407.184028566,26484290,-9999,685119,50.74,-1,0.38784815500000003,0.973074498,0,0.583844699,3,0.444444444,1.833333333,P1 O8,de-protonated,0,-9999,C18 H33 O8 P1,18,33,8,-9999,1,-9999,-9999,-9999
891,407.220428,407.220563509,407.220414076,12000848,-9999,742955.9,21.91,-1,0.366958942,0.975862412,0,0.585517447,2,0.368421053,1.947368421,P1 O7,de-protonated,0,-9999,C19 H37 O7 P1,19,37,7,-9999,1,-9999,-9999,-9999
892,408.187396,408.187531959,408.187519747,9093037,-9999,694198.7,16,-1,0.029918478,0.999837596,0,0.599902557,3,0.588235294,1.823529412,N1 O10,de-protonated,0,-9999,C17 H31 O10 N1,17,31,10,1,-9999,-9999,-9999,-9999
894,409.077477,409.077613374,409.077634943,7733487.5,-9999,741583.6,13.31,-1,-0.052726192,0.999495691,0,0.599697414,10,0.611111111,1,O11,de-protonated,0,-9999,C18 H18 O11,18,18,11,-9999,-9999,-9999,-9999,-9999
894,409.077477,409.077613374,409.077472752,7733487.5,-9999,741583.6,13.31,-1,0.343754505,0.978786954,0,0.587272172,5,0.384615385,1.769230769,N4 S2 P1 O5,de-protonated,0,-9999,C13 H23 O5 N4 P1 S2,13,23,5,4,1,2,-9999,-9999
895,409.105827,409.105963387,409.105778244,10887418,-9999,746906.3,19.54,-1,0.452555922,0.963520094,0,0.578112056,9,0.421052632,1.210526316,P1 O8,de-protonated,0,-9999,C19 H23 O8 P1,19,23,8,-9999,1,-9999,-9999,-9999
896,409.126926,409.127062397,409.12677467,16032001,-9999,716901.6,29.7,-1,0.70327038100000006,0.914166493,0,0.548499896,17,0.074074074,0.814814815,S1 O2,de-protonated,0,-9999,C27 H22 O2 S1,27,22,2,-9999,-9999,1,-9999,-9999
896,409.126926,409.127062397,409.126907612,16032001,-9999,716901.6,29.7,-1,0.378330073,0.974362945,0,0.584617767,4,0.625,1.6875,P1 O10,de-protonated,0,-9999,C16 H27 O10 P1,16,27,10,-9999,1,-9999,-9999,-9999
897,409.163328,409.163464414,409.16316018,21045518,-9999,705690.7,39.59,-1,0.743552652,0.452275028,0.767553728,0.578386508,16,0.035714286,0.928571429,S1 O1,de-protonated,0,-9999,C28 H26 O1 S1,28,26,1,-9999,-9999,1,-9999,-9999
897,409.163328,409.163464414,409.163293121,21045518,-9999,705690.7,39.59,-1,0.418641226,0.968699544,0,0.581219726,3,0.529411765,1.823529412,P1 O9,de-protonated,0,-9999,C17 H31 O9 P1,17,31,9,-9999,1,-9999,-9999,-9999
898,409.186626,409.186762425,409.186791471,7946519,-9999,711236.4,13.73,-1,-0.070985435,0.99908611,0,0.599451666,7,0.380952381,1.428571429,O8,de-protonated,0,-9999,C21 H30 O8,21,30,8,-9999,-9999,-9999,-9999,-9999
898,409.186626,409.186762425,409.18662928,7946519,-9999,711236.4,13.73,-1,0.325389487,0.980971883,0,0.58858313,2,0.125,2.1875,N4 S2 P1 O2,de-protonated,0,-9999,C16 H35 O2 N4 P1 S2,16,35,2,4,1,2,-9999,-9999
899,409.199709,409.19984543100003,409.199678631,15458588,-9999,721820.9,28.56,-1,0.407625498,0.970300705,0,0.582180423,2,0.444444444,1.944444444,P1 O8,de-protonated,0,-9999,C18 H35 O8 P1,18,35,8,-9999,1,-9999,-9999,-9999
900,409.311061,409.311197483,409.31120414,220406080,-9999,678700.1,433.2,-1,-0.016265539,0.999961617,0.979857119,0.991919818,8,0.071428571,1.5,O2,de-protonated,0,-9999,C28 H42 O2,28,42,2,-9999,-9999,-9999,-9999,-9999
902,410.314415,410.31455195,410.314558976,61153972,-9999,663412.9,118.78,-1,-0.017121664,0.999959888,0.979857119,0.991918781,8,0.071428571,1.5,13C1 O2,de-protonated,1,900,C27 H42 O2 13C1,27,42,2,-9999,-9999,-9999,1,-9999
903,411.121495,411.121632326,411.121428308,14246874,-9999,678546.1,26.17,-1,0.496247294,0.956299813,0,0.573779888,8,0.421052632,1.315789474,P1 O8,de-protonated,0,-9999,C19 H25 O8 P1,19,25,8,-9999,1,-9999,-9999,-9999
904,411.129529,411.12966633,411.129670517,7816157.5,-9999,700130.6,13.47,-1,-0.010183772,0.999981182,0,0.599988709,8,0.526315789,1.263157895,O10,de-protonated,0,-9999,C19 H24 O10,19,24,10,-9999,-9999,-9999,-9999,-9999
904,411.129529,411.12966633,411.129508326,7816157.5,-9999,700130.6,13.47,-1,0.384318022,0.973555901,0,0.584133541,3,0.285714286,2.071428571,N4 S2 P1 O4,de-protonated,0,-9999,C14 H29 O4 N4 P1 S2,14,29,4,4,1,2,-9999,-9999
905,411.142535,411.142672336,411.142424735,7906274,-9999,681872.3,13.65,-1,0.602227729,0.936311096,0,0.561786658,16,0.074074074,0.888888889,S1 O2,de-protonated,0,-9999,C27 H24 O2 S1,27,24,2,-9999,-9999,1,-9999,-9999
905,411.142535,411.142672336,411.142557676,7906274,-9999,681872.3,13.65,-1,0.278880492,0.985987058,0,0.591592235,3,0.625,1.8125,P1 O10,de-protonated,0,-9999,C16 H29 O10 P1,16,29,10,-9999,1,-9999,-9999,-9999
906,411.160359,411.160496344,411.160182799,7545833,-9999,707521,12.94,-1,0.76258584,0.899857237,0,0.539914342,16,0.148148148,0.888888889,O4,de-protonated,0,-9999,C27 H24 O4,27,24,4,-9999,-9999,-9999,-9999,-9999
907,411.165918,411.166055347,411.166056026,9528299,-9999,716564.9,16.85,-1,-0.001652001,0.999999505,0,0.599999703,7,0.45,1.4,O9,de-protonated,0,-9999,C20 H28 O9,20,28,9,-9999,-9999,-9999,-9999,-9999
907,411.165918,411.166055347,411.165893835,9528299,-9999,716564.9,16.85,-1,0.392814884,0.972390143,0,0.583434086,2,0.2,2.2,N4 S2 P1 O3,de-protonated,0,-9999,C15 H33 O3 N4 P1 S2,15,33,3,4,1,2,-9999,-9999
908,411.178978,411.179115353,411.178810244,14394352,-9999,694679.3,26.46,-1,0.742034828,0.904920221,0,0.542952132,15,0.035714286,1,S1 O1,de-protonated,0,-9999,C28 H28 O1 S1,28,28,1,-9999,-9999,1,-9999,-9999
908,411.178978,411.179115353,411.178943186,14394352,-9999,694679.3,26.46,-1,0.418716159,0.968688515,0,0.581213109,2,0.529411765,1.941176471,P1 O9,de-protonated,0,-9999,C17 H33 O9 P1,17,33,9,-9999,1,-9999,-9999,-9999
909,411.202285,411.202422364,411.202441536,10380280,-9999,668432.7,18.54,-1,-0.046623393,0.999605655,0,0.599763393,6,0.380952381,1.523809524,O8,de-protonated,0,-9999,C21 H32 O8,21,32,8,-9999,-9999,-9999,-9999,-9999
909,411.202285,411.202422364,411.202279344,10380280,-9999,668432.7,18.54,-1,0.34780857,0.978289155,0,0.586973493,1,0.125,2.3125,N4 S2 P1 O2,de-protonated,0,-9999,C16 H37 O2 N4 P1 S2,16,37,2,4,1,2,-9999,-9999
910,411.31778,411.317917418,411.317913811,7496738.5,-9999,764112.3,12.84,-1,0.008769705,0.999972967,0.979857119,0.991926628,8,0.071428571,1.5,13C2 O2,de-protonated,1,900,C26 H42 O2 13C2,26,42,2,-9999,-9999,-9999,2,-9999
911,413.137111,413.137249265,413.137078373,21374658,-9999,691829.6,40.24,-1,0.413646062,0.969430565,0,0.581658339,7,0.421052632,1.421052632,P1 O8,de-protonated,0,-9999,C19 H27 O8 P1,19,27,8,-9999,1,-9999,-9999,-9999
912,413.14515,413.145288269,413.145320581,8464070,-9999,765634.9,14.75,-1,-0.078210299,0.998890721,0,0.599334433,7,0.526315789,1.368421053,O10,de-protonated,0,-9999,C19 H26 O10,19,26,10,-9999,-9999,-9999,-9999,-9999
912,413.14515,413.145288269,413.14515839,8464070,-9999,765634.9,14.75,-1,0.314366775,0.982227887,0,0.589336732,2,0.285714286,2.214285714,N4 S2 P1 O4,de-protonated,0,-9999,C14 H31 O4 N4 P1 S2,14,31,4,4,1,2,-9999,-9999
913,413.181537,413.181675286,413.181706091,13018835,-9999,738578,23.74,-1,-0.074554647,0.998991945,0,0.599395167,6,0.45,1.5,O9,de-protonated,0,-9999,C20 H30 O9,20,30,9,-9999,-9999,-9999,-9999,-9999
913,413.181537,413.181675286,413.181543899,13018835,-9999,738578,23.74,-1,0.317987857,0.981819873,0,0.589091924,1,0.2,2.333333333,N4 S2 P1 O3,de-protonated,0,-9999,C15 H35 O3 N4 P1 S2,15,35,3,4,1,2,-9999,-9999
914,413.217925,413.218063303,413.2180916,14739169,-9999,681778.3,27.14,-1,-0.068479608,0.999149466,0,0.59948968,5,0.380952381,1.619047619,O8,de-protonated,0,-9999,C21 H34 O8,21,34,8,-9999,-9999,-9999,-9999,-9999
914,413.217925,413.218063303,413.217929409,14739169,-9999,681778.3,27.14,-1,0.324028334,0.981129236,0,0.588677542,0,0.125,2.4375,N4 S2 P1 O2,de-protonated,0,-9999,C16 H39 O2 N4 P1 S2,16,39,2,4,1,2,-9999,-9999
915,414.140505,414.140643733,414.140569554,8095800,-9999,726723.1,14.02,-1,0.179116293,0.994195557,0,0.596517334,7,0.555555556,1.388888889,N1 O10,de-protonated,0,-9999,C18 H25 O10 N1,18,25,10,1,-9999,-9999,-9999,-9999
916,415.152798,415.152937205,415.152728437,8448434,-9999,777650.8,14.72,-1,0.502868399,0.955152628,0,0.573091577,6,0.421052632,1.526315789,P1 O8,de-protonated,0,-9999,C19 H29 O8 P1,19,29,8,-9999,1,-9999,-9999,-9999
917,415.160794,415.160933208,415.160970646,8989109,-9999,721498.9,15.79,-1,-0.090176051,0.998525598,0,0.599115359,6,0.526315789,1.473684211,O10,de-protonated,0,-9999,C19 H28 O10,19,28,10,-9999,-9999,-9999,-9999,-9999
917,415.160794,415.160933208,415.160808454,8989109,-9999,721498.9,15.79,-1,0.300495014,0.983749175,0,0.590249505,1,0.285714286,2.357142857,N4 S2 P1 O4,de-protonated,0,-9999,C14 H33 O4 N4 P1 S2,14,33,4,4,1,2,-9999,-9999
918,415.189135,415.189274221,415.189113947,7834048,-9999,689330.5,13.51,-1,0.386028347,0.973323184,0,0.583993911,5,0.35,1.65,P1 O7,de-protonated,0,-9999,C20 H33 O7 P1,20,33,7,-9999,1,-9999,-9999,-9999
919,415.197205,415.197344225,415.197356155,16656835,-9999,709954.5,30.92,-1,-0.028733234,0.999850207,0,0.599910124,5,0.45,1.6,O9,de-protonated,0,-9999,C20 H32 O9,20,32,9,-9999,-9999,-9999,-9999,-9999
919,415.197205,415.197344225,415.197193964,16656835,-9999,709954.5,30.92,-1,0.361903619,0.976515064,0,0.585909039,0,0.2,2.466666667,N4 S2 P1 O3,de-protonated,0,-9999,C15 H37 O3 N4 P1 S2,15,37,3,4,1,2,-9999,-9999
920,415.233607,415.233746242,415.233741665,12036560,-9999,742497,21.8,-1,0.011024266,0.999977948,0,0.599986769,4,0.380952381,1.714285714,O8,de-protonated,0,-9999,C21 H36 O8,21,36,8,-9999,-9999,-9999,-9999,-9999
921,417.168389,417.168529144,417.168378502,13200552,-9999,716314.8,24.1,-1,0.361105523,0.976617312,0,0.585970387,5,0.421052632,1.631578947,P1 O8,de-protonated,0,-9999,C19 H31 O8 P1,19,31,8,-9999,1,-9999,-9999,-9999
922,417.176494,417.176634147,417.17662071,10038443,-9999,687032.7,17.86,-1,0.032209599,0.999811772,0,0.599887063,5,0.526315789,1.578947368,O10,de-protonated,0,-9999,C19 H30 O10,19,30,10,-9999,-9999,-9999,-9999,-9999
922,417.176494,417.176634147,417.176458519,10038443,-9999,687032.7,17.86,-1,0.420993126,0.968352508,0,0.581011505,0,0.285714286,2.5,N4 S2 P1 O4,de-protonated,0,-9999,C14 H35 O4 N4 P1 S2,14,35,4,4,1,2,-9999,-9999
923,417.204781,417.204921161,417.204764011,11906230,-9999,697798,21.54,-1,0.376672139,0.974584274,0,0.584750565,4,0.35,1.75,P1 O7,de-protonated,0,-9999,C20 H35 O7 P1,20,35,7,-9999,1,-9999,-9999,-9999
924,417.212847,417.212987164,417.21300622,9350329,-9999,731208.2,16.5,-1,-0.045672884,0.999621567,0,0.59977294,4,0.45,1.7,O9,de-protonated,0,-9999,C20 H34 O9,20,34,9,-9999,-9999,-9999,-9999,-9999
925,419.147624,419.147765066,419.147510115,11054998,-9999,684231.5,19.86,-1,0.608259761,0.935071414,0,0.561042849,18,0.034482759,0.827586207,S1 O1,de-protonated,0,-9999,C29 H24 O1 S1,29,24,1,-9999,-9999,1,-9999,-9999
925,419.147624,419.147765066,419.147643057,11054998,-9999,684231.5,19.86,-1,0.291087965,0.984743038,0,0.590845823,5,0.5,1.611111111,P1 O9,de-protonated,0,-9999,C18 H29 O9 P1,18,29,9,-9999,1,-9999,-9999,-9999
926,419.184045,419.184186083,419.184028566,73609120,-9999,663118.5,143.36,-1,0.375769215,0.975597301,0.94621423,0.963844073,4,0.421052632,1.736842105,P1 O8,de-protonated,0,-9999,C19 H33 O8 P1,19,33,8,-9999,1,-9999,-9999,-9999
927,419.220438,419.2205791,419.220414076,10858418,-9999,715869.1,19.47,-1,0.393645093,0.972274948,0,0.583364969,3,0.35,1.85,P1 O7,de-protonated,0,-9999,C20 H37 O7 P1,20,37,7,-9999,1,-9999,-9999,-9999
928,420.187394,420.18753555,420.187383401,21279010,-9999,664117.5,40.05,-1,0.362097617,0.976490178,0.94621423,0.964379799,4,0.421052632,1.736842105,13C1 P1 O8,de-protonated,1,926,C18 H33 O8 P1 13C1,18,33,8,-9999,1,-9999,1,-9999
928,420.187394,420.18753555,420.187519747,21279010,-9999,664117.5,40.05,-1,0.037609947,0.999743372,0,0.599846023,4,0.555555556,1.722222222,N1 O10,de-protonated,0,-9999,C18 H31 O10 N1,18,31,10,1,-9999,-9999,-9999,-9999
929,421.15507,421.155212001,421.155114676,43463316,-9999,660088.2,83.84,-1,0.231091548,0.991687285,0.981073211,0.987441655,9,0.263157895,1.368421053,N4 S1 O5,de-protonated,0,-9999,C19 H26 O5 N4 S1,19,26,5,4,-9999,1,-9999,-9999
930,421.163309,421.163451005,421.16316018,22000280,-9999,672525.5,41.47,-1,0.690528644,0.458558538,0.761234226,0.579628813,17,0.034482759,0.896551724,S1 O1,de-protonated,0,-9999,C29 H26 O1 S1,29,26,1,-9999,-9999,1,-9999,-9999
930,421.163309,421.163451005,421.163293121,22000280,-9999,672525.5,41.47,-1,0.374874778,0.974823175,0,0.584893905,4,0.5,1.722222222,P1 O9,de-protonated,0,-9999,C18 H31 O9 P1,18,31,9,-9999,1,-9999,-9999,-9999
931,421.181093,421.181235013,421.180918244,24457886,-9999,682756,46.32,-1,0.752096683,0.451227548,0.761234226,0.575230219,17,0.103448276,0.896551724,O3,de-protonated,0,-9999,C29 H26 O3,29,26,3,-9999,-9999,-9999,-9999,-9999
932,421.199711,421.199853022,421.199678631,20656806,-9999,679472.5,38.82,-1,0.41403428,0.969374046,0,0.581624427,3,0.421052632,1.842105263,P1 O8,de-protonated,0,-9999,C19 H35 O8 P1,19,35,8,-9999,1,-9999,-9999,-9999
933,421.226401,421.226543034,421.226548284,19706544,-9999,709143.6,36.94,-1,-0.012462555,0.999971819,0,0.599983091,2,0.35,1.9,S1 O7,de-protonated,0,-9999,C20 H38 O7 S1,20,38,7,-9999,-9999,1,-9999,-9999
933,421.226401,421.226543034,421.226168161,19706544,-9999,709143.6,36.94,-1,0.889956487,0.866137635,0,0.519682581,7,0.181818182,1.590909091,N2 P1 O4,de-protonated,0,-9999,C22 H35 O4 N2 P1,22,35,4,2,1,-9999,-9999,-9999
934,421.236084,421.236226039,421.23606414,8794803,-9999,731154.9,15.4,-1,0.384341978,0.973552648,0,0.584131589,2,0.35,1.95,P1 O7,de-protonated,0,-9999,C20 H39 O7 P1,20,39,7,-9999,1,-9999,-9999,-9999
935,422.15841,422.158552468,422.158409152,10155029,-9999,662205.4,17.93,-1,0.33948548,0.979305108,0,0.587583065,17,0.035714286,0.892857143,N1 S1 O1,de-protonated,0,-9999,C28 H25 O1 N1 S1,28,25,1,1,-9999,1,-9999,-9999
935,422.15841,422.158552468,422.158542094,10155029,-9999,662205.4,17.93,-1,0.024575886,0.999890416,0,0.599934249,4,0.529411765,1.764705882,N1 P1 O9,de-protonated,0,-9999,C17 H30 O9 N1 P1,17,30,9,1,1,-9999,-9999,-9999
935,422.15841,422.158552468,422.158469511,10155029,-9999,662205.4,17.93,-1,0.196508624,0.993017733,0.981073211,0.988239924,9,0.263157895,1.368421053,13C1 N4 S1 O5,de-protonated,1,929,C18 H26 O5 N4 S1 13C1,18,26,5,4,-9999,1,1,-9999
936,423.073767,423.073909895,423.07349305,37893492,-9999,677024.2,72.22,-1,0.985277849,0.419248035,0.800793265,0.571866127,20,0.217391304,0.52173913,N4 O5,de-protonated,0,-9999,C23 H12 O5 N4,23,12,5,4,-9999,-9999,-9999,-9999
937,423.142565,423.142707927,423.142424735,8779151,-9999,712056,15.23,-1,0.669259919,0.921942455,0,0.553165473,17,0.071428571,0.857142857,S1 O2,de-protonated,0,-9999,C28 H24 O2 S1,28,24,2,-9999,-9999,1,-9999,-9999
937,423.142565,423.142707927,423.142557676,8779151,-9999,712056,15.23,-1,0.355082541,0.977382005,0,0.586429203,4,0.588235294,1.705882353,P1 O10,de-protonated,0,-9999,C17 H29 O10 P1,17,29,10,-9999,1,-9999,-9999,-9999
938,423.152114,423.152256931,423.151940591,13038995,-9999,725824.3,23.57,-1,0.747581266,0.903564635,0,0.542138781,17,0.071428571,0.892857143,P1 O2,de-protonated,0,-9999,C28 H25 O2 P1,28,25,2,-9999,1,-9999,-9999,-9999
938,423.152114,423.152256931,423.152137295,13038995,-9999,725824.3,23.57,-1,0.282725675,0.98560079,0,0.591360474,9,0.444444444,1.333333333,N4 O8,de-protonated,0,-9999,C18 H24 O8 N4,18,24,8,4,-9999,-9999,-9999,-9999
939,423.17897,423.179112944,423.178810244,19183006,-9999,677587,35.6,-1,0.715300173,0.911340208,0,0.546804125,16,0.034482759,0.965517241,S1 O1,de-protonated,0,-9999,C29 H28 O1 S1,29,28,1,-9999,-9999,1,-9999,-9999
939,423.17897,423.179112944,423.178943186,19183006,-9999,677587,35.6,-1,0.401149795,0.971223237,0,0.582733942,3,0.5,1.833333333,P1 O9,de-protonated,0,-9999,C18 H33 O9 P1,18,33,9,-9999,1,-9999,-9999,-9999
940,423.215328,423.215470961,423.215328695,11253163,-9999,647560.2,20.08,-1,0.336154496,0.979705098,0,0.587823059,2,0.421052632,1.947368421,P1 O8,de-protonated,0,-9999,C19 H37 O8 P1,19,37,8,-9999,1,-9999,-9999,-9999
941,424.073321,424.073464361,424.073767096,10843894,-9999,679282.1,19.27,-1,-0.713873819,0.911677361,0,0.547006416,10,0.352941176,1.176470588,N3 S1 P1 O6,de-protonated,0,-9999,C17 H20 O6 N3 P1 S1,17,20,6,3,1,1,-9999,-9999
942,425.070742,425.070885825,425.07104996100003,14104696,-9999,612917.1,25.66,-1,-0.386136516,0.973308433,0,0.58398506,0,0.833333333,2.25,S2 P1 O10,de-protonated,0,-9999,C12 H27 O10 P1 S2,12,27,10,-9999,1,2,-9999,-9999
943,425.100754,425.100897839,425.100559922,7829636,-9999,793635.1,13.37,-1,0.794912028,0.891673962,0,0.535004377,22,0.033333333,0.6,S1 O1,de-protonated,0,-9999,C30 H18 O1 S1,30,18,1,-9999,-9999,1,-9999,-9999
943,425.100754,425.100897839,425.100692864,7829636,-9999,793635.1,13.37,-1,0.482181802,0.958690785,0,0.575214471,9,0.473684211,1.210526316,P1 O9,de-protonated,0,-9999,C19 H23 O9 P1,19,23,9,-9999,1,-9999,-9999,-9999
944,425.15823,425.158373866,425.158074799,10287258,-9999,683786,18.18,-1,0.703425231,0.914130362,0,0.548478217,16,0.071428571,0.928571429,S1 O2,de-protonated,0,-9999,C28 H26 O2 S1,28,26,2,-9999,-9999,1,-9999,-9999
944,425.15823,425.158373866,425.158207741,10287258,-9999,683786,18.18,-1,0.390737339,0.972677404,0,0.583606442,3,0.588235294,1.823529412,P1 O10,de-protonated,0,-9999,C17 H31 O10 P1,17,31,10,-9999,1,-9999,-9999,-9999
945,425.194573,425.194716883,425.194460309,10221736,-9999,689831.1,18.06,-1,0.603428603,0.936065151,0,0.561639091,15,0.034482759,1.034482759,S1 O1,de-protonated,0,-9999,C29 H30 O1 S1,29,30,1,-9999,-9999,1,-9999,-9999
945,425.194573,425.194716883,425.19459325,10221736,-9999,689831.1,18.06,-1,0.290767501,0.984776356,0,0.590865814,2,0.5,1.944444444,P1 O9,de-protonated,0,-9999,C18 H35 O9 P1,18,35,9,-9999,1,-9999,-9999,-9999
946,425.217905,425.218048894,425.2180916,7583921,-9999,664610.1,12.89,-1,-0.100433498,0.998171421,0,0.598902853,6,0.363636364,1.545454545,O8,de-protonated,0,-9999,C22 H34 O8,22,34,8,-9999,-9999,-9999,-9999,-9999
946,425.217905,425.218048894,425.217929409,7583921,-9999,664610.1,12.89,-1,0.280997534,0.985775026,0,0.591465016,1,0.117647059,2.294117647,N4 S2 P1 O2,de-protonated,0,-9999,C17 H39 O2 N4 P1 S2,17,39,2,4,1,2,-9999,-9999
947,425.218978,425.219121894,425.21896098,9656498,-9999,621809.9,16.95,-1,0.378427362,0.974349928,0,0.584609957,5,0.130434783,1.652173913,S2 O3,de-protonated,0,-9999,C23 H38 O3 S2,23,38,3,-9999,-9999,2,-9999,-9999
947,425.218978,425.219121894,425.219429011,9656498,-9999,621809.9,16.95,-1,-0.722253358,0.909688822,0,0.545813293,11,0.173913043,1.304347826,N4 O4,de-protonated,0,-9999,C23 H30 O4 N4,23,30,4,4,-9999,-9999,-9999,-9999
948,427.116382,427.116526778,427.116209986,11631506,-9999,674315.9,20.81,-1,0.741700211,0.905001745,0,0.543001047,21,0.033333333,0.666666667,S1 O1,de-protonated,0,-9999,C30 H20 O1 S1,30,20,1,-9999,-9999,1,-9999,-9999
948,427.116382,427.116526778,427.116342928,11631506,-9999,674315.9,20.81,-1,0.43044584,0.966939384,0,0.580163631,8,0.473684211,1.315789474,P1 O9,de-protonated,0,-9999,C19 H25 O9 P1,19,25,9,-9999,1,-9999,-9999,-9999
949,427.160822,427.160966799,427.160970646,9567139,-9999,677916.4,16.77,-1,-0.009005228,0.999985286,0,0.599991171,7,0.5,1.4,O10,de-protonated,0,-9999,C20 H28 O10,20,28,10,-9999,-9999,-9999,-9999,-9999
949,427.160822,427.160966799,427.160808454,9567139,-9999,677916.4,16.77,-1,0.370690955,0.975375077,0,0.585225046,2,0.266666667,2.2,N4 S2 P1 O4,de-protonated,0,-9999,C15 H33 O4 N4 P1 S2,15,33,4,4,1,2,-9999,-9999
950,427.197209,427.197353816,427.197356155,14498738,-9999,669943.4,26.43,-1,-0.005475406,0.99999456,0,0.599996736,6,0.428571429,1.523809524,O9,de-protonated,0,-9999,C21 H32 O9,21,32,9,-9999,-9999,-9999,-9999,-9999
950,427.197209,427.197353816,427.197193964,14498738,-9999,669943.4,26.43,-1,0.374188439,0.974914116,0,0.584948469,1,0.1875,2.3125,N4 S2 P1 O3,de-protonated,0,-9999,C16 H37 O3 N4 P1 S2,16,37,3,4,1,2,-9999,-9999
951,427.216959,427.217103825,427.21732101,8534969,-9999,755578.7,14.75,-1,-0.508371259,0.954188688,0,0.572513213,10,0.086956522,1.391304348,N4 S1 O2,de-protonated,0,-9999,C23 H32 O2 N4 S1,23,32,2,4,-9999,1,-9999,-9999
952,427.233578,427.233722833,427.233741665,15072192,-9999,704055.7,27.55,-1,-0.044077709,0.999647536,0,0.599788521,5,0.363636364,1.636363636,O8,de-protonated,0,-9999,C22 H36 O8,22,36,8,-9999,-9999,-9999,-9999,-9999
952,427.233578,427.233722833,427.233579473,15072192,-9999,704055.7,27.55,-1,0.335553787,0.979776829,0,0.587866097,0,0.117647059,2.411764706,N4 S2 P1 O2,de-protonated,0,-9999,C17 H41 O2 N4 P1 S2,17,41,2,4,1,2,-9999,-9999
953,429.132,429.132145718,429.131860051,8683172,-9999,709833.4,15.04,-1,0.665685399,0.922741051,0,0.55364463,20,0.033333333,0.733333333,S1 O1,de-protonated,0,-9999,C30 H22 O1 S1,30,22,1,-9999,-9999,1,-9999,-9999
953,429.132,429.132145718,429.131992992,8683172,-9999,709833.4,15.04,-1,0.355893026,0.977279818,0,0.586367891,7,0.473684211,1.421052632,P1 O9,de-protonated,0,-9999,C19 H27 O9 P1,19,27,9,-9999,1,-9999,-9999,-9999
954,429.140129,429.140274721,429.140235201,8396455,-9999,667952.9,14.48,-1,0.092091996,0.998462329,0,0.599077397,7,0.578947368,1.368421053,O11,de-protonated,0,-9999,C19 H26 O11,19,26,11,-9999,-9999,-9999,-9999,-9999
954,429.140129,429.140274721,429.14007301,8396455,-9999,667952.9,14.48,-1,0.470036996,0.960704581,0,0.576422749,2,0.357142857,2.214285714,N4 S2 P1 O5,de-protonated,0,-9999,C14 H31 O5 N4 P1 S2,14,31,5,4,1,2,-9999,-9999
955,429.168419,429.168564734,429.168378502,7995058,-9999,746591.3,13.69,-1,0.433938544,0.96640984,0,0.579845904,6,0.4,1.55,P1 O8,de-protonated,0,-9999,C20 H31 O8 P1,20,31,8,-9999,1,-9999,-9999,-9999
956,429.176453,429.176598738,429.17662071,16268981,-9999,697093.2,29.89,-1,-0.051195812,0.999524534,0,0.59971472,6,0.5,1.5,O10,de-protonated,0,-9999,C20 H30 O10,20,30,10,-9999,-9999,-9999,-9999,-9999
956,429.176453,429.176598738,429.176458519,16268981,-9999,697093.2,29.89,-1,0.326717092,0.980817797,0,0.588490678,1,0.266666667,2.333333333,N4 S2 P1 O4,de-protonated,0,-9999,C15 H35 O4 N4 P1 S2,15,35,4,4,1,2,-9999,-9999
957,429.204788,429.204933751,429.204764011,8601280,-9999,619874.3,14.88,-1,0.395476262,0.972020055,0,0.583212033,5,0.333333333,1.666666667,P1 O7,de-protonated,0,-9999,C21 H35 O7 P1,21,35,7,-9999,1,-9999,-9999,-9999
958,429.212856,429.213001755,429.21300622,20168388,-9999,670724,37.52,-1,-0.010401445,0.999980369,0,0.599988222,5,0.428571429,1.619047619,O9,de-protonated,0,-9999,C21 H34 O9,21,34,9,-9999,-9999,-9999,-9999,-9999
958,429.212856,429.213001755,429.212844028,20168388,-9999,670724,37.52,-1,0.367479438,0.975794725,0,0.585476835,0,0.1875,2.4375,N4 S2 P1 O3,de-protonated,0,-9999,C16 H39 O3 N4 P1 S2,16,39,3,4,1,2,-9999,-9999
959,429.249242,429.249387772,429.249391729,14859986,-9999,626121,27.13,-1,-0.009218028,0.999984582,0,0.599990749,4,0.363636364,1.727272727,O8,de-protonated,0,-9999,C22 H38 O8,22,38,8,-9999,-9999,-9999,-9999,-9999
960,431.111291,431.11143764,431.111124606,21807530,-9999,701544.1,40.73,-1,0.726109466,0.454383706,0.761234226,0.577123914,20,0.068965517,0.689655172,S1 O2,de-protonated,0,-9999,C29 H20 O2 S1,29,20,2,-9999,-9999,1,-9999,-9999
960,431.111291,431.11143764,431.111257548,21807530,-9999,701544.1,40.73,-1,0.417739355,0.968832137,0,0.581299282,7,0.555555556,1.388888889,P1 O10,de-protonated,0,-9999,C18 H25 O10 P1,18,25,10,-9999,1,-9999,-9999,-9999
961,431.147664,431.147810657,431.147510115,10256825,-9999,619468.4,18.12,-1,0.69707341,0.915607066,0,0.549364239,19,0.033333333,0.8,S1 O1,de-protonated,0,-9999,C30 H24 O1 S1,30,24,1,-9999,-9999,1,-9999,-9999
961,431.147664,431.147810657,431.147643057,10256825,-9999,619468.4,18.12,-1,0.388729331,0.972953683,0,0.58377221,6,0.473684211,1.526315789,P1 O9,de-protonated,0,-9999,C19 H29 O9 P1,19,29,9,-9999,1,-9999,-9999,-9999
962,431.155728,431.15587466,431.155885265,8208828,-9999,702564.7,14.11,-1,-0.024596668,0.99989023,0,0.599934138,6,0.578947368,1.473684211,O11,de-protonated,0,-9999,C19 H28 O11,19,28,11,-9999,-9999,-9999,-9999,-9999
962,431.155728,431.15587466,431.155723074,8208828,-9999,702564.7,14.11,-1,0.351581398,0.977820877,0,0.586692526,1,0.357142857,2.357142857,N4 S2 P1 O5,de-protonated,0,-9999,C14 H33 O5 N4 P1 S2,14,33,5,4,1,2,-9999,-9999
963,431.184054,431.184200674,431.184028566,13091271,-9999,699044.2,23.67,-1,0.399150543,0.971505242,0,0.582903145,5,0.4,1.65,P1 O8,de-protonated,0,-9999,C20 H33 O8 P1,20,33,8,-9999,1,-9999,-9999,-9999
964,431.19211,431.192256677,431.192270775,15237578,-9999,704349.2,27.87,-1,-0.032693993,0.999806069,0,0.599883641,5,0.5,1.6,O10,de-protonated,0,-9999,C20 H32 O10,20,32,10,-9999,-9999,-9999,-9999,-9999
964,431.19211,431.192256677,431.192108583,15237578,-9999,704349.2,27.87,-1,0.343452326,0.978823835,0,0.587294301,0,0.266666667,2.466666667,N4 S2 P1 O4,de-protonated,0,-9999,C15 H37 O4 N4 P1 S2,15,37,4,4,1,2,-9999,-9999
965,431.220405,431.220551691,431.220414076,10142165,-9999,698441.9,17.89,-1,0.319128967,0.981690363,0,0.589014218,4,0.333333333,1.761904762,P1 O7,de-protonated,0,-9999,C21 H37 O7 P1,21,37,7,-9999,1,-9999,-9999,-9999
966,431.22849,431.228636694,431.228656284,15974872,-9999,664306.2,29.31,-1,-0.045427866,0.999625616,0,0.59977537,4,0.428571429,1.714285714,O9,de-protonated,0,-9999,C21 H36 O9,21,36,9,-9999,-9999,-9999,-9999,-9999
967,432.187397,432.187544141,432.187519747,8717137,-9999,722110.2,15.1,-1,0.056443355,0.999422098,0,0.599653259,5,0.526315789,1.631578947,N1 O10,de-protonated,0,-9999,C19 H31 O10 N1,19,31,10,1,-9999,-9999,-9999,-9999
968,433.108317,433.10846457,433.108147226,8234170.5,-9999,708936.3,14.16,-1,0.732714101,0.90718004,0,0.544308024,20,0.178571429,0.642857143,O5,de-protonated,0,-9999,C28 H18 O5,28,18,5,-9999,-9999,-9999,-9999,-9999
969,433.126881,433.127028579,433.12677467,7218369.5,-9999,677412.1,12.17,-1,0.586222096,0.939548355,0,0.563729013,19,0.068965517,0.75862069,S1 O2,de-protonated,0,-9999,C29 H22 O2 S1,29,22,2,-9999,-9999,1,-9999,-9999
969,433.126881,433.127028579,433.126907612,7218369.5,-9999,677412.1,12.17,-1,0.279287095,0.985946456,0,0.591567874,6,0.555555556,1.5,P1 O10,de-protonated,0,-9999,C18 H27 O10 P1,18,27,10,-9999,1,-9999,-9999,-9999
970,433.163277,433.163424596,433.16316018,18498768,-9999,651578.4,34.25,-1,0.610430704,0.934622632,0,0.560773579,18,0.033333333,0.866666667,S1 O1,de-protonated,0,-9999,C30 H26 O1 S1,30,26,1,-9999,-9999,1,-9999,-9999
970,433.163277,433.163424596,433.163293121,18498768,-9999,651578.4,34.25,-1,0.303521478,0.983422925,0,0.590053755,5,0.473684211,1.631578947,P1 O9,de-protonated,0,-9999,C19 H31 O9 P1,19,31,9,-9999,1,-9999,-9999,-9999
971,433.199701,433.199848613,433.199678631,21185758,-9999,659888,39.51,-1,0.39238714,0.972449405,0,0.583469643,4,0.4,1.75,P1 O8,de-protonated,0,-9999,C20 H35 O8 P1,20,35,8,-9999,1,-9999,-9999,-9999
972,433.236087,433.23623463,433.23606414,9487596,-9999,638617.8,16.61,-1,0.393525839,0.972291509,0,0.583374906,3,0.333333333,1.857142857,P1 O7,de-protonated,0,-9999,C21 H39 O7 P1,21,39,7,-9999,1,-9999,-9999,-9999
973,434.166669,434.166817063,434.166784302,9135706,-9999,589609,15.92,-1,0.075457546,0.998967393,0,0.599380436,5,0.611111111,1.611111111,N1 O11,de-protonated,0,-9999,C18 H29 O11 N1,18,29,11,1,-9999,-9999,-9999,-9999
974,434.203017,434.20316508,434.203169811,11060841,-9999,646639.8,19.69,-1,-0.010896409,0.999978457,0,0.599987074,4,0.526315789,1.736842105,N1 O10,de-protonated,0,-9999,C19 H33 O10 N1,19,33,10,1,-9999,-9999,-9999,-9999
975,435.142604,435.142752518,435.142424735,12797915,-9999,675297.5,23.09,-1,0.753277884,0.902163973,0,0.541298384,18,0.068965517,0.827586207,S1 O2,de-protonated,0,-9999,C29 H24 O2 S1,29,24,2,-9999,-9999,1,-9999,-9999
975,435.142604,435.142752518,435.142557676,12797915,-9999,675297.5,23.09,-1,0.447764604,0.964274555,0,0.578564733,5,0.555555556,1.611111111,P1 O10,de-protonated,0,-9999,C18 H29 O10 P1,18,29,10,-9999,1,-9999,-9999,-9999
976,435.178963,435.179111535,435.178810244,29313000,-9999,659785.7,55.42,-1,0.692337834,0.922099251,0.980931577,0.945632182,17,0.033333333,0.933333333,S1 O1,de-protonated,0,-9999,C30 H28 O1 S1,30,28,1,-9999,-9999,1,-9999,-9999
976,435.178963,435.179111535,435.178943186,29313000,-9999,659785.7,55.42,-1,0.386850116,0.973211022,0,0.583926613,4,0.473684211,1.736842105,P1 O9,de-protonated,0,-9999,C19 H33 O9 P1,19,33,9,-9999,1,-9999,-9999,-9999
977,435.215336,435.215484552,435.215328695,23316472,-9999,653164.8,43.68,-1,0.358113814,0.97699868,0,0.586199208,3,0.4,1.85,P1 O8,de-protonated,0,-9999,C20 H37 O8 P1,20,37,8,-9999,1,-9999,-9999,-9999
978,435.251729,435.251877569,435.251714205,9160710,-9999,634647.7,15.97,-1,0.375332759,0.974762404,0,0.584857443,2,0.333333333,1.952380952,P1 O7,de-protonated,0,-9999,C21 H41 O7 P1,21,41,7,-9999,1,-9999,-9999,-9999
979,436.174216,436.174364999,436.174059216,17877362,-9999,655176.9,33.03,-1,0.701055561,0.914682562,0,0.548809537,17,0.034482759,0.931034483,N1 S1 O1,de-protonated,0,-9999,C29 H27 O1 N1 S1,29,27,1,1,-9999,1,-9999,-9999
979,436.174216,436.174364999,436.174192158,17877362,-9999,655176.9,33.03,-1,0.396264893,0.971909936,0,0.583145962,4,0.5,1.777777778,N1 P1 O9,de-protonated,0,-9999,C18 H32 O9 N1 P1,18,32,9,1,1,-9999,-9999,-9999
980,436.182297,436.182446002,436.182165079,8554868,-9999,736549.8,14.78,-1,0.644050049,0.927497667,0.980931577,0.948871231,17,0.033333333,0.933333333,13C1 S1 O1,de-protonated,1,976,C29 H28 O1 S1 13C1,29,28,1,-9999,-9999,1,1,-9999
980,436.182297,436.182446002,436.182434367,8554868,-9999,736549.8,14.78,-1,0.026676441,0.999870884,0,0.59992253,4,0.611111111,1.722222222,N1 O11,de-protonated,0,-9999,C18 H31 O11 N1,18,31,11,1,-9999,-9999,-9999,-9999
981,437.089415,437.089564425,437.089143114,31574746,-9999,645415.7,59.29,-1,0.963900554,0.422429829,0.793917021,0.571024706,20,0.208333333,0.583333333,N4 O5,de-protonated,0,-9999,C24 H14 O5 N4,24,14,5,4,-9999,-9999,-9999,-9999
982,437.158218,437.158367457,437.158074799,18270964,-9999,654527.1,33.49,-1,0.669455307,0.9218987,0,0.55313922,17,0.068965517,0.896551724,S1 O2,de-protonated,0,-9999,C29 H26 O2 S1,29,26,2,-9999,-9999,1,-9999,-9999
982,437.158218,437.158367457,437.158207741,18270964,-9999,654527.1,33.49,-1,0.365350713,0.976070972,0,0.585642583,4,0.555555556,1.722222222,P1 O10,de-protonated,0,-9999,C18 H31 O10 P1,18,31,10,-9999,1,-9999,-9999,-9999
983,437.175986,437.176135465,437.175832864,8645372,-9999,691488.3,14.82,-1,0.692173054,0.916738783,0,0.55004327,17,0.137931034,0.896551724,O4,de-protonated,0,-9999,C29 H26 O4,29,26,4,-9999,-9999,-9999,-9999,-9999
984,437.181538,437.181687468,437.181706091,8022782,-9999,666782.8,13.62,-1,-0.04259751,0.999670807,0,0.599802484,8,0.409090909,1.363636364,O9,de-protonated,0,-9999,C22 H30 O9,22,30,9,-9999,-9999,-9999,-9999,-9999
984,437.181538,437.181687468,437.181543899,8022782,-9999,666782.8,13.62,-1,0.32839556,0.980622125,0,0.588373275,3,0.176470588,2.058823529,N4 S2 P1 O3,de-protonated,0,-9999,C17 H35 O3 N4 P1 S2,17,35,3,4,1,2,-9999,-9999
985,437.194588,437.194737474,437.194460309,23284484,-9999,651342,43.22,-1,0.633963632,0.464834802,0.755017935,0.580908055,16,0.033333333,1,S1 O1,de-protonated,0,-9999,C30 H30 O1 S1,30,30,1,-9999,-9999,1,-9999,-9999
985,437.194588,437.194737474,437.19459325,23284484,-9999,651342,43.22,-1,0.329884359,0.980447758,0,0.588268655,3,0.473684211,1.842105263,P1 O9,de-protonated,0,-9999,C19 H35 O9 P1,19,35,9,-9999,1,-9999,-9999,-9999
986,437.23103,437.231179491,437.23097876,12716818,-9999,688951.5,22.72,-1,0.459096671,0.962478169,0,0.577486901,2,0.4,1.95,P1 O8,de-protonated,0,-9999,C20 H39 O8 P1,20,39,8,-9999,1,-9999,-9999,-9999
987,439.086387,439.086537355,439.086700025,10079726,-9999,653624.9,17.6,-1,-0.370473371,0.975403618,0,0.585242171,0,0.769230769,2.230769231,S2 P1 O10,de-protonated,0,-9999,C13 H29 O10 P1 S2,13,29,10,-9999,1,2,-9999,-9999
988,439.124405,439.124555373,439.124585136,7630333,-9999,711984.6,12.85,-1,-0.067778981,0.999166774,0,0.599500064,9,0.55,1.2,O11,de-protonated,0,-9999,C20 H24 O11,20,24,11,-9999,-9999,-9999,-9999,-9999
988,439.124405,439.124555373,439.124422945,7630333,-9999,711984.6,12.85,-1,0.301572644,0.98363337,0,0.590180022,4,0.333333333,1.933333333,N4 S2 P1 O5,de-protonated,0,-9999,C15 H29 O5 N4 P1 S2,15,29,5,4,1,2,-9999,-9999
989,439.173852,439.174002396,439.173724864,13061648,-9999,700516,23.39,-1,0.631942247,0.930101355,0,0.558060813,16,0.068965517,0.965517241,S1 O2,de-protonated,0,-9999,C29 H28 O2 S1,29,28,2,-9999,-9999,1,-9999,-9999
989,439.173852,439.174002396,439.173857805,13061648,-9999,700516,23.39,-1,0.329233396,0.980524091,0,0.588314455,3,0.555555556,1.833333333,P1 O10,de-protonated,0,-9999,C18 H33 O10 P1,18,33,10,-9999,1,-9999,-9999,-9999
990,439.191635,439.191785404,439.191482928,8146455.5,-9999,658872.5,13.85,-1,0.688710933,0.91753437,0,0.550520622,16,0.137931034,0.965517241,O4,de-protonated,0,-9999,C29 H28 O4,29,28,4,-9999,-9999,-9999,-9999,-9999
991,439.210257,439.210407413,439.210110373,12340767,-9999,680140.2,21.99,-1,0.67630511,0.920357994,0,0.552214796,15,0.033333333,1.066666667,S1 O1,de-protonated,0,-9999,C30 H32 O1 S1,30,32,1,-9999,-9999,1,-9999,-9999
991,439.210257,439.210407413,439.210243315,12340767,-9999,680140.2,21.99,-1,0.373621323,0.97498914,0,0.584993484,2,0.473684211,1.947368421,P1 O9,de-protonated,0,-9999,C19 H37 O9 P1,19,37,9,-9999,1,-9999,-9999,-9999
992,439.233542,439.233692424,439.233741665,8236584,-9999,687640.2,14.03,-1,-0.11210573,0.997722206,0,0.598633324,6,0.347826087,1.565217391,O8,de-protonated,0,-9999,C23 H36 O8,23,36,8,-9999,-9999,-9999,-9999,-9999
992,439.233542,439.233692424,439.233579473,8236584,-9999,687640.2,14.03,-1,0.257154088,0.98807282,0,0.592843692,1,0.111111111,2.277777778,N4 S2 P1 O2,de-protonated,0,-9999,C18 H41 O2 N4 P1 S2,18,41,2,4,1,2,-9999,-9999
993,441.176475,441.176626329,441.17662071,9294119,-9999,712378.9,16.08,-1,0.012736048,0.999970568,0,0.599982341,7,0.476190476,1.428571429,O10,de-protonated,0,-9999,C21 H30 O10,21,30,10,-9999,-9999,-9999,-9999,-9999
993,441.176475,441.176626329,441.176458519,9294119,-9999,712378.9,16.08,-1,0.380369744,0.97408939,0,0.584453634,2,0.25,2.1875,N4 S2 P1 O4,de-protonated,0,-9999,C16 H35 O4 N4 P1 S2,16,35,4,4,1,2,-9999,-9999
994,441.212846,441.212997346,441.21300622,13963573,-9999,674386.3,25.13,-1,-0.020111733,0.99992661,0,0.599955966,6,0.409090909,1.545454545,O9,de-protonated,0,-9999,C22 H34 O9,22,34,9,-9999,-9999,-9999,-9999,-9999
994,441.212846,441.212997346,441.212844028,13963573,-9999,674386.3,25.13,-1,0.347491634,0.978328273,0,0.586996964,1,0.176470588,2.294117647,N4 S2 P1 O3,de-protonated,0,-9999,C17 H39 O3 N4 P1 S2,17,39,3,4,1,2,-9999,-9999
995,441.249219,441.249370363,441.249391729,11080003,-9999,635317,19.54,-1,-0.04842151,0.999574658,0,0.599744795,5,0.347826087,1.652173913,O8,de-protonated,0,-9999,C23 H38 O8,23,38,8,-9999,-9999,-9999,-9999,-9999
995,441.249219,441.249370363,441.249229538,11080003,-9999,635317,19.54,-1,0.319151533,0.981687798,0,0.589012679,0,0.111111111,2.388888889,N4 S2 P1 O2,de-protonated,0,-9999,C18 H43 O2 N4 P1 S2,18,43,2,4,1,2,-9999,-9999
996,443.147677,443.147829248,443.147510115,7623728.5,-9999,657673,12.84,-1,0.720149263,0.910189915,0,0.546113949,20,0.032258065,0.774193548,S1 O1,de-protonated,0,-9999,C31 H24 O1 S1,31,24,1,-9999,-9999,1,-9999,-9999
996,443.147677,443.147829248,443.147643057,7623728.5,-9999,657673,12.84,-1,0.420154831,0.968476412,0,0.581085847,7,0.45,1.45,P1 O9,de-protonated,0,-9999,C20 H29 O9 P1,20,29,9,-9999,1,-9999,-9999,-9999
997,443.192112,443.192264268,443.192270775,14734402,-9999,650005.5,26.63,-1,-0.01468102,0.999960893,0,0.599976536,6,0.476190476,1.523809524,O10,de-protonated,0,-9999,C21 H32 O10,21,32,10,-9999,-9999,-9999,-9999,-9999
997,443.192112,443.192264268,443.192108583,14734402,-9999,650005.5,26.63,-1,0.351280658,0.977858382,0,0.586715029,1,0.25,2.3125,N4 S2 P1 O4,de-protonated,0,-9999,C16 H37 O4 N4 P1 S2,16,37,4,4,1,2,-9999,-9999
998,443.220441,443.220593281,443.220414076,7500877.5,-9999,628403.5,12.6,-1,0.404326648,0.970772398,0,0.582463439,5,0.318181818,1.681818182,P1 O7,de-protonated,0,-9999,C22 H37 O7 P1,22,37,7,-9999,1,-9999,-9999,-9999
999,443.228497,443.228649285,443.228656284,17634384,-9999,617888.5,32.25,-1,-0.015790749,0.999954757,0,0.599972854,5,0.409090909,1.636363636,O9,de-protonated,0,-9999,C22 H36 O9,22,36,9,-9999,-9999,-9999,-9999,-9999
999,443.228497,443.228649285,443.228494093,17634384,-9999,617888.5,32.25,-1,0.350140886,0.978000241,0,0.586800145,0,0.176470588,2.411764706,N4 S2 P1 O3,de-protonated,0,-9999,C17 H41 O3 N4 P1 S2,17,41,3,4,1,2,-9999,-9999
1000,443.264881,443.265033302,443.265041793,10376287,-9999,703600.1,18.18,-1,-0.019156284,0.999933417,0,0.59996005,4,0.347826087,1.739130435,O8,de-protonated,0,-9999,C23 H40 O8,23,40,8,-9999,-9999,-9999,-9999,-9999
1001,445.16332,445.163473187,445.16316018,9459531,-9999,681669.1,16.4,-1,0.703128701,0.914199545,0,0.548519727,19,0.032258065,0.838709677,S1 O1,de-protonated,0,-9999,C31 H26 O1 S1,31,26,1,-9999,-9999,1,-9999,-9999
1001,445.16332,445.163473187,445.163293121,9459531,-9999,681669.1,16.4,-1,0.404492615,0.970748753,0,0.582449252,6,0.45,1.55,P1 O9,de-protonated,0,-9999,C20 H31 O9 P1,20,31,9,-9999,1,-9999,-9999,-9999
1002,445.19965,445.199803204,445.199678631,11491162,-9999,696271.5,20.34,-1,0.279813412,0.985893814,0,0.591536288,5,0.380952381,1.666666667,P1 O8,de-protonated,0,-9999,C21 H35 O8 P1,21,35,8,-9999,1,-9999,-9999,-9999
1003,445.207742,445.207895207,445.207920839,14358365,-9999,660692.1,25.9,-1,-0.057572827,0.999398745,0,0.599639247,5,0.476190476,1.619047619,O10,de-protonated,0,-9999,C21 H34 O10,21,34,10,-9999,-9999,-9999,-9999,-9999
1003,445.207742,445.207895207,445.207758648,14358365,-9999,660692.1,25.9,-1,0.306731966,0.983073384,0,0.58984403,0,0.25,2.4375,N4 S2 P1 O4,de-protonated,0,-9999,C16 H39 O4 N4 P1 S2,16,39,4,4,1,2,-9999,-9999
1004,445.24419,445.244343224,445.244306349,11294571,-9999,673575.5,19.96,-1,0.082821391,0.998756148,0,0.599253689,4,0.409090909,1.727272727,O9,de-protonated,0,-9999,C22 H38 O9,22,38,9,-9999,-9999,-9999,-9999,-9999
1005,446.202987,446.20314067100003,446.203169811,9951461,-9999,663200.7,17.35,-1,-0.065307441,0.99922641,0,0.599535846,5,0.5,1.65,N1 O10,de-protonated,0,-9999,C20 H33 O10 N1,20,33,10,1,-9999,-9999,-9999,-9999
1006,447.134152,447.134306105,447.134379231,8444499,-9999,675032.8,14.43,-1,-0.163543433,0.995158648,0,0.597095189,11,0.3,1.2,N4 S1 O6,de-protonated,0,-9999,C20 H24 O6 N4 S1,20,24,6,4,-9999,1,-9999,-9999
1007,447.1426,447.142754109,447.142424735,7518807,-9999,624350.4,12.63,-1,0.736619982,0.906235847,0,0.543741508,19,0.066666667,0.8,S1 O2,de-protonated,0,-9999,C30 H24 O2 S1,30,24,2,-9999,-9999,1,-9999,-9999
1007,447.1426,447.142754109,447.142557676,7518807,-9999,624350.4,12.63,-1,0.439305791,0.96558832000000006,0,0.579352992,6,0.526315789,1.526315789,P1 O10,de-protonated,0,-9999,C19 H29 O10 P1,19,29,10,-9999,1,-9999,-9999,-9999
1008,447.178952,447.179106126,447.178810244,16407141,-9999,665635.2,29.87,-1,0.661662907,0.923635435,0,0.554181261,18,0.032258065,0.903225806,S1 O1,de-protonated,0,-9999,C31 H28 O1 S1,31,28,1,-9999,-9999,1,-9999,-9999
1008,447.178952,447.179106126,447.178943186,16407141,-9999,665635.2,29.87,-1,0.364372929,0.976197348,0,0.585718409,5,0.45,1.65,P1 O9,de-protonated,0,-9999,C20 H33 O9 P1,20,33,9,-9999,1,-9999,-9999,-9999
1009,447.21532,447.215474143,447.215328695,15047283,-9999,653068.8,27.23,-1,0.325229227,0.980990442,0,0.588594265,4,0.380952381,1.761904762,P1 O8,de-protonated,0,-9999,C21 H37 O8 P1,21,37,8,-9999,1,-9999,-9999,-9999
1010,447.251757,447.25191116,447.251714205,7772802,-9999,765395.1,13.12,-1,0.440367506,0.965424699,0,0.57925482,3,0.318181818,1.863636364,P1 O7,de-protonated,0,-9999,C22 H41 O7 P1,22,41,7,-9999,1,-9999,-9999,-9999
1011,448.182306,448.182460593,448.182434367,9526256,-9999,637719.2,16.52,-1,0.058517869,0.999378851,0,0.59962731,5,0.578947368,1.631578947,N1 O11,de-protonated,0,-9999,C19 H31 O11 N1,19,31,11,1,-9999,-9999,-9999,-9999
1012,448.218657,448.21881161,448.218819876,9362430,-9999,647063.6,16.21,-1,-0.018441289,0.999938295,0,0.599962977,4,0.5,1.75,N1 O10,de-protonated,0,-9999,C20 H35 O10 N1,20,35,10,1,-9999,-9999,-9999,-9999
1013,449.158172,449.158327048,449.158074799,11558255,-9999,648473.5,20.46,-1,0.561603292,0.94437816,0,0.566626896,18,0.066666667,0.866666667,S1 O2,de-protonated,0,-9999,C30 H26 O2 S1,30,26,2,-9999,-9999,1,-9999,-9999
1013,449.158172,449.158327048,449.158207741,11558255,-9999,648473.5,20.46,-1,0.265623385,0.987279346,0,0.592367608,5,0.526315789,1.631578947,P1 O10,de-protonated,0,-9999,C19 H31 O10 P1,19,31,10,-9999,1,-9999,-9999,-9999
1014,449.173462,449.173617055,449.173463882,112811384,-9999,626043.9,216.84,-1,0.341010254,0.979745256,0.97819797,0.979126341,9,0.304347826,1.347826087,P1 O7,de-protonated,0,-9999,C23 H31 O7 P1,23,31,7,-9999,1,-9999,-9999,-9999
1015,449.19458,449.194735065,449.194460309,26107262,-9999,641258.9,48.68,-1,0.611664414,0.939892744,0.975415949,0.954102026,17,0.032258065,0.967741935,S1 O1,de-protonated,0,-9999,C31 H30 O1 S1,31,30,1,-9999,-9999,1,-9999,-9999
1015,449.19458,449.194735065,449.19459325,26107262,-9999,641258.9,48.68,-1,0.315708467,0.982077234,0,0.589246341,4,0.45,1.75,P1 O9,de-protonated,0,-9999,C20 H35 O9 P1,20,35,9,-9999,1,-9999,-9999,-9999
1016,449.231004,449.231159082,449.23097876,16866700,-9999,653455,30.76,-1,0.401401873,0.971187586,0,0.582712552,3,0.380952381,1.857142857,P1 O8,de-protonated,0,-9999,C21 H39 O8 P1,21,39,8,-9999,1,-9999,-9999,-9999
1017,450.09274,450.092895483,450.092788464,8052445.5,-9999,700736.4,13.66,-1,0.237772495,0.989794098,0,0.593876459,6,0.375,1.625,N3 S2 P1 O6,de-protonated,0,-9999,C16 H26 O6 N3 P1 S2,16,26,6,3,1,2,-9999,-9999
1018,450.161492,450.161647515,450.161698922,7405304,-9999,579317.5,12.41,-1,-0.114195217,0.997636607,0,0.598581964,5,0.666666667,1.611111111,N1 O12,de-protonated,0,-9999,C18 H29 O12 N1,18,29,12,1,-9999,-9999,-9999,-9999
1019,450.176812,450.176967522,450.176818717,32005886,-9999,618800.8,60.12,-1,0.330548239,0.980369761,0.97819797,0.979501044,9,0.304347826,1.347826087,13C1 P1 O7,de-protonated,1,1014,C22 H31 O7 P1 13C1,22,31,7,-9999,1,-9999,1,-9999
1019,450.176812,450.176967522,450.176955063,32005886,-9999,618800.8,60.12,-1,0.027676972,0.499930509,0.807789663,0.62307417,9,0.409090909,1.318181818,N1 O9,de-protonated,0,-9999,C22 H29 O9 N1,22,29,9,1,-9999,-9999,-9999,-9999
1020,450.189832,450.189987529,450.189709281,60907268,-9999,630392.2,116.17,-1,0.618067795,0.93279778,0.959322289,0.943407584,17,0.033333333,0.966666667,N1 S1 O1,de-protonated,0,-9999,C30 H29 O1 N1 S1,30,29,1,1,-9999,1,-9999,-9999
1020,450.189832,450.189987529,450.189842222,60907268,-9999,630392.2,116.17,-1,0.322766125,0.981107193,0.966163531,0.975129728,4,0.473684211,1.789473684,N1 P1 O9,de-protonated,0,-9999,C19 H34 O9 N1 P1,19,34,9,1,1,-9999,-9999,-9999
1021,450.19791,450.198065532,450.197815144,9936646,-9999,636394.3,17.32,-1,0.556174744,0.945418507,0.975415949,0.957417484,17,0.032258065,0.967741935,13C1 S1 O1,de-protonated,1,1015,C30 H30 O1 S1 13C1,30,30,1,-9999,-9999,1,1,-9999
1021,450.19791,450.198065532,450.198084431,9936646,-9999,636394.3,17.32,-1,-0.041978622,0.999680301,0,0.599808181,4,0.578947368,1.736842105,N1 O11,de-protonated,0,-9999,C19 H33 O11 N1,19,33,11,1,-9999,-9999,-9999,-9999
1022,451.137515,451.13767097,451.137339354,7340150.5,-9999,676564.4,12.28,-1,0.73506603,0.906611977,0,0.543967186,18,0.103448276,0.827586207,S1 O3,de-protonated,0,-9999,C29 H24 O3 S1,29,24,3,-9999,-9999,1,-9999,-9999
1022,451.137515,451.13767097,451.137472296,7340150.5,-9999,676564.4,12.28,-1,0.440384617,0.965422059,0,0.579253236,5,0.611111111,1.611111111,P1 O11,de-protonated,0,-9999,C18 H29 O11 P1,18,29,11,-9999,1,-9999,-9999,-9999
1023,451.1705,451.170655985,451.17035356,37838980,-9999,637882,71.43,-1,0.670312374,0.914511754,0.9564713,0.931295573,22,0.060606061,0.727272727,O2,de-protonated,0,-9999,C33 H24 O2,33,24,2,-9999,-9999,-9999,-9999,-9999
1024,451.17384,451.173995987,451.173724864,19390596,-9999,645374.3,35.65,-1,0.600928849,0.468288317,0.755017935,0.582980164,17,0.066666667,0.933333333,S1 O2,de-protonated,0,-9999,C30 H28 O2 S1,30,28,2,-9999,-9999,1,-9999,-9999
1024,451.17384,451.173995987,451.173857805,19390596,-9999,645374.3,35.65,-1,0.30627124,0.983123764,0,0.589874258,4,0.526315789,1.736842105,P1 O10,de-protonated,0,-9999,C19 H33 O10 P1,19,33,10,-9999,1,-9999,-9999,-9999
1025,451.1916,451.191755995,451.191482928,9248908,-9999,660960,15.98,-1,0.605212758,0.935698963,0,0.561419378,17,0.133333333,0.933333333,O4,de-protonated,0,-9999,C30 H28 O4,30,28,4,-9999,-9999,-9999,-9999,-9999
1026,451.193188,451.193343996,451.193064116,15638668,-9999,664958.3,28.38,-1,0.620311312,0.932562658,0.959322289,0.94326651,17,0.033333333,0.966666667,13C1 N1 S1 O1,de-protonated,1,1020,C29 H29 O1 N1 S1 13C1,29,29,1,1,-9999,1,1,-9999
1026,451.193188,451.193343996,451.193197058,15638668,-9999,664958.3,28.38,-1,0.325666327,0.980939801,0.966163531,0.975029293,4,0.473684211,1.789473684,13C1 N1 P1 O9,de-protonated,1,1020,C18 H34 O9 N1 P1 13C1,18,34,9,1,1,-9999,1,-9999
1026,451.193188,451.193343996,451.193333403,15638668,-9999,664958.3,28.38,-1,0.023477323,0.999899993,0,0.599939996,4,0.611111111,1.777777778,N2 O11,de-protonated,0,-9999,C18 H32 O11 N2,18,32,11,2,-9999,-9999,-9999,-9999
1027,451.210237,451.210393004,451.210110373,25550994,-9999,616516.8,47.6,-1,0.626384268,0.465641205,0.748902347,0.578945662,16,0.032258065,1.032258065,S1 O1,de-protonated,0,-9999,C31 H32 O1 S1,31,32,1,-9999,-9999,1,-9999,-9999
1027,451.210237,451.210393004,451.210243315,25550994,-9999,616516.8,47.6,-1,0.331750413,0.980228138,0,0.588136883,3,0.45,1.85,P1 O9,de-protonated,0,-9999,C20 H37 O9 P1,20,37,9,-9999,1,-9999,-9999,-9999
1028,451.246603,451.246759021,451.246628824,10281121,-9999,666876.9,17.99,-1,0.288526871,0.985008315,0,0.591004989,2,0.380952381,1.952380952,P1 O8,de-protonated,0,-9999,C21 H41 O8 P1,21,41,8,-9999,1,-9999,-9999,-9999
1029,452.173883,452.174039453,452.173708395,10641931,-9999,698680.2,18.68,-1,0.73214669,0.907316868,0.9564713,0.926978641,22,0.060606061,0.727272727,13C1 O2,de-protonated,1,1023,C32 H24 O2 13C1,32,24,2,-9999,-9999,-9999,1,-9999
1029,452.173883,452.174039453,452.17446694,10641931,-9999,698680.2,18.68,-1,-0.945403262,0.850291084,0,0.51017465,13,0.166666667,1.166666667,N3 P1 O4,de-protonated,0,-9999,C24 H28 O4 N3 P1,24,28,4,3,1,-9999,-9999,-9999
1030,452.186892,452.187048459,452.186731901,20800016,-9999,640736.6,38.39,-1,0.700061131,0.457456918,0.761234226,0.578967841,17,0.137931034,0.931034483,N1 O4,de-protonated,0,-9999,C29 H27 O4 N1,29,27,4,1,-9999,-9999,-9999,-9999
1031,453.153145,453.153301909,453.152989419,7578505.5,-9999,637178,12.62,-1,0.689591321,0.917332372,0,0.550399423,17,0.103448276,0.896551724,S1 O3,de-protonated,0,-9999,C29 H26 O3 S1,29,26,3,-9999,-9999,1,-9999,-9999
1031,453.153145,453.153301909,453.15312236,7578505.5,-9999,637178,12.62,-1,0.396220681,0.971916115,0,0.583149669,4,0.611111111,1.722222222,P1 O11,de-protonated,0,-9999,C18 H31 O11 P1,18,31,11,-9999,1,-9999,-9999,-9999
1032,453.17647,453.17662692,453.17662071,8110994.5,-9999,595140.3,13.64,-1,0.013702662,0.999965931,0,0.599979559,8,0.454545455,1.363636364,O10,de-protonated,0,-9999,C22 H30 O10,22,30,10,-9999,-9999,-9999,-9999,-9999
1032,453.17647,453.17662692,453.176458519,8110994.5,-9999,595140.3,13.64,-1,0.371601509,0.975255464,0,0.585153278,3,0.235294118,2.058823529,N4 S2 P1 O4,de-protonated,0,-9999,C17 H35 O4 N4 P1 S2,17,35,4,4,1,2,-9999,-9999
1033,453.189464,453.189620926,453.189374928,14279576,-9999,578366.6,25.5,-1,0.542814888,0.947940547,0,0.568764328,16,0.066666667,1,S1 O2,de-protonated,0,-9999,C30 H30 O2 S1,30,30,2,-9999,-9999,1,-9999,-9999
1033,453.189464,453.189620926,453.18950787,14279576,-9999,578366.6,25.5,-1,0.249467845,0.988771204,0,0.593262722,3,0.526315789,1.842105263,P1 O10,de-protonated,0,-9999,C19 H35 O10 P1,19,35,10,-9999,1,-9999,-9999,-9999
1034,453.20728,453.207436934,453.207132993,8897439,-9999,629429.9,15.16,-1,0.670645889,0.921631847,0,0.552979108,16,0.133333333,1,O4,de-protonated,0,-9999,C30 H30 O4,30,30,4,-9999,-9999,-9999,-9999,-9999
1035,453.212903,453.213059937,453.21300622,8233888.5,-9999,729346.1,13.88,-1,0.118525615,0.997454197,0,0.598472518,7,0.391304348,1.47826087,O9,de-protonated,0,-9999,C23 H34 O9,23,34,9,-9999,-9999,-9999,-9999,-9999
1035,453.212903,453.213059937,453.213495477,8233888.5,-9999,729346.1,13.88,-1,-0.961004039,0.84571481,0,0.507428886,11,0.038461538,1.346153846,N2 S1 P1 O1,de-protonated,0,-9999,C26 H35 O1 N2 P1 S1,26,35,1,2,1,1,-9999,-9999
1035,453.212903,453.213059937,453.212844028,8233888.5,-9999,729346.1,13.88,-1,0.476395767,0.959656078,0,0.575793647,2,0.166666667,2.166666667,N4 S2 P1 O3,de-protonated,0,-9999,C18 H39 O3 N4 P1 S2,18,39,3,4,1,2,-9999,-9999
1036,453.225876,453.226032943,453.225760437,16147366,-9999,611452.8,29.08,-1,0.601257868,0.936509418,0,0.561905651,15,0.032258065,1.096774194,S1 O1,de-protonated,0,-9999,C31 H34 O1 S1,31,34,1,-9999,-9999,1,-9999,-9999
1036,453.225876,453.226032943,453.225893379,16147366,-9999,611452.8,29.08,-1,0.307934358,0.982941559,0,0.589764936,2,0.45,1.95,P1 O9,de-protonated,0,-9999,C20 H39 O9 P1,20,39,9,-9999,1,-9999,-9999,-9999
1037,453.249234,453.249390954,453.249391729,8397743,-9999,723497.7,14.2,-1,-0.001710036,0.999999469,0,0.599999682,6,0.333333333,1.583333333,O8,de-protonated,0,-9999,C24 H38 O8,24,38,8,-9999,-9999,-9999,-9999,-9999
1037,453.249234,453.249390954,453.249229538,8397743,-9999,723497.7,14.2,-1,0.356131344,0.977249728,0,0.586349837,1,0.105263158,2.263157895,N4 S2 P1 O2,de-protonated,0,-9999,C19 H43 O2 N4 P1 S2,19,43,2,4,1,2,-9999,-9999
1038,454.148354,454.148511373,454.148238391,9020685,-9999,675203.2,15.39,-1,0.601085329,0.936544671,0,0.561926802,17,0.107142857,0.892857143,N1 S1 O3,de-protonated,0,-9999,C28 H25 O3 N1 S1,28,25,3,1,-9999,1,-9999,-9999
1038,454.148354,454.148511373,454.148371333,9020685,-9999,675203.2,15.39,-1,0.308357625,0.982895036,0,0.589737021,4,0.647058824,1.764705882,N1 P1 O11,de-protonated,0,-9999,C17 H30 O11 N1 P1,17,30,11,1,1,-9999,-9999,-9999
1039,455.192102,455.192259859,455.192270775,11560610,-9999,679169.9,20.27,-1,-0.023980278,0.999895663,0,0.599937398,7,0.454545455,1.454545455,O10,de-protonated,0,-9999,C22 H32 O10,22,32,10,-9999,-9999,-9999,-9999,-9999
1039,455.192102,455.192259859,455.192108583,11560610,-9999,679169.9,20.27,-1,0.332333733,0.980159242,0,0.588095545,2,0.235294118,2.176470588,N4 S2 P1 O4,de-protonated,0,-9999,C17 H37 O4 N4 P1 S2,17,37,4,4,1,2,-9999,-9999
1040,455.205136,455.205293865,455.205024993,15230631,-9999,616124.4,27.32,-1,0.590662626,0.938657851,0,0.563194711,15,0.066666667,1.066666667,S1 O2,de-protonated,0,-9999,C30 H32 O2 S1,30,32,2,-9999,-9999,1,-9999,-9999
1040,455.205136,455.205293865,455.205157934,15230631,-9999,616124.4,27.32,-1,0.29861451,0.983950298,0,0.590370179,2,0.526315789,1.947368421,P1 O10,de-protonated,0,-9999,C19 H37 O10 P1,19,37,10,-9999,1,-9999,-9999,-9999
1041,455.228476,455.228633876,455.228656284,17098416,-9999,618845.9,30.91,-1,-0.049223704,0.999560451,0,0.599736271,6,0.391304348,1.565217391,O9,de-protonated,0,-9999,C23 H36 O9,23,36,9,-9999,-9999,-9999,-9999,-9999
1041,455.228476,455.228633876,455.228494093,17098416,-9999,618845.9,30.91,-1,0.307061819,0.98303727,0,0.589822362,1,0.166666667,2.277777778,N4 S2 P1 O3,de-protonated,0,-9999,C18 H41 O3 N4 P1 S2,18,41,3,4,1,2,-9999,-9999
1042,455.264851,455.265008893,455.265041793,13969087,-9999,647127.4,24.9,-1,-0.07226657,0.999052841,0,0.599431705,5,0.333333333,1.666666667,O8,de-protonated,0,-9999,C24 H40 O8,24,40,8,-9999,-9999,-9999,-9999,-9999
1042,455.264851,455.265008893,455.264879602,13969087,-9999,647127.4,24.9,-1,0.28399047,0.985472613,0,0.591283568,0,0.105263158,2.368421053,N4 S2 P1 O2,de-protonated,0,-9999,C19 H45 O2 N4 P1 S2,19,45,2,4,1,2,-9999,-9999
1043,457.171398,457.171556781,457.17153533,10856864,-9999,649827,18.92,-1,0.046922038,0.999600588,0,0.599760353,7,0.523809524,1.428571429,O11,de-protonated,0,-9999,C21 H30 O11,21,30,11,-9999,-9999,-9999,-9999,-9999
1043,457.171398,457.171556781,457.171373139,10856864,-9999,649827,18.92,-1,0.401693459,0.971146321,0,0.582687793,2,0.3125,2.1875,N4 S2 P1 O5,de-protonated,0,-9999,C16 H35 O5 N4 P1 S2,16,35,5,4,1,2,-9999,-9999
1044,457.199588,457.199746794,457.199678631,8292779.5,-9999,604125.1,13.99,-1,0.149089549,0.995974937,0,0.597584962,6,0.363636364,1.590909091,P1 O8,de-protonated,0,-9999,C22 H35 O8 P1,22,35,8,-9999,1,-9999,-9999,-9999
1045,457.207739,457.207897798,457.207920839,20703662,-9999,616512.7,37.83,-1,-0.050395011,0.999539289,0,0.599723573,6,0.454545455,1.545454545,O10,de-protonated,0,-9999,C22 H34 O10,22,34,10,-9999,-9999,-9999,-9999,-9999
1045,457.207739,457.207897798,457.207758648,20703662,-9999,616512.7,37.83,-1,0.304348142,0.983333262,0,0.589999957,1,0.235294118,2.294117647,N4 S2 P1 O4,de-protonated,0,-9999,C17 H39 O4 N4 P1 S2,17,39,4,4,1,2,-9999,-9999
1046,457.244133,457.244291815,457.244306349,17131964,-9999,640978.6,30.97,-1,-0.031784741,0.999816705,0,0.599890023,5,0.391304348,1.652173913,O9,de-protonated,0,-9999,C23 H38 O9,23,38,9,-9999,-9999,-9999,-9999,-9999
1046,457.244133,457.244291815,457.244144157,17131964,-9999,640978.6,30.97,-1,0.322930189,0.981255723,0,0.588753434,0,0.166666667,2.388888889,N4 S2 P1 O3,de-protonated,0,-9999,C18 H43 O3 N4 P1 S2,18,43,3,4,1,2,-9999,-9999
1047,457.280459,457.280617832,457.280691858,9742795,-9999,654752.3,16.78,-1,-0.161882666,0.995256243,0,0.597153746,4,0.333333333,1.75,O8,de-protonated,0,-9999,C24 H42 O8,24,42,8,-9999,-9999,-9999,-9999,-9999
1048,458.202979,458.203138262,458.203169811,15182638,-9999,624699.6,27.23,-1,-0.068854847,0.999140124,0,0.599484074,6,0.476190476,1.571428571,N1 O10,de-protonated,0,-9999,C21 H33 O10 N1,21,33,10,1,-9999,-9999,-9999,-9999
1049,459.142586,459.1427457,459.142424735,8531095,-9999,659886.8,14.45,-1,0.699053067,0.915148006,0,0.549088804,20,0.064516129,0.774193548,S1 O2,de-protonated,0,-9999,C31 H24 O2 S1,31,24,2,-9999,-9999,1,-9999,-9999
1049,459.142586,459.1427457,459.142557676,8531095,-9999,659886.8,14.45,-1,0.409509393,0.970029717,0,0.58201783,7,0.5,1.45,P1 O10,de-protonated,0,-9999,C20 H29 O10 P1,20,29,10,-9999,1,-9999,-9999,-9999
1050,459.178925,459.179084717,459.178810244,12151973,-9999,636173.4,21.4,-1,0.597746443,0.937225126,0,0.562335076,19,0.03125,0.875,S1 O1,de-protonated,0,-9999,C32 H28 O1 S1,32,28,1,-9999,-9999,1,-9999,-9999
1050,459.178925,459.179084717,459.178943186,12151973,-9999,636173.4,21.4,-1,0.308225743,0.982909538,0,0.589745723,6,0.428571429,1.571428571,P1 O9,de-protonated,0,-9999,C21 H33 O9 P1,21,33,9,-9999,1,-9999,-9999,-9999
1051,459.186974,459.18713372,459.187185394,10890408,-9999,655080.8,18.98,-1,-0.112533561,0.997704808,0,0.598622885,6,0.523809524,1.523809524,O11,de-protonated,0,-9999,C21 H32 O11,21,32,11,-9999,-9999,-9999,-9999,-9999
1051,459.186974,459.18713372,459.187023203,10890408,-9999,655080.8,18.98,-1,0.240680497,0.989544249,0,0.593726549,1,0.3125,2.3125,N4 S2 P1 O5,de-protonated,0,-9999,C16 H37 O5 N4 P1 S2,16,37,5,4,1,2,-9999,-9999
1052,459.21531,459.215469734,459.215328695,12856499,-9999,611853.2,22.76,-1,0.307129061,0.983029903,0,0.589817942,5,0.363636364,1.681818182,P1 O8,de-protonated,0,-9999,C22 H37 O8 P1,22,37,8,-9999,1,-9999,-9999,-9999
1053,459.223387,459.223546737,459.223570904,20081846,-9999,641356.9,36.64,-1,-0.052624377,0.999497636,0,0.599698582,5,0.454545455,1.636363636,O10,de-protonated,0,-9999,C22 H36 O10,22,36,10,-9999,-9999,-9999,-9999,-9999
1053,459.223387,459.223546737,459.223408712,20081846,-9999,641356.9,36.64,-1,0.300561716,0.983742019,0,0.590245211,0,0.235294118,2.411764706,N4 S2 P1 O4,de-protonated,0,-9999,C17 H41 O4 N4 P1 S2,17,41,4,4,1,2,-9999,-9999
1054,459.251723,459.251882751,459.251714205,8064193,-9999,652021.4,13.55,-1,0.367001325,0.975856903,0,0.585514142,4,0.304347826,1.782608696,P1 O7,de-protonated,0,-9999,C23 H41 O7 P1,23,41,7,-9999,1,-9999,-9999,-9999
1055,459.259796,459.259955754,459.259956413,13298884,-9999,597772,23.61,-1,-0.001434353,0.999999627,0,0.599999776,4,0.391304348,1.739130435,O9,de-protonated,0,-9999,C23 H40 O9,23,40,9,-9999,-9999,-9999,-9999,-9999
1056,459.303367,459.303526775,459.303355855,10611925,-9999,613943.1,18.45,-1,0.372127499,0.975186241,0,0.585111744,7,0.107142857,1.607142857,P1 O3,de-protonated,0,-9999,C28 H45 O3 P1,28,45,3,-9999,1,-9999,-9999,-9999
1057,460.182307,460.182467184,460.182434367,8105510,-9999,639776.9,13.63,-1,0.071314246,0.999077628,0,0.599446577,6,0.55,1.55,N1 O11,de-protonated,0,-9999,C20 H31 O11 N1,20,31,11,1,-9999,-9999,-9999,-9999
1057,460.182307,460.182467184,460.182923624,8105510,-9999,639776.9,13.63,-1,-0.991865981,0.836516631,0,0.501909979,10,0.130434783,1.391304348,N3 S1 P1 O3,de-protonated,0,-9999,C23 H32 O3 N3 P1 S1,23,32,3,3,1,1,-9999,-9999
1058,460.210567,460.210727197,460.210577667,8310320.5,-9999,595904.3,14.02,-1,0.324916195,0.981026669,0,0.588616001,5,0.380952381,1.714285714,N1 P1 O8,de-protonated,0,-9999,C21 H36 O8 N1 P1,21,36,8,1,1,-9999,-9999,-9999
1059,460.218642,460.218802201,460.218819876,10235444,-9999,632944.4,17.72,-1,-0.038405335,0.999732404,0,0.599839443,5,0.476190476,1.666666667,N1 O10,de-protonated,0,-9999,C21 H35 O10 N1,21,35,10,1,-9999,-9999,-9999,-9999
1060,461.158196,461.158356639,461.158074799,12038043,-9999,603481.4,21.18,-1,0.611156048,0.934472378,0,0.560683427,19,0.064516129,0.838709677,S1 O2,de-protonated,0,-9999,C31 H26 O2 S1,31,26,2,-9999,-9999,1,-9999,-9999
1060,461.158196,461.158356639,461.158207741,12038043,-9999,603481.4,21.18,-1,0.32287795,0.981261729,0,0.588757038,6,0.5,1.55,P1 O10,de-protonated,0,-9999,C20 H31 O10 P1,20,31,10,-9999,1,-9999,-9999,-9999
1061,461.194583,461.194743656,461.194460309,20377512,-9999,657303.6,37.2,-1,0.614376741,0.938377119,0.874200984,0.912706665,18,0.03125,0.9375,S1 O1,de-protonated,0,-9999,C32 H30 O1 S1,32,30,1,-9999,-9999,1,-9999,-9999
1061,461.194583,461.194743656,461.19459325,20377512,-9999,657303.6,37.2,-1,0.326121385,0.980887011,0,0.588532206,5,0.428571429,1.666666667,P1 O9,de-protonated,0,-9999,C21 H35 O9 P1,21,35,9,-9999,1,-9999,-9999,-9999
1062,461.202611,461.202771659,461.202835459,8335275.5,-9999,631026.7,14.07,-1,-0.138332476,0.996533842,0,0.597920305,5,0.523809524,1.619047619,O11,de-protonated,0,-9999,C21 H34 O11,21,34,11,-9999,-9999,-9999,-9999,-9999
1062,461.202611,461.202771659,461.202673267,8335275.5,-9999,631026.7,14.07,-1,0.213337878,0.991775723,0,0.595065434,0,0.3125,2.4375,N4 S2 P1 O5,de-protonated,0,-9999,C16 H39 O5 N4 P1 S2,16,39,5,4,1,2,-9999,-9999
1063,461.230962,461.231122673,461.23097876,18739126,-9999,610711.2,34.06,-1,0.312019412,0.982489975,0,0.589493985,4,0.363636364,1.772727273,P1 O8,de-protonated,0,-9999,C22 H39 O8 P1,22,39,8,-9999,1,-9999,-9999,-9999
1064,461.239049,461.239209676,461.239220968,8712121,-9999,650941.4,14.79,-1,-0.02448123,0.999891258,0,0.599934755,4,0.454545455,1.727272727,O10,de-protonated,0,-9999,C22 H38 O10,22,38,10,-9999,-9999,-9999,-9999,-9999
1065,461.267388,461.26754869,461.267364269,8335300,-9999,589123.7,14.07,-1,0.399812894,0.971411961,0,0.582847177,3,0.304347826,1.869565217,P1 O7,de-protonated,0,-9999,C23 H43 O7 P1,23,43,7,-9999,1,-9999,-9999,-9999
1066,462.197917,462.198078123,462.197815144,12644646,-9999,634931.3,22.35,-1,0.568976164,0.94295088,0.874200984,0.915450922,18,0.03125,0.9375,13C1 S1 O1,de-protonated,1,1061,C31 H30 O1 S1 13C1,31,30,1,-9999,-9999,1,1,-9999
1066,462.197917,462.198078123,462.198084431,12644646,-9999,634931.3,22.35,-1,-0.013647417,0.999966205,0,0.599979723,5,0.55,1.65,N1 O11,de-protonated,0,-9999,C20 H33 O11 N1,20,33,11,1,-9999,-9999,-9999,-9999
1067,462.234282,462.23444314,462.23446994,9842996,-9999,703892.3,16.97,-1,-0.057979704,0.99939022,0,0.599634132,4,0.476190476,1.761904762,N1 O10,de-protonated,0,-9999,C21 H37 O10 N1,21,37,10,1,-9999,-9999,-9999,-9999
1068,463.137472,463.137633561,463.137339354,9040523,-9999,607116.8,15.42,-1,0.635246977,0.92939488,0,0.557636928,19,0.1,0.8,S1 O3,de-protonated,0,-9999,C30 H24 O3 S1,30,24,3,-9999,-9999,1,-9999,-9999
1068,463.137472,463.137633561,463.137472296,9040523,-9999,607116.8,15.42,-1,0.348200857,0.97824069,0,0.586944414,6,0.578947368,1.526315789,P1 O11,de-protonated,0,-9999,C19 H29 O11 P1,19,29,11,-9999,1,-9999,-9999,-9999
1069,463.173837,463.173998578,463.173724864,21197464,-9999,591281.9,38.78,-1,0.590953616,0.944388193,0.97042795,0.954804096,18,0.064516129,0.903225806,S1 O2,de-protonated,0,-9999,C31 H28 O2 S1,31,28,2,-9999,-9999,1,-9999,-9999
1069,463.173837,463.173998578,463.173857805,21197464,-9999,591281.9,38.78,-1,0.303930058,0.983378638,0,0.590027183,5,0.5,1.65,P1 O10,de-protonated,0,-9999,C20 H33 O10 P1,20,33,10,-9999,1,-9999,-9999,-9999
1070,463.210243,463.210404595,463.210110373,30470822,-9999,606421.2,56.59,-1,0.635180003,0.927543114,0.97863387,0.947979417,17,0.03125,1,S1 O1,de-protonated,0,-9999,C32 H32 O1 S1,32,32,1,-9999,-9999,1,-9999,-9999
1070,463.210243,463.210404595,463.210243315,30470822,-9999,606421.2,56.59,-1,0.348178978,0.977113697,0.906609514,0.948912024,4,0.428571429,1.761904762,P1 O9,de-protonated,0,-9999,C21 H37 O9 P1,21,37,9,-9999,1,-9999,-9999,-9999
1071,463.246621,463.246782612,463.246628824,14676660,-9999,625463.4,26.25,-1,0.331977954,0.980201277,0,0.588120766,3,0.363636364,1.863636364,P1 O8,de-protonated,0,-9999,C22 H41 O8 P1,22,41,8,-9999,1,-9999,-9999,-9999
1072,464.177164,464.177326045,464.177079699,8270868,-9999,642504,13.94,-1,0.5307168,0.950177096,0.97042795,0.958277437,18,0.064516129,0.903225806,13C1 S1 O2,de-protonated,1,1069,C30 H28 O2 S1 13C1,30,28,2,-9999,-9999,1,1,-9999
1072,464.177164,464.177326045,464.177348986,8270868,-9999,642504,13.94,-1,-0.049422437,0.999556896,0,0.599734137,5,0.631578947,1.631578947,N1 O12,de-protonated,0,-9999,C19 H31 O12 N1,19,31,12,1,-9999,-9999,-9999,-9999
1073,464.213606,464.213768062,464.213465208,11760673,-9999,622228.6,20.65,-1,0.652402883,0.925677,0.97863387,0.946859748,17,0.03125,1,13C1 S1 O1,de-protonated,1,1070,C31 H32 O1 S1 13C1,31,32,1,-9999,-9999,1,1,-9999
1073,464.213606,464.213768062,464.21359815,11760673,-9999,622228.6,20.65,-1,0.36602218,0.975984,0.906609514,0.948234205,4,0.428571429,1.761904762,13C1 P1 O9,de-protonated,1,1070,C20 H37 O9 P1 13C1,20,37,9,-9999,1,-9999,1,-9999
1073,464.213606,464.213768062,464.213734495,11760673,-9999,622228.6,20.65,-1,0.072309048,0.999051728,0,0.599431037,4,0.55,1.75,N1 O11,de-protonated,0,-9999,C20 H35 O11 N1,20,35,11,1,-9999,-9999,-9999,-9999
1073,464.213606,464.213768062,464.214223753,11760673,-9999,622228.6,20.65,-1,-0.981638377,0.839585907,0,0.503751544,8,0.130434783,1.565217391,N3 S1 P1 O3,de-protonated,0,-9999,C23 H36 O3 N3 P1 S1,23,36,3,3,1,1,-9999,-9999
1074,465.153123,465.1532855,465.152989419,15152515,-9999,606398.1,27.16,-1,0.636524428,0.929120948,0,0.557472569,18,0.1,0.866666667,S1 O3,de-protonated,0,-9999,C30 H26 O3 S1,30,26,3,-9999,-9999,1,-9999,-9999
1074,465.153123,465.1532855,465.15312236,15152515,-9999,606398.1,27.16,-1,0.350722165,0.977927949,0,0.586756769,5,0.578947368,1.631578947,P1 O11,de-protonated,0,-9999,C19 H31 O11 P1,19,31,11,-9999,1,-9999,-9999,-9999
1075,465.16837,465.168532507,465.168378502,217806224,-9999,599821.8,416.49,-1,0.331074362,0.653343456,0.976848471,0.782745462,9,0.347826087,1.347826087,P1 O8,de-protonated,0,-9999,C23 H31 O8 P1,23,31,8,-9999,1,-9999,-9999,-9999
1076,465.189504,465.189666517,465.189374928,25294224,-9999,615849.4,46.65,-1,0.626817499,0.944319015,0.983374834,0.959941343,17,0.064516129,0.967741935,S1 O2,de-protonated,0,-9999,C31 H30 O2 S1,31,30,2,-9999,-9999,1,-9999,-9999
1076,465.189504,465.189666517,465.18950787,25294224,-9999,615849.4,46.65,-1,0.341037594,0.979117437,0,0.587470462,4,0.5,1.75,P1 O10,de-protonated,0,-9999,C20 H35 O10 P1,20,35,10,-9999,1,-9999,-9999,-9999
1077,465.207302,465.207464525,465.207132993,8926616,-9999,666430.8,15.2,-1,0.712655437,0.91196492,0,0.547178952,17,0.129032258,0.967741935,O4,de-protonated,0,-9999,C31 H30 O4,31,30,4,-9999,-9999,-9999,-9999,-9999
1078,465.225864,465.226026534,465.225760437,23033246,-9999,619819.6,42.3,-1,0.571972693,0.47118305,0.742885034,0.579863844,16,0.03125,1.0625,S1 O1,de-protonated,0,-9999,C32 H34 O1 S1,32,34,1,-9999,-9999,1,-9999,-9999
1078,465.225864,465.226026534,465.225893379,23033246,-9999,619819.6,42.3,-1,0.286215154,0.98524581,0,0.591147486,3,0.428571429,1.857142857,P1 O9,de-protonated,0,-9999,C21 H39 O9 P1,21,39,9,-9999,1,-9999,-9999,-9999
1079,465.262195,465.262357551,465.262278889,8934828,-9999,559606,15.22,-1,0.169070826,0.994826727,0,0.596896036,2,0.363636364,1.954545455,P1 O8,de-protonated,0,-9999,C22 H43 O8 P1,22,43,8,-9999,1,-9999,-9999,-9999
1080,466.171727,466.171889975,466.171733337,57046784,-9999,603357.1,107.65,-1,0.336008629,0.653148351,0.976848471,0.782628399,9,0.347826087,1.347826087,13C1 P1 O8,de-protonated,1,1075,C22 H31 O8 P1 13C1,22,31,8,-9999,1,-9999,1,-9999
1080,466.171727,466.171889975,466.171869682,57046784,-9999,603357.1,107.65,-1,0.043529235,0.499828126,0.807789663,0.62301274,9,0.454545455,1.318181818,N1 O10,de-protonated,0,-9999,C22 H29 O10 N1,22,29,10,1,-9999,-9999,-9999,-9999
1081,466.18475,466.184912981,466.1846239,8582918,-9999,706908.2,14.54,-1,0.620098385,0.93260735,0,0.55956441,17,0.066666667,0.966666667,N1 S1 O2,de-protonated,0,-9999,C30 H29 O2 N1 S1,30,29,2,1,-9999,1,-9999,-9999
1081,466.18475,466.184912981,466.184756842,8582918,-9999,706908.2,14.54,-1,0.334928588,0.979851354,0,0.587910813,4,0.526315789,1.789473684,N1 P1 O10,de-protonated,0,-9999,C19 H34 O10 N1 P1,19,34,10,1,1,-9999,-9999,-9999
1082,466.192795,466.192957984,466.192729763,7747337,-9999,620476.9,12.94,-1,0.489542621,0.95744736,0.983374834,0.967818349,17,0.064516129,0.967741935,13C1 S1 O2,de-protonated,1,1076,C30 H30 O2 S1 13C1,30,30,2,-9999,-9999,1,1,-9999
1082,466.192795,466.192957984,466.192999051,7747337,-9999,620476.9,12.94,-1,-0.08808828,0.998593031,0,0.599155819,4,0.631578947,1.736842105,N1 O12,de-protonated,0,-9999,C19 H33 O12 N1,19,33,12,1,-9999,-9999,-9999,-9999
1083,467.09598,467.096143405,467.095868465,9861210,-9999,640267.7,17,-1,0.588617218,0.939068767,0,0.56344126,19,0.178571429,0.714285714,S1 O5,de-protonated,0,-9999,C28 H20 O5 S1,28,20,5,-9999,-9999,1,-9999,-9999
1083,467.09598,467.096143405,467.096001406,9861210,-9999,640267.7,17,-1,0.30400376,0.983370643,0,0.590022386,6,0.764705882,1.470588235,P1 O13,de-protonated,0,-9999,C17 H25 O13 P1,17,25,13,-9999,1,-9999,-9999,-9999
1084,467.165424,467.165587438,467.16526818,68778096,-9999,600049.9,130.19,-1,0.683393366,0.91876286,0.935196475,0.925336306,22,0.090909091,0.727272727,O3,de-protonated,0,-9999,C33 H24 O3,33,24,3,-9999,-9999,-9999,-9999,-9999
1085,467.168777,467.168940439,467.168639483,9418869,-9999,606738.7,16.15,-1,0.644212522,0.927462443,0,0.556477466,17,0.1,0.933333333,S1 O3,de-protonated,0,-9999,C30 H28 O3 S1,30,28,3,-9999,-9999,1,-9999,-9999
1085,467.168777,467.168940439,467.168772425,9418869,-9999,606738.7,16.15,-1,0.359643382,0.976804076,0,0.586082446,4,0.578947368,1.736842105,P1 O11,de-protonated,0,-9999,C19 H33 O11 P1,19,33,11,-9999,1,-9999,-9999,-9999
1086,467.205155,467.205318456,467.205024993,18577538,-9999,593374,33.74,-1,0.628125706,0.46545666,0.748902347,0.578834935,16,0.064516129,1.032258065,S1 O2,de-protonated,0,-9999,C31 H32 O2 S1,31,32,2,-9999,-9999,1,-9999,-9999
1086,467.205155,467.205318456,467.205157934,18577538,-9999,593374,33.74,-1,0.343578733,0.978808411,0,0.587285047,3,0.5,1.85,P1 O10,de-protonated,0,-9999,C20 H37 O10 P1,20,37,10,-9999,1,-9999,-9999,-9999
1087,467.22844,467.228603467,467.228656284,8239243.5,-9999,660086.1,13.88,-1,-0.113043527,0.997683983,0,0.59861039,7,0.375,1.5,O9,de-protonated,0,-9999,C24 H36 O9,24,36,9,-9999,-9999,-9999,-9999,-9999
1087,467.22844,467.228603467,467.228494093,8239243.5,-9999,660086.1,13.88,-1,0.234091362,0.990106106,0,0.594063663,2,0.157894737,2.157894737,N4 S2 P1 O3,de-protonated,0,-9999,C19 H41 O3 N4 P1 S2,19,41,3,4,1,2,-9999,-9999
1088,467.241537,467.241700473,467.241410502,10991760,-9999,606299.9,19.17,-1,0.620602284,0.932501562,0,0.559500937,15,0.03125,1.125,S1 O1,de-protonated,0,-9999,C32 H36 O1 S1,32,36,1,-9999,-9999,1,-9999,-9999
1088,467.241537,467.241700473,467.241543444,10991760,-9999,606299.9,19.17,-1,0.336077472,0.979714302,0,0.587828581,2,0.428571429,1.952380952,P1 O9,de-protonated,0,-9999,C21 H41 O9 P1,21,41,9,-9999,1,-9999,-9999,-9999
1089,468.164073,468.164236903,468.163888455,9026023,-9999,618921.5,15.39,-1,0.744285091,0.904371214,0,0.542622728,17,0.103448276,0.931034483,N1 S1 O3,de-protonated,0,-9999,C29 H27 O3 N1 S1,29,27,3,1,-9999,1,-9999,-9999
1089,468.164073,468.164236903,468.164021397,9026023,-9999,618921.5,15.39,-1,0.460320876,0.962281621,0,0.577368973,4,0.611111111,1.777777778,N1 P1 O11,de-protonated,0,-9999,C18 H32 O11 N1 P1,18,32,11,1,1,-9999,-9999,-9999
1090,468.168779,468.168942905,468.168623015,17005032,-9999,623846.2,30.72,-1,0.683279548,0.918775826,0.935196475,0.925344085,22,0.090909091,0.727272727,13C1 O3,de-protonated,1,1084,C32 H24 O3 13C1,32,24,3,-9999,-9999,-9999,1,-9999
1090,468.168779,468.168942905,468.16938156,17005032,-9999,623846.2,30.72,-1,-0.936957162,0.852747529,0,0.511648517,13,0.208333333,1.166666667,N3 P1 O5,de-protonated,0,-9999,C24 H28 O5 N3 P1,24,28,5,3,1,-9999,-9999,-9999
1091,469.20773,469.207894389,469.207920839,10189673,-9999,632566.7,17.63,-1,-0.056371854,0.999423561,0,0.599654137,7,0.434782609,1.47826087,O10,de-protonated,0,-9999,C23 H34 O10,23,34,10,-9999,-9999,-9999,-9999,-9999
1091,469.20773,469.207894389,469.207758648,10189673,-9999,632566.7,17.63,-1,0.289298732,0.984928606,0,0.590957163,2,0.222222222,2.166666667,N4 S2 P1 O4,de-protonated,0,-9999,C18 H39 O4 N4 P1 S2,18,39,4,4,1,2,-9999,-9999
1092,469.220752,469.220916395,469.220675057,12319598,-9999,628947.1,21.72,-1,0.514338177,0.953132722,0,0.571879633,15,0.064516129,1.096774194,S1 O2,de-protonated,0,-9999,C31 H34 O2 S1,31,34,2,-9999,-9999,1,-9999,-9999
1092,469.220752,469.220916395,469.220807999,12319598,-9999,628947.1,21.72,-1,0.231013575,0.990363312,0,0.594217987,2,0.5,1.95,P1 O10,de-protonated,0,-9999,C20 H39 O10 P1,20,39,10,-9999,1,-9999,-9999,-9999
1093,469.244154,469.244318406,469.244306349,13024118,-9999,671953.1,23.07,-1,0.025695569,0.999880203,0,0.599928122,6,0.375,1.583333333,O9,de-protonated,0,-9999,C24 H38 O9,24,38,9,-9999,-9999,-9999,-9999,-9999
1093,469.244154,469.244318406,469.244144157,13024118,-9999,671953.1,23.07,-1,0.37133938,0.975289926,0,0.585173956,1,0.157894737,2.263157895,N4 S2 P1 O3,de-protonated,0,-9999,C19 H43 O3 N4 P1 S2,19,43,3,4,1,2,-9999,-9999
1094,469.280512,469.280676423,469.280691858,8551300,-9999,655964.3,14.48,-1,-0.032890573,0.99980373,0,0.599882238,5,0.32,1.68,O8,de-protonated,0,-9999,C25 H42 O8,25,42,8,-9999,-9999,-9999,-9999,-9999
1094,469.280512,469.280676423,469.280529667,8551300,-9999,655964.3,14.48,-1,0.312726418,0.982411236,0,0.589446741,0,0.1,2.35,N4 S2 P1 O2,de-protonated,0,-9999,C20 H47 O2 N4 P1 S2,20,47,2,4,1,2,-9999,-9999
1095,471.186936,471.187101311,471.187185394,8494656,-9999,625194.1,14.24,-1,-0.178449473,0.99423857,0,0.596543142,7,0.5,1.454545455,O11,de-protonated,0,-9999,C22 H32 O11,22,32,11,-9999,-9999,-9999,-9999,-9999
1095,471.186936,471.187101311,471.187023203,8494656,-9999,625194.1,14.24,-1,0.16576905,0.995026313,0,0.597015788,2,0.294117647,2.176470588,N4 S2 P1 O5,de-protonated,0,-9999,C17 H37 O5 N4 P1 S2,17,37,5,4,1,2,-9999,-9999
1096,471.223361,471.223526328,471.223570904,16907852,-9999,661078.6,30.25,-1,-0.094595192,0.998377669,0,0.599026601,6,0.434782609,1.565217391,O10,de-protonated,0,-9999,C23 H36 O10,23,36,10,-9999,-9999,-9999,-9999,-9999
1096,471.223361,471.223526328,471.223408712,16907852,-9999,661078.6,30.25,-1,0.24959678,0.988759659,0,0.593255796,1,0.222222222,2.277777778,N4 S2 P1 O4,de-protonated,0,-9999,C18 H41 O4 N4 P1 S2,18,41,4,4,1,2,-9999,-9999
1097,471.259788,471.259953345,471.259956413,17006170,-9999,612865.6,30.44,-1,-0.006509916,0.99999231,0,0.599995386,5,0.375,1.666666667,O9,de-protonated,0,-9999,C24 H40 O9,24,40,9,-9999,-9999,-9999,-9999,-9999
1097,471.259788,471.259953345,471.259794222,17006170,-9999,612865.6,30.44,-1,0.337655512,0.979525321,0,0.587715193,0,0.157894737,2.368421053,N4 S2 P1 O3,de-protonated,0,-9999,C19 H45 O3 N4 P1 S2,19,45,3,4,1,2,-9999,-9999
1098,471.296195,471.296360362,471.296341922,7798375.5,-9999,711667.1,12.91,-1,0.039125594,0.999722275,0,0.599833365,4,0.32,1.76,O8,de-protonated,0,-9999,C25 H44 O8,25,44,8,-9999,-9999,-9999,-9999,-9999
1099,472.218667,472.218832792,472.218819876,8748983,-9999,640569.6,14.72,-1,0.027351802,0.999864264,0,0.599918558,6,0.454545455,1.590909091,N1 O10,de-protonated,0,-9999,C22 H35 O10 N1,22,35,10,1,-9999,-9999,-9999,-9999
1100,473.194562,473.194728247,473.194460309,8126745,-9999,679401,13.53,-1,0.566232372,0.94348396,0,0.566090376,19,0.03030303,0.909090909,S1 O1,de-protonated,0,-9999,C33 H30 O1 S1,33,30,1,-9999,-9999,1,-9999,-9999
1100,473.194562,473.194728247,473.19459325,8126745,-9999,679401,13.53,-1,0.285287054,0.985340637,0,0.591204382,6,0.409090909,1.590909091,P1 O9,de-protonated,0,-9999,C22 H35 O9 P1,22,35,9,-9999,1,-9999,-9999,-9999
1101,473.202672,473.20283825,473.202835459,11518236,-9999,626960,19.99,-1,0.005899331,0.999993685,0,0.599996211,6,0.5,1.545454545,O11,de-protonated,0,-9999,C22 H34 O11,22,34,11,-9999,-9999,-9999,-9999,-9999
1101,473.202672,473.20283825,473.202673267,11518236,-9999,626960,19.99,-1,0.348651687,0.978184928,0,0.586910957,1,0.294117647,2.294117647,N4 S2 P1 O5,de-protonated,0,-9999,C17 H39 O5 N4 P1 S2,17,39,5,4,1,2,-9999,-9999
1102,473.230957,473.231123264,473.23097876,8634662,-9999,602891.1,14.5,-1,0.305355957,0.983223632,0,0.589934179,5,0.347826087,1.695652174,P1 O8,de-protonated,0,-9999,C23 H39 O8 P1,23,39,8,-9999,1,-9999,-9999,-9999
1103,473.239045,473.239211267,473.239220968,14598441,-9999,651568.3,25.85,-1,-0.020498773,0.999923758,0,0.599954255,5,0.434782609,1.652173913,O10,de-protonated,0,-9999,C23 H38 O10,23,38,10,-9999,-9999,-9999,-9999,-9999
1103,473.239045,473.239211267,473.239058777,14598441,-9999,651568.3,25.85,-1,0.32222722,0.981336475,0,0.588801885,0,0.222222222,2.388888889,N4 S2 P1 O4,de-protonated,0,-9999,C18 H43 O4 N4 P1 S2,18,43,4,4,1,2,-9999,-9999
1104,473.275451,473.275617284,473.275606477,10436918,-9999,625036.3,17.93,-1,0.022834028,0.999905398,0,0.599943239,4,0.375,1.75,O9,de-protonated,0,-9999,C24 H42 O9,24,42,9,-9999,-9999,-9999,-9999,-9999
1105,473.28243,473.282596288,473.28262041,39747896,-9999,606591.3,73.72,-1,-0.050969038,0.999284285,0.990562965,0.995795757,8,0.142857143,1.535714286,P1 O4,de-protonated,0,-9999,C28 H43 O4 P1,28,43,4,-9999,1,-9999,-9999,-9999
1105,473.28243,473.282596288,473.282817115,39747896,-9999,606591.3,73.72,-1,-0.46658624,0.970135821,0.921074643,0.95051135,0,0.555555556,2.333333333,N4 O10,de-protonated,0,-9999,C18 H42 O10 N4,18,42,10,4,-9999,-9999,-9999,-9999
1106,474.197899,474.198065714,474.198084431,7766658,-9999,696232,12.85,-1,-0.039470713,0.999717354,0,0.599830413,6,0.523809524,1.571428571,N1 O11,de-protonated,0,-9999,C21 H33 O11 N1,21,33,11,1,-9999,-9999,-9999,-9999
1107,474.285843,474.286009755,474.285975245,12681890,-9999,589277.1,22.2,-1,0.072761306,0.999039834,0.990562965,0.995649087,8,0.142857143,1.535714286,13C1 P1 O4,de-protonated,1,1105,C27 H43 O4 P1 13C1,27,43,4,-9999,1,-9999,1,-9999
1107,474.285843,474.286009755,474.286111591,12681890,-9999,589277.1,22.2,-1,-0.214714179,0.991669711,0,0.595001827,8,0.222222222,1.518518519,N1 O6,de-protonated,0,-9999,C27 H41 O6 N1,27,41,6,1,-9999,-9999,-9999,-9999
1107,474.285843,474.286009755,474.28617195,12681890,-9999,589277.1,22.2,-1,-0.341976707,0.979003488,0.921074643,0.95583195,0,0.555555556,2.333333333,13C1 N4 O10,de-protonated,1,1105,C17 H42 O10 N4 13C1,17,42,10,4,-9999,-9999,1,-9999
1108,475.137418,475.137585152,475.137339354,7750610.5,-9999,602179.4,12.82,-1,0.517318744,0.952601079,0,0.571560647,20,0.096774194,0.774193548,S1 O3,de-protonated,0,-9999,C31 H24 O3 S1,31,24,3,-9999,-9999,1,-9999,-9999
1108,475.137418,475.137585152,475.137472296,7750610.5,-9999,602179.4,12.82,-1,0.23752225,0.98981546,0,0.593889276,7,0.55,1.45,P1 O11,de-protonated,0,-9999,C20 H29 O11 P1,20,29,11,-9999,1,-9999,-9999,-9999
1109,475.173819,475.173986169,475.173724864,8815584,-9999,628935.5,14.84,-1,0.549914794,0.946607042,0,0.567964225,19,0.0625,0.875,S1 O2,de-protonated,0,-9999,C32 H28 O2 S1,32,28,2,-9999,-9999,1,-9999,-9999
1109,475.173819,475.173986169,475.173857805,8815584,-9999,628935.5,14.84,-1,0.270139716,0.986845978,0,0.592107587,6,0.476190476,1.571428571,P1 O10,de-protonated,0,-9999,C21 H33 O10 P1,21,33,10,-9999,1,-9999,-9999,-9999
1110,475.21022,475.210387186,475.210110373,14304237,-9999,632879.8,25.29,-1,0.582505852,0.940289088,0,0.564173453,18,0.03030303,0.96969697,S1 O1,de-protonated,0,-9999,C33 H32 O1 S1,33,32,1,-9999,-9999,1,-9999,-9999
1110,475.21022,475.210387186,475.210243315,14304237,-9999,632879.8,25.29,-1,0.302752187,0.983506153,0,0.590103692,5,0.409090909,1.681818182,P1 O9,de-protonated,0,-9999,C22 H37 O9 P1,22,37,9,-9999,1,-9999,-9999,-9999
1111,475.21835,475.218517189,475.218485523,9126896,-9999,631036.1,15.44,-1,0.066635115,0.999194649,0,0.599516789,5,0.5,1.636363636,O11,de-protonated,0,-9999,C22 H36 O11,22,36,11,-9999,-9999,-9999,-9999,-9999
1111,475.21835,475.218517189,475.218974781,9126896,-9999,631036.1,15.44,-1,-0.96290581,0.845153533,0,0.50709212,9,0.12,1.48,N2 S1 P1 O3,de-protonated,0,-9999,C25 H37 O3 N2 P1 S1,25,37,3,2,1,1,-9999,-9999
1111,475.21835,475.218517189,475.218323332,9126896,-9999,631036.1,15.44,-1,0.407933699,0.970256453,0,0.582153872,0,0.294117647,2.411764706,N4 S2 P1 O5,de-protonated,0,-9999,C17 H41 O5 N4 P1 S2,17,41,5,4,1,2,-9999,-9999
1112,475.246593,475.246760203,475.246628824,9929722,-9999,643190.6,16.97,-1,0.276442859,0.986229269,0,0.591737561,4,0.347826087,1.782608696,P1 O8,de-protonated,0,-9999,C23 H41 O8 P1,23,41,8,-9999,1,-9999,-9999,-9999
1113,475.254653,475.254820206,475.254871033,7496700.5,-9999,620202.1,12.33,-1,-0.106945138,0.997926876,0,0.598756125,4,0.434782609,1.739130435,O10,de-protonated,0,-9999,C23 H40 O10,23,40,10,-9999,-9999,-9999,-9999,-9999
1114,475.298213,475.298380227,475.298270475,13698060,-9999,616181.3,24.14,-1,0.230911732,0.990371766,0,0.594223059,7,0.142857143,1.607142857,P1 O4,de-protonated,0,-9999,C28 H45 O4 P1,28,45,4,-9999,1,-9999,-9999,-9999
1115,476.177202,476.177369636,476.177348986,7587141,-9999,646847.3,12.51,-1,0.043366456,0.999658817,0,0.59979529,6,0.6,1.55,N1 O12,de-protonated,0,-9999,C20 H31 O12 N1,20,31,12,1,-9999,-9999,-9999,-9999
1115,476.177202,476.177369636,476.177838243,7587141,-9999,646847.3,12.51,-1,-0.984101292,0.838848676,0,0.503309205,10,0.173913043,1.391304348,N3 S1 P1 O4,de-protonated,0,-9999,C23 H32 O4 N3 P1 S1,23,32,4,3,1,1,-9999,-9999
1116,476.213567,476.213734653,476.213734495,9766226,-9999,633198.2,16.65,-1,3.31189e-4,0.99999998,0,0.599999988,5,0.523809524,1.666666667,N1 O11,de-protonated,0,-9999,C21 H35 O11 N1,21,35,11,1,-9999,-9999,-9999,-9999
1117,476.249938,476.25010567,476.250120005,7357791,-9999,601005.3,12.07,-1,-0.030099074,0.999835629,0,0.599901378,4,0.454545455,1.772727273,N1 O10,de-protonated,0,-9999,C22 H39 O10 N1,22,39,10,1,-9999,-9999,-9999,-9999
1118,477.153084,477.153252091,477.152989419,9037471,-9999,583779.5,15.27,-1,0.550498708,0.946496684,0,0.567898011,19,0.096774194,0.838709677,S1 O3,de-protonated,0,-9999,C31 H26 O3 S1,31,26,3,-9999,-9999,1,-9999,-9999
1118,477.153084,477.153252091,477.15312236,9037471,-9999,583779.5,15.27,-1,0.271884156,0.986676684,0,0.592006011,6,0.55,1.55,P1 O11,de-protonated,0,-9999,C20 H31 O11 P1,20,31,11,-9999,1,-9999,-9999,-9999
1119,477.18949,477.189658108,477.189374928,18777772,-9999,598795.8,33.81,-1,0.593432567,0.942185707,0.912319954,0.930239406,18,0.0625,0.9375,S1 O2,de-protonated,0,-9999,C32 H30 O2 S1,32,30,2,-9999,-9999,1,-9999,-9999
1119,477.18949,477.189658108,477.18950787,18777772,-9999,598795.8,33.81,-1,0.314839248,0.982174906,0,0.589304944,5,0.476190476,1.666666667,P1 O10,de-protonated,0,-9999,C21 H35 O10 P1,21,35,10,-9999,1,-9999,-9999,-9999
1120,477.225883,477.226051125,477.225760437,19826360,-9999,602074.2,35.8,-1,0.609119091,0.944134419,0.907658466,0.929544038,17,0.03030303,1.03030303,S1 O1,de-protonated,0,-9999,C33 H34 O1 S1,33,34,1,-9999,-9999,1,-9999,-9999
1120,477.225883,477.226051125,477.225893379,19826360,-9999,602074.2,35.8,-1,0.330547009,0.980369906,0,0.588221943,4,0.409090909,1.772727273,P1 O9,de-protonated,0,-9999,C22 H39 O9 P1,22,39,9,-9999,1,-9999,-9999,-9999
1121,477.262276,477.262444142,477.262278889,10749637,-9999,575500,18.52,-1,0.346252375,0.978480901,0,0.58708854,3,0.347826087,1.869565217,P1 O8,de-protonated,0,-9999,C23 H43 O8 P1,23,43,8,-9999,1,-9999,-9999,-9999
1122,478.192825,478.192993575,478.192729763,9881613,-9999,590677.1,16.87,-1,0.551685733,0.946272019,0.912319954,0.932691193,18,0.0625,0.9375,13C1 S1 O2,de-protonated,1,1119,C31 H30 O2 S1 13C1,31,30,2,-9999,-9999,1,1,-9999
1122,478.192825,478.192993575,478.192999051,9881613,-9999,590677.1,16.87,-1,-0.011449861,0.999976212,0,0.599985727,5,0.6,1.65,N1 O12,de-protonated,0,-9999,C20 H33 O12 N1,20,33,12,1,-9999,-9999,-9999,-9999
1123,478.229192,478.229360592,478.229115273,10930202,-9999,658028.6,18.87,-1,0.51297525,0.953374901,0.907658466,0.935088327,17,0.03030303,1.03030303,13C1 S1 O1,de-protonated,1,1120,C32 H34 O1 S1 13C1,32,34,1,-9999,-9999,1,1,-9999
1123,478.229192,478.229360592,478.22938456,10930202,-9999,658028.6,18.87,-1,-0.050117476,0.999544348,0,0.599726609,4,0.523809524,1.761904762,N1 O11,de-protonated,0,-9999,C21 H37 O11 N1,21,37,11,1,-9999,-9999,-9999,-9999
1124,479.14763,479.14779902,479.147510115,24742236,-9999,622545.5,45.16,-1,0.602956231,0.941286979,0.97580364,0.955093643,23,0.029411765,0.705882353,S1 O1,de-protonated,0,-9999,C34 H24 O1 S1,34,24,1,-9999,-9999,1,-9999,-9999
1124,479.14763,479.14779902,479.147643057,24742236,-9999,622545.5,45.16,-1,0.325501438,0.983710918,0.954539005,0.972042153,10,0.391304348,1.260869565,P1 O9,de-protonated,0,-9999,C23 H29 O9 P1,23,29,9,-9999,1,-9999,-9999,-9999
1125,479.168769,479.16893803,479.168639483,13470051,-9999,550447.7,23.7,-1,0.623051554,0.93198631,0,0.559191786,18,0.096774194,0.903225806,S1 O3,de-protonated,0,-9999,C31 H28 O3 S1,31,28,3,-9999,-9999,1,-9999,-9999
1125,479.168769,479.16893803,479.168772425,13470051,-9999,550447.7,23.7,-1,0.34560899,0.978559935,0,0.587135961,5,0.55,1.65,P1 O11,de-protonated,0,-9999,C20 H33 O11 P1,20,33,11,-9999,1,-9999,-9999,-9999
1126,479.205137,479.205306047,479.205024993,24480112,-9999,582315.7,44.66,-1,0.586501278,0.469746271,0.742885034,0.579001776,17,0.0625,1,S1 O2,de-protonated,0,-9999,C32 H32 O2 S1,32,32,2,-9999,-9999,1,-9999,-9999
1126,479.205137,479.205306047,479.205157934,24480112,-9999,582315.7,44.66,-1,0.30907979,0.982815516,0,0.58968931,4,0.476190476,1.761904762,P1 O10,de-protonated,0,-9999,C21 H37 O10 P1,21,37,10,-9999,1,-9999,-9999,-9999
1127,479.241525,479.241694064,479.241410502,18516348,-9999,601776.4,33.31,-1,0.591689192,0.469225574,0.736963647,0.576320803,16,0.03030303,1.090909091,S1 O1,de-protonated,0,-9999,C33 H36 O1 S1,33,36,1,-9999,-9999,1,-9999,-9999
1127,479.241525,479.241694064,479.241543444,18516348,-9999,601776.4,33.31,-1,0.314288765,0.982236628,0,0.589341977,3,0.409090909,1.863636364,P1 O9,de-protonated,0,-9999,C22 H41 O9 P1,22,41,9,-9999,1,-9999,-9999,-9999
1128,479.277899,479.278068081,479.277928953,8849801,-9999,606933.2,14.91,-1,0.290286328,0.984826316,0,0.590895789,2,0.347826087,1.956521739,P1 O8,de-protonated,0,-9999,C23 H45 O8 P1,23,45,8,-9999,1,-9999,-9999,-9999
1129,480.15096,480.151129488,480.15086495,8014521.5,-9999,714043.2,13.32,-1,0.550946347,0.946412011,0.97580364,0.958168663,23,0.029411765,0.705882353,13C1 S1 O1,de-protonated,1,1124,C33 H24 O1 S1 13C1,33,24,1,-9999,-9999,1,1,-9999
1129,480.15096,480.151129488,480.150997892,8014521.5,-9999,714043.2,13.32,-1,0.274071356,0.986462924,0.954539005,0.973693356,10,0.391304348,1.260869565,13C1 P1 O9,de-protonated,1,1124,C22 H29 O9 P1 13C1,22,29,9,-9999,1,-9999,1,-9999
1129,480.15096,480.151129488,480.151134238,8014521.5,-9999,714043.2,13.32,-1,-0.009892687,0.999982243,0,0.599989346,10,0.5,1.227272727,N1 O11,de-protonated,0,-9999,C22 H27 O11 N1,22,27,11,1,-9999,-9999,-9999,-9999
1130,480.164045,480.164214494,480.163888455,8129214,-9999,648064.3,13.53,-1,0.67901456,0.919744954,0,0.551846972,18,0.1,0.9,N1 S1 O3,de-protonated,0,-9999,C30 H27 O3 N1 S1,30,27,3,1,-9999,1,-9999,-9999
1130,480.164045,480.164214494,480.164021397,8129214,-9999,648064.3,13.53,-1,0.402147043,0.971082074,0,0.582649245,5,0.578947368,1.684210526,N1 P1 O11,de-protonated,0,-9999,C19 H32 O11 N1 P1,19,32,11,1,1,-9999,-9999,-9999
1131,480.200398,480.200567511,480.200273965,21269194,-9999,628460.1,38.55,-1,0.611298815,0.467221393,0.748902347,0.579893775,17,0.064516129,1,N1 S1 O2,de-protonated,0,-9999,C31 H31 O2 N1 S1,31,31,2,1,-9999,1,-9999,-9999
1131,480.200398,480.200567511,480.200406907,21269194,-9999,628460.1,38.55,-1,0.334452296,0.97990804,0,0.587944824,4,0.5,1.8,N1 P1 O10,de-protonated,0,-9999,C20 H36 O10 N1 P1,20,36,10,1,1,-9999,-9999,-9999
1133,481.144676,481.144845951,481.144532735,8670226,-9999,646408.8,14.56,-1,0.6509802,0.925988506,0,0.555593104,23,0.121212121,0.666666667,O4,de-protonated,0,-9999,C33 H22 O4,33,22,4,-9999,-9999,-9999,-9999,-9999
1133,481.144676,481.144845951,481.144883608,8670226,-9999,646408.8,14.56,-1,-0.078266147,0.998889137,0,0.599333482,0,0.6,2.333333333,N2 S2 P1 O9,de-protonated,0,-9999,C15 H35 O9 N2 P1 S2,15,35,9,2,1,2,-9999,-9999
1134,481.16327,481.163439959,481.16316018,523209760,-9999,577234.6,993.95,-1,0.581465167,0.565727166,0.906954411,0.702218064,22,0.029411765,0.764705882,S1 O1,de-protonated,0,-9999,C34 H26 O1 S1,34,26,1,-9999,-9999,1,-9999,-9999
1134,481.16327,481.163439959,481.163293121,523209760,-9999,577234.6,993.95,-1,0.30517267,0.738342191,0.976781979,0.833718106,9,0.391304348,1.347826087,P1 O9,de-protonated,0,-9999,C23 H31 O9 P1,23,31,9,-9999,1,-9999,-9999,-9999
1135,481.184404,481.184573969,481.184289548,12307488,-9999,604065.1,21.49,-1,0.591086222,0.938572597,0,0.563143558,17,0.096774194,0.967741935,S1 O3,de-protonated,0,-9999,C31 H30 O3 S1,31,30,3,-9999,-9999,1,-9999,-9999
1135,481.184404,481.184573969,481.184422489,12307488,-9999,604065.1,21.49,-1,0.314805855,0.982178653,0,0.589307192,4,0.55,1.75,P1 O11,de-protonated,0,-9999,C20 H35 O11 P1,20,35,11,-9999,1,-9999,-9999,-9999
1136,481.220788,481.220957986,481.220675057,15289388,-9999,588765.4,27.16,-1,0.587940252,0.939204493,0,0.563522696,16,0.0625,1.0625,S1 O2,de-protonated,0,-9999,C32 H34 O2 S1,32,34,2,-9999,-9999,1,-9999,-9999
1136,481.220788,481.220957986,481.220807999,15289388,-9999,588765.4,27.16,-1,0.311680777,0.982527628,0,0.589516577,3,0.476190476,1.857142857,P1 O10,de-protonated,0,-9999,C21 H39 O10 P1,21,39,10,-9999,1,-9999,-9999,-9999
1137,481.244096,481.244265997,481.244306349,8793140,-9999,570284.3,14.8,-1,-0.083848567,0.998725123,0,0.599235074,7,0.36,1.52,O9,de-protonated,0,-9999,C25 H38 O9,25,38,9,-9999,-9999,-9999,-9999,-9999
1137,481.244096,481.244265997,481.244144157,8793140,-9999,570284.3,14.8,-1,0.253176451,0.988436818,0,0.593062091,2,0.15,2.15,N4 S2 P1 O3,de-protonated,0,-9999,C20 H43 O3 N4 P1 S2,20,43,3,4,1,2,-9999,-9999
1138,481.257174,481.257344003,481.257060566,10865721,-9999,606349.9,18.74,-1,0.588950544,0.939001888,0,0.563401133,15,0.03030303,1.151515152,S1 O1,de-protonated,0,-9999,C33 H38 O1 S1,33,38,1,-9999,-9999,1,-9999,-9999
1138,481.257174,481.257344003,481.257193508,10865721,-9999,606349.9,18.74,-1,0.312711955,0.982412848,0,0.589447709,2,0.409090909,1.954545455,P1 O9,de-protonated,0,-9999,C22 H43 O9 P1,22,43,9,-9999,1,-9999,-9999,-9999
1139,482.166624,482.166794427,482.166515015,144149872,-9999,577202.9,272.44,-1,0.579492785,0.565805335,0.906954411,0.702264966,22,0.029411765,0.764705882,13C1 S1 O1,de-protonated,1,1134,C33 H26 O1 S1 13C1,33,26,1,-9999,-9999,1,1,-9999
1139,482.166624,482.166794427,482.166647956,144149872,-9999,577202.9,272.44,-1,0.303775235,0.738380149,0.976781979,0.833740881,9,0.391304348,1.347826087,13C1 P1 O9,de-protonated,1,1134,C22 H31 O9 P1 13C1,22,31,9,-9999,1,-9999,1,-9999
1139,482.166624,482.166794427,482.166784302,144149872,-9999,577202.9,272.44,-1,0.020998266,0.999949316,0.925006137,0.969972045,9,0.5,1.318181818,N1 O11,de-protonated,0,-9999,C22 H29 O11 N1,22,29,11,1,-9999,-9999,-9999,-9999
1139,482.166624,482.166794427,482.167273559,144149872,-9999,577202.9,272.44,-1,-0.993706354,0.278654054,0.760378351,0.471343773,13,0.12,1.2,N3 S1 P1 O3,de-protonated,0,-9999,C25 H30 O3 N3 P1 S1,25,30,3,3,1,1,-9999,-9999
1140,482.179634,482.179804433,482.17953852,9358711,-9999,647640.9,15.87,-1,0.55148107,0.946310786,0,0.567786471,17,0.1,0.966666667,N1 S1 O3,de-protonated,0,-9999,C30 H29 O3 N1 S1,30,29,3,1,-9999,1,-9999,-9999
1140,482.179634,482.179804433,482.179671462,9358711,-9999,647640.9,15.87,-1,0.275770975,0.986295666,0,0.591777399,4,0.578947368,1.789473684,N1 P1 O11,de-protonated,0,-9999,C19 H34 O11 N1 P1,19,34,11,1,1,-9999,-9999,-9999
1141,482.197445,482.197615441,482.197296585,7572861,-9999,642982.5,12.47,-1,0.661257225,0.923725384,0,0.55423523,17,0.166666667,0.966666667,N1 O5,de-protonated,0,-9999,C30 H29 O5 N1,30,29,5,1,-9999,-9999,-9999,-9999
1142,483.160322,483.16049289,483.160182799,185568960,-9999,582713.8,351.28,-1,0.641795865,0.618658785,0.909970517,0.735183477,22,0.121212121,0.727272727,O4,de-protonated,0,-9999,C33 H24 O4,33,24,4,-9999,-9999,-9999,-9999,-9999
1143,483.161274,483.16144489,483.161185121,14782152,-9999,1184886.5,26.2,-1,0.537644701,0.948901871,0,0.569341123,8,0.304347826,1.434782609,S1 P1 O7,de-protonated,0,-9999,C23 H33 O7 P1 S1,23,33,7,-9999,1,1,-9999,-9999
1144,483.169963,483.170133894,483.16986985,19140298,-9999,573698.9,34.49,-1,0.546483598,0.567078693,0.906954411,0.703028981,22,0.029411765,0.764705882,13C2 S1 O1,de-protonated,1,1134,C32 H26 O1 S1 13C2,32,26,1,-9999,-9999,1,2,-9999
1144,483.169963,483.170133894,483.170002791,19140298,-9999,573698.9,34.49,-1,0.271338614,0.739213728,0.976781979,0.834241028,9,0.391304348,1.347826087,13C2 P1 O9,de-protonated,1,1134,C21 H31 O9 P1 13C2,21,31,9,-9999,1,-9999,2,-9999
1144,483.169963,483.170133894,483.170139137,19140298,-9999,573698.9,34.49,-1,-0.010851128,0.999978635,0.925006137,0.969989636,9,0.5,1.318181818,13C1 N1 O11,de-protonated,1,1139,C21 H29 O11 N1 13C1,21,29,11,1,-9999,-9999,1,-9999
1144,483.169963,483.170133894,483.169916587,19140298,-9999,573698.9,34.49,-1,0.449753289,0.963962311,0,0.578377387,12,0.038461538,1.269230769,N2 S2 P1 O1,de-protonated,0,-9999,C26 H33 O1 N2 P1 S2,26,33,1,2,1,2,-9999,-9999
1145,483.186992,483.187162902,483.187185394,8687312,-9999,623031.1,14.59,-1,-0.046549656,0.999606901,0,0.599764141,8,0.47826087,1.391304348,O11,de-protonated,0,-9999,C23 H32 O11,23,32,11,-9999,-9999,-9999,-9999,-9999
1145,483.186992,483.187162902,483.187023203,8687312,-9999,623031.1,14.59,-1,0.289120209,0.98494706,0,0.590968236,3,0.277777778,2.055555556,N4 S2 P1 O5,de-protonated,0,-9999,C18 H37 O5 N4 P1 S2,18,37,5,4,1,2,-9999,-9999
1146,483.200045,483.200215908,483.199939612,9703125,-9999,638539.3,16.53,-1,0.571804799,0.942398936,0,0.565439362,16,0.096774194,1.032258065,S1 O3,de-protonated,0,-9999,C31 H32 O3 S1,31,32,3,-9999,-9999,1,-9999,-9999
1146,483.200045,483.200215908,483.200072554,9703125,-9999,638539.3,16.53,-1,0.296676931,0.984156248,0,0.590493749,3,0.55,1.85,P1 O11,de-protonated,0,-9999,C20 H37 O11 P1,20,37,11,-9999,1,-9999,-9999,-9999
1147,483.223374,483.223544919,483.223570904,12930781,-9999,633193.2,22.67,-1,-0.053773446,0.999475464,0,0.599685278,7,0.416666667,1.5,O10,de-protonated,0,-9999,C24 H36 O10,24,36,10,-9999,-9999,-9999,-9999,-9999
1147,483.223374,483.223544919,483.223408712,12930781,-9999,633193.2,22.67,-1,0.281871141,0.985687077,0,0.591412246,2,0.210526316,2.157894737,N4 S2 P1 O4,de-protonated,0,-9999,C19 H41 O4 N4 P1 S2,19,41,4,4,1,2,-9999,-9999
1148,483.259737,483.259907936,483.259956413,14454505,-9999,631014.2,25.57,-1,-0.10031248,0.998175821,0,0.598905493,6,0.36,1.6,O9,de-protonated,0,-9999,C25 H40 O9,25,40,9,-9999,-9999,-9999,-9999,-9999
1148,483.259737,483.259907936,483.259794222,14454505,-9999,631014.2,25.57,-1,0.23530682,0.990003613,0,0.594002168,1,0.15,2.25,N4 S2 P1 O3,de-protonated,0,-9999,C20 H45 O3 N4 P1 S2,20,45,3,4,1,2,-9999,-9999
1149,483.29611,483.296280953,483.296341922,7663350,-9999,613110.1,12.65,-1,-0.126153258,0.997116474,0,0.598269884,5,0.307692308,1.692307692,O8,de-protonated,0,-9999,C26 H44 O8,26,44,8,-9999,-9999,-9999,-9999,-9999
1149,483.29611,483.296280953,483.296179731,7663350,-9999,613110.1,12.65,-1,0.209440765,0.992072266,0,0.59524336,0,0.095238095,2.333333333,N4 S2 P1 O2,de-protonated,0,-9999,C21 H49 O2 N4 P1 S2,21,49,2,4,1,2,-9999,-9999
1150,484.163677,484.163848357,484.163537635,47878172,-9999,581057,89.19,-1,0.641772011,0.618660503,0.909970517,0.735184509,22,0.121212121,0.727272727,13C1 O4,de-protonated,1,1142,C32 H24 O4 13C1,32,24,4,-9999,-9999,-9999,1,-9999
1150,484.163677,484.163848357,484.164296179,47878172,-9999,581057,89.19,-1,-0.924938283,0.428108549,0.793917021,0.574431938,13,0.25,1.166666667,N3 P1 O6,de-protonated,0,-9999,C24 H28 O6 N3 P1,24,28,6,3,1,-9999,-9999,-9999
1151,485.202659,485.202830841,485.202835459,11522431,-9999,607291.4,19.99,-1,-0.009516729,0.999983567,0,0.59999014,7,0.47826087,1.47826087,O11,de-protonated,0,-9999,C23 H34 O11,23,34,11,-9999,-9999,-9999,-9999,-9999
1151,485.202659,485.202830841,485.202673267,11522431,-9999,607291.4,19.99,-1,0.324758693,0.981044883,0,0.58862693,2,0.277777778,2.166666667,N4 S2 P1 O5,de-protonated,0,-9999,C18 H39 O5 N4 P1 S2,18,39,5,4,1,2,-9999,-9999
1152,485.230995,485.231166854,485.23097876,8155528.5,-9999,613711.7,13.58,-1,0.387639714,0.973103038,0,0.583861823,6,0.333333333,1.625,P1 O8,de-protonated,0,-9999,C24 H39 O8 P1,24,39,8,-9999,1,-9999,-9999,-9999
1153,485.239017,485.239188858,485.239220968,19763596,-9999,611746.8,35.68,-1,-0.066173452,0.999205765,0,0.599523459,6,0.416666667,1.583333333,O10,de-protonated,0,-9999,C24 H38 O10,24,38,10,-9999,-9999,-9999,-9999,-9999
1153,485.239017,485.239188858,485.239058777,19763596,-9999,611746.8,35.68,-1,0.268076885,0.987044801,0,0.592226881,1,0.210526316,2.263157895,N4 S2 P1 O4,de-protonated,0,-9999,C19 H43 O4 N4 P1 S2,19,43,4,4,1,2,-9999,-9999
1154,485.275401,485.275572875,485.275606477,17011096,-9999,631410.9,30.44,-1,-0.069243854,0.999130384,0,0.599478231,5,0.36,1.68,O9,de-protonated,0,-9999,C25 H42 O9,25,42,9,-9999,-9999,-9999,-9999,-9999
1154,485.275401,485.275572875,485.275444286,17011096,-9999,631410.9,30.44,-1,0.264981421,0.987340369,0,0.592404221,0,0.15,2.35,N4 S2 P1 O3,de-protonated,0,-9999,C20 H47 O3 N4 P1 S2,20,47,3,4,1,2,-9999,-9999
1155,487.181854,487.182026763,487.182100014,11359258,-9999,627618.3,19.68,-1,-0.150355552,0.995906429,0,0.597543857,7,0.545454545,1.454545455,O12,de-protonated,0,-9999,C22 H32 O12,22,32,12,-9999,-9999,-9999,-9999,-9999
1155,487.181854,487.182026763,487.18158695,11359258,-9999,627618.3,19.68,-1,0.902771632,0.862534556,0,0.517520734,25,0.028571429,0.685714286,N2 O1,de-protonated,0,-9999,C35 H24 O1 N2,35,24,1,2,-9999,-9999,-9999,-9999
1155,487.181854,487.182026763,487.181937823,11359258,-9999,627618.3,19.68,-1,0.182561769,0.993970782,0,0.596382469,2,0.352941176,2.176470588,N4 S2 P1 O6,de-protonated,0,-9999,C17 H37 O6 N4 P1 S2,17,37,6,4,1,2,-9999,-9999
1156,487.210192,487.210364777,487.210110373,10359844,-9999,611990.5,17.78,-1,0.522163916,0.951730931,0,0.571038559,19,0.029411765,0.941176471,S1 O1,de-protonated,0,-9999,C34 H32 O1 S1,34,32,1,-9999,-9999,1,-9999,-9999
1156,487.210192,487.210364777,487.210243315,10359844,-9999,611990.5,17.78,-1,0.249300607,0.988786169,0,0.593271702,6,0.391304348,1.608695652,P1 O9,de-protonated,0,-9999,C23 H37 O9 P1,23,37,9,-9999,1,-9999,-9999,-9999
1157,487.218302,487.21847478,487.218485523,16847910,-9999,597873,30.13,-1,-0.022049455,0.999911787,0,0.599947072,6,0.47826087,1.565217391,O11,de-protonated,0,-9999,C23 H36 O11,23,36,11,-9999,-9999,-9999,-9999,-9999
1157,487.218302,487.21847478,487.218323332,16847910,-9999,597873,30.13,-1,0.310843046,0.982620606,0,0.589572363,1,0.277777778,2.277777778,N4 S2 P1 O5,de-protonated,0,-9999,C18 H41 O5 N4 P1 S2,18,41,5,4,1,2,-9999,-9999
1158,487.246589,487.246761794,487.246628824,8508464,-9999,614151,14.25,-1,0.272899614,0.986577648,0,0.591946589,5,0.333333333,1.708333333,P1 O8,de-protonated,0,-9999,C24 H41 O8 P1,24,41,8,-9999,1,-9999,-9999,-9999
1159,487.254652,487.254824797,487.254871033,17863730,-9999,593319.9,32.06,-1,-0.094889388,0.998367571,0,0.599020542,5,0.416666667,1.666666667,O10,de-protonated,0,-9999,C24 H40 O10,24,40,10,-9999,-9999,-9999,-9999,-9999
1159,487.254652,487.254824797,487.254708841,17863730,-9999,593319.9,32.06,-1,0.237978231,0.989776519,0,0.593865912,0,0.210526316,2.368421053,N4 S2 P1 O4,de-protonated,0,-9999,C19 H45 O4 N4 P1 S2,19,45,4,4,1,2,-9999,-9999
1160,487.291102,487.291274814,487.291256542,9868351,-9999,625628.5,16.84,-1,0.03749773,0.999744901,0,0.599846941,4,0.36,1.76,O9,de-protonated,0,-9999,C25 H44 O9,25,44,9,-9999,-9999,-9999,-9999,-9999
1160,487.291102,487.291274814,487.291745799,9868351,-9999,625628.5,16.84,-1,-0.96653604,0.84408009,0,0.506448054,8,0.035714286,1.607142857,N2 S1 P1 O1,de-protonated,0,-9999,C28 H45 O1 N2 P1 S1,28,45,1,2,1,1,-9999,-9999
1161,488.213525,488.213698244,488.213734495,11474292,-9999,615505.1,19.9,-1,-0.074253177,0.999000077,0,0.599400046,6,0.5,1.590909091,N1 O11,de-protonated,0,-9999,C22 H35 O11 N1,22,35,11,1,-9999,-9999,-9999,-9999
1162,488.249904,488.250077261,488.250120005,8426880,-9999,610039.2,13.96,-1,-0.087544928,0.998610323,0,0.599166194,5,0.434782609,1.695652174,N1 O10,de-protonated,0,-9999,C23 H39 O10 N1,23,39,10,1,-9999,-9999,-9999,-9999
1163,489.139998,489.140171676,489.140235201,9967272,-9999,633131.3,16.86,-1,-0.129871285,0.996944265,0,0.598166559,12,0.458333333,1.083333333,O11,de-protonated,0,-9999,C24 H26 O11,24,26,11,-9999,-9999,-9999,-9999,-9999
1163,489.139998,489.140171676,489.14007301,9967272,-9999,633131.3,16.86,-1,0.201713302,0.992644356,0,0.595586613,7,0.263157895,1.631578947,N4 S2 P1 O5,de-protonated,0,-9999,C19 H31 O5 N4 P1 S2,19,31,5,4,1,2,-9999,-9999
1164,489.189494,489.189667699,489.189374928,14161593,-9999,582918.9,24.76,-1,0.598481109,0.937075686,0,0.562245412,19,0.060606061,0.909090909,S1 O2,de-protonated,0,-9999,C33 H30 O2 S1,33,30,2,-9999,-9999,1,-9999,-9999
1164,489.189494,489.189667699,489.18950787,14161593,-9999,582918.9,24.76,-1,0.326721786,0.980817251,0,0.58849035,6,0.454545455,1.590909091,P1 O10,de-protonated,0,-9999,C22 H35 O10 P1,22,35,10,-9999,1,-9999,-9999,-9999
1165,489.225887,489.226060716,489.225760437,19437252,-9999,592522.9,34.71,-1,0.61378249,0.943390505,0.871463035,0.914619517,18,0.029411765,1,S1 O1,de-protonated,0,-9999,C34 H34 O1 S1,34,34,1,-9999,-9999,1,-9999,-9999
1165,489.225887,489.226060716,489.225893379,19437252,-9999,592522.9,34.71,-1,0.342043374,0.978995388,0,0.587397233,5,0.391304348,1.695652174,P1 O9,de-protonated,0,-9999,C23 H39 O9 P1,23,39,9,-9999,1,-9999,-9999,-9999
1166,489.233908,489.234081719,489.234135588,11556552,-9999,596111.8,19.85,-1,-0.110107357,0.997802601,0,0.598681561,5,0.47826087,1.652173913,O11,de-protonated,0,-9999,C23 H38 O11,23,38,11,-9999,-9999,-9999,-9999,-9999
1166,489.233908,489.234081719,489.233973396,11556552,-9999,596111.8,19.85,-1,0.221413594,0.99114411,0,0.594686466,0,0.277777778,2.388888889,N4 S2 P1 O5,de-protonated,0,-9999,C18 H43 O5 N4 P1 S2,18,43,5,4,1,2,-9999,-9999
1167,489.262252,489.262425733,489.262278889,10802897,-9999,646834.8,18.43,-1,0.300133639,0.983787919,0,0.590272752,4,0.333333333,1.791666667,P1 O8,de-protonated,0,-9999,C24 H43 O8 P1,24,43,8,-9999,1,-9999,-9999,-9999
1168,489.270346,489.270519736,489.270521097,9426644,-9999,584234.3,15.84,-1,-0.002780979,0.999998597,0,0.599999158,4,0.416666667,1.75,O10,de-protonated,0,-9999,C24 H42 O10,24,42,10,-9999,-9999,-9999,-9999,-9999
1169,490.192806,490.192980166,490.192999051,11163654,-9999,594766,19.11,-1,-0.038524358,0.999730744,0,0.599838446,6,0.571428571,1.571428571,N1 O12,de-protonated,0,-9999,C21 H33 O12 N1,21,33,12,1,-9999,-9999,-9999,-9999
1170,490.229194,490.229368183,490.229115273,12818450,-9999,586347.9,22.23,-1,0.51590282,0.952853983,0.871463035,0.920297604,18,0.029411765,1,13C1 S1 O1,de-protonated,1,1165,C33 H34 O1 S1 13C1,33,34,1,-9999,-9999,1,1,-9999
1170,490.229194,490.229368183,490.22938456,12818450,-9999,586347.9,22.23,-1,-0.033406335,0.999797527,0,0.599878516,5,0.5,1.681818182,N1 O11,de-protonated,0,-9999,C22 H37 O11 N1,22,37,11,1,-9999,-9999,-9999,-9999
1171,491.168715,491.168889621,491.168639483,12245320,-9999,559497.2,21.15,-1,0.509270344,0.954030291,0,0.572418174,19,0.09375,0.875,S1 O3,de-protonated,0,-9999,C32 H28 O3 S1,32,28,3,-9999,-9999,1,-9999,-9999
1171,491.168715,491.168889621,491.168772425,12245320,-9999,559497.2,21.15,-1,0.238606155,0.989722776,0,0.593833666,6,0.523809524,1.571428571,P1 O11,de-protonated,0,-9999,C21 H33 O11 P1,21,33,11,-9999,1,-9999,-9999,-9999
1172,491.205119,491.205293638,491.205024993,23992660,-9999,591250.2,43.29,-1,0.546910596,0.950131969,0.954502827,0.951880312,18,0.060606061,0.96969697,S1 O2,de-protonated,0,-9999,C33 H32 O2 S1,33,32,2,-9999,-9999,1,-9999,-9999
1172,491.205119,491.205293638,491.205157934,23992660,-9999,591250.2,43.29,-1,0.276266446,0.986246717,0,0.59174803,5,0.454545455,1.681818182,P1 O10,de-protonated,0,-9999,C22 H37 O10 P1,22,37,10,-9999,1,-9999,-9999,-9999
1173,491.241508,491.241682655,491.241410502,24942944,-9999,580468.3,45.08,-1,0.554010373,0.952695904,0.979330382,0.963349695,17,0.029411765,1.058823529,S1 O1,de-protonated,0,-9999,C34 H36 O1 S1,34,36,1,-9999,-9999,1,-9999,-9999
1173,491.241508,491.241682655,491.241543444,24942944,-9999,580468.3,45.08,-1,0.283386267,0.988898458,0.909673026,0.957208286,4,0.391304348,1.782608696,P1 O9,de-protonated,0,-9999,C23 H41 O9 P1,23,41,9,-9999,1,-9999,-9999,-9999
1174,491.277887,491.278061672,491.277928953,9754988,-9999,589848.3,16.46,-1,0.270149947,0.986844988,0,0.592106993,3,0.333333333,1.875,P1 O8,de-protonated,0,-9999,C24 H45 O8 P1,24,45,8,-9999,1,-9999,-9999,-9999
1175,492.208458,492.208633105,492.208379828,10705566,-9999,589187.3,18.25,-1,0.514573981,0.953090762,0.954502827,0.953655588,18,0.060606061,0.96969697,13C1 S1 O2,de-protonated,1,1172,C32 H32 O2 S1 13C1,32,32,2,-9999,-9999,1,1,-9999
1175,492.208458,492.208633105,492.208649115,10705566,-9999,589187.3,18.25,-1,-0.032526296,0.999808053,0,0.599884832,5,0.571428571,1.666666667,N1 O12,de-protonated,0,-9999,C21 H35 O12 N1,21,35,12,1,-9999,-9999,-9999,-9999
1176,492.244825,492.245000122,492.244765337,10164906,-9999,581016.3,17.23,-1,0.476968443,0.959561014,0.979330382,0.967468761,17,0.029411765,1.058823529,13C1 S1 O1,de-protonated,1,1173,C33 H36 O1 S1 13C1,33,36,1,-9999,-9999,1,1,-9999
1176,492.244825,492.245000122,492.244898279,10164906,-9999,581016.3,17.23,-1,0.206895977,0.992263003,0.909673026,0.959227013,4,0.391304348,1.782608696,13C1 P1 O9,de-protonated,1,1173,C22 H41 O9 P1 13C1,22,41,9,-9999,1,-9999,1,-9999
1176,492.244825,492.245000122,492.245034624,10164906,-9999,581016.3,17.23,-1,-0.070091374,0.999108976,0,0.599465386,4,0.5,1.772727273,N1 O11,de-protonated,0,-9999,C22 H39 O11 N1,22,39,11,1,-9999,-9999,-9999,-9999
1177,493.184406,493.18458156,493.184289548,16063453,-9999,593995.9,28.34,-1,0.592095678,0.938369214,0,0.563021528,18,0.09375,0.9375,S1 O3,de-protonated,0,-9999,C32 H30 O3 S1,32,30,3,-9999,-9999,1,-9999,-9999
1177,493.184406,493.18458156,493.184422489,16063453,-9999,593995.9,28.34,-1,0.322537674,0.981300833,0,0.5887805,5,0.523809524,1.666666667,P1 O11,de-protonated,0,-9999,C21 H35 O11 P1,21,35,11,-9999,1,-9999,-9999,-9999
1178,493.202189,493.202364568,493.202047612,7756771,-9999,588846.8,12.69,-1,0.642649059,0.927801091,0,0.556680655,18,0.15625,0.9375,O5,de-protonated,0,-9999,C32 H30 O5,32,30,5,-9999,-9999,-9999,-9999,-9999
1179,493.220765,493.220940577,493.220675057,26254314,-9999,586445.8,47.55,-1,0.538338901,0.950781005,0.999148205,0.970127885,17,0.060606061,1.03030303,S1 O2,de-protonated,0,-9999,C33 H34 O2 S1,33,34,2,-9999,-9999,1,-9999,-9999
1179,493.220765,493.220940577,493.220807999,26254314,-9999,586445.8,47.55,-1,0.268800797,0.987970811,0.928322189,0.964111362,4,0.454545455,1.772727273,P1 O10,de-protonated,0,-9999,C22 H39 O10 P1,22,39,10,-9999,1,-9999,-9999,-9999
1180,493.238537,493.238712585,493.238433122,8240111,-9999,557558.6,13.6,-1,0.56658889,0.943414823,0,0.566048894,17,0.121212121,1.03030303,O4,de-protonated,0,-9999,C33 H34 O4,33,34,4,-9999,-9999,-9999,-9999,-9999
1181,493.257132,493.257307594,493.257060566,19143670,-9999,591170.4,34.15,-1,0.500808786,0.477755481,0.73113591,0.579107652,16,0.029411765,1.117647059,S1 O1,de-protonated,0,-9999,C34 H38 O1 S1,34,38,1,-9999,-9999,1,-9999,-9999
1181,493.257132,493.257307594,493.257193508,19143670,-9999,591170.4,34.15,-1,0.231290575,0.9903403,0,0.59420418,3,0.391304348,1.869565217,P1 O9,de-protonated,0,-9999,C23 H43 O9 P1,23,43,9,-9999,1,-9999,-9999,-9999
1182,493.293542,493.293717611,493.293579017,8928257,-9999,567277,14.9,-1,0.280955114,0.98577929,0,0.591467574,2,0.333333333,1.958333333,P1 O8,de-protonated,0,-9999,C24 H47 O8 P1,24,47,8,-9999,1,-9999,-9999,-9999
1183,494.179647,494.179823024,494.17953852,8240418,-9999,579026.4,13.6,-1,0.57570934,0.941633093,0,0.564979856,18,0.096774194,0.935483871,N1 S1 O3,de-protonated,0,-9999,C31 H29 O3 N1 S1,31,29,3,1,-9999,1,-9999,-9999
1183,494.179647,494.179823024,494.179671462,8240418,-9999,579026.4,13.6,-1,0.306694214,0.983077515,0,0.589846509,5,0.55,1.7,N1 P1 O11,de-protonated,0,-9999,C20 H34 O11 N1 P1,20,34,11,1,1,-9999,-9999,-9999
1184,494.216031,494.216207041,494.215924029,24091950,-9999,574671.7,43.47,-1,0.572647225,0.471117045,0.742885034,0.579824241,17,0.0625,1.03125,N1 S1 O2,de-protonated,0,-9999,C32 H33 O2 N1 S1,32,33,2,1,-9999,1,-9999,-9999
1184,494.216031,494.216207041,494.216056971,24091950,-9999,574671.7,43.47,-1,0.303651906,0.983408794,0,0.590045276,4,0.476190476,1.80952381,N1 P1 O10,de-protonated,0,-9999,C21 H38 O10 N1 P1,21,38,10,1,1,-9999,-9999,-9999
1185,494.224109,494.224285044,494.224029892,9411888,-9999,611537,15.81,-1,0.516268444,0.952788737,0.999148205,0.971332524,17,0.060606061,1.03030303,13C1 S1 O2,de-protonated,1,1179,C32 H34 O2 S1 13C1,32,34,2,-9999,-9999,1,1,-9999
1185,494.224109,494.224285044,494.224162834,9411888,-9999,611537,15.81,-1,0.247277552,0.988966426,0.928322189,0.964708731,4,0.454545455,1.772727273,13C1 P1 O10,de-protonated,1,1179,C21 H39 O10 P1 13C1,21,39,10,-9999,1,-9999,1,-9999
1185,494.224109,494.224285044,494.224299179,9411888,-9999,611537,15.81,-1,-0.028600534,0.999851588,0,0.599910953,4,0.571428571,1.761904762,N1 O12,de-protonated,0,-9999,C21 H37 O12 N1,21,37,12,1,-9999,-9999,-9999,-9999
1187,495.142532,495.142708472,495.142424735,37723740,-9999,572297.9,69.16,-1,0.573042273,0.938074492,0.966440296,0.949420813,23,0.058823529,0.705882353,S1 O2,de-protonated,0,-9999,C34 H24 O2 S1,34,24,2,-9999,-9999,1,-9999,-9999
1187,495.142532,495.142708472,495.142557676,37723740,-9999,572297.9,69.16,-1,0.304550292,0.980941092,0.963902349,0.974125595,10,0.434782609,1.260869565,P1 O10,de-protonated,0,-9999,C23 H29 O10 P1,23,29,10,-9999,1,-9999,-9999,-9999
1188,495.199997,495.200173499,495.199939612,15375981,-9999,578521,27.05,-1,0.472308022,0.960331596,0,0.576198958,17,0.09375,1,S1 O3,de-protonated,0,-9999,C32 H32 O3 S1,32,32,3,-9999,-9999,1,-9999,-9999
1188,495.199997,495.200173499,495.200072554,15375981,-9999,578521,27.05,-1,0.203847252,0.992488489,0,0.595493093,4,0.523809524,1.761904762,P1 O11,de-protonated,0,-9999,C21 H37 O11 P1,21,37,11,-9999,1,-9999,-9999,-9999
1189,495.217822,495.217998507,495.217697677,8183411,-9999,527640.8,13.49,-1,0.607471159,0.935234094,0,0.561140456,17,0.15625,1,O5,de-protonated,0,-9999,C32 H32 O5,32,32,5,-9999,-9999,-9999,-9999,-9999
1190,495.223328,495.22350451,495.223570904,7495284.5,-9999,567463.8,12.2,-1,-0.134068206,0.996743902,0,0.598046341,8,0.4,1.44,O10,de-protonated,0,-9999,C25 H36 O10,25,36,10,-9999,-9999,-9999,-9999,-9999
1190,495.223328,495.22350451,495.223408712,7495284.5,-9999,567463.8,12.2,-1,0.193443186,0.993233141,0,0.595939885,3,0.2,2.05,N4 S2 P1 O4,de-protonated,0,-9999,C20 H41 O4 N4 P1 S2,20,41,4,4,1,2,-9999,-9999
1191,495.236418,495.236594516,495.236325121,19046008,-9999,547443.3,33.96,-1,0.543971654,0.473862169,0.736963647,0.57910276,16,0.060606061,1.090909091,S1 O2,de-protonated,0,-9999,C33 H36 O2 S1,33,36,2,-9999,-9999,1,-9999,-9999
1191,495.236418,495.236594516,495.236458063,19046008,-9999,547443.3,33.96,-1,0.275530589,0.986319383,0,0.59179163,3,0.454545455,1.863636364,P1 O10,de-protonated,0,-9999,C22 H41 O10 P1,22,41,10,-9999,1,-9999,-9999,-9999
1192,495.259772,495.259948527,495.259956413,10624640,-9999,556976.1,18.09,-1,-0.015923166,0.999953995,0,0.599972397,7,0.346153846,1.538461538,O9,de-protonated,0,-9999,C26 H40 O9,26,40,9,-9999,-9999,-9999,-9999,-9999
1192,495.259772,495.259948527,495.259794222,10624640,-9999,556976.1,18.09,-1,0.311564204,0.98254058,0,0.589524348,2,0.142857143,2.142857143,N4 S2 P1 O3,de-protonated,0,-9999,C21 H45 O3 N4 P1 S2,21,45,3,4,1,2,-9999,-9999
1193,495.272782,495.272958533,495.272710631,9723525,-9999,577347,16.4,-1,0.500536593,0.955558218,0,0.573334931,15,0.029411765,1.176470588,S1 O1,de-protonated,0,-9999,C34 H40 O1 S1,34,40,1,-9999,-9999,1,-9999,-9999
1193,495.272782,495.272958533,495.272843573,9723525,-9999,577347,16.4,-1,0.23211526,0.990271629,0,0.594162978,2,0.391304348,1.956521739,P1 O9,de-protonated,0,-9999,C23 H45 O9 P1,23,45,9,-9999,1,-9999,-9999,-9999
1194,495.303343,495.303519547,495.303355855,7888526.5,-9999,584537.2,12.94,-1,0.330488461,0.98037679,0,0.588226074,10,0.096774194,1.451612903,P1 O3,de-protonated,0,-9999,C31 H45 O3 P1,31,45,3,-9999,1,-9999,-9999,-9999
1194,495.303343,495.303519547,495.30355256,7888526.5,-9999,584537.2,12.94,-1,-0.066650938,0.999194267,0,0.59951656,2,0.428571429,2.095238095,N4 O9,de-protonated,0,-9999,C21 H44 O9 N4,21,44,9,4,-9999,-9999,-9999,-9999
1195,496.145907,496.14608394,496.14577957,11607967,-9999,649902.3,19.95,-1,0.613468788,0.933992271,0.966440296,0.946971481,23,0.058823529,0.705882353,13C1 S1 O2,de-protonated,1,1187,C33 H24 O2 S1 13C1,33,24,2,-9999,-9999,1,1,-9999
1195,496.145907,496.14608394,496.145912512,11607967,-9999,649902.3,19.95,-1,0.345519767,0.978570884,0.963902349,0.97270347,10,0.434782609,1.260869565,13C1 P1 O10,de-protonated,1,1187,C22 H29 O10 P1 13C1,22,29,10,-9999,1,-9999,1,-9999
1195,496.145907,496.14608394,496.146048857,11607967,-9999,649902.3,19.95,-1,0.070710227,0.99909318,0,0.599455908,10,0.545454545,1.227272727,N1 O12,de-protonated,0,-9999,C22 H27 O12 N1,22,27,12,1,-9999,-9999,-9999,-9999
1195,496.145907,496.14608394,496.146538115,11607967,-9999,649902.3,19.95,-1,-0.915404452,0.858947304,0,0.515368382,14,0.16,1.12,N3 S1 P1 O4,de-protonated,0,-9999,C25 H28 O4 N3 P1 S1,25,28,4,3,1,1,-9999,-9999
1196,496.158872,496.159048946,496.158803075,7774115,-9999,630863.4,12.72,-1,0.4955486,0.956420063,0,0.573852038,18,0.133333333,0.9,N1 S1 O4,de-protonated,0,-9999,C30 H27 O4 N1 S1,30,27,4,1,-9999,1,-9999,-9999
1196,496.158872,496.159048946,496.158936017,7774115,-9999,630863.4,12.72,-1,0.227606644,0.990644131,0,0.594386479,5,0.631578947,1.684210526,N1 P1 O12,de-protonated,0,-9999,C19 H32 O12 N1 P1,19,32,12,1,1,-9999,-9999,-9999
1197,496.195302,496.195478963,496.195188584,9068463,-9999,615473.4,15.16,-1,0.585210075,0.939750483,0,0.56385029,17,0.096774194,1,N1 S1 O3,de-protonated,0,-9999,C31 H31 O3 N1 S1,31,31,3,1,-9999,1,-9999,-9999
1197,496.195302,496.195478963,496.195321526,9068463,-9999,615473.4,15.16,-1,0.317287742,0.981899112,0,0.589139467,4,0.55,1.8,N1 P1 O11,de-protonated,0,-9999,C20 H36 O11 N1 P1,20,36,11,1,1,-9999,-9999,-9999
1198,496.213108,496.213284971,496.212946649,8085428.5,-9999,684510.3,13.31,-1,0.681808046,0.919110764,0,0.551466458,17,0.161290323,1,N1 O5,de-protonated,0,-9999,C31 H31 O5 N1,31,31,5,1,-9999,-9999,-9999,-9999
1199,497.092471,497.092648381,497.092179329,8110288,-9999,535792.4,13.35,-1,0.94359139,0.850819303,0,0.510491582,1,0.8,2.066666667,S2 P1 O12,de-protonated,0,-9999,C15 H31 O12 P1 S2,15,31,12,-9999,1,2,-9999,-9999
1199,497.092471,497.092648381,497.092514418,8110288,-9999,535792.4,13.35,-1,0.269493055,0.986908465,0,0.592145079,20,0.192307692,0.692307692,N4 S1 O5,de-protonated,0,-9999,C26 H18 O5 N4 S1,26,18,5,4,-9999,1,-9999,-9999
1199,497.092471,497.092648381,497.09264736,8110288,-9999,535792.4,13.35,-1,0.002054447,0.999999234,0,0.59999954,7,0.866666667,1.533333333,N4 P1 O13,de-protonated,0,-9999,C15 H23 O13 N4 P1,15,23,13,4,1,-9999,-9999,-9999
1200,497.1396,497.139777403,497.139447355,10150111,-9999,561407,17.2,-1,0.663894487,0.923139815,0,0.553883889,23,0.151515152,0.666666667,O5,de-protonated,0,-9999,C33 H22 O5,33,22,5,-9999,-9999,-9999,-9999,-9999
1200,497.1396,497.139777403,497.139798228,10150111,-9999,561407,17.2,-1,-0.041889187,0.999681662,0,0.599808997,0,0.666666667,2.333333333,N2 S2 P1 O10,de-protonated,0,-9999,C15 H35 O10 N2 P1 S2,15,35,10,2,1,2,-9999,-9999
1201,497.158171,497.158348411,497.158074799,61841636,-9999,564060,114.62,-1,0.550352482,0.942388999,0.972446887,0.954412154,22,0.058823529,0.764705882,S1 O2,de-protonated,0,-9999,C34 H26 O2 S1,34,26,2,-9999,-9999,1,-9999,-9999
1201,497.158171,497.158348411,497.158207741,61841636,-9999,564060,114.62,-1,0.282949066,0.983251034,0.957895758,0.973108924,9,0.434782609,1.347826087,P1 O10,de-protonated,0,-9999,C23 H31 O10 P1,23,31,10,-9999,1,-9999,-9999,-9999
1202,497.202591,497.202768432,497.202835459,7889139.5,-9999,626580.7,12.94,-1,-0.134807545,0.99670795,0,0.59802477,8,0.458333333,1.416666667,O11,de-protonated,0,-9999,C24 H34 O11,24,34,11,-9999,-9999,-9999,-9999,-9999
1202,497.202591,497.202768432,497.202673267,7889139.5,-9999,626580.7,12.94,-1,0.19140009,0.993374854,0,0.596024912,3,0.263157895,2.052631579,N4 S2 P1 O5,de-protonated,0,-9999,C19 H39 O5 N4 P1 S2,19,39,5,4,1,2,-9999,-9999
1203,497.215616,497.215793438,497.215589677,9625847,-9999,640936.2,16.21,-1,0.409805201,0.96998706,0,0.581992236,16,0.09375,1.0625,S1 O3,de-protonated,0,-9999,C32 H34 O3 S1,32,34,3,-9999,-9999,1,-9999,-9999
1203,497.215616,497.215793438,497.215722618,9625847,-9999,640936.2,16.21,-1,0.142432754,0.996325701,0,0.597795421,3,0.523809524,1.857142857,P1 O11,de-protonated,0,-9999,C21 H39 O11 P1,21,39,11,-9999,1,-9999,-9999,-9999
1204,497.238984,497.239161449,497.239220968,12361983,-9999,614722.6,21.37,-1,-0.119699102,0.997403602,0,0.598442161,7,0.4,1.52,O10,de-protonated,0,-9999,C25 H38 O10,25,38,10,-9999,-9999,-9999,-9999,-9999
1204,497.238984,497.239161449,497.239058777,12361983,-9999,614722.6,21.37,-1,0.206484668,0.992293616,0,0.59537617,2,0.2,2.15,N4 S2 P1 O4,de-protonated,0,-9999,C20 H43 O4 N4 P1 S2,20,43,4,4,1,2,-9999,-9999
1205,497.252078,497.252255455,497.251975186,9199875,-9999,566635.3,15.41,-1,0.563636117,0.943986279,0,0.566391767,15,0.060606061,1.151515152,S1 O2,de-protonated,0,-9999,C33 H38 O2 S1,33,38,2,-9999,-9999,1,-9999,-9999
1205,497.252078,497.252255455,497.252108128,9199875,-9999,566635.3,15.41,-1,0.296283193,0.984197941,0,0.590518765,2,0.454545455,1.954545455,P1 O10,de-protonated,0,-9999,C22 H43 O10 P1,22,43,10,-9999,1,-9999,-9999,-9999
1206,497.275413,497.275590466,497.275606477,10641675,-9999,626569.5,18.12,-1,-0.032198373,0.999811903,0,0.599887142,6,0.346153846,1.615384615,O9,de-protonated,0,-9999,C26 H42 O9,26,42,9,-9999,-9999,-9999,-9999,-9999
1206,497.275413,497.275590466,497.275444286,10641675,-9999,626569.5,18.12,-1,0.293961558,0.984442687,0,0.590665612,1,0.142857143,2.238095238,N4 S2 P1 O3,de-protonated,0,-9999,C21 H47 O3 N4 P1 S2,21,47,3,4,1,2,-9999,-9999
1207,497.311751,497.311928483,497.311991987,7938326.5,-9999,641533.7,13.03,-1,-0.127694257,0.997045702,0,0.598227421,5,0.296296296,1.703703704,O8,de-protonated,0,-9999,C27 H46 O8,27,46,8,-9999,-9999,-9999,-9999,-9999
1207,497.311751,497.311928483,497.311829795,7938326.5,-9999,641533.7,13.03,-1,0.19844178,0.992880174,0,0.595728104,0,0.090909091,2.318181818,N4 S2 P1 O2,de-protonated,0,-9999,C22 H51 O2 N4 P1 S2,22,51,2,4,1,2,-9999,-9999
1208,498.161547,498.161724879,498.161429634,19669542,-9999,565527.4,35.14,-1,0.592668506,0.938253667,0.972446887,0.951930955,22,0.058823529,0.764705882,13C1 S1 O2,de-protonated,1,1201,C33 H26 O2 S1 13C1,33,26,2,-9999,-9999,1,1,-9999
1208,498.161547,498.161724879,498.161562576,19669542,-9999,565527.4,35.14,-1,0.32580366,0.980923877,0.957895758,0.971712629,9,0.434782609,1.347826087,13C1 P1 O10,de-protonated,1,1201,C22 H31 O10 P1 13C1,22,31,10,-9999,1,-9999,1,-9999
1208,498.161547,498.161724879,498.161698922,19669542,-9999,565527.4,35.14,-1,0.052106054,0.999507481,0,0.599704488,9,0.545454545,1.318181818,N1 O12,de-protonated,0,-9999,C22 H29 O12 N1,22,29,12,1,-9999,-9999,-9999,-9999
1208,498.161547,498.161724879,498.162188179,19669542,-9999,565527.4,35.14,-1,-0.930018618,0.854754272,0,0.512852563,13,0.16,1.2,N3 S1 P1 O4,de-protonated,0,-9999,C25 H30 O4 N3 P1 S1,25,30,4,3,1,1,-9999,-9999
1209,498.17455,498.174727885,498.174453139,8135211,-9999,640540.8,13.4,-1,0.551504512,0.946306346,0,0.567783808,17,0.133333333,0.966666667,N1 S1 O4,de-protonated,0,-9999,C30 H29 O4 N1 S1,30,29,4,1,-9999,1,-9999,-9999
1209,498.17455,498.174727885,498.174586081,8135211,-9999,640540.8,13.4,-1,0.284646653,0.985405895,0,0.591243537,4,0.631578947,1.789473684,N1 P1 O12,de-protonated,0,-9999,C19 H34 O12 N1 P1,19,34,12,1,1,-9999,-9999,-9999
1210,499.155233,499.155411342,499.155097419,19407716,-9999,563348.2,34.64,-1,0.628908283,0.465373585,0.736963647,0.57400961,22,0.151515152,0.727272727,O5,de-protonated,0,-9999,C33 H24 O5,33,24,5,-9999,-9999,-9999,-9999,-9999
1211,499.194893,499.19507136,499.194854232,7660401,-9999,570631.4,12.51,-1,0.434957575,0.966254588,0,0.579752753,16,0.129032258,1.032258065,S1 O4,de-protonated,0,-9999,C31 H32 O4 S1,31,32,4,-9999,-9999,1,-9999,-9999
1211,499.194893,499.19507136,499.194987173,7660401,-9999,570631.4,12.51,-1,0.16864523,0.994852672,0,0.596911603,3,0.6,1.85,P1 O12,de-protonated,0,-9999,C20 H37 O12 P1,20,37,12,-9999,1,-9999,-9999,-9999
1212,499.218255,499.218433371,499.218485523,13525881,-9999,556309.6,23.56,-1,-0.10446737,0.998021732,0,0.598813039,7,0.458333333,1.5,O11,de-protonated,0,-9999,C24 H36 O11,24,36,11,-9999,-9999,-9999,-9999,-9999
1212,499.218255,499.218433371,499.218323332,13525881,-9999,556309.6,23.56,-1,0.220423175,0.991222812,0,0.594733687,2,0.263157895,2.157894737,N4 S2 P1 O5,de-protonated,0,-9999,C19 H41 O5 N4 P1 S2,19,41,5,4,1,2,-9999,-9999
1213,499.246569,499.246747384,499.246628824,7725953.5,-9999,579585,12.63,-1,0.237478398,0.989819201,0,0.59389152,6,0.32,1.64,P1 O8,de-protonated,0,-9999,C25 H41 O8 P1,25,41,8,-9999,1,-9999,-9999,-9999
1214,499.254636,499.254814388,499.254871033,16655236,-9999,576050.5,29.46,-1,-0.113457966,0.997666989,0,0.598600194,6,0.4,1.6,O10,de-protonated,0,-9999,C25 H40 O10,25,40,10,-9999,-9999,-9999,-9999,-9999
1214,499.254636,499.254814388,499.254708841,16655236,-9999,576050.5,29.46,-1,0.211408898,0.991923177,0,0.595153906,1,0.2,2.25,N4 S2 P1 O4,de-protonated,0,-9999,C20 H45 O4 N4 P1 S2,20,45,4,4,1,2,-9999,-9999
1215,499.291058,499.291236405,499.291256542,12854160,-9999,595130,22.29,-1,-0.040330814,0.999704904,0,0.599822942,5,0.346153846,1.692307692,O9,de-protonated,0,-9999,C26 H44 O9,26,44,9,-9999,-9999,-9999,-9999,-9999
1215,499.291058,499.291236405,499.291094351,12854160,-9999,595130,22.29,-1,0.284512399,0.985419557,0,0.591251734,0,0.142857143,2.333333333,N4 S2 P1 O3,de-protonated,0,-9999,C21 H49 O3 N4 P1 S2,21,49,3,4,1,2,-9999,-9999
1216,501.197521,501.197700293,501.197750078,7792109.5,-9999,660620.3,12.75,-1,-0.099332047,0.998211274,0,0.598926764,7,0.52173913,1.47826087,O12,de-protonated,0,-9999,C23 H34 O12,23,34,12,-9999,-9999,-9999,-9999,-9999
1216,501.197521,501.197700293,501.197237014,7792109.5,-9999,660620.3,12.75,-1,0.924345182,0.856387515,0,0.513832509,25,0.027777778,0.722222222,N2 O1,de-protonated,0,-9999,C36 H26 O1 N2,36,26,1,2,-9999,-9999,-9999,-9999
1216,501.197521,501.197700293,501.197587887,7792109.5,-9999,660620.3,12.75,-1,0.224275483,0.990914746,0,0.594548847,2,0.333333333,2.166666667,N4 S2 P1 O6,de-protonated,0,-9999,C18 H39 O6 N4 P1 S2,18,39,6,4,1,2,-9999,-9999
1217,501.22583,501.226009307,501.225760437,9725431,-9999,555281.8,16.4,-1,0.49652089,0.956252683,0,0.57375161,19,0.028571429,0.971428571,S1 O1,de-protonated,0,-9999,C35 H34 O1 S1,35,34,1,-9999,-9999,1,-9999,-9999
1217,501.22583,501.226009307,501.225893379,9725431,-9999,555281.8,16.4,-1,0.231287593,0.990340548,0,0.594204329,6,0.375,1.625,P1 O9,de-protonated,0,-9999,C24 H39 O9 P1,24,39,9,-9999,1,-9999,-9999,-9999
1218,501.233934,501.23411331,501.234135588,14018041,-9999,619380.1,24.49,-1,-0.044445065,0.999641637,0,0.599784982,6,0.458333333,1.583333333,O11,de-protonated,0,-9999,C24 H38 O11,24,38,11,-9999,-9999,-9999,-9999,-9999
1218,501.233934,501.23411331,501.233973396,14018041,-9999,619380.1,24.49,-1,0.279138992,0.985961252,0,0.591576751,1,0.263157895,2.263157895,N4 S2 P1 O5,de-protonated,0,-9999,C19 H43 O5 N4 P1 S2,19,43,5,4,1,2,-9999,-9999
1219,501.262239,501.262418323,501.262278889,9152002,-9999,602904.8,15.31,-1,0.278167638,0.986058104,0,0.591634862,5,0.32,1.72,P1 O8,de-protonated,0,-9999,C25 H43 O8 P1,25,43,8,-9999,1,-9999,-9999,-9999
1220,501.270334,501.270513327,501.270521097,16721413,-9999,590404.4,29.58,-1,-0.015500163,0.999956407,0,0.599973844,5,0.4,1.68,O10,de-protonated,0,-9999,C25 H42 O10,25,42,10,-9999,-9999,-9999,-9999,-9999
1220,501.270334,501.270513327,501.271010354,16721413,-9999,590404.4,29.58,-1,-0.99153375,0.836616655,0,0.501969993,9,0.071428571,1.535714286,N2 S1 P1 O2,de-protonated,0,-9999,C28 H43 O2 N2 P1 S1,28,43,2,2,1,1,-9999,-9999
1220,501.270334,501.270513327,501.270358906,16721413,-9999,590404.4,29.58,-1,0.308060416,0.98292771,0,0.589756626,0,0.2,2.35,N4 S2 P1 O4,de-protonated,0,-9999,C20 H47 O4 N4 P1 S2,20,47,4,4,1,2,-9999,-9999
1221,501.306619,501.306798344,501.306906606,9971216,-9999,575234.5,16.86,-1,-0.215959959,0.991573175,0,0.594943905,4,0.346153846,1.769230769,O9,de-protonated,0,-9999,C26 H46 O9,26,46,9,-9999,-9999,-9999,-9999,-9999
1222,502.229152,502.229331774,502.22938456,10348340,-9999,646008.5,17.57,-1,-0.105103179,0.997997602,0,0.598798561,6,0.47826087,1.608695652,N1 O11,de-protonated,0,-9999,C23 H37 O11 N1,23,37,11,1,-9999,-9999,-9999,-9999
1223,502.265545,502.265724791,502.265770069,8439615,-9999,561565.9,13.97,-1,-0.090148088,0.998526512,0,0.599115907,5,0.416666667,1.708333333,N1 O10,de-protonated,0,-9999,C24 H41 O10 N1,24,41,10,1,-9999,-9999,-9999,-9999
1224,503.16871,503.168890212,503.168639483,7825500,-9999,617788.5,12.81,-1,0.498299143,0.955945785,0,0.573567471,20,0.090909091,0.848484848,S1 O3,de-protonated,0,-9999,C33 H28 O3 S1,33,28,3,-9999,-9999,1,-9999,-9999
1224,503.16871,503.168890212,503.168772425,7825500,-9999,617788.5,12.81,-1,0.234089988,0.990106221,0,0.594063733,7,0.5,1.5,P1 O11,de-protonated,0,-9999,C22 H33 O11 P1,22,33,11,-9999,1,-9999,-9999,-9999
1225,503.205123,503.205303229,503.205024993,13019239,-9999,573657.3,22.6,-1,0.552927938,0.946036449,0,0.56762187,19,0.058823529,0.941176471,S1 O2,de-protonated,0,-9999,C34 H32 O2 S1,34,32,2,-9999,-9999,1,-9999,-9999
1225,503.205123,503.205303229,503.205157934,13019239,-9999,573657.3,22.6,-1,0.288737873,0.984986546,0,0.590991927,6,0.434782609,1.608695652,P1 O10,de-protonated,0,-9999,C23 H37 O10 P1,23,37,10,-9999,1,-9999,-9999,-9999
1226,503.213143,503.213323232,503.213400143,9791594,-9999,621729.9,16.52,-1,-0.152838471,0.995770402,0,0.597462241,6,0.52173913,1.565217391,O12,de-protonated,0,-9999,C23 H36 O12,23,36,12,-9999,-9999,-9999,-9999,-9999
1226,503.213143,503.213323232,503.212887079,9791594,-9999,621729.9,16.52,-1,0.866738302,0.872571521,0,0.523542913,24,0.027777778,0.777777778,N2 O1,de-protonated,0,-9999,C36 H28 O1 N2,36,28,1,2,-9999,-9999,-9999,-9999
1226,503.213143,503.213323232,503.213237951,9791594,-9999,621729.9,16.52,-1,0.169472814,0.994802162,0,0.596881297,1,0.333333333,2.277777778,N4 S2 P1 O6,de-protonated,0,-9999,C18 H41 O6 N4 P1 S2,18,41,6,4,1,2,-9999,-9999
1227,503.241486,503.241666246,503.241410502,15149171,-9999,573042.9,26.62,-1,0.508192894,0.954220081,0,0.572532049,18,0.028571429,1.028571429,S1 O1,de-protonated,0,-9999,C35 H36 O1 S1,35,36,1,-9999,-9999,1,-9999,-9999
1227,503.241486,503.241666246,503.241543444,15149171,-9999,573042.9,26.62,-1,0.244021942,0.989253489,0,0.593552093,5,0.375,1.708333333,P1 O9,de-protonated,0,-9999,C24 H41 O9 P1,24,41,9,-9999,1,-9999,-9999,-9999
1228,503.249535,503.249715249,503.249785652,9824373,-9999,600470.4,16.58,-1,-0.139896257,0.996455172,0,0.597873103,5,0.458333333,1.666666667,O11,de-protonated,0,-9999,C24 H40 O11,24,40,11,-9999,-9999,-9999,-9999,-9999
1228,503.249535,503.249715249,503.249623461,9824373,-9999,600470.4,16.58,-1,0.182391728,0.993981975,0,0.596389185,0,0.263157895,2.368421053,N4 S2 P1 O5,de-protonated,0,-9999,C19 H45 O5 N4 P1 S2,19,45,5,4,1,2,-9999,-9999
1229,503.277917,503.278097263,503.277928953,8743038,-9999,567639.6,14.54,-1,0.33442675,0.979911078,0,0.587946647,4,0.32,1.8,P1 O8,de-protonated,0,-9999,C25 H45 O8 P1,25,45,8,-9999,1,-9999,-9999,-9999
1230,503.285937,503.286117266,503.286171161,7743617,-9999,586244.3,12.66,-1,-0.107086494,0.997921397,0,0.598752838,4,0.4,1.76,O10,de-protonated,0,-9999,C25 H44 O10,25,44,10,-9999,-9999,-9999,-9999,-9999
1231,504.208442,504.208622696,504.208649115,10135970,-9999,534828.1,17.17,-1,-0.052396662,0.999501973,0,0.599701184,6,0.545454545,1.590909091,N1 O12,de-protonated,0,-9999,C22 H35 O12 N1,22,35,12,1,-9999,-9999,-9999,-9999
1231,504.208442,504.208622696,504.208136051,10135970,-9999,534828.1,17.17,-1,0.965167686,0.84448502,0,0.506691012,24,0.028571429,0.771428571,N3 O1,de-protonated,0,-9999,C35 H27 O1 N3,35,27,1,3,-9999,-9999,-9999,-9999
1232,504.244848,504.245028713,504.245034624,10709422,-9999,616898.1,18.25,-1,-0.011722948,0.999975064,0,0.599985039,5,0.47826087,1.695652174,N1 O11,de-protonated,0,-9999,C23 H39 O11 N1,23,39,11,1,-9999,-9999,-9999,-9999
1232,504.244848,504.245028713,504.245523882,10709422,-9999,616898.1,18.25,-1,-0.981998976,0.839478043,0,0.503686826,9,0.115384615,1.538461538,N3 S1 P1 O3,de-protonated,0,-9999,C26 H40 O3 N3 P1 S1,26,40,3,3,1,1,-9999,-9999
1233,505.134963,505.135144128,505.13514982,11987653,-9999,599016.9,20.66,-1,-0.011269613,0.999976956,0,0.599986173,12,0.5,1.083333333,O12,de-protonated,0,-9999,C24 H26 O12,24,26,12,-9999,-9999,-9999,-9999,-9999
1233,505.134963,505.135144128,505.135639078,11987653,-9999,599016.9,20.66,-1,-0.979835888,0.840124689,0,0.504074814,16,0.148148148,1,N2 S1 P1 O4,de-protonated,0,-9999,C27 H27 O4 N2 P1 S1,27,27,4,2,1,1,-9999,-9999
1233,505.134963,505.135144128,505.134987629,11987653,-9999,599016.9,20.66,-1,0.309815507,0.98273432,0,0.589640592,7,0.315789474,1.631578947,N4 S2 P1 O6,de-protonated,0,-9999,C19 H31 O6 N4 P1 S2,19,31,6,4,1,2,-9999,-9999
1234,505.184352,505.184533151,505.184289548,13101780,-9999,587287.8,22.76,-1,0.48220649,0.958686644,0,0.575211986,19,0.090909091,0.909090909,S1 O3,de-protonated,0,-9999,C33 H30 O3 S1,33,30,3,-9999,-9999,1,-9999,-9999
1234,505.184352,505.184533151,505.184422489,13101780,-9999,587287.8,22.76,-1,0.219051515,0.991331237,0,0.594798742,6,0.5,1.590909091,P1 O11,de-protonated,0,-9999,C22 H35 O11 P1,22,35,11,-9999,1,-9999,-9999,-9999
1235,505.220754,505.220935168,505.220675057,20196064,-9999,566944.7,36.13,-1,0.514845821,0.947472584,0.947139543,0.947339367,18,0.058823529,1,S1 O2,de-protonated,0,-9999,C34 H34 O2 S1,34,34,2,-9999,-9999,1,-9999,-9999
1235,505.220754,505.220935168,505.220807999,20196064,-9999,566944.7,36.13,-1,0.251709789,0.988569636,0,0.593141782,5,0.434782609,1.695652174,P1 O10,de-protonated,0,-9999,C23 H39 O10 P1,23,39,10,-9999,1,-9999,-9999,-9999
1236,505.257146,505.257327185,505.257060566,16558827,-9999,606569,29.27,-1,0.527688535,0.961507364,0.938484364,0.952298164,17,0.028571429,1.085714286,S1 O1,de-protonated,0,-9999,C35 H38 O1 S1,35,38,1,-9999,-9999,1,-9999,-9999
1236,505.257146,505.257327185,505.257193508,16558827,-9999,606569,29.27,-1,0.26457145,0.987379263,0,0.592427558,4,0.375,1.791666667,P1 O9,de-protonated,0,-9999,C24 H43 O9 P1,24,43,9,-9999,1,-9999,-9999,-9999
1237,505.26836,505.26854119,505.268426897,11823854,-9999,573678.7,20.35,-1,0.226201672,0.990758745,0,0.594455247,4,0.347826087,1.869565217,N2 P1 O8,de-protonated,0,-9999,C23 H43 O8 N2 P1,23,43,8,2,1,-9999,-9999,-9999
1238,505.293537,505.293718202,505.293579017,7695094,-9999,620576.4,12.57,-1,0.27545221,0.986327112,0,0.591796267,3,0.32,1.88,P1 O8,de-protonated,0,-9999,C25 H47 O8 P1,25,47,8,-9999,1,-9999,-9999,-9999
1239,506.224139,506.224320635,506.224029892,9579544,-9999,589728,16.12,-1,0.574336953,0.941902798,0.947139543,0.943997496,18,0.058823529,1,13C1 S1 O2,de-protonated,1,1235,C33 H34 O2 S1 13C1,33,34,2,-9999,-9999,1,1,-9999
1239,506.224139,506.224320635,506.224299179,9579544,-9999,589728,16.12,-1,0.042384012,0.999674098,0,0.599804459,5,0.545454545,1.681818182,N1 O12,de-protonated,0,-9999,C22 H37 O12 N1,22,37,12,1,-9999,-9999,-9999,-9999
1239,506.224139,506.224320635,506.224788437,9579544,-9999,589728,16.12,-1,-0.924098432,0.856458392,0,0.513875035,9,0.16,1.52,N3 S1 P1 O4,de-protonated,0,-9999,C25 H38 O4 N3 P1 S1,25,38,4,3,1,1,-9999,-9999
1240,506.260433,506.260614652,506.260415401,8383523.5,-9999,569821.2,13.86,-1,0.393573585,0.972284879,0.938484364,0.958764673,17,0.028571429,1.085714286,13C1 S1 O1,de-protonated,1,1236,C34 H38 O1 S1 13C1,34,38,1,-9999,-9999,1,1,-9999
1240,506.260433,506.260614652,506.260684689,8383523.5,-9999,569821.2,13.86,-1,-0.138341028,0.996533414,0,0.597920048,4,0.47826087,1.782608696,N1 O11,de-protonated,0,-9999,C23 H41 O11 N1,23,41,11,1,-9999,-9999,-9999,-9999
1241,506.976311,506.976492986,506.976755651,9907459,-9999,622233.2,16.74,-1,-0.518100994,0.952461089,0,0.571476654,19,0.291666667,0.541666667,S2 P1 O7,de-protonated,0,-9999,C24 H13 O7 P1 S2,24,13,7,-9999,1,2,-9999,-9999
1241,506.976311,506.976492986,506.976952355,9907459,-9999,622233.2,16.74,-1,-0.906095728,0.861594024,0,0.516956414,11,0.928571429,0.857142857,N4 S2 O13,de-protonated,0,-9999,C14 H12 O13 N4 S2,14,12,13,4,-9999,2,-9999,-9999
1242,507.200047,507.20022909,507.199939612,16887112,-9999,577168.1,29.89,-1,0.570737073,0.942607562,0,0.565564537,18,0.090909091,0.96969697,S1 O3,de-protonated,0,-9999,C33 H32 O3 S1,33,32,3,-9999,-9999,1,-9999,-9999
1242,507.200047,507.20022909,507.200072554,16887112,-9999,577168.1,29.89,-1,0.308627872,0.982865299,0,0.58971918,5,0.5,1.681818182,P1 O11,de-protonated,0,-9999,C22 H37 O11 P1,22,37,11,-9999,1,-9999,-9999,-9999
1243,507.217913,507.218095098,507.217697677,7966029.5,-9999,597077,13.08,-1,0.783532189,0.894584901,0,0.536750941,18,0.151515152,0.96969697,O5,de-protonated,0,-9999,C33 H32 O5,33,32,5,-9999,-9999,-9999,-9999,-9999
1244,507.23641,507.236592107,507.236325121,24751444,-9999,565429,44.71,-1,0.526353078,0.475486353,0.73113591,0.577746176,17,0.058823529,1.058823529,S1 O2,de-protonated,0,-9999,C34 H36 O2 S1,34,36,2,-9999,-9999,1,-9999,-9999
1244,507.23641,507.236592107,507.236458063,24751444,-9999,565429,44.71,-1,0.26426269,0.493704259,0.800793265,0.616539861,4,0.434782609,1.782608696,P1 O10,de-protonated,0,-9999,C23 H41 O10 P1,23,41,10,-9999,1,-9999,-9999,-9999
1245,507.272783,507.272965124,507.272710631,15576415,-9999,585704.8,27.42,-1,0.501688721,0.955358033,0,0.57321482,16,0.028571429,1.142857143,S1 O1,de-protonated,0,-9999,C35 H40 O1 S1,35,40,1,-9999,-9999,1,-9999,-9999
1245,507.272783,507.272965124,507.272843573,15576415,-9999,585704.8,27.42,-1,0.239617139,0.989635955,0,0.593781573,3,0.375,1.875,P1 O9,de-protonated,0,-9999,C24 H45 O9 P1,24,45,9,-9999,1,-9999,-9999,-9999
1246,507.288065,507.288247131,507.288099714,8383843.5,-9999,625267,13.86,-1,0.290598375,0.984793925,0,0.590876355,7,0.214285714,1.607142857,P1 O6,de-protonated,0,-9999,C28 H45 O6 P1,28,45,6,-9999,1,-9999,-9999,-9999
1247,508.195285,508.195467554,508.195188584,24587900,-9999,554932.6,44.4,-1,0.548941241,0.473395404,0.742885034,0.581191256,18,0.09375,0.96875,N1 S1 O3,de-protonated,0,-9999,C32 H31 O3 N1 S1,32,31,3,1,-9999,1,-9999,-9999
1247,508.195285,508.195467554,508.195321526,24587900,-9999,554932.6,44.4,-1,0.287345359,0.98512993,0,0.591077958,5,0.523809524,1.714285714,N1 P1 O11,de-protonated,0,-9999,C21 H36 O11 N1 P1,21,36,11,1,1,-9999,-9999,-9999
1248,508.203385,508.203567557,508.203563735,7564927.5,-9999,595977.9,12.32,-1,0.007522283,0.999989733,0,0.59999384,5,0.619047619,1.666666667,N1 O13,de-protonated,0,-9999,C21 H35 O13 N1,21,35,13,1,-9999,-9999,-9999,-9999
1248,508.203385,508.203567557,508.204052992,7564927.5,-9999,595977.9,12.32,-1,-0.95519604,0.847424367,0,0.50845462,9,0.208333333,1.5,N3 S1 P1 O5,de-protonated,0,-9999,C24 H36 O5 N3 P1 S1,24,36,5,3,1,1,-9999,-9999
1249,509.121769,509.121951985,509.12168929,8744859,-9999,543732.7,14.4,-1,0.515977728,0.95284061900000006,0,0.571704371,24,0.088235294,0.647058824,S1 O3,de-protonated,0,-9999,C34 H22 O3 S1,34,22,3,-9999,-9999,1,-9999,-9999
1249,509.121769,509.121951985,509.121822232,8744859,-9999,543732.7,14.4,-1,0.254857908,0.988283622,0,0.592970173,11,0.47826087,1.173913043,P1 O11,de-protonated,0,-9999,C23 H27 O11 P1,23,27,11,-9999,1,-9999,-9999,-9999
1250,509.194552,509.194735019,509.194460309,7892914,-9999,605372.9,12.81,-1,0.539500494,0.948557759,0,0.569134655,22,0.027777778,0.833333333,S1 O1,de-protonated,0,-9999,C36 H30 O1 S1,36,30,1,-9999,-9999,1,-9999,-9999
1250,509.194552,509.194735019,509.19459325,7892914,-9999,605372.9,12.81,-1,0.278417985,0.986033173,0,0.591619904,9,0.36,1.4,P1 O9,de-protonated,0,-9999,C25 H35 O9 P1,25,35,9,-9999,1,-9999,-9999,-9999
1251,509.215694,509.215877029,509.215589677,15052728,-9999,597828,26.18,-1,0.564304115,0.943857231,0,0.56631433900000006,17,0.090909091,1.03030303,S1 O3,de-protonated,0,-9999,C33 H34 O3 S1,33,34,3,-9999,-9999,1,-9999,-9999
1251,509.215694,509.215877029,509.215722618,15052728,-9999,597828,26.18,-1,0.303232434,0.98345422,0,0.590072532,4,0.5,1.772727273,P1 O11,de-protonated,0,-9999,C22 H39 O11 P1,22,39,11,-9999,1,-9999,-9999,-9999
1252,509.233451,509.233634037,509.233347741,8302526,-9999,586152.3,13.58,-1,0.562209815,0.944261368,0,0.566556821,17,0.151515152,1.03030303,O5,de-protonated,0,-9999,C33 H34 O5,33,34,5,-9999,-9999,-9999,-9999,-9999
1253,509.238953,509.23913604,509.239220968,7811007.5,-9999,587446.7,12.66,-1,-0.166774704,0.994965936,0,0.596979561,8,0.384615385,1.461538462,O10,de-protonated,0,-9999,C26 H38 O10,26,38,10,-9999,-9999,-9999,-9999,-9999
1253,509.238953,509.23913604,509.239058777,7811007.5,-9999,587446.7,12.66,-1,0.151722669,0.995831804,0,0.597499083,3,0.19047619,2.047619048,N4 S2 P1 O4,de-protonated,0,-9999,C21 H43 O4 N4 P1 S2,21,43,4,4,1,2,-9999,-9999
1254,509.252103,509.252286046,509.251975186,18657220,-9999,528110.1,32.91,-1,0.610424861,0.467311921,0.73113591,0.572841516,16,0.058823529,1.117647059,S1 O2,de-protonated,0,-9999,C34 H38 O2 S1,34,38,2,-9999,-9999,1,-9999,-9999
1254,509.252103,509.252286046,509.252108128,18657220,-9999,528110.1,32.91,-1,0.34937182,0.978095713,0,0.586857428,3,0.434782609,1.869565217,P1 O10,de-protonated,0,-9999,C23 H43 O10 P1,23,43,10,-9999,1,-9999,-9999,-9999
1255,509.275389,509.275572057,509.275606477,7581643,-9999,592317.1,12.23,-1,-0.067587362,0.999171476,0,0.599502886,7,0.333333333,1.555555556,O9,de-protonated,0,-9999,C27 H42 O9,27,42,9,-9999,-9999,-9999,-9999,-9999
1255,509.275389,509.275572057,509.275444286,7581643,-9999,592317.1,12.23,-1,0.250887288,0.98864379,0,0.593186274,2,0.136363636,2.136363636,N4 S2 P1 O3,de-protonated,0,-9999,C22 H47 O3 N4 P1 S2,22,47,3,4,1,2,-9999,-9999
1256,510.210971,510.211154493,510.210838649,11645164,-9999,551714,19.82,-1,0.619045962,0.932828058,0,0.559696835,17,0.09375,1.03125,N1 S1 O3,de-protonated,0,-9999,C32 H33 O3 N1 S1,32,33,3,1,-9999,1,-9999,-9999
1256,510.210971,510.211154493,510.210971591,11645164,-9999,551714,19.82,-1,0.358483528,0.976951714,0,0.586171029,4,0.523809524,1.80952381,N1 P1 O11,de-protonated,0,-9999,C21 H38 O11 N1 P1,21,38,11,1,1,-9999,-9999,-9999
1257,511.109115,511.109298911,511.109328995,14381568,-9999,487851.4,24.92,-1,-0.058860126,0.999371566,0,0.59962294,11,0.636363636,1.090909091,O14,de-protonated,0,-9999,C22 H24 O14,22,24,14,-9999,-9999,-9999,-9999,-9999
1257,511.109115,511.109298911,511.108815931,14381568,-9999,487851.4,24.92,-1,0.944965682,0.850418716,0,0.510251229,29,0.085714286,0.457142857,N2 O3,de-protonated,0,-9999,C35 H16 O3 N2,35,16,3,2,-9999,-9999,-9999,-9999
1257,511.109115,511.109298911,511.109166804,14381568,-9999,487851.4,24.92,-1,0.258471926,0.987951002,0,0.592770601,6,0.470588235,1.705882353,N4 S2 P1 O8,de-protonated,0,-9999,C17 H29 O8 N4 P1 S2,17,29,8,4,1,2,-9999,-9999
1258,511.137435,511.137618924,511.137339354,36614664,-9999,556194.3,66.42,-1,0.546956921,0.943750533,0.968042549,0.95346734,23,0.088235294,0.705882353,S1 O3,de-protonated,0,-9999,C34 H24 O3 S1,34,24,3,-9999,-9999,1,-9999,-9999
1258,511.137435,511.137618924,511.137472296,36614664,-9999,556194.3,66.42,-1,0.286866808,0.983231409,0.962300096,0.974858884,10,0.47826087,1.260869565,P1 O11,de-protonated,0,-9999,C23 H29 O11 P1,23,29,11,-9999,1,-9999,-9999,-9999
1259,511.218286,511.218469962,511.218485523,8860194,-9999,559141.6,14.62,-1,-0.030439326,0.999831892,0,0.599899135,8,0.44,1.44,O11,de-protonated,0,-9999,C25 H36 O11,25,36,11,-9999,-9999,-9999,-9999,-9999
1259,511.218286,511.218469962,511.218974781,8860194,-9999,559141.6,14.62,-1,-0.987479966,0.83783538,0,0.50270122800000006,12,0.107142857,1.321428571,N2 S1 P1 O3,de-protonated,0,-9999,C28 H37 O3 N2 P1 S1,28,37,3,2,1,1,-9999,-9999
1259,511.218286,511.218469962,511.218323332,8860194,-9999,559141.6,14.62,-1,0.286824977,0.98518334,0,0.591110004,3,0.25,2.05,N4 S2 P1 O5,de-protonated,0,-9999,C20 H41 O5 N4 P1 S2,20,41,5,4,1,2,-9999,-9999
1260,511.231298,511.231481968,511.231239741,10826278,-9999,538365.4,18.29,-1,0.473811179,0.960083814,0,0.576050289,16,0.090909091,1.090909091,S1 O3,de-protonated,0,-9999,C33 H36 O3 S1,33,36,3,-9999,-9999,1,-9999,-9999
1260,511.231298,511.231481968,511.231372683,10826278,-9999,538365.4,18.29,-1,0.213768858,0.991742598,0,0.595045559,3,0.5,1.863636364,P1 O11,de-protonated,0,-9999,C22 H41 O11 P1,22,41,11,-9999,1,-9999,-9999,-9999
1261,511.254635,511.254818979,511.254871033,12595757,-9999,573894.5,21.59,-1,-0.101815285,0.998120807,0,0.598872484,7,0.384615385,1.538461538,O10,de-protonated,0,-9999,C26 H40 O10,26,40,10,-9999,-9999,-9999,-9999,-9999
1261,511.254635,511.254818979,511.254708841,12595757,-9999,573894.5,21.59,-1,0.215426416,0.991614587,0,0.594968752,2,0.19047619,2.142857143,N4 S2 P1 O4,de-protonated,0,-9999,C21 H45 O4 N4 P1 S2,21,45,4,4,1,2,-9999,-9999
1262,511.267735,511.267918985,511.26762525,7737904.5,-9999,594610.2,12.52,-1,0.574522399,0.941866387,0,0.565119832,15,0.058823529,1.176470588,S1 O2,de-protonated,0,-9999,C34 H40 O2 S1,34,40,2,-9999,-9999,1,-9999,-9999
1262,511.267735,511.267918985,511.267758192,7737904.5,-9999,594610.2,12.52,-1,0.314498558,0.982213117,0,0.58932787,2,0.434782609,1.956521739,P1 O10,de-protonated,0,-9999,C23 H45 O10 P1,23,45,10,-9999,1,-9999,-9999,-9999
1263,511.291049,511.291232996,511.291256542,11465272,-9999,568853,19.48,-1,-0.046051922,0.999615261,0,0.599769157,6,0.333333333,1.62962963,O9,de-protonated,0,-9999,C27 H44 O9,27,44,9,-9999,-9999,-9999,-9999,-9999
1263,511.291049,511.291232996,511.291094351,11465272,-9999,568853,19.48,-1,0.27116722,0.98674639,0,0.592047834,1,0.136363636,2.227272727,N4 S2 P1 O3,de-protonated,0,-9999,C22 H49 O3 N4 P1 S2,22,49,3,4,1,2,-9999,-9999
1264,512.140808,512.140992392,512.140694189,11367229,-9999,549011.8,19.3,-1,0.582266781,0.940336599,0.968042549,0.951418979,23,0.088235294,0.705882353,13C1 S1 O3,de-protonated,1,1258,C33 H24 O3 S1 13C1,33,24,3,-9999,-9999,1,1,-9999
1264,512.140808,512.140992392,512.140827131,11367229,-9999,549011.8,19.3,-1,0.32268621199999997,0.981283768,0.962300096,0.973690299,10,0.47826087,1.260869565,13C1 P1 O11,de-protonated,1,1258,C22 H29 O11 P1 13C1,22,29,11,-9999,1,-9999,1,-9999
1264,512.140808,512.140992392,512.140963477,11367229,-9999,549011.8,19.3,-1,0.056459384,0.99942177,0,0.599653062,10,0.590909091,1.227272727,N1 O13,de-protonated,0,-9999,C22 H27 O13 N1,22,27,13,1,-9999,-9999,-9999,-9999
1264,512.140808,512.140992392,512.141452734,11367229,-9999,549011.8,19.3,-1,-0.898857501,0.863638912,0,0.518183347,14,0.2,1.12,N3 S1 P1 O5,de-protonated,0,-9999,C25 H28 O5 N3 P1 S1,25,28,5,3,1,1,-9999,-9999
1265,512.190223,512.190407415,512.190103204,8942412,-9999,599796.6,14.77,-1,0.593941574,0.937996525,0,0.562797915,17,0.129032258,1,N1 S1 O4,de-protonated,0,-9999,C31 H31 O4 N1 S1,31,31,4,1,-9999,1,-9999,-9999
1265,512.190223,512.190407415,512.190236146,8942412,-9999,599796.6,14.77,-1,0.334386043,0.979915919,0,0.587949551,4,0.6,1.8,N1 P1 O12,de-protonated,0,-9999,C20 H36 O12 N1 P1,20,36,12,1,1,-9999,-9999,-9999
1266,513.134454,513.134638855,513.134361974,11662445,-9999,586520.9,19.85,-1,0.539587095,0.948541675,0,0.569125005,23,0.181818182,0.666666667,O6,de-protonated,0,-9999,C33 H22 O6,33,22,6,-9999,-9999,-9999,-9999,-9999
1266,513.134454,513.134638855,513.134712847,11662445,-9999,586520.9,19.85,-1,-0.14419652,0.996234311,0,0.597740587,0,0.733333333,2.333333333,N2 S2 P1 O11,de-protonated,0,-9999,C15 H35 O11 N2 P1 S2,15,35,11,2,1,2,-9999,-9999
1267,513.153066,513.153250864,513.152989419,7599219,-9999,599306.2,12.26,-1,0.50948693,0.953992095,0,0.572395257,22,0.088235294,0.764705882,S1 O3,de-protonated,0,-9999,C34 H26 O3 S1,34,26,3,-9999,-9999,1,-9999,-9999
1267,513.153066,513.153250864,513.15312236,7599219,-9999,599306.2,12.26,-1,0.250418454,0.988685952,0,0.593211571,9,0.47826087,1.347826087,P1 O11,de-protonated,0,-9999,C23 H31 O11 P1,23,31,11,-9999,1,-9999,-9999,-9999
1268,513.233929,513.234113901,513.234135588,15185036,-9999,535321.5,26.42,-1,-0.042254602,0.999676085,0,0.599805651,7,0.44,1.52,O11,de-protonated,0,-9999,C25 H38 O11,25,38,11,-9999,-9999,-9999,-9999,-9999
1268,513.233929,513.234113901,513.234624845,15185036,-9999,535321.5,26.42,-1,-0.995536601,0.835410093,0,0.501246056,11,0.107142857,1.392857143,N2 S1 P1 O3,de-protonated,0,-9999,C28 H39 O3 N2 P1 S1,28,39,3,2,1,1,-9999,-9999
1268,513.233929,513.234113901,513.233973396,15185036,-9999,535321.5,26.42,-1,0.273763689,0.986493094,0,0.591895856,2,0.25,2.15,N4 S2 P1 O5,de-protonated,0,-9999,C20 H43 O5 N4 P1 S2,20,43,5,4,1,2,-9999,-9999
1269,513.2703,513.270484918,513.270521097,17773718,-9999,577397.9,31.25,-1,-0.070487018,0.999098893,0,0.599459336,6,0.384615385,1.615384615,O10,de-protonated,0,-9999,C26 H42 O10,26,42,10,-9999,-9999,-9999,-9999,-9999
1269,513.2703,513.270484918,513.270358906,17773718,-9999,577397.9,31.25,-1,0.245508861,0.989122842,0,0.593473705,1,0.19047619,2.238095238,N4 S2 P1 O4,de-protonated,0,-9999,C21 H47 O4 N4 P1 S2,21,47,4,4,1,2,-9999,-9999
1270,513.30668,513.306864935,513.306906606,13513890,-9999,555902.7,23.3,-1,-0.081182054,0.998804872,0,0.599282923,5,0.333333333,1.703703704,O9,de-protonated,0,-9999,C27 H46 O9,27,46,9,-9999,-9999,-9999,-9999,-9999
1270,513.30668,513.306864935,513.306744415,13513890,-9999,555902.7,23.3,-1,0.234791423,0.990047137,0,0.594028282,0,0.136363636,2.318181818,N4 S2 P1 O3,de-protonated,0,-9999,C22 H51 O3 N4 P1 S2,22,51,3,4,1,2,-9999,-9999
1271,514.284146,514.28433139,514.284397514,13579724,-9999,569683.4,23.43,-1,-0.128573531,0.997004938,0,0.598202963,5,0.269230769,1.730769231,N1 S1 O7,de-protonated,0,-9999,C26 H45 O7 N1 S1,26,45,7,1,-9999,1,-9999,-9999
1271,514.284146,514.28433139,514.284017391,13579724,-9999,569683.4,23.43,-1,0.610555935,0.934596701,0,0.560758021,10,0.142857143,1.5,N3 P1 O4,de-protonated,0,-9999,C28 H42 O4 N3 P1,28,42,4,3,1,-9999,-9999,-9999
1272,515.213133,515.213318823,515.213400143,10499816,-9999,563121.3,17.68,-1,-0.157836519,0.995489885,0,0.597293931,7,0.5,1.5,O12,de-protonated,0,-9999,C24 H36 O12,24,36,12,-9999,-9999,-9999,-9999,-9999
1272,515.213133,515.213318823,515.212887079,10499816,-9999,563121.3,17.68,-1,0.837992937,0.880364631,0,0.528218779,25,0.027027027,0.756756757,N2 O1,de-protonated,0,-9999,C37 H28 O1 N2,37,28,1,2,-9999,-9999,-9999,-9999
1272,515.213133,515.213318823,515.213237951,10499816,-9999,563121.3,17.68,-1,0.156967707,0.99553929,0,0.597323574,2,0.315789474,2.157894737,N4 S2 P1 O6,de-protonated,0,-9999,C19 H41 O6 N4 P1 S2,19,41,6,4,1,2,-9999,-9999
1273,515.241442,515.241627836,515.241410502,9795312,-9999,678648.1,16.36,-1,0.421811146,0.968231379,0,0.580938827,19,0.027777778,1,S1 O1,de-protonated,0,-9999,C36 H36 O1 S1,36,36,1,-9999,-9999,1,-9999,-9999
1273,515.241442,515.241627836,515.241543444,9795312,-9999,678648.1,16.36,-1,0.163792771,0.995143911,0,0.597086346,6,0.36,1.64,P1 O9,de-protonated,0,-9999,C25 H41 O9 P1,25,41,9,-9999,1,-9999,-9999,-9999
1274,515.249557,515.24974284,515.249785652,17217266,-9999,557529.7,30.21,-1,-0.083089543,0.998748086,0,0.599248851,6,0.44,1.6,O11,de-protonated,0,-9999,C25 H40 O11,25,40,11,-9999,-9999,-9999,-9999,-9999
1274,515.249557,515.24974284,515.249623461,17217266,-9999,557529.7,30.21,-1,0.231692476,0.990306864,0,0.594184118,1,0.25,2.25,N4 S2 P1 O5,de-protonated,0,-9999,C20 H45 O5 N4 P1 S2,20,45,5,4,1,2,-9999,-9999
1275,515.277884,515.278069853,515.277928953,10581755,-9999,543873.9,17.83,-1,0.273445573,0.986524253,0,0.591914552,5,0.307692308,1.730769231,P1 O8,de-protonated,0,-9999,C26 H45 O8 P1,26,45,8,-9999,1,-9999,-9999,-9999
1276,515.285936,515.286121857,515.286171161,15628030,-9999,544330.9,27.25,-1,-0.095683278,0.998340164,0,0.599004098,5,0.384615385,1.692307692,O10,de-protonated,0,-9999,C26 H44 O10,26,44,10,-9999,-9999,-9999,-9999,-9999
1276,515.285936,515.286121857,515.28600897,15628030,-9999,544330.9,27.25,-1,0.219076509,0.991329267,0,0.59479756,0,0.19047619,2.333333333,N4 S2 P1 O4,de-protonated,0,-9999,C21 H49 O4 N4 P1 S2,21,49,4,4,1,2,-9999,-9999
1277,515.322385,515.322570874,515.322556671,8058633,-9999,579405.1,13.12,-1,0.027562081,0.999862169,0,0.599917301,4,0.333333333,1.777777778,O9,de-protonated,0,-9999,C27 H48 O9,27,48,9,-9999,-9999,-9999,-9999,-9999
1277,515.322385,515.322570874,515.323045928,8058633,-9999,579405.1,13.12,-1,-0.921856672,0.857101722,0,0.514261033,8,0.033333333,1.633333333,N2 S1 P1 O1,de-protonated,0,-9999,C30 H49 O1 N2 P1 S1,30,49,1,2,1,1,-9999,-9999
1278,516.208431,516.208617287,516.208649115,9091094,-9999,556736.4,15.05,-1,-0.061657187,0.999310441,0,0.599586265,7,0.52173913,1.52173913,N1 O12,de-protonated,0,-9999,C23 H35 O12 N1,23,35,12,1,-9999,-9999,-9999,-9999
1278,516.208431,516.208617287,516.208136051,9091094,-9999,556736.4,15.05,-1,0.932252406,0.854109337,0,0.512465602,25,0.027777778,0.75,N3 O1,de-protonated,0,-9999,C36 H27 O1 N3,36,27,1,3,-9999,-9999,-9999,-9999
1279,516.244731,516.244917304,516.245034624,9287713,-9999,563610,15.41,-1,-0.227257219,0.990672701,0,0.594403621,6,0.458333333,1.625,N1 O11,de-protonated,0,-9999,C24 H39 O11 N1,24,39,11,1,-9999,-9999,-9999,-9999
1280,517.184355,517.184541742,517.184289548,8976703,-9999,610301.5,14.83,-1,0.487628939,0.957772284,0,0.574663371,20,0.088235294,0.882352941,S1 O3,de-protonated,0,-9999,C34 H30 O3 S1,34,30,3,-9999,-9999,1,-9999,-9999
1280,517.184355,517.184541742,517.184422489,8976703,-9999,610301.5,14.83,-1,0.23057983,0.990399291,0,0.594239575,7,0.47826087,1.52173913,P1 O11,de-protonated,0,-9999,C23 H35 O11 P1,23,35,11,-9999,1,-9999,-9999,-9999
1281,517.220783,517.220969759,517.220675057,14661962,-9999,576997.9,25.44,-1,0.569779328,0.942794407,0,0.565676644,19,0.057142857,0.971428571,S1 O2,de-protonated,0,-9999,C35 H34 O2 S1,35,34,2,-9999,-9999,1,-9999,-9999
1281,517.220783,517.220969759,517.220807999,14661962,-9999,576997.9,25.44,-1,0.312748281,0.982408798,0,0.589445279,6,0.416666667,1.625,P1 O10,de-protonated,0,-9999,C24 H39 O10 P1,24,39,10,-9999,1,-9999,-9999,-9999
1282,517.228856,517.229042762,517.229050207,10287436,-9999,590687.8,17.28,-1,-0.014393643,0.999962409,0,0.599977445,6,0.5,1.583333333,O12,de-protonated,0,-9999,C24 H38 O12,24,38,12,-9999,-9999,-9999,-9999,-9999
1282,517.228856,517.229042762,517.228537143,10287436,-9999,590687.8,17.28,-1,0.977555188,0.840805489,0,0.504483293,24,0.027027027,0.810810811,N2 O1,de-protonated,0,-9999,C37 H30 O1 N2,37,30,1,2,-9999,-9999,-9999,-9999
1282,517.228856,517.229042762,517.229539465,10287436,-9999,590687.8,17.28,-1,-0.960312825,0.845918627,0,0.507551176,10,0.148148148,1.444444444,N2 S1 P1 O4,de-protonated,0,-9999,C27 H39 O4 N2 P1 S1,27,39,4,2,1,1,-9999,-9999
1282,517.228856,517.229042762,517.228888016,10287436,-9999,590687.8,17.28,-1,0.29918383,0.983889538,0,0.590333723,1,0.315789474,2.263157895,N4 S2 P1 O6,de-protonated,0,-9999,C19 H43 O6 N4 P1 S2,19,43,6,4,1,2,-9999,-9999
1283,517.257133,517.257319776,517.257060566,18168148,-9999,562363.7,31.99,-1,0.50112266,0.949210454,0.834193884,0.903203826,18,0.027777778,1.055555556,S1 O1,de-protonated,0,-9999,C36 H38 O1 S1,36,38,1,-9999,-9999,1,-9999,-9999
1283,517.257133,517.257319776,517.257193508,18168148,-9999,562363.7,31.99,-1,0.244109711,0.989245799,0,0.593547479,5,0.36,1.72,P1 O9,de-protonated,0,-9999,C25 H43 O9 P1,25,43,9,-9999,1,-9999,-9999,-9999
1284,517.265222,517.265408779,517.265435717,13007191,-9999,573900.4,22.35,-1,-0.052076198,0.999508045,0,0.599704827,5,0.44,1.68,O11,de-protonated,0,-9999,C25 H42 O11,25,42,11,-9999,-9999,-9999,-9999,-9999
1284,517.265222,517.265408779,517.265924974,13007191,-9999,573900.4,22.35,-1,-0.997928806,0.834687535,0,0.500812521,9,0.107142857,1.535714286,N2 S1 P1 O3,de-protonated,0,-9999,C28 H43 O3 N2 P1 S1,28,43,3,2,1,1,-9999,-9999
1284,517.265222,517.265408779,517.265273525,13007191,-9999,573900.4,22.35,-1,0.261479206,0.98767074,0,0.592602444,0,0.25,2.35,N4 S2 P1 O5,de-protonated,0,-9999,C20 H47 O5 N4 P1 S2,20,47,5,4,1,2,-9999,-9999
1285,517.293533,517.293719793,517.293579017,8517984,-9999,559190.6,13.98,-1,0.272137755,0.986651985,0,0.591991191,4,0.307692308,1.807692308,P1 O8,de-protonated,0,-9999,C26 H47 O8 P1,26,47,8,-9999,1,-9999,-9999,-9999
1286,517.301662,517.301848796,517.301821226,8157538.5,-9999,636176.5,13.3,-1,0.053296566,0.999484723,0,0.599690834,4,0.384615385,1.769230769,O10,de-protonated,0,-9999,C26 H46 O10,26,46,10,-9999,-9999,-9999,-9999,-9999
1286,517.301662,517.301848796,517.302310483,8157538.5,-9999,636176.5,13.3,-1,-0.892489614,0.865428325,0,0.519256995,8,0.068965517,1.620689655,N2 S1 P1 O2,de-protonated,0,-9999,C29 H47 O2 N2 P1 S1,29,47,2,2,1,1,-9999,-9999
1287,518.224081,518.224268226,518.224299179,11434618,-9999,609197.3,19.42,-1,-0.059729597,0.999352869,0,0.599611721,6,0.52173913,1.608695652,N1 O12,de-protonated,0,-9999,C23 H37 O12 N1,23,37,12,1,-9999,-9999,-9999,-9999
1287,518.224081,518.224268226,518.223786115,11434618,-9999,609197.3,19.42,-1,0.930314151,0.854669007,0,0.512801404,24,0.027777778,0.805555556,N3 O1,de-protonated,0,-9999,C36 H29 O1 N3,36,29,1,3,-9999,-9999,-9999,-9999
1288,518.260523,518.260710243,518.260415401,14629509,-9999,567639.3,25.38,-1,0.568906368,0.942964469,0.834193884,0.899456235,18,0.027777778,1.055555556,13C1 S1 O1,de-protonated,1,1283,C35 H38 O1 S1 13C1,35,38,1,-9999,-9999,1,1,-9999
1288,518.260523,518.260710243,518.260684689,14629509,-9999,567639.3,25.38,-1,0.049307812,0.999558948,0,0.599735369,5,0.458333333,1.708333333,N1 O11,de-protonated,0,-9999,C24 H41 O11 N1,24,41,11,1,-9999,-9999,-9999,-9999
1288,518.260523,518.260710243,518.261173946,14629509,-9999,567639.3,25.38,-1,-0.894728513,0.86480021,0,0.518880126,9,0.111111111,1.555555556,N3 S1 P1 O3,de-protonated,0,-9999,C27 H42 O3 N3 P1 S1,27,42,3,3,1,1,-9999,-9999
1289,519.114162,519.114349641,519.114414376,19643272,-9999,579211.5,34.74,-1,-0.124702342,0.997182328,0,0.598309397,13,0.541666667,1,O13,de-protonated,0,-9999,C24 H24 O13,24,24,13,-9999,-9999,-9999,-9999,-9999
1289,519.114162,519.114349641,519.113901311,19643272,-9999,579211.5,34.74,-1,0.863643731,0.43670987,0.714192896,0.547703081,31,0.054054054,0.432432432,N2 O2,de-protonated,0,-9999,C37 H16 O2 N2,37,16,2,2,-9999,-9999,-9999,-9999
1289,519.114162,519.114349641,519.114252184,19643272,-9999,579211.5,34.74,-1,0.187736218,0.993625267,0,0.59617516,8,0.368421053,1.526315789,N4 S2 P1 O7,de-protonated,0,-9999,C19 H29 O7 N4 P1 S2,19,29,7,4,1,2,-9999,-9999
1290,519.199965,519.200152681,519.199939612,15383457,-9999,571411.4,26.79,-1,0.410378809,0.969904261,0,0.581942557,19,0.088235294,0.941176471,S1 O3,de-protonated,0,-9999,C34 H32 O3 S1,34,32,3,-9999,-9999,1,-9999,-9999
1290,519.199965,519.200152681,519.200072554,15383457,-9999,571411.4,26.79,-1,0.154327642,0.995687757,0,0.597412654,6,0.47826087,1.608695652,P1 O11,de-protonated,0,-9999,C23 H37 O11 P1,23,37,11,-9999,1,-9999,-9999,-9999
1291,519.23641,519.236597698,519.236325121,23313324,-9999,551460.3,41.59,-1,0.524956113,0.958897389,0.918203964,0.942620019,18,0.057142857,1.028571429,S1 O2,de-protonated,0,-9999,C35 H36 O2 S1,35,36,2,-9999,-9999,1,-9999,-9999
1291,519.23641,519.236597698,519.236458063,23313324,-9999,551460.3,41.59,-1,0.268922859,0.986963443,0,0.592178066,5,0.416666667,1.708333333,P1 O10,de-protonated,0,-9999,C24 H41 O10 P1,24,41,10,-9999,1,-9999,-9999,-9999
1292,519.272755,519.272942715,519.272710631,19020728,-9999,533502.4,33.58,-1,0.446940233,0.938650409,0.99274523,0.960288338,17,0.027777778,1.111111111,S1 O1,de-protonated,0,-9999,C36 H40 O1 S1,36,40,1,-9999,-9999,1,-9999,-9999
1292,519.272755,519.272942715,519.272843573,19020728,-9999,533502.4,33.58,-1,0.190924939,0.993407598,0,0.596044559,4,0.36,1.8,P1 O9,de-protonated,0,-9999,C25 H45 O9 P1,25,45,9,-9999,1,-9999,-9999,-9999
1293,519.309152,519.309339732,519.309229082,8518594,-9999,586658.7,13.98,-1,0.213071014,0.991796201,0,0.59507772,3,0.307692308,1.884615385,P1 O8,de-protonated,0,-9999,C26 H49 O8 P1,26,49,8,-9999,1,-9999,-9999,-9999
1294,519.320399,519.320586737,519.320462471,29735878,-9999,556714.5,53.58,-1,0.239285187,0.983262803,0.994570957,0.987786065,3,0.28,1.96,N2 P1 O7,de-protonated,0,-9999,C25 H49 O7 N2 P1,25,49,7,2,1,-9999,-9999,-9999
1295,520.203331,520.203519148,520.203563735,9944272,-9999,570716,16.64,-1,-0.085709317,0.99866795,0,0.59920077,6,0.590909091,1.590909091,N1 O13,de-protonated,0,-9999,C22 H35 O13 N1,22,35,13,1,-9999,-9999,-9999,-9999
1295,520.203331,520.203519148,520.20305067,9944272,-9999,570716,16.64,-1,0.900567494,0.863156861,0,0.517894116,24,0.057142857,0.771428571,N3 O2,de-protonated,0,-9999,C35 H27 O2 N3,35,27,2,3,-9999,-9999,-9999,-9999
1296,520.239717,520.239905165,520.239679957,12909787,-9999,545284.6,22.17,-1,0.432894047,0.966568619,0.918203964,0.947222757,18,0.057142857,1.028571429,13C1 S1 O2,de-protonated,1,1291,C34 H36 O2 S1 13C1,34,36,2,-9999,-9999,1,1,-9999
1296,520.239717,520.239905165,520.239949244,12909787,-9999,545284.6,22.17,-1,-0.084727614,0.99869827,0,0.599218962,5,0.52173913,1.695652174,N1 O12,de-protonated,0,-9999,C23 H39 O12 N1,23,39,12,1,-9999,-9999,-9999,-9999
1296,520.239717,520.239905165,520.23943618,12909787,-9999,545284.6,22.17,-1,0.901480218,0.862899297,0,0.517739578,23,0.027777778,0.861111111,N3 O1,de-protonated,0,-9999,C36 H31 O1 N3,36,31,1,3,-9999,-9999,-9999,-9999
1297,520.276246,520.276434182,520.276065466,7675110.5,-9999,557976.5,12.4,-1,0.708693622,0.912897205,0.99274523,0.944836415,17,0.027777778,1.111111111,13C1 S1 O1,de-protonated,1,1292,C35 H40 O1 S1 13C1,35,40,1,-9999,-9999,1,1,-9999
1297,520.276246,520.276434182,520.276334753,7675110.5,-9999,557976.5,12.4,-1,0.191108019,0.993394991,0,0.596036994,4,0.458333333,1.791666667,N1 O11,de-protonated,0,-9999,C24 H43 O11 N1,24,43,11,1,-9999,-9999,-9999,-9999
1297,520.276246,520.276434182,520.276824011,7675110.5,-9999,557976.5,12.4,-1,-0.749271066,0.903150036,0,0.541890022,8,0.111111111,1.62962963,N3 S1 P1 O3,de-protonated,0,-9999,C27 H44 O3 N3 P1 S1,27,44,3,3,1,1,-9999,-9999
1298,520.323816,520.324004204,520.323817306,7781620.5,-9999,596027.9,12.6,-1,0.359195786,0.976861105,0.994570957,0.983945046,3,0.28,1.96,13C1 N2 P1 O7,de-protonated,1,1294,C24 H49 O7 N2 P1 13C1,24,49,7,2,1,-9999,1,-9999
1298,520.323816,520.324004204,520.323953652,7781620.5,-9999,596027.9,12.6,-1,0.097155824,0.998288726,0,0.598973235,3,0.375,1.958333333,N3 O9,de-protonated,0,-9999,C24 H47 O9 N3,24,47,9,3,-9999,-9999,-9999,-9999
1299,521.17923,521.179418603,521.179204167,8060407,-9999,601222.5,13.12,-1,0.411443308,0.969750314,0,0.581850188,19,0.121212121,0.909090909,S1 O4,de-protonated,0,-9999,C33 H30 O4 S1,33,30,4,-9999,-9999,1,-9999,-9999
1299,521.17923,521.179418603,521.179337109,8060407,-9999,601222.5,13.12,-1,0.156364537,0.99557343,0,0.597344058,6,0.545454545,1.590909091,P1 O12,de-protonated,0,-9999,C22 H35 O12 P1,22,35,12,-9999,1,-9999,-9999,-9999
1300,521.215672,521.21586062,521.215589677,20725250,-9999,521313.7,36.76,-1,0.519829663,0.965461922,0.969306818,0.966999881,18,0.088235294,1,S1 O3,de-protonated,0,-9999,C34 H34 O3 S1,34,34,3,-9999,-9999,1,-9999,-9999
1300,521.215672,521.21586062,521.215722618,20725250,-9999,521313.7,36.76,-1,0.264768672,0.98736056,0,0.592416336,5,0.47826087,1.695652174,P1 O11,de-protonated,0,-9999,C23 H39 O11 P1,23,39,11,-9999,1,-9999,-9999,-9999
1301,521.233427,521.233615628,521.233347741,8076807,-9999,596276.2,13.15,-1,0.513948039,0.953202105,0,0.571921263,18,0.147058824,1,O5,de-protonated,0,-9999,C34 H34 O5,34,34,5,-9999,-9999,-9999,-9999,-9999
1302,521.252038,521.252226637,521.251975186,24329740,-9999,561612.8,43.49,-1,0.482398014,0.958145761,0.998527174,0.974298326,17,0.057142857,1.085714286,S1 O2,de-protonated,0,-9999,C35 H38 O2 S1,35,38,2,-9999,-9999,1,-9999,-9999
1302,521.252038,521.252226637,521.252108128,24329740,-9999,561612.8,43.49,-1,0.227354836,0.990394583,0.932955424,0.967418919,4,0.416666667,1.791666667,P1 O10,de-protonated,0,-9999,C24 H43 O10 P1,24,43,10,-9999,1,-9999,-9999,-9999
1303,521.288432,521.288620654,521.288360695,11828760,-9999,602108.1,20.15,-1,0.498684688,0.955879114,0,0.573527468,16,0.027777778,1.166666667,S1 O1,de-protonated,0,-9999,C36 H42 O1 S1,36,42,1,-9999,-9999,1,-9999,-9999
1303,521.288432,521.288620654,521.288493637,11828760,-9999,602108.1,20.15,-1,0.243659308,0.989285234,0,0.59357114,3,0.36,1.88,P1 O9,de-protonated,0,-9999,C25 H47 O9 P1,25,47,9,-9999,1,-9999,-9999,-9999
1304,521.303636,521.303824661,521.303749778,8986140,-9999,522150.4,14.85,-1,0.143644828,0.996263017,0,0.59775781,7,0.206896552,1.620689655,P1 O6,de-protonated,0,-9999,C29 H47 O6 P1,29,47,6,-9999,1,-9999,-9999,-9999
1305,521.317508,521.317696667,521.317352149,10747424,-9999,514938,18.13,-1,0.660860489,0.923813304,0,0.554287982,16,0.057142857,1.2,N2 O2,de-protonated,0,-9999,C35 H42 O2 N2,35,42,2,2,-9999,-9999,-9999,-9999
1306,522.218935,522.219124087,522.218944512,8863536,-9999,558645.1,14.62,-1,0.343870485,0.978772791,0.969306818,0.974986402,18,0.088235294,1,13C1 S1 O3,de-protonated,1,1300,C33 H34 O3 S1 13C1,33,34,3,-9999,-9999,1,1,-9999
1306,522.218935,522.219124087,522.219213799,8863536,-9999,558645.1,14.62,-1,-0.171789291,0.994659478,0,0.596795687,5,0.590909091,1.681818182,N1 O13,de-protonated,0,-9999,C22 H37 O13 N1,22,37,13,1,-9999,-9999,-9999,-9999
1306,522.218935,522.219124087,522.218700735,8863536,-9999,558645.1,14.62,-1,0.810680623,0.887587089,0,0.532552253,23,0.057142857,0.828571429,N3 O2,de-protonated,0,-9999,C35 H29 O2 N3,35,29,2,3,-9999,-9999,-9999,-9999
1307,522.255396,522.255585104,522.255330021,9142075,-9999,540160,15.14,-1,0.488426454,0.957637015,0.998527174,0.973993079,17,0.057142857,1.085714286,13C1 S1 O2,de-protonated,1,1302,C34 H38 O2 S1 13C1,34,38,2,-9999,-9999,1,1,-9999
1307,522.255396,522.255585104,522.255462963,9142075,-9999,540160,15.14,-1,0.233873263,0.990124442,0.932955424,0.967256835,4,0.416666667,1.791666667,13C1 P1 O10,de-protonated,1,1302,C23 H43 O10 P1 13C1,23,43,10,-9999,1,-9999,1,-9999
1307,522.255396,522.255585104,522.255599308,9142075,-9999,540160,15.14,-1,-0.02719747,0.999865791,0,0.599919475,4,0.52173913,1.782608696,N1 O12,de-protonated,0,-9999,C23 H41 O12 N1,23,41,12,1,-9999,-9999,-9999,-9999
1307,522.255396,522.255585104,522.255086244,9142075,-9999,540160,15.14,-1,0.955204137,0.847421989,0,0.508453193,22,0.027777778,0.916666667,N3 O1,de-protonated,0,-9999,C36 H33 O1 N3,36,33,1,3,-9999,-9999,-9999,-9999
1307,522.255396,522.255585104,522.256088566,9142075,-9999,540160,15.14,-1,-0.964012468,0.844826583,0,0.50689595,8,0.153846154,1.615384615,N3 S1 P1 O4,de-protonated,0,-9999,C26 H42 O4 N3 P1 S1,26,42,4,3,1,1,-9999,-9999
1308,523.173808,523.173997532,523.173724864,9142351,-9999,556048,15.14,-1,0.521181723,0.951907915,0,0.571144749,23,0.055555556,0.777777778,S1 O2,de-protonated,0,-9999,C36 H28 O2 S1,36,28,2,-9999,-9999,1,-9999,-9999
1308,523.173808,523.173997532,523.173857805,9142351,-9999,556048,15.14,-1,0.267075373,0.987140796,0,0.592284477,10,0.4,1.32,P1 O10,de-protonated,0,-9999,C25 H33 O10 P1,25,33,10,-9999,1,-9999,-9999,-9999
1309,523.194935,523.195124542,523.194854232,9060438,-9999,570628.7,14.98,-1,0.516653335,0.952720008,0,0.571632005,18,0.121212121,0.96969697,S1 O4,de-protonated,0,-9999,C33 H32 O4 S1,33,32,4,-9999,-9999,1,-9999,-9999
1309,523.194935,523.195124542,523.194987173,9060438,-9999,570628.7,14.98,-1,0.262557249,0.987569502,0,0.592541701,5,0.545454545,1.681818182,P1 O12,de-protonated,0,-9999,C22 H37 O12 P1,22,37,12,-9999,1,-9999,-9999,-9999
1310,523.212641,523.21283055,523.212612296,7946331,-9999,589678.3,12.91,-1,0.417141848,0.968919835,0,0.581351901,18,0.181818182,0.96969697,O6,de-protonated,0,-9999,C33 H32 O6,33,32,6,-9999,-9999,-9999,-9999,-9999
1311,523.218315,523.218504553,523.218485523,7700572.5,-9999,590775.1,12.45,-1,0.03637056,0.999760005,0,0.599856003,9,0.423076923,1.384615385,O11,de-protonated,0,-9999,C26 H36 O11,26,36,11,-9999,-9999,-9999,-9999,-9999
1311,523.218315,523.218504553,523.218974781,7700572.5,-9999,590775.1,12.45,-1,-0.898720465,0.863677514,0,0.518206509,13,0.103448276,1.275862069,N2 S1 P1 O3,de-protonated,0,-9999,C29 H37 O3 N2 P1 S1,29,37,3,2,1,1,-9999,-9999
1311,523.218315,523.218504553,523.218323332,7700572.5,-9999,590775.1,12.45,-1,0.346358435,0.978467859,0,0.587080715,4,0.238095238,1.952380952,N4 S2 P1 O5,de-protonated,0,-9999,C21 H41 O5 N4 P1 S2,21,41,5,4,1,2,-9999,-9999
1312,523.231305,523.231494559,523.231239741,15614048,-9999,553021.2,27.22,-1,0.48700831,0.957877412,0,0.574726447,17,0.088235294,1.058823529,S1 O3,de-protonated,0,-9999,C34 H36 O3 S1,34,36,3,-9999,-9999,1,-9999,-9999
1312,523.231305,523.231494559,523.231372683,15614048,-9999,553021.2,27.22,-1,0.232929901,0.990203559,0,0.594122136,4,0.47826087,1.782608696,P1 O11,de-protonated,0,-9999,C23 H41 O11 P1,23,41,11,-9999,1,-9999,-9999,-9999
1313,523.267671,523.267860576,523.26762525,15138923,-9999,512732.3,26.33,-1,0.449723131,0.963967056,0,0.578380234,16,0.057142857,1.142857143,S1 O2,de-protonated,0,-9999,C35 H40 O2 S1,35,40,2,-9999,-9999,1,-9999,-9999
1313,523.267671,523.267860576,523.267758192,15138923,-9999,512732.3,26.33,-1,0.195662399,0.993077531,0,0.595846519,3,0.416666667,1.875,P1 O10,de-protonated,0,-9999,C24 H45 O10 P1,24,45,10,-9999,1,-9999,-9999,-9999
1314,523.319341,523.3195306,523.319399843,12746875,-9999,577156.8,21.87,-1,0.249861286,0.988735958,0,0.593241575,6,0.206896552,1.689655172,P1 O6,de-protonated,0,-9999,C29 H49 O6 P1,29,49,6,-9999,1,-9999,-9999,-9999
1315,524.190215,524.190405006,524.190103204,10043777,-9999,598759.7,16.82,-1,0.575748898,0.94162531,0,0.564975186,18,0.125,0.96875,N1 S1 O4,de-protonated,0,-9999,C32 H31 O4 N1 S1,32,31,4,1,-9999,1,-9999,-9999
1315,524.190215,524.190405006,524.190236146,10043777,-9999,598759.7,16.82,-1,0.322135234,0.981347029,0,0.588808218,5,0.571428571,1.714285714,N1 P1 O12,de-protonated,0,-9999,C21 H36 O12 N1 P1,21,36,12,1,1,-9999,-9999,-9999
1316,524.226582,524.226772023,524.226488713,15647116,-9999,554781.4,27.28,-1,0.540433332,0.948384386,0,0.569030631,17,0.090909091,1.060606061,N1 S1 O3,de-protonated,0,-9999,C33 H35 O3 N1 S1,33,35,3,1,-9999,1,-9999,-9999
1316,524.226582,524.226772023,524.226621655,15647116,-9999,554781.4,27.28,-1,0.28683727999999997,0.985182078,0,0.591109247,4,0.5,1.818181818,N1 P1 O11,de-protonated,0,-9999,C22 H40 O11 N1 P1,22,40,11,1,1,-9999,-9999,-9999
1317,525.112741,525.112931436,525.113232606,9241238,-9999,564507.7,15.32,-1,-0.573534384,0.942060259,0,0.565236155,29,0.108108108,0.486486486,O4,de-protonated,0,-9999,C37 H18 O4,37,18,4,-9999,-9999,-9999,-9999,-9999
1317,525.112741,525.112931436,525.112581157,9241238,-9999,564507.7,15.32,-1,0.667053501,0.922435822,0,0.553461493,20,0.206896552,0.75862069,N2 S1 O6,de-protonated,0,-9999,C29 H22 O6 N2 S1,29,22,6,2,-9999,1,-9999,-9999
1317,525.112741,525.112931436,525.112714099,9241238,-9999,564507.7,15.32,-1,0.413885343,0.969395735,0,0.581637441,7,0.777777778,1.5,N2 P1 O14,de-protonated,0,-9999,C18 H27 O14 N2 P1,18,27,14,2,1,-9999,-9999,-9999
1318,525.189453,525.189643471,525.189374928,29082284,-9999,554276.3,52.36,-1,0.511326464,0.947417582,0.94668515,0.94712461,22,0.055555556,0.833333333,S1 O2,de-protonated,0,-9999,C36 H30 O2 S1,36,30,2,-9999,-9999,1,-9999,-9999
1318,525.189453,525.189643471,525.18950787000006,29082284,-9999,554276.3,52.36,-1,0.258195364,0.984472457,0.985909626,0.985047324,9,0.4,1.4,P1 O10,de-protonated,0,-9999,C25 H35 O10 P1,25,35,10,-9999,1,-9999,-9999,-9999
1319,525.233954,525.234144492,525.234135588,7717562,-9999,615042.8,12.48,-1,0.016953181,0.999947851,0,0.599968711,8,0.423076923,1.461538462,O11,de-protonated,0,-9999,C26 H38 O11,26,38,11,-9999,-9999,-9999,-9999,-9999
1319,525.233954,525.234144492,525.234624845,7717562,-9999,615042.8,12.48,-1,-0.914549304,0.859191233,0,0.51551474,12,0.103448276,1.344827586,N2 S1 P1 O3,de-protonated,0,-9999,C29 H39 O3 N2 P1 S1,29,39,3,2,1,1,-9999,-9999
1319,525.233954,525.234144492,525.233973396,7717562,-9999,615042.8,12.48,-1,0.325751433,0.980929934,0,0.58855796,3,0.238095238,2.047619048,N4 S2 P1 O5,de-protonated,0,-9999,C21 H43 O5 N4 P1 S2,21,43,5,4,1,2,-9999,-9999
1320,525.246983,525.247173498,525.246889806,13271742,-9999,553921.4,22.84,-1,0.540112898,0.94844397,0,0.569066382,16,0.088235294,1.117647059,S1 O3,de-protonated,0,-9999,C34 H38 O3 S1,34,38,3,-9999,-9999,1,-9999,-9999
1320,525.246983,525.247173498,525.247022747,13271742,-9999,553921.4,22.84,-1,0.287009508,0.985164411,0,0.591098647,3,0.47826087,1.869565217,P1 O11,de-protonated,0,-9999,C23 H43 O11 P1,23,43,11,-9999,1,-9999,-9999,-9999
1321,525.262214,525.262404505,525.262278889,7643842.5,-9999,533899.1,12.34,-1,0.239150423,0.98967608,0,0.593805648,7,0.296296296,1.592592593,P1 O8,de-protonated,0,-9999,C27 H43 O8 P1,27,43,8,-9999,1,-9999,-9999,-9999
1322,525.270252,525.270442509,525.270521097,12223173,-9999,582118.2,20.89,-1,-0.149614429,0.995946603,0,0.597567962,7,0.37037037,1.555555556,O10,de-protonated,0,-9999,C27 H42 O10,27,42,10,-9999,-9999,-9999,-9999,-9999
1322,525.270252,525.270442509,525.270358906,12223173,-9999,582118.2,20.89,-1,0.159162381,0.99541397,0,0.597248382,2,0.181818182,2.136363636,N4 S2 P1 O4,de-protonated,0,-9999,C22 H47 O4 N4 P1 S2,22,47,4,4,1,2,-9999,-9999
1323,525.283312,525.283502515,525.283275315,7537353,-9999,574478.2,12.14,-1,0.432528897,0.966624043,0,0.579974426,15,0.057142857,1.2,S1 O2,de-protonated,0,-9999,C35 H42 O2 S1,35,42,2,-9999,-9999,1,-9999,-9999
1323,525.283312,525.283502515,525.283408257,7537353,-9999,574478.2,12.14,-1,0.179443067,0.994174421,0,0.596504653,2,0.416666667,1.958333333,P1 O10,de-protonated,0,-9999,C24 H47 O10 P1,24,47,10,-9999,1,-9999,-9999,-9999
1324,525.306675,525.306865526,525.306906606,10437328,-9999,584717.4,17.55,-1,-0.078202721,0.998890936,0,0.599334562,6,0.321428571,1.642857143,O9,de-protonated,0,-9999,C28 H46 O9,28,46,9,-9999,-9999,-9999,-9999,-9999
1324,525.306675,525.306865526,525.306744415,10437328,-9999,584717.4,17.55,-1,0.230552724,0.990401537,0,0.594240922,1,0.130434783,2.217391304,N4 S2 P1 O3,de-protonated,0,-9999,C23 H51 O3 N4 P1 S2,23,51,3,4,1,2,-9999,-9999
1325,526.148311,526.148501918,526.148238391,65389516,-9999,545878.3,120.12,-1,0.500860966,0.957888389,0.964234625,0.960426884,23,0.088235294,0.735294118,N1 S1 O3,de-protonated,0,-9999,C34 H25 O3 N1 S1,34,25,3,1,-9999,1,-9999,-9999
1325,526.148311,526.148501918,526.148371333,65389516,-9999,545878.3,120.12,-1,0.248191179,0.990052402,0.96610802,0.980474649,10,0.47826087,1.304347826,N1 P1 O11,de-protonated,0,-9999,C23 H30 O11 N1 P1,23,30,11,1,1,-9999,-9999,-9999
1326,526.192843,526.193033939,526.192729763,8537050,-9999,571227.5,14.01,-1,0.578068881,0.941168066,0.94668515,0.9433749,22,0.055555556,0.833333333,13C1 S1 O2,de-protonated,1,1318,C35 H30 O2 S1 13C1,35,30,2,-9999,-9999,1,1,-9999
1326,526.192843,526.193033939,526.192862705,8537050,-9999,571227.5,14.01,-1,0.325420439,0.980968297,0.985909626,0.982944829,9,0.4,1.4,13C1 P1 O10,de-protonated,1,1318,C24 H35 O10 P1 13C1,24,35,10,-9999,1,-9999,1,-9999
1326,526.192843,526.193033939,526.192999051,8537050,-9999,571227.5,14.01,-1,0.066303224,0.999202648,0,0.599521589,9,0.5,1.375,N1 O12,de-protonated,0,-9999,C24 H33 O12 N1,24,33,12,1,-9999,-9999,-9999,-9999
1326,526.192843,526.193033939,526.193488308,8537050,-9999,571227.5,14.01,-1,-0.863501863,0.873458574,0,0.524075144,13,0.148148148,1.259259259,N3 S1 P1 O4,de-protonated,0,-9999,C27 H34 O4 N3 P1 S1,27,34,4,3,1,1,-9999,-9999
1327,526.205854,526.206044945,526.205753268,9618397,-9999,591522,16.02,-1,0.554301264,0.945775466,0,0.56746528,17,0.125,1.03125,N1 S1 O4,de-protonated,0,-9999,C32 H33 O4 N1 S1,32,33,4,1,-9999,1,-9999,-9999
1327,526.205854,526.206044945,526.20588621,9618397,-9999,591522,16.02,-1,0.301659082,0.983624064,0,0.590174438,4,0.571428571,1.80952381,N1 P1 O12,de-protonated,0,-9999,C21 H38 O12 N1 P1,21,38,12,1,1,-9999,-9999,-9999
1328,527.110635,527.110826366,527.111124606,7931116.5,-9999,565424.3,12.87,-1,-0.565799825,0.943567791,0,0.566140674,28,0.054054054,0.540540541,S1 O2,de-protonated,0,-9999,C37 H20 O2 S1,37,20,2,-9999,-9999,1,-9999,-9999
1328,527.110635,527.110826366,527.111257548,7931116.5,-9999,565424.3,12.87,-1,-0.818007785,0.885667234,0,0.53140034,15,0.384615385,0.961538462,P1 O10,de-protonated,0,-9999,C26 H25 O10 P1,26,25,10,-9999,1,-9999,-9999,-9999
1328,527.110635,527.110826366,527.110986221,7931116.5,-9999,565424.3,12.87,-1,-0.303266212,0.983450564,0,0.590070339,1,0.9375,2,S2 O15,de-protonated,0,-9999,C16 H32 O15 S2,16,32,15,-9999,-9999,2,-9999,-9999
1328,527.110635,527.110826366,527.110473157,7931116.5,-9999,565424.3,12.87,-1,0.670085904,0.921757409,0,0.553054446,19,0.137931034,0.827586207,N2 S2 O4,de-protonated,0,-9999,C29 H24 O4 N2 S2,29,24,4,2,-9999,2,-9999,-9999
1328,527.110635,527.110826366,527.110606099,7931116.5,-9999,565424.3,12.87,-1,0.417877321,0.968811871,0,0.581287122,6,0.666666667,1.611111111,N2 S1 P1 O12,de-protonated,0,-9999,C18 H29 O12 N2 P1 S1,18,29,12,2,1,1,-9999,-9999
1329,527.151651,527.151842386,527.151593226,19875064,-9999,562600.8,35.17,-1,0.472652479,0.960274879,0.964234625,0.961858777,23,0.088235294,0.735294118,13C1 N1 S1 O3,de-protonated,1,1325,C33 H25 O3 N1 S1 13C1,33,25,3,1,-9999,1,1,-9999
1329,527.151651,527.151842386,527.151726168,19875064,-9999,562600.8,35.17,-1,0.220463619,0.991219605,0.96610802,0.981174971,10,0.47826087,1.304347826,13C1 N1 P1 O11,de-protonated,1,1325,C22 H30 O11 N1 P1 13C1,22,30,11,1,1,-9999,1,-9999
1329,527.151651,527.151842386,527.151862513,19875064,-9999,562600.8,35.17,-1,-0.038182247,0.999735504,0,0.599841302,10,0.590909091,1.272727273,N2 O13,de-protonated,0,-9999,C22 H28 O13 N2,22,28,13,2,-9999,-9999,-9999,-9999
1329,527.151651,527.151842386,527.151349449,19875064,-9999,562600.8,35.17,-1,0.935094652,0.426643599,0.725399619,0.546146007,28,0.057142857,0.571428571,N4 O2,de-protonated,0,-9999,C35 H20 O2 N4,35,20,2,4,-9999,-9999,-9999,-9999
1329,527.151651,527.151842386,527.152351771,19875064,-9999,562600.8,35.17,-1,-0.966295969,0.84415116,0,0.506490696,14,0.2,1.16,N4 S1 P1 O5,de-protonated,0,-9999,C25 H29 O5 N4 P1 S1,25,29,5,4,1,1,-9999,-9999
1330,527.213138,527.213329414,527.213400143,8848651,-9999,599908.7,14.59,-1,-0.134155553,0.996739665,0,0.598043799,8,0.48,1.44,O12,de-protonated,0,-9999,C25 H36 O12,25,36,12,-9999,-9999,-9999,-9999,-9999
1330,527.213138,527.213329414,527.212887079,8848651,-9999,599908.7,14.59,-1,0.839007649,0.880092847,0,0.528055708,26,0.026315789,0.736842105,N2 O1,de-protonated,0,-9999,C38 H28 O1 N2,38,28,1,2,-9999,-9999,-9999,-9999
1330,527.213138,527.213329414,527.213237951,8848651,-9999,599908.7,14.59,-1,0.173483362,0.994553918,0,0.596732351,3,0.3,2.05,N4 S2 P1 O6,de-protonated,0,-9999,C20 H41 O6 N4 P1 S2,20,41,6,4,1,2,-9999,-9999
1331,527.24958,527.249771431,527.249785652,15287574,-9999,552606.4,26.61,-1,-0.026971991,0.999868007,0,0.599920804,7,0.423076923,1.538461538,O11,de-protonated,0,-9999,C26 H40 O11,26,40,11,-9999,-9999,-9999,-9999,-9999
1331,527.24958,527.249771431,527.250274909,15287574,-9999,552606.4,26.61,-1,-0.95491335,0.847507399,0,0.508504439,11,0.103448276,1.413793103,N2 S1 P1 O3,de-protonated,0,-9999,C29 H41 O3 N2 P1 S1,29,41,3,2,1,1,-9999,-9999
1331,527.24958,527.249771431,527.249623461,15287574,-9999,552606.4,26.61,-1,0.280645726,0.98581037,0,0.591486222,2,0.238095238,2.142857143,N4 S2 P1 O5,de-protonated,0,-9999,C21 H45 O5 N4 P1 S2,21,45,5,4,1,2,-9999,-9999
1332,527.285927,527.286118448,527.286171161,14140705,-9999,565836.6,24.47,-1,-0.099971126,0.998188204,0,0.598912922,6,0.37037037,1.62962963,O10,de-protonated,0,-9999,C27 H44 O10,27,44,10,-9999,-9999,-9999,-9999,-9999
1332,527.285927,527.286118448,527.28600897,14140705,-9999,565836.6,24.47,-1,0.207625342,0.992208571,0,0.595325142,1,0.181818182,2.227272727,N4 S2 P1 O4,de-protonated,0,-9999,C22 H49 O4 N4 P1 S2,22,49,4,4,1,2,-9999,-9999
1333,527.314262,527.314453461,527.314314462,8357161.5,-9999,570566.5,13.67,-1,0.263597906,0.98747139,0,0.592482834,5,0.25,1.75,P1 O7,de-protonated,0,-9999,C28 H49 O7 P1,28,49,7,-9999,1,-9999,-9999,-9999
1334,527.322327,527.322518465,527.322556671,9618732,-9999,601320.3,16.02,-1,-0.072452397,0.999047966,0,0.59942878,5,0.321428571,1.714285714,O9,de-protonated,0,-9999,C28 H48 O9,28,48,9,-9999,-9999,-9999,-9999,-9999
1334,527.322327,527.322518465,527.32239448,9618732,-9999,601320.3,16.02,-1,0.235122855,0.990019159,0,0.594011495,0,0.130434783,2.304347826,N4 S2 P1 O3,de-protonated,0,-9999,C23 H53 O3 N4 P1 S2,23,53,3,4,1,2,-9999,-9999
1335,528.145374,528.145565849,528.145261011,23316002,-9999,527230.4,41.59,-1,0.577185355,0.470671195,0.736963647,0.577188176,23,0.181818182,0.696969697,N1 O6,de-protonated,0,-9999,C33 H23 O6 N1,33,23,6,1,-9999,-9999,-9999,-9999
1335,528.145374,528.145565849,528.145611884,23316002,-9999,527230.4,41.59,-1,-0.08716386,0.998622386,0,0.599173432,0,0.733333333,2.4,N3 S2 P1 O11,de-protonated,0,-9999,C15 H36 O11 N3 P1 S2,15,36,11,3,1,2,-9999,-9999
1336,529.220763,529.22095535,529.220675057,7579492,-9999,490027.9,12.22,-1,0.529632598,0.950375323,0,0.570225194,20,0.055555556,0.944444444,S1 O2,de-protonated,0,-9999,C36 H34 O2 S1,36,34,2,-9999,-9999,1,-9999,-9999
1336,529.220763,529.22095535,529.220807999,7579492,-9999,490027.9,12.22,-1,0.2784297,0.986032006,0,0.591619204,7,0.4,1.56,P1 O10,de-protonated,0,-9999,C25 H39 O10 P1,25,39,10,-9999,1,-9999,-9999,-9999
1337,529.228788,529.228980353,529.229050207,9111399,-9999,591372.9,15.08,-1,-0.131991923,0.996843816,0,0.59810629,7,0.48,1.52,O12,de-protonated,0,-9999,C25 H38 O12,25,38,12,-9999,-9999,-9999,-9999,-9999
1337,529.228788,529.228980353,529.228537143,9111399,-9999,591372.9,15.08,-1,0.837464836,0.880505983,0,0.52830359,25,0.026315789,0.789473684,N2 O1,de-protonated,0,-9999,C38 H30 O1 N2,38,30,1,2,-9999,-9999,-9999,-9999
1337,529.228788,529.228980353,529.228888016,9111399,-9999,591372.9,15.08,-1,0.174475302,0.994491633,0,0.59669498,2,0.3,2.15,N4 S2 P1 O6,de-protonated,0,-9999,C20 H43 O6 N4 P1 S2,20,43,6,4,1,2,-9999,-9999
1338,529.257148,529.257340367,529.257060566,10028911,-9999,534027,16.79,-1,0.52866583,0.950551772,0,0.570331063,19,0.027027027,1.027027027,S1 O1,de-protonated,0,-9999,C37 H38 O1 S1,37,38,1,-9999,-9999,1,-9999,-9999
1338,529.257148,529.257340367,529.257193508,10028911,-9999,534027,16.79,-1,0.277480202,0.986126448,0,0.591675869,6,0.346153846,1.653846154,P1 O9,de-protonated,0,-9999,C26 H43 O9 P1,26,43,9,-9999,1,-9999,-9999,-9999
1339,529.265145,529.26533737,529.265435717,14534514,-9999,554846.7,25.2,-1,-0.185816727,0.99375455,0,0.59625273,6,0.423076923,1.615384615,O11,de-protonated,0,-9999,C26 H42 O11,26,42,11,-9999,-9999,-9999,-9999,-9999
1339,529.265145,529.26533737,529.265273525,14534514,-9999,554846.7,25.2,-1,0.120629412,0.99736314,0,0.598417884,1,0.238095238,2.238095238,N4 S2 P1 O5,de-protonated,0,-9999,C21 H47 O5 N4 P1 S2,21,47,5,4,1,2,-9999,-9999
1340,529.301596,529.301788387,529.301821226,13338492,-9999,571755.5,22.97,-1,-0.062041612,0.999301819,0,0.599581091,5,0.37037037,1.703703704,O10,de-protonated,0,-9999,C27 H46 O10,27,46,10,-9999,-9999,-9999,-9999,-9999
1340,529.301596,529.301788387,529.302310483,13338492,-9999,571755.5,22.97,-1,-0.986385432,0.838163887,0,0.502898332,9,0.066666667,1.566666667,N2 S1 P1 O2,de-protonated,0,-9999,C30 H47 O2 N2 P1 S1,30,47,2,2,1,1,-9999,-9999
1340,529.301596,529.301788387,529.301659035,13338492,-9999,571755.5,22.97,-1,0.2443835,0.989221792,0,0.593533075,0,0.181818182,2.318181818,N4 S2 P1 O4,de-protonated,0,-9999,C22 H51 O4 N4 P1 S2,22,51,4,4,1,2,-9999,-9999
1341,530.260452,530.260644834,530.260684689,10406043,-9999,585864,17.49,-1,-0.075160863,0.998975493,0,0.599385296,6,0.44,1.64,N1 O11,de-protonated,0,-9999,C25 H41 O11 N1,25,41,11,1,-9999,-9999,-9999,-9999
1341,530.260452,530.260644834,530.261173946,10406043,-9999,585864,17.49,-1,-0.997833194,0.834716436,0,0.500829861,10,0.107142857,1.5,N3 S1 P1 O3,de-protonated,0,-9999,C28 H42 O3 N3 P1 S1,28,42,3,3,1,1,-9999,-9999
1342,531.236398,531.236591289,531.236325121,11405759,-9999,588745.7,19.33,-1,0.501033432,0.955471942,0,0.573283165,19,0.055555556,1,S1 O2,de-protonated,0,-9999,C36 H36 O2 S1,36,36,2,-9999,-9999,1,-9999,-9999
1342,531.236398,531.236591289,531.236458063,11405759,-9999,588745.7,19.33,-1,0.250783671,0.988653115,0,0.593191869,6,0.4,1.64,P1 O10,de-protonated,0,-9999,C25 H41 O10 P1,25,41,10,-9999,1,-9999,-9999,-9999
1343,531.244515,531.244708292,531.244700272,9062849,-9999,598119.4,14.96,-1,0.015097978,0.99995864,0,0.599975184,6,0.48,1.6,O12,de-protonated,0,-9999,C25 H40 O12,25,40,12,-9999,-9999,-9999,-9999,-9999
1343,531.244515,531.244708292,531.244187207,9062849,-9999,598119.4,14.96,-1,0.98087656,0.8398137,0,0.50388822,24,0.026315789,0.842105263,N2 O1,de-protonated,0,-9999,C38 H32 O1 N2,38,32,1,2,-9999,-9999,-9999,-9999
1343,531.244515,531.244708292,531.245189529,9062849,-9999,598119.4,14.96,-1,-0.905865387,0.861659276,0,0.516995565,10,0.142857143,1.464285714,N2 S1 P1 O4,de-protonated,0,-9999,C28 H41 O4 N2 P1 S1,28,41,4,2,1,1,-9999,-9999
1343,531.244515,531.244708292,531.24453808,9062849,-9999,598119.4,14.96,-1,0.320402449,0.981545302,0,0.588927181,1,0.3,2.25,N4 S2 P1 O6,de-protonated,0,-9999,C20 H45 O6 N4 P1 S2,20,45,6,4,1,2,-9999,-9999
1344,531.272815,531.273008306,531.272710631,15403466,-9999,508081.7,26.77,-1,0.560305038,0.958480147,0.880718542,0.927375505,18,0.027027027,1.081081081,S1 O1,de-protonated,0,-9999,C37 H40 O1 S1,37,40,1,-9999,-9999,1,-9999,-9999
1344,531.272815,531.273008306,531.272843573,15403466,-9999,508081.7,26.77,-1,0.310072401,0.982705925,0,0.589623555,5,0.346153846,1.730769231,P1 O9,de-protonated,0,-9999,C26 H45 O9 P1,26,45,9,-9999,1,-9999,-9999,-9999
1345,531.280822,531.281015309,531.281085781,12667340,-9999,525789.2,21.68,-1,-0.132644875,0.996812562,0,0.598087537,5,0.423076923,1.692307692,O11,de-protonated,0,-9999,C26 H44 O11,26,44,11,-9999,-9999,-9999,-9999,-9999
1345,531.280822,531.281015309,531.28092359,12667340,-9999,525789.2,21.68,-1,0.172638641,0.994606682,0,0.596764009,0,0.238095238,2.333333333,N4 S2 P1 O5,de-protonated,0,-9999,C21 H49 O5 N4 P1 S2,21,49,5,4,1,2,-9999,-9999
1346,531.31721,531.317403326,531.31747129,7498199,-9999,579308.6,12.04,-1,-0.127916196,0.997035439,0,0.598221264,4,0.37037037,1.777777778,O10,de-protonated,0,-9999,C27 H48 O10,27,48,10,-9999,-9999,-9999,-9999,-9999
1347,532.239718,532.239911756,532.239949244,12880619,-9999,525675.6,22.07,-1,-0.070434035,0.999100247,0,0.599460148,6,0.5,1.625,N1 O12,de-protonated,0,-9999,C24 H39 O12 N1,24,39,12,1,-9999,-9999,-9999,-9999
1347,532.239718,532.239911756,532.23943618,12880619,-9999,525675.6,22.07,-1,0.893538529,0.865134195,0,0.519080517,24,0.027027027,0.837837838,N3 O1,de-protonated,0,-9999,C37 H31 O1 N3,37,31,1,3,-9999,-9999,-9999,-9999
1347,532.239718,532.239911756,532.240438501,12880619,-9999,525675.6,22.07,-1,-0.98967519,0.83717581,0,0.502305486,10,0.148148148,1.481481481,N3 S1 P1 O4,de-protonated,0,-9999,C27 H40 O4 N3 P1 S1,27,40,4,3,1,1,-9999,-9999
1348,532.276081,532.276274773,532.276065466,10488566,-9999,495770.7,17.62,-1,0.393230408,0.972332516,0.880718542,0.935686926,18,0.027027027,1.081081081,13C1 S1 O1,de-protonated,1,1344,C36 H40 O1 S1 13C1,36,40,1,-9999,-9999,1,1,-9999
1348,532.276081,532.276274773,532.276334753,10488566,-9999,495770.7,17.62,-1,-0.112686234,0.997698583,0,0.59861915,5,0.44,1.72,N1 O11,de-protonated,0,-9999,C25 H43 O11 N1,25,43,11,1,-9999,-9999,-9999,-9999
1349,533.215654,533.215848211,533.215589677,16796686,-9999,546015.3,29.37,-1,0.484858663,0.954097802,0.922062513,0.941283687,19,0.085714286,0.971428571,S1 O3,de-protonated,0,-9999,C35 H34 O3 S1,35,34,3,-9999,-9999,1,-9999,-9999
1349,533.215654,533.215848211,533.215722618,16796686,-9999,546015.3,29.37,-1,0.235537818,0.989984075,0,0.593990445,6,0.458333333,1.625,P1 O11,de-protonated,0,-9999,C24 H39 O11 P1,24,39,11,-9999,1,-9999,-9999,-9999
1350,533.25203,533.252224228,533.251975186,21122074,-9999,561296.9,37.43,-1,0.46702461,0.966688091,0.913010369,0.945217003,18,0.055555556,1.055555556,S1 O2,de-protonated,0,-9999,C36 H38 O2 S1,36,38,2,-9999,-9999,1,-9999,-9999
1350,533.25203,533.252224228,533.252108128,21122074,-9999,561296.9,37.43,-1,0.217720782,0.991435791,0,0.594861475,5,0.4,1.72,P1 O10,de-protonated,0,-9999,C25 H43 O10 P1,25,43,10,-9999,1,-9999,-9999,-9999
1351,533.288434,533.288628245,533.288360695,14470180,-9999,549310.2,25.03,-1,0.501697443,0.955356516,0,0.573213909,17,0.027027027,1.135135135,S1 O1,de-protonated,0,-9999,C37 H42 O1 S1,37,42,1,-9999,-9999,1,-9999,-9999
1351,533.288434,533.288628245,533.288493637,14470180,-9999,549310.2,25.03,-1,0.252410615,0.988506265,0,0.593103759,4,0.346153846,1.807692308,P1 O9,de-protonated,0,-9999,C26 H47 O9 P1,26,47,9,-9999,1,-9999,-9999,-9999
1352,534.219034,534.219228678,534.218944512,9145659,-9999,568356.8,15.11,-1,0.531929113,0.949955015,0.922062513,0.938798014,19,0.085714286,0.971428571,13C1 S1 O3,de-protonated,1,1349,C34 H34 O3 S1 13C1,34,34,3,-9999,-9999,1,1,-9999
1352,534.219034,534.219228678,534.219213799,9145659,-9999,568356.8,15.11,-1,0.027852348,0.99985925,0,0.59991555,6,0.565217391,1.608695652,N1 O13,de-protonated,0,-9999,C23 H37 O13 N1,23,37,13,1,-9999,-9999,-9999,-9999
1352,534.219034,534.219228678,534.218700735,9145659,-9999,568356.8,15.11,-1,0.988253516,0.83760307,0,0.502561842,24,0.055555556,0.805555556,N3 O2,de-protonated,0,-9999,C36 H29 O2 N3,36,29,2,3,-9999,-9999,-9999,-9999
1352,534.219034,534.219228678,534.219703056,9145659,-9999,568356.8,15.11,-1,-0.887983142,0.866689203,0,0.520013522,10,0.192307692,1.461538462,N3 S1 P1 O5,de-protonated,0,-9999,C26 H38 O5 N3 P1 S1,26,38,5,3,1,1,-9999,-9999
1353,534.255346,534.255540695,534.255330021,12258629,-9999,523098.1,20.91,-1,0.394332383,0.97217941,0.913010369,0.948511794,18,0.055555556,1.055555556,13C1 S1 O2,de-protonated,1,1350,C35 H38 O2 S1 13C1,35,38,2,-9999,-9999,1,1,-9999
1353,534.255346,534.255540695,534.255599308,12258629,-9999,523098.1,20.91,-1,-0.109709982,0.997818416,0,0.59869105,5,0.5,1.708333333,N1 O12,de-protonated,0,-9999,C24 H41 O12 N1,24,41,12,1,-9999,-9999,-9999,-9999
1353,534.255346,534.255540695,534.255086244,12258629,-9999,523098.1,20.91,-1,0.850625646,0.87696365,0,0.52617819,23,0.027027027,0.891891892,N3 O1,de-protonated,0,-9999,C37 H33 O1 N3,37,33,1,3,-9999,-9999,-9999,-9999
1354,535.194921,535.195116133,535.194854232,10440286,-9999,460703.9,17.52,-1,0.489356801,0.957478961,0,0.574487376,19,0.117647059,0.941176471,S1 O4,de-protonated,0,-9999,C34 H32 O4 S1,34,32,4,-9999,-9999,1,-9999,-9999
1354,535.194921,535.195116133,535.194987173,10440286,-9999,460703.9,17.52,-1,0.240957997,0.989520251,0,0.593712151,6,0.52173913,1.608695652,P1 O12,de-protonated,0,-9999,C23 H37 O12 P1,23,37,12,-9999,1,-9999,-9999,-9999
1355,535.231298,535.23149315,535.231239741,18370154,-9999,568782.8,32.3,-1,0.473456744,0.956432179,0.969516389,0.961665863,18,0.085714286,1.028571429,S1 O3,de-protonated,0,-9999,C35 H36 O3 S1,35,36,3,-9999,-9999,1,-9999,-9999
1355,535.231298,535.23149315,535.231372683,18370154,-9999,568782.8,32.3,-1,0.22507483,0.990850166,0,0.5945101,5,0.458333333,1.708333333,P1 O11,de-protonated,0,-9999,C24 H41 O11 P1,24,41,11,-9999,1,-9999,-9999,-9999
1356,535.25467,535.254865161,535.254871033,8523376,-9999,580354.2,13.95,-1,-0.010970064,0.999978164,0,0.599986899,9,0.357142857,1.428571429,O10,de-protonated,0,-9999,C28 H40 O10,28,40,10,-9999,-9999,-9999,-9999,-9999
1356,535.25467,535.254865161,535.25536029,8523376,-9999,580354.2,13.95,-1,-0.925033484,0.856189737,0,0.513713842,13,0.064516129,1.322580645,N2 S1 P1 O2,de-protonated,0,-9999,C31 H41 O2 N2 P1 S1,31,41,2,2,1,1,-9999,-9999
1356,535.25467,535.254865161,535.254708841,8523376,-9999,580354.2,13.95,-1,0.292047033,0.984643113,0,0.590785868,4,0.173913043,1.956521739,N4 S2 P1 O4,de-protonated,0,-9999,C23 H45 O4 N4 P1 S2,23,45,4,4,1,2,-9999,-9999
1357,535.267703,535.267898167,535.26762525,18370164,-9999,545577.8,32.3,-1,0.509869155,0.953074803,0.984990916,0.965841248,17,0.055555556,1.111111111,S1 O2,de-protonated,0,-9999,C36 H40 O2 S1,36,40,2,-9999,-9999,1,-9999,-9999
1357,535.267703,535.267898167,535.267758192,18370164,-9999,545577.8,32.3,-1,0.261504115,0.987668405,0,0.592601043,4,0.4,1.8,P1 O10,de-protonated,0,-9999,C25 H45 O10 P1,25,45,10,-9999,1,-9999,-9999,-9999
1358,535.304045,535.304240184,535.30401076,11751039,-9999,531917.9,19.97,-1,0.428586428,0.96721967,0,0.580331802,16,0.027027027,1.189189189,S1 O1,de-protonated,0,-9999,C37 H44 O1 S1,37,44,1,-9999,-9999,1,-9999,-9999
1358,535.304045,535.304240184,535.304143701,11751039,-9999,531917.9,19.97,-1,0.18023829,0.994122825,0,0.596473695,3,0.346153846,1.884615385,P1 O9,de-protonated,0,-9999,C26 H49 O9 P1,26,49,9,-9999,1,-9999,-9999,-9999
1359,536.234676,536.234871617,536.234594576,8064917,-9999,605055.3,13.1,-1,0.516641883,0.952722054,0.969516389,0.959439788,18,0.085714286,1.028571429,13C1 S1 O3,de-protonated,1,1355,C34 H36 O3 S1 13C1,34,36,3,-9999,-9999,1,1,-9999
1359,536.234676,536.234871617,536.234863863,8064917,-9999,605055.3,13.1,-1,0.014459897,0.999962062,0,0.599977237,5,0.565217391,1.695652174,N1 O13,de-protonated,0,-9999,C23 H39 O13 N1,23,39,13,1,-9999,-9999,-9999,-9999
1359,536.234676,536.234871617,536.234350799,8064917,-9999,605055.3,13.1,-1,0.971251003,0.842681913,0,0.505609148,23,0.055555556,0.861111111,N3 O2,de-protonated,0,-9999,C36 H31 O2 N3,36,31,2,3,-9999,-9999,-9999,-9999
1359,536.234676,536.234871617,536.235353121,8064917,-9999,605055.3,13.1,-1,-0.897933055,0.863899245,0,0.518339547,9,0.192307692,1.538461538,N3 S1 P1 O5,de-protonated,0,-9999,C26 H40 O5 N3 P1 S1,26,40,5,3,1,1,-9999,-9999
1360,536.271063,536.271258634,536.270980085,7696288,-9999,541078.4,12.41,-1,0.519418101,0.952224952,0.984990916,0.965331338,17,0.055555556,1.111111111,13C1 S1 O2,de-protonated,1,1357,C35 H40 O2 S1 13C1,35,40,2,-9999,-9999,1,1,-9999
1360,536.271063,536.271258634,536.271249373,7696288,-9999,541078.4,12.41,-1,0.017270185,0.999945883,0,0.59996753,4,0.5,1.791666667,N1 O12,de-protonated,0,-9999,C24 H43 O12 N1,24,43,12,1,-9999,-9999,-9999,-9999
1360,536.271063,536.271258634,536.270736309,7696288,-9999,541078.4,12.41,-1,0.973996377,0.841865738,0,0.505119443,22,0.027027027,0.945945946,N3 O1,de-protonated,0,-9999,C37 H35 O1 N3,37,35,1,3,-9999,-9999,-9999,-9999
1360,536.271063,536.271258634,536.27173863,7696288,-9999,541078.4,12.41,-1,-0.895060865,0.864706874,0,0.518824125,8,0.148148148,1.62962963,N3 S1 P1 O4,de-protonated,0,-9999,C27 H44 O4 N3 P1 S1,27,44,4,3,1,1,-9999,-9999
1361,537.210554,537.210750072,537.210504296,11997369,-9999,520503,20.42,-1,0.45750386,0.962733173,0,0.577639904,18,0.117647059,1,S1 O4,de-protonated,0,-9999,C34 H34 O4 S1,34,34,4,-9999,-9999,1,-9999,-9999
1361,537.210554,537.210750072,537.210637238,11997369,-9999,520503,20.42,-1,0.210037072,0.99202724,0,0.595216344,5,0.52173913,1.695652174,P1 O12,de-protonated,0,-9999,C23 H39 O12 P1,23,39,12,-9999,1,-9999,-9999,-9999
1362,537.228387,537.22858308,537.228262361,8155326.5,-9999,473770.3,13.27,-1,0.596989157,0.937379,0,0.5624274,18,0.176470588,1,O6,de-protonated,0,-9999,C34 H34 O6,34,34,6,-9999,-9999,-9999,-9999,-9999
1363,537.246904,537.247100089,537.246889806,15847620,-9999,556867.3,27.6,-1,0.391409367,0.972584641,0,0.583550784,17,0.085714286,1.085714286,S1 O3,de-protonated,0,-9999,C35 H38 O3 S1,35,38,3,-9999,-9999,1,-9999,-9999
1363,537.246904,537.247100089,537.247022747,15847620,-9999,556867.3,27.6,-1,0.143959355,0.996246665,0,0.597747999,4,0.458333333,1.791666667,P1 O11,de-protonated,0,-9999,C24 H43 O11 P1,24,43,11,-9999,1,-9999,-9999,-9999
1364,537.283279,537.283475106,537.283275315,12587215,-9999,558941.3,21.52,-1,0.371854237,0.975222215,0,0.585133329,16,0.055555556,1.166666667,S1 O2,de-protonated,0,-9999,C36 H42 O2 S1,36,42,2,-9999,-9999,1,-9999,-9999
1364,537.283279,537.283475106,537.283408257,12587215,-9999,558941.3,21.52,-1,0.124420988,0.99719501,0,0.598317006,3,0.4,1.88,P1 O10,de-protonated,0,-9999,C25 H47 O10 P1,25,47,10,-9999,1,-9999,-9999,-9999
1365,538.205844,538.206040536,538.205753268,11407843,-9999,487590.7,19.33,-1,0.533750131,0.949620572,0,0.569772343,18,0.121212121,1,N1 S1 O4,de-protonated,0,-9999,C33 H33 O4 N1 S1,33,33,4,1,-9999,1,-9999,-9999
1365,538.205844,538.206040536,538.20588621,11407843,-9999,487590.7,19.33,-1,0.28674094,0.985191956,0,0.591115174,5,0.545454545,1.727272727,N1 P1 O12,de-protonated,0,-9999,C22 H38 O12 N1 P1,22,38,12,1,1,-9999,-9999,-9999
1366,538.24216,538.242356553,538.242138778,9114094,-9999,524187,15.05,-1,0.404604073,0.970732868,0,0.582439721,17,0.088235294,1.088235294,N1 S1 O3,de-protonated,0,-9999,C34 H37 O3 N1 S1,34,37,3,1,-9999,1,-9999,-9999
1366,538.24216,538.242356553,538.242271719,9114094,-9999,524187,15.05,-1,0.157611611,0.9955027,0,0.59730162,4,0.47826087,1.826086957,N1 P1 O11,de-protonated,0,-9999,C23 H42 O11 N1 P1,23,42,11,1,1,-9999,-9999,-9999
1367,539.22617,539.226367011,539.226154361,9474836,-9999,575800.5,15.72,-1,0.394362378,0.972175237,0,0.583305142,17,0.117647059,1.058823529,S1 O4,de-protonated,0,-9999,C34 H36 O4 S1,34,36,4,-9999,-9999,1,-9999,-9999
1367,539.22617,539.226367011,539.226287302,9474836,-9999,575800.5,15.72,-1,0.147820646,0.996043025,0,0.597625815,4,0.52173913,1.782608696,P1 O12,de-protonated,0,-9999,C23 H41 O12 P1,23,41,12,-9999,1,-9999,-9999,-9999
1368,539.24956,539.249757022,539.249785652,10523419,-9999,575836.4,17.68,-1,-0.053092472,0.999488661,0,0.599693197,8,0.407407407,1.481481481,O11,de-protonated,0,-9999,C27 H40 O11,27,40,11,-9999,-9999,-9999,-9999,-9999
1368,539.24956,539.249757022,539.250274909,10523419,-9999,575836.4,17.68,-1,-0.960384219,0.84589758,0,0.507538548,12,0.1,1.366666667,N2 S1 P1 O3,de-protonated,0,-9999,C30 H41 O3 N2 P1 S1,30,41,3,2,1,1,-9999,-9999
1368,539.24956,539.249757022,539.249623461,10523419,-9999,575836.4,17.68,-1,0.247679776,0.988930702,0,0.593358421,3,0.227272727,2.045454545,N4 S2 P1 O5,de-protonated,0,-9999,C22 H45 O5 N4 P1 S2,22,45,5,4,1,2,-9999,-9999
1369,539.26253,539.262727028,539.26253987,8868639,-9999,552493.7,14.59,-1,0.347063044,0.978381117,0,0.58702867,16,0.085714286,1.142857143,S1 O3,de-protonated,0,-9999,C35 H40 O3 S1,35,40,3,-9999,-9999,1,-9999,-9999
1369,539.26253,539.262727028,539.262672812,8868639,-9999,552493.7,14.59,-1,0.10053796,0.998167619,0,0.598900571,3,0.458333333,1.875,P1 O11,de-protonated,0,-9999,C24 H45 O11 P1,24,45,11,-9999,1,-9999,-9999,-9999
1370,539.285897,539.286094039,539.286171161,9753382,-9999,540569,16.24,-1,-0.143008533,0.99629599,0,0.597777594,7,0.357142857,1.571428571,O10,de-protonated,0,-9999,C28 H44 O10,28,44,10,-9999,-9999,-9999,-9999,-9999
1370,539.285897,539.286094039,539.28600897,9753382,-9999,540569,16.24,-1,0.157743394,0.995495193,0,0.597297116,2,0.173913043,2.130434783,N4 S2 P1 O4,de-protonated,0,-9999,C23 H49 O4 N4 P1 S2,23,49,4,4,1,2,-9999,-9999
1371,539.314185,539.314382052,539.314314462,10539823,-9999,554836.2,17.71,-1,0.125325424,0.99715414,0,0.598292484,6,0.24137931,1.689655172,P1 O7,de-protonated,0,-9999,C29 H49 O7 P1,29,49,7,-9999,1,-9999,-9999,-9999
1372,539.32225,539.322447056,539.322556671,7983921,-9999,557574.4,12.94,-1,-0.203245601,0.992532598,0,0.595519559,6,0.310344828,1.655172414,O9,de-protonated,0,-9999,C29 H48 O9,29,48,9,-9999,-9999,-9999,-9999,-9999
1372,539.32225,539.322447056,539.32239448,7983921,-9999,557574.4,12.94,-1,0.097486018,0.998277084,0,0.59896625,1,0.125,2.208333333,N4 S2 P1 O3,de-protonated,0,-9999,C24 H53 O3 N4 P1 S2,24,53,3,4,1,2,-9999,-9999
1373,540.221481,540.221678475,540.221403333,8180798.5,-9999,574114,13.31,-1,0.509313457,0.954022689,0,0.572413613,17,0.121212121,1.060606061,N1 S1 O4,de-protonated,0,-9999,C33 H35 O4 N1 S1,33,35,4,1,-9999,1,-9999,-9999
1373,540.221481,540.221678475,540.221536275,8180798.5,-9999,574114,13.31,-1,0.263225901,0.987506506,0,0.592503904,4,0.545454545,1.818181818,N1 P1 O12,de-protonated,0,-9999,C22 H40 O12 N1 P1,22,40,12,1,1,-9999,-9999,-9999
1374,540.257836,540.258033492,540.257788842,8049737,-9999,510404.7,13.07,-1,0.45283867,0.963475339,0,0.578085203,16,0.088235294,1.147058824,N1 S1 O3,de-protonated,0,-9999,C34 H39 O3 N1 S1,34,39,3,1,-9999,1,-9999,-9999
1374,540.257836,540.258033492,540.257921784,8049737,-9999,510404.7,13.07,-1,0.206767701,0.992272557,0,0.595363534,3,0.47826087,1.913043478,N1 P1 O11,de-protonated,0,-9999,C23 H44 O11 N1 P1,23,44,11,1,1,-9999,-9999,-9999
1375,541.184338,541.184535923,541.184289548,37410144,-9999,522325.2,67.78,-1,0.45525302,0.961722697,0.95138957,0.957589446,22,0.083333333,0.833333333,S1 O3,de-protonated,0,-9999,C36 H30 O3 S1,36,30,3,-9999,-9999,1,-9999,-9999
1375,541.184338,541.184535923,541.184422489,37410144,-9999,522325.2,67.78,-1,0.209603321,0.99137762,0.981205206,0.987308654,9,0.44,1.4,P1 O11,de-protonated,0,-9999,C25 H35 O11 P1,25,35,11,-9999,1,-9999,-9999,-9999
1376,541.228869,541.229066944,541.229050207,9229676,-9999,552029.7,15.27,-1,0.030923986,0.999826497,0,0.599895898,8,0.461538462,1.461538462,O12,de-protonated,0,-9999,C26 H38 O12,26,38,12,-9999,-9999,-9999,-9999,-9999
1376,541.228869,541.229066944,541.228537143,9229676,-9999,552029.7,15.27,-1,0.978886318,0.840408266,0,0.50424496,26,0.025641026,0.769230769,N2 O1,de-protonated,0,-9999,C39 H30 O1 N2,39,30,1,2,-9999,-9999,-9999,-9999
1376,541.228869,541.229066944,541.229539465,9229676,-9999,552029.7,15.27,-1,-0.873049891,0.870834691,0,0.522500815,12,0.137931034,1.344827586,N2 S1 P1 O4,de-protonated,0,-9999,C29 H39 O4 N2 P1 S1,29,39,4,2,1,1,-9999,-9999
1376,541.228869,541.229066944,541.228888016,9229676,-9999,552029.7,15.27,-1,0.33059634,0.980364104,0,0.588218462,3,0.285714286,2.047619048,N4 S2 P1 O6,de-protonated,0,-9999,C21 H43 O6 N4 P1 S2,21,43,6,4,1,2,-9999,-9999
1377,541.265207,541.265404961,541.265435717,17126776,-9999,518606.1,29.98,-1,-0.056821401,0.999414333,0,0.5996486,7,0.407407407,1.555555556,O11,de-protonated,0,-9999,C27 H42 O11,27,42,11,-9999,-9999,-9999,-9999,-9999
1377,541.265207,541.265404961,541.265924974,17126776,-9999,518606.1,29.98,-1,-0.960734431,0.84579432,0,0.507476592,11,0.1,1.433333333,N2 S1 P1 O3,de-protonated,0,-9999,C30 H43 O3 N2 P1 S1,30,43,3,2,1,1,-9999,-9999
1377,541.265207,541.265404961,541.265273525,17126776,-9999,518606.1,29.98,-1,0.242830782,0.989357589,0,0.593614553,2,0.227272727,2.136363636,N4 S2 P1 O5,de-protonated,0,-9999,C22 H47 O5 N4 P1 S2,22,47,5,4,1,2,-9999,-9999
1378,541.293532,541.293729974,541.293579017,7648639.5,-9999,502170.8,12.32,-1,0.278881706,0.985986937,0,0.591592162,6,0.285714286,1.678571429,P1 O8,de-protonated,0,-9999,C28 H47 O8 P1,28,47,8,-9999,1,-9999,-9999,-9999
1379,541.301561,541.301758978,541.301821226,14079362,-9999,548044.5,24.3,-1,-0.114996607,0.997603359,0,0.598562016,6,0.357142857,1.642857143,O10,de-protonated,0,-9999,C28 H46 O10,28,46,10,-9999,-9999,-9999,-9999,-9999
1379,541.301561,541.301758978,541.301659035,14079362,-9999,548044.5,24.3,-1,0.184635416,0.993833463,0,0.596300078,1,0.173913043,2.217391304,N4 S2 P1 O4,de-protonated,0,-9999,C23 H51 O4 N4 P1 S2,23,51,4,4,1,2,-9999,-9999
1380,541.337948,541.338145995,541.338206735,9770381,-9999,541128.7,16.27,-1,-0.112203922,0.997718219,0,0.598630931,5,0.310344828,1.724137931,O9,de-protonated,0,-9999,C29 H50 O9,29,50,9,-9999,-9999,-9999,-9999,-9999
1380,541.337948,541.338145995,541.338044544,9770381,-9999,541128.7,16.27,-1,0.187407963,0.993647469,0,0.596188481,0,0.125,2.291666667,N4 S2 P1 O3,de-protonated,0,-9999,C24 H55 O3 N4 P1 S2,24,55,3,4,1,2,-9999,-9999
1381,542.143224,542.14342237,542.143153011,21649022,-9999,539616.8,38.41,-1,0.49684236,0.478098638,0.73113591,0.579313547,23,0.117647059,0.735294118,N1 S1 O4,de-protonated,0,-9999,C34 H25 O4 N1 S1,34,25,4,1,-9999,1,-9999,-9999
1381,542.143224,542.14342237,542.143285952,21649022,-9999,539616.8,38.41,-1,0.25162712,0.9885771,0,0.59314626,10,0.52173913,1.304347826,N1 P1 O12,de-protonated,0,-9999,C23 H30 O12 N1 P1,23,30,12,1,1,-9999,-9999,-9999
1382,542.187702,542.187900391,542.187644383,11277964,-9999,616540.9,19.08,-1,0.472176356,0.960353265,0.95138957,0.956767787,22,0.083333333,0.833333333,13C1 S1 O3,de-protonated,1,1375,C35 H30 O3 S1 13C1,35,30,3,-9999,-9999,1,1,-9999
1382,542.187702,542.187900391,542.187777324,11277964,-9999,616540.9,19.08,-1,0.226981244,0.990695235,0.981205206,0.986899224,9,0.44,1.4,13C1 P1 O11,de-protonated,1,1375,C24 H35 O11 P1 13C1,24,35,11,-9999,1,-9999,1,-9999
1382,542.187702,542.187900391,542.18791367,11277964,-9999,616540.9,19.08,-1,-0.02449181,0.999891164,0,0.599934698,9,0.541666667,1.375,N1 O13,de-protonated,0,-9999,C24 H33 O13 N1,24,33,13,1,-9999,-9999,-9999,-9999
1382,542.187702,542.187900391,542.187400606,11277964,-9999,616540.9,19.08,-1,0.921793988,0.857119695,0,0.514271817,27,0.054054054,0.675675676,N3 O2,de-protonated,0,-9999,C37 H25 O2 N3,37,25,2,3,-9999,-9999,-9999,-9999
1382,542.187702,542.187900391,542.188402927,11277964,-9999,616540.9,19.08,-1,-0.926866954,0.855662408,0,0.513397445,13,0.185185185,1.259259259,N3 S1 P1 O5,de-protonated,0,-9999,C27 H34 O5 N3 P1 S1,27,34,5,3,1,1,-9999,-9999
1383,543.135312,543.135510832,543.135543744,11949991,-9999,510084.6,20.33,-1,-0.060594866,0.99933399,0,0.599600394,10,0.652173913,1.217391304,O15,de-protonated,0,-9999,C23 H28 O15,23,28,15,-9999,-9999,-9999,-9999,-9999
1383,543.135312,543.135510832,543.135030679,11949991,-9999,510084.6,20.33,-1,0.884039874,0.867788761,0,0.520673257,28,0.111111111,0.555555556,N2 O4,de-protonated,0,-9999,C36 H20 O4 N2,36,20,4,2,-9999,-9999,-9999,-9999
1383,543.135312,543.135510832,543.136033001,11949991,-9999,510084.6,20.33,-1,-0.961395569,0.845599316,0,0.50735959,14,0.269230769,1.115384615,N2 S1 P1 O7,de-protonated,0,-9999,C26 H29 O7 N2 P1 S1,26,29,7,2,1,1,-9999,-9999
1383,543.135312,543.135510832,543.135381552,11949991,-9999,510084.6,20.33,-1,0.238025562,0.989772473,0,0.593863484,5,0.5,1.833333333,N4 S2 P1 O9,de-protonated,0,-9999,C18 H33 O9 N4 P1 S2,18,33,9,4,1,2,-9999,-9999
1384,543.181401,543.181599854,543.181312168,10950581,-9999,550810.8,18.47,-1,0.529632318,0.950375374,0,0.570225224,22,0.171428571,0.8,O6,de-protonated,0,-9999,C35 H28 O6,35,28,6,-9999,-9999,-9999,-9999,-9999
1385,543.244444,543.244642883,543.244700272,11917256,-9999,590434,20.27,-1,-0.105640111,0.997977112,0,0.598786267,7,0.461538462,1.538461538,O12,de-protonated,0,-9999,C26 H40 O12,26,40,12,-9999,-9999,-9999,-9999,-9999
1385,543.244444,543.244642883,543.244187207,11917256,-9999,590434,20.27,-1,0.838804778,0.880147204,0,0.528088322,25,0.025641026,0.820512821,N2 O1,de-protonated,0,-9999,C39 H32 O1 N2,39,32,1,2,-9999,-9999,-9999,-9999
1385,543.244444,543.244642883,543.24453808,11917256,-9999,590434,20.27,-1,0.192920301,0.99326955,0,0.59596173,2,0.285714286,2.142857143,N4 S2 P1 O6,de-protonated,0,-9999,C21 H45 O6 N4 P1 S2,21,45,6,4,1,2,-9999,-9999
1386,543.272748,543.272946896,543.272710631,10934225,-9999,546287,18.44,-1,0.434893235,0.9662644,0,0.57975864,19,0.026315789,1.052631579,S1 O1,de-protonated,0,-9999,C38 H40 O1 S1,38,40,1,-9999,-9999,1,-9999,-9999
1386,543.272748,543.272946896,543.272843573,10934225,-9999,546287,18.44,-1,0.190187855,0.993458234,0,0.596074941,6,0.333333333,1.666666667,P1 O9,de-protonated,0,-9999,C27 H45 O9 P1,27,45,9,-9999,1,-9999,-9999,-9999
1387,543.280834,543.2810329,543.281085781,15980499,-9999,551162,27.84,-1,-0.097336033,0.998282377,0,0.598969426,6,0.407407407,1.62962963,O11,de-protonated,0,-9999,C27 H44 O11,27,44,11,-9999,-9999,-9999,-9999,-9999
1387,543.280834,543.2810329,543.281575038,15980499,-9999,551162,27.84,-1,-0.997895384,0.834697638,0,0.500818583,10,0.1,1.5,N2 S1 P1 O3,de-protonated,0,-9999,C30 H45 O3 N2 P1 S1,30,45,3,2,1,1,-9999,-9999
1387,543.280834,543.2810329,543.28092359,15980499,-9999,551162,27.84,-1,0.201204385,0.992681289,0,0.595608773,1,0.227272727,2.227272727,N4 S2 P1 O5,de-protonated,0,-9999,C22 H49 O5 N4 P1 S2,22,49,5,4,1,2,-9999,-9999
1388,543.317191,543.317389917,543.31747129,14866398,-9999,570291,25.77,-1,-0.149771066,0.995938129,0,0.597562877,5,0.357142857,1.714285714,O10,de-protonated,0,-9999,C28 H48 O10,28,48,10,-9999,-9999,-9999,-9999,-9999
1388,543.317191,543.317389917,543.317309099,14866398,-9999,570291,25.77,-1,0.148749343,0.995993248,0,0.597595949,0,0.173913043,2.304347826,N4 S2 P1 O4,de-protonated,0,-9999,C23 H53 O4 N4 P1 S2,23,53,4,4,1,2,-9999,-9999
1389,544.239742,544.239941347,544.239949244,10737906,-9999,540069.9,18.07,-1,-0.014509987,0.999961799,0,0.599977079,7,0.48,1.56,N1 O12,de-protonated,0,-9999,C25 H39 O12 N1,25,39,12,1,-9999,-9999,-9999,-9999
1389,544.239742,544.239941347,544.23943618,10737906,-9999,540069.9,18.07,-1,0.928207885,0.855276285,0,0.513165771,25,0.026315789,0.815789474,N3 O1,de-protonated,0,-9999,C38 H31 O1 N3,38,31,1,3,-9999,-9999,-9999,-9999
1389,544.239742,544.239941347,544.240438501,10737906,-9999,540069.9,18.07,-1,-0.913482772,0.859495236,0,0.515697142,11,0.142857143,1.428571429,N3 S1 P1 O4,de-protonated,0,-9999,C28 H40 O4 N3 P1 S1,28,40,4,3,1,1,-9999,-9999
1390,544.27612,544.276319364,544.276334753,9050365,-9999,526683.6,14.93,-1,-0.02827482,0.999854949,0,0.599912969,6,0.423076923,1.653846154,N1 O11,de-protonated,0,-9999,C26 H43 O11 N1,26,43,11,1,-9999,-9999,-9999,-9999
1390,544.27612,544.276319364,544.276824011,9050365,-9999,526683.6,14.93,-1,-0.92718749600000006,0.855570142,0,0.513342085,10,0.103448276,1.517241379,N3 S1 P1 O3,de-protonated,0,-9999,C29 H44 O3 N3 P1 S1,29,44,3,3,1,1,-9999,-9999
1391,545.215647,545.215846802,545.215589677,12016150,-9999,517109.1,20.46,-1,0.471602576,0.960447633,0,0.57626858,20,0.083333333,0.944444444,S1 O3,de-protonated,0,-9999,C36 H34 O3 S1,36,34,3,-9999,-9999,1,-9999,-9999
1391,545.215647,545.215846802,545.215722618,12016150,-9999,517109.1,20.46,-1,0.227769196,0.990630826,0,0.594378495,7,0.44,1.56,P1 O11,de-protonated,0,-9999,C25 H39 O11 P1,25,39,11,-9999,1,-9999,-9999,-9999
1392,545.223746,545.223945805,545.223964827,7723544,-9999,540041,12.46,-1,-0.03488726,0.999779179,0,0.599867508,7,0.52,1.52,O13,de-protonated,0,-9999,C25 H38 O13,25,38,13,-9999,-9999,-9999,-9999,-9999
1392,545.223746,545.223945805,545.223451763,7723544,-9999,540041,12.46,-1,0.906129181,0.861584546,0,0.516950728,25,0.052631579,0.789473684,N2 O2,de-protonated,0,-9999,C38 H30 O2 N2,38,30,2,2,-9999,-9999,-9999,-9999
1392,545.223746,545.223945805,545.224454084,7723544,-9999,540041,12.46,-1,-0.93223757,0.854113624,0,0.512468174,11,0.178571429,1.392857143,N2 S1 P1 O5,de-protonated,0,-9999,C28 H39 O5 N2 P1 S1,28,39,5,2,1,1,-9999,-9999
1392,545.223746,545.223945805,545.223802635,7723544,-9999,540041,12.46,-1,0.262589343,0.987566482,0,0.592539889,2,0.35,2.15,N4 S2 P1 O7,de-protonated,0,-9999,C20 H43 O7 N4 P1 S2,20,43,7,4,1,2,-9999,-9999
1393,545.252002,545.252201819,545.251975186,13769249,-9999,542187.2,23.72,-1,0.415647581,0.969138639,0,0.581483183,19,0.054054054,1.027027027,S1 O2,de-protonated,0,-9999,C37 H38 O2 S1,37,38,2,-9999,-9999,1,-9999,-9999
1393,545.252002,545.252201819,545.252108128,13769249,-9999,542187.2,23.72,-1,0.171830486,0.994656923,0,0.596794154,6,0.384615385,1.653846154,P1 O10,de-protonated,0,-9999,C26 H43 O10 P1,26,43,10,-9999,1,-9999,-9999,-9999
1394,545.26012,545.260319822,545.260350336,12737059,-9999,533447,21.8,-1,-0.055961841,0.999431914,0,0.599659148,6,0.461538462,1.615384615,O12,de-protonated,0,-9999,C26 H42 O12,26,42,12,-9999,-9999,-9999,-9999,-9999
1394,545.26012,545.260319822,545.259837272,12737059,-9999,533447,21.8,-1,0.884991785,0.867523647,0,0.520514188,24,0.025641026,0.871794872,N2 O1,de-protonated,0,-9999,C39 H34 O1 N2,39,34,1,2,-9999,-9999,-9999,-9999
1394,545.26012,545.260319822,545.260839594,12737059,-9999,533447,21.8,-1,-0.953252252,0.847994965,0,0.508796979,10,0.137931034,1.482758621,N2 S1 P1 O4,de-protonated,0,-9999,C29 H43 O4 N2 P1 S1,29,43,4,2,1,1,-9999,-9999
1394,545.26012,545.260319822,545.260188145,12737059,-9999,533447,21.8,-1,0.241494904,0.989473744,0,0.593684246,1,0.285714286,2.238095238,N4 S2 P1 O6,de-protonated,0,-9999,C21 H47 O6 N4 P1 S2,21,47,6,4,1,2,-9999,-9999
1395,545.288366,545.288565836,545.288360695,11573804,-9999,569212,19.63,-1,0.37620509,0.974646457,0,0.584787874,18,0.026315789,1.105263158,S1 O1,de-protonated,0,-9999,C38 H42 O1 S1,38,42,1,-9999,-9999,1,-9999,-9999
1395,545.288366,545.288565836,545.288493637,11573804,-9999,569212,19.63,-1,0.132404274,0.996824097,0,0.598094458,5,0.333333333,1.740740741,P1 O9,de-protonated,0,-9999,C27 H47 O9 P1,27,47,9,-9999,1,-9999,-9999,-9999
1396,545.296499,545.296698839,545.296735846,12376622,-9999,540241,21.13,-1,-0.067864286,0.999164676,0,0.599498806,5,0.407407407,1.703703704,O11,de-protonated,0,-9999,C27 H46 O11,27,46,11,-9999,-9999,-9999,-9999,-9999
1396,545.296499,545.296698839,545.297225103,12376622,-9999,540241,21.13,-1,-0.965094814,0.844506574,0,0.506703945,9,0.1,1.566666667,N2 S1 P1 O3,de-protonated,0,-9999,C30 H47 O3 N2 P1 S1,30,47,3,2,1,1,-9999,-9999
1396,545.296499,545.296698839,545.296573654,12376622,-9999,540241,21.13,-1,0.229572607,0.990482584,0,0.594289551,0,0.227272727,2.318181818,N4 S2 P1 O5,de-protonated,0,-9999,C22 H51 O5 N4 P1 S2,22,51,5,4,1,2,-9999,-9999
1397,545.332863,545.333062856,545.333121355,8919609,-9999,545856.8,14.68,-1,-0.107271279,0.997914225,0,0.598748535,4,0.357142857,1.785714286,O10,de-protonated,0,-9999,C28 H50 O10,28,50,10,-9999,-9999,-9999,-9999,-9999
1398,546.218903,546.219103269,546.219213799,8051521.5,-9999,570495.1,13.07,-1,-0.202354507,0.992597691,0,0.595558614,7,0.541666667,1.541666667,N1 O13,de-protonated,0,-9999,C24 H37 O13 N1,24,37,13,1,-9999,-9999,-9999,-9999
1398,546.218903,546.219103269,546.218700735,8051521.5,-9999,570495.1,13.07,-1,0.736947178,0.906156569,0,0.543693941,25,0.054054054,0.783783784,N3 O2,de-protonated,0,-9999,C37 H29 O2 N3,37,29,2,3,-9999,-9999,-9999,-9999
1399,546.255364,546.255564286,546.255599308,12950348,-9999,533831.1,22.2,-1,-0.064113361,0.999254429,0,0.599552657,6,0.48,1.64,N1 O12,de-protonated,0,-9999,C25 H41 O12 N1,25,41,12,1,-9999,-9999,-9999,-9999
1399,546.255364,546.255564286,546.255086244,12950348,-9999,533831.1,22.2,-1,0.875125889,0.870261422,0,0.522156853,24,0.026315789,0.868421053,N3 O1,de-protonated,0,-9999,C38 H33 O1 N3,38,33,1,3,-9999,-9999,-9999,-9999
1399,546.255364,546.255564286,546.256088566,12950348,-9999,533831.1,22.2,-1,-0.959768949,0.846078931,0,0.507647358,10,0.142857143,1.5,N3 S1 P1 O4,de-protonated,0,-9999,C28 H42 O4 N3 P1 S1,28,42,4,3,1,1,-9999,-9999
1400,546.291846,546.292046303,546.291984818,8559447,-9999,517167.2,14.01,-1,0.11255037,0.997704123,0,0.598622474,5,0.423076923,1.730769231,N1 O11,de-protonated,0,-9999,C26 H45 O11 N1,26,45,11,1,-9999,-9999,-9999,-9999
1400,546.291846,546.292046303,546.292474075,8559447,-9999,517167.2,14.01,-1,-0.783045723,0.894708613,0,0.536825168,9,0.103448276,1.586206897,N3 S1 P1 O3,de-protonated,0,-9999,C29 H46 O3 N3 P1 S1,29,46,3,3,1,1,-9999,-9999
1401,547.231288,547.231488741,547.231239741,17357936,-9999,524110.8,30.41,-1,0.455017366,0.971489111,0.939143946,0.958551045,19,0.083333333,1,S1 O3,de-protonated,0,-9999,C36 H36 O3 S1,36,36,3,-9999,-9999,1,-9999,-9999
1401,547.231288,547.231488741,547.231372683,17357936,-9999,524110.8,30.41,-1,0.212082116,0.991871865,0,0.595123119,6,0.44,1.64,P1 O11,de-protonated,0,-9999,C25 H41 O11 P1,25,41,11,-9999,1,-9999,-9999,-9999
1402,547.267659,547.267859758,547.26762525,21519482,-9999,521094.6,38.16,-1,0.42850573,0.964201857,0.893909346,0.936084852,18,0.054054054,1.081081081,S1 O2,de-protonated,0,-9999,C37 H40 O2 S1,37,40,2,-9999,-9999,1,-9999,-9999
1402,547.267659,547.267859758,547.267758192,21519482,-9999,521094.6,38.16,-1,0.185586637,0.993769959,0,0.596261976,5,0.384615385,1.730769231,P1 O10,de-protonated,0,-9999,C26 H45 O10 P1,26,45,10,-9999,1,-9999,-9999,-9999
1403,547.304051,547.304251775,547.30401076,14703749,-9999,536241.3,25.46,-1,0.440367535,0.965424695,0,0.579254817,17,0.026315789,1.157894737,S1 O1,de-protonated,0,-9999,C38 H44 O1 S1,38,44,1,-9999,-9999,1,-9999,-9999
1403,547.304051,547.304251775,547.304143701,14703749,-9999,536241.3,25.46,-1,0.19746459,0.992949874,0,0.595769925,4,0.333333333,1.814814815,P1 O9,de-protonated,0,-9999,C27 H49 O9 P1,27,49,9,-9999,1,-9999,-9999,-9999
1404,548.234577,548.234778208,548.234594576,8986010,-9999,556004.7,14.81,-1,0.334951658,0.979848607,0.939143946,0.963566742,19,0.083333333,1,13C1 S1 O3,de-protonated,1,1401,C35 H36 O3 S1 13C1,35,36,3,-9999,-9999,1,1,-9999
1404,548.234577,548.234778208,548.234863863,8986010,-9999,556004.7,14.81,-1,-0.156238264,0.99558056,0,0.597348336,6,0.541666667,1.625,N1 O13,de-protonated,0,-9999,C24 H39 O13 N1,24,39,13,1,-9999,-9999,-9999,-9999
1404,548.234577,548.234778208,548.234350799,8986010,-9999,556004.7,14.81,-1,0.779610008,0.895580635,0,0.537348381,24,0.054054054,0.837837838,N3 O2,de-protonated,0,-9999,C37 H31 O2 N3,37,31,2,3,-9999,-9999,-9999,-9999
1405,548.271035,548.271236225,548.270980085,13868452,-9999,498813.1,23.9,-1,0.467177239,0.961171904,0.893909346,0.934266881,18,0.054054054,1.081081081,13C1 S1 O2,de-protonated,1,1402,C36 H40 O2 S1 13C1,36,40,2,-9999,-9999,1,1,-9999
1405,548.271035,548.271236225,548.271249373,13868452,-9999,498813.1,23.9,-1,-0.023980151,0.999895664,0,0.599937398,5,0.48,1.72,N1 O12,de-protonated,0,-9999,C25 H43 O12 N1,25,43,12,1,-9999,-9999,-9999,-9999
1405,548.271035,548.271236225,548.270736309,13868452,-9999,498813.1,23.9,-1,0.911806138,0.859972642,0,0.515983585,23,0.026315789,0.921052632,N3 O1,de-protonated,0,-9999,C38 H35 O1 N3,38,35,1,3,-9999,-9999,-9999,-9999
1405,548.271035,548.271236225,548.27173863,13868452,-9999,498813.1,23.9,-1,-0.916343014,0.858679399,0,0.515207639,9,0.142857143,1.571428571,N3 S1 P1 O4,de-protonated,0,-9999,C28 H44 O4 N3 P1 S1,28,44,4,3,1,1,-9999,-9999
1406,549.210543,549.210744663,549.210504296,11558587,-9999,557948.8,19.6,-1,0.437658701,0.965841426,0,0.579504855,19,0.114285714,0.971428571,S1 O4,de-protonated,0,-9999,C35 H34 O4 S1,35,34,4,-9999,-9999,1,-9999,-9999
1406,549.210543,549.210744663,549.210637238,11558587,-9999,557948.8,19.6,-1,0.195598954,0.993082004,0,0.595849202,6,0.5,1.625,P1 O12,de-protonated,0,-9999,C24 H39 O12 P1,24,39,12,-9999,1,-9999,-9999,-9999
1407,549.246966,549.24716768,549.246889806,21487302,-9999,529534.4,38.1,-1,0.505918888,0.960134834,0.962606687,0.961123575,18,0.083333333,1.055555556,S1 O3,de-protonated,0,-9999,C36 H38 O3 S1,36,38,3,-9999,-9999,1,-9999,-9999
1407,549.246966,549.24716768,549.247022747,21487302,-9999,529534.4,38.1,-1,0.263875159,0.987445187,0,0.592467112,5,0.44,1.72,P1 O11,de-protonated,0,-9999,C25 H43 O11 P1,25,43,11,-9999,1,-9999,-9999,-9999
1408,549.264685,549.264886688,549.26464787,8134347.5,-9999,526399.8,13.22,-1,0.434795671,0.966279277,0,0.579767566,18,0.138888889,1.055555556,O5,de-protonated,0,-9999,C36 H38 O5,36,38,5,-9999,-9999,-9999,-9999,-9999
1409,549.283316,549.283517697,549.283275315,18276048,-9999,533896,32.12,-1,0.441269509,0.482642702,0.714192896,0.575262779,17,0.054054054,1.135135135,S1 O2,de-protonated,0,-9999,C37 H42 O2 S1,37,42,2,-9999,-9999,1,-9999,-9999
1409,549.283316,549.283517697,549.283408257,18276048,-9999,533896,32.12,-1,0.19924183,0.992822855,0,0.595693713,4,0.384615385,1.807692308,P1 O10,de-protonated,0,-9999,C26 H47 O10 P1,26,47,10,-9999,1,-9999,-9999,-9999
1410,549.319677,549.319878714,549.319660824,7806683.5,-9999,613304.5,12.61,-1,0.396653475,0.971855601,0,0.583113361,16,0.026315789,1.210526316,S1 O1,de-protonated,0,-9999,C38 H46 O1 S1,38,46,1,-9999,-9999,1,-9999,-9999
1410,549.319677,549.319878714,549.319793766,7806683.5,-9999,613304.5,12.61,-1,0.154641837,0.995670219,0,0.597402131,3,0.333333333,1.888888889,P1 O9,de-protonated,0,-9999,C27 H51 O9 P1,27,51,9,-9999,1,-9999,-9999,-9999
1411,550.213905,550.21410713,550.214128419,7774180,-9999,500858.4,12.55,-1,-0.038690738,0.999728413,0,0.599837048,6,0.608695652,1.608695652,N1 O14,de-protonated,0,-9999,C23 H37 O14 N1,23,37,14,1,-9999,-9999,-9999,-9999
1411,550.213905,550.21410713,550.213615354,7774180,-9999,500858.4,12.55,-1,0.893791148,0.86506332,0,0.519037992,24,0.083333333,0.805555556,N3 O3,de-protonated,0,-9999,C36 H29 O3 N3,36,29,3,3,-9999,-9999,-9999,-9999
1411,550.213905,550.21410713,550.214617676,7774180,-9999,500858.4,12.55,-1,-0.927902539,0.855364243,0,0.513218546,10,0.230769231,1.461538462,N3 S1 P1 O6,de-protonated,0,-9999,C26 H38 O6 N3 P1 S1,26,38,6,3,1,1,-9999,-9999
1412,550.242167,550.242369144,550.242138778,10510317,-9999,502431.6,17.65,-1,0.418662677,0.968696387,0,0.581217832,18,0.085714286,1.057142857,N1 S1 O3,de-protonated,0,-9999,C35 H37 O3 N1 S1,35,37,3,1,-9999,1,-9999,-9999
1412,550.242167,550.242369144,550.242271719,10510317,-9999,502431.6,17.65,-1,0.177056765,0.994327895,0,0.596596737,5,0.458333333,1.75,N1 P1 O11,de-protonated,0,-9999,C24 H42 O11 N1 P1,24,42,11,1,1,-9999,-9999,-9999
1413,550.250284,550.250486147,550.250244641,10002415,-9999,507770.3,16.7,-1,0.4389035,0.965650221,0.962606687,0.964432807,18,0.083333333,1.055555556,13C1 S1 O3,de-protonated,1,1407,C35 H38 O3 S1 13C1,35,38,3,-9999,-9999,1,1,-9999
1413,550.250284,550.250486147,550.250513928,10002415,-9999,507770.3,16.7,-1,-0.050487171,0.999537603,0,0.599722562,5,0.541666667,1.708333333,N1 O13,de-protonated,0,-9999,C24 H41 O13 N1,24,41,13,1,-9999,-9999,-9999,-9999
1413,550.250284,550.250486147,550.250000864,10002415,-9999,507770.3,16.7,-1,0.881933044,0.868374802,0,0.521024881,23,0.054054054,0.891891892,N3 O2,de-protonated,0,-9999,C37 H33 O2 N3,37,33,2,3,-9999,-9999,-9999,-9999
1413,550.250284,550.250486147,550.251003185,10002415,-9999,507770.3,16.7,-1,-0.939640162,0.851968833,0,0.5111813,9,0.185185185,1.555555556,N3 S1 P1 O5,de-protonated,0,-9999,C27 H42 O5 N3 P1 S1,27,42,5,3,1,1,-9999,-9999
1414,551.226142,551.226344602,551.226154361,14835983,-9999,544751.6,25.71,-1,0.345124004,0.978619418,0,0.587171651,18,0.114285714,1.028571429,S1 O4,de-protonated,0,-9999,C35 H36 O4 S1,35,36,4,-9999,-9999,1,-9999,-9999
1414,551.226142,551.226344602,551.226287302,14835983,-9999,544751.6,25.71,-1,0.10394941,0.998041281,0,0.598824768,5,0.5,1.708333333,P1 O12,de-protonated,0,-9999,C24 H41 O12 P1,24,41,12,-9999,1,-9999,-9999,-9999
1415,551.262585,551.262787619,551.26253987,18211098,-9999,535550.4,32,-1,0.44942108,0.48200728,0.719752637,0.577105423,17,0.083333333,1.111111111,S1 O3,de-protonated,0,-9999,C36 H40 O3 S1,36,40,3,-9999,-9999,1,-9999,-9999
1415,551.262585,551.262787619,551.262672812,18211098,-9999,535550.4,32,-1,0.20826238,0.992160874,0,0.595296524,4,0.44,1.8,P1 O11,de-protonated,0,-9999,C25 H45 O11 P1,25,45,11,-9999,1,-9999,-9999,-9999
1416,551.285944,551.28614663,551.286171161,7954720.5,-9999,559163.5,12.88,-1,-0.044498886,0.999640769,0,0.599784461,8,0.344827586,1.517241379,O10,de-protonated,0,-9999,C29 H44 O10,29,44,10,-9999,-9999,-9999,-9999,-9999
1416,551.285944,551.28614663,551.286660419,7954720.5,-9999,559163.5,12.88,-1,-0.931981503,0.854187608,0,0.512512565,12,0.0625,1.40625,N2 S1 P1 O2,de-protonated,0,-9999,C32 H45 O2 N2 P1 S1,32,45,2,2,1,1,-9999,-9999
1416,551.285944,551.28614663,551.28600897,7954720.5,-9999,559163.5,12.88,-1,0.249706517,0.988749829,0,0.593249898,3,0.166666667,2.041666667,N4 S2 P1 O4,de-protonated,0,-9999,C24 H49 O4 N4 P1 S2,24,49,4,4,1,2,-9999,-9999
1417,551.298941,551.299143636,551.298925379,11378980,-9999,550458,19.26,-1,0.395895194,0.971961584,0,0.583176951,16,0.054054054,1.189189189,S1 O2,de-protonated,0,-9999,C37 H44 O2 S1,37,44,2,-9999,-9999,1,-9999,-9999
1417,551.298941,551.299143636,551.299058321,11378980,-9999,550458,19.26,-1,0.154752423,0.995664038,0,0.597398423,3,0.384615385,1.884615385,P1 O10,de-protonated,0,-9999,C26 H49 O10 P1,26,49,10,-9999,1,-9999,-9999,-9999
1418,552.221469,552.221672066,552.221403333,12755507,-9999,496296.2,21.83,-1,0.486639788,0.957939777,0,0.574763866,18,0.117647059,1.029411765,N1 S1 O4,de-protonated,0,-9999,C34 H35 O4 N1 S1,34,35,4,1,-9999,1,-9999,-9999
1418,552.221469,552.221672066,552.221536275,12755507,-9999,496296.2,21.83,-1,0.245899821,0.989088361,0,0.593453017,5,0.52173913,1.739130435,N1 P1 O12,de-protonated,0,-9999,C23 H40 O12 N1 P1,23,40,12,1,1,-9999,-9999,-9999
1419,552.257776,552.257979083,552.257788842,8446526,-9999,524326.5,13.8,-1,0.344477663,0.978698567,0,0.58721914,17,0.085714286,1.114285714,N1 S1 O3,de-protonated,0,-9999,C35 H39 O3 N1 S1,35,39,3,1,-9999,1,-9999,-9999
1419,552.257776,552.257979083,552.257921784,8446526,-9999,524326.5,13.8,-1,0.103753591,0.998048646,0,0.598829188,4,0.458333333,1.833333333,N1 P1 O11,de-protonated,0,-9999,C24 H44 O11 N1 P1,24,44,11,1,1,-9999,-9999,-9999
1420,553.241744,553.241947541,553.241804425,9888606,-9999,528883.4,16.49,-1,0.258686164,0.98793114,0,0.592758684,17,0.114285714,1.085714286,S1 O4,de-protonated,0,-9999,C35 H38 O4 S1,35,38,4,-9999,-9999,1,-9999,-9999
1420,553.241744,553.241947541,553.241937367,9888606,-9999,528883.4,16.49,-1,0.018390272,0.999938636,0,0.599963181,4,0.5,1.791666667,P1 O12,de-protonated,0,-9999,C24 H43 O12 P1,24,43,12,-9999,1,-9999,-9999,-9999
1420,553.241744,553.241947541,553.241424303,9888606,-9999,528883.4,16.49,-1,0.945768876,0.850184412,0,0.510110647,22,0.027027027,0.945945946,N2 P1 O1,de-protonated,0,-9999,C37 H35 O1 N2 P1,37,35,1,2,1,-9999,-9999,-9999
1421,553.265171,553.265374552,553.265435717,11559781,-9999,487104.8,19.6,-1,-0.110551991,0.997784838,0,0.598670903,8,0.392857143,1.5,O11,de-protonated,0,-9999,C28 H42 O11,28,42,11,-9999,-9999,-9999,-9999,-9999
1421,553.265171,553.265374552,553.265924974,11559781,-9999,487104.8,19.6,-1,-0.994859651,0.835614362,0,0.501368617,12,0.096774194,1.387096774,N2 S1 P1 O3,de-protonated,0,-9999,C31 H43 O3 N2 P1 S1,31,43,3,2,1,1,-9999,-9999
1421,553.265171,553.265374552,553.265273525,11559781,-9999,487104.8,19.6,-1,0.182600896,0.993968205,0,0.596380923,3,0.217391304,2.043478261,N4 S2 P1 O5,de-protonated,0,-9999,C23 H47 O5 N4 P1 S2,23,47,5,4,1,2,-9999,-9999
1422,553.278246,553.278449558,553.278189934,9610089,-9999,595377.1,15.97,-1,0.469246143,0.96083408,0,0.576500448,16,0.083333333,1.166666667,S1 O3,de-protonated,0,-9999,C36 H42 O3 S1,36,42,3,-9999,-9999,1,-9999,-9999
1422,553.278246,553.278449558,553.278322876,9610089,-9999,595377.1,15.97,-1,0.228966004,0.990532575,0,0.594319545,3,0.44,1.88,P1 O11,de-protonated,0,-9999,C25 H47 O11 P1,25,47,11,-9999,1,-9999,-9999,-9999
1423,553.293522,553.293725565,553.293579017,8364909,-9999,499037.5,13.65,-1,0.264864367,0.98735148,0,0.592410888,7,0.275862069,1.620689655,P1 O8,de-protonated,0,-9999,C29 H47 O8 P1,29,47,8,-9999,1,-9999,-9999,-9999
1424,553.301537,553.301740569,553.301821226,9511791,-9999,514628.4,15.78,-1,-0.145773968,0.99615163,0,0.597690978,7,0.344827586,1.586206897,O10,de-protonated,0,-9999,C29 H46 O10,29,46,10,-9999,-9999,-9999,-9999,-9999
1424,553.301537,553.301740569,553.301659035,9511791,-9999,514628.4,15.78,-1,0.147359631,0.996067619,0,0.597640572,2,0.166666667,2.125,N4 S2 P1 O4,de-protonated,0,-9999,C24 H51 O4 N4 P1 S2,24,51,4,4,1,2,-9999,-9999
1425,554.237107,554.237311005,554.237053397,9479296,-9999,566189.2,15.72,-1,0.464796687,0.961558916,0,0.576935349,17,0.117647059,1.088235294,N1 S1 O4,de-protonated,0,-9999,C34 H37 O4 N1 S1,34,37,4,1,-9999,1,-9999,-9999
1425,554.237107,554.237311005,554.237186339,9479296,-9999,566189.2,15.72,-1,0.224932248,0.990861702,0,0.594517021,4,0.52173913,1.826086957,N1 P1 O12,de-protonated,0,-9999,C23 H42 O12 N1 P1,23,42,12,1,1,-9999,-9999,-9999
1426,555.244322,555.244526474,555.244700272,9545124,-9999,554152.3,15.82,-1,-0.313010831,0.982379512,0,0.589427707,8,0.444444444,1.481481481,O12,de-protonated,0,-9999,C27 H40 O12,27,40,12,-9999,-9999,-9999,-9999,-9999
1426,555.244322,555.244526474,555.244187207,9545124,-9999,554152.3,15.82,-1,0.611022416,0.934500072,0,0.560700043,26,0.025,0.8,N2 O1,de-protonated,0,-9999,C40 H32 O1 N2,40,32,1,2,-9999,-9999,-9999,-9999
1426,555.244322,555.244526474,555.24453808,9545124,-9999,554152.3,15.82,-1,-0.020902998,0.999920722,0,0.599952433,3,0.272727273,2.045454545,N4 S2 P1 O6,de-protonated,0,-9999,C22 H45 O6 N4 P1 S2,22,45,6,4,1,2,-9999,-9999
1427,555.280831,555.281035491,555.281085781,15754671,-9999,536594.7,27.37,-1,-0.090566646,0.998512807,0,0.599107684,7,0.392857143,1.571428571,O11,de-protonated,0,-9999,C28 H44 O11,28,44,11,-9999,-9999,-9999,-9999,-9999
1427,555.280831,555.281035491,555.281575038,15754671,-9999,536594.7,27.37,-1,-0.971664323,0.842559134,0,0.50553548,11,0.096774194,1.451612903,N2 S1 P1 O3,de-protonated,0,-9999,C31 H45 O3 N2 P1 S1,31,45,3,2,1,1,-9999,-9999
1427,555.280831,555.281035491,555.28092359,15754671,-9999,536594.7,27.37,-1,0.201522112,0.992658241,0,0.595594945,2,0.217391304,2.130434783,N4 S2 P1 O5,de-protonated,0,-9999,C23 H49 O5 N4 P1 S2,23,49,5,4,1,2,-9999,-9999
1428,555.317198,555.317402508,555.31747129,13444537,-9999,514850.5,23.07,-1,-0.123861314,0.997220153,0,0.598332092,6,0.344827586,1.655172414,O10,de-protonated,0,-9999,C29 H48 O10,29,48,10,-9999,-9999,-9999,-9999,-9999
1428,555.317198,555.317402508,555.317309099,13444537,-9999,514850.5,23.07,-1,0.168208296,0.994879241,0,0.596927545,1,0.166666667,2.208333333,N4 S2 P1 O4,de-protonated,0,-9999,C24 H53 O4 N4 P1 S2,24,53,4,4,1,2,-9999,-9999
1429,556.122452,556.122656883,556.122417566,17983138,-9999,556559.6,31.51,-1,0.430332574,0.483478245,0.73113591,0.582541311,24,0.147058824,0.676470588,N1 S1 O5,de-protonated,0,-9999,C34 H23 O5 N1 S1,34,23,5,1,-9999,1,-9999,-9999
1429,556.122452,556.122656883,556.122550507,17983138,-9999,556559.6,31.51,-1,0.19128133,0.993383045,0,0.596029827,11,0.565217391,1.217391304,N1 P1 O13,de-protonated,0,-9999,C23 H28 O13 N1 P1,23,28,13,1,1,-9999,-9999,-9999
1430,557.22369,557.223895396,557.223964827,9725918,-9999,516118.5,16.15,-1,-0.124600732,0.997186911,0,0.598312147,8,0.5,1.461538462,O13,de-protonated,0,-9999,C26 H38 O13,26,38,13,-9999,-9999,-9999,-9999,-9999
1430,557.22369,557.223895396,557.223451763,9725918,-9999,516118.5,16.15,-1,0.796150511,0.891355205,0,0.534813123,26,0.051282051,0.769230769,N2 O2,de-protonated,0,-9999,C39 H30 O2 N2,39,30,2,2,-9999,-9999,-9999,-9999
1430,557.22369,557.223895396,557.223802635,9725918,-9999,516118.5,16.15,-1,0.166469586,0.994984293,0,0.596990576,3,0.333333333,2.047619048,N4 S2 P1 O7,de-protonated,0,-9999,C21 H43 O7 N4 P1 S2,21,43,7,4,1,2,-9999,-9999
1431,557.252047,557.25225241,557.251975186,9414630,-9999,464246.7,15.57,-1,0.497483328,0.956086705,0,0.573652023,20,0.052631579,1,S1 O2,de-protonated,0,-9999,C38 H38 O2 S1,38,38,2,-9999,-9999,1,-9999,-9999
1431,557.252047,557.25225241,557.252108128,9414630,-9999,464246.7,15.57,-1,0.258916629,0.987909757,0,0.592745854,7,0.37037037,1.592592593,P1 O10,de-protonated,0,-9999,C27 H43 O10 P1,27,43,10,-9999,1,-9999,-9999,-9999
1432,557.260118,557.260323413,557.260350336,17688552,-9999,506390.2,30.96,-1,-0.048312951,0.999576563,0,0.599745938,7,0.444444444,1.555555556,O12,de-protonated,0,-9999,C27 H42 O12,27,42,12,-9999,-9999,-9999,-9999,-9999
1432,557.260118,557.260323413,557.259837272,17688552,-9999,506390.2,30.96,-1,0.872378243,0.435509975,0.698017357,0.540512928,25,0.025,0.85,N2 O1,de-protonated,0,-9999,C40 H34 O1 N2,40,34,1,2,-9999,-9999,-9999,-9999
1432,557.260118,557.260323413,557.260839594,17688552,-9999,506390.2,30.96,-1,-0.926281205,0.855830955,0,0.513498573,11,0.133333333,1.433333333,N2 S1 P1 O4,de-protonated,0,-9999,C30 H43 O4 N2 P1 S1,30,43,4,2,1,1,-9999,-9999
1432,557.260118,557.260323413,557.260188145,17688552,-9999,506390.2,30.96,-1,0.242738384,0.989365643,0,0.593619386,2,0.272727273,2.136363636,N4 S2 P1 O6,de-protonated,0,-9999,C22 H47 O6 N4 P1 S2,22,47,6,4,1,2,-9999,-9999
1433,557.288427,557.288632426,557.288360695,8906737,-9999,558023.7,14.63,-1,0.487595267,0.957777991,0,0.574666795,19,0.025641026,1.076923077,S1 O1,de-protonated,0,-9999,C39 H42 O1 S1,39,42,1,-9999,-9999,1,-9999,-9999
1433,557.288427,557.288632426,557.288493637,8906737,-9999,558023.7,14.63,-1,0.249044146,0.9888091,0,0.59328546,6,0.321428571,1.678571429,P1 O9,de-protonated,0,-9999,C28 H47 O9 P1,28,47,9,-9999,1,-9999,-9999,-9999
1434,557.296491,557.29669643,557.296735846,18507762,-9999,504555,32.49,-1,-0.070725869,0.999092779,0,0.599455667,6,0.392857143,1.642857143,O11,de-protonated,0,-9999,C28 H46 O11,28,46,11,-9999,-9999,-9999,-9999,-9999
1434,557.296491,557.29669643,557.297225103,18507762,-9999,504555,32.49,-1,-0.948636781,0.424673354,0.748902347,0.554364951,10,0.096774194,1.516129032,N2 S1 P1 O3,de-protonated,0,-9999,C31 H47 O3 N2 P1 S1,31,47,3,2,1,1,-9999,-9999
1434,557.296491,557.29669643,557.296573654,18507762,-9999,504555,32.49,-1,0.220306458,0.991232064,0,0.594739239,1,0.217391304,2.217391304,N4 S2 P1 O5,de-protonated,0,-9999,C23 H51 O5 N4 P1 S2,23,51,5,4,1,2,-9999,-9999
1435,557.332881,557.333086447,557.333121355,11855869,-9999,541834.9,20.11,-1,-0.062633441,0.99928843999999994,0,0.599573064,5,0.344827586,1.724137931,O10,de-protonated,0,-9999,C29 H50 O10,29,50,10,-9999,-9999,-9999,-9999,-9999
1435,557.332881,557.333086447,557.333610612,11855869,-9999,541834.9,20.11,-1,-0.940487046,0.851722725,0,0.511033635,9,0.0625,1.59375,N2 S1 P1 O2,de-protonated,0,-9999,C32 H51 O2 N2 P1 S1,32,51,2,2,1,1,-9999,-9999
1435,557.332881,557.333086447,557.332959164,11855869,-9999,541834.9,20.11,-1,0.228379888,0.990580755,0,0.594348453,0,0.166666667,2.291666667,N4 S2 P1 O4,de-protonated,0,-9999,C24 H55 O4 N4 P1 S2,24,55,4,4,1,2,-9999,-9999
1436,558.255267,558.255472877,558.255599308,8284420.5,-9999,505494,13.47,-1,-0.226475911,0.990736428,0,0.594441857,7,0.461538462,1.576923077,N1 O12,de-protonated,0,-9999,C26 H41 O12 N1,26,41,12,1,-9999,-9999,-9999,-9999
1436,558.255267,558.255472877,558.255086244,8284420.5,-9999,505494,13.47,-1,0.692573725,0.916646497,0,0.549987898,25,0.025641026,0.846153846,N3 O1,de-protonated,0,-9999,C39 H33 O1 N3,39,33,1,3,-9999,-9999,-9999,-9999
1437,559.194925,559.195131315,559.194854232,11725327,-9999,522634.5,19.87,-1,0.4955035,0.956427819,0,0.573856692,21,0.111111111,0.888888889,S1 O4,de-protonated,0,-9999,C36 H32 O4 S1,36,32,4,-9999,-9999,1,-9999,-9999
1437,559.194925,559.195131315,559.194987173,11725327,-9999,522634.5,19.87,-1,0.257765683,0.988016361,0,0.592809817,8,0.48,1.48,P1 O12,de-protonated,0,-9999,C25 H37 O12 P1,25,37,12,-9999,1,-9999,-9999,-9999
1438,559.231304,559.231510332,559.231239741,10086937,-9999,549881.9,16.82,-1,0.483861751,0.958408517,0,0.57504511,20,0.081081081,0.972972973,S1 O3,de-protonated,0,-9999,C37 H36 O3 S1,37,36,3,-9999,-9999,1,-9999,-9999
1438,559.231304,559.231510332,559.231372683,10086937,-9999,549881.9,16.82,-1,0.246139404,0.989067205,0,0.593440323,7,0.423076923,1.576923077,P1 O11,de-protonated,0,-9999,C26 H41 O11 P1,26,41,11,-9999,1,-9999,-9999,-9999
1439,559.239334,559.239540335,559.239614891,10578460,-9999,505771.4,17.74,-1,-0.133316507,0.996780254,0,0.598068153,7,0.5,1.538461538,O13,de-protonated,0,-9999,C26 H40 O13,26,40,13,-9999,-9999,-9999,-9999,-9999
1439,559.239334,559.239540335,559.239101827,10578460,-9999,505771.4,17.74,-1,0.78411609,0.894436332,0,0.536661799,25,0.051282051,0.820512821,N2 O2,de-protonated,0,-9999,C39 H32 O2 N2,39,32,2,2,-9999,-9999,-9999,-9999
1439,559.239334,559.239540335,559.2394527,10578460,-9999,505771.4,17.74,-1,0.156704713,0.995554191,0,0.597332515,2,0.333333333,2.142857143,N4 S2 P1 O7,de-protonated,0,-9999,C21 H45 O7 N4 P1 S2,21,45,7,4,1,2,-9999,-9999
1440,559.267638,559.267844349,559.26762525,13134372,-9999,570009.1,22.49,-1,0.391759107,0.972536305,0,0.583521783,19,0.052631579,1.052631579,S1 O2,de-protonated,0,-9999,C38 H40 O2 S1,38,40,2,-9999,-9999,1,-9999,-9999
1440,559.267638,559.267844349,559.267758192,13134372,-9999,570009.1,22.49,-1,0.154052248,0.995703101,0,0.59742186,6,0.37037037,1.666666667,P1 O10,de-protonated,0,-9999,C27 H45 O10 P1,27,45,10,-9999,1,-9999,-9999,-9999
1441,559.2757,559.275906352,559.276000401,12937766,-9999,534568.9,22.12,-1,-0.168160763,0.994882128,0,0.596929277,6,0.444444444,1.62962963,O12,de-protonated,0,-9999,C27 H44 O12,27,44,12,-9999,-9999,-9999,-9999,-9999
1441,559.2757,559.275906352,559.275487336,12937766,-9999,534568.9,22.12,-1,0.749212116,0.903164512,0,0.541898707,24,0.025,0.9,N2 O1,de-protonated,0,-9999,C40 H36 O1 N2,40,36,1,2,-9999,-9999,-9999,-9999
1441,559.2757,559.275906352,559.275838209,12937766,-9999,534568.9,22.12,-1,0.121841579,0.997309952,0,0.598385971,1,0.272727273,2.227272727,N4 S2 P1 O6,de-protonated,0,-9999,C22 H49 O6 N4 P1 S2,22,49,6,4,1,2,-9999,-9999
1442,559.304053,559.304259366,559.30401076,10431022,-9999,540281.9,17.46,-1,0.444491361,0.964785692,0,0.578871415,18,0.025641026,1.128205128,S1 O1,de-protonated,0,-9999,C39 H44 O1 S1,39,44,1,-9999,-9999,1,-9999,-9999
1442,559.304053,559.304259366,559.304143701,10431022,-9999,540281.9,17.46,-1,0.206799954,0.992270155,0,0.595362093,5,0.321428571,1.75,P1 O9,de-protonated,0,-9999,C28 H49 O9 P1,28,49,9,-9999,1,-9999,-9999,-9999
1443,559.312108,559.312314369,559.31238591,11938352,-9999,520138.4,20.27,-1,-0.127908246,0.997035807,0,0.598221484,5,0.392857143,1.714285714,O11,de-protonated,0,-9999,C28 H48 O11,28,48,11,-9999,-9999,-9999,-9999,-9999
1443,559.312108,559.312314369,559.312223719,11938352,-9999,520138.4,20.27,-1,0.162075242,0.995244977,0,0.597146986,0,0.217391304,2.304347826,N4 S2 P1 O5,de-protonated,0,-9999,C23 H53 O5 N4 P1 S2,23,53,5,4,1,2,-9999,-9999
1444,560.234556,560.234762799,560.234863863,10070836,-9999,528544.6,16.79,-1,-0.180396469,0.994112536,0,0.596467521,7,0.52,1.56,N1 O13,de-protonated,0,-9999,C25 H39 O13 N1,25,39,13,1,-9999,-9999,-9999,-9999
1444,560.234556,560.234762799,560.234350799,10070836,-9999,528544.6,16.79,-1,0.735406278,0.906529676,0,0.543917805,25,0.052631579,0.815789474,N3 O2,de-protonated,0,-9999,C38 H31 O2 N3,38,31,2,3,-9999,-9999,-9999,-9999
1445,560.271028,560.271234816,560.271249373,11709246,-9999,499910.8,19.84,-1,-0.025981609,0.999877522,0,0.599926513,6,0.461538462,1.653846154,N1 O12,de-protonated,0,-9999,C26 H43 O12 N1,26,43,12,1,-9999,-9999,-9999,-9999
1445,560.271028,560.271234816,560.270736309,11709246,-9999,499910.8,19.84,-1,0.889761805,0.866192089,0,0.519715254,24,0.025641026,0.897435897,N3 O1,de-protonated,0,-9999,C39 H35 O1 N3,39,35,1,3,-9999,-9999,-9999,-9999
1445,560.271028,560.271234816,560.27173863,11709246,-9999,499910.8,19.84,-1,-0.899231683,0.863533484,0,0.51812009,10,0.137931034,1.517241379,N3 S1 P1 O4,de-protonated,0,-9999,C29 H44 O4 N3 P1 S1,29,44,4,3,1,1,-9999,-9999
1446,561.24695,561.247157271,561.246889806,17427536,-9999,503893.7,30.47,-1,0.476555425,0.966348399,0.911728781,0.944500552,19,0.081081081,1.027027027,S1 O3,de-protonated,0,-9999,C37 H38 O3 S1,37,38,3,-9999,-9999,1,-9999,-9999
1446,561.24695,561.247157271,561.247022747,17427536,-9999,503893.7,30.47,-1,0.239686831,0.989629957,0,0.593777974,6,0.423076923,1.653846154,P1 O11,de-protonated,0,-9999,C26 H43 O11 P1,26,43,11,-9999,1,-9999,-9999,-9999
1447,561.283311,561.283518288,561.283275315,16968794,-9999,571398.5,29.62,-1,0.432888083,0.970481066,0.894690612,0.940164884,18,0.052631579,1.105263158,S1 O2,de-protonated,0,-9999,C38 H42 O2 S1,38,42,2,-9999,-9999,1,-9999,-9999
1447,561.283311,561.283518288,561.283408257,16968794,-9999,571398.5,29.62,-1,0.196034854,0.993051243,0,0.595830746,5,0.37037037,1.740740741,P1 O10,de-protonated,0,-9999,C27 H47 O10 P1,27,47,10,-9999,1,-9999,-9999,-9999
1448,561.319749,561.319956305,561.319660824,11152484,-9999,521668.2,18.8,-1,0.526403204,0.950963601,0,0.570578161,17,0.025641026,1.179487179,S1 O1,de-protonated,0,-9999,C39 H46 O1 S1,39,46,1,-9999,-9999,1,-9999,-9999
1448,561.319749,561.319956305,561.319793766,11152484,-9999,521668.2,18.8,-1,0.289565306,0.984901029,0,0.590940617,4,0.321428571,1.821428571,P1 O9,de-protonated,0,-9999,C28 H51 O9 P1,28,51,9,-9999,1,-9999,-9999,-9999
1449,562.250255,562.250462738,562.250244641,10415462,-9999,562485,17.43,-1,0.387901346,0.973067212,0.911728781,0.94853184,19,0.081081081,1.027027027,13C1 S1 O3,de-protonated,1,1446,C36 H38 O3 S1 13C1,36,38,3,-9999,-9999,1,1,-9999
1449,562.250255,562.250462738,562.250513928,10415462,-9999,562485,17.43,-1,-0.091044333,0.99849709,0,0.599098254,6,0.52,1.64,N1 O13,de-protonated,0,-9999,C25 H41 O13 N1,25,41,13,1,-9999,-9999,-9999,-9999
1449,562.250255,562.250462738,562.250000864,10415462,-9999,562485,17.43,-1,0.821475369,0.8847541,0,0.53085246,24,0.052631579,0.868421053,N3 O2,de-protonated,0,-9999,C38 H33 O2 N3,38,33,2,3,-9999,-9999,-9999,-9999
1449,562.250255,562.250462738,562.251003185,10415462,-9999,562485,17.43,-1,-0.961220292,0.845651023,0,0.507390614,10,0.178571429,1.5,N3 S1 P1 O5,de-protonated,0,-9999,C28 H42 O5 N3 P1 S1,28,42,5,3,1,1,-9999,-9999
1450,562.286635,562.286842755,562.28663015,11152752,-9999,522413.3,18.8,-1,0.378108273,0.974392608,0.894690612,0.94251181,18,0.052631579,1.105263158,13C1 S1 O2,de-protonated,1,1447,C37 H42 O2 S1 13C1,37,42,2,-9999,-9999,1,1,-9999
1450,562.286635,562.286842755,562.286899437,11152752,-9999,522413.3,18.8,-1,-0.10080641,0.99815783,0,0.598894698,5,0.461538462,1.730769231,N1 O12,de-protonated,0,-9999,C26 H45 O12 N1,26,45,12,1,-9999,-9999,-9999,-9999
1450,562.286635,562.286842755,562.286386373,11152752,-9999,522413.3,18.8,-1,0.811654235,0.887332741,0,0.532399644,23,0.025641026,0.948717949,N3 O1,de-protonated,0,-9999,C39 H37 O1 N3,39,37,1,3,-9999,-9999,-9999,-9999
1450,562.286635,562.286842755,562.287388695,11152752,-9999,522413.3,18.8,-1,-0.970926051,0.842778419,0,0.505667051,9,0.137931034,1.586206897,N3 S1 P1 O4,de-protonated,0,-9999,C29 H46 O4 N3 P1 S1,29,46,4,3,1,1,-9999,-9999
1451,563.226227,563.226435193,563.226154361,13315699,-9999,516606.4,22.82,-1,0.498613739,0.955891386,0,0.573534832,19,0.111111111,1,S1 O4,de-protonated,0,-9999,C36 H36 O4 S1,36,36,4,-9999,-9999,1,-9999,-9999
1451,563.226227,563.226435193,563.226287302,13315699,-9999,516606.4,22.82,-1,0.262577532,0.987567594,0,0.592540556,6,0.48,1.64,P1 O12,de-protonated,0,-9999,C25 H41 O12 P1,25,41,12,-9999,1,-9999,-9999,-9999
1452,563.262587,563.26279521,563.26253987,21196412,-9999,527827.7,37.48,-1,0.453323044,0.962949798,0.965831867,0.964102625,18,0.081081081,1.081081081,S1 O3,de-protonated,0,-9999,C37 H40 O3 S1,37,40,3,-9999,-9999,1,-9999,-9999
1452,563.262587,563.26279521,563.262672812,21196412,-9999,527827.7,37.48,-1,0.217302096,0.991468558,0,0.594881135,5,0.423076923,1.730769231,P1 O11,de-protonated,0,-9999,C26 H45 O11 P1,26,45,11,-9999,1,-9999,-9999,-9999
1453,563.298953,563.299161227,563.298925379,16051847,-9999,518406.3,27.91,-1,0.418689743,0.961967265,0.972844726,0.966318249,17,0.052631579,1.157894737,S1 O2,de-protonated,0,-9999,C38 H44 O2 S1,38,44,2,-9999,-9999,1,-9999,-9999
1453,563.298953,563.299161227,563.299058321,16051847,-9999,518406.3,27.91,-1,0.182684048,0.993962727,0,0.596377636,4,0.37037037,1.814814815,P1 O10,de-protonated,0,-9999,C27 H49 O10 P1,27,49,10,-9999,1,-9999,-9999,-9999
1454,563.33537,563.335578244,563.335310889,8793744,-9999,521471.2,14.41,-1,0.474593185,0.959954622,0,0.575972773,16,0.025641026,1.230769231,S1 O1,de-protonated,0,-9999,C39 H48 O1 S1,39,48,1,-9999,-9999,1,-9999,-9999
1454,563.33537,563.335578244,563.33544383,8793744,-9999,521471.2,14.41,-1,0.23860272,0.98972307,0,0.593833842,3,0.321428571,1.892857143,P1 O9,de-protonated,0,-9999,C28 H53 O9 P1,28,53,9,-9999,1,-9999,-9999,-9999
1455,564.265945,564.266153677,564.265894705,9973647,-9999,539439,16.61,-1,0.458954356,0.962500986,0.965831867,0.963833339,18,0.081081081,1.081081081,13C1 S1 O3,de-protonated,1,1452,C36 H40 O3 S1 13C1,36,40,3,-9999,-9999,1,1,-9999
1455,564.265945,564.266153677,564.266163992,9973647,-9999,539439,16.61,-1,-0.018280486,0.999939366,0,0.59996362,5,0.52,1.72,N1 O13,de-protonated,0,-9999,C25 H43 O13 N1,25,43,13,1,-9999,-9999,-9999,-9999
1455,564.265945,564.266153677,564.265650928,9973647,-9999,539439,16.61,-1,0.890979611,0.865851319,0,0.519510791,23,0.052631579,0.921052632,N3 O2,de-protonated,0,-9999,C38 H35 O2 N3,38,35,2,3,-9999,-9999,-9999,-9999
1455,564.265945,564.266153677,564.26665325,9973647,-9999,539439,16.61,-1,-0.8853481,0.867424358,0,0.520454615,9,0.178571429,1.571428571,N3 S1 P1 O5,de-protonated,0,-9999,C28 H44 O5 N3 P1 S1,28,44,5,3,1,1,-9999,-9999
1456,564.302355,564.302563694,564.302280214,7499672.5,-9999,525128,12.01,-1,0.502354703,0.955242126,0.972844726,0.962283166,17,0.052631579,1.157894737,13C1 S1 O2,de-protonated,1,1453,C37 H44 O2 S1 13C1,37,44,2,-9999,-9999,1,1,-9999
1456,564.302355,564.302563694,564.302549502,7499672.5,-9999,525128,12.01,-1,0.025150612,0.999885231,0,0.599931138,4,0.461538462,1.807692308,N1 O12,de-protonated,0,-9999,C26 H47 O12 N1,26,47,12,1,-9999,-9999,-9999,-9999
1456,564.302355,564.302563694,564.302036438,7499672.5,-9999,525128,12.01,-1,0.93435212,0.853502146,0,0.512101288,22,0.025641026,1,N3 O1,de-protonated,0,-9999,C39 H39 O1 N3,39,39,1,3,-9999,-9999,-9999,-9999
1456,564.302355,564.302563694,564.303038759,7499672.5,-9999,525128,12.01,-1,-0.841861134,0.879327245,0,0.527596347,8,0.137931034,1.655172414,N3 S1 P1 O4,de-protonated,0,-9999,C29 H48 O4 N3 P1 S1,29,48,4,3,1,1,-9999,-9999
1457,565.241766,565.241975132,565.241804425,14741655,-9999,509232.6,25.48,-1,0.302006842,0.983586596,0,0.590151958,18,0.111111111,1.055555556,S1 O4,de-protonated,0,-9999,C36 H38 O4 S1,36,38,4,-9999,-9999,1,-9999,-9999
1457,565.241766,565.241975132,565.241937367,14741655,-9999,509232.6,25.48,-1,0.066812385,0.99919036,0,0.599514216,5,0.48,1.72,P1 O12,de-protonated,0,-9999,C25 H43 O12 P1,25,43,12,-9999,1,-9999,-9999,-9999
1457,565.241766,565.241975132,565.241424303,14741655,-9999,509232.6,25.48,-1,0.974502909,0.841714986,0,0.505028991,23,0.026315789,0.921052632,N2 P1 O1,de-protonated,0,-9999,C38 H35 O1 N2 P1,38,35,1,2,1,-9999,-9999,-9999
1458,565.278246,565.278455149,565.278189934,16674977,-9999,523139,29.07,-1,0.469175254,0.480422839,0.714192896,0.573930862,17,0.081081081,1.135135135,S1 O3,de-protonated,0,-9999,C37 H42 O3 S1,37,42,3,-9999,-9999,1,-9999,-9999
1458,565.278246,565.278455149,565.278322876,16674977,-9999,523139,29.07,-1,0.233995897,0.990114134,0,0.59406848,4,0.423076923,1.807692308,P1 O11,de-protonated,0,-9999,C26 H47 O11 P1,26,47,11,-9999,1,-9999,-9999,-9999
1459,565.314597,565.314806166,565.314575444,10694826,-9999,522498.3,17.95,-1,0.408130507,0.970228178,0,0.582136907,16,0.052631579,1.210526316,S1 O2,de-protonated,0,-9999,C38 H46 O2 S1,38,46,2,-9999,-9999,1,-9999,-9999
1459,565.314597,565.314806166,565.314708386,10694826,-9999,522498.3,17.95,-1,0.172966302,0.994586245,0,0.596751747,3,0.37037037,1.888888889,P1 O10,de-protonated,0,-9999,C27 H51 O10 P1,27,51,10,-9999,1,-9999,-9999,-9999
1460,566.237093,566.237302596,566.237053397,10432930,-9999,526558.6,17.46,-1,0.440095575,0.965466641,0,0.579279985,18,0.114285714,1.057142857,N1 S1 O4,de-protonated,0,-9999,C35 H37 O4 N1 S1,35,37,4,1,-9999,1,-9999,-9999
1460,566.237093,566.237302596,566.237186339,10432930,-9999,526558.6,17.46,-1,0.205314477,0.992380383,0,0.59542823,5,0.5,1.75,N1 P1 O12,de-protonated,0,-9999,C24 H42 O12 N1 P1,24,42,12,1,1,-9999,-9999,-9999
1461,567.244431,567.244641065,567.244700272,8180397,-9999,458980.8,13.27,-1,-0.104375894,0.998025191,0,0.598815115,9,0.428571429,1.428571429,O12,de-protonated,0,-9999,C28 H40 O12,28,40,12,-9999,-9999,-9999,-9999,-9999
1461,567.244431,567.244641065,567.244187207,8180397,-9999,458980.8,13.27,-1,0.800109702,0.89033364,0,0.534200184,27,0.024390244,0.780487805,N2 O1,de-protonated,0,-9999,C41 H32 O1 N2,41,32,1,2,-9999,-9999,-9999,-9999
1461,567.244431,567.244641065,567.245189529,8180397,-9999,458980.8,13.27,-1,-0.966890567,0.843975114,0,0.506385069,13,0.129032258,1.322580645,N2 S1 P1 O4,de-protonated,0,-9999,C31 H41 O4 N2 P1 S1,31,41,4,2,1,1,-9999,-9999
1461,567.244431,567.244641065,567.24453808,8180397,-9999,458980.8,13.27,-1,0.181552488,0.994037064,0,0.596422238,4,0.260869565,1.956521739,N4 S2 P1 O6,de-protonated,0,-9999,C23 H45 O6 N4 P1 S2,23,45,6,4,1,2,-9999,-9999
1462,567.257489,567.257699071,567.25745449,9532081,-9999,548271.4,15.79,-1,0.431165019,0.966830673,0,0.580098404,17,0.111111111,1.111111111,S1 O4,de-protonated,0,-9999,C36 H40 O4 S1,36,40,4,-9999,-9999,1,-9999,-9999
1462,567.257489,567.257699071,567.257587431,9532081,-9999,548271.4,15.79,-1,0.196806255,0.992996641,0,0.595797984,4,0.48,1.8,P1 O12,de-protonated,0,-9999,C25 H45 O12 P1,25,45,12,-9999,1,-9999,-9999,-9999
1463,567.280886,567.281096082,567.281085781,10089143,-9999,514008.4,16.82,-1,0.01815848,0.999940173,0,0.599964104,8,0.379310345,1.517241379,O11,de-protonated,0,-9999,C29 H44 O11,29,44,11,-9999,-9999,-9999,-9999,-9999
1463,567.280886,567.281096082,567.281575038,10089143,-9999,514008.4,16.82,-1,-0.844300977,0.878671095,0,0.527202657,12,0.09375,1.40625,N2 S1 P1 O3,de-protonated,0,-9999,C32 H45 O3 N2 P1 S1,32,45,3,2,1,1,-9999,-9999
1463,567.280886,567.281096082,567.28092359,10089143,-9999,514008.4,16.82,-1,0.304068557,0.983363613,0,0.590018168,3,0.208333333,2.041666667,N4 S2 P1 O5,de-protonated,0,-9999,C24 H49 O5 N4 P1 S2,24,49,5,4,1,2,-9999,-9999
1464,567.29386,567.294070088,567.293839999,10318522,-9999,501429.8,17.25,-1,0.405590808,0.970592065,0,0.582355239,16,0.081081081,1.189189189,S1 O3,de-protonated,0,-9999,C37 H44 O3 S1,37,44,3,-9999,-9999,1,-9999,-9999
1464,567.29386,567.294070088,567.293972941,10318522,-9999,501429.8,17.25,-1,0.171247081,0.994693047,0,0.596815828,3,0.423076923,1.884615385,P1 O11,de-protonated,0,-9999,C26 H49 O11 P1,26,49,11,-9999,1,-9999,-9999,-9999
1465,567.317154,567.317364099,567.31747129,7860928.5,-9999,577285,12.68,-1,-0.188944455,0.993543216,0,0.596125929,7,0.333333333,1.6,O10,de-protonated,0,-9999,C30 H48 O10,30,48,10,-9999,-9999,-9999,-9999,-9999
1465,567.317154,567.317364099,567.317309099,7860928.5,-9999,577285,12.68,-1,0.096947226,0.99829606,0,0.598977636,2,0.16,2.12,N4 S2 P1 O4,de-protonated,0,-9999,C25 H53 O4 N4 P1 S2,25,53,4,4,1,2,-9999,-9999
1466,568.216379,568.216589518,568.216317952,9188269,-9999,566350.5,15.15,-1,0.477926216,0.95940179,0,0.575641074,18,0.147058824,1.029411765,N1 S1 O5,de-protonated,0,-9999,C34 H35 O5 N1 S1,34,35,5,1,-9999,1,-9999,-9999
1466,568.216379,568.216589518,568.216450894,9188269,-9999,566350.5,15.15,-1,0.24396292,0.989258659,0,0.593555195,5,0.565217391,1.739130435,N1 P1 O13,de-protonated,0,-9999,C23 H40 O13 N1 P1,23,40,13,1,1,-9999,-9999,-9999
1467,569.260066,569.260277004,569.260350336,11023548,-9999,466254.9,18.56,-1,-0.128819853,0.996993469,0,0.598196081,8,0.428571429,1.5,O12,de-protonated,0,-9999,C28 H42 O12,28,42,12,-9999,-9999,-9999,-9999,-9999
1467,569.260066,569.260277004,569.259837272,11023548,-9999,466254.9,18.56,-1,0.772463095,0.897385008,0,0.538431005,26,0.024390244,0.829268293,N2 O1,de-protonated,0,-9999,C41 H34 O1 N2,41,34,1,2,-9999,-9999,-9999,-9999
1467,569.260066,569.260277004,569.260839594,11023548,-9999,466254.9,18.56,-1,-0.988280495,0.837594965,0,0.502556979,12,0.129032258,1.387096774,N2 S1 P1 O4,de-protonated,0,-9999,C31 H43 O4 N2 P1 S1,31,43,4,2,1,1,-9999,-9999
1467,569.260066,569.260277004,569.260188145,11023548,-9999,466254.9,18.56,-1,0.1560961,0.995588582,0,0.597353149,3,0.260869565,2.043478261,N4 S2 P1 O6,de-protonated,0,-9999,C23 H47 O6 N4 P1 S2,23,47,6,4,1,2,-9999,-9999
1468,569.296517,569.296728021,569.296735846,12580037,-9999,530993.5,21.45,-1,-0.013743978,0.999965725,0,0.599979435,7,0.379310345,1.586206897,O11,de-protonated,0,-9999,C29 H46 O11,29,46,11,-9999,-9999,-9999,-9999,-9999
1468,569.296517,569.296728021,569.297225103,12580037,-9999,530993.5,21.45,-1,-0.873149789,0.870807128,0,0.522484277,11,0.09375,1.46875,N2 S1 P1 O3,de-protonated,0,-9999,C32 H47 O3 N2 P1 S1,32,47,3,2,1,1,-9999,-9999
1468,569.296517,569.296728021,569.296573654,12580037,-9999,530993.5,21.45,-1,0.271153798,0.986747693,0,0.592048616,2,0.208333333,2.125,N4 S2 P1 O5,de-protonated,0,-9999,C24 H51 O5 N4 P1 S2,24,51,5,4,1,2,-9999,-9999
1469,569.332891,569.333102038,569.333121355,12940495,-9999,513407.4,22.12,-1,-0.033928827,0.999791144,0,0.599874687,6,0.333333333,1.666666667,O10,de-protonated,0,-9999,C30 H50 O10,30,50,10,-9999,-9999,-9999,-9999,-9999
1469,569.332891,569.333102038,569.333610612,12940495,-9999,513407.4,22.12,-1,-0.893279696,0.865206798,0,0.519124079,10,0.060606061,1.545454545,N2 S1 P1 O2,de-protonated,0,-9999,C33 H51 O2 N2 P1 S1,33,51,2,2,1,1,-9999,-9999
1469,569.332891,569.333102038,569.332959164,12940495,-9999,513407.4,22.12,-1,0.250950736,0.988638078,0,0.593182847,1,0.16,2.2,N4 S2 P1 O4,de-protonated,0,-9999,C25 H55 O4 N4 P1 S2,25,55,4,4,1,2,-9999,-9999
1470,569.36925,569.369461055,569.369506864,7599320,-9999,530724.6,12.19,-1,-0.080456038,0.998826141,0,0.599295684,5,0.290322581,1.741935484,O9,de-protonated,0,-9999,C31 H54 O9,31,54,9,-9999,-9999,-9999,-9999,-9999
1470,569.36925,569.369461055,569.369996122,7599320,-9999,530724.6,12.19,-1,-0.939751951,0.851936355,0,0.511161813,9,0.029411765,1.617647059,N2 S1 P1 O1,de-protonated,0,-9999,C34 H55 O1 N2 P1 S1,34,55,1,2,1,1,-9999,-9999
1470,569.36925,569.369461055,569.369344673,7599320,-9999,530724.6,12.19,-1,0.204405306,0.992447461,0,0.595468477,0,0.115384615,2.269230769,N4 S2 P1 O3,de-protonated,0,-9999,C26 H59 O3 N4 P1 S2,26,59,3,4,1,2,-9999,-9999
1471,571.239416,571.239627926,571.239614891,9680566,-9999,521959.6,16.06,-1,0.02281888,0.999905524,0,0.599943314,8,0.481481481,1.481481481,O13,de-protonated,0,-9999,C27 H40 O13,27,40,13,-9999,-9999,-9999,-9999,-9999
1471,571.239416,571.239627926,571.239101827,9680566,-9999,521959.6,16.06,-1,0.920979143,0.857353256,0,0.514411954,26,0.05,0.8,N2 O2,de-protonated,0,-9999,C40 H32 O2 N2,40,32,2,2,-9999,-9999,-9999,-9999
1471,571.239416,571.239627926,571.240104149,9680566,-9999,521959.6,16.06,-1,-0.833663985,0.88152136,0,0.528912816,12,0.166666667,1.366666667,N2 S1 P1 O5,de-protonated,0,-9999,C30 H41 O5 N2 P1 S1,30,41,5,2,1,1,-9999,-9999
1471,571.239416,571.239627926,571.2394527,9680566,-9999,521959.6,16.06,-1,0.306747682,0.983071664,0,0.589842998,3,0.318181818,2.045454545,N4 S2 P1 O7,de-protonated,0,-9999,C22 H45 O7 N4 P1 S2,22,45,7,4,1,2,-9999,-9999
1472,571.275714,571.275925943,571.276000401,14808767,-9999,510553.5,25.6,-1,-0.130335232,0.996922427,0,0.598153456,7,0.428571429,1.571428571,O12,de-protonated,0,-9999,C28 H44 O12,28,44,12,-9999,-9999,-9999,-9999,-9999
1472,571.275714,571.275925943,571.275487336,14808767,-9999,510553.5,25.6,-1,0.767767687,0.449281682,0.692787115,0.546683855,25,0.024390244,0.87804878,N2 O1,de-protonated,0,-9999,C41 H36 O1 N2,41,36,1,2,-9999,-9999,-9999,-9999
1472,571.275714,571.275925943,571.276489658,14808767,-9999,510553.5,25.6,-1,-0.986763416,0.838050468,0,0.502830281,11,0.129032258,1.451612903,N2 S1 P1 O4,de-protonated,0,-9999,C31 H45 O4 N2 P1 S1,31,45,4,2,1,1,-9999,-9999
1472,571.275714,571.275925943,571.275838209,14808767,-9999,510553.5,25.6,-1,0.153575442,0.995729601,0,0.597437761,2,0.260869565,2.130434783,N4 S2 P1 O6,de-protonated,0,-9999,C23 H49 O6 N4 P1 S2,23,49,6,4,1,2,-9999,-9999
1473,571.312098,571.31230996,571.31238591,14972616,-9999,499878.1,25.9,-1,-0.13293916,0.996798426,0,0.598079056,6,0.379310345,1.655172414,O11,de-protonated,0,-9999,C29 H48 O11,29,48,11,-9999,-9999,-9999,-9999,-9999
1473,571.312098,571.31230996,571.312875167,14972616,-9999,499878.1,25.9,-1,-0.989312798,0.837284759,0,0.502370855,10,0.09375,1.53125,N2 S1 P1 O3,de-protonated,0,-9999,C32 H49 O3 N2 P1 S1,32,49,3,2,1,1,-9999,-9999
1473,571.312098,571.31230996,571.312223719,14972616,-9999,499878.1,25.9,-1,0.150953432,0.995873876,0,0.597524326,1,0.208333333,2.208333333,N4 S2 P1 O5,de-protonated,0,-9999,C24 H53 O5 N4 P1 S2,24,53,5,4,1,2,-9999,-9999
1474,571.348545,571.348756977,571.348771419,8238801.5,-9999,495239.5,13.38,-1,-0.025277306,0.999884071,0,0.599930443,5,0.333333333,1.733333333,O10,de-protonated,0,-9999,C30 H52 O10,30,52,10,-9999,-9999,-9999,-9999,-9999
1474,571.348545,571.348756977,571.349260677,8238801.5,-9999,495239.5,13.38,-1,-0.881596499,0.868468323,0,0.521080994,9,0.060606061,1.606060606,N2 S1 P1 O2,de-protonated,0,-9999,C33 H53 O2 N2 P1 S1,33,53,2,2,1,1,-9999,-9999
1474,571.348545,571.348756977,571.348609228,8238801.5,-9999,495239.5,13.38,-1,0.258597238,0.987939386,0,0.592763632,0,0.16,2.28,N4 S2 P1 O4,de-protonated,0,-9999,C25 H57 O4 N4 P1 S2,25,57,4,4,1,2,-9999,-9999
1475,573.246915,573.247127862,573.246889806,9353386,-9999,538929.6,15.45,-1,0.415276768,0.969192822,0,0.581515693,20,0.078947368,1,S1 O3,de-protonated,0,-9999,C38 H38 O3 S1,38,38,3,-9999,-9999,1,-9999,-9999
1475,573.246915,573.247127862,573.247022747,9353386,-9999,538929.6,15.45,-1,0.183366649,0.993917664,0,0.596350598,7,0.407407407,1.592592593,P1 O11,de-protonated,0,-9999,C27 H43 O11 P1,27,43,11,-9999,1,-9999,-9999,-9999
1476,573.255037,573.255249865,573.255264956,8501420,-9999,513059,13.87,-1,-0.02632391,0.999874273,0,0.599924564,7,0.481481481,1.555555556,O13,de-protonated,0,-9999,C27 H42 O13,27,42,13,-9999,-9999,-9999,-9999,-9999
1476,573.255037,573.255249865,573.254751891,8501420,-9999,513059,13.87,-1,0.868678241,0.87203866,0,0.523223196,25,0.05,0.85,N2 O2,de-protonated,0,-9999,C40 H34 O2 N2,40,34,2,2,-9999,-9999,-9999,-9999
1476,573.255037,573.255249865,573.255754213,8501420,-9999,513059,13.87,-1,-0.879795216,0.868968439,0,0.521381064,11,0.166666667,1.433333333,N2 S1 P1 O5,de-protonated,0,-9999,C30 H43 O5 N2 P1 S1,30,43,5,2,1,1,-9999,-9999
1476,573.255037,573.255249865,573.255102764,8501420,-9999,513059,13.87,-1,0.256606542,0.988123255,0,0.592873953,2,0.318181818,2.136363636,N4 S2 P1 O7,de-protonated,0,-9999,C22 H47 O7 N4 P1 S2,22,47,7,4,1,2,-9999,-9999
1477,573.283364,573.283576879,573.283275315,11253939,-9999,509400.7,18.99,-1,0.526029208,0.951031521,0,0.570618912,19,0.051282051,1.076923077,S1 O2,de-protonated,0,-9999,C39 H42 O2 S1,39,42,2,-9999,-9999,1,-9999,-9999
1477,573.283364,573.283576879,573.283408257,11253939,-9999,509400.7,18.99,-1,0.294133783,0.984424596,0,0.590654757,6,0.357142857,1.678571429,P1 O10,de-protonated,0,-9999,C28 H47 O10 P1,28,47,10,-9999,1,-9999,-9999,-9999
1478,573.291402,573.291614882,573.291650465,13596853,-9999,539651.2,23.34,-1,-0.062067409,0.999301238,0,0.599580743,6,0.428571429,1.642857143,O12,de-protonated,0,-9999,C28 H46 O12,28,46,12,-9999,-9999,-9999,-9999,-9999
1478,573.291402,573.291614882,573.291137401,13596853,-9999,539651.2,23.34,-1,0.832877907,0.881730926,0,0.529038556,24,0.024390244,0.926829268,N2 O1,de-protonated,0,-9999,C41 H38 O1 N2,41,38,1,2,-9999,-9999,-9999,-9999
1478,573.291402,573.291614882,573.292139722,13596853,-9999,539651.2,23.34,-1,-0.915484517,0.858924457,0,0.515354674,10,0.129032258,1.516129032,N2 S1 P1 O4,de-protonated,0,-9999,C31 H47 O4 N2 P1 S1,31,47,4,2,1,1,-9999,-9999
1478,573.291402,573.291614882,573.291488274,13596853,-9999,539651.2,23.34,-1,0.220845076,0.991189329,0,0.594713597,1,0.260869565,2.217391304,N4 S2 P1 O6,de-protonated,0,-9999,C23 H51 O6 N4 P1 S2,23,51,6,4,1,2,-9999,-9999
1479,573.327718,573.327930899,573.328035974,11139262,-9999,479947,18.77,-1,-0.183272317,0.993923901,0,0.596354341,5,0.379310345,1.724137931,O11,de-protonated,0,-9999,C29 H50 O11,29,50,11,-9999,-9999,-9999,-9999,-9999
1479,573.327718,573.327930899,573.327873783,11139262,-9999,479947,18.77,-1,0.099622179,0.998200819,0,0.598920491,0,0.208333333,2.291666667,N4 S2 P1 O5,de-protonated,0,-9999,C24 H55 O5 N4 P1 S2,24,55,5,4,1,2,-9999,-9999
1480,574.250269,574.250482329,574.250513928,9124255,-9999,499854.4,15.02,-1,-0.055026219,0.999450745,0,0.599670447,7,0.5,1.576923077,N1 O13,de-protonated,0,-9999,C26 H41 O13 N1,26,41,13,1,-9999,-9999,-9999,-9999
1480,574.250269,574.250482329,574.250000864,9124255,-9999,499854.4,15.02,-1,0.838424753,0.880249002,0,0.528149401,25,0.051282051,0.846153846,N3 O2,de-protonated,0,-9999,C39 H33 O2 N3,39,33,2,3,-9999,-9999,-9999,-9999
1480,574.250269,574.250482329,574.251003185,9124255,-9999,499854.4,15.02,-1,-0.907018328,0.861332549,0,0.51679953,11,0.172413793,1.448275862,N3 S1 P1 O5,de-protonated,0,-9999,C29 H42 O5 N3 P1 S1,29,42,5,3,1,1,-9999,-9999
1481,574.286667,574.286880346,574.286899437,10533288,-9999,512517.5,17.64,-1,-0.033243361,0.999799497,0,0.599879698,6,0.444444444,1.666666667,N1 O12,de-protonated,0,-9999,C27 H45 O12 N1,27,45,12,1,-9999,-9999,-9999,-9999
1481,574.286667,574.286880346,574.286386373,10533288,-9999,512517.5,17.64,-1,0.860151024,0.87437443,0,0.524624658,24,0.025,0.925,N3 O1,de-protonated,0,-9999,C40 H37 O1 N3,40,37,1,3,-9999,-9999,-9999,-9999
1481,574.286667,574.286880346,574.287388695,10533288,-9999,512517.5,17.64,-1,-0.885181508,0.867470783,0,0.52048247,10,0.133333333,1.533333333,N3 S1 P1 O4,de-protonated,0,-9999,C30 H46 O4 N3 P1 S1,30,46,4,3,1,1,-9999,-9999
1482,575.226297,575.226510784,575.226154361,7862922,-9999,528428.7,12.68,-1,0.619622753,0.932707137,0,0.559624282,20,0.108108108,0.972972973,S1 O4,de-protonated,0,-9999,C37 H36 O4 S1,37,36,4,-9999,-9999,1,-9999,-9999
1482,575.226297,575.226510784,575.226287302,7862922,-9999,528428.7,12.68,-1,0.388510553,0.972983703,0,0.583790222,7,0.461538462,1.576923077,P1 O12,de-protonated,0,-9999,C26 H41 O12 P1,26,41,12,-9999,1,-9999,-9999,-9999
1483,575.262574,575.262787801,575.26253987,16972434,-9999,500579.9,29.62,-1,0.430987154,0.972878432,0.878919896,0.935295018,19,0.078947368,1.052631579,S1 O3,de-protonated,0,-9999,C38 H40 O3 S1,38,40,3,-9999,-9999,1,-9999,-9999
1483,575.262574,575.262787801,575.262672812,16972434,-9999,500579.9,29.62,-1,0.199889616,0.992776279,0,0.595665768,6,0.407407407,1.666666667,P1 O11,de-protonated,0,-9999,C27 H45 O11 P1,27,45,11,-9999,1,-9999,-9999,-9999
1484,575.298961,575.299174818,575.298925379,16972444,-9999,508902.4,29.62,-1,0.433580452,0.974061947,0.928003109,0.955638412,18,0.051282051,1.128205128,S1 O2,de-protonated,0,-9999,C39 H44 O2 S1,39,44,2,-9999,-9999,1,-9999,-9999
1484,575.298961,575.299174818,575.299058321,16972444,-9999,508902.4,29.62,-1,0.202497529,0.992587262,0,0.595552357,5,0.357142857,1.75,P1 O10,de-protonated,0,-9999,C28 H49 O10 P1,28,49,10,-9999,1,-9999,-9999,-9999
1485,576.265878,576.266092268,576.265894705,11910017,-9999,486311.2,20.2,-1,0.342833305,0.97889929,0.878919896,0.938907532,19,0.078947368,1.052631579,13C1 S1 O3,de-protonated,1,1483,C37 H40 O3 S1 13C1,37,40,3,-9999,-9999,1,1,-9999
1485,576.265878,576.266092268,576.266163992,11910017,-9999,486311.2,20.2,-1,-0.124463682,0.997193087,0,0.598315852,6,0.5,1.653846154,N1 O13,de-protonated,0,-9999,C26 H43 O13 N1,26,43,13,1,-9999,-9999,-9999,-9999
1485,576.265878,576.266092268,576.265650928,11910017,-9999,486311.2,20.2,-1,0.765862134,0.89903997,0,0.539423982,24,0.051282051,0.897435897,N3 O2,de-protonated,0,-9999,C39 H35 O2 N3,39,35,2,3,-9999,-9999,-9999,-9999
1485,576.265878,576.266092268,576.26665325,11910017,-9999,486311.2,20.2,-1,-0.973475657,0.84202066,0,0.505212396,10,0.172413793,1.517241379,N3 S1 P1 O5,de-protonated,0,-9999,C29 H44 O5 N3 P1 S1,29,44,5,3,1,1,-9999,-9999
1486,576.30225,576.302464285,576.302280214,9911177,-9999,560748.4,16.49,-1,0.319399633,0.981659579,0.928003109,0.960196991,18,0.051282051,1.128205128,13C1 S1 O2,de-protonated,1,1484,C38 H44 O2 S1 13C1,38,44,2,-9999,-9999,1,1,-9999
1486,576.30225,576.302464285,576.302549502,9911177,-9999,560748.4,16.49,-1,-0.147867839,0.996040503,0,0.597624302,5,0.444444444,1.740740741,N1 O12,de-protonated,0,-9999,C27 H47 O12 N1,27,47,12,1,-9999,-9999,-9999,-9999
1486,576.30225,576.302464285,576.302036438,9911177,-9999,560748.4,16.49,-1,0.742401744,0.904830793,0,0.542898476,23,0.025,0.975,N3 O1,de-protonated,0,-9999,C40 H39 O1 N3,40,39,1,3,-9999,-9999,-9999,-9999
1486,576.30225,576.302464285,576.303038759,9911177,-9999,560748.4,16.49,-1,-0.996826191,0.835020714,0,0.501012428,9,0.133333333,1.6,N3 S1 P1 O4,de-protonated,0,-9999,C30 H48 O4 N3 P1 S1,30,48,4,3,1,1,-9999,-9999
1487,577.241847,577.242061723,577.241804425,14679141,-9999,512026.9,25.35,-1,0.445736621,0.964591647,0,0.578754988,19,0.108108108,1.027027027,S1 O4,de-protonated,0,-9999,C37 H38 O4 S1,37,38,4,-9999,-9999,1,-9999,-9999
1487,577.241847,577.242061723,577.241937367,14679141,-9999,512026.9,25.35,-1,0.215431474,0.991614194,0,0.594968517,6,0.461538462,1.653846154,P1 O12,de-protonated,0,-9999,C26 H43 O12 P1,26,43,12,-9999,1,-9999,-9999,-9999
1488,577.278257,577.27847174,577.278189934,20249710,-9999,495699.9,35.72,-1,0.488162259,0.970085651,0.972279228,0.970963082,18,0.078947368,1.105263158,S1 O3,de-protonated,0,-9999,C38 H42 O3 S1,38,42,3,-9999,-9999,1,-9999,-9999
1488,577.278257,577.27847174,577.278322876,20249710,-9999,495699.9,35.72,-1,0.257871619,0.988006568,0,0.592803941,5,0.407407407,1.740740741,P1 O11,de-protonated,0,-9999,C27 H47 O11 P1,27,47,11,-9999,1,-9999,-9999,-9999
1489,577.314636,577.314850757,577.314575444,13319285,-9999,496293.2,22.82,-1,0.476885629,0.959574768,0,0.575744861,17,0.051282051,1.179487179,S1 O2,de-protonated,0,-9999,C39 H46 O2 S1,39,46,2,-9999,-9999,1,-9999,-9999
1489,577.314636,577.314850757,577.314708386,13319285,-9999,496293.2,22.82,-1,0.246609505,0.989025634,0,0.593415381,4,0.357142857,1.821428571,P1 O10,de-protonated,0,-9999,C28 H51 O10 P1,28,51,10,-9999,1,-9999,-9999,-9999
1490,578.245117,578.24533219,578.245428548,7806283,-9999,442434.4,12.57,-1,-0.166637163,0.994974215,0,0.596984529,6,0.56,1.64,N1 O14,de-protonated,0,-9999,C25 H41 O14 N1,25,41,14,1,-9999,-9999,-9999,-9999
1490,578.245117,578.24533219,578.244915483,7806283,-9999,442434.4,12.57,-1,0.720641135,0.910072881,0,0.546043729,24,0.078947368,0.868421053,N3 O3,de-protonated,0,-9999,C38 H33 O3 N3,38,33,3,3,-9999,-9999,-9999,-9999
1491,578.28151,578.281725207,578.28154477,9485651,-9999,529088.7,15.69,-1,0.312024099,0.982489454,0.972279228,0.978405363,18,0.078947368,1.105263158,13C1 S1 O3,de-protonated,1,1488,C37 H42 O3 S1 13C1,37,42,3,-9999,-9999,1,1,-9999
1491,578.28151,578.281725207,578.281814057,9485651,-9999,529088.7,15.69,-1,-0.153644071,0.995725792,0,0.597435475,5,0.5,1.730769231,N1 O13,de-protonated,0,-9999,C26 H45 O13 N1,26,45,13,1,-9999,-9999,-9999,-9999
1491,578.28151,578.281725207,578.281300993,9485651,-9999,529088.7,15.69,-1,0.733578411,0.906971453,0,0.544182872,23,0.051282051,0.948717949,N3 O2,de-protonated,0,-9999,C39 H37 O2 N3,39,37,2,3,-9999,-9999,-9999,-9999
1491,578.28151,578.281725207,578.282303314,9485651,-9999,529088.7,15.69,-1,-0.999696721,0.83415283,0,0.500491698,9,0.172413793,1.586206897,N3 S1 P1 O5,de-protonated,0,-9999,C29 H46 O5 N3 P1 S1,29,46,5,3,1,1,-9999,-9999
1492,578.318015,578.318230224,578.318199566,7847259.5,-9999,502203.2,12.65,-1,0.053012486,0.9994902,0,0.59969412,4,0.444444444,1.814814815,N1 O12,de-protonated,0,-9999,C27 H49 O12 N1,27,49,12,1,-9999,-9999,-9999,-9999
1492,578.318015,578.318230224,578.317686502,7847259.5,-9999,502203.2,12.65,-1,0.940179331,0.851812166,0,0.511087299,22,0.025,1.025,N3 O1,de-protonated,0,-9999,C40 H41 O1 N3,40,41,1,3,-9999,-9999,-9999,-9999
1492,578.318015,578.318230224,578.318688824,7847259.5,-9999,502203.2,12.65,-1,-0.792987108,0.892168632,0,0.535301179,8,0.133333333,1.666666667,N3 S1 P1 O4,de-protonated,0,-9999,C30 H50 O4 N3 P1 S1,30,50,4,3,1,1,-9999,-9999
1493,579.220975,579.221190645,579.22106898,9371176,-9999,529553.3,15.48,-1,0.210048974,0.99202634,0,0.595215804,19,0.138888889,1,S1 O5,de-protonated,0,-9999,C36 H36 O5 S1,36,36,5,-9999,-9999,1,-9999,-9999
1493,579.220975,579.221190645,579.221201922,9371176,-9999,529553.3,15.48,-1,-0.019469141,0.999931225,0,0.599958735,6,0.52,1.64,P1 O13,de-protonated,0,-9999,C25 H41 O13 P1,25,41,13,-9999,1,-9999,-9999,-9999
1493,579.220975,579.221190645,579.220688858,9371176,-9999,529553.3,15.48,-1,0.866314551,0.872687802,0,0.523612681,24,0.052631579,0.868421053,N2 P1 O2,de-protonated,0,-9999,C38 H33 O2 N2 P1,38,33,2,2,1,-9999,-9999,-9999
1494,579.257442,579.257657662,579.25745449,14876208,-9999,525155,25.72,-1,0.350746338,0.97792494,0,0.586754964,18,0.108108108,1.081081081,S1 O4,de-protonated,0,-9999,C37 H40 O4 S1,37,40,4,-9999,-9999,1,-9999,-9999
1494,579.257442,579.257657662,579.257587431,14876208,-9999,525155,25.72,-1,0.121242609,0.9973363,0,0.59840178,5,0.461538462,1.730769231,P1 O12,de-protonated,0,-9999,C26 H45 O12 P1,26,45,12,-9999,1,-9999,-9999,-9999
1495,579.293868,579.294083679,579.293839999,13106744,-9999,535268.9,22.43,-1,0.42065017,0.968403227,0,0.581041936,17,0.078947368,1.157894737,S1 O3,de-protonated,0,-9999,C38 H44 O3 S1,38,44,3,-9999,-9999,1,-9999,-9999
1495,579.293868,579.294083679,579.293972941,13106744,-9999,535268.9,22.43,-1,0.19116084,0.993391351,0,0.596034811,4,0.407407407,1.814814815,P1 O11,de-protonated,0,-9999,C27 H49 O11 P1,27,49,11,-9999,1,-9999,-9999,-9999
1496,579.330206,579.330421696,579.330225508,7814720,-9999,480553.9,12.59,-1,0.338645601,0.979406318,0,0.587643791,16,0.051282051,1.230769231,S1 O2,de-protonated,0,-9999,C39 H48 O2 S1,39,48,2,-9999,-9999,1,-9999,-9999
1496,579.330206,579.330421696,579.33035845,7814720,-9999,480553.9,12.59,-1,0.109170703,0.997839787,0,0.598703872,3,0.357142857,1.892857143,P1 O10,de-protonated,0,-9999,C28 H53 O10 P1,28,53,10,-9999,1,-9999,-9999,-9999
1497,580.216288,580.216504109,580.216317952,8601349,-9999,551470.4,14.05,-1,0.320839501,0.98149539,0,0.588897234,19,0.142857143,1,N1 S1 O5,de-protonated,0,-9999,C35 H35 O5 N1 S1,35,35,5,1,-9999,1,-9999,-9999
1497,580.216288,580.216504109,580.216450894,8601349,-9999,551470.4,14.05,-1,0.091715056,0.998474881,0,0.599084929,6,0.541666667,1.666666667,N1 P1 O13,de-protonated,0,-9999,C24 H40 O13 N1 P1,24,40,13,1,1,-9999,-9999,-9999
1497,580.216288,580.216504109,580.21593783,8601349,-9999,551470.4,14.05,-1,0.975979454,0.841275247,0,0.504765148,24,0.054054054,0.864864865,N3 P1 O2,de-protonated,0,-9999,C37 H32 O2 N3 P1,37,32,2,3,1,-9999,-9999,-9999
1498,580.252724,580.252940126,580.252703462,9551629,-9999,538128.4,15.82,-1,0.407863571,0.970266525,0,0.582159915,18,0.111111111,1.083333333,N1 S1 O4,de-protonated,0,-9999,C36 H39 O4 N1 S1,36,39,4,1,-9999,1,-9999,-9999
1498,580.252724,580.252940126,580.252836403,9551629,-9999,538128.4,15.82,-1,0.178753473,0.99421898,0,0.596531388,5,0.48,1.76,N1 P1 O12,de-protonated,0,-9999,C25 H44 O12 N1 P1,25,44,12,1,1,-9999,-9999,-9999
1499,581.179352,581.179568557,581.179204167,7634902.5,-9999,520003.5,12.24,-1,0.626984172,0.931155362,0,0.558693217,24,0.105263158,0.789473684,S1 O4,de-protonated,0,-9999,C38 H30 O4 S1,38,30,4,-9999,-9999,1,-9999,-9999
1499,581.179352,581.179568557,581.179337109,7634902.5,-9999,520003.5,12.24,-1,0.398239265,0.971633342,0,0.582980005,11,0.444444444,1.296296296,P1 O12,de-protonated,0,-9999,C27 H35 O12 P1,27,35,12,-9999,1,-9999,-9999,-9999
1500,581.260169,581.260385595,581.260350336,8306664,-9999,539334.2,13.49,-1,0.060659385,0.999332571,0,0.599599543,9,0.413793103,1.448275862,O12,de-protonated,0,-9999,C29 H42 O12,29,42,12,-9999,-9999,-9999,-9999,-9999
1500,581.260169,581.260385595,581.259837272,8306664,-9999,539334.2,13.49,-1,0.943335683,0.850893795,0,0.510536277,27,0.023809524,0.80952381,N2 O1,de-protonated,0,-9999,C42 H34 O1 N2,42,34,1,2,-9999,-9999,-9999,-9999
1500,581.260169,581.260385595,581.260839594,8306664,-9999,539334.2,13.49,-1,-0.781058044,0.895213471,0,0.537128083,13,0.125,1.34375,N2 S1 P1 O4,de-protonated,0,-9999,C32 H43 O4 N2 P1 S1,32,43,4,2,1,1,-9999,-9999
1500,581.260169,581.260385595,581.260188145,8306664,-9999,539334.2,13.49,-1,0.339693358,0.979280021,0,0.587568012,4,0.25,1.958333333,N4 S2 P1 O6,de-protonated,0,-9999,C24 H47 O6 N4 P1 S2,24,47,6,4,1,2,-9999,-9999
1501,581.273136,581.273352601,581.273104554,10747883,-9999,504962.2,18.02,-1,0.426730731,0.967498267,0,0.58049896,17,0.108108108,1.135135135,S1 O4,de-protonated,0,-9999,C37 H42 O4 S1,37,42,4,-9999,-9999,1,-9999,-9999
1501,581.273136,581.273352601,581.273237496,10747883,-9999,504962.2,18.02,-1,0.198022822,0.992910099,0,0.595746059,4,0.461538462,1.807692308,P1 O12,de-protonated,0,-9999,C26 H47 O12 P1,26,47,12,-9999,1,-9999,-9999,-9999
1502,581.29644,581.296656612,581.296735846,8028143.5,-9999,495832.3,12.97,-1,-0.136304835,0.996634539,0,0.597980724,8,0.366666667,1.533333333,O11,de-protonated,0,-9999,C30 H46 O11,30,46,11,-9999,-9999,-9999,-9999,-9999
1502,581.29644,581.296656612,581.297225103,8028143.5,-9999,495832.3,12.97,-1,-0.977969412,0.840681918,0,0.50440915099999994,12,0.090909091,1.424242424,N2 S1 P1 O3,de-protonated,0,-9999,C33 H47 O3 N2 P1 S1,33,47,3,2,1,1,-9999,-9999
1502,581.29644,581.296656612,581.296573654,8028143.5,-9999,495832.3,12.97,-1,0.142711617,0.996311326,0,0.597786796,3,0.2,2.04,N4 S2 P1 O5,de-protonated,0,-9999,C25 H51 O5 N4 P1 S2,25,51,5,4,1,2,-9999,-9999
1503,581.332841,581.333057629,581.333121355,8527864,-9999,465889.1,13.9,-1,-0.10962036,0.997821975,0,0.598693185,7,0.322580645,1.612903226,O10,de-protonated,0,-9999,C31 H50 O10,31,50,10,-9999,-9999,-9999,-9999,-9999
1503,581.332841,581.333057629,581.333610612,8527864,-9999,465889.1,13.9,-1,-0.951232281,0.848587101,0,0.509152261,11,0.058823529,1.5,N2 S1 P1 O2,de-protonated,0,-9999,C34 H51 O2 N2 P1 S1,34,51,2,2,1,1,-9999,-9999
1503,581.332841,581.333057629,581.332959164,8527864,-9999,465889.1,13.9,-1,0.169378636,0.994807922,0,0.596884753,2,0.153846154,2.115384615,N4 S2 P1 O4,de-protonated,0,-9999,C26 H55 O4 N4 P1 S2,26,55,4,4,1,2,-9999,-9999
1504,582.232033,582.232250048,582.231968017,11600055,-9999,447645.4,19.6,-1,0.484396287,0.958318515,0,0.574991109,18,0.142857143,1.057142857,N1 S1 O5,de-protonated,0,-9999,C35 H37 O5 N1 S1,35,37,5,1,-9999,1,-9999,-9999
1504,582.232033,582.232250048,582.232100959,11600055,-9999,447645.4,19.6,-1,0.256065018,0.988173033,0,0.59290382,5,0.541666667,1.75,N1 P1 O13,de-protonated,0,-9999,C24 H42 O13 N1 P1,24,42,13,1,1,-9999,-9999,-9999
1505,582.268317,582.268534065,582.268353526,8306879,-9999,516437.9,13.49,-1,0.310060743,0.982707214,0,0.589624328,17,0.111111111,1.138888889,N1 S1 O4,de-protonated,0,-9999,C36 H41 O4 N1 S1,36,41,4,1,-9999,1,-9999,-9999
1505,582.268317,582.268534065,582.268486468,8306879,-9999,516437.9,13.49,-1,0.081743782,0.998788286,0,0.599272972,4,0.48,1.84,N1 P1 O12,de-protonated,0,-9999,C25 H46 O12 N1 P1,25,46,12,1,1,-9999,-9999,-9999
1505,582.268317,582.268534065,582.267973404,8306879,-9999,516437.9,13.49,-1,0.962891837,0.84515766,0,0.507094596,22,0.026315789,1,N3 P1 O1,de-protonated,0,-9999,C38 H38 O1 N3 P1,38,38,1,3,1,-9999,-9999,-9999
1506,583.239294,583.239511517,583.239614891,7881098.5,-9999,530291.7,12.69,-1,-0.177241264,0.994316101,0,0.596589661,9,0.464285714,1.428571429,O13,de-protonated,0,-9999,C28 H40 O13,28,40,13,-9999,-9999,-9999,-9999,-9999
1506,583.239294,583.239511517,583.239101827,7881098.5,-9999,530291.7,12.69,-1,0.702439397,0.914360275,0,0.548616165,27,0.048780488,0.780487805,N2 O2,de-protonated,0,-9999,C41 H32 O2 N2,41,32,2,2,-9999,-9999,-9999,-9999
1506,583.239294,583.239511517,583.238963443,7881098.5,-9999,530291.7,12.69,-1,0.9397084,0.851949009,0,0.511169405,0,0.75,2.2,N2 S1 O15,de-protonated,0,-9999,C20 H44 O15 N2 S1,20,44,15,2,-9999,1,-9999,-9999
1506,583.239294,583.239511517,583.2394527,7881098.5,-9999,530291.7,12.69,-1,0.100845721,0.998156394,0,0.598893836,4,0.304347826,1.956521739,N4 S2 P1 O7,de-protonated,0,-9999,C23 H45 O7 N4 P1 S2,23,45,7,4,1,2,-9999,-9999
1507,583.275698,583.275915534,583.276000401,11895186,-9999,492113.7,20.15,-1,-0.145499756,0.996166067,0,0.59769964,8,0.413793103,1.517241379,O12,de-protonated,0,-9999,C29 H44 O12,29,44,12,-9999,-9999,-9999,-9999,-9999
1507,583.275698,583.275915534,583.275487336,11895186,-9999,492113.7,20.15,-1,0.734126058,0.906839185,0,0.544103511,26,0.023809524,0.857142857,N2 O1,de-protonated,0,-9999,C42 H36 O1 N2,42,36,1,2,-9999,-9999,-9999,-9999
1507,583.275698,583.275915534,583.276489658,11895186,-9999,492113.7,20.15,-1,-0.984308259,0.838786669,0,0.503272001,12,0.125,1.40625,N2 S1 P1 O4,de-protonated,0,-9999,C32 H45 O4 N2 P1 S1,32,45,4,2,1,1,-9999,-9999
1507,583.275698,583.275915534,583.275838209,11895186,-9999,492113.7,20.15,-1,0.132569891,0.996816159,0,0.598089696,3,0.25,2.041666667,N4 S2 P1 O6,de-protonated,0,-9999,C24 H49 O6 N4 P1 S2,24,49,6,4,1,2,-9999,-9999
1508,583.312092,583.312309551,583.31238591,14483865,-9999,515066.1,24.96,-1,-0.130905689,0.99689547,0,0.598137282,7,0.366666667,1.6,O11,de-protonated,0,-9999,C30 H48 O11,30,48,11,-9999,-9999,-9999,-9999,-9999
1508,583.312092,583.312309551,583.312875167,14483865,-9999,515066.1,24.96,-1,-0.969661881,0.843153653,0,0.505892192,11,0.090909091,1.484848485,N2 S1 P1 O3,de-protonated,0,-9999,C33 H49 O3 N2 P1 S1,33,49,3,2,1,1,-9999,-9999
1508,583.312092,583.312309551,583.312223719,14483865,-9999,515066.1,24.96,-1,0.147146617,0.996078957,0,0.597647374,2,0.2,2.12,N4 S2 P1 O5,de-protonated,0,-9999,C25 H53 O5 N4 P1 S2,25,53,5,4,1,2,-9999,-9999
1509,583.34848,583.348697568,583.348771419,7864737,-9999,511373,12.66,-1,-0.126598889,0.997096096,0,0.598257658,6,0.322580645,1.677419355,O10,de-protonated,0,-9999,C31 H52 O10,31,52,10,-9999,-9999,-9999,-9999,-9999
1509,583.34848,583.348697568,583.349260677,7864737,-9999,511373,12.66,-1,-0.965302768,0.844445063,0,0.506667038,10,0.058823529,1.558823529,N2 S1 P1 O2,de-protonated,0,-9999,C34 H53 O2 N2 P1 S1,34,53,2,2,1,1,-9999,-9999
1509,583.34848,583.348697568,583.348609228,7864737,-9999,511373,12.66,-1,0.151436075,0.995847504,0,0.597508502,1,0.153846154,2.192307692,N4 S2 P1 O4,de-protonated,0,-9999,C26 H57 O4 N4 P1 S2,26,57,4,4,1,2,-9999,-9999
1510,585.254966,585.255184456,585.255264956,9339683,-9999,489465.4,15.4,-1,-0.137545916,0.99657308,0,0.597943848,8,0.464285714,1.5,O13,de-protonated,0,-9999,C28 H42 O13,28,42,13,-9999,-9999,-9999,-9999,-9999
1510,585.254966,585.255184456,585.254751891,9339683,-9999,489465.4,15.4,-1,0.739105111,0.905633003,0,0.543379802,26,0.048780488,0.829268293,N2 O2,de-protonated,0,-9999,C41 H34 O2 N2,41,34,2,2,-9999,-9999,-9999,-9999
1510,585.254966,585.255184456,585.255754213,9339683,-9999,489465.4,15.4,-1,-0.973517676,0.842008161,0,0.505204896,12,0.161290323,1.387096774,N2 S1 P1 O5,de-protonated,0,-9999,C31 H43 O5 N2 P1 S1,31,43,5,2,1,1,-9999,-9999
1510,585.254966,585.255184456,585.255102764,9339683,-9999,489465.4,15.4,-1,0.139583334,0.996470985,0,0.597882591,3,0.304347826,2.043478261,N4 S2 P1 O7,de-protonated,0,-9999,C23 H47 O7 N4 P1 S2,23,47,7,4,1,2,-9999,-9999
1511,585.291347,585.291565473,585.291650465,14091050,-9999,510337.1,24.23,-1,-0.145212855,0.996181143,0,0.597708686,7,0.413793103,1.586206897,O12,de-protonated,0,-9999,C29 H46 O12,29,46,12,-9999,-9999,-9999,-9999,-9999
1511,585.291347,585.291565473,585.291137401,14091050,-9999,510337.1,24.23,-1,0.731383668,0.453750366,0.68763467,0.547304088,25,0.023809524,0.904761905,N2 O1,de-protonated,0,-9999,C42 H38 O1 N2,42,38,1,2,-9999,-9999,-9999,-9999
1511,585.291347,585.291565473,585.292139722,14091050,-9999,510337.1,24.23,-1,-0.981132639,0.839737142,0,0.503842285,11,0.125,1.46875,N2 S1 P1 O4,de-protonated,0,-9999,C32 H47 O4 N2 P1 S1,32,47,4,2,1,1,-9999,-9999
1511,585.291347,585.291565473,585.291488274,14091050,-9999,510337.1,24.23,-1,0.131899165,0.996848244,0,0.598108946,2,0.25,2.125,N4 S2 P1 O6,de-protonated,0,-9999,C24 H51 O6 N4 P1 S2,24,51,6,4,1,2,-9999,-9999
1512,585.327782,585.32800049,585.328035974,16057137,-9999,511177.7,27.88,-1,-0.060622837,0.999333375,0,0.599600025,6,0.366666667,1.666666667,O11,de-protonated,0,-9999,C30 H50 O11,30,50,11,-9999,-9999,-9999,-9999,-9999
1512,585.327782,585.32800049,585.328525232,16057137,-9999,511177.7,27.88,-1,-0.896490728,0.864305041,0,0.518583025,10,0.090909091,1.545454545,N2 S1 P1 O3,de-protonated,0,-9999,C33 H51 O3 N2 P1 S1,33,51,3,2,1,1,-9999,-9999
1512,585.327782,585.32800049,585.327873783,16057137,-9999,511177.7,27.88,-1,0.21647198,0.991533339,0,0.594920003,1,0.2,2.2,N4 S2 P1 O5,de-protonated,0,-9999,C25 H55 O5 N4 P1 S2,25,55,5,4,1,2,-9999,-9999
1513,585.364141,585.364359507,585.364421484,10027832,-9999,493394.2,16.68,-1,-0.105877046,0.997968037,0,0.598780822,5,0.322580645,1.741935484,O10,de-protonated,0,-9999,C31 H54 O10,31,54,10,-9999,-9999,-9999,-9999,-9999
1513,585.364141,585.364359507,585.364910741,10027832,-9999,493394.2,16.68,-1,-0.941692944,0.851372026,0,0.510823216,9,0.058823529,1.617647059,N2 S1 P1 O2,de-protonated,0,-9999,C34 H55 O2 N2 P1 S1,34,55,2,2,1,1,-9999,-9999
1513,585.364141,585.364359507,585.364259292,10027832,-9999,493394.2,16.68,-1,0.171200534,0.994695924,0,0.596817554,0,0.153846154,2.269230769,N4 S2 P1 O4,de-protonated,0,-9999,C26 H59 O4 N4 P1 S2,26,59,4,4,1,2,-9999,-9999
1514,587.262581,587.262800392,587.26253987,10273959,-9999,537495.2,17.14,-1,0.443620412,0.96492111,0,0.578952666,20,0.076923077,1.025641026,S1 O3,de-protonated,0,-9999,C39 H40 O3 S1,39,40,3,-9999,-9999,1,-9999,-9999
1514,587.262581,587.262800392,587.262672812,10273959,-9999,537495.2,17.14,-1,0.217245069,0.991473016,0,0.594883809,7,0.392857143,1.607142857,P1 O11,de-protonated,0,-9999,C28 H45 O11 P1,28,45,11,-9999,1,-9999,-9999,-9999
1515,587.270676,587.270895395,587.27091502,10323112,-9999,471003,17.23,-1,-0.033416942,0.999797398,0,0.599878439,7,0.464285714,1.571428571,O13,de-protonated,0,-9999,C28 H44 O13,28,44,13,-9999,-9999,-9999,-9999,-9999
1515,587.270676,587.270895395,587.270401956,10323112,-9999,471003,17.23,-1,0.840225303,0.879766381,0,0.527859829,25,0.048780488,0.87804878,N2 O2,de-protonated,0,-9999,C41 H36 O2 N2,41,36,2,2,-9999,-9999,-9999,-9999
1515,587.270676,587.270895395,587.271404278,10323112,-9999,471003,17.23,-1,-0.866519542,0.872631556,0,0.523578933,11,0.161290323,1.451612903,N2 S1 P1 O5,de-protonated,0,-9999,C31 H45 O5 N2 P1 S1,31,45,5,2,1,1,-9999,-9999
1515,587.270676,587.270895395,587.270752829,10323112,-9999,471003,17.23,-1,0.242761164,0.989363658,0,0.593618195,2,0.304347826,2.130434783,N4 S2 P1 O7,de-protonated,0,-9999,C23 H49 O7 N4 P1 S2,23,49,7,4,1,2,-9999,-9999
1516,587.298974,587.299193409,587.298925379,11109550,-9999,516194.8,18.69,-1,0.456376207,0.962913211,0,0.577747927,19,0.05,1.1,S1 O2,de-protonated,0,-9999,C40 H44 O2 S1,40,44,2,-9999,-9999,1,-9999,-9999
1516,587.298974,587.299193409,587.299058321,11109550,-9999,516194.8,18.69,-1,0.230014886,0.990446054,0,0.594267632,6,0.344827586,1.689655172,P1 O10,de-protonated,0,-9999,C29 H49 O10 P1,29,49,10,-9999,1,-9999,-9999,-9999
1517,587.306996,587.307215412,587.30730053,14648495,-9999,498129,25.27,-1,-0.144927922,0.996196086,0,0.597717652,6,0.413793103,1.655172414,O12,de-protonated,0,-9999,C29 H48 O12,29,48,12,-9999,-9999,-9999,-9999,-9999
1517,587.306996,587.307215412,587.306787465,14648495,-9999,498129,25.27,-1,0.728660102,0.454077881,0.68763467,0.547500597,24,0.023809524,0.952380952,N2 O1,de-protonated,0,-9999,C42 H40 O1 N2,42,40,1,2,-9999,-9999,-9999,-9999
1517,587.306996,587.307215412,587.307789787,14648495,-9999,498129,25.27,-1,-0.977978816,0.840679112,0,0.504407467,10,0.125,1.53125,N2 S1 P1 O4,de-protonated,0,-9999,C32 H49 O4 N2 P1 S1,32,49,4,2,1,1,-9999,-9999
1517,587.306996,587.307215412,587.307138338,14648495,-9999,498129,25.27,-1,0.131233044,0.996879948,0,0.598127969,1,0.25,2.208333333,N4 S2 P1 O6,de-protonated,0,-9999,C24 H53 O6 N4 P1 S2,24,53,6,4,1,2,-9999,-9999
1518,587.343406,587.343625429,587.343686039,10781878,-9999,491010.1,18.08,-1,-0.103192755,0.998069665,0,0.598841799,5,0.366666667,1.733333333,O11,de-protonated,0,-9999,C30 H52 O11,30,52,11,-9999,-9999,-9999,-9999,-9999
1518,587.343406,587.343625429,587.344175296,10781878,-9999,491010.1,18.08,-1,-0.936192076,0.852969304,0,0.511781582,9,0.090909091,1.606060606,N2 S1 P1 O3,de-protonated,0,-9999,C33 H53 O3 N2 P1 S1,33,53,3,2,1,1,-9999,-9999
1518,587.343406,587.343625429,587.343523848,10781878,-9999,491010.1,18.08,-1,0.172951114,0.994587193,0,0.596752316,0,0.2,2.28,N4 S2 P1 O5,de-protonated,0,-9999,C25 H57 O5 N4 P1 S2,25,57,5,4,1,2,-9999,-9999
1519,588.265823,588.266042859,588.266163992,11765089,-9999,515703.8,19.91,-1,-0.205915893,0.99233585,0,0.59540151,7,0.481481481,1.592592593,N1 O13,de-protonated,0,-9999,C27 H43 O13 N1,27,43,13,1,-9999,-9999,-9999,-9999
1519,588.265823,588.266042859,588.265650928,11765089,-9999,515703.8,19.91,-1,0.666248143,0.922615564,0,0.553569338,25,0.05,0.875,N3 O2,de-protonated,0,-9999,C40 H35 O2 N3,40,35,2,3,-9999,-9999,-9999,-9999
1520,588.302226,588.302445876,588.302549502,10306920,-9999,533803.9,17.2,-1,-0.176143623,0.994386086,0,0.596631651,6,0.428571429,1.678571429,N1 O12,de-protonated,0,-9999,C28 H47 O12 N1,28,47,12,1,-9999,-9999,-9999,-9999
1520,588.302226,588.302445876,588.302036438,10306920,-9999,533803.9,17.2,-1,0.695966498,0.915863278,0,0.549517967,24,0.024390244,0.951219512,N3 O1,de-protonated,0,-9999,C41 H39 O1 N3,41,39,1,3,-9999,-9999,-9999,-9999
1521,589.241797,589.242017314,589.241804425,10716690,-9999,503305.7,17.96,-1,0.361292544,0.976593371,0,0.585956023,20,0.105263158,1,S1 O4,de-protonated,0,-9999,C38 H38 O4 S1,38,38,4,-9999,-9999,1,-9999,-9999
1521,589.241797,589.242017314,589.241937367,10716690,-9999,503305.7,17.96,-1,0.135677614,0.996665389,0,0.597999234,7,0.444444444,1.592592593,P1 O12,de-protonated,0,-9999,C27 H43 O12 P1,27,43,12,-9999,1,-9999,-9999,-9999
1522,589.278209,589.278429331,589.278189934,17008152,-9999,486954,29.65,-1,0.406253428,0.975836653,0.87141234,0.934066928,19,0.076923077,1.076923077,S1 O3,de-protonated,0,-9999,C39 H42 O3 S1,39,42,3,-9999,-9999,1,-9999,-9999
1522,589.278209,589.278429331,589.278322876,17008152,-9999,486954,29.65,-1,0.18065242,0.994095867,0,0.59645752,6,0.392857143,1.678571429,P1 O11,de-protonated,0,-9999,C28 H47 O11 P1,28,47,11,-9999,1,-9999,-9999,-9999
1523,589.286204,589.286424334,589.286565085,9291290,-9999,495135.4,15.31,-1,-0.238848497,0.98970199700000006,0,0.593821198,6,0.464285714,1.642857143,O13,de-protonated,0,-9999,C28 H46 O13,28,46,13,-9999,-9999,-9999,-9999,-9999
1523,589.286204,589.286424334,589.28605202,9291290,-9999,495135.4,15.31,-1,0.631805281,0.930130567,0,0.55807834,24,0.048780488,0.926829268,N2 O2,de-protonated,0,-9999,C41 H38 O2 N2,41,38,2,2,-9999,-9999,-9999,-9999
1523,589.286204,589.286424334,589.286402893,9291290,-9999,495135.4,15.31,-1,0.036384888,0.999759816,0,0.59985589,1,0.304347826,2.217391304,N4 S2 P1 O7,de-protonated,0,-9999,C23 H51 O7 N4 P1 S2,23,51,7,4,1,2,-9999,-9999
1524,589.31461,589.314830348,589.314575444,14190111,-9999,525310.7,24.41,-1,0.432543,0.966621903,0,0.579973142,18,0.05,1.15,S1 O2,de-protonated,0,-9999,C40 H46 O2 S1,40,46,2,-9999,-9999,1,-9999,-9999
1524,589.31461,589.314830348,589.314708386,14190111,-9999,525310.7,24.41,-1,0.206955915,0.992258537,0,0.595355122,5,0.344827586,1.75862069,P1 O10,de-protonated,0,-9999,C29 H51 O10 P1,29,51,10,-9999,1,-9999,-9999,-9999
1525,590.2452,590.245420781,590.245428548,9193155,-9999,485497.8,15.13,-1,-0.013157675,0.999968587,0,0.599981152,7,0.538461538,1.576923077,N1 O14,de-protonated,0,-9999,C26 H41 O14 N1,26,41,14,1,-9999,-9999,-9999,-9999
1525,590.2452,590.245420781,590.244915483,9193155,-9999,485497.8,15.13,-1,0.856081907,0.875483101,0,0.525289861,25,0.076923077,0.846153846,N3 O3,de-protonated,0,-9999,C39 H33 O3 N3,39,33,3,3,-9999,-9999,-9999,-9999
1525,590.2452,590.245420781,590.245917805,9193155,-9999,485497.8,15.13,-1,-0.842061914,0.879273302,0,0.527563981,11,0.206896552,1.448275862,N3 S1 P1 O6,de-protonated,0,-9999,C29 H42 O6 N3 P1 S1,29,42,6,3,1,1,-9999,-9999
1526,590.281515,590.281735798,590.28154477,12584649,-9999,496345.9,21.43,-1,0.323622962,0.981175976,0.87141234,0.937270521,19,0.076923077,1.076923077,13C1 S1 O3,de-protonated,1,1522,C38 H42 O3 S1 13C1,38,42,3,-9999,-9999,1,1,-9999
1526,590.281515,590.281735798,590.281814057,12584649,-9999,496345.9,21.43,-1,-0.132578518,0.996815745,0,0.598089447,6,0.481481481,1.666666667,N1 O13,de-protonated,0,-9999,C27 H45 O13 N1,27,45,13,1,-9999,-9999,-9999,-9999
1526,590.281515,590.281735798,590.281300993,12584649,-9999,496345.9,21.43,-1,0.736607379,0.9062389,0,0.54374334,24,0.05,0.925,N3 O2,de-protonated,0,-9999,C40 H37 O2 N3,40,37,2,3,-9999,-9999,-9999,-9999
1526,590.281515,590.281735798,590.282303314,12584649,-9999,496345.9,21.43,-1,-0.961431564,0.845588697,0,0.507353218,10,0.166666667,1.533333333,N3 S1 P1 O5,de-protonated,0,-9999,C30 H46 O5 N3 P1 S1,30,46,5,3,1,1,-9999,-9999
1527,590.317924,590.318144815,590.318199566,8423120,-9999,558812.8,13.7,-1,-0.092748411,0.998440347,0,0.599064208,5,0.428571429,1.75,N1 O12,de-protonated,0,-9999,C28 H49 O12 N1,28,49,12,1,-9999,-9999,-9999,-9999
1527,590.317924,590.318144815,590.317686502,8423120,-9999,558812.8,13.7,-1,0.776383947,0.896396722,0,0.537838033,23,0.024390244,1,N3 O1,de-protonated,0,-9999,C41 H41 O1 N3,41,41,1,3,-9999,-9999,-9999,-9999
1527,590.317924,590.318144815,590.318688824,8423120,-9999,558812.8,13.7,-1,-0.921550402,0.85718953,0,0.514313718,9,0.129032258,1.612903226,N3 S1 P1 O4,de-protonated,0,-9999,C31 H50 O4 N3 P1 S1,31,50,4,3,1,1,-9999,-9999
1528,591.200007,591.200228226,591.199939612,8963943,-9999,467422.5,14.7,-1,0.488183345,0.957678271,0,0.574606963,25,0.075,0.8,S1 O3,de-protonated,0,-9999,C40 H32 O3 S1,40,32,3,-9999,-9999,1,-9999,-9999
1528,591.200007,591.200228226,591.200072554,8963943,-9999,467422.5,14.7,-1,0.263315654,0.987498038,0,0.592498823,12,0.379310345,1.275862069,P1 O11,de-protonated,0,-9999,C29 H37 O11 P1,29,37,11,-9999,1,-9999,-9999,-9999
1528,591.200007,591.200228226,591.200269258,8963943,-9999,467422.5,14.7,-1,-0.069405003,0.999126334,0,0.5994758,4,0.894736842,1.894736842,N4 O17,de-protonated,0,-9999,C19 H36 O17 N4,19,36,17,4,-9999,-9999,-9999,-9999
1529,591.221197,591.221418236,591.22106898,8603498,-9999,454828.7,14.03,-1,0.59073635,0.938643017,0,0.56318581,20,0.135135135,0.972972973,S1 O5,de-protonated,0,-9999,C37 H36 O5 S1,37,36,5,-9999,-9999,1,-9999,-9999
1529,591.221197,591.221418236,591.221201922,8603498,-9999,454828.7,14.03,-1,0.365876673,0.97600286,0,0.585601716,7,0.5,1.576923077,P1 O13,de-protonated,0,-9999,C26 H41 O13 P1,26,41,13,-9999,1,-9999,-9999,-9999
1530,591.257428,591.257649253,591.25745449,17827696,-9999,474734.9,31.17,-1,0.329405245,0.982088095,0.955073658,0.97128232,19,0.105263158,1.052631579,S1 O4,de-protonated,0,-9999,C38 H40 O4 S1,38,40,4,-9999,-9999,1,-9999,-9999
1530,591.257428,591.257649253,591.257587431,17827696,-9999,474734.9,31.17,-1,0.104559464,0.998018246,0,0.598810947,6,0.444444444,1.666666667,P1 O12,de-protonated,0,-9999,C27 H45 O12 P1,27,45,12,-9999,1,-9999,-9999,-9999
1530,591.257428,591.257649253,591.257074367,17827696,-9999,474734.9,31.17,-1,0.972311117,0.846675158,0.96577469,0.894314971,24,0.025,0.925,N2 P1 O1,de-protonated,0,-9999,C40 H37 O1 N2 P1,40,37,1,2,1,-9999,-9999,-9999
1531,591.293892,591.29411327,591.293839999,16975734,-9999,496120.7,29.59,-1,0.462157606,0.974176952,0.910034199,0.948519851,18,0.076923077,1.128205128,S1 O3,de-protonated,0,-9999,C39 H44 O3 S1,39,44,3,-9999,-9999,1,-9999,-9999
1531,591.293892,591.29411327,591.293972941,16975734,-9999,496120.7,29.59,-1,0.237325631,0.989832228,0,0.593899337,5,0.392857143,1.75,P1 O11,de-protonated,0,-9999,C28 H49 O11 P1,28,49,11,-9999,1,-9999,-9999,-9999
1532,591.330195,591.330416287,591.330225508,13453181,-9999,476546.3,23.04,-1,0.322626007,0.981290686,0,0.588774412,17,0.05,1.2,S1 O2,de-protonated,0,-9999,C40 H48 O2 S1,40,48,2,-9999,-9999,1,-9999,-9999
1532,591.330195,591.330416287,591.33035845,13453181,-9999,476546.3,23.04,-1,0.097807898,0.998265698,0,0.598959419,4,0.344827586,1.827586207,P1 O10,de-protonated,0,-9999,C29 H53 O10 P1,29,53,10,-9999,1,-9999,-9999,-9999
1533,592.25272,592.252941717,592.252703462,8243221,-9999,546414.9,13.36,-1,0.402285745,0.971062415,0,0.582637449,19,0.108108108,1.054054054,N1 S1 O4,de-protonated,0,-9999,C37 H39 O4 N1 S1,37,39,4,1,-9999,1,-9999,-9999
1533,592.25272,592.252941717,592.252836403,8243221,-9999,546414.9,13.36,-1,0.177817789,0.99427917,0,0.596567502,6,0.461538462,1.692307692,N1 P1 O12,de-protonated,0,-9999,C26 H44 O12 N1 P1,26,44,12,1,1,-9999,-9999,-9999
1534,592.260766,592.26098772,592.260809325,9029655,-9999,474498.2,14.82,-1,0.301211385,0.983672236,0.955073658,0.972232805,19,0.105263158,1.052631579,13C1 S1 O4,de-protonated,1,1530,C37 H40 O4 S1 13C1,37,40,4,-9999,-9999,1,1,-9999
1534,592.260766,592.26098772,592.261078612,9029655,-9999,474498.2,14.82,-1,-0.153465515,0.9957357,0,0.59744142,6,0.538461538,1.653846154,N1 O14,de-protonated,0,-9999,C26 H43 O14 N1,26,43,14,1,-9999,-9999,-9999,-9999
1534,592.260766,592.26098772,592.260429202,9029655,-9999,474498.2,14.82,-1,0.943028085,0.850983385,0.96577469,0.896899907,24,0.025,0.925,13C1 N2 P1 O1,de-protonated,1,1530,C39 H37 O1 N2 P1 13C1,39,37,1,2,1,-9999,1,-9999
1534,592.260766,592.26098772,592.260565548,9029655,-9999,474498.2,14.82,-1,0.712815648,0.91192713,0,0.547156278,24,0.076923077,0.897435897,N3 O3,de-protonated,0,-9999,C39 H35 O3 N3,39,35,3,3,-9999,-9999,-9999,-9999
1534,592.260766,592.26098772,592.261567869,9029655,-9999,474498.2,14.82,-1,-0.97954862,0.840210497,0,0.504126298,10,0.206896552,1.517241379,N3 S1 P1 O6,de-protonated,0,-9999,C29 H44 O6 N3 P1 S1,29,44,6,3,1,1,-9999,-9999
1535,592.297136,592.297357737,592.297194834,10700828,-9999,544984.5,17.93,-1,0.275036409,0.986368077,0.910034199,0.955834526,18,0.076923077,1.128205128,13C1 S1 O3,de-protonated,1,1531,C38 H44 O3 S1 13C1,38,44,3,-9999,-9999,1,1,-9999
1535,592.297136,592.297357737,592.297464121,10700828,-9999,544984.5,17.93,-1,-0.179612547,0.994163444,0,0.596498066,5,0.481481481,1.740740741,N1 O13,de-protonated,0,-9999,C27 H47 O13 N1,27,47,13,1,-9999,-9999,-9999,-9999
1535,592.297136,592.297357737,592.296951057,10700828,-9999,544984.5,17.93,-1,0.686615376,0.918014318,0,0.550808591,23,0.05,0.975,N3 O2,de-protonated,0,-9999,C40 H39 O2 N3,40,39,2,3,-9999,-9999,-9999,-9999
1536,593.236759,593.236981175,593.236719045,11356339,-9999,512578.9,19.15,-1,0.441864726,0.965193339,0,0.579116003,19,0.135135135,1.027027027,S1 O5,de-protonated,0,-9999,C37 H38 O5 S1,37,38,5,-9999,-9999,1,-9999,-9999
1536,593.236759,593.236981175,593.236851986,11356339,-9999,512578.9,19.15,-1,0.217769092,0.991432007,0,0.594859204,6,0.5,1.653846154,P1 O13,de-protonated,0,-9999,C26 H43 O13 P1,26,43,13,-9999,1,-9999,-9999,-9999
1537,593.273131,593.273353192,593.273104554,16320697,-9999,486716.7,28.37,-1,0.419095311,0.963841871,0.964218431,0.963992495,18,0.105263158,1.105263158,S1 O4,de-protonated,0,-9999,C38 H42 O4 S1,38,42,4,-9999,-9999,1,-9999,-9999
1537,593.273131,593.273353192,593.273237496,16320697,-9999,486716.7,28.37,-1,0.195013426,0.993123218,0,0.595873931,5,0.444444444,1.740740741,P1 O12,de-protonated,0,-9999,C27 H47 O12 P1,27,47,12,-9999,1,-9999,-9999,-9999
1538,593.309555,593.309777209,593.309490063,14502079,-9999,469474,24.99,-1,0.483972702,0.958389844,0,0.575033906,17,0.076923077,1.179487179,S1 O3,de-protonated,0,-9999,C39 H46 O3 S1,39,46,3,-9999,-9999,1,-9999,-9999
1538,593.309555,593.309777209,593.309623005,14502079,-9999,469474,24.99,-1,0.259904543,0.987817884,0,0.59269073,4,0.392857143,1.821428571,P1 O11,de-protonated,0,-9999,C28 H51 O11 P1,28,51,11,-9999,1,-9999,-9999,-9999
1539,593.345869,593.346091226,593.345875573,8702148,-9999,591477.2,14.22,-1,0.363452708,0.97631599,0,0.585789594,16,0.05,1.25,S1 O2,de-protonated,0,-9999,C40 H50 O2 S1,40,50,2,-9999,-9999,1,-9999,-9999
1539,593.345869,593.346091226,593.346008514,8702148,-9999,591477.2,14.22,-1,0.139398318,0.996480318,0,0.597888191,3,0.344827586,1.896551724,P1 O10,de-protonated,0,-9999,C29 H55 O10 P1,29,55,10,-9999,1,-9999,-9999,-9999
1540,594.231943,594.232165639,594.231968017,19335502,-9999,513049.8,33.97,-1,0.332566833,0.490065839,0.719752637,0.581940558,19,0.138888889,1.027777778,N1 S1 O5,de-protonated,0,-9999,C36 H37 O5 N1 S1,36,37,5,1,-9999,1,-9999,-9999
1540,594.231943,594.232165639,594.232100959,19335502,-9999,513049.8,33.97,-1,0.108846549,0.997852583,0,0.59871155,6,0.52,1.68,N1 P1 O13,de-protonated,0,-9999,C25 H42 O13 N1 P1,25,42,13,1,1,-9999,-9999,-9999
1540,594.231943,594.232165639,594.231587894,19335502,-9999,513049.8,33.97,-1,0.972254547,0.421191872,0.70871839,0.536202479,24,0.052631579,0.894736842,N3 P1 O2,de-protonated,0,-9999,C38 H34 O2 N3 P1,38,34,2,3,1,-9999,-9999,-9999
1541,594.268343,594.268565656,594.268353526,8882515,-9999,506451.8,14.55,-1,0.356959026,0.977145077,0,0.586287046,18,0.108108108,1.108108108,N1 S1 O4,de-protonated,0,-9999,C37 H41 O4 N1 S1,37,41,4,1,-9999,1,-9999,-9999
1541,594.268343,594.268565656,594.268486468,8882515,-9999,506451.8,14.55,-1,0.133252434,0.996783343,0,0.598070006,5,0.461538462,1.769230769,N1 P1 O12,de-protonated,0,-9999,C26 H46 O12 N1 P1,26,46,12,1,1,-9999,-9999,-9999
1541,594.268343,594.268565656,594.267973404,8882515,-9999,506451.8,14.55,-1,0.99660759,0.835086741,0,0.501052045,23,0.025641026,0.974358974,N3 P1 O1,de-protonated,0,-9999,C39 H38 O1 N3 P1,39,38,1,3,1,-9999,-9999,-9999
1542,594.276522,594.276744659,594.276459389,7932244,-9999,524640.6,12.79,-1,0.480029772,0.959051059,0.964218431,0.961118008,18,0.105263158,1.105263158,13C1 S1 O4,de-protonated,1,1537,C37 H42 O4 S1 13C1,37,42,4,-9999,-9999,1,1,-9999
1542,594.276522,594.276744659,594.276728676,7932244,-9999,524640.6,12.79,-1,0.02689495,0.99986876,0,0.599921256,5,0.538461538,1.730769231,N1 O14,de-protonated,0,-9999,C26 H45 O14 N1,26,45,14,1,-9999,-9999,-9999,-9999
1542,594.276522,594.276744659,594.276215612,7932244,-9999,524640.6,12.79,-1,0.89023804,0.866058867,0,0.51963532,23,0.076923077,0.948717949,N3 O3,de-protonated,0,-9999,C39 H37 O3 N3,39,37,3,3,-9999,-9999,-9999,-9999
1542,594.276522,594.276744659,594.277217934,7932244,-9999,524640.6,12.79,-1,-0.796386421,0.891294443,0,0.534776666,9,0.206896552,1.586206897,N3 S1 P1 O6,de-protonated,0,-9999,C29 H46 O6 N3 P1 S1,29,46,6,3,1,1,-9999,-9999
1543,595.166585,595.166808074,595.166843873,9734617,-9999,493667.8,16.13,-1,-0.060148546,0.999343762,0,0.599606257,12,0.555555556,1.185185185,O15,de-protonated,0,-9999,C27 H32 O15,27,32,15,-9999,-9999,-9999,-9999,-9999
1543,595.166585,595.166808074,595.166330808,9734617,-9999,493667.8,16.13,-1,0.801903274,0.889869576,0,0.533921745,30,0.1,0.6,N2 O4,de-protonated,0,-9999,C40 H24 O4 N2,40,24,4,2,-9999,-9999,-9999,-9999
1543,595.166585,595.166808074,595.16733313,9734617,-9999,493667.8,16.13,-1,-0.88219857,0.868300998,0,0.520980599,16,0.233333333,1.1,N2 S1 P1 O7,de-protonated,0,-9999,C30 H33 O7 N2 P1 S1,30,33,7,2,1,1,-9999,-9999
1543,595.166585,595.166808074,595.166681681,9734617,-9999,493667.8,16.13,-1,0.212365567,0.991850212,0,0.595110127,7,0.409090909,1.681818182,N4 S2 P1 O9,de-protonated,0,-9999,C22 H37 O9 N4 P1 S2,22,37,9,4,1,2,-9999,-9999
1544,595.252369,595.252592114,595.252369109,8849894,-9999,523280.8,14.49,-1,0.374639428,0.974854377,0,0.584912626,18,0.135135135,1.081081081,S1 O5,de-protonated,0,-9999,C37 H40 O5 S1,37,40,5,-9999,-9999,1,-9999,-9999
1544,595.252369,595.252592114,595.252502051,8849894,-9999,523280.8,14.49,-1,0.151302643,0.995854803,0,0.597512882,5,0.5,1.730769231,P1 O13,de-protonated,0,-9999,C26 H45 O13 P1,26,45,13,-9999,1,-9999,-9999,-9999
1545,595.288783,595.289006131,595.288754618,9636331,-9999,542801.7,15.95,-1,0.422505247,0.968128426,0,0.580877056,17,0.105263158,1.157894737,S1 O4,de-protonated,0,-9999,C38 H44 O4 S1,38,44,4,-9999,-9999,1,-9999,-9999
1545,595.288783,595.289006131,595.28888756,9636331,-9999,542801.7,15.95,-1,0.199182103,0.992827142,0,0.595696285,4,0.444444444,1.814814815,P1 O12,de-protonated,0,-9999,C27 H49 O12 P1,27,49,12,-9999,1,-9999,-9999,-9999
1546,595.312098,595.312321142,595.31238591,7571950.5,-9999,517468.9,12.12,-1,-0.108796703,0.997854547,0,0.598712728,8,0.35483871,1.548387097,O11,de-protonated,0,-9999,C31 H48 O11,31,48,11,-9999,-9999,-9999,-9999,-9999
1546,595.312098,595.312321142,595.312875167,7571950.5,-9999,517468.9,12.12,-1,-0.930645712,0.854573326,0,0.512743995,12,0.088235294,1.441176471,N2 S1 P1 O3,de-protonated,0,-9999,C34 H49 O3 N2 P1 S1,34,49,3,2,1,1,-9999,-9999
1546,595.312098,595.312321142,595.312223719,7571950.5,-9999,517468.9,12.12,-1,0.163650772,0.995152307,0,0.597091384,3,0.192307692,2.038461538,N4 S2 P1 O5,de-protonated,0,-9999,C26 H53 O5 N4 P1 S2,26,53,5,4,1,2,-9999,-9999
1547,595.325082,595.325305148,595.325140128,9112049,-9999,508988.1,14.98,-1,0.277193374,0.986154916,0,0.591692949,16,0.076923077,1.230769231,S1 O3,de-protonated,0,-9999,C39 H48 O3 S1,39,48,3,-9999,-9999,1,-9999,-9999
1547,595.325082,595.325305148,595.32527307,9112049,-9999,508988.1,14.98,-1,0.053883911,0.999473307,0,0.599683984,3,0.392857143,1.892857143,P1 O11,de-protonated,0,-9999,C28 H53 O11 P1,28,53,11,-9999,1,-9999,-9999,-9999
1548,596.247611,596.247834578,596.247618081,8882805,-9999,504268.4,14.55,-1,0.363098301,0.976361606,0,0.585816964,18,0.138888889,1.083333333,N1 S1 O5,de-protonated,0,-9999,C36 H39 O5 N1 S1,36,39,5,1,-9999,1,-9999,-9999
1548,596.247611,596.247834578,596.247751023,8882805,-9999,504268.4,14.55,-1,0.14013431,0.99644312,0,0.597865872,5,0.52,1.76,N1 P1 O13,de-protonated,0,-9999,C25 H44 O13 N1 P1,25,44,13,1,1,-9999,-9999,-9999
1549,597.291338,597.291562064,597.291650465,9063173,-9999,522816,14.89,-1,-0.148003063,0.996033272,0,0.597619963,8,0.4,1.533333333,O12,de-protonated,0,-9999,C30 H46 O12,30,46,12,-9999,-9999,-9999,-9999,-9999
1549,597.291338,597.291562064,597.291137401,9063173,-9999,522816,14.89,-1,0.710982015,0.912359224,0,0.547415534,26,0.023255814,0.88372093,N2 O1,de-protonated,0,-9999,C43 H38 O1 N2,43,38,1,2,-9999,-9999,-9999,-9999
1549,597.291338,597.291562064,597.292139722,9063173,-9999,522816,14.89,-1,-0.967128655,0.843904602,0,0.506342761,12,0.121212121,1.424242424,N2 S1 P1 O4,de-protonated,0,-9999,C33 H47 O4 N2 P1 S1,33,47,4,2,1,1,-9999,-9999
1549,597.291338,597.291562064,597.291488274,9063173,-9999,522816,14.89,-1,0.123541584,0.997234466,0,0.59834068,3,0.24,2.04,N4 S2 P1 O6,de-protonated,0,-9999,C25 H51 O6 N4 P1 S2,25,51,6,4,1,2,-9999,-9999
1550,597.327774,597.327998081,597.328035974,12290826,-9999,500111,20.88,-1,-0.06343812,0.999270045,0,0.599562027,7,0.35483871,1.612903226,O11,de-protonated,0,-9999,C31 H50 O11,31,50,11,-9999,-9999,-9999,-9999,-9999
1550,597.327774,597.327998081,597.328525232,12290826,-9999,500111,20.88,-1,-0.882513886,0.868213334,0,0.520928,11,0.088235294,1.5,N2 S1 P1 O3,de-protonated,0,-9999,C34 H51 O3 N2 P1 S1,34,51,3,2,1,1,-9999,-9999
1550,597.327774,597.327998081,597.327873783,12290826,-9999,500111,20.88,-1,0.208090008,0.992173794,0,0.595304276,2,0.192307692,2.115384615,N4 S2 P1 O5,de-protonated,0,-9999,C26 H55 O5 N4 P1 S2,26,55,5,4,1,2,-9999,-9999
1551,599.262607,599.262831983,599.26253987,7613443,-9999,480667.7,12.19,-1,0.487453369,0.957802036,0,0.574681222,21,0.075,1,S1 O3,de-protonated,0,-9999,C40 H40 O3 S1,40,40,3,-9999,-9999,1,-9999,-9999
1551,599.262607,599.262831983,599.262672812,7613443,-9999,480667.7,12.19,-1,0.265611094,0.987280516,0,0.59236831,8,0.379310345,1.551724138,P1 O11,de-protonated,0,-9999,C29 H45 O11 P1,29,45,11,-9999,1,-9999,-9999,-9999
1551,599.262607,599.262831983,599.262869516,7613443,-9999,480667.7,12.19,-1,-0.062633074,0.999288448,0,0.599573069,0,0.894736842,2.315789474,N4 O17,de-protonated,0,-9999,C19 H44 O17 N4,19,44,17,4,-9999,-9999,-9999,-9999
1552,599.270658,599.270882986,599.27091502,12717060,-9999,476347.2,21.67,-1,-0.05345483,0.999481659,0,0.599688996,8,0.448275862,1.517241379,O13,de-protonated,0,-9999,C29 H44 O13,29,44,13,-9999,-9999,-9999,-9999,-9999
1552,599.270658,599.270882986,599.270401956,12717060,-9999,476347.2,21.67,-1,0.802693281,0.889664919,0,0.533798951,26,0.047619048,0.857142857,N2 O2,de-protonated,0,-9999,C42 H36 O2 N2,42,36,2,2,-9999,-9999,-9999,-9999
1552,599.270658,599.270882986,599.271404278,12717060,-9999,476347.2,21.67,-1,-0.869875104,0.871709475,0,0.523025685,12,0.15625,1.40625,N2 S1 P1 O5,de-protonated,0,-9999,C32 H45 O5 N2 P1 S1,32,45,5,2,1,1,-9999,-9999
1552,599.270658,599.270882986,599.270752829,12717060,-9999,476347.2,21.67,-1,0.217192987,0.991477086,0,0.594886252,3,0.291666667,2.041666667,N4 S2 P1 O7,de-protonated,0,-9999,C24 H49 O7 N4 P1 S2,24,49,7,4,1,2,-9999,-9999
1553,599.306971,599.307196003,599.30730053,13011976,-9999,536539.5,22.22,-1,-0.174411953,0.994495621,0,0.596697373,7,0.4,1.6,O12,de-protonated,0,-9999,C30 H48 O12,30,48,12,-9999,-9999,-9999,-9999,-9999
1553,599.306971,599.307196003,599.306787465,13011976,-9999,536539.5,22.22,-1,0.681684076,0.919138954,0,0.551483372,25,0.023255814,0.930232558,N2 O1,de-protonated,0,-9999,C43 H40 O1 N2,43,40,1,2,-9999,-9999,-9999,-9999
1553,599.306971,599.307196003,599.307789787,13011976,-9999,536539.5,22.22,-1,-0.990782561,0.836842735,0,0.502105641,11,0.121212121,1.484848485,N2 S1 P1 O4,de-protonated,0,-9999,C33 H49 O4 N2 P1 S1,33,49,4,2,1,1,-9999,-9999
1553,599.306971,599.307196003,599.307138338,13011976,-9999,536539.5,22.22,-1,0.0962194,0.998321527,0,0.598992916,2,0.24,2.12,N4 S2 P1 O6,de-protonated,0,-9999,C25 H53 O6 N4 P1 S2,25,53,6,4,1,2,-9999,-9999
1554,599.34341,599.34363502,599.343686039,12307469,-9999,511749.6,20.91,-1,-0.085124329,0.998686059,0,0.599211636,6,0.35483871,1.677419355,O11,de-protonated,0,-9999,C31 H52 O11,31,52,11,-9999,-9999,-9999,-9999,-9999
1554,599.34341,599.34363502,599.344175296,12307469,-9999,511749.6,20.91,-1,-0.901445449,0.862909112,0,0.517745467,10,0.088235294,1.558823529,N2 S1 P1 O3,de-protonated,0,-9999,C34 H53 O3 N2 P1 S1,34,53,3,2,1,1,-9999,-9999
1554,599.34341,599.34363502,599.343523848,12307469,-9999,511749.6,20.91,-1,0.185490618,0.993776384,0,0.596265831,1,0.192307692,2.192307692,N4 S2 P1 O5,de-protonated,0,-9999,C26 H57 O5 N4 P1 S2,26,57,5,4,1,2,-9999,-9999
1555,601.278298,601.278523922,601.278189934,8834286,-9999,495494.7,14.46,-1,0.555462037,0.945554427,0,0.567332656,20,0.075,1.05,S1 O3,de-protonated,0,-9999,C40 H42 O3 S1,40,42,3,-9999,-9999,1,-9999,-9999
1555,601.278298,601.278523922,601.278322876,8834286,-9999,495494.7,14.46,-1,0.334363423,0.979918609,0,0.587951165,7,0.379310345,1.620689655,P1 O11,de-protonated,0,-9999,C29 H47 O11 P1,29,47,11,-9999,1,-9999,-9999,-9999
1556,601.286369,601.286594925,601.286565085,11996399,-9999,521117.5,20.33,-1,0.049628165,0.9995532,0,0.59973192,7,0.448275862,1.586206897,O13,de-protonated,0,-9999,C29 H46 O13,29,46,13,-9999,-9999,-9999,-9999,-9999
1556,601.286369,601.286594925,601.28605202,11996399,-9999,521117.5,20.33,-1,0.902906357,0.862496484,0,0.51749789,25,0.047619048,0.904761905,N2 O2,de-protonated,0,-9999,C42 H38 O2 N2,42,38,2,2,-9999,-9999,-9999,-9999
1556,601.286369,601.286594925,601.287054342,11996399,-9999,521117.5,20.33,-1,-0.764055368,0.899491007,0,0.539694604,11,0.15625,1.46875,N2 S1 P1 O5,de-protonated,0,-9999,C32 H47 O5 N2 P1 S1,32,47,5,2,1,1,-9999,-9999
1556,601.286369,601.286594925,601.286402893,11996399,-9999,521117.5,20.33,-1,0.319368736,0.981663094,0,0.588997856,2,0.291666667,2.125,N4 S2 P1 O7,de-protonated,0,-9999,C24 H51 O7 N4 P1 S2,24,51,7,4,1,2,-9999,-9999
1557,601.31462,601.314845939,601.314575444,9391346,-9999,505955.9,15.49,-1,0.449839056,0.963948816,0,0.57836929,19,0.048780488,1.12195122,S1 O2,de-protonated,0,-9999,C41 H46 O2 S1,41,46,2,-9999,-9999,1,-9999,-9999
1557,601.31462,601.314845939,601.314708386,9391346,-9999,505955.9,15.49,-1,0.228753844,0.990550029,0,0.594330017,6,0.333333333,1.7,P1 O10,de-protonated,0,-9999,C30 H51 O10 P1,30,51,10,-9999,1,-9999,-9999,-9999
1558,601.322642,601.322867942,601.322950594,15240435,-9999,457259.3,26.36,-1,-0.137449771,0.996577861,0,0.597946716,6,0.4,1.666666667,O12,de-protonated,0,-9999,C30 H50 O12,30,50,12,-9999,-9999,-9999,-9999,-9999
1558,601.322642,601.322867942,601.32243753,15240435,-9999,457259.3,26.36,-1,0.715776631,0.455613732,0.6825583,0.546391559,24,0.023255814,0.976744186,N2 O1,de-protonated,0,-9999,C43 H42 O1 N2,43,42,1,2,-9999,-9999,-9999,-9999
1558,601.322642,601.322867942,601.323439851,15240435,-9999,457259.3,26.36,-1,-0.951083915,0.84863056,0,0.509178336,10,0.121212121,1.545454545,N2 S1 P1 O4,de-protonated,0,-9999,C33 H51 O4 N2 P1 S1,33,51,4,2,1,1,-9999,-9999
1558,601.322642,601.322867942,601.322788403,15240435,-9999,457259.3,26.36,-1,0.132274429,0.996830313,0,0.598098188,1,0.24,2.2,N4 S2 P1 O6,de-protonated,0,-9999,C25 H55 O6 N4 P1 S2,25,55,6,4,1,2,-9999,-9999
1559,601.359058,601.359283959,601.359336103,8490231,-9999,471343.5,13.82,-1,-0.086710361,0.998636674,0,0.599182005,5,0.35483871,1.741935484,O11,de-protonated,0,-9999,C31 H54 O11,31,54,11,-9999,-9999,-9999,-9999,-9999
1559,601.359058,601.359283959,601.359825361,8490231,-9999,471343.5,13.82,-1,-0.900295318,0.863233631,0,0.517940179,9,0.088235294,1.617647059,N2 S1 P1 O3,de-protonated,0,-9999,C34 H55 O3 N2 P1 S1,34,55,3,2,1,1,-9999,-9999
1559,601.359058,601.359283959,601.359173912,8490231,-9999,471343.5,13.82,-1,0.182997533,0.993942053,0,0.596365232,0,0.192307692,2.269230769,N4 S2 P1 O5,de-protonated,0,-9999,C26 H59 O5 N4 P1 S2,26,59,5,4,1,2,-9999,-9999
1560,602.281546,602.281772389,602.281814057,8883546,-9999,513522.9,14.55,-1,-0.069183214,0.999131906,0,0.599479144,7,0.464285714,1.607142857,N1 O13,de-protonated,0,-9999,C28 H45 O13 N1,28,45,13,1,-9999,-9999,-9999,-9999
1560,602.281546,602.281772389,602.281300993,8883546,-9999,513522.9,14.55,-1,0.782684864,0.894800343,0,0.536880206,25,0.048780488,0.902439024,N3 O2,de-protonated,0,-9999,C41 H37 O2 N3,41,37,2,3,-9999,-9999,-9999,-9999
1560,602.281546,602.281772389,602.282303314,8883546,-9999,513522.9,14.55,-1,-0.881522068,0.868489003,0,0.521093402,11,0.161290323,1.483870968,N3 S1 P1 O5,de-protonated,0,-9999,C31 H46 O5 N3 P1 S1,31,46,5,3,1,1,-9999,-9999
1561,602.317916,602.318142406,602.318199566,8326494,-9999,503653.6,13.52,-1,-0.094900331,0.998367194,0,0.599020317,6,0.413793103,1.689655172,N1 O12,de-protonated,0,-9999,C29 H49 O12 N1,29,49,12,1,-9999,-9999,-9999,-9999
1561,602.317916,602.318142406,602.317686502,8326494,-9999,503653.6,13.52,-1,0.756916265,0.901264965,0,0.540758979,24,0.023809524,0.976190476,N3 O1,de-protonated,0,-9999,C42 H41 O1 N3,42,41,1,3,-9999,-9999,-9999,-9999
1561,602.317916,602.318142406,602.318688824,8326494,-9999,503653.6,13.52,-1,-0.907190092,0.861283849,0,0.516770309,10,0.125,1.5625,N3 S1 P1 O4,de-protonated,0,-9999,C32 H50 O4 N3 P1 S1,32,50,4,3,1,1,-9999,-9999
1562,603.257443,603.257669844,603.25745449,10538429,-9999,485671.3,17.63,-1,0.356985552,0.977141719,0,0.586285032,20,0.102564103,1.025641026,S1 O4,de-protonated,0,-9999,C39 H40 O4 S1,39,40,4,-9999,-9999,1,-9999,-9999
1562,603.257443,603.257669844,603.257587431,10538429,-9999,485671.3,17.63,-1,0.136612398,0.99661936,0,0.597971616,7,0.428571429,1.607142857,P1 O12,de-protonated,0,-9999,C28 H45 O12 P1,28,45,12,-9999,1,-9999,-9999,-9999
1562,603.257443,603.257669844,603.257074367,10538429,-9999,485671.3,17.63,-1,0.987102747,0.837948623,0,0.502769174,25,0.024390244,0.902439024,N2 P1 O1,de-protonated,0,-9999,C41 H37 O1 N2 P1,41,37,1,2,1,-9999,-9999,-9999
1563,603.293809,603.294035861,603.293839999,13176256,-9999,474703.3,22.53,-1,0.32465405,0.98105698,0,0.588634188,19,0.075,1.1,S1 O3,de-protonated,0,-9999,C40 H44 O3 S1,40,44,3,-9999,-9999,1,-9999,-9999
1563,603.293809,603.294035861,603.293972941,13176256,-9999,474703.3,22.53,-1,0.104294194,0.998028278,0,0.598816967,6,0.379310345,1.689655172,P1 O11,de-protonated,0,-9999,C29 H49 O11 P1,29,49,11,-9999,1,-9999,-9999,-9999
1564,603.301902,603.302128864,603.302215149,8719809,-9999,493130.4,14.25,-1,-0.143020626,0.996295365,0,0.597777219,6,0.448275862,1.655172414,O13,de-protonated,0,-9999,C29 H48 O13,29,48,13,-9999,-9999,-9999,-9999,-9999
1564,603.301902,603.302128864,603.301702085,8719809,-9999,493130.4,14.25,-1,0.707406572,0.913199156,0,0.547919494,24,0.047619048,0.952380952,N2 O2,de-protonated,0,-9999,C42 H40 O2 N2,42,40,2,2,-9999,-9999,-9999,-9999
1564,603.301902,603.302128864,603.302704406,8719809,-9999,493130.4,14.25,-1,-0.953985465,0.847779822,0,0.508667893,10,0.15625,1.53125,N2 S1 P1 O5,de-protonated,0,-9999,C32 H49 O5 N2 P1 S1,32,49,5,2,1,1,-9999,-9999
1564,603.301902,603.302128864,603.302052958,8719809,-9999,493130.4,14.25,-1,0.125818682,0.997131727,0,0.598279036,1,0.291666667,2.208333333,N4 S2 P1 O7,de-protonated,0,-9999,C24 H53 O7 N4 P1 S2,24,53,7,4,1,2,-9999,-9999
1565,603.330199,603.330425878,603.330225508,10685892,-9999,537243.9,17.9,-1,0.332105677,0.980186191,0,0.588111715,18,0.048780488,1.170731707,S1 O2,de-protonated,0,-9999,C41 H48 O2 S1,41,48,2,-9999,-9999,1,-9999,-9999
1565,603.330199,603.330425878,603.33035845,10685892,-9999,537243.9,17.9,-1,0.111759109,0.997736254,0,0.598641753,5,0.333333333,1.766666667,P1 O10,de-protonated,0,-9999,C30 H53 O10 P1,30,53,10,-9999,1,-9999,-9999,-9999
1566,604.260768,604.260995311,604.261078612,8867355,-9999,509271.3,14.52,-1,-0.137855592,0.996557658,0,0.597934595,7,0.518518519,1.592592593,N1 O14,de-protonated,0,-9999,C27 H43 O14 N1,27,43,14,1,-9999,-9999,-9999,-9999
1566,604.260768,604.260995311,604.260565548,8867355,-9999,509271.3,14.52,-1,0.711222122,0.912302694,0,0.547381617,25,0.075,0.875,N3 O3,de-protonated,0,-9999,C40 H35 O3 N3,40,35,3,3,-9999,-9999,-9999,-9999
1566,604.260768,604.260995311,604.261567869,8867355,-9999,509271.3,14.52,-1,-0.947533567,0.849669155,0,0.509801493,11,0.2,1.466666667,N3 S1 P1 O6,de-protonated,0,-9999,C30 H44 O6 N3 P1 S1,30,44,6,3,1,1,-9999,-9999
1567,604.297139,604.297366328,604.297464121,10243615,-9999,502614.5,17.08,-1,-0.161829527,0.99525935,0,0.59715561,6,0.464285714,1.678571429,N1 O13,de-protonated,0,-9999,C28 H47 O13 N1,28,47,13,1,-9999,-9999,-9999,-9999
1567,604.297139,604.297366328,604.296951057,10243615,-9999,502614.5,17.08,-1,0.687197041,0.91788122,0,0.550728732,24,0.048780488,0.951219512,N3 O2,de-protonated,0,-9999,C41 H39 O2 N3,41,39,2,3,-9999,-9999,-9999,-9999
1567,604.297139,604.297366328,604.297953379,10243615,-9999,502614.5,17.08,-1,-0.971458731,0.842620211,0,0.505572126,10,0.161290323,1.548387097,N3 S1 P1 O5,de-protonated,0,-9999,C31 H48 O5 N3 P1 S1,31,48,5,3,1,1,-9999,-9999
1568,604.333505,604.333732345,604.333849631,9391650,-9999,476519.1,15.49,-1,-0.194074153,0.993189076,0,0.595913446,5,0.413793103,1.75862069,N1 O12,de-protonated,0,-9999,C29 H51 O12 N1,29,51,12,1,-9999,-9999,-9999,-9999
1568,604.333505,604.333732345,604.333336566,9391650,-9999,476519.1,15.49,-1,0.654901271,0.92512857,0,0.555077142,23,0.023809524,1.023809524,N3 O1,de-protonated,0,-9999,C42 H43 O1 N3,42,43,1,3,-9999,-9999,-9999,-9999
1569,605.236633,605.236860766,605.236719045,7900785.5,-9999,533742.1,12.72,-1,0.234158304,0.990100474,0,0.594060285,20,0.131578947,1,S1 O5,de-protonated,0,-9999,C38 H38 O5 S1,38,38,5,-9999,-9999,1,-9999,-9999
1569,605.236633,605.236860766,605.236851986,7900785.5,-9999,533742.1,12.72,-1,0.014505848,0.99996182,0,0.599977092,7,0.481481481,1.592592593,P1 O13,de-protonated,0,-9999,C27 H43 O13 P1,27,43,13,-9999,1,-9999,-9999,-9999
1569,605.236633,605.236860766,605.236338922,7900785.5,-9999,533742.1,12.72,-1,0.862214791,0.873810666,0,0.524286399,25,0.05,0.875,N2 P1 O2,de-protonated,0,-9999,C40 H35 O2 N2 P1,40,35,2,2,1,-9999,-9999,-9999
1570,605.273152,605.273379783,605.273104554,15666804,-9999,486455.8,27.15,-1,0.454718483,0.481588567,0.703327172,0.570284009,19,0.102564103,1.076923077,S1 O4,de-protonated,0,-9999,C39 H42 O4 S1,39,42,4,-9999,-9999,1,-9999,-9999
1570,605.273152,605.273379783,605.273237496,15666804,-9999,486455.8,27.15,-1,0.235079183,0.990022848,0,0.594013709,6,0.428571429,1.678571429,P1 O12,de-protonated,0,-9999,C28 H47 O12 P1,28,47,12,-9999,1,-9999,-9999,-9999
1571,605.284376,605.284603788,605.28498939200006,7671413.5,-9999,461088.7,12.3,-1,-0.637061681,0.929005601,0,0.557403361,28,0.02173913,0.826086957,O1,de-protonated,0,-9999,C46 H38 O1,46,38,1,-9999,-9999,-9999,-9999,-9999
1571,605.284376,605.284603788,605.284851008,7671413.5,-9999,461088.7,12.3,-1,-0.408434875,0.970184425,0,0.582110655,1,0.56,2,S1 O14,de-protonated,0,-9999,C25 H50 O14 S1,25,50,14,-9999,-9999,1,-9999,-9999
1571,605.284376,605.284603788,605.284337943,7671413.5,-9999,461088.7,12.3,-1,0.439206486,0.965603605,0,0.579362163,19,0.078947368,1.105263158,N2 S1 O3,de-protonated,0,-9999,C38 H42 O3 N2 S1,38,42,3,2,-9999,1,-9999,-9999
1571,605.284376,605.284603788,605.284470885,7671413.5,-9999,461088.7,12.3,-1,0.219571266,0.991290231,0,0.594774139,6,0.407407407,1.740740741,N2 P1 O11,de-protonated,0,-9999,C27 H47 O11 N2 P1,27,47,11,2,1,-9999,-9999,-9999
1572,605.309524,605.3097518,605.309490063,15830647,-9999,486504.4,27.46,-1,0.432401058,0.974178443,0.947658391,0.963570422,18,0.075,1.15,S1 O3,de-protonated,0,-9999,C40 H46 O3 S1,40,46,3,-9999,-9999,1,-9999,-9999
1572,605.309524,605.3097518,605.309623005,15830647,-9999,486504.4,27.46,-1,0.212774965,0.991818889,0,0.595091333,5,0.379310345,1.75862069,P1 O11,de-protonated,0,-9999,C29 H51 O11 P1,29,51,11,-9999,1,-9999,-9999,-9999
1573,605.345866,605.346093817,605.345875573,10358395,-9999,481129.3,17.29,-1,0.360527848,0.976691187,0,0.586014712,17,0.048780488,1.219512195,S1 O2,de-protonated,0,-9999,C41 H50 O2 S1,41,50,2,-9999,-9999,1,-9999,-9999
1573,605.345866,605.346093817,605.346008514,10358395,-9999,481129.3,17.29,-1,0.140914972,0.996403451,0,0.597842071,4,0.333333333,1.833333333,P1 O10,de-protonated,0,-9999,C30 H55 O10 P1,30,55,10,-9999,1,-9999,-9999,-9999
1574,606.31281,606.313038267,606.312844898,8687305,-9999,510694.5,14.19,-1,0.318925838,0.98171345,0.947658391,0.968091427,18,0.075,1.15,13C1 S1 O3,de-protonated,1,1572,C39 H46 O3 S1 13C1,39,46,3,-9999,-9999,1,1,-9999
1574,606.31281,606.313038267,606.313114186,8687305,-9999,510694.5,14.19,-1,-0.125213386,0.997159219,0,0.598295531,5,0.464285714,1.75,N1 O13,de-protonated,0,-9999,C28 H49 O13 N1,28,49,13,1,-9999,-9999,-9999,-9999
1574,606.31281,606.313038267,606.312601122,8687305,-9999,510694.5,14.19,-1,0.720990675,0.909989674,0,0.545993804,23,0.048780488,1,N3 O2,de-protonated,0,-9999,C41 H41 O2 N3,41,41,2,3,-9999,-9999,-9999,-9999
1574,606.31281,606.313038267,606.313603443,8687305,-9999,510694.5,14.19,-1,-0.93215106,0.85413862,0,0.512483172,9,0.161290323,1.612903226,N3 S1 P1 O5,de-protonated,0,-9999,C31 H50 O5 N3 P1 S1,31,50,5,3,1,1,-9999,-9999
1575,607.252444,607.252672705,607.252369109,12029711,-9999,476055.6,20.4,-1,0.499950168,0.95565995,0,0.57339597,19,0.131578947,1.052631579,S1 O5,de-protonated,0,-9999,C38 H40 O5 S1,38,40,5,-9999,-9999,1,-9999,-9999
1575,607.252444,607.252672705,607.252502051,12029711,-9999,476055.6,20.4,-1,0.281026744,0.98577209,0,0.591463254,6,0.481481481,1.666666667,P1 O13,de-protonated,0,-9999,C27 H45 O13 P1,27,45,13,-9999,1,-9999,-9999,-9999
1576,607.288739,607.288967722,607.288754618,11996945,-9999,514288.7,20.33,-1,0.350909649,0.977904607,0,0.586742764,18,0.102564103,1.128205128,S1 O4,de-protonated,0,-9999,C39 H44 O4 S1,39,44,4,-9999,-9999,1,-9999,-9999
1576,607.288739,607.288967722,607.28888756,11996945,-9999,514288.7,20.33,-1,0.131999375,0.99684346,0,0.598106076,5,0.428571429,1.75,P1 O12,de-protonated,0,-9999,C28 H49 O12 P1,28,49,12,-9999,1,-9999,-9999,-9999
1576,607.288739,607.288967722,607.288374496,11996945,-9999,514288.7,20.33,-1,0.976843998,0.84101757,0,0.504610542,23,0.024390244,1,N2 P1 O1,de-protonated,0,-9999,C41 H41 O1 N2 P1,41,41,1,2,1,-9999,-9999,-9999
1577,607.325139,607.325367739,607.325140128,12898068,-9999,473378,22.01,-1,0.374776339,0.974836228,0,0.584901737,17,0.075,1.2,S1 O3,de-protonated,0,-9999,C40 H48 O3 S1,40,48,3,-9999,-9999,1,-9999,-9999
1577,607.325139,607.325367739,607.32527307,12898068,-9999,473378,22.01,-1,0.155879175,0.995600807,0,0.597360484,4,0.379310345,1.827586207,P1 O11,de-protonated,0,-9999,C29 H53 O11 P1,29,53,11,-9999,1,-9999,-9999,-9999
1578,608.247576,608.247805169,608.247618081,7540563,-9999,493947.8,12.05,-1,0.307584209,0.982979999,0,0.589788,19,0.135135135,1.054054054,N1 S1 O5,de-protonated,0,-9999,C37 H39 O5 N1 S1,37,39,5,1,-9999,1,-9999,-9999
1578,608.247576,608.247805169,608.247751023,7540563,-9999,493947.8,12.05,-1,0.089019043,0.998563163,0,0.599137898,6,0.5,1.692307692,N1 P1 O13,de-protonated,0,-9999,C26 H44 O13 N1 P1,26,44,13,1,1,-9999,-9999,-9999
1578,608.247576,608.247805169,608.247237959,7540563,-9999,493947.8,12.05,-1,0.932531785,0.854028601,0,0.51241716,24,0.051282051,0.923076923,N3 P1 O2,de-protonated,0,-9999,C39 H36 O2 N3 P1,39,36,2,3,1,-9999,-9999,-9999
1579,609.30427,609.304499661,609.304404683,9064340,-9999,507568.8,14.88,-1,0.155879512,0.995600788,0,0.597360473,17,0.102564103,1.179487179,S1 O4,de-protonated,0,-9999,C39 H46 O4 S1,39,46,4,-9999,-9999,1,-9999,-9999
1579,609.30427,609.304499661,609.304537625,9064340,-9999,507568.8,14.88,-1,-0.062306538,0.999295845,0,0.599577507,4,0.428571429,1.821428571,P1 O12,de-protonated,0,-9999,C28 H51 O12 P1,28,51,12,-9999,1,-9999,-9999,-9999
1579,609.30427,609.304499661,609.30402456,9064340,-9999,507568.8,14.88,-1,0.779743075,0.895546917,0,0.53732815,22,0.024390244,1.048780488,N2 P1 O1,de-protonated,0,-9999,C41 H43 O1 N2 P1,41,43,1,2,1,-9999,-9999,-9999
1580,610.263357,610.263587108,610.263268146,7548874,-9999,432715.8,12.06,-1,0.522663063,0.951640873,0,0.570984524,18,0.135135135,1.108108108,N1 S1 O5,de-protonated,0,-9999,C37 H41 O5 N1 S1,37,41,5,1,-9999,1,-9999,-9999
1580,610.263357,610.263587108,610.263401088,7548874,-9999,432715.8,12.06,-1,0.304819752,0.983282004,0,0.589969202,5,0.5,1.769230769,N1 P1 O13,de-protonated,0,-9999,C26 H46 O13 N1 P1,26,46,13,1,1,-9999,-9999,-9999
1581,611.306978,611.307208594,611.30730053,8835071,-9999,468631.1,14.45,-1,-0.150391581,0.995904471,0,0.597542682,8,0.387096774,1.548387097,O12,de-protonated,0,-9999,C31 H48 O12,31,48,12,-9999,-9999,-9999,-9999,-9999
1581,611.306978,611.307208594,611.306787465,8835071,-9999,468631.1,14.45,-1,0.688899236,0.917491183,0,0.55049471,26,0.022727273,0.909090909,N2 O1,de-protonated,0,-9999,C44 H40 O1 N2,44,40,1,2,-9999,-9999,-9999,-9999
1581,611.306978,611.307208594,611.307789787,8835071,-9999,468631.1,14.45,-1,-0.950736815,0.848732213,0,0.509239328,12,0.117647059,1.441176471,N2 S1 P1 O4,de-protonated,0,-9999,C34 H49 O4 N2 P1 S1,34,49,4,2,1,1,-9999,-9999
1581,611.306978,611.307208594,611.307138338,8835071,-9999,468631.1,14.45,-1,0.114927267,0.997606245,0,0.598563747,3,0.230769231,2.038461538,N4 S2 P1 O6,de-protonated,0,-9999,C26 H53 O6 N4 P1 S2,26,53,6,4,1,2,-9999,-9999
1582,611.343448,611.343678611,611.343686039,8376320.5,-9999,508351.4,13.6,-1,-0.012150006,0.999973214,0,0.599983929,7,0.34375,1.625,O11,de-protonated,0,-9999,C32 H52 O11,32,52,11,-9999,-9999,-9999,-9999,-9999
1582,611.343448,611.343678611,611.344175296,8376320.5,-9999,508351.4,13.6,-1,-0.812447717,0.887125278,0,0.532275167,11,0.085714286,1.514285714,N2 S1 P1 O3,de-protonated,0,-9999,C35 H53 O3 N2 P1 S1,35,53,3,2,1,1,-9999,-9999
1582,611.343448,611.343678611,611.343523848,8376320.5,-9999,508351.4,13.6,-1,0.253153087,0.98843894,0,0.593063364,2,0.185185185,2.111111111,N4 S2 P1 O5,de-protonated,0,-9999,C27 H57 O5 N4 P1 S2,27,57,5,4,1,2,-9999,-9999
1583,613.286273,613.286504516,613.286565085,8622162,-9999,509804.9,14.05,-1,-0.09876038,0.998231785,0,0.598939071,8,0.433333333,1.533333333,O13,de-protonated,0,-9999,C30 H46 O13,30,46,13,-9999,-9999,-9999,-9999,-9999
1583,613.286273,613.286504516,613.28605202,8622162,-9999,509804.9,14.05,-1,0.737821828,0.905944506,0,0.543566704,26,0.046511628,0.88372093,N2 O2,de-protonated,0,-9999,C43 H38 O2 N2,43,38,2,2,-9999,-9999,-9999,-9999
1583,613.286273,613.286504516,613.287054342,8622162,-9999,509804.9,14.05,-1,-0.896522697,0.864296052,0,0.518577631,12,0.151515152,1.424242424,N2 S1 P1 O5,de-protonated,0,-9999,C33 H47 O5 N2 P1 S1,33,47,5,2,1,1,-9999,-9999
1583,613.286273,613.286504516,613.286402893,8622162,-9999,509804.9,14.05,-1,0.165702216,0.995030313,0,0.597018188,3,0.28,2.04,N4 S2 P1 O7,de-protonated,0,-9999,C25 H51 O7 N4 P1 S2,25,51,7,4,1,2,-9999,-9999
1584,613.322682,613.322913533,613.322950594,12996691,-9999,438076.9,22.18,-1,-0.060426242,0.99933769,0,0.599602614,7,0.387096774,1.612903226,O12,de-protonated,0,-9999,C31 H50 O12,31,50,12,-9999,-9999,-9999,-9999,-9999
1584,613.322682,613.322913533,613.32243753,12996691,-9999,438076.9,22.18,-1,0.776106367,0.448233409,0.677556332,0.539962578,25,0.022727273,0.954545455,N2 O1,de-protonated,0,-9999,C44 H42 O1 N2,44,42,1,2,-9999,-9999,-9999,-9999
1584,613.322682,613.322913533,613.323439851,12996691,-9999,438076.9,22.18,-1,-0.858141263,0.874922491,0,0.524953494,11,0.117647059,1.5,N2 S1 P1 O4,de-protonated,0,-9999,C34 H51 O4 N2 P1 S1,34,51,4,2,1,1,-9999,-9999
1584,613.322682,613.322913533,613.322788403,12996691,-9999,438076.9,22.18,-1,0.204020674,0.992475751,0,0.59548545,2,0.230769231,2.115384615,N4 S2 P1 O6,de-protonated,0,-9999,C26 H55 O6 N4 P1 S2,26,55,6,4,1,2,-9999,-9999
1585,613.359029,613.35926055,613.359336103,8474708,-9999,527854.4,13.78,-1,-0.12317937,0.997250637,0,0.598350382,6,0.34375,1.6875,O11,de-protonated,0,-9999,C32 H54 O11,32,54,11,-9999,-9999,-9999,-9999,-9999
1585,613.359029,613.35926055,613.359825361,8474708,-9999,527854.4,13.78,-1,-0.920847019,0.857391114,0,0.514434668,10,0.085714286,1.571428571,N2 S1 P1 O3,de-protonated,0,-9999,C35 H55 O3 N2 P1 S1,35,55,3,2,1,1,-9999,-9999
1585,613.359029,613.35926055,613.359173912,8474708,-9999,527854.4,13.78,-1,0.141251842,0.996386266,0,0.59783176,1,0.185185185,2.185185185,N4 S2 P1 O5,de-protonated,0,-9999,C27 H59 O5 N4 P1 S2,27,59,5,4,1,2,-9999,-9999
1586,615.293922,615.294154452,615.293839999,9195665,-9999,456833,15.12,-1,0.511061062,0.953714054,0,0.572228432,20,0.073170732,1.073170732,S1 O3,de-protonated,0,-9999,C41 H44 O3 S1,41,44,3,-9999,-9999,1,-9999,-9999
1586,615.293922,615.294154452,615.293972941,9195665,-9999,456833,15.12,-1,0.294998815,0.98433357,0,0.590600142,7,0.366666667,1.633333333,P1 O11,de-protonated,0,-9999,C30 H49 O11 P1,30,49,11,-9999,1,-9999,-9999,-9999
1587,615.301954,615.302186455,615.302215149,10178705,-9999,496464.2,16.94,-1,-0.046633596,0.999605483,0,0.59976329,7,0.433333333,1.6,O13,de-protonated,0,-9999,C30 H48 O13,30,48,13,-9999,-9999,-9999,-9999,-9999
1587,615.301954,615.302186455,615.301702085,10178705,-9999,496464.2,16.94,-1,0.787208119,0.89364816,0,0.536188896,25,0.046511628,0.930232558,N2 O2,de-protonated,0,-9999,C43 H40 O2 N2,43,40,2,2,-9999,-9999,-9999,-9999
1587,615.301954,615.302186455,615.302704406,10178705,-9999,496464.2,16.94,-1,-0.841782591,0.879348344,0,0.527609007,11,0.151515152,1.484848485,N2 S1 P1 O5,de-protonated,0,-9999,C33 H49 O5 N2 P1 S1,33,49,5,2,1,1,-9999,-9999
1587,615.301954,615.302186455,615.302052958,10178705,-9999,496464.2,16.94,-1,0.216962669,0.991495076,0,0.594897045,2,0.28,2.12,N4 S2 P1 O7,de-protonated,0,-9999,C25 H53 O7 N4 P1 S2,25,53,7,4,1,2,-9999,-9999
1588,615.338214,615.338446472,615.338600658,10342546,-9999,503111.5,17.25,-1,-0.250571329,0.988672212,0,0.593203327,6,0.387096774,1.677419355,O12,de-protonated,0,-9999,C31 H52 O12,31,52,12,-9999,-9999,-9999,-9999,-9999
1588,615.338214,615.338446472,615.338087594,10342546,-9999,503111.5,17.25,-1,0.583220909,0.940146881,0,0.564088129,24,0.022727273,1,N2 O1,de-protonated,0,-9999,C44 H44 O1 N2,44,44,1,2,-9999,-9999,-9999,-9999
1588,615.338214,615.338446472,615.338438467,10342546,-9999,503111.5,17.25,-1,0.013009294,0.999969292,0,0.599981575,1,0.230769231,2.192307692,N4 S2 P1 O6,de-protonated,0,-9999,C26 H57 O6 N4 P1 S2,26,57,6,4,1,2,-9999,-9999
1589,616.297246,616.297478919,616.297464121,9130153,-9999,465988.1,15,-1,0.024010741,0.999895397,0,0.599937238,7,0.448275862,1.620689655,N1 O13,de-protonated,0,-9999,C29 H47 O13 N1,29,47,13,1,-9999,-9999,-9999,-9999
1589,616.297246,616.297478919,616.296951057,9130153,-9999,465988.1,15,-1,0.856505955,0.875367745,0,0.525220647,25,0.047619048,0.928571429,N3 O2,de-protonated,0,-9999,C42 H39 O2 N3,42,39,2,3,-9999,-9999,-9999,-9999
1589,616.297246,616.297478919,616.297953379,9130153,-9999,465988.1,15,-1,-0.769854238,0.898040421,0,0.538824253,11,0.15625,1.5,N3 S1 P1 O5,de-protonated,0,-9999,C32 H48 O5 N3 P1 S1,32,48,5,3,1,1,-9999,-9999
1590,617.273167,617.273400374,617.273104554,9572540,-9999,511146.3,15.82,-1,0.479236427,0.959183501,0,0.575510101,20,0.1,1.05,S1 O4,de-protonated,0,-9999,C40 H42 O4 S1,40,42,4,-9999,-9999,1,-9999,-9999
1590,617.273167,617.273400374,617.273237496,9572540,-9999,511146.3,15.82,-1,0.263866983,0.987445961,0,0.592467576,7,0.413793103,1.620689655,P1 O12,de-protonated,0,-9999,C29 H47 O12 P1,29,47,12,-9999,1,-9999,-9999,-9999
1591,617.309534,617.309767391,617.309490063,10260669,-9999,488397.9,17.1,-1,0.449251721,0.964041184,0,0.57842471,19,0.073170732,1.12195122,S1 O3,de-protonated,0,-9999,C41 H46 O3 S1,41,46,3,-9999,-9999,1,-9999,-9999
1591,617.309534,617.309767391,617.309623005,10260669,-9999,488397.9,17.1,-1,0.233894978,0.990122617,0,0.59407357,6,0.366666667,1.7,P1 O11,de-protonated,0,-9999,C30 H51 O11 P1,30,51,11,-9999,1,-9999,-9999,-9999
1592,618.312788,618.313021858,618.313114186,7606476,-9999,542617.2,12.17,-1,-0.149321831,0.99596241,0,0.597577446,6,0.448275862,1.689655172,N1 O13,de-protonated,0,-9999,C29 H49 O13 N1,29,49,13,1,-9999,-9999,-9999,-9999
1592,618.312788,618.313021858,618.312601122,7606476,-9999,542617.2,12.17,-1,0.680459371,0.919417217,0,0.55165033,24,0.047619048,0.976190476,N3 O2,de-protonated,0,-9999,C42 H41 O2 N3,42,41,2,3,-9999,-9999,-9999,-9999
1592,618.312788,618.313021858,618.313603443,7606476,-9999,542617.2,12.17,-1,-0.940598741,0.851690255,0,0.511014153,10,0.15625,1.5625,N3 S1 P1 O5,de-protonated,0,-9999,C32 H50 O5 N3 P1 S1,32,50,5,3,1,1,-9999,-9999
1593,619.288791,619.289025313,619.288754618,15421655,-9999,450397.4,26.68,-1,0.437105289,0.966271178,0.941199018,0.956242314,19,0.1,1.1,S1 O4,de-protonated,0,-9999,C40 H44 O4 S1,40,44,4,-9999,-9999,1,-9999,-9999
1593,619.288791,619.289025313,619.28888756,15421655,-9999,450397.4,26.68,-1,0.222436835,0.991062435,0,0.594637461,6,0.413793103,1.689655172,P1 O12,de-protonated,0,-9999,C29 H49 O12 P1,29,49,12,-9999,1,-9999,-9999,-9999
1594,619.325131,619.32536533,619.325140128,12341463,-9999,467875.9,20.96,-1,0.363624785,0.976293826,0,0.585776295,18,0.073170732,1.170731707,S1 O3,de-protonated,0,-9999,C41 H48 O3 S1,41,48,3,-9999,-9999,1,-9999,-9999
1594,619.325131,619.32536533,619.32527307,12341463,-9999,467875.9,20.96,-1,0.148968958,0.995981432,0,0.597588859,5,0.366666667,1.766666667,P1 O11,de-protonated,0,-9999,C30 H53 O11 P1,30,53,11,-9999,1,-9999,-9999,-9999
1595,619.336373,619.336607335,619.336886581,34803928,-9999,467906.2,62.67,-1,-0.450879541,0.962765686,0.989112156,0.973304274,0,0.481481481,2.074074074,S1 O13,de-protonated,0,-9999,C27 H56 O13 S1,27,56,13,-9999,-9999,1,-9999,-9999
1595,619.336373,619.336607335,619.336373517,34803928,-9999,467906.2,62.67,-1,0.37752977,0.97539438,0.91315048,0.95049682,18,0.05,1.2,N2 S1 O2,de-protonated,0,-9999,C40 H48 O2 N2 S1,40,48,2,2,-9999,1,-9999,-9999
1595,619.336373,619.336607335,619.336506459,34803928,-9999,467906.2,62.67,-1,0.162877834,0.995585436,0.976367349,0.987898201,5,0.344827586,1.827586207,N2 P1 O10,de-protonated,0,-9999,C29 H53 O10 N2 P1,29,53,10,2,1,-9999,-9999,-9999
1596,619.361542,619.361776347,619.361525637,8753367,-9999,485818.9,14.3,-1,0.404787147,0.970706769,0,0.582424061,17,0.047619048,1.238095238,S1 O2,de-protonated,0,-9999,C42 H52 O2 S1,42,52,2,-9999,-9999,1,-9999,-9999
1596,619.361542,619.361776347,619.361658579,8753367,-9999,485818.9,14.3,-1,0.190143922,0.993461246,0,0.596076748,4,0.322580645,1.838709677,P1 O10,de-protonated,0,-9999,C31 H57 O10 P1,31,57,10,-9999,1,-9999,-9999,-9999
1597,620.292143,620.29237778,620.292109454,8704221,-9999,418541.7,14.21,-1,0.432581334,0.966616086,0.941199018,0.956449259,19,0.1,1.1,13C1 S1 O4,de-protonated,1,1593,C39 H44 O4 S1 13C1,39,44,4,-9999,-9999,1,1,-9999
1597,620.292143,620.29237778,620.292378741,8704221,-9999,418541.7,14.21,-1,-0.001548563,0.999999565,0,0.599999739,6,0.5,1.678571429,N1 O14,de-protonated,0,-9999,C28 H47 O14 N1,28,47,14,1,-9999,-9999,-9999,-9999
1597,620.292143,620.29237778,620.291865677,8704221,-9999,418541.7,14.21,-1,0.825585046,0.883668107,0,0.530200864,24,0.073170732,0.951219512,N3 O3,de-protonated,0,-9999,C41 H39 O3 N3,41,39,3,3,-9999,-9999,-9999,-9999
1597,620.292143,620.29237778,620.292867998,8704221,-9999,418541.7,14.21,-1,-0.790300738,0.892857433,0,0.53571446,10,0.193548387,1.548387097,N3 S1 P1 O6,de-protonated,0,-9999,C31 H48 O6 N3 P1 S1,31,48,6,3,1,1,-9999,-9999
1598,620.339719,620.339953803,620.340241416,9539806,-9999,488581.1,15.76,-1,-0.463639011,0.961746463,0.989112156,0.97269274,0,0.481481481,2.074074074,13C1 S1 O13,de-protonated,1,1595,C26 H56 O13 S1 13C1,26,56,13,-9999,-9999,1,1,-9999
1598,620.339719,620.339953803,620.339728352,9539806,-9999,488581.1,15.76,-1,0.363430398,0.976318862,0.91315048,0.95105151,18,0.05,1.2,13C1 N2 S1 O2,de-protonated,1,1595,C39 H48 O2 N2 S1 13C1,39,48,2,2,-9999,1,1,-9999
1598,620.339719,620.339953803,620.339861294,9539806,-9999,488581.1,15.76,-1,0.149125649,0.995972991,0.976367349,0.988130734,5,0.344827586,1.827586207,13C1 N2 P1 O10,de-protonated,1,1595,C28 H53 O10 N2 P1 13C1,28,53,10,2,1,-9999,1,-9999
1598,620.339719,620.339953803,620.33999764,9539806,-9999,488581.1,15.76,-1,-0.070666144,0.999094309,0,0.599456586,5,0.428571429,1.821428571,N3 O12,de-protonated,0,-9999,C28 H51 O12 N3,28,51,12,3,-9999,-9999,-9999,-9999
1599,621.210585,621.210820208,621.210504296,7786720,-9999,482975,12.5,-1,0.5085427,0.954158504,0,0.572495102,25,0.097560976,0.829268293,S1 O4,de-protonated,0,-9999,C41 H34 O4 S1,41,34,4,-9999,-9999,1,-9999,-9999
1599,621.210585,621.210820208,621.210637238,7786720,-9999,482975,12.5,-1,0.294538319,0.984382059,0,0.590629236,12,0.4,1.3,P1 O12,de-protonated,0,-9999,C30 H39 O12 P1,30,39,12,-9999,1,-9999,-9999,-9999
1599,621.210585,621.210820208,621.210833942,7786720,-9999,482975,12.5,-1,-0.022108683,0.999911313,0,0.599946788,4,0.9,1.9,N4 O18,de-protonated,0,-9999,C20 H38 O18 N4,20,38,18,4,-9999,-9999,-9999,-9999
1600,621.268014,621.268249235,621.268019174,10735840,-9999,496570.4,17.98,-1,0.370309442,0.975425111,0,0.585255066,19,0.128205128,1.076923077,S1 O5,de-protonated,0,-9999,C39 H42 O5 S1,39,42,5,-9999,-9999,1,-9999,-9999
1600,621.268014,621.268249235,621.268152115,10735840,-9999,496570.4,17.98,-1,0.156324903,0.995575669,0,0.597345401,6,0.464285714,1.678571429,P1 O13,de-protonated,0,-9999,C28 H47 O13 P1,28,47,13,-9999,1,-9999,-9999,-9999
1600,621.268014,621.268249235,621.267639051,10735840,-9999,496570.4,17.98,-1,0.982159532,0.839430008,0,0.503658005,24,0.048780488,0.951219512,N2 P1 O2,de-protonated,0,-9999,C41 H39 O2 N2 P1,41,39,2,2,1,-9999,-9999,-9999
1601,621.304337,621.304572252,621.304404683,12685536,-9999,487132.1,21.6,-1,0.269705132,0.986887988,0,0.592132793,18,0.1,1.15,S1 O4,de-protonated,0,-9999,C40 H46 O4 S1,40,46,4,-9999,-9999,1,-9999,-9999
1601,621.304337,621.304572252,621.304537625,12685536,-9999,487132.1,21.6,-1,0.055733146,0.999436546,0,0.599661928,5,0.413793103,1.75862069,P1 O12,de-protonated,0,-9999,C29 H51 O12 P1,29,51,12,-9999,1,-9999,-9999,-9999
1601,621.304337,621.304572252,621.30402456,12685536,-9999,487132.1,21.6,-1,0.881519329,0.868489764,0,0.521093859,23,0.023809524,1.023809524,N2 P1 O1,de-protonated,0,-9999,C42 H43 O1 N2 P1,42,43,1,2,1,-9999,-9999,-9999
1602,621.333435,621.333670265,621.333909201,10784992,-9999,436676.6,18.07,-1,-0.384552867,0.973524005,0,0.584114403,0,0.615384615,2.076923077,O16,de-protonated,0,-9999,C26 H54 O16,26,54,16,-9999,-9999,-9999,-9999,-9999
1602,621.333435,621.333670265,621.333396137,10784992,-9999,436676.6,18.07,-1,0.441193915,0.965297087,0,0.579178252,18,0.128205128,1.179487179,N2 O5,de-protonated,0,-9999,C39 H46 O5 N2,39,46,5,2,-9999,-9999,-9999,-9999
1603,621.340744,621.340979269,621.340790192,10031328,-9999,460627.7,16.67,-1,0.304304179,0.983338036,0,0.590002822,17,0.073170732,1.219512195,S1 O3,de-protonated,0,-9999,C41 H50 O3 S1,41,50,3,-9999,-9999,1,-9999,-9999
1603,621.340744,621.340979269,621.340923134,10031328,-9999,460627.7,16.67,-1,0.090344715,0.998520082,0,0.599112049,4,0.366666667,1.833333333,P1 O11,de-protonated,0,-9999,C30 H55 O11 P1,30,55,11,-9999,1,-9999,-9999,-9999
1604,623.283596,623.283832174,623.283669238,8507611,-9999,489326.8,13.84,-1,0.261415524,0.987676707,0,0.592606024,18,0.128205128,1.128205128,S1 O5,de-protonated,0,-9999,C39 H44 O5 S1,39,44,5,-9999,-9999,1,-9999,-9999
1604,623.283596,623.283832174,623.28380218,8507611,-9999,489326.8,13.84,-1,0.048123017,0.999579885,0,0.599747931,5,0.464285714,1.75,P1 O13,de-protonated,0,-9999,C28 H49 O13 P1,28,49,13,-9999,1,-9999,-9999,-9999
1604,623.283596,623.283832174,623.283289116,8507611,-9999,489326.8,13.84,-1,0.871286871,0.87132076,0,0.522792456,23,0.048780488,1,N2 P1 O2,de-protonated,0,-9999,C41 H41 O2 N2 P1,41,41,2,2,1,-9999,-9999,-9999
1605,624.242531,624.242767621,624.242532701,8016084,-9999,482862.8,12.93,-1,0.376328012,0.974630099,0,0.584778059,19,0.162162162,1.054054054,N1 S1 O6,de-protonated,0,-9999,C37 H39 O6 N1 S1,37,39,6,1,-9999,1,-9999,-9999
1605,624.242531,624.242767621,624.242665643,8016084,-9999,482862.8,12.93,-1,0.163363107,0.995169293,0,0.597101576,6,0.538461538,1.692307692,N1 P1 O14,de-protonated,0,-9999,C26 H44 O14 N1 P1,26,44,14,1,1,-9999,-9999,-9999
1605,624.242531,624.242767621,624.242152578,8016084,-9999,482862.8,12.93,-1,0.98526264,0.83850063,0,0.503100378,24,0.076923077,0.923076923,N3 P1 O3,de-protonated,0,-9999,C39 H36 O3 N3 P1,39,36,3,3,1,-9999,-9999,-9999
1606,625.322711,625.322948124,625.322950594,7852232.5,-9999,469222.9,12.62,-1,-0.003949808,0.999997169,0,0.599998302,8,0.375,1.5625,O12,de-protonated,0,-9999,C32 H50 O12,32,50,12,-9999,-9999,-9999,-9999,-9999
1606,625.322711,625.322948124,625.32243753,7852232.5,-9999,469222.9,12.62,-1,0.816529703,0.886055574,0,0.531633345,26,0.022222222,0.933333333,N2 O1,de-protonated,0,-9999,C45 H42 O1 N2,45,42,1,2,-9999,-9999,-9999,-9999
1606,625.322711,625.322948124,625.323439851,7852232.5,-9999,469222.9,12.62,-1,-0.786356666,0.893865439,0,0.536319264,12,0.114285714,1.457142857,N2 S1 P1 O4,de-protonated,0,-9999,C35 H51 O4 N2 P1 S1,35,51,4,2,1,1,-9999,-9999
1606,625.322711,625.322948124,625.322788403,7852232.5,-9999,469222.9,12.62,-1,0.255422363,0.988231973,0,0.592939184,3,0.222222222,2.037037037,N4 S2 P1 O6,de-protonated,0,-9999,C27 H55 O6 N4 P1 S2,27,55,6,4,1,2,-9999,-9999
1607,627.301985,627.302223046,627.302215149,8786091,-9999,441623.8,14.36,-1,0.012589054,0.999971244,0,0.599982746,8,0.419354839,1.548387097,O13,de-protonated,0,-9999,C31 H48 O13,31,48,13,-9999,-9999,-9999,-9999,-9999
1607,627.301985,627.302223046,627.301702085,8786091,-9999,441623.8,14.36,-1,0.830479799,0.882369338,0,0.529421603,26,0.045454545,0.909090909,N2 O2,de-protonated,0,-9999,C44 H40 O2 N2,44,40,2,2,-9999,-9999,-9999,-9999
1607,627.301985,627.302223046,627.302704406,8786091,-9999,441623.8,14.36,-1,-0.767349168,0.898668122,0,0.539200873,12,0.147058824,1.441176471,N2 S1 P1 O5,de-protonated,0,-9999,C34 H49 O5 N2 P1 S1,34,49,5,2,1,1,-9999,-9999
1607,627.301985,627.302223046,627.302052958,8786091,-9999,441623.8,14.36,-1,0.271142858,0.986748755,0,0.592049253,3,0.269230769,2.038461538,N4 S2 P1 O7,de-protonated,0,-9999,C26 H53 O7 N4 P1 S2,26,53,7,4,1,2,-9999,-9999
1608,627.338268,627.338506063,627.338600658,11718826,-9999,453447.5,19.8,-1,-0.150788273,0.995882881,0,0.597529729,7,0.375,1.625,O12,de-protonated,0,-9999,C32 H52 O12,32,52,12,-9999,-9999,-9999,-9999,-9999
1608,627.338268,627.338506063,627.338087594,11718826,-9999,453447.5,19.8,-1,0.667054901,0.922435509,0,0.553461306,25,0.022222222,0.977777778,N2 O1,de-protonated,0,-9999,C45 H44 O1 N2,45,44,1,2,-9999,-9999,-9999,-9999
1608,627.338268,627.338506063,627.339089916,11718826,-9999,453447.5,19.8,-1,-0.930681131,0.854563103,0,0.512737862,11,0.114285714,1.514285714,N2 S1 P1 O4,de-protonated,0,-9999,C35 H53 O4 N2 P1 S1,35,53,4,2,1,1,-9999,-9999
1608,627.338268,627.338506063,627.338438467,11718826,-9999,453447.5,19.8,-1,0.107750493,0.997895568,0,0.598737341,2,0.222222222,2.111111111,N4 S2 P1 O6,de-protonated,0,-9999,C27 H57 O6 N4 P1 S2,27,57,6,4,1,2,-9999,-9999
1609,629.317534,629.317772985,629.317865214,12112002,-9999,475003.8,20.53,-1,-0.146552745,0.996110482,0,0.597666289,7,0.419354839,1.612903226,O13,de-protonated,0,-9999,C31 H50 O13,31,50,13,-9999,-9999,-9999,-9999,-9999
1609,629.317534,629.317772985,629.317352149,12112002,-9999,475003.8,20.53,-1,0.668718236,0.922063705,0,0.553238223,25,0.045454545,0.954545455,N2 O2,de-protonated,0,-9999,C44 H42 O2 N2,44,42,2,2,-9999,-9999,-9999,-9999
1609,629.317534,629.317772985,629.318354471,12112002,-9999,475003.8,20.53,-1,-0.923992771,0.856488738,0,0.513893243,11,0.147058824,1.5,N2 S1 P1 O5,de-protonated,0,-9999,C34 H51 O5 N2 P1 S1,34,51,5,2,1,1,-9999,-9999
1609,629.317534,629.317772985,629.317703022,12112002,-9999,475003.8,20.53,-1,0.111172893,0.997759914,0,0.598655948,2,0.269230769,2.115384615,N4 S2 P1 O7,de-protonated,0,-9999,C26 H55 O7 N4 P1 S2,26,55,7,4,1,2,-9999,-9999
1610,629.353919,629.354158002,629.354250723,10932353,-9999,476308,18.34,-1,-0.147326658,0.996069375,0,0.597641625,6,0.375,1.6875,O12,de-protonated,0,-9999,C32 H54 O12,32,54,12,-9999,-9999,-9999,-9999,-9999
1610,629.353919,629.354158002,629.353737659,10932353,-9999,476308,18.34,-1,0.667897188,0.92224733,0,0.553348398,24,0.022222222,1.022222222,N2 O1,de-protonated,0,-9999,C45 H46 O1 N2,45,46,1,2,-9999,-9999,-9999,-9999
1610,629.353919,629.354158002,629.35473998,10932353,-9999,476308,18.34,-1,-0.924721737,0.856279328,0,0.513767597,10,0.114285714,1.571428571,N2 S1 P1 O4,de-protonated,0,-9999,C35 H55 O4 N2 P1 S1,35,55,4,2,1,1,-9999,-9999
1610,629.353919,629.354158002,629.354088532,10932353,-9999,476308,18.34,-1,0.11038408,0.997791554,0,0.598674933,1,0.222222222,2.185185185,N4 S2 P1 O6,de-protonated,0,-9999,C27 H59 O6 N4 P1 S2,27,59,6,4,1,2,-9999,-9999
1611,630.312779,630.313018449,630.313114186,8425578,-9999,501508.7,13.69,-1,-0.151887636,0.995822754,0,0.597493653,7,0.433333333,1.633333333,N1 O13,de-protonated,0,-9999,C30 H49 O13 N1,30,49,13,1,-9999,-9999,-9999,-9999
1611,630.312779,630.313018449,630.312601122,8425578,-9999,501508.7,13.69,-1,0.662096046,0.923539347,0,0.554123608,25,0.046511628,0.953488372,N3 O2,de-protonated,0,-9999,C43 H41 O2 N3,43,41,2,3,-9999,-9999,-9999,-9999
1611,630.312779,630.313018449,630.313603443,8425578,-9999,501508.7,13.69,-1,-0.928100101,0.855307335,0,0.513184401,11,0.151515152,1.515151515,N3 S1 P1 O5,de-protonated,0,-9999,C33 H50 O5 N3 P1 S1,33,50,5,3,1,1,-9999,-9999
1612,631.288852,631.289091904,631.288754618,10571857,-9999,453413.6,17.67,-1,0.534280545,0.949522966,0,0.569713779,20,0.097560976,1.073170732,S1 O4,de-protonated,0,-9999,C41 H44 O4 S1,41,44,4,-9999,-9999,1,-9999,-9999
1612,631.288852,631.289091904,631.28888756,10571857,-9999,453413.6,17.67,-1,0.323692646,0.981167945,0,0.588700767,7,0.4,1.633333333,P1 O12,de-protonated,0,-9999,C30 H49 O12 P1,30,49,12,-9999,1,-9999,-9999,-9999
1613,631.32505,631.325289921,631.325140128,10145872,-9999,447660,16.88,-1,0.237267306,0.9898372,0,0.59390232,19,0.071428571,1.142857143,S1 O3,de-protonated,0,-9999,C42 H48 O3 S1,42,48,3,-9999,-9999,1,-9999,-9999
1613,631.32505,631.325289921,631.32527307,10145872,-9999,447660,16.88,-1,0.026691605,0.999870737,0,0.599922442,6,0.35483871,1.709677419,P1 O11,de-protonated,0,-9999,C31 H53 O11 P1,31,53,11,-9999,1,-9999,-9999,-9999
1614,632.292088,632.292328371,632.292378741,9310262,-9999,453341.7,15.33,-1,-0.079662047,0.998849182,0,0.599309509,7,0.482758621,1.620689655,N1 O14,de-protonated,0,-9999,C29 H47 O14 N1,29,47,14,1,-9999,-9999,-9999,-9999
1614,632.292088,632.292328371,632.291865677,9310262,-9999,453341.7,15.33,-1,0.731773679,0.907406771,0,0.544444062,25,0.071428571,0.928571429,N3 O3,de-protonated,0,-9999,C42 H39 O3 N3,42,39,3,3,-9999,-9999,-9999,-9999
1614,632.292088,632.292328371,632.292867998,9310262,-9999,453341.7,15.33,-1,-0.853444792,0.876199548,0,0.525719729,11,0.1875,1.5,N3 S1 P1 O6,de-protonated,0,-9999,C32 H48 O6 N3 P1 S1,32,48,6,3,1,1,-9999,-9999
1615,632.328513,632.328753388,632.32876425,8835125,-9999,462637.4,14.45,-1,-0.017177907,0.999946459,0,0.599967876,6,0.433333333,1.7,N1 O13,de-protonated,0,-9999,C30 H51 O13 N1,30,51,13,1,-9999,-9999,-9999,-9999
1615,632.328513,632.328753388,632.328251186,8835125,-9999,462637.4,14.45,-1,0.794211178,0.891854175,0,0.535112505,24,0.046511628,1,N3 O2,de-protonated,0,-9999,C43 H43 O2 N3,43,43,2,3,-9999,-9999,-9999,-9999
1615,632.328513,632.328753388,632.329253508,8835125,-9999,462637.4,14.45,-1,-0.790916175,0.892699791,0,0.535619875,10,0.151515152,1.575757576,N3 S1 P1 O5,de-protonated,0,-9999,C33 H52 O5 N3 P1 S1,33,52,5,3,1,1,-9999,-9999
1616,633.268065,633.268305826,633.268019174,7532569.5,-9999,457350.9,12.03,-1,0.452655606,0.963504318,0,0.578102591,20,0.125,1.05,S1 O5,de-protonated,0,-9999,C40 H42 O5 S1,40,42,5,-9999,-9999,1,-9999,-9999
1616,633.268065,633.268305826,633.268152115,7532569.5,-9999,457350.9,12.03,-1,0.242725911,0.98936673,0,0.593620038,7,0.448275862,1.620689655,P1 O13,de-protonated,0,-9999,C29 H47 O13 P1,29,47,13,-9999,1,-9999,-9999,-9999
1617,633.304397,633.304637843,633.304404683,14848024,-9999,472633.9,25.62,-1,0.368164021,0.966674012,0.928145247,0.951262506,19,0.097560976,1.12195122,S1 O4,de-protonated,0,-9999,C41 H46 O4 S1,41,46,4,-9999,-9999,1,-9999,-9999
1617,633.304397,633.304637843,633.304537625,14848024,-9999,472633.9,25.62,-1,0.158246405,0.995466483,0,0.59727989,6,0.4,1.7,P1 O12,de-protonated,0,-9999,C30 H51 O12 P1,30,51,12,-9999,1,-9999,-9999,-9999
1617,633.304397,633.304637843,633.30402456,14848024,-9999,472633.9,25.62,-1,0.968385472,0.421766097,0.6825583,0.526082978,24,0.023255814,1,N2 P1 O1,de-protonated,0,-9999,C43 H43 O1 N2 P1,43,43,1,2,1,-9999,-9999,-9999
1618,633.340804,633.34104486,633.340790192,13307927,-9999,425421.2,22.76,-1,0.402101858,0.971088477,0,0.582653086,18,0.071428571,1.19047619,S1 O3,de-protonated,0,-9999,C42 H50 O3 S1,42,50,3,-9999,-9999,1,-9999,-9999
1618,633.340804,633.34104486,633.340923134,13307927,-9999,425421.2,22.76,-1,0.192196295,0.993319804,0,0.595991882,5,0.35483871,1.774193548,P1 O11,de-protonated,0,-9999,C31 H55 O11 P1,31,55,11,-9999,1,-9999,-9999,-9999
1619,633.351988,633.352228865,633.352536646,46272536,-9999,452198.6,83.96,-1,-0.485954982,0.968219608,0.96859921,0.968371449,0,0.464285714,2.071428571,S1 O13,de-protonated,0,-9999,C28 H58 O13 S1,28,58,13,-9999,-9999,1,-9999,-9999
1619,633.351988,633.352228865,633.352023582,46272536,-9999,452198.6,83.96,-1,0.324122165,0.971584697,0.956634177,0.965604489,18,0.048780488,1.219512195,N2 S1 O2,de-protonated,0,-9999,C41 H50 O2 N2 S1,41,50,2,2,-9999,1,-9999,-9999
1619,633.351988,633.352228865,633.352156523,46272536,-9999,452198.6,83.96,-1,0.114220341,0.993081184,0.981135003,0.988302711,5,0.333333333,1.833333333,N2 P1 O10,de-protonated,0,-9999,C30 H55 O10 N2 P1,30,55,10,2,1,-9999,-9999,-9999
1620,634.307828,634.30806931,634.307759518,9064442,-9999,458695.3,14.88,-1,0.488394359,0.957642463,0.928145247,0.945843577,19,0.097560976,1.12195122,13C1 S1 O4,de-protonated,1,1617,C40 H46 O4 S1 13C1,40,46,4,-9999,-9999,1,1,-9999
1620,634.307828,634.30806931,634.308028805,9064442,-9999,458695.3,14.88,-1,0.063856959,0.999260378,0,0.599556227,6,0.482758621,1.689655172,N1 O14,de-protonated,0,-9999,C29 H49 O14 N1,29,49,14,1,-9999,-9999,-9999,-9999
1620,634.307828,634.30806931,634.307515741,9064442,-9999,458695.3,14.88,-1,0.872714288,0.870927273,0,0.522556364,24,0.071428571,0.976190476,N3 O3,de-protonated,0,-9999,C42 H41 O3 N3,42,41,3,3,-9999,-9999,-9999,-9999
1620,634.307828,634.30806931,634.308518063,9064442,-9999,458695.3,14.88,-1,-0.707467038,0.913184981,0,0.547910989,10,0.1875,1.5625,N3 S1 P1 O6,de-protonated,0,-9999,C32 H50 O6 N3 P1 S1,32,50,6,3,1,1,-9999,-9999
1621,634.35543,634.355671333,634.355891481,16584696,-9999,456982.1,28.84,-1,-0.347042383,0.978383663,0.96859921,0.974469882,0,0.464285714,2.071428571,13C1 S1 O13,de-protonated,1,1619,C27 H58 O13 S1 13C1,27,58,13,-9999,-9999,1,1,-9999
1621,634.35543,634.355671333,634.355378417,16584696,-9999,456982.1,28.84,-1,0.461753584,0.962050985,0.956634177,0.959884262,18,0.048780488,1.219512195,13C1 N2 S1 O2,de-protonated,1,1619,C40 H50 O2 N2 S1 13C1,40,50,2,2,-9999,1,1,-9999
1621,634.35543,634.355671333,634.355511358,16584696,-9999,456982.1,28.84,-1,0.252183731,0.988526799,0.981135003,0.985570081,5,0.333333333,1.833333333,13C1 N2 P1 O10,de-protonated,1,1619,C29 H55 O10 N2 P1 13C1,29,55,10,2,1,-9999,1,-9999
1621,634.35543,634.355671333,634.355647704,16584696,-9999,456982.1,28.84,-1,0.037248064,0.999748286,0,0.599848972,5,0.413793103,1.827586207,N3 O12,de-protonated,0,-9999,C29 H53 O12 N3,29,53,12,3,-9999,-9999,-9999,-9999
1622,635.283656,635.283897765,635.283669238,11915227,-9999,445673,20.17,-1,0.359724242,0.976793767,0,0.58607626,19,0.125,1.1,S1 O5,de-protonated,0,-9999,C40 H44 O5 S1,40,44,5,-9999,-9999,1,-9999,-9999
1622,635.283656,635.283897765,635.28380218,11915227,-9999,445673,20.17,-1,0.150460639,0.995900716,0,0.59754043,6,0.448275862,1.689655172,P1 O13,de-protonated,0,-9999,C29 H49 O13 P1,29,49,13,-9999,1,-9999,-9999,-9999
1622,635.283656,635.283897765,635.283289116,11915227,-9999,445673,20.17,-1,0.95807566,0.846577628,0,0.507946577,24,0.047619048,0.976190476,N2 P1 O2,de-protonated,0,-9999,C42 H41 O2 N2 P1,42,41,2,2,1,-9999,-9999,-9999
1623,635.320023,635.320264782,635.320054747,13783002,-9999,449822,23.64,-1,0.330596412,0.980364095,0,0.588218457,18,0.097560976,1.170731707,S1 O4,de-protonated,0,-9999,C41 H48 O4 S1,41,48,4,-9999,-9999,1,-9999,-9999
1623,635.320023,635.320264782,635.320187689,13783002,-9999,449822,23.64,-1,0.121344799,0.997331814,0,0.598399088,5,0.4,1.766666667,P1 O12,de-protonated,0,-9999,C30 H53 O12 P1,30,53,12,-9999,1,-9999,-9999,-9999
1623,635.320023,635.320264782,635.319674625,13783002,-9999,449822,23.64,-1,0.928913544,0.427536467,0.6825583,0.5295452,23,0.023255814,1.046511628,N2 P1 O1,de-protonated,0,-9999,C43 H45 O1 N2 P1,43,45,1,2,1,-9999,-9999,-9999
1624,635.349017,635.349258795,635.349559266,17043416,-9999,435848.9,29.69,-1,-0.472921145,0.960230616,0,0.576138369,0,0.592592593,2.074074074,O16,de-protonated,0,-9999,C27 H56 O16,27,56,16,-9999,-9999,-9999,-9999,-9999
1624,635.349017,635.349258795,635.349046201,17043416,-9999,435848.9,29.69,-1,0.334609787,0.489944652,0.698017357,0.573173734,18,0.125,1.2,N2 O5,de-protonated,0,-9999,C40 H48 O5 N2,40,48,5,2,-9999,-9999,-9999,-9999
1625,635.356445,635.356686799,635.356440257,9162713,-9999,523931,15.06,-1,0.388037539,0.973048554,0,0.583829132,17,0.071428571,1.238095238,S1 O3,de-protonated,0,-9999,C42 H52 O3 S1,42,52,3,-9999,-9999,1,-9999,-9999
1625,635.356445,635.356686799,635.356573198,9162713,-9999,523931,15.06,-1,0.178797898,0.994216115,0,0.596529669,4,0.35483871,1.838709677,P1 O11,de-protonated,0,-9999,C31 H57 O11 P1,31,57,11,-9999,1,-9999,-9999,-9999
1626,635.361902,635.362143801,635.362313484,8671192,-9999,513955.4,14.15,-1,-0.267063492,0.987141932,0,0.592285159,8,0.228571429,1.6,S1 O8,de-protonated,0,-9999,C35 H56 O8 S1,35,56,8,-9999,-9999,1,-9999,-9999
1626,635.361902,635.362143801,635.361933361,8671192,-9999,513955.4,14.15,-1,0.331213488,0.980291452,0,0.588174871,13,0.135135135,1.432432432,N2 P1 O5,de-protonated,0,-9999,C37 H53 O5 N2 P1,37,53,5,2,1,-9999,-9999,-9999
1627,637.2992,637.299442704,637.299319303,9686936,-9999,458173.6,16.03,-1,0.193631985,0.99321997,0,0.595931982,18,0.125,1.15,S1 O5,de-protonated,0,-9999,C40 H46 O5 S1,40,46,5,-9999,-9999,1,-9999,-9999
1627,637.2992,637.299442704,637.299452244,9686936,-9999,458173.6,16.03,-1,-0.014969725,0.99995934,0,0.599975604,5,0.448275862,1.75862069,P1 O13,de-protonated,0,-9999,C29 H51 O13 P1,29,51,13,-9999,1,-9999,-9999,-9999
1627,637.2992,637.299442704,637.29893918,9686936,-9999,458173.6,16.03,-1,0.790090837,0.892911177,0,0.535746706,23,0.047619048,1.023809524,N2 P1 O2,de-protonated,0,-9999,C42 H43 O2 N2 P1,42,43,2,2,1,-9999,-9999,-9999
1628,637.335624,637.335866721,637.335704812,8671127,-9999,479932.7,14.15,-1,0.254040612,0.988358209,0,0.593014925,17,0.097560976,1.219512195,S1 O4,de-protonated,0,-9999,C41 H50 O4 S1,41,50,4,-9999,-9999,1,-9999,-9999
1628,637.335624,637.335866721,637.335837754,8671127,-9999,479932.7,14.15,-1,0.045450798,0.999625238,0,0.599775143,4,0.4,1.833333333,P1 O12,de-protonated,0,-9999,C30 H55 O12 P1,30,55,12,-9999,1,-9999,-9999,-9999
1628,637.335624,637.335866721,637.335324689,8671127,-9999,479932.7,14.15,-1,0.850465448,0.877007014,0,0.526204209,22,0.023255814,1.093023256,N2 P1 O1,de-protonated,0,-9999,C43 H47 O1 N2 P1,43,47,1,2,1,-9999,-9999,-9999
1629,638.258232,638.258475151,638.258182765,9080695,-9999,452597.1,14.91,-1,0.458099104,0.962637972,0,0.577582783,19,0.157894737,1.078947368,N1 S1 O6,de-protonated,0,-9999,C38 H41 O6 N1 S1,38,41,6,1,-9999,1,-9999,-9999
1629,638.258232,638.258475151,638.258315707,9080695,-9999,452597.1,14.91,-1,0.249810724,0.988740491,0,0.593244294,6,0.518518519,1.703703704,N1 P1 O14,de-protonated,0,-9999,C27 H46 O14 N1 P1,27,46,14,1,1,-9999,-9999,-9999
1630,638.294479,638.294722168,638.294568275,8163190,-9999,462595.4,13.2,-1,0.241100344,0.989507931,0,0.593704759,18,0.128205128,1.153846154,N1 S1 O5,de-protonated,0,-9999,C39 H45 O5 N1 S1,39,45,5,1,-9999,1,-9999,-9999
1630,638.294479,638.294722168,638.294701216,8163190,-9999,462595.4,13.2,-1,0.032823881,0.999804525,0,0.599882715,5,0.464285714,1.785714286,N1 P1 O13,de-protonated,0,-9999,C28 H50 O13 N1 P1,28,50,13,1,1,-9999,-9999,-9999
1630,638.294479,638.294722168,638.294188152,8163190,-9999,462595.4,13.2,-1,0.836629206,0.880729513,0,0.528437708,23,0.048780488,1.024390244,N3 P1 O2,de-protonated,0,-9999,C41 H42 O2 N3 P1,41,42,2,3,1,-9999,-9999,-9999
1631,639.338168,639.338411654,639.338600658,7966546,-9999,475865.1,12.84,-1,-0.295624992,0.984267518,0,0.590560511,8,0.363636364,1.575757576,O12,de-protonated,0,-9999,C33 H52 O12,33,52,12,-9999,-9999,-9999,-9999,-9999
1631,639.338168,639.338411654,639.338087594,7966546,-9999,475865.1,12.84,-1,0.50686763,0.954453024,0,0.572671815,26,0.02173913,0.956521739,N2 O1,de-protonated,0,-9999,C46 H44 O1 N2,46,44,1,2,-9999,-9999,-9999,-9999
1631,639.338168,639.338411654,639.338438467,7966546,-9999,475865.1,12.84,-1,-0.041938881,0.999680906,0,0.599808544,3,0.214285714,2.035714286,N4 S2 P1 O6,de-protonated,0,-9999,C28 H57 O6 N4 P1 S2,28,57,6,4,1,2,-9999,-9999
1632,639.374715,639.374958671,639.374986168,8687441,-9999,449332.1,14.18,-1,-0.043005735,0.999664468,0,0.599798681,7,0.323529412,1.647058824,O11,de-protonated,0,-9999,C34 H56 O11,34,56,11,-9999,-9999,-9999,-9999,-9999
1632,639.374715,639.374958671,639.375475425,8687441,-9999,449332.1,14.18,-1,-0.808217019,0.888229647,0,0.532937788,11,0.081081081,1.540540541,N2 S1 P1 O3,de-protonated,0,-9999,C37 H57 O3 N2 P1 S1,37,57,3,2,1,1,-9999,-9999
1632,639.374715,639.374958671,639.374823976,8687441,-9999,449332.1,14.18,-1,0.210666004,0.991979614,0,0.595187768,2,0.172413793,2.103448276,N4 S2 P1 O5,de-protonated,0,-9999,C29 H61 O5 N4 P1 S2,29,61,5,4,1,2,-9999,-9999
1633,641.317391,641.317635576,641.317865214,8834829,-9999,532380.1,14.49,-1,-0.35807118,0.977004093,0,0.586202456,8,0.40625,1.5625,O13,de-protonated,0,-9999,C32 H50 O13,32,50,13,-9999,-9999,-9999,-9999,-9999
1633,641.317391,641.317635576,641.317352149,8834829,-9999,532380.1,14.49,-1,0.4419447,0.96518096,0,0.579108576,26,0.044444444,0.933333333,N2 O2,de-protonated,0,-9999,C45 H42 O2 N2,45,42,2,2,-9999,-9999,-9999,-9999
1633,641.317391,641.317635576,641.317703022,8834829,-9999,532380.1,14.49,-1,-0.105168023,0.997995133,0,0.59879708,3,0.259259259,2.037037037,N4 S2 P1 O7,de-protonated,0,-9999,C27 H55 O7 N4 P1 S2,27,55,7,4,1,2,-9999,-9999
1634,641.353911,641.354155593,641.354250723,11947787,-9999,459256.9,20.28,-1,-0.14832642,0.996015954,0,0.597609573,7,0.363636364,1.636363636,O12,de-protonated,0,-9999,C33 H54 O12,33,54,12,-9999,-9999,-9999,-9999,-9999
1634,641.353911,641.354155593,641.353737659,11947787,-9999,459256.9,20.28,-1,0.651644242,0.925843181,0,0.555505909,25,0.02173913,1,N2 O1,de-protonated,0,-9999,C46 H46 O1 N2,46,46,1,2,-9999,-9999,-9999,-9999
1634,641.353911,641.354155593,641.35473998,11947787,-9999,459256.9,20.28,-1,-0.91117613,0.860151873,0,0.516091124,11,0.111111111,1.527777778,N2 S1 P1 O4,de-protonated,0,-9999,C36 H55 O4 N2 P1 S1,36,55,4,2,1,1,-9999,-9999
1634,641.353911,641.354155593,641.354088532,11947787,-9999,459256.9,20.28,-1,0.104562442,0.998018133,0,0.59881088,2,0.214285714,2.107142857,N4 S2 P1 O6,de-protonated,0,-9999,C28 H59 O6 N4 P1 S2,28,59,6,4,1,2,-9999,-9999
1635,643.297363,643.297608499,643.297999149,10407623,-9999,318721,17.41,-1,-0.607261243,0.935277366,0,0.56116642,7,0.28125,1.625,S2 O9,de-protonated,0,-9999,C32 H52 O9 S2,32,52,9,-9999,-9999,2,-9999,-9999
1635,643.297363,643.297608499,643.297129769,10407623,-9999,318721,17.41,-1,0.744181662,0.904396477,0,0.542637886,8,0.451612903,1.548387097,O14,de-protonated,0,-9999,C31 H48 O14,31,48,14,-9999,-9999,-9999,-9999,-9999
1635,643.297363,643.297608499,643.297619026,10407623,-9999,318721,17.41,-1,-0.016364778,0.999951408,0,0.599970845,12,0.176470588,1.441176471,N2 S1 P1 O6,de-protonated,0,-9999,C34 H49 O6 N2 P1 S1,34,49,6,2,1,1,-9999,-9999
1635,643.297363,643.297608499,643.296967577,10407623,-9999,318721,17.41,-1,0.996306978,0.835177524,0,0.501106515,3,0.307692308,2.038461538,N4 S2 P1 O8,de-protonated,0,-9999,C26 H53 O8 N4 P1 S2,26,53,8,4,1,2,-9999,-9999
1636,643.333284,643.333529515,643.333515278,10047174,-9999,466067,16.74,-1,0.022130533,0.999911138,0,0.599946683,7,0.40625,1.625,O13,de-protonated,0,-9999,C32 H52 O13,32,52,13,-9999,-9999,-9999,-9999,-9999
1636,643.333284,643.333529515,643.333002214,10047174,-9999,466067,16.74,-1,0.819640157,0.885237738,0,0.531142643,25,0.044444444,0.977777778,N2 O2,de-protonated,0,-9999,C45 H44 O2 N2,45,44,2,2,-9999,-9999,-9999,-9999
1636,643.333284,643.333529515,643.334004535,10047174,-9999,466067,16.74,-1,-0.738372344,0.905810928,0,0.543486557,11,0.142857143,1.514285714,N2 S1 P1 O5,de-protonated,0,-9999,C35 H53 O5 N2 P1 S1,35,53,5,2,1,1,-9999,-9999
1636,643.333284,643.333529515,643.333353087,10047174,-9999,466067,16.74,-1,0.274241406,0.986446235,0,0.591867741,2,0.259259259,2.111111111,N4 S2 P1 O7,de-protonated,0,-9999,C27 H57 O7 N4 P1 S2,27,57,7,4,1,2,-9999,-9999
1637,643.369626,643.369871532,643.369900787,9834181,-9999,478099.4,16.35,-1,-0.045471671,0.999624894,0,0.599774936,6,0.363636364,1.696969697,O12,de-protonated,0,-9999,C33 H56 O12,33,56,12,-9999,-9999,-9999,-9999,-9999
1637,643.369626,643.369871532,643.369387723,9834181,-9999,478099.4,16.35,-1,0.751992797,0.902480684,0,0.54148841,24,0.02173913,1.043478261,N2 O1,de-protonated,0,-9999,C46 H48 O1 N2,46,48,1,2,-9999,-9999,-9999,-9999
1637,643.369626,643.369871532,643.370390045,9834181,-9999,478099.4,16.35,-1,-0.805931486,0.888824425,0,0.533294655,10,0.111111111,1.583333333,N2 S1 P1 O4,de-protonated,0,-9999,C36 H57 O4 N2 P1 S1,36,57,4,2,1,1,-9999,-9999
1637,643.369626,643.369871532,643.369738596,9834181,-9999,478099.4,16.35,-1,0.206624927,0.992283184,0,0.59536991,1,0.214285714,2.178571429,N4 S2 P1 O6,de-protonated,0,-9999,C28 H61 O6 N4 P1 S2,28,61,6,4,1,2,-9999,-9999
1638,645.30438,645.304626434,645.304404683,9195139,-9999,475677.5,15.16,-1,0.343637466,0.978801242,0,0.587280745,20,0.095238095,1.095238095,S1 O4,de-protonated,0,-9999,C42 H46 O4 S1,42,46,4,-9999,-9999,1,-9999,-9999
1638,645.30438,645.304626434,645.304537625,9195139,-9999,475677.5,15.16,-1,0.137623456,0.996569221,0,0.597941533,7,0.387096774,1.64516129,P1 O12,de-protonated,0,-9999,C31 H51 O12 P1,31,51,12,-9999,1,-9999,-9999,-9999
1638,645.30438,645.304626434,645.30402456,9195139,-9999,475677.5,15.16,-1,0.932697252,0.853980775,0,0.512388465,25,0.022727273,0.977272727,N2 P1 O1,de-protonated,0,-9999,C44 H43 O1 N2 P1,44,43,1,2,1,-9999,-9999,-9999
1639,645.340898,645.341144451,645.340790192,7638658,-9999,508382.3,12.26,-1,0.548947842,0.946789563,0,0.568073738,19,0.069767442,1.162790698,S1 O3,de-protonated,0,-9999,C43 H50 O3 S1,43,50,3,-9999,-9999,1,-9999,-9999
1639,645.340898,645.341144451,645.340923134,7638658,-9999,508382.3,12.26,-1,0.342945405,0.978885635,0,0.587331381,6,0.34375,1.71875,P1 O11,de-protonated,0,-9999,C32 H55 O11 P1,32,55,11,-9999,1,-9999,-9999,-9999
1640,646.307756,646.308002901,646.308028805,9457250,-9999,457805.2,15.65,-1,-0.040080223,0.999708559,0,0.599825135,7,0.466666667,1.633333333,N1 O14,de-protonated,0,-9999,C30 H49 O14 N1,30,49,14,1,-9999,-9999,-9999,-9999
1640,646.307756,646.308002901,646.307515741,9457250,-9999,457805.2,15.65,-1,0.753758959,0.902045301,0,0.541227181,25,0.069767442,0.953488372,N3 O3,de-protonated,0,-9999,C43 H41 O3 N3,43,41,3,3,-9999,-9999,-9999,-9999
1640,646.307756,646.308002901,646.308518063,9457250,-9999,457805.2,15.65,-1,-0.79708298,0.891114957,0,0.534668974,11,0.181818182,1.515151515,N3 S1 P1 O6,de-protonated,0,-9999,C33 H50 O6 N3 P1 S1,33,50,6,3,1,1,-9999,-9999
1641,646.344169,646.344415918,646.344414315,7966305.5,-9999,493768,12.87,-1,0.00248079,0.999998883,0,0.59999933,6,0.419354839,1.709677419,N1 O13,de-protonated,0,-9999,C31 H53 O13 N1,31,53,13,1,-9999,-9999,-9999,-9999
1641,646.344169,646.344415918,646.34390125,7966305.5,-9999,493768,12.87,-1,0.796275317,0.891323061,0,0.534793837,24,0.045454545,1.022727273,N3 O2,de-protonated,0,-9999,C44 H45 O2 N3,44,45,2,3,-9999,-9999,-9999,-9999
1641,646.344169,646.344415918,646.344903572,7966305.5,-9999,493768,12.87,-1,-0.754479384,0.901867474,0,0.541120484,10,0.147058824,1.588235294,N3 S1 P1 O5,de-protonated,0,-9999,C34 H54 O5 N3 P1 S1,34,54,5,3,1,1,-9999,-9999
1642,647.283642,647.283889356,647.283669238,7786051.5,-9999,451714.9,12.53,-1,0.340063905,0.979235265,0,0.587541159,20,0.12195122,1.073170732,S1 O5,de-protonated,0,-9999,C41 H44 O5 S1,41,44,5,-9999,-9999,1,-9999,-9999
1642,647.283642,647.283889356,647.28380218,7786051.5,-9999,451714.9,12.53,-1,0.134679845,0.996714174,0,0.598028504,7,0.433333333,1.633333333,P1 O13,de-protonated,0,-9999,C30 H49 O13 P1,30,49,13,-9999,1,-9999,-9999,-9999
1642,647.283642,647.283889356,647.283289116,7786051.5,-9999,451714.9,12.53,-1,0.92732246,0.855531287,0,0.513318772,25,0.046511628,0.953488372,N2 P1 O2,de-protonated,0,-9999,C43 H41 O2 N2 P1,43,41,2,2,1,-9999,-9999,-9999
1643,647.320064,647.320311373,647.320054747,10178114,-9999,489719.6,16.99,-1,0.396442887,0.971885054,0,0.583131032,19,0.095238095,1.142857143,S1 O4,de-protonated,0,-9999,C42 H48 O4 S1,42,48,4,-9999,-9999,1,-9999,-9999
1643,647.320064,647.320311373,647.320187689,10178114,-9999,489719.6,16.99,-1,0.19107036,0.993397585,0,0.596038551,6,0.387096774,1.709677419,P1 O12,de-protonated,0,-9999,C31 H53 O12 P1,31,53,12,-9999,1,-9999,-9999,-9999
1643,647.320064,647.320311373,647.319674625,10178114,-9999,489719.6,16.99,-1,0.983668466,0.838978321,0,0.503386993,24,0.022727273,1.022727273,N2 P1 O1,de-protonated,0,-9999,C44 H45 O1 N2 P1,44,45,1,2,1,-9999,-9999,-9999
1644,647.356388,647.35663539,647.356440257,7949889,-9999,465923.3,12.84,-1,0.301430546,0.983648663,0,0.590189198,18,0.069767442,1.209302326,S1 O3,de-protonated,0,-9999,C43 H52 O3 S1,43,52,3,-9999,-9999,1,-9999,-9999
1644,647.356388,647.35663539,647.356573198,7949889,-9999,465923.3,12.84,-1,0.096069581,0.998326745,0,0.598996047,5,0.34375,1.78125,P1 O11,de-protonated,0,-9999,C32 H57 O11 P1,32,57,11,-9999,1,-9999,-9999,-9999
1645,648.323454,648.32370184,648.32367887,8605220,-9999,437226.1,14.06,-1,0.035430601,0.999772248,0,0.599863349,6,0.466666667,1.7,N1 O14,de-protonated,0,-9999,C30 H51 O14 N1,30,51,14,1,-9999,-9999,-9999,-9999
1645,648.323454,648.32370184,648.323165806,8605220,-9999,437226.1,14.06,-1,0.82680178,0.883345799,0,0.530007479,24,0.069767442,1,N3 O3,de-protonated,0,-9999,C43 H43 O3 N3,43,43,3,3,-9999,-9999,-9999,-9999
1645,648.323454,648.32370184,648.324168127,8605220,-9999,437226.1,14.06,-1,-0.71921868,0.910411156,0,0.546246694,10,0.181818182,1.575757576,N3 S1 P1 O6,de-protonated,0,-9999,C33 H52 O6 N3 P1 S1,33,52,6,3,1,1,-9999,-9999
1646,649.299317,649.299565295,649.299319303,10849799,-9999,477985.7,18.24,-1,0.37885835,0.974292227,0,0.584575336,19,0.12195122,1.12195122,S1 O5,de-protonated,0,-9999,C41 H46 O5 S1,41,46,5,-9999,-9999,1,-9999,-9999
1646,649.299317,649.299565295,649.299452244,10849799,-9999,477985.7,18.24,-1,0.174111865,0.994514494,0,0.596708697,6,0.433333333,1.7,P1 O13,de-protonated,0,-9999,C30 H51 O13 P1,30,51,13,-9999,1,-9999,-9999,-9999
1646,649.299317,649.299565295,649.29893918,10849799,-9999,477985.7,18.24,-1,0.964293873,0.844743405,0,0.506846043,24,0.046511628,1,N2 P1 O2,de-protonated,0,-9999,C43 H43 O2 N2 P1,43,43,2,2,1,-9999,-9999,-9999
1647,649.335734,649.335982312,649.335704812,9883142,-9999,483958,16.44,-1,0.427359967,0.967403926,0,0.580442355,18,0.095238095,1.19047619,S1 O4,de-protonated,0,-9999,C42 H50 O4 S1,42,50,4,-9999,-9999,1,-9999,-9999
1647,649.335734,649.335982312,649.335837754,9883142,-9999,483958,16.44,-1,0.222624946,0.99104738,0,0.594628428,5,0.387096774,1.774193548,P1 O12,de-protonated,0,-9999,C31 H55 O12 P1,31,55,12,-9999,1,-9999,-9999,-9999
1648,651.314816,651.315065234,651.314969367,7802321.5,-9999,423770.5,12.56,-1,0.147189989,0.99607665,0,0.59764599,18,0.12195122,1.170731707,S1 O5,de-protonated,0,-9999,C41 H48 O5 S1,41,48,5,-9999,-9999,1,-9999,-9999
1648,651.314816,651.315065234,651.315102309,7802321.5,-9999,423770.5,12.56,-1,-0.056922811,0.999412242,0,0.599647345,5,0.433333333,1.766666667,P1 O13,de-protonated,0,-9999,C30 H53 O13 P1,30,53,13,-9999,1,-9999,-9999,-9999
1648,651.314816,651.315065234,651.314589244,7802321.5,-9999,423770.5,12.56,-1,0.730813606,0.907637997,0,0.544582798,23,0.046511628,1.046511628,N2 P1 O2,de-protonated,0,-9999,C43 H45 O2 N2 P1,43,45,2,2,1,-9999,-9999,-9999
1649,653.301064,653.301314159,653.301247855,9457061,-9999,479027.5,15.65,-1,0.101491525,0.998132728,0,0.598879637,22,0.022727273,1.068181818,S1 P1 O1,de-protonated,0,-9999,C44 H47 O1 P1 S1,44,47,1,-9999,1,1,-9999,-9999
1649,653.301064,653.301314159,653.301444559,9457061,-9999,479027.5,15.65,-1,-0.199601503,0.992797013,0,0.595678208,14,0.205882353,1.352941176,N4 S1 O7,de-protonated,0,-9999,C34 H46 O7 N4 S1,34,46,7,4,-9999,1,-9999,-9999
1649,653.301064,653.301314159,653.301577501,9457061,-9999,479027.5,15.65,-1,-0.40309359299999997,0.970947783,0,0.58256867,1,0.652173913,2.217391304,N4 P1 O15,de-protonated,0,-9999,C23 H51 O15 N4 P1,23,51,15,4,1,-9999,-9999,-9999
1650,655.333153,655.333404106,655.333515278,8310144.5,-9999,473858.7,13.51,-1,-0.169641661,0.994791826,0,0.596875096,8,0.393939394,1.575757576,O13,de-protonated,0,-9999,C33 H52 O13,33,52,13,-9999,-9999,-9999,-9999,-9999
1650,655.333153,655.333404106,655.333002214,8310144.5,-9999,473858.7,13.51,-1,0.613264375,0.934034769,0,0.560420861,26,0.043478261,0.956521739,N2 O2,de-protonated,0,-9999,C46 H44 O2 N2,46,44,2,2,-9999,-9999,-9999,-9999
1650,655.333153,655.333404106,655.334004535,8310144.5,-9999,473858.7,13.51,-1,-0.916218618,0.858714918,0,0.515228951,12,0.138888889,1.472222222,N2 S1 P1 O5,de-protonated,0,-9999,C36 H53 O5 N2 P1 S1,36,53,5,2,1,1,-9999,-9999
1650,655.333153,655.333404106,655.333353087,8310144.5,-9999,473858.7,13.51,-1,0.07785269,0.998900837,0,0.599340502,3,0.25,2.035714286,N4 S2 P1 O7,de-protonated,0,-9999,C28 H57 O7 N4 P1 S2,28,57,7,4,1,2,-9999,-9999
1651,657.348765,657.349017045,657.349165343,8523111,-9999,490994.1,13.91,-1,-0.225598885,0.990807705,0,0.594484623,7,0.393939394,1.636363636,O13,de-protonated,0,-9999,C33 H54 O13,33,54,13,-9999,-9999,-9999,-9999,-9999
1651,657.348765,657.349017045,657.348652278,8523111,-9999,490994.1,13.91,-1,0.554906457,0.945660274,0,0.567396164,25,0.043478261,1,N2 O2,de-protonated,0,-9999,C46 H46 O2 N2,46,46,2,2,-9999,-9999,-9999,-9999
1651,657.348765,657.349017045,657.3496546,8523111,-9999,490994.1,13.91,-1,-0.96988655,0.84308699,0,0.505852194,11,0.138888889,1.527777778,N2 S1 P1 O5,de-protonated,0,-9999,C36 H55 O5 N2 P1 S1,36,55,5,2,1,1,-9999,-9999
1651,657.348765,657.349017045,657.349003151,8523111,-9999,490994.1,13.91,-1,0.021136552,0.99991894,0,0.599951364,2,0.25,2.107142857,N4 S2 P1 O7,de-protonated,0,-9999,C28 H59 O7 N4 P1 S2,28,59,7,4,1,2,-9999,-9999
1652,659.056353,659.056605841,659.056981032,13897052,-9999,450689,23.91,-1,-0.569284436,0.471445423,0.662980834,0.548059587,40,0.021276596,0.340425532,S2 O1,de-protonated,0,-9999,C47 H16 O1 S2,47,16,1,-9999,-9999,2,-9999,-9999
1652,659.056353,659.056605841,659.057113973,13897052,-9999,450689,23.91,-1,-0.770999358,0.897752951,0,0.538651771,27,0.25,0.583333333,S1 P1 O9,de-protonated,0,-9999,C36 H21 O9 P1 S1,36,21,9,-9999,1,1,-9999,-9999
1652,659.056353,659.056605841,659.055973267,13897052,-9999,450689,23.91,-1,0.959817442,0.84606464,0,0.507638784,14,0.76,0.96,S1 O19,de-protonated,0,-9999,C25 H24 O19 S1,25,24,19,-9999,-9999,1,-9999,-9999
1652,659.056353,659.056605841,659.056462525,13897052,-9999,450689,23.91,-1,0.217456434,0.991456486,0,0.594873892,18,0.392857143,0.892857143,N2 S2 P1 O11,de-protonated,0,-9999,C28 H25 O11 N2 P1 S2,28,25,11,2,1,2,-9999,-9999
1653,661.335577,661.335830903,661.335704812,10358109,-9999,442344.3,17.32,-1,0.190660951,0.993425756,0,0.596055453,19,0.093023256,1.162790698,S1 O4,de-protonated,0,-9999,C43 H50 O4 S1,43,50,4,-9999,-9999,1,-9999,-9999
1653,661.335577,661.335830903,661.335837754,10358109,-9999,442344.3,17.32,-1,-0.010359087,0.999980529,0,0.599988317,6,0.375,1.71875,P1 O12,de-protonated,0,-9999,C32 H55 O12 P1,32,55,12,-9999,1,-9999,-9999,-9999
1653,661.335577,661.335830903,661.335324689,10358109,-9999,442344.3,17.32,-1,0.765441366,0.899145084,0,0.539487051,24,0.022222222,1.044444444,N2 P1 O1,de-protonated,0,-9999,C45 H47 O1 N2 P1,45,47,1,2,1,-9999,-9999,-9999
1654,662.302618,662.302872353,662.302943425,7884131,-9999,484943.8,12.72,-1,-0.107309843,0.997912727,0,0.598747636,7,0.5,1.633333333,N1 O15,de-protonated,0,-9999,C30 H49 O15 N1,30,49,15,1,-9999,-9999,-9999,-9999
1654,662.302618,662.302872353,662.302430361,7884131,-9999,484943.8,12.72,-1,0.667357698,0.922367883,0,0.55342073,25,0.093023256,0.953488372,N3 O4,de-protonated,0,-9999,C43 H41 O4 N3,43,41,4,3,-9999,-9999,-9999,-9999
1654,662.302618,662.302872353,662.303432682,7884131,-9999,484943.8,12.72,-1,-0.846030606,0.87820509,0,0.526923054,11,0.212121212,1.515151515,N3 S1 P1 O7,de-protonated,0,-9999,C33 H50 O7 N3 P1 S1,33,50,7,3,1,1,-9999,-9999
1655,662.338832,662.33908637,662.339328934,8899939,-9999,422791.1,14.61,-1,-0.366223311,0.975957919,0,0.585574751,6,0.451612903,1.709677419,N1 O14,de-protonated,0,-9999,C31 H53 O14 N1,31,53,14,1,-9999,-9999,-9999,-9999
1655,662.338832,662.33908637,662.33881587,8899939,-9999,422791.1,14.61,-1,0.408401473,0.970189228,0,0.582113537,24,0.068181818,1.022727273,N3 O3,de-protonated,0,-9999,C44 H45 O3 N3,44,45,3,3,-9999,-9999,-9999,-9999
1656,663.314936,663.315190825,663.314969367,8392046,-9999,455102.5,13.66,-1,0.333865496,0.979977771,0,0.587986663,19,0.119047619,1.142857143,S1 O5,de-protonated,0,-9999,C42 H48 O5 S1,42,48,5,-9999,-9999,1,-9999,-9999
1656,663.314936,663.315190825,663.315102309,8392046,-9999,455102.5,13.66,-1,0.133445252,0.996774043,0,0.598064426,6,0.419354839,1.709677419,P1 O13,de-protonated,0,-9999,C31 H53 O13 P1,31,53,13,-9999,1,-9999,-9999,-9999
1656,663.314936,663.315190825,663.314589244,8392046,-9999,455102.5,13.66,-1,0.906930906,0.861357334,0,0.5168144,24,0.045454545,1.022727273,N2 P1 O2,de-protonated,0,-9999,C44 H45 O2 N2 P1,44,45,2,2,1,-9999,-9999,-9999
1657,663.351305,663.351559842,663.351354876,7556462.5,-9999,498554,12.11,-1,0.308984936,0.982825971,0,0.589695583,18,0.093023256,1.209302326,S1 O4,de-protonated,0,-9999,C43 H52 O4 S1,43,52,4,-9999,-9999,1,-9999,-9999
1657,663.351305,663.351559842,663.351487818,7556462.5,-9999,498554,12.11,-1,0.10857569,0.997863246,0,0.598717947,5,0.375,1.78125,P1 O12,de-protonated,0,-9999,C32 H57 O12 P1,32,57,12,-9999,1,-9999,-9999,-9999
1657,663.351305,663.351559842,663.350974754,7556462.5,-9999,498554,12.11,-1,0.882018898,0.86835094,0,0.521010564,23,0.022222222,1.088888889,N2 P1 O1,de-protonated,0,-9999,C45 H49 O1 N2 P1,45,49,1,2,1,-9999,-9999,-9999
1658,664.318398,664.318653292,664.318593489,7654780.5,-9999,458309.1,12.29,-1,0.090021688,0.998530638,0,0.599118383,6,0.5,1.7,N1 O15,de-protonated,0,-9999,C30 H51 O15 N1,30,51,15,1,-9999,-9999,-9999,-9999
1658,664.318398,664.318653292,664.318080425,7654780.5,-9999,458309.1,12.29,-1,0.862338912,0.873776728,0,0.524266037,24,0.093023256,1,N3 O4,de-protonated,0,-9999,C43 H43 O4 N3,43,43,4,3,-9999,-9999,-9999,-9999
1658,664.318398,664.318653292,664.319082747,7654780.5,-9999,458309.1,12.29,-1,-0.646457824,0.926974885,0,0.556184931,10,0.212121212,1.575757576,N3 S1 P1 O7,de-protonated,0,-9999,C33 H52 O7 N3 P1 S1,33,52,7,3,1,1,-9999,-9999
1659,665.330617,665.330872764,665.330619431,8277392,-9999,443517.5,13.45,-1,0.380762035,0.974036617,0,0.58442197,18,0.119047619,1.19047619,S1 O5,de-protonated,0,-9999,C42 H50 O5 S1,42,50,5,-9999,-9999,1,-9999,-9999
1659,665.330617,665.330872764,665.330752373,8277392,-9999,443517.5,13.45,-1,0.180948965,0.994076525,0,0.596445915,5,0.419354839,1.774193548,P1 O13,de-protonated,0,-9999,C31 H55 O13 P1,31,55,13,-9999,1,-9999,-9999,-9999
1659,665.330617,665.330872764,665.330239309,8277392,-9999,443517.5,13.45,-1,0.952091343,0.848335378,0,0.509001227,23,0.045454545,1.068181818,N2 P1 O2,de-protonated,0,-9999,C44 H47 O2 N2 P1,44,47,2,2,1,-9999,-9999,-9999
1660,669.348767,669.349024636,669.349165343,9260558,-9999,439376.8,15.28,-1,-0.210213687,0.99201388,0,0.595208328,8,0.382352941,1.588235294,O13,de-protonated,0,-9999,C34 H54 O13,34,54,13,-9999,-9999,-9999,-9999,-9999
1660,669.348767,669.349024636,669.348652278,9260558,-9999,439376.8,15.28,-1,0.556298863,0.945394821,0,0.567236892,26,0.042553191,0.978723404,N2 O2,de-protonated,0,-9999,C47 H46 O2 N2,47,46,2,2,-9999,-9999,-9999,-9999
1660,669.348767,669.349024636,669.3496546,9260558,-9999,439376.8,15.28,-1,-0.941157886,0.851527669,0,0.510916602,12,0.135135135,1.486486486,N2 S1 P1 O5,de-protonated,0,-9999,C37 H55 O5 N2 P1 S1,37,55,5,2,1,1,-9999,-9999
1660,669.348767,669.349024636,669.349003151,9260558,-9999,439376.8,15.28,-1,0.032098314,0.999813071,0,0.599887842,3,0.24137931,2.034482759,N4 S2 P1 O7,de-protonated,0,-9999,C29 H59 O7 N4 P1 S2,29,59,7,4,1,2,-9999,-9999
1661,671.267145,671.26740353,671.268032974,28577384,-9999,431958.4,51.24,-1,-0.937694437,0.857343963,0.961901298,0.899166897,23,0.12195122,1,N2 P1 O5,de-protonated,0,-9999,C41 H41 O5 N2 P1,41,41,5,2,1,-9999,-9999,-9999
1661,671.267145,671.26740353,671.267761648,28577384,-9999,431958.4,51.24,-1,-0.533495217,0.952614198,0.98198347,0.964361907,9,0.322580645,1.548387097,N2 S2 O10,de-protonated,0,-9999,C31 H48 O10 N2 S2,31,48,10,2,-9999,2,-9999,-9999
1661,671.267145,671.26740353,671.266892268,28577384,-9999,431958.4,51.24,-1,0.761637041,0.896170631,0.975867882,0.928049531,10,0.5,1.466666667,N2 O15,de-protonated,0,-9999,C30 H44 O15 N2,30,44,15,2,-9999,-9999,-9999,-9999
1661,671.267145,671.26740353,671.267381526,28577384,-9999,431958.4,51.24,-1,0.03278035,0.999520423,0.993922169,0.997281122,14,0.212121212,1.363636364,N4 S1 P1 O7,de-protonated,0,-9999,C33 H45 O7 N4 P1 S1,33,45,7,4,1,1,-9999,-9999
1662,671.328162,671.328420558,671.328429898,8097387.5,-9999,446023.3,13.11,-1,-0.013911599,0.999964884,0,0.599978931,8,0.424242424,1.575757576,O14,de-protonated,0,-9999,C33 H52 O14,33,52,14,-9999,-9999,-9999,-9999,-9999
1662,671.328162,671.328420558,671.327916833,8097387.5,-9999,446023.3,13.11,-1,0.750341205,0.902887088,0,0.541732253,26,0.065217391,0.956521739,N2 O3,de-protonated,0,-9999,C46 H44 O3 N2,46,44,3,2,-9999,-9999,-9999,-9999
1662,671.328162,671.328420558,671.328919155,8097387.5,-9999,446023.3,13.11,-1,-0.742700914,0.904757851,0,0.542854711,12,0.166666667,1.472222222,N2 S1 P1 O6,de-protonated,0,-9999,C36 H53 O6 N2 P1 S1,36,53,6,2,1,1,-9999,-9999
1662,671.328162,671.328420558,671.328267706,8097387.5,-9999,446023.3,13.11,-1,0.227686045,0.990637633,0,0.59438258,3,0.285714286,2.035714286,N4 S2 P1 O8,de-protonated,0,-9999,C28 H57 O8 N4 P1 S2,28,57,8,4,1,2,-9999,-9999
1663,671.364437,671.364695575,671.364815407,8457838,-9999,482450.9,13.78,-1,-0.178489695,0.99423598,0,0.596541588,7,0.382352941,1.647058824,O13,de-protonated,0,-9999,C34 H56 O13,34,56,13,-9999,-9999,-9999,-9999,-9999
1663,671.364437,671.364695575,671.364302343,8457838,-9999,482450.9,13.78,-1,0.585721563,0.939648363,0,0.563789018,25,0.042553191,1.021276596,N2 O2,de-protonated,0,-9999,C47 H48 O2 N2,47,48,2,2,-9999,-9999,-9999,-9999
1663,671.364437,671.364695575,671.365304664,8457838,-9999,482450.9,13.78,-1,-0.907239393,0.86126987,0,0.516761922,11,0.135135135,1.540540541,N2 S1 P1 O5,de-protonated,0,-9999,C37 H57 O5 N2 P1 S1,37,57,5,2,1,1,-9999,-9999
1663,671.364437,671.364695575,671.364653216,8457838,-9999,482450.9,13.78,-1,0.063094815,0.999277922,0,0.599566753,2,0.24137931,2.103448276,N4 S2 P1 O7,de-protonated,0,-9999,C29 H61 O7 N4 P1 S2,29,61,7,4,1,2,-9999,-9999
1664,672.270521,672.270779997,672.270676002,10522272,-9999,428609.9,17.63,-1,0.154693137,0.995667352,0,0.597400411,22,0.071428571,1.047619048,N1 S1 P1 O3,de-protonated,0,-9999,C42 H44 O3 N1 P1 S1,42,44,3,1,1,1,-9999,-9999
1664,672.270521,672.270779997,672.271387809,10522272,-9999,428609.9,17.63,-1,-0.904116852,0.862154227,0.961901298,0.902053056,23,0.12195122,1,13C1 N2 P1 O5,de-protonated,1,1661,C40 H41 O5 N2 P1 13C1,40,41,5,2,1,-9999,1,-9999
1664,672.270521,672.270779997,672.271116483,10522272,-9999,428609.9,17.63,-1,-0.50052088,0.955560945,0.98198347,0.966129955,9,0.322580645,1.548387097,13C1 N2 S2 O10,de-protonated,1,1661,C30 H48 O10 N2 S2 13C1,30,48,10,2,-9999,2,1,-9999
1664,672.270521,672.270779997,672.270247103,10522272,-9999,428609.9,17.63,-1,0.792678453,0.892247865,0.975867882,0.925695872,10,0.5,1.466666667,13C1 N2 O15,de-protonated,1,1661,C29 H44 O15 N2 13C1,29,44,15,2,-9999,-9999,1,-9999
1664,672.270521,672.270779997,672.270736361,10522272,-9999,428609.9,17.63,-1,0.064909548,0.999235804,0.993922169,0.99711035,14,0.212121212,1.363636364,13C1 N4 S1 P1 O7,de-protonated,1,1661,C32 H45 O7 N4 P1 S1 13C1,32,45,7,4,1,1,1,-9999
1665,673.146449,673.146708406,673.146896274,10342101,-9999,380745.4,17.29,-1,-0.279089929,0.985966152,0,0.591579691,8,0.916666667,1.416666667,O22,de-protonated,0,-9999,C24 H34 O22,24,34,22,-9999,-9999,-9999,-9999,-9999
1665,673.146449,673.146708406,673.14725259,10342101,-9999,380745.4,17.29,-1,-0.808417679,0.888177366,0,0.53290642,25,0.157894737,0.789473684,N2 S2 O6,de-protonated,0,-9999,C38 H30 O6 N2 S2,38,30,6,2,-9999,2,-9999,-9999
1665,673.146449,673.146708406,673.14638321,10342101,-9999,380745.4,17.29,-1,0.483098087,0.958536941,0,0.575122164,26,0.297297297,0.702702703,N2 O11,de-protonated,0,-9999,C37 H26 O11 N2,37,26,11,2,-9999,-9999,-9999,-9999
1665,673.146449,673.146708406,673.146872467,10342101,-9999,380745.4,17.29,-1,-0.243723363,0.98927963,0,0.593567778,30,0.075,0.675,N4 S1 P1 O3,de-protonated,0,-9999,C40 H27 O3 N4 P1 S1,40,27,3,4,1,1,-9999,-9999
1665,673.146449,673.146708406,673.146734083,10342101,-9999,380745.4,17.29,-1,-0.038145011,0.999736019,0,0.599841612,3,0.842105263,2.052631579,N4 S2 P1 O16,de-protonated,0,-9999,C19 H39 O16 N4 P1 S2,19,39,16,4,1,2,-9999,-9999
1666,673.264254,673.26451346,673.263936115,9375452,-9999,463383.5,15.49,-1,0.857532411,0.875088339,0,0.525053003,8,0.28125,1.59375,S2 P1 O9,de-protonated,0,-9999,C32 H51 O9 P1 S2,32,51,9,-9999,1,2,-9999,-9999
1666,673.264254,673.26451346,673.264784268,9375452,-9999,463383.5,15.49,-1,-0.402230341,0.971070268,0,0.582642161,9,0.433333333,1.533333333,N2 S1 O13,de-protonated,0,-9999,C30 H46 O13 N2 S1,30,46,13,2,-9999,1,-9999,-9999
1666,673.264254,673.26451346,673.264271204,9375452,-9999,463383.5,15.49,-1,0.359824124,0.976781029,0,0.586068617,27,0.046511628,0.88372093,N4 S1 O2,de-protonated,0,-9999,C43 H38 O2 N4 S1,43,38,2,4,-9999,1,-9999,-9999
1666,673.264254,673.26451346,673.264404145,9375452,-9999,463383.5,15.49,-1,0.162365626,0.995227964,0,0.597136778,14,0.3125,1.34375,N4 P1 O10,de-protonated,0,-9999,C32 H43 O10 N4 P1,32,43,10,4,1,-9999,-9999,-9999
1666,673.264254,673.26451346,673.264132819,9375452,-9999,463383.5,15.49,-1,0.565366753,0.94365166599999994,0,0.566190999,0,0.681818182,2.272727273,N4 S2 O15,de-protonated,0,-9999,C22 H50 O15 N4 S2,22,50,15,4,-9999,2,-9999,-9999
1667,673.335764,673.336023494,673.335704812,7581409,-9999,430995.7,12.15,-1,0.473288229,0.9601701,0,0.57610206,20,0.090909091,1.136363636,S1 O4,de-protonated,0,-9999,C44 H50 O4 S1,44,50,4,-9999,-9999,1,-9999,-9999
1667,673.335764,673.336023494,673.335837754,7581409,-9999,430995.7,12.15,-1,0.275850657,0.9862878,0,0.59177268,7,0.363636364,1.666666667,P1 O12,de-protonated,0,-9999,C33 H55 O12 P1,33,55,12,-9999,1,-9999,-9999,-9999
1668,673.34382,673.344079497,673.344079962,7524065.5,-9999,448513.9,12.05,-1,-6.89994e-4,0.999999914,0,0.599999948,7,0.424242424,1.636363636,O14,de-protonated,0,-9999,C33 H54 O14,33,54,14,-9999,-9999,-9999,-9999,-9999
1668,673.34382,673.344079497,673.343566898,7524065.5,-9999,448513.9,12.05,-1,0.761275034,0.900183441,0,0.540110065,25,0.065217391,1,N2 O3,de-protonated,0,-9999,C46 H46 O3 N2,46,46,3,2,-9999,-9999,-9999,-9999
1668,673.34382,673.344079497,673.344569219,7524065.5,-9999,448513.9,12.05,-1,-0.727297695,0.908482686,0,0.545089612,11,0.166666667,1.527777778,N2 S1 P1 O6,de-protonated,0,-9999,C36 H55 O6 N2 P1 S1,36,55,6,2,1,1,-9999,-9999
1668,673.34382,673.344079497,673.343917771,7524065.5,-9999,448513.9,12.05,-1,0.240184433,0.98958708,0,0.593752248,2,0.285714286,2.107142857,N4 S2 P1 O8,de-protonated,0,-9999,C28 H59 O8 N4 P1 S2,28,59,8,4,1,2,-9999,-9999
1669,675.085373,675.085633309,675.085912179,10817369,-9999,397541.9,18.18,-1,-0.413088241,0.969511689,0,0.581707013,30,0.097560976,0.609756098,S2 P1 O4,de-protonated,0,-9999,C41 H25 O4 P1 S2,41,25,4,-9999,1,2,-9999,-9999
1669,675.085373,675.085633309,675.085042799,10817369,-9999,397541.9,18.18,-1,0.874719155,0.870373816,0,0.522224289,31,0.225,0.525,P1 O9,de-protonated,0,-9999,C40 H21 O9 P1,40,21,9,-9999,1,-9999,-9999,-9999
1669,675.085373,675.085633309,675.086108883,10817369,-9999,397541.9,18.18,-1,-0.704465009,0.913887581,0,0.548332549,22,0.322580645,0.774193548,N4 S2 O10,de-protonated,0,-9999,C31 H24 O10 N4 S2,31,24,10,4,-9999,2,-9999,-9999
1669,675.085373,675.085633309,675.085239504,10817369,-9999,397541.9,18.18,-1,0.583341636,0.940122857,0,0.564073714,23,0.5,0.666666667,N4 O15,de-protonated,0,-9999,C30 H20 O15 N4,30,20,15,4,-9999,-9999,-9999,-9999
1669,675.085373,675.085633309,675.086241825,10817369,-9999,397541.9,18.18,-1,-0.901390421,0.862924645,0,0.517754787,9,0.9,1.45,N4 S1 P1 O18,de-protonated,0,-9999,C20 H29 O18 N4 P1 S1,20,29,18,4,1,1,-9999,-9999
1670,677.330525,677.330786355,677.330619431,7983115.5,-9999,480525,12.96,-1,0.246443133,0.989040355,0,0.593424213,19,0.11627907,1.162790698,S1 O5,de-protonated,0,-9999,C43 H50 O5 S1,43,50,5,-9999,-9999,1,-9999,-9999
1670,677.330525,677.330786355,677.330752373,7983115.5,-9999,480525,12.96,-1,0.050170097,0.999543391,0,0.599726035,6,0.40625,1.71875,P1 O13,de-protonated,0,-9999,C32 H55 O13 P1,32,55,13,-9999,1,-9999,-9999,-9999
1670,677.330525,677.330786355,677.330239309,7983115.5,-9999,480525,12.96,-1,0.807650343,0.888377236,0,0.533026342,24,0.044444444,1.044444444,N2 P1 O2,de-protonated,0,-9999,C45 H47 O2 N2 P1,45,47,2,2,1,-9999,-9999,-9999
1671,679.346148,679.346410294,679.346269496,7786689,-9999,468035.4,12.59,-1,0.207255296,0.992236211,0,0.595341726,18,0.11627907,1.209302326,S1 O5,de-protonated,0,-9999,C43 H52 O5 S1,43,52,5,-9999,-9999,1,-9999,-9999
1671,679.346148,679.346410294,679.346402438,7786689,-9999,468035.4,12.59,-1,0.011564619,0.999975733,0,0.59998544,5,0.40625,1.78125,P1 O13,de-protonated,0,-9999,C32 H57 O13 P1,32,57,13,-9999,1,-9999,-9999,-9999
1671,679.346148,679.346410294,679.345889373,7786689,-9999,468035.4,12.59,-1,0.766797357,0.898806174,0,0.539283704,23,0.044444444,1.088888889,N2 P1 O2,de-protonated,0,-9999,C45 H49 O2 N2 P1,45,49,2,2,1,-9999,-9999,-9999
1672,682.308752,682.309015674,682.309169511,9097710,-9999,333917.9,15.04,-1,-0.225465371,0.990818532,0,0.594491119,23,0.090909091,1.045454545,N1 P1 O4,de-protonated,0,-9999,C44 H46 O4 N1 P1,44,46,4,1,1,-9999,-9999,-9999
1672,682.308752,682.309015674,682.308898185,9097710,-9999,333917.9,15.04,-1,0.172193372,0.994634392,0,0.596780635,9,0.264705882,1.558823529,N1 S2 O9,de-protonated,0,-9999,C34 H53 O9 N1 S2,34,53,9,1,-9999,2,-9999,-9999
1672,682.308752,682.309015674,682.308518063,9097710,-9999,333917.9,15.04,-1,0.729305844,0.908000636,0,0.544800382,14,0.166666667,1.388888889,N3 S1 P1 O6,de-protonated,0,-9999,C36 H50 O6 N3 P1 S1,36,50,6,3,1,1,-9999,-9999
1673,685.343717,685.343982088,685.344079962,8426316,-9999,401121.3,13.79,-1,-0.142809681,0.996306264,0,0.597783759,8,0.411764706,1.588235294,O14,de-protonated,0,-9999,C34 H54 O14,34,54,14,-9999,-9999,-9999,-9999,-9999
1673,685.343717,685.343982088,685.343566898,8426316,-9999,401121.3,13.79,-1,0.60581364,0.935575424,0,0.561345254,26,0.063829787,0.978723404,N2 O3,de-protonated,0,-9999,C47 H46 O3 N2,47,46,3,2,-9999,-9999,-9999,-9999
1673,685.343717,685.343982088,685.344569219,8426316,-9999,401121.3,13.79,-1,-0.856694786,0.875316363,0,0.525189818,12,0.162162162,1.486486486,N2 S1 P1 O6,de-protonated,0,-9999,C37 H55 O6 N2 P1 S1,37,55,6,2,1,1,-9999,-9999
1673,685.343717,685.343982088,685.343917771,8426316,-9999,401121.3,13.79,-1,0.093847131,0.998403206,0,0.599041924,3,0.275862069,2.034482759,N4 S2 P1 O8,de-protonated,0,-9999,C29 H59 O8 N4 P1 S2,29,59,8,4,1,2,-9999,-9999
1674,685.380165,685.380430105,685.380465471,7484240,-9999,429205.3,12.03,-1,-0.051600738,0.999516985,0,0.599710191,7,0.371428571,1.657142857,O13,de-protonated,0,-9999,C35 H58 O13,35,58,13,-9999,-9999,-9999,-9999,-9999
1674,685.380165,685.380430105,685.379952407,7484240,-9999,429205.3,12.03,-1,0.696982908,0.915628026,0,0.549376816,25,0.041666667,1.041666667,N2 O2,de-protonated,0,-9999,C48 H50 O2 N2,48,50,2,2,-9999,-9999,-9999,-9999
1674,685.380165,685.380430105,685.380954729,7484240,-9999,429205.3,12.03,-1,-0.76544801,0.899143425,0,0.539486055,11,0.131578947,1.552631579,N2 S1 P1 O5,de-protonated,0,-9999,C38 H59 O5 N2 P1 S1,38,59,5,2,1,1,-9999,-9999
1674,685.380165,685.380430105,685.38030328,7484240,-9999,429205.3,12.03,-1,0.185043532,0.993806257,0,0.596283754,2,0.233333333,2.1,N4 S2 P1 O7,de-protonated,0,-9999,C30 H63 O7 N4 P1 S2,30,63,7,4,1,2,-9999,-9999
1675,688.354663,688.354929491,688.354978999,7722186.5,-9999,414870.4,12.47,-1,-0.071921626,0.999061857,0,0.599437114,7,0.424242424,1.666666667,N1 O14,de-protonated,0,-9999,C33 H55 O14 N1,33,55,14,1,-9999,-9999,-9999,-9999
1675,688.354663,688.354929491,688.354465934,7722186.5,-9999,414870.4,12.47,-1,0.67342723,0.921006903,0,0.552604142,25,0.065217391,1.02173913,N3 O3,de-protonated,0,-9999,C46 H47 O3 N3,46,47,3,3,-9999,-9999,-9999,-9999
1675,688.354663,688.354929491,688.355468256,7722186.5,-9999,414870.4,12.47,-1,-0.782684215,0.894800508,0,0.536880305,11,0.166666667,1.555555556,N3 S1 P1 O6,de-protonated,0,-9999,C36 H56 O6 N3 P1 S1,36,56,6,3,1,1,-9999,-9999
1676,689.330544,689.330810946,689.330619431,8508750,-9999,432186.4,13.94,-1,0.277826583,0.986092032,0,0.591655219,20,0.113636364,1.136363636,S1 O5,de-protonated,0,-9999,C44 H50 O5 S1,44,50,5,-9999,-9999,1,-9999,-9999
1676,689.330544,689.330810946,689.330752373,8508750,-9999,432186.4,13.94,-1,0.0849703,0.998690807,0,0.599214484,7,0.393939394,1.666666667,P1 O13,de-protonated,0,-9999,C33 H55 O13 P1,33,55,13,-9999,1,-9999,-9999,-9999
1676,689.330544,689.330810946,689.330239309,8508750,-9999,432186.4,13.94,-1,0.829264202,0.882692422,0,0.529615453,25,0.043478261,1.02173913,N2 P1 O2,de-protonated,0,-9999,C46 H47 O2 N2 P1,46,47,2,2,1,-9999,-9999,-9999
1677,691.346249,691.346516885,691.346269496,8853097,-9999,411056.2,14.59,-1,0.357836662,0.977033857,0,0.586220314,19,0.113636364,1.181818182,S1 O5,de-protonated,0,-9999,C44 H52 O5 S1,44,52,5,-9999,-9999,1,-9999,-9999
1677,691.346249,691.346516885,691.346402438,8853097,-9999,411056.2,14.59,-1,0.165542644,0.995039856,0,0.597023914,6,0.393939394,1.727272727,P1 O13,de-protonated,0,-9999,C33 H57 O13 P1,33,57,13,-9999,1,-9999,-9999,-9999
1677,691.346249,691.346516885,691.345889373,8853097,-9999,411056.2,14.59,-1,0.907666583,0.861148715,0,0.516689229,24,0.043478261,1.065217391,N2 P1 O2,de-protonated,0,-9999,C46 H49 O2 N2 P1,46,49,2,2,1,-9999,-9999,-9999
1678,701.375069,701.375341557,701.375380091,7511195,-9999,422330.1,12.07,-1,-0.054940014,0.999452464,0,0.599671479,7,0.4,1.657142857,O14,de-protonated,0,-9999,C35 H58 O14,35,58,14,-9999,-9999,-9999,-9999,-9999
1678,701.375069,701.375341557,701.374867027,7511195,-9999,422330.1,12.07,-1,0.676572115,0.920297672,0,0.552178603,25,0.0625,1.041666667,N2 O3,de-protonated,0,-9999,C48 H50 O3 N2,48,50,3,2,-9999,-9999,-9999,-9999
1678,701.375069,701.375341557,701.375869348,7511195,-9999,422330.1,12.07,-1,-0.752507957,0.902353774,0,0.541412264,11,0.157894737,1.552631579,N2 S1 P1 O6,de-protonated,0,-9999,C38 H59 O6 N2 P1 S1,38,59,6,2,1,1,-9999,-9999
1678,701.375069,701.375341557,701.3752179,7511195,-9999,422330.1,12.07,-1,0.176307565,0.99437566,0,0.596625396,2,0.266666667,2.1,N4 S2 P1 O8,de-protonated,0,-9999,C30 H63 O8 N4 P1 S2,30,63,8,4,1,2,-9999,-9999
1679,701.407028,701.407300572,701.406761753,16719009,-9999,352413.1,29.29,-1,0.768197423,0.449227876,0.677556332,0.540559258,14,0.068181818,1.409090909,S2 O3,de-protonated,0,-9999,C44 H62 O3 S2,44,62,3,-9999,-9999,2,-9999,-9999
1679,701.407028,701.407300572,701.406894695,16719009,-9999,352413.1,29.29,-1,0.578661459,0.941051016,0,0.564630609,1,0.333333333,2.03030303,S1 P1 O11,de-protonated,0,-9999,C33 H67 O11 P1 S1,33,67,11,-9999,1,1,-9999,-9999
1679,701.407028,701.407300572,701.407742848,16719009,-9999,352413.1,29.29,-1,-0.63055482,0.930397016,0,0.558238209,2,0.483870968,2,N2 O15,de-protonated,0,-9999,C31 H62 O15 N2,31,62,15,2,-9999,-9999,-9999,-9999
1679,701.407028,701.407300572,701.407229784,16719009,-9999,352413.1,29.29,-1,0.100923135,0.499076782,0.677556332,0.570468602,20,0.090909091,1.227272727,N4 O4,de-protonated,0,-9999,C44 H54 O4 N4,44,54,4,4,-9999,-9999,-9999,-9999
1680,705.361829,705.362103415,705.36191956,7675732,-9999,409430.5,12.38,-1,0.260652766,0.987748074,0,0.592648845,19,0.111111111,1.2,S1 O5,de-protonated,0,-9999,C45 H54 O5 S1,45,54,5,-9999,-9999,1,-9999,-9999
1680,705.361829,705.362103415,705.362052502,7675732,-9999,409430.5,12.38,-1,0.072179678,0.999055116,0,0.59943307,6,0.382352941,1.735294118,P1 O13,de-protonated,0,-9999,C34 H59 O13 P1,34,59,13,-9999,1,-9999,-9999,-9999
1680,705.361829,705.362103415,705.361539438,7675732,-9999,409430.5,12.38,-1,0.799557424,0.890476375,0,0.534285825,24,0.042553191,1.085106383,N2 P1 O2,de-protonated,0,-9999,C47 H51 O2 N2 P1,47,51,2,2,1,-9999,-9999,-9999
1681,713.411154,713.411432165,713.4117656,7480602.5,-9999,412364.8,12.01,-1,-0.467381174,0.961138665,0,0.576683199,7,0.351351351,1.675675676,O13,de-protonated,0,-9999,C37 H62 O13,37,62,13,-9999,-9999,-9999,-9999,-9999
1681,713.411154,713.411432165,713.411252536,7480602.5,-9999,412364.8,12.01,-1,0.251788881,0.988562493,0,0.593137496,25,0.04,1.08,N2 O2,de-protonated,0,-9999,C50 H54 O2 N2,50,54,2,2,-9999,-9999,-9999,-9999
1681,713.411154,713.411432165,713.411603409,7480602.5,-9999,412364.8,12.01,-1,-0.240035203,0.989599948,0,0.593759969,2,0.21875,2.09375,N4 S2 P1 O7,de-protonated,0,-9999,C32 H67 O7 N4 P1 S2,32,67,7,4,1,2,-9999,-9999
1681,713.411154,713.411432165,713.410734029,7480602.5,-9999,412364.8,12.01,-1,0.978589104,0.840496988,0,0.504298193,3,0.387096774,2.032258065,N4 P1 O12,de-protonated,0,-9999,C31 H63 O12 N4 P1,31,63,12,4,1,-9999,-9999,-9999
1682,715.21656,715.216839006,715.216985921,21112430,-9999,427696.9,37.5,-1,-0.205413337,0.99614523,0.990581432,0.993919711,15,0.25,1.25,S2 P1 O9,de-protonated,0,-9999,C36 H45 O9 P1 S2,36,45,9,-9999,1,2,-9999,-9999
1682,715.21656,715.216839006,715.21732101,21112430,-9999,427696.9,37.5,-1,-0.673926671,0.939200462,0.933809629,0.937044129,34,0.042553191,0.680851064,N4 S1 O2,de-protonated,0,-9999,C47 H32 O2 N4 S1,47,32,2,4,-9999,1,-9999,-9999
1682,715.21656,715.216839006,715.217453952,21112430,-9999,427696.9,37.5,-1,-0.859802504,0.897582418,0.990581432,0.934782023,21,0.277777778,1.027777778,N4 P1 O10,de-protonated,0,-9999,C36 H37 O10 N4 P1,36,37,10,4,1,-9999,-9999,-9999
1682,715.21656,715.216839006,715.217182626,21112430,-9999,427696.9,37.5,-1,-0.480440915,0.958982343,0,0.575389406,7,0.576923077,1.692307692,N4 S2 O15,de-protonated,0,-9999,C26 H44 O15 N4 S2,26,44,15,4,-9999,2,-9999,-9999
1682,715.21656,715.216839006,715.216313246,21112430,-9999,427696.9,37.5,-1,0.735106656,0.906602152,0,0.543961291,8,0.8,1.6,N4 O20,de-protonated,0,-9999,C25 H40 O20 N4,25,40,20,4,-9999,-9999,-9999,-9999
1683,715.354234,715.35451307,715.354644646,7857800,-9999,411816.2,12.72,-1,-0.18393072,0.993880301,0,0.59632818,8,0.428571429,1.6,O15,de-protonated,0,-9999,C35 H56 O15,35,56,15,-9999,-9999,-9999,-9999,-9999
1683,715.354234,715.35451307,715.354131582,7857800,-9999,411816.2,12.72,-1,0.533286296,0.949705856,0,0.569823514,26,0.083333333,1,N2 O4,de-protonated,0,-9999,C48 H48 O4 N2,48,48,4,2,-9999,-9999,-9999,-9999
1683,715.354234,715.35451307,715.355133903,7857800,-9999,411816.2,12.72,-1,-0.867866903,0.872261623,0,0.523356974,12,0.184210526,1.5,N2 S1 P1 O7,de-protonated,0,-9999,C38 H57 O7 N2 P1 S1,38,57,7,2,1,1,-9999,-9999
1683,715.354234,715.35451307,715.354482455,7857800,-9999,411816.2,12.72,-1,0.042797852,0.999667704,0,0.599800622,3,0.3,2.033333333,N4 S2 P1 O9,de-protonated,0,-9999,C30 H61 O9 N4 P1 S2,30,61,9,4,1,2,-9999,-9999
1685,716.220046,716.220325474,716.220340756,7841579.5,-9999,420208.4,12.79,-1,-0.021337912,0.999917389,0.990581432,0.996183006,15,0.25,1.25,13C1 S2 P1 O9,de-protonated,1,1682,C35 H45 O9 P1 S2 13C1,35,45,9,-9999,1,2,1,-9999
1685,716.220046,716.220325474,716.220748428,7841579.5,-9999,420208.4,12.79,-1,-0.590536406,0.938683244,0,0.563209947,29,0.133333333,0.8,N1 P1 O6,de-protonated,0,-9999,C45 H36 O6 N1 P1,45,36,6,1,1,-9999,-9999,-9999
1685,716.220046,716.220325474,716.220477102,7841579.5,-9999,420208.4,12.79,-1,-0.211706132,0.991900542,0,0.595140325,15,0.314285714,1.228571429,N1 S2 O11,de-protonated,0,-9999,C35 H43 O11 N1 S2,35,43,11,1,-9999,2,-9999,-9999
1685,716.220046,716.220325474,716.220610044,7841579.5,-9999,420208.4,12.79,-1,-0.397321709,0.971762046,0,0.583057227,2,0.791666667,2,N1 S1 P1 O19,de-protonated,0,-9999,C24 H48 O19 N1 P1 S1,24,48,19,1,1,1,-9999,-9999
1685,716.220046,716.220325474,716.22009698,7841579.5,-9999,420208.4,12.79,-1,0.319027983,0.981701843,0,0.589021106,20,0.216216216,1.081081081,N3 S1 P1 O8,de-protonated,0,-9999,C37 H40 O8 N3 P1 S1,37,40,8,3,1,1,-9999,-9999
1685,716.220046,716.220325474,716.220675845,7841579.5,-9999,420208.4,12.79,-1,-0.489194991,0.95750647,0.933809629,0.948027733,34,0.042553191,0.680851064,13C1 N4 S1 O2,de-protonated,1,1682,C46 H32 O2 N4 S1 13C1,46,32,2,4,-9999,1,1,-9999
1685,716.220046,716.220325474,716.220808787,7841579.5,-9999,420208.4,12.79,-1,-0.674810465,0.920695297,0.990581432,0.948649751,21,0.277777778,1.027777778,13C1 N4 P1 O10,de-protonated,1,1682,C35 H37 O10 N4 P1 13C1,35,37,10,4,1,-9999,1,-9999
1686,717.214557,717.214836937,717.214856694,20260840,-9999,416660.6,36.2,-1,-0.027547181,0.499931159,0.736963647,0.594744154,16,0.484848485,1.151515152,N2 O16,de-protonated,0,-9999,C33 H38 O16 N2,33,38,16,2,-9999,-9999,-9999,-9999
1686,717.214557,717.214836937,717.21434363,20260840,-9999,416660.6,36.2,-1,0.687809728,0.458870461,0.667769153,0.542429938,34,0.108695652,0.652173913,N4 O5,de-protonated,0,-9999,C46 H30 O5 N4,46,30,5,4,-9999,-9999,-9999,-9999
1686,717.214557,717.214836937,717.215345952,20260840,-9999,416660.6,36.2,-1,-0.709709574,0.456329269,0.719752637,0.561698617,20,0.222222222,1.083333333,N4 S1 P1 O8,de-protonated,0,-9999,C36 H39 O8 N4 P1 S1,36,39,8,4,1,1,-9999,-9999
1686,717.214557,717.214836937,717.214205246,20260840,-9999,416660.6,36.2,-1,0.880757001,0.868701497,0,0.521220898,7,0.72,1.68,N4 S1 O18,de-protonated,0,-9999,C25 H42 O18 N4 S1,25,42,18,4,-9999,1,-9999,-9999
1687,733.36798,733.368267463,733.368719018,18756514,-9999,405389,33.36,-1,-0.615726763,0.466761011,0.635633513,0.534310012,29,0.056603774,0.943396226,O3,de-protonated,0,-9999,C53 H50 O3,53,50,3,-9999,-9999,-9999,-9999,-9999
1687,733.36798,733.368267463,733.368580633,18756514,-9999,405389,33.36,-1,-0.427029908,0.483726714,0.742885034,0.587390042,2,0.5,1.9375,S1 O16,de-protonated,0,-9999,C32 H62 O16 S1,32,62,16,-9999,-9999,1,-9999,-9999
1687,733.36798,733.368267463,733.368067569,18756514,-9999,405389,33.36,-1,0.272569725,0.493304931,0.672627142,0.565033815,20,0.111111111,1.2,N2 S1 O5,de-protonated,0,-9999,C45 H54 O5 N2 S1,45,54,5,2,-9999,1,-9999,-9999
1687,733.36798,733.368267463,733.368200511,18756514,-9999,405389,33.36,-1,0.091294117,0.499244419,0.73113591,0.592001015,7,0.382352941,1.735294118,N2 P1 O13,de-protonated,0,-9999,C34 H59 O13 N2 P1,34,59,13,2,1,-9999,-9999,-9999
1687,733.36798,733.368267463,733.367687447,18756514,-9999,405389,33.36,-1,0.790894475,0.446352676,0.662980834,0.533003939,25,0.042553191,1.085106383,N4 P1 O2,de-protonated,0,-9999,C47 H51 O2 N4 P1,47,51,2,4,1,-9999,-9999,-9999
1688,741.000823,741.001114019,741.00143577,9783473,-9999,228655.7,16.44,-1,-0.43421081,0.966368392,0,0.579821035,27,0.428571429,0.514285714,S2 O15,de-protonated,0,-9999,C35 H18 O15 S2,35,18,15,-9999,-9999,2,-9999,-9999
1688,741.000823,741.001114019,741.00056639,9783473,-9999,228655.7,16.44,-1,0.73903997,0.905648826,0,0.543389296,28,0.588235294,0.411764706,O20,de-protonated,0,-9999,C34 H14 O20,34,14,20,-9999,-9999,-9999,-9999,-9999
1688,741.000823,741.001114019,741.001568712,9783473,-9999,228655.7,16.44,-1,-0.613618895,0.933961056,0,0.560376633,14,0.958333333,0.958333333,S1 P1 O23,de-protonated,0,-9999,C24 H23 O23 P1 S1,24,23,23,-9999,1,1,-9999,-9999
1688,741.000823,741.001114019,741.001055648,9783473,-9999,228655.7,16.44,-1,0.078774093,0.99887468,0,0.599324808,32,0.324324324,0.405405405,N2 S1 P1 O12,de-protonated,0,-9999,C37 H15 O12 N2 P1 S1,37,15,12,2,1,1,-9999,-9999
1688,741.000823,741.001114019,741.000404199,9783473,-9999,228655.7,16.44,-1,0.957921699,0.846622943,0,0.507973766,23,0.482758621,0.655172414,N4 S2 P1 O14,de-protonated,0,-9999,C29 H19 O14 N4 P1 S2,29,19,14,4,1,2,-9999,-9999
1689,748.040543,748.040837299,748.040263632,8699117,-9999,476504.1,14.39,-1,0.76689289,0.898782279,0,0.539269367,29,0.405405405,0.513513514,N1 S1 O15,de-protonated,0,-9999,C37 H19 O15 N1 S1,37,19,15,1,-9999,1,-9999,-9999
1689,748.040543,748.040837299,748.041265954,8699117,-9999,476504.1,14.39,-1,-0.573036355,0.942157872,0,0.565294723,15,0.666666667,1.037037037,N1 S2 P1 O18,de-protonated,0,-9999,C27 H28 O18 N1 P1 S2,27,28,18,1,1,2,-9999,-9999
1689,748.040543,748.040837299,748.040396574,8699117,-9999,476504.1,14.39,-1,0.589172766,0.938957283,0,0.56337437,16,0.884615385,0.923076923,N1 P1 O23,de-protonated,0,-9999,C26 H24 O23 N1 P1,26,24,23,1,1,-9999,-9999,-9999
1689,748.040543,748.040837299,748.04075289,8699117,-9999,476504.1,14.39,-1,0.112840656,0.997692278,0,0.598615367,33,0.175,0.5,N3 S2 P1 O7,de-protonated,0,-9999,C40 H20 O7 N3 P1 S2,40,20,7,3,1,2,-9999,-9999
1690,752.121399,752.1216952,752.121684583,12599091,-9999,329962,21.75,-1,0.014116131,0.999963844,0,0.599978307,22,0.545454545,0.818181818,N3 O18,de-protonated,0,-9999,C33 H27 O18 N3,33,27,18,3,-9999,-9999,-9999,-9999
1691,758.32668,758.326979092,758.327582481,10568296,-9999,466387.7,17.92,-1,-0.795684059,0.891475304,0,0.534885182,32,0.075471698,0.849056604,N1 O4,de-protonated,0,-9999,C53 H45 O4 N1,53,45,4,1,-9999,-9999,-9999,-9999
1691,758.32668,758.326979092,758.327444096,10568296,-9999,466387.7,17.92,-1,-0.613197824,0.934048602,0,0.560429161,5,0.53125,1.78125,N1 S1 O17,de-protonated,0,-9999,C32 H57 O17 N1 S1,32,57,17,1,-9999,1,-9999,-9999
1691,758.32668,758.326979092,758.326931032,10568296,-9999,466387.7,17.92,-1,0.063375715,0.99927148,0,0.599562888,23,0.133333333,1.088888889,N3 S1 O6,de-protonated,0,-9999,C45 H49 O6 N3 S1,45,49,6,3,-9999,1,-9999,-9999
1691,758.32668,758.326979092,758.327063974,10568296,-9999,466387.7,17.92,-1,-0.111933522,0.997729191,0,0.598637515,10,0.411764706,1.588235294,N3 P1 O14,de-protonated,0,-9999,C34 H54 O14 N3 P1,34,54,14,3,1,-9999,-9999,-9999
1692,758.329138,758.329437093,758.32994602,19743336,-9999,413793,35.21,-1,-0.671115583,0.921526463,0,0.552915878,1,0.785714286,2.035714286,N1 O22,de-protonated,0,-9999,C28 H57 O22 N1,28,57,22,1,-9999,-9999,-9999,-9999
1692,758.329138,758.329437093,758.329432956,19743336,-9999,413793,35.21,-1,0.005455684,0.4999973,0.692787115,0.577113226,19,0.268292683,1.195121951,N3 O11,de-protonated,0,-9999,C41 H49 O11 N3,41,49,11,3,-9999,-9999,-9999,-9999
1693,807.179908,807.180229853,807.179812566,7574164.5,-9999,394322.6,12.25,-1,0.516968991,0.952663608,0,0.571598165,34,0.078431373,0.725490196,S2 P1 O4,de-protonated,0,-9999,C51 H37 O4 P1 S2,51,37,4,-9999,1,2,-9999,-9999
1693,807.179908,807.180229853,807.180660719,7574164.5,-9999,394322.6,12.25,-1,-0.533791575,0.949612949,0,0.569767769,35,0.163265306,0.653061224,N2 S1 O8,de-protonated,0,-9999,C49 H32 O8 N2 S1,49,32,8,2,-9999,1,-9999,-9999
1693,807.179908,807.180229853,807.180793661,7574164.5,-9999,394322.6,12.25,-1,-0.698490315,0.915278611,0,0.549167167,22,0.421052632,0.973684211,N2 P1 O16,de-protonated,0,-9999,C38 H37 O16 N2 P1,38,37,16,2,1,-9999,-9999,-9999
1693,807.179908,807.180229853,807.180522334,7574164.5,-9999,394322.6,12.25,-1,-0.362349931,0.976457791,0,0.585874675,8,0.75,1.571428571,N2 S2 O21,de-protonated,0,-9999,C28 H44 O21 N2 S2,28,44,21,2,-9999,2,-9999,-9999
1693,807.179908,807.180229853,807.180280596,7574164.5,-9999,394322.6,12.25,-1,-0.062865407,0.999283161,0,0.599569897,40,0.098039216,0.568627451,N4 P1 O5,de-protonated,0,-9999,C51 H29 O5 N4 P1,51,29,5,4,1,-9999,-9999,-9999
1693,807.179908,807.180229853,807.18000927,7574164.5,-9999,394322.6,12.25,-1,0.273275404,0.986540907,0,0.591924544,26,0.243902439,0.87804878,N4 S2 O10,de-protonated,0,-9999,C41 H36 O10 N4 S2,41,36,10,4,-9999,2,-9999,-9999
1693,807.179908,807.180229853,807.180142212,7574164.5,-9999,394322.6,12.25,-1,0.108576399,0.997863218,0,0.598717931,13,0.6,1.366666667,N4 S1 P1 O18,de-protonated,0,-9999,C30 H41 O18 N4 P1 S1,30,41,18,4,1,1,-9999,-9999
1694,834.044316,834.044650369,834.045169565,9295681,-9999,476174,15.14,-1,-0.622503474,0.932101761,0,0.559261057,39,0.166666667,0.458333333,N1 S2 P1 O8,de-protonated,0,-9999,C48 H22 O8 N1 P1 S2,48,22,8,1,1,2,-9999,-9999
1694,834.044316,834.044650369,834.044300185,9295681,-9999,476174,15.14,-1,0.419862415,0.968519578,0,0.581111747,40,0.276595745,0.382978723,N1 P1 O13,de-protonated,0,-9999,C47 H18 O13 N1 P1,47,18,13,1,1,-9999,-9999,-9999
1694,834.044316,834.044650369,834.044028859,9295681,-9999,476174,15.14,-1,0.745176505,0.904153364,0,0.542492018,26,0.486486486,0.675675676,N1 S2 O18,de-protonated,0,-9999,C37 H25 O18 N1 S2,37,25,18,1,-9999,2,-9999,-9999
1695,834.04727,834.04760437,834.047671488,9951041,-9999,337919.5,16.35,-1,-0.080472725,0.998825654,0,0.599295392,35,0.295454545,0.5,N1 S1 P1 O13,de-protonated,0,-9999,C44 H22 O13 N1 P1 S1,44,22,13,1,1,1,-9999,-9999
1695,834.04727,834.04760437,834.04702004,9951041,-9999,337919.5,16.35,-1,0.700596701,0.914789313,0,0.548873588,26,0.416666667,0.722222222,N3 S2 P1 O15,de-protonated,0,-9999,C36 H26 O15 N3 P1 S2,36,26,15,3,1,2,-9999,-9999
1696,835.308575,835.308909958,835.308876222,14751616,-9999,271384.1,25.19,-1,0.040387122,0.999704079,0,0.599822448,6,0.727272727,1.696969697,O24,de-protonated,0,-9999,C33 H56 O24,33,56,24,-9999,-9999,-9999,-9999,-9999
1696,835.308575,835.308909958,835.309503864,14751616,-9999,271384.1,25.19,-1,-0.711001199,0.456177354,0.618621811,0.521155137,37,0.052631579,0.789473684,N2 P1 O3,de-protonated,0,-9999,C57 H45 O3 N2 P1,57,45,3,2,1,-9999,-9999,-9999
1696,835.308575,835.308909958,835.309232538,14751616,-9999,271384.1,25.19,-1,-0.386180214,0.486651237,0.662980834,0.557183075,23,0.170212766,1.106382979,N2 S2 O8,de-protonated,0,-9999,C47 H52 O8 N2 S2,47,52,8,2,-9999,2,-9999,-9999
1696,835.308575,835.308909958,835.308363158,14751616,-9999,271384.1,25.19,-1,0.65460852,0.462596462,0.667769153,0.544665538,24,0.282608696,1.043478261,N2 O13,de-protonated,0,-9999,C46 H48 O13 N2,46,48,13,2,-9999,-9999,-9999,-9999
1696,835.308575,835.308909958,835.30936548,14751616,-9999,271384.1,25.19,-1,-0.54533284,0.947469393,0,0.568481636,10,0.444444444,1.583333333,N2 S1 P1 O16,de-protonated,0,-9999,C36 H57 O16 N2 P1 S1,36,57,16,2,1,1,-9999,-9999
1696,835.308575,835.308909958,835.308852415,14751616,-9999,271384.1,25.19,-1,0.068887839,0.49956965,0.653607294,0.561184707,28,0.102040816,1,N4 S1 P1 O5,de-protonated,0,-9999,C49 H49 O5 N4 P1 S1,49,49,5,4,1,1,-9999,-9999
1696,835.308575,835.308909958,835.308714031,14751616,-9999,271384.1,25.19,-1,0.234556456,0.990066948,0,0.594040169,1,0.642857143,2.178571429,N4 S2 P1 O18,de-protonated,0,-9999,C28 H61 O18 N4 P1 S2,28,61,18,4,1,2,-9999,-9999
1697,839.123856,839.124192736,839.123873381,8067148,-9999,333331.9,12.88,-1,0.380580957,0.974060983,0,0.58443659,22,0.384615385,0.948717949,S2 P1 O15,de-protonated,0,-9999,C39 H37 O15 P1 S2,39,37,15,-9999,1,2,-9999,-9999
1697,839.123856,839.124192736,839.123360317,8067148,-9999,333331.9,12.88,-1,0.992010062,0.836473246,0,0.501883948,40,0.076923077,0.557692308,N2 S2 P1 O4,de-protonated,0,-9999,C52 H29 O4 N2 P1 S2,52,29,4,2,1,2,-9999,-9999
1697,839.123856,839.124192736,839.124721534,8067148,-9999,333331.9,12.88,-1,-0.630178792,0.930477052,0,0.558286231,23,0.513513514,0.864864865,N2 S1 O19,de-protonated,0,-9999,C37 H32 O19 N2 S1,37,32,19,2,-9999,1,-9999,-9999
1697,839.123856,839.124192736,839.124341412,8067148,-9999,333331.9,12.88,-1,-0.177180038,0.994320016,0,0.59659201,28,0.41025641,0.743589744,N4 P1 O16,de-protonated,0,-9999,C39 H29 O16 N4 P1,39,29,16,4,1,-9999,-9999,-9999
1697,839.123856,839.124192736,839.124070085,8067148,-9999,333331.9,12.88,-1,0.146164413,0.996131028,0,0.597678617,14,0.724137931,1.24137931,N4 S2 O21,de-protonated,0,-9999,C29 H36 O21 N4 S2,29,36,21,4,-9999,2,-9999,-9999
1698,851.264612,851.264954392,851.265041793,11885431,-9999,304334.1,19.91,-1,-0.102672432,0.499044532,0.618621811,0.546875443,38,0.140350877,0.701754386,O8,de-protonated,0,-9999,C57 H40 O8,57,40,8,-9999,-9999,-9999,-9999,-9999
1698,851.264612,851.264954392,851.264903409,11885431,-9999,304334.1,19.91,-1,0.059890849,0.999349371,0,0.599609623,11,0.583333333,1.444444444,S1 O21,de-protonated,0,-9999,C36 H52 O21 S1,36,52,21,-9999,-9999,1,-9999,-9999
1698,851.264612,851.264954392,851.264390345,11885431,-9999,304334.1,19.91,-1,0.662599345,0.461713814,0.653607294,0.538471206,29,0.204081633,0.897959184,N2 S1 O10,de-protonated,0,-9999,C49 H44 O10 N2 S1,49,44,10,2,-9999,1,-9999,-9999
1698,851.264612,851.264954392,851.265392666,11885431,-9999,304334.1,19.91,-1,-0.514850452,0.953041545,0,0.571824927,15,0.333333333,1.358974359,N2 S2 P1 O13,de-protonated,0,-9999,C39 H53 O13 N2 P1 S2,39,53,13,2,1,2,-9999,-9999
1698,851.264612,851.264954392,851.264523286,11885431,-9999,304334.1,19.91,-1,0.506429536,0.954529907,0,0.572717944,16,0.473684211,1.289473684,N2 P1 O18,de-protonated,0,-9999,C38 H49 O18 N2 P1,38,49,18,2,1,-9999,-9999,-9999
1698,851.264612,851.264954392,851.26425196,11885431,-9999,304334.1,19.91,-1,0.825162875,0.883779855,0,0.530267913,2,0.821428571,2,N2 S2 O23,de-protonated,0,-9999,C28 H56 O23 N2 S2,28,56,23,2,-9999,2,-9999,-9999
1698,851.264612,851.264954392,851.264879602,11885431,-9999,304334.1,19.91,-1,0.087857352,0.499300197,0.640033642,0.555593575,33,0.038461538,0.865384615,N4 S2 P1 O2,de-protonated,0,-9999,C52 H45 O2 N4 P1 S2,52,45,2,4,1,2,-9999,-9999
1699,852.092982,852.093324778,852.093480976,7617465.5,-9999,272072.5,12.05,-1,-0.183310661,0.993921366,0,0.59635282,20,0.676470588,0.911764706,N1 S1 O23,de-protonated,0,-9999,C34 H31 O23 N1 S1,34,31,23,1,-9999,1,-9999,-9999
1699,852.092982,852.093324778,852.092967911,7617465.5,-9999,272072.5,12.05,-1,0.418811614,0.968674464,0,0.581204678,38,0.255319149,0.489361702,N3 S1 O12,de-protonated,0,-9999,C47 H23 O12 N3 S1,47,23,12,3,-9999,1,-9999,-9999
1699,852.092982,852.093324778,852.093970233,7617465.5,-9999,272072.5,12.05,-1,-0.757492943,0.901122158,0,0.540673295,24,0.405405405,0.864864865,N3 S2 P1 O15,de-protonated,0,-9999,C37 H32 O15 N3 P1 S2,37,32,15,3,1,2,-9999,-9999
1699,852.092982,852.093324778,852.093100853,7617465.5,-9999,272072.5,12.05,-1,0.262793703,0.987547243,0,0.592528346,25,0.555555556,0.777777778,N3 P1 O20,de-protonated,0,-9999,C36 H28 O20 N3 P1,36,28,20,3,1,-9999,-9999,-9999
1699,852.092982,852.093324778,852.092829527,7617465.5,-9999,272072.5,12.05,-1,0.581217027,0.940545016,0,0.56432701,11,0.961538462,1.346153846,N3 S2 O25,de-protonated,0,-9999,C26 H35 O25 N3 S2,26,35,25,3,-9999,2,-9999,-9999
1700,861.412932,861.41327912,861.413561211,10575655,-9999,313523.6,17.49,-1,-0.327474332,0.490364819,0.594745702,0.532117172,35,0.015873016,0.920634921,S1 O1,de-protonated,0,-9999,C63 H58 O1 S1,63,58,1,-9999,-9999,1,-9999,-9999
1700,861.412932,861.41327912,861.413694153,10575655,-9999,313523.6,17.49,-1,-0.481803997,0.958754141,0,0.575252484,22,0.173076923,1.211538462,P1 O9,de-protonated,0,-9999,C52 H63 O9 P1,52,63,9,-9999,1,-9999,-9999,-9999
1700,861.412932,861.41327912,861.413422827,10575655,-9999,313523.6,17.49,-1,-0.166826285,0.994962829,0,0.596977698,8,0.333333333,1.666666667,S2 O14,de-protonated,0,-9999,C42 H70 O14 S2,42,70,14,-9999,-9999,2,-9999,-9999
1700,861.412932,861.41327912,861.412553447,10575655,-9999,313523.6,17.49,-1,0.842422677,0.879176353,0,0.527505812,9,0.463414634,1.609756098,O19,de-protonated,0,-9999,C41 H66 O19,41,66,19,-9999,-9999,-9999,-9999,-9999
1700,861.412932,861.41327912,861.412909762,10575655,-9999,313523.6,17.49,-1,0.428781418,0.483595165,0.627012296,0.540962017,26,0.054545455,1.127272727,N2 S2 O3,de-protonated,0,-9999,C55 H62 O3 N2 S2,55,62,3,2,-9999,2,-9999,-9999
1700,861.412932,861.41327912,861.413042704,10575655,-9999,313523.6,17.49,-1,0.274451521,0.9864256,0,0.59185536,13,0.25,1.522727273,N2 S1 P1 O11,de-protonated,0,-9999,C44 H67 O11 N2 P1 S1,44,67,11,2,1,1,-9999,-9999
1700,861.412932,861.41327912,861.413890857,10575655,-9999,313523.6,17.49,-1,-0.710154616,0.912553902,0,0.547532341,14,0.357142857,1.476190476,N4 O15,de-protonated,0,-9999,C42 H62 O15 N4,42,62,15,4,-9999,-9999,-9999,-9999
1701,873.312652,873.313004664,873.313649213,9119014,-9999,321040,13.84,-1,-0.738049509,0.905889271,0,0.543533562,25,0.176470588,1.058823529,S2 O9,de-protonated,0,-9999,C51 H54 O9 S2,51,54,9,-9999,-9999,2,-9999,-9999
1701,873.312652,873.313004664,873.312779833,9119014,-9999,321040,13.84,-1,0.257446318,0.988045859,0,0.592827515,26,0.28,1,O14,de-protonated,0,-9999,C50 H50 O14,50,50,14,-9999,-9999,-9999,-9999,-9999
1701,873.312652,873.313004664,873.313782155,9119014,-9999,321040,13.84,-1,-0.890276159,0.866048202,0,0.519628921,12,0.425,1.475,S1 P1 O17,de-protonated,0,-9999,C40 H59 O17 P1 S1,40,59,17,-9999,1,1,-9999,-9999
1701,873.312652,873.313004664,873.313269091,9119014,-9999,321040,13.84,-1,-0.302785036,0.983502604,0,0.590101562,30,0.113207547,0.962264151,N2 S1 P1 O6,de-protonated,0,-9999,C53 H51 O6 N2 P1 S1,53,51,6,2,1,1,-9999,-9999
1701,873.312652,873.313004664,873.313130706,9119014,-9999,321040,13.84,-1,-0.144325965,0.99622756,0,0.597736536,3,0.59375,1.96875,N2 S2 P1 O19,de-protonated,0,-9999,C32 H63 O19 N2 P1 S2,32,63,19,2,1,2,-9999,-9999
1701,873.312652,873.313004664,873.312261326,9119014,-9999,321040,13.84,-1,0.851171045,0.87681597,0,0.526089582,4,0.774193548,1.903225806,N2 P1 O24,de-protonated,0,-9999,C31 H59 O24 N2 P1,31,59,24,2,1,-9999,-9999,-9999
1701,873.312652,873.313004664,873.312617642,9119014,-9999,321040,13.84,-1,0.443166035,0.96499166,0,0.578994996,21,0.177777778,1.222222222,N4 S2 P1 O8,de-protonated,0,-9999,C45 H55 O8 N4 P1 S2,45,55,8,4,1,2,-9999,-9999
1702,882.086211,882.086567752,882.087428301,8334114.5,-9999,273163.4,12.49,-1,-0.975582534,0.841393499,0,0.504836099,33,0.260869565,0.652173913,N1 S2 P1 O12,de-protonated,0,-9999,C46 H30 O12 N1 P1 S2,46,30,12,1,1,2,-9999,-9999
1702,882.086211,882.086567752,882.086558921,8334114.5,-9999,273163.4,12.49,-1,0.010011241,0.999981814,0,0.599989089,34,0.377777778,0.577777778,N1 P1 O17,de-protonated,0,-9999,C45 H26 O17 N1 P1,45,26,17,1,1,-9999,-9999,-9999
1702,882.086211,882.086567752,882.086287595,8334114.5,-9999,273163.4,12.49,-1,0.317607183,0.981862979,0,0.589117787,20,0.628571429,0.942857143,N1 S2 O22,de-protonated,0,-9999,C35 H33 O22 N1 S2,35,33,22,1,-9999,2,-9999,-9999
1702,882.086211,882.086567752,882.085774531,8334114.5,-9999,273163.4,12.49,-1,0.899256301,0.863526547,0,0.518115928,38,0.229166667,0.520833333,N3 S2 O11,de-protonated,0,-9999,C48 H25 O11 N3 S2,48,25,11,3,-9999,2,-9999,-9999
1702,882.086211,882.086567752,882.085907473,8334114.5,-9999,273163.4,12.49,-1,0.748543261,0.903328697,0,0.541997218,25,0.513513514,0.810810811,N3 S1 P1 O19,de-protonated,0,-9999,C37 H30 O19 N3 P1 S1,37,30,19,3,1,1,-9999,-9999
1703,900.173192,900.173557179,900.173132986,11386327,-9999,235847.8,17.73,-1,0.471235247,0.480253995,0.627012296,0.538957315,39,0.145454545,0.636363636,N1 S2 O8,de-protonated,0,-9999,C55 H35 O8 N1 S2,55,35,8,1,-9999,2,-9999,-9999
1703,900.173192,900.173557179,900.173265927,11386327,-9999,235847.8,17.73,-1,0.323550576,0.981184316,0,0.58871059,26,0.363636364,0.909090909,N1 S1 P1 O16,de-protonated,0,-9999,C44 H40 O16 N1 P1 S1,44,40,16,1,1,1,-9999,-9999
1703,900.173192,900.173557179,900.17411408,11386327,-9999,235847.8,17.73,-1,-0.61865986,0.932908947,0,0.559745368,27,0.476190476,0.833333333,N3 O20,de-protonated,0,-9999,C42 H35 O20 N3,42,35,20,3,-9999,-9999,-9999,-9999
1704,903.842278,903.842644888,903.843323589,10420983,-9999,268407.3,16.07,-1,-0.750904942,0.451374225,0.622788794,0.519940053,3,0.035714286,2,N4 S1 O2,de-protonated,0,-9999,C56 H112 O2 N4 S1,56,112,2,4,-9999,1,-9999,-9999
1705,908.243461,908.243829939,908.244108394,10242513,-9999,255126.7,15.76,-1,-0.306585812,0.983089373,0,0.589853624,22,0.409090909,1.068181818,N1 S1 O18,de-protonated,0,-9999,C44 H47 O18 N1 S1,44,47,18,1,-9999,1,-9999,-9999
1705,908.243461,908.243829939,908.243595329,10242513,-9999,255126.7,15.76,-1,0.258311199,0.493982946,0.618621811,0.543838492,40,0.122807018,0.684210526,N3 S1 O7,de-protonated,0,-9999,C57 H39 O7 N3 S1,57,39,7,3,-9999,1,-9999,-9999
1705,908.243461,908.243829939,908.244597651,10242513,-9999,255126.7,15.76,-1,-0.845270216,0.878410045,0,0.527046027,26,0.212765957,1.021276596,N3 S2 P1 O10,de-protonated,0,-9999,C47 H48 O10 N3 P1 S2,47,48,10,3,1,2,-9999,-9999
1705,908.243461,908.243829939,908.243728271,10242513,-9999,255126.7,15.76,-1,0.111938854,0.997728975,0,0.598637385,27,0.326086957,0.956521739,N3 P1 O15,de-protonated,0,-9999,C46 H44 O15 N3 P1,46,44,15,3,1,-9999,-9999,-9999
1705,908.243461,908.243829939,908.243456945,10242513,-9999,255126.7,15.76,-1,0.410676146,0.969861298,0,0.581916779,13,0.555555556,1.416666667,N3 S2 O20,de-protonated,0,-9999,C36 H51 O20 N3 S2,36,51,20,3,-9999,2,-9999,-9999
1706,909.890346,909.890715706,909.890273782,18582678,-9999,360007.3,30.11,-1,0.485689374,0.479050209,0.622788794,0.536545643,0,0.035714286,2.107142857,N4 S1 O2,de-protonated,0,-9999,C56 H118 O2 N4 S1,56,118,2,4,-9999,1,-9999,-9999
1707,916.633546,916.633918848,916.634178236,11090228,-9999,212544,17.21,-1,-0.282978484,0.492787607,0.635633513,0.54992597,9,0.169811321,1.716981132,N1 S1 O9,de-protonated,0,-9999,C53 H91 O9 N1 S1,53,91,9,1,-9999,1,-9999,-9999
1707,916.633546,916.633918848,916.634667493,11090228,-9999,212544,17.21,-1,-0.816732256,0.443001194,0.622788794,0.514916234,13,0.017857143,1.642857143,N3 S2 P1 O1,de-protonated,0,-9999,C56 H92 O1 N3 P1 S2,56,92,1,3,1,2,-9999,-9999
1707,916.633546,916.633918848,916.633798113,11090228,-9999,212544,17.21,-1,0.131715381,0.498428503,0.627012296,0.54986202,14,0.109090909,1.6,N3 P1 O6,de-protonated,0,-9999,C55 H88 O6 N3 P1,55,88,6,3,1,-9999,-9999,-9999
1707,916.633546,916.633918848,916.633526787,11090228,-9999,212544,17.21,-1,0.427718296,0.967350144,0,0.580410086,0,0.244444444,2.111111111,N3 S2 O11,de-protonated,0,-9999,C45 H95 O11 N3 S2,45,95,11,3,-9999,2,-9999,-9999
1708,925.787297,925.787674113,925.787448681,9645540,-9999,274815.5,14.72,-1,0.243502648,0.494649467,0.606448844,0.539369218,6,0.033333333,1.833333333,S2 O2,de-protonated,0,-9999,C60 H110 O2 S2,60,110,2,-9999,-9999,2,-9999,-9999
1708,925.787297,925.787674113,925.787916712,9645540,-9999,274815.5,14.72,-1,-0.262045929,0.493808785,0.606448844,0.538864809,12,0.05,1.7,N4 O3,de-protonated,0,-9999,C60 H102 O3 N4,60,102,3,4,-9999,-9999,-9999,-9999
1709,926.417528,926.417905406,926.41797318,9514875,-9999,332498.4,14.49,-1,-0.07315651,0.999029381,0,0.599417628,17,0.354166667,1.354166667,N1 O17,de-protonated,0,-9999,C48 H65 O17 N1,48,65,17,1,-9999,-9999,-9999,-9999
1709,926.417528,926.417905406,926.418329495,9514875,-9999,332498.4,14.49,-1,-0.457772814,0.481345086,0.598596236,0.528245546,34,0.016129032,0.983870968,N3 S2 O1,de-protonated,0,-9999,C62 H61 O1 N3 S2,62,61,1,3,-9999,2,-9999,-9999
1709,926.417528,926.417905406,926.417460115,9514875,-9999,332498.4,14.49,-1,0.480658843,0.479472949,0.602496955,0.528682551,35,0.098360656,0.93442623,N3 O6,de-protonated,0,-9999,C61 H57 O6 N3,61,57,6,3,-9999,-9999,-9999,-9999
1709,926.417528,926.417905406,926.418462437,9514875,-9999,332498.4,14.49,-1,-0.601273483,0.936506227,0,0.561903736,21,0.176470588,1.294117647,N3 S1 P1 O9,de-protonated,0,-9999,C51 H66 O9 N3 P1 S1,51,66,9,3,1,1,-9999,-9999
1709,926.417528,926.417905406,926.417321731,9514875,-9999,332498.4,14.49,-1,0.630034824,0.930507684,0,0.55830461,8,0.475,1.725,N3 S1 O19,de-protonated,0,-9999,C40 H69 O19 N3 S1,40,69,19,3,-9999,1,-9999,-9999
1710,928.736522,928.736900487,928.737461537,47101316,-9999,281495.4,79.17,-1,-0.60409986,0.31197583,0.51866191,0.394650262,16,0.015625,1.546875,N1 S1 O1,de-protonated,0,-9999,C64 H99 O1 N1 S1,64,99,1,1,-9999,1,-9999,-9999
1710,928.736522,928.736900487,928.737594479,47101316,-9999,281495.4,79.17,-1,-0.747242175,0.301215914,0.576557625,0.411352598,3,0.169811321,1.962264151,N1 P1 O9,de-protonated,0,-9999,C53 H104 O9 N1 P1,53,104,9,1,1,-9999,-9999,-9999
1710,928.736522,928.736900487,928.736810088,47101316,-9999,281495.4,79.17,-1,0.097334905,0.332760806,0.55996373,0.423641975,7,0.053571429,1.839285714,N3 S2 O3,de-protonated,0,-9999,C56 H103 O3 N3 S2,56,103,3,3,-9999,2,-9999,-9999
1711,938.264599,938.264981926,938.264055992,11178390,-9999,201613.9,16.37,-1,0.986858379,0.419010984,0.622788794,0.500522108,35,0.196428571,0.803571429,N1 S1 O11,de-protonated,0,-9999,C56 H45 O11 N1 S1,56,45,11,1,-9999,1,-9999,-9999
1711,938.264599,938.264981926,938.265058314,11178390,-9999,201613.9,16.37,-1,-0.081413939,0.998798039,0,0.599278824,21,0.304347826,1.173913043,N1 S2 P1 O14,de-protonated,0,-9999,C46 H54 O14 N1 P1 S2,46,54,14,1,1,2,-9999,-9999
1711,938.264599,938.264981926,938.264188934,11178390,-9999,201613.9,16.37,-1,0.845169223,0.878437256,0,0.527062354,22,0.422222222,1.111111111,N1 P1 O19,de-protonated,0,-9999,C45 H50 O19 N1 P1,45,50,19,1,1,-9999,-9999,-9999
1711,938.264599,938.264981926,938.264545249,11178390,-9999,201613.9,16.37,-1,0.465408607,0.480729804,0.610452919,0.53261905,39,0.050847458,0.779661017,N3 S2 P1 O3,de-protonated,0,-9999,C59 H46 O3 N3 P1 S2,59,46,3,3,1,2,-9999,-9999
1711,938.264599,938.264981926,938.265906467,11178390,-9999,201613.9,16.37,-1,-0.985372077,0.83846782,0,0.503080692,22,0.409090909,1.113636364,N3 S1 O18,de-protonated,0,-9999,C44 H49 O18 N3 S1,44,49,18,3,-9999,1,-9999,-9999
1712,944.561127,944.561512859,944.560833846,16918254,-9999,223933.4,25.69,-1,0.718867072,0.455247344,0.606448844,0.515727944,20,0.033333333,1.4,N1 S2 P1 O2,de-protonated,0,-9999,C60 H84 O2 N1 P1 S2,60,84,2,1,1,2,-9999,-9999
1712,944.561127,944.561512859,944.562333448,16918254,-9999,223933.4,25.69,-1,-0.868749621,0.436009519,0.583485697,0.49499999,30,0.060606061,1.136363636,N1 O4,de-protonated,0,-9999,C66 H75 O4 N1,66,75,4,1,-9999,-9999,-9999,-9999
1712,944.561127,944.561512859,944.562195063,16918254,-9999,223933.4,25.69,-1,-0.722243324,0.454845607,0.672627142,0.541958221,3,0.377777778,1.933333333,N1 S1 O17,de-protonated,0,-9999,C45 H87 O17 N1 S1,45,87,17,1,-9999,1,-9999,-9999
1712,944.561127,944.561512859,944.561681999,16918254,-9999,223933.4,25.69,-1,-0.179066643,0.497099383,0.614510218,0.544063717,21,0.103448276,1.362068966,N3 S1 O6,de-protonated,0,-9999,C58 H79 O6 N3 S1,58,79,6,3,-9999,1,-9999,-9999
1712,944.561127,944.561512859,944.561814941,16918254,-9999,223933.4,25.69,-1,-0.319810958,0.490806374,0.662980834,0.559676158,8,0.29787234,1.787234043,N3 P1 O14,de-protonated,0,-9999,C47 H84 O14 N3 P1,47,84,14,3,1,-9999,-9999,-9999
1713,946.270561,946.270947656,946.270143694,20638986,-9999,234417.2,31.73,-1,0.849611238,0.43861907,0.658260696,0.52647572,23,0.270833333,1.125,N1 S2 P1 O13,de-protonated,0,-9999,C48 H54 O13 N1 P1 S2,48,54,13,1,1,2,-9999,-9999
1713,946.270561,946.270947656,946.271643296,20638986,-9999,234417.2,31.73,-1,-0.735137851,0.453297304,0.631293472,0.524495771,33,0.277777778,0.833333333,N1 O15,de-protonated,0,-9999,C54 H45 O15 N1,54,45,15,1,-9999,-9999,-9999,-9999
1713,946.270561,946.270947656,946.270991847,20638986,-9999,234417.2,31.73,-1,-0.046700599,0.499802174,0.667769153,0.566988966,24,0.369565217,1.065217391,N3 S1 O17,de-protonated,0,-9999,C46 H49 O17 N3 S1,46,49,17,3,-9999,1,-9999,-9999
1713,946.270561,946.270947656,946.271124789,20638986,-9999,234417.2,31.73,-1,-0.187190698,0.496831071,0.725399619,0.58825849,11,0.714285714,1.542857143,N3 P1 O25,de-protonated,0,-9999,C35 H54 O25 N3 P1,35,54,25,3,1,-9999,-9999,-9999
1714,948.887599,948.887986875,948.888221896,12023453,-9999,295019.6,17.73,-1,-0.247680602,0.494465314,0.606448844,0.539258726,2,0.066666667,2,N1 P1 O4,de-protonated,0,-9999,C60 H120 O4 N1 P1,60,120,4,1,1,-9999,-9999,-9999
1715,950.942954,950.943342833,950.944071091,10813007,-9999,361682.2,15.76,-1,-0.765826597,0.899048849,0,0.53942931,31,0.611111111,0.472222222,N4 S2 P1 O22,de-protonated,0,-9999,C36 H17 O22 N4 P1 S2,36,17,22,4,1,2,-9999,-9999
1716,950.946637,950.947025835,950.947224463,19496530,-9999,313383.5,29.87,-1,-0.208874553,0.496057452,0.698017357,0.576841414,36,0.625,0.325,N2 P1 O25,de-protonated,0,-9999,C40 H13 O25 N2 P1,40,13,25,2,1,-9999,-9999,-9999
1717,951.833021,951.833410247,951.832741648,16531886,-9999,233973.2,25.05,-1,0.702433712,0.4571808,0.572644131,0.503366132,16,0.014492754,1.565217391,O1,de-protonated,0,-9999,C69 H108 O1,69,108,1,-9999,-9999,-9999,-9999,-9999
1717,951.833021,951.833410247,951.83374397,16531886,-9999,233973.2,25.05,-1,-0.350609753,0.488970969,0.610452919,0.537563749,2,0.06779661,1.983050847,S1 P1 O4,de-protonated,0,-9999,C59 H117 O4 P1 S1,59,117,4,-9999,1,1,-9999,-9999
1718,952.164784,952.165173402,952.165678623,19825394,-9999,160613.7,30.4,-1,-0.530602305,0.475099023,0.644495114,0.542857459,33,0.235294118,0.784313725,N1 S2 P1 O12,de-protonated,0,-9999,C51 H40 O12 N1 P1 S2,51,40,12,1,1,2,-9999,-9999
1718,952.164784,952.165173402,952.164809243,19825394,-9999,160613.7,30.4,-1,0.382453293,0.486904256,0.649019222,0.551750242,34,0.34,0.72,N1 P1 O17,de-protonated,0,-9999,C50 H36 O17 N1 P1,50,36,17,1,1,-9999,-9999,-9999
1718,952.164784,952.165173402,952.164537917,19825394,-9999,160613.7,30.4,-1,0.667410622,0.46117803,0.698017357,0.555913761,20,0.55,1.075,N1 S2 O22,de-protonated,0,-9999,C40 H43 O22 N1 S2,40,43,22,1,-9999,2,-9999,-9999
1719,952.588413,952.588802599,952.588548196,11682960,-9999,204100,17.17,-1,0.26706526,0.493570882,0.587191358,0.531019072,27,0.076923077,1.215384615,N1 O5,de-protonated,0,-9999,C65 H79 O5 N1,65,79,5,1,-9999,-9999,-9999,-9999
1719,952.588413,952.588802599,952.589550518,11682960,-9999,204100,17.17,-1,-0.785142238,0.447087515,0.627012296,0.519057427,13,0.145454545,1.6,N1 S1 P1 O8,de-protonated,0,-9999,C55 H88 O8 N1 P1 S1,55,88,8,1,1,1,-9999,-9999
1719,952.588413,952.588802599,952.588409812,11682960,-9999,204100,17.17,-1,0.412337305,0.969620736,0,0.581772441,0,0.409090909,2.068181818,N1 S1 O18,de-protonated,0,-9999,C44 H91 O18 N1 S1,44,91,18,1,-9999,1,-9999,-9999
1719,952.588413,952.588802599,952.587896747,11682960,-9999,204100,17.17,-1,0.950937957,0.424336654,0.618621811,0.502050717,18,0.122807018,1.456140351,N3 S1 O7,de-protonated,0,-9999,C57 H83 O7 N3 S1,57,83,7,3,-9999,1,-9999,-9999
1719,952.588413,952.588802599,952.588899069,11682960,-9999,204100,17.17,-1,-0.101270981,0.998140827,0,0.598884496,4,0.212765957,1.957446809,N3 S2 P1 O10,de-protonated,0,-9999,C47 H92 O10 N3 P1 S2,47,92,10,3,1,2,-9999,-9999
1719,952.588413,952.588802599,952.588029689,11682960,-9999,204100,17.17,-1,0.811379352,0.887404575,0,0.532442745,5,0.326086957,1.913043478,N3 P1 O15,de-protonated,0,-9999,C46 H88 O15 N3 P1,46,88,15,3,1,-9999,-9999,-9999
1720,955.844677,955.845068117,955.845632264,14618920,-9999,269821,21.94,-1,-0.590207265,0.46937472,0.602496955,0.522623614,5,0.016393443,1.901639344,N2 S2 O1,de-protonated,0,-9999,C61 H116 O1 N2 S2,61,116,1,2,-9999,2,-9999,-9999
1720,955.844677,955.845068117,955.844762884,14618920,-9999,269821,21.94,-1,0.319333061,0.490833576,0.606448844,0.537079684,6,0.1,1.866666667,N2 O6,de-protonated,0,-9999,C60 H112 O6 N2,60,112,6,2,-9999,-9999,-9999,-9999
1721,955.847719,955.848110118,955.847286034,13865259,-9999,282095.3,20.71,-1,0.86215038,0.436914138,0.610452919,0.50632965,0,0.033898305,2.050847458,S2 P1 O2,de-protonated,0,-9999,C59 H121 O2 P1 S2,59,121,2,-9999,1,2,-9999,-9999
1721,955.847719,955.848110118,955.848785636,13865259,-9999,282095.3,20.71,-1,-0.706720309,0.456679988,0.587191358,0.508884536,10,0.061538462,1.723076923,O4,de-protonated,0,-9999,C65 H112 O4,65,112,4,-9999,-9999,-9999,-9999,-9999
1721,955.847719,955.848110118,955.848134187,13865259,-9999,282095.3,20.71,-1,-0.02518085,0.499942477,0.618621811,0.547414211,1,0.105263158,2.035087719,N2 S1 O6,de-protonated,0,-9999,C57 H116 O6 N2 S1,57,116,6,2,-9999,1,-9999,-9999
1721,955.847719,955.848110118,955.847754065,13865259,-9999,282095.3,20.71,-1,0.37250017,0.48756857,0.610452919,0.536722309,6,0.050847458,1.915254237,N4 P1 O3,de-protonated,0,-9999,C59 H113 O3 N4 P1,59,113,3,4,1,-9999,-9999,-9999
1722,958.316471,958.316863268,958.315912118,12262111,-9999,223415.2,18.1,-1,0.992522546,0.418159448,0.602496955,0.491894451,36,0.06557377,0.885245902,N1 S2 P1 O4,de-protonated,0,-9999,C61 H54 O4 N1 P1 S2,61,54,4,1,1,2,-9999,-9999
1722,958.316471,958.316863268,958.317273335,12262111,-9999,223415.2,18.1,-1,-0.427903453,0.967322337,0,0.580393402,19,0.413043478,1.239130435,N1 S1 O19,de-protonated,0,-9999,C46 H57 O19 N1 S1,46,57,19,1,-9999,1,-9999,-9999
1722,958.316471,958.316863268,958.316760271,12262111,-9999,223415.2,18.1,-1,0.107476968,0.498953114,0.610452919,0.543553036,37,0.13559322,0.830508475,N3 S1 O8,de-protonated,0,-9999,C59 H49 O8 N3 S1,59,49,8,3,-9999,1,-9999,-9999
1722,958.316471,958.316863268,958.317762593,12262111,-9999,223415.2,18.1,-1,-0.938440939,0.426158537,0.653607294,0.51713804,23,0.224489796,1.183673469,N3 S2 P1 O11,de-protonated,0,-9999,C49 H58 O11 N3 P1 S2,49,58,11,3,1,2,-9999,-9999
1722,958.316471,958.316863268,958.316893213,12262111,-9999,223415.2,18.1,-1,-0.031247232,0.499911426,0.658260696,0.563251134,24,0.333333333,1.125,N3 P1 O16,de-protonated,0,-9999,C48 H54 O16 N3 P1,48,54,16,3,1,-9999,-9999,-9999
1722,958.316471,958.316863268,958.316621887,12262111,-9999,223415.2,18.1,-1,0.251880646,0.988554202,0,0.593132521,10,0.552631579,1.605263158,N3 S2 O21,de-protonated,0,-9999,C38 H61 O21 N3 S2,38,61,21,3,-9999,2,-9999,-9999
1723,958.790207,958.790599489,958.790284957,10853568,-9999,288288.1,15.81,-1,0.328050775,0.490331199,0.610452919,0.538379887,6,0.101694915,1.847457627,N1 S1 O6,de-protonated,0,-9999,C59 H109 O6 N1 S1,59,109,6,1,-9999,1,-9999,-9999
1723,958.790207,958.790599489,958.789904834,10853568,-9999,288288.1,15.81,-1,0.724511609,0.45457485,0.602496955,0.513743692,11,0.049180328,1.737704918,N3 P1 O3,de-protonated,0,-9999,C61 H106 O3 N3 P1,61,106,3,3,1,-9999,-9999,-9999
1724,959.173284,959.173676667,959.174374326,14949956,-9999,282782.9,22.47,-1,-0.72735283,0.454234733,0.6825583,0.54556416,22,0.488372093,1.023255814,S2 O21,de-protonated,0,-9999,C43 H44 O21 S2,43,44,21,-9999,-9999,2,-9999,-9999
1724,959.173284,959.173676667,959.173861261,14949956,-9999,282782.9,22.47,-1,-0.192450976,0.496651074,0.622788794,0.547106162,40,0.178571429,0.642857143,N2 S2 O10,de-protonated,0,-9999,C56 H36 O10 N2 S2,56,36,10,2,-9999,2,-9999,-9999
1724,959.173284,959.173676667,959.173994203,14949956,-9999,282782.9,22.47,-1,-0.331051173,0.490155286,0.672627142,0.563144028,27,0.4,0.911111111,N2 S1 P1 O18,de-protonated,0,-9999,C45 H41 O18 N2 P1 S1,45,41,18,2,1,1,-9999,-9999
1724,959.173284,959.173676667,959.173342754,14949956,-9999,282782.9,22.47,-1,0.348125818,0.978249965,0,0.586949979,18,0.540540541,1.216216216,N4 S2 P1 O20,de-protonated,0,-9999,C37 H45 O20 N4 P1 S2,37,45,20,4,1,2,-9999,-9999
1725,960.076745,960.077138088,960.077844712,10002908,-9999,248579.4,14.43,-1,-0.736006607,0.906384389,0,0.543830634,30,0.56097561,0.682926829,N3 P1 O23,de-protonated,0,-9999,C41 H28 O23 N3 P1,41,28,23,3,1,-9999,-9999,-9999
1726,960.458482,960.458875266,960.458476775,10355553,-9999,201458.4,15,-1,0.414896517,0.484624169,0.590944388,0.527152257,32,0.046875,1.0625,N1 S1 P1 O3,de-protonated,0,-9999,C64 H68 O3 N1 P1 S1,64,68,3,1,1,1,-9999,-9999
1726,960.458482,960.458875266,960.458338391,10355553,-9999,201458.4,15,-1,0.558978235,0.944882354,0,0.566929413,5,0.372093023,1.860465116,N1 S2 P1 O16,de-protonated,0,-9999,C43 H80 O16 N1 P1 S2,43,80,16,1,1,2,-9999,-9999
1726,960.458482,960.458875266,960.459324928,10355553,-9999,201458.4,15,-1,-0.468174218,0.480504641,0.598596236,0.527741279,33,0.112903226,1.016129032,N3 O7,de-protonated,0,-9999,C62 H63 O7 N3,62,63,7,3,-9999,-9999,-9999,-9999
1726,960.458482,960.458875266,960.459186544,10355553,-9999,201458.4,15,-1,-0.324092754,0.981121803,0,0.588673082,6,0.487804878,1.829268293,N3 S1 O20,de-protonated,0,-9999,C41 H75 O20 N3 S1,41,75,20,3,-9999,1,-9999,-9999
1727,960.844491,960.844884446,960.844822454,8594668,-9999,218972.7,12.14,-1,0.064517953,0.999244993,0,0.599546996,0,0.178571429,2.053571429,N1 O10,de-protonated,0,-9999,C56 H115 O10 N1,56,115,10,1,-9999,-9999,-9999,-9999
1727,960.844491,960.844884446,960.845311712,8594668,-9999,218972.7,12.14,-1,-0.44467679,0.964756829,0,0.578854097,4,0.033898305,1.966101695,N3 S1 P1 O2,de-protonated,0,-9999,C59 H116 O2 N3 P1 S1,59,116,2,3,1,1,-9999,-9999
1728,960.935156,960.935549488,960.934945702,10626376,-9999,314112.5,15.44,-1,0.628332007,0.930869538,0,0.558521723,33,0.657894737,0.394736842,N2 S1 P1 O25,de-protonated,0,-9999,C38 H15 O25 N2 P1 S1,38,15,25,2,1,1,-9999,-9999
1728,960.935156,960.935549488,960.935840795,10626376,-9999,314112.5,15.44,-1,-0.303149071,0.49173162,0.602496955,0.536037754,2,0.032786885,2.032786885,N3 P1 O2,de-protonated,0,-9999,C61 H124 O2 N3 P1,61,124,2,3,1,-9999,-9999,-9999
1729,961.7975,961.79789389,961.796964537,8693947,-9999,339132,12.3,-1,0.966267184,0.844159681,0,0.506495808,9,0.031746032,1.761904762,S1 P1 O2,de-protonated,0,-9999,C63 H111 O2 P1 S1,63,111,2,-9999,1,1,-9999,-9999
1729,961.7975,961.79789389,961.79868207,8693947,-9999,339132,12.3,-1,-0.819485626,0.885278424,0,0.531167055,9,0.016129032,1.774193548,N2 S2 O1,de-protonated,0,-9999,C62 H110 O1 N2 S2,62,110,1,2,-9999,2,-9999,-9999
1729,961.7975,961.79789389,961.79781269,8693947,-9999,339132,12.3,-1,0.08442489,0.998707549,0,0.599224529,10,0.098360656,1.737704918,N2 O6,de-protonated,0,-9999,C61 H106 O6 N2,61,106,6,2,-9999,-9999,-9999,-9999
1729,961.7975,961.79789389,961.797161242,8693947,-9999,339132,12.3,-1,0.761749342,0.900065457,0,0.540039274,1,0.150943396,2.075471698,N4 S1 O8,de-protonated,0,-9999,C53 H110 O8 N4 S1,53,110,8,4,-9999,1,-9999,-9999
1730,963.81659,963.816984831,963.817485507,9269461,-9999,265874.2,13.23,-1,-0.519471876,0.47610765,0.583485697,0.519058869,13,0.060606061,1.636363636,O4,de-protonated,0,-9999,C66 H108 O4,66,108,4,-9999,-9999,-9999,-9999,-9999
1730,963.81659,963.816984831,963.816834058,9269461,-9999,265874.2,13.23,-1,0.156432838,0.99556957,0,0.597341742,4,0.103448276,1.931034483,N2 S1 O6,de-protonated,0,-9999,C58 H112 O6 N2 S1,58,112,6,2,-9999,1,-9999,-9999
1730,963.81659,963.816984831,963.816453936,9269461,-9999,265874.2,13.23,-1,0.550825959,0.946434789,0,0.567860874,9,0.05,1.816666667,N4 P1 O3,de-protonated,0,-9999,C60 H109 O3 N4 P1,60,109,3,4,1,-9999,-9999,-9999
1731,964.202566,964.202961011,964.202064133,10695266,-9999,340234.9,15.55,-1,0.93017622,0.854708804,0,0.512825283,33,0.20754717,0.830188679,N1 S2 P1 O11,de-protonated,0,-9999,C53 H44 O11 N1 P1 S2,53,44,11,1,1,2,-9999,-9999
1731,964.202566,964.202961011,964.202912286,10695266,-9999,340234.9,15.55,-1,0.050533618,0.999536752,0,0.599722051,34,0.294117647,0.764705882,N3 S1 O15,de-protonated,0,-9999,C51 H39 O15 N3 S1,51,39,15,3,-9999,1,-9999,-9999
1731,964.202566,964.202961011,964.203914607,10695266,-9999,340234.9,15.55,-1,-0.98899924,0.837379005,0,0.502427403,20,0.43902439,1.170731707,N3 S2 P1 O18,de-protonated,0,-9999,C41 H48 O18 N3 P1 S2,41,48,18,3,1,2,-9999,-9999
1731,964.202566,964.202961011,964.203045228,10695266,-9999,340234.9,15.55,-1,-0.087343708,0.9986167,0,0.59917002,21,0.575,1.1,N3 P1 O23,de-protonated,0,-9999,C40 H44 O23 N3 P1,40,44,23,3,1,-9999,-9999,-9999
1732,964.206107,964.206502012,964.206935038,10564198,-9999,445734.1,15.33,-1,-0.449100367,0.482032484,0.622788794,0.538335008,38,0.232142857,0.696428571,N1 S1 O13,de-protonated,0,-9999,C56 H39 O13 N1 S1,56,39,13,1,-9999,1,-9999,-9999
1732,964.206107,964.206502012,964.20706798,10564198,-9999,445734.1,15.33,-1,-0.586977048,0.939397372,0,0.563638423,25,0.466666667,0.977777778,N1 P1 O21,de-protonated,0,-9999,C45 H44 O21 N1 P1,45,44,21,1,1,-9999,-9999,-9999
1732,964.206107,964.206502012,964.206283589,10564198,-9999,445734.1,15.33,-1,0.226531391,0.99073191,0,0.594439146,29,0.3125,0.895833333,N3 S2 O15,de-protonated,0,-9999,C48 H43 O15 N3 S2,48,43,15,3,-9999,2,-9999,-9999
1732,964.206107,964.206502012,964.206416531,10564198,-9999,445734.1,15.33,-1,0.088654524,0.998574898,0,0.599144939,16,0.621621622,1.297297297,N3 S1 P1 O23,de-protonated,0,-9999,C37 H48 O23 N3 P1 S1,37,48,23,3,1,1,-9999,-9999
1733,965.024953,965.025348394,965.025281537,9942450,-9999,277580.8,14.32,-1,0.069279809,0.999129481,0,0.599477689,33,0.422222222,0.6,S2 P1 O19,de-protonated,0,-9999,C45 H27 O19 P1 S2,45,27,19,-9999,1,2,-9999,-9999
1733,965.024953,965.025348394,965.024412157,9942450,-9999,277580.8,14.32,-1,0.970168863,0.843003208,0,0.505801925,34,0.545454545,0.522727273,P1 O24,de-protonated,0,-9999,C44 H23 O24 P1,44,23,24,-9999,1,-9999,-9999,-9999
1733,965.024953,965.025348394,965.02612969,9942450,-9999,277580.8,14.32,-1,-0.809611656,0.88786608,0,0.532719648,34,0.534883721,0.511627907,N2 S1 O23,de-protonated,0,-9999,C43 H22 O23 N2 S1,43,22,23,2,-9999,1,-9999,-9999
1733,965.024953,965.025348394,965.025749568,9942450,-9999,277580.8,14.32,-1,-0.415713138,0.969129055,0,0.581477433,39,0.444444444,0.422222222,N4 P1 O20,de-protonated,0,-9999,C45 H19 O20 N4 P1,45,19,20,4,1,-9999,-9999,-9999
1733,965.024953,965.025348394,965.025478241,9942450,-9999,277580.8,14.32,-1,-0.134553673,0.996720318,0,0.598032191,25,0.714285714,0.742857143,N4 S2 O25,de-protonated,0,-9999,C35 H26 O25 N4 S2,35,26,25,4,-9999,2,-9999,-9999
1734,965.504203,965.504598617,965.504166385,8763296,-9999,246924,12.41,-1,0.447674643,0.964288649,0,0.57857319,11,0.215686275,1.62745098,S2 P1 O11,de-protonated,0,-9999,C51 H83 O11 P1 S2,51,83,11,-9999,1,2,-9999,-9999
1734,965.504203,965.504598617,965.505152923,8763296,-9999,246924,12.41,-1,-0.574109693,0.470973703,0.569119254,0.510231923,39,0.028571429,0.942857143,N2 O2,de-protonated,0,-9999,C70 H66 O2 N2,70,66,2,2,-9999,-9999,-9999,-9999
1734,965.504203,965.504598617,965.505014538,8763296,-9999,246924,12.41,-1,-0.430781229,0.966888708,0,0.580133225,12,0.306122449,1.591836735,N2 S1 O15,de-protonated,0,-9999,C49 H78 O15 N2 S1,49,78,15,2,-9999,1,-9999,-9999
1734,965.504203,965.504598617,965.504501474,8763296,-9999,246924,12.41,-1,0.100613527,0.998164866,0,0.59889892,30,0.064516129,1.129032258,N4 S1 O4,de-protonated,0,-9999,C62 H70 O4 N4 S1,62,70,4,4,-9999,1,-9999,-9999
1734,965.504203,965.504598617,965.505503796,8763296,-9999,246924,12.41,-1,-0.937517998,0.852584881,0,0.511550929,16,0.134615385,1.519230769,N4 S2 P1 O7,de-protonated,0,-9999,C52 H79 O7 N4 P1 S2,52,79,7,4,1,2,-9999,-9999
1734,965.504203,965.504598617,965.504634416,8763296,-9999,246924,12.41,-1,-0.037077934,0.99975058000000006,0,0.599850348,17,0.235294118,1.470588235,N4 P1 O12,de-protonated,0,-9999,C51 H75 O12 N4 P1,51,75,12,4,1,-9999,-9999,-9999
1734,965.504203,965.504598617,965.50436309,8763296,-9999,246924,12.41,-1,0.243942184,0.989260475,0,0.593556285,3,0.414634146,2,N4 S2 O17,de-protonated,0,-9999,C41 H82 O17 N4 S2,41,82,17,4,-9999,2,-9999,-9999
1735,965.756036,965.756431734,965.755493647,14727331,-9999,342982.3,22.09,-1,0.971350347,0.421326203,0.602496955,0.493794504,9,0.06557377,1.754098361,S1 P1 O4,de-protonated,0,-9999,C61 H107 O4 P1 S1,61,107,4,-9999,1,1,-9999,-9999
1735,965.756036,965.756431734,965.75721118,14727331,-9999,342982.3,22.09,-1,-0.807082875,0.444262476,0.606448844,0.509137024,9,0.05,1.766666667,N2 S2 O3,de-protonated,0,-9999,C60 H106 O3 N2 S2,60,106,3,2,-9999,2,-9999,-9999
1735,965.756036,965.756431734,965.756341801,14727331,-9999,342982.3,22.09,-1,0.093122623,0.499213873,0.610452919,0.543709491,10,0.13559322,1.728813559,N2 O8,de-protonated,0,-9999,C59 H102 O8 N2,59,102,8,2,-9999,-9999,-9999,-9999
1735,965.756036,965.756431734,965.755690352,14727331,-9999,342982.3,22.09,-1,0.7676708,0.44929381,0.644495114,0.527374331,1,0.196078431,2.078431373,N4 S1 O10,de-protonated,0,-9999,C51 H106 O10 N4 S1,51,106,10,4,-9999,1,-9999,-9999
1736,965.802058,965.802453756,965.802623289,21477586,-9999,229635.4,33.06,-1,-0.175535778,0.497212328,0.614510218,0.544131484,4,0.172413793,1.896551724,O10,de-protonated,0,-9999,C58 H110 O10,58,110,10,-9999,-9999,-9999,-9999,-9999
1736,965.802058,965.802453756,965.803112546,21477586,-9999,229635.4,33.06,-1,-0.682116527,0.459520299,0.602496955,0.516710961,8,0.032786885,1.819672131,N2 S1 P1 O2,de-protonated,0,-9999,C61 H111 O2 N2 P1 S1,61,111,2,2,1,1,-9999,-9999
1736,965.802058,965.802453756,965.801591717,21477586,-9999,229635.4,33.06,-1,0.892562502,0.432703947,0.640033642,0.515635825,0,0.173076923,2.134615385,N4 P1 O9,de-protonated,0,-9999,C52 H111 O9 N4 P1,52,111,9,4,1,-9999,-9999,-9999
1737,966.625261,966.625657139,966.626197009,9862180,-9999,255290.1,14.19,-1,-0.558508781,0.472486151,0.590944388,0.519869446,21,0.03125,1.390625,N1 S2 O2,de-protonated,0,-9999,C64 H89 O2 N1 S2,64,89,2,1,-9999,2,-9999,-9999
1737,966.625261,966.625657139,966.625327629,9862180,-9999,255290.1,14.19,-1,0.340887665,0.489567801,0.594745702,0.531638961,22,0.111111111,1.349206349,N1 O7,de-protonated,0,-9999,C63 H85 O7 N1,63,85,7,1,-9999,-9999,-9999,-9999
1737,966.625261,966.625657139,966.62632995,9862180,-9999,255290.1,14.19,-1,-0.69604037,0.91584619,0,0.549507714,8,0.188679245,1.773584906,N1 S1 P1 O10,de-protonated,0,-9999,C53 H94 O10 N1 P1 S1,53,94,10,1,1,1,-9999,-9999
1737,966.625261,966.625657139,966.624809122,9862180,-9999,255290.1,14.19,-1,0.877297576,0.869660677,0,0.521796406,0,0.386363636,2.136363636,N3 P1 O17,de-protonated,0,-9999,C44 H94 O17 N3 P1,44,94,17,3,1,-9999,-9999,-9999
1738,967.197847,967.198243406,967.198358477,9272947,-9999,163511.4,13.23,-1,-0.118973213,0.997434957,0,0.598460974,37,0.214285714,0.732142857,S1 P1 O12,de-protonated,0,-9999,C56 H41 O12 P1 S1,56,41,12,-9999,1,1,-9999,-9999
1738,967.197847,967.198243406,967.198220092,9272947,-9999,163511.4,13.23,-1,0.0241044,0.99989458,0,0.599936748,10,0.714285714,1.514285714,S2 P1 O25,de-protonated,0,-9999,C35 H53 O25 P1 S2,35,53,25,-9999,1,2,-9999,-9999
1738,967.197847,967.198243406,967.197707028,9272947,-9999,163511.4,13.23,-1,0.554569122,0.945724496,0,0.567434697,28,0.291666667,0.9375,N2 S2 P1 O14,de-protonated,0,-9999,C48 H45 O14 N2 P1 S2,48,45,14,2,1,2,-9999,-9999
1738,967.197847,967.198243406,967.19920663,9272947,-9999,163511.4,13.23,-1,-0.995889844,0.835303467,0,0.50118208,38,0.296296296,0.666666667,N2 O16,de-protonated,0,-9999,C54 H36 O16 N2,54,36,16,2,-9999,-9999,-9999,-9999
1738,967.197847,967.198243406,967.198555181,9272947,-9999,163511.4,13.23,-1,-0.32234869,0.981322534,0,0.58879352,29,0.391304348,0.869565217,N4 S1 O18,de-protonated,0,-9999,C46 H40 O18 N4 S1,46,40,18,4,-9999,1,-9999,-9999
1739,967.542216,967.542612567,967.543314799,17547222,-9999,262385.8,26.67,-1,-0.725789711,0.454421984,0.627012296,0.523458109,14,0.181818182,1.527272727,S2 O10,de-protonated,0,-9999,C55 H84 O10 S2,55,84,10,-9999,-9999,2,-9999,-9999
1739,967.542216,967.542612567,967.54244542,17547222,-9999,262385.8,26.67,-1,0.172754061,0.497299744,0.631293472,0.550897235,15,0.277777778,1.481481481,O15,de-protonated,0,-9999,C54 H80 O15,54,80,15,-9999,-9999,-9999,-9999,-9999
1739,967.542216,967.542612567,967.543447741,17547222,-9999,262385.8,26.67,-1,-0.863190914,0.436771836,0.677556332,0.533085634,1,0.409090909,2.022727273,S1 P1 O18,de-protonated,0,-9999,C44 H89 O18 P1 S1,44,89,18,-9999,1,1,-9999,-9999
1739,967.542216,967.542612567,967.541932355,17547222,-9999,262385.8,26.67,-1,0.703030137,0.457111268,0.579826515,0.506197367,33,0.059701493,1.074626866,N2 O4,de-protonated,0,-9999,C67 H72 O4 N2,67,72,4,2,-9999,-9999,-9999,-9999
1739,967.542216,967.542612567,967.542934677,17547222,-9999,262385.8,26.67,-1,-0.332915937,0.490045181,0.618621811,0.541475833,19,0.122807018,1.421052632,N2 S1 P1 O7,de-protonated,0,-9999,C57 H81 O7 N2 P1 S1,57,81,7,2,1,1,-9999,-9999
1739,967.542216,967.542612567,967.541793971,17547222,-9999,262385.8,26.67,-1,0.846057061,0.439098979,0.667769153,0.530567048,6,0.369565217,1.826086957,N2 S1 O17,de-protonated,0,-9999,C46 H84 O17 N2 S1,46,84,17,2,-9999,1,-9999,-9999
1739,967.542216,967.542612567,967.542283228,17547222,-9999,262385.8,26.67,-1,0.340386382,0.489598139,0.653607294,0.555201801,10,0.183673469,1.734693878,N4 S2 P1 O9,de-protonated,0,-9999,C49 H85 O9 N4 P1 S2,49,85,9,4,1,2,-9999,-9999
1740,967.544992,967.545388568,967.545955107,15482841,-9999,423426,23.32,-1,-0.585542802,0.469842031,0.562198102,0.506784459,37,0.027777778,1,O2,de-protonated,0,-9999,C72 H72 O2,72,72,2,-9999,-9999,-9999,-9999,-9999
1740,967.544992,967.545388568,967.545816723,15482841,-9999,423426,23.32,-1,-0.442516656,0.482546185,0.644495114,0.547325757,10,0.294117647,1.647058824,S1 O15,de-protonated,0,-9999,C51 H84 O15 S1,51,84,15,-9999,-9999,1,-9999,-9999
1740,967.544992,967.545388568,967.545303659,15482841,-9999,423426,23.32,-1,0.087757245,0.499301789,0.590944388,0.535958829,28,0.0625,1.1875,N2 S1 O4,de-protonated,0,-9999,C64 H76 O4 N2 S1,64,76,4,2,-9999,1,-9999,-9999
1740,967.544992,967.545388568,967.54630598,15482841,-9999,423426,23.32,-1,-0.948184582,0.424739454,0.631293472,0.507361061,14,0.12962963,1.574074074,N2 S2 P1 O7,de-protonated,0,-9999,C54 H85 O7 N2 P1 S2,54,85,7,2,1,2,-9999,-9999
1740,967.544992,967.545388568,967.5454366,15482841,-9999,423426,23.32,-1,-0.049643787,0.499776459,0.635633513,0.554119281,15,0.226415094,1.528301887,N2 P1 O12,de-protonated,0,-9999,C53 H81 O12 N2 P1,53,81,12,2,1,-9999,-9999,-9999
1740,967.544992,967.545388568,967.545165274,15482841,-9999,423426,23.32,-1,0.230783583,0.495191199,0.6825583,0.570138039,1,0.395348837,2.046511628,N2 S2 O17,de-protonated,0,-9999,C43 H88 O17 N2 S2,43,88,17,2,-9999,2,-9999,-9999
1740,967.544992,967.545388568,967.544923536,15482841,-9999,423426,23.32,-1,0.480630531,0.479475317,0.583485697,0.521079469,33,0.015151515,1.106060606,N4 P1 O1,de-protonated,0,-9999,C66 H73 O1 N4 P1,66,73,1,4,1,-9999,-9999,-9999
1740,967.544992,967.545388568,967.54465221,15482841,-9999,423426,23.32,-1,0.761058199,0.45011868,0.622788794,0.519186726,19,0.107142857,1.428571429,N4 S2 O6,de-protonated,0,-9999,C56 H80 O6 N4 S2,56,80,6,4,-9999,2,-9999,-9999
1740,967.544992,967.545388568,967.544785152,15482841,-9999,423426,23.32,-1,0.623656982,0.465929339,0.672627142,0.54860846,6,0.311111111,1.888888889,N4 S1 P1 O14,de-protonated,0,-9999,C45 H85 O14 N4 P1 S1,45,85,14,4,1,1,-9999,-9999
1741,968.898691,968.899088199,968.898396113,10618191,-9999,298324.4,15.41,-1,0.714301222,0.455788196,0.610452919,0.517654085,0,0.033898305,2.084745763,N3 S2 O2,de-protonated,0,-9999,C59 H123 O2 N3 S2,59,123,2,3,-9999,2,-9999,-9999
1742,970.603818,970.604215993,970.603486505,12389420,-9999,207054.9,18.29,-1,0.751581741,0.451290949,0.640033642,0.526788026,7,0.173076923,1.807692308,N1 S2 P1 O9,de-protonated,0,-9999,C52 H94 O9 N1 P1 S2,52,94,9,1,1,2,-9999,-9999
1742,970.603818,970.604215993,970.604986107,12389420,-9999,207054.9,18.29,-1,-0.793437086,0.446026539,0.614510218,0.513420011,17,0.189655172,1.465517241,N1 O11,de-protonated,0,-9999,C58 H85 O11 N1,58,85,11,1,-9999,-9999,-9999,-9999
1742,970.603818,970.604215993,970.604334658,12389420,-9999,207054.9,18.29,-1,-0.122259202,0.498645752,0.649019222,0.55879514,8,0.26,1.78,N3 S1 O13,de-protonated,0,-9999,C50 H89 O13 N3 S1,50,89,13,3,-9999,1,-9999,-9999
1743,970.858033,970.858431111,970.858185071,14241073,-9999,326207.1,21.3,-1,0.253426147,0.494207066,0.610452919,0.540705407,0,0.033898305,2.06779661,N1 S2 P1 O2,de-protonated,0,-9999,C59 H122 O2 N1 P1 S2,59,122,2,1,1,2,-9999,-9999
1743,970.858033,970.858431111,970.859033224,14241073,-9999,326207.1,21.3,-1,-0.620185115,0.466294574,0.618621811,0.527225469,1,0.105263158,2.052631579,N3 S1 O6,de-protonated,0,-9999,C57 H117 O6 N3 S1,57,117,6,3,-9999,1,-9999,-9999
1744,972.61741,972.617808931,972.618134248,63001664,-9999,189003,100.52,-1,-0.334475416,0.326635097,0.528601492,0.407421655,20,0.096774194,1.403225806,N1 S1 O6,de-protonated,0,-9999,C62 H87 O6 N1 S1,62,87,6,1,-9999,1,-9999,-9999
1744,972.61741,972.617808931,972.61826719,63001664,-9999,189003,100.52,-1,-0.471159756,0.320173463,0.587975334,0.427294212,7,0.274509804,1.803921569,N1 P1 O14,de-protonated,0,-9999,C51 H92 O14 N1 P1,51,92,14,1,1,-9999,-9999,-9999
1744,972.61741,972.617808931,972.617754125,63001664,-9999,189003,100.52,-1,0.056348616,0.333141345,0.51866191,0.407349571,25,0.046875,1.3125,N3 P1 O3,de-protonated,0,-9999,C64 H84 O3 N3 P1,64,84,3,3,1,-9999,-9999,-9999
1744,972.61741,972.617808931,972.617482799,63001664,-9999,189003,100.52,-1,0.335313554,0.326601827,0.570956251,0.424343597,11,0.148148148,1.685185185,N3 S2 O8,de-protonated,0,-9999,C54 H91 O8 N3 S2,54,91,8,3,-9999,2,-9999,-9999
1745,973.452038,973.45243732,973.451736888,16504727,-9999,291120.1,24.97,-1,0.719534042,0.455168103,0.627012296,0.52390578,19,0.163636364,1.363636364,S2 P1 O9,de-protonated,0,-9999,C55 H75 O9 P1 S2,55,75,9,-9999,1,2,-9999,-9999
1745,973.452038,973.45243732,973.45323649,16504727,-9999,291120.1,24.97,-1,-0.820964127,0.442444455,0.602496955,0.506465455,29,0.180327869,1.081967213,O11,de-protonated,0,-9999,C61 H66 O11,61,66,11,-9999,-9999,-9999,-9999,-9999
1745,973.452038,973.45243732,973.453098106,16504727,-9999,291120.1,24.97,-1,-0.678805952,0.459896113,0.698017357,0.555144611,2,0.6,1.95,S1 O24,de-protonated,0,-9999,C40 H78 O24 S1,40,78,24,-9999,-9999,1,-9999,-9999
1745,973.452038,973.45243732,973.452585041,16504727,-9999,291120.1,24.97,-1,-0.151750079,0.497915151,0.635633513,0.553002496,20,0.245283019,1.320754717,N2 S1 O13,de-protonated,0,-9999,C53 H70 O13 N2 S1,53,70,13,2,-9999,1,-9999,-9999
1745,973.452038,973.45243732,973.452717983,16504727,-9999,291120.1,24.97,-1,-0.288317277,0.492514962,0.68763467,0.570562845,7,0.5,1.785714286,N2 P1 O21,de-protonated,0,-9999,C42 H75 O21 N2 P1,42,75,21,2,1,-9999,-9999,-9999
1745,973.452038,973.45243732,973.452071977,16504727,-9999,291120.1,24.97,-1,0.375306349,0.487382955,0.583485697,0.525824052,38,0.03030303,0.939393939,N4 S1 O2,de-protonated,0,-9999,C66 H62 O2 N4 S1,66,62,2,4,-9999,1,-9999,-9999
1745,973.452038,973.45243732,973.453074299,16504727,-9999,291120.1,24.97,-1,-0.654349833,0.462624885,0.622788794,0.526690449,24,0.089285714,1.267857143,N4 S2 P1 O5,de-protonated,0,-9999,C56 H71 O5 N4 P1 S2,56,71,5,4,1,2,-9999,-9999
1745,973.452038,973.45243732,973.452204919,16504727,-9999,291120.1,24.97,-1,0.238739008,0.494855694,0.627012296,0.547718334,25,0.181818182,1.218181818,N4 P1 O10,de-protonated,0,-9999,C55 H67 O10 N4 P1,55,67,10,4,1,-9999,-9999,-9999
1745,973.452038,973.45243732,973.451933593,16504727,-9999,291120.1,24.97,-1,0.517464865,0.476287472,0.672627142,0.55482334,11,0.333333333,1.644444444,N4 S2 O15,de-protonated,0,-9999,C45 H74 O15 N4 S2,45,74,15,4,-9999,2,-9999,-9999
1746,973.595111,973.595510387,973.596276604,17520682,-9999,302340.1,26.62,-1,-0.786997133,0.446851009,0.572644131,0.497168258,29,0.028985507,1.188405797,S1 O2,de-protonated,0,-9999,C69 H82 O2 S1,69,82,2,-9999,-9999,1,-9999,-9999
1746,973.595111,973.595510387,973.596409546,17520682,-9999,302340.1,26.62,-1,-0.923544088,0.428308788,0.614510218,0.50278936,16,0.172413793,1.5,P1 O10,de-protonated,0,-9999,C58 H87 O10 P1,58,87,10,-9999,1,-9999,-9999,-9999
1746,973.595111,973.595510387,973.59613822,17520682,-9999,302340.1,26.62,-1,-0.644859838,0.463661014,0.658260696,0.541500887,2,0.3125,1.958333333,S2 O15,de-protonated,0,-9999,C48 H94 O15 S2,48,94,15,-9999,-9999,2,-9999,-9999
1746,973.595111,973.595510387,973.59526884,17520682,-9999,302340.1,26.62,-1,0.248097777,0.494446758,0.662980834,0.561860388,3,0.425531915,1.914893617,O20,de-protonated,0,-9999,C47 H90 O20,47,90,20,-9999,-9999,-9999,-9999,-9999
1746,973.595111,973.595510387,973.595625155,17520682,-9999,302340.1,26.62,-1,-0.117881382,0.498740881,0.602496955,0.54024331,20,0.06557377,1.409836066,N2 S2 O4,de-protonated,0,-9999,C61 H86 O4 N2 S2,61,86,4,2,-9999,2,-9999,-9999
1746,973.595111,973.595510387,973.594755776,17520682,-9999,302340.1,26.62,-1,0.775077174,0.44836327,0.606448844,0.5115975,21,0.15,1.366666667,N2 O9,de-protonated,0,-9999,C60 H82 O9 N2,60,82,9,2,-9999,-9999,-9999,-9999
1746,973.595111,973.595510387,973.595758097,17520682,-9999,302340.1,26.62,-1,-0.25442852,0.494161419,0.649019222,0.55610454,7,0.24,1.82,N2 S1 P1 O12,de-protonated,0,-9999,C50 H91 O12 N2 P1 S1,50,91,12,2,1,1,-9999,-9999
1746,973.595111,973.595510387,973.595245033,17520682,-9999,302340.1,26.62,-1,0.272550347,0.493305876,0.594745702,0.533881806,25,0.015873016,1.317460317,N4 S1 P1 O1,de-protonated,0,-9999,C63 H83 O1 N4 P1 S1,63,83,1,4,1,1,-9999,-9999
1747,974.032284,974.03268359,974.032988718,10656233,-9999,260004.4,15.47,-1,-0.313262394,0.98235143,0,0.589410858,36,0.555555556,0.466666667,N1 O25,de-protonated,0,-9999,C45 H21 O25 N1,45,21,25,1,-9999,-9999,-9999,-9999
1747,974.032284,974.03268359,974.033477976,10656233,-9999,260004.4,15.47,-1,-0.81556258,0.886309381,0,0.531785629,40,0.354166667,0.458333333,N3 S1 P1 O17,de-protonated,0,-9999,C48 H22 O17 N3 P1 S1,48,22,17,3,1,1,-9999,-9999
1748,974.384325,974.384724754,974.384958974,8526672,-9999,281458.4,12.01,-1,-0.240376676,0.989570492,0,0.593742295,17,0.375,1.354166667,N1 S1 O18,de-protonated,0,-9999,C48 H65 O18 N1 S1,48,65,18,1,-9999,1,-9999,-9999
1748,974.384325,974.384724754,974.384445909,8526672,-9999,281458.4,12.01,-1,0.286175373,0.985249881,0,0.591149928,35,0.114754098,0.93442623,N3 S1 O7,de-protonated,0,-9999,C61 H57 O7 N3 S1,61,57,7,3,-9999,1,-9999,-9999
1748,974.384325,974.384724754,974.385448231,8526672,-9999,281458.4,12.01,-1,-0.742495456,0.904807948,0,0.542884769,21,0.196078431,1.294117647,N3 S2 P1 O10,de-protonated,0,-9999,C51 H66 O10 N3 P1 S2,51,66,10,3,1,2,-9999,-9999
1748,974.384325,974.384724754,974.384578851,8526672,-9999,281458.4,12.01,-1,0.149738723,0.995939879,0,0.597563928,22,0.3,1.24,N3 P1 O15,de-protonated,0,-9999,C50 H62 O15 N3 P1,50,62,15,3,1,-9999,-9999,-9999
1748,974.384325,974.384724754,974.384307525,8526672,-9999,281458.4,12.01,-1,0.428197847,0.967278102,0,0.580366861,8,0.5,1.725,N3 S2 O20,de-protonated,0,-9999,C40 H69 O20 N3 S2,40,69,20,3,-9999,2,-9999,-9999
1749,975.96629600000006,975.966696491,975.967625555,12951961,-9999,246762.2,19.19,-1,-0.951941522,0.84837929,0,0.509027574,37,0.581395349,0.372093023,N1 P1 O25,de-protonated,0,-9999,C43 H16 O25 N1 P1,43,16,25,1,1,-9999,-9999,-9999
1750,976.014037,976.014437514,976.015244454,14770633,-9999,232061.4,22.15,-1,-0.826770389,0.441677059,0.6825583,0.538029556,36,0.534883721,0.465116279,N3 P1 O23,de-protonated,0,-9999,C43 H20 O23 N3 P1,43,20,23,3,1,-9999,-9999,-9999
1751,977.489079,977.489480201,977.489048628,13354908,-9999,174032.4,19.85,-1,0.441511267,0.482624012,0.572644131,0.518632059,35,0.014492754,1.028985507,S1 P1 O1,de-protonated,0,-9999,C69 H71 O1 P1 S1,69,71,1,-9999,1,1,-9999,-9999
1751,977.489079,977.489480201,977.488910244,13354908,-9999,174032.4,19.85,-1,0.583082685,0.470087191,0.658260696,0.545356593,8,0.291666667,1.729166667,S2 P1 O14,de-protonated,0,-9999,C48 H83 O14 P1 S2,48,83,14,-9999,1,2,-9999,-9999
1751,977.489079,977.489480201,977.490409846,13354908,-9999,174032.4,19.85,-1,-0.9510528,0.424319837,0.631293472,0.507109291,18,0.296296296,1.37037037,O16,de-protonated,0,-9999,C54 H74 O16,54,74,16,-9999,-9999,-9999,-9999,-9999
1751,977.489079,977.489480201,977.489896782,13354908,-9999,174032.4,19.85,-1,-0.426173962,0.483790817,0.579826515,0.522205096,36,0.074626866,0.985074627,N2 O5,de-protonated,0,-9999,C67 H66 O5 N2,67,66,5,2,-9999,-9999,-9999,-9999
1751,977.489079,977.489480201,977.489758397,13354908,-9999,174032.4,19.85,-1,-0.284602789,0.49270518,0.667769153,0.562730769,9,0.391304348,1.695652174,N2 S1 O18,de-protonated,0,-9999,C46 H78 O18 N2 S1,46,78,18,2,-9999,1,-9999,-9999
1751,977.489079,977.489480201,977.489245333,13354908,-9999,174032.4,19.85,-1,0.240276749,0.494789558,0.610452919,0.541054902,27,0.118644068,1.186440678,N4 S1 O7,de-protonated,0,-9999,C59 H70 O7 N4 S1,59,70,7,4,-9999,1,-9999,-9999
1751,977.489079,977.489480201,977.490247654,13354908,-9999,174032.4,19.85,-1,-0.785126669,0.447089498,0.653607294,0.529696616,13,0.204081633,1.612244898,N4 S2 P1 O10,de-protonated,0,-9999,C49 H79 O10 N4 P1 S2,49,79,10,4,1,2,-9999,-9999
1751,977.489079,977.489480201,977.489378275,13354908,-9999,174032.4,19.85,-1,0.104273469,0.499014531,0.658260696,0.562712997,14,0.3125,1.5625,N4 P1 O15,de-protonated,0,-9999,C48 H75 O15 N4 P1,48,75,15,4,1,-9999,-9999,-9999
1751,977.489079,977.489480201,977.489106948,13354908,-9999,174032.4,19.85,-1,0.38184811,0.973890245,0,0.584334147,0,0.526315789,2.157894737,N4 S2 O20,de-protonated,0,-9999,C38 H82 O20 N4 S2,38,82,20,4,-9999,2,-9999,-9999
1752,977.744328,977.74472932,977.745108411,40986780,-9999,182955.2,64.74,-1,-0.38772019,0.324364007,0.533665548,0.408084623,11,0.14754098399999999,1.672131148,O9,de-protonated,0,-9999,C61 H102 O9,61,102,9,-9999,-9999,-9999,-9999,-9999
1752,977.744328,977.74472932,977.745597669,40986780,-9999,182955.2,64.74,-1,-0.8881133,0.288884283,0.51866191,0.380795334,15,0.015625,1.609375,N2 S1 P1 O1,de-protonated,0,-9999,C64 H103 O1 N2 P1 S1,64,103,1,2,1,1,-9999,-9999
1752,977.744328,977.74472932,977.744456963,40986780,-9999,182955.2,64.74,-1,0.278556589,0.32867312,0.576557625,0.427826922,2,0.20754717,2,N2 S1 O11,de-protonated,0,-9999,C53 H106 O11 N2 S1,53,106,11,2,-9999,1,-9999,-9999
1752,977.744328,977.74472932,977.74494622,40986780,-9999,182955.2,64.74,-1,-0.221837188,0.330370115,0.55996373,0.422207561,6,0.053571429,1.910714286,N4 S2 P1 O3,de-protonated,0,-9999,C56 H107 O3 N4 P1 S2,56,107,3,4,1,2,-9999,-9999
1752,977.744328,977.74472932,977.74407684,40986780,-9999,182955.2,64.74,-1,0.667331765,0.307457892,0.565425266,0.410644842,7,0.145454545,1.872727273,N4 P1 O8,de-protonated,0,-9999,C55 H103 O8 N4 P1,55,103,8,4,1,-9999,-9999,-9999
1753,977.794027,977.794428343,977.79525046,10856655,-9999,289736.1,15.79,-1,-0.84078661,0.439807886,0.606448844,0.506464269,4,0.05,1.916666667,S2 P1 O3,de-protonated,0,-9999,C60 H115 O3 P1 S2,60,115,3,-9999,1,2,-9999,-9999
1753,977.794027,977.794428343,977.79438108,10856655,-9999,289736.1,15.79,-1,0.048336048,0.499788079,0.610452919,0.544054015,5,0.13559322,1.881355932,P1 O8,de-protonated,0,-9999,C59 H111 O8 P1,59,111,8,-9999,1,-9999,-9999,-9999
1753,977.794027,977.794428343,977.79359669,10856655,-9999,289736.1,15.79,-1,0.850540573,0.43849334,0.598596236,0.502534498,9,0.032258065,1.774193548,N2 S2 O2,de-protonated,0,-9999,C62 H110 O2 N2 S2,62,110,2,2,-9999,2,-9999,-9999
1754,977.887547,977.887948386,977.887497077,12462380,-9999,290593.5,18.39,-1,0.461515193,0.481044703,0.602496955,0.529625604,2,0.032786885,2,N2 S2 O2,de-protonated,0,-9999,C61 H122 O2 N2 S2,61,122,2,2,-9999,2,-9999,-9999
1755,978.637003,978.637404736,978.638214788,10710044,-9999,229224.9,15.55,-1,-0.827734452,0.441549248,0.602496955,0.505928331,18,0.114754098,1.475409836,N1 P1 O7,de-protonated,0,-9999,C61 H90 O7 N1 P1,61,90,7,1,1,-9999,-9999,-9999
1755,978.637003,978.637404736,978.637943462,10710044,-9999,229224.9,15.55,-1,-0.550485917,0.946499103,0,0.567899462,4,0.235294118,1.901960784,N1 S2 O12,de-protonated,0,-9999,C51 H97 O12 N1 S2,51,97,12,1,-9999,2,-9999,-9999
1755,978.637003,978.637404736,978.637074082,10710044,-9999,229224.9,15.55,-1,0.337871385,0.979499403,0,0.587699642,5,0.34,1.86,N1 O17,de-protonated,0,-9999,C50 H93 O17 N1,50,93,17,1,-9999,-9999,-9999,-9999
1755,978.637003,978.637404736,978.637430398,10710044,-9999,229224.9,15.55,-1,-0.026222332,0.499937621,0.590944388,0.536340328,22,0.015625,1.390625,N3 S2 O1,de-protonated,0,-9999,C64 H89 O1 N3 S2,64,89,1,3,-9999,2,-9999,-9999
1755,978.637003,978.637404736,978.636561018,10710044,-9999,229224.9,15.55,-1,0.862135902,0.436916117,0.594745702,0.500047951,23,0.095238095,1.349206349,N3 O6,de-protonated,0,-9999,C63 H85 O6 N3,63,85,6,3,-9999,-9999,-9999,-9999
1755,978.637003,978.637404736,978.63756334,10710044,-9999,229224.9,15.55,-1,-0.162066011,0.995245518,0,0.597147311,9,0.169811321,1.773584906,N3 S1 P1 O9,de-protonated,0,-9999,C53 H94 O9 N3 P1 S1,53,94,9,3,1,1,-9999,-9999
1756,979.224592,979.224994009,979.22522813,23031400,-9999,309124.3,35.56,-1,-0.239087441,0.494840745,0.614510218,0.542708534,37,0.189655172,0.75862069,S2 O11,de-protonated,0,-9999,C58 H44 O11 S2,58,44,11,-9999,-9999,2,-9999,-9999
1756,979.224592,979.224994009,979.22435875,23031400,-9999,309124.3,35.56,-1,0.64873735,0.463239212,0.618621811,0.525392252,38,0.280701754,0.701754386,O16,de-protonated,0,-9999,C57 H40 O16,57,40,16,-9999,-9999,-9999,-9999,-9999
1756,979.224592,979.224994009,979.225361072,23031400,-9999,309124.3,35.56,-1,-0.374849548,0.48741326,0.662980834,0.55764029,24,0.404255319,1.042553191,S1 P1 O19,de-protonated,0,-9999,C47 H49 O19 P1 S1,47,49,19,-9999,1,1,-9999,-9999
1756,979.224592,979.224994009,979.224709623,23031400,-9999,309124.3,35.56,-1,0.290420057,0.492406219,0.703327172,0.5767746,15,0.538461538,1.358974359,N2 S2 P1 O21,de-protonated,0,-9999,C39 H53 O21 N2 P1 S2,39,53,21,2,1,2,-9999,-9999
1756,979.224592,979.224994009,979.224196559,23031400,-9999,309124.3,35.56,-1,0.814369936,0.443311029,0.640033642,0.522000074,33,0.192307692,0.865384615,N4 S2 P1 O10,de-protonated,0,-9999,C52 H45 O10 N4 P1 S2,52,45,10,4,1,2,-9999,-9999
1756,979.224592,979.224994009,979.225557776,23031400,-9999,309124.3,35.56,-1,-0.575727083,0.470814801,0.714192896,0.568166039,16,0.675675676,1.297297297,N4 S1 O25,de-protonated,0,-9999,C37 H48 O25 N4 S1,37,48,25,4,-9999,1,-9999,-9999
1757,980.330457,980.330859525,980.331755431,13185715,-9999,190060.4,19.57,-1,-0.913880836,0.429690901,0.614510218,0.503618628,35,0.172413793,0.896551724,N3 P1 O10,de-protonated,0,-9999,C58 H52 O10 N3 P1,58,52,10,3,1,-9999,-9999,-9999
1757,980.330457,980.330859525,980.331484105,13185715,-9999,190060.4,19.57,-1,-0.637111278,0.464497474,0.658260696,0.542002763,21,0.3125,1.229166667,N3 S2 O15,de-protonated,0,-9999,C48 H59 O15 N3 S2,48,59,15,3,-9999,2,-9999,-9999
1757,980.330457,980.330859525,980.330614725,13185715,-9999,190060.4,19.57,-1,0.249711293,0.494374701,0.662980834,0.561817154,22,0.425531915,1.170212766,N3 O20,de-protonated,0,-9999,C47 H55 O20 N3,47,55,20,3,-9999,-9999,-9999,-9999
1757,980.330457,980.330859525,980.331617047,13185715,-9999,190060.4,19.57,-1,-0.77272013,0.89732034,0,0.538392204,8,0.621621622,1.72972973,N3 S1 P1 O23,de-protonated,0,-9999,C37 H64 O23 N3 P1 S1,37,64,23,3,1,1,-9999,-9999
1758,980.375103,980.375505545,980.375534996,14349023,-9999,244011.2,21.46,-1,-0.030039788,0.499918138,0.602496955,0.540949665,33,0.114754098,0.983606557,N1 S1 P1 O7,de-protonated,0,-9999,C61 H60 O7 N1 P1 S1,61,60,7,1,1,1,-9999,-9999
1758,980.375103,980.375505545,980.375396611,14349023,-9999,244011.2,21.46,-1,0.111114739,0.498881127,0.698017357,0.578535619,6,0.5,1.8,N1 S2 P1 O20,de-protonated,0,-9999,C40 H72 O20 N1 P1 S2,40,72,20,1,1,2,-9999,-9999
1758,980.375103,980.375505545,980.374527231,14349023,-9999,244011.2,21.46,-1,0.997898252,0.834696771,0,0.500818062,7,0.641025641,1.743589744,N1 P1 O25,de-protonated,0,-9999,C39 H68 O25 N1 P1,39,68,25,1,1,-9999,-9999,-9999
1758,980.375103,980.375505545,980.374883547,14349023,-9999,244011.2,21.46,-1,0.634449553,0.46478282,0.635633513,0.533123097,24,0.169811321,1.20754717,N3 S2 P1 O9,de-protonated,0,-9999,C53 H64 O9 N3 P1 S2,53,64,9,3,1,2,-9999,-9999
1758,980.375103,980.375505545,980.376383149,14349023,-9999,244011.2,21.46,-1,-0.895169915,0.432338122,0.610452919,0.503584041,34,0.186440678,0.93220339,N3 O11,de-protonated,0,-9999,C59 H55 O11 N3,59,55,11,3,-9999,-9999,-9999,-9999
1758,980.375103,980.375505545,980.376244764,14349023,-9999,244011.2,21.46,-1,-0.754015632,0.901981961,0,0.541189176,7,0.631578947,1.763157895,N3 S1 O24,de-protonated,0,-9999,C38 H67 O24 N3 S1,38,67,24,3,-9999,1,-9999,-9999
1759,980.424284,980.424686568,980.425655818,8647440,-9999,212092.8,12.19,-1,-0.988600659,0.837498778,0,0.502499267,28,0.175438596,1.122807018,N3 P1 O10,de-protonated,0,-9999,C57 H64 O10 N3 P1,57,64,10,3,1,-9999,-9999,-9999
1759,980.424284,980.424686568,980.425384492,8647440,-9999,212092.8,12.19,-1,-0.711857629,0.912153,0,0.5472918,14,0.319148936,1.510638298,N3 S2 O15,de-protonated,0,-9999,C47 H71 O15 N3 S2,47,71,15,3,-9999,2,-9999,-9999
1759,980.424284,980.424686568,980.424515112,8647440,-9999,212092.8,12.19,-1,0.17487994,0.994466125,0,0.596679675,15,0.434782609,1.456521739,N3 O20,de-protonated,0,-9999,C46 H67 O20 N3,46,67,20,3,-9999,-9999,-9999,-9999
1759,980.424284,980.424686568,980.425517433,8647440,-9999,212092.8,12.19,-1,-0.847453483,0.877821203,0,0.526692722,1,0.638888889,2.111111111,N3 S1 P1 O23,de-protonated,0,-9999,C36 H76 O23 N3 P1 S1,36,76,23,3,1,1,-9999,-9999
1760,981.013288,981.013690843,981.013182224,15758678,-9999,295637.5,23.75,-1,0.518463035,0.476198117,0.692787115,0.562833716,29,0.609756098,0.634146341,S2 O25,de-protonated,0,-9999,C41 H26 O25 S2,41,26,25,-9999,-9999,2,-9999,-9999
1760,981.013288,981.013690843,981.012802101,15758678,-9999,295637.5,23.75,-1,0.905942909,0.430818658,0.6825583,0.531514515,34,0.511627907,0.534883721,N2 S1 P1 O22,de-protonated,0,-9999,C43 H23 O22 N2 P1 S1,43,23,22,2,1,1,-9999,-9999
1760,981.013288,981.013690843,981.014519634,15758678,-9999,295637.5,23.75,-1,-0.84483097,0.439264188,0.68763467,0.538612381,34,0.5,0.523809524,N4 S2 O21,de-protonated,0,-9999,C42 H22 O21 N4 S2,42,22,21,4,-9999,2,-9999,-9999
1761,981.130816,981.131218898,981.131721666,14890442,-9999,263763.3,22.33,-1,-0.512437556,0.476735142,0.627012296,0.536846004,39,0.254545455,0.618181818,S2 O14,de-protonated,0,-9999,C55 H34 O14 S2,55,34,14,-9999,-9999,2,-9999,-9999
1761,981.130816,981.131218898,981.130852286,14890442,-9999,263763.3,22.33,-1,0.373661808,0.487491894,0.631293472,0.545012525,40,0.351851852,0.555555556,O19,de-protonated,0,-9999,C54 H30 O19,54,30,19,-9999,-9999,-9999,-9999,-9999
1761,981.130816,981.131218898,981.131854608,14890442,-9999,263763.3,22.33,-1,-0.647935819,0.46332658,0.677556332,0.549018481,26,0.5,0.886363636,S1 P1 O22,de-protonated,0,-9999,C44 H39 O22 P1 S1,44,39,22,-9999,1,1,-9999,-9999
1761,981.130816,981.131218898,981.131203159,14890442,-9999,263763.3,22.33,-1,0.016040881,0.999953313,0,0.599971988,17,0.666666667,1.194444444,N2 S2 P1 O24,de-protonated,0,-9999,C36 H43 O24 N2 P1 S2,36,43,24,2,1,2,-9999,-9999
1761,981.130816,981.131218898,981.130690095,14890442,-9999,263763.3,22.33,-1,0.538972498,0.474327885,0.653607294,0.546039649,35,0.265306122,0.714285714,N4 S2 P1 O13,de-protonated,0,-9999,C49 H35 O13 N4 P1 S2,49,35,13,4,1,2,-9999,-9999
1762,981.178198,981.17860092,981.177623032,30897656,-9999,238888.9,48.34,-1,0.996647,0.417537419,0.622788794,0.499637969,38,0.232142857,0.696428571,S1 P1 O13,de-protonated,0,-9999,C56 H39 O13 P1 S1,56,39,13,-9999,1,1,-9999,-9999
1762,981.178198,981.17860092,981.179340565,30897656,-9999,238888.9,48.34,-1,-0.753832939,0.451013523,0.627012296,0.521413032,38,0.218181818,0.690909091,N2 S2 O12,de-protonated,0,-9999,C55 H38 O12 N2 S2,55,38,12,2,-9999,2,-9999,-9999
1762,981.178198,981.17860092,981.178471185,30897656,-9999,238888.9,48.34,-1,0.132223207,0.498416382,0.631293472,0.551567218,39,0.314814815,0.62962963,N2 O17,de-protonated,0,-9999,C54 H34 O17 N2,54,34,17,2,-9999,-9999,-9999,-9999
1762,981.178198,981.17860092,981.179473507,30897656,-9999,238888.9,48.34,-1,-0.889324593,0.433157175,0.677556332,0.530916838,25,0.454545455,0.977272727,N2 S1 P1 O20,de-protonated,0,-9999,C44 H43 O20 N2 P1 S1,44,43,20,2,1,1,-9999,-9999
1762,981.178198,981.17860092,981.177819736,30897656,-9999,238888.9,48.34,-1,0.796168878,0.445675237,0.667769153,0.534512804,30,0.413043478,0.826086957,N4 S1 O19,de-protonated,0,-9999,C46 H38 O19 N4 S1,46,38,19,4,-9999,1,-9999,-9999
1762,981.178198,981.17860092,981.178822058,30897656,-9999,238888.9,48.34,-1,-0.225380278,0.495412715,0.719752637,0.585148684,16,0.611111111,1.305555556,N4 S2 P1 O22,de-protonated,0,-9999,C36 H47 O22 N4 P1 S2,36,47,22,4,1,2,-9999,-9999
1763,981.274745,981.275147965,981.274894722,20411992,-9999,227907.4,31.31,-1,0.25807512,0.49399387299999997,0.640033642,0.55240978,26,0.25,1.057692308,S2 P1 O13,de-protonated,0,-9999,C52 H55 O13 P1 S2,52,55,13,-9999,1,2,-9999,-9999
1763,981.274745,981.275147965,981.275742875,20411992,-9999,227907.4,31.31,-1,-0.606262346,0.467741551,0.649019222,0.540252619,27,0.34,1,N2 S1 O17,de-protonated,0,-9999,C50 H50 O17 N2 S1,50,50,17,2,-9999,1,-9999,-9999
1763,981.274745,981.275147965,981.275875817,20411992,-9999,227907.4,31.31,-1,-0.741740709,0.45249594,0.703327172,0.552828433,14,0.641025641,1.41025641,N2 P1 O25,de-protonated,0,-9999,C39 H55 O25 N2 P1,39,55,25,2,1,-9999,-9999,-9999
1763,981.274745,981.275147965,981.275362753,20411992,-9999,227907.4,31.31,-1,-0.218886586,0.495672115,0.640033642,0.553416726,32,0.269230769,0.903846154,N4 P1 O14,de-protonated,0,-9999,C52 H47 O14 N4 P1,52,47,14,4,1,-9999,-9999,-9999
1763,981.274745,981.275147965,981.275091426,20411992,-9999,227907.4,31.31,-1,0.057617019,0.499698911,0.68763467,0.574873215,18,0.452380952,1.285714286,N4 S2 O19,de-protonated,0,-9999,C42 H54 O19 N4 S2,42,54,19,4,-9999,2,-9999,-9999
1763,981.274745,981.275147965,981.274222047,20411992,-9999,227907.4,31.31,-1,0.943587425,0.425410229,0.692787115,0.532360984,19,0.585365854,1.219512195,N4 O24,de-protonated,0,-9999,C41 H50 O24 N4,41,50,24,4,-9999,-9999,-9999,-9999
1764,982.077139,982.077542338,982.077830911,15989099,-9999,292364.5,24.12,-1,-0.293839087,0.492227773,0.672627142,0.564387521,32,0.511111111,0.644444444,N1 S1 O23,de-protonated,0,-9999,C45 H29 O23 N1 S1,45,29,23,1,-9999,1,-9999,-9999
1764,982.077139,982.077542338,982.078320169,15989099,-9999,292364.5,24.12,-1,-0.792024615,0.446207814,0.658260696,0.531028967,36,0.3125,0.625,N3 S2 P1 O15,de-protonated,0,-9999,C48 H30 O15 N3 P1 S2,48,30,15,3,1,2,-9999,-9999
1764,982.077139,982.077542338,982.077450789,15989099,-9999,292364.5,24.12,-1,0.093220414,0.499212223,0.662980834,0.564719667,37,0.425531915,0.553191489,N3 P1 O20,de-protonated,0,-9999,C47 H26 O20 N3 P1,47,26,20,3,1,-9999,-9999,-9999
1764,982.077139,982.077542338,982.077179463,15989099,-9999,292364.5,24.12,-1,0.369498278,0.487765664,0.714192896,0.578336557,23,0.675675676,0.891891892,N3 S2 O25,de-protonated,0,-9999,C37 H33 O25 N3 S2,37,33,25,3,-9999,2,-9999,-9999
1766,982.928105,982.928508735,982.928432939,12844202,-9999,267657.1,19.01,-1,0.077112255,0.499460817,0.594745702,0.537574771,5,0.063492063,1.920634921,N3 O4,de-protonated,0,-9999,C63 H121 O4 N3,63,121,4,3,-9999,-9999,-9999,-9999
1766,982.928105,982.928508735,982.928027103,12844202,-9999,267657.1,19.01,-1,0.489996678,0.957370094,0,0.574422057,40,0.441860465,0.302325581,N4 S2 P1 O19,de-protonated,0,-9999,C43 H13 O19 N4 P1 S2,43,13,19,4,1,2,-9999,-9999
1767,983.025059,983.02546278,983.025460985,9829640,-9999,291784.8,14.11,-1,0.001826229,0.999999395,0,0.599999637,33,0.568181818,0.545454545,S1 O25,de-protonated,0,-9999,C44 H24 O25 S1,44,24,25,-9999,-9999,1,-9999,-9999
1767,983.025059,983.02546278,983.026356078,9829640,-9999,291784.8,14.11,-1,-0.908722086,0.430424598,0.579826515,0.490185365,2,0.029850746,1.985074627,N1 O2,de-protonated,0,-9999,C67 H133 O2 N1,67,133,2,1,-9999,-9999,-9999,-9999
1767,983.025059,983.02546278,983.025950242,9829640,-9999,291784.8,14.11,-1,-0.495879199,0.956363184,0,0.57381791,37,0.361702128,0.531914894,N2 S2 P1 O17,de-protonated,0,-9999,C47 H25 O17 N2 P1 S2,47,25,17,2,1,2,-9999,-9999
1767,983.025059,983.02546278,983.025080862,9829640,-9999,291784.8,14.11,-1,0.388512721,0.972983405,0,0.583790043,38,0.47826087,0.456521739,N2 P1 O22,de-protonated,0,-9999,C46 H21 O22 N2 P1,46,21,22,2,1,-9999,-9999,-9999
1768,983.567466,983.567870033,983.568741702,13614870,-9999,231073.5,20.26,-1,-0.886230746,0.43358914,0.594745702,0.498051765,22,0.079365079,1.333333333,S2 O5,de-protonated,0,-9999,C63 H84 O5 S2,63,84,5,-9999,-9999,2,-9999,-9999
1768,983.567466,983.567870033,983.567872322,13614870,-9999,231073.5,20.26,-1,-0.002327231,0.499999509,0.598596236,0.5394382,23,0.161290323,1.290322581,O10,de-protonated,0,-9999,C62 H80 O10,62,80,10,-9999,-9999,-9999,-9999,-9999
1768,983.567466,983.567870033,983.568361579,13614870,-9999,231073.5,20.26,-1,-0.499758185,0.477846616,0.587191358,0.521584513,27,0.030769231,1.246153846,N2 S1 P1 O2,de-protonated,0,-9999,C65 H81 O2 N2 P1 S1,65,81,2,2,1,1,-9999,-9999
1768,983.567466,983.567870033,983.567220873,13614870,-9999,231073.5,20.26,-1,0.660005413,0.462001323,0.631293472,0.529718182,14,0.222222222,1.555555556,N2 S1 O12,de-protonated,0,-9999,C54 H84 O12 N2 S1,54,84,12,2,-9999,1,-9999,-9999
1768,983.567466,983.567870033,983.568223195,13614870,-9999,231073.5,20.26,-1,-0.359061935,0.488439073,0.677556332,0.564085976,0,0.340909091,2.113636364,N2 S2 P1 O15,de-protonated,0,-9999,C44 H93 O15 N2 P1 S2,44,93,15,2,1,2,-9999,-9999
1768,983.567466,983.567870033,983.567353815,13614870,-9999,231073.5,20.26,-1,0.524842512,0.475623371,0.6825583,0.558397343,1,0.465116279,2.069767442,N2 P1 O20,de-protonated,0,-9999,C43 H89 O20 N2 P1,43,89,20,2,1,-9999,-9999,-9999
1768,983.567466,983.567870033,983.56771013,13614870,-9999,231073.5,20.26,-1,0.1625738,0.497607874,0.618621811,0.546013449,18,0.070175439,1.49122807,N4 S2 P1 O4,de-protonated,0,-9999,C57 H85 O4 N4 P1 S2,57,85,4,4,1,2,-9999,-9999
1769,983.779695,983.780099132,983.779660702,25001956,-9999,311488.2,38.76,-1,0.445657963,0.32153464,0.504211037,0.394605199,17,0.014925373,1.552238806,N2 S1 O1,de-protonated,0,-9999,C67 H104 O1 N2 S1,67,104,1,2,-9999,1,-9999,-9999
1769,983.779695,983.780099132,983.780663024,25001956,-9999,311488.2,38.76,-1,-0.573189108,0.47106397,0.618621811,0.530087107,3,0.070175439,1.98245614,N2 S2 P1 O4,de-protonated,0,-9999,C57 H113 O4 N2 P1 S2,57,113,4,2,1,2,-9999,-9999
1769,983.779695,983.780099132,983.779793644,25001956,-9999,311488.2,38.76,-1,0.310524277,0.491327961,0.622788794,0.543912294,4,0.160714286,1.946428571,N2 P1 O9,de-protonated,0,-9999,C56 H109 O9 N2 P1,56,109,9,2,1,-9999,-9999,-9999
1770,983.829111,983.829515155,983.829313494,10256403,-9999,308458.4,14.8,-1,0.204975416,0.496202717,0.594745702,0.535619911,6,0.047619048,1.841269841,S2 O3,de-protonated,0,-9999,C63 H116 O3 S2,63,116,3,-9999,-9999,2,-9999,-9999
1770,983.829111,983.829515155,983.829781525,10256403,-9999,308458.4,14.8,-1,-0.27074788,0.493393539,0.594745702,0.533934404,12,0.063492063,1.714285714,N4 O4,de-protonated,0,-9999,C63 H108 O4 N4,63,108,4,4,-9999,-9999,-9999,-9999
1771,984.470201,984.470605453,984.470090287,32670332,-9999,283004.8,51.22,-1,0.523292983,0.317175704,0.523600568,0.399745649,29,0.079365079,1.126984127,N1 S2 O5,de-protonated,0,-9999,C63 H71 O5 N1 S2,63,71,5,1,-9999,2,-9999,-9999
1771,984.470201,984.470605453,984.470223229,32670332,-9999,283004.8,51.22,-1,0.38825406,0.486509439,0.640033642,0.54791912,16,0.25,1.461538462,N1 S1 P1 O13,de-protonated,0,-9999,C52 H76 O13 N1 P1 S1,52,76,13,1,1,1,-9999,-9999
1771,984.470201,984.470605453,984.469710165,32670332,-9999,283004.8,51.22,-1,0.909412247,0.286884406,0.513784664,0.377644509,34,0.030769231,1.046153846,N3 S1 P1 O2,de-protonated,0,-9999,C65 H68 O2 N3 P1 S1,65,68,2,3,1,1,-9999,-9999
1771,984.470201,984.470605453,984.471071382,32670332,-9999,283004.8,51.22,-1,-0.473278111,0.480085884,0.649019222,0.547659219,17,0.34,1.42,N3 O17,de-protonated,0,-9999,C50 H71 O17 N3,50,71,17,3,-9999,-9999,-9999,-9999
1772,984.732021,984.732425575,984.733164003,47678328,-9999,180339.4,75.6,-1,-0.749875624,0.301000508,0.543986559,0.398194929,9,0.13559322,1.745762712,N1 S1 O8,de-protonated,0,-9999,C59 H103 O8 N1 S1,59,103,8,1,-9999,1,-9999,-9999
1772,984.732021,984.732425575,984.73278388,47678328,-9999,180339.4,75.6,-1,-0.363860005,0.325421171,0.533665548,0.408718922,14,0.081967213,1.639344262,N3 P1 O5,de-protonated,0,-9999,C61 H100 O5 N3 P1,61,100,5,3,1,-9999,-9999,-9999
1772,984.732021,984.732425575,984.732512554,47678328,-9999,180339.4,75.6,-1,-0.088327251,0.332861798,0.587975334,0.434907212,0,0.196078431,2.098039216,N3 S2 O10,de-protonated,0,-9999,C51 H107 O10 N3 S2,51,107,10,3,-9999,2,-9999,-9999
1772,984.732021,984.732425575,984.731643174,47678328,-9999,180339.4,75.6,-1,0.794532358,0.297257201,0.59379359,0.415871757,1,0.3,2.06,N3 O15,de-protonated,0,-9999,C50 H103 O15 N3,50,103,15,3,-9999,-9999,-9999,-9999
1773,986.229789,986.230194273,986.231041786,22055176,-9999,223283.7,33.97,-1,-0.859345203,0.437297145,0.622788794,0.511493805,35,0.214285714,0.803571429,N1 S2 O12,de-protonated,0,-9999,C56 H45 O12 N1 S2,56,45,12,1,-9999,2,-9999,-9999
1773,986.229789,986.230194273,986.230172406,22055176,-9999,223283.7,33.97,-1,0.022172263,0.499955401,0.627012296,0.550778159,36,0.309090909,0.745454545,N1 O17,de-protonated,0,-9999,C55 H41 O17 N1,55,41,17,1,-9999,-9999,-9999,-9999
1773,986.229789,986.230194273,986.231174728,22055176,-9999,223283.7,33.97,-1,-0.994142824,0.417915284,0.672627142,0.519800027,22,0.444444444,1.111111111,N1 S1 P1 O20,de-protonated,0,-9999,C45 H50 O20 N1 P1 S1,45,50,20,1,1,1,-9999,-9999
1773,986.229789,986.230194273,986.230661664,22055176,-9999,223283.7,33.97,-1,-0.473915904,0.480033262,0.614510218,0.533824045,40,0.155172414,0.724137931,N3 S1 P1 O9,de-protonated,0,-9999,C58 H42 O9 N3 P1 S1,58,42,9,3,1,1,-9999,-9999
1773,986.229789,986.230194273,986.229520958,22055176,-9999,223283.7,33.97,-1,0.682716975,0.459451974,0.662980834,0.540863518,27,0.404255319,0.957446809,N3 S1 O19,de-protonated,0,-9999,C47 H45 O19 N3 S1,47,45,19,3,-9999,1,-9999,-9999
1773,986.229789,986.230194273,986.230523279,22055176,-9999,223283.7,33.97,-1,-0.333599455,0.490004673,0.714192896,0.579679963,13,0.594594595,1.459459459,N3 S2 P1 O22,de-protonated,0,-9999,C37 H54 O22 N3 P1 S2,37,54,22,3,1,2,-9999,-9999
1774,986.541629,986.542034418,986.542385849,8587823,-9999,221643.9,12.09,-1,-0.35622455,0.977237955,0,0.586342773,23,0.183333333,1.283333333,N1 O11,de-protonated,0,-9999,C60 H77 O11 N1,60,77,11,1,-9999,-9999,-9999,-9999
1774,986.541629,986.542034418,986.542875106,8587823,-9999,221643.9,12.09,-1,-0.85215553,0.876549221,0,0.525929533,27,0.047619048,1.238095238,N3 S1 P1 O3,de-protonated,0,-9999,C63 H78 O3 N3 P1 S1,63,78,3,3,1,1,-9999,-9999
1774,986.541629,986.542034418,986.5417344,8587823,-9999,221643.9,12.09,-1,0.304110868,0.983359022,0,0.590015413,14,0.25,1.557692308,N3 S1 O13,de-protonated,0,-9999,C52 H81 O13 N3 S1,52,81,13,3,-9999,1,-9999,-9999
1774,986.541629,986.542034418,986.542736722,8587823,-9999,221643.9,12.09,-1,-0.711883541,0.912146894,0,0.547288136,0,0.380952381,2.142857143,N3 S2 P1 O16,de-protonated,0,-9999,C42 H90 O16 N3 P1 S2,42,90,16,3,1,2,-9999,-9999
1774,986.541629,986.542034418,986.541867342,8587823,-9999,221643.9,12.09,-1,0.169355542,0.994809334,0,0.5968856,1,0.512195122,2.097560976,N3 P1 O21,de-protonated,0,-9999,C41 H86 O21 N3 P1,41,86,21,3,1,-9999,-9999,-9999
1775,987.999193,987.999599098,987.998761605,13668226,-9999,214089.8,20.34,-1,0.847665731,0.438881949,0.587191358,0.498205713,1,0.015384615,2.030769231,N2 S1 O1,de-protonated,0,-9999,C65 H132 O1 N2 S1,65,132,1,2,-9999,1,-9999,-9999
1776,989.122796,989.123202621,989.124052829,12522382,-9999,327588.2,18.47,-1,-0.859556302,0.437268354,0.653607294,0.52380393,33,0.428571429,0.693877551,S1 O21,de-protonated,0,-9999,C49 H34 O21 S1,49,34,21,-9999,-9999,1,-9999,-9999
1776,989.122796,989.123202621,989.123672706,12522382,-9999,327588.2,18.47,-1,-0.475254315,0.479922623,0.644495114,0.545751619,38,0.352941176,0.607843137,N2 P1 O18,de-protonated,0,-9999,C51 H31 O18 N2 P1,51,31,18,2,1,-9999,-9999,-9999
1776,989.122796,989.123202621,989.12340138,12522382,-9999,327588.2,18.47,-1,-0.200944729,0.992700097,0,0.595620058,24,0.56097561,0.926829268,N2 S2 O23,de-protonated,0,-9999,C41 H38 O23 N2 S2,41,38,23,2,-9999,2,-9999,-9999
1776,989.122796,989.123202621,989.123021258,12522382,-9999,327588.2,18.47,-1,0.183357765,0.993918252,0,0.596350951,29,0.465116279,0.813953488,N4 S1 P1 O20,de-protonated,0,-9999,C43 H35 O20 N4 P1 S1,43,35,20,4,1,1,-9999,-9999
1777,989.770613,989.771019923,989.770749789,13440477,-9999,310263.2,19.97,-1,0.272926028,0.493287534,0.579826515,0.527903126,15,0.014925373,1.597014925,S1 P1 O1,de-protonated,0,-9999,C67 H107 O1 P1 S1,67,107,1,-9999,1,1,-9999,-9999
1777,989.770613,989.771019923,989.77009834,13440477,-9999,310263.2,19.97,-1,0.931108022,0.427219937,0.610452919,0.50051313,6,0.050847458,1.881355932,N2 S2 P1 O3,de-protonated,0,-9999,C59 H111 O3 N2 P1 S2,59,111,3,2,1,2,-9999,-9999
1777,989.770613,989.771019923,989.771597942,13440477,-9999,310263.2,19.97,-1,-0.583992279,0.469996652,0.587191358,0.516874535,16,0.076923077,1.569230769,N2 O5,de-protonated,0,-9999,C65 H102 O5 N2,65,102,5,2,-9999,-9999,-9999,-9999
1777,989.770613,989.771019923,989.770946493,13440477,-9999,310263.2,19.97,-1,0.074188588,0.499500907,0.618621811,0.547149269,7,0.122807018,1.859649123,N4 S1 O7,de-protonated,0,-9999,C57 H106 O7 N4 S1,57,106,7,4,-9999,1,-9999,-9999
1778,989.842881,989.843287957,989.842380101,11884063,-9999,223801.5,17.44,-1,0.917171478,0.429221381,0.614510218,0.503336916,0,0.155172414,2.034482759,S1 O9,de-protonated,0,-9999,C58 H118 O9 S1,58,118,9,-9999,-9999,1,-9999,-9999
1778,989.842881,989.843287957,989.842869359,11884063,-9999,223801.5,17.44,-1,0.422893231,0.484035405,0.602496955,0.531420025,4,0.016393443,1.950819672,N2 S2 P1 O1,de-protonated,0,-9999,C61 H119 O1 N2 P1 S2,61,119,1,2,1,2,-9999,-9999
1778,989.842881,989.843287957,989.843717512,11884063,-9999,223801.5,17.44,-1,-0.43396277,0.483203076,0.610452919,0.534103013,5,0.084745763,1.93220339,N4 S1 O5,de-protonated,0,-9999,C59 H114 O5 N4 S1,59,114,5,4,-9999,1,-9999,-9999
1779,992.46959,992.46999818,992.469435382,10444617,-9999,305716.1,15.09,-1,0.567068214,0.471660905,0.602496955,0.523995325,27,0.114754098,1.180327869,N1 S1 P1 O7,de-protonated,0,-9999,C61 H72 O7 N1 P1 S1,61,72,7,1,1,1,-9999,-9999
1779,992.46959,992.46999818,992.469296998,10444617,-9999,305716.1,15.09,-1,0.706502763,0.913410928,0,0.548046557,0,0.5,2.1,N1 S2 P1 O20,de-protonated,0,-9999,C40 H84 O20 N1 P1 S2,40,84,20,1,1,2,-9999,-9999
1779,992.46959,992.46999818,992.4707966,10444617,-9999,305716.1,15.09,-1,-0.804476617,0.889202365,0,0.533521419,10,0.47826087,1.630434783,N1 O22,de-protonated,0,-9999,C46 H75 O22 N1,46,75,22,1,-9999,-9999,-9999,-9999
1779,992.46959,992.46999818,992.470283536,10444617,-9999,305716.1,15.09,-1,-0.287520245,0.49255598,0.610452919,0.539714755,28,0.186440678,1.13559322,N3 O11,de-protonated,0,-9999,C59 H67 O11 N3,59,67,11,3,-9999,-9999,-9999,-9999
1779,992.46959,992.46999818,992.470145151,10444617,-9999,305716.1,15.09,-1,-0.148085935,0.996028837,0,0.597617302,1,0.631578947,2.078947368,N3 S1 O24,de-protonated,0,-9999,C38 H79 O24 N3 S1,38,79,24,3,-9999,1,-9999,-9999
1780,992.638141,992.638549259,992.63847577,12623837,-9999,250640.4,18.63,-1,0.074034224,0.499502981,0.572644131,0.528759441,27,0.028985507,1.260869565,N1 S1 O2,de-protonated,0,-9999,C69 H87 O2 N1 S1,69,87,2,1,-9999,1,-9999,-9999
1780,992.638141,992.638549259,992.639478091,12623837,-9999,250640.4,18.63,-1,-0.935719766,0.426553075,0.610452919,0.500113013,13,0.084745763,1.627118644,N1 S2 P1 O5,de-protonated,0,-9999,C59 H96 O5 N1 P1 S2,59,96,5,1,1,2,-9999,-9999
1780,992.638141,992.638549259,992.638608711,12623837,-9999,250640.4,18.63,-1,-0.059893409,0.499674658,0.614510218,0.545608882,14,0.172413793,1.586206897,N1 P1 O10,de-protonated,0,-9999,C58 H92 O10 N1 P1,58,92,10,1,1,-9999,-9999,-9999
1780,992.638141,992.638549259,992.638337385,12623837,-9999,250640.4,18.63,-1,0.213444959,0.495883749,0.658260696,0.560834528,0,0.3125,2.0625,N1 S2 O15,de-protonated,0,-9999,C48 H99 O15 N1 S2,48,99,15,1,-9999,2,-9999,-9999
1780,992.638141,992.638549259,992.637824321,12623837,-9999,250640.4,18.63,-1,0.730314604,0.453879041,0.602496955,0.513326206,18,0.06557377,1.491803279,N3 S2 O4,de-protonated,0,-9999,C61 H91 O4 N3 S2,61,91,4,3,-9999,2,-9999,-9999
1780,992.638141,992.638549259,992.637957263,12623837,-9999,250640.4,18.63,-1,0.596386795,0.468750637,0.649019222,0.540858071,5,0.24,1.92,N3 S1 P1 O12,de-protonated,0,-9999,C50 H96 O12 N3 P1 S1,50,96,12,3,1,1,-9999,-9999
1781,993.554093,993.554501686,993.555213438,9528058,-9999,259633.8,13.6,-1,-0.71636934,0.455543562,0.598596236,0.512764632,25,0.112903226,1.274193548,N2 P1 O7,de-protonated,0,-9999,C62 H79 O7 N2 P1,62,79,7,2,1,-9999,-9999,-9999
1781,993.554093,993.554501686,993.554942112,9528058,-9999,259633.8,13.6,-1,-0.443283319,0.964973456,0,0.578984073,11,0.230769231,1.653846154,N2 S2 O12,de-protonated,0,-9999,C52 H86 O12 N2 S2,52,86,12,2,-9999,2,-9999,-9999
1781,993.554093,993.554501686,993.554072732,9528058,-9999,259633.8,13.6,-1,0.43173648,0.966744169,0,0.580046502,12,0.333333333,1.607843137,N2 O17,de-protonated,0,-9999,C51 H82 O17 N2,51,82,17,2,-9999,-9999,-9999,-9999
1781,993.554093,993.554501686,993.554429048,9528058,-9999,259633.8,13.6,-1,0.073109148,0.499515318,0.587191358,0.534585734,29,0.015384615,1.2,N4 S2 O1,de-protonated,0,-9999,C65 H78 O1 N4 S2,65,78,1,4,-9999,2,-9999,-9999
1781,993.554093,993.554501686,993.553559668,9528058,-9999,259633.8,13.6,-1,0.94812985,0.424747453,0.590944388,0.491226227,30,0.09375,1.15625,N4 O6,de-protonated,0,-9999,C64 H74 O6 N4,64,74,6,4,-9999,-9999,-9999,-9999
1781,993.554093,993.554501686,993.554561989,9528058,-9999,259633.8,13.6,-1,-0.060695018,0.999331787,0,0.599599072,16,0.166666667,1.537037037,N4 S1 P1 O9,de-protonated,0,-9999,C54 H83 O9 N4 P1 S1,54,83,9,4,1,1,-9999,-9999
1782,994.280046,994.280455024,994.279526609,14378346,-9999,206803,21.48,-1,0.933756705,0.426837211,0.594745702,0.494000607,40,0.079365079,0.793650794,N1 S2 P1 O5,de-protonated,0,-9999,C63 H50 O5 N1 P1 S2,63,50,5,1,1,2,-9999,-9999
1782,994.280046,994.280455024,994.280887826,14378346,-9999,206803,21.48,-1,-0.435291728,0.483101803,0.658260696,0.55316536,23,0.416666667,1.104166667,N1 S1 O20,de-protonated,0,-9999,C48 H53 O20 N1 S1,48,53,20,1,-9999,1,-9999,-9999
1782,994.280046,994.280455024,994.281377083,14378346,-9999,206803,21.48,-1,-0.927362834,0.427759832,0.644495114,0.514453945,27,0.235294118,1.058823529,N3 S2 P1 O12,de-protonated,0,-9999,C51 H54 O12 N3 P1 S2,51,54,12,3,1,2,-9999,-9999
1782,994.280046,994.280455024,994.280507704,14378346,-9999,206803,21.48,-1,-0.05298276,0.499745386,0.649019222,0.55945492,28,0.34,1,N3 P1 O17,de-protonated,0,-9999,C50 H50 O17 N3 P1,50,50,17,3,1,-9999,-9999,-9999
1782,994.280046,994.280455024,994.280236377,14378346,-9999,206803,21.48,-1,0.219904235,0.495631955,0.698017357,0.576586116,14,0.55,1.425,N3 S2 O22,de-protonated,0,-9999,C40 H57 O22 N3 S2,40,57,22,3,-9999,2,-9999,-9999
1783,994.328878,994.329287047,994.330027553,14771604,-9999,241517.4,22.12,-1,-0.744729279,0.452131343,0.618621811,0.51872753,30,0.192982456,1,N1 S2 O11,de-protonated,0,-9999,C57 H57 O11 N1 S2,57,57,11,1,-9999,2,-9999,-9999
1783,994.328878,994.329287047,994.329158173,14771604,-9999,241517.4,22.12,-1,0.129608173,0.498478307,0.622788794,0.548202502,31,0.285714286,0.946428571,N1 O16,de-protonated,0,-9999,C56 H53 O16 N1,56,53,16,1,-9999,-9999,-9999,-9999
1783,994.328878,994.329287047,994.330160495,14771604,-9999,241517.4,22.12,-1,-0.878428966,0.43467363999999997,0.667769153,0.527911845,17,0.413043478,1.347826087,N1 S1 P1 O19,de-protonated,0,-9999,C46 H62 O19 N1 P1 S1,46,62,19,1,1,1,-9999,-9999
1783,994.328878,994.329287047,994.329647431,14771604,-9999,241517.4,22.12,-1,-0.362439323,0.488223156,0.610452919,0.537115061,35,0.13559322,0.915254237,N3 S1 P1 O8,de-protonated,0,-9999,C59 H54 O8 N3 P1 S1,59,54,8,3,1,1,-9999,-9999
1783,994.328878,994.329287047,994.328506725,14771604,-9999,241517.4,22.12,-1,0.784772699,0.447134581,0.658260696,0.531585027,22,0.375,1.1875,N3 S1 O18,de-protonated,0,-9999,C48 H57 O18 N3 S1,48,57,18,3,-9999,1,-9999,-9999
1783,994.328878,994.329287047,994.329509046,14771604,-9999,241517.4,22.12,-1,-0.223265761,0.990995999,0,0.5945976,8,0.552631579,1.736842105,N3 S2 P1 O21,de-protonated,0,-9999,C38 H66 O21 N3 P1 S2,38,66,21,3,1,2,-9999,-9999
1784,996.122139,996.122548882,996.121624277,10726265,-9999,293300,15.55,-1,0.928205418,0.855276995,0,0.513166197,31,0.425531915,0.765957447,N1 S1 P1 O20,de-protonated,0,-9999,C47 H36 O20 N1 P1 S1,47,36,20,1,1,1,-9999,-9999
1784,996.122139,996.122548882,996.12334181,10726265,-9999,293300,15.55,-1,-0.796013424,0.891390507,0,0.534834304,31,0.413043478,0.760869565,N3 S2 O19,de-protonated,0,-9999,C46 H35 O19 N3 S2,46,35,19,3,-9999,2,-9999,-9999
1784,996.122139,996.122548882,996.12247243,10726265,-9999,293300,15.55,-1,0.076749918,0.998931738,0,0.599359043,32,0.533333333,0.688888889,N3 O24,de-protonated,0,-9999,C45 H31 O24 N3,45,31,24,3,-9999,-9999,-9999,-9999
1785,996.127,996.127409884,996.127364562,68135808,-9999,295211.7,108.82,-1,0.045498914,0.333208148,0.587975334,0.435115023,35,0.333333333,0.68627451,N1 S2 O17,de-protonated,0,-9999,C51 H35 O17 N1 S2,51,35,17,1,-9999,2,-9999,-9999
1785,996.127,996.127409884,996.126495182,68135808,-9999,295211.7,108.82,-1,0.918259465,0.286043923,0.59379359,0.40914379,36,0.44,0.62,N1 O22,de-protonated,0,-9999,C50 H31 O22 N1,50,31,22,1,-9999,-9999,-9999,-9999
1785,996.127,996.127409884,996.127497503,68135808,-9999,295211.7,108.82,-1,-0.087959641,0.332865712,0.656222442,0.462208404,22,0.625,1,N1 S1 P1 O25,de-protonated,0,-9999,C40 H40 O25 N1 P1 S1,40,40,25,1,1,1,-9999,-9999
1785,996.127,996.127409884,996.126984439,68135808,-9999,295211.7,108.82,-1,0.427099396,0.322481003,0.576557625,0.424111652,40,0.264150943,0.603773585,N3 S1 P1 O14,de-protonated,0,-9999,C53 H32 O14 N3 P1 S1,53,32,14,3,1,1,-9999,-9999
1787,997.101645,997.102055338,997.102268556,13610656,-9999,271824.6,20.23,-1,-0.213837387,0.495868662,0.649019222,0.557128886,36,0.42,0.62,P1 O21,de-protonated,0,-9999,C50 H31 O21 P1,50,31,21,-9999,1,-9999,-9999,-9999
1787,997.101645,997.102055338,997.101484166,13610656,-9999,271824.6,20.23,-1,0.572833032,0.471098851,0.635633513,0.536912716,40,0.283018868,0.566037736,N2 S2 O15,de-protonated,0,-9999,C53 H30 O15 N2 S2,53,30,15,2,-9999,2,-9999,-9999
1787,997.101645,997.102055338,997.101617108,13610656,-9999,271824.6,20.23,-1,0.43950479,0.48277884,0.68763467,0.564721172,27,0.547619048,0.833333333,N2 S1 P1 O23,de-protonated,0,-9999,C42 H35 O23 N2 P1 S1,42,35,23,2,1,1,-9999,-9999
1788,997.832516,997.832926679,997.833350047,10629360,-9999,222952.9,15.39,-1,-0.424286826,0.483931724,0.579826515,0.522289641,11,0.014925373,1.71641791,S1 P1 O1,de-protonated,0,-9999,C67 H115 O1 P1 S1,67,115,1,-9999,1,1,-9999,-9999
1788,997.832516,997.832926679,997.832698598,10629360,-9999,222952.9,15.39,-1,0.228576529,0.495282302,0.610452919,0.541350549,2,0.050847458,2.016949153,N2 S2 P1 O3,de-protonated,0,-9999,C59 H119 O3 N2 P1 S2,59,119,3,2,1,2,-9999,-9999
1788,997.832516,997.832926679,997.833546751,10629360,-9999,222952.9,15.39,-1,-0.621418309,0.466165044,0.618621811,0.527147751,3,0.122807018,2,N4 S1 O7,de-protonated,0,-9999,C57 H114 O7 N4 S1,57,114,7,4,-9999,1,-9999,-9999
1789,997.93007,997.930480724,997.929752357,13152574,-9999,271623.5,19.49,-1,0.729878725,0.45393146,0.598596236,0.511797371,0,0.096774194,2.048387097,P1 O6,de-protonated,0,-9999,C62 H127 O6 P1,62,127,6,-9999,1,-9999,-9999,-9999
1789,997.93007,997.930480724,997.93146989,13152574,-9999,271623.5,19.49,-1,-0.991215704,0.418356194,0.602496955,0.492012498,0,0.081967213,2.06557377,N2 S1 O5,de-protonated,0,-9999,C61 H126 O5 N2 S1,61,126,5,2,-9999,1,-9999,-9999
1789,997.93007,997.930480724,997.930194674,13152574,-9999,271623.5,19.49,-1,0.286643462,0.985201948,0,0.591121169,36,0.625,0.35,N3 S1 P1 O25,de-protonated,0,-9999,C40 H14 O25 N3 P1 S1,40,14,25,3,1,1,-9999,-9999
1789,997.93007,997.930480724,997.931089767,13152574,-9999,271623.5,19.49,-1,-0.610305492,0.467324277,0.594745702,0.518292847,5,0.031746032,1.952380952,N4 P1 O2,de-protonated,0,-9999,C63 H123 O2 N4 P1,63,123,2,4,1,-9999,-9999,-9999
1790,998.688114,998.688525078,998.688797266,11219867,-9999,234237.3,16.34,-1,-0.27254612,0.493306082,0.583485697,0.529377928,19,0.03030303,1.46969697,N1 S2 O2,de-protonated,0,-9999,C66 H97 O2 N1 S2,66,97,2,1,-9999,2,-9999,-9999
1790,998.688114,998.688525078,998.687927886,11219867,-9999,234237.3,16.34,-1,0.597975701,0.468589255,0.587191358,0.516030096,20,0.107692308,1.430769231,N1 O7,de-protonated,0,-9999,C65 H93 O7 N1,65,93,7,1,-9999,-9999,-9999,-9999
1790,998.688114,998.688525078,998.688930208,11219867,-9999,234237.3,16.34,-1,-0.405662338,0.485290923,0.627012296,0.541979472,6,0.181818182,1.854545455,N1 S1 P1 O10,de-protonated,0,-9999,C55 H102 O10 N1 P1 S1,55,102,10,1,1,1,-9999,-9999
1791,999.639353,999.639764521,999.638929263,15513221,-9999,277013.3,23.32,-1,0.835559118,0.440507758,0.602496955,0.505303437,16,0.14754098399999999,1.508196721,S1 O9,de-protonated,0,-9999,C61 H92 O9 S1,61,92,9,-9999,-9999,1,-9999,-9999
1791,999.639353,999.639764521,999.639931585,15513221,-9999,277013.3,23.32,-1,-0.167124354,0.497472429,0.644495114,0.556281503,2,0.235294118,1.980392157,S2 P1 O12,de-protonated,0,-9999,C51 H101 O12 P1 S2,51,101,12,-9999,1,2,-9999,-9999
1791,999.639353,999.639764521,999.639062205,15513221,-9999,277013.3,23.32,-1,0.702569276,0.457165,0.649019222,0.533906689,3,0.34,1.94,P1 O17,de-protonated,0,-9999,C50 H97 O17 P1,50,97,17,-9999,1,-9999,-9999,-9999
1791,999.639353,999.639764521,999.639418521,15513221,-9999,277013.3,23.32,-1,0.346124878,0.489248287,0.590944388,0.529926727,20,0.015625,1.453125,N2 S2 P1 O1,de-protonated,0,-9999,C64 H93 O1 N2 P1 S2,64,93,1,2,1,2,-9999,-9999
1791,999.639353,999.639764521,999.640266674,15513221,-9999,277013.3,23.32,-1,-0.502333804,0.477622883,0.598596236,0.526012224,21,0.080645161,1.419354839,N4 S1 O5,de-protonated,0,-9999,C62 H88 O5 N4 S1,62,88,5,4,-9999,1,-9999,-9999
1791,999.639353,999.639764521,999.640399616,15513221,-9999,277013.3,23.32,-1,-0.63532329,0.464689265,0.644495114,0.536611604,8,0.254901961,1.823529412,N4 P1 O13,de-protonated,0,-9999,C51 H93 O13 N4 P1,51,93,13,4,1,-9999,-9999,-9999
1792,999.836622,999.837033613,999.836112951,13465374,-9999,264500.1,19.99,-1,0.9208122,0.428700545,0.569119254,0.484868029,15,0.014285714,1.6,S1 O1,de-protonated,0,-9999,C70 H112 O1 S1,70,112,1,-9999,-9999,1,-9999,-9999
1792,999.836622,999.837033613,999.837115273,13465374,-9999,264500.1,19.99,-1,-0.081673612,0.499395182,0.606448844,0.542216647,1,0.066666667,2.016666667,S2 P1 O4,de-protonated,0,-9999,C60 H121 O4 P1 S2,60,121,4,-9999,1,2,-9999,-9999
1792,999.836622,999.837033613,999.836245893,13465374,-9999,264500.1,19.99,-1,0.787848575,0.446742302,0.610452919,0.512226549,2,0.152542373,1.983050847,P1 O9,de-protonated,0,-9999,C59 H117 O9 P1,59,117,9,-9999,1,-9999,-9999,-9999
1792,999.836622,999.837033613,999.837963426,13465374,-9999,264500.1,19.99,-1,-0.929964167,0.42738499,0.614510218,0.502235081,2,0.137931034,2,N2 S1 O8,de-protonated,0,-9999,C58 H116 O8 N2 S1,58,116,8,2,-9999,1,-9999,-9999
1792,999.836622,999.837033613,999.837583304,13465374,-9999,264500.1,19.99,-1,-0.549780252,0.473316228,0.606448844,0.526569274,7,0.083333333,1.883333333,N4 P1 O5,de-protonated,0,-9999,C60 H113 O5 N4 P1,60,113,5,4,1,-9999,-9999,-9999
1793,1000.600015,1000.600426968,1000.60116403,10393961,-9999,221117.3,15,-1,-0.73661834,0.453118122,0.622788794,0.520986391,12,0.178571429,1.625,N1 S2 O10,de-protonated,0,-9999,C56 H91 O10 N1 S2,56,91,10,1,-9999,2,-9999,-9999
1793,1000.600015,1000.600426968,1000.60029465,10393961,-9999,221117.3,15,-1,0.132239319,0.49841599599999997,0.627012296,0.549854516,13,0.272727273,1.581818182,N1 O15,de-protonated,0,-9999,C55 H87 O15 N1,55,87,15,1,-9999,-9999,-9999,-9999
1793,1000.600015,1000.600426968,1000.599781585,10393961,-9999,221117.3,15,-1,0.644996094,0.463646229,0.576212942,0.508672914,31,0.058823529,1.161764706,N3 O4,de-protonated,0,-9999,C68 H79 O4 N3,68,79,4,3,-9999,-9999,-9999,-9999
1793,1000.600015,1000.600426968,1000.600783907,10393961,-9999,221117.3,15,-1,-0.356724335,0.488587387,0.614510218,0.53895652,17,0.120689655,1.517241379,N3 S1 P1 O7,de-protonated,0,-9999,C58 H88 O7 N3 P1 S1,58,88,7,3,1,1,-9999,-9999
1793,1000.600015,1000.600426968,1000.599643201,10393961,-9999,221117.3,15,-1,0.783297682,0.894644545,0,0.536786727,4,0.361702128,1.936170213,N3 S1 O17,de-protonated,0,-9999,C47 H91 O17 N3 S1,47,91,17,3,-9999,1,-9999,-9999
1794,1000.623314,1000.623725979,1000.623434104,32487802,-9999,262937,50.9,-1,0.291693744,0.328226653,0.51866191,0.404400756,20,0.03125,1.4375,N1 S2 P1 O2,de-protonated,0,-9999,C64 H92 O2 N1 P1 S2,64,92,2,1,1,2,-9999,-9999
1794,1000.623314,1000.623725979,1000.624282257,32487802,-9999,262937,50.9,-1,-0.555930516,0.315155034,0.528601492,0.400533617,21,0.096774194,1.403225806,N3 S1 O6,de-protonated,0,-9999,C62 H87 O6 N3 S1,62,87,6,3,-9999,1,-9999,-9999
1794,1000.623314,1000.623725979,1000.624415199,32487802,-9999,262937,50.9,-1,-0.688789213,0.458758209,0.644495114,0.533052971,8,0.274509804,1.803921569,N3 P1 O14,de-protonated,0,-9999,C51 H92 O14 N3 P1,51,92,14,3,1,-9999,-9999,-9999
1795,1000.669822,1000.670234001,1000.670563745,26098078,-9999,233864.9,40.52,-1,-0.329523059,0.490245071,0.602496955,0.535145825,15,0.131147541,1.557377049,N1 S1 O8,de-protonated,0,-9999,C61 H95 O8 N1 S1,61,95,8,1,-9999,1,-9999,-9999
1795,1000.669822,1000.670234001,1000.670696687,26098078,-9999,233864.9,40.52,-1,-0.462375642,0.48097532,0.649019222,0.548192881,2,0.32,2,N1 P1 O16,de-protonated,0,-9999,C50 H100 O16 N1 P1,50,100,16,1,1,-9999,-9999,-9999
1795,1000.669822,1000.670234001,1000.670183622,26098078,-9999,233864.9,40.52,-1,0.050344754,0.499770103,0.594745702,0.537760343,20,0.079365079,1.46031746,N3 P1 O5,de-protonated,0,-9999,C63 H92 O5 N3 P1,63,92,5,3,1,-9999,-9999,-9999
1795,1000.669822,1000.670234001,1000.669912296,26098078,-9999,233864.9,40.52,-1,0.321489285,0.490710531,0.635633513,0.548679724,6,0.188679245,1.867924528,N3 S2 O10,de-protonated,0,-9999,C53 H99 O10 N3 S2,53,99,10,3,-9999,2,-9999,-9999
1796,1001.457371,1001.457783368,1001.458536346,17415152,-9999,295147,26.41,-1,-0.751881355,0.451254064,0.594745702,0.508650719,29,0.111111111,1.126984127,S1 P1 O7,de-protonated,0,-9999,C63 H71 O7 P1 S1,63,71,7,-9999,1,1,-9999,-9999
1796,1001.457371,1001.457783368,1001.45739564,17415152,-9999,295147,26.41,-1,0.387163778,0.486584076,0.640033642,0.547963902,16,0.326923077,1.423076923,S1 O17,de-protonated,0,-9999,C52 H74 O17 S1,52,74,17,-9999,-9999,1,-9999,-9999
1796,1001.457371,1001.457783368,1001.458397961,17415152,-9999,295147,26.41,-1,-0.613698554,0.466972244,0.68763467,0.555237214,2,0.476190476,1.976190476,S2 P1 O20,de-protonated,0,-9999,C42 H83 O20 P1 S2,42,83,20,-9999,1,2,-9999,-9999
1796,1001.457371,1001.457783368,1001.457528582,17415152,-9999,295147,26.41,-1,0.254415481,0.494162014,0.692787115,0.573612054,3,0.609756098,1.926829268,P1 O25,de-protonated,0,-9999,C41 H79 O25 P1,41,79,25,-9999,1,-9999,-9999,-9999
1796,1001.457371,1001.457783368,1001.456882576,17415152,-9999,295147,26.41,-1,0.89948184,0.431731492,0.587191358,0.493915438,34,0.092307692,1.015384615,N2 S1 O6,de-protonated,0,-9999,C65 H66 O6 N2 S1,65,66,6,2,-9999,1,-9999,-9999
1796,1001.457371,1001.457783368,1001.457884897,17415152,-9999,295147,26.41,-1,-0.101381518,0.499068385,0.627012296,0.550245949,20,0.163636364,1.363636364,N2 S2 P1 O9,de-protonated,0,-9999,C55 H75 O9 N2 P1 S2,55,75,9,2,1,2,-9999,-9999
1796,1001.457371,1001.457783368,1001.457015517,17415152,-9999,295147,26.41,-1,0.766733407,0.449411084,0.631293472,0.522164039,21,0.259259259,1.314814815,N2 P1 O14,de-protonated,0,-9999,C54 H71 O14 N2 P1,54,71,14,2,1,-9999,-9999,-9999
1796,1001.457371,1001.457783368,1001.45873305,17415152,-9999,295147,26.41,-1,-0.948299175,0.424722705,0.635633513,0.509087028,21,0.245283019,1.320754717,N4 S1 O13,de-protonated,0,-9999,C53 H70 O13 N4 S1,53,70,13,4,-9999,1,-9999,-9999
1797,1001.503784,1001.504196389,1001.504166385,9124883,-9999,270944.8,12.94,-1,0.02995912,0.999837154,0,0.599902293,14,0.203703704,1.537037037,S2 P1 O11,de-protonated,0,-9999,C54 H83 O11 P1 S2,54,83,11,-9999,1,2,-9999,-9999
1797,1001.503784,1001.504196389,1001.503297005,9124883,-9999,270944.8,12.94,-1,0.898034041,0.863870816,0,0.518322489,15,0.301886792,1.490566038,P1 O16,de-protonated,0,-9999,C53 H79 O16 P1,53,79,16,-9999,1,-9999,-9999,-9999
1797,1001.503784,1001.504196389,1001.505014538,9124883,-9999,270944.8,12.94,-1,-0.816919511,0.885953211,0,0.531571926,15,0.288461538,1.5,N2 S1 O15,de-protonated,0,-9999,C52 H78 O15 N2 S1,52,78,15,2,-9999,1,-9999,-9999
1797,1001.503784,1001.504196389,1001.50514748,9124883,-9999,270944.8,12.94,-1,-0.949661336,0.849047025,0,0.509428215,2,0.56097561,2.024390244,N2 P1 O23,de-protonated,0,-9999,C41 H83 O23 N2 P1,41,83,23,2,1,-9999,-9999,-9999
1797,1001.503784,1001.504196389,1001.504501474,9124883,-9999,270944.8,12.94,-1,-0.304626426,0.491651513,0.587191358,0.529867451,33,0.061538462,1.076923077,N4 S1 O4,de-protonated,0,-9999,C65 H70 O4 N4 S1,65,70,4,4,-9999,1,-9999,-9999
1797,1001.503784,1001.504196389,1001.504634416,9124883,-9999,270944.8,12.94,-1,-0.437368387,0.965885946,0,0.579531568,20,0.222222222,1.388888889,N4 P1 O12,de-protonated,0,-9999,C54 H75 O12 N4 P1,54,75,12,4,1,-9999,-9999,-9999
1797,1001.503784,1001.504196389,1001.50436309,9124883,-9999,270944.8,12.94,-1,-0.166449906,0.994985475,0,0.596991285,6,0.386363636,1.863636364,N4 S2 O17,de-protonated,0,-9999,C44 H82 O17 N4 S2,44,82,17,4,-9999,2,-9999,-9999
1797,1001.503784,1001.504196389,1001.50349371,9124883,-9999,270944.8,12.94,-1,0.701624675,0.914550082,0,0.548730049,7,0.511627907,1.813953488,N4 O22,de-protonated,0,-9999,C43 H78 O22 N4,43,78,22,4,-9999,-9999,-9999,-9999
1798,1002.538779,1002.539191872,1002.538441175,15712015,-9999,372458.3,23.64,-1,0.74879619,0.451633312,0.565637507,0.49723499,36,0.028169014,1.042253521,N1 P1 O2,de-protonated,0,-9999,C71 H74 O2 N1 P1,71,74,2,1,1,-9999,-9999,-9999
1798,1002.538779,1002.539191872,1002.53830279,15712015,-9999,372458.3,23.64,-1,0.886830351,0.433505507,0.649019222,0.519710993,9,0.3,1.72,N1 S1 P1 O15,de-protonated,0,-9999,C50 H86 O15 N1 P1 S1,50,86,15,1,1,1,-9999,-9999
1798,1002.538779,1002.539191872,1002.540158708,15712015,-9999,372458.3,23.64,-1,-0.964386381,0.422358029,0.569119254,0.481062519,36,0.014285714,1.042857143,N3 S1 O1,de-protonated,0,-9999,C70 H73 O1 N3 S1,70,73,1,3,-9999,1,-9999,-9999
1798,1002.538779,1002.539191872,1002.540020323,15712015,-9999,372458.3,23.64,-1,-0.826352693,0.441732401,0.653607294,0.526482358,9,0.285714286,1.734693878,N3 S2 O14,de-protonated,0,-9999,C49 H85 O14 N3 S2,49,85,14,3,-9999,2,-9999,-9999
1798,1002.538779,1002.539191872,1002.539150943,15712015,-9999,372458.3,23.64,-1,0.040824565,0.499848818,0.658260696,0.563213569,10,0.395833333,1.6875,N3 O19,de-protonated,0,-9999,C48 H81 O19 N3,48,81,19,3,-9999,-9999,-9999,-9999
1799,1003.255945,1003.256358206,1003.255873354,8618262,-9999,255588.1,12.11,-1,0.483278115,0.958506683,0,0.57510401,34,0.22807017500000001,0.859649123,S1 P1 O13,de-protonated,0,-9999,C57 H49 O13 P1 S1,57,49,13,-9999,1,1,-9999,-9999
1799,1003.255945,1003.256358206,1003.256721507,8618262,-9999,255588.1,12.11,-1,-0.362122232,0.976487019,0,0.585892212,35,0.309090909,0.8,N2 O17,de-protonated,0,-9999,C55 H44 O17 N2,55,44,17,2,-9999,-9999,-9999,-9999
1799,1003.255945,1003.256358206,1003.257210765,8618262,-9999,255588.1,12.11,-1,-0.849790965,0.877189525,0,0.526313715,39,0.155172414,0.775862069,N4 S1 P1 O9,de-protonated,0,-9999,C58 H45 O9 N4 P1 S1,58,45,9,4,1,1,-9999,-9999
1799,1003.255945,1003.256358206,1003.256070059,8618262,-9999,255588.1,12.11,-1,0.287211935,0.985143633,0,0.59108618,26,0.404255319,1.021276596,N4 S1 O19,de-protonated,0,-9999,C47 H48 O19 N4 S1,47,48,19,4,-9999,1,-9999,-9999
1799,1003.255945,1003.256358206,1003.25707238,8618262,-9999,255588.1,12.11,-1,-0.711855917,0.912153403,0,0.547292042,12,0.594594595,1.540540541,N4 S2 P1 O22,de-protonated,0,-9999,C37 H57 O22 N4 P1 S2,37,57,22,4,1,2,-9999,-9999
1800,1003.328703,1003.32911624,1003.328644373,8831307,-9999,281803.3,12.46,-1,0.47030134,0.960661251,0,0.576396751,32,0.186440678,0.966101695,S1 P1 O11,de-protonated,0,-9999,C59 H57 O11 P1 S1,59,57,11,-9999,1,1,-9999,-9999
1800,1003.328703,1003.32911624,1003.328505988,8831307,-9999,281803.3,12.46,-1,0.608226749,0.935078228,0,0.561046937,5,0.631578947,1.815789474,S2 P1 O24,de-protonated,0,-9999,C38 H69 O24 P1 S2,38,69,24,-9999,1,2,-9999,-9999
1800,1003.328703,1003.32911624,1003.329492526,8831307,-9999,281803.3,12.46,-1,-0.375037679,0.974801567,0,0.58488094,33,0.263157895,0.912280702,N2 O15,de-protonated,0,-9999,C57 H52 O15 N2,57,52,15,2,-9999,-9999,-9999,-9999
1800,1003.328703,1003.32911624,1003.329981783,8831307,-9999,281803.3,12.46,-1,-0.862671036,0.873685899,0,0.524211539,37,0.116666667,0.883333333,N4 S1 P1 O7,de-protonated,0,-9999,C60 H53 O7 N4 P1 S1,60,53,7,4,1,1,-9999,-9999
1800,1003.328703,1003.32911624,1003.328841077,8831307,-9999,281803.3,12.46,-1,0.274249383,0.986445452,0,0.591867271,24,0.346938776,1.142857143,N4 S1 O17,de-protonated,0,-9999,C49 H56 O17 N4 S1,49,56,17,4,-9999,1,-9999,-9999
1800,1003.328703,1003.32911624,1003.329843399,8831307,-9999,281803.3,12.46,-1,-0.724745994,0.909093665,0,0.545456199,10,0.512820513,1.666666667,N4 S2 P1 O20,de-protonated,0,-9999,C39 H65 O20 N4 P1 S2,39,65,20,4,1,2,-9999,-9999
1800,1003.328703,1003.32911624,1003.328974019,8831307,-9999,281803.3,12.46,-1,0.141748708,0.996360845,0,0.597816507,11,0.657894737,1.605263158,N4 P1 O25,de-protonated,0,-9999,C38 H61 O25 N4 P1,38,61,25,4,1,-9999,-9999,-9999
1801,1004.194429,1004.194842643,1004.195838046,38454192,-9999,209110,60.59,-1,-0.991244127,0.418351917,0.677556332,0.522033683,22,0.5,1.068181818,N1 S2 O22,de-protonated,0,-9999,C44 H47 O22 N1 S2,44,47,22,1,-9999,2,-9999,-9999
1801,1004.194429,1004.194842643,1004.195324982,38454192,-9999,209110,60.59,-1,-0.480323862,0.319667304,0.554570712,0.413628667,40,0.192982456,0.684210526,N3 S2 O11,de-protonated,0,-9999,C57 H39 O11 N3 S2,57,39,11,3,-9999,2,-9999,-9999
1801,1004.194429,1004.194842643,1004.195457924,38454192,-9999,209110,60.59,-1,-0.612710107,0.46707497,0.667769153,0.547352643,27,0.413043478,0.956521739,N3 S1 P1 O19,de-protonated,0,-9999,C46 H44 O19 N3 P1 S1,46,44,19,3,1,1,-9999,-9999
1802,1005.059219,1005.059633046,1005.059083589,30787084,-9999,245644.5,48.13,-1,0.54669088,0.473607236,0.677556332,0.555186875,30,0.545454545,0.704545455,S1 P1 O24,de-protonated,0,-9999,C44 H31 O24 P1 S1,44,31,24,-9999,1,1,-9999,-9999
1802,1005.059219,1005.059633046,1005.060421,30787084,-9999,245644.5,48.13,-1,-0.783986583,0.447234646,0.672627142,0.537391644,35,0.444444444,0.6,N4 S1 P1 O20,de-protonated,0,-9999,C45 H27 O20 N4 P1 S1,45,27,20,4,1,1,-9999,-9999
1803,1005.108039,1005.108453069,1005.108223316,11814446,-9999,300970.6,17.3,-1,0.228584529,0.495281973,0.635633513,0.551422589,37,0.283018868,0.660377358,S2 P1 O15,de-protonated,0,-9999,C53 H35 O15 P1 S2,53,35,15,-9999,1,2,-9999,-9999
1803,1005.108039,1005.108453069,1005.10907147,11814446,-9999,300970.6,17.3,-1,-0.615257585,0.466809928,0.644495114,0.537884003,38,0.37254902,0.588235294,N2 S1 O19,de-protonated,0,-9999,C51 H30 O19 N2 S1,51,30,19,2,-9999,1,-9999,-9999
1803,1005.108039,1005.108453069,1005.108420021,11814446,-9999,300970.6,17.3,-1,0.032879737,0.999803859,0,0.599882316,29,0.488372093,0.790697674,N4 S2 O21,de-protonated,0,-9999,C43 H34 O21 N4 S2,43,34,21,4,-9999,2,-9999,-9999
1804,1005.205716,1005.206130114,1005.206994608,13321842,-9999,281431.8,19.75,-1,-0.860016132,0.437205622,0.627012296,0.513128291,35,0.309090909,0.763636364,S1 O17,de-protonated,0,-9999,C55 H42 O17 S1,55,42,17,-9999,-9999,1,-9999,-9999
1804,1005.205716,1005.206130114,1005.20712755,13321842,-9999,281431.8,19.75,-1,-0.992269089,0.418197619,0.677556332,0.521941104,22,0.568181818,1.068181818,P1 O25,de-protonated,0,-9999,C44 H47 O25 P1,44,47,25,-9999,1,-9999,-9999,-9999
1804,1005.205716,1005.206130114,1005.206614486,13321842,-9999,281431.8,19.75,-1,-0.481862837,0.479372138,0.618621811,0.535072007,40,0.245614035,0.684210526,N2 P1 O14,de-protonated,0,-9999,C57 H39 O14 N2 P1,57,39,14,2,1,-9999,-9999,-9999
1804,1005.205716,1005.206130114,1005.20634316,13321842,-9999,281431.8,19.75,-1,-0.211942108,0.495941275,0.662980834,0.562757098,26,0.404255319,0.978723404,N2 S2 O19,de-protonated,0,-9999,C47 H46 O19 N2 S2,47,46,19,2,-9999,2,-9999,-9999
1804,1005.205716,1005.206130114,1005.20547378,13321842,-9999,281431.8,19.75,-1,0.65293548,0.462780118,0.667769153,0.544775732,27,0.52173913,0.913043478,N2 O24,de-protonated,0,-9999,C46 H42 O24 N2,46,42,24,2,-9999,-9999,-9999,-9999
1804,1005.205716,1005.206130114,1005.205963037,13321842,-9999,281431.8,19.75,-1,0.166211677,0.497499892,0.653607294,0.559942852,31,0.326530612,0.87755102,N4 S1 P1 O16,de-protonated,0,-9999,C49 H43 O16 N4 P1 S1,49,43,16,4,1,1,-9999,-9999
1805,1006.025705,1006.026119496,1006.027084354,21285024,-9999,281071.8,32.69,-1,-0.959076965,0.4231414,0.587191358,0.488761383,0,0.061538462,2.061538462,N2 O4,de-protonated,0,-9999,C65 H134 O4 N2,65,134,4,2,-9999,-9999,-9999,-9999
1805,1006.025705,1006.026119496,1006.026678518,21285024,-9999,281071.8,32.69,-1,-0.555672901,0.472757115,0.672627142,0.552705125,35,0.422222222,0.577777778,N3 S2 P1 O19,de-protonated,0,-9999,C45 H26 O19 N3 P1 S2,45,26,19,3,1,2,-9999,-9999
1805,1006.025705,1006.026119496,1006.025809138,21285024,-9999,281071.8,32.69,-1,0.30849915,0.491439733,0.677556332,0.565886373,36,0.545454545,0.5,N3 P1 O24,de-protonated,0,-9999,C44 H22 O24 N3 P1,44,22,24,3,1,-9999,-9999,-9999
1806,1006.052421,1006.052835509,1006.051830638,9423026,-9999,401699.7,13.42,-1,0.998825899,0.834416285,0,0.500649771,34,0.404255319,0.638297872,N1 S2 P1 O19,de-protonated,0,-9999,C47 H30 O19 N1 P1 S2,47,30,19,1,1,2,-9999,-9999
1806,1006.052421,1006.052835509,1006.052678791,9423026,-9999,401699.7,13.42,-1,0.155774601,0.995606695,0,0.597364017,35,0.511111111,0.555555556,N3 S1 O23,de-protonated,0,-9999,C45 H25 O23 N3 S1,45,25,23,3,-9999,1,-9999,-9999
1807,1006.941704,1006.942118923,1006.941320099,20007684,-9999,295081.8,30.61,-1,0.793317685,0.446041873,0.598596236,0.507063618,2,0.064516129,2.032258065,N3 P1 O4,de-protonated,0,-9999,C62 H126 O4 N3 P1,62,126,4,3,1,-9999,-9999,-9999
1808,1007.093571,1007.093985994,1007.093361098,9309032,-9999,188955.6,13.23,-1,0.620493995,0.932524302,0,0.559514581,28,0.466666667,0.822222222,S2 P1 O21,de-protonated,0,-9999,C45 H37 O21 P1 S2,45,37,21,-9999,1,2,-9999,-9999
1808,1007.093571,1007.093985994,1007.0948607,9309032,-9999,188955.6,13.23,-1,-0.868544266,0.872075488,0,0.523245293,38,0.450980392,0.549019608,O23,de-protonated,0,-9999,C51 H28 O23,51,28,23,-9999,-9999,-9999,-9999,-9999
1808,1007.093571,1007.093985994,1007.094209252,9309032,-9999,188955.6,13.23,-1,-0.221685106,0.991122474,0,0.594673484,29,0.581395349,0.744186047,N2 S1 O25,de-protonated,0,-9999,C43 H32 O25 N2 S1,43,32,25,2,-9999,1,-9999,-9999
1808,1007.093571,1007.093985994,1007.094698509,9309032,-9999,188955.6,13.23,-1,-0.707495668,0.913178268,0,0.547906961,33,0.369565217,0.717391304,N4 S2 P1 O17,de-protonated,0,-9999,C46 H33 O17 N4 P1 S2,46,33,17,4,1,2,-9999,-9999
1808,1007.093571,1007.093985994,1007.093829129,9309032,-9999,188955.6,13.23,-1,0.1557598,0.995607528,0,0.597364517,34,0.488888889,0.644444444,N4 P1 O22,de-protonated,0,-9999,C45 H29 O22 N4 P1,45,29,22,4,1,-9999,-9999,-9999
1809,1007.866847,1007.867262354,1007.868200927,18304352,-9999,264731.2,27.84,-1,-0.931245406,0.427200104,0.598596236,0.495758557,3,0.112903226,1.935483871,S1 O7,de-protonated,0,-9999,C62 H120 O7 S1,62,120,7,-9999,-9999,1,-9999,-9999
1809,1007.866847,1007.867262354,1007.867820804,18304352,-9999,264731.2,27.84,-1,-0.554090626,0.472907766,0.590944388,0.520122415,8,0.0625,1.828125,N2 P1 O4,de-protonated,0,-9999,C64 H117 O4 N2 P1,64,117,4,2,1,-9999,-9999,-9999
1810,1007.989747,1007.990162411,1007.989242293,9776559,-9999,181343.9,13.99,-1,0.912825821,0.429841185,0.562198102,0.482783952,9,0.013888889,1.777777778,O1,de-protonated,0,-9999,C72 H128 O1,72,128,1,-9999,-9999,-9999,-9999,-9999
1810,1007.989747,1007.990162411,1007.990686932,9776559,-9999,181343.9,13.99,-1,-0.520362469,0.952055308,0,0.571233185,31,0.575,0.6,N3 S2 P1 O23,de-protonated,0,-9999,C40 H24 O23 N3 P1 S2,40,24,23,3,1,2,-9999,-9999
1811,1008.73635,1008.736765759,1008.736806632,16109452,-9999,203151.6,24.28,-1,-0.040519087,0.499851071,0.576212942,0.53039582,20,0.044117647,1.470588235,N1 P1 O3,de-protonated,0,-9999,C68 H100 O3 N1 P1,68,100,3,1,1,-9999,-9999,-9999
1811,1008.73635,1008.736765759,1008.736535306,16109452,-9999,203151.6,24.28,-1,0.228457141,0.495287206,0.614510218,0.542976411,6,0.137931034,1.844827586,N1 S2 O8,de-protonated,0,-9999,C58 H107 O8 N1 S2,58,107,8,1,-9999,2,-9999,-9999
1811,1008.73635,1008.736765759,1008.736155184,16109452,-9999,203151.6,24.28,-1,0.605287698,0.467841781,0.606448844,0.523284606,11,0.083333333,1.733333333,N3 S1 P1 O5,de-protonated,0,-9999,C60 H104 O5 N3 P1 S1,60,104,5,3,1,1,-9999,-9999
1812,1010.634843,1010.635259644,1010.634786634,18437156,-9999,264284.9,27.91,-1,0.468032243,0.48051623,0.627012296,0.539114656,8,0.163636364,1.781818182,N1 S2 P1 O9,de-protonated,0,-9999,C55 H98 O9 N1 P1 S2,55,98,9,1,1,2,-9999,-9999
1812,1010.634843,1010.635259644,1010.635634787,18437156,-9999,264284.9,27.91,-1,-0.371195603,0.48765441,0.635633513,0.546846051,9,0.245283019,1.754716981,N3 S1 O13,de-protonated,0,-9999,C53 H93 O13 N3 S1,53,93,13,3,-9999,1,-9999,-9999
1813,1012.519949,1012.520366522,1012.520150802,8755325,-9999,296230.8,12.26,-1,0.213052155,0.991797647,0,0.595078588,15,0.181818182,1.527272727,N1 S2 P1 O10,de-protonated,0,-9999,C55 H84 O10 N1 P1 S2,55,84,10,1,1,2,-9999,-9999
1813,1012.519949,1012.520366522,1012.520998956,8755325,-9999,296230.8,12.26,-1,-0.624612794,0.931656963,0,0.558994178,16,0.264150943,1.490566038,N3 S1 O14,de-protonated,0,-9999,C53 H79 O14 N3 S1,53,79,14,3,-9999,1,-9999,-9999
1813,1012.519949,1012.520366522,1012.521131897,8755325,-9999,296230.8,12.26,-1,-0.755910446,0.901513836,0,0.540908302,3,0.523809524,2,N3 P1 O22,de-protonated,0,-9999,C42 H84 O22 N3 P1,42,84,22,3,1,-9999,-9999,-9999
1814,1014.201777,1014.202195306,1014.202458056,15916083,-9999,247923,23.83,-1,-0.259070921,0.493947715,0.635633513,0.550622035,32,0.264150943,0.867924528,N1 S2 P1 O14,de-protonated,0,-9999,C53 H46 O14 N1 P1 S2,53,46,14,1,1,2,-9999,-9999
1814,1014.201777,1014.202195306,1014.201588676,15916083,-9999,247923,23.83,-1,0.598135037,0.468573051,0.640033642,0.537157287,33,0.365384615,0.807692308,N1 P1 O19,de-protonated,0,-9999,C52 H42 O19 N1 P1,52,42,19,1,1,-9999,-9999,-9999
1814,1014.201777,1014.202195306,1014.20131735,15916083,-9999,247923,23.83,-1,0.865662122,0.436433376,0.68763467,0.536913894,19,0.571428571,1.166666667,N1 S2 O24,de-protonated,0,-9999,C42 H49 O24 N1 S2,42,49,24,1,-9999,2,-9999,-9999
1815,1014.250884,1014.251302328,1014.250728403,10624078,-9999,214848.7,15.28,-1,0.565861259,0.471777944,0.602496955,0.524065548,40,0.163934426,0.754098361,N1 S1 P1 O10,de-protonated,0,-9999,C61 H46 O10 N1 P1 S1,61,46,10,1,1,1,-9999,-9999
1815,1014.250884,1014.251302328,1014.250590019,10624078,-9999,214848.7,15.28,-1,0.702301415,0.914392433,0,0.54863546,13,0.575,1.45,N1 S2 P1 O23,de-protonated,0,-9999,C40 H58 O23 N1 P1 S2,40,58,23,1,1,2,-9999,-9999
1815,1014.250884,1014.251302328,1014.252089621,10624078,-9999,214848.7,15.28,-1,-0.776229336,0.896435768,0,0.537861461,23,0.543478261,1.065217391,N1 O25,de-protonated,0,-9999,C46 H49 O25 N1,46,49,25,1,-9999,-9999,-9999,-9999
1816,1014.354991,1014.355409377,1014.356242302,16112775,-9999,181588.4,24.15,-1,-0.821136438,0.44242174,0.618621811,0.512901769,28,0.210526316,1.070175439,N1 S2 O12,de-protonated,0,-9999,C57 H61 O12 N1 S2,57,61,12,1,-9999,2,-9999,-9999
1816,1014.354991,1014.355409377,1014.355372922,16112775,-9999,181588.4,24.15,-1,0.035939079,0.499882833,0.622788794,0.549045217,29,0.303571429,1.017857143,N1 O17,de-protonated,0,-9999,C56 H57 O17 N1,56,57,17,1,-9999,-9999,-9999,-9999
1816,1014.354991,1014.355409377,1014.356375244,16112775,-9999,181588.4,24.15,-1,-0.952196511,0.424152275,0.667769153,0.521599026,15,0.434782609,1.434782609,N1 S1 P1 O20,de-protonated,0,-9999,C46 H66 O20 N1 P1 S1,46,66,20,1,1,1,-9999,-9999
1816,1014.354991,1014.355409377,1014.355862179,16112775,-9999,181588.4,24.15,-1,-0.446393981,0.482244505,0.610452919,0.53352787,33,0.152542373,0.983050847,N3 S1 P1 O9,de-protonated,0,-9999,C59 H58 O9 N3 P1 S1,59,58,9,3,1,1,-9999,-9999
1816,1014.354991,1014.355409377,1014.354721473,16112775,-9999,181588.4,24.15,-1,0.678168755,0.459968272,0.658260696,0.539285242,20,0.395833333,1.270833333,N3 S1 O19,de-protonated,0,-9999,C48 H61 O19 N3 S1,48,61,19,3,-9999,1,-9999,-9999
1816,1014.354991,1014.355409377,1014.355723795,16112775,-9999,181588.4,24.15,-1,-0.309968105,0.491358728,0.70871839,0.578302593,6,0.578947368,1.842105263,N3 S2 P1 O22,de-protonated,0,-9999,C38 H70 O22 N3 P1 S2,38,70,22,3,1,2,-9999,-9999
1817,1016.1722,1016.172619224,1016.172339696,8642649,-9999,262041.4,12.08,-1,0.275078417,0.986363941,0,0.591818365,19,0.56097561,1.170731707,N1 S2 P1 O23,de-protonated,0,-9999,C41 H48 O23 N1 P1 S2,41,48,23,1,1,2,-9999,-9999
1817,1016.1722,1016.172619224,1016.171826632,8642649,-9999,262041.4,12.08,-1,0.779977665,0.895487462,0,0.537292477,37,0.222222222,0.740740741,N3 S2 P1 O12,de-protonated,0,-9999,C54 H40 O12 N3 P1 S2,54,40,12,3,1,2,-9999,-9999
1818,1016.221451,1016.221870247,1016.222327577,13230194,-9999,262717.1,19.49,-1,-0.450029804,0.481959397,0.658260696,0.552479917,27,0.375,0.979166667,N3 S2 O18,de-protonated,0,-9999,C48 H47 O18 N3 S2,48,47,18,3,-9999,2,-9999,-9999
1818,1016.221451,1016.221870247,1016.221458197,13230194,-9999,262717.1,19.49,-1,0.405472184,0.485304505,0.662980834,0.556375036,28,0.489361702,0.914893617,N3 O23,de-protonated,0,-9999,C47 H43 O23 N3,47,43,23,3,-9999,-9999,-9999,-9999
1819,1016.225739,1016.226158249,1016.226350329,18636916,-9999,268795.8,28.23,-1,-0.189013341,0.496769261,0.635633513,0.552314962,31,0.301886792,0.886792453,N1 S2 O16,de-protonated,0,-9999,C53 H47 O16 N1 S2,53,47,16,1,-9999,2,-9999,-9999
1819,1016.225739,1016.226158249,1016.225480949,18636916,-9999,268795.8,28.23,-1,0.666485485,0.461281306,0.640033642,0.53278224,32,0.403846154,0.826923077,N1 O21,de-protonated,0,-9999,C52 H43 O21 N1,52,43,21,1,-9999,-9999,-9999,-9999
1819,1016.225739,1016.226158249,1016.226483271,18636916,-9999,268795.8,28.23,-1,-0.319832314,0.490805157,0.68763467,0.569536962,18,0.571428571,1.238095238,N1 S1 P1 O24,de-protonated,0,-9999,C42 H52 O24 N1 P1 S1,42,52,24,1,1,1,-9999,-9999
1819,1016.225739,1016.226158249,1016.225970206,18636916,-9999,268795.8,28.23,-1,0.185039733,0.496903255,0.627012296,0.548946871,36,0.236363636,0.8,N3 S1 P1 O13,de-protonated,0,-9999,C55 H44 O13 N3 P1 S1,55,44,13,3,1,1,-9999,-9999
1821,1017.032483,1017.032902624,1017.032277699,28566040,-9999,304509.5,44.28,-1,0.614459751,0.466893038,0.672627142,0.549186679,37,0.511111111,0.488888889,N4 S1 O23,de-protonated,0,-9999,C45 H22 O23 N4 S1,45,22,23,4,-9999,1,-9999,-9999
1822,1017.113277,1017.113696662,1017.114096543,9052737,-9999,236300.9,12.74,-1,-0.393152802,0.972343283,0,0.58340597,29,0.425531915,0.829787234,S2 P1 O20,de-protonated,0,-9999,C47 H39 O20 P1 S2,47,39,20,-9999,1,2,-9999,-9999
1822,1017.113277,1017.113696662,1017.113227163,9052737,-9999,236300.9,12.74,-1,0.461599161,0.962075876,0,0.577245525,30,0.543478261,0.760869565,P1 O25,de-protonated,0,-9999,C46 H35 O25 P1,46,35,25,-9999,1,-9999,-9999,-9999
1822,1017.113277,1017.113696662,1017.114564574,9052737,-9999,236300.9,12.74,-1,-0.853307914,0.876236691,0,0.525742014,35,0.446808511,0.659574468,N4 P1 O21,de-protonated,0,-9999,C47 H31 O21 N4 P1,47,31,21,4,1,-9999,-9999,-9999
1823,1017.164165,1017.164584686,1017.164868814,41542236,-9999,255627.4,65.25,-1,-0.279333594,0.32864727,0.587975334,0.432378496,33,0.411764706,0.764705882,P1 O21,de-protonated,0,-9999,C51 H39 O21 P1,51,39,21,-9999,1,-9999,-9999,-9999
1823,1017.164165,1017.164584686,1017.164084424,41542236,-9999,255627.4,65.25,-1,0.491820444,0.319019698,0.570956251,0.419794319,37,0.277777778,0.703703704,N2 S2 O15,de-protonated,0,-9999,C54 H38 O15 N2 S2,54,38,15,2,-9999,2,-9999,-9999
1823,1017.164165,1017.164584686,1017.164217365,41542236,-9999,255627.4,65.25,-1,0.361121986,0.488307603,0.6825583,0.566007882,24,0.534883721,1,N2 S1 P1 O23,de-protonated,0,-9999,C43 H43 O23 N2 P1 S1,43,43,23,2,1,1,-9999,-9999
1824,1017.89666,1017.897080027,1017.896798458,13198286,-9999,214915.6,19.44,-1,0.276618874,0.493105924,0.583485697,0.529257834,9,0.075757576,1.787878788,N2 O5,de-protonated,0,-9999,C66 H118 O5 N2,66,118,5,2,-9999,-9999,-9999,-9999
1824,1017.89666,1017.897080027,1017.896147009,13198286,-9999,214915.6,19.44,-1,0.916614282,0.429300966,0.614510218,0.503384667,0,0.120689655,2.103448276,N4 S1 O7,de-protonated,0,-9999,C58 H122 O7 N4 S1,58,122,7,4,-9999,1,-9999,-9999
1825,1018.860865,1018.861285476,1018.860686994,11740587,-9999,238320,17.08,-1,0.587403414,0.469656014,0.610452919,0.525974776,0,0.118644068,2.06779661,N1 S1 P1 O7,de-protonated,0,-9999,C59 H122 O7 N1 P1 S1,59,122,7,1,1,1,-9999,-9999
1825,1018.860865,1018.861285476,1018.861535147,11740587,-9999,238320,17.08,-1,-0.245048925,0.494581668,0.618621811,0.544197725,1,0.192982456,2.052631579,N3 O11,de-protonated,0,-9999,C57 H117 O11 N3,57,117,11,3,-9999,-9999,-9999,-9999
1826,1018.914505,1018.914925501,1018.914046178,9856453,-9999,338568.6,14.04,-1,0.863000721,0.436797856,0.594745702,0.499976994,3,0.031746032,1.984126984,N3 S2 O2,de-protonated,0,-9999,C63 H125 O2 N3 S2,63,125,2,3,-9999,2,-9999,-9999
1827,1018.992688,1018.993108538,1018.993341872,27125228,-9999,273348.4,41.95,-1,-0.228984977,0.330177005,0.508967985,0.401693397,1,0.045454545,2.015151515,N1 S1 O3,de-protonated,0,-9999,C66 H133 O3 N1 S1,66,133,3,1,-9999,1,-9999,-9999
1827,1018.992688,1018.993108538,1018.993784189,27125228,-9999,273348.4,41.95,-1,-0.663057722,0.46166291,0.677556332,0.548020279,37,0.5,0.454545455,N4 S2 O22,de-protonated,0,-9999,C44 H20 O22 N4 S2,44,20,22,4,-9999,2,-9999,-9999
1828,1019.015322,1019.015742548,1019.016567328,15476214,-9999,232153.1,23.12,-1,-0.809387716,0.443962246,0.703327172,0.547708216,27,0.641025641,0.743589744,N2 S2 P1 O25,de-protonated,0,-9999,C39 H29 O25 N2 P1 S2,39,29,25,2,1,2,-9999,-9999
1828,1019.015322,1019.015742548,1019.014913557,15476214,-9999,232153.1,23.12,-1,0.813521743,0.44342211,0.692787115,0.543168112,32,0.585365854,0.585365854,N4 S2 O24,de-protonated,0,-9999,C41 H24 O24 N4 S2,41,24,24,4,-9999,2,-9999,-9999
1829,1020.982756,1020.983177465,1020.983839816,20933018,-9999,256158.6,31.94,-1,-0.648738359,0.463239102,0.590944388,0.514321216,1,0.046875,2.046875,N3 S1 O3,de-protonated,0,-9999,C64 H131 O3 N3 S1,64,131,3,3,-9999,1,-9999,-9999
1829,1020.982756,1020.983177465,1020.982564601,20933018,-9999,256158.6,31.94,-1,0.600268947,0.468355676,0.6825583,0.554036725,37,0.534883721,0.441860465,N4 S1 P1 O23,de-protonated,0,-9999,C43 H19 O23 N4 P1 S1,43,19,23,4,1,1,-9999,-9999
1830,1021.667931,1021.668352784,1021.669180565,17328850,-9999,271391.8,26.11,-1,-0.810223572,0.443853205,0.590944388,0.502689678,18,0.125,1.484375,P1 O8,de-protonated,0,-9999,C64 H95 O8 P1,64,95,8,-9999,1,-9999,-9999,-9999
1830,1021.667931,1021.668352784,1021.668909238,17328850,-9999,271391.8,26.11,-1,-0.544652272,0.473798466,0.631293472,0.536796468,4,0.240740741,1.888888889,S2 O13,de-protonated,0,-9999,C54 H102 O13 S2,54,102,13,-9999,-9999,2,-9999,-9999
1830,1021.667931,1021.668352784,1021.668039858,17328850,-9999,271391.8,26.11,-1,0.306288897,0.491560917,0.635633513,0.549189956,5,0.339622642,1.849056604,O18,de-protonated,0,-9999,C53 H98 O18,53,98,18,-9999,-9999,-9999,-9999,-9999
1830,1021.667931,1021.668352784,1021.668396174,17328850,-9999,271391.8,26.11,-1,-0.042469791,0.499836389,0.579826515,0.531832439,22,0.029850746,1.402985075,N2 S2 O2,de-protonated,0,-9999,C67 H94 O2 N2 S2,67,94,2,2,-9999,2,-9999,-9999
1830,1021.667931,1021.668352784,1021.667526794,17328850,-9999,271391.8,26.11,-1,0.808472233,0.444081575,0.583485697,0.499843224,23,0.106060606,1.363636364,N2 O7,de-protonated,0,-9999,C66 H90 O7 N2,66,90,7,2,-9999,-9999,-9999,-9999
1830,1021.667931,1021.668352784,1021.668529116,17328850,-9999,271391.8,26.11,-1,-0.172591959,0.497304795,0.622788794,0.547498395,9,0.178571429,1.767857143,N2 S1 P1 O10,de-protonated,0,-9999,C56 H99 O10 N2 P1 S1,56,99,10,2,1,1,-9999,-9999
1830,1021.667931,1021.668352784,1021.667877667,17328850,-9999,271391.8,26.11,-1,0.465040467,0.480759684,0.658260696,0.551760089,0,0.25,2.145833333,N4 S2 P1 O12,de-protonated,0,-9999,C48 H103 O12 N4 P1 S2,48,103,12,4,1,2,-9999,-9999
1831,1021.717715,1021.718136807,1021.717179586,12823273,-9999,248393.8,18.83,-1,0.936875293,0.426385633,0.598596236,0.495269874,12,0.14516129,1.64516129,S1 O9,de-protonated,0,-9999,C62 H102 O9 S1,62,102,9,-9999,-9999,1,-9999,-9999
1831,1021.717715,1021.718136807,1021.717668843,12823273,-9999,248393.8,18.83,-1,0.458017167,0.481325542,0.587191358,0.523671868,16,0.015384615,1.584615385,N2 S2 P1 O1,de-protonated,0,-9999,C65 H103 O1 N2 P1 S2,65,103,1,2,1,2,-9999,-9999
1831,1021.717715,1021.718136807,1021.718516996,12823273,-9999,248393.8,18.83,-1,-0.372107319,0.487594449,0.594745702,0.53045495,17,0.079365079,1.555555556,N4 S1 O5,de-protonated,0,-9999,C63 H98 O5 N4 S1,63,98,5,4,-9999,1,-9999,-9999
1831,1021.717715,1021.718136807,1021.718649938,12823273,-9999,248393.8,18.83,-1,-0.502223061,0.477632524,0.640033642,0.542592971,4,0.25,1.980769231,N4 P1 O13,de-protonated,0,-9999,C52 H103 O13 N4 P1,52,103,13,4,1,-9999,-9999,-9999
1832,1021.820838,1021.821259855,1021.820462887,13789975,-9999,258309.8,20.39,-1,0.779949489,0.447747302,0.562198102,0.493527622,18,0.013888889,1.527777778,S1 O1,de-protonated,0,-9999,C72 H110 O1 S1,72,110,1,-9999,-9999,1,-9999,-9999
1832,1021.820838,1021.821259855,1021.821465209,13789975,-9999,258309.8,20.39,-1,-0.20096784,0.993186351,0.98796846,0.991099194,4,0.064516129,1.919354839,S2 P1 O4,de-protonated,0,-9999,C62 H119 O4 P1 S2,62,119,4,-9999,1,2,-9999,-9999
1832,1021.820838,1021.821259855,1021.820595829,13789975,-9999,258309.8,20.39,-1,0.649846578,0.463118154,0.602496955,0.518869674,5,0.14754098399999999,1.885245902,P1 O9,de-protonated,0,-9999,C61 H115 O9 P1,61,115,9,-9999,1,-9999,-9999,-9999
1832,1021.820838,1021.821259855,1021.821933239,13789975,-9999,258309.8,20.39,-1,-0.659003179,0.955514055,0.98796846,0.968495817,10,0.080645161,1.790322581,N4 P1 O5,de-protonated,0,-9999,C62 H111 O5 N4 P1,62,111,5,4,1,-9999,-9999,-9999
1833,1021.849547,1021.849968869,1021.849967405,8743716,-9999,348782.3,12.23,-1,0.001432151,0.999999628,0,0.599999777,0,0.224137931,2.034482759,O13,de-protonated,0,-9999,C58 H118 O13,58,118,13,-9999,-9999,-9999,-9999,-9999
1833,1021.849547,1021.849968869,1021.849454341,8743716,-9999,348782.3,12.23,-1,0.503525926,0.477518975,0.565637507,0.512766388,18,0.028169014,1.549295775,N2 O2,de-protonated,0,-9999,C71 H110 O2 N2,71,110,2,2,-9999,-9999,-9999,-9999
1833,1021.849547,1021.849968869,1021.850456663,8743716,-9999,348782.3,12.23,-1,-0.477363301,0.959495407,0,0.575697244,4,0.081967213,1.950819672,N2 S1 P1 O5,de-protonated,0,-9999,C61 H119 O5 N2 P1 S1,61,119,5,2,1,1,-9999,-9999
1834,1021.873738,1021.87415988,1021.874606461,32172848,-9999,248735.4,50.1,-1,-0.437021425,0.321979706,0.476878192,0.3839391,17,0.02739726,1.561643836,O2,de-protonated,0,-9999,C73 H114 O2,73,114,2,-9999,-9999,-9999,-9999,-9999
1834,1021.873738,1021.87415988,1021.873955012,32172848,-9999,248735.4,50.1,-1,0.200482244,0.33091118,0.513784664,0.404060573,8,0.061538462,1.815384615,N2 S1 O4,de-protonated,0,-9999,C65 H118 O4 N2 S1,65,118,4,2,-9999,1,-9999,-9999
1834,1021.873738,1021.87415988,1021.87357489,32172848,-9999,248735.4,50.1,-1,0.572468178,0.314089715,0.504211037,0.390138244,13,0.014925373,1.71641791,N4 P1 O1,de-protonated,0,-9999,C67 H115 O1 N4 P1,67,115,1,4,1,-9999,-9999,-9999
1835,1022.590113,1022.590535214,1022.591525576,8924269,-9999,275621.8,12.53,-1,-0.968483062,0.421751632,0.562198102,0.47793022,33,0.027777778,1.125,N1 S1 O2,de-protonated,0,-9999,C72 H81 O2 N1 S1,72,81,2,1,-9999,1,-9999,-9999
1835,1022.590113,1022.590535214,1022.591387192,8924269,-9999,275621.8,12.53,-1,-0.833155993,0.881656806,0,0.528994084,6,0.294117647,1.823529412,N1 S2 O15,de-protonated,0,-9999,C51 H93 O15 N1 S2,51,93,15,1,-9999,2,-9999,-9999
1835,1022.590113,1022.590535214,1022.590517812,8924269,-9999,275621.8,12.53,-1,0.017017298,0.999947456,0,0.599968474,7,0.4,1.78,N1 O20,de-protonated,0,-9999,C50 H89 O20 N1,50,89,20,1,-9999,-9999,-9999,-9999
1835,1022.590113,1022.590535214,1022.590874128,8924269,-9999,275621.8,12.53,-1,-0.331426674,0.490133162,0.590944388,0.530457653,24,0.0625,1.328125,N3 S2 O4,de-protonated,0,-9999,C64 H85 O4 N3 S2,64,85,4,3,-9999,2,-9999,-9999
1835,1022.590113,1022.590535214,1022.590004748,8924269,-9999,275621.8,12.53,-1,0.51874747,0.952345253,0,0.571407152,25,0.142857143,1.285714286,N3 O9,de-protonated,0,-9999,C63 H81 O9 N3,63,81,9,3,-9999,-9999,-9999,-9999
1835,1022.590113,1022.590535214,1022.5910070690001,8924269,-9999,275621.8,12.53,-1,-0.461431422,0.962102904,0,0.577261743,11,0.226415094,1.698113208,N3 S1 P1 O12,de-protonated,0,-9999,C53 H90 O12 N3 P1 S1,53,90,12,3,1,1,-9999,-9999
1836,1022.642808,1022.643230238,1022.644169549,90565768,-9999,241584.1,144.49,-1,-0.918511335,0.214514935,0.482443953,0.321686542,22,0.014925373,1.402985075,N1 S2 P1 O1,de-protonated,0,-9999,C67 H94 O1 N1 P1 S2,67,94,1,1,1,2,-9999,-9999
1836,1022.642808,1022.643230238,1022.643300169,90565768,-9999,241584.1,144.49,-1,-0.068381997,0.333050629,0.508967985,0.403417572,23,0.090909091,1.363636364,N1 P1 O6,de-protonated,0,-9999,C66 H90 O6 N1 P1,66,90,6,1,1,-9999,-9999,-9999
1836,1022.642808,1022.643230238,1022.643028842,90565768,-9999,241584.1,144.49,-1,0.196936529,0.24824685,0.533244302,0.36224583,9,0.196428571,1.732142857,N1 S2 O11,de-protonated,0,-9999,C56 H97 O11 N1 S2,56,97,11,1,-9999,2,-9999,-9999
1836,1022.642808,1022.643230238,1022.64264872,90565768,-9999,241584.1,144.49,-1,0.568642712,0.314338596,0.549245293,0.408301275,14,0.137931034,1.620689655,N3 S1 P1 O8,de-protonated,0,-9999,C58 H94 O8 N3 P1 S1,58,94,8,3,1,1,-9999,-9999
1837,1022.824589,1022.825011323,1022.824820044,8793300,-9999,292439.4,12.31,-1,0.187010843,0.993674277,0.98796846,0.99139195,4,0.064516129,1.919354839,13C1 S2 P1 O4,de-protonated,1,1832,C61 H119 O4 P1 S2 13C1,61,119,4,-9999,1,2,1,-9999
1837,1022.824589,1022.825011323,1022.825227715,8793300,-9999,292439.4,12.31,-1,-0.211563464,0.495955705,0.565637507,0.523828426,18,0.014084507,1.549295775,N1 P1 O1,de-protonated,0,-9999,C71 H110 O1 N1 P1,71,110,1,1,1,-9999,-9999,-9999
1837,1022.824589,1022.825011323,1022.824956389,8793300,-9999,292439.4,12.31,-1,0.053707833,0.999476743,0,0.599686046,4,0.098360656,1.918032787,N1 S2 O6,de-protonated,0,-9999,C61 H117 O6 N1 S2,61,117,6,1,-9999,2,-9999,-9999
1837,1022.824589,1022.825011323,1022.824087009,8793300,-9999,292439.4,12.31,-1,0.903687734,0.862275593,0,0.517365356,5,0.183333333,1.883333333,N1 O11,de-protonated,0,-9999,C60 H113 O11 N1,60,113,11,1,-9999,-9999,-9999,-9999
1837,1022.824589,1022.825011323,1022.824576267,8793300,-9999,292439.4,12.31,-1,0.425347847,0.967705145,0,0.580623087,9,0.047619048,1.80952381,N3 S1 P1 O3,de-protonated,0,-9999,C63 H114 O3 N3 P1 S1,63,114,3,3,1,1,-9999,-9999
1837,1022.824589,1022.825011323,1022.825288074,8793300,-9999,292439.4,12.31,-1,-0.270575358,0.986803799,0.98796846,0.987269664,10,0.080645161,1.790322581,13C1 N4 P1 O5,de-protonated,1,1832,C61 H111 O5 N4 P1 13C1,61,111,5,4,1,-9999,1,-9999
1838,1023.719693,1023.72011574,1023.720944812,21720662,-9999,285915.1,33.21,-1,-0.809861493,0.44390045,0.627012296,0.517145188,2,0.218181818,1.963636364,S2 O12,de-protonated,0,-9999,C55 H108 O12 S2,55,108,12,-9999,-9999,2,-9999,-9999
1838,1023.719693,1023.72011574,1023.720075432,21720662,-9999,285915.1,33.21,-1,0.039373749,0.499859371,0.631293472,0.552433011,3,0.314814815,1.925925926,O17,de-protonated,0,-9999,C54 H104 O17,54,104,17,-9999,-9999,-9999,-9999,-9999
1838,1023.719693,1023.72011574,1023.720431748,21720662,-9999,285915.1,33.21,-1,-0.308685764,0.491429463,0.576212942,0.525342855,20,0.014705882,1.470588235,N2 S2 O1,de-protonated,0,-9999,C68 H100 O1 N2 S2,68,100,1,2,-9999,2,-9999,-9999
1838,1023.719693,1023.72011574,1023.719562368,21720662,-9999,285915.1,33.21,-1,0.54055033,0.474181311,0.579826515,0.516439393,21,0.089552239,1.432835821,N2 O6,de-protonated,0,-9999,C67 H96 O6 N2,67,96,6,2,-9999,-9999,-9999,-9999
1838,1023.719693,1023.72011574,1023.72056469,21720662,-9999,285915.1,33.21,-1,-0.438547069,0.482852511,0.618621811,0.537160231,7,0.157894737,1.842105263,N2 S1 P1 O9,de-protonated,0,-9999,C57 H105 O9 N2 P1 S1,57,105,9,2,1,1,-9999,-9999
1839,1024.697564,1024.697987196,1024.697704724,22310896,-9999,207714.6,34.16,-1,0.275663156,0.328768769,0.472516812,0.386267986,30,0.027027027,1.22972973,N1 O2,de-protonated,0,-9999,C74 H91 O2 N1,74,91,2,1,-9999,-9999,-9999,-9999
1839,1024.697564,1024.697987196,1024.698707046,22310896,-9999,207714.6,34.16,-1,-0.70249937,0.457173148,0.590944388,0.510681644,16,0.078125,1.5625,N1 S1 P1 O5,de-protonated,0,-9999,C64 H100 O5 N1 P1 S1,64,100,5,1,1,1,-9999,-9999
1839,1024.697564,1024.697987196,1024.69756634,22310896,-9999,207714.6,34.16,-1,0.410712241,0.48492804,0.635633513,0.545210229,3,0.283018868,1.943396226,N1 S1 O15,de-protonated,0,-9999,C53 H103 O15 N1 S1,53,103,15,1,-9999,1,-9999,-9999
1839,1024.697564,1024.697987196,1024.697053275,22310896,-9999,207714.6,34.16,-1,0.91141092,0.430042544,0.583485697,0.491419805,21,0.060606061,1.439393939,N3 S1 O4,de-protonated,0,-9999,C66 H95 O4 N3 S1,66,95,4,3,-9999,1,-9999,-9999
1839,1024.697564,1024.697987196,1024.698055597,22310896,-9999,207714.6,34.16,-1,-0.066752851,0.499595901,0.622788794,0.548873058,7,0.125,1.857142857,N3 S2 P1 O7,de-protonated,0,-9999,C56 H104 O7 N3 P1 S2,56,104,7,3,1,2,-9999,-9999
1839,1024.697564,1024.697987196,1024.697186217,22310896,-9999,207714.6,34.16,-1,0.78167322400000006,0.447528663,0.627012296,0.519322116,8,0.218181818,1.818181818,N3 P1 O12,de-protonated,0,-9999,C55 H100 O12 N3 P1,55,100,12,3,1,-9999,-9999,-9999
1840,1025.41702,1025.417443531,1025.417638827,10400022,-9999,245860.9,14.91,-1,-0.19045541,0.496719938,0.622788794,0.547147481,24,0.321428571,1.178571429,O18,de-protonated,0,-9999,C56 H66 O18,56,66,18,-9999,-9999,-9999,-9999,-9999
1840,1025.41702,1025.417443531,1025.418128084,10400022,-9999,245860.9,14.91,-1,-0.667584927,0.461158559,0.610452919,0.520876303,28,0.169491525,1.13559322,N2 S1 P1 O10,de-protonated,0,-9999,C59 H67 O10 N2 P1 S1,59,67,10,2,1,1,-9999,-9999
1840,1025.41702,1025.417443531,1025.416987378,10400022,-9999,245860.9,14.91,-1,0.444845705,0.964730527,0,0.578838316,15,0.416666667,1.458333333,N2 S1 O20,de-protonated,0,-9999,C48 H70 O20 N2 S1,48,70,20,2,-9999,1,-9999,-9999
1840,1025.41702,1025.417443531,1025.4179897,10400022,-9999,245860.9,14.91,-1,-0.532630851,0.949826257,0,0.569895754,1,0.605263158,2.078947368,N2 S2 P1 O23,de-protonated,0,-9999,C38 H79 O23 N2 P1 S2,38,79,23,2,1,2,-9999,-9999
1840,1025.41702,1025.417443531,1025.416474314,10400022,-9999,245860.9,14.91,-1,0.945193117,0.425176192,0.602496955,0.496104497,33,0.14754098399999999,1.016393443,N4 S1 O9,de-protonated,0,-9999,C61 H62 O9 N4 S1,61,62,9,4,-9999,1,-9999,-9999
1840,1025.41702,1025.417443531,1025.417476636,10400022,-9999,245860.9,14.91,-1,-0.032284418,0.999810897,0,0.599886538,19,0.235294118,1.392156863,N4 S2 P1 O12,de-protonated,0,-9999,C51 H71 O12 N4 P1 S2,51,71,12,4,1,2,-9999,-9999
1840,1025.41702,1025.417443531,1025.416607256,10400022,-9999,245860.9,14.91,-1,0.81554644,0.886313615,0,0.531788169,20,0.34,1.34,N4 P1 O17,de-protonated,0,-9999,C50 H67 O17 N4 P1,50,67,17,4,1,-9999,-9999,-9999
1841,1026.604965,1026.605389084,1026.605200582,8893166,-9999,252273.7,12.47,-1,0.1836169,0.993901102,0,0.596340661,18,0.131147541,1.475409836,N1 S1 P1 O8,de-protonated,0,-9999,C61 H90 O8 N1 P1 S1,61,90,8,1,1,1,-9999,-9999
1841,1026.604965,1026.605389084,1026.604549134,8893166,-9999,252273.7,12.47,-1,0.818183346,0.885621073,0,0.531372644,9,0.188679245,1.773584906,N3 S2 P1 O10,de-protonated,0,-9999,C53 H94 O10 N3 P1 S2,53,94,10,3,1,2,-9999,-9999
1841,1026.604965,1026.605389084,1026.606048735,8893166,-9999,252273.7,12.47,-1,-0.642555249,0.927821388,0,0.556692833,19,0.203389831,1.440677966,N3 O12,de-protonated,0,-9999,C59 H85 O12 N3,59,85,12,3,-9999,-9999,-9999,-9999
1842,1026.633648,1026.634072098,1026.634572159,19067642,-9999,228134.5,28.92,-1,-0.487087748,0.478931981,0.614510218,0.533163276,13,0.206896552,1.603448276,N1 S1 O12,de-protonated,0,-9999,C58 H93 O12 N1 S1,58,93,12,1,-9999,1,-9999,-9999
1842,1026.633648,1026.634072098,1026.6347051,19067642,-9999,228134.5,28.92,-1,-0.616580414,0.466671926,0.662980834,0.545195489,0,0.425531915,2.085106383,N1 P1 O20,de-protonated,0,-9999,C47 H98 O20 N1 P1,47,98,20,1,1,-9999,-9999,-9999
1842,1026.633648,1026.634072098,1026.634059094,19067642,-9999,228134.5,28.92,-1,0.012665787,0.499985446,0.565637507,0.52624627,31,0.014084507,1.197183099,N3 S1 O1,de-protonated,0,-9999,C71 H85 O1 N3 S1,71,85,1,3,-9999,1,-9999,-9999
1842,1026.633648,1026.634072098,1026.635061416,19067642,-9999,228134.5,28.92,-1,-0.963651553,0.422466619,0.602496955,0.494478754,17,0.06557377,1.540983607,N3 S2 P1 O4,de-protonated,0,-9999,C61 H94 O4 N3 P1 S2,61,94,4,3,1,2,-9999,-9999
1842,1026.633648,1026.634072098,1026.634192036,19067642,-9999,228134.5,28.92,-1,-0.116827009,0.498763276,0.606448844,0.541837504,18,0.15,1.5,N3 P1 O9,de-protonated,0,-9999,C60 H90 O9 N3 P1,60,90,9,3,1,-9999,-9999,-9999
1842,1026.633648,1026.634072098,1026.63392071,19067642,-9999,228134.5,28.92,-1,0.147460117,0.498031132,0.649019222,0.558426368,4,0.28,1.94,N3 S2 O14,de-protonated,0,-9999,C50 H97 O14 N3 S2,50,97,14,3,-9999,2,-9999,-9999
1842,1026.633648,1026.634072098,1026.63305133,19067642,-9999,228134.5,28.92,-1,0.994286544,0.417893614,0.653607294,0.512179086,5,0.387755102,1.897959184,N3 O19,de-protonated,0,-9999,C49 H93 O19 N3,49,93,19,3,-9999,-9999,-9999,-9999
1843,1027.329091,1027.329515422,1027.328644373,16708613,-9999,328659.2,25.11,-1,0.84787741,0.438853369,0.602496955,0.504310803,34,0.180327869,0.93442623,S1 P1 O11,de-protonated,0,-9999,C61 H57 O11 P1 S1,61,57,11,-9999,1,1,-9999,-9999
1843,1027.329091,1027.329515422,1027.328505988,16708613,-9999,328659.2,25.11,-1,0.982580717,0.419651988,0.698017357,0.530998135,7,0.6,1.725,S2 P1 O24,de-protonated,0,-9999,C40 H69 O24 P1 S2,40,69,24,-9999,1,2,-9999,-9999
1843,1027.329091,1027.329515422,1027.330361906,16708613,-9999,328659.2,25.11,-1,-0.823965028,0.442048344,0.606448844,0.507808544,34,0.166666667,0.933333333,N2 S2 O10,de-protonated,0,-9999,C60 H56 O10 N2 S2,60,56,10,2,-9999,2,-9999,-9999
1843,1027.329091,1027.329515422,1027.329492526,16708613,-9999,328659.2,25.11,-1,0.022286501,0.49995494,0.610452919,0.544154132,35,0.254237288,0.881355932,N2 O15,de-protonated,0,-9999,C59 H52 O15 N2,59,52,15,2,-9999,-9999,-9999,-9999
1843,1027.329091,1027.329515422,1027.330494848,16708613,-9999,328659.2,25.11,-1,-0.953369948,0.423980219,0.653607294,0.515831049,21,0.367346939,1.244897959,N2 S1 P1 O18,de-protonated,0,-9999,C49 H61 O18 N2 P1 S1,49,61,18,2,1,1,-9999,-9999
1843,1027.329091,1027.329515422,1027.329981783,16708613,-9999,328659.2,25.11,-1,-0.453955183,0.481649179,0.598596236,0.528428002,39,0.112903226,0.85483871,N4 S1 P1 O7,de-protonated,0,-9999,C62 H53 O7 N4 P1 S1,62,53,7,4,1,1,-9999,-9999
1843,1027.329091,1027.329515422,1027.328841077,16708613,-9999,328659.2,25.11,-1,0.65640546,0.462398763,0.644495114,0.535237304,26,0.333333333,1.098039216,N4 S1 O17,de-protonated,0,-9999,C51 H56 O17 N4 S1,51,56,17,4,-9999,1,-9999,-9999
1843,1027.329091,1027.329515422,1027.329843399,16708613,-9999,328659.2,25.11,-1,-0.319252227,0.490838174,0.692787115,0.57161775,12,0.487804878,1.585365854,N4 S2 P1 O20,de-protonated,0,-9999,C41 H65 O20 N4 P1 S2,41,65,20,4,1,2,-9999,-9999
1843,1027.329091,1027.329515422,1027.328974019,16708613,-9999,328659.2,25.11,-1,0.527000156,0.475427551,0.698017357,0.564463473,13,0.625,1.525,N4 P1 O25,de-protonated,0,-9999,C40 H61 O25 N4 P1,40,61,25,4,1,-9999,-9999,-9999
1844,1027.430479,1027.430903469,1027.431927674,9827372,-9999,224225.4,13.98,-1,-0.996859514,0.417505324,0.565637507,0.476758197,40,0.042253521,0.915492958,S1 P1 O3,de-protonated,0,-9999,C71 H65 O3 P1 S1,71,65,3,-9999,1,1,-9999,-9999
1844,1027.430479,1027.430903469,1027.430786968,9827372,-9999,224225.4,13.98,-1,0.113390351,0.498834883,0.606448844,0.541880468,27,0.216666667,1.133333333,S1 O13,de-protonated,0,-9999,C60 H68 O13 S1,60,68,13,-9999,-9999,1,-9999,-9999
1844,1027.430479,1027.430903469,1027.43178929,9827372,-9999,224225.4,13.98,-1,-0.862169997,0.873822913,0,0.524293748,13,0.32,1.54,S2 P1 O16,de-protonated,0,-9999,C50 H77 O16 P1 S2,50,77,16,-9999,1,2,-9999,-9999
1844,1027.430479,1027.430903469,1027.43091991,9827372,-9999,224225.4,13.98,-1,-0.016002042,0.999953538,0,0.599972123,14,0.428571429,1.489795918,P1 O21,de-protonated,0,-9999,C49 H73 O21 P1,49,73,21,-9999,1,-9999,-9999,-9999
1844,1027.430479,1027.430903469,1027.431276225,9827372,-9999,224225.4,13.98,-1,-0.362804424,0.4881997,0.594745702,0.530818101,31,0.079365079,1.095238095,N2 S2 P1 O5,de-protonated,0,-9999,C63 H69 O5 N2 P1 S2,63,69,5,2,1,2,-9999,-9999
1844,1027.430479,1027.430903469,1027.430406846,9827372,-9999,224225.4,13.98,-1,0.483364376,0.47924609,0.598596236,0.526986149,32,0.161290323,1.048387097,N2 P1 O10,de-protonated,0,-9999,C62 H65 O10 N2 P1,62,65,10,2,1,-9999,-9999,-9999
1844,1027.430479,1027.430903469,1027.430135519,9827372,-9999,224225.4,13.98,-1,0.747446849,0.903597582,0,0.542158549,18,0.288461538,1.384615385,N2 S2 O15,de-protonated,0,-9999,C52 H72 O15 N2 S2,52,72,15,2,-9999,2,-9999,-9999
1844,1027.430479,1027.430903469,1027.430268461,9827372,-9999,224225.4,13.98,-1,0.618054292,0.933035728,0,0.559821437,5,0.56097561,1.87804878,N2 S1 P1 O23,de-protonated,0,-9999,C41 H77 O23 N2 P1 S1,41,77,23,2,1,1,-9999,-9999
1845,1028.311549,1028.311973879,1028.311006186,51508596,-9999,287406.7,81.35,-1,0.941051732,0.283852847,0.523600568,0.379751935,39,0.174603175,0.80952381,N1 S1 O11,de-protonated,0,-9999,C63 H51 O11 N1 S1,63,51,11,1,-9999,1,-9999,-9999
1845,1028.311549,1028.311973879,1028.312008507,51508596,-9999,287406.7,81.35,-1,-0.033674357,0.333264755,0.576557625,0.430581903,25,0.264150943,1.132075472,N1 S2 P1 O14,de-protonated,0,-9999,C53 H60 O14 N1 P1 S2,53,60,14,1,1,2,-9999,-9999
1845,1028.311549,1028.311973879,1028.311139127,51508596,-9999,287406.7,81.35,-1,0.811769991,0.295767495,0.582230334,0.410352631,26,0.365384615,1.076923077,N1 P1 O19,de-protonated,0,-9999,C52 H56 O19 N1 P1,52,56,19,1,1,-9999,-9999,-9999
1845,1028.311549,1028.311973879,1028.31285666,51508596,-9999,287406.7,81.35,-1,-0.858475035,0.291610512,0.587975334,0.410156441,26,0.352941176,1.078431373,N3 S1 O18,de-protonated,0,-9999,C51 H55 O18 N3 S1,51,55,18,3,-9999,1,-9999,-9999
1846,1028.315816,1028.316240881,1028.316879412,9762167,-9999,526442,13.88,-1,-0.620947629,0.932429017,0,0.55945741,30,0.285714286,0.982142857,N1 S1 O16,de-protonated,0,-9999,C56 H55 O16 N1 S1,56,55,16,1,-9999,1,-9999,-9999
1846,1028.315816,1028.316240881,1028.317012354,9762167,-9999,526442,13.88,-1,-0.75022843,0.902914813,0,0.541748888,17,0.533333333,1.333333333,N1 P1 O24,de-protonated,0,-9999,C45 H60 O24 N1 P1,45,60,24,1,1,-9999,-9999,-9999
1846,1028.315816,1028.316240881,1028.31649929,9762167,-9999,526442,13.88,-1,-0.251292679,0.988607271,0,0.593164362,35,0.224137931,0.896551724,N3 P1 O13,de-protonated,0,-9999,C58 H52 O13 N3 P1,58,52,13,3,1,-9999,-9999,-9999
1846,1028.315816,1028.316240881,1028.316227964,9762167,-9999,526442,13.88,-1,0.012562042,0.999971367,0,0.59998282,21,0.375,1.229166667,N3 S2 O18,de-protonated,0,-9999,C48 H59 O18 N3 S2,48,59,18,3,-9999,2,-9999,-9999
1846,1028.315816,1028.316240881,1028.315358584,9762167,-9999,526442,13.88,-1,0.85800296,0.874960171,0,0.524976103,22,0.489361702,1.170212766,N3 O23,de-protonated,0,-9999,C47 H55 O23 N3,47,55,23,3,-9999,-9999,-9999,-9999
1847,1028.363504,1028.363928904,1028.363650158,32896392,-9999,246256.9,51.27,-1,0.271057636,0.328919009,0.549245293,0.417049523,28,0.172413793,1.103448276,N1 S2 P1 O10,de-protonated,0,-9999,C58 H64 O10 N1 P1 S2,58,64,10,1,1,2,-9999,-9999
1847,1028.363504,1028.363928904,1028.364498311,32896392,-9999,246256.9,51.27,-1,-0.553701874,0.472944722,0.622788794,0.532882351,29,0.25,1.053571429,N3 S1 O14,de-protonated,0,-9999,C56 H59 O14 N3 S1,56,59,14,3,-9999,1,-9999,-9999
1847,1028.363504,1028.363928904,1028.364631253,32896392,-9999,246256.9,51.27,-1,-0.682976698,0.459422404,0.672627142,0.544704299,16,0.488888889,1.422222222,N3 P1 O22,de-protonated,0,-9999,C45 H64 O22 N3 P1,45,64,22,3,1,-9999,-9999,-9999
1848,1028.549233,1028.54965799,1028.55044861,14710221,-9999,331594,21.87,-1,-0.768673592,0.449168229,0.583485697,0.502895216,28,0.106060606,1.196969697,N1 S1 O7,de-protonated,0,-9999,C66 H79 O7 N1 S1,66,79,7,1,-9999,1,-9999,-9999
1848,1028.549233,1028.54965799,1028.550581551,14710221,-9999,331594,21.87,-1,-0.897925016,0.431950754,0.627012296,0.509975371,15,0.272727273,1.527272727,N1 P1 O15,de-protonated,0,-9999,C55 H84 O15 N1 P1,55,84,15,1,1,-9999,-9999,-9999
1848,1028.549233,1028.54965799,1028.550310225,14710221,-9999,331594,21.87,-1,-0.634130515,0.464816953,0.672627142,0.547941029,1,0.444444444,2.022222222,N1 S2 O20,de-protonated,0,-9999,C45 H91 O20 N1 S2,45,91,20,1,-9999,2,-9999,-9999
1848,1028.549233,1028.54965799,1028.549440845,14710221,-9999,331594,21.87,-1,0.211117448,0.495972671,0.677556332,0.568606135,2,0.568181818,1.977272727,N1 O25,de-protonated,0,-9999,C44 H87 O25 N1,44,87,25,1,-9999,-9999,-9999,-9999
1848,1028.549233,1028.54965799,1028.550068487,14710221,-9999,331594,21.87,-1,-0.39910264,0.485755991,0.576212942,0.521938772,33,0.058823529,1.117647059,N3 P1 O4,de-protonated,0,-9999,C68 H76 O4 N3 P1,68,76,4,3,1,-9999,-9999,-9999
1848,1028.549233,1028.54965799,1028.549797161,14710221,-9999,331594,21.87,-1,-0.135307875,0.498341755,0.614510218,0.54480914,19,0.155172414,1.431034483,N3 S2 O9,de-protonated,0,-9999,C58 H83 O9 N3 S2,58,83,9,3,-9999,2,-9999,-9999
1848,1028.549233,1028.54965799,1028.548927781,14710221,-9999,331594,21.87,-1,0.70994093,0.456302075,0.618621811,0.521229969,20,0.245614035,1.385964912,N3 O14,de-protonated,0,-9999,C57 H79 O14 N3,57,79,14,3,-9999,-9999,-9999,-9999
1848,1028.549233,1028.54965799,1028.549930103,14710221,-9999,331594,21.87,-1,-0.264559463,0.4936902,0.662980834,0.561406453,6,0.361702128,1.872340426,N3 S1 P1 O17,de-protonated,0,-9999,C47 H88 O17 N3 P1 S1,47,88,17,3,1,1,-9999,-9999
1849,1030.524317,1030.52474291,1030.523839938,12425355,-9999,180640.3,18.18,-1,0.8762265,0.434978549,0.562198102,0.48586637,37,0.041666667,1.013888889,N1 S1 O3,de-protonated,0,-9999,C72 H73 O3 N1 S1,72,73,3,1,-9999,1,-9999,-9999
1849,1030.524317,1030.52474291,1030.52484226,12425355,-9999,180640.3,18.18,-1,-0.096406509,0.499157499,0.598596236,0.538932994,23,0.096774194,1.322580645,N1 S2 P1 O6,de-protonated,0,-9999,C62 H82 O6 N1 P1 S2,62,82,6,1,1,2,-9999,-9999
1849,1030.524317,1030.52474291,1030.52397288,12425355,-9999,180640.3,18.18,-1,0.747222372,0.451826297,0.602496955,0.51209456,24,0.180327869,1.278688525,N1 P1 O11,de-protonated,0,-9999,C61 H78 O11 N1 P1,61,78,11,1,1,-9999,-9999,-9999
1849,1030.524317,1030.52474291,1030.525690413,12425355,-9999,180640.3,18.18,-1,-0.919436052,0.428897583,0.606448844,0.499918087,24,0.166666667,1.283333333,N3 S1 O10,de-protonated,0,-9999,C60 H77 O10 N3 S1,60,77,10,3,-9999,1,-9999,-9999
1850,1031.225006,1031.225432237,1031.226015976,11401593,-9999,278144.9,16.53,-1,-0.566063538,0.471758344,0.631293472,0.535572395,31,0.314814815,0.888888889,S2 O17,de-protonated,0,-9999,C54 H48 O17 S2,54,48,17,-9999,-9999,2,-9999,-9999
1850,1031.225006,1031.225432237,1031.225146596,11401593,-9999,278144.9,16.53,-1,0.276991328,0.493087476,0.635633513,0.550105891,32,0.41509434,0.830188679,O22,de-protonated,0,-9999,C53 H44 O22,53,44,22,-9999,-9999,-9999,-9999,-9999
1850,1031.225006,1031.225432237,1031.226148918,11401593,-9999,278144.9,16.53,-1,-0.694979639,0.916091419,0,0.549654852,18,0.581395349,1.23255814,S1 P1 O25,de-protonated,0,-9999,C43 H53 O25 P1 S1,43,53,25,-9999,1,1,-9999,-9999
1850,1031.225006,1031.225432237,1031.225635854,11401593,-9999,278144.9,16.53,-1,-0.197451382,0.496475407,0.622788794,0.547000762,36,0.25,0.803571429,N2 S1 P1 O14,de-protonated,0,-9999,C56 H45 O14 N2 P1 S1,56,45,14,2,1,1,-9999,-9999
1850,1031.225006,1031.225432237,1031.224495148,11401593,-9999,278144.9,16.53,-1,0.908714938,0.860851225,0,0.516510735,23,0.533333333,1.066666667,N2 S1 O24,de-protonated,0,-9999,C45 H48 O24 N2 S1,45,48,24,2,-9999,1,-9999,-9999
1850,1031.225006,1031.225432237,1031.224984405,11401593,-9999,278144.9,16.53,-1,0.434271628,0.966359131,0,0.579815478,27,0.333333333,1.020833333,N4 S2 P1 O16,de-protonated,0,-9999,C48 H49 O16 N4 P1 S2,48,49,16,4,1,2,-9999,-9999
1851,1033.991222,1033.991649526,1033.991732304,34209008,-9999,225925.9,53.39,-1,-0.080056837,0.499418877,0.667769153,0.566758987,37,0.52173913,0.47826087,N1 S1 P1 O24,de-protonated,0,-9999,C46 H22 O24 N1 P1 S1,46,22,24,1,1,1,-9999,-9999
1851,1033.991222,1033.991649526,1033.992627397,34209008,-9999,225925.9,53.39,-1,-0.945723472,0.28339922,0.494873046,0.36798875,6,0.014492754,1.898550725,N2 P1 O1,de-protonated,0,-9999,C69 H131 O1 N2 P1,69,131,1,2,1,-9999,-9999,-9999
1852,1034.338732,1034.339159687,1034.339328934,25099610,-9999,227905.6,38.66,-1,-0.163627937,0.497576828,0.598596236,0.537984591,37,0.225806452,0.85483871,N1 O14,de-protonated,0,-9999,C62 H53 O14 N1,62,53,14,1,-9999,-9999,-9999,-9999
1852,1034.338732,1034.339159687,1034.338677486,25099610,-9999,227905.6,38.66,-1,0.466193405,0.480666035,0.631293472,0.54091701,28,0.296296296,1.055555556,N3 S1 O16,de-protonated,0,-9999,C54 H57 O16 N3 S1,54,57,16,3,-9999,1,-9999,-9999
1852,1034.338732,1034.339159687,1034.339679807,25099610,-9999,227905.6,38.66,-1,-0.502851955,0.477577747,0.677556332,0.557569181,14,0.431818182,1.5,N3 S2 P1 O19,de-protonated,0,-9999,C44 H66 O19 N3 P1 S2,44,66,19,3,1,2,-9999,-9999
1852,1034.338732,1034.339159687,1034.338810427,25099610,-9999,227905.6,38.66,-1,0.337665121,0.489762084,0.6825583,0.56688057,15,0.558139535,1.441860465,N3 P1 O24,de-protonated,0,-9999,C43 H62 O24 N3 P1,43,62,24,3,1,-9999,-9999,-9999
1853,1035.284155,1035.284583128,1035.285459406,14024306,-9999,275174,20.76,-1,-0.846412005,0.439051119,0.627012296,0.514235589,28,0.254545455,1.036363636,S2 P1 O14,de-protonated,0,-9999,C55 H57 O14 P1 S2,55,57,14,-9999,1,2,-9999,-9999
1853,1035.284155,1035.284583128,1035.284590026,14024306,-9999,275174,20.76,-1,-0.006663068,0.499995972,0.631293472,0.552514972,29,0.351851852,0.981481481,P1 O19,de-protonated,0,-9999,C54 H53 O19 P1,54,53,19,-9999,1,-9999,-9999,-9999
1853,1035.284155,1035.284583128,1035.2843187,14024306,-9999,275174,20.76,-1,0.255415816,0.494116286,0.677556332,0.567492305,15,0.545454545,1.363636364,S2 O24,de-protonated,0,-9999,C44 H60 O24 S2,44,60,24,-9999,-9999,2,-9999,-9999
1853,1035.284155,1035.284583128,1035.283805636,14024306,-9999,275174,20.76,-1,0.750994302,0.451363233,0.618621811,0.518266664,33,0.22807017500000001,0.912280702,N2 S2 O13,de-protonated,0,-9999,C57 H52 O13 N2 S2,57,52,13,2,-9999,2,-9999,-9999
1853,1035.284155,1035.284583128,1035.283938577,14024306,-9999,275174,20.76,-1,0.622583317,0.466042474,0.667769153,0.546733145,20,0.456521739,1.239130435,N2 S1 P1 O21,de-protonated,0,-9999,C46 H57 O21 N2 P1 S1,46,57,21,2,1,1,-9999,-9999
1853,1035.284155,1035.284583128,1035.284786731,14024306,-9999,275174,20.76,-1,-0.196663434,0.496503383,0.677556332,0.568924563,21,0.568181818,1.181818182,N4 O25,de-protonated,0,-9999,C44 H52 O25 N4,44,52,25,4,-9999,-9999,-9999,-9999
1854,1035.9336,1035.934028431,1035.933384641,15466285,-9999,362361.8,23.09,-1,0.621457952,0.466160877,0.572644131,0.508754178,6,0.014492754,1.855072464,S2 O1,de-protonated,0,-9999,C69 H128 O1 S2,69,128,1,-9999,-9999,2,-9999,-9999
1854,1035.9336,1035.934028431,1035.933852672,15466285,-9999,362361.8,23.09,-1,0.169661788,0.497395297,0.572644131,0.52749483,12,0.028985507,1.739130435,N4 O2,de-protonated,0,-9999,C69 H120 O2 N4,69,120,2,4,-9999,-9999,-9999,-9999
1855,1035.937818,1035.938246432,1035.938877746,15925038,-9999,347038.9,23.83,-1,-0.609411673,0.46741673,0.590944388,0.516827793,2,0.046875,2.015625,N2 S1 P1 O3,de-protonated,0,-9999,C64 H129 O3 N2 P1 S1,64,129,3,2,1,1,-9999,-9999
1855,1035.937818,1035.938246432,1035.937223975,15925038,-9999,347038.9,23.83,-1,0.986987446,0.418991616,0.583485697,0.484789248,7,0.03030303,1.878787879,N4 S1 O2,de-protonated,0,-9999,C66 H124 O2 N4 S1,66,124,2,4,-9999,1,-9999,-9999
1856,1036.147779,1036.14820753,1036.148901654,10698602,-9999,229413.5,15.39,-1,-0.669906817,0.921797547,0,0.553078528,28,0.488888889,0.888888889,N3 S1 P1 O22,de-protonated,0,-9999,C45 H40 O22 N3 P1 S1,45,40,22,3,1,1,-9999,-9999
1857,1037.886308,1037.88673734,1037.885779543,13009221,-9999,285047,19.12,-1,0.922834505,0.42841062,0.579826515,0.488976978,7,0.044776119,1.835820896,S1 P1 O3,de-protonated,0,-9999,C67 H123 O3 P1 S1,67,123,3,-9999,1,1,-9999,-9999
1857,1037.886308,1037.88673734,1037.887497077,13009221,-9999,285047,19.12,-1,-0.732002488,0.453675814,0.583485697,0.505599767,7,0.03030303,1.848484848,N2 S2 O2,de-protonated,0,-9999,C66 H122 O2 N2 S2,66,122,2,2,-9999,2,-9999,-9999
1857,1037.886308,1037.88673734,1037.886627697,13009221,-9999,285047,19.12,-1,0.105641249,0.498988534,0.587191358,0.534269664,8,0.107692308,1.815384615,N2 O7,de-protonated,0,-9999,C65 H118 O7 N2,65,118,7,2,-9999,-9999,-9999,-9999
1858,1037.992057,1037.99248639,1037.992387208,12976481,-9999,293297.8,19.07,-1,0.095551085,0.499172372,0.653607294,0.560946341,40,0.448979592,0.428571429,N1 S2 O22,de-protonated,0,-9999,C49 H21 O22 N1 S2,49,21,22,1,-9999,2,-9999,-9999
1858,1037.992057,1037.99248639,1037.992630853,12976481,-9999,293297.8,19.07,-1,-0.139175373,0.498245774,0.590944388,0.535325219,0,0.015625,2.09375,N4 S2 O1,de-protonated,0,-9999,C64 H134 O1 N4 S2,64,134,1,4,-9999,2,-9999,-9999
1858,1037.992057,1037.99248639,1037.991761473,12976481,-9999,293297.8,19.07,-1,0.698384019,0.457651635,0.594745702,0.512489262,1,0.095238095,2.063492063,N4 O6,de-protonated,0,-9999,C63 H130 O6 N4,63,130,6,4,-9999,-9999,-9999,-9999
1859,1038.043424,1038.043853414,1038.043403123,14877039,-9999,290099.7,22.14,-1,0.433787402,0.483216419,0.576212942,0.520415028,4,0.029411765,1.970588235,N4 O2,de-protonated,0,-9999,C68 H134 O2 N4,68,134,2,4,-9999,-9999,-9999,-9999
1860,1038.047768,1038.048197416,1038.049079646,14451056,-9999,345356.3,21.45,-1,-0.849892479,0.438581031,0.565637507,0.489403622,3,0.014084507,1.957746479,P1 O1,de-protonated,0,-9999,C71 H139 O1 P1,71,139,1,-9999,1,-9999,-9999,-9999
1861,1038.097446,1038.097875439,1038.097520984,13894013,-9999,242764.3,20.55,-1,0.3414461,0.489533954,0.662980834,0.558912706,33,0.446808511,0.70212766,N3 S2 O21,de-protonated,0,-9999,C47 H33 O21 N3 S2,47,33,21,3,-9999,2,-9999,-9999
1862,1038.230261,1038.230690501,1038.230960253,9568672,-9999,385451.2,13.56,-1,-0.259818885,0.987825863,0,0.592695518,30,0.450980392,0.882352941,N1 O23,de-protonated,0,-9999,C51 H45 O23 N1,51,45,23,1,-9999,-9999,-9999,-9999
1862,1038.230261,1038.230690501,1038.23144951,9568672,-9999,385451.2,13.56,-1,-0.731059881,0.907578707,0,0.544547224,34,0.277777778,0.851851852,N3 S1 P1 O15,de-protonated,0,-9999,C54 H46 O15 N3 P1 S1,54,46,15,3,1,1,-9999,-9999
1862,1038.230261,1038.230690501,1038.230308804,9568672,-9999,385451.2,13.56,-1,0.367641617,0.975773617,0,0.58546417,21,0.581395349,1.139534884,N3 S1 O25,de-protonated,0,-9999,C43 H49 O25 N3 S1,43,49,25,3,-9999,1,-9999,-9999
1863,1038.236683,1038.237112504,1038.237974185,28311970,-9999,295199.9,43.85,-1,-0.829946351,0.441255581,0.627012296,0.515558267,34,0.327272727,0.836363636,N1 P1 O18,de-protonated,0,-9999,C55 H46 O18 N1 P1,55,46,18,1,1,-9999,-9999,-9999
1863,1038.236683,1038.237112504,1038.237702859,28311970,-9999,295199.9,43.85,-1,-0.568613196,0.471510765,0.672627142,0.551957316,20,0.511111111,1.177777778,N1 S2 O23,de-protonated,0,-9999,C45 H53 O23 N1 S2,45,53,23,1,-9999,2,-9999,-9999
1863,1038.236683,1038.237112504,1038.237189795,28311970,-9999,295199.9,43.85,-1,-0.074444846,0.499497455,0.614510218,0.54550256,38,0.206896552,0.775862069,N3 S2 O12,de-protonated,0,-9999,C58 H45 O12 N3 S2,58,45,12,3,-9999,2,-9999,-9999
1863,1038.236683,1038.237112504,1038.236320415,28311970,-9999,295199.9,43.85,-1,0.762917311,0.449887339,0.618621811,0.517381128,39,0.298245614,0.719298246,N3 O17,de-protonated,0,-9999,C57 H41 O17 N3,57,41,17,3,-9999,-9999,-9999,-9999
1863,1038.236683,1038.237112504,1038.2373227370001,28311970,-9999,295199.9,43.85,-1,-0.202490446,0.496293889,0.662980834,0.562968667,25,0.425531915,1.063829787,N3 S1 P1 O20,de-protonated,0,-9999,C47 H50 O20 N3 P1 S1,47,50,20,3,1,1,-9999,-9999
1864,1038.837422,1038.837851783,1038.837629074,64160316,-9999,228682.2,101.8,-1,0.214383734,0.330565075,0.533665548,0.411805264,4,0.14754098399999999,1.918032787,N1 S1 O9,de-protonated,0,-9999,C61 H117 O9 N1 S1,61,117,9,1,-9999,1,-9999,-9999
1864,1038.837422,1038.837851783,1038.838118331,64160316,-9999,228682.2,101.8,-1,-0.256582287,0.329375162,0.51866191,0.405089861,8,0.015625,1.84375,N3 S2 P1 O1,de-protonated,0,-9999,C64 H118 O1 N3 P1 S2,64,118,1,3,1,2,-9999,-9999
1864,1038.837422,1038.837851783,1038.837248951,64160316,-9999,228682.2,101.8,-1,0.580295336,0.313575912,0.523600568,0.397585774,9,0.095238095,1.80952381,N3 P1 O6,de-protonated,0,-9999,C63 H114 O6 N3 P1,63,114,6,3,1,-9999,-9999,-9999
1865,1038.943781,1038.944210833,1038.944283678,9830999,-9999,232122.7,13.98,-1,-0.070114594,0.499554193,0.576212942,0.530217693,5,0.014705882,1.897058824,N1 S2 O1,de-protonated,0,-9999,C68 H129 O1 N1 S2,68,129,1,1,-9999,2,-9999,-9999
1865,1038.943781,1038.944210833,1038.943414298,9830999,-9999,232122.7,13.98,-1,0.766677667,0.449418054,0.579826515,0.501581438,6,0.089552239,1.865671642,N1 O6,de-protonated,0,-9999,C67 H125 O6 N1,67,125,6,1,-9999,-9999,-9999,-9999
1866,1039.050804,1039.051233883,1039.052164991,14254707,-9999,301175.1,21.13,-1,-0.896112693,0.432205662,0.649019222,0.518931086,38,0.36,0.58,N2 S2 P1 O18,de-protonated,0,-9999,C50 H29 O18 N2 P1 S2,50,29,18,2,1,2,-9999,-9999
1866,1039.050804,1039.051233883,1039.051295611,14254707,-9999,301175.1,21.13,-1,-0.059408004,0.499679908,0.653607294,0.561250862,39,0.469387755,0.510204082,N2 P1 O23,de-protonated,0,-9999,C49 H25 O23 N2 P1,49,25,23,2,1,-9999,-9999,-9999
1866,1039.050804,1039.051233883,1039.050644162,14254707,-9999,301175.1,21.13,-1,0.56755724,0.471613421,0.692787115,0.560082898,30,0.609756098,0.707317073,N4 S1 P1 O25,de-protonated,0,-9999,C41 H29 O25 N4 P1 S1,41,29,25,4,1,1,-9999,-9999
1867,1039.844356,1039.844786253,1039.843914731,15762232,-9999,305881.6,23.57,-1,0.838127738,0.44016427,0.572644131,0.493156214,12,0.028985507,1.695652174,S1 P1 O2,de-protonated,0,-9999,C69 H117 O2 P1 S1,69,117,2,-9999,1,1,-9999,-9999
1867,1039.844356,1039.844786253,1039.845632264,15762232,-9999,305881.6,23.57,-1,-0.813592889,0.443412795,0.576212942,0.496532854,12,0.014705882,1.705882353,N2 S2 O1,de-protonated,0,-9999,C68 H116 O1 N2 S2,68,116,1,2,-9999,2,-9999,-9999
1867,1039.844356,1039.844786253,1039.844762884,15762232,-9999,305881.6,23.57,-1,0.02247341,0.499954181,0.579826515,0.531903115,13,0.089552239,1.671641791,N2 O6,de-protonated,0,-9999,C67 H112 O6 N2,67,112,6,2,-9999,-9999,-9999,-9999
1867,1039.844356,1039.844786253,1039.844111435,15762232,-9999,305881.6,23.57,-1,0.648960291,0.463214895,0.610452919,0.522110104,4,0.13559322,1.966101695,N4 S1 O8,de-protonated,0,-9999,C59 H116 O8 N4 S1,59,116,8,4,-9999,1,-9999,-9999
1868,1040.058331,1040.058761352,1040.058158095,9503596,-9999,255795.5,13.45,-1,0.580022795,0.940781716,0,0.56446903,34,0.555555556,0.6,N3 S1 O25,de-protonated,0,-9999,C45 H27 O25 N3 S1,45,27,25,3,-9999,1,-9999,-9999
1868,1040.058331,1040.058761352,1040.059053188,9503596,-9999,255795.5,13.45,-1,-0.280595173,0.492907722,0.576212942,0.52622981,3,0.029411765,2,N4 O2,de-protonated,0,-9999,C68 H136 O2 N4,68,136,2,4,-9999,-9999,-9999,-9999
1869,1040.799756,1040.800186698,1040.79940689,8700958,-9999,186166.4,12.16,-1,0.749239113,0.451578941,0.569119254,0.498595067,18,0.042857143,1.542857143,N1 P1 O3,de-protonated,0,-9999,C70 H108 O3 N1 P1,70,108,3,1,1,-9999,-9999,-9999
1869,1040.799756,1040.800186698,1040.801124423,8700958,-9999,186166.4,12.16,-1,-0.900965029,0.431522351,0.572644131,0.487971063,18,0.028985507,1.550724638,N3 S1 O2,de-protonated,0,-9999,C69 H107 O2 N3 S1,69,107,2,3,-9999,1,-9999,-9999
1870,1040.90483,1040.905260747,1040.904920789,32900150,-9999,229136.8,51.27,-1,0.326598523,0.326943861,0.508967985,0.399753511,6,0.075757576,1.863636364,N1 S1 O5,de-protonated,0,-9999,C66 H123 O5 N1 S1,66,123,5,1,-9999,1,-9999,-9999
1870,1040.90483,1040.905260747,1040.904540666,32900150,-9999,229136.8,51.27,-1,0.691783445,0.305609493,0.499512996,0.383170894,11,0.029411765,1.764705882,N3 P1 O2,de-protonated,0,-9999,C68 H120 O2 N3 P1,68,120,2,3,1,-9999,-9999,-9999
1871,1040.9598,1040.960230772,1040.959933743,24282180,-9999,252557.6,37.34,-1,0.285342068,0.328445008,0.499512996,0.396872203,4,0.014705882,1.926470588,N1 S2 O1,de-protonated,0,-9999,C68 H131 O1 N1 S2,68,131,1,1,-9999,2,-9999,-9999
1872,1041.75289,1041.753321142,1041.752777249,23135482,-9999,211612.1,35.49,-1,0.522094213,0.317247834,0.476878192,0.381099977,23,0.02739726,1.397260274,S1 O2,de-protonated,0,-9999,C73 H102 O2 S1,73,102,2,-9999,-9999,1,-9999,-9999
1872,1041.75289,1041.753321142,1041.75377957,23135482,-9999,211612.1,35.49,-1,-0.440054562,0.482736483,0.594745702,0.52754017,9,0.079365079,1.761904762,S2 P1 O5,de-protonated,0,-9999,C63 H111 O5 P1 S2,63,111,5,-9999,1,2,-9999,-9999
1872,1041.75289,1041.753321142,1041.75291019,23135482,-9999,211612.1,35.49,-1,0.394480651,0.48607939,0.598596236,0.531086128,10,0.161290323,1.725806452,P1 O10,de-protonated,0,-9999,C62 H107 O10 P1,62,107,10,-9999,1,-9999,-9999,-9999
1872,1041.75289,1041.753321142,1041.754247601,23135482,-9999,211612.1,35.49,-1,-0.889326015,0.433156976,0.594745702,0.497792466,15,0.095238095,1.634920635,N4 P1 O6,de-protonated,0,-9999,C63 H103 O6 N4 P1,63,103,6,4,1,-9999,-9999,-9999
1872,1041.75289,1041.753321142,1041.753976275,23135482,-9999,211612.1,35.49,-1,-0.628874963,0.465377124,0.635633513,0.53347968,1,0.20754717,2.075471698,N4 S2 O11,de-protonated,0,-9999,C53 H110 O11 N4 S2,53,110,11,4,-9999,2,-9999,-9999
1872,1041.75289,1041.753321142,1041.753106895,23135482,-9999,211612.1,35.49,-1,0.205659935,0.496177409,0.640033642,0.553719902,2,0.307692308,2.038461538,N4 O16,de-protonated,0,-9999,C52 H106 O16 N4,52,106,16,4,-9999,-9999,-9999,-9999
1873,1041.862973,1041.863404193,1041.862936098,15074579,-9999,220368.1,22.46,-1,0.449286292,0.482017875,0.583485697,0.522605004,6,0.03030303,1.863636364,S2 P1 O2,de-protonated,0,-9999,C66 H123 O2 P1 S2,66,123,2,-9999,1,2,-9999,-9999
1873,1041.862973,1041.863404193,1041.8644357,15074579,-9999,220368.1,22.46,-1,-0.99005886,0.418530218,0.562198102,0.475997372,16,0.055555556,1.583333333,O4,de-protonated,0,-9999,C72 H114 O4,72,114,4,-9999,-9999,-9999,-9999,-9999
1873,1041.862973,1041.863404193,1041.863784251,15074579,-9999,220368.1,22.46,-1,-0.364787068,0.48807193,0.590944388,0.529220913,7,0.09375,1.84375,N2 S1 O6,de-protonated,0,-9999,C64 H118 O6 N2 S1,64,118,6,2,-9999,1,-9999,-9999
1873,1041.862973,1041.863404193,1041.863404129,15074579,-9999,220368.1,22.46,-1,6.151e-5,0.5,0.583485697,0.533394279,12,0.045454545,1.742424242,N4 P1 O3,de-protonated,0,-9999,C66 H115 O3 N4 P1,66,115,3,4,1,-9999,-9999,-9999
1874,1042.15882,1042.159251331,1042.160117786,10962262,-9999,297072.6,15.81,-1,-0.831403278,0.441061829,0.640033642,0.520650554,35,0.403846154,0.730769231,N1 P1 O21,de-protonated,0,-9999,C52 H38 O21 N1 P1,52,38,21,1,1,-9999,-9999,-9999
1874,1042.15882,1042.159251331,1042.159333396,10962262,-9999,297072.6,15.81,-1,-0.078745088,0.499437754,0.627012296,0.550467571,39,0.272727273,0.672727273,N3 S2 O15,de-protonated,0,-9999,C55 H37 O15 N3 S2,55,37,15,3,-9999,2,-9999,-9999
1874,1042.15882,1042.159251331,1042.158464016,10962262,-9999,297072.6,15.81,-1,0.75546567,0.450811902,0.631293472,0.52300453,40,0.37037037,0.611111111,N3 O20,de-protonated,0,-9999,C54 H33 O20 N3,54,33,20,3,-9999,-9999,-9999,-9999
1874,1042.15882,1042.159251331,1042.159466338,10962262,-9999,297072.6,15.81,-1,-0.206308789,0.992306688,0,0.595384013,26,0.522727273,0.954545455,N3 S1 P1 O23,de-protonated,0,-9999,C44 H42 O23 N3 P1 S1,44,42,23,3,1,1,-9999,-9999
1875,1042.213319,1042.213750356,1042.21347697,28509538,-9999,237353.8,44.17,-1,0.26231322,0.493796227,0.622788794,0.545393254,38,0.285714286,0.732142857,N3 S1 O16,de-protonated,0,-9999,C56 H41 O16 N3 S1,56,41,16,3,-9999,1,-9999,-9999
1875,1042.213319,1042.213750356,1042.214479292,28509538,-9999,237353.8,44.17,-1,-0.699409998,0.457532562,0.667769153,0.541627198,24,0.413043478,1.086956522,N3 S2 P1 O19,de-protonated,0,-9999,C46 H50 O19 N3 P1 S2,46,50,19,3,1,2,-9999,-9999
1875,1042.213319,1042.213750356,1042.213609912,28509538,-9999,237353.8,44.17,-1,0.134756102,0.498355229,0.672627142,0.568063994,25,0.533333333,1.022222222,N3 P1 O24,de-protonated,0,-9999,C45 H46 O24 N3 P1,45,46,24,3,1,-9999,-9999,-9999
1876,1043.726369,1043.726801061,1043.727170899,43124392,-9999,255744.6,67.8,-1,-0.354342971,0.325825019,0.494873046,0.39344423,18,0.014492754,1.52173913,S2 P1 O1,de-protonated,0,-9999,C69 H105 O1 P1 S2,69,105,1,-9999,1,2,-9999,-9999
1876,1043.726369,1043.726801061,1043.726301519,43124392,-9999,255744.6,67.8,-1,0.47861444400000003,0.319762399,0.499512996,0.391662638,19,0.088235294,1.485294118,P1 O6,de-protonated,0,-9999,C68 H101 O6 P1,68,101,6,-9999,1,-9999,-9999,-9999
1876,1043.726369,1043.726801061,1043.726030193,43124392,-9999,255744.6,67.8,-1,0.738573746,0.30192068,0.549245293,0.400850525,5,0.189655172,1.862068966,S2 O11,de-protonated,0,-9999,C58 H108 O11 S2,58,108,11,-9999,-9999,2,-9999,-9999
1876,1043.726369,1043.726801061,1043.727638929,43124392,-9999,255744.6,67.8,-1,-0.802765017,0.296548776,0.494873046,0.375878484,24,0.028985507,1.405797101,N4 P1 O2,de-protonated,0,-9999,C69 H97 O2 N4 P1,69,97,2,4,1,-9999,-9999,-9999
1876,1043.726369,1043.726801061,1043.727367603,43124392,-9999,255744.6,67.8,-1,-0.542806382,0.315980712,0.543986559,0.407183051,10,0.118644068,1.762711864,N4 S2 O7,de-protonated,0,-9999,C59 H104 O7 N4 S2,59,104,7,4,-9999,2,-9999,-9999
1876,1043.726369,1043.726801061,1043.726498223,43124392,-9999,255744.6,67.8,-1,0.290150719,0.328280127,0.549245293,0.416666193,11,0.206896552,1.724137931,N4 O12,de-protonated,0,-9999,C58 H100 O12 N4,58,100,12,4,-9999,-9999,-9999,-9999
1877,1043.890615,1043.891047138,1043.891319154,14649034,-9999,264524.9,21.77,-1,-0.260579016,0.493877482,0.565637507,0.522581492,15,0.042253521,1.633802817,N2 O3,de-protonated,0,-9999,C71 H116 O3 N2,71,116,3,2,-9999,-9999,-9999,-9999
1877,1043.890615,1043.891047138,1043.890667705,14649034,-9999,264524.9,21.77,-1,0.363479164,0.488156291,0.594745702,0.530792055,6,0.079365079,1.904761905,N4 S1 O5,de-protonated,0,-9999,C63 H120 O5 N4 S1,63,120,5,4,-9999,1,-9999,-9999
1878,1043.943896,1043.944328163,1043.943473869,29558484,-9999,238249.8,45.87,-1,0.818333351,0.295193875,0.523600568,0.386556552,0,0.158730159,2.031746032,O10,de-protonated,0,-9999,C63 H128 O10,63,128,10,-9999,-9999,-9999,-9999,-9999
1878,1043.943896,1043.944328163,1043.943963126,29558484,-9999,238249.8,45.87,-1,0.349670504,0.326019553,0.508967985,0.399198926,4,0.03030303,1.954545455,N2 S1 P1 O2,de-protonated,0,-9999,C66 H129 O2 N2 P1 S1,66,129,2,2,1,1,-9999,-9999
1878,1043.943896,1043.944328163,1043.944811279,29558484,-9999,238249.8,45.87,-1,-0.46277998,0.32062845,0.51866191,0.399841834,5,0.09375,1.9375,N4 O6,de-protonated,0,-9999,C64 H124 O6 N4,64,124,6,4,-9999,-9999,-9999,-9999
1879,1044.904715,1044.90514761,1044.905954248,35129240,-9999,217597.7,54.87,-1,-0.771971672,0.448754299,0.667769153,0.536360241,40,0.52173913,0.326086957,S2 P1 O24,de-protonated,0,-9999,C46 H15 O24 P1 S2,46,15,24,-9999,1,2,-9999,-9999
1879,1044.904715,1044.90514761,1044.905328512,35129240,-9999,217597.7,54.87,-1,-0.173127873,0.331525385,0.538793609,0.414432674,1,0.133333333,2.066666667,N3 P1 O8,de-protonated,0,-9999,C60 H124 O8 N3 P1,60,124,8,3,1,-9999,-9999,-9999
1880,1045.652634,1045.653066959,1045.653791481,9881640,-9999,286822.1,14.06,-1,-0.692889752,0.458286838,0.558800271,0.498492211,29,0.04109589,1.232876712,S1 O3,de-protonated,0,-9999,C73 H90 O3 S1,73,90,3,-9999,-9999,1,-9999,-9999
1880,1045.652634,1045.653066959,1045.653924423,9881640,-9999,286822.1,14.06,-1,-0.820027072,0.442567921,0.598596236,0.504979247,16,0.177419355,1.532258065,P1 O11,de-protonated,0,-9999,C62 H95 O11 P1,62,95,11,-9999,1,-9999,-9999,-9999
1880,1045.652634,1045.653066959,1045.653653097,9881640,-9999,286822.1,14.06,-1,-0.560547333,0.94458123,0,0.566748738,2,0.307692308,1.961538462,S2 O16,de-protonated,0,-9999,C52 H102 O16 S2,52,102,16,-9999,-9999,2,-9999,-9999
1880,1045.652634,1045.653066959,1045.652783717,9881640,-9999,286822.1,14.06,-1,0.270875293,0.986774721,0,0.592064833,3,0.411764706,1.921568627,O21,de-protonated,0,-9999,C51 H98 O21,51,98,21,-9999,-9999,-9999,-9999,-9999
1880,1045.652634,1045.653066959,1045.653140033,9881640,-9999,286822.1,14.06,-1,-0.069883706,0.499557123,0.587191358,0.534610817,20,0.076923077,1.446153846,N2 S2 O5,de-protonated,0,-9999,C65 H94 O5 N2 S2,65,94,5,2,-9999,2,-9999,-9999
1880,1045.652634,1045.653066959,1045.652270653,9881640,-9999,286822.1,14.06,-1,0.761539736,0.450058802,0.590944388,0.506413036,21,0.15625,1.40625,N2 O10,de-protonated,0,-9999,C64 H90 O10 N2,64,90,10,2,-9999,-9999,-9999,-9999
1880,1045.652634,1045.653066959,1045.653272975,9881640,-9999,286822.1,14.06,-1,-0.197021184,0.99298139,0,0.595788834,7,0.240740741,1.833333333,N2 S1 P1 O13,de-protonated,0,-9999,C54 H99 O13 N2 P1 S1,54,99,13,2,1,1,-9999,-9999
1880,1045.652634,1045.653066959,1045.65275991,9881640,-9999,286822.1,14.06,-1,0.2936428,0.492238073,0.579826515,0.52727345,25,0.029850746,1.358208955,N4 S1 P1 O2,de-protonated,0,-9999,C67 H91 O2 N4 P1 S1,67,91,2,4,1,1,-9999,-9999
1881,1045.706335,1045.706767984,1045.706435454,16222258,-9999,292838.3,24.31,-1,0.317995541,0.490909501,0.576212942,0.525030878,18,0.029411765,1.514705882,S2 P1 O2,de-protonated,0,-9999,C68 H103 O2 P1 S2,68,103,2,-9999,1,2,-9999,-9999
1881,1045.706335,1045.706767984,1045.707796671,16222258,-9999,292838.3,24.31,-1,-0.983723598,0.419480905,0.635633513,0.505941948,1,0.320754717,2,S1 O17,de-protonated,0,-9999,C53 H106 O17 S1,53,106,17,-9999,-9999,1,-9999,-9999
1881,1045.706335,1045.706767984,1045.707283607,16222258,-9999,292838.3,24.31,-1,-0.493085584,0.478421366,0.583485697,0.520447099,19,0.090909091,1.484848485,N2 S1 O6,de-protonated,0,-9999,C66 H98 O6 N2 S1,66,98,6,2,-9999,1,-9999,-9999
1881,1045.706335,1045.706767984,1045.707416549,16222258,-9999,292838.3,24.31,-1,-0.620216426,0.466291288,0.627012296,0.530579691,6,0.254545455,1.872727273,N2 P1 O14,de-protonated,0,-9999,C55 H103 O14 N2 P1,55,103,14,2,1,-9999,-9999,-9999
1881,1045.706335,1045.706767984,1045.706903484,16222258,-9999,292838.3,24.31,-1,-0.129578055,0.498479014,0.576212942,0.529572585,24,0.044117647,1.397058824,N4 P1 O3,de-protonated,0,-9999,C68 H95 O3 N4 P1,68,95,3,4,1,-9999,-9999,-9999
1881,1045.706335,1045.706767984,1045.706632158,16222258,-9999,292838.3,24.31,-1,0.129888717,0.498471723,0.614510218,0.544887121,10,0.137931034,1.75862069,N4 S2 O8,de-protonated,0,-9999,C58 H102 O8 N4 S2,58,102,8,4,-9999,2,-9999,-9999
1881,1045.706335,1045.706767984,1045.705762778,16222258,-9999,292838.3,24.31,-1,0.961269794,0.42281821000000003,0.618621811,0.501139651,11,0.22807017500000001,1.719298246,N4 O13,de-protonated,0,-9999,C57 H98 O13 N4,57,98,13,4,-9999,-9999,-9999,-9999
1882,1046.113309,1046.113742173,1046.114624144,28444800,-9999,287319.3,44.07,-1,-0.843092252,0.439498167,0.672627142,0.532749757,31,0.555555556,0.755555556,N3 P1 O25,de-protonated,0,-9999,C45 H34 O25 N3 P1,45,34,25,3,1,-9999,-9999,-9999
1883,1046.117909,1046.118342175,1046.118646896,12847232,-9999,374579.8,18.86,-1,-0.291287219,0.492361152,0.649019222,0.55502438,35,0.46,0.68,N1 P1 O23,de-protonated,0,-9999,C50 H34 O23 N1 P1,50,34,23,1,1,-9999,-9999,-9999
1883,1046.117909,1046.118342175,1046.117862506,12847232,-9999,374579.8,18.86,-1,0.458523304,0.481285029,0.635633513,0.543024422,39,0.320754717,0.622641509,N3 S2 O17,de-protonated,0,-9999,C53 H33 O17 N3 S2,53,33,17,3,-9999,2,-9999,-9999
1883,1046.117909,1046.118342175,1046.117995448,12847232,-9999,374579.8,18.86,-1,0.331442237,0.98026449,0,0.588158694,26,0.595238095,0.904761905,N3 S1 P1 O25,de-protonated,0,-9999,C42 H38 O25 N3 P1 S1,42,38,25,3,1,1,-9999,-9999
1884,1046.782441,1046.782874485,1046.782697653,9079035,-9999,247093.9,12.76,-1,0.168929004,0.49741769,0.572644131,0.527508266,16,0.028985507,1.579710145,N1 S2 O2,de-protonated,0,-9999,C69 H109 O2 N1 S2,69,109,2,1,-9999,2,-9999,-9999
1884,1046.782441,1046.782874485,1046.781828273,9079035,-9999,247093.9,12.76,-1,0.999455474,0.417112915,0.576212942,0.480752926,17,0.102941176,1.544117647,N1 O7,de-protonated,0,-9999,C68 H105 O7 N1,68,105,7,1,-9999,-9999,-9999,-9999
1884,1046.782441,1046.782874485,1046.782830595,9079035,-9999,247093.9,12.76,-1,0.041928686,0.999681061,0,0.599808637,3,0.172413793,1.965517241,N1 S1 P1 O10,de-protonated,0,-9999,C58 H114 O10 N1 P1 S1,58,114,10,1,1,1,-9999,-9999
1884,1046.782441,1046.782874485,1046.783678748,9079035,-9999,247093.9,12.76,-1,-0.76831819,0.898425502,0,0.539055301,4,0.25,1.946428571,N3 O14,de-protonated,0,-9999,C56 H109 O14 N3,56,109,14,3,-9999,-9999,-9999,-9999
1885,1047.13529,1047.135723649,1047.136546065,24283450,-9999,219504.1,37.34,-1,-0.78539499,0.447055314,0.627012296,0.519038106,38,0.327272727,0.672727273,S1 P1 O18,de-protonated,0,-9999,C55 H37 O18 P1 S1,55,37,18,-9999,1,1,-9999,-9999
1885,1047.13529,1047.135723649,1047.135894617,24283450,-9999,219504.1,37.34,-1,-0.163271183,0.497587357,0.662980834,0.563744748,29,0.425531915,0.872340426,N2 S2 P1 O20,de-protonated,0,-9999,C47 H41 O20 N2 P1 S2,47,41,20,2,1,2,-9999,-9999
1885,1047.13529,1047.135723649,1047.135025237,24283450,-9999,219504.1,37.34,-1,0.666974876,0.461226689,0.667769153,0.543843674,30,0.543478261,0.804347826,N2 P1 O25,de-protonated,0,-9999,C46 H37 O25 N2 P1,46,37,25,2,1,-9999,-9999,-9999
1885,1047.13529,1047.135723649,1047.13674277,24283450,-9999,219504.1,37.34,-1,-0.973244702,0.421044677,0.672627142,0.521677663,30,0.533333333,0.8,N4 S1 O24,de-protonated,0,-9999,C45 H36 O24 N4 S1,45,36,24,4,-9999,1,-9999,-9999
1886,1047.747469,1047.747902935,1047.748085791,10291621,-9999,223960.7,14.72,-1,-0.174523562,0.497244297,0.576212942,0.528831755,17,0.088235294,1.529411765,S1 O6,de-protonated,0,-9999,C68 H104 O6 S1,68,104,6,-9999,-9999,1,-9999,-9999
1886,1047.747469,1047.747902935,1047.748218733,10291621,-9999,223960.7,14.72,-1,-0.30140682,0.491825608,0.618621811,0.542544089,4,0.245614035,1.912280702,P1 O14,de-protonated,0,-9999,C57 H109 O14 P1,57,109,14,-9999,1,-9999,-9999,-9999
1886,1047.747469,1047.747902935,1047.747705669,10291621,-9999,223960.7,14.72,-1,0.188276043,0.496794336,0.569119254,0.525724303,22,0.042857143,1.442857143,N2 P1 O3,de-protonated,0,-9999,C70 H101 O3 N2 P1,70,101,3,2,1,-9999,-9999,-9999
1886,1047.747469,1047.747902935,1047.747434343,10291621,-9999,223960.7,14.72,-1,0.447237508,0.48217855,0.606448844,0.531886668,8,0.133333333,1.8,N2 S2 O8,de-protonated,0,-9999,C60 H108 O8 N2 S2,60,108,8,2,-9999,2,-9999,-9999
1886,1047.747469,1047.747902935,1047.74705422,10291621,-9999,223960.7,14.72,-1,0.810037564,0.443877478,0.598596236,0.505764981,13,0.080645161,1.693548387,N4 S1 P1 O5,de-protonated,0,-9999,C62 H105 O5 N4 P1 S1,62,105,5,4,1,1,-9999,-9999
1887,1047.8577090000001,1047.858142986,1047.857242319,8751545,-9999,224574.2,12.23,-1,0.859531764,0.437271701,0.565637507,0.488618023,14,0.042253521,1.633802817,S1 O3,de-protonated,0,-9999,C71 H116 O3 S1,71,116,3,-9999,-9999,1,-9999,-9999
1887,1047.8577090000001,1047.858142986,1047.858244641,8751545,-9999,224574.2,12.23,-1,-0.097012184,0.998293778,0,0.598976267,0,0.098360656,2.049180328,S2 P1 O6,de-protonated,0,-9999,C61 H125 O6 P1 S2,61,125,6,-9999,1,2,-9999,-9999
1887,1047.8577090000001,1047.858142986,1047.857375261,8751545,-9999,224574.2,12.23,-1,0.732661593,0.907192706,0,0.544315623,1,0.183333333,2.016666667,P1 O11,de-protonated,0,-9999,C60 H121 O11 P1,60,121,11,-9999,1,-9999,-9999,-9999
1887,1047.8577090000001,1047.858142986,1047.859092794,8751545,-9999,224574.2,12.23,-1,-0.906427394,0.861500048,0,0.516900029,1,0.169491525,2.033898305,N2 S1 O10,de-protonated,0,-9999,C59 H120 O10 N2 S1,59,120,10,2,-9999,1,-9999,-9999
1887,1047.8577090000001,1047.858142986,1047.858712672,8751545,-9999,224574.2,12.23,-1,-0.543666488,0.947781415,0,0.568668849,6,0.114754098,1.918032787,N4 P1 O7,de-protonated,0,-9999,C61 H117 O7 N4 P1,61,117,7,4,1,-9999,-9999,-9999
1888,1048.103547,1048.103981101,1048.103651737,10340835,-9999,205284,14.8,-1,0.314247527,0.982241247,0,0.589344748,39,0.396226415,0.58490566,N1 S1 O21,de-protonated,0,-9999,C53 H31 O21 N1 S1,53,31,21,1,-9999,1,-9999,-9999
1888,1048.103547,1048.103981101,1048.104654058,10340835,-9999,205284,14.8,-1,-0.642071015,0.927926119,0,0.556755671,25,0.558139535,0.930232558,N1 S2 P1 O24,de-protonated,0,-9999,C43 H40 O24 N1 P1 S2,43,40,24,1,1,2,-9999,-9999
1888,1048.103547,1048.103981101,1048.103000288,10340835,-9999,205284,14.8,-1,0.935797971,0.853083495,0,0.511850097,30,0.511111111,0.777777778,N3 S2 O23,de-protonated,0,-9999,C45 H35 O23 N3 S2,45,35,23,3,-9999,2,-9999,-9999
1889,1048.607168,1048.607602335,1048.607175641,8636983,-9999,287806.9,12.05,-1,0.406915479,0.485201267,0.555443265,0.513298066,34,0.027027027,1.121621622,N1 S1 O2,de-protonated,0,-9999,C74 H83 O2 N1 S1,74,83,2,1,-9999,1,-9999,-9999
1889,1048.607168,1048.607602335,1048.608177962,8636983,-9999,287806.9,12.05,-1,-0.548943944,0.946790299,0,0.568074179,20,0.078125,1.4375,N1 S2 P1 O5,de-protonated,0,-9999,C64 H92 O5 N1 P1 S2,64,92,5,1,1,2,-9999,-9999
1889,1048.607168,1048.607602335,1048.607308582,8636983,-9999,287806.9,12.05,-1,0.2801361,0.985861491,0,0.591516895,21,0.158730159,1.396825397,N1 P1 O10,de-protonated,0,-9999,C63 H88 O10 N1 P1,63,88,10,1,1,-9999,-9999,-9999
1889,1048.607168,1048.607602335,1048.607037256,8636983,-9999,287806.9,12.05,-1,0.538885303,0.948671949,0,0.569203169,7,0.283018868,1.79245283,N1 S2 O15,de-protonated,0,-9999,C53 H95 O15 N1 S2,53,95,15,1,-9999,2,-9999,-9999
1889,1048.607168,1048.607602335,1048.606657134,8636983,-9999,287806.9,12.05,-1,0.901387985,0.862925333,0,0.5177552,12,0.218181818,1.672727273,N3 S1 P1 O12,de-protonated,0,-9999,C55 H92 O12 N3 P1 S1,55,92,12,3,1,1,-9999,-9999
1890,1048.662422,1048.662856361,1048.662321536,16910912,-9999,272763.2,25.42,-1,0.510006447,0.476950209,0.587191358,0.521046669,19,0.092307692,1.476923077,N1 S1 P1 O6,de-protonated,0,-9999,C65 H96 O6 N1 P1 S1,65,96,6,1,1,1,-9999,-9999
1890,1048.662422,1048.662856361,1048.663682754,16910912,-9999,272763.2,25.42,-1,-0.788043764,0.446717369,0.649019222,0.52763811,2,0.42,1.98,N1 O21,de-protonated,0,-9999,C50 H99 O21 N1,50,99,21,1,-9999,-9999,-9999,-9999
1890,1048.662422,1048.662856361,1048.66316969,16910912,-9999,272763.2,25.42,-1,-0.298788624,0.491965864,0.594745702,0.533077799,20,0.158730159,1.444444444,N3 O10,de-protonated,0,-9999,C63 H91 O10 N3,63,91,10,3,-9999,-9999,-9999,-9999
1891,1049.634522,1049.634956814,1049.634452281,12266205,-9999,184434.8,17.92,-1,0.480674497,0.47947164,0.614510218,0.533487071,10,0.172413793,1.706896552,S2 P1 O10,de-protonated,0,-9999,C58 H99 O10 P1 S2,58,99,10,-9999,1,2,-9999,-9999
1891,1049.634522,1049.634956814,1049.635951883,12266205,-9999,184434.8,17.92,-1,-0.948013772,0.424764416,0.590944388,0.491236405,20,0.1875,1.40625,O12,de-protonated,0,-9999,C64 H90 O12,64,90,12,-9999,-9999,-9999,-9999,-9999
1891,1049.634522,1049.634956814,1049.635438819,12266205,-9999,184434.8,17.92,-1,-0.459211903,0.481229844,0.545609971,0.506981895,38,0.012987013,1.064935065,N2 O1,de-protonated,0,-9999,C77 H82 O1 N2,77,82,1,2,-9999,-9999,-9999,-9999
1891,1049.634522,1049.634956814,1049.635300435,12266205,-9999,184434.8,17.92,-1,-0.327371476,0.490370812,0.622788794,0.543338005,11,0.25,1.678571429,N2 S1 O14,de-protonated,0,-9999,C56 H94 O14 N2 S1,56,94,14,2,-9999,1,-9999,-9999
1891,1049.634522,1049.634956814,1049.63478737,12266205,-9999,184434.8,17.92,-1,0.161430999,0.497641308,0.572644131,0.527642437,29,0.043478261,1.246376812,N4 S1 O3,de-protonated,0,-9999,C69 H86 O3 N4 S1,69,86,3,4,-9999,1,-9999,-9999
1891,1049.634522,1049.634956814,1049.635789692,12266205,-9999,184434.8,17.92,-1,-0.793492386,0.446019437,0.610452919,0.51179283,15,0.101694915,1.610169492,N4 S2 P1 O6,de-protonated,0,-9999,C59 H95 O6 N4 P1 S2,59,95,6,4,1,2,-9999,-9999
1891,1049.634522,1049.634956814,1049.634920312,12266205,-9999,184434.8,17.92,-1,0.03477577,0.499890294,0.614510218,0.545738264,16,0.189655172,1.568965517,N4 P1 O11,de-protonated,0,-9999,C58 H91 O11 N4 P1,58,91,11,4,1,-9999,-9999,-9999
1891,1049.634522,1049.634956814,1049.634648986,12266205,-9999,184434.8,17.92,-1,0.29327159,0.492257532,0.658260696,0.558658798,2,0.333333333,2.041666667,N4 S2 O16,de-protonated,0,-9999,C48 H98 O16 N4 S2,48,98,16,4,-9999,2,-9999,-9999
1892,1050.09806,1050.09849503,1050.099174755,18484006,-9999,325967.4,27.97,-1,-0.647295777,0.463396279,0.667769153,0.545145429,29,0.47826087,0.826086957,N1 S2 P1 O22,de-protonated,0,-9999,C46 H38 O22 N1 P1 S2,46,38,22,1,1,2,-9999,-9999
1892,1050.09806,1050.09849503,1050.097520984,18484006,-9999,325967.4,27.97,-1,0.927576248,0.427729107,0.658260696,0.519941742,34,0.4375,0.6875,N3 S2 O21,de-protonated,0,-9999,C48 H33 O21 N3 S2,48,33,21,3,-9999,2,-9999,-9999
1893,1050.102146,1050.102581032,1050.101543736,14551846,-9999,342436,21.61,-1,0.987804873,0.41886891,0.635633513,0.505574751,38,0.358490566,0.622641509,N1 S2 O19,de-protonated,0,-9999,C53 H33 O19 N1 S2,53,33,19,1,-9999,2,-9999,-9999
1894,1050.606043,1050.606478267,1050.607431179,14682994,-9999,272214.5,21.82,-1,-0.90701144,0.430667251,0.653607294,0.519843268,2,0.367346939,1.979591837,N1 S2 O18,de-protonated,0,-9999,C49 H97 O18 N1 S2,49,97,18,1,-9999,2,-9999,-9999
1894,1050.606043,1050.606478267,1050.6065618,14682994,-9999,272214.5,21.82,-1,-0.079509392,0.499426793,0.658260696,0.562960354,3,0.479166667,1.9375,N1 O23,de-protonated,0,-9999,C48 H93 O23 N1,48,93,23,1,-9999,-9999,-9999,-9999
1894,1050.606043,1050.606478267,1050.607189441,14682994,-9999,272214.5,21.82,-1,-0.676917954,0.460109755,0.562198102,0.500945094,34,0.027777778,1.138888889,N3 P1 O2,de-protonated,0,-9999,C72 H82 O2 N3 P1,72,82,2,3,1,-9999,-9999,-9999
1894,1050.606043,1050.606478267,1050.606918115,14682994,-9999,272214.5,21.82,-1,-0.418661539,0.484348277,0.598596236,0.530047461,20,0.112903226,1.435483871,N3 S2 O7,de-protonated,0,-9999,C62 H89 O7 N3 S2,62,89,7,3,-9999,2,-9999,-9999
1894,1050.606043,1050.606478267,1050.606048735,14682994,-9999,272214.5,21.82,-1,0.408841317,0.485062975,0.602496955,0.532036567,21,0.196721311,1.393442623,N3 O12,de-protonated,0,-9999,C61 H85 O12 N3,61,85,12,3,-9999,-9999,-9999,-9999
1894,1050.606043,1050.606478267,1050.607051057,14682994,-9999,272214.5,21.82,-1,-0.5451995,0.473747196,0.644495114,0.542046363,7,0.294117647,1.843137255,N3 S1 P1 O15,de-protonated,0,-9999,C51 H94 O15 N3 P1 S1,51,94,15,3,1,1,-9999,-9999
1895,1050.662041,1050.662476293,1050.662582518,10914683,-9999,226701.6,15.73,-1,-0.101103114,0.49907349,0.562198102,0.524323335,27,0.013888889,1.291666667,N1 S2 O1,de-protonated,0,-9999,C72 H93 O1 N1 S2,72,93,1,1,-9999,2,-9999,-9999
1895,1050.662041,1050.662476293,1050.661713138,10914683,-9999,226701.6,15.73,-1,0.726356163,0.454354164,0.565637507,0.498867501,28,0.084507042,1.253521127,N1 O6,de-protonated,0,-9999,C71 H89 O6 N1,71,89,6,1,-9999,-9999,-9999,-9999
1895,1050.662041,1050.662476293,1050.66271546,10914683,-9999,226701.6,15.73,-1,-0.227634412,0.495320929,0.602496955,0.53819134,14,0.14754098399999999,1.606557377,N1 S1 P1 O9,de-protonated,0,-9999,C61 H98 O9 N1 P1 S1,61,98,9,1,1,1,-9999,-9999
1895,1050.662041,1050.662476293,1050.661574754,10914683,-9999,226701.6,15.73,-1,0.858067966,0.874942461,0,0.524965476,1,0.38,2.02,N1 S1 O19,de-protonated,0,-9999,C50 H101 O19 N1 S1,50,101,19,1,-9999,1,-9999,-9999
1895,1050.662041,1050.662476293,1050.662064011,10914683,-9999,226701.6,15.73,-1,0.392401805,0.486223687,0.635633513,0.545987617,5,0.20754717,1.924528302,N3 S2 P1 O11,de-protonated,0,-9999,C53 H102 O11 N3 P1 S2,53,102,11,3,1,2,-9999,-9999
1896,1051.638148,1051.638583747,1051.639204045,9751561,-9999,273502.8,13.85,-1,-0.589839245,0.469411708,0.569119254,0.509294726,28,0.057142857,1.257142857,N2 S1 O4,de-protonated,0,-9999,C70 H88 O4 N2 S1,70,88,4,2,-9999,1,-9999,-9999
1896,1051.638148,1051.638583747,1051.639336987,9751561,-9999,273502.8,13.85,-1,-0.716252976,0.455557342,0.610452919,0.517515573,15,0.203389831,1.576271186,N2 P1 O12,de-protonated,0,-9999,C59 H93 O12 N2 P1,59,93,12,2,1,-9999,-9999,-9999
1896,1051.638148,1051.638583747,1051.639065661,9751561,-9999,273502.8,13.85,-1,-0.458250041,0.962613813,0,0.577568288,1,0.346938776,2.040816327,N2 S2 O17,de-protonated,0,-9999,C49 H100 O17 N2 S2,49,100,17,2,-9999,2,-9999,-9999
1896,1051.638148,1051.638583747,1051.638196281,9751561,-9999,273502.8,13.85,-1,0.368440617,0.975669492,0,0.585401695,2,0.458333333,2,N2 O22,de-protonated,0,-9999,C48 H96 O22 N2,48,96,22,2,-9999,-9999,-9999,-9999
1896,1051.638148,1051.638583747,1051.638823923,9751561,-9999,273502.8,13.85,-1,-0.228382168,0.495290284,0.562198102,0.522053411,33,0.013888889,1.180555556,N4 P1 O1,de-protonated,0,-9999,C72 H85 O1 N4 P1,72,85,1,4,1,-9999,-9999,-9999
1896,1051.638148,1051.638583747,1051.638552597,9751561,-9999,273502.8,13.85,-1,0.029621019,0.499920404,0.598596236,0.539390737,19,0.096774194,1.483870968,N4 S2 O6,de-protonated,0,-9999,C62 H92 O6 N4 S2,62,92,6,4,-9999,2,-9999,-9999
1896,1051.638148,1051.638583747,1051.637683217,9751561,-9999,273502.8,13.85,-1,0.856312483,0.437710191,0.602496955,0.503624896,20,0.180327869,1.442622951,N4 O11,de-protonated,0,-9999,C61 H88 O11 N4,61,88,11,4,-9999,-9999,-9999,-9999
1896,1051.638148,1051.638583747,1051.638685539,9751561,-9999,273502.8,13.85,-1,-0.096792868,0.998301477,0,0.598980886,6,0.274509804,1.901960784,N4 S1 P1 O14,de-protonated,0,-9999,C51 H97 O14 N4 P1 S1,51,97,14,4,1,1,-9999,-9999
1897,1051.69054,1051.690975772,1051.69135876,18779152,-9999,213943.5,28.44,-1,-0.364164402,0.488112129,0.598596236,0.532305772,13,0.177419355,1.612903226,S1 O11,de-protonated,0,-9999,C62 H100 O11 S1,62,100,11,-9999,-9999,1,-9999,-9999
1897,1051.69054,1051.690975772,1051.691491702,18779152,-9999,213943.5,28.44,-1,-0.490571892,0.478636059,0.644495114,0.544979681,0,0.37254902,2.058823529,P1 O19,de-protonated,0,-9999,C51 H105 O19 P1,51,105,19,-9999,1,-9999,-9999,-9999
1897,1051.69054,1051.690975772,1051.691848018,18779152,-9999,213943.5,28.44,-1,-0.829374028,0.441331623,0.587191358,0.499675517,17,0.046153846,1.553846154,N2 S2 P1 O3,de-protonated,0,-9999,C65 H101 O3 N2 P1 S2,65,101,3,2,1,2,-9999,-9999
1897,1051.69054,1051.690975772,1051.690978638,18779152,-9999,213943.5,28.44,-1,-0.002725168,0.499999326,0.590944388,0.536377351,18,0.125,1.515625,N2 P1 O8,de-protonated,0,-9999,C64 H97 O8 N2 P1,64,97,8,2,1,-9999,-9999,-9999
1897,1051.69054,1051.690975772,1051.690707312,18779152,-9999,213943.5,28.44,-1,0.255265282,0.494123179,0.631293472,0.548991296,4,0.240740741,1.925925926,N2 S2 O13,de-protonated,0,-9999,C54 H104 O13 N2 S2,54,104,13,2,-9999,2,-9999,-9999
1897,1051.69054,1051.690975772,1051.690194247,18779152,-9999,213943.5,28.44,-1,0.743112734,0.452328703,0.579826515,0.503327828,22,0.029850746,1.432835821,N4 S2 O2,de-protonated,0,-9999,C67 H96 O2 N4 S2,67,96,2,4,-9999,2,-9999,-9999
1897,1051.69054,1051.690975772,1051.690327189,18779152,-9999,213943.5,28.44,-1,0.616704964,0.466658919,0.622788794,0.529110869,9,0.178571429,1.803571429,N4 S1 P1 O10,de-protonated,0,-9999,C56 H101 O10 N4 P1 S1,56,101,10,4,1,1,-9999,-9999
1898,1051.74385,1051.744285797,1051.744002733,9292823,-9999,294133.8,13.11,-1,0.269137777,0.986942734,0,0.59216564,2,0.175438596,1.98245614,S2 P1 O10,de-protonated,0,-9999,C57 H113 O10 P1 S2,57,113,10,-9999,1,2,-9999,-9999
1898,1051.74385,1051.744285797,1051.74498927,9292823,-9999,294133.8,13.11,-1,-0.668863236,0.461015628,0.548848821,0.496148905,30,0.013157895,1.263157895,N2 O1,de-protonated,0,-9999,C76 H96 O1 N2,76,96,1,2,-9999,-9999,-9999,-9999
1898,1051.74385,1051.744285797,1051.744850886,9292823,-9999,294133.8,13.11,-1,-0.537287277,0.948968025,0,0.569380815,3,0.254545455,1.963636364,N2 S1 O14,de-protonated,0,-9999,C55 H108 O14 N2 S1,55,108,14,2,-9999,1,-9999,-9999
1898,1051.74385,1051.744285797,1051.744337822,9292823,-9999,294133.8,13.11,-1,-0.049465326,0.499778063,0.576212942,0.530352015,21,0.044117647,1.470588235,N4 S1 O3,de-protonated,0,-9999,C68 H100 O3 N4 S1,68,100,3,4,-9999,1,-9999,-9999
1898,1051.74385,1051.744285797,1051.744470763,9292823,-9999,294133.8,13.11,-1,-0.175866489,0.994403688,0,0.596642213,8,0.192982456,1.842105263,N4 P1 O11,de-protonated,0,-9999,C57 H105 O11 N4 P1,57,105,11,4,1,-9999,-9999,-9999
1899,1052.10327,1052.103705964,1052.10405946,36834376,-9999,270264.3,57.63,-1,-0.335989903,0.489862382,0.662980834,0.559109763,34,0.510638298,0.680851064,N3 P1 O24,de-protonated,0,-9999,C47 H32 O24 N3 P1,47,32,24,3,1,-9999,-9999,-9999
1900,1052.723998,1052.724434253,1052.723482499,19270814,-9999,240242.2,29.24,-1,0.904087404,0.431081279,0.587191358,0.49352531,16,0.030769231,1.6,N3 S2 P1 O2,de-protonated,0,-9999,C65 H104 O2 N3 P1 S2,65,104,2,3,1,2,-9999,-9999
1900,1052.723998,1052.724434253,1052.724982101,19270814,-9999,240242.2,29.24,-1,-0.520409242,0.476023449,0.565637507,0.511869073,26,0.056338028,1.338028169,N3 O4,de-protonated,0,-9999,C71 H95 O4 N3,71,95,4,3,-9999,-9999,-9999,-9999
1901,1052.83269,1052.833126304,1052.83214977,12799148,-9999,250379,18.78,-1,0.927530548,0.427735686,0.587191358,0.491517955,9,0.107692308,1.769230769,N1 S1 O7,de-protonated,0,-9999,C65 H115 O7 N1 S1,65,115,7,1,-9999,1,-9999,-9999
1901,1052.83269,1052.833126304,1052.834138629,12799148,-9999,250379,18.78,-1,-0.96152393,0.422780723,0.555443265,0.47584574,23,0.013513514,1.445945946,N3 O1,de-protonated,0,-9999,C74 H107 O1 N3,74,107,1,3,-9999,-9999,-9999,-9999
1902,1053.587334,1053.587770656,1053.587108165,11341070,-9999,457728.5,16.42,-1,0.628795379,0.465385576,0.594745702,0.517129626,19,0.111111111,1.444444444,S2 P1 O7,de-protonated,0,-9999,C63 H91 O7 P1 S2,63,91,7,-9999,1,2,-9999,-9999
1902,1053.587334,1053.587770656,1053.588607767,11341070,-9999,457728.5,16.42,-1,-0.794533216,0.445885691,0.572644131,0.496589067,29,0.130434783,1.188405797,O9,de-protonated,0,-9999,C69 H82 O9,69,82,9,-9999,-9999,-9999,-9999,-9999
1902,1053.587334,1053.587770656,1053.588469382,11341070,-9999,457728.5,16.42,-1,-0.663187512,0.923296982,0,0.553978189,2,0.458333333,1.958333333,S1 O22,de-protonated,0,-9999,C48 H94 O22 S1,48,94,22,-9999,-9999,1,-9999,-9999
1902,1053.587334,1053.587770656,1053.587956318,11341070,-9999,457728.5,16.42,-1,-0.176219237,0.497190639,0.602496955,0.539313166,20,0.180327869,1.409836066,N2 S1 O11,de-protonated,0,-9999,C61 H86 O11 N2 S1,61,86,11,2,-9999,1,-9999,-9999
1902,1053.587334,1053.587770656,1053.58808926,11341070,-9999,457728.5,16.42,-1,-0.3023992,0.983544274,0,0.590126565,7,0.38,1.82,N2 P1 O19,de-protonated,0,-9999,C50 H91 O19 N2 P1,50,91,19,2,1,-9999,-9999,-9999
1902,1053.587334,1053.587770656,1053.588445575,11341070,-9999,457728.5,16.42,-1,-0.640591512,0.464122846,0.590944388,0.514851463,24,0.046875,1.359375,N4 S2 P1 O3,de-protonated,0,-9999,C64 H87 O3 N4 P1 S2,64,87,3,4,1,2,-9999,-9999
1902,1053.587334,1053.587770656,1053.587576195,11341070,-9999,457728.5,16.42,-1,0.184569426,0.496918928,0.594745702,0.536049638,25,0.126984127,1.317460317,N4 P1 O8,de-protonated,0,-9999,C63 H83 O8 N4 P1,63,83,8,4,1,-9999,-9999,-9999
1902,1053.587334,1053.587770656,1053.587304869,11341070,-9999,457728.5,16.42,-1,0.442095508,0.482578806,0.635633513,0.543800689,11,0.245283019,1.698113208,N4 S2 O13,de-protonated,0,-9999,C53 H90 O13 N4 S2,53,90,13,4,-9999,2,-9999,-9999
1903,1053.591468,1053.591904657,1053.59197907,30608654,-9999,313157.4,47.56,-1,-0.070627473,0.333031767,0.508967985,0.403406254,24,0.136363636,1.303030303,S1 O9,de-protonated,0,-9999,C66 H86 O9 S1,66,86,9,-9999,-9999,1,-9999,-9999
1903,1053.591468,1053.591904657,1053.592112012,30608654,-9999,313157.4,47.56,-1,-0.196806968,0.496498295,0.627012296,0.548703895,11,0.309090909,1.654545455,P1 O17,de-protonated,0,-9999,C55 H91 O17 P1,55,91,17,-9999,1,-9999,-9999,-9999
1903,1053.591468,1053.591904657,1053.592468327,30608654,-9999,313157.4,47.56,-1,-0.534998024,0.316463599,0.494873046,0.387827378,28,0.014492754,1.260869565,N2 S2 P1 O1,de-protonated,0,-9999,C69 H87 O1 N2 P1 S2,69,87,1,2,1,2,-9999,-9999
1903,1053.591468,1053.591904657,1053.591598947,30608654,-9999,313157.4,47.56,-1,0.290159851,0.328279811,0.499512996,0.396773085,29,0.088235294,1.220588235,N2 P1 O6,de-protonated,0,-9999,C68 H83 O6 N2 P1,68,83,6,2,1,-9999,-9999,-9999
1903,1053.591468,1053.591904657,1053.591327621,30608654,-9999,313157.4,47.56,-1,0.547684976,0.473513755,0.614510218,0.52991234,15,0.189655172,1.551724138,N2 S2 O11,de-protonated,0,-9999,C58 H90 O11 N2 S2,58,90,11,2,-9999,2,-9999,-9999
1903,1053.591468,1053.591904657,1053.591460563,30608654,-9999,313157.4,47.56,-1,0.421505325,0.484138345,0.662980834,0.55567534,2,0.404255319,2.021276596,N2 S1 P1 O19,de-protonated,0,-9999,C47 H95 O19 N2 P1 S1,47,95,19,2,1,1,-9999,-9999
1903,1053.591468,1053.591904657,1053.590947499,30608654,-9999,313157.4,47.56,-1,0.908472746,0.286973324,0.538793609,0.387701438,20,0.133333333,1.45,N4 S1 P1 O8,de-protonated,0,-9999,C60 H87 O8 N4 P1 S1,60,87,8,4,1,1,-9999,-9999
1903,1053.591468,1053.591904657,1053.592308716,30608654,-9999,313157.4,47.56,-1,-0.383505798,0.486833037,0.672627142,0.561150679,3,0.511111111,2,N4 O23,de-protonated,0,-9999,C45 H90 O23 N4,45,90,23,4,-9999,-9999,-9999,-9999
1904,1054.116669,1054.117105902,1054.117587724,9129296,-9999,279551.4,12.84,-1,-0.457085452,0.962800022,0,0.577680013,32,0.448979592,0.755102041,N1 S2 O22,de-protonated,0,-9999,C49 H37 O22 N1 S2,49,37,22,1,-9999,2,-9999,-9999
1904,1054.116669,1054.117105902,1054.117207601,9129296,-9999,279551.4,12.84,-1,-0.096478166,0.998312494,0,0.598987497,37,0.37254902,0.666666667,N3 S1 P1 O19,de-protonated,0,-9999,C51 H34 O19 N3 P1 S1,51,34,19,3,1,1,-9999,-9999
1905,1055.096112,1055.096549358,1055.097580555,9588165,-9999,237279.7,13.59,-1,-0.977346944,0.840867599,0,0.504520559,28,0.568181818,0.818181818,N2 S2 O25,de-protonated,0,-9999,C44 H36 O25 N2 S2,44,36,25,2,-9999,2,-9999,-9999
1905,1055.096112,1055.096549358,1055.097200432,9588165,-9999,237279.7,13.59,-1,-0.617074783,0.933240571,0,0.559944343,33,0.47826087,0.717391304,N4 S1 P1 O22,de-protonated,0,-9999,C46 H33 O22 N4 P1 S1,46,33,22,4,1,1,-9999,-9999
1906,1055.152919,1055.153356385,1055.153244958,9850315,-9999,183583.1,14.01,-1,0.105603079,0.997978528,0,0.598787117,35,0.351851852,0.740740741,S2 O19,de-protonated,0,-9999,C54 H40 O19 S2,54,40,19,-9999,-9999,2,-9999,-9999
1906,1055.152919,1055.153356385,1055.152375578,9850315,-9999,183583.1,14.01,-1,0.929540912,0.854892057,0,0.512935234,36,0.452830189,0.679245283,O24,de-protonated,0,-9999,C53 H36 O24,53,36,24,-9999,-9999,-9999,-9999,-9999
1906,1055.152919,1055.153356385,1055.152864835,9850315,-9999,183583.1,14.01,-1,0.465856624,0.961386824,0,0.576832095,40,0.285714286,0.660714286,N2 S1 P1 O16,de-protonated,0,-9999,C56 H37 O16 N2 P1 S1,56,37,16,2,1,1,-9999,-9999
1907,1055.774054,1055.774491674,1055.77430054,49942032,-9999,199747.5,78.81,-1,0.181037199,0.331356921,0.504211037,0.400498568,14,0.104477612,1.611940299,S1 O7,de-protonated,0,-9999,C67 H108 O7 S1,67,108,7,-9999,-9999,1,-9999,-9999
1907,1055.774054,1055.774491674,1055.775302862,49942032,-9999,199747.5,78.81,-1,-0.768333163,0.299473917,0.554570712,0.401512635,0,0.175438596,2.052631579,S2 P1 O10,de-protonated,0,-9999,C57 H117 O10 P1 S2,57,117,10,-9999,1,2,-9999,-9999
1907,1055.774054,1055.774491674,1055.774433482,49942032,-9999,199747.5,78.81,-1,0.05511849,0.333149634,0.55996373,0.423875272,1,0.267857143,2.017857143,P1 O15,de-protonated,0,-9999,C56 H113 O15 P1,56,113,15,-9999,1,-9999,-9999,-9999
1907,1055.774054,1055.774491674,1055.773920417,49942032,-9999,199747.5,78.81,-1,0.541078854,0.316088085,0.494873046,0.387602069,19,0.057971014,1.52173913,N2 P1 O4,de-protonated,0,-9999,C69 H105 O4 N2 P1,69,105,4,2,1,-9999,-9999,-9999
1907,1055.774054,1055.774491674,1055.773649091,49942032,-9999,199747.5,78.81,-1,0.79807173,0.296953324,0.543986559,0.395766618,5,0.152542373,1.898305085,N2 S2 O9,de-protonated,0,-9999,C59 H112 O9 N2 S2,59,112,9,2,-9999,2,-9999,-9999
1908,1056.136937,1056.137374843,1056.136880418,10210873,-9999,226004.7,14.59,-1,0.468145286,0.480507003,0.622788794,0.53741972,40,0.303571429,0.642857143,N1 S1 P1 O17,de-protonated,0,-9999,C56 H36 O17 N1 P1 S1,56,36,17,1,1,1,-9999,-9999
1909,1056.649163,1056.649601082,1056.649648852,9293424,-9999,237963.1,13.11,-1,-0.045208995,0.499814607,0.579826515,0.53181937,21,0.044776119,1.432835821,N1 S2 P1 O3,de-protonated,0,-9999,C67 H96 O3 N1 P1 S2,67,96,3,1,1,2,-9999,-9999
1909,1056.649163,1056.649601082,1056.648779472,9293424,-9999,237963.1,13.11,-1,0.777561871,0.448049526,0.583485697,0.502223995,22,0.121212121,1.393939394,N1 P1 O8,de-protonated,0,-9999,C66 H92 O8 N1 P1,66,92,8,1,1,-9999,-9999,-9999
1909,1056.649163,1056.649601082,1056.650497005,9293424,-9999,237963.1,13.11,-1,-0.847889856,0.438851688,0.587191358,0.498187556,22,0.107692308,1.4,N3 S1 O7,de-protonated,0,-9999,C65 H91 O7 N3 S1,65,91,7,3,-9999,1,-9999,-9999
1909,1056.649163,1056.649601082,1056.650629947,9293424,-9999,237963.1,13.11,-1,-0.973704022,0.841952725,0,0.505171635,9,0.277777778,1.777777778,N3 P1 O15,de-protonated,0,-9999,C54 H96 O15 N3 P1,54,96,15,3,1,-9999,-9999,-9999
1910,1057.800452,1057.800890618,1057.80033584,12947172,-9999,204491.9,19.01,-1,0.524463773,0.47565767,0.576212942,0.515879779,12,0.029411765,1.691176471,S2 P1 O2,de-protonated,0,-9999,C68 H115 O2 P1 S2,68,115,2,-9999,1,2,-9999,-9999
1910,1057.800452,1057.800890618,1057.801835442,12947172,-9999,204491.9,19.01,-1,-0.893195553,0.432615198,0.555443265,0.481746425,22,0.054054054,1.432432432,O4,de-protonated,0,-9999,C74 H106 O4,74,106,4,-9999,-9999,-9999,-9999,-9999
1910,1057.800452,1057.800890618,1057.801183994,12947172,-9999,204491.9,19.01,-1,-0.277344381,0.493069966,0.583485697,0.529236258,13,0.090909091,1.666666667,N2 S1 O6,de-protonated,0,-9999,C66 H110 O6 N2 S1,66,110,6,2,-9999,1,-9999,-9999
1910,1057.800452,1057.800890618,1057.801316935,12947172,-9999,204491.9,19.01,-1,-0.403021757,0.485478992,0.627012296,0.542092314,0,0.254545455,2.090909091,N2 P1 O14,de-protonated,0,-9999,C55 H115 O14 N2 P1,55,115,14,2,1,-9999,-9999,-9999
1910,1057.800452,1057.800890618,1057.800803871,12947172,-9999,204491.9,19.01,-1,0.082007222,0.499390234,0.576212942,0.530119317,18,0.044117647,1.573529412,N4 P1 O3,de-protonated,0,-9999,C68 H107 O3 N4 P1,68,107,3,4,1,-9999,-9999,-9999
1910,1057.800452,1057.800890618,1057.800532545,12947172,-9999,204491.9,19.01,-1,0.338507548,0.489711466,0.614510218,0.539630967,4,0.137931034,1.965517241,N4 S2 O8,de-protonated,0,-9999,C58 H114 O8 N4 S2,58,114,8,4,-9999,2,-9999,-9999
1911,1058.623797,1058.624236002,1058.624539782,20647730,-9999,273255.8,31.46,-1,-0.286957511,0.328389915,0.451496244,0.377632447,40,0.012658228,1.025316456,N1 O1,de-protonated,0,-9999,C79 H81 O1 N1,79,81,1,1,-9999,-9999,-9999,-9999
1911,1058.623797,1058.624236002,1058.624401398,20647730,-9999,273255.8,31.46,-1,-0.156236558,0.497790328,0.614510218,0.544478284,13,0.24137931,1.603448276,N1 S1 O14,de-protonated,0,-9999,C58 H93 O14 N1 S1,58,93,14,1,-9999,1,-9999,-9999
1911,1058.623797,1058.624236002,1058.62453434,20647730,-9999,273255.8,31.46,-1,-0.281816218,0.492846307,0.662980834,0.560900118,0,0.468085106,2.085106383,N1 P1 O22,de-protonated,0,-9999,C47 H98 O22 N1 P1,47,98,22,1,1,-9999,-9999,-9999
1911,1058.623797,1058.624236002,1058.623888334,20647730,-9999,273255.8,31.46,-1,0.328415428,0.490309901,0.565637507,0.520440944,31,0.042253521,1.197183099,N3 S1 O3,de-protonated,0,-9999,C71 H85 O3 N3 S1,71,85,3,3,-9999,1,-9999,-9999
1911,1058.623797,1058.624236002,1058.624890655,20647730,-9999,273255.8,31.46,-1,-0.618399575,0.466481727,0.602496955,0.520887818,17,0.098360656,1.540983607,N3 S2 P1 O6,de-protonated,0,-9999,C61 H94 O6 N3 P1 S2,61,94,6,3,1,2,-9999,-9999
1911,1058.623797,1058.624236002,1058.624021275,20647730,-9999,273255.8,31.46,-1,0.202835646,0.49628129,0.606448844,0.540348312,18,0.183333333,1.5,N3 P1 O11,de-protonated,0,-9999,C60 H90 O11 N3 P1,60,90,11,3,1,-9999,-9999,-9999
1911,1058.623797,1058.624236002,1058.623749949,20647730,-9999,273255.8,31.46,-1,0.459136541,0.481235888,0.649019222,0.548349221,4,0.32,1.94,N3 S2 O16,de-protonated,0,-9999,C50 H97 O16 N3 S2,50,97,16,3,-9999,2,-9999,-9999
1912,1058.789959,1058.790398079,1058.791072803,12029760,-9999,296276,17.53,-1,-0.637258751,0.464481635,0.610452919,0.522870148,4,0.203389831,1.915254237,N1 S1 O12,de-protonated,0,-9999,C59 H113 O12 N1 S1,59,113,12,1,-9999,1,-9999,-9999
1912,1058.789959,1058.790398079,1058.790559739,12029760,-9999,296276,17.53,-1,-0.152683291,0.497889484,0.562198102,0.523612931,22,0.013888889,1.458333333,N3 S1 O1,de-protonated,0,-9999,C72 H105 O1 N3 S1,72,105,1,3,-9999,1,-9999,-9999
1912,1058.789959,1058.790398079,1058.790692681,12029760,-9999,296276,17.53,-1,-0.278243244,0.493025288,0.602496955,0.536813955,9,0.14754098399999999,1.803278689,N3 P1 O9,de-protonated,0,-9999,C61 H110 O9 N3 P1,61,110,9,3,1,-9999,-9999,-9999
1913,1059.666572,1059.667011488,1059.666070243,9129869,-9999,256323.1,12.84,-1,0.888247043,0.433307746,0.545609971,0.478228636,34,0.038961039,1.142857143,O3,de-protonated,0,-9999,C77 H88 O3,77,88,3,-9999,-9999,-9999,-9999,-9999
1913,1059.666572,1059.667011488,1059.667072564,9129869,-9999,256323.1,12.84,-1,-0.05763729799999999,0.499698699,0.579826515,0.531749826,20,0.089552239,1.447761194,S1 P1 O6,de-protonated,0,-9999,C67 H97 O6 P1 S1,67,97,6,-9999,1,1,-9999,-9999
1913,1059.666572,1059.667011488,1059.666421116,9129869,-9999,256323.1,12.84,-1,0.557130359,0.94523602,0,0.567141612,11,0.13559322,1.711864407,N2 S2 P1 O8,de-protonated,0,-9999,C59 H101 O8 N2 P1 S2,59,101,8,2,1,2,-9999,-9999
1913,1059.666572,1059.667011488,1059.667920717,9129869,-9999,256323.1,12.84,-1,-0.858032501,0.437476061,0.587191358,0.49736218,21,0.153846154,1.415384615,N2 O10,de-protonated,0,-9999,C65 H92 O10 N2,65,92,10,2,-9999,-9999,-9999,-9999
1913,1059.666572,1059.667011488,1059.667269269,9129869,-9999,256323.1,12.84,-1,-0.243265829,0.989319626,0,0.593591776,12,0.210526316,1.684210526,N4 S1 O12,de-protonated,0,-9999,C57 H96 O12 N4 S1,57,96,12,4,-9999,1,-9999,-9999
1914,1059.826997,1059.827436563,1059.826730037,9179034,-9999,528068.3,12.92,-1,0.666642684,0.461263766,0.590944388,0.513136015,7,0.140625,1.8125,S1 O9,de-protonated,0,-9999,C64 H116 O9 S1,64,116,9,-9999,-9999,1,-9999,-9999
1914,1059.826997,1059.827436563,1059.827219294,9179034,-9999,528068.3,12.92,-1,0.205003591,0.496201677,0.579826515,0.529651612,11,0.014925373,1.746268657,N2 S2 P1 O1,de-protonated,0,-9999,C67 H117 O1 N2 P1 S2,67,117,1,2,1,2,-9999,-9999
1914,1059.826997,1059.827436563,1059.828067447,9179034,-9999,528068.3,12.92,-1,-0.595270878,0.468863755,0.587191358,0.516194796,12,0.076923077,1.723076923,N4 S1 O5,de-protonated,0,-9999,C65 H112 O5 N4 S1,65,112,5,4,-9999,1,-9999,-9999
1915,1059.830809,1059.831248564,1059.830372666,29822874,-9999,478023.5,46.29,-1,0.826451152,0.294479572,0.485764205,0.370993425,16,0.056338028,1.591549296,P1 O4,de-protonated,0,-9999,C71 H113 O4 P1,71,113,4,-9999,1,-9999,-9999,-9999
1915,1059.830809,1059.831248564,1059.832090199,29822874,-9999,478023.5,46.29,-1,-0.794121083,0.297292444,0.49029038,0.374491619,16,0.042857143,1.6,N2 S1 O3,de-protonated,0,-9999,C70 H112 O3 N2 S1,70,112,3,2,-9999,1,-9999,-9999
1915,1059.830809,1059.831248564,1059.832223141,29822874,-9999,478023.5,46.29,-1,-0.919557564,0.428880193,0.610452919,0.501509283,3,0.186440678,1.983050847,N2 P1 O11,de-protonated,0,-9999,C59 H117 O11 N2 P1,59,117,11,2,1,-9999,-9999,-9999
1915,1059.830809,1059.831248564,1059.831438751,29822874,-9999,478023.5,46.29,-1,-0.1794496,0.331391333,0.528601492,0.410275396,7,0.080645161,1.870967742,N4 S2 O5,de-protonated,0,-9999,C62 H116 O5 N4 S2,62,116,5,4,-9999,2,-9999,-9999
1915,1059.830809,1059.831248564,1059.830569371,29822874,-9999,478023.5,46.29,-1,0.640851059,0.309396559,0.533665548,0.399104154,8,0.163934426,1.836065574,N4 O10,de-protonated,0,-9999,C61 H112 O10 N4,61,112,10,4,-9999,-9999,-9999,-9999
1916,1059.834566,1059.835005566,1059.835461503,47452060,-9999,189319.1,74.79,-1,-0.430195624,0.322325723,0.504211037,0.395079849,11,0.044776119,1.731343284,N2 S2 O3,de-protonated,0,-9999,C67 H116 O3 N2 S2,67,116,3,2,-9999,2,-9999,-9999
1916,1059.834566,1059.835005566,1059.834592123,47452060,-9999,189319.1,74.79,-1,0.390101715,0.324255001,0.508967985,0.398140195,12,0.121212121,1.696969697,N2 O8,de-protonated,0,-9999,C66 H112 O8 N2,66,112,8,2,-9999,-9999,-9999,-9999
1917,1060.195952,1060.196391735,1060.197172001,60035000,-9999,239212.5,95.12,-1,-0.735963409,0.302131616,0.565425266,0.407449076,38,0.327272727,0.727272727,N3 P1 O18,de-protonated,0,-9999,C55 H40 O18 N3 P1,55,40,18,3,1,-9999,-9999,-9999
1917,1060.195952,1060.196391735,1060.196900675,60035000,-9999,239212.5,95.12,-1,-0.480043061,0.319682946,0.62401797,0.441416956,24,0.511111111,1.044444444,N3 S2 O23,de-protonated,0,-9999,C45 H47 O23 N3 S2,45,47,23,3,-9999,2,-9999,-9999
1918,1061.764841,1061.765281465,1061.764738177,21237808,-9999,277901.4,32.41,-1,0.511683974,0.476801907,0.610452919,0.530262311,3,0.152542373,1.949152542,S2 P1 O9,de-protonated,0,-9999,C59 H115 O9 P1 S2,59,115,9,-9999,1,2,-9999,-9999
1918,1061.764841,1061.765281465,1061.766237779,21237808,-9999,277901.4,32.41,-1,-0.900682104,0.431562264,0.587191358,0.493813902,13,0.169230769,1.630769231,O11,de-protonated,0,-9999,C65 H106 O11,65,106,11,-9999,-9999,-9999,-9999,-9999
1918,1061.764841,1061.765281465,1061.765586331,21237808,-9999,277901.4,32.41,-1,-0.287130392,0.492576002,0.618621811,0.542994326,4,0.22807017500000001,1.929824561,N2 S1 O13,de-protonated,0,-9999,C57 H110 O13 N2 S1,57,110,13,2,-9999,1,-9999,-9999
1918,1061.764841,1061.765281465,1061.765073266,21237808,-9999,277901.4,32.41,-1,0.196087709,0.496523754,0.569119254,0.525561954,22,0.028571429,1.457142857,N4 S1 O2,de-protonated,0,-9999,C70 H102 O2 N4 S1,70,102,2,4,-9999,1,-9999,-9999
1918,1061.764841,1061.765281465,1061.766075588,21237808,-9999,277901.4,32.41,-1,-0.747926061,0.451740049,0.606448844,0.513623567,8,0.083333333,1.85,N4 S2 P1 O5,de-protonated,0,-9999,C60 H111 O5 N4 P1 S2,60,111,5,4,1,2,-9999,-9999
1918,1061.764841,1061.765281465,1061.765206208,21237808,-9999,277901.4,32.41,-1,0.070879466,0.499544418,0.610452919,0.543907818,9,0.169491525,1.813559322,N4 P1 O10,de-protonated,0,-9999,C59 H107 O10 N4 P1,59,107,10,4,1,-9999,-9999,-9999
1919,1061.820415,1061.820855491,1061.821250733,11046965,-9999,309080.7,15.94,-1,-0.372230182,0.487586358,0.579826515,0.524482421,11,0.104477612,1.701492537,S1 O7,de-protonated,0,-9999,C67 H114 O7 S1,67,114,7,-9999,-9999,1,-9999,-9999
1919,1061.820415,1061.820855491,1061.820870611,11046965,-9999,309080.7,15.94,-1,-0.014239122,0.499981606,0.572644131,0.529046616,16,0.057971014,1.608695652,N2 P1 O4,de-protonated,0,-9999,C69 H111 O4 N2 P1,69,111,4,2,1,-9999,-9999,-9999
1919,1061.820415,1061.820855491,1061.820599285,11046965,-9999,309080.7,15.94,-1,0.241290066,0.49474575,0.610452919,0.541028617,2,0.152542373,2,N2 S2 O9,de-protonated,0,-9999,C59 H118 O9 N2 S2,59,118,9,2,-9999,2,-9999,-9999
1919,1061.820415,1061.820855491,1061.820219162,11046965,-9999,309080.7,15.94,-1,0.599281566,0.468456341,0.602496955,0.522072587,7,0.098360656,1.885245902,N4 S1 P1 O6,de-protonated,0,-9999,C61 H115 O6 N4 P1 S1,61,115,6,4,1,1,-9999,-9999
1920,1061.875169,1061.875609517,1061.876263687,9785401,-9999,227712.3,13.9,-1,-0.616051407,0.466727144,0.572644131,0.509093939,9,0.043478261,1.768115942,S2 O3,de-protonated,0,-9999,C69 H122 O3 S2,69,122,3,-9999,-9999,2,-9999,-9999
1920,1061.875169,1061.875609517,1061.875394307,9785401,-9999,227712.3,13.9,-1,0.202669263,0.496287365,0.576212942,0.528257596,10,0.117647059,1.735294118,O8,de-protonated,0,-9999,C68 H118 O8,68,118,8,-9999,-9999,-9999,-9999,-9999
1920,1061.875169,1061.875609517,1061.874742859,9785401,-9999,227712.3,13.9,-1,0.816158581,0.443076498,0.606448844,0.508425437,1,0.166666667,2.033333333,N2 S1 O10,de-protonated,0,-9999,C60 H122 O10 N2 S1,60,122,10,2,-9999,1,-9999,-9999
1920,1061.875169,1061.875609517,1061.875232116,9785401,-9999,227712.3,13.9,-1,0.355409771,0.488670387,0.594745702,0.531100513,5,0.031746032,1.952380952,N4 S2 P1 O2,de-protonated,0,-9999,C63 H123 O2 N4 P1 S2,63,123,2,4,1,2,-9999,-9999
1921,1064.291401,1064.291842643,1064.290879139,9031891,-9999,288133.5,12.69,-1,0.905300977,0.861819115,0,0.517091469,33,0.203389831,0.949152542,N1 S2 P1 O12,de-protonated,0,-9999,C59 H56 O12 N1 P1 S2,59,56,12,1,1,2,-9999,-9999
1921,1064.291401,1064.291842643,1064.291727292,9031891,-9999,288133.5,12.69,-1,0.108382316,0.997870842,0,0.598722505,34,0.280701754,0.894736842,N3 S1 O16,de-protonated,0,-9999,C57 H51 O16 N3 S1,57,51,16,3,-9999,1,-9999,-9999
1921,1064.291401,1064.291842643,1064.292729614,9031891,-9999,288133.5,12.69,-1,-0.833390263,0.88159435,0,0.52895661,20,0.404255319,1.276595745,N3 S2 P1 O19,de-protonated,0,-9999,C47 H60 O19 N3 P1 S2,47,60,19,3,1,2,-9999,-9999
1921,1064.291401,1064.291842643,1064.291860234,9031891,-9999,288133.5,12.69,-1,-0.016528669,0.99995043,0,0.599970258,21,0.52173913,1.217391304,N3 P1 O24,de-protonated,0,-9999,C46 H56 O24 N3 P1,46,56,24,3,1,-9999,-9999,-9999
1922,1064.700327,1064.700768833,1064.701483751,23138538,-9999,180173.3,35.49,-1,-0.671472884,0.307148751,0.499512996,0.384094449,23,0.073529412,1.411764706,N3 P1 O5,de-protonated,0,-9999,C68 H96 O5 N3 P1,68,96,5,3,1,-9999,-9999,-9999
1922,1064.700327,1064.700768833,1064.701212425,23138538,-9999,180173.3,35.49,-1,-0.416635213,0.484497052,0.614510218,0.536502318,9,0.172413793,1.775862069,N3 S2 O10,de-protonated,0,-9999,C58 H103 O10 N3 S2,58,103,10,3,-9999,2,-9999,-9999
1922,1064.700327,1064.700768833,1064.700343045,23138538,-9999,180173.3,35.49,-1,0.399913325,0.485698902,0.618621811,0.538868066,10,0.263157895,1.736842105,N3 O15,de-protonated,0,-9999,C57 H99 O15 N3,57,99,15,3,-9999,-9999,-9999,-9999
1923,1064.755298,1064.755739859,1064.756007448,22057196,-9999,211952.9,33.74,-1,-0.251315018,0.494302628,0.579826515,0.528512183,17,0.134328358,1.537313433,N1 O9,de-protonated,0,-9999,C67 H103 O9 N1,67,103,9,1,-9999,-9999,-9999,-9999
1923,1064.755298,1064.755739859,1064.756496705,22057196,-9999,211952.9,33.74,-1,-0.710816536,0.304132725,0.49029038,0.378595787,21,0.014285714,1.485714286,N3 S1 P1 O1,de-protonated,0,-9999,C70 H104 O1 N3 P1 S1,70,104,1,3,1,1,-9999,-9999
1923,1064.755298,1064.755739859,1064.755355999,22057196,-9999,211952.9,33.74,-1,0.360514275,0.488346461,0.610452919,0.537189044,8,0.186440678,1.813559322,N3 S1 O11,de-protonated,0,-9999,C59 H107 O11 N3 S1,59,107,11,3,-9999,1,-9999,-9999
1924,1064.812331,1064.812772885,1064.812022723,11571440,-9999,299849.5,16.79,-1,0.70450166,0.456939509,0.610452919,0.518344873,1,0.13559322,2.033898305,N1 S2 P1 O8,de-protonated,0,-9999,C59 H120 O8 N1 P1 S2,59,120,8,1,1,2,-9999,-9999
1924,1064.812331,1064.812772885,1064.813522325,11571440,-9999,299849.5,16.79,-1,-0.703822779,0.457018786,0.587191358,0.509087815,11,0.153846154,1.707692308,N1 O10,de-protonated,0,-9999,C65 H111 O10 N1,65,111,10,1,-9999,-9999,-9999,-9999
1924,1064.812331,1064.812772885,1064.812870877,11571440,-9999,299849.5,16.79,-1,-0.092026811,0.499232252,0.618621811,0.546988075,2,0.210526316,2.01754386,N3 S1 O12,de-protonated,0,-9999,C57 H115 O12 N3 S1,57,115,12,3,-9999,1,-9999,-9999
1925,1065.925131,1065.925573404,1065.925321881,61083944,-9999,236019.6,96.82,-1,0.235966698,0.63435846,0.630683544,0.632888494,7,0.072463768,1.826086957,S1 O5,de-protonated,0,-9999,C69 H126 O5 S1,69,126,5,-9999,-9999,1,-9999,-9999
1925,1065.925131,1065.925573404,1065.924941758,61083944,-9999,236019.6,96.82,-1,0.592579621,0.312757201,0.485764205,0.381960003,12,0.028169014,1.732394366,N2 P1 O2,de-protonated,0,-9999,C71 H123 O2 N2 P1,71,123,2,2,1,-9999,-9999,-9999
1926,1066.292064,1066.292506575,1066.292772664,9883962,-9999,237948.8,14.06,-1,-0.249546215,0.494382094,0.602496955,0.537628038,38,0.278688525,0.803278689,N1 O17,de-protonated,0,-9999,C61 H49 O17 N1,61,49,17,1,-9999,-9999,-9999,-9999
1926,1066.292064,1066.292506575,1066.292121215,9883962,-9999,237948.8,14.06,-1,0.361401296,0.976579444,0,0.585947667,29,0.358490566,1,N3 S1 O19,de-protonated,0,-9999,C53 H53 O19 N3 S1,53,53,19,3,-9999,1,-9999,-9999
1926,1066.292064,1066.292506575,1066.293123537,9883962,-9999,237948.8,14.06,-1,-0.57860473,0.941062226,0,0.564637335,15,0.511627907,1.441860465,N3 S2 P1 O22,de-protonated,0,-9999,C43 H62 O22 N3 P1 S2,43,62,22,3,1,2,-9999,-9999
1927,1066.703763,1066.704205767,1066.703398503,11800908,-9999,199298.9,17.16,-1,0.756783488,0.450648916,0.558800271,0.493909458,26,0.01369863,1.342465753,N1 S1 P1 O1,de-protonated,0,-9999,C73 H98 O1 N1 P1 S1,73,98,1,1,1,1,-9999,-9999
1927,1066.703763,1066.704205767,1066.70475972,11800908,-9999,199298.9,17.16,-1,-0.519313237,0.476121886,0.614510218,0.531477219,9,0.275862069,1.74137931,N1 O16,de-protonated,0,-9999,C58 H101 O16 N1,58,101,16,1,-9999,-9999,-9999,-9999
1927,1066.703763,1066.704205767,1066.704246656,11800908,-9999,199298.9,17.16,-1,-0.038332698,0.499866708,0.565637507,0.526175028,27,0.070422535,1.309859155,N3 O5,de-protonated,0,-9999,C71 H93 O5 N3,71,93,5,3,-9999,-9999,-9999,-9999
1927,1066.703763,1066.704205767,1066.705248978,11800908,-9999,199298.9,17.16,-1,-0.977975174,0.420340099,0.602496955,0.493202842,13,0.131147541,1.672131148,N3 S1 P1 O8,de-protonated,0,-9999,C61 H102 O8 N3 P1 S1,61,102,8,3,1,1,-9999,-9999
1927,1066.703763,1066.704205767,1066.704108272,11800908,-9999,199298.9,17.16,-1,0.091398147,0.499242697,0.649019222,0.559153307,0,0.36,2.1,N3 S1 O18,de-protonated,0,-9999,C50 H105 O18 N3 S1,50,105,18,3,-9999,1,-9999,-9999
1928,1067.932344,1067.932787339,1067.932729737,10817918,-9999,253858,15.57,-1,0.053937932,0.499736125,0.572644131,0.528899327,6,0.043478261,1.869565217,S1 P1 O3,de-protonated,0,-9999,C69 H129 O3 P1 S1,69,129,3,-9999,1,1,-9999,-9999
1928,1067.932344,1067.932787339,1067.932031551,10817918,-9999,253858,15.57,-1,0.707711624,0.608751753,0.630683544,0.61752447,7,0.072463768,1.826086957,13C2 S1 O5,de-protonated,1,1925,C67 H126 O5 S1 13C2,67,126,5,-9999,-9999,1,2,-9999
1928,1067.932344,1067.932787339,1067.93357789,10817918,-9999,253858,15.57,-1,-0.740262413,0.452675854,0.579826515,0.503536119,7,0.104477612,1.850746269,N2 O7,de-protonated,0,-9999,C67 H124 O7 N2,67,124,7,2,-9999,-9999,-9999,-9999
1929,1068.415863,1068.416306564,1068.416079655,17633680,-9999,195699.8,26.59,-1,0.212379345,0.49592458,0.614510218,0.543358835,24,0.206896552,1.24137931,N1 S2 P1 O12,de-protonated,0,-9999,C58 H72 O12 N1 P1 S2,58,72,12,1,1,2,-9999,-9999
1929,1068.415863,1068.416306564,1068.416927808,17633680,-9999,195699.8,26.59,-1,-0.581461831,0.470248221,0.622788794,0.531264451,25,0.285714286,1.196428571,N3 S1 O16,de-protonated,0,-9999,C56 H67 O16 N3 S1,56,67,16,3,-9999,1,-9999,-9999
1929,1068.415863,1068.416306564,1068.41706075,17633680,-9999,195699.8,26.59,-1,-0.705890443,0.456777138,0.672627142,0.543117139,12,0.533333333,1.6,N3 P1 O24,de-protonated,0,-9999,C45 H72 O24 N3 P1,45,72,24,3,1,-9999,-9999,-9999
1930,1068.766936,1068.767379728,1068.767047589,18616732,-9999,436470.9,28.18,-1,0.310768512,0.491314433,0.565637507,0.521043663,19,0.028169014,1.507042254,N1 S2 O2,de-protonated,0,-9999,C71 H107 O2 N1 S2,71,107,2,1,-9999,2,-9999,-9999
1930,1068.766936,1068.767379728,1068.76718053,18616732,-9999,436470.9,28.18,-1,0.18638055,0.496858356,0.606448844,0.540694551,6,0.166666667,1.866666667,N1 S1 P1 O10,de-protonated,0,-9999,C60 H112 O10 N1 P1 S1,60,112,10,1,1,1,-9999,-9999
1930,1068.766936,1068.767379728,1068.768028684,18616732,-9999,436470.9,28.18,-1,-0.607199821,0.467645013,0.614510218,0.526391095,7,0.24137931,1.844827586,N3 O14,de-protonated,0,-9999,C58 H107 O14 N3,58,107,14,3,-9999,-9999,-9999,-9999
1931,1068.771087,1068.77153073,1068.770551834,48239004,-9999,318540.4,76.06,-1,0.915908496,0.286267817,0.554570712,0.393588975,1,0.175438596,2.035087719,N1 S2 P1 O10,de-protonated,0,-9999,C57 H116 O10 N1 P1 S2,57,116,10,1,1,2,-9999,-9999
1931,1068.771087,1068.77153073,1068.772051436,48239004,-9999,318540.4,76.06,-1,-0.487200073,0.319281647,0.523600568,0.401009216,11,0.19047619,1.698412698,N1 O12,de-protonated,0,-9999,C63 H107 O12 N1,63,107,12,1,-9999,-9999,-9999,-9999
1931,1068.771087,1068.77153073,1068.771538371,48239004,-9999,318540.4,76.06,-1,-0.007149864,0.333330241,0.463953528,0.385579556,29,0.013157895,1.302631579,N3 O1,de-protonated,0,-9999,C76 H99 O1 N3,76,99,1,3,-9999,-9999,-9999,-9999
1931,1068.771087,1068.77153073,1068.772540693,48239004,-9999,318540.4,76.06,-1,-0.94497485,0.283472014,0.508967985,0.373670402,15,0.060606061,1.636363636,N3 S1 P1 O4,de-protonated,0,-9999,C66 H108 O4 N3 P1 S1,66,108,4,3,1,1,-9999,-9999
1931,1068.771087,1068.77153073,1068.771399987,48239004,-9999,318540.4,76.06,-1,0.12233005,0.332429456,0.565425266,0.42562778,2,0.254545455,2.018181818,N3 S1 O14,de-protonated,0,-9999,C55 H111 O14 N3 S1,55,111,14,3,-9999,1,-9999,-9999
1932,1068.885274,1068.885717783,1068.885068524,18747808,-9999,334991.4,28.39,-1,0.607416717,0.467622659,0.583485697,0.513967874,7,0.015151515,1.878787879,N3 S2 P1 O1,de-protonated,0,-9999,C66 H124 O1 N3 P1 S2,66,124,1,3,1,2,-9999,-9999
1932,1068.885274,1068.885717783,1068.886568126,18747808,-9999,334991.4,28.39,-1,-0.795541095,0.445756051,0.562198102,0.492332871,17,0.041666667,1.597222222,N3 O3,de-protonated,0,-9999,C72 H115 O3 N3,72,115,3,3,-9999,-9999,-9999,-9999
1933,1068.99442,1068.994863834,1068.994178113,9032100,-9999,294183.4,12.69,-1,0.641464,0.928057311,0,0.556834386,36,0.568181818,0.5,N4 S2 O25,de-protonated,0,-9999,C44 H22 O25 N4 S2,44,22,25,4,-9999,2,-9999,-9999
1934,1068.999645,1069.000088836,1068.999854635,10031524,-9999,294737.6,14.3,-1,0.219084628,0.991328628,0,0.594797177,35,0.510638298,0.574468085,S2 P1 O24,de-protonated,0,-9999,C47 H27 O24 P1 S2,47,27,24,-9999,1,2,-9999,-9999
1935,1071.018027,1071.018471777,1071.019344033,11243997,-9999,306684.4,16.26,-1,-0.814417238,0.886609664,0,0.531965798,35,0.568181818,0.568181818,N4 S1 P1 O25,de-protonated,0,-9999,C44 H25 O25 N4 P1 S1,44,25,25,4,1,1,-9999,-9999
1936,1071.858837,1071.859282168,1071.858244641,17568238,-9999,242762.8,26.48,-1,0.967970604,0.421827579,0.594745702,0.490994828,2,0.095238095,1.984126984,S2 P1 O6,de-protonated,0,-9999,C63 H125 O6 P1 S2,63,125,6,-9999,1,2,-9999,-9999
1936,1071.858837,1071.859282168,1071.859744243,17568238,-9999,242762.8,26.48,-1,-0.43109612,0.483420547,0.572644131,0.519109981,12,0.115942029,1.68115942,O8,de-protonated,0,-9999,C69 H116 O8,69,116,8,-9999,-9999,-9999,-9999,-9999
1936,1071.858837,1071.859282168,1071.859092794,17568238,-9999,242762.8,26.48,-1,0.17667817,0.497176029,0.602496955,0.539304399,3,0.163934426,1.967213115,N2 S1 O10,de-protonated,0,-9999,C61 H120 O10 N2 S1,61,120,10,2,-9999,1,-9999,-9999
1936,1071.858837,1071.859282168,1071.859582052,17568238,-9999,242762.8,26.48,-1,-0.279778483,0.492948655,0.590944388,0.532146948,7,0.03125,1.890625,N4 S2 P1 O2,de-protonated,0,-9999,C64 H121 O2 N4 P1 S2,64,121,2,4,1,2,-9999,-9999
1936,1071.858837,1071.859282168,1071.858712672,17568238,-9999,242762.8,26.48,-1,0.531316876,0.475033613,0.594745702,0.522918448,8,0.111111111,1.857142857,N4 P1 O7,de-protonated,0,-9999,C63 H117 O7 N4 P1,63,117,7,4,1,-9999,-9999,-9999
1937,1072.085868,1072.086313274,1072.085267936,18747892,-9999,190858.8,28.39,-1,0.975050995,0.420775904,0.572644131,0.481523195,2,0.043478261,2.028985507,N4 O3,de-protonated,0,-9999,C69 H140 O3 N4,69,140,3,4,-9999,-9999,-9999,-9999
1938,1072.874812,1072.875257642,1072.876122583,18420226,-9999,276482.2,27.86,-1,-0.806189521,0.44437867,0.587191358,0.501503745,7,0.153846154,1.830769231,N1 O10,de-protonated,0,-9999,C65 H119 O10 N1,65,119,10,1,-9999,-9999,-9999,-9999
1939,1073.045714,1073.046159721,1073.046410905,16257540,-9999,247860.3,24.36,-1,-0.23408464,0.495053336,0.644495114,0.554830047,37,0.411764706,0.607843137,S2 P1 O21,de-protonated,0,-9999,C51 H31 O21 P1 S2,51,31,21,-9999,1,2,-9999,-9999
1940,1073.102439,1073.102884748,1073.103925782,12194309,-9999,288469.3,17.8,-1,-0.970115419,0.421509535,0.653607294,0.514348638,31,0.448979592,0.795918367,S2 P1 O22,de-protonated,0,-9999,C49 H39 O22 P1 S2,49,39,22,-9999,1,2,-9999,-9999
1940,1073.102439,1073.102884748,1073.102272012,12194309,-9999,288469.3,17.8,-1,0.570994612,0.471278636,0.644495114,0.540565227,36,0.411764706,0.666666667,N2 S2 O21,de-protonated,0,-9999,C51 H34 O21 N2 S2,51,34,21,2,-9999,2,-9999,-9999
1941,1074.003465,1074.003911168,1074.00317828,15454737,-9999,188972.8,23.07,-1,0.682388576,0.459489349,0.558800271,0.499213718,7,0.02739726,1.835616438,S1 O2,de-protonated,0,-9999,C73 H134 O2 S1,73,134,2,-9999,-9999,1,-9999,-9999
1942,1075.021234,1075.021680642,1075.021652708,10687004,-9999,277169.5,15.36,-1,0.025984235,0.999877497,0,0.599926498,33,0.533333333,0.644444444,N2 S2 P1 O24,de-protonated,0,-9999,C45 H29 O24 N2 P1 S2,45,29,24,2,1,2,-9999,-9999
1942,1075.021234,1075.021680642,1075.022547801,10687004,-9999,277169.5,15.36,-1,-0.806642965,0.444319705,0.576212942,0.497077,2,0.014705882,2.029411765,N3 S1 P1 O1,de-protonated,0,-9999,C68 H138 O1 N3 P1 S1,68,138,1,3,1,1,-9999,-9999
1943,1075.025723,1075.026169644,1075.02567546,9245212,-9999,305714.8,13.03,-1,0.459694794,0.9623822,0,0.57742932,37,0.44,0.58,S2 P1 O22,de-protonated,0,-9999,C50 H29 O22 P1 S2,50,29,22,-9999,1,2,-9999,-9999
1944,1075.0817,1075.08214667,1075.083190338,35394076,-9999,257969.3,55.3,-1,-0.970778478,0.421411119,0.658260696,0.51615095,31,0.479166667,0.770833333,S2 P1 O23,de-protonated,0,-9999,C48 H37 O23 P1 S2,48,37,23,-9999,1,2,-9999,-9999
1944,1075.0817,1075.08214667,1075.081536567,35394076,-9999,257969.3,55.3,-1,0.567494312,0.471619533,0.649019222,0.542579409,36,0.44,0.64,N2 S2 O22,de-protonated,0,-9999,C50 H32 O22 N2 S2,50,32,22,2,-9999,2,-9999,-9999
1945,1075.195041,1075.195487723,1075.194715847,33231390,-9999,238366.7,51.8,-1,0.717893607,0.303575261,0.549245293,0.401843274,37,0.293103448,0.75862069,S2 O17,de-protonated,0,-9999,C58 H44 O17 S2,58,44,17,-9999,-9999,2,-9999,-9999
1945,1075.195041,1075.195487723,1075.194848789,33231390,-9999,238366.7,51.8,-1,0.594249204,0.468967158,0.662980834,0.546572628,24,0.531914894,1.042553191,S1 P1 O25,de-protonated,0,-9999,C47 H49 O25 P1 S1,47,49,25,-9999,1,1,-9999,-9999
1945,1075.195041,1075.195487723,1075.1961862,33231390,-9999,238366.7,51.8,-1,-0.649627339,0.463142095,0.658260696,0.541189535,29,0.4375,0.9375,N4 S1 P1 O21,de-protonated,0,-9999,C48 H45 O21 N4 P1 S1,48,45,21,4,1,1,-9999,-9999
1946,1076.761789,1076.762236453,1076.763021381,17371686,-9999,228443.3,26.16,-1,-0.72897012,0.45404065,0.562198102,0.497303631,22,0.055555556,1.444444444,N1 P1 O4,de-protonated,0,-9999,C72 H104 O4 N1 P1,72,104,4,1,1,-9999,-9999,-9999
1946,1076.761789,1076.762236453,1076.762750055,17371686,-9999,228443.3,26.16,-1,-0.47698707,0.47977896,0.598596236,0.527305871,8,0.14516129,1.790322581,N1 S2 O9,de-protonated,0,-9999,C62 H111 O9 N1 S2,62,111,9,1,-9999,2,-9999,-9999
1946,1076.761789,1076.762236453,1076.761880675,17371686,-9999,228443.3,26.16,-1,0.330414707,0.490192731,0.602496955,0.53511442,9,0.229508197,1.754098361,N1 O14,de-protonated,0,-9999,C61 H107 O14 N1,61,107,14,1,-9999,-9999,-9999,-9999
1946,1076.761789,1076.762236453,1076.76136761,17371686,-9999,228443.3,26.16,-1,0.806903217,0.444285852,0.555443265,0.488748817,27,0.040540541,1.337837838,N3 O3,de-protonated,0,-9999,C74 H99 O3 N3,74,99,3,3,-9999,-9999,-9999,-9999
1946,1076.761789,1076.762236453,1076.762369932,17371686,-9999,228443.3,26.16,-1,-0.123963646,0.498607782,0.590944388,0.535542425,13,0.09375,1.6875,N3 S1 P1 O6,de-protonated,0,-9999,C64 H108 O6 N3 P1 S1,64,108,6,3,1,1,-9999,-9999
1946,1076.761789,1076.762236453,1076.761229226,17371686,-9999,228443.3,26.16,-1,0.935422463,0.426596134,0.635633513,0.510211085,0,0.301886792,2.094339623,N3 S1 O16,de-protonated,0,-9999,C53 H111 O16 N3 S1,53,111,16,3,-9999,1,-9999,-9999
1947,1077.066673,1077.067120595,1077.067815055,12653095,-9999,245539.8,18.54,-1,-0.644769467,0.463670819,0.635633513,0.532455897,40,0.339622642,0.58490566,N2 S2 P1 O18,de-protonated,0,-9999,C53 H31 O18 N2 P1 S2,53,31,18,2,1,2,-9999,-9999
1947,1077.066673,1077.067120595,1077.066294227,12653095,-9999,245539.8,18.54,-1,0.767239782,0.898695494,0,0.539217296,32,0.568181818,0.704545455,N4 S1 P1 O25,de-protonated,0,-9999,C44 H31 O25 N4 P1 S1,44,31,25,4,1,1,-9999,-9999
1948,1077.236143,1077.236590674,1077.237639833,20943400,-9999,228560.2,31.94,-1,-0.973934659,0.420942051,0.614510218,0.498369318,36,0.327586207,0.810344828,P1 O19,de-protonated,0,-9999,C58 H47 O19 P1,58,47,19,-9999,1,-9999,-9999,-9999
1948,1077.236143,1077.236590674,1077.237368507,20943400,-9999,228560.2,31.94,-1,-0.722062692,0.454867139,0.658260696,0.536224562,22,0.5,1.125,S2 O24,de-protonated,0,-9999,C48 H54 O24 S2,48,54,24,-9999,-9999,2,-9999,-9999
1948,1077.236143,1077.236590674,1077.236855442,20943400,-9999,228560.2,31.94,-1,-0.245785003,0.494549247,0.602496955,0.53772833,40,0.213114754,0.754098361,N2 S2 O13,de-protonated,0,-9999,C61 H46 O13 N2 S2,61,46,13,2,-9999,2,-9999,-9999
1948,1077.236143,1077.236590674,1077.236988384,20943400,-9999,228560.2,31.94,-1,-0.369194892,0.4877855,0.649019222,0.552278989,27,0.42,1.02,N2 S1 P1 O21,de-protonated,0,-9999,C50 H51 O21 N2 P1 S1,50,51,21,2,1,1,-9999,-9999
1948,1077.236143,1077.236590674,1077.236336935,20943400,-9999,228560.2,31.94,-1,0.235545607,0.494991708,0.68763467,0.572048893,18,0.547619048,1.30952381,N4 S2 P1 O23,de-protonated,0,-9999,C42 H55 O23 N4 P1 S2,42,55,23,4,1,2,-9999,-9999
1949,1077.295384,1077.295831701,1077.29602409,19141160,-9999,229945.1,29.02,-1,-0.178584854,0.497114925,0.618621811,0.545717679,29,0.263157895,1.035087719,S2 P1 O15,de-protonated,0,-9999,C57 H59 O15 P1 S2,57,59,15,-9999,1,2,-9999,-9999
1949,1077.295384,1077.295831701,1077.29515471,19141160,-9999,229945.1,29.02,-1,0.62841749,0.465425696,0.622788794,0.528370935,30,0.357142857,0.982142857,P1 O20,de-protonated,0,-9999,C56 H55 O20 P1,56,55,20,-9999,1,-9999,-9999,-9999
1949,1077.295384,1077.295831701,1077.294883384,19141160,-9999,229945.1,29.02,-1,0.880276414,0.434417455,0.667769153,0.527758134,16,0.543478261,1.347826087,S2 O25,de-protonated,0,-9999,C46 H62 O25 S2,46,62,25,-9999,-9999,2,-9999,-9999
1949,1077.295384,1077.295831701,1077.296872243,19141160,-9999,229945.1,29.02,-1,-0.96588224600000006,0.422136806,0.627012296,0.504087002,30,0.345454545,0.981818182,N2 S1 O19,de-protonated,0,-9999,C55 H54 O19 N2 S1,55,54,19,2,-9999,1,-9999,-9999
1949,1077.295384,1077.295831701,1077.296492121,19141160,-9999,229945.1,29.02,-1,-0.613034024,0.467041322,0.618621811,0.527673518,35,0.280701754,0.894736842,N4 P1 O16,de-protonated,0,-9999,C57 H51 O16 N4 P1,57,51,16,4,1,-9999,-9999,-9999
1949,1077.295384,1077.295831701,1077.296220795,19141160,-9999,229945.1,29.02,-1,-0.361175725,0.488304164,0.662980834,0.558174832,21,0.446808511,1.234042553,N4 S2 O21,de-protonated,0,-9999,C47 H58 O21 N4 S2,47,58,21,4,-9999,2,-9999,-9999
1950,1078.089977,1078.090425071,1078.090718071,13914665,-9999,172739.7,20.58,-1,-0.271776189,0.493343597,0.649019222,0.555613847,35,0.46,0.68,N1 S1 P1 O23,de-protonated,0,-9999,C50 H34 O23 N1 P1 S1,50,34,23,1,1,1,-9999,-9999
1950,1078.089977,1078.090425071,1078.090066622,13914665,-9999,172739.7,20.58,-1,0.33248548,0.49007065,0.68763467,0.569096258,26,0.595238095,0.904761905,N3 S2 P1 O25,de-protonated,0,-9999,C42 H38 O25 N3 P1 S2,42,38,25,3,1,2,-9999,-9999
1951,1078.321015,1078.321463179,1078.321785345,16159272,-9999,262978.7,24.2,-1,-0.298765813,0.491967081,0.590944388,0.531558004,37,0.140625,0.90625,N1 S2 P1 O9,de-protonated,0,-9999,C64 H58 O9 N1 P1 S2,64,58,9,1,1,2,-9999,-9999
1951,1078.321015,1078.321463179,1078.320915965,16159272,-9999,262978.7,24.2,-1,0.507468767,0.477173715,0.594745702,0.52420251,38,0.222222222,0.857142857,N1 P1 O14,de-protonated,0,-9999,C63 H54 O14 N1 P1,63,54,14,1,1,-9999,-9999,-9999
1951,1078.321015,1078.321463179,1078.320644639,16159272,-9999,262978.7,24.2,-1,0.759088078,0.450363348,0.635633513,0.524471414,24,0.358490566,1.150943396,N1 S2 O19,de-protonated,0,-9999,C53 H61 O19 N1 S2,53,61,19,1,-9999,2,-9999,-9999
1952,1078.867528,1078.867976434,1078.868929202,11899432,-9999,304489.3,17.32,-1,-0.883118148,0.434022637,0.590944388,0.496791337,5,0.140625,1.890625,N1 S1 O9,de-protonated,0,-9999,C64 H121 O9 N1 S1,64,121,9,1,-9999,1,-9999,-9999
1952,1078.867528,1078.867976434,1078.86854908,11899432,-9999,304489.3,17.32,-1,-0.530784043,0.475082395,0.583485697,0.518443716,10,0.090909091,1.787878788,N3 P1 O6,de-protonated,0,-9999,C66 H118 O6 N3 P1,66,118,6,3,1,-9999,-9999,-9999
1953,1079.174334,1079.174782577,1079.174374326,22090278,-9999,266447.5,33.79,-1,0.378299487,0.487183518,0.635633513,0.546563516,32,0.396226415,0.830188679,S2 O21,de-protonated,0,-9999,C53 H44 O21 S2,53,44,21,-9999,-9999,2,-9999,-9999
1953,1079.174334,1079.174782577,1079.173994203,22090278,-9999,266447.5,33.79,-1,0.730534313,0.453852608,0.627012296,0.523116483,37,0.327272727,0.745454545,N2 S1 P1 O18,de-protonated,0,-9999,C55 H41 O18 N2 P1 S1,55,41,18,2,1,1,-9999,-9999
1953,1079.174334,1079.174782577,1079.175711736,22090278,-9999,266447.5,33.79,-1,-0.860989918,0.437072693,0.631293472,0.514761005,37,0.314814815,0.740740741,N4 S2 O17,de-protonated,0,-9999,C54 H40 O17 N4 S2,54,40,17,4,-9999,2,-9999,-9999
1953,1079.174334,1079.174782577,1079.174842356,22090278,-9999,266447.5,33.79,-1,-0.055393746,0.499721693,0.635633513,0.554086421,38,0.41509434,0.679245283,N4 O22,de-protonated,0,-9999,C53 H36 O22 N4,53,36,22,4,-9999,-9999,-9999,-9999
1953,1079.174334,1079.174782577,1079.175844678,22090278,-9999,266447.5,33.79,-1,-0.984178012,0.419412846,0.6825583,0.524671027,24,0.581395349,1.046511628,N4 S1 P1 O25,de-protonated,0,-9999,C43 H45 O25 N4 P1 S1,43,45,25,4,1,1,-9999,-9999
1954,1079.288542,1079.28899063,1079.289675407,20058662,-9999,256194.5,30.51,-1,-0.634469756,0.464780658,0.610452919,0.523049562,34,0.305084746,0.898305085,P1 O18,de-protonated,0,-9999,C59 H53 O18 P1,59,53,18,-9999,1,-9999,-9999,-9999
1954,1079.288542,1079.28899063,1079.28940408,20058662,-9999,256194.5,30.51,-1,-0.383076583,0.486862103,0.653607294,0.553560179,20,0.469387755,1.224489796,S2 O23,de-protonated,0,-9999,C49 H60 O23 S2,49,60,23,-9999,-9999,2,-9999,-9999
1954,1079.288542,1079.28899063,1079.288891016,20058662,-9999,256194.5,30.51,-1,0.092295727,0.499227762,0.598596236,0.538975152,38,0.193548387,0.838709677,N2 S2 O12,de-protonated,0,-9999,C62 H52 O12 N2 S2,62,52,12,2,-9999,2,-9999,-9999
1954,1079.288542,1079.28899063,1079.288021636,20058662,-9999,256194.5,30.51,-1,0.897808188,0.431967197,0.602496955,0.5001791,39,0.278688525,0.786885246,N2 O17,de-protonated,0,-9999,C61 H48 O17 N2,61,48,17,2,-9999,-9999,-9999,-9999
1954,1079.288542,1079.28899063,1079.289023958,20058662,-9999,256194.5,30.51,-1,-0.030879566,0.499913498,0.644495114,0.557746144,25,0.392156863,1.117647059,N2 S1 P1 O20,de-protonated,0,-9999,C51 H57 O20 N2 P1 S1,51,57,20,2,1,1,-9999,-9999
1954,1079.288542,1079.28899063,1079.288372509,20058662,-9999,256194.5,30.51,-1,0.572711352,0.471110766,0.6825583,0.55568978,16,0.511627907,1.418604651,N4 S2 P1 O22,de-protonated,0,-9999,C43 H61 O22 N4 P1 S2,43,61,22,4,1,2,-9999,-9999
1954,1079.288542,1079.28899063,1079.289872111,20058662,-9999,256194.5,30.51,-1,-0.816723264,0.443002375,0.653607294,0.527244342,26,0.489795918,1.06122449,N4 O24,de-protonated,0,-9999,C49 H52 O24 N4,49,52,24,4,-9999,-9999,-9999,-9999
1955,1079.347365,1079.347813657,1079.348059664,11325990,-9999,201474.6,16.39,-1,-0.22792141,0.495309179,0.614510218,0.542989595,27,0.24137931,1.120689655,S2 P1 O14,de-protonated,0,-9999,C58 H65 O14 P1 S2,58,65,14,-9999,1,2,-9999,-9999
1955,1079.347365,1079.347813657,1079.347190284,11325990,-9999,201474.6,16.39,-1,0.577546636,0.470635568,0.618621811,0.529830065,28,0.333333333,1.070175439,P1 O19,de-protonated,0,-9999,C57 H61 O19 P1,57,61,19,-9999,1,-9999,-9999,-9999
1955,1079.347365,1079.347813657,1079.346918958,11325990,-9999,201474.6,16.39,-1,0.828926718,0.882782056,0,0.529669234,14,0.510638298,1.446808511,S2 O24,de-protonated,0,-9999,C47 H68 O24 S2,47,68,24,-9999,-9999,2,-9999,-9999
1955,1079.347365,1079.347813657,1079.348527694,11325990,-9999,201474.6,16.39,-1,-0.661544592,0.461830836,0.614510218,0.522902589,33,0.25862069,0.982758621,N4 P1 O15,de-protonated,0,-9999,C58 H57 O15 N4 P1,58,57,15,4,1,-9999,-9999,-9999
1955,1079.347365,1079.347813657,1079.348256368,11325990,-9999,201474.6,16.39,-1,-0.410165133,0.969935117,0,0.58196107,19,0.416666667,1.333333333,N4 S2 O20,de-protonated,0,-9999,C48 H64 O20 N4 S2,48,64,20,4,-9999,2,-9999,-9999
1955,1079.347365,1079.347813657,1079.347386988,11325990,-9999,201474.6,16.39,-1,0.395302619,0.972044274,0,0.583226564,20,0.531914894,1.276595745,N4 O25,de-protonated,0,-9999,C47 H60 O25 N4,47,60,25,4,-9999,-9999,-9999,-9999
1956,1081.40749,1081.407939617,1081.408608772,10441243,-9999,253372.7,14.96,-1,-0.61878106,0.46644178,0.572644131,0.50892272,39,0.144927536,0.913043478,P1 O10,de-protonated,0,-9999,C69 H63 O10 P1,69,63,10,-9999,1,-9999,-9999,-9999
1956,1081.40749,1081.407939617,1081.408337446,10441243,-9999,253372.7,14.96,-1,-0.367880467,0.487871256,0.610452919,0.536903921,25,0.254237288,1.186440678,S2 O15,de-protonated,0,-9999,C59 H70 O15 S2,59,70,15,-9999,-9999,2,-9999,-9999
1956,1081.40749,1081.407939617,1081.407468066,10441243,-9999,253372.7,14.96,-1,0.436052903,0.483043667,0.614510218,0.535630288,26,0.344827586,1.137931034,O20,de-protonated,0,-9999,C58 H66 O20,58,66,20,-9999,-9999,-9999,-9999,-9999
1956,1081.40749,1081.407939617,1081.408470388,10441243,-9999,253372.7,14.96,-1,-0.490814294,0.957230799,0,0.574338479,12,0.479166667,1.5625,S1 P1 O23,de-protonated,0,-9999,C48 H75 O23 P1 S1,48,75,23,-9999,1,1,-9999,-9999
1956,1081.40749,1081.407939617,1081.407957324,10441243,-9999,253372.7,14.96,-1,-0.016373548,0.499975678,0.602496955,0.540984189,30,0.196721311,1.098360656,N2 S1 P1 O12,de-protonated,0,-9999,C61 H67 O12 N2 P1 S1,61,67,12,2,1,1,-9999,-9999
1956,1081.40749,1081.407939617,1081.407818939,10441243,-9999,253372.7,14.96,-1,0.111593372,0.997742956,0,0.598645773,3,0.625,1.975,N2 S2 P1 O25,de-protonated,0,-9999,C40 H79 O25 N2 P1 S2,40,79,25,2,1,2,-9999,-9999
1956,1081.40749,1081.407939617,1081.407305875,10441243,-9999,253372.7,14.96,-1,0.58603469,0.939585808,0,0.563751485,21,0.264150943,1.339622642,N4 S2 P1 O14,de-protonated,0,-9999,C53 H71 O14 N4 P1 S2,53,71,14,4,1,2,-9999,-9999
1956,1081.40749,1081.407939617,1081.408805477,10441243,-9999,253372.7,14.96,-1,-0.800677459,0.445093413,0.610452919,0.511237215,31,0.271186441,1.050847458,N4 O16,de-protonated,0,-9999,C59 H62 O16 N4,59,62,16,4,-9999,-9999,-9999,-9999
1957,1081.462026,1081.462475643,1081.46248102,19403290,-9999,324364,29.45,-1,-0.004972605,0.499997757,0.606448844,0.542578192,24,0.266666667,1.233333333,S1 O16,de-protonated,0,-9999,C60 H74 O16 S1,60,74,16,-9999,-9999,1,-9999,-9999
1957,1081.462026,1081.462475643,1081.463483342,19403290,-9999,324364,29.45,-1,-0.931792244,0.42712114,0.649019222,0.515880373,10,0.38,1.66,S2 P1 O19,de-protonated,0,-9999,C50 H83 O19 P1 S2,50,83,19,-9999,1,2,-9999,-9999
1957,1081.462026,1081.462475643,1081.462613962,19403290,-9999,324364,29.45,-1,-0.127900322,0.498518087,0.653607294,0.56055377,11,0.489795918,1.612244898,P1 O24,de-protonated,0,-9999,C49 H79 O24 P1,49,79,24,-9999,1,-9999,-9999,-9999
1957,1081.462026,1081.462475643,1081.462970278,19403290,-9999,324364,29.45,-1,-0.457375842,0.481376816,0.594745702,0.52672437,28,0.126984127,1.19047619,N2 S2 P1 O8,de-protonated,0,-9999,C63 H75 O8 N2 P1 S2,63,75,8,2,1,2,-9999,-9999
1957,1081.462026,1081.462475643,1081.462100898,19403290,-9999,324364,29.45,-1,0.346516844,0.489224186,0.598596236,0.532973006,29,0.209677419,1.14516129,N2 P1 O13,de-protonated,0,-9999,C62 H71 O13 N2 P1,62,71,13,2,1,-9999,-9999,-9999
1957,1081.462026,1081.462475643,1081.461829572,19403290,-9999,324364,29.45,-1,0.597405267,0.468647236,0.640033642,0.537201798,15,0.346153846,1.5,N2 S2 O18,de-protonated,0,-9999,C52 H78 O18 N2 S2,52,78,18,2,-9999,2,-9999,-9999
1957,1081.462026,1081.462475643,1081.461449449,19403290,-9999,324364,29.45,-1,0.94889514,0.424635579,0.631293472,0.507298736,20,0.277777778,1.388888889,N4 S1 P1 O15,de-protonated,0,-9999,C54 H75 O15 N4 P1 S1,54,75,15,4,1,1,-9999,-9999
1958,1081.466449,1081.466898645,1081.46699303,16519707,-9999,337508.8,24.79,-1,-0.087274948,0.499309438,0.576212942,0.530070839,32,0.088235294,1.102941176,S2 P1 O6,de-protonated,0,-9999,C68 H75 O6 P1 S2,68,75,6,-9999,1,2,-9999,-9999
1958,1081.466449,1081.466898645,1081.46612365,16519707,-9999,337508.8,24.79,-1,0.716615045,0.45551446,0.579826515,0.505239282,33,0.164179104,1.059701493,P1 O11,de-protonated,0,-9999,C67 H71 O11 P1,67,71,11,-9999,1,-9999,-9999,-9999
1958,1081.466449,1081.466898645,1081.465852324,16519707,-9999,337508.8,24.79,-1,0.967502628,0.421896912,0.618621811,0.500586871,19,0.280701754,1.368421053,S2 O16,de-protonated,0,-9999,C57 H78 O16 S2,57,78,16,-9999,-9999,2,-9999,-9999
1958,1081.466449,1081.466898645,1081.465985265,16519707,-9999,337508.8,24.79,-1,0.844575176,0.439298633,0.667769153,0.530686841,6,0.52173913,1.804347826,S1 P1 O24,de-protonated,0,-9999,C46 H83 O24 P1 S1,46,83,24,-9999,1,1,-9999,-9999
1958,1081.466449,1081.466898645,1081.467841183,16519707,-9999,337508.8,24.79,-1,-0.87153599,0.43562606,0.583485697,0.494769915,33,0.151515152,1.060606061,N2 S1 O10,de-protonated,0,-9999,C66 H70 O10 N2 S1,66,70,10,2,-9999,1,-9999,-9999
1958,1081.466449,1081.466898645,1081.467974124,16519707,-9999,337508.8,24.79,-1,-0.99446299,0.417867006,0.627012296,0.501525122,20,0.327272727,1.363636364,N2 P1 O18,de-protonated,0,-9999,C55 H75 O18 N2 P1,55,75,18,2,1,-9999,-9999,-9999
1958,1081.466449,1081.466898645,1081.467702798,16519707,-9999,337508.8,24.79,-1,-0.743576265,0.452272146,0.672627142,0.540414144,6,0.511111111,1.822222222,N2 S2 O23,de-protonated,0,-9999,C45 H82 O23 N2 S2,45,82,23,2,-9999,2,-9999,-9999
1958,1081.466449,1081.466898645,1081.46746106,16519707,-9999,337508.8,24.79,-1,-0.520048587,0.476055862,0.576212942,0.516118694,38,0.102941176,0.985294118,N4 P1 O7,de-protonated,0,-9999,C68 H67 O7 N4 P1,68,67,7,4,1,-9999,-9999,-9999
1958,1081.466449,1081.466898645,1081.467189734,16519707,-9999,337508.8,24.79,-1,-0.269161625,0.493470218,0.614510218,0.541886218,24,0.206896552,1.275862069,N4 S2 O12,de-protonated,0,-9999,C58 H74 O12 N4 S2,58,74,12,4,-9999,2,-9999,-9999
1958,1081.466449,1081.466898645,1081.466320354,16519707,-9999,337508.8,24.79,-1,0.534728076,0.474720272,0.618621811,0.532280887,25,0.298245614,1.228070175,N4 O17,de-protonated,0,-9999,C57 H70 O17 N4,57,70,17,4,-9999,-9999,-9999,-9999
1958,1081.466449,1081.466898645,1081.467322676,16519707,-9999,337508.8,24.79,-1,-0.392088773,0.486245353,0.662980834,0.556939545,11,0.425531915,1.680851064,N4 S1 P1 O20,de-protonated,0,-9999,C47 H79 O20 N4 P1 S1,47,79,20,4,1,1,-9999,-9999
1959,1082.325634,1082.326084045,1082.325075115,8720916,-9999,317421.9,12.18,-1,0.932187869,0.854127985,0,0.512476791,23,0.384615385,1.192307692,N1 S1 P1 O20,de-protonated,0,-9999,C52 H62 O20 N1 P1 S1,52,62,20,1,1,1,-9999,-9999
1959,1082.325634,1082.326084045,1082.327063974,8720916,-9999,317421.9,12.18,-1,-0.905390734,0.8617937,0,0.51707622,37,0.229508197,0.885245902,N3 P1 O14,de-protonated,0,-9999,C61 H54 O14 N3 P1,61,54,14,3,1,-9999,-9999,-9999
1959,1082.325634,1082.326084045,1082.326792648,8720916,-9999,317421.9,12.18,-1,-0.654703127,0.92517213,0,0.555103278,23,0.37254902,1.196078431,N3 S2 O19,de-protonated,0,-9999,C51 H61 O19 N3 S2,51,61,19,3,-9999,2,-9999,-9999
1959,1082.325634,1082.326084045,1082.325923268,8720916,-9999,317421.9,12.18,-1,0.1485478,0.996004077,0,0.597602446,24,0.48,1.14,N3 O24,de-protonated,0,-9999,C50 H57 O24 N3,50,57,24,3,-9999,-9999,-9999,-9999
1960,1083.533424,1083.533874608,1083.534284745,27070984,-9999,246715.3,41.84,-1,-0.378517841,0.324779273,0.476878192,0.385618841,34,0.02739726,1.109589041,S2 P1 O2,de-protonated,0,-9999,C73 H81 O2 P1 S2,73,81,2,-9999,1,2,-9999,-9999
1960,1083.533424,1083.533874608,1083.533415365,27070984,-9999,246715.3,41.84,-1,0.423838163,0.322643426,0.481293734,0.386103549,35,0.097222222,1.069444444,P1 O7,de-protonated,0,-9999,C72 H77 O7 P1,72,77,7,-9999,1,-9999,-9999,-9999
1960,1083.533424,1083.533874608,1083.533144039,27070984,-9999,246715.3,41.84,-1,0.674247,0.460411148,0.598596236,0.515685183,21,0.193548387,1.35483871,S2 O12,de-protonated,0,-9999,C62 H84 O12 S2,62,84,12,-9999,-9999,2,-9999,-9999
1960,1083.533424,1083.533874608,1083.53327698,27070984,-9999,246715.3,41.84,-1,0.551554119,0.473148475,0.644495114,0.541687131,8,0.392156863,1.745098039,S1 P1 O20,de-protonated,0,-9999,C51 H89 O20 P1 S1,51,89,20,-9999,1,1,-9999,-9999
1960,1083.533424,1083.533874608,1083.534125134,27070984,-9999,246715.3,41.84,-1,-0.231211848,0.495173422,0.653607294,0.55854697,9,0.489795918,1.714285714,N2 O24,de-protonated,0,-9999,C49 H84 O24 N2,49,84,24,2,-9999,-9999,-9999,-9999
1960,1083.533424,1083.533874608,1083.534752775,27070984,-9999,246715.3,41.84,-1,-0.810465659,0.295881072,0.476878192,0.36827992,40,0.04109589,1,N4 P1 O3,de-protonated,0,-9999,C73 H73 O3 N4 P1,73,73,3,4,1,-9999,-9999,-9999
1960,1083.533424,1083.533874608,1083.534481449,27070984,-9999,246715.3,41.84,-1,-0.56005744,0.314891775,0.523600568,0.398375292,26,0.126984127,1.26984127,N4 S2 O8,de-protonated,0,-9999,C63 H80 O8 N4 S2,63,80,8,4,-9999,2,-9999,-9999
1960,1083.533424,1083.533874608,1083.533612069,27070984,-9999,246715.3,41.84,-1,0.242298272,0.494701983,0.598596236,0.536259684,27,0.209677419,1.225806452,N4 O13,de-protonated,0,-9999,C62 H76 O13 N4,62,76,13,4,-9999,-9999,-9999,-9999
1960,1083.533424,1083.533874608,1083.534614391,27070984,-9999,246715.3,41.84,-1,-0.682750018,0.459448212,0.640033642,0.531682384,13,0.307692308,1.634615385,N4 S1 P1 O16,de-protonated,0,-9999,C52 H85 O16 N4 P1 S1,52,85,16,4,1,1,-9999,-9999
1961,1084.569841,1084.57029209,1084.570790131,11375100,-9999,273118.7,16.47,-1,-0.459205529,0.481230356,0.548848821,0.508277742,38,0.039473684,1.039473684,N1 S1 O3,de-protonated,0,-9999,C76 H79 O3 N1 S1,76,79,3,1,-9999,1,-9999,-9999
1961,1084.569841,1084.57029209,1084.570923073,11375100,-9999,273118.7,16.47,-1,-0.581780887,0.470216555,0.587191358,0.517006476,25,0.169230769,1.292307692,N1 P1 O11,de-protonated,0,-9999,C65 H84 O11 N1 P1,65,84,11,1,1,-9999,-9999,-9999
1961,1084.569841,1084.57029209,1084.570651747,11375100,-9999,273118.7,16.47,-1,-0.331611844,0.490122244,0.627012296,0.544878264,11,0.290909091,1.654545455,N1 S2 O16,de-protonated,0,-9999,C55 H91 O16 N1 S2,55,91,16,1,-9999,2,-9999,-9999
1961,1084.569841,1084.57029209,1084.569782367,11375100,-9999,273118.7,16.47,-1,0.469977501,0.480357165,0.631293472,0.540731688,12,0.388888889,1.611111111,N1 O21,de-protonated,0,-9999,C54 H87 O21 N1,54,87,21,1,-9999,-9999,-9999,-9999
1961,1084.569841,1084.57029209,1084.570138683,11375100,-9999,273118.7,16.47,-1,0.141445694,0.498188179,0.576212942,0.529398084,29,0.073529412,1.220588235,N3 S2 O5,de-protonated,0,-9999,C68 H83 O5 N3 S2,68,83,5,3,-9999,2,-9999,-9999
1961,1084.569841,1084.57029209,1084.569269303,11375100,-9999,273118.7,16.47,-1,0.943035798,0.42549057,0.579826515,0.487224948,30,0.149253731,1.179104478,N3 O10,de-protonated,0,-9999,C67 H79 O10 N3,67,79,10,3,-9999,-9999,-9999,-9999
1961,1084.569841,1084.57029209,1084.570271624,11375100,-9999,273118.7,16.47,-1,0.018870189,0.499967696,0.618621811,0.547429342,16,0.22807017500000001,1.543859649,N3 S1 P1 O13,de-protonated,0,-9999,C57 H88 O13 N3 P1 S1,57,88,13,3,1,1,-9999,-9999
1962,1085.548991,1085.549442547,1085.549934809,8704496,-9999,286010.8,12.16,-1,-0.45346827,0.481687795,0.558800271,0.512532785,33,0.02739726,1.136986301,S2 P1 O2,de-protonated,0,-9999,C73 H83 O2 P1 S2,73,83,2,-9999,1,2,-9999,-9999
1962,1085.548991,1085.549442547,1085.549065429,8704496,-9999,286010.8,12.16,-1,0.347397857,0.48916992,0.562198102,0.518381193,34,0.097222222,1.097222222,P1 O7,de-protonated,0,-9999,C72 H79 O7 P1,72,79,7,-9999,1,-9999,-9999,-9999
1962,1085.548991,1085.549442547,1085.548794103,8704496,-9999,286010.8,12.16,-1,0.597341715,0.937307385,0,0.562384431,20,0.193548387,1.387096774,S2 O12,de-protonated,0,-9999,C62 H86 O12 S2,62,86,12,-9999,-9999,2,-9999,-9999
1962,1085.548991,1085.549442547,1085.548927045,8704496,-9999,286010.8,12.16,-1,0.47487666,0.959907742,0,0.575944645,7,0.392156863,1.784313725,S1 P1 O20,de-protonated,0,-9999,C51 H91 O20 P1 S1,51,91,20,-9999,1,1,-9999,-9999
1962,1085.548991,1085.549442547,1085.548413981,8704496,-9999,286010.8,12.16,-1,0.947508269,0.849676546,0,0.509805928,25,0.140625,1.296875,N2 S1 P1 O9,de-protonated,0,-9999,C64 H83 O9 N2 P1 S1,64,83,9,2,1,1,-9999,-9999
1962,1085.548991,1085.549442547,1085.549775198,8704496,-9999,286010.8,12.16,-1,-0.306435807,0.983105777,0,0.589863466,8,0.489795918,1.755102041,N2 O24,de-protonated,0,-9999,C49 H86 O24 N2,49,86,24,2,-9999,-9999,-9999,-9999
1962,1085.548991,1085.549442547,1085.55040284,8704496,-9999,286010.8,12.16,-1,-0.884614016,0.433814441,0.558800271,0.483808773,39,0.04109589,1.02739726,N4 P1 O3,de-protonated,0,-9999,C73 H75 O3 N4 P1,73,75,3,4,1,-9999,-9999,-9999
1962,1085.548991,1085.549442547,1085.550131514,8704496,-9999,286010.8,12.16,-1,-0.634670773,0.929518286,0,0.557710971,25,0.126984127,1.301587302,N4 S2 O8,de-protonated,0,-9999,C63 H82 O8 N4 S2,63,82,8,4,-9999,2,-9999,-9999
1962,1085.548991,1085.549442547,1085.549262134,8704496,-9999,286010.8,12.16,-1,0.166195064,0.99500078,0,0.597000468,26,0.209677419,1.258064516,N4 O13,de-protonated,0,-9999,C62 H78 O13 N4,62,78,13,4,-9999,-9999,-9999,-9999
1962,1085.548991,1085.549442547,1085.550264455,8704496,-9999,286010.8,12.16,-1,-0.757135527,0.901210677,0,0.540726406,12,0.307692308,1.673076923,N4 S1 P1 O16,de-protonated,0,-9999,C52 H87 O16 N4 P1 S1,52,87,16,4,1,1,-9999,-9999
1963,1085.609244,1085.609695575,1085.608949288,18420208,-9999,228958,27.86,-1,0.687435712,0.305942193,0.459750141,0.367465372,37,0.064935065,1.064935065,O5,de-protonated,0,-9999,C77 H82 O5,77,82,5,-9999,-9999,-9999,-9999,-9999
1963,1085.609244,1085.609695575,1085.60995161,18420208,-9999,228958,27.86,-1,-0.235844595,0.49497905,0.579826515,0.528918036,23,0.119402985,1.358208955,S1 P1 O8,de-protonated,0,-9999,C67 H91 O8 P1 S1,67,91,8,-9999,1,1,-9999,-9999
1963,1085.609244,1085.609695575,1085.608810904,18420208,-9999,228958,27.86,-1,0.814907527,0.44324058,0.622788794,0.515059866,10,0.321428571,1.678571429,S1 O18,de-protonated,0,-9999,C56 H94 O18 S1,56,94,18,-9999,-9999,1,-9999,-9999
1963,1085.609244,1085.609695575,1085.609300161,18420208,-9999,228958,27.86,-1,0.36423181,0.48810778,0.610452919,0.537045836,14,0.169491525,1.610169492,N2 S2 P1 O10,de-protonated,0,-9999,C59 H95 O10 N2 P1 S2,59,95,10,2,1,2,-9999,-9999
1963,1085.609244,1085.609695575,1085.610148314,18420208,-9999,228958,27.86,-1,-0.417037119,0.484467597,0.618621811,0.538129283,15,0.245614035,1.578947368,N4 S1 O14,de-protonated,0,-9999,C57 H90 O14 N4 S1,57,90,14,4,-9999,1,-9999,-9999
1963,1085.609244,1085.609695575,1085.610281256,18420208,-9999,228958,27.86,-1,-0.539495129,0.474279377,0.667769153,0.551675288,2,0.47826087,2.065217391,N4 P1 O22,de-protonated,0,-9999,C46 H95 O22 N4 P1,46,95,22,4,1,-9999,-9999,-9999
1964,1086.337898,1086.338349914,1086.337614857,8671718,-9999,207010.1,12.1,-1,0.676637775,0.920282835,0,0.552169701,35,0.241935484,0.919354839,N1 S1 O15,de-protonated,0,-9999,C62 H57 O15 N1 S1,62,57,15,1,-9999,1,-9999,-9999
1964,1086.337898,1086.338349914,1086.338617179,8671718,-9999,207010.1,12.1,-1,-0.246023229,0.989077466,0,0.59344648,21,0.346153846,1.269230769,N1 S2 P1 O18,de-protonated,0,-9999,C52 H66 O18 N1 P1 S2,52,66,18,1,1,2,-9999,-9999
1964,1086.337898,1086.338349914,1086.337747799,8671718,-9999,207010.1,12.1,-1,0.554261635,0.945783005,0,0.567469803,22,0.450980392,1.215686275,N1 P1 O23,de-protonated,0,-9999,C51 H62 O23 N1 P1,51,62,23,1,1,-9999,-9999,-9999
1964,1086.337898,1086.338349914,1086.338104115,8671718,-9999,207010.1,12.1,-1,0.226264471,0.990753637,0,0.594452182,39,0.107692308,0.892307692,N3 S2 P1 O7,de-protonated,0,-9999,C65 H58 O7 N3 P1 S2,65,58,7,3,1,2,-9999,-9999
1965,1086.706929,1086.707381086,1086.707343177,8999393,-9999,269220.3,12.63,-1,0.034884029,0.49988961,0.587191358,0.534810309,16,0.153846154,1.553846154,N1 S1 O10,de-protonated,0,-9999,C65 H101 O10 N1 S1,65,101,10,1,-9999,1,-9999,-9999
1965,1086.706929,1086.707381086,1086.708345499,8999393,-9999,269220.3,12.63,-1,-0.887462468,0.866834591,0,0.520100754,2,0.236363636,2,N1 S2 P1 O13,de-protonated,0,-9999,C55 H110 O13 N1 P1 S2,55,110,13,1,1,2,-9999,-9999
1965,1086.706929,1086.707381086,1086.707476119,8999393,-9999,269220.3,12.63,-1,-0.087450397,0.99861332,0,0.599167992,3,0.333333333,1.962962963,N1 P1 O18,de-protonated,0,-9999,C54 H106 O18 N1 P1,54,106,18,1,1,-9999,-9999,-9999
1965,1086.706929,1086.707381086,1086.707832435,8999393,-9999,269220.3,12.63,-1,-0.415335757,0.484592103,0.576212942,0.52124043900000006,20,0.029411765,1.5,N3 S2 P1 O2,de-protonated,0,-9999,C68 H102 O2 N3 P1 S2,68,102,2,3,1,2,-9999,-9999
1965,1086.706929,1086.707381086,1086.706963055,8999393,-9999,269220.3,12.63,-1,0.38467707,0.486753564,0.579826515,0.523982744,21,0.104477612,1.462686567,N3 P1 O7,de-protonated,0,-9999,C67 H98 O7 N3 P1,67,98,7,3,1,-9999,-9999,-9999
1965,1086.706929,1086.707381086,1086.706691729,8999393,-9999,269220.3,12.63,-1,0.63435462,0.929585956,0,0.557751573,7,0.210526316,1.842105263,N3 S2 O12,de-protonated,0,-9999,C57 H105 O12 N3 S2,57,105,12,3,-9999,2,-9999,-9999
1966,1087.748591,1087.749043571,1087.750014344,9851347,-9999,218983.3,14.01,-1,-0.892459012,0.432718451,0.555443265,0.481808377,23,0.027027027,1.418918919,S1 P1 O2,de-protonated,0,-9999,C74 H105 O2 P1 S1,74,105,2,-9999,1,1,-9999,-9999
1966,1087.748591,1087.749043571,1087.748873638,9851347,-9999,218983.3,14.01,-1,0.156225147,0.49779065,0.594745702,0.536572671,10,0.19047619,1.714285714,S1 O12,de-protonated,0,-9999,C63 H108 O12 S1,63,108,12,-9999,-9999,1,-9999,-9999
1966,1087.748591,1087.749043571,1087.748360574,9851347,-9999,218983.3,14.01,-1,0.627900719,0.465480527,0.548848821,0.498827845,28,0.013157895,1.315789474,N2 S1 O1,de-protonated,0,-9999,C76 H100 O1 N2 S1,76,100,1,2,-9999,1,-9999,-9999
1966,1087.748591,1087.749043571,1087.749362895,9851347,-9999,218983.3,14.01,-1,-0.293563604,0.492242226,0.583485697,0.528739615,14,0.060606061,1.651515152,N2 S2 P1 O4,de-protonated,0,-9999,C66 H109 O4 N2 P1 S2,66,109,4,2,1,2,-9999,-9999
1966,1087.748591,1087.749043571,1087.748493515,9851347,-9999,218983.3,14.01,-1,0.5056833,0.477330364,0.587191358,0.521274762,15,0.138461538,1.615384615,N2 P1 O9,de-protonated,0,-9999,C65 H105 O9 N2 P1,65,105,9,2,1,-9999,-9999,-9999
1966,1087.748591,1087.749043571,1087.748222189,9851347,-9999,218983.3,14.01,-1,0.755121811,0.901708786,0,0.541025272,1,0.254545455,2.036363636,N2 S2 O14,de-protonated,0,-9999,C55 H112 O14 N2 S2,55,112,14,2,-9999,2,-9999,-9999
1967,1087.806153,1087.806605598,1087.807529221,71700944,-9999,224828,113.98,-1,-0.849068304,0.292461651,0.481293734,0.367994484,17,0.041666667,1.569444444,S1 P1 O3,de-protonated,0,-9999,C72 H113 O3 P1 S1,72,113,3,-9999,1,1,-9999,-9999
1967,1087.806153,1087.806605598,1087.806388515,71700944,-9999,224828,113.98,-1,0.199560453,0.330933322,0.533665548,0.412026212,4,0.213114754,1.901639344,S1 O13,de-protonated,0,-9999,C61 H116 O13 S1,61,116,13,-9999,-9999,1,-9999,-9999
1967,1087.806153,1087.806605598,1087.805875451,71700944,-9999,224828,113.98,-1,0.671211107,0.307168341,0.472516812,0.373307729,22,0.027027027,1.459459459,N2 S1 O2,de-protonated,0,-9999,C74 H108 O2 N2 S1,74,108,2,2,-9999,1,-9999,-9999
1967,1087.806153,1087.806605598,1087.806877773,71700944,-9999,224828,113.98,-1,-0.250204535,0.247176291,0.495657704,0.346568856,8,0.078125,1.828125,N2 S2 P1 O5,de-protonated,0,-9999,C64 H117 O5 N2 P1 S2,64,117,5,2,1,2,-9999,-9999
1967,1087.806153,1087.806605598,1087.806008393,71700944,-9999,224828,113.98,-1,0.549000145,0.315593233,0.523600568,0.398796167,9,0.158730159,1.793650794,N2 P1 O10,de-protonated,0,-9999,C63 H113 O10 N2 P1,63,113,10,2,1,-9999,-9999,-9999
1968,1087.810006,1087.8104586,1087.810900525,51253712,-9999,359687,80.93,-1,-0.406251141,0.323499219,0.494873046,0.39204875,12,0.043478261,1.695652174,S2 P1 O3,de-protonated,0,-9999,C69 H117 O3 P1 S2,69,117,3,-9999,1,2,-9999,-9999
1968,1087.810006,1087.8104586,1087.810031145,51253712,-9999,359687,80.93,-1,0.392950459,0.324123782,0.499512996,0.394279468,13,0.117647059,1.661764706,P1 O8,de-protonated,0,-9999,C68 H113 O8 P1,68,113,8,-9999,1,-9999,-9999,-9999
1968,1087.810006,1087.8104586,1087.809379696,51253712,-9999,359687,80.93,-1,0.991813594,0.278844135,0.538793609,0.382823924,4,0.166666667,1.95,N2 S1 P1 O10,de-protonated,0,-9999,C60 H117 O10 N2 P1 S1,60,117,10,2,1,1,-9999,-9999
1968,1087.810006,1087.8104586,1087.811368555,51253712,-9999,359687,80.93,-1,-0.83650079,0.29358795,0.494873046,0.374101988,18,0.057971014,1.579710145,N4 P1 O4,de-protonated,0,-9999,C69 H109 O4 N4 P1,69,109,4,4,1,-9999,-9999,-9999
1968,1087.810006,1087.8104586,1087.811097229,51253712,-9999,359687,80.93,-1,-0.587077031,0.313125788,0.543986559,0.405470096,4,0.152542373,1.966101695,N4 S2 O9,de-protonated,0,-9999,C59 H116 O9 N4 S2,59,116,9,4,-9999,2,-9999,-9999
1968,1087.810006,1087.8104586,1087.810227849,51253712,-9999,359687,80.93,-1,0.212124279,0.330622882,0.549245293,0.418071846,5,0.24137931,1.931034483,N4 O14,de-protonated,0,-9999,C58 H112 O14 N4,58,112,14,4,-9999,-9999,-9999,-9999
1969,1088.42665,1088.427102887,1088.42603594,8688073,-9999,213318.8,12.13,-1,0.980266031,0.839996174,0,0.503997704,32,0.203125,1.046875,N1 S1 O13,de-protonated,0,-9999,C64 H67 O13 N1 S1,64,67,13,1,-9999,1,-9999,-9999
1969,1088.42665,1088.427102887,1088.427038262,8688073,-9999,213318.8,12.13,-1,0.059375105,0.999360525,0,0.599616315,18,0.296296296,1.407407407,N1 S2 P1 O16,de-protonated,0,-9999,C54 H76 O16 N1 P1 S2,54,76,16,1,1,2,-9999,-9999
1969,1088.42665,1088.427102887,1088.426168882,8688073,-9999,213318.8,12.13,-1,0.858124663,0.874927013,0,0.524956208,19,0.396226415,1.358490566,N1 P1 O21,de-protonated,0,-9999,C53 H72 O21 N1 P1,53,72,21,1,1,-9999,-9999,-9999
1969,1088.42665,1088.427102887,1088.426525198,8688073,-9999,213318.8,12.13,-1,0.530756745,0.475084893,0.579826515,0.516981542,36,0.074626866,1.014925373,N3 S2 P1 O5,de-protonated,0,-9999,C67 H68 O5 N3 P1 S2,67,68,5,3,1,2,-9999,-9999
1969,1088.42665,1088.427102887,1088.427886415,8688073,-9999,213318.8,12.13,-1,-0.719871027,0.910256089,0,0.546153653,19,0.384615385,1.365384615,N3 S1 O20,de-protonated,0,-9999,C52 H71 O20 N3 S1,52,71,20,3,-9999,1,-9999,-9999
1970,1088.679782,1088.680235005,1088.680734506,30347718,-9999,192070.1,47.14,-1,-0.458812606,0.320841236,0.485764205,0.386810423,25,0.084507042,1.338028169,N1 S1 O6,de-protonated,0,-9999,C71 H95 O6 N1 S1,71,95,6,1,-9999,1,-9999,-9999
1970,1088.679782,1088.680235005,1088.680867448,30347718,-9999,192070.1,47.14,-1,-0.580925222,0.313534297,0.538793609,0.403638022,12,0.233333333,1.666666667,N1 P1 O14,de-protonated,0,-9999,C60 H100 O14 N1 P1,60,100,14,1,1,-9999,-9999,-9999
1970,1088.679782,1088.680235005,1088.680354383,30347718,-9999,192070.1,47.14,-1,-0.109653788,0.332606883,0.476878192,0.390315406,30,0.04109589,1.260273973,N3 P1 O3,de-protonated,0,-9999,C73 H92 O3 N3 P1,73,92,3,3,1,-9999,-9999,-9999
1970,1088.679782,1088.680235005,1088.680083057,30347718,-9999,192070.1,47.14,-1,0.139571062,0.332157201,0.523600568,0.408734548,16,0.126984127,1.571428571,N3 S2 O8,de-protonated,0,-9999,C63 H99 O8 N3 S2,63,99,8,3,-9999,2,-9999,-9999
1970,1088.679782,1088.680235005,1088.679213677,30347718,-9999,192070.1,47.14,-1,0.938135029,0.284135286,0.528601492,0.381921769,17,0.209677419,1.532258065,N3 O13,de-protonated,0,-9999,C62 H95 O13 N3,62,95,13,3,-9999,-9999,-9999,-9999
1970,1088.679782,1088.680235005,1088.680215999,30347718,-9999,192070.1,47.14,-1,0.0174583,0.499972349,0.640033642,0.555996866,3,0.307692308,2,N3 S1 P1 O16,de-protonated,0,-9999,C52 H104 O16 N3 P1 S1,52,104,16,3,1,1,-9999,-9999
1971,1088.852439,1088.852892086,1088.853279138,15585731,-9999,195985,23.28,-1,-0.355467757,0.488666732,0.587191358,0.528076582,7,0.138461538,1.830769231,N1 S1 O9,de-protonated,0,-9999,C65 H119 O9 N1 S1,65,119,9,1,-9999,1,-9999,-9999
1971,1088.852439,1088.852892086,1088.853768395,15585731,-9999,195985,23.28,-1,-0.804800064,0.444559193,0.576212942,0.497220693,11,0.014705882,1.764705882,N3 S2 P1 O1,de-protonated,0,-9999,C68 H120 O1 N3 P1 S2,68,120,1,3,1,2,-9999,-9999
1971,1088.852439,1088.852892086,1088.852899015,15585731,-9999,195985,23.28,-1,-0.006364232,0.499996325,0.579826515,0.531928401,12,0.089552239,1.731343284,N3 P1 O6,de-protonated,0,-9999,C67 H116 O6 N3 P1,67,116,6,3,1,-9999,-9999,-9999
1972,1089.895758,1089.896211572,1089.895950304,10555829,-9999,450003.3,15.15,-1,0.239717844,0.494813644,0.555443265,0.519065492,14,0.013513514,1.662162162,S1 P1 O1,de-protonated,0,-9999,C74 H123 O1 P1 S1,74,123,1,-9999,1,1,-9999,-9999
1972,1089.895758,1089.896211572,1089.895298856,10555829,-9999,450003.3,15.15,-1,0.837434741,0.440257018,0.583485697,0.49754849,5,0.045454545,1.924242424,N2 S2 P1 O3,de-protonated,0,-9999,C66 H127 O3 N2 P1 S2,66,127,3,2,1,2,-9999,-9999
1972,1089.895758,1089.896211572,1089.896798458,10555829,-9999,450003.3,15.15,-1,-0.538478197,0.474373725,0.562198102,0.509503476,15,0.069444444,1.638888889,N2 O5,de-protonated,0,-9999,C72 H118 O5 N2,72,118,5,2,-9999,-9999,-9999,-9999
1972,1089.895758,1089.896211572,1089.896147009,10555829,-9999,450003.3,15.15,-1,0.05923777,0.499681739,0.590944388,0.536186799,6,0.109375,1.90625,N4 S1 O7,de-protonated,0,-9999,C64 H122 O7 N4 S1,64,122,7,4,-9999,1,-9999,-9999
1973,1089.899914,1089.900367574,1089.899321608,22942132,-9999,345068.1,35.17,-1,0.95969059,0.282034007,0.485764205,0.363526086,9,0.014084507,1.788732394,S2 P1 O1,de-protonated,0,-9999,C71 H127 O1 P1 S2,71,127,1,-9999,1,2,-9999,-9999
1973,1089.899914,1089.900367574,1089.90082121,22942132,-9999,345068.1,35.17,-1,-0.416217437,0.323018427,0.459750141,0.377711113,19,0.038961039,1.532467532,O3,de-protonated,0,-9999,C77 H118 O3,77,118,3,-9999,-9999,-9999,-9999,-9999
1973,1089.899914,1089.900367574,1089.900169761,22942132,-9999,345068.1,35.17,-1,0.181496397,0.331346912,0.494873046,0.396757366,10,0.072463768,1.768115942,N2 S1 O5,de-protonated,0,-9999,C69 H122 O5 N2 S1,69,122,5,2,-9999,1,-9999,-9999
1973,1089.899914,1089.900367574,1089.899789638,22942132,-9999,345068.1,35.17,-1,0.530264781,0.316753261,0.485764205,0.384357639,15,0.028169014,1.676056338,N4 P1 O2,de-protonated,0,-9999,C71 H119 O2 N4 P1,71,119,2,4,1,-9999,-9999,-9999
1973,1089.899914,1089.900367574,1089.899518312,22942132,-9999,345068.1,35.17,-1,0.779210945,0.447840864,0.602496955,0.5097033,1,0.114754098,2.06557377,N4 S2 O7,de-protonated,0,-9999,C61 H126 O7 N4 S2,61,126,7,4,-9999,2,-9999,-9999
1974,1092.061456,1092.061910581,1092.061361863,9474455,-9999,270461,13.4,-1,0.502460933,0.477611813,0.558800271,0.510087196,5,0.01369863,1.917808219,N2 S1 O1,de-protonated,0,-9999,C73 H140 O1 N2 S1,73,140,1,2,-9999,1,-9999,-9999
1975,1092.799731,1092.800185925,1092.800061795,10260878,-9999,237780.9,14.67,-1,0.113589084,0.4988308,0.545609971,0.517542469,25,0.012987013,1.38961039,N1 S1 O1,de-protonated,0,-9999,C77 H107 O1 N1 S1,77,107,1,1,-9999,1,-9999,-9999
1975,1092.799731,1092.800185925,1092.801064116,10260878,-9999,237780.9,14.67,-1,-0.803615105,0.444712959,0.579826515,0.498758381,11,0.059701493,1.731343284,N1 S2 P1 O4,de-protonated,0,-9999,C67 H116 O4 N1 P1 S2,67,116,4,1,1,2,-9999,-9999
1975,1092.799731,1092.800185925,1092.800194736,10260878,-9999,237780.9,14.67,-1,-0.008063296,0.499994101,0.583485697,0.53339074,12,0.136363636,1.696969697,N1 P1 O9,de-protonated,0,-9999,C66 H112 O9 N1 P1,66,112,9,1,1,-9999,-9999,-9999
1975,1092.799731,1092.800185925,1092.799410346,10260878,-9999,237780.9,14.67,-1,0.709717475,0.456328341,0.572644131,0.502854657,16,0.043478261,1.608695652,N3 S2 O3,de-protonated,0,-9999,C69 H111 O3 N3 S2,69,111,3,3,-9999,2,-9999,-9999
1975,1092.799731,1092.800185925,1092.799543288,10260878,-9999,237780.9,14.67,-1,0.58806495,0.469589751,0.614510218,0.527557938,3,0.189655172,2,N3 S1 P1 O11,de-protonated,0,-9999,C58 H116 O11 N3 P1 S1,58,116,11,3,1,1,-9999,-9999
1976,1092.996437,1092.996892016,1092.997378424,9458059,-9999,303628.2,13.37,-1,-0.445022078,0.482351527,0.552126353,0.510261457,11,0.013333333,1.76,N1 P1 O1,de-protonated,0,-9999,C75 H132 O1 N1 P1,75,132,1,1,1,-9999,-9999,-9999
1976,1092.996437,1092.996892016,1092.996726976,9458059,-9999,303628.2,13.37,-1,0.150998361,0.497935712,0.579826515,0.530692033,2,0.044776119,2.029850746,N3 S1 P1 O3,de-protonated,0,-9999,C67 H136 O3 N3 P1 S1,67,136,3,3,1,1,-9999,-9999
1977,1093.796875,1093.797330389,1093.796964537,8982914,-9999,272340,12.61,-1,0.334479127,0.489952424,0.555443265,0.516148761,20,0.027027027,1.5,S1 P1 O2,de-protonated,0,-9999,C74 H111 O2 P1 S1,74,111,2,-9999,1,1,-9999,-9999
1977,1093.796875,1093.797330389,1093.798325755,8982914,-9999,272340,12.61,-1,-0.910007944,0.86048398,0,0.516290388,3,0.288135593,1.93220339,O17,de-protonated,0,-9999,C59 H114 O17,59,114,17,-9999,-9999,-9999,-9999,-9999
1977,1093.796875,1093.797330389,1093.796313088,8982914,-9999,272340,12.61,-1,0.930064329,0.427370543,0.583485697,0.489816605,11,0.060606061,1.742424242,N2 S2 P1 O4,de-protonated,0,-9999,C66 H115 O4 N2 P1 S2,66,115,4,2,1,2,-9999,-9999
1977,1093.796875,1093.797330389,1093.79781269,8982914,-9999,272340,12.61,-1,-0.440941562,0.482668039,0.562198102,0.514480064,21,0.083333333,1.472222222,N2 O6,de-protonated,0,-9999,C72 H106 O6 N2,72,106,6,2,-9999,-9999,-9999,-9999
1977,1093.796875,1093.797330389,1093.797161242,8982914,-9999,272340,12.61,-1,0.154642716,0.497835085,0.590944388,0.535078806,12,0.125,1.71875,N4 S1 O8,de-protonated,0,-9999,C64 H110 O8 N4 S1,64,110,8,4,-9999,1,-9999,-9999
1978,1093.991575,1093.99203048,1093.993007519,20451712,-9999,285050.5,31.14,-1,-0.893094414,0.43262938,0.562198102,0.484456869,6,0.055555556,1.861111111,S1 O4,de-protonated,0,-9999,C72 H134 O4 S1,72,134,4,-9999,-9999,1,-9999,-9999
1978,1093.991575,1093.99203048,1093.992627397,20451712,-9999,285050.5,31.14,-1,-0.545631213,0.315804478,0.472516812,0.378489412,11,0.013513514,1.77027027,N2 P1 O1,de-protonated,0,-9999,C74 H131 O1 N2 P1,74,131,1,2,1,-9999,-9999,-9999
1978,1093.991575,1093.99203048,1093.991975948,20451712,-9999,285050.5,31.14,-1,0.049846943,0.499774626,0.583485697,0.533259055,2,0.045454545,2.045454545,N4 S1 P1 O3,de-protonated,0,-9999,C66 H135 O3 N4 P1 S1,66,135,3,4,1,1,-9999,-9999
1979,1094.224906,1094.225361589,1094.225301501,57151868,-9999,231152.6,90.46,-1,0.054913542,0.333150997,0.533665548,0.413356817,40,0.245901639,0.754098361,N1 S1 P1 O15,de-protonated,0,-9999,C61 H46 O15 N1 P1 S1,61,46,15,1,1,1,-9999,-9999
1979,1094.224906,1094.225361589,1094.224650052,57151868,-9999,231152.6,90.46,-1,0.650265434,0.308714931,0.576557625,0.415852008,31,0.320754717,0.943396226,N3 S2 P1 O17,de-protonated,0,-9999,C53 H50 O17 N3 P1 S2,53,50,17,3,1,2,-9999,-9999
1980,1095.284745,1095.285201083,1095.285459406,13046130,-9999,264977.9,19.17,-1,-0.235850257,0.49497881,0.606448844,0.539566824,33,0.233333333,0.95,S2 P1 O14,de-protonated,0,-9999,C60 H57 O14 P1 S2,60,57,14,-9999,1,2,-9999,-9999
1980,1095.284745,1095.285201083,1095.284590026,13046130,-9999,264977.9,19.17,-1,0.55789748,0.472544663,0.610452919,0.527707965,34,0.322033898,0.898305085,P1 O19,de-protonated,0,-9999,C59 H53 O19 P1,59,53,19,-9999,1,-9999,-9999,-9999
1980,1095.284745,1095.285201083,1095.2843187,13046130,-9999,264977.9,19.17,-1,0.805619744,0.444452726,0.653607294,0.528114553,20,0.489795918,1.224489796,S2 O24,de-protonated,0,-9999,C49 H60 O24 S2,49,60,24,-9999,-9999,2,-9999,-9999
1980,1095.284745,1095.285201083,1095.285927437,13046130,-9999,264977.9,19.17,-1,-0.663163827,0.461651122,0.606448844,0.519570211,39,0.25,0.816666667,N4 P1 O15,de-protonated,0,-9999,C60 H49 O15 N4 P1,60,49,15,4,1,-9999,-9999,-9999
1980,1095.284745,1095.285201083,1095.28565611,13046130,-9999,264977.9,19.17,-1,-0.415442168,0.48458433,0.649019222,0.550358287,25,0.4,1.12,N4 S2 O20,de-protonated,0,-9999,C50 H56 O20 N4 S2,50,56,20,4,-9999,2,-9999,-9999
1980,1095.284745,1095.285201083,1095.284786731,13046130,-9999,264977.9,19.17,-1,0.378305285,0.48718313,0.653607294,0.553752796,26,0.510204082,1.06122449,N4 O25,de-protonated,0,-9999,C49 H52 O25 N4,49,52,25,4,-9999,-9999,-9999,-9999
1981,1096.341559,1096.342015575,1096.343094161,36901224,-9999,273155.8,57.73,-1,-0.983803123,0.599909949,0.650353283,0.620087283,32,0.283333333,0.983333333,N1 S1 O17,de-protonated,0,-9999,C60 H59 O17 N1 S1,60,59,17,1,-9999,1,-9999,-9999
1981,1096.341559,1096.342015575,1096.342714038,36901224,-9999,273155.8,57.73,-1,-0.637084765,0.605100984,0.645532973,0.62127378,37,0.225806452,0.903225806,N3 P1 O14,de-protonated,0,-9999,C62 H56 O14 N3 P1,62,56,14,3,1,-9999,-9999,-9999
1981,1096.341559,1096.342015575,1096.342442712,36901224,-9999,273155.8,57.73,-1,-0.389601883,0.486416897,0.640033642,0.547863595,23,0.365384615,1.211538462,N3 S2 O19,de-protonated,0,-9999,C52 H63 O19 N3 S2,52,63,19,3,-9999,2,-9999,-9999
1981,1096.341559,1096.342015575,1096.341573332,36901224,-9999,273155.8,57.73,-1,0.40338048,0.485453511,0.644495114,0.549070152,24,0.470588235,1.156862745,N3 O24,de-protonated,0,-9999,C51 H59 O24 N3,51,59,24,3,-9999,-9999,-9999,-9999
1982,1096.346393,1096.346849577,1096.34760617,29167978,-9999,342908.1,45.23,-1,-0.690103078,0.305738285,0.499512996,0.383248169,40,0.102941176,0.882352941,N1 S2 P1 O7,de-protonated,0,-9999,C68 H60 O7 N1 P1 S2,68,60,7,1,1,2,-9999,-9999
1982,1096.346393,1096.346849577,1096.346465464,29167978,-9999,342908.1,45.23,-1,0.350357468,0.488986659,0.618621811,0.54084072,27,0.298245614,1.105263158,N1 S2 O17,de-protonated,0,-9999,C57 H63 O17 N1 S2,57,63,17,1,-9999,2,-9999,-9999
1982,1096.346393,1096.346849577,1096.346598406,29167978,-9999,342908.1,45.23,-1,0.229098574,0.495260831,0.667769153,0.56426416,14,0.543478261,1.47826087,N1 S1 P1 O25,de-protonated,0,-9999,C46 H68 O25 N1 P1 S1,46,68,25,1,1,1,-9999,-9999
1982,1096.346393,1096.346849577,1096.346085342,29167978,-9999,342908.1,45.23,-1,0.697075223,0.457803323,0.610452919,0.518863161,32,0.237288136,1.016949153,N3 S1 P1 O14,de-protonated,0,-9999,C59 H60 O14 N3 P1 S1,59,60,14,3,1,1,-9999,-9999
1983,1096.40244,1096.402896603,1096.403980341,11866473,-9999,234689.9,17.27,-1,-0.988447821,0.418772349,0.627012296,0.502068328,21,0.327272727,1.290909091,N1 S2 O18,de-protonated,0,-9999,C55 H71 O18 N1 S2,55,71,18,1,-9999,2,-9999,-9999
1983,1096.40244,1096.402896603,1096.403110962,11866473,-9999,234689.9,17.27,-1,-0.195510441,0.496544121,0.631293472,0.550443861,22,0.425925926,1.240740741,N1 O23,de-protonated,0,-9999,C54 H67 O23 N1,54,67,23,1,-9999,-9999,-9999,-9999
1983,1096.40244,1096.402896603,1096.403467277,11866473,-9999,234689.9,17.27,-1,-0.520496234,0.476015628,0.576212942,0.516094554,39,0.102941176,0.926470588,N3 S2 O7,de-protonated,0,-9999,C68 H63 O7 N3 S2,68,63,7,3,-9999,2,-9999,-9999
1983,1096.40244,1096.402896603,1096.402597897,11866473,-9999,234689.9,17.27,-1,0.272441889,0.493311167,0.579826515,0.527917306,40,0.179104478,0.880597015,N3 O12,de-protonated,0,-9999,C67 H59 O12 N3,67,59,12,3,-9999,-9999,-9999,-9999
1983,1096.40244,1096.402896603,1096.403600219,11866473,-9999,234689.9,17.27,-1,-0.641748718,0.463997894,0.618621811,0.525847461,26,0.263157895,1.192982456,N3 S1 P1 O15,de-protonated,0,-9999,C57 H68 O15 N3 P1 S1,57,68,15,3,1,1,-9999,-9999
1983,1096.40244,1096.402896603,1096.402459513,11866473,-9999,234689.9,17.27,-1,0.398658741,0.97157441,0,0.582944646,13,0.543478261,1.543478261,N3 S1 O25,de-protonated,0,-9999,C46 H71 O25 N3 S1,46,71,25,3,-9999,1,-9999,-9999
1984,1097.225817,1097.226273987,1097.226684681,10342755,-9999,208817,14.8,-1,-0.374302306,0.487449519,0.606448844,0.535049249,39,0.25,0.766666667,N2 S2 O15,de-protonated,0,-9999,C60 H46 O15 N2 S2,60,46,15,2,-9999,2,-9999,-9999
1984,1097.225817,1097.226273987,1097.225815302,10342755,-9999,208817,14.8,-1,0.418041013,0.484393909,0.610452919,0.534817513,40,0.338983051,0.711864407,N2 O20,de-protonated,0,-9999,C59 H42 O20 N2,59,42,20,2,-9999,-9999,-9999,-9999
1984,1097.225817,1097.226273987,1097.226817623,10342755,-9999,208817,14.8,-1,-0.495463836,0.956434641,0,0.573860784,26,0.469387755,1.040816327,N2 S1 P1 O23,de-protonated,0,-9999,C49 H51 O23 N2 P1 S1,49,51,23,2,1,1,-9999,-9999
1984,1097.225817,1097.226273987,1097.226166175,10342755,-9999,208817,14.8,-1,0.098259115,0.998249673,0,0.598949804,17,0.609756098,1.341463415,N4 S2 P1 O25,de-protonated,0,-9999,C41 H55 O25 N4 P1 S2,41,55,25,4,1,2,-9999,-9999
1985,1098.21051,1098.210967446,1098.210700264,15290718,-9999,225207,22.8,-1,0.243287911,0.494658849,0.606448844,0.539374847,39,0.266666667,0.75,N1 S2 O16,de-protonated,0,-9999,C60 H45 O16 N1 S2,60,45,16,1,-9999,2,-9999,-9999
1985,1098.21051,1098.210967446,1098.210833206,15290718,-9999,225207,22.8,-1,0.122234869,0.49864629,0.653607294,0.560630692,26,0.489795918,1.020408163,N1 S1 P1 O24,de-protonated,0,-9999,C49 H50 O24 N1 P1 S1,49,50,24,1,1,1,-9999,-9999
1986,1098.349862,1098.350319511,1098.350502017,18780510,-9999,249799.2,28.44,-1,-0.166163759,0.497501329,0.606448844,0.541080335,31,0.25,1.033333333,N1 S1 P1 O15,de-protonated,0,-9999,C60 H62 O15 N1 P1 S1,60,62,15,1,1,1,-9999,-9999
1986,1098.349862,1098.350319511,1098.349803831,18780510,-9999,249799.2,28.44,-1,0.469504142,0.640527904,0.650353283,0.644458056,32,0.283333333,0.983333333,13C2 N1 S1 O17,de-protonated,1,1981,C58 H59 O17 N1 S1 13C2,58,59,17,1,-9999,1,2,-9999
1986,1098.349862,1098.350319511,1098.349361311,18780510,-9999,249799.2,28.44,-1,0.872399999,0.435506975,0.653607294,0.522747103,18,0.510204082,1.326530612,N1 S1 O25,de-protonated,0,-9999,C49 H65 O25 N1 S1,49,65,25,1,-9999,1,-9999,-9999
1986,1098.349862,1098.350319511,1098.349423708,18780510,-9999,249799.2,28.44,-1,0.81558954,0.590868206,0.645532973,0.612734113,37,0.225806452,0.903225806,13C2 N3 P1 O14,de-protonated,1,1981,C60 H56 O14 N3 P1 13C2,60,56,14,3,1,-9999,2,-9999
1986,1098.349862,1098.350319511,1098.349850568,18780510,-9999,249799.2,28.44,-1,0.426951969,0.483732556,0.640033642,0.54625299,22,0.326923077,1.269230769,N3 S2 P1 O17,de-protonated,0,-9999,C52 H66 O17 N3 P1 S2,52,66,17,3,1,2,-9999,-9999
1986,1098.349862,1098.350319511,1098.35135017,18780510,-9999,249799.2,28.44,-1,-0.938369328,0.42616893,0.614510218,0.501505445,32,0.327586207,0.982758621,N3 O19,de-protonated,0,-9999,C58 H57 O19 N3,58,57,19,3,-9999,-9999,-9999,-9999
1987,1098.530513,1098.530970595,1098.52992764,9621853,-9999,280654.2,13.64,-1,0.949409563,0.424560345,0.572644131,0.483793859,30,0.072463768,1.188405797,N1 S2 P1 O5,de-protonated,0,-9999,C69 H82 O5 N1 P1 S2,69,82,5,1,1,2,-9999,-9999
1987,1098.530513,1098.530970595,1098.531427242,9621853,-9999,280654.2,13.64,-1,-0.415688637,0.484566318,0.552126353,0.511590332,40,0.093333333,0.973333333,N1 O7,de-protonated,0,-9999,C75 H73 O7 N1,75,73,7,1,-9999,-9999,-9999,-9999
1987,1098.530513,1098.530970595,1098.531288857,9621853,-9999,280654.2,13.64,-1,-0.289716465,0.98488538,0,0.590931228,13,0.37037037,1.574074074,N1 S1 O20,de-protonated,0,-9999,C54 H85 O20 N1 S1,54,85,20,1,-9999,1,-9999,-9999
1987,1098.530513,1098.530970595,1098.530775793,9621853,-9999,280654.2,13.64,-1,0.177329259,0.497155236,0.579826515,0.530223748,31,0.134328358,1.149253731,N3 S1 O9,de-protonated,0,-9999,C67 H77 O9 N3 S1,67,77,9,3,-9999,1,-9999,-9999
1987,1098.530513,1098.530970595,1098.531778115,9621853,-9999,280654.2,13.64,-1,-0.735090207,0.90660613,0,0.543963678,17,0.210526316,1.50877193,N3 S2 P1 O12,de-protonated,0,-9999,C57 H86 O12 N3 P1 S2,57,86,12,3,1,2,-9999,-9999
1987,1098.530513,1098.530970595,1098.530908735,9621853,-9999,280654.2,13.64,-1,0.056311496,0.999424795,0,0.599654877,18,0.303571429,1.464285714,N3 P1 O17,de-protonated,0,-9999,C56 H82 O17 N3 P1,56,82,17,3,1,-9999,-9999,-9999
1987,1098.530513,1098.530970595,1098.530637409,9621853,-9999,280654.2,13.64,-1,0.30330158,0.983446736,0,0.590068042,4,0.47826087,1.934782609,N3 S2 O22,de-protonated,0,-9999,C46 H89 O22 N3 S2,46,89,22,3,-9999,2,-9999,-9999
0,112.985562,112.985560423,-9999,7473570,-9999,2163469.8,15.33,-1,-9999,-9999,-9999,-9999,-9999,-9999,-9999,unassigned,N/A,-9999,-9999,N/A,-9999,-9999,-9999,-9999,-9999,-9999,-9999,-9999
1,114.895347,114.895346313,-9999,6304607.5,-9999,2813921.6,12.62,-1,-9999,-9999,-9999,-9999,-9999,-9999,-9999,unassigned,N/A,-9999,-9999,N/A,-9999,-9999,-9999,-9999,-9999,-9999,-9999,-9999
2,114.895549,114.895548313,-9999,18393728,-9999,2447093.7,40.65,-1,-9999,-9999,-9999,-9999,-9999,-9999,-9999,unassigned,N/A,-9999,-9999,N/A,-9999,-9999,-9999,-9999,-9999,-9999,-9999,-9999
3,116.893492,116.893492243,-9999,8670451,-9999,2544929.6,18.11,-1,-9999,-9999,-9999,-9999,-9999,-9999,-9999,unassigned,N/A,-9999,-9999,N/A,-9999,-9999,-9999,-9999,-9999,-9999,-9999,-9999
4,117.019303,117.019303302,-9999,16951140,-9999,2177709.2,37.31,-1,-9999,-9999,-9999,-9999,-9999,-9999,-9999,unassigned,N/A,-9999,-9999,N/A,-9999,-9999,-9999,-9999,-9999,-9999,-9999,-9999
5,118.890552,118.890553174,-9999,6368380,-9999,2482796.8,12.77,-1,-9999,-9999,-9999,-9999,-9999,-9999,-9999,unassigned,N/A,-9999,-9999,N/A,-9999,-9999,-9999,-9999,-9999,-9999,-9999,-9999
6,121.029259,121.02926117,-9999,14148056,-9999,2507029.2,30.81,-1,-9999,-9999,-9999,-9999,-9999,-9999,-9999,unassigned,N/A,-9999,-9999,N/A,-9999,-9999,-9999,-9999,-9999,-9999,-9999,-9999
8,121.029707,121.029709171,-9999,6895320,-9999,2244144.2,13.99,-1,-9999,-9999,-9999,-9999,-9999,-9999,-9999,unassigned,N/A,-9999,-9999,N/A,-9999,-9999,-9999,-9999,-9999,-9999,-9999,-9999
9,122.906859,122.906862045,-9999,13343443,-9999,2307327.1,28.94,-1,-9999,-9999,-9999,-9999,-9999,-9999,-9999,unassigned,N/A,-9999,-9999,N/A,-9999,-9999,-9999,-9999,-9999,-9999,-9999,-9999
14,128.891873,128.891878834,-9999,6833445.5,-9999,2466237.1,13.85,-1,-9999,-9999,-9999,-9999,-9999,-9999,-9999,unassigned,N/A,-9999,-9999,N/A,-9999,-9999,-9999,-9999,-9999,-9999,-9999,-9999
15,128.892129,128.892134834,-9999,26948390,-9999,2116181.8,60.49,-1,-9999,-9999,-9999,-9999,-9999,-9999,-9999,unassigned,N/A,-9999,-9999,N/A,-9999,-9999,-9999,-9999,-9999,-9999,-9999,-9999
16,129.05518,129.05518591,-9999,22348570,-9999,2257610.5,49.82,-1,-9999,-9999,-9999,-9999,-9999,-9999,-9999,unassigned,N/A,-9999,-9999,N/A,-9999,-9999,-9999,-9999,-9999,-9999,-9999,-9999
17,129.055437,129.05544291,-9999,79392536,-9999,2180216.5,182.09,-1,-9999,-9999,-9999,-9999,-9999,-9999,-9999,unassigned,N/A,-9999,-9999,N/A,-9999,-9999,-9999,-9999,-9999,-9999,-9999,-9999
19,129.055952,129.05595791,-9999,38197016,-9999,1987157.4,86.57,-1,-9999,-9999,-9999,-9999,-9999,-9999,-9999,unassigned,N/A,-9999,-9999,N/A,-9999,-9999,-9999,-9999,-9999,-9999,-9999,-9999
21,130.888911,130.888917764,-9999,8166575.5,-9999,2285749.1,16.94,-1,-9999,-9999,-9999,-9999,-9999,-9999,-9999,unassigned,N/A,-9999,-9999,N/A,-9999,-9999,-9999,-9999,-9999,-9999,-9999,-9999
22,130.88918,130.889186764,-9999,28384944,-9999,2077658.8,63.82,-1,-9999,-9999,-9999,-9999,-9999,-9999,-9999,unassigned,N/A,-9999,-9999,N/A,-9999,-9999,-9999,-9999,-9999,-9999,-9999,-9999
24,131.071082,131.071088849,-9999,15861417,-9999,2179021.9,34.78,-1,-9999,-9999,-9999,-9999,-9999,-9999,-9999,unassigned,N/A,-9999,-9999,N/A,-9999,-9999,-9999,-9999,-9999,-9999,-9999,-9999
26,131.071615,131.071621849,-9999,9447081,-9999,2103124.4,19.91,-1,-9999,-9999,-9999,-9999,-9999,-9999,-9999,unassigned,N/A,-9999,-9999,N/A,-9999,-9999,-9999,-9999,-9999,-9999,-9999,-9999
27,132.886223,132.886230695,-9999,10589328,-9999,1978663.8,22.56,-1,-9999,-9999,-9999,-9999,-9999,-9999,-9999,unassigned,N/A,-9999,-9999,N/A,-9999,-9999,-9999,-9999,-9999,-9999,-9999,-9999
28,133.991723,133.99173121,-9999,8857258,-9999,2122406.5,18.54,-1,-9999,-9999,-9999,-9999,-9999,-9999,-9999,unassigned,N/A,-9999,-9999,N/A,-9999,-9999,-9999,-9999,-9999,-9999,-9999,-9999
30,136.877482,136.877491554,-9999,9740700,-9999,1835091.2,20.59,-1,-9999,-9999,-9999,-9999,-9999,-9999,-9999,unassigned,N/A,-9999,-9999,N/A,-9999,-9999,-9999,-9999,-9999,-9999,-9999,-9999
31,137.023806,137.023815622,-9999,15843248,-9999,2157587.4,34.74,-1,-9999,-9999,-9999,-9999,-9999,-9999,-9999,unassigned,N/A,-9999,-9999,N/A,-9999,-9999,-9999,-9999,-9999,-9999,-9999,-9999
32,137.0241,137.024109622,-9999,56512432,-9999,2067244.3,129.04,-1,-9999,-9999,-9999,-9999,-9999,-9999,-9999,unassigned,N/A,-9999,-9999,N/A,-9999,-9999,-9999,-9999,-9999,-9999,-9999,-9999
34,137.024692,137.024701623,-9999,25030576,-9999,2029421.3,56.04,-1,-9999,-9999,-9999,-9999,-9999,-9999,-9999,unassigned,N/A,-9999,-9999,N/A,-9999,-9999,-9999,-9999,-9999,-9999,-9999,-9999
38,138.875435,138.875445485,-9999,8582381,-9999,1886763.2,17.9,-1,-9999,-9999,-9999,-9999,-9999,-9999,-9999,unassigned,N/A,-9999,-9999,N/A,-9999,-9999,-9999,-9999,-9999,-9999,-9999,-9999
39,139.039744,139.039754562,-9999,6682895.5,-9999,2191177.1,13.5,-1,-9999,-9999,-9999,-9999,-9999,-9999,-9999,unassigned,N/A,-9999,-9999,N/A,-9999,-9999,-9999,-9999,-9999,-9999,-9999,-9999
42,140.91743,140.917441436,-9999,20947690,-9999,1800766,46.57,-1,-9999,-9999,-9999,-9999,-9999,-9999,-9999,unassigned,N/A,-9999,-9999,N/A,-9999,-9999,-9999,-9999,-9999,-9999,-9999,-9999
47,144.045132,144.045144894,-9999,6678376,-9999,2159422.9,13.46,-1,-9999,-9999,-9999,-9999,-9999,-9999,-9999,unassigned,N/A,-9999,-9999,N/A,-9999,-9999,-9999,-9999,-9999,-9999,-9999,-9999
49,144.869346,144.869359278,-9999,34347240,-9999,1978106.6,77.37,-1,-9999,-9999,-9999,-9999,-9999,-9999,-9999,unassigned,N/A,-9999,-9999,N/A,-9999,-9999,-9999,-9999,-9999,-9999,-9999,-9999
50,144.869676,144.869689278,-9999,152774880,-9999,1666808.7,351.02,-1,-9999,-9999,-9999,-9999,-9999,-9999,-9999,unassigned,N/A,-9999,-9999,N/A,-9999,-9999,-9999,-9999,-9999,-9999,-9999,-9999
51,144.870024,144.870037278,-9999,14039272,-9999,2081590.6,30.45,-1,-9999,-9999,-9999,-9999,-9999,-9999,-9999,unassigned,N/A,-9999,-9999,N/A,-9999,-9999,-9999,-9999,-9999,-9999,-9999,-9999
52,145.050276,145.050289362,-9999,21666112,-9999,2009602.1,48.07,-1,-9999,-9999,-9999,-9999,-9999,-9999,-9999,unassigned,N/A,-9999,-9999,N/A,-9999,-9999,-9999,-9999,-9999,-9999,-9999,-9999
54,145.050947,145.050960362,-9999,11710785,-9999,2058249.6,25.07,-1,-9999,-9999,-9999,-9999,-9999,-9999,-9999,unassigned,N/A,-9999,-9999,N/A,-9999,-9999,-9999,-9999,-9999,-9999,-9999,-9999
55,145.086668,145.086681379,-9999,9726290,-9999,1955795.9,20.48,-1,-9999,-9999,-9999,-9999,-9999,-9999,-9999,unassigned,N/A,-9999,-9999,N/A,-9999,-9999,-9999,-9999,-9999,-9999,-9999,-9999
57,146.024393,146.024406816,-9999,6327097,-9999,2269778.4,12.63,-1,-9999,-9999,-9999,-9999,-9999,-9999,-9999,unassigned,N/A,-9999,-9999,N/A,-9999,-9999,-9999,-9999,-9999,-9999,-9999,-9999
59,146.053963,146.05397683,-9999,6164297,-9999,1881041.3,12.23,-1,-9999,-9999,-9999,-9999,-9999,-9999,-9999,unassigned,N/A,-9999,-9999,N/A,-9999,-9999,-9999,-9999,-9999,-9999,-9999,-9999
60,146.866045,146.866059208,-9999,7164177.5,-9999,2161388.9,14.53,-1,-9999,-9999,-9999,-9999,-9999,-9999,-9999,unassigned,N/A,-9999,-9999,N/A,-9999,-9999,-9999,-9999,-9999,-9999,-9999,-9999
61,146.866387,146.866401208,-9999,30215442,-9999,1994669.2,67.7,-1,-9999,-9999,-9999,-9999,-9999,-9999,-9999,unassigned,N/A,-9999,-9999,N/A,-9999,-9999,-9999,-9999,-9999,-9999,-9999,-9999
62,146.866723,146.866737208,-9999,132443408,-9999,1660375.3,303.49,-1,-9999,-9999,-9999,-9999,-9999,-9999,-9999,unassigned,N/A,-9999,-9999,N/A,-9999,-9999,-9999,-9999,-9999,-9999,-9999,-9999
63,146.867082,146.867096208,-9999,10638610,-9999,2095197.7,22.55,-1,-9999,-9999,-9999,-9999,-9999,-9999,-9999,unassigned,N/A,-9999,-9999,N/A,-9999,-9999,-9999,-9999,-9999,-9999,-9999,-9999
65,147.029875,147.029889284,-9999,6953329,-9999,2139815.9,14.05,-1,-9999,-9999,-9999,-9999,-9999,-9999,-9999,unassigned,N/A,-9999,-9999,N/A,-9999,-9999,-9999,-9999,-9999,-9999,-9999,-9999
66,148.863423,148.863438138,-9999,11364853,-9999,2033800.2,24.17,-1,-9999,-9999,-9999,-9999,-9999,-9999,-9999,unassigned,N/A,-9999,-9999,N/A,-9999,-9999,-9999,-9999,-9999,-9999,-9999,-9999
67,148.863767,148.863782139,-9999,50532852,-9999,1738747.2,114.35,-1,-9999,-9999,-9999,-9999,-9999,-9999,-9999,unassigned,N/A,-9999,-9999,N/A,-9999,-9999,-9999,-9999,-9999,-9999,-9999,-9999
70,150.886263,150.886279081,-9999,13428634,-9999,1987642.6,28.87,-1,-9999,-9999,-9999,-9999,-9999,-9999,-9999,unassigned,N/A,-9999,-9999,N/A,-9999,-9999,-9999,-9999,-9999,-9999,-9999,-9999
71,150.886624,150.886640081,-9999,67999640,-9999,1684610.2,154.26,-1,-9999,-9999,-9999,-9999,-9999,-9999,-9999,unassigned,N/A,-9999,-9999,N/A,-9999,-9999,-9999,-9999,-9999,-9999,-9999,-9999
72,150.88699,150.887006081,-9999,6385563,-9999,1845687.7,12.68,-1,-9999,-9999,-9999,-9999,-9999,-9999,-9999,unassigned,N/A,-9999,-9999,N/A,-9999,-9999,-9999,-9999,-9999,-9999,-9999,-9999
73,151.039688,151.039704152,-9999,11673615,-9999,1916658.7,24.83,-1,-9999,-9999,-9999,-9999,-9999,-9999,-9999,unassigned,N/A,-9999,-9999,N/A,-9999,-9999,-9999,-9999,-9999,-9999,-9999,-9999
75,151.040412,151.040428153,-9999,6587407.5,-9999,1711073.4,13.15,-1,-9999,-9999,-9999,-9999,-9999,-9999,-9999,unassigned,N/A,-9999,-9999,N/A,-9999,-9999,-9999,-9999,-9999,-9999,-9999,-9999
77,152.8833,152.883317011,-9999,12875219,-9999,1920742.7,27.54,-1,-9999,-9999,-9999,-9999,-9999,-9999,-9999,unassigned,N/A,-9999,-9999,N/A,-9999,-9999,-9999,-9999,-9999,-9999,-9999,-9999
78,152.88367,152.883687012,-9999,62807508,-9999,1662850.4,142.05,-1,-9999,-9999,-9999,-9999,-9999,-9999,-9999,unassigned,N/A,-9999,-9999,N/A,-9999,-9999,-9999,-9999,-9999,-9999,-9999,-9999
79,152.88405,152.884067012,-9999,7158227.5,-9999,2003486.7,14.43,-1,-9999,-9999,-9999,-9999,-9999,-9999,-9999,unassigned,N/A,-9999,-9999,N/A,-9999,-9999,-9999,-9999,-9999,-9999,-9999,-9999
80,153.018939,153.018956075,-9999,25062980,-9999,1872630.4,55.49,-1,-9999,-9999,-9999,-9999,-9999,-9999,-9999,unassigned,N/A,-9999,-9999,N/A,-9999,-9999,-9999,-9999,-9999,-9999,-9999,-9999
82,153.019692,153.019709075,-9999,13794885,-9999,1855726.6,29.65,-1,-9999,-9999,-9999,-9999,-9999,-9999,-9999,unassigned,N/A,-9999,-9999,N/A,-9999,-9999,-9999,-9999,-9999,-9999,-9999,-9999
87,154.880713,154.880730942,-9999,24560806,-9999,1713939.6,54.23,-1,-9999,-9999,-9999,-9999,-9999,-9999,-9999,unassigned,N/A,-9999,-9999,N/A,-9999,-9999,-9999,-9999,-9999,-9999,-9999,-9999
88,154.933078,154.933095966,-9999,30512342,-9999,1716481.2,67.85,-1,-9999,-9999,-9999,-9999,-9999,-9999,-9999,unassigned,N/A,-9999,-9999,N/A,-9999,-9999,-9999,-9999,-9999,-9999,-9999,-9999
94,157.050219,157.050237953,-9999,10978480,-9999,1843533,23.09,-1,-9999,-9999,-9999,-9999,-9999,-9999,-9999,unassigned,N/A,-9999,-9999,N/A,-9999,-9999,-9999,-9999,-9999,-9999,-9999,-9999
96,157.051016,157.051034953,-9999,6402225,-9999,1880350.9,12.63,-1,-9999,-9999,-9999,-9999,-9999,-9999,-9999,unassigned,N/A,-9999,-9999,N/A,-9999,-9999,-9999,-9999,-9999,-9999,-9999,-9999
99,158.988552,158.988571856,-9999,8215651.5,-9999,1699579.3,16.74,-1,-9999,-9999,-9999,-9999,-9999,-9999,-9999,unassigned,N/A,-9999,-9999,N/A,-9999,-9999,-9999,-9999,-9999,-9999,-9999,-9999
100,159.065853,159.065872892,-9999,23270580,-9999,1882148.6,51.05,-1,-9999,-9999,-9999,-9999,-9999,-9999,-9999,unassigned,N/A,-9999,-9999,N/A,-9999,-9999,-9999,-9999,-9999,-9999,-9999,-9999
102,159.066665,159.066684892,-9999,12838070,-9999,1844165.3,27.27,-1,-9999,-9999,-9999,-9999,-9999,-9999,-9999,unassigned,N/A,-9999,-9999,N/A,-9999,-9999,-9999,-9999,-9999,-9999,-9999,-9999
104,159.845128,159.845148255,-9999,7978992,-9999,1804074.5,16.16,-1,-9999,-9999,-9999,-9999,-9999,-9999,-9999,unassigned,N/A,-9999,-9999,N/A,-9999,-9999,-9999,-9999,-9999,-9999,-9999,-9999
107,160.841601,160.841621719,-9999,6435883.5,-9999,2003021.1,12.65,-1,-9999,-9999,-9999,-9999,-9999,-9999,-9999,unassigned,N/A,-9999,-9999,N/A,-9999,-9999,-9999,-9999,-9999,-9999,-9999,-9999
108,160.842012,160.842032719,-9999,37862444,-9999,1637908.8,84.13,-1,-9999,-9999,-9999,-9999,-9999,-9999,-9999,unassigned,N/A,-9999,-9999,N/A,-9999,-9999,-9999,-9999,-9999,-9999,-9999,-9999
112,161.842167,161.842188185,-9999,8927368,-9999,1694859.4,18.27,-1,-9999,-9999,-9999,-9999,-9999,-9999,-9999,unassigned,N/A,-9999,-9999,N/A,-9999,-9999,-9999,-9999,-9999,-9999,-9999,-9999
115,162.838644,162.83866565,-9999,6950138,-9999,2035892.9,13.78,-1,-9999,-9999,-9999,-9999,-9999,-9999,-9999,unassigned,N/A,-9999,-9999,N/A,-9999,-9999,-9999,-9999,-9999,-9999,-9999,-9999
116,162.839064,162.83908565,-9999,35824892,-9999,1566851.9,79.32,-1,-9999,-9999,-9999,-9999,-9999,-9999,-9999,unassigned,N/A,-9999,-9999,N/A,-9999,-9999,-9999,-9999,-9999,-9999,-9999,-9999
117,162.842002,162.842023651,-9999,16700670,-9999,1817618.3,35.91,-1,-9999,-9999,-9999,-9999,-9999,-9999,-9999,unassigned,N/A,-9999,-9999,N/A,-9999,-9999,-9999,-9999,-9999,-9999,-9999,-9999
118,162.842421,162.842442651,-9999,103294208,-9999,1497673.8,232.44,-1,-9999,-9999,-9999,-9999,-9999,-9999,-9999,unassigned,N/A,-9999,-9999,N/A,-9999,-9999,-9999,-9999,-9999,-9999,-9999,-9999
119,162.842859,162.842880652,-9999,8514815,-9999,1703292.9,17.33,-1,-9999,-9999,-9999,-9999,-9999,-9999,-9999,unassigned,N/A,-9999,-9999,N/A,-9999,-9999,-9999,-9999,-9999,-9999,-9999,-9999
120,162.982364,162.982385717,-9999,14407072,-9999,1575919,30.71,-1,-9999,-9999,-9999,-9999,-9999,-9999,-9999,unassigned,N/A,-9999,-9999,N/A,-9999,-9999,-9999,-9999,-9999,-9999,-9999,-9999
121,163.039615,163.039636743,-9999,36226532,-9999,1778900.6,80.23,-1,-9999,-9999,-9999,-9999,-9999,-9999,-9999,unassigned,N/A,-9999,-9999,N/A,-9999,-9999,-9999,-9999,-9999,-9999,-9999,-9999
123,163.040466,163.040487744,-9999,18757092,-9999,1632361.8,40.58,-1,-9999,-9999,-9999,-9999,-9999,-9999,-9999,unassigned,N/A,-9999,-9999,N/A,-9999,-9999,-9999,-9999,-9999,-9999,-9999,-9999
126,164.836117,164.83613958,-9999,11181614,-9999,1579651.9,23.33,-1,-9999,-9999,-9999,-9999,-9999,-9999,-9999,unassigned,N/A,-9999,-9999,N/A,-9999,-9999,-9999,-9999,-9999,-9999,-9999,-9999
127,164.837862,164.837884581,-9999,43232816,-9999,1638896.6,95.91,-1,-9999,-9999,-9999,-9999,-9999,-9999,-9999,unassigned,N/A,-9999,-9999,N/A,-9999,-9999,-9999,-9999,-9999,-9999,-9999,-9999
128,164.839038,164.839060582,-9999,16285234,-9999,1833756,34.88,-1,-9999,-9999,-9999,-9999,-9999,-9999,-9999,unassigned,N/A,-9999,-9999,N/A,-9999,-9999,-9999,-9999,-9999,-9999,-9999,-9999
129,164.839467,164.839489582,-9999,105934384,-9999,1587124.8,237.9,-1,-9999,-9999,-9999,-9999,-9999,-9999,-9999,unassigned,N/A,-9999,-9999,N/A,-9999,-9999,-9999,-9999,-9999,-9999,-9999,-9999
130,164.839909,164.839931582,-9999,9403955,-9999,1662405.1,19.3,-1,-9999,-9999,-9999,-9999,-9999,-9999,-9999,unassigned,N/A,-9999,-9999,N/A,-9999,-9999,-9999,-9999,-9999,-9999,-9999,-9999
131,165.018437,165.018459665,-9999,28053258,-9999,1823646.6,61.53,-1,-9999,-9999,-9999,-9999,-9999,-9999,-9999,unassigned,N/A,-9999,-9999,N/A,-9999,-9999,-9999,-9999,-9999,-9999,-9999,-9999
132,165.018869,165.018891665,-9999,103313160,-9999,1759770.9,231.96,-1,-9999,-9999,-9999,-9999,-9999,-9999,-9999,unassigned,N/A,-9999,-9999,N/A,-9999,-9999,-9999,-9999,-9999,-9999,-9999,-9999
134,165.019741,165.019763666,-9999,56700684,-9999,1572519.4,126.41,-1,-9999,-9999,-9999,-9999,-9999,-9999,-9999,unassigned,N/A,-9999,-9999,N/A,-9999,-9999,-9999,-9999,-9999,-9999,-9999,-9999
135,165.032366,165.032388672,-9999,21872410,-9999,1653407.9,47.54,-1,-9999,-9999,-9999,-9999,-9999,-9999,-9999,unassigned,N/A,-9999,-9999,N/A,-9999,-9999,-9999,-9999,-9999,-9999,-9999,-9999
137,166.022221,166.022244133,-9999,8893393,-9999,1755541.8,18.1,-1,-9999,-9999,-9999,-9999,-9999,-9999,-9999,unassigned,N/A,-9999,-9999,N/A,-9999,-9999,-9999,-9999,-9999,-9999,-9999,-9999
139,166.834913,166.834936512,-9999,36607936,-9999,1530321.8,80.71,-1,-9999,-9999,-9999,-9999,-9999,-9999,-9999,unassigned,N/A,-9999,-9999,N/A,-9999,-9999,-9999,-9999,-9999,-9999,-9999,-9999
140,166.836516,166.836539512,-9999,33036226,-9999,1647666.2,72.64,-1,-9999,-9999,-9999,-9999,-9999,-9999,-9999,unassigned,N/A,-9999,-9999,N/A,-9999,-9999,-9999,-9999,-9999,-9999,-9999,-9999
141,167.011633,167.011656594,-9999,6269084,-9999,1709834.9,12.17,-1,-9999,-9999,-9999,-9999,-9999,-9999,-9999,unassigned,N/A,-9999,-9999,N/A,-9999,-9999,-9999,-9999,-9999,-9999,-9999,-9999
142,167.029416,167.029439602,-9999,6758578,-9999,1781593.7,13.27,-1,-9999,-9999,-9999,-9999,-9999,-9999,-9999,unassigned,N/A,-9999,-9999,N/A,-9999,-9999,-9999,-9999,-9999,-9999,-9999,-9999
144,167.048018,167.048041611,-9999,8714441,-9999,1643804.3,17.69,-1,-9999,-9999,-9999,-9999,-9999,-9999,-9999,unassigned,N/A,-9999,-9999,N/A,-9999,-9999,-9999,-9999,-9999,-9999,-9999,-9999
147,168.831965,168.831989442,-9999,11952542,-9999,1752349.9,24.95,-1,-9999,-9999,-9999,-9999,-9999,-9999,-9999,unassigned,N/A,-9999,-9999,N/A,-9999,-9999,-9999,-9999,-9999,-9999,-9999,-9999
148,168.836219,168.836243444,-9999,23364004,-9999,1555826.5,50.67,-1,-9999,-9999,-9999,-9999,-9999,-9999,-9999,unassigned,N/A,-9999,-9999,N/A,-9999,-9999,-9999,-9999,-9999,-9999,-9999,-9999
149,168.948717,168.948741496,-9999,8645172,-9999,1656139.7,17.49,-1,-9999,-9999,-9999,-9999,-9999,-9999,-9999,unassigned,N/A,-9999,-9999,N/A,-9999,-9999,-9999,-9999,-9999,-9999,-9999,-9999
150,168.989337,168.989361515,-9999,17642088,-9999,1501499.9,37.77,-1,-9999,-9999,-9999,-9999,-9999,-9999,-9999,unassigned,N/A,-9999,-9999,N/A,-9999,-9999,-9999,-9999,-9999,-9999,-9999,-9999
154,170.833109,170.833134374,-9999,11322313,-9999,1306210.5,23.46,-1,-9999,-9999,-9999,-9999,-9999,-9999,-9999,unassigned,N/A,-9999,-9999,N/A,-9999,-9999,-9999,-9999,-9999,-9999,-9999,-9999
155,170.833267,170.833292374,-9999,19389384,-9999,1474671.1,41.6,-1,-9999,-9999,-9999,-9999,-9999,-9999,-9999,unassigned,N/A,-9999,-9999,N/A,-9999,-9999,-9999,-9999,-9999,-9999,-9999,-9999
156,171.065787,171.065812483,-9999,18025724,-9999,1732758.3,38.53,-1,-9999,-9999,-9999,-9999,-9999,-9999,-9999,unassigned,N/A,-9999,-9999,N/A,-9999,-9999,-9999,-9999,-9999,-9999,-9999,-9999
161,172.830165,172.830191305,-9999,10403369,-9999,1347900.6,21.34,-1,-9999,-9999,-9999,-9999,-9999,-9999,-9999,unassigned,N/A,-9999,-9999,N/A,-9999,-9999,-9999,-9999,-9999,-9999,-9999,-9999
162,172.831919,172.831945306,-9999,6921771.5,-9999,1344645.4,13.53,-1,-9999,-9999,-9999,-9999,-9999,-9999,-9999,unassigned,N/A,-9999,-9999,N/A,-9999,-9999,-9999,-9999,-9999,-9999,-9999,-9999
165,173.081428,173.081454422,-9999,17930108,-9999,1691877.8,38.22,-1,-9999,-9999,-9999,-9999,-9999,-9999,-9999,unassigned,N/A,-9999,-9999,N/A,-9999,-9999,-9999,-9999,-9999,-9999,-9999,-9999
169,174.828963,174.828990236,-9999,8065213,-9999,1625459.7,16.09,-1,-9999,-9999,-9999,-9999,-9999,-9999,-9999,unassigned,N/A,-9999,-9999,N/A,-9999,-9999,-9999,-9999,-9999,-9999,-9999,-9999
170,174.998119,174.998146315,-9999,11870628,-9999,1603285.1,24.62,-1,-9999,-9999,-9999,-9999,-9999,-9999,-9999,unassigned,N/A,-9999,-9999,N/A,-9999,-9999,-9999,-9999,-9999,-9999,-9999,-9999
173,176.894095,176.894123198,-9999,16427987,-9999,1513233,34.75,-1,-9999,-9999,-9999,-9999,-9999,-9999,-9999,unassigned,N/A,-9999,-9999,N/A,-9999,-9999,-9999,-9999,-9999,-9999,-9999,-9999
179,181.013689,181.013719118,-9999,13619772,-9999,1687496.2,28.3,-1,-9999,-9999,-9999,-9999,-9999,-9999,-9999,unassigned,N/A,-9999,-9999,N/A,-9999,-9999,-9999,-9999,-9999,-9999,-9999,-9999
192,187.096989,187.097021952,-9999,17933160,-9999,1501821.4,37.67,-1,-9999,-9999,-9999,-9999,-9999,-9999,-9999,unassigned,N/A,-9999,-9999,N/A,-9999,-9999,-9999,-9999,-9999,-9999,-9999,-9999
197,189.038631,189.038664856,-9999,6688217,-9999,1386380.3,12.74,-1,-9999,-9999,-9999,-9999,-9999,-9999,-9999,unassigned,N/A,-9999,-9999,N/A,-9999,-9999,-9999,-9999,-9999,-9999,-9999,-9999
213,195.81086,195.810897012,-9999,58102008,-9999,1386850.1,125.4,-1,-9999,-9999,-9999,-9999,-9999,-9999,-9999,unassigned,N/A,-9999,-9999,N/A,-9999,-9999,-9999,-9999,-9999,-9999,-9999,-9999
214,195.812572,195.812609012,-9999,7141628,-9999,1297060.6,13.64,-1,-9999,-9999,-9999,-9999,-9999,-9999,-9999,unassigned,N/A,-9999,-9999,N/A,-9999,-9999,-9999,-9999,-9999,-9999,-9999,-9999
217,197.022185,197.022222576,-9999,7882487,-9999,1420777.7,15.26,-1,-9999,-9999,-9999,-9999,-9999,-9999,-9999,unassigned,N/A,-9999,-9999,N/A,-9999,-9999,-9999,-9999,-9999,-9999,-9999,-9999
220,197.807908,197.807945942,-9999,70032072,-9999,1348605.5,151.08,-1,-9999,-9999,-9999,-9999,-9999,-9999,-9999,unassigned,N/A,-9999,-9999,N/A,-9999,-9999,-9999,-9999,-9999,-9999,-9999,-9999
224,199.804955,199.804993872,-9999,36660296,-9999,1357380.1,78.12,-1,-9999,-9999,-9999,-9999,-9999,-9999,-9999,unassigned,N/A,-9999,-9999,N/A,-9999,-9999,-9999,-9999,-9999,-9999,-9999,-9999
228,201.802003,201.802042803,-9999,7744873,-9999,1526687.6,14.85,-1,-9999,-9999,-9999,-9999,-9999,-9999,-9999,unassigned,N/A,-9999,-9999,N/A,-9999,-9999,-9999,-9999,-9999,-9999,-9999,-9999
229,202.828283,202.828323281,-9999,7840242.5,-9999,1449215.1,15.06,-1,-9999,-9999,-9999,-9999,-9999,-9999,-9999,unassigned,N/A,-9999,-9999,N/A,-9999,-9999,-9999,-9999,-9999,-9999,-9999,-9999
232,204.825337,204.825378212,-9999,11450995,-9999,1381321,22.84,-1,-9999,-9999,-9999,-9999,-9999,-9999,-9999,unassigned,N/A,-9999,-9999,N/A,-9999,-9999,-9999,-9999,-9999,-9999,-9999,-9999
246,210.842275,210.842319015,-9999,6553877.5,-9999,1329960.9,12.18,-1,-9999,-9999,-9999,-9999,-9999,-9999,-9999,unassigned,N/A,-9999,-9999,N/A,-9999,-9999,-9999,-9999,-9999,-9999,-9999,-9999
249,212.979154,212.97919901,-9999,17078258,-9999,1342023.3,34.95,-1,-9999,-9999,-9999,-9999,-9999,-9999,-9999,unassigned,N/A,-9999,-9999,N/A,-9999,-9999,-9999,-9999,-9999,-9999,-9999,-9999
266,225.071264,225.071314644,-9999,16782398,-9999,1294585.9,34.13,-1,-9999,-9999,-9999,-9999,-9999,-9999,-9999,unassigned,N/A,-9999,-9999,N/A,-9999,-9999,-9999,-9999,-9999,-9999,-9999,-9999
283,236.965856,236.965912186,-9999,14500358,-9999,1246724.8,29.05,-1,-9999,-9999,-9999,-9999,-9999,-9999,-9999,unassigned,N/A,-9999,-9999,N/A,-9999,-9999,-9999,-9999,-9999,-9999,-9999,-9999
290,239.086909,239.086966174,-9999,8024927.5,-9999,1243300.1,15.17,-1,-9999,-9999,-9999,-9999,-9999,-9999,-9999,unassigned,N/A,-9999,-9999,N/A,-9999,-9999,-9999,-9999,-9999,-9999,-9999,-9999
299,243.133461,243.13352006,-9999,225871168,-9999,1114753.5,481.34,-1,-9999,-9999,-9999,-9999,-9999,-9999,-9999,unassigned,N/A,-9999,-9999,N/A,-9999,-9999,-9999,-9999,-9999,-9999,-9999,-9999
302,244.136815,244.136874527,-9999,35456396,-9999,1114603.9,73.84,-1,-9999,-9999,-9999,-9999,-9999,-9999,-9999,unassigned,N/A,-9999,-9999,N/A,-9999,-9999,-9999,-9999,-9999,-9999,-9999,-9999
315,249.107635,249.107696843,-9999,21153418,-9999,1111356.4,43.15,-1,-9999,-9999,-9999,-9999,-9999,-9999,-9999,unassigned,N/A,-9999,-9999,N/A,-9999,-9999,-9999,-9999,-9999,-9999,-9999,-9999
318,250.9815,250.981562716,-9999,32835248,-9999,1084716.4,67.96,-1,-9999,-9999,-9999,-9999,-9999,-9999,-9999,unassigned,N/A,-9999,-9999,N/A,-9999,-9999,-9999,-9999,-9999,-9999,-9999,-9999
349,259.12836,259.128426512,-9999,8824436,-9999,1110405.3,16.75,-1,-9999,-9999,-9999,-9999,-9999,-9999,-9999,unassigned,N/A,-9999,-9999,N/A,-9999,-9999,-9999,-9999,-9999,-9999,-9999,-9999
353,261.107617,261.107684434,-9999,8406601,-9999,1103539.3,15.82,-1,-9999,-9999,-9999,-9999,-9999,-9999,-9999,unassigned,N/A,-9999,-9999,N/A,-9999,-9999,-9999,-9999,-9999,-9999,-9999,-9999
357,262.78392,262.783988215,-9999,8185382,-9999,1058610.5,15.35,-1,-9999,-9999,-9999,-9999,-9999,-9999,-9999,unassigned,N/A,-9999,-9999,N/A,-9999,-9999,-9999,-9999,-9999,-9999,-9999,-9999
362,263.086903,263.086971356,-9999,9045536,-9999,1083277.8,17.18,-1,-9999,-9999,-9999,-9999,-9999,-9999,-9999,unassigned,N/A,-9999,-9999,N/A,-9999,-9999,-9999,-9999,-9999,-9999,-9999,-9999
366,264.99714,264.997209246,-9999,10561021,-9999,1141990.7,20.39,-1,-9999,-9999,-9999,-9999,-9999,-9999,-9999,unassigned,N/A,-9999,-9999,N/A,-9999,-9999,-9999,-9999,-9999,-9999,-9999,-9999
369,265.102538,265.102607295,-9999,7615995.5,-9999,984098.9,14.14,-1,-9999,-9999,-9999,-9999,-9999,-9999,-9999,unassigned,N/A,-9999,-9999,N/A,-9999,-9999,-9999,-9999,-9999,-9999,-9999,-9999
372,266.967713,266.967783164,-9999,6825444,-9999,1174723,12.44,-1,-9999,-9999,-9999,-9999,-9999,-9999,-9999,unassigned,N/A,-9999,-9999,N/A,-9999,-9999,-9999,-9999,-9999,-9999,-9999,-9999
375,267.08182,267.081890217,-9999,8119779,-9999,1150045.8,15.18,-1,-9999,-9999,-9999,-9999,-9999,-9999,-9999,unassigned,N/A,-9999,-9999,N/A,-9999,-9999,-9999,-9999,-9999,-9999,-9999,-9999
378,267.118183,267.118253234,-9999,7718371,-9999,1160249.8,14.33,-1,-9999,-9999,-9999,-9999,-9999,-9999,-9999,unassigned,N/A,-9999,-9999,N/A,-9999,-9999,-9999,-9999,-9999,-9999,-9999,-9999
380,268.168444,268.168514724,-9999,10569181,-9999,1011973.6,20.37,-1,-9999,-9999,-9999,-9999,-9999,-9999,-9999,unassigned,N/A,-9999,-9999,N/A,-9999,-9999,-9999,-9999,-9999,-9999,-9999,-9999
381,268.800889,268.800960018,-9999,7325147.5,-9999,1114437.4,13.5,-1,-9999,-9999,-9999,-9999,-9999,-9999,-9999,unassigned,N/A,-9999,-9999,N/A,-9999,-9999,-9999,-9999,-9999,-9999,-9999,-9999
399,275.036271,275.036344923,-9999,42174052,-9999,978853.7,87.04,-1,-9999,-9999,-9999,-9999,-9999,-9999,-9999,unassigned,N/A,-9999,-9999,N/A,-9999,-9999,-9999,-9999,-9999,-9999,-9999,-9999
406,277.033326,277.033400854,-9999,8701655,-9999,1225975.4,16.36,-1,-9999,-9999,-9999,-9999,-9999,-9999,-9999,unassigned,N/A,-9999,-9999,N/A,-9999,-9999,-9999,-9999,-9999,-9999,-9999,-9999
410,277.102534,277.102608886,-9999,9381595,-9999,1079081.2,17.8,-1,-9999,-9999,-9999,-9999,-9999,-9999,-9999,unassigned,N/A,-9999,-9999,N/A,-9999,-9999,-9999,-9999,-9999,-9999,-9999,-9999
419,279.081818,279.081893808,-9999,7202678.5,-9999,1008384.3,13.16,-1,-9999,-9999,-9999,-9999,-9999,-9999,-9999,unassigned,N/A,-9999,-9999,N/A,-9999,-9999,-9999,-9999,-9999,-9999,-9999,-9999
421,279.118165,279.118240825,-9999,10749817,-9999,1014280.1,20.62,-1,-9999,-9999,-9999,-9999,-9999,-9999,-9999,unassigned,N/A,-9999,-9999,N/A,-9999,-9999,-9999,-9999,-9999,-9999,-9999,-9999
424,280.149815,280.149891306,-9999,12519386,-9999,1042454.7,24.35,-1,-9999,-9999,-9999,-9999,-9999,-9999,-9999,unassigned,N/A,-9999,-9999,N/A,-9999,-9999,-9999,-9999,-9999,-9999,-9999,-9999
427,281.097452,281.097528747,-9999,12019771,-9999,963104.9,23.3,-1,-9999,-9999,-9999,-9999,-9999,-9999,-9999,unassigned,N/A,-9999,-9999,N/A,-9999,-9999,-9999,-9999,-9999,-9999,-9999,-9999
430,281.13384,281.133916764,-9999,9193534,-9999,1010222.2,17.35,-1,-9999,-9999,-9999,-9999,-9999,-9999,-9999,unassigned,N/A,-9999,-9999,N/A,-9999,-9999,-9999,-9999,-9999,-9999,-9999,-9999
434,283.113105,283.113182686,-9999,8046884,-9999,1025945,14.93,-1,-9999,-9999,-9999,-9999,-9999,-9999,-9999,unassigned,N/A,-9999,-9999,N/A,-9999,-9999,-9999,-9999,-9999,-9999,-9999,-9999
449,287.086879,287.086958538,-9999,10013528,-9999,1003277.2,19.01,-1,-9999,-9999,-9999,-9999,-9999,-9999,-9999,unassigned,N/A,-9999,-9999,N/A,-9999,-9999,-9999,-9999,-9999,-9999,-9999,-9999
464,291.118182,291.118263416,-9999,31395352,-9999,967277.8,63.87,-1,-9999,-9999,-9999,-9999,-9999,-9999,-9999,unassigned,N/A,-9999,-9999,N/A,-9999,-9999,-9999,-9999,-9999,-9999,-9999,-9999
468,291.209887,291.209968459,-9999,32280106,-9999,1386641.8,65.73,-1,-9999,-9999,-9999,-9999,-9999,-9999,-9999,unassigned,N/A,-9999,-9999,N/A,-9999,-9999,-9999,-9999,-9999,-9999,-9999,-9999
476,293.206602,293.206684389,-9999,134254512,-9999,930602.1,278.76,-1,-9999,-9999,-9999,-9999,-9999,-9999,-9999,unassigned,N/A,-9999,-9999,N/A,-9999,-9999,-9999,-9999,-9999,-9999,-9999,-9999
478,294.209955,294.210037856,-9999,21663878,-9999,975895.3,43.31,-1,-9999,-9999,-9999,-9999,-9999,-9999,-9999,unassigned,N/A,-9999,-9999,N/A,-9999,-9999,-9999,-9999,-9999,-9999,-9999,-9999
481,295.113085,295.113168277,-9999,8048968,-9999,1009431.3,14.84,-1,-9999,-9999,-9999,-9999,-9999,-9999,-9999,unassigned,N/A,-9999,-9999,N/A,-9999,-9999,-9999,-9999,-9999,-9999,-9999,-9999
487,297.152546,297.152630227,-9999,10883858,-9999,1809613.8,20.76,-1,-9999,-9999,-9999,-9999,-9999,-9999,-9999,unassigned,N/A,-9999,-9999,N/A,-9999,-9999,-9999,-9999,-9999,-9999,-9999,-9999
520,309.128731,309.128820807,-9999,7020411,-9999,1002048.5,12.59,-1,-9999,-9999,-9999,-9999,-9999,-9999,-9999,unassigned,N/A,-9999,-9999,N/A,-9999,-9999,-9999,-9999,-9999,-9999,-9999,-9999
530,311.144407,311.144497746,-9999,6857174,-9999,891857.7,12.25,-1,-9999,-9999,-9999,-9999,-9999,-9999,-9999,unassigned,N/A,-9999,-9999,N/A,-9999,-9999,-9999,-9999,-9999,-9999,-9999,-9999
561,319.241242,319.241336519,-9999,35564508,-9999,1540877.1,71.57,-1,-9999,-9999,-9999,-9999,-9999,-9999,-9999,unassigned,N/A,-9999,-9999,N/A,-9999,-9999,-9999,-9999,-9999,-9999,-9999,-9999
567,321.237885,321.237980449,-9999,149466736,-9999,855398.2,307.16,-1,-9999,-9999,-9999,-9999,-9999,-9999,-9999,unassigned,N/A,-9999,-9999,N/A,-9999,-9999,-9999,-9999,-9999,-9999,-9999,-9999
571,322.241235,322.241330916,-9999,29667264,-9999,851412.9,59.13,-1,-9999,-9999,-9999,-9999,-9999,-9999,-9999,unassigned,N/A,-9999,-9999,N/A,-9999,-9999,-9999,-9999,-9999,-9999,-9999,-9999
575,323.180738,323.180834354,-9999,9031931,-9999,934700.7,16.62,-1,-9999,-9999,-9999,-9999,-9999,-9999,-9999,unassigned,N/A,-9999,-9999,N/A,-9999,-9999,-9999,-9999,-9999,-9999,-9999,-9999
581,325.123666,325.123763259,-9999,8934285,-9999,876391.5,16.42,-1,-9999,-9999,-9999,-9999,-9999,-9999,-9999,unassigned,N/A,-9999,-9999,N/A,-9999,-9999,-9999,-9999,-9999,-9999,-9999,-9999
584,325.160068,325.160165276,-9999,7156633,-9999,871716.9,12.76,-1,-9999,-9999,-9999,-9999,-9999,-9999,-9999,unassigned,N/A,-9999,-9999,N/A,-9999,-9999,-9999,-9999,-9999,-9999,-9999,-9999
599,328.958775,328.958874046,-9999,12089517,-9999,864823.7,22.92,-1,-9999,-9999,-9999,-9999,-9999,-9999,-9999,unassigned,N/A,-9999,-9999,N/A,-9999,-9999,-9999,-9999,-9999,-9999,-9999,-9999
614,331.149464,331.14956406699997,-9999,34585504,-9999,810535.7,68.97,-1,-9999,-9999,-9999,-9999,-9999,-9999,-9999,unassigned,N/A,-9999,-9999,N/A,-9999,-9999,-9999,-9999,-9999,-9999,-9999,-9999
649,342.856311,342.85641652100003,-9999,8489812,-9999,796744.1,15.36,-1,-9999,-9999,-9999,-9999,-9999,-9999,-9999,unassigned,N/A,-9999,-9999,N/A,-9999,-9999,-9999,-9999,-9999,-9999,-9999,-9999
650,342.974418,342.974523576,-9999,18123644,-9999,826958.1,35.04,-1,-9999,-9999,-9999,-9999,-9999,-9999,-9999,unassigned,N/A,-9999,-9999,N/A,-9999,-9999,-9999,-9999,-9999,-9999,-9999,-9999
662,345.165076,345.165182597,-9999,8769116,-9999,788968.7,15.93,-1,-9999,-9999,-9999,-9999,-9999,-9999,-9999,unassigned,N/A,-9999,-9999,N/A,-9999,-9999,-9999,-9999,-9999,-9999,-9999,-9999
672,347.180764,347.180871536,-9999,10137852,-9999,852514.9,18.73,-1,-9999,-9999,-9999,-9999,-9999,-9999,-9999,unassigned,N/A,-9999,-9999,N/A,-9999,-9999,-9999,-9999,-9999,-9999,-9999,-9999
676,348.147736,348.147843986,-9999,13046332,-9999,837986.9,24.67,-1,-9999,-9999,-9999,-9999,-9999,-9999,-9999,unassigned,N/A,-9999,-9999,N/A,-9999,-9999,-9999,-9999,-9999,-9999,-9999,-9999
685,349.19642,349.196528475,-9999,10335127,-9999,801620.4,19.13,-1,-9999,-9999,-9999,-9999,-9999,-9999,-9999,unassigned,N/A,-9999,-9999,N/A,-9999,-9999,-9999,-9999,-9999,-9999,-9999,-9999
693,351.212039,351.212148414,-9999,7763501.5,-9999,839189.6,13.81,-1,-9999,-9999,-9999,-9999,-9999,-9999,-9999,unassigned,N/A,-9999,-9999,N/A,-9999,-9999,-9999,-9999,-9999,-9999,-9999,-9999
703,356.990043,356.990155106,-9999,8240517.5,-9999,929167,14.78,-1,-9999,-9999,-9999,-9999,-9999,-9999,-9999,unassigned,N/A,-9999,-9999,N/A,-9999,-9999,-9999,-9999,-9999,-9999,-9999,-9999
717,361.160044,361.160158049,-9999,7815877,-9999,826796.7,13.85,-1,-9999,-9999,-9999,-9999,-9999,-9999,-9999,unassigned,N/A,-9999,-9999,N/A,-9999,-9999,-9999,-9999,-9999,-9999,-9999,-9999
812,388.925499,388.925625985,-9999,12125631,-9999,778596.2,22.32,-1,-9999,-9999,-9999,-9999,-9999,-9999,-9999,unassigned,N/A,-9999,-9999,N/A,-9999,-9999,-9999,-9999,-9999,-9999,-9999,-9999
844,397.691983,397.692114069,-9999,7065922.5,-9999,846681.4,12.1,-1,-9999,-9999,-9999,-9999,-9999,-9999,-9999,unassigned,N/A,-9999,-9999,N/A,-9999,-9999,-9999,-9999,-9999,-9999,-9999,-9999
845,397.726199,397.726330085,-9999,10047822,-9999,766746.6,18.03,-1,-9999,-9999,-9999,-9999,-9999,-9999,-9999,unassigned,N/A,-9999,-9999,N/A,-9999,-9999,-9999,-9999,-9999,-9999,-9999,-9999
846,397.863729,397.863860149,-9999,23597438,-9999,733871,45,-1,-9999,-9999,-9999,-9999,-9999,-9999,-9999,unassigned,N/A,-9999,-9999,N/A,-9999,-9999,-9999,-9999,-9999,-9999,-9999,-9999
847,397.898,397.898131165,-9999,36966792,-9999,722016.7,71.61,-1,-9999,-9999,-9999,-9999,-9999,-9999,-9999,unassigned,N/A,-9999,-9999,N/A,-9999,-9999,-9999,-9999,-9999,-9999,-9999,-9999
848,397.932535,397.932666181,-9999,16109973,-9999,730341.2,30.1,-1,-9999,-9999,-9999,-9999,-9999,-9999,-9999,unassigned,N/A,-9999,-9999,N/A,-9999,-9999,-9999,-9999,-9999,-9999,-9999,-9999
850,397.97809,397.978221203,-9999,7385508.5,-9999,689061.6,12.73,-1,-9999,-9999,-9999,-9999,-9999,-9999,-9999,unassigned,N/A,-9999,-9999,N/A,-9999,-9999,-9999,-9999,-9999,-9999,-9999,-9999
851,398.001283,398.001414214,-9999,8090028.5,-9999,724694.4,14.14,-1,-9999,-9999,-9999,-9999,-9999,-9999,-9999,unassigned,N/A,-9999,-9999,N/A,-9999,-9999,-9999,-9999,-9999,-9999,-9999,-9999
852,398.03563,398.03576123,-9999,23925176,-9999,725726.7,45.66,-1,-9999,-9999,-9999,-9999,-9999,-9999,-9999,unassigned,N/A,-9999,-9999,N/A,-9999,-9999,-9999,-9999,-9999,-9999,-9999,-9999
866,402.941143,402.941276515,-9999,15079519,-9999,729623.5,28.05,-1,-9999,-9999,-9999,-9999,-9999,-9999,-9999,unassigned,N/A,-9999,-9999,N/A,-9999,-9999,-9999,-9999,-9999,-9999,-9999,-9999
893,408.766828,408.766964229,-9999,9855103,-9999,694887.3,17.5,-1,-9999,-9999,-9999,-9999,-9999,-9999,-9999,unassigned,N/A,-9999,-9999,N/A,-9999,-9999,-9999,-9999,-9999,-9999,-9999,-9999
901,409.311746,409.311882483,-9999,16916804,-9999,1407699.7,31.44,-1,-9999,-9999,-9999,-9999,-9999,-9999,-9999,unassigned,N/A,-9999,-9999,N/A,-9999,-9999,-9999,-9999,-9999,-9999,-9999,-9999
1132,480.918416,480.918585845,-9999,10472388,-9999,634810,17.99,-1,-9999,-9999,-9999,-9999,-9999,-9999,-9999,unassigned,N/A,-9999,-9999,N/A,-9999,-9999,-9999,-9999,-9999,-9999,-9999,-9999
1186,494.934024,494.934200375,-9999,10198551,-9999,595441.9,17.29,-1,-9999,-9999,-9999,-9999,-9999,-9999,-9999,unassigned,N/A,-9999,-9999,N/A,-9999,-9999,-9999,-9999,-9999,-9999,-9999,-9999
1684,715.981648,715.981927363,-9999,10430207,-9999,439310.6,17.67,-1,-9999,-9999,-9999,-9999,-9999,-9999,-9999,unassigned,N/A,-9999,-9999,N/A,-9999,-9999,-9999,-9999,-9999,-9999,-9999,-9999
1765,982.87898,982.879383712,-9999,51346552,-9999,266455,81.56,-1,-9999,-9999,-9999,-9999,-9999,-9999,-9999,unassigned,N/A,-9999,-9999,N/A,-9999,-9999,-9999,-9999,-9999,-9999,-9999,-9999
1786,996.930667,996.931077259,-9999,14462484,-9999,277637.7,21.62,-1,-9999,-9999,-9999,-9999,-9999,-9999,-9999,unassigned,N/A,-9999,-9999,N/A,-9999,-9999,-9999,-9999,-9999,-9999,-9999,-9999
1820,1016.981689,1016.982108601,-9999,22962686,-9999,213797.1,35.22,-1,-9999,-9999,-9999,-9999,-9999,-9999,-9999,unassigned,N/A,-9999,-9999,N/A,-9999,-9999,-9999,-9999,-9999,-9999,-9999,-9999
