Index,Mass,Calibrated_Mass,Calculated_Mass,Peak_Height,Peak_Area,Resolving_Power,S_N,Ion_Charge,Error_ppm,Error_Score,Isotopologue_Similarity,Confidence_Score,DBE,OtoC_ratio,HtoC_ratio,Heteroatom_Class,Ion_Type,Is_Isotopologue,Mono_Isotopic_Index,Molecular_Formula,C,H,O,N,P,S,13C,18O,33S,34S
12,121.02948,121.029490755,121.02950298,8893205,-9999,2249457.3,18.61,-1,-0.101010572,0.998150367,0,0.59889022,5,0.285714286,0.857142857,O2,de-protonated,0,-9999,C7 H6 O2,7,6,2,-9999,-9999,-9999,-9999,-9999,-9999,-9999
19,127.040047,127.040059915,127.040067664,7195393.5,-9999,2297190.2,14.68,-1,-0.061001795,0.999325018,0,0.599595011,3,0.5,1.333333333,O3,de-protonated,0,-9999,C6 H8 O3,6,8,3,-9999,-9999,-9999,-9999,-9999,-9999,-9999
20,127.076434,127.076446928,127.076453174,11280894,-9999,2144388.7,24.14,-1,-0.049151106,0.999561747,0,0.599737048,2,0.285714286,1.714285714,O2,de-protonated,0,-9999,C7 H12 O2,7,12,2,-9999,-9999,-9999,-9999,-9999,-9999,-9999
21,128.035291,128.035304272,128.035316636,11258782,-9999,2113405.9,24.09,-1,-0.096569275,0.998309308,0,0.598985585,3,0.6,1.4,N1 O3,de-protonated,0,-9999,C5 H7 O3 N1,5,7,3,1,-9999,-9999,-9999,-9999,-9999,-9999
25,129.019311,129.019324626,129.019332219,14565195,-9999,1994179.8,31.75,-1,-0.058856497,0.999371643,0,0.599622986,3,0.8,1.2,O4,de-protonated,0,-9999,C5 H6 O4,5,6,4,-9999,-9999,-9999,-9999,-9999,-9999,-9999
28,129.055691,129.055704639,129.055717729,215669072,-9999,2035967.9,497.6,-1,-0.101428319,0.999054398,0.997464544,0.998418457,2,0.5,1.666666667,O3,de-protonated,0,-9999,C6 H10 O3,6,10,3,-9999,-9999,-9999,-9999,-9999,-9999,-9999
33,130.059057,130.059070999,130.059072564,13377285,-9999,2114300.8,29,-1,-0.012028855,0.999973746,0.997464544,0.998970065,2,0.5,1.666666667,13C1 O3,de-protonated,1,28,C5 H10 O3 13C1,5,10,3,-9999,-9999,-9999,1,-9999,-9999,-9999
37,131.034957,131.03497135,131.034982284,33343704,-9999,2070474.2,75.25,-1,-0.083442279,0.998737441,0,0.599242464,2,0.8,1.6,O4,de-protonated,0,-9999,C5 H8 O4,5,8,4,-9999,-9999,-9999,-9999,-9999,-9999,-9999
39,131.071348,131.071362363,131.071367793,49076440,-9999,2082304.9,111.69,-1,-0.04142882,0.99968862,0,0.599813172,1,0.5,2,O3,de-protonated,0,-9999,C6 H12 O3,6,12,3,-9999,-9999,-9999,-9999,-9999,-9999,-9999
53,135.045139,135.045154791,135.045153045,6818578,-9999,1909910.5,13.81,-1,0.012930153,0.999969664,0,0.599981799,5,0.25,1,O2,de-protonated,0,-9999,C8 H8 O2,8,8,2,-9999,-9999,-9999,-9999,-9999,-9999,-9999
57,137.024391,137.024407502,137.0244176,40888800,-9999,1869590,92.73,-1,-0.073693461,0.999015087,0,0.599409052,5,0.428571429,0.857142857,O3,de-protonated,0,-9999,C7 H6 O3,7,6,3,-9999,-9999,-9999,-9999,-9999,-9999,-9999
58,138.019642,138.01965886,138.019666572,9066110,-9999,1967849.2,19.01,-1,-0.05587904,0.999433593,0,0.599660156,5,0.5,0.833333333,N1 O3,de-protonated,0,-9999,C6 H5 O3 N1,6,5,3,1,-9999,-9999,-9999,-9999,-9999,-9999
61,139.040049,139.040066226,139.040067664,16428870,-9999,1839121.7,36.07,-1,-0.010342564,0.999980591,0,0.599988355,4,0.428571429,1.142857143,O3,de-protonated,0,-9999,C7 H8 O3,7,8,3,-9999,-9999,-9999,-9999,-9999,-9999,-9999
66,141.019305,141.019322937,141.019332219,6682438.5,-9999,1807219.7,13.49,-1,-0.065820674,0.999214208,0,0.599528525,4,0.666666667,1,O4,de-protonated,0,-9999,C6 H6 O4,6,6,4,-9999,-9999,-9999,-9999,-9999,-9999,-9999
68,143.034966,143.034984662,143.034982284,8258569,-9999,1853879.2,17.11,-1,0.01662381,0.999949858,0,0.599969915,3,0.666666667,1.333333333,O4,de-protonated,0,-9999,C6 H8 O4,6,8,4,-9999,-9999,-9999,-9999,-9999,-9999,-9999
69,143.071343,143.071361675,143.071367793,11185175,-9999,1856822.3,23.88,-1,-0.042765323,0.999668208,0,0.599800925,2,0.428571429,1.714285714,O3,de-protonated,0,-9999,C7 H12 O3,7,12,3,-9999,-9999,-9999,-9999,-9999,-9999,-9999
71,144.045465,144.045484025,144.045487397,20795830,-9999,1767569.1,46.1,-1,-0.023413631,0.999900535,0,0.599940321,7,0.111111111,0.777777778,N1 O1,de-protonated,0,-9999,C9 H7 O1 N1,9,7,1,1,-9999,-9999,-9999,-9999,-9999,-9999
78,145.050607,145.050626386,145.050632348,58418068,-9999,1776134.7,132.88,-1,-0.04110597,0.999693453,0,0.599816072,2,0.666666667,1.666666667,O4,de-protonated,0,-9999,C6 H10 O4,6,10,4,-9999,-9999,-9999,-9999,-9999,-9999,-9999
80,145.087,145.087019399,145.087017858,18211752,-9999,1706895.4,40.06,-1,0.010623136,0.999979524,0,0.599987714,1,0.428571429,2,O3,de-protonated,0,-9999,C7 H14 O3,7,14,3,-9999,-9999,-9999,-9999,-9999,-9999,-9999
81,146.045861,146.045880743,146.04588132,9038241,-9999,1897863.4,18.84,-1,-0.003951148,0.999997167,0,0.5999983,2,0.8,1.8,N1 O4,de-protonated,0,-9999,C5 H9 O4 N1,5,9,4,1,-9999,-9999,-9999,-9999,-9999,-9999
89,149.024389,149.024409814,149.0244176,8771801,-9999,1487443.8,18.19,-1,-0.05224757,0.999504802,0,0.599702881,6,0.375,0.75,O3,de-protonated,0,-9999,C8 H6 O3,8,6,3,-9999,-9999,-9999,-9999,-9999,-9999,-9999
94,151.040042,151.040063538,151.040067664,26436252,-9999,1730356.2,58.71,-1,-0.027319854,0.999864581,0,0.599918748,5,0.375,1,O3,de-protonated,0,-9999,C8 H8 O3,8,8,3,-9999,-9999,-9999,-9999,-9999,-9999,-9999
99,153.019308,153.019330249,153.019332219,91797736,-9999,1611989.9,208.38,-1,-0.012876449,0.999712295,0.998454623,0.999209226,5,0.571428571,0.857142857,O4,de-protonated,0,-9999,C7 H6 O4,7,6,4,-9999,-9999,-9999,-9999,-9999,-9999,-9999
101,154.022656,154.022678609,154.022687054,6786132,-9999,1680445.9,13.54,-1,-0.054828996,0.999454674,0.998454623,0.999054654,5,0.571428571,0.857142857,13C1 O4,de-protonated,1,99,C6 H6 O4 13C1,6,6,4,-9999,-9999,-9999,1,-9999,-9999,-9999
110,155.034964,155.034986973,155.034982284,9834478,-9999,1743903.4,20.51,-1,0.030247537,0.999834004,0,0.599900402,4,0.571428571,1.142857143,O4,de-protonated,0,-9999,C7 H8 O4,7,8,4,-9999,-9999,-9999,-9999,-9999,-9999,-9999
111,155.071343,155.071365986,155.071367793,9082896,-9999,1634113.7,18.79,-1,-0.011651748,0.999975366,0,0.59998522,3,0.375,1.5,O3,de-protonated,0,-9999,C8 H12 O3,8,12,3,-9999,-9999,-9999,-9999,-9999,-9999,-9999
112,157.050607,157.050630697,157.050632348,30869384,-9999,1612543.8,68.48,-1,-0.0105113,0.999979952,0,0.599987971,3,0.571428571,1.428571429,O4,de-protonated,0,-9999,C7 H10 O4,7,10,4,-9999,-9999,-9999,-9999,-9999,-9999,-9999
113,157.086985,157.087008711,157.087017858,6181804,-9999,1430809.3,12.12,-1,-0.058229418,0.999384957,0,0.599630974,2,0.375,1.75,O3,de-protonated,0,-9999,C8 H14 O3,8,14,3,-9999,-9999,-9999,-9999,-9999,-9999,-9999
116,159.066253,159.066277422,159.066282413,62328744,-9999,1591084.8,139.99,-1,-0.031377095,0.999821376,0,0.599892825,2,0.571428571,1.714285714,O4,de-protonated,0,-9999,C7 H12 O4,7,12,4,-9999,-9999,-9999,-9999,-9999,-9999,-9999
117,159.102638,159.102662435,159.102667922,12232655,-9999,1627848.5,25.88,-1,-0.034489143,0.99978419,0,0.599870514,1,0.375,2,O3,de-protonated,0,-9999,C8 H16 O3,8,16,3,-9999,-9999,-9999,-9999,-9999,-9999,-9999
123,161.04552,161.045545133,161.045546968,7329821,-9999,1718299.9,14.67,-1,-0.011394233,0.999976443,0,0.599985866,2,0.833333333,1.666666667,O5,de-protonated,0,-9999,C6 H10 O5,6,10,5,-9999,-9999,-9999,-9999,-9999,-9999,-9999
124,161.081905,161.081930146,161.081932477,11774022,-9999,1540248.3,24.78,-1,-0.014472556,0.999961995,0,0.599977197,1,0.571428571,2,O4,de-protonated,0,-9999,C7 H14 O4,7,14,4,-9999,-9999,-9999,-9999,-9999,-9999,-9999
126,162.077154,162.077179504,162.077181449,11420850,-9999,1603234.4,23.92,-1,-0.012005829,0.999973846,0,0.599984308,1,0.666666667,2.166666667,N1 O4,de-protonated,0,-9999,C6 H13 O4 N1,6,13,4,1,-9999,-9999,-9999,-9999,-9999,-9999
133,163.040039,163.040064849,163.040067664,39379216,-9999,1534733,87.34,-1,-0.01726418,0.99994592,0,0.599967552,6,0.333333333,0.888888889,O3,de-protonated,0,-9999,C9 H8 O3,9,8,3,-9999,-9999,-9999,-9999,-9999,-9999,-9999
140,165.019301,165.019327561,165.019332219,24296024,-9999,1578718.9,53,-1,-0.028231283,0.999855395,0,0.599913237,6,0.5,0.75,O4,de-protonated,0,-9999,C8 H6 O4,8,6,4,-9999,-9999,-9999,-9999,-9999,-9999,-9999
142,165.055694,165.055720574,165.055717729,12339845,-9999,1597701.5,25.94,-1,0.017236716,0.999946092,0,0.599967655,5,0.333333333,1.111111111,O3,de-protonated,0,-9999,C9 H10 O3,9,10,3,-9999,-9999,-9999,-9999,-9999,-9999,-9999
148,167.034942,167.034969285,167.034982284,9309222,-9999,1469161.8,19.03,-1,-0.077821668,0.998901712,0,0.599341027,5,0.5,1,O4,de-protonated,0,-9999,C8 H8 O4,8,8,4,-9999,-9999,-9999,-9999,-9999,-9999,-9999
157,169.05059,169.050618009,169.050632348,6585925.5,-9999,1481031.8,12.85,-1,-0.084821757,0.998695377,0,0.599217226,4,0.5,1.25,O4,de-protonated,0,-9999,C8 H10 O4,8,10,4,-9999,-9999,-9999,-9999,-9999,-9999,-9999
158,170.045847,170.045875367,170.04588132,8923999,-9999,1628676.3,18.11,-1,-0.035012742,0.999777588,0,0.599866553,4,0.571428571,1.285714286,N1 O4,de-protonated,0,-9999,C7 H9 O4 N1,7,9,4,1,-9999,-9999,-9999,-9999,-9999,-9999
163,171.066257,171.066285733,171.066282413,99027112,-9999,1475533.1,220.58,-1,0.019411214,0.999809019,0.993044701,0.997103292,3,0.5,1.5,O4,de-protonated,0,-9999,C8 H12 O4,8,12,4,-9999,-9999,-9999,-9999,-9999,-9999,-9999
165,171.102653,171.102681746,171.102667922,8534235,-9999,1648073,17.19,-1,0.080795534,0.998816219,0,0.599289731,2,0.333333333,1.777777778,O3,de-protonated,0,-9999,C9 H16 O3,9,16,3,-9999,-9999,-9999,-9999,-9999,-9999,-9999
167,172.069601,172.069630094,172.069637248,7761390,-9999,1662244.2,15.45,-1,-0.041575963,0.999686404,0.993044701,0.997029723,3,0.5,1.5,13C1 O4,de-protonated,1,163,C7 H12 O4 13C1,7,12,4,-9999,-9999,-9999,1,-9999,-9999,-9999
171,173.04552,173.045549444,173.045546968,10134297,-9999,1653889.8,20.73,-1,0.014312129,0.999962833,0,0.5999777,3,0.714285714,1.428571429,O5,de-protonated,0,-9999,C7 H10 O5,7,10,5,-9999,-9999,-9999,-9999,-9999,-9999,-9999
173,173.081907,173.081936458,173.081932477,58135372,-9999,1461064.9,128.35,-1,0.022997052,0.999904043,0,0.599942426,2,0.5,1.75,O4,de-protonated,0,-9999,C8 H14 O4,8,14,4,-9999,-9999,-9999,-9999,-9999,-9999,-9999
174,173.118295,173.118324471,173.118317987,11252604,-9999,1525529.3,23.24,-1,0.037454722,0.999745486,0,0.599847292,1,0.333333333,2,O3,de-protonated,0,-9999,C9 H18 O3,9,18,3,-9999,-9999,-9999,-9999,-9999,-9999,-9999
178,175.061174,175.061204169,175.061197032,16399849,-9999,1627371.7,34.77,-1,0.040765296,0.999698512,0,0.599819107,2,0.714285714,1.714285714,O5,de-protonated,0,-9999,C7 H12 O5,7,12,5,-9999,-9999,-9999,-9999,-9999,-9999,-9999
182,179.034956,179.034987597,179.034982284,10556316,-9999,1382822.9,21.55,-1,0.029674116,0.999840238,0,0.599904143,6,0.444444444,0.888888889,O4,de-protonated,0,-9999,C9 H8 O4,9,8,4,-9999,-9999,-9999,-9999,-9999,-9999,-9999
183,180.033579,180.033610955,180.033602559,21887260,-9999,1432578.9,46.82,-1,0.046635702,0.999605447,0,0.599763268,1,0.8,2.2,N1 S1 O4,de-protonated,0,-9999,C5 H11 O4 N1 S1,5,11,4,1,-9999,1,-9999,-9999,-9999,-9999
185,181.014214,181.014246308,181.014246839,9703047,-9999,1658945.9,19.58,-1,-0.002934858,0.999998437,0,0.599999062,6,0.625,0.75,O5,de-protonated,0,-9999,C8 H6 O5,8,6,5,-9999,-9999,-9999,-9999,-9999,-9999,-9999
186,184.061493,184.061526403,184.061531385,7348058.5,-9999,1619616.6,14.3,-1,-0.02706901,0.999867056,0,0.599920233,4,0.5,1.375,N1 O4,de-protonated,0,-9999,C8 H11 O4 N1,8,11,4,1,-9999,-9999,-9999,-9999,-9999,-9999
188,185.081909,185.081942769,185.081932477,9413881,-9999,1703429,18.88,-1,0.055607889,0.999439075,0,0.599663445,3,0.444444444,1.555555556,O4,de-protonated,0,-9999,C9 H14 O4,9,14,4,-9999,-9999,-9999,-9999,-9999,-9999,-9999
189,186.113519,186.11355314,186.113566959,7006882.5,-9999,1484788.3,13.5,-1,-0.074249684,0.999000171,0,0.599400102,2,0.333333333,1.888888889,N1 O3,de-protonated,0,-9999,C9 H17 O3 N1,9,17,3,1,-9999,-9999,-9999,-9999,-9999,-9999
191,187.061169,187.06120348,187.061197032,14725073,-9999,1431651.5,30.57,-1,0.034470326,0.999784425,0,0.599870655,3,0.625,1.5,O5,de-protonated,0,-9999,C8 H12 O5,8,12,5,-9999,-9999,-9999,-9999,-9999,-9999,-9999
193,187.097552,187.097586493,187.097582542,78995456,-9999,1432068.9,172.78,-1,0.021121507,0.999953582,0.993777003,0.99748295,2,0.444444444,1.777777778,O4,de-protonated,0,-9999,C9 H16 O4,9,16,4,-9999,-9999,-9999,-9999,-9999,-9999,-9999
194,187.133935,187.133969506,187.133968051,9048118,-9999,1574675.3,18.01,-1,0.007777879,0.999989023,0,0.599993414,1,0.3,2,O3,de-protonated,0,-9999,C10 H20 O3,10,20,3,-9999,-9999,-9999,-9999,-9999,-9999,-9999
195,188.035286,188.03532083,188.035316636,21046558,-9999,1358727.3,44.56,-1,0.022303916,0.99990974,0,0.599945844,8,0.3,0.7,N1 O3,de-protonated,0,-9999,C10 H7 O3 N1,10,7,3,1,-9999,-9999,-9999,-9999,-9999,-9999
196,188.100901,188.100935854,188.100937377,8285561,-9999,1395584.7,16.32,-1,-0.008095549,0.999988108,0.993777003,0.997503666,2,0.444444444,1.777777778,13C1 O4,de-protonated,1,193,C8 H16 O4 13C1,8,16,4,-9999,-9999,-9999,1,-9999,-9999,-9999
197,189.076824,189.076859205,189.076847097,11086528,-9999,1497377.1,22.45,-1,0.064036566,0.999256213,0,0.599553728,2,0.625,1.75,O5,de-protonated,0,-9999,C8 H14 O5,8,14,5,-9999,-9999,-9999,-9999,-9999,-9999,-9999
199,191.056077,191.056112916,191.056111652,13436246,-9999,1329553.2,27.63,-1,0.0066152,0.99999206,0,0.599995236,2,0.857142857,1.714285714,O6,de-protonated,0,-9999,C7 H12 O6,7,12,6,-9999,-9999,-9999,-9999,-9999,-9999,-9999
201,193.027287,193.027323624,193.027133998,7595953,-9999,1203086.5,14.69,-1,0.982377518,0.839364784,0,0.50361887,2,0.833333333,1.833333333,P1 O5,de-protonated,0,-9999,C6 H11 O5 P1,6,11,5,-9999,1,-9999,-9999,-9999,-9999,-9999
202,193.100051,193.10008765,193.099905017,12505106,-9999,1392554.7,25.49,-1,0.945795189,0.850176734,0,0.510106041,0,0.375,2.375,P1 O3,de-protonated,0,-9999,C8 H19 O3 P1,8,19,3,-9999,1,-9999,-9999,-9999,-9999,-9999
203,195.042923,195.042960348,195.042784063,7739915.5,-9999,1563244.7,14.96,-1,0.90382878,0.862235706,0,0.517341424,1,0.833333333,2.166666667,P1 O5,de-protonated,0,-9999,C6 H13 O5 P1,6,13,5,-9999,1,-9999,-9999,-9999,-9999,-9999
207,199.007022,199.007060773,199.007053458,9649548,-9999,1421981.2,19.07,-1,0.036754154,0.999754917,0,0.59985295,5,0.5,1,S1 O4,de-protonated,0,-9999,C8 H8 O4 S1,8,8,4,-9999,-9999,1,-9999,-9999,-9999,-9999
208,199.097548,199.097586805,199.097582542,23862778,-9999,1311714.2,50.15,-1,0.021413731,0.999916801,0,0.59995008,3,0.4,1.6,O4,de-protonated,0,-9999,C10 H16 O4,10,16,4,-9999,-9999,-9999,-9999,-9999,-9999,-9999
210,201.076808,201.076847516,201.076847097,12748592,-9999,1427855.5,25.76,-1,0.002086103,0.99999921,0,0.599999526,3,0.555555556,1.555555556,O5,de-protonated,0,-9999,C9 H14 O5,9,14,5,-9999,-9999,-9999,-9999,-9999,-9999,-9999
211,201.1132,201.113239529,201.113232606,18188122,-9999,1332219.4,37.62,-1,0.034424352,0.999785,0,0.599871,2,0.4,1.8,O4,de-protonated,0,-9999,C10 H18 O4,10,18,4,-9999,-9999,-9999,-9999,-9999,-9999,-9999
215,207.012098,207.012139649,207.012138839,9457734,-9999,1379501.4,18.51,-1,0.003913571,0.999997221,0,0.599998333,7,0.3,0.8,S1 O3,de-protonated,0,-9999,C10 H8 O3 S1,10,8,3,-9999,-9999,1,-9999,-9999,-9999,-9999
216,207.07931,207.079351673,207.079169572,10240137,-9999,1268469.6,20.21,-1,0.879376939,0.869084467,0,0.52145068000000006,1,0.5,2.125,P1 O4,de-protonated,0,-9999,C8 H17 O4 P1,8,17,4,-9999,1,-9999,-9999,-9999,-9999,-9999
218,209.058581,209.058623384,209.058434127,9086951,-9999,1519783.5,17.68,-1,0.905281319,0.86182468,0,0.517094808,1,0.714285714,2.142857143,P1 O5,de-protonated,0,-9999,C7 H15 O5 P1,7,15,5,-9999,1,-9999,-9999,-9999,-9999,-9999
219,209.094947,209.094989397,209.094819637,6694920.5,-9999,1307130.9,12.49,-1,0.811882436,0.887273091,0,0.532363855,0,0.5,2.375,P1 O4,de-protonated,0,-9999,C8 H19 O4 P1,8,19,4,-9999,1,-9999,-9999,-9999,-9999,-9999
223,215.092448,215.092492552,215.092497161,10017530,-9999,1307330.4,19.63,-1,-0.021428577,0.999916685,0,0.599950011,3,0.5,1.6,O5,de-protonated,0,-9999,C10 H16 O5,10,16,5,-9999,-9999,-9999,-9999,-9999,-9999,-9999
224,215.128843,215.128887565,215.128882671,13097747,-9999,1250964.9,26.29,-1,0.022751946,0.999906077,0,0.599943646,2,0.363636364,1.818181818,O4,de-protonated,0,-9999,C11 H20 O4,11,20,4,-9999,-9999,-9999,-9999,-9999,-9999,-9999
225,217.071719,217.071764263,217.071761716,6832174,-9999,1379290.6,12.74,-1,0.011733091,0.999975021,0,0.599985013,3,0.666666667,1.555555556,O6,de-protonated,0,-9999,C9 H14 O6,9,14,6,-9999,-9999,-9999,-9999,-9999,-9999,-9999
226,217.108123,217.108168276,217.108147226,7249989.5,-9999,1294609.4,13.64,-1,0.096959294,0.998295636,0,0.598977382,2,0.5,1.8,O5,de-protonated,0,-9999,C10 H18 O5,10,18,5,-9999,-9999,-9999,-9999,-9999,-9999,-9999
227,221.058563,221.058609696,221.058434127,6756665,-9999,1232177.7,12.55,-1,0.794216832,0.891852721,0,0.535111633,2,0.625,1.875,P1 O5,de-protonated,0,-9999,C8 H15 O5 P1,8,15,5,-9999,1,-9999,-9999,-9999,-9999,-9999
228,221.131342,221.131388722,221.131205146,6658398.5,-9999,1237140,12.34,-1,0.830166773,0.882452569,0,0.529471541,0,0.3,2.3,P1 O3,de-protonated,0,-9999,C10 H23 O3 P1,10,23,3,-9999,1,-9999,-9999,-9999,-9999,-9999
229,222.090205,222.090252066,222.090068609,11684676,-9999,1190106.7,23.19,-1,0.826049777,0.883545044,0,0.530127026,1,0.5,2.25,N1 P1 O4,de-protonated,0,-9999,C8 H18 O4 N1 P1,8,18,4,1,1,-9999,-9999,-9999,-9999,-9999
231,223.074214,223.07426142,223.074084192,25619740,-9999,1181661.1,53.18,-1,0.794480901,0.891784834,0,0.5350709,1,0.625,2.125,P1 O5,de-protonated,0,-9999,C8 H17 O5 P1,8,17,5,-9999,1,-9999,-9999,-9999,-9999,-9999
232,223.110606,223.110653433,223.110469701,6901036.5,-9999,1335202.2,12.84,-1,0.823501584,0.884219178,0,0.530531507,0,0.444444444,2.333333333,P1 O4,de-protonated,0,-9999,C9 H21 O4 P1,9,21,4,-9999,1,-9999,-9999,-9999,-9999,-9999
233,225.019409,225.019457119,225.019332219,14741620,-9999,1270528.1,29.73,-1,0.555061351,0.945630774,0,0.567378464,11,0.307692308,0.461538462,O4,de-protonated,0,-9999,C13 H6 O4,13,6,4,-9999,-9999,-9999,-9999,-9999,-9999,-9999
235,227.016464,227.016512836,227.01657277,10691454,-9999,1142812.1,20.97,-1,-0.264006966,0.987432721,0,0.592459633,1,0.8,2.4,N2 S2 O4,de-protonated,0,-9999,C5 H12 O4 N2 S2,5,12,4,2,-9999,2,-9999,-9999,-9999,-9999
237,227.092447,227.092495864,227.092497161,12637082,-9999,1225894.2,25.15,-1,-0.005713468,0.999994077,0,0.599996446,4,0.454545455,1.454545455,O5,de-protonated,0,-9999,C11 H16 O5,11,16,5,-9999,-9999,-9999,-9999,-9999,-9999,-9999
238,227.128831,227.128879877,227.128882671,11023271,-9999,1242552.9,21.68,-1,-0.012300342,0.999972547,0,0.599983528,3,0.333333333,1.666666667,O4,de-protonated,0,-9999,C12 H20 O4,12,20,4,-9999,-9999,-9999,-9999,-9999,-9999,-9999
239,229.108104,229.108153588,229.108147226,7865927,-9999,1222114.7,14.89,-1,0.027769796,0.999860084,0,0.59991605,3,0.454545455,1.636363636,O5,de-protonated,0,-9999,C11 H18 O5,11,18,5,-9999,-9999,-9999,-9999,-9999,-9999,-9999
240,229.144488,229.144537601,229.144532735,19281490,-9999,1208366.1,39.45,-1,0.021235547,0.999918179,0,0.599950908,2,0.333333333,1.833333333,O4,de-protonated,0,-9999,C12 H22 O4,12,22,4,-9999,-9999,-9999,-9999,-9999,-9999,-9999
241,231.087351,231.087401299,231.087411781,7071887,-9999,1248235.9,13.18,-1,-0.045358045,0.999626766,0,0.599776059,3,0.6,1.6,O6,de-protonated,0,-9999,C10 H16 O6,10,16,6,-9999,-9999,-9999,-9999,-9999,-9999,-9999
242,233.154658,233.154709042,233.154703496,12638873,-9999,1246183.1,25.11,-1,0.023786855,0.999897339,0,0.599938403,5,0.133333333,1.466666667,O2,de-protonated,0,-9999,C15 H22 O2,15,22,2,-9999,-9999,-9999,-9999,-9999,-9999,-9999
243,235.074203,235.07425473200001,235.074084192,15391796,-9999,1205036.2,31.02,-1,0.725472299,0.908919936,0,0.545351961,2,0.555555556,1.888888889,P1 O5,de-protonated,0,-9999,C9 H17 O5 P1,9,17,5,-9999,1,-9999,-9999,-9999,-9999,-9999
244,235.146978,235.147029758,235.146855211,21969986,-9999,1128619.1,45.15,-1,0.742290108,0.904858006,0,0.542914804,0,0.272727273,2.272727273,P1 O3,de-protonated,0,-9999,C11 H25 O3 P1,11,25,3,-9999,1,-9999,-9999,-9999,-9999,-9999
246,237.05348,237.053532443,237.053348747,7642517.5,-9999,1337541.3,14.35,-1,0.774913276,0.896767877,0,0.538060726,2,0.75,1.875,P1 O6,de-protonated,0,-9999,C8 H15 O6 P1,8,15,6,-9999,1,-9999,-9999,-9999,-9999,-9999
247,237.089856,237.089908456,237.089734256,14736796,-9999,1185545.2,29.56,-1,0.734740826,0.906690611,0,0.544014367,1,0.555555556,2.111111111,P1 O5,de-protonated,0,-9999,C9 H19 O5 P1,9,19,5,-9999,1,-9999,-9999,-9999,-9999,-9999
249,238.962912,238.962965129,238.963080645,13860526,-9999,1168697.9,27.68,-1,-0.483405835,0.95848521,0,0.575091126,12,0.076923077,0.307692308,S2 O1,de-protonated,0,-9999,C13 H4 O1 S2,13,4,1,-9999,-9999,2,-9999,-9999,-9999,-9999
250,239.128829,239.128882188,239.128882671,23641796,-9999,1177872.3,48.65,-1,-0.002016163,0.999999262,0,0.599999557,4,0.307692308,1.538461538,O4,de-protonated,0,-9999,C13 H20 O4,13,20,4,-9999,-9999,-9999,-9999,-9999,-9999,-9999
251,241.136412,241.13646591,241.136290527,446857120,-9999,1100867.6,954.12,-1,0.727319965,0.908082656,0.999016878,0.944456345,3,0.153846154,1.769230769,P1 O2,de-protonated,0,-9999,C13 H23 O2 P1,13,23,2,-9999,1,-9999,-9999,-9999,-9999,-9999
252,242.139768,242.13982227,242.139645362,62259208,-9999,1117593.4,131.18,-1,0.730606,0.907687965,0.999016878,0.94421953,3,0.153846154,1.769230769,13C1 P1 O2,de-protonated,1,251,C12 H23 O2 P1 13C1,12,23,2,-9999,1,-9999,1,-9999,-9999,-9999
252,242.139768,242.13982227,242.139781707,62259208,-9999,1117593.4,131.18,-1,0.16751918,0.497460503,0.885121231,0.652524794,3,0.333333333,1.75,N1 O4,de-protonated,0,-9999,C12 H21 O4 N1,12,21,4,1,-9999,-9999,-9999,-9999,-9999,-9999
253,242.176111,242.176165283,242.176167217,32981004,-9999,1110378.8,68.54,-1,-0.00798276,0.999988437,0,0.599993062,2,0.230769231,1.923076923,N1 O3,de-protonated,0,-9999,C13 H25 O3 N1,13,25,3,1,-9999,-9999,-9999,-9999,-9999,-9999
254,243.123744,243.123798624,243.12379729,19316826,-9999,1114281.1,39.3,-1,0.005485656,0.99999454,0,0.599996724,3,0.416666667,1.666666667,O5,de-protonated,0,-9999,C12 H20 O5,12,20,5,-9999,-9999,-9999,-9999,-9999,-9999,-9999
256,243.160132,243.160186637,243.160182799,45187164,-9999,1135538.8,94.65,-1,0.01578144,0.499977405,0.876728111,0.650677687,2,0.307692308,1.846153846,O4,de-protonated,0,-9999,C13 H24 O4,13,24,4,-9999,-9999,-9999,-9999,-9999,-9999,-9999
258,245.103003,245.103058335,245.103061845,15778009,-9999,1162955.2,31.66,-1,-0.014321575,0.999962784,0,0.599977671,3,0.545454545,1.636363636,O6,de-protonated,0,-9999,C11 H18 O6,11,18,6,-9999,-9999,-9999,-9999,-9999,-9999,-9999
259,245.139377,245.139432348,245.139447355,7438554.5,-9999,1117865.2,13.86,-1,-0.061216352,0.999320263,0,0.599592158,2,0.416666667,1.833333333,O5,de-protonated,0,-9999,C12 H22 O5,12,22,5,-9999,-9999,-9999,-9999,-9999,-9999,-9999
260,247.074211,247.074267043,247.074084192,10740015,-9999,1161397.8,20.91,-1,0.740067014,0.905399227,0,0.543239536,3,0.5,1.7,P1 O5,de-protonated,0,-9999,C10 H17 O5 P1,10,17,5,-9999,1,-9999,-9999,-9999,-9999,-9999
261,247.110599,247.110655056,247.110469701,34390320,-9999,1085165.5,71.41,-1,0.750090048,0.902948828,0,0.541769297,2,0.363636364,1.909090909,P1 O4,de-protonated,0,-9999,C11 H21 O4 P1,11,21,4,-9999,1,-9999,-9999,-9999,-9999,-9999
262,247.118672,247.118728059,247.11871191,7201072.5,-9999,1264396,13.35,-1,0.065351242,0.999225372,0,0.599535223,2,0.545454545,1.818181818,O6,de-protonated,0,-9999,C11 H20 O6,11,20,6,-9999,-9999,-9999,-9999,-9999,-9999,-9999
264,249.089859,249.089915767,249.089734256,12697955,-9999,1133325.5,25.09,-1,0.72869783,0.908146701,0,0.544888021,2,0.5,1.9,P1 O5,de-protonated,0,-9999,C10 H19 O5 P1,10,19,5,-9999,1,-9999,-9999,-9999,-9999,-9999
266,249.126237,249.126293781,249.126119766,9372004,-9999,1079429.5,17.98,-1,0.698501104,0.915276108,0,0.549165665,1,0.363636364,2.090909091,P1 O4,de-protonated,0,-9999,C11 H23 O4 P1,11,23,4,-9999,1,-9999,-9999,-9999,-9999,-9999
267,249.149563,249.149619789,249.149618115,18350436,-9999,1110193.2,37.16,-1,0.00671673,0.999991814,0,0.599995088,5,0.2,1.466666667,O3,de-protonated,0,-9999,C15 H22 O3,15,22,3,-9999,-9999,-9999,-9999,-9999,-9999,-9999
268,249.152942,249.15299879,249.152989419,14254436,-9999,1130736.2,28.41,-1,0.037612893,0.999743332,0,0.599845999,0,0.25,2.166666667,S1 O3,de-protonated,0,-9999,C12 H26 O3 S1,12,26,3,-9999,-9999,1,-9999,-9999,-9999,-9999
269,249.162619,249.162675794,249.162505275,12673380,-9999,1095250.7,25.03,-1,0.684366982,0.918527923,0,0.551116754,0,0.25,2.25,P1 O3,de-protonated,0,-9999,C12 H27 O3 P1,12,27,3,-9999,1,-9999,-9999,-9999,-9999,-9999
271,251.069128,251.069185479,251.068998811,13877625,-9999,1136128.3,27.55,-1,0.74348963,0.904565438,0,0.542739263,2,0.666666667,1.888888889,P1 O6,de-protonated,0,-9999,C9 H17 O6 P1,9,17,6,-9999,1,-9999,-9999,-9999,-9999,-9999
272,251.105502,251.105559492,251.105384321,17777016,-9999,1178619.1,35.86,-1,0.697599204,0.915485245,0,0.549291147,1,0.5,2.1,P1 O5,de-protonated,0,-9999,C10 H21 O5 P1,10,21,5,-9999,1,-9999,-9999,-9999,-9999,-9999
273,251.141895,251.141952505,251.14176983,7594361,-9999,1042484.4,14.16,-1,0.727376583,0.90846377,0,0.545078262,0,0.363636364,2.272727273,P1 O4,de-protonated,0,-9999,C11 H25 O4 P1,11,25,4,-9999,1,-9999,-9999,-9999,-9999,-9999
275,252.978561,252.978619165,252.978730709,32604536,-9999,1110267.2,67.46,-1,-0.440925358,0.965338582,0,0.579203149,12,0.071428571,0.428571429,S2 O1,de-protonated,0,-9999,C14 H6 O1 S2,14,6,1,-9999,-9999,2,-9999,-9999,-9999,-9999
276,253.144472,253.144530224,253.144532735,18284918,-9999,1116982.8,36.94,-1,-0.009918108,0.999982151,0,0.599989291,4,0.285714286,1.571428571,O4,de-protonated,0,-9999,C14 H22 O4,14,22,4,-9999,-9999,-9999,-9999,-9999,-9999,-9999
277,255.123749,255.123807935,255.12379729,11485539,-9999,1127304.5,22.45,-1,0.041726159,0.999684135,0,0.599810481,4,0.384615385,1.538461538,O5,de-protonated,0,-9999,C13 H20 O5,13,20,5,-9999,-9999,-9999,-9999,-9999,-9999,-9999
278,255.160125,255.160183949,255.160182799,6738274,-9999,1256685.9,12.31,-1,0.004503273,0.99999632,0,0.599997792,3,0.285714286,1.714285714,O4,de-protonated,0,-9999,C14 H24 O4,14,24,4,-9999,-9999,-9999,-9999,-9999,-9999,-9999
279,255.232896,255.232954975,255.232953818,9970017,-9999,1143591.7,19.18,-1,0.004531166,0.999996275,0,0.599997765,1,0.125,2,O2,de-protonated,0,-9999,C16 H32 O2,16,32,2,-9999,-9999,-9999,-9999,-9999,-9999,-9999
281,257.103015,257.103074647,257.103061845,9863491,-9999,1046615.8,18.95,-1,0.049790862,0.999550266,0,0.59973016,4,0.5,1.5,O6,de-protonated,0,-9999,C12 H18 O6,12,18,6,-9999,-9999,-9999,-9999,-9999,-9999,-9999
282,257.13132,257.131379657,257.131205146,24576322,-9999,1149388.3,50.24,-1,0.678683449,0.919819981,0,0.55189198799999994,3,0.230769231,1.769230769,P1 O3,de-protonated,0,-9999,C13 H23 O3 P1,13,23,3,-9999,1,-9999,-9999,-9999,-9999,-9999
283,257.139397,257.13945666,257.139447355,10043714,-9999,1119052.4,19.34,-1,0.036187,0.999762421,0,0.599857453,3,0.384615385,1.692307692,O5,de-protonated,0,-9999,C13 H22 O5,13,22,5,-9999,-9999,-9999,-9999,-9999,-9999,-9999
284,257.175781,257.175840673,257.175832864,13263170,-9999,1153826.3,26.18,-1,0.030363771,0.999832726,0,0.599899635,2,0.285714286,1.857142857,O4,de-protonated,0,-9999,C14 H26 O4,14,26,4,-9999,-9999,-9999,-9999,-9999,-9999,-9999
285,259.074195,259.074255355,259.074084192,6865182,-9999,1151395.6,12.58,-1,0.660672082,0.923855041,0,0.554313025,4,0.454545455,1.545454545,P1 O5,de-protonated,0,-9999,C11 H17 O5 P1,11,17,5,-9999,1,-9999,-9999,-9999,-9999,-9999
286,259.110571,259.110631368,259.110469701,8167709.5,-9999,1067687.2,15.35,-1,0.623929766,0.931801136,0,0.559080682,3,0.333333333,1.75,P1 O4,de-protonated,0,-9999,C12 H21 O4 P1,12,21,4,-9999,1,-9999,-9999,-9999,-9999,-9999
287,259.118657,259.118717371,259.11871191,12566813,-9999,1074797.7,24.7,-1,0.021075861,0.999919405,0,0.599951643,3,0.5,1.666666667,O6,de-protonated,0,-9999,C12 H20 O6,12,20,6,-9999,-9999,-9999,-9999,-9999,-9999,-9999
290,261.089854,261.089915079,261.089734256,13631737,-9999,1049849.1,26.91,-1,0.692569504,0.91664747,0,0.549988482,3,0.454545455,1.727272727,P1 O5,de-protonated,0,-9999,C11 H19 O5 P1,11,19,5,-9999,1,-9999,-9999,-9999,-9999,-9999
291,261.126234,261.126295092,261.126119766,9748728,-9999,1008445.8,18.67,-1,0.671424633,0.921457088,0,0.552874253,2,0.333333333,1.916666667,P1 O4,de-protonated,0,-9999,C12 H23 O4 P1,12,23,4,-9999,1,-9999,-9999,-9999,-9999,-9999
292,261.134304,261.134365095,261.134361974,12091640,-9999,1073143.1,23.64,-1,0.011951391,0.999974083,0,0.59998445,2,0.5,1.833333333,O6,de-protonated,0,-9999,C12 H22 O6,12,22,6,-9999,-9999,-9999,-9999,-9999,-9999,-9999
294,262.975961,262.976022757,262.975967805,7061723,-9999,1076352.3,12.97,-1,0.20896302,0.992108249,0,0.595264949,9,0.083333333,0.75,S2 P1 O1,de-protonated,0,-9999,C12 H9 O1 P1 S2,12,9,1,-9999,1,2,-9999,-9999,-9999,-9999
295,263.069117,263.06917879,263.068998811,12370138,-9999,1125726.6,24.23,-1,0.684150677,0.91857726,0,0.551146356,3,0.6,1.7,P1 O6,de-protonated,0,-9999,C10 H17 O6 P1,10,17,6,-9999,1,-9999,-9999,-9999,-9999,-9999
296,263.105504,263.105565803,263.105384321,24543450,-9999,1038028.2,50.06,-1,0.689771356,0.917291038,0,0.550374623,2,0.454545455,1.909090909,P1 O5,de-protonated,0,-9999,C11 H21 O5 P1,11,21,5,-9999,1,-9999,-9999,-9999,-9999,-9999
297,263.141879,263.141940816,263.14176983,6643929,-9999,1077186.6,12.08,-1,0.649787669,0.926249175,0,0.555749505,1,0.333333333,2.083333333,P1 O4,de-protonated,0,-9999,C12 H25 O4 P1,12,25,4,-9999,1,-9999,-9999,-9999,-9999,-9999
298,263.178273,263.178334829,263.178155339,33030360,-9999,1018379.4,68.06,-1,0.682009506,0.919064943,0,0.551438966,0,0.230769231,2.230769231,P1 O3,de-protonated,0,-9999,C13 H29 O3 P1,13,29,3,-9999,1,-9999,-9999,-9999,-9999,-9999
299,264.137126,264.137188174,264.137018802,11059406,-9999,1066437.2,21.45,-1,0.641226564,0.928108598,0,0.556865159,1,0.363636364,2.181818182,N1 P1 O4,de-protonated,0,-9999,C11 H24 O4 N1 P1,11,24,4,1,1,-9999,-9999,-9999,-9999,-9999
302,265.084759,265.084821514,265.084648876,11280583,-9999,1010466.8,21.92,-1,0.651258387,0.92592764,0,0.555556584,2,0.6,1.9,P1 O6,de-protonated,0,-9999,C10 H19 O6 P1,10,19,6,-9999,1,-9999,-9999,-9999,-9999,-9999
303,265.121158,265.121220528,265.121034385,17907910,-9999,1057315.7,35.98,-1,0.702103209,0.914438619,0,0.548663171,1,0.454545455,2.090909091,P1 O5,de-protonated,0,-9999,C11 H23 O5 P1,11,23,5,-9999,1,-9999,-9999,-9999,-9999,-9999
304,265.14784,265.147902537,265.147904038,98861256,-9999,1021787.2,207.74,-1,-0.005661686,0.999976848,0.997900122,0.999146158,0,0.333333333,2.166666667,S1 O4,de-protonated,0,-9999,C12 H26 O4 S1,12,26,4,-9999,-9999,1,-9999,-9999,-9999,-9999
306,266.151192,266.151254898,266.151258873,12566724,-9999,1074595.4,24.65,-1,-0.01493792,0.999959512,0.997900122,0.999135756,0,0.333333333,2.166666667,13C1 S1 O4,de-protonated,1,304,C11 H26 O4 S1 13C1,11,26,4,-9999,-9999,1,1,-9999,-9999,-9999
306,266.151192,266.151254898,266.151015097,12566724,-9999,1074595.4,24.65,-1,0.900996577,0.8630358,0,0.51782148,5,0.230769231,1.615384615,N3 O3,de-protonated,0,-9999,C13 H21 O3 N3,13,21,3,3,-9999,-9999,-9999,-9999,-9999,-9999
309,266.994201,266.994264201,266.994380774,19120326,-9999,1132149.8,38.46,-1,-0.436613422,0.966001593,0,0.579600956,12,0.066666667,0.533333333,S2 O1,de-protonated,0,-9999,C15 H8 O1 S2,15,8,1,-9999,-9999,2,-9999,-9999,-9999,-9999
310,267.100425,267.100488239,267.10029894,7004358,-9999,1154857.6,12.81,-1,0.708716452,0.912891845,0,0.547735107,1,0.6,2.1,P1 O6,de-protonated,0,-9999,C10 H21 O6 P1,10,21,6,-9999,1,-9999,-9999,-9999,-9999,-9999
312,267.123727,267.123790247,267.12379729,10518726,-9999,1073415.9,20.25,-1,-0.026366169,0.999873869,0,0.599924322,5,0.357142857,1.428571429,O5,de-protonated,0,-9999,C14 H20 O5,14,20,5,-9999,-9999,-9999,-9999,-9999,-9999,-9999
314,269.08523,269.085293952,269.08530378,7221469.5,-9999,973306.2,13.27,-1,-0.036526062,0.999757949,0,0.599854769,5,0.307692308,1.384615385,S1 O4,de-protonated,0,-9999,C13 H18 O4 S1,13,18,4,-9999,-9999,1,-9999,-9999,-9999,-9999
315,269.103011,269.103074958,269.103061845,6799582,-9999,1215771.9,12.38,-1,0.048728625,0.999569247,0,0.599741548,5,0.461538462,1.384615385,O6,de-protonated,0,-9999,C13 H18 O6,13,18,6,-9999,-9999,-9999,-9999,-9999,-9999,-9999
316,269.139382,269.139445971,269.139447355,14811358,-9999,1044456.8,29.34,-1,-0.005139564,0.999995207,0,0.599997124,4,0.357142857,1.571428571,O5,de-protonated,0,-9999,C14 H22 O5,14,22,5,-9999,-9999,-9999,-9999,-9999,-9999,-9999
318,271.082272,271.08233666899997,271.0823264,7831827,-9999,1125625.6,14.57,-1,0.03788173,0.99973965,0,0.59984379,5,0.583333333,1.333333333,O7,de-protonated,0,-9999,C12 H16 O7,12,16,7,-9999,-9999,-9999,-9999,-9999,-9999,-9999
319,271.118648,271.118712682,271.11871191,9535764,-9999,1093366,18.17,-1,0.002850366,0.999998526,0,0.599999115,4,0.461538462,1.538461538,O6,de-protonated,0,-9999,C13 H20 O6,13,20,6,-9999,-9999,-9999,-9999,-9999,-9999,-9999
320,271.155033,271.155097696,271.155097419,9462038,-9999,953216.1,18.02,-1,0.001019751,0.999999811,0,0.599999887,3,0.357142857,1.714285714,O5,de-protonated,0,-9999,C14 H24 O5,14,24,5,-9999,-9999,-9999,-9999,-9999,-9999,-9999
321,271.19141,271.191474709,271.191482928,7246103,-9999,1013120.6,13.33,-1,-0.030309834,0.99983332,0,0.599899992,2,0.266666667,1.866666667,O4,de-protonated,0,-9999,C15 H28 O4,15,28,4,-9999,-9999,-9999,-9999,-9999,-9999,-9999
323,273.0979,273.097965394,273.097976465,8257901.5,-9999,1103479.5,15.42,-1,-0.040539189,0.999701847,0,0.599821108,4,0.583333333,1.5,O7,de-protonated,0,-9999,C12 H18 O7,12,18,7,-9999,-9999,-9999,-9999,-9999,-9999,-9999
324,273.126237,273.126302404,273.126119766,9961839,-9999,1024042.5,19.02,-1,0.668695294,0.922068838,0,0.553241303,3,0.307692308,1.769230769,P1 O4,de-protonated,0,-9999,C13 H23 O4 P1,13,23,4,-9999,1,-9999,-9999,-9999,-9999,-9999
325,273.134297,273.134362407,273.134361974,11280752,-9999,1002093.8,21.8,-1,0.001583678,0.999999545,0,0.599999727,3,0.461538462,1.692307692,O6,de-protonated,0,-9999,C13 H22 O6,13,22,6,-9999,-9999,-9999,-9999,-9999,-9999,-9999
326,273.170687,273.17075242,273.170747484,9175410,-9999,1156301.4,17.36,-1,0.018070317,0.999940752,0,0.599964451,2,0.357142857,1.857142857,O5,de-protonated,0,-9999,C14 H26 O5,14,26,5,-9999,-9999,-9999,-9999,-9999,-9999,-9999
328,275.105499,275.105565115,275.105384321,36012532,-9999,998248,74,-1,0.6571816,0.924626462,0,0.554775877,3,0.416666667,1.75,P1 O5,de-protonated,0,-9999,C12 H21 O5 P1,12,21,5,-9999,1,-9999,-9999,-9999,-9999,-9999
329,277.084754,277.084820826,277.084648876,13058725,-9999,1031255.3,25.56,-1,0.620569347,0.932508479,0,0.559505087,3,0.545454545,1.727272727,P1 O6,de-protonated,0,-9999,C11 H19 O6 P1,11,19,6,-9999,1,-9999,-9999,-9999,-9999,-9999
331,277.121148,277.121214839,277.121034385,19448488,-9999,978166.9,39.04,-1,0.651173833,0.925946142,0,0.555567685,2,0.416666667,1.916666667,P1 O5,de-protonated,0,-9999,C12 H23 O5 P1,12,23,5,-9999,1,-9999,-9999,-9999,-9999,-9999
332,277.157537,277.157603852,277.157419895,9478828,-9999,1022989.5,18,-1,0.663729987,0.923176397,0,0.553905838,1,0.307692308,2.076923077,P1 O4,de-protonated,0,-9999,C13 H27 O4 P1,13,27,4,-9999,1,-9999,-9999,-9999,-9999,-9999
333,277.193919,277.193985865,277.193805404,16646832,-9999,991409.9,33.13,-1,0.651029747,0.925977667,0,0.5555866,0,0.214285714,2.214285714,P1 O3,de-protonated,0,-9999,C14 H31 O3 P1,14,31,3,-9999,1,-9999,-9999,-9999,-9999,-9999
334,278.152778,278.15284521,278.152668867,86868760,-9999,975816.4,181.34,-1,0.633979479,0.932343248,0.988779774,0.954917858,1,0.333333333,2.166666667,N1 P1 O4,de-protonated,0,-9999,C12 H26 O4 N1 P1,12,26,4,1,1,-9999,-9999,-9999,-9999,-9999
335,279.100406,279.10047355,279.10029894,24249226,-9999,1007487.6,49.02,-1,0.625617424,0.931444659,0,0.558866796,2,0.545454545,1.909090909,P1 O6,de-protonated,0,-9999,C11 H21 O6 P1,11,21,6,-9999,1,-9999,-9999,-9999,-9999,-9999
337,279.136796,279.136863563,279.13668445,33784720,-9999,1005092.3,69.09,-1,0.641670354,0.928012724,0,0.556807634,1,0.416666667,2.083333333,P1 O5,de-protonated,0,-9999,C12 H25 O5 P1,12,25,5,-9999,1,-9999,-9999,-9999,-9999,-9999
338,279.156126,279.15619357,279.156023702,12534673,-9999,966927.6,24.37,-1,0.608507452,0.935020281,0.988779774,0.95652407800000006,1,0.333333333,2.166666667,13C1 N1 P1 O4,de-protonated,1,334,C11 H26 O4 N1 P1 13C1,11,26,4,1,1,-9999,1,-9999,-9999,-9999
338,279.156126,279.15619357,279.156160047,12534673,-9999,966927.6,24.37,-1,0.120086551,0.997386789,0,0.598432073,1,0.545454545,2.181818182,N2 O6,de-protonated,0,-9999,C11 H24 O6 N2,11,24,6,2,-9999,-9999,-9999,-9999,-9999,-9999
341,281.116065,281.116133275,281.115949005,21791902,-9999,1011134.6,43.85,-1,0.655493877,0.924998225,0,0.554998935,1,0.545454545,2.090909091,P1 O6,de-protonated,0,-9999,C11 H23 O6 P1,11,23,6,-9999,1,-9999,-9999,-9999,-9999,-9999
344,283.09533,283.095398986,283.09521356,9946585,-9999,992553.5,18.93,-1,0.654994578,0.925108053,0,0.555064832,1,0.7,2.1,P1 O7,de-protonated,0,-9999,C10 H21 O7 P1,10,21,7,-9999,1,-9999,-9999,-9999,-9999,-9999
345,283.100881,283.100949988,283.100953845,8635865,-9999,976008,16.17,-1,-0.013624877,0.999966317,0,0.59997979,5,0.285714286,1.428571429,S1 O4,de-protonated,0,-9999,C14 H20 O4 S1,14,20,4,-9999,-9999,1,-9999,-9999,-9999,-9999
347,283.118652,283.118720994,283.11871191,7349724.5,-9999,1075602.2,13.46,-1,0.032086998,0.999813202,0,0.599887921,5,0.428571429,1.428571429,O6,de-protonated,0,-9999,C14 H20 O6,14,20,6,-9999,-9999,-9999,-9999,-9999,-9999,-9999
348,283.137266,283.137335001,283.137339354,15074784,-9999,1013171.4,29.72,-1,-0.015375903,0.999957103,0,0.599974262,4,0.2,1.6,S1 O3,de-protonated,0,-9999,C15 H24 O3 S1,15,24,3,-9999,-9999,1,-9999,-9999,-9999,-9999
349,283.19142,283.19148902,283.191482928,6997481,-9999,1033699.6,12.72,-1,0.021511506,0.999916039,0,0.599949623,3,0.25,1.75,O4,de-protonated,0,-9999,C16 H28 O4,16,28,4,-9999,-9999,-9999,-9999,-9999,-9999,-9999
350,283.26418,283.264249046,283.264253947,11978229,-9999,1115108.2,23.2,-1,-0.017300742,0.999945691,0,0.599967415,1,0.111111111,2,O2,de-protonated,0,-9999,C18 H36 O2,18,36,2,-9999,-9999,-9999,-9999,-9999,-9999,-9999
352,285.089834,285.089903702,285.089734256,11822911,-9999,956637,22.8,-1,0.594360447,0.937911813,0,0.562747088,5,0.384615385,1.461538462,P1 O5,de-protonated,0,-9999,C13 H19 O5 P1,13,19,5,-9999,1,-9999,-9999,-9999,-9999,-9999
353,285.097899,285.097968705,285.097976465,9250625,-9999,1087708,17.41,-1,-0.027217066,0.999865598,0,0.599919359,5,0.538461538,1.384615385,O7,de-protonated,0,-9999,C13 H18 O7,13,18,7,-9999,-9999,-9999,-9999,-9999,-9999,-9999
354,285.126044,285.126113715,285.126119766,25986886,-9999,997541.7,52.51,-1,-0.021219654,0.999918302,0,0.599950981,4,0.285714286,1.642857143,P1 O4,de-protonated,0,-9999,C14 H23 O4 P1,14,23,4,-9999,1,-9999,-9999,-9999,-9999,-9999
355,285.134285,285.134354718,285.134361974,11249480,-9999,1019444.4,21.6,-1,-0.025446974,0.99988251,0,0.599929506,4,0.428571429,1.571428571,O6,de-protonated,0,-9999,C14 H22 O6,14,22,6,-9999,-9999,-9999,-9999,-9999,-9999,-9999
356,285.207062,285.207131745,285.207132993,12707669,-9999,1033705.9,24.66,-1,-0.004377021,0.999996524,0,0.599997914,2,0.25,1.875,O4,de-protonated,0,-9999,C16 H30 O4,16,30,4,-9999,-9999,-9999,-9999,-9999,-9999,-9999
357,287.105489,287.105559427,287.105384321,6858962,-9999,1019655.1,12.39,-1,0.609900905,0.934732281,0,0.560839368,4,0.384615385,1.615384615,P1 O5,de-protonated,0,-9999,C13 H21 O5 P1,13,21,5,-9999,1,-9999,-9999,-9999,-9999,-9999
358,287.11356,287.11363043,287.113626529,10455252,-9999,983909.3,19.93,-1,0.013584321,0.999966517,0,0.59997991,4,0.538461538,1.538461538,O7,de-protonated,0,-9999,C13 H20 O7,13,20,7,-9999,-9999,-9999,-9999,-9999,-9999,-9999
359,287.141895,287.14196544,287.14176983,12339418,-9999,1032886.6,23.88,-1,0.681229918,0.919242191,0,0.551545314,3,0.285714286,1.785714286,P1 O4,de-protonated,0,-9999,C14 H25 O4 P1,14,25,4,-9999,1,-9999,-9999,-9999,-9999,-9999
360,287.149948,287.150018443,287.150012039,16517339,-9999,1028688.7,32.65,-1,0.02230182,0.999909757,0,0.599945854,3,0.428571429,1.714285714,O6,de-protonated,0,-9999,C14 H24 O6,14,24,6,-9999,-9999,-9999,-9999,-9999,-9999,-9999
362,289.084747,289.084818138,289.084648876,7490179.5,-9999,1097382,13.71,-1,0.58550974,0.939690664,0,0.563814398,4,0.5,1.583333333,P1 O6,de-protonated,0,-9999,C12 H19 O6 P1,12,19,6,-9999,1,-9999,-9999,-9999,-9999,-9999
363,289.121141,289.121212151,289.121034385,69569160,-9999,958457.1,143.93,-1,0.614848396,0.939254811,0.987218929,0.958440458,3,0.384615385,1.769230769,P1 O5,de-protonated,0,-9999,C13 H23 O5 P1,13,23,5,-9999,1,-9999,-9999,-9999,-9999,-9999
364,290.12448,290.124551511,290.12438922,10955637,-9999,963786.2,20.98,-1,0.559384331,0.944804493,0.987218929,0.961770267,3,0.384615385,1.769230769,13C1 P1 O5,de-protonated,1,363,C12 H23 O5 P1 13C1,12,23,5,-9999,1,-9999,1,-9999,-9999,-9999
364,290.12448,290.124551511,290.124525566,10955637,-9999,963786.2,20.98,-1,0.089428556,0.998549923,0,0.599129954,3,0.583333333,1.75,N1 O7,de-protonated,0,-9999,C12 H21 O7 N1,12,21,7,1,-9999,-9999,-9999,-9999,-9999,-9999
365,291.100394,291.100465862,291.10029894,13618273,-9999,1005403.2,26.57,-1,0.573416266,0.942083417,0,0.56525005,3,0.5,1.75,P1 O6,de-protonated,0,-9999,C12 H21 O6 P1,12,21,6,-9999,1,-9999,-9999,-9999,-9999,-9999
367,291.13679,291.136861875,291.13668445,13593706,-9999,869350.8,26.51,-1,0.609422939,0.934831132,0,0.560898679,2,0.384615385,1.923076923,P1 O5,de-protonated,0,-9999,C13 H25 O5 P1,13,25,5,-9999,1,-9999,-9999,-9999,-9999,-9999
368,291.173153,291.173224888,291.173069959,8367219.5,-9999,1034765.9,15.55,-1,0.532085914,0.949926258,0,0.569955755,1,0.285714286,2.071428571,P1 O4,de-protonated,0,-9999,C14 H29 O4 P1,14,29,4,-9999,1,-9999,-9999,-9999,-9999,-9999
370,291.209558,291.209629901,291.209455468,1184795776,-9999,940688.9,2483.2,-1,0.598994353,0.702766269,0.985483125,0.815853011,0,0.2,2.2,P1 O3,de-protonated,0,-9999,C15 H33 O3 P1,15,33,3,-9999,1,-9999,-9999,-9999,-9999,-9999
371,292.132027,292.132099233,292.131933422,8277347.5,-9999,1009995.7,15.31,-1,0.567588636,0.943220742,0,0.565932445,2,0.416666667,2,N1 P1 O5,de-protonated,0,-9999,C12 H24 O5 N1 P1,12,24,5,1,1,-9999,-9999,-9999,-9999,-9999
372,292.212914,292.212986262,292.212810303,213290368,-9999,948112.7,443.92,-1,0.602157922,0.702604816,0.985483125,0.81575614,0,0.2,2.2,13C1 P1 O3,de-protonated,1,370,C14 H33 O3 P1 13C1,14,33,3,-9999,1,-9999,1,-9999,-9999,-9999
372,292.212914,292.212986262,292.212946649,213290368,-9999,948112.7,443.92,-1,0.135560861,0.996803064,0.939512103,0.97388668,0,0.357142857,2.214285714,N1 O5,de-protonated,0,-9999,C14 H31 O5 N1,14,31,5,1,-9999,-9999,-9999,-9999,-9999,-9999
373,293.079663,293.079735573,293.079563495,9342553,-9999,933022.6,17.54,-1,0.58713645,0.939365471,0,0.563619283,3,0.636363636,1.727272727,P1 O7,de-protonated,0,-9999,C11 H19 O7 P1,11,19,7,-9999,1,-9999,-9999,-9999,-9999,-9999
374,293.116047,293.116119586,293.115949005,16027234,-9999,983535.7,31.51,-1,0.581958839,0.940397772,0,0.564238663,2,0.5,1.916666667,P1 O6,de-protonated,0,-9999,C12 H23 O6 P1,12,23,6,-9999,1,-9999,-9999,-9999,-9999,-9999
375,293.152444,293.152516599,293.152334514,14225004,-9999,955407.6,27.74,-1,0.621128074,0.932391099,0,0.559434659,1,0.384615385,2.076923077,P1 O5,de-protonated,0,-9999,C13 H27 O5 P1,13,27,5,-9999,1,-9999,-9999,-9999,-9999,-9999
376,293.175762,293.175834608,293.175832864,90017392,-9999,936492,186.2,-1,0.005947773,0.99993414,0.996745228,0.998658575,5,0.235294118,1.529411765,O4,de-protonated,0,-9999,C17 H26 O4,17,26,4,-9999,-9999,-9999,-9999,-9999,-9999,-9999
377,293.179131,293.179203609,293.179204167,12815987,-9999,1041619.7,24.8,-1,-0.001904522,0.999999342,0,0.599999605,0,0.285714286,2.142857143,S1 O4,de-protonated,0,-9999,C14 H30 O4 S1,14,30,4,-9999,-9999,1,-9999,-9999,-9999,-9999
379,293.216267,293.216339622,293.216165139,16305789,-9999,944287,32.1,-1,0.595068477,0.702965597,0.985483125,0.815972608,0,0.2,2.2,13C2 P1 O3,de-protonated,1,370,C13 H33 O3 P1 13C2,13,33,3,-9999,1,-9999,2,-9999,-9999,-9999
379,293.216267,293.216339622,293.216301484,16305789,-9999,944287,32.1,-1,0.130068065,0.996935012,0.939512103,0.973965848,0,0.357142857,2.214285714,13C1 N1 O5,de-protonated,1,372,C13 H31 O5 N1 13C1,13,31,5,1,-9999,-9999,1,-9999,-9999,-9999
380,294.179107,294.179179968,294.179187699,16142206,-9999,945728.8,31.75,-1,-0.026279294,0.999874699,0.996745228,0.998622911,5,0.235294118,1.529411765,13C1 O4,de-protonated,1,376,C16 H26 O4 13C1,16,26,4,-9999,-9999,-9999,1,-9999,-9999,-9999
382,295.095313,295.095386297,295.09521356,13701242,-9999,970341.5,26.65,-1,0.585361797,0.9397202,0,0.56383212,2,0.636363636,1.909090909,P1 O7,de-protonated,0,-9999,C11 H21 O7 P1,11,21,7,-9999,1,-9999,-9999,-9999,-9999,-9999
383,295.131712,295.13178531,295.131599069,11153540,-9999,960921.9,21.32,-1,0.631044569,0.930292714,0,0.558175628,1,0.5,2.083333333,P1 O6,de-protonated,0,-9999,C12 H25 O6 P1,12,25,6,-9999,1,-9999,-9999,-9999,-9999,-9999
384,295.137275,295.137348312,295.137339354,16863366,-9999,942913.6,33.26,-1,0.030352485,0.99983285,0,0.59989971,5,0.1875,1.5,S1 O3,de-protonated,0,-9999,C16 H24 O3 S1,16,24,3,-9999,-9999,1,-9999,-9999,-9999,-9999
385,295.155028,295.155101319,295.155097419,7004298.5,-9999,943838.2,12.65,-1,0.013212681,0.999968324,0,0.599980994,5,0.3125,1.5,O5,de-protonated,0,-9999,C16 H24 O5,16,24,5,-9999,-9999,-9999,-9999,-9999,-9999,-9999
387,297.11096,297.111034022,297.110863624,12456634,-9999,949773.4,24.05,-1,0.573513978,0.94206426,0,0.565238556,1,0.636363636,2.090909091,P1 O7,de-protonated,0,-9999,C11 H23 O7 P1,11,23,7,-9999,1,-9999,-9999,-9999,-9999,-9999
388,297.116529,297.116603024,297.116603909,10285756,-9999,1041065.4,19.51,-1,-0.00298134,0.999998387,0,0.599999032,5,0.266666667,1.466666667,S1 O4,de-protonated,0,-9999,C15 H22 O4 S1,15,22,4,-9999,-9999,1,-9999,-9999,-9999,-9999
389,297.134292,297.13436603,297.134361974,6927041,-9999,901170,12.49,-1,0.01364984,0.999966193,0,0.599979716,5,0.4,1.466666667,O6,de-protonated,0,-9999,C15 H22 O6,15,22,6,-9999,-9999,-9999,-9999,-9999,-9999,-9999
391,297.152911,297.152985037,297.152989419,1231983360,-9999,930663,2573.63,-1,-0.014746894,0.999936538,0.984421719,0.99373061,4,0.1875,1.625,S1 O3,de-protonated,0,-9999,C16 H26 O3 S1,16,26,3,-9999,-9999,1,-9999,-9999,-9999,-9999
392,297.170657,297.170731043,297.170747484,7402188,-9999,1013031.5,13.48,-1,-0.055323236,0.999444801,0,0.599666881,4,0.3125,1.625,O5,de-protonated,0,-9999,C16 H26 O5,16,26,5,-9999,-9999,-9999,-9999,-9999,-9999,-9999
393,298.152305,298.152379396,298.152377154,10548208,-9999,928848.2,20.06,-1,0.00751831,0.99994071,0.984421719,0.993733114,4,0.1875,1.625,33S1 O3,de-protonated,1,391,C16 H26 O3 33S1,16,26,3,-9999,-9999,-9999,-9999,-9999,1,-9999
394,298.156266,298.156340397,298.156344254,232166384,-9999,915925.2,483.38,-1,-0.012934975,0.999937838,0.984421719,0.99373139,4,0.1875,1.625,13C1 S1 O3,de-protonated,1,391,C15 H26 O3 S1 13C1,15,26,3,-9999,-9999,1,1,-9999,-9999,-9999
394,298.156266,298.156340397,298.156100477,232166384,-9999,915925.2,483.38,-1,0.804680014,0.444574779,0.844689208,0.604620551,9,0.117647059,1.235294118,N3 O2,de-protonated,0,-9999,C17 H21 O2 N3,17,21,2,3,-9999,-9999,-9999,-9999,-9999,-9999
396,299.148711,299.148785754,299.148785248,61183264,-9999,919946.4,125.48,-1,0.001689507,0.999942101,0.984421719,0.993733948,4,0.1875,1.625,34S1 O3,de-protonated,1,391,C16 H26 O3 34S1,16,26,3,-9999,-9999,-9999,-9999,-9999,-9999,1
397,299.149926,299.150000754,299.150012039,9336095,-9999,985559.5,17.46,-1,-0.037721541,0.999741847,0,0.599845108,4,0.4,1.6,O6,de-protonated,0,-9999,C15 H24 O6,15,24,6,-9999,-9999,-9999,-9999,-9999,-9999,-9999
398,299.157149,299.157223757,299.157025971,9016609,-9999,1046763.4,16.79,-1,0.661142406,0.923750833,0,0.5542505,8,0.052631579,1.315789474,P1 O1,de-protonated,0,-9999,C19 H25 O1 P1,19,25,1,-9999,1,-9999,-9999,-9999,-9999,-9999
398,299.157149,299.157223757,299.157234412,9016609,-9999,1046763.4,16.79,-1,-0.035617538,0.999909295,0.984421719,0.993714265,4,0.1875,1.625,S1 O2 18O1,de-protonated,1,391,C16 H26 O2 S1 18O1,16,26,2,-9999,-9999,1,-9999,1,-9999,-9999
399,299.159623,299.159697758,299.159699089,19879202,-9999,1007563.4,39.43,-1,-0.004449814,0.999941662,0.984421719,0.993733685,4,0.1875,1.625,13C2 S1 O3,de-protonated,1,391,C14 H26 O3 S1 13C2,14,26,3,-9999,-9999,1,2,-9999,-9999,-9999
400,299.186319,299.186393767,299.186397548,19404074,-9999,971783.8,38.44,-1,-0.012636514,0.999971026,0,0.599982616,3,0.3125,1.75,O5,de-protonated,0,-9999,C16 H28 O5,16,28,5,-9999,-9999,-9999,-9999,-9999,-9999,-9999
401,300.152073,300.152148114,300.152140083,10442326,-9999,987888.2,19.76,-1,0.026755949,0.99992362,0.984421719,0.993722859,4,0.1875,1.625,13C1 34S1 O3,de-protonated,1,391,C15 H26 O3 13C1 34S1,15,26,3,-9999,-9999,-9999,1,-9999,-9999,1
401,300.152073,300.152148114,300.152274944,10442326,-9999,987888.2,19.76,-1,-0.422549936,0.968121792,0,0.580873075,8,0.055555556,1.333333333,N1 P1 O1,de-protonated,0,-9999,C18 H24 O1 N1 P1,18,24,1,1,1,-9999,-9999,-9999,-9999,-9999
402,301.129214,301.129289465,301.129276594,10262412,-9999,983576.7,19.39,-1,0.042744617,0.99966853,0,0.599801118,4,0.5,1.571428571,O7,de-protonated,0,-9999,C14 H22 O7,14,22,7,-9999,-9999,-9999,-9999,-9999,-9999,-9999
403,301.165575,301.165650478,301.165662103,7632792,-9999,1008228.6,13.91,-1,-0.038598789,0.999729702,0,0.599837821,3,0.4,1.733333333,O6,de-protonated,0,-9999,C15 H26 O6,15,26,6,-9999,-9999,-9999,-9999,-9999,-9999,-9999
404,301.201961,301.202036492,301.202047612,20174756,-9999,933464.1,40.04,-1,-0.036921749,0.999752677,0,0.599851606,2,0.3125,1.875,O5,de-protonated,0,-9999,C16 H30 O5,16,30,5,-9999,-9999,-9999,-9999,-9999,-9999,-9999
405,302.124471,302.124546823,302.124525566,7207118,-9999,1037636,13.02,-1,0.070358587,0.999102172,0,0.599461303,4,0.538461538,1.615384615,N1 O7,de-protonated,0,-9999,C13 H21 O7 N1,13,21,7,1,-9999,-9999,-9999,-9999,-9999,-9999
406,303.100402,303.100478174,303.10029894,12171791,-9999,947609.9,23.36,-1,0.591333267,0.938522851,0,0.56311371,4,0.461538462,1.615384615,P1 O6,de-protonated,0,-9999,C13 H21 O6 P1,13,21,6,-9999,1,-9999,-9999,-9999,-9999,-9999
407,303.108446,303.108522177,303.108541149,6920721.5,-9999,969920.8,12.42,-1,-0.062592461,0.99928937,0,0.599573622,4,0.615384615,1.538461538,O8,de-protonated,0,-9999,C13 H20 O8,13,20,8,-9999,-9999,-9999,-9999,-9999,-9999,-9999
408,303.136802,303.136878187,303.13668445,10811931,-9999,951060.3,20.53,-1,0.639107797,0.928565545,0,0.557139327,3,0.357142857,1.785714286,P1 O5,de-protonated,0,-9999,C14 H25 O5 P1,14,25,5,-9999,1,-9999,-9999,-9999,-9999,-9999
409,303.173183,303.1732592,303.173069959,7232039,-9999,1014815,13.07,-1,0.624200364,0.931744035,0,0.559046421,2,0.266666667,1.933333333,P1 O4,de-protonated,0,-9999,C15 H29 O4 P1,15,29,4,-9999,1,-9999,-9999,-9999,-9999,-9999
410,305.116051,305.116127898,305.115949005,18177208,-9999,919451.7,35.88,-1,0.586311729,0.939530438,0,0.563718263,3,0.461538462,1.769230769,P1 O6,de-protonated,0,-9999,C13 H23 O6 P1,13,23,6,-9999,1,-9999,-9999,-9999,-9999,-9999
411,305.152429,305.152505911,305.152334514,11009220,-9999,958537.8,20.94,-1,0.561676124,0.944364142,0,0.566618485,2,0.357142857,1.928571429,P1 O5,de-protonated,0,-9999,C14 H27 O5 P1,14,27,5,-9999,1,-9999,-9999,-9999,-9999,-9999
412,305.188816,305.188892924,305.188720024,30842064,-9999,921702.9,62.26,-1,0.566536353,0.943425013,0,0.566055008,1,0.266666667,2.066666667,P1 O4,de-protonated,0,-9999,C15 H31 O4 P1,15,31,4,-9999,1,-9999,-9999,-9999,-9999,-9999
413,305.225205,305.225281937,305.225105533,20159708,-9999,948859.3,40.01,-1,0.577947966,0.941191937,0,0.564715162,0,0.1875,2.1875,P1 O3,de-protonated,0,-9999,C16 H35 O3 P1,16,35,3,-9999,1,-9999,-9999,-9999,-9999,-9999
415,307.095319,307.095396609,307.09521356,11083624,-9999,899427.1,21.02,-1,0.596066299,0.937566288,0,0.562539773,3,0.583333333,1.75,P1 O7,de-protonated,0,-9999,C12 H21 O7 P1,12,21,7,-9999,1,-9999,-9999,-9999,-9999,-9999
416,307.13172,307.131797622,307.131599069,13672309,-9999,911788.7,26.39,-1,0.646474791,0.926971195,0,0.556182717,2,0.461538462,1.923076923,P1 O6,de-protonated,0,-9999,C13 H25 O6 P1,13,25,6,-9999,1,-9999,-9999,-9999,-9999,-9999
417,307.168068,307.168145635,307.167984579,10928002,-9999,913082.6,20.7,-1,0.524327255,0.951340055,0,0.570804033,1,0.357142857,2.071428571,P1 O5,de-protonated,0,-9999,C14 H29 O5 P1,14,29,5,-9999,1,-9999,-9999,-9999,-9999,-9999
419,307.204461,307.204538648,307.204370088,16326543,-9999,925998.9,31.9,-1,0.548690998,0.946837997,0,0.568102798,0,0.266666667,2.2,P1 O4,de-protonated,0,-9999,C15 H33 O4 P1,15,33,4,-9999,1,-9999,-9999,-9999,-9999,-9999
420,309.101247,309.10132533,309.101347768,9658933,-9999,873836.1,18.06,-1,-0.072592262,0.999044288,0,0.599426573,2,0.583333333,1.833333333,S1 O7,de-protonated,0,-9999,C12 H22 O7 S1,12,22,7,-9999,-9999,1,-9999,-9999,-9999,-9999
421,309.110951,309.111029333,309.110863624,14623289,-9999,900957.4,28.36,-1,0.536082326,0.949190753,0,0.569514452,2,0.583333333,1.916666667,P1 O7,de-protonated,0,-9999,C12 H23 O7 P1,12,23,7,-9999,1,-9999,-9999,-9999,-9999,-9999
422,309.147334,309.147412346,309.147249134,13083206,-9999,987297.2,25.17,-1,0.527944511,0.950683234,0,0.570409941,1,0.461538462,2.076923077,P1 O6,de-protonated,0,-9999,C13 H27 O6 P1,13,27,6,-9999,1,-9999,-9999,-9999,-9999,-9999
423,309.152903,309.152981348,309.152989419,33628744,-9999,885336.5,67.82,-1,-0.026105023,0.499938178,0.844689208,0.63783859,5,0.176470588,1.529411765,S1 O3,de-protonated,0,-9999,C17 H26 O3 S1,17,26,3,-9999,-9999,1,-9999,-9999,-9999,-9999
424,309.170658,309.170736355,309.170747484,162439760,-9999,891716.5,335.21,-1,-0.035995664,0.999732695,0.991197915,0.996318783,5,0.294117647,1.529411765,O5,de-protonated,0,-9999,C17 H26 O5,17,26,5,-9999,-9999,-9999,-9999,-9999,-9999,-9999
426,310.174011,310.174089715,310.174102319,31892412,-9999,915424.6,64.21,-1,-0.040633206,0.999700463,0.991197915,0.996299443,5,0.294117647,1.529411765,13C1 O5,de-protonated,1,424,C16 H26 O5 13C1,16,26,5,-9999,-9999,-9999,1,-9999,-9999,-9999
428,311.040786,311.040865027,311.040855511,9037051,-9999,894881.5,16.77,-1,0.030594299,0.999830176,0,0.599898106,8,0.692307692,0.923076923,O9,de-protonated,0,-9999,C13 H12 O9,13,12,9,-9999,-9999,-9999,-9999,-9999,-9999,-9999
428,311.040786,311.040865027,311.040693319,9037051,-9999,894881.5,16.77,-1,0.552041616,0.946204578,0,0.567722747,3,0.375,2.125,N4 S2 P1 O3,de-protonated,0,-9999,C8 H17 O3 N4 P1 S2,8,17,3,4,1,2,-9999,-9999,-9999,-9999
429,311.113536,311.113615053,311.113626529,6808854,-9999,838965.7,12.14,-1,-0.036888399,0.999753123,0,0.599851874,6,0.466666667,1.333333333,O7,de-protonated,0,-9999,C15 H20 O7,15,20,7,-9999,-9999,-9999,-9999,-9999,-9999,-9999
429,311.113536,311.113615053,311.11346433800003,6808854,-9999,838965.7,12.14,-1,0.484436913,0.958311671,0,0.574987003,1,0.1,2.5,N4 S2 P1 O1,de-protonated,0,-9999,C10 H25 O1 N4 P1 S2,10,25,1,4,1,2,-9999,-9999,-9999,-9999
430,311.126629,311.126708057,311.126513689,6776091,-9999,1079569.7,12.07,-1,0.624725448,0.931633171,0,0.558979902,1,0.583333333,2.083333333,P1 O7,de-protonated,0,-9999,C12 H25 O7 P1,12,25,7,-9999,1,-9999,-9999,-9999,-9999,-9999
431,311.132163,311.132242059,311.132253974,13526301,-9999,896415.6,26.09,-1,-0.038293687,0.999733958,0,0.599840375,5,0.25,1.5,S1 O4,de-protonated,0,-9999,C16 H24 O4 S1,16,24,4,-9999,-9999,1,-9999,-9999,-9999,-9999
432,311.141858,311.141937063,311.14176983,7652640.5,-9999,968774.7,13.89,-1,0.537481138,0.948932149,0,0.569359289,5,0.25,1.5625,P1 O4,de-protonated,0,-9999,C16 H25 O4 P1,16,25,4,-9999,1,-9999,-9999,-9999,-9999,-9999
433,311.16855,311.168629073,311.168639483,3402540288,-9999,891250.4,7061.09,-1,-0.033456704,0.999943853,0.987451126,0.994946762,4,0.176470588,1.647058824,S1 O3,de-protonated,0,-9999,C17 H28 O3 S1,17,28,3,-9999,-9999,1,-9999,-9999,-9999,-9999
434,311.186316,311.186395079,311.186397548,17851696,-9999,952393.9,35.06,-1,-0.00793426,0.999988577,0,0.599993146,4,0.294117647,1.647058824,O5,de-protonated,0,-9999,C17 H28 O5,17,28,5,-9999,-9999,-9999,-9999,-9999,-9999,-9999
435,312.167954,312.168033432,312.168027219,29173406,-9999,872819.4,58.57,-1,0.019902782,0.999962598,0.987451126,0.994958009,4,0.176470588,1.647058824,33S1 O3,de-protonated,1,433,C17 H28 O3 33S1,17,28,3,-9999,-9999,-9999,-9999,-9999,1,-9999
436,312.171909,312.171988433,312.171994318,665757312,-9999,878742.2,1380,-1,-0.018852546,0.999963653,0.987451126,0.994958642,4,0.176470588,1.647058824,13C1 S1 O3,de-protonated,1,433,C16 H28 O3 S1 13C1,16,28,3,-9999,-9999,1,1,-9999,-9999,-9999
436,312.171909,312.171988433,312.171750541,665757312,-9999,878742.2,1380,-1,0.762053782,0.224997424,0.817299992,0.461918451,9,0.111111111,1.277777778,N3 O2,de-protonated,0,-9999,C18 H23 O2 N3,18,23,2,3,-9999,-9999,-9999,-9999,-9999,-9999
437,312.174839,312.174918434,312.175121845,12682913,-9999,813761.3,24.33,-1,-0.651591334,0.925854764,0,0.555512859,4,0.133333333,1.8,N3 S1 O2,de-protonated,0,-9999,C15 H27 O2 N3 S1,15,27,2,3,-9999,1,-9999,-9999,-9999,-9999
438,313.129201,313.129280777,313.129276594,7219207.5,-9999,951498.2,12.99,-1,0.013359631,0.999967616,0,0.599980569,5,0.466666667,1.466666667,O7,de-protonated,0,-9999,C15 H22 O7,15,22,7,-9999,-9999,-9999,-9999,-9999,-9999,-9999
439,313.147816,313.147895784,313.147904038,11626511,-9999,916766.8,22.14,-1,-0.026360164,0.999873927,0,0.599924356,4,0.25,1.625,S1 O4,de-protonated,0,-9999,C16 H26 O4 S1,16,26,4,-9999,-9999,1,-9999,-9999,-9999,-9999
440,313.164355,313.16443479,313.164435313,170043408,-9999,881827.4,350.99,-1,-0.001670616,0.999972793,0.987451126,0.994964126,4,0.176470588,1.647058824,34S1 O3,de-protonated,1,433,C17 H28 O3 34S1,17,28,3,-9999,-9999,-9999,-9999,-9999,-9999,1
441,313.172802,313.172881793,313.172676036,22177816,-9999,888450,44.04,-1,0.657007534,0.924664842,0,0.554798905,8,0.05,1.35,P1 O1,de-protonated,0,-9999,C20 H27 O1 P1,20,27,1,-9999,1,-9999,-9999,-9999,-9999,-9999
441,313.172802,313.172881793,313.172884477,22177816,-9999,888450,44.04,-1,-0.008569811,0.999970962,0.987451126,0.99496302700000006,4,0.176470588,1.647058824,S1 O2 18O1,de-protonated,1,433,C17 H28 O2 S1 18O1,17,28,2,-9999,-9999,1,-9999,1,-9999,-9999
442,313.175267,313.175346794,313.175349153,61253656,-9999,882522,125.16,-1,-0.007535065,0.999971394,0.987451126,0.994963287,4,0.176470588,1.647058824,13C2 S1 O3,de-protonated,1,433,C15 H28 O3 S1 13C2,15,28,3,-9999,-9999,1,2,-9999,-9999,-9999
443,314.167714,314.16779415,314.167790148,26290578,-9999,880003.1,52.38,-1,0.012739252,0.999968659,0.987451126,0.994961646,4,0.176470588,1.647058824,13C1 34S1 O3,de-protonated,1,433,C16 H28 O3 13C1 34S1,16,28,3,-9999,-9999,-9999,1,-9999,-9999,1
443,314.167714,314.16779415,314.167925008,26290578,-9999,880003.1,52.38,-1,-0.416522206,0.969010658,0,0.581406395,8,0.052631579,1.368421053,N1 P1 O1,de-protonated,0,-9999,C19 H26 O1 N1 P1,19,26,1,1,1,-9999,-9999,-9999,-9999,-9999
446,315.136786,315.136866498,315.13668445,7023363.5,-9999,885606,12.54,-1,0.577681567,0.941244514,0,0.564746708,4,0.333333333,1.666666667,P1 O5,de-protonated,0,-9999,C15 H25 O5 P1,15,25,5,-9999,1,-9999,-9999,-9999,-9999,-9999
447,315.144842,315.144922501,315.144926658,7981830.5,-9999,983683.5,14.52,-1,-0.013190572,0.99996843,0,0.599981058,4,0.466666667,1.6,O7,de-protonated,0,-9999,C15 H24 O7,15,24,7,-9999,-9999,-9999,-9999,-9999,-9999,-9999
448,315.181232,315.181312514,315.181312168,9095956,-9999,918502.6,16.82,-1,0.001100266,0.99999978,0,0.599999868,3,0.375,1.75,O6,de-protonated,0,-9999,C16 H28 O6,16,28,6,-9999,-9999,-9999,-9999,-9999,-9999,-9999
449,315.209555,315.209635524,315.209455468,7179039.5,-9999,907210,12.86,-1,0.571226836,0.942511909,0,0.565507145,2,0.176470588,1.941176471,P1 O3,de-protonated,0,-9999,C17 H33 O3 P1,17,33,3,-9999,1,-9999,-9999,-9999,-9999,-9999
450,316.140085,316.140165859,316.14017563,12643462,-9999,959154.3,24.16,-1,-0.030908908,0.999826666,0,0.599896,4,0.5,1.642857143,N1 O7,de-protonated,0,-9999,C14 H23 O7 N1,14,23,7,1,-9999,-9999,-9999,-9999,-9999,-9999
451,317.116067,317.11614821,317.115949005,10055168,-9999,949190.1,18.8,-1,0.628176245,0.930902596,0,0.558541557,4,0.428571429,1.642857143,P1 O6,de-protonated,0,-9999,C14 H23 O6 P1,14,23,6,-9999,1,-9999,-9999,-9999,-9999,-9999
452,317.152426,317.152507223,317.152334514,9096718,-9999,818170.1,16.82,-1,0.544559825,0.947614245,0,0.568568547,3,0.333333333,1.8,P1 O5,de-protonated,0,-9999,C15 H27 O5 P1,15,27,5,-9999,1,-9999,-9999,-9999,-9999,-9999
453,317.225197,317.225278249,317.225105533,62369324,-9999,875552.3,126.99,-1,0.544458379,0.951334218,0.95078628,0.951115043,1,0.176470588,2.058823529,P1 O3,de-protonated,0,-9999,C17 H35 O3 P1,17,35,3,-9999,1,-9999,-9999,-9999,-9999,-9999
454,318.228539,318.228620609,318.228460368,16035762,-9999,886201.1,31.17,-1,0.503541703,0.955035196,0.95078628,0.953335629,1,0.176470588,2.058823529,13C1 P1 O3,de-protonated,1,453,C16 H35 O3 P1 13C1,16,35,3,-9999,1,-9999,1,-9999,-9999,-9999
454,318.228539,318.228620609,318.228596714,16035762,-9999,886201.1,31.17,-1,0.075089672,0.998977432,0,0.599386459,1,0.3125,2.0625,N1 O5,de-protonated,0,-9999,C16 H33 O5 N1,16,33,5,1,-9999,-9999,-9999,-9999,-9999,-9999
456,319.131652,319.131733934,319.131599069,12398868,-9999,891086.9,23.65,-1,0.422598241,0.968114621,0,0.580868772,3,0.428571429,1.785714286,P1 O6,de-protonated,0,-9999,C14 H25 O6 P1,14,25,6,-9999,1,-9999,-9999,-9999,-9999,-9999
457,319.168065,319.168146947,319.167984579,11383074,-9999,918911.6,21.55,-1,0.508723286,0.954126699,0,0.57247602,2,0.333333333,1.933333333,P1 O5,de-protonated,0,-9999,C15 H29 O5 P1,15,29,5,-9999,1,-9999,-9999,-9999,-9999,-9999
459,319.23913,319.239211972,319.239101827,24326462,-9999,1166789.5,48.31,-1,0.345024463,0.978631617,0,0.58717897,5,0.105263158,1.684210526,N2 O2,de-protonated,0,-9999,C19 H32 O2 N2,19,32,2,2,-9999,-9999,-9999,-9999,-9999,-9999
460,319.240839,319.240920973,319.240755597,1651421440,-9999,858059.3,3413.02,-1,0.518027949,0.714759453,0.981162647,0.82132073,0,0.176470588,2.176470588,P1 O3,de-protonated,0,-9999,C17 H37 O3 P1,17,37,3,-9999,1,-9999,-9999,-9999,-9999,-9999
461,320.244196,320.244278333,320.244110432,341750464,-9999,861507.7,704.72,-1,0.524290901,0.714477569,0.981162647,0.8211516,0,0.176470588,2.176470588,13C1 P1 O3,de-protonated,1,460,C16 H37 O3 P1 13C1,16,37,3,-9999,1,-9999,1,-9999,-9999,-9999
461,320.244196,320.244278333,320.244246778,341750464,-9999,861507.7,704.72,-1,0.098535582,0.998567209,0.937762903,0.974245487,0,0.3125,2.1875,N1 O5,de-protonated,0,-9999,C16 H35 O5 N1,16,35,5,1,-9999,-9999,-9999,-9999,-9999,-9999
463,321.11096,321.111042645,321.110863624,9696289,-9999,970958.5,18.06,-1,0.557503762,0.945164638,0,0.567098783,3,0.538461538,1.769230769,P1 O7,de-protonated,0,-9999,C13 H23 O7 P1,13,23,7,-9999,1,-9999,-9999,-9999,-9999,-9999
464,321.14733,321.147412658,321.147249134,10695727,-9999,918241.9,20.13,-1,0.50918771,0.954044859,0,0.572426916,2,0.428571429,1.928571429,P1 O6,de-protonated,0,-9999,C14 H27 O6 P1,14,27,6,-9999,1,-9999,-9999,-9999,-9999,-9999
465,321.174043,321.174125668,321.174118787,9319482,-9999,914640.3,17.28,-1,0.021423677,0.999916723,0,0.599950034,1,0.333333333,2,S1 O5,de-protonated,0,-9999,C15 H30 O5 S1,15,30,5,-9999,-9999,1,-9999,-9999,-9999,-9999
466,321.18371,321.183792671,321.183634643,15545406,-9999,873218.4,30.15,-1,0.492017453,0.957025434,0,0.57421526,1,0.333333333,2.066666667,P1 O5,de-protonated,0,-9999,C15 H31 O5 P1,15,31,5,-9999,1,-9999,-9999,-9999,-9999,-9999
468,321.247544,321.247626694,321.247465267,31863896,-9999,871018.1,63.9,-1,0.502498937,0.715445162,0.981162647,0.821732156,0,0.176470588,2.176470588,13C2 P1 O3,de-protonated,1,460,C15 H37 O3 P1 13C2,15,37,3,-9999,1,-9999,2,-9999,-9999,-9999
468,321.247544,321.247626694,321.247601613,31863896,-9999,871018.1,63.9,-1,0.078073391,0.998894599,0.937762903,0.974441921,0,0.3125,2.1875,13C1 N1 O5,de-protonated,1,461,C15 H35 O5 N1 13C1,15,35,5,1,-9999,-9999,1,-9999,-9999,-9999
469,322.10619,322.106273002,322.106112597,11007404,-9999,940097.1,20.69,-1,0.497990873,0.955999059,0,0.573599435,3,0.583333333,1.833333333,N1 P1 O7,de-protonated,0,-9999,C12 H22 O7 N1 P1,12,22,7,1,1,-9999,-9999,-9999,-9999,-9999
472,323.126585,323.126668369,323.126513689,16463682,-9999,873414,31.92,-1,0.478698803,0.959273139,0,0.575563883,2,0.538461538,1.923076923,P1 O7,de-protonated,0,-9999,C13 H25 O7 P1,13,25,7,-9999,1,-9999,-9999,-9999,-9999,-9999
473,323.162999,323.163082382,323.162899198,12711761,-9999,882955.1,24.2,-1,0.566847276,0.943364691,0,0.566018815,1,0.428571429,2.071428571,P1 O6,de-protonated,0,-9999,C14 H29 O6 P1,14,29,6,-9999,1,-9999,-9999,-9999,-9999,-9999
474,323.168543,323.168626384,323.168639483,47626068,-9999,857002.7,96.11,-1,-0.040533137,0.999411241,0.985900372,0.994006893,5,0.166666667,1.555555556,S1 O3,de-protonated,0,-9999,C18 H28 O3 S1,18,28,3,-9999,-9999,1,-9999,-9999,-9999,-9999
475,323.199353,323.199436395,323.199284708,8394591,-9999,872363.4,15.3,-1,0.469331859,0.960820054,0,0.576492032,0,0.333333333,2.2,P1 O5,de-protonated,0,-9999,C15 H33 O5 P1,15,33,5,-9999,1,-9999,-9999,-9999,-9999,-9999
477,324.171888,324.171971745,324.171994318,8329443.5,-9999,918222.3,15.17,-1,-0.069634651,0.999120545,0.985900372,0.993832476,5,0.166666667,1.555555556,13C1 S1 O3,de-protonated,1,474,C17 H28 O3 S1 13C1,17,28,3,-9999,-9999,1,1,-9999,-9999,-9999
477,324.171888,324.171971745,324.171750541,8329443.5,-9999,918222.3,15.17,-1,0.682364506,0.918984175,0,0.551390505,10,0.105263158,1.210526316,N3 O2,de-protonated,0,-9999,C19 H23 O2 N3,19,23,2,3,-9999,-9999,-9999,-9999,-9999,-9999
481,325.105832,325.10591608,325.105778244,7060056.5,-9999,960320.5,12.55,-1,0.423973749,0.967910088,0,0.580746053,2,0.666666667,1.916666667,P1 O8,de-protonated,0,-9999,C12 H23 O8 P1,12,23,8,-9999,1,-9999,-9999,-9999,-9999,-9999
482,325.142251,325.142335093,325.142163753,11434599,-9999,885772,21.56,-1,0.526969647,0.95086065,0,0.57051639,1,0.538461538,2.076923077,P1 O7,de-protonated,0,-9999,C13 H27 O7 P1,13,27,7,-9999,1,-9999,-9999,-9999,-9999,-9999
483,325.147832,325.147916095,325.147904038,14645866,-9999,900748,28.18,-1,0.037081637,0.999750531,0,0.599850318,5,0.235294118,1.529411765,S1 O4,de-protonated,0,-9999,C17 H26 O4 S1,17,26,4,-9999,-9999,1,-9999,-9999,-9999,-9999
484,325.159995,325.1600791,325.159788876,7002734.5,-9999,838558.2,12.44,-1,0.892556295,0.865409634,0,0.51924578,14,0.041666667,0.916666667,O1,de-protonated,0,-9999,C24 H22 O1,24,22,1,-9999,-9999,-9999,-9999,-9999,-9999,-9999
485,325.165569,325.165653102,325.165662103,12122737,-9999,882207.6,22.98,-1,-0.027682353,0.999860963,0,0.599916578,5,0.352941176,1.529411765,O6,de-protonated,0,-9999,C17 H26 O6,17,26,6,-9999,-9999,-9999,-9999,-9999,-9999,-9999
487,325.184193,325.184277108,325.184289548,3985553920,-9999,839779.8,8206.84,-1,-0.038252982,0.999926367,0.98396795,0.993543,4,0.166666667,1.666666667,S1 O3,de-protonated,0,-9999,C18 H30 O3 S1,18,30,3,-9999,-9999,1,-9999,-9999,-9999,-9999
488,325.201962,325.202046115,325.202047612,10943103,-9999,944659.3,20.55,-1,-0.004605213,0.999996152,0,0.599997691,4,0.277777778,1.666666667,O5,de-protonated,0,-9999,C18 H30 O5,18,30,5,-9999,-9999,-9999,-9999,-9999,-9999,-9999
489,326.183591,326.183675468,326.183677283,33963016,-9999,839070.1,67.96,-1,-0.005566134,0.999963489,0.98396795,0.993565273,4,0.166666667,1.666666667,33S1 O3,de-protonated,1,487,C18 H30 O3 33S1,18,30,3,-9999,-9999,-9999,-9999,-9999,1,-9999
490,326.187552,326.187636469,326.187644383,844020736,-9999,842855.6,1736.4,-1,-0.024261583,0.999949035,0.98396795,0.993556601,4,0.166666667,1.666666667,13C1 S1 O3,de-protonated,1,487,C17 H30 O3 S1 13C1,17,30,3,-9999,-9999,1,1,-9999,-9999,-9999
490,326.187552,326.187636469,326.187400606,844020736,-9999,842855.6,1736.4,-1,0.723090686,0.22737227,0.808758984,0.459926956,9,0.105263158,1.315789474,N3 O2,de-protonated,0,-9999,C19 H25 O2 N3,19,25,2,3,-9999,-9999,-9999,-9999,-9999,-9999
491,326.19045,326.19053447,326.190771909,15662091,-9999,791593.2,30.27,-1,-0.727915158,0.90833458,0,0.545000748,4,0.125,1.8125,N3 S1 O2,de-protonated,0,-9999,C16 H29 O2 N3 S1,16,29,2,3,-9999,1,-9999,-9999,-9999,-9999
493,327.108464,327.1085488,327.108541149,7036282.5,-9999,1012916.5,12.5,-1,0.023389723,0.999900738,0,0.599940443,6,0.533333333,1.333333333,O8,de-protonated,0,-9999,C15 H20 O8,15,20,8,-9999,-9999,-9999,-9999,-9999,-9999,-9999
493,327.108464,327.1085488,327.108378958,7036282.5,-9999,1012916.5,12.5,-1,0.519223349,0.952259902,0,0.571355941,1,0.2,2.5,N4 S2 P1 O2,de-protonated,0,-9999,C10 H25 O2 N4 P1 S2,10,25,2,4,1,2,-9999,-9999,-9999,-9999
494,327.144824,327.144908813,327.144926658,10927497,-9999,921818,20.52,-1,-0.05454863,0.999460236,0,0.599676141,5,0.4375,1.5,O7,de-protonated,0,-9999,C16 H24 O7,16,24,7,-9999,-9999,-9999,-9999,-9999,-9999,-9999
495,327.163464,327.16354882,327.163554103,33701264,-9999,849715.6,67.42,-1,-0.01614856,0.499976342,0.844689208,0.637861488,4,0.235294118,1.647058824,S1 O4,de-protonated,0,-9999,C17 H28 O4 S1,17,28,4,-9999,-9999,1,-9999,-9999,-9999,-9999
496,327.179999,327.180083826,327.180085377,200981904,-9999,836830.7,411.96,-1,-0.004742859,0.999963709,0.98396795,0.993565405,4,0.166666667,1.666666667,34S1 O3,de-protonated,1,487,C18 H30 O3 34S1,18,30,3,-9999,-9999,-9999,-9999,-9999,-9999,1
497,327.188442,327.188526829,327.1883261,26361242,-9999,860001.3,52.31,-1,0.613494426,0.93398694,0,0.560392164,8,0.047619048,1.380952381,P1 O1,de-protonated,0,-9999,C21 H29 O1 P1,21,29,1,-9999,1,-9999,-9999,-9999,-9999,-9999
497,327.188442,327.188526829,327.188534541,26361242,-9999,860001.3,52.31,-1,-0.023571809,0.99994989,0.98396795,0.993557114,4,0.166666667,1.666666667,S1 O2 18O1,de-protonated,1,487,C18 H30 O2 S1 18O1,18,30,2,-9999,-9999,1,-9999,1,-9999,-9999
498,327.19091,327.190994829,327.190999218,79347096,-9999,842494.7,161.44,-1,-0.013412315,0.999959629,0.98396795,0.993562957,4,0.166666667,1.666666667,13C2 S1 O3,de-protonated,1,487,C16 H30 O3 S1 13C2,16,30,3,-9999,-9999,1,2,-9999,-9999,-9999
499,327.191356,327.19144083,327.191697404,7028123.5,-9999,1962027.3,12.49,-1,-0.784170444,0.894422498,0,0.536653499,3,0.055555556,1.833333333,S1 P1 O1,de-protonated,0,-9999,C18 H33 O1 P1 S1,18,33,1,-9999,1,1,-9999,-9999,-9999,-9999
500,327.217611,327.217695839,327.217697677,19676582,-9999,871369.7,38.54,-1,-0.005616612,0.999994276,0,0.599996566,3,0.277777778,1.777777778,O5,de-protonated,0,-9999,C18 H32 O5,18,32,5,-9999,-9999,-9999,-9999,-9999,-9999,-9999
501,328.183355,328.183440186,328.183440212,38551336,-9999,848523.7,77.41,-1,-8.0229e-5,0.999964292,0.98396795,0.993565755,4,0.166666667,1.666666667,13C1 34S1 O3,de-protonated,1,487,C17 H30 O3 13C1 34S1,17,30,3,-9999,-9999,-9999,1,-9999,-9999,1
501,328.183355,328.183440186,328.183575073,38551336,-9999,848523.7,77.41,-1,-0.411009326,0.484906561,0.822155738,0.619806232,8,0.05,1.4,N1 P1 O1,de-protonated,0,-9999,C20 H28 O1 N1 P1,20,28,1,1,1,-9999,-9999,-9999,-9999,-9999
502,328.191807,328.191892189,328.191817281,6897452,-9999,968861.9,12.22,-1,0.228244682,0.990591852,0,0.594355111,8,0.15,1.35,N1 O3,de-protonated,0,-9999,C20 H27 O3 N1,20,27,3,1,-9999,-9999,-9999,-9999,-9999,-9999
505,329.152425,329.152510534,329.152334514,352239776,-9999,833312.9,723.5,-1,0.534767771,0.950813688,0.99587602,0.968838621,4,0.3125,1.6875,P1 O5,de-protonated,0,-9999,C16 H27 O5 P1,16,27,5,-9999,1,-9999,-9999,-9999,-9999,-9999
506,329.188813,329.188898547,329.188720024,12255419,-9999,897929.2,23.25,-1,0.542314404,0.948033964,0,0.568820379,3,0.235294118,1.823529412,P1 O4,de-protonated,0,-9999,C17 H31 O4 P1,17,31,4,-9999,1,-9999,-9999,-9999,-9999,-9999
507,329.233252,329.233337563,329.233347741,19464396,-9999,871784.1,38.1,-1,-0.030914512,0.999826603,0,0.599895962,2,0.277777778,1.888888889,O5,de-protonated,0,-9999,C18 H34 O5,18,34,5,-9999,-9999,-9999,-9999,-9999,-9999,-9999
508,330.155775,330.155860895,330.155689349,62964284,-9999,839988.5,127.69,-1,0.519589705,0.952194146,0.99587602,0.969666895,4,0.3125,1.6875,13C1 P1 O5,de-protonated,1,505,C15 H27 O5 P1 13C1,15,27,5,-9999,1,-9999,1,-9999,-9999,-9999
508,330.155775,330.155860895,330.155825695,62964284,-9999,839988.5,127.69,-1,0.106615951,0.498969803,0.860410506,0.643546084,4,0.466666667,1.666666667,N1 O7,de-protonated,0,-9999,C15 H25 O7 N1,15,25,7,1,-9999,-9999,-9999,-9999,-9999,-9999
510,331.095305,331.095391232,331.09521356,6955956.5,-9999,988196.3,12.28,-1,0.536620212,0.949091383,0,0.56945483,5,0.5,1.5,P1 O7,de-protonated,0,-9999,C14 H21 O7 P1,14,21,7,-9999,1,-9999,-9999,-9999,-9999,-9999
511,331.131694,331.131780245,331.131599069,11133891,-9999,848821.8,20.86,-1,0.547142311,0.947129608,0,0.568277765,4,0.4,1.666666667,P1 O6,de-protonated,0,-9999,C15 H25 O6 P1,15,25,6,-9999,1,-9999,-9999,-9999,-9999,-9999
513,331.20444,331.204526272,331.204370088,12338144,-9999,904395.3,23.33,-1,0.471562456,0.960454227,0,0.576272536,2,0.235294118,1.941176471,P1 O4,de-protonated,0,-9999,C17 H33 O4 P1,17,33,4,-9999,1,-9999,-9999,-9999,-9999,-9999
515,333.110947,333.111033957,333.110863624,45139668,-9999,827142.3,90.62,-1,0.511337723,0.958910446,0.963303525,0.960667677,4,0.5,1.642857143,P1 O7,de-protonated,0,-9999,C14 H23 O7 P1,14,23,7,-9999,1,-9999,-9999,-9999,-9999,-9999
516,333.147331,333.14741797,333.147249134,26363620,-9999,845587.4,52.1,-1,0.506790538,0.954466558,0,0.572679935,3,0.4,1.8,P1 O6,de-protonated,0,-9999,C15 H27 O6 P1,15,27,6,-9999,1,-9999,-9999,-9999,-9999,-9999
517,333.220104,333.220190996,333.220020152,30263040,-9999,872544.1,60.1,-1,0.512704252,0.953422986,0,0.572053792,1,0.235294118,2.058823529,P1 O4,de-protonated,0,-9999,C17 H35 O4 P1,17,35,4,-9999,1,-9999,-9999,-9999,-9999,-9999
518,333.256503,333.256590009,333.256405662,13584143,-9999,836682.5,25.88,-1,0.55316881,0.945990716,0,0.56759443,0,0.166666667,2.166666667,P1 O3,de-protonated,0,-9999,C18 H39 O3 P1,18,39,3,-9999,1,-9999,-9999,-9999,-9999,-9999
519,334.114281,334.114368317,334.11421845900003,9128034,-9999,879682.2,16.74,-1,0.448522013,0.964155785,0.963303525,0.963814881,4,0.5,1.642857143,13C1 P1 O7,de-protonated,1,515,C13 H23 O7 P1 13C1,13,23,7,-9999,1,-9999,1,-9999,-9999,-9999
519,334.114281,334.114368317,334.114354805,9128034,-9999,879682.2,16.74,-1,0.040441129,0.999703287,0,0.599821972,4,0.692307692,1.615384615,N1 O9,de-protonated,0,-9999,C13 H21 O9 N1,13,21,9,1,-9999,-9999,-9999,-9999,-9999,-9999
520,334.223436,334.223523356,334.223511333,7358605,-9999,932098.5,13.11,-1,0.035973327,0.999765218,0,0.599859131,1,0.375,2.0625,N1 O6,de-protonated,0,-9999,C16 H33 O6 N1,16,33,6,1,-9999,-9999,-9999,-9999,-9999,-9999
521,335.107991,335.108078674,335.107753302,15796713,-9999,826691.3,30.42,-1,0.970946127,0.842772457,0,0.505663474,17,0.083333333,0.666666667,O2,de-protonated,0,-9999,C24 H16 O2,24,16,2,-9999,-9999,-9999,-9999,-9999,-9999,-9999
522,335.126595,335.126682681,335.126513689,14928368,-9999,830378.6,28.64,-1,0.504263055,0.954909225,0,0.572945535,3,0.5,1.785714286,P1 O7,de-protonated,0,-9999,C14 H25 O7 P1,14,25,7,-9999,1,-9999,-9999,-9999,-9999,-9999
523,335.144359,335.144446687,335.144138812,8677879,-9999,839787.3,15.81,-1,0.918635467,0.858024234,0,0.51481454,16,0.04,0.8,O1,de-protonated,0,-9999,C25 H20 O1,25,20,1,-9999,-9999,-9999,-9999,-9999,-9999,-9999
525,335.162972,335.163059694,335.162899198,16763390,-9999,811552.1,32.4,-1,0.47885861,0.959246504,0,0.575547902,2,0.4,1.933333333,P1 O6,de-protonated,0,-9999,C15 H29 O6 P1,15,29,6,-9999,1,-9999,-9999,-9999,-9999,-9999
526,335.199365,335.199452707,335.199284708,8079884.5,-9999,932046.8,14.59,-1,0.501192496,0.955444304,0,0.573266583,1,0.3125,2.0625,P1 O5,de-protonated,0,-9999,C16 H33 O5 P1,16,33,5,-9999,1,-9999,-9999,-9999,-9999,-9999
528,335.235736,335.23582372,335.235670217,17156634,-9999,875456,33.21,-1,0.457896036,0.962670462,0,0.577602277,0,0.235294118,2.176470588,P1 O4,de-protonated,0,-9999,C17 H37 O4 P1,17,37,4,-9999,1,-9999,-9999,-9999,-9999,-9999
529,336.158232,336.158320051,336.15814817,25643908,-9999,830185.1,50.62,-1,0.511310053,0.953670003,0,0.572202002,2,0.428571429,2,N1 P1 O6,de-protonated,0,-9999,C14 H28 O6 N1 P1,14,28,6,1,1,-9999,-9999,-9999,-9999,-9999
530,337.056409,337.056497374,337.056505575,17616098,-9999,827034,34.15,-1,-0.024330881,0.99989259,0,0.599935554,9,0.6,0.933333333,O9,de-protonated,0,-9999,C15 H14 O9,15,14,9,-9999,-9999,-9999,-9999,-9999,-9999,-9999
530,337.056409,337.056497374,337.056343384,17616098,-9999,827034,34.15,-1,0.456868566,0.962834653,0,0.577700792,4,0.3,1.9,N4 S2 P1 O3,de-protonated,0,-9999,C10 H19 O3 N4 P1 S2,10,19,3,4,1,2,-9999,-9999,-9999,-9999
531,337.10587,337.105958392,337.105778244,10087669,-9999,893189.4,18.7,-1,0.534395972,0.949501713,0,0.569701028,3,0.615384615,1.769230769,P1 O8,de-protonated,0,-9999,C13 H23 O8 P1,13,23,8,-9999,1,-9999,-9999,-9999,-9999,-9999
532,337.142235,337.142323405,337.142163753,14257411,-9999,884808,27.26,-1,0.473544111,0.960127891,0,0.576076735,2,0.5,1.928571429,P1 O7,de-protonated,0,-9999,C14 H27 O7 P1,14,27,7,-9999,1,-9999,-9999,-9999,-9999,-9999
533,337.178635,337.178723418,337.178549263,15600913,-9999,871254.2,30.01,-1,0.51650799,0.952745967,0,0.57164758,1,0.4,2.066666667,P1 O6,de-protonated,0,-9999,C15 H31 O6 P1,15,31,6,-9999,1,-9999,-9999,-9999,-9999,-9999
534,337.184194,337.18428242,337.184289548,32066836,-9999,832698.1,63.79,-1,-0.021138671,0.999949169,0.990777963,0.996280687,5,0.157894737,1.578947368,S1 O3,de-protonated,0,-9999,C19 H30 O3 S1,19,30,3,-9999,-9999,1,-9999,-9999,-9999,-9999
535,337.21501,337.215098431,337.214934772,8080671.5,-9999,868865.3,14.59,-1,0.485325878,0.95816178,0,0.574897068,0,0.3125,2.1875,P1 O5,de-protonated,0,-9999,C16 H35 O5 P1,16,35,5,-9999,1,-9999,-9999,-9999,-9999,-9999
536,338.155266,338.155354769,338.155037849,8760971,-9999,915583.5,15.98,-1,0.937204613,0.852675774,0,0.511605464,15,0.041666667,0.875,N1 O1,de-protonated,0,-9999,C24 H21 O1 N1,24,21,1,1,-9999,-9999,-9999,-9999,-9999,-9999
537,338.187552,338.187640781,338.187644383,7024279.5,-9999,866313.3,12.42,-1,-0.010651448,0.999979414,0.990777963,0.996298834,5,0.157894737,1.578947368,13C1 S1 O3,de-protonated,1,534,C18 H30 O3 S1 13C1,18,30,3,-9999,-9999,1,1,-9999,-9999,-9999
537,338.187552,338.187640781,338.187400606,7024279.5,-9999,866313.3,12.42,-1,0.710182318,0.912547387,0,0.547528432,10,0.1,1.25,N3 O2,de-protonated,0,-9999,C20 H25 O2 N3,20,25,2,3,-9999,-9999,-9999,-9999,-9999,-9999
538,339.121496,339.121585116,339.121428308,11063295,-9999,865535.1,20.7,-1,0.462394052,0.961947669,0,0.577168602,2,0.615384615,1.923076923,P1 O8,de-protonated,0,-9999,C13 H25 O8 P1,13,25,8,-9999,1,-9999,-9999,-9999,-9999,-9999
539,339.157872,339.157961129,339.157813818,9089037,-9999,880992.8,16.65,-1,0.434344854,0.966347978,0,0.579808787,1,0.5,2.071428571,P1 O7,de-protonated,0,-9999,C14 H29 O7 P1,14,29,7,-9999,1,-9999,-9999,-9999,-9999,-9999
540,339.163438,339.163527131,339.163554103,16781326,-9999,847757.8,32.43,-1,-0.079523842,0.998853169,0,0.599311901,5,0.222222222,1.555555556,S1 O4,de-protonated,0,-9999,C18 H28 O4 S1,18,28,4,-9999,-9999,1,-9999,-9999,-9999,-9999
542,339.199836,339.199925144,339.199939612,2309935104,-9999,811275,4736.74,-1,-0.042652899,0.999725148,0.986557136,0.994457943,4,0.157894737,1.684210526,S1 O3,de-protonated,0,-9999,C19 H32 O3 S1,19,32,3,-9999,-9999,1,-9999,-9999,-9999,-9999
543,340.199245,340.199334503,340.199327348,18813338,-9999,827538,36.47,-1,0.021034228,0.99976083,0.986557136,0.994479353,4,0.157894737,1.684210526,33S1 O3,de-protonated,1,542,C19 H32 O3 33S1,19,32,3,-9999,-9999,-9999,-9999,-9999,1,-9999
544,340.203194,340.203283505,340.203294447,505860512,-9999,803813.1,1031.93,-1,-0.03216435899999999,0.999745484,0.986557136,0.994470145,4,0.157894737,1.684210526,13C1 S1 O3,de-protonated,1,542,C18 H32 O3 S1 13C1,18,32,3,-9999,-9999,1,1,-9999,-9999,-9999
544,340.203194,340.203283505,340.20305067,505860512,-9999,803813.1,1031.93,-1,0.684398563,0.306173573,0.807401767,0.506664851,9,0.1,1.35,N3 O2,de-protonated,0,-9999,C20 H27 O2 N3,20,27,2,3,-9999,-9999,-9999,-9999,-9999,-9999
545,340.206104,340.206193506,340.206421974,11022748,-9999,794897.4,20.54,-1,-0.671556387,0.921427504,0,0.552856502,4,0.117647059,1.823529412,N3 S1 O2,de-protonated,0,-9999,C17 H31 O2 N3 S1,17,31,2,3,-9999,1,-9999,-9999,-9999,-9999
546,341.137163,341.13725284,341.137078373,13964028,-9999,898353.7,26.56,-1,0.511429329,0.953648894,0,0.572189336,1,0.615384615,2.076923077,P1 O8,de-protonated,0,-9999,C13 H27 O8 P1,13,27,8,-9999,1,-9999,-9999,-9999,-9999,-9999
547,341.16048,341.160569849,341.160576723,11768581,-9999,867931.8,22.07,-1,-0.020148562,0.999926341,0,0.599955805,5,0.411764706,1.529411765,O7,de-protonated,0,-9999,C17 H26 O7,17,26,7,-9999,-9999,-9999,-9999,-9999,-9999,-9999
548,341.179105,341.179194855,341.179204167,38720268,-9999,840660.1,77.15,-1,-0.027293026,0.998581315,0.993754025,0.996650399,4,0.222222222,1.666666667,S1 O4,de-protonated,0,-9999,C18 H30 O4 S1,18,30,4,-9999,-9999,1,-9999,-9999,-9999,-9999
549,341.195634,341.195723861,341.195735442,112775952,-9999,806927.6,228.51,-1,-0.03394052999999999,0.999742441,0.986557136,0.994468319,4,0.157894737,1.684210526,34S1 O3,de-protonated,1,542,C19 H32 O3 34S1,19,32,3,-9999,-9999,-9999,-9999,-9999,-9999,1
550,341.204075,341.204164864,341.203976165,15258390,-9999,854055.3,29.2,-1,0.553040504,0.946015079,0,0.567609048,8,0.045454545,1.409090909,P1 O1,de-protonated,0,-9999,C22 H31 O1 P1,22,31,1,-9999,1,-9999,-9999,-9999,-9999,-9999
550,341.204075,341.204164864,341.204184605,15258390,-9999,854055.3,29.2,-1,-0.057856914,0.999685555,0.986557136,0.994434188,4,0.157894737,1.684210526,S1 O2 18O1,de-protonated,1,542,C19 H32 O2 S1 18O1,19,32,2,-9999,-9999,1,-9999,1,-9999,-9999
550,341.204075,341.204164864,341.204172869,15258390,-9999,854055.3,29.2,-1,-0.023460648,0.999900135,0,0.599940081,0,0.583333333,2.5,N4 O7,de-protonated,0,-9999,C12 H30 O7 N4,12,30,7,4,-9999,-9999,-9999,-9999,-9999,-9999
551,341.206551,341.206640865,341.206649282,52220696,-9999,813777.1,104.75,-1,-0.024668281,0.999756526,0.986557136,0.99447677,4,0.157894737,1.684210526,13C2 S1 O3,de-protonated,1,542,C17 H32 O3 S1 13C2,17,32,3,-9999,-9999,1,2,-9999,-9999,-9999
552,342.182427,342.182517216,342.182559002,7885956,-9999,806519.8,14.13,-1,-0.122117229,0.997297783,0.993754025,0.99588028,4,0.222222222,1.666666667,13C1 S1 O4,de-protonated,1,548,C17 H30 O4 S1 13C1,17,30,4,-9999,-9999,1,1,-9999,-9999,-9999
552,342.182427,342.182517216,342.182315225,7885956,-9999,806519.8,14.13,-1,0.590300857,0.93873062,0,0.563238372,9,0.157894737,1.315789474,N3 O3,de-protonated,0,-9999,C19 H25 O3 N3,19,25,3,3,-9999,-9999,-9999,-9999,-9999,-9999
553,342.198984,342.199074222,342.199090277,25908362,-9999,794454.9,50.97,-1,-0.046916919,0.999715252,0.986557136,0.994452006,4,0.157894737,1.684210526,13C1 34S1 O3,de-protonated,1,542,C18 H32 O3 13C1 34S1,18,32,3,-9999,-9999,-9999,1,-9999,-9999,1
553,342.198984,342.199074222,342.199225137,25908362,-9999,794454.9,50.97,-1,-0.441015338,0.965324682,0,0.579194809,8,0.047619048,1.428571429,N1 P1 O1,de-protonated,0,-9999,C21 H30 O1 N1 P1,21,30,1,1,1,-9999,-9999,-9999,-9999,-9999
555,343.066953,343.067043534,343.067070259,8238541,-9999,731028,14.85,-1,-0.077901102,0.99889947,0,0.599339682,7,0.714285714,1.142857143,O10,de-protonated,0,-9999,C14 H16 O10,14,16,10,-9999,-9999,-9999,-9999,-9999,-9999,-9999
555,343.066953,343.067043534,343.066908068,8238541,-9999,731028,14.85,-1,0.39486766,0.972104894,0,0.583262937,2,0.444444444,2.333333333,N4 S2 P1 O4,de-protonated,0,-9999,C9 H21 O4 N4 P1 S2,9,21,4,4,1,2,-9999,-9999,-9999,-9999
556,343.131666,343.131756557,343.131599069,11163109,-9999,856249.7,20.83,-1,0.458971833,0.962498185,0,0.577498911,5,0.375,1.5625,P1 O6,de-protonated,0,-9999,C16 H25 O6 P1,16,25,6,-9999,1,-9999,-9999,-9999,-9999,-9999
557,343.139725,343.13981556,343.139841278,8140264,-9999,906190.5,14.65,-1,-0.074948614,0.998981269,0,0.599388761,5,0.5,1.5,O8,de-protonated,0,-9999,C16 H24 O8,16,24,8,-9999,-9999,-9999,-9999,-9999,-9999,-9999
558,343.158375,343.158465567,343.158468722,12146159,-9999,873802.9,22.84,-1,-0.009196231,0.999984655,0,0.599990793,4,0.294117647,1.647058824,S1 O5,de-protonated,0,-9999,C17 H28 O5 S1,17,28,5,-9999,-9999,1,-9999,-9999,-9999,-9999
559,343.168067,343.16815757,343.167984579,22205938,-9999,827470.8,43.4,-1,0.504101419,0.954937466,0,0.57296248,4,0.294117647,1.705882353,P1 O5,de-protonated,0,-9999,C17 H29 O5 P1,17,29,5,-9999,1,-9999,-9999,-9999,-9999,-9999
560,343.176144,343.176234573,343.176226787,8820213,-9999,932382.4,16.04,-1,0.022687702,0.999906607,0,0.599943964,4,0.411764706,1.647058824,O7,de-protonated,0,-9999,C17 H28 O7,17,28,7,-9999,-9999,-9999,-9999,-9999,-9999,-9999
561,343.212519,343.212609586,343.212612296,21911042,-9999,824826.1,42.8,-1,-0.007897147,0.999988684,0,0.59999321,3,0.333333333,1.777777778,O6,de-protonated,0,-9999,C18 H32 O6,18,32,6,-9999,-9999,-9999,-9999,-9999,-9999,-9999
564,345.147328,345.147419281,345.147249134,526833856,-9999,795141.3,1074.8,-1,0.492970793,0.718246695,0.989720056,0.82683604,4,0.375,1.6875,P1 O6,de-protonated,0,-9999,C16 H27 O6 P1,16,27,6,-9999,1,-9999,-9999,-9999,-9999,-9999
565,345.155377,345.155468284,345.155491342,7657674.5,-9999,829462,13.66,-1,-0.06680492,0.999190541,0,0.599514325,4,0.5,1.625,O8,de-protonated,0,-9999,C16 H26 O8,16,26,8,-9999,-9999,-9999,-9999,-9999,-9999,-9999
566,345.183701,345.183792294,345.183634643,22370516,-9999,819410.1,43.73,-1,0.456716994,0.962858845,0,0.577715307,3,0.294117647,1.823529412,P1 O5,de-protonated,0,-9999,C17 H31 O5 P1,17,31,5,-9999,1,-9999,-9999,-9999,-9999,-9999
567,345.228181,345.22827231,345.228262361,9844965,-9999,777048.3,18.13,-1,0.028819697,0.999849305,0,0.599909583,2,0.333333333,1.888888889,O6,de-protonated,0,-9999,C18 H34 O6,18,34,6,-9999,-9999,-9999,-9999,-9999,-9999,-9999
568,346.150682,346.150773642,346.150603969,93116976,-9999,807315.9,188.33,-1,0.490170896,0.718366207,0.989720056,0.826907747,4,0.375,1.6875,13C1 P1 O6,de-protonated,1,564,C15 H27 O6 P1 13C1,15,27,6,-9999,1,-9999,1,-9999,-9999,-9999
568,346.150682,346.150773642,346.150740314,93116976,-9999,807315.9,188.33,-1,0.096279822,0.998443639,0.947609605,0.978110025,4,0.533333333,1.666666667,N1 O8,de-protonated,0,-9999,C15 H25 O8 N1,15,25,8,1,-9999,-9999,-9999,-9999,-9999,-9999
569,346.259799,346.259890681,346.259896842,22534746,-9999,818476.4,44.07,-1,-0.017794473,0.999942547,0,0.599965528,1,0.277777778,2.055555556,N1 O5,de-protonated,0,-9999,C18 H37 O5 N1,18,37,5,1,-9999,-9999,-9999,-9999,-9999,-9999
571,347.017459,347.017550953,347.017224219,8444777,-9999,785537.4,15.27,-1,0.941550173,0.851413563,0,0.510848138,20,0.086956522,0.347826087,S1 O2,de-protonated,0,-9999,C23 H8 O2 S1,23,8,2,-9999,-9999,1,-9999,-9999,-9999,-9999
571,347.017459,347.017550953,347.017357161,8444777,-9999,785537.4,15.27,-1,0.558451598,0.944983253,0,0.566989952,7,0.833333333,1.083333333,P1 O10,de-protonated,0,-9999,C12 H13 O10 P1,12,13,10,-9999,1,-9999,-9999,-9999,-9999,-9999
572,347.075747,347.075838974,347.075741418,7322494,-9999,812274.8,12.98,-1,0.281080032,0.985766732,0,0.591460039,0,0.545454545,2.272727273,S2 P1 O6,de-protonated,0,-9999,C11 H25 O6 P1 S2,11,25,6,-9999,1,2,-9999,-9999,-9999,-9999
573,347.090185,347.090276979,347.090128179,7068547,-9999,843134.4,12.46,-1,0.428706598,0.96720159000000006,0,0.58032095400000006,5,0.571428571,1.5,P1 O8,de-protonated,0,-9999,C14 H21 O8 P1,14,21,8,-9999,1,-9999,-9999,-9999,-9999,-9999
574,347.126591,347.126682992,347.126513689,10337168,-9999,803792.9,19.14,-1,0.487728688,0.957755377,0,0.574653226,4,0.466666667,1.666666667,P1 O7,de-protonated,0,-9999,C15 H25 O7 P1,15,25,7,-9999,1,-9999,-9999,-9999,-9999,-9999
575,347.144376,347.144467999,347.144138812,152099728,-9999,797890.4,308.88,-1,0.948271633,0.850051258,0.930606225,0.882273245,17,0.038461538,0.769230769,O1,de-protonated,0,-9999,C26 H20 O1,26,20,1,-9999,-9999,-9999,-9999,-9999,-9999,-9999
576,347.154034,347.154126002,347.153958804,8895386,-9999,824885.4,16.19,-1,0.481626048,0.718727091,0.989720056,0.827124277,4,0.375,1.6875,13C2 P1 O6,de-protonated,1,564,C14 H27 O6 P1 13C2,14,27,6,-9999,1,-9999,2,-9999,-9999,-9999
576,347.154034,347.154126002,347.154095149,8895386,-9999,824885.4,16.19,-1,0.088873413,0.998567857,0.947609605,0.978184556,4,0.533333333,1.666666667,13C1 N1 O8,de-protonated,1,568,C14 H25 O8 N1 13C1,14,25,8,1,-9999,-9999,1,-9999,-9999,-9999
577,347.162975,347.163067005,347.162899198,34954140,-9999,780126.7,69.45,-1,0.483367555,0.958491646,0,0.575094988,3,0.375,1.8125,P1 O6,de-protonated,0,-9999,C16 H29 O6 P1,16,29,6,-9999,1,-9999,-9999,-9999,-9999,-9999
579,347.199367,347.199459019,347.199284708,30071722,-9999,801796,59.47,-1,0.502048868,0.955295371,0,0.573177222,2,0.294117647,1.941176471,P1 O5,de-protonated,0,-9999,C17 H33 O5 P1,17,33,5,-9999,1,-9999,-9999,-9999,-9999,-9999
580,347.272133,347.272225045,347.272055726,41343940,-9999,831911,82.51,-1,0.487567168,0.951010983,0.973082579,0.959839622,0,0.157894737,2.157894737,P1 O3,de-protonated,0,-9999,C19 H41 O3 P1,19,41,3,-9999,1,-9999,-9999,-9999,-9999,-9999
581,348.14773,348.147822359,348.147493647,26860794,-9999,798927.6,52.91,-1,0.944175626,0.850649055,0.930606225,0.882631923,17,0.038461538,0.769230769,13C1 O1,de-protonated,1,575,C25 H20 O1 13C1,25,20,1,-9999,-9999,-9999,1,-9999,-9999,-9999
582,348.166306,348.166398366,348.166390379,7691521.5,-9999,843359.1,13.73,-1,0.022940446,0.999904515,0,0.599942709,3,0.533333333,1.8,N1 O8,de-protonated,0,-9999,C15 H27 O8 N1,15,27,8,1,-9999,-9999,-9999,-9999,-9999,-9999
583,348.275514,348.275606405,348.275410561,6929704,-9999,803775.7,12.17,-1,0.562324801,0.944239214,0.973082579,0.95577656,0,0.157894737,2.157894737,13C1 P1 O3,de-protonated,1,580,C18 H41 O3 P1 13C1,18,41,3,-9999,1,-9999,1,-9999,-9999,-9999
583,348.275514,348.275606405,348.275546907,6929704,-9999,803775.7,12.17,-1,0.170836803,0.994718378,0,0.596831027,0,0.277777778,2.166666667,N1 O5,de-protonated,0,-9999,C18 H39 O5 N1,18,39,5,1,-9999,-9999,-9999,-9999,-9999,-9999
585,349.055022,349.055114685,349.055005973,23453242,-9999,807652.4,45.94,-1,0.311446932,0.982553606,0,0.589532164,0,0.7,2.3,S2 P1 O7,de-protonated,0,-9999,C10 H23 O7 P1 S2,10,23,7,-9999,1,2,-9999,-9999,-9999,-9999
586,349.105856,349.105948704,349.105778244,101899856,-9999,800335.7,206.28,-1,0.488274948,0.95908506,0.979312733,0.967176129,4,0.571428571,1.642857143,P1 O8,de-protonated,0,-9999,C14 H23 O8 P1,14,23,8,-9999,1,-9999,-9999,-9999,-9999,-9999
587,349.142241,349.142333717,349.142163753,18685530,-9999,822562,36.2,-1,0.486802645,0.957912222,0,0.574747333,3,0.466666667,1.8,P1 O7,de-protonated,0,-9999,C15 H27 O7 P1,15,27,7,-9999,1,-9999,-9999,-9999,-9999,-9999
588,349.160027,349.160119723,349.159788876,9264735,-9999,850503.2,16.94,-1,0.947551007,0.84966406,0,0.509798436,16,0.038461538,0.846153846,O1,de-protonated,0,-9999,C26 H22 O1,26,22,1,-9999,-9999,-9999,-9999,-9999,-9999,-9999
589,349.178634,349.17872673,349.178549263,9887334,-9999,775551.2,18.22,-1,0.508241573,0.954211515,0,0.572526909,2,0.375,1.9375,P1 O6,de-protonated,0,-9999,C16 H31 O6 P1,16,31,6,-9999,1,-9999,-9999,-9999,-9999,-9999
591,349.215004,349.215096743,349.214934772,19258994,-9999,821180.5,37.37,-1,0.463813992,0.961718143,0,0.577030886,1,0.294117647,2.058823529,P1 O5,de-protonated,0,-9999,C17 H35 O5 P1,17,35,5,-9999,1,-9999,-9999,-9999,-9999,-9999
593,350.109205,350.109298064,350.109133079,18292650,-9999,826552.7,35.26,-1,0.471238899,0.960507391,0.979312733,0.968029528,4,0.571428571,1.642857143,13C1 P1 O8,de-protonated,1,586,C13 H23 O8 P1 13C1,13,23,8,-9999,1,-9999,1,-9999,-9999,-9999
593,350.109205,350.109298064,350.109269425,18292650,-9999,826552.7,35.26,-1,0.081801383,0.998786579,0,0.599271947,4,0.769230769,1.615384615,N1 O10,de-protonated,0,-9999,C13 H21 O10 N1,13,21,10,1,-9999,-9999,-9999,-9999,-9999,-9999
594,351.052112,351.052205403,351.051895651,8429809,-9999,823358.3,15.18,-1,0.882352598,0.868258178,0,0.520954907,13,0.1,0.8,S2 O2,de-protonated,0,-9999,C20 H16 O2 S2,20,16,2,-9999,-9999,2,-9999,-9999,-9999,-9999
594,351.052112,351.052205403,351.052363682,8429809,-9999,823358.3,15.18,-1,-0.450870338,0.963786361,0,0.578271817,19,0.15,0.4,N4 O3,de-protonated,0,-9999,C20 H8 O3 N4,20,8,3,4,-9999,-9999,-9999,-9999,-9999,-9999
595,351.102902,351.102995421,351.102667922,34103556,-9999,812829.9,67.45,-1,0.932772835,0.426979464,0.793917021,0.573754487,17,0.125,0.666666667,O3,de-protonated,0,-9999,C24 H16 O3,24,16,3,-9999,-9999,-9999,-9999,-9999,-9999,-9999
596,351.121504,351.121597428,351.121428308,12902665,-9999,837569.8,24.28,-1,0.481654952,0.958779122,0,0.575267473,3,0.571428571,1.785714286,P1 O8,de-protonated,0,-9999,C14 H25 O8 P1,14,25,8,-9999,1,-9999,-9999,-9999,-9999,-9999
597,351.157873,351.157966441,351.157813818,15638806,-9999,829205.7,29.85,-1,0.434628211,0.966304804,0,0.579782883,2,0.466666667,1.933333333,P1 O7,de-protonated,0,-9999,C15 H29 O7 P1,15,29,7,-9999,1,-9999,-9999,-9999,-9999,-9999
598,351.184556,351.18464945,351.184683471,8405279,-9999,850860.2,15.13,-1,-0.096873304,0.998298655,0,0.598979193,1,0.375,2,S1 O6,de-protonated,0,-9999,C16 H32 O6 S1,16,32,6,-9999,-9999,1,-9999,-9999,-9999,-9999
598,351.184556,351.18464945,351.184303348,8405279,-9999,850860.2,15.13,-1,0.985528386,0.838420951,0,0.503052571,6,0.166666667,1.611111111,N2 P1 O3,de-protonated,0,-9999,C18 H29 O3 N2 P1,18,29,3,2,1,-9999,-9999,-9999,-9999,-9999
599,351.194282,351.194375454,351.194199327,7586082,-9999,818779.9,13.46,-1,0.501508352,0.95538940000000006,0,0.57323364,1,0.375,2.0625,P1 O6,de-protonated,0,-9999,C16 H33 O6 P1,16,33,6,-9999,1,-9999,-9999,-9999,-9999,-9999
600,351.230679,351.230772467,351.230584836,10576175,-9999,844989,19.55,-1,0.534209035,0.94953613,0,0.569721678,0,0.294117647,2.176470588,P1 O5,de-protonated,0,-9999,C17 H37 O5 P1,17,37,5,-9999,1,-9999,-9999,-9999,-9999,-9999
601,353.137143,353.137237152,353.137078373,13738938,-9999,859731,25.98,-1,0.449624665,0.963982545,0,0.578389527,2,0.571428571,1.928571429,P1 O8,de-protonated,0,-9999,C14 H27 O8 P1,14,27,8,-9999,1,-9999,-9999,-9999,-9999,-9999
602,353.215486,353.21558018,353.215589677,29287380,-9999,807654.5,57.64,-1,-0.026885706,0.999406453,0.9556731,0.981913112,4,0.15,1.7,S1 O3,de-protonated,0,-9999,C20 H34 O3 S1,20,34,3,-9999,-9999,1,-9999,-9999,-9999,-9999
603,354.218877,354.218971541,354.218944512,8365351,-9999,815913.5,15.04,-1,0.076305917,0.998944056,0.9556731,0.981635673,4,0.15,1.7,13C1 S1 O3,de-protonated,1,602,C19 H34 O3 S1 13C1,19,34,3,-9999,-9999,1,1,-9999,-9999,-9999
603,354.218877,354.218971541,354.218700735,8365351,-9999,815913.5,15.04,-1,0.764516105,0.899376069,0,0.539625641,9,0.095238095,1.380952381,N3 O2,de-protonated,0,-9999,C21 H29 O2 N3,21,29,2,3,-9999,-9999,-9999,-9999,-9999,-9999
604,355.066976,355.067070845,355.067070259,9627203,-9999,875736.5,17.61,-1,0.001651368,0.999999505,0,0.599999703,8,0.666666667,1.066666667,O10,de-protonated,0,-9999,C15 H16 O10,15,16,10,-9999,-9999,-9999,-9999,-9999,-9999,-9999
604,355.066976,355.067070845,355.066908068,9627203,-9999,875736.5,17.61,-1,0.458442261,0.962583037,0,0.577549822,3,0.4,2.1,N4 S2 P1 O4,de-protonated,0,-9999,C10 H21 O4 N4 P1 S2,10,21,4,4,1,2,-9999,-9999,-9999,-9999
605,355.111511,355.111605861,355.111535786,15476305,-9999,814270,29.52,-1,0.197334727,0.992959112,0,0.595775467,2,0.454545455,2.181818182,N4 S2 O5,de-protonated,0,-9999,C11 H24 O5 N4 S2,11,24,5,4,-9999,2,-9999,-9999,-9999,-9999
606,355.140759,355.140853872,355.140710658,15640155,-9999,811901.8,29.85,-1,0.403260686,0.970924045,0,0.582554427,5,0.166666667,1.555555556,S2 O3,de-protonated,0,-9999,C18 H28 O3 S2,18,28,3,-9999,-9999,2,-9999,-9999,-9999,-9999
606,355.140759,355.140853872,355.141178688,15640155,-9999,811901.8,29.85,-1,-0.914611942,0.859173371,0,0.515504022,11,0.222222222,1.111111111,N4 O4,de-protonated,0,-9999,C18 H20 O4 N4,18,20,4,4,-9999,-9999,-9999,-9999,-9999,-9999
607,355.152807,355.152901876,355.152728437,8169055,-9999,766972.4,14.64,-1,0.488350227,0.957649953,0,0.574589972,1,0.571428571,2.071428571,P1 O8,de-protonated,0,-9999,C14 H29 O8 P1,14,29,8,-9999,1,-9999,-9999,-9999,-9999,-9999
608,355.194733,355.194827891,355.194854232,16885358,-9999,779321.7,32.39,-1,-0.074157635,0.999002647,0,0.599401588,4,0.210526316,1.684210526,S1 O4,de-protonated,0,-9999,C19 H32 O4 S1,19,32,4,-9999,-9999,1,-9999,-9999,-9999,-9999
608,355.194733,355.194827891,355.194474109,16885358,-9999,779321.7,32.39,-1,0.996023687,0.83526306,0,0.501157836,9,0.047619048,1.380952381,N2 P1 O1,de-protonated,0,-9999,C21 H29 O1 N2 P1,21,29,1,2,1,-9999,-9999,-9999,-9999,-9999
609,356.171367,356.171462242,356.171475759,33187762,-9999,785299.6,65.58,-1,-0.03795108,0.999738696,0,0.599843218,5,0.411764706,1.588235294,N1 O7,de-protonated,0,-9999,C17 H27 O7 N1,17,27,7,1,-9999,-9999,-9999,-9999,-9999,-9999
611,357.137828,357.137923589,357.137733277,7678191,-9999,644172.4,13.64,-1,0.532881218,0.949780282,0,0.569868169,5,0.352941176,1.529411765,S1 O6,de-protonated,0,-9999,C17 H26 O6 S1,17,26,6,-9999,-9999,1,-9999,-9999,-9999,-9999
612,357.138735,357.13883059,357.139070688,18295024,-9999,796740.8,35.26,-1,-0.672282098,0.921264467,0,0.55275868,10,0.111111111,1.222222222,N4 S1 O2,de-protonated,0,-9999,C18 H22 O2 N4 S1,18,22,2,4,-9999,1,-9999,-9999,-9999,-9999
613,357.155349,357.155444596,357.155491342,7612661,-9999,773960.7,13.51,-1,-0.130885442,0.996896429,0,0.598137857,5,0.470588235,1.529411765,O8,de-protonated,0,-9999,C17 H26 O8,17,26,8,-9999,-9999,-9999,-9999,-9999,-9999,-9999
614,357.174006,357.174101602,357.174118787,12757243,-9999,805937.7,23.98,-1,-0.048111999,0.999580077,0,0.599748046,4,0.277777778,1.666666667,S1 O5,de-protonated,0,-9999,C18 H30 O5 S1,18,30,5,-9999,-9999,1,-9999,-9999,-9999,-9999
615,357.19177,357.191865609,357.191876852,8186113,-9999,887566.9,14.68,-1,-0.03147529,0.999820256,0,0.599892154,4,0.388888889,1.666666667,O7,de-protonated,0,-9999,C18 H30 O7,18,30,7,-9999,-9999,-9999,-9999,-9999,-9999,-9999
619,359.126586,359.126682304,359.126513689,13773686,-9999,817540.8,26.05,-1,0.469514757,0.960790118,0,0.576474071,5,0.4375,1.5625,P1 O7,de-protonated,0,-9999,C16 H25 O7 P1,16,25,7,-9999,1,-9999,-9999,-9999,-9999,-9999
620,359.135794,359.135890307,359.135625277,7129977,-9999,781367.1,12.53,-1,0.737966739,0.905909352,0,0.543545611,4,0.235294118,1.647058824,S2 O4,de-protonated,0,-9999,C17 H28 O4 S2,17,28,4,-9999,-9999,2,-9999,-9999,-9999,-9999
620,359.135794,359.135890307,359.136093308,7129977,-9999,781367.1,12.53,-1,-0.565246734,0.9436749,0,0.56620494,10,0.294117647,1.176470588,N4 O5,de-protonated,0,-9999,C17 H20 O5 N4,17,20,5,4,-9999,-9999,-9999,-9999,-9999,-9999
621,359.162976,359.163072317,359.162899198,22768514,-9999,761767.9,44.36,-1,0.482006698,0.958720155,0,0.575232093,4,0.352941176,1.705882353,P1 O6,de-protonated,0,-9999,C17 H29 O6 P1,17,29,6,-9999,1,-9999,-9999,-9999,-9999,-9999
622,359.17107,359.17116632,359.171141407,9145220,-9999,744416.5,16.63,-1,0.069363427,0.99912738,0,0.599476428,4,0.470588235,1.647058824,O8,de-protonated,0,-9999,C17 H28 O8,17,28,8,-9999,-9999,-9999,-9999,-9999,-9999,-9999
623,359.207397,359.207493333,359.207526916,8817552,-9999,806295.2,15.96,-1,-0.093491795,0.998415266,0,0.599049159,3,0.388888889,1.777777778,O7,de-protonated,0,-9999,C18 H32 O7,18,32,7,-9999,-9999,-9999,-9999,-9999,-9999,-9999
624,361.142237,361.142334028,361.142163753,26308092,-9999,793437.4,51.36,-1,0.471490137,0.960466113,0,0.576279668,4,0.4375,1.6875,P1 O7,de-protonated,0,-9999,C16 H27 O7 P1,16,27,7,-9999,1,-9999,-9999,-9999,-9999,-9999
625,361.160044,361.160141035,361.159788876,7835137,-9999,841185.4,13.9,-1,0.975076315,0.841544268,0,0.504926561,17,0.037037037,0.814814815,O1,de-protonated,0,-9999,C27 H22 O1,27,22,1,-9999,-9999,-9999,-9999,-9999,-9999,-9999
626,361.178623,361.178720041,361.178549263,25325062,-9999,751668.9,49.36,-1,0.472837305,0.960244431,0,0.576146659,3,0.352941176,1.823529412,P1 O6,de-protonated,0,-9999,C17 H31 O6 P1,17,31,6,-9999,1,-9999,-9999,-9999,-9999,-9999
627,361.215004,361.215101054,361.214934772,7056914.5,-9999,842695.3,12.32,-1,0.460342022,0.962278222,0,0.577366933,2,0.277777778,1.944444444,P1 O5,de-protonated,0,-9999,C18 H35 O5 P1,18,35,5,-9999,1,-9999,-9999,-9999,-9999,-9999
628,361.251406,361.251503067,361.251320281,7589406,-9999,829684.6,13.4,-1,0.505980553,0.954608639,0,0.572765183,1,0.210526316,2.052631579,P1 O4,de-protonated,0,-9999,C19 H39 O4 P1,19,39,4,-9999,1,-9999,-9999,-9999,-9999,-9999
629,361.287755,361.287852081,361.287705791,12398121,-9999,779617.1,23.15,-1,0.404912348,0.970688913,0,0.582413348,0,0.15,2.15,P1 O3,de-protonated,0,-9999,C20 H43 O3 P1,20,43,3,-9999,1,-9999,-9999,-9999,-9999,-9999
630,362.145586,362.145683389,362.145654934,8163128.5,-9999,912188,14.57,-1,0.078572763,0.998880421,0,0.599328253,4,0.6,1.666666667,N1 O9,de-protonated,0,-9999,C15 H25 O9 N1,15,25,9,1,-9999,-9999,-9999,-9999,-9999,-9999
631,362.181949,362.182046402,362.182040443,8720196,-9999,790083.1,15.7,-1,0.016451672,0.999950891,0,0.599970534,3,0.5,1.8125,N1 O8,de-protonated,0,-9999,C16 H29 O8 N1,16,29,8,1,-9999,-9999,-9999,-9999,-9999,-9999
632,363.070673,363.070770721,363.070656038,19738716,-9999,785779.5,38.04,-1,0.315871084,0.982058933,0,0.58923536,0,0.636363636,2.272727273,S2 P1 O7,de-protonated,0,-9999,C11 H25 O7 P1 S2,11,25,7,-9999,1,2,-9999,-9999,-9999,-9999
632,363.070673,363.070770721,363.071124068,19738716,-9999,785779.5,38.04,-1,-0.97321738,0.842097481,0,0.505258488,6,0.727272727,1.545454545,N4 P1 O8,de-protonated,0,-9999,C11 H17 O8 N4 P1,11,17,8,4,1,-9999,-9999,-9999,-9999,-9999
633,363.121511,363.121608739,363.121428308,10891371,-9999,817675.7,20.1,-1,0.49688893,0.956189247,0,0.573713548,4,0.533333333,1.666666667,P1 O8,de-protonated,0,-9999,C15 H25 O8 P1,15,25,8,-9999,1,-9999,-9999,-9999,-9999,-9999
634,363.13929,363.139387746,363.139053431,9597041,-9999,839361.4,17.47,-1,0.920623637,0.857455111,0,0.514473067,17,0.076923077,0.769230769,O2,de-protonated,0,-9999,C26 H20 O2,26,20,2,-9999,-9999,-9999,-9999,-9999,-9999,-9999
635,363.157881,363.157978752,363.157813818,18231414,-9999,818582.5,34.98,-1,0.454168214,0.963264544,0,0.577958726,3,0.4375,1.8125,P1 O7,de-protonated,0,-9999,C16 H29 O7 P1,16,29,7,-9999,1,-9999,-9999,-9999,-9999,-9999
636,363.175674,363.175771759,363.175438941,7688316,-9999,890662.4,13.6,-1,0.916411418,0.858659866,0,0.515195919,16,0.037037037,0.888888889,O1,de-protonated,0,-9999,C27 H24 O1,27,24,1,-9999,-9999,-9999,-9999,-9999,-9999,-9999
638,363.19427,363.194367766,363.194199327,41021568,-9999,759799.9,81.19,-1,0.463769688,0.964704308,0.976609526,0.969466395,2,0.352941176,1.941176471,P1 O6,de-protonated,0,-9999,C17 H33 O6 P1,17,33,6,-9999,1,-9999,-9999,-9999,-9999,-9999
639,363.230649,363.230746779,363.230584836,10088589,-9999,868947.9,18.47,-1,0.445838507,0.964575748,0,0.578745449,1,0.277777778,2.055555556,P1 O5,de-protonated,0,-9999,C18 H37 O5 P1,18,37,5,-9999,1,-9999,-9999,-9999,-9999,-9999
640,364.197611,364.197709126,364.197554162,8925627,-9999,888530.4,16.11,-1,0.425494056,0.967683302,0.976609526,0.971253792,2,0.352941176,1.941176471,13C1 P1 O6,de-protonated,1,638,C16 H33 O6 P1 13C1,16,33,6,-9999,1,-9999,1,-9999,-9999,-9999
640,364.197611,364.197709126,364.197690508,8925627,-9999,888530.4,16.11,-1,0.051121341,0.999525916,0,0.59971555,2,0.5,1.9375,N1 O8,de-protonated,0,-9999,C16 H31 O8 N1,16,31,8,1,-9999,-9999,-9999,-9999,-9999,-9999
641,365.100766,365.100864451,365.100559922,11039442,-9999,762093.2,20.4,-1,0.834095656,0.881406215,0,0.528843729,17,0.04,0.72,S1 O1,de-protonated,0,-9999,C25 H18 O1 S1,25,18,1,-9999,-9999,1,-9999,-9999,-9999,-9999
641,365.100766,365.100864451,365.100692864,11039442,-9999,762093.2,20.4,-1,0.469971885,0.96071525,0,0.57642915,4,0.642857143,1.642857143,P1 O9,de-protonated,0,-9999,C14 H23 O9 P1,14,23,9,-9999,1,-9999,-9999,-9999,-9999,-9999
642,365.137151,365.137249464,365.137078373,17855198,-9999,805326.1,34.22,-1,0.468565901,0.960945306,0,0.576567183,3,0.533333333,1.8,P1 O8,de-protonated,0,-9999,C15 H27 O8 P1,15,27,8,-9999,1,-9999,-9999,-9999,-9999,-9999
643,365.173507,365.173605477,365.173463882,12858088,-9999,760772.7,24.08,-1,0.387745855,0.973088507,0,0.583853104,2,0.4375,1.9375,P1 O7,de-protonated,0,-9999,C16 H31 O7 P1,16,31,7,-9999,1,-9999,-9999,-9999,-9999,-9999
644,365.18827,365.188368482,365.188720024,15086317,-9999,781838.2,28.6,-1,-0.962629647,0.845235084,0,0.507141051,6,0.2,1.55,P1 O4,de-protonated,0,-9999,C20 H31 O4 P1,20,31,4,-9999,1,-9999,-9999,-9999,-9999,-9999
645,365.191328,365.191426483,365.191089005,12874478,-9999,760658.6,24.12,-1,0.924113157,0.856454163,0,0.513872498,15,0.037037037,0.962962963,O1,de-protonated,0,-9999,C27 H26 O1,27,26,1,-9999,-9999,-9999,-9999,-9999,-9999,-9999
646,365.209919,365.21001749,365.209849392,75100912,-9999,758788.4,150.28,-1,0.460278468,0.961161831,0.995934125,0.975070749,1,0.352941176,2.058823529,P1 O6,de-protonated,0,-9999,C17 H35 O6 P1,17,35,6,-9999,1,-9999,-9999,-9999,-9999,-9999
647,365.2463,365.246398503,365.246234901,20476670,-9999,769254.3,39.53,-1,0.44792235,0.964249834,0,0.5785499,0,0.277777778,2.166666667,P1 O5,de-protonated,0,-9999,C18 H39 O5 P1,18,39,5,-9999,1,-9999,-9999,-9999,-9999,-9999
648,366.213279,366.21337785,366.213204227,13382696,-9999,782511.6,25.15,-1,0.474105435,0.960035224,0.995934125,0.974394785,1,0.352941176,2.058823529,13C1 P1 O6,de-protonated,1,646,C16 H35 O6 P1 13C1,16,35,6,-9999,1,-9999,1,-9999,-9999,-9999
648,366.213279,366.21337785,366.213340572,13382696,-9999,782511.6,25.15,-1,0.101793262,0.998121619,0,0.598872971,1,0.5,2.0625,N1 O8,de-protonated,0,-9999,C16 H33 O8 N1,16,33,8,1,-9999,-9999,-9999,-9999,-9999,-9999
649,366.950232,366.950331115,366.950540902,8951049,-9999,783834.8,16.16,-1,-0.571704538,0.942418541,0,0.565451125,11,0.428571429,0.642857143,S2 P1 O6,de-protonated,0,-9999,C14 H9 O6 P1 S2,14,9,6,-9999,1,2,-9999,-9999,-9999,-9999
650,367.116456,367.116555175,367.116209986,9499963,-9999,827617.8,17.27,-1,0.94027059,0.851785643,0,0.511071386,16,0.04,0.8,S1 O1,de-protonated,0,-9999,C25 H20 O1 S1,25,20,1,-9999,-9999,1,-9999,-9999,-9999,-9999
650,367.116456,367.116555175,367.116342928,9499963,-9999,827617.8,17.27,-1,0.578146,0.941152839,0,0.564691703,3,0.642857143,1.785714286,P1 O9,de-protonated,0,-9999,C14 H25 O9 P1,14,25,9,-9999,1,-9999,-9999,-9999,-9999,-9999
651,367.129264,367.129363179,367.129097146,8877375,-9999,776339,16.01,-1,0.724632314,0.909120844,0,0.545472506,11,0.045454545,1.136363636,S1 P1 O1,de-protonated,0,-9999,C22 H25 O1 P1 S1,22,25,1,-9999,1,1,-9999,-9999,-9999,-9999
651,367.129264,367.129363179,367.12929385,8877375,-9999,776339,16.01,-1,0.188841148,0.993550252,0,0.596130151,3,0.583333333,2,N4 S1 O7,de-protonated,0,-9999,C12 H24 O7 N4 S1,12,24,7,4,-9999,1,-9999,-9999,-9999,-9999
652,367.15278,367.152879188,367.152728437,10155334,-9999,844037,18.6,-1,0.410593562,0.969873234,0,0.58192394,2,0.533333333,1.933333333,P1 O8,de-protonated,0,-9999,C15 H29 O8 P1,15,29,8,-9999,1,-9999,-9999,-9999,-9999,-9999
653,367.206971,367.207070207,367.20673907,24245590,-9999,751560.3,47.17,-1,0.901774457,0.431408113,0.773979033,0.568436481,14,0.037037037,1.037037037,O1,de-protonated,0,-9999,C27 H28 O1,27,28,1,-9999,-9999,-9999,-9999,-9999,-9999,-9999
654,367.225577,367.225676214,367.225499456,10065244,-9999,782338.5,18.42,-1,0.481333685,0.958832946,0,0.575299767,0,0.352941176,2.176470588,P1 O6,de-protonated,0,-9999,C17 H37 O6 P1,17,37,6,-9999,1,-9999,-9999,-9999,-9999,-9999
655,367.231134,367.231233216,367.231239741,12285278,-9999,771689.2,22.92,-1,-0.017768207,0.999942717,0,0.59996563,4,0.142857143,1.714285714,S1 O3,de-protonated,0,-9999,C21 H36 O3 S1,21,36,3,-9999,-9999,1,-9999,-9999,-9999,-9999
656,369.082596,369.082695881,369.082720324,14284685,-9999,714120.6,26.97,-1,-0.066224325,0.999204544,0,0.599522726,8,0.625,1.125,O10,de-protonated,0,-9999,C16 H18 O10,16,18,10,-9999,-9999,-9999,-9999,-9999,-9999,-9999
656,369.082596,369.082695881,369.082558132,14284685,-9999,714120.6,26.97,-1,0.373220227,0.975042135,0,0.585025281,3,0.363636364,2.090909091,N4 S2 P1 O4,de-protonated,0,-9999,C11 H23 O4 N4 P1 S2,11,23,4,4,1,2,-9999,-9999,-9999,-9999
657,369.127148,369.127247897,369.12718585,37123996,-9999,744093,73.28,-1,0.168091774,0.994886315,0,0.596931789,2,0.416666667,2.166666667,N4 S2 O5,de-protonated,0,-9999,C12 H26 O5 N4 S2,12,26,5,4,-9999,2,-9999,-9999,-9999,-9999
658,370.127311,370.127411257,370.127109023,7264453,-9999,816091.6,12.74,-1,0.816567385,0.886045681,0,0.531627408,15,0.041666667,0.875,N1 S1 O1,de-protonated,0,-9999,C24 H21 O1 N1 S1,24,21,1,1,-9999,1,-9999,-9999,-9999,-9999
658,370.127311,370.127411257,370.127241965,7264453,-9999,816091.6,12.74,-1,0.45738864,0.962751587,0,0.577650952,2,0.692307692,2,N1 P1 O9,de-protonated,0,-9999,C13 H26 O9 N1 P1,13,26,9,1,1,-9999,-9999,-9999,-9999,-9999
660,371.124183,371.124283615,371.124011765,10844653,-9999,775778.5,19.91,-1,0.732502928,0.907230973,0,0.544338584,10,0.095238095,1.19047619,S1 P1 O2,de-protonated,0,-9999,C21 H25 O2 P1 S1,21,25,2,-9999,1,1,-9999,-9999,-9999,-9999
660,371.124183,371.124283615,371.12420847,10844653,-9999,775778.5,19.91,-1,0.202479206,0.992588599,0,0.595553159,2,0.727272727,2.181818182,N4 S1 O8,de-protonated,0,-9999,C11 H24 O8 N4 S1,11,24,8,4,-9999,1,-9999,-9999,-9999,-9999
661,371.153262,371.153362625,371.153383342,7256565.5,-9999,729698.5,12.67,-1,-0.055817022,0.999434849,0,0.599660909,5,0.333333333,1.555555556,S1 O6,de-protonated,0,-9999,C18 H28 O6 S1,18,28,6,-9999,-9999,1,-9999,-9999,-9999,-9999
661,371.153262,371.153362625,371.153003219,7256565.5,-9999,729698.5,12.67,-1,0.968349549,0.843542842,0,0.506125705,10,0.15,1.25,N2 P1 O3,de-protonated,0,-9999,C20 H25 O3 N2 P1,20,25,3,2,1,-9999,-9999,-9999,-9999,-9999
662,371.16296,371.163060629,371.162899198,7617016.5,-9999,734541,13.39,-1,0.434931827,0.966258515,0,0.579755109,5,0.333333333,1.611111111,P1 O6,de-protonated,0,-9999,C18 H29 O6 P1,18,29,6,-9999,1,-9999,-9999,-9999,-9999,-9999
663,371.199331,371.199431642,371.199284708,7617027,-9999,837335.6,13.39,-1,0.395836636,0.971969761,0,0.583181856,4,0.263157895,1.736842105,P1 O5,de-protonated,0,-9999,C19 H33 O5 P1,19,33,5,-9999,1,-9999,-9999,-9999,-9999,-9999
664,372.166275,372.166375989,372.166390379,75168544,-9999,742862.6,149.76,-1,-0.038664527,0.99946178,0.998390016,0.999033075,5,0.470588235,1.588235294,N1 O8,de-protonated,0,-9999,C17 H27 O8 N1,17,27,8,1,-9999,-9999,-9999,-9999,-9999,-9999
665,372.303752,372.303853039,372.303690208,59308872,-9999,748095,117.74,-1,0.437360285,0.966681749,0.988229021,0.975300658,1,0.095238095,2.095238095,N1 P1 O2,de-protonated,0,-9999,C21 H44 O2 N1 P1,21,44,2,1,1,-9999,-9999,-9999,-9999,-9999
666,373.03307,373.033171301,373.032874284,20741150,-9999,760849.5,39.89,-1,0.796222492,0.891336667,0,0.534802,21,0.08,0.4,S1 O2,de-protonated,0,-9999,C25 H10 O2 S1,25,10,2,-9999,-9999,1,-9999,-9999,-9999,-9999
666,373.03307,373.033171301,373.033007225,20741150,-9999,760849.5,39.89,-1,0.4398416,0.965505792,0,0.579303475,8,0.714285714,1.071428571,P1 O10,de-protonated,0,-9999,C14 H15 O10 P1,14,15,10,-9999,1,-9999,-9999,-9999,-9999,-9999
667,373.101883,373.101984325,373.10162255,12598322,-9999,817648.9,23.45,-1,0.969642498,0.843159404,0,0.505895642,15,0.090909091,0.818181818,N2 S1 O2,de-protonated,0,-9999,C22 H18 O2 N2 S1,22,18,2,2,-9999,1,-9999,-9999,-9999,-9999
667,373.101883,373.101984325,373.101755492,12598322,-9999,817648.9,23.45,-1,0.613327212,0.934021706,0,0.560413024,2,0.909090909,2.090909091,N2 P1 O10,de-protonated,0,-9999,C11 H23 O10 N2 P1,11,23,10,2,1,-9999,-9999,-9999,-9999,-9999
668,373.169619,373.16972035,373.169745214,13990982,-9999,748051.3,26.26,-1,-0.066629739,0.999194779,0.998390016,0.998872874,5,0.470588235,1.588235294,13C1 N1 O8,de-protonated,1,664,C16 H27 O8 N1 13C1,16,27,8,1,-9999,-9999,1,-9999,-9999,-9999
669,373.307103,373.307204399,373.307045043,12434542,-9999,771472.4,23.12,-1,0.426877252,0.967476311,0.988229021,0.975777395,1,0.095238095,2.095238095,13C1 N1 P1 O2,de-protonated,1,665,C20 H44 O2 N1 P1 13C1,20,44,2,1,1,-9999,1,-9999,-9999,-9999
669,373.307103,373.307204399,373.307181388,12434542,-9999,771472.4,23.12,-1,0.06164003,0.999310825,0,0.599586495,1,0.2,2.1,N2 O4,de-protonated,0,-9999,C20 H42 O4 N2,20,42,4,2,-9999,-9999,-9999,-9999,-9999,-9999
670,374.164189,374.164290707,374.164282379,13139303,-9999,800407.6,24.54,-1,0.022258938,0.999910103,0,0.599946062,4,0.352941176,1.705882353,N1 S1 O6,de-protonated,0,-9999,C17 H29 O6 N1 S1,17,29,6,1,-9999,1,-9999,-9999,-9999,-9999
672,374.319419,374.319520763,374.319340272,18808212,-9999,785191.5,35.98,-1,0.482183539,0.958690494,0,0.575214296,0,0.095238095,2.19047619,N1 P1 O2,de-protonated,0,-9999,C21 H46 O2 N1 P1,21,46,2,1,1,-9999,-9999,-9999,-9999,-9999
674,375.048765,375.048867025,375.048524348,8355431.5,-9999,729009.6,14.88,-1,0.913686972,0.85943705,0,0.51566223,20,0.08,0.48,S1 O2,de-protonated,0,-9999,C25 H12 O2 S1,25,12,2,-9999,-9999,1,-9999,-9999,-9999,-9999
674,375.048765,375.048867025,375.04865729,8355431.5,-9999,729009.6,14.88,-1,0.559221362,0.944835745,0,0.566901447,7,0.714285714,1.214285714,P1 O10,de-protonated,0,-9999,C14 H17 O10 P1,14,17,10,-9999,1,-9999,-9999,-9999,-9999,-9999
675,375.09982,375.099922043,375.099647492,12893814,-9999,731647.2,24.04,-1,0.731943116,0.907365938,0,0.544419563,1,0.727272727,2.272727273,N2 S1 P1 O8,de-protonated,0,-9999,C11 H25 O8 N2 P1 S1,11,25,8,2,1,1,-9999,-9999,-9999,-9999
676,375.157847,375.157949064,375.157813818,11484807,-9999,749903.7,21.2,-1,0.360505258,0.976694073,0,0.586016444,4,0.411764706,1.705882353,P1 O7,de-protonated,0,-9999,C17 H29 O7 P1,17,29,7,-9999,1,-9999,-9999,-9999,-9999,-9999
677,375.194283,375.194385077,375.194199327,9330321,-9999,730372.8,16.85,-1,0.495077233,0.956501101,0,0.573900661,3,0.333333333,1.833333333,P1 O6,de-protonated,0,-9999,C18 H33 O6 P1,18,33,6,-9999,1,-9999,-9999,-9999,-9999,-9999
678,375.303416,375.303518116,375.303355855,17514160,-9999,709107.9,33.37,-1,0.432346968,0.96665164,0,0.579990984,0,0.142857143,2.142857143,P1 O3,de-protonated,0,-9999,C21 H45 O3 P1,21,45,3,-9999,1,-9999,-9999,-9999,-9999,-9999
679,376.073988,376.074090393,376.074418544,8601486,-9999,785279.9,15.38,-1,-0.872569834,0.870967114,0,0.522580269,15,0.19047619,0.761904762,N1 P1 O4,de-protonated,0,-9999,C21 H16 O4 N1 P1,21,16,4,1,1,-9999,-9999,-9999,-9999,-9999
679,376.073988,376.074090393,376.074147218,8601486,-9999,785279.9,15.38,-1,-0.15110061,0.995865843,0,0.597519506,1,0.818181818,2.090909091,N1 S2 O9,de-protonated,0,-9999,C11 H23 O9 N1 S2,11,23,9,1,-9999,2,-9999,-9999,-9999,-9999
679,376.073988,376.074090393,376.073767096,8601486,-9999,785279.9,15.38,-1,0.859665085,0.874507031,0,0.524704219,6,0.461538462,1.538461538,N3 S1 P1 O6,de-protonated,0,-9999,C13 H20 O6 N3 P1 S1,13,20,6,3,1,1,-9999,-9999,-9999,-9999
681,377.137147,377.137249775,377.137078373,14762174,-9999,747994,27.82,-1,0.454483087,0.963214538,0,0.577928723,4,0.5,1.6875,P1 O8,de-protonated,0,-9999,C16 H27 O8 P1,16,27,8,-9999,1,-9999,-9999,-9999,-9999,-9999
682,377.173526,377.173628788,377.173463882,22872264,-9999,769231.4,44.19,-1,0.437215659,0.965909356,0,0.579545614,3,0.411764706,1.823529412,P1 O7,de-protonated,0,-9999,C17 H31 O7 P1,17,31,7,-9999,1,-9999,-9999,-9999,-9999,-9999
683,377.209909,377.210011801,377.209849392,13451475,-9999,763684.1,25.17,-1,0.430555743,0.966922782,0,0.580153669,2,0.333333333,1.944444444,P1 O6,de-protonated,0,-9999,C18 H35 O6 P1,18,35,6,-9999,1,-9999,-9999,-9999,-9999,-9999
684,377.246287,377.246389815,377.246234901,11895006,-9999,774236.1,22.03,-1,0.410643165,0.969866065,0,0.581919639,1,0.263157895,2.052631579,P1 O5,de-protonated,0,-9999,C19 H39 O5 P1,19,39,5,-9999,1,-9999,-9999,-9999,-9999,-9999
685,378.176886,378.176989149,378.176955063,7389670,-9999,722027.1,12.93,-1,0.090132317,0.998527027,0,0.599116216,3,0.5625,1.8125,N1 O9,de-protonated,0,-9999,C16 H29 O9 N1,16,29,9,1,-9999,-9999,-9999,-9999,-9999,-9999
687,379.043625,379.04372846,379.043438968,14648027,-9999,785415,27.58,-1,0.76374557,0.899568259,0,0.539740956,19,0.125,0.5,S1 O3,de-protonated,0,-9999,C24 H12 O3 S1,24,12,3,-9999,-9999,1,-9999,-9999,-9999,-9999
687,379.043625,379.04372846,379.043571909,14648027,-9999,785415,27.58,-1,0.413015888,0.969522204,0,0.581713322,6,0.846153846,1.307692308,P1 O11,de-protonated,0,-9999,C13 H17 O11 P1,13,17,11,-9999,1,-9999,-9999,-9999,-9999,-9999
688,379.152794,379.1528975,379.152728437,16499450,-9999,779549.1,31.32,-1,0.445894701,0.964566978,0,0.578740187,3,0.5,1.8125,P1 O8,de-protonated,0,-9999,C16 H29 O8 P1,16,29,8,-9999,1,-9999,-9999,-9999,-9999,-9999
689,379.170587,379.170690506,379.17035356,8119039,-9999,805553.5,14.4,-1,0.888639031,0.866505973,0,0.519903584,16,0.074074074,0.888888889,O2,de-protonated,0,-9999,C27 H24 O2,27,24,2,-9999,-9999,-9999,-9999,-9999,-9999,-9999
690,379.18917,379.189273513,379.189113947,31654660,-9999,727136,61.91,-1,0.420808263,0.968379852,0,0.581027911,2,0.411764706,1.941176471,P1 O7,de-protonated,0,-9999,C17 H33 O7 P1,17,33,7,-9999,1,-9999,-9999,-9999,-9999,-9999
691,379.215855,379.215958522,379.2159836,15254284,-9999,767857,28.81,-1,-0.066130123,0.999206805,0,0.599524083,1,0.333333333,2,S1 O6,de-protonated,0,-9999,C18 H36 O6 S1,18,36,6,-9999,-9999,1,-9999,-9999,-9999,-9999
691,379.215855,379.215958522,379.215603477,15254284,-9999,767857,28.81,-1,0.93626137,0.852949223,0,0.511769534,6,0.15,1.65,N2 P1 O3,de-protonated,0,-9999,C20 H33 O3 N2 P1,20,33,3,2,1,-9999,-9999,-9999,-9999,-9999
692,379.225534,379.225637526,379.225499456,16990990,-9999,770837,32.31,-1,0.364083186,0.976234735,0,0.585740841,1,0.333333333,2.055555556,P1 O6,de-protonated,0,-9999,C18 H37 O6 P1,18,37,6,-9999,1,-9999,-9999,-9999,-9999,-9999
694,381.132057,381.132161211,381.131860051,10847525,-9999,832686.4,19.91,-1,0.79017264,0.892890233,0,0.53573414,16,0.038461538,0.846153846,S1 O1,de-protonated,0,-9999,C26 H22 O1 S1,26,22,1,-9999,-9999,1,-9999,-9999,-9999,-9999
694,381.132057,381.132161211,381.131992992,10847525,-9999,832686.4,19.91,-1,0.44136478,0.965270675,0,0.579162405,3,0.6,1.8,P1 O9,de-protonated,0,-9999,C15 H27 O9 P1,15,27,9,-9999,1,-9999,-9999,-9999,-9999,-9999
695,381.168427,381.168531224,381.168378502,17057072,-9999,755292.8,32.45,-1,0.400667959,0.971291324,0,0.582774794,2,0.5,1.9375,P1 O8,de-protonated,0,-9999,C16 H31 O8 P1,16,31,8,-9999,1,-9999,-9999,-9999,-9999,-9999
696,381.186191,381.18629523,381.186003625,9282868,-9999,754310.8,16.75,-1,0.764994848,0.899256582,0,0.539553949,15,0.074074074,0.962962963,O2,de-protonated,0,-9999,C27 H26 O2,27,26,2,-9999,-9999,-9999,-9999,-9999,-9999,-9999
697,381.204829,381.204933237,381.204764011,14550329,-9999,751169.2,27.39,-1,0.443923323,0.96487404,0,0.578924424,1,0.411764706,2.058823529,P1 O7,de-protonated,0,-9999,C17 H35 O7 P1,17,35,7,-9999,1,-9999,-9999,-9999,-9999,-9999
698,381.246757,381.246861252,381.246889806,8398149,-9999,847754.2,14.97,-1,-0.074895404,0.998982714,0,0.599389628,4,0.136363636,1.727272727,S1 O3,de-protonated,0,-9999,C22 H38 O3 S1,22,38,3,-9999,-9999,1,-9999,-9999,-9999,-9999
700,383.142795,383.142899933,383.142835914,50399060,-9999,728874.7,99.29,-1,0.167088217,0.99442335,0.943515315,0.974060136,2,0.384615385,2.153846154,N4 S2 O5,de-protonated,0,-9999,C13 H28 O5 N4 S2,13,28,5,4,-9999,2,-9999,-9999,-9999,-9999
701,383.147683,383.147787935,383.147510115,7079764.5,-9999,742512.2,12.25,-1,0.725098616,0.909009337,0,0.545405602,15,0.038461538,0.923076923,S1 O1,de-protonated,0,-9999,C26 H24 O1 S1,26,24,1,-9999,-9999,1,-9999,-9999,-9999,-9999
701,383.147683,383.147787935,383.147643057,7079764.5,-9999,742512.2,12.25,-1,0.378125775,0.974390268,0,0.584634161,2,0.6,1.933333333,P1 O9,de-protonated,0,-9999,C15 H29 O9 P1,15,29,9,-9999,1,-9999,-9999,-9999,-9999,-9999
702,383.162985,383.16308994,383.162899198,7268185,-9999,845719.9,12.63,-1,0.497809699,0.956030355,0,0.573618213,6,0.315789474,1.526315789,P1 O6,de-protonated,0,-9999,C19 H29 O6 P1,19,29,6,-9999,1,-9999,-9999,-9999,-9999,-9999
703,383.172055,383.172159944,383.172010787,31852380,-9999,731086.4,62.02,-1,0.389269316,0.48643976,0.822155738,0.620726151,5,0.15,1.6,S2 O3,de-protonated,0,-9999,C20 H32 O3 S2,20,32,3,-9999,-9999,2,-9999,-9999,-9999,-9999
703,383.172055,383.172159944,383.172478817,31852380,-9999,731086.4,62.02,-1,-0.832193232,0.440956669,0.822155738,0.593436297,11,0.2,1.2,N4 O4,de-protonated,0,-9999,C20 H24 O4 N4,20,24,4,4,-9999,-9999,-9999,-9999,-9999,-9999
704,384.009037,384.009142244,384.009452761,7424066,-9999,782658.7,12.94,-1,-0.808616743,0.888125492,0,0.532875295,5,0.7,1.6,N3 S2 P1 O7,de-protonated,0,-9999,C10 H16 O7 N3 P1 S2,10,16,7,3,1,2,-9999,-9999,-9999,-9999
705,384.146156,384.146261294,384.146130391,11044968,-9999,771598,20.21,-1,0.340763459,0.979150644,0,0.587490386,10,0.045454545,1.227272727,N1 S2 O1,de-protonated,0,-9999,C22 H27 O1 N1 S2,22,27,1,1,-9999,2,-9999,-9999,-9999,-9999
705,384.146156,384.146261294,384.14619075,11044968,-9999,771598,20.21,-1,0.183638667,0.99389966,0.943515315,0.973745922,2,0.384615385,2.153846154,13C1 N4 S2 O5,de-protonated,1,700,C12 H28 O5 N4 S2 13C1,12,28,5,4,-9999,2,1,-9999,-9999,-9999
707,385.139843,385.139948651,385.13966183,16288121,-9999,726483.9,30.75,-1,0.74471904,0.904265188,0,0.542559113,10,0.090909091,1.227272727,S1 P1 O2,de-protonated,0,-9999,C22 H27 O2 P1 S1,22,27,2,-9999,1,1,-9999,-9999,-9999,-9999
707,385.139843,385.139948651,385.139858534,16288121,-9999,726483.9,30.75,-1,0.233983441,0.990115181,0,0.594069109,2,0.666666667,2.166666667,N4 S1 O8,de-protonated,0,-9999,C12 H26 O8 N4 S1,12,26,8,4,-9999,1,-9999,-9999,-9999,-9999
708,385.169015,385.169120661,385.169033406,9169281,-9999,455063.7,16.44,-1,0.226536308,0.990731509,0,0.594438906,5,0.315789474,1.578947368,S1 O6,de-protonated,0,-9999,C19 H30 O6 S1,19,30,6,-9999,-9999,1,-9999,-9999,-9999,-9999
709,385.170018,385.170123662,385.170370817,31558016,-9999,723268.3,61.43,-1,-0.641678092,0.464005526,0.822155738,0.607265611,10,0.1,1.3,N4 S1 O2,de-protonated,0,-9999,C20 H26 O2 N4 S1,20,26,2,4,-9999,1,-9999,-9999,-9999,-9999
710,385.178601,385.178706665,385.178549263,9234819,-9999,769106.9,16.58,-1,0.408646757,0.970153948,0,0.582092369,5,0.315789474,1.631578947,P1 O6,de-protonated,0,-9999,C19 H31 O6 P1,19,31,6,-9999,1,-9999,-9999,-9999,-9999,-9999
711,385.222992,385.223097681,385.22317698,7678351.5,-9999,879348.4,13.45,-1,-0.205854501,0.992340402,0,0.595404241,4,0.35,1.7,O7,de-protonated,0,-9999,C20 H34 O7,20,34,7,-9999,-9999,-9999,-9999,-9999,-9999,-9999
712,387.157893,387.157999376,387.157813818,7441310.5,-9999,838634.4,12.97,-1,0.479282646,0.95917579100000006,0,0.575505475,5,0.388888889,1.611111111,P1 O7,de-protonated,0,-9999,C18 H29 O7 P1,18,29,7,-9999,1,-9999,-9999,-9999,-9999,-9999
713,387.165953,387.166059379,387.166056026,7334816.5,-9999,763100.7,12.76,-1,0.008658888,0.999986396,0,0.599991837,5,0.5,1.555555556,O9,de-protonated,0,-9999,C18 H28 O9,18,28,9,-9999,-9999,-9999,-9999,-9999,-9999,-9999
714,387.167055,387.167161379,387.166925406,10128289,-9999,764750.7,18.37,-1,0.609486343,0.934818022,0,0.560890813,4,0.210526316,1.684210526,S2 O4,de-protonated,0,-9999,C19 H32 O4 S2,19,32,4,-9999,-9999,2,-9999,-9999,-9999,-9999
714,387.167055,387.167161379,387.167393437,10128289,-9999,764750.7,18.37,-1,-0.599373037,0.936894043,0,0.562136426,10,0.263157895,1.263157895,N4 O5,de-protonated,0,-9999,C19 H24 O5 N4,19,24,5,4,-9999,-9999,-9999,-9999,-9999,-9999
715,387.194229,387.194335389,387.194199327,8793000,-9999,755397.1,15.69,-1,0.351404353,0.97784296,0,0.586705776,4,0.315789474,1.736842105,P1 O6,de-protonated,0,-9999,C19 H33 O6 P1,19,33,6,-9999,1,-9999,-9999,-9999,-9999,-9999
716,387.202304,387.202410392,387.202441536,7105450.5,-9999,836178.3,12.3,-1,-0.080433019,0.998826812,0,0.599296087,4,0.421052632,1.684210526,O8,de-protonated,0,-9999,C19 H32 O8,19,32,8,-9999,-9999,-9999,-9999,-9999,-9999,-9999
717,388.161226,388.161332736,388.161304998,6999214.5,-9999,758871.1,12.08,-1,0.071459551,0.999073867,0,0.59944432,5,0.529411765,1.588235294,N1 O9,de-protonated,0,-9999,C17 H27 O9 N1,17,27,9,1,-9999,-9999,-9999,-9999,-9999,-9999
718,388.179824,388.179930743,388.179932443,14978227,-9999,735706.7,28.11,-1,-0.004379658,0.99999652000000006,0,0.599997912,4,0.333333333,1.722222222,N1 S1 O6,de-protonated,0,-9999,C18 H31 O6 N1 S1,18,31,6,1,-9999,1,-9999,-9999,-9999,-9999
718,388.179824,388.179930743,388.179552321,14978227,-9999,735706.7,28.11,-1,0.974864396,0.841607369,0,0.504964422,9,0.15,1.4,N3 P1 O3,de-protonated,0,-9999,C20 H28 O3 N3 P1,20,28,3,3,1,-9999,-9999,-9999,-9999,-9999
720,389.096784,389.096891072,389.097188618,33525162,-9999,708446.8,65.38,-1,-0.764708785,0.449663993,0.755017935,0.57180557,24,0.033333333,0.466666667,O1,de-protonated,0,-9999,C30 H14 O1,30,14,1,-9999,-9999,-9999,-9999,-9999,-9999,-9999
720,389.096784,389.096891072,389.09653717,33525162,-9999,708446.8,65.38,-1,0.909549708,0.430307086,0.807789663,0.581300117,15,0.136363636,0.818181818,N2 S1 O3,de-protonated,0,-9999,C22 H18 O3 N2 S1,22,18,3,2,-9999,1,-9999,-9999,-9999,-9999
721,389.1735,389.1736071,389.173463882,8588735,-9999,725347.7,15.28,-1,0.368004988,0.975726289,0,0.585435774,4,0.388888889,1.722222222,P1 O7,de-protonated,0,-9999,C18 H31 O7 P1,18,31,7,-9999,1,-9999,-9999,-9999,-9999,-9999
722,389.319088,389.319195152,389.31900592,8039910.5,-9999,727122.4,14.17,-1,0.486060745,0.958037682,0,0.574822609,0,0.136363636,2.136363636,P1 O3,de-protonated,0,-9999,C22 H47 O3 P1,22,47,3,-9999,1,-9999,-9999,-9999,-9999,-9999
725,391.094724,391.09483179,391.09521356,30740418,-9999,724814.2,59.78,-1,-0.976155188,0.420611441,0.829532115,0.58417971,10,0.368421053,1.105263158,P1 O7,de-protonated,0,-9999,C19 H21 O7 P1,19,21,7,-9999,1,-9999,-9999,-9999,-9999,-9999
725,391.094724,391.09483179,391.094562111,30740418,-9999,724814.2,59.78,-1,0.689549496,0.917341973,0,0.550405184,1,0.818181818,2.272727273,N2 S1 P1 O9,de-protonated,0,-9999,C11 H25 O9 N2 P1 S1,11,25,9,2,1,1,-9999,-9999,-9999,-9999
726,391.152762,391.152869811,391.152728437,13570002,-9999,751399,25.28,-1,0.361428698,0.976575935,0,0.585945561,4,0.470588235,1.705882353,P1 O8,de-protonated,0,-9999,C17 H29 O8 P1,17,29,8,-9999,1,-9999,-9999,-9999,-9999,-9999
727,391.189153,391.189260824,391.189113947,12177372,-9999,743192.8,22.49,-1,0.3754643,0.974744937,0,0.584846962,3,0.388888889,1.833333333,P1 O7,de-protonated,0,-9999,C18 H33 O7 P1,18,33,7,-9999,1,-9999,-9999,-9999,-9999,-9999
728,391.225535,391.225642837,391.225499456,8409062,-9999,798763.6,14.91,-1,0.366492647,0.975922972,0,0.585553783,2,0.315789474,1.947368421,P1 O6,de-protonated,0,-9999,C19 H37 O6 P1,19,37,6,-9999,1,-9999,-9999,-9999,-9999,-9999
729,391.261969,391.26207685,391.261884965,7213039.5,-9999,783641.5,12.51,-1,0.490426022,0.957296974,0,0.574378185,1,0.25,2.05,P1 O5,de-protonated,0,-9999,C20 H41 O5 P1,20,41,5,-9999,1,-9999,-9999,-9999,-9999,-9999
730,393.132038,393.132146522,393.131860051,11276770,-9999,746286.3,20.67,-1,0.728690882,0.90814837,0,0.544889022,17,0.037037037,0.814814815,S1 O1,de-protonated,0,-9999,C27 H22 O1 S1,27,22,1,-9999,-9999,1,-9999,-9999,-9999,-9999
730,393.132038,393.132146522,393.131992992,11276770,-9999,746286.3,20.67,-1,0.390530089,0.972705982,0,0.583623589,4,0.5625,1.6875,P1 O9,de-protonated,0,-9999,C16 H27 O9 P1,16,27,9,-9999,1,-9999,-9999,-9999,-9999,-9999
731,393.168419,393.168527535,393.168378502,21664236,-9999,718777.1,41.55,-1,0.379057935,0.974265486,0,0.584559292,3,0.470588235,1.823529412,P1 O8,de-protonated,0,-9999,C17 H31 O8 P1,17,31,8,-9999,1,-9999,-9999,-9999,-9999,-9999
732,393.20481,393.204918548,393.204764011,14029301,-9999,752996.6,26.21,-1,0.393019956,0.97236171,0,0.583417026,2,0.388888889,1.944444444,P1 O7,de-protonated,0,-9999,C18 H35 O7 P1,18,35,7,-9999,1,-9999,-9999,-9999,-9999,-9999
733,393.241189,393.241297562,393.24114952,7623167,-9999,796698.8,13.33,-1,0.376463756,0.974612027,0,0.584767216,1,0.315789474,2.052631579,P1 O6,de-protonated,0,-9999,C19 H39 O6 P1,19,39,6,-9999,1,-9999,-9999,-9999,-9999,-9999
734,393.27759,393.277698575,393.27753503,22188552,-9999,741926.7,42.6,-1,0.415850779,0.969108928,0,0.581465357,0,0.25,2.15,P1 O5,de-protonated,0,-9999,C20 H43 O5 P1,20,43,5,-9999,1,-9999,-9999,-9999,-9999,-9999
735,395.147683,395.147792247,395.147510115,11342840,-9999,729669.6,20.7,-1,0.713989998,0.911649919,0,0.546989952,16,0.037037037,0.888888889,S1 O1,de-protonated,0,-9999,C27 H24 O1 S1,27,24,1,-9999,-9999,1,-9999,-9999,-9999,-9999
735,395.147683,395.147792247,395.147643057,11342840,-9999,729669.6,20.7,-1,0.377554169,0.97446664,0,0.584679984,3,0.5625,1.8125,P1 O9,de-protonated,0,-9999,C16 H29 O9 P1,16,29,9,-9999,1,-9999,-9999,-9999,-9999,-9999
736,395.165504,395.165613253,395.16526818,7140348.5,-9999,713574.7,12.3,-1,0.873237253,0.870782993,0,0.522469796,16,0.111111111,0.888888889,O3,de-protonated,0,-9999,C27 H24 O3,27,24,3,-9999,-9999,-9999,-9999,-9999,-9999,-9999
737,395.184069,395.18417826,395.184028566,17323010,-9999,743587.4,32.65,-1,0.378794063,0.974300838,0,0.584580503,2,0.470588235,1.941176471,P1 O8,de-protonated,0,-9999,C17 H33 O8 P1,17,33,8,-9999,1,-9999,-9999,-9999,-9999,-9999
738,397.158443,397.158552969,397.158485979,23074314,-9999,732024,44.15,-1,0.168673377,0.994850958,0,0.596910575,2,0.357142857,2.142857143,N4 S2 O5,de-protonated,0,-9999,C14 H30 O5 N4 S2,14,30,5,4,-9999,2,-9999,-9999,-9999,-9999
739,397.163337,397.163446971,397.16316018,13555211,-9999,709965,25.12,-1,0.722099052,0.909725611,0,0.545835366,15,0.037037037,0.962962963,S1 O1,de-protonated,0,-9999,C27 H26 O1 S1,27,26,1,-9999,-9999,1,-9999,-9999,-9999,-9999
739,397.163337,397.163446971,397.163293121,13555211,-9999,709965,25.12,-1,0.387370671,0.973139855,0,0.583883913,2,0.5625,1.9375,P1 O9,de-protonated,0,-9999,C16 H31 O9 P1,16,31,9,-9999,1,-9999,-9999,-9999,-9999,-9999
740,397.18665,397.186759979,397.186791471,12080657,-9999,747621.6,22.17,-1,-0.079287612,0.998859969,0,0.599315981,6,0.4,1.5,O8,de-protonated,0,-9999,C20 H30 O8,20,30,8,-9999,-9999,-9999,-9999,-9999,-9999,-9999
740,397.18665,397.186759979,397.18662928,12080657,-9999,747621.6,22.17,-1,0.329062783,0.980544074,0,0.588326444,1,0.133333333,2.333333333,N4 S2 P1 O2,de-protonated,0,-9999,C15 H35 O2 N4 P1 S2,15,35,2,4,1,2,-9999,-9999,-9999,-9999
741,397.19973,397.199839984,397.199678631,8394260,-9999,748748.8,14.8,-1,0.406226757,0.970501147,0,0.582300688,1,0.470588235,2.058823529,P1 O8,de-protonated,0,-9999,C17 H35 O8 P1,17,35,8,-9999,1,-9999,-9999,-9999,-9999,-9999
746,399.155447,399.155557687,399.155311894,8976405,-9999,719132.3,15.97,-1,0.61578094,0.933510721,0,0.560106432,10,0.086956522,1.260869565,S1 P1 O2,de-protonated,0,-9999,C23 H29 O2 P1 S1,23,29,2,-9999,1,1,-9999,-9999,-9999,-9999
746,399.155447,399.155557687,399.155508599,8976405,-9999,719132.3,15.97,-1,0.122978995,0.997259562,0,0.598355737,2,0.615384615,2.153846154,N4 S1 O8,de-protonated,0,-9999,C13 H28 O8 N4 S1,13,28,8,4,-9999,1,-9999,-9999,-9999,-9999
747,401.164932,401.165043409,401.165285436,8198690,-9999,742795.6,14.41,-1,-0.603312252,0.936088999,0,0.5616534,10,0.15,1.3,N4 S1 O3,de-protonated,0,-9999,C20 H26 O3 N4 S1,20,26,3,4,-9999,1,-9999,-9999,-9999,-9999
748,401.173505,401.173616412,401.173463882,7731748,-9999,722752.3,13.48,-1,0.380208145,0.974111114,0,0.584466669,5,0.368421053,1.631578947,P1 O7,de-protonated,0,-9999,C19 H31 O7 P1,19,31,7,-9999,1,-9999,-9999,-9999,-9999,-9999
749,402.195435,402.195546779,402.195582508,8829742,-9999,698546.2,15.67,-1,-0.08883414,0.998569122,0,0.599141473,4,0.315789474,1.736842105,N1 S1 O6,de-protonated,0,-9999,C19 H33 O6 N1 S1,19,33,6,1,-9999,1,-9999,-9999,-9999,-9999
749,402.195435,402.195546779,402.195202385,8829742,-9999,698546.2,15.67,-1,0.856285255,0.875427789,0,0.525256673,9,0.142857143,1.428571429,N3 P1 O3,de-protonated,0,-9999,C21 H30 O3 N3 P1,21,30,3,3,1,-9999,-9999,-9999,-9999,-9999
752,403.152756,403.152868123,403.152728437,8625192,-9999,725763.2,15.26,-1,0.346482735,0.978452569,0,0.587071541,5,0.444444444,1.611111111,P1 O8,de-protonated,0,-9999,C18 H29 O8 P1,18,29,8,-9999,1,-9999,-9999,-9999,-9999,-9999
753,403.189158,403.189270136,403.189113947,45292592,-9999,718135.4,88.56,-1,0.387384441,0.975845602,0.924976143,0.955497818,4,0.368421053,1.736842105,P1 O7,de-protonated,0,-9999,C19 H33 O7 P1,19,33,7,-9999,1,-9999,-9999,-9999,-9999,-9999
754,403.194736,403.194848138,403.194854232,15113266,-9999,680270.1,28.23,-1,-0.015113899,0.999958553,0,0.599975132,8,0.173913043,1.391304348,S1 O4,de-protonated,0,-9999,C23 H32 O4 S1,23,32,4,-9999,-9999,1,-9999,-9999,-9999,-9999
754,403.194736,403.194848138,403.194474109,15113266,-9999,680270.1,28.23,-1,0.927663194,0.855433176,0,0.513259905,13,0.04,1.16,N2 P1 O1,de-protonated,0,-9999,C25 H29 O1 N2 P1,25,29,1,2,1,-9999,-9999,-9999,-9999,-9999
755,403.225521,403.225633149,403.225499456,9657402,-9999,736891.8,17.32,-1,0.331558656,0.980250761,0,0.588150457,3,0.3,1.85,P1 O6,de-protonated,0,-9999,C20 H37 O6 P1,20,37,6,-9999,1,-9999,-9999,-9999,-9999,-9999
756,403.334721,403.334833188,403.334655984,23075926,-9999,702929,44.15,-1,0.439347544,0.965581892,0,0.579349135,0,0.130434783,2.130434783,P1 O3,de-protonated,0,-9999,C23 H49 O3 P1,23,49,3,-9999,1,-9999,-9999,-9999,-9999,-9999
758,404.192496,404.192608496,404.192468782,14736694,-9999,708927.9,27.48,-1,0.345663596,0.978553232,0.924976143,0.957122397,4,0.368421053,1.736842105,13C1 P1 O7,de-protonated,1,753,C18 H33 O7 P1 13C1,18,33,7,-9999,1,-9999,1,-9999,-9999,-9999
758,404.192496,404.192608496,404.192605127,14736694,-9999,708927.9,27.48,-1,0.00833514,0.999987394,0,0.599992436,4,0.5,1.722222222,N1 O9,de-protonated,0,-9999,C18 H31 O9 N1,18,31,9,1,-9999,-9999,-9999,-9999,-9999,-9999
759,404.33811,404.338222549,404.338147165,7519579.5,-9999,701349.5,13.05,-1,0.186437817,0.993712862,0,0.596227717,0,0.227272727,2.136363636,N1 O5,de-protonated,0,-9999,C22 H47 O5 N1,22,47,5,1,-9999,-9999,-9999,-9999,-9999,-9999
760,404.9382,404.938312764,404.938047666,27467256,-9999,658659.2,52.92,-1,0.654663886,0.925180755,0,0.555108453,14,0.5625,0.375,S2 O9,de-protonated,0,-9999,C16 H6 O9 S2,16,6,9,-9999,-9999,2,-9999,-9999,-9999,-9999
761,405.059264,405.059376808,405.059089032,52239896,-9999,704566.5,102.44,-1,0.710453863,0.905972809,0.929903926,0.915545256,20,0.115384615,0.538461538,S1 O3,de-protonated,0,-9999,C26 H14 O3 S1,26,14,3,-9999,-9999,1,-9999,-9999,-9999,-9999
761,405.059264,405.059376808,405.059221974,52239896,-9999,704566.5,102.44,-1,0.382250437,0.969906102,0.990198388,0.978023016,7,0.733333333,1.266666667,P1 O11,de-protonated,0,-9999,C15 H19 O11 P1,15,19,11,-9999,1,-9999,-9999,-9999,-9999,-9999
762,405.132045,405.132157834,405.131860051,7806506,-9999,804757.9,13.62,-1,0.735027961,0.906621184,0,0.54397271,18,0.035714286,0.785714286,S1 O1,de-protonated,0,-9999,C28 H22 O1 S1,28,22,1,-9999,-9999,1,-9999,-9999,-9999,-9999
762,405.132045,405.132157834,405.131992992,7806506,-9999,804757.9,13.62,-1,0.40688348,0.970407118,0,0.582244271,5,0.529411765,1.588235294,P1 O9,de-protonated,0,-9999,C17 H27 O9 P1,17,27,9,-9999,1,-9999,-9999,-9999,-9999,-9999
763,405.168419,405.168531847,405.168378502,13049395,-9999,764873.6,24.1,-1,0.378472859,0.97434384,0,0.584606304,4,0.444444444,1.722222222,P1 O8,de-protonated,0,-9999,C18 H31 O8 P1,18,31,8,-9999,1,-9999,-9999,-9999,-9999,-9999
764,405.186217,405.186329853,405.186003625,16080440,-9999,752858.6,30.16,-1,0.805132992,0.889031919,0,0.533419152,17,0.068965517,0.896551724,O2,de-protonated,0,-9999,C29 H26 O2,29,26,2,-9999,-9999,-9999,-9999,-9999,-9999,-9999
765,405.204809,405.20492186,405.204764011,13884989,-9999,728811.4,25.77,-1,0.389553563,0.972840441,0,0.583704264,3,0.368421053,1.842105263,P1 O7,de-protonated,0,-9999,C19 H35 O7 P1,19,35,7,-9999,1,-9999,-9999,-9999,-9999,-9999
766,405.241179,405.241291873,405.24114952,7347782,-9999,715341.5,12.71,-1,0.35127893,0.977858597,0,0.586715158,2,0.3,1.95,P1 O6,de-protonated,0,-9999,C20 H39 O6 P1,20,39,6,-9999,1,-9999,-9999,-9999,-9999,-9999
767,405.26792,405.268032883,405.268019174,12115533,-9999,703319.4,22.24,-1,0.033827455,0.99979239,0,0.599875434,1,0.238095238,2,S1 O5,de-protonated,0,-9999,C21 H42 O5 S1,21,42,5,-9999,-9999,1,-9999,-9999,-9999,-9999
767,405.26792,405.268032883,405.267639051,12115533,-9999,703319.4,22.24,-1,0.971781775,0.842524238,0,0.505514543,6,0.086956522,1.695652174,N2 P1 O2,de-protonated,0,-9999,C23 H39 O2 N2 P1,23,39,2,2,1,-9999,-9999,-9999,-9999,-9999
768,405.2776,405.277712886,405.27753503,15900240,-9999,708200,29.8,-1,0.438850907,0.96565831,0,0.579394986,1,0.238095238,2.047619048,P1 O5,de-protonated,0,-9999,C21 H43 O5 P1,21,43,5,-9999,1,-9999,-9999,-9999,-9999,-9999
770,406.062641,406.062754168,406.062443867,9174811,-9999,687615.6,16.36,-1,0.764171241,0.899462106,0.929903926,0.911638834,20,0.115384615,0.538461538,13C1 S1 O3,de-protonated,1,761,C25 H14 O3 S1 13C1,25,14,3,-9999,-9999,1,1,-9999,-9999,-9999
770,406.062641,406.062754168,406.062576809,9174811,-9999,687615.6,16.36,-1,0.436778767,0.965976281,0.990198388,0.975665124,7,0.733333333,1.266666667,13C1 P1 O11,de-protonated,1,761,C14 H19 O11 P1 13C1,14,19,11,-9999,1,-9999,1,-9999,-9999,-9999
770,406.062641,406.062754168,406.062713154,9174811,-9999,687615.6,16.36,-1,0.101003836,0.998150614,0,0.598890368,7,0.928571429,1.214285714,N1 O13,de-protonated,0,-9999,C14 H17 O13 N1,14,17,13,1,-9999,-9999,-9999,-9999,-9999,-9999
771,407.056309,407.056422525,407.056111652,15441949,-9999,709878.7,28.89,-1,0.763711638,0.899576719,0,0.539746032,20,0.24,0.48,O6,de-protonated,0,-9999,C25 H12 O6,25,12,6,-9999,-9999,-9999,-9999,-9999,-9999,-9999
772,407.14766,407.147773558,407.147510115,14229557,-9999,710723.2,26.46,-1,0.647045594,0.926847016,0,0.556108209,17,0.035714286,0.857142857,S1 O1,de-protonated,0,-9999,C28 H24 O1 S1,28,24,1,-9999,-9999,1,-9999,-9999,-9999,-9999
772,407.14766,407.147773558,407.147643057,14229557,-9999,710723.2,26.46,-1,0.320525674,0.981531236,0,0.588918742,4,0.529411765,1.705882353,P1 O9,de-protonated,0,-9999,C17 H29 O9 P1,17,29,9,-9999,1,-9999,-9999,-9999,-9999,-9999
773,407.18409,407.184203571,407.184028566,19243070,-9999,682775.7,36.48,-1,0.42979341,0.96703786,0,0.580222716,3,0.444444444,1.833333333,P1 O8,de-protonated,0,-9999,C18 H33 O8 P1,18,33,8,-9999,1,-9999,-9999,-9999,-9999,-9999
774,407.22041,407.220523584,407.220414076,12066888,-9999,740565.7,22.14,-1,0.26891754,0.986963955,0,0.592178373,2,0.368421053,1.947368421,P1 O7,de-protonated,0,-9999,C19 H37 O7 P1,19,37,7,-9999,1,-9999,-9999,-9999,-9999,-9999
775,407.256869,407.256982597,407.256799585,8011857,-9999,726141.3,14.03,-1,0.449378529,0.96402125,0,0.57841275,1,0.3,2.05,P1 O6,de-protonated,0,-9999,C20 H41 O6 P1,20,41,6,-9999,1,-9999,-9999,-9999,-9999,-9999
777,409.105831,409.105945262,409.105778244,9445936,-9999,723977.6,16.8,-1,0.408250895,0.970210876,0,0.582126525,9,0.421052632,1.210526316,P1 O8,de-protonated,0,-9999,C19 H23 O8 P1,19,23,8,-9999,1,-9999,-9999,-9999,-9999,-9999
778,409.126944,409.127058269,409.12677467,8569398,-9999,728044.1,15.06,-1,0.693181365,0.916506456,0,0.549903874,17,0.074074074,0.814814815,S1 O2,de-protonated,0,-9999,C27 H22 O2 S1,27,22,2,-9999,-9999,1,-9999,-9999,-9999,-9999
778,409.126944,409.127058269,409.126907612,8569398,-9999,728044.1,15.06,-1,0.36824106,0.975695518,0,0.585417311,4,0.625,1.6875,P1 O10,de-protonated,0,-9999,C16 H27 O10 P1,16,27,10,-9999,1,-9999,-9999,-9999,-9999,-9999
779,409.163321,409.163435282,409.16316018,20488768,-9999,720279.3,38.75,-1,0.672354706,0.460624073,0.767553728,0.583395935,16,0.035714286,0.928571429,S1 O1,de-protonated,0,-9999,C28 H26 O1 S1,28,26,1,-9999,-9999,1,-9999,-9999,-9999,-9999
779,409.163321,409.163435282,409.163293121,20488768,-9999,720279.3,38.75,-1,0.347443304,0.978334235,0,0.587000541,3,0.529411765,1.823529412,P1 O9,de-protonated,0,-9999,C17 H31 O9 P1,17,31,9,-9999,1,-9999,-9999,-9999,-9999,-9999
780,409.199742,409.199856295,409.199678631,11231817,-9999,661613.1,20.35,-1,0.434176251,0.966373655,0,0.579824193,2,0.444444444,1.944444444,P1 O8,de-protonated,0,-9999,C18 H35 O8 P1,18,35,8,-9999,1,-9999,-9999,-9999,-9999,-9999
781,409.31107,409.311184335,409.31120414,202056288,-9999,687465.2,399.57,-1,-0.048386134,0.998883228,0.992461907,0.9963147,8,0.071428571,1.5,O2,de-protonated,0,-9999,C28 H42 O2,28,42,2,-9999,-9999,-9999,-9999,-9999,-9999,-9999
783,410.314421,410.314535696,410.314558976,59188072,-9999,686624.2,115.65,-1,-0.05673586,0.998830167,0.992461907,0.996282863,8,0.071428571,1.5,13C1 O2,de-protonated,1,781,C27 H42 O2 13C1,27,42,2,-9999,-9999,-9999,1,-9999,-9999,-9999
785,411.178975,411.179090007,411.178810244,15230026,-9999,685472.6,28.29,-1,0.680391452,0.919432636,0,0.551659582,15,0.035714286,1,S1 O1,de-protonated,0,-9999,C28 H28 O1 S1,28,28,1,-9999,-9999,1,-9999,-9999,-9999,-9999
785,411.178975,411.179090007,411.178943186,15230026,-9999,685472.6,28.29,-1,0.357072803,0.977130673,0,0.586278404,2,0.529411765,1.941176471,P1 O9,de-protonated,0,-9999,C17 H33 O9 P1,17,33,9,-9999,1,-9999,-9999,-9999,-9999,-9999
786,411.203336,411.203451015,411.203310915,17130576,-9999,656039.8,32.07,-1,0.34070718,0.979157457,0,0.587494474,5,0.136363636,1.636363636,S2 O3,de-protonated,0,-9999,C22 H36 O3 S2,22,36,3,-9999,-9999,2,-9999,-9999,-9999,-9999
786,411.203336,411.203451015,411.203778946,17130576,-9999,656039.8,32.07,-1,-0.797489581,0.891010129,0,0.534606078,11,0.181818182,1.272727273,N4 O4,de-protonated,0,-9999,C22 H28 O4 N4,22,28,4,4,-9999,-9999,-9999,-9999,-9999,-9999
787,411.317752,411.317867056,411.317913811,8201325.5,-9999,656977.5,14.33,-1,-0.113669057,0.998244238,0.992461907,0.995931306,8,0.071428571,1.5,13C2 O2,de-protonated,1,781,C26 H42 O2 13C2,26,42,2,-9999,-9999,-9999,2,-9999,-9999,-9999
788,413.158277,413.158392718,413.158074799,7538250.5,-9999,766176.5,13.01,-1,0.769484193,0.898133245,0,0.538879947,15,0.074074074,0.962962963,S1 O2,de-protonated,0,-9999,C27 H26 O2 S1,27,26,2,-9999,-9999,1,-9999,-9999,-9999,-9999
788,413.158277,413.158392718,413.158207741,7538250.5,-9999,766176.5,13.01,-1,0.447714396,0.964282421,0,0.578569453,2,0.625,1.9375,P1 O10,de-protonated,0,-9999,C16 H31 O10 P1,16,31,10,-9999,1,-9999,-9999,-9999,-9999,-9999
789,413.181608,413.181723726,413.181706091,7571024.5,-9999,772037.1,13.07,-1,0.042682143,0.999669498,0,0.599801699,6,0.45,1.5,O9,de-protonated,0,-9999,C20 H30 O9,20,30,9,-9999,-9999,-9999,-9999,-9999,-9999,-9999
789,413.181608,413.181723726,413.181543899,7571024.5,-9999,772037.1,13.07,-1,0.435224692,0.966213836,0,0.579728302,1,0.2,2.333333333,N4 S2 P1 O3,de-protonated,0,-9999,C15 H35 O3 N4 P1 S2,15,35,3,4,1,2,-9999,-9999,-9999,-9999
790,413.201288,413.201403733,413.201670946,13903446,-9999,702924.4,25.66,-1,-0.646688039,0.926924813,0,0.556154888,10,0.090909091,1.363636364,N4 S1 O2,de-protonated,0,-9999,C22 H30 O2 N4 S1,22,30,2,4,-9999,1,-9999,-9999,-9999,-9999
791,413.209867,413.209982736,413.209849392,7276120,-9999,710942.6,12.49,-1,0.322704733,0.98128164,0,0.588768984,5,0.285714286,1.666666667,P1 O6,de-protonated,0,-9999,C21 H35 O6 P1,21,35,6,-9999,1,-9999,-9999,-9999,-9999,-9999
792,415.197207,415.19732345,415.197356155,8235099.5,-9999,635357.6,14.39,-1,-0.07876921,0.998874819,0,0.599324891,5,0.45,1.6,O9,de-protonated,0,-9999,C20 H32 O9,20,32,9,-9999,-9999,-9999,-9999,-9999,-9999,-9999
792,415.197207,415.19732345,415.197193964,8235099.5,-9999,635357.6,14.39,-1,0.311867623,0.982506857,0,0.589504114,0,0.2,2.466666667,N4 S2 P1 O3,de-protonated,0,-9999,C15 H37 O3 N4 P1 S2,15,37,3,4,1,2,-9999,-9999,-9999,-9999
795,417.168388,417.168505159,417.168378502,7653979,-9999,697889.3,13.24,-1,0.303610893,0.983413238,0,0.590047943,5,0.421052632,1.631578947,P1 O8,de-protonated,0,-9999,C19 H31 O8 P1,19,31,8,-9999,1,-9999,-9999,-9999,-9999,-9999
796,417.204796,417.204913172,417.204764011,8890980,-9999,711268.4,15.69,-1,0.357523711,0.977073546,0,0.586244128,4,0.35,1.75,P1 O7,de-protonated,0,-9999,C20 H35 O7 P1,20,35,7,-9999,1,-9999,-9999,-9999,-9999,-9999
797,417.210371,417.210488174,417.210504296,59976292,-9999,667629.5,117.21,-1,-0.038643421,0.999685175,0.992081372,0.996643654,8,0.166666667,1.416666667,S1 O4,de-protonated,0,-9999,C24 H34 O4 S1,24,34,4,-9999,-9999,1,-9999,-9999,-9999,-9999
797,417.210371,417.210488174,417.210124174,59976292,-9999,667629.5,117.21,-1,0.872462238,0.872097585,0.994514427,0.921064322,13,0.038461538,1.192307692,N2 P1 O1,de-protonated,0,-9999,C26 H31 O1 N2 P1,26,31,1,2,1,-9999,-9999,-9999,-9999,-9999
798,417.313962,417.314079211,417.313920539,7129729,-9999,817458.5,12.19,-1,0.380221607,0.974109305,0,0.584465583,1,0.173913043,2.043478261,P1 O4,de-protonated,0,-9999,C23 H47 O4 P1,23,47,4,-9999,1,-9999,-9999,-9999,-9999,-9999
799,417.350347,417.350464224,417.350306049,11004554,-9999,689379.5,19.89,-1,0.378999345,0.974273338,0,0.584564003,0,0.125,2.125,P1 O3,de-protonated,0,-9999,C24 H51 O3 P1,24,51,3,-9999,1,-9999,-9999,-9999,-9999,-9999
801,418.213723,418.213840534,418.213859131,16329579,-9999,707572.4,30.48,-1,-0.044467688,0.999641272,0.992081372,0.996617312,8,0.166666667,1.416666667,13C1 S1 O4,de-protonated,1,797,C23 H34 O4 S1 13C1,23,34,4,-9999,-9999,1,1,-9999,-9999,-9999
801,418.213723,418.213840534,418.213479009,16329579,-9999,707572.4,30.48,-1,0.864452091,0.873198383,0.994514427,0.921724801,13,0.038461538,1.192307692,13C1 N2 P1 O1,de-protonated,1,797,C25 H31 O1 N2 P1 13C1,25,31,1,2,1,-9999,1,-9999,-9999,-9999
801,418.213723,418.213840534,418.213615354,16329579,-9999,707572.4,30.48,-1,0.538432725,0.94875588,0,0.569253528,13,0.12,1.16,N3 O3,de-protonated,0,-9999,C25 H29 O3 N3,25,29,3,3,-9999,-9999,-9999,-9999,-9999,-9999
802,418.953828,418.9539458,418.95369773,14396459,-9999,609483.7,26.63,-1,0.592117268,0.938364861,0,0.563018917,14,0.529411765,0.470588235,S2 O9,de-protonated,0,-9999,C17 H8 O9 S2,17,8,9,-9999,-9999,2,-9999,-9999,-9999,-9999
803,419.147708,419.14782587,419.147510115,7720029.5,-9999,714763.3,13.37,-1,0.753325865,0.90215214,0,0.541291284,18,0.034482759,0.827586207,S1 O1,de-protonated,0,-9999,C29 H24 O1 S1,29,24,1,-9999,-9999,1,-9999,-9999,-9999,-9999
803,419.147708,419.14782587,419.147643057,7720029.5,-9999,714763.3,13.37,-1,0.436154022,0.966071874,0,0.579643124,5,0.5,1.611111111,P1 O9,de-protonated,0,-9999,C18 H29 O9 P1,18,29,9,-9999,1,-9999,-9999,-9999,-9999,-9999
804,419.184057,419.184174883,419.184028566,91303016,-9999,672122.6,179.47,-1,0.349051087,0.976269486,0.976772103,0.976470533,4,0.421052632,1.736842105,P1 O8,de-protonated,0,-9999,C19 H33 O8 P1,19,33,8,-9999,1,-9999,-9999,-9999,-9999,-9999
805,419.220434,419.220551896,419.220414076,10382448,-9999,683863,18.66,-1,0.328753936,0.980580221,0,0.588348133,3,0.35,1.85,P1 O7,de-protonated,0,-9999,C20 H37 O7 P1,20,37,7,-9999,1,-9999,-9999,-9999,-9999,-9999
806,419.293224,419.293341922,419.293185094,9096323,-9999,683005.5,16.1,-1,0.37402901,0.974935217,0,0.58496113,1,0.227272727,2.045454545,P1 O5,de-protonated,0,-9999,C22 H45 O5 P1,22,45,5,-9999,1,-9999,-9999,-9999,-9999,-9999
807,420.187424,420.187542243,420.187383401,21933420,-9999,639847.6,41.61,-1,0.378026781,0.974403502,0.976772103,0.975350943,4,0.421052632,1.736842105,13C1 P1 O8,de-protonated,1,804,C18 H33 O8 P1 13C1,18,33,8,-9999,1,-9999,1,-9999,-9999,-9999
807,420.187424,420.187542243,420.187519747,21933420,-9999,639847.6,41.61,-1,0.053539106,0.999480024,0,0.599688015,4,0.555555556,1.722222222,N1 O10,de-protonated,0,-9999,C18 H31 O10 N1,18,31,10,1,-9999,-9999,-9999,-9999,-9999,-9999
808,421.068807,421.06892556,421.069259793,9694802,-9999,691800.5,17.29,-1,-0.79377151,0.891967166,0,0.5351803,24,0.033333333,0.466666667,S1 O1,de-protonated,0,-9999,C30 H14 O1 S1,30,14,1,-9999,-9999,1,-9999,-9999,-9999,-9999
808,421.068807,421.06892556,421.068608344,9694802,-9999,691800.5,17.29,-1,0.753359171,0.902143925,0,0.541286355,15,0.136363636,0.818181818,N2 S2 O3,de-protonated,0,-9999,C22 H18 O3 N2 S2,22,18,3,2,-9999,2,-9999,-9999,-9999,-9999
809,421.155081,421.155199591,421.155114676,34713192,-9999,693255.7,67.01,-1,0.201625134,0.990803275,0.960899456,0.978841747,9,0.263157895,1.368421053,N4 S1 O5,de-protonated,0,-9999,C19 H26 O5 N4 S1,19,26,5,4,-9999,1,-9999,-9999,-9999,-9999
810,421.163321,421.163439594,421.16316018,14118506,-9999,647581.6,26.08,-1,0.663435085,0.92324196,0,0.553945176,17,0.034482759,0.896551724,S1 O1,de-protonated,0,-9999,C29 H26 O1 S1,29,26,1,-9999,-9999,1,-9999,-9999,-9999,-9999
810,421.163321,421.163439594,421.163293121,14118506,-9999,647581.6,26.08,-1,0.347781227,0.978292531,0,0.586975519,4,0.5,1.722222222,P1 O9,de-protonated,0,-9999,C18 H31 O9 P1,18,31,9,-9999,1,-9999,-9999,-9999,-9999,-9999
811,421.181115,421.1812336,421.180918244,28094064,-9999,678565.2,53.85,-1,0.74874254,0.451639896,0.761234226,0.575477628,17,0.103448276,0.896551724,O3,de-protonated,0,-9999,C29 H26 O3,29,26,3,-9999,-9999,-9999,-9999,-9999,-9999,-9999
812,421.199714,421.199832607,421.199678631,16920180,-9999,684659,31.65,-1,0.365566312,0.976043063,0,0.585625838,3,0.421052632,1.842105263,P1 O8,de-protonated,0,-9999,C19 H35 O8 P1,19,35,8,-9999,1,-9999,-9999,-9999,-9999,-9999
813,421.226402,421.226520617,421.226548284,572468864,-9999,653651.6,1135.67,-1,-0.065682227,0.999516279,0.994980103,0.997701809,2,0.35,1.9,S1 O7,de-protonated,0,-9999,C20 H38 O7 S1,20,38,7,-9999,-9999,1,-9999,-9999,-9999,-9999
813,421.226402,421.226520617,421.226168161,572468864,-9999,653651.6,1135.67,-1,0.836736767,0.877445478,0.987007754,0.921270389,7,0.181818182,1.590909091,N2 P1 O4,de-protonated,0,-9999,C22 H35 O4 N2 P1,22,35,4,2,1,-9999,-9999,-9999,-9999,-9999
814,421.23613,421.23624862,421.23606414,7237245.5,-9999,712980.7,12.41,-1,0.437949557,0.965796795,0,0.579478077,2,0.35,1.95,P1 O7,de-protonated,0,-9999,C20 H39 O7 P1,20,39,7,-9999,1,-9999,-9999,-9999,-9999,-9999
815,422.158455,422.158573952,422.158409152,9203566,-9999,703170.5,16.21,-1,0.390374249,0.972727461,0,0.583636476,17,0.035714286,0.892857143,N1 S1 O1,de-protonated,0,-9999,C28 H25 O1 N1 S1,28,25,1,1,-9999,1,-9999,-9999,-9999,-9999
815,422.158455,422.158573952,422.158542094,9203566,-9999,703170.5,16.21,-1,0.075464639,0.998967199,0,0.59938032,4,0.529411765,1.764705882,N1 P1 O9,de-protonated,0,-9999,C17 H30 O9 N1 P1,17,30,9,1,1,-9999,-9999,-9999,-9999,-9999
815,422.158455,422.158573952,422.158469511,9203566,-9999,703170.5,16.21,-1,0.247397386,0.988955789,0.960899456,0.977733255,9,0.263157895,1.368421053,13C1 N4 S1 O5,de-protonated,1,809,C18 H26 O5 N4 S1 13C1,18,26,5,4,-9999,1,1,-9999,-9999,-9999
816,422.229753,422.229871977,422.229903119,124858240,-9999,654908.3,244.62,-1,-0.073755222,0.999475465,0.994980103,0.99767732,2,0.35,1.9,13C1 S1 O7,de-protonated,1,813,C19 H38 O7 S1 13C1,19,38,7,-9999,-9999,1,1,-9999,-9999,-9999
816,422.229753,422.229871977,422.229522996,124858240,-9999,654908.3,244.62,-1,0.826519323,0.878352112,0.987007754,0.921814369,7,0.181818182,1.590909091,13C1 N2 P1 O4,de-protonated,1,813,C21 H35 O4 N2 P1 13C1,21,35,4,2,1,-9999,1,-9999,-9999,-9999
816,422.229753,422.229871977,422.229659342,124858240,-9999,654908.3,244.62,-1,0.503600908,0.949821533,0.926555738,0.940515215,7,0.285714286,1.571428571,N3 O6,de-protonated,0,-9999,C21 H33 O6 N3,21,33,6,3,-9999,-9999,-9999,-9999,-9999,-9999
817,423.073785,423.07390428,423.07349305,29339742,-9999,675553.1,55.98,-1,0.972007181,0.42122863,0.800793265,0.573054484,20,0.217391304,0.52173913,N4 O5,de-protonated,0,-9999,C23 H12 O5 N4,23,12,5,4,-9999,-9999,-9999,-9999,-9999,-9999
818,423.14259499999997,423.142714305,423.142424735,8663151,-9999,712394,15.14,-1,0.684333335,0.918535599,0,0.551121359,17,0.071428571,0.857142857,S1 O2,de-protonated,0,-9999,C28 H24 O2 S1,28,24,2,-9999,-9999,1,-9999,-9999,-9999,-9999
818,423.14259499999997,423.142714305,423.142557676,8663151,-9999,712394,15.14,-1,0.370155954,0.975445226,0,0.585267136,4,0.588235294,1.705882353,P1 O10,de-protonated,0,-9999,C17 H29 O10 P1,17,29,10,-9999,1,-9999,-9999,-9999,-9999,-9999
819,423.152116,423.152235309,423.151940591,11120754,-9999,663065.7,20,-1,0.69648183,0.915744038,0,0.549446423,17,0.071428571,0.892857143,P1 O2,de-protonated,0,-9999,C28 H25 O2 P1,28,25,2,-9999,1,-9999,-9999,-9999,-9999,-9999
819,423.152116,423.152235309,423.152137295,11120754,-9999,663065.7,20,-1,0.231626262,0.990312377,0,0.594187426,9,0.444444444,1.333333333,N4 O8,de-protonated,0,-9999,C18 H24 O8 N4,18,24,8,4,-9999,-9999,-9999,-9999,-9999,-9999
820,423.178955,423.179074318,423.178810244,14889081,-9999,648142.4,27.44,-1,0.624025057,0.93178103,0,0.559068618,16,0.034482759,0.965517241,S1 O1,de-protonated,0,-9999,C29 H28 O1 S1,29,28,1,-9999,-9999,1,-9999,-9999,-9999,-9999
820,423.178955,423.179074318,423.178943186,14889081,-9999,648142.4,27.44,-1,0.309874707,0.982727779,0,0.589636667,3,0.5,1.833333333,P1 O9,de-protonated,0,-9999,C18 H33 O9 P1,18,33,9,-9999,1,-9999,-9999,-9999,-9999,-9999
821,423.196711,423.196830325,423.196568309,7377021.5,-9999,629238.6,12.6,-1,0.619135032,0.932809391,0,0.559685634,16,0.103448276,0.965517241,O3,de-protonated,0,-9999,C29 H28 O3,29,28,3,-9999,-9999,-9999,-9999,-9999,-9999,-9999
822,423.215388,423.215507331,423.215328695,7975042,-9999,684792.8,13.78,-1,0.422092915,0.968189604,0,0.580913763,2,0.421052632,1.947368421,P1 O8,de-protonated,0,-9999,C19 H37 O8 P1,19,37,8,-9999,1,-9999,-9999,-9999,-9999,-9999
823,423.222214,423.222333334,423.222344113,25571460,-9999,671045.3,48.54,-1,-0.02547029,0.999649237,0.994980103,0.997781583,2,0.35,1.9,34S1 O7,de-protonated,1,813,C20 H38 O7 34S1,20,38,7,-9999,-9999,-9999,-9999,-9999,-9999,1
823,423.222214,423.222333334,423.222406391,25571460,-9999,671045.3,48.54,-1,-0.172620624,0.497303902,0.793917021,0.61594915,11,0.041666667,1.333333333,N4 S1 O1,de-protonated,0,-9999,C24 H32 O1 N4 S1,24,32,1,4,-9999,1,-9999,-9999,-9999,-9999
824,423.230652,423.230771337,423.230584836,8892550,-9999,700003.7,15.6,-1,0.440659047,0.965379706,0,0.579227823,6,0.217391304,1.608695652,P1 O5,de-protonated,0,-9999,C23 H37 O5 P1,23,37,5,-9999,1,-9999,-9999,-9999,-9999,-9999
824,423.230652,423.230771337,423.230793277,8892550,-9999,700003.7,15.6,-1,-0.051839928,0.999575277,0.994980103,0.997737207,2,0.35,1.9,S1 O6 18O1,de-protonated,1,813,C20 H38 O6 S1 18O1,20,38,6,-9999,-9999,1,-9999,1,-9999,-9999
825,423.233132,423.233251338,423.232953818,15691911,-9999,679904.6,29.02,-1,0.702968789,0.914236844,0,0.548542107,15,0.066666667,1.066666667,O2,de-protonated,0,-9999,C30 H32 O2,30,32,2,-9999,-9999,-9999,-9999,-9999,-9999,-9999
825,423.233132,423.233251338,423.233257954,15691911,-9999,679904.6,29.02,-1,-0.015632545,0.999663909,0.994980103,0.997790387,2,0.35,1.9,13C2 S1 O7,de-protonated,1,813,C18 H38 O7 S1 13C2,18,38,7,-9999,-9999,1,2,-9999,-9999,-9999
825,423.233132,423.233251338,423.232877831,15691911,-9999,679904.6,29.02,-1,0.882507779,0.873283572,0.987007754,0.918773245,7,0.181818182,1.590909091,13C2 N2 P1 O4,de-protonated,1,813,C20 H35 O4 N2 P1 13C2,20,35,4,2,1,-9999,2,-9999,-9999,-9999
825,423.233132,423.233251338,423.233014177,15691911,-9999,679904.6,29.02,-1,0.560354885,0.944618203,0.926555738,0.937393217,7,0.285714286,1.571428571,13C1 N3 O6,de-protonated,1,816,C20 H33 O6 N3 13C1,20,33,6,3,-9999,-9999,1,-9999,-9999,-9999
826,424.073373,424.07349264,424.073767096,9072995,-9999,752898.6,15.95,-1,-0.647189694,0.926815652,0,0.556089391,10,0.352941176,1.176470588,N3 S1 P1 O6,de-protonated,0,-9999,C17 H20 O6 N3 P1 S1,17,20,6,3,1,1,-9999,-9999,-9999,-9999
827,425.070821,425.070940998,425.07104996100003,10990184,-9999,641686.7,19.74,-1,-0.256340169,0.988147753,0,0.592888652,0,0.833333333,2.25,S2 P1 O10,de-protonated,0,-9999,C12 H27 O10 P1 S2,12,27,10,-9999,1,2,-9999,-9999,-9999,-9999
828,425.158246,425.158366029,425.158074799,9695871,-9999,737761.9,17.18,-1,0.68499284,0.918385098,0,0.551031059,16,0.071428571,0.928571429,S1 O2,de-protonated,0,-9999,C28 H26 O2 S1,28,26,2,-9999,-9999,1,-9999,-9999,-9999,-9999
828,425.158246,425.158366029,425.158207741,9695871,-9999,737761.9,17.18,-1,0.372304954,0.975162866,0,0.585097719,3,0.588235294,1.823529412,P1 O10,de-protonated,0,-9999,C17 H31 O10 P1,17,31,10,-9999,1,-9999,-9999,-9999,-9999,-9999
829,425.194599,425.194719042,425.194460309,8614536,-9999,624629.5,15.05,-1,0.608507337,0.935020305,0,0.561012183,15,0.034482759,1.034482759,S1 O1,de-protonated,0,-9999,C29 H30 O1 S1,29,30,1,-9999,-9999,1,-9999,-9999,-9999,-9999
829,425.194599,425.194719042,425.19459325,8614536,-9999,624629.5,15.05,-1,0.295846233,0.984244148,0,0.590546489,2,0.5,1.944444444,P1 O9,de-protonated,0,-9999,C18 H35 O9 P1,18,35,9,-9999,1,-9999,-9999,-9999,-9999,-9999
830,425.218995,425.219115051,425.21896098,19575438,-9999,668696.5,36.69,-1,0.362334112,0.976459823,0,0.585875894,5,0.130434783,1.652173913,S2 O3,de-protonated,0,-9999,C23 H38 O3 S2,23,38,3,-9999,-9999,2,-9999,-9999,-9999,-9999
830,425.218995,425.219115051,425.219429011,19575438,-9999,668696.5,36.69,-1,-0.73834659,0.905817178,0,0.543490307,11,0.173913043,1.304347826,N4 O4,de-protonated,0,-9999,C23 H30 O4 N4,23,30,4,4,-9999,-9999,-9999,-9999,-9999,-9999
831,427.085768,427.085888722,427.085697704,11236473,-9999,721432.3,20.22,-1,0.44725996,0.964353585,0,0.578612151,13,0.318181818,0.909090909,S1 O7,de-protonated,0,-9999,C22 H20 O7 S1,22,20,7,-9999,-9999,1,-9999,-9999,-9999,-9999
832,427.116363,427.116483733,427.116209986,11580545,-9999,713727,20.9,-1,0.640918651,0.928175084,0,0.55690505,21,0.033333333,0.666666667,S1 O1,de-protonated,0,-9999,C30 H20 O1 S1,30,20,1,-9999,-9999,1,-9999,-9999,-9999,-9999
832,427.116363,427.116483733,427.116342928,11580545,-9999,713727,20.9,-1,0.329664311,0.980473578,0,0.588284147,8,0.473684211,1.315789474,P1 O9,de-protonated,0,-9999,C19 H25 O9 P1,19,25,9,-9999,1,-9999,-9999,-9999,-9999,-9999
833,427.173895,427.174015754,427.173724864,9319568,-9999,733227.6,16.44,-1,0.680964183,0.91930257,0,0.551581542,15,0.071428571,1,S1 O2,de-protonated,0,-9999,C28 H28 O2 S1,28,28,2,-9999,-9999,1,-9999,-9999,-9999,-9999
833,427.173895,427.174015754,427.173857805,9319568,-9999,733227.6,16.44,-1,0.369751739,0.975498163,0,0.585298898,2,0.588235294,1.941176471,P1 O10,de-protonated,0,-9999,C17 H33 O10 P1,17,33,10,-9999,1,-9999,-9999,-9999,-9999,-9999
834,427.197274,427.197394762,427.197356155,7402646,-9999,652129.7,12.65,-1,0.090372509,0.998519172,0,0.599111503,6,0.428571429,1.523809524,O9,de-protonated,0,-9999,C21 H32 O9,21,32,9,-9999,-9999,-9999,-9999,-9999,-9999,-9999
834,427.197274,427.197394762,427.197193964,7402646,-9999,652129.7,12.65,-1,0.47003639,0.96070468,0,0.576422808,1,0.1875,2.3125,N4 S2 P1 O3,de-protonated,0,-9999,C16 H37 O3 N4 P1 S2,16,37,3,4,1,2,-9999,-9999,-9999,-9999
835,427.216956,427.217076769,427.21732101,20952220,-9999,692604.3,39.41,-1,-0.571702385,0.942418962,0,0.565451377,10,0.086956522,1.391304348,N4 S1 O2,de-protonated,0,-9999,C23 H32 O2 N4 S1,23,32,2,4,-9999,1,-9999,-9999,-9999,-9999
836,427.225623,427.225743772,427.225499456,7091357.5,-9999,693316.5,12.04,-1,0.571867136,0.942386746,0,0.565432047,5,0.272727273,1.681818182,P1 O6,de-protonated,0,-9999,C22 H37 O6 P1,22,37,6,-9999,1,-9999,-9999,-9999,-9999,-9999
837,427.23358,427.233700775,427.233741665,7845023.5,-9999,714930.9,13.53,-1,-0.095707348,0.998339329,0,0.599003598,5,0.363636364,1.636363636,O8,de-protonated,0,-9999,C22 H36 O8,22,36,8,-9999,-9999,-9999,-9999,-9999,-9999,-9999
837,427.23358,427.233700775,427.233579473,7845023.5,-9999,714930.9,13.53,-1,0.283924128,0.98547935,0,0.59128761,0,0.117647059,2.411764706,N4 S2 P1 O2,de-protonated,0,-9999,C17 H41 O2 N4 P1 S2,17,41,2,4,1,2,-9999,-9999,-9999,-9999
838,429.0828,429.08292144,429.082720324,10221191,-9999,622225.3,18.22,-1,0.46871154,0.960921505,0,0.576552903,13,0.476190476,0.857142857,O10,de-protonated,0,-9999,C21 H18 O10,21,18,10,-9999,-9999,-9999,-9999,-9999,-9999,-9999
838,429.0828,429.08292144,429.083209581,10221191,-9999,622225.3,18.22,-1,-0.671527855,0.921433911,0,0.552860347,17,0.083333333,0.791666667,N2 S1 P1 O2,de-protonated,0,-9999,C24 H19 O2 N2 P1 S1,24,19,2,2,1,1,-9999,-9999,-9999,-9999
838,429.0828,429.08292144,429.082558132,10221191,-9999,622225.3,18.22,-1,0.846707343,0.878022569,0,0.526813541,8,0.25,1.4375,N4 S2 P1 O4,de-protonated,0,-9999,C16 H23 O4 N4 P1 S2,16,23,4,4,1,2,-9999,-9999,-9999,-9999
839,429.212833,429.212954486,429.21300622,7190185,-9999,749921.7,12.23,-1,-0.120530751,0.997367446,0,0.598420468,5,0.428571429,1.619047619,O9,de-protonated,0,-9999,C21 H34 O9,21,34,9,-9999,-9999,-9999,-9999,-9999,-9999,-9999
839,429.212833,429.212954486,429.212844028,7190185,-9999,749921.7,12.23,-1,0.25735009,0.98805474,0,0.592832844,0,0.1875,2.4375,N4 S2 P1 O3,de-protonated,0,-9999,C16 H39 O3 N4 P1 S2,16,39,3,4,1,2,-9999,-9999,-9999,-9999
840,429.21403,429.214151487,429.213875599,7313065.5,-9999,616281,12.47,-1,0.642773241,0.927774219,0,0.556664531,4,0.181818182,1.727272727,S2 O4,de-protonated,0,-9999,C22 H38 O4 S2,22,38,4,-9999,-9999,2,-9999,-9999,-9999,-9999
840,429.21403,429.214151487,429.21434363,7313065.5,-9999,616281,12.47,-1,-0.447663175,0.964290446,0,0.578574267,10,0.227272727,1.363636364,N4 O5,de-protonated,0,-9999,C22 H30 O5 N4,22,30,5,4,-9999,-9999,-9999,-9999,-9999,-9999
841,429.249293,429.249414499,429.249391729,8500915,-9999,682642.4,14.82,-1,0.053046981,0.999489537,0,0.599693722,4,0.363636364,1.727272727,O8,de-protonated,0,-9999,C22 H38 O8,22,38,8,-9999,-9999,-9999,-9999,-9999,-9999,-9999
843,431.184084,431.184206195,431.184028566,8911026,-9999,691411.2,15.63,-1,0.411954709,0.969676222,0,0.581805733,5,0.4,1.65,P1 O8,de-protonated,0,-9999,C20 H33 O8 P1,20,33,8,-9999,1,-9999,-9999,-9999,-9999,-9999
844,431.192114,431.192236197,431.192270775,7477428.5,-9999,668545.7,12.8,-1,-0.080190013,0.998833886,0,0.599300332,5,0.5,1.6,O10,de-protonated,0,-9999,C20 H32 O10,20,32,10,-9999,-9999,-9999,-9999,-9999,-9999,-9999
844,431.192114,431.192236197,431.192108583,7477428.5,-9999,668545.7,12.8,-1,0.295956289,0.984232516,0,0.59053951,0,0.266666667,2.466666667,N4 S2 P1 O4,de-protonated,0,-9999,C15 H37 O4 N4 P1 S2,15,37,4,4,1,2,-9999,-9999,-9999,-9999
845,431.22046,431.220582208,431.220414076,8689852,-9999,683210.4,15.19,-1,0.389898079,0.97279304,0,0.583675824,4,0.333333333,1.761904762,P1 O7,de-protonated,0,-9999,C21 H37 O7 P1,21,37,7,-9999,1,-9999,-9999,-9999,-9999,-9999
846,431.225995,431.22611721,431.226154361,10041534,-9999,676263.6,17.86,-1,-0.086152103,0.998654161,0,0.599192496,8,0.16,1.44,S1 O4,de-protonated,0,-9999,C25 H36 O4 S1,25,36,4,-9999,-9999,1,-9999,-9999,-9999,-9999
846,431.225995,431.22611721,431.225774238,10041534,-9999,676263.6,17.86,-1,0.795340864,0.891563632,0,0.534938179,13,0.037037037,1.222222222,N2 P1 O1,de-protonated,0,-9999,C27 H33 O1 N2 P1,27,33,1,2,1,-9999,-9999,-9999,-9999,-9999
847,431.228523,431.228645211,431.228656284,8779966,-9999,658965.8,15.37,-1,-0.025679142,0.999880357,0,0.599928214,4,0.428571429,1.714285714,O9,de-protonated,0,-9999,C21 H36 O9,21,36,9,-9999,-9999,-9999,-9999,-9999,-9999,-9999
848,431.256861,431.256983221,431.256799585,7461062,-9999,616116.6,12.77,-1,0.425815292,0.967635286,0,0.580581172,3,0.272727273,1.863636364,P1 O6,de-protonated,0,-9999,C22 H41 O6 P1,22,41,6,-9999,1,-9999,-9999,-9999,-9999,-9999
849,431.365978,431.36610026,431.365956113,11040995,-9999,661267.1,19.84,-1,0.334163821,0.979942335,0,0.587965401,0,0.12,2.12,P1 O3,de-protonated,0,-9999,C25 H53 O3 P1,25,53,3,-9999,1,-9999,-9999,-9999,-9999,-9999
850,433.163305,433.163427906,433.16316018,10959552,-9999,663187.5,19.67,-1,0.618072072,0.933032008,0,0.559819205,18,0.033333333,0.866666667,S1 O1,de-protonated,0,-9999,C30 H26 O1 S1,30,26,1,-9999,-9999,1,-9999,-9999,-9999,-9999
850,433.163305,433.163427906,433.163293121,10959552,-9999,663187.5,19.67,-1,0.311162843,0.982585141,0,0.589551084,5,0.473684211,1.631578947,P1 O9,de-protonated,0,-9999,C19 H31 O9 P1,19,31,9,-9999,1,-9999,-9999,-9999,-9999,-9999
851,433.199708,433.199830919,433.199678631,14367434,-9999,683830,26.4,-1,0.351542393,0.977825743,0,0.586695446,4,0.4,1.75,P1 O8,de-protonated,0,-9999,C20 H35 O8 P1,20,35,8,-9999,1,-9999,-9999,-9999,-9999,-9999
852,433.236076,433.236198932,433.23606414,9648852,-9999,663718,17.08,-1,0.311127766,0.982589032,0,0.589553419,3,0.333333333,1.857142857,P1 O7,de-protonated,0,-9999,C21 H39 O7 P1,21,39,7,-9999,1,-9999,-9999,-9999,-9999,-9999
853,433.308853,433.308975958,433.308835159,16890598,-9999,651572.8,31.39,-1,0.324939642,0.981023956,0,0.588614374,1,0.217391304,2.043478261,P1 O5,de-protonated,0,-9999,C23 H47 O5 P1,23,47,5,-9999,1,-9999,-9999,-9999,-9999,-9999
855,435.084455,435.084578596,435.084909857,10321089,-9999,692497.6,18.41,-1,-0.76137178,0.90015938,0,0.540095628,24,0.032258065,0.516129032,S1 O1,de-protonated,0,-9999,C31 H16 O1 S1,31,16,1,-9999,-9999,1,-9999,-9999,-9999,-9999
855,435.084455,435.084578596,435.084258409,10321089,-9999,692497.6,18.41,-1,0.73592023,0.906405299,0,0.54384318,15,0.130434783,0.869565217,N2 S2 O3,de-protonated,0,-9999,C23 H20 O3 N2 S2,23,20,3,2,-9999,2,-9999,-9999,-9999,-9999
855,435.084455,435.084578596,435.08439135,10321089,-9999,692497.6,18.41,-1,0.430366111,0.966951426,0,0.580170856,2,0.916666667,2.083333333,N2 S1 P1 O11,de-protonated,0,-9999,C12 H25 O11 N2 P1 S1,12,25,11,2,1,1,-9999,-9999,-9999,-9999
856,435.142556,435.142679617,435.142424735,7634128.5,-9999,631019.5,13.1,-1,0.585744067,0.939643869,0,0.563786321,18,0.068965517,0.827586207,S1 O2,de-protonated,0,-9999,C29 H24 O2 S1,29,24,2,-9999,-9999,1,-9999,-9999,-9999,-9999
856,435.142556,435.142679617,435.142557676,7634128.5,-9999,631019.5,13.1,-1,0.280230838,0.985851995,0,0.591511197,5,0.555555556,1.611111111,P1 O10,de-protonated,0,-9999,C18 H29 O10 P1,18,29,10,-9999,1,-9999,-9999,-9999,-9999,-9999
857,435.178973,435.17909663,435.178810244,19807450,-9999,645409.3,37.15,-1,0.658087714,0.462213268,0.755017935,0.579335135,17,0.033333333,0.933333333,S1 O1,de-protonated,0,-9999,C30 H28 O1 S1,30,28,1,-9999,-9999,1,-9999,-9999,-9999,-9999
857,435.178973,435.17909663,435.178943186,19807450,-9999,645409.3,37.15,-1,0.352600007,0.977693622,0,0.586616173,4,0.473684211,1.736842105,P1 O9,de-protonated,0,-9999,C19 H33 O9 P1,19,33,9,-9999,1,-9999,-9999,-9999,-9999,-9999
858,435.205657,435.20578064,435.205812839,12156129,-9999,709327,22.04,-1,-0.073986636,0.999007239,0,0.599404343,3,0.4,1.8,S1 O8,de-protonated,0,-9999,C20 H36 O8 S1,20,36,8,-9999,-9999,1,-9999,-9999,-9999,-9999
858,435.205657,435.20578064,435.205432716,12156129,-9999,709327,22.04,-1,0.799445687,0.890505244,0,0.534303146,8,0.227272727,1.5,N2 P1 O5,de-protonated,0,-9999,C22 H33 O5 N2 P1,22,33,5,2,1,-9999,-9999,-9999,-9999,-9999
859,435.215362,435.215485643,435.215328695,18169060,-9999,688620.1,33.91,-1,0.360621083,0.976679271,0,0.586007563,3,0.4,1.85,P1 O8,de-protonated,0,-9999,C20 H37 O8 P1,20,37,8,-9999,1,-9999,-9999,-9999,-9999,-9999
860,435.251729,435.251852656,435.251714205,8248557.5,-9999,693867.2,14.32,-1,0.318095335,0.981807694,0,0.589084617,2,0.333333333,1.952380952,P1 O7,de-protonated,0,-9999,C21 H41 O7 P1,21,41,7,-9999,1,-9999,-9999,-9999,-9999,-9999
861,436.174247,436.174370988,436.174059216,10943973,-9999,634498.4,19.64,-1,0.714786281,0.911461741,0,0.546877045,17,0.034482759,0.931034483,N1 S1 O1,de-protonated,0,-9999,C29 H27 O1 N1 S1,29,27,1,1,-9999,1,-9999,-9999,-9999,-9999
861,436.174247,436.174370988,436.174192158,10943973,-9999,634498.4,19.64,-1,0.409995609,0.969959587,0,0.581975752,4,0.5,1.777777778,N1 P1 O9,de-protonated,0,-9999,C18 H32 O9 N1 P1,18,32,9,1,1,-9999,-9999,-9999,-9999,-9999
864,437.081521,437.081645314,437.081932477,8838872,-9999,636054.3,15.38,-1,-0.657001922,0.924666079,0,0.554799647,24,0.133333333,0.466666667,O4,de-protonated,0,-9999,C30 H14 O4,30,14,4,-9999,-9999,-9999,-9999,-9999,-9999,-9999
864,437.081521,437.081645314,437.081281028,8838872,-9999,636054.3,15.38,-1,0.833449123,0.881578656,0,0.528947194,15,0.272727273,0.818181818,N2 S1 O6,de-protonated,0,-9999,C22 H18 O6 N2 S1,22,18,6,2,-9999,1,-9999,-9999,-9999,-9999
865,437.089419,437.089543316,437.089143114,37109468,-9999,643639.3,70.84,-1,0.915606998,0.429444752,0.793917021,0.57523366,20,0.208333333,0.583333333,N4 O5,de-protonated,0,-9999,C24 H14 O5 N4,24,14,5,4,-9999,-9999,-9999,-9999,-9999,-9999
866,437.158221,437.158345341,437.158074799,11402989,-9999,664483.6,20.41,-1,0.618865084,0.932865957,0,0.559719574,17,0.068965517,0.896551724,S1 O2,de-protonated,0,-9999,C29 H26 O2 S1,29,26,2,-9999,-9999,1,-9999,-9999,-9999,-9999
866,437.158221,437.158345341,437.158207741,11402989,-9999,664483.6,20.41,-1,0.314760506,0.982183741,0,0.589310245,4,0.555555556,1.722222222,P1 O10,de-protonated,0,-9999,C18 H31 O10 P1,18,31,10,-9999,1,-9999,-9999,-9999,-9999,-9999
867,437.194621,437.194745354,437.194460309,21937910,-9999,658464.9,41.08,-1,0.651988127,0.462883936,0.755017935,0.579737536,16,0.033333333,1,S1 O1,de-protonated,0,-9999,C30 H30 O1 S1,30,30,1,-9999,-9999,1,-9999,-9999,-9999,-9999
867,437.194621,437.194745354,437.19459325,21937910,-9999,658464.9,41.08,-1,0.347908848,0.978276771,0,0.586966063,3,0.473684211,1.842105263,P1 O9,de-protonated,0,-9999,C19 H35 O9 P1,19,35,9,-9999,1,-9999,-9999,-9999,-9999,-9999
868,437.221305,437.221429364,437.221462903,17874686,-9999,641186.8,33.11,-1,-0.076710884,0.998932824,0,0.599359695,2,0.4,1.9,S1 O8,de-protonated,0,-9999,C20 H38 O8 S1,20,38,8,-9999,-9999,1,-9999,-9999,-9999,-9999
868,437.221305,437.221429364,437.221082781,17874686,-9999,641186.8,33.11,-1,0.792694792,0.892243671,0,0.535346203,7,0.227272727,1.590909091,N2 P1 O5,de-protonated,0,-9999,C22 H35 O5 N2 P1,22,35,5,2,1,-9999,-9999,-9999,-9999,-9999
869,437.231026,437.231150367,437.23097876,8584961,-9999,751929.9,14.88,-1,0.392487281,0.972435536,0,0.583461322,2,0.4,1.95,P1 O8,de-protonated,0,-9999,C20 H39 O8 P1,20,39,8,-9999,1,-9999,-9999,-9999,-9999,-9999
870,438.089027,438.089151676,438.088927903,7782375.5,-9999,727446.6,13.31,-1,0.510792618,0.953761524,0,0.572256915,6,0.933333333,1.4,N1 O14,de-protonated,0,-9999,C15 H21 O14 N1,15,21,14,1,-9999,-9999,-9999,-9999,-9999,-9999
870,438.089027,438.089151676,438.08941716,7782375.5,-9999,727446.6,13.31,-1,-0.606005872,0.935535879,0,0.561321527,10,0.333333333,1.222222222,N3 S1 P1 O6,de-protonated,0,-9999,C18 H22 O6 N3 P1 S1,18,22,6,3,1,1,-9999,-9999,-9999,-9999
873,439.086415,439.086540034,439.086700025,13533429,-9999,609018.3,24.59,-1,-0.364373128,0.976197322,0,0.585718393,0,0.769230769,2.230769231,S2 P1 O10,de-protonated,0,-9999,C13 H29 O10 P1 S2,13,29,10,-9999,1,2,-9999,-9999,-9999,-9999
874,439.173867,439.173992065,439.173724864,11600141,-9999,615842.7,20.8,-1,0.608418997,0.935038544,0,0.561023126,16,0.068965517,0.965517241,S1 O2,de-protonated,0,-9999,C29 H28 O2 S1,29,28,2,-9999,-9999,1,-9999,-9999,-9999,-9999
874,439.173867,439.173992065,439.173857805,11600141,-9999,615842.7,20.8,-1,0.305710153,0.983185019,0,0.589911011,3,0.555555556,1.833333333,P1 O10,de-protonated,0,-9999,C18 H33 O10 P1,18,33,10,-9999,1,-9999,-9999,-9999,-9999,-9999
875,439.210272,439.210397078,439.210110373,11338007,-9999,635631.8,20.28,-1,0.652774972,0.925595433,0,0.55535726,15,0.033333333,1.066666667,S1 O1,de-protonated,0,-9999,C30 H32 O1 S1,30,32,1,-9999,-9999,1,-9999,-9999,-9999,-9999
875,439.210272,439.210397078,439.210243315,11338007,-9999,635631.8,20.28,-1,0.350091192,0.978006416,0,0.58680385,2,0.473684211,1.947368421,P1 O9,de-protonated,0,-9999,C19 H37 O9 P1,19,37,9,-9999,1,-9999,-9999,-9999,-9999,-9999
876,439.234617,439.234742087,439.234611044,7569693,-9999,690206.8,12.89,-1,0.298343372,0.983979196,0,0.590387518,5,0.125,1.666666667,S2 O3,de-protonated,0,-9999,C24 H40 O3 S2,24,40,3,-9999,-9999,2,-9999,-9999,-9999,-9999
876,439.234617,439.234742087,439.235079075,7569693,-9999,690206.8,12.89,-1,-0.767215396,0.898701596,0,0.539220958,11,0.166666667,1.333333333,N4 O4,de-protonated,0,-9999,C24 H32 O4 N4,24,32,4,4,-9999,-9999,-9999,-9999,-9999,-9999
877,439.240792,439.240917089,439.240755597,13910303,-9999,654219.3,25.33,-1,0.367661747,0.975770996,0,0.585462598,10,0.111111111,1.37037037,P1 O3,de-protonated,0,-9999,C27 H37 O3 P1,27,37,3,-9999,1,-9999,-9999,-9999,-9999,-9999
877,439.240792,439.240917089,439.240952302,13910303,-9999,654219.3,25.33,-1,-0.080166629,0.998834565,0,0.599300739,2,0.529411765,2.117647059,N4 O9,de-protonated,0,-9999,C17 H36 O9 N4,17,36,9,4,-9999,-9999,-9999,-9999,-9999,-9999
878,441.101393,441.101518758,441.101347768,10945304,-9999,659377.6,19.51,-1,0.387642737,0.973102625,0,0.583861575,13,0.304347826,0.956521739,S1 O7,de-protonated,0,-9999,C23 H22 O7 S1,23,22,7,-9999,-9999,1,-9999,-9999,-9999,-9999
879,441.232561,441.232686805,441.232971075,9700155,-9999,623388.6,17.07,-1,-0.644262296,0.92745165,0,0.55647099,10,0.083333333,1.416666667,N4 S1 O2,de-protonated,0,-9999,C24 H34 O2 N4 S1,24,34,2,4,-9999,1,-9999,-9999,-9999,-9999
880,443.098434,443.098560475,443.098370388,7505208.5,-9999,698215.5,12.76,-1,0.428995998,0.967158029,0,0.580294818,13,0.454545455,0.909090909,O10,de-protonated,0,-9999,C22 H20 O10,22,20,10,-9999,-9999,-9999,-9999,-9999,-9999,-9999
880,443.098434,443.098560475,443.098859645,7505208.5,-9999,698215.5,12.76,-1,-0.675176467,0.920612757,0,0.552367654,17,0.08,0.84,N2 S1 P1 O2,de-protonated,0,-9999,C25 H21 O2 N2 P1 S1,25,21,2,2,1,1,-9999,-9999,-9999,-9999
880,443.098434,443.098560475,443.098208197,7505208.5,-9999,698215.5,12.76,-1,0.795035392,0.891642228,0,0.534985337,8,0.235294118,1.470588235,N4 S2 P1 O4,de-protonated,0,-9999,C17 H25 O4 N4 P1 S2,17,25,4,4,1,2,-9999,-9999,-9999,-9999
881,443.184099,443.184225506,443.184028566,7939408,-9999,623714.5,13.61,-1,0.444375078,0.964803786,0,0.578882272,6,0.380952381,1.571428571,P1 O8,de-protonated,0,-9999,C21 H33 O8 P1,21,33,8,-9999,1,-9999,-9999,-9999,-9999,-9999
882,445.199672,445.19979923,445.199678631,7415674,-9999,712458,12.58,-1,0.270888963,0.986773395,0,0.592064037,5,0.380952381,1.666666667,P1 O8,de-protonated,0,-9999,C21 H35 O8 P1,21,35,8,-9999,1,-9999,-9999,-9999,-9999,-9999
883,445.23606,445.236187243,445.23606414,7284612,-9999,591883.3,12.33,-1,0.276490189,0.986224586,0,0.591734751,4,0.318181818,1.772727273,P1 O7,de-protonated,0,-9999,C22 H39 O7 P1,22,39,7,-9999,1,-9999,-9999,-9999,-9999,-9999
884,445.381603,445.381730296,445.381606177,9471916,-9999,583238,16.62,-1,0.278678545,0.986007203,0,0.591604322,0,0.115384615,2.115384615,P1 O3,de-protonated,0,-9999,C26 H55 O3 P1,26,55,3,-9999,1,-9999,-9999,-9999,-9999,-9999
885,446.202998,446.203125591,446.203169811,9078927,-9999,668158.2,15.85,-1,-0.099103985,0.998219471,0,0.598931682,5,0.5,1.65,N1 O10,de-protonated,0,-9999,C20 H33 O10 N1,20,33,10,1,-9999,-9999,-9999,-9999,-9999,-9999
886,447.178953,447.179080942,447.178810244,10619294,-9999,681852,18.87,-1,0.605345011,0.935671781,0,0.561403069,18,0.032258065,0.903225806,S1 O1,de-protonated,0,-9999,C31 H28 O1 S1,31,28,1,-9999,-9999,1,-9999,-9999,-9999,-9999
886,447.178953,447.179080942,447.178943186,10619294,-9999,681852,18.87,-1,0.30805505,0.9829283,0,0.58975698,5,0.45,1.65,P1 O9,de-protonated,0,-9999,C20 H33 O9 P1,20,33,9,-9999,1,-9999,-9999,-9999,-9999,-9999
887,447.215331,447.215458955,447.215328695,11143592,-9999,633731.7,19.9,-1,0.291267862,0.984724319,0,0.590834591,4,0.380952381,1.761904762,P1 O8,de-protonated,0,-9999,C21 H37 O8 P1,21,37,8,-9999,1,-9999,-9999,-9999,-9999,-9999
888,447.324526,447.324653994,447.324485223,13355462,-9999,662579.1,24.24,-1,0.377289065,0.974502024,0,0.584701214,1,0.208333333,2.041666667,P1 O5,de-protonated,0,-9999,C24 H49 O5 P1,24,49,5,-9999,1,-9999,-9999,-9999,-9999,-9999
889,448.982976,448.98310459,448.98335789,11570068,-9999,659265.3,20.73,-1,-0.564163442,0.943884418,0,0.566330651,19,0.421052632,0.315789474,N4 S1 O8,de-protonated,0,-9999,C19 H6 O8 N4 S1,19,6,8,4,-9999,1,-9999,-9999,-9999,-9999
890,449.173475,449.173603658,449.173463882,187386832,-9999,622365,365.66,-1,0.311184835,0.982556405,0.982233048,0.982427062,9,0.304347826,1.347826087,P1 O7,de-protonated,0,-9999,C23 H31 O7 P1,23,31,7,-9999,1,-9999,-9999,-9999,-9999,-9999
891,449.194565,449.194693666,449.194460309,17550288,-9999,636362,32.46,-1,0.519501549,0.952209973,0,0.571325984,17,0.032258065,0.967741935,S1 O1,de-protonated,0,-9999,C31 H30 O1 S1,31,30,1,-9999,-9999,1,-9999,-9999,-9999,-9999
891,449.194565,449.194693666,449.19459325,17550288,-9999,636362,32.46,-1,0.223545629,0.990973514,0,0.59458410799999994,4,0.45,1.75,P1 O9,de-protonated,0,-9999,C20 H35 O9 P1,20,35,9,-9999,1,-9999,-9999,-9999,-9999,-9999
892,449.230988,449.231116679,449.23097876,11504602,-9999,679282.6,20.6,-1,0.30701183,0.983042745,0,0.589825647,3,0.380952381,1.857142857,P1 O8,de-protonated,0,-9999,C21 H39 O8 P1,21,39,8,-9999,1,-9999,-9999,-9999,-9999,-9999
893,449.267366,449.267494692,449.267364269,9292772,-9999,623494,16.26,-1,0.290301402,0.984824752,0,0.590894851,2,0.318181818,1.954545455,P1 O7,de-protonated,0,-9999,C22 H43 O7 P1,22,43,7,-9999,1,-9999,-9999,-9999,-9999,-9999
894,450.092706,450.092834988,450.092437591,18107596,-9999,635484.1,33.56,-1,0.882924862,0.43404952,0.73113591,0.552884076,29,0.029411765,0.382352941,N1 O1,de-protonated,0,-9999,C34 H13 O1 N1,34,13,1,1,-9999,-9999,-9999,-9999,-9999,-9999
894,450.092706,450.092834988,450.092788464,18107596,-9999,635484.1,33.56,-1,0.103367315,0.998063135,0,0.598837881,6,0.375,1.625,N3 S2 P1 O6,de-protonated,0,-9999,C16 H26 O6 N3 P1 S2,16,26,6,3,1,2,-9999,-9999,-9999,-9999
895,450.17683,450.176959019,450.176818717,51924196,-9999,620789.1,99.9,-1,0.311658449,0.982530109,0.982233048,0.982411285,9,0.304347826,1.347826087,13C1 P1 O7,de-protonated,1,890,C22 H31 O7 P1 13C1,22,31,7,-9999,1,-9999,1,-9999,-9999,-9999
895,450.17683,450.176959019,450.176955063,51924196,-9999,620789.1,99.9,-1,0.008787187,0.499992995,0.807789663,0.623111662,9,0.409090909,1.318181818,N1 O9,de-protonated,0,-9999,C22 H29 O9 N1,22,29,9,1,-9999,-9999,-9999,-9999,-9999,-9999
896,450.189855,450.189984023,450.189709281,33770728,-9999,633933,64.29,-1,0.610281895,0.932107443,0.944612535,0.93710948,17,0.033333333,0.966666667,N1 S1 O1,de-protonated,0,-9999,C30 H29 O1 N1 S1,30,29,1,1,-9999,1,-9999,-9999,-9999,-9999
896,450.189855,450.189984023,450.189842222,33770728,-9999,633933,64.29,-1,0.314980228,0.980711656,0.980873286,0.980776308,4,0.473684211,1.789473684,N1 P1 O9,de-protonated,0,-9999,C19 H34 O9 N1 P1,19,34,9,1,1,-9999,-9999,-9999,-9999,-9999
897,451.170524,451.170653376,451.17035356,62803452,-9999,616923.4,121.24,-1,0.664528142,0.921545073,0.960765604,0.937233285,22,0.060606061,0.727272727,O2,de-protonated,0,-9999,C33 H24 O2,33,24,2,-9999,-9999,-9999,-9999,-9999,-9999,-9999
898,451.17384,451.173969377,451.173724864,14913019,-9999,631140,27.29,-1,0.541949264,0.948102071,0,0.568861242,17,0.066666667,0.933333333,S1 O2,de-protonated,0,-9999,C30 H28 O2 S1,30,28,2,-9999,-9999,1,-9999,-9999,-9999,-9999
898,451.17384,451.173969377,451.173857805,14913019,-9999,631140,27.29,-1,0.247291673,0.988965173,0,0.593379104,4,0.526315789,1.736842105,P1 O10,de-protonated,0,-9999,C19 H33 O10 P1,19,33,10,-9999,1,-9999,-9999,-9999,-9999,-9999
899,451.193221,451.193350384,451.193064116,7900672.5,-9999,621028.4,13.53,-1,0.634469132,0.929561449,0.944612535,0.935581883,17,0.033333333,0.966666667,13C1 N1 S1 O1,de-protonated,1,896,C29 H29 O1 N1 S1 13C1,29,29,1,1,-9999,1,1,-9999,-9999,-9999
899,451.193221,451.193350384,451.193197058,7900672.5,-9999,621028.4,13.53,-1,0.339824144,0.979264229,0.980873286,0.979907852,4,0.473684211,1.789473684,13C1 N1 P1 O9,de-protonated,1,896,C18 H34 O9 N1 P1 13C1,18,34,9,1,1,-9999,1,-9999,-9999,-9999
899,451.193221,451.193350384,451.193333403,7900672.5,-9999,621028.4,13.53,-1,0.037635135,0.999743028,0,0.599845817,4,0.611111111,1.777777778,N2 O11,de-protonated,0,-9999,C18 H32 O11 N2,18,32,11,2,-9999,-9999,-9999,-9999,-9999,-9999
900,451.210247,451.21037639,451.210110373,18238982,-9999,677395.8,33.81,-1,0.589563472,0.938878823,0,0.563327294,16,0.032258065,1.032258065,S1 O1,de-protonated,0,-9999,C31 H32 O1 S1,31,32,1,-9999,-9999,1,-9999,-9999,-9999,-9999
900,451.210247,451.21037639,451.210243315,18238982,-9999,677395.8,33.81,-1,0.294929628,0.98434086,0,0.590604516,3,0.45,1.85,P1 O9,de-protonated,0,-9999,C20 H37 O9 P1,20,37,9,-9999,1,-9999,-9999,-9999,-9999,-9999
901,451.246627,451.246756403,451.246628824,7982607.5,-9999,676448.2,13.69,-1,0.282725638,0.985600794,0,0.591360476,2,0.380952381,1.952380952,P1 O8,de-protonated,0,-9999,C21 H41 O8 P1,21,41,8,-9999,1,-9999,-9999,-9999,-9999,-9999
902,451.283016,451.283145416,451.283014333,8048154,-9999,687678.9,13.82,-1,0.290466761,0.984807591,0,0.590884555,1,0.318181818,2.045454545,P1 O7,de-protonated,0,-9999,C22 H45 O7 P1,22,45,7,-9999,1,-9999,-9999,-9999,-9999,-9999
903,452.173885,452.174014736,452.173708395,18108182,-9999,660492.2,33.56,-1,0.677484852,0.920091317,0.960765604,0.936361031,22,0.060606061,0.727272727,13C1 O2,de-protonated,1,897,C32 H24 O2 13C1,32,24,2,-9999,-9999,-9999,1,-9999,-9999,-9999
904,452.186915,452.187044741,452.186731901,10915609,-9999,677604.3,19.45,-1,0.691838808,0.916815736,0,0.550089442,17,0.137931034,0.931034483,N1 O4,de-protonated,0,-9999,C29 H27 O4 N1,29,27,4,1,-9999,-9999,-9999,-9999,-9999,-9999
905,453.189541,453.189671101,453.189374928,15667254,-9999,647166.1,28.54,-1,0.653530451,0.925429703,0,0.555257822,16,0.066666667,1,S1 O2,de-protonated,0,-9999,C30 H30 O2 S1,30,30,2,-9999,-9999,1,-9999,-9999,-9999,-9999
905,453.189541,453.189671101,453.18950787,15667254,-9999,647166.1,28.54,-1,0.360183375,0.976735185,0,0.586041111,3,0.526315789,1.842105263,P1 O10,de-protonated,0,-9999,C19 H35 O10 P1,19,35,10,-9999,1,-9999,-9999,-9999,-9999,-9999
906,453.225908,453.226038114,453.225760437,10276928,-9999,683973.4,18.05,-1,0.612667676,0.934158753,0,0.560495252,15,0.032258065,1.096774194,S1 O1,de-protonated,0,-9999,C31 H34 O1 S1,31,34,1,-9999,-9999,1,-9999,-9999,-9999,-9999
906,453.225908,453.226038114,453.225893379,10276928,-9999,683973.4,18.05,-1,0.319344162,0.98166589,0,0.588999534,2,0.45,1.95,P1 O9,de-protonated,0,-9999,C20 H39 O9 P1,20,39,9,-9999,1,-9999,-9999,-9999,-9999,-9999
907,455.205184,455.205314825,455.205024993,12866165,-9999,669382.7,23.09,-1,0.636708313,0.929081477,0,0.557448886,15,0.066666667,1.066666667,S1 O2,de-protonated,0,-9999,C30 H32 O2 S1,30,32,2,-9999,-9999,1,-9999,-9999,-9999,-9999
907,455.205184,455.205314825,455.205157934,12866165,-9999,669382.7,23.09,-1,0.344660185,0.97867623,0,0.587205738,2,0.526315789,1.947368421,P1 O10,de-protonated,0,-9999,C19 H37 O10 P1,19,37,10,-9999,1,-9999,-9999,-9999,-9999,-9999
908,455.2285,455.228630834,455.228656284,9065084,-9999,615176,15.69,-1,-0.055906649,0.999433033,0,0.59965982,6,0.391304348,1.565217391,O9,de-protonated,0,-9999,C23 H36 O9,23,36,9,-9999,-9999,-9999,-9999,-9999,-9999,-9999
908,455.2285,455.228630834,455.228494093,9065084,-9999,615176,15.69,-1,0.300378871,0.983761632,0,0.590256979,1,0.166666667,2.277777778,N4 S2 P1 O3,de-protonated,0,-9999,C18 H41 O3 N4 P1 S2,18,41,3,4,1,2,-9999,-9999,-9999,-9999
909,455.235707,455.235837836,455.235670217,7254654,-9999,566314.1,12.16,-1,0.36820375,0.975700383,0,0.58542023,10,0.148148148,1.37037037,P1 O4,de-protonated,0,-9999,C27 H37 O4 P1,27,37,4,-9999,1,-9999,-9999,-9999,-9999,-9999
909,455.235707,455.235837836,455.235866921,7254654,-9999,566314.1,12.16,-1,-0.063889977,0.999259614,0,0.599555768,2,0.588235294,2.117647059,N4 O10,de-protonated,0,-9999,C17 H36 O10 N4,17,36,10,4,-9999,-9999,-9999,-9999,-9999,-9999
910,457.207771,457.207902545,457.207920839,7886005.5,-9999,713217.4,13.39,-1,-0.040012999,0.999709536,0,0.599825721,6,0.454545455,1.545454545,O10,de-protonated,0,-9999,C22 H34 O10,22,34,10,-9999,-9999,-9999,-9999,-9999,-9999,-9999
910,457.207771,457.207902545,457.207758648,7886005.5,-9999,713217.4,13.39,-1,0.314730158,0.982187146,0,0.589312287,1,0.235294118,2.294117647,N4 S2 P1 O4,de-protonated,0,-9999,C17 H39 O4 N4 P1 S2,17,39,4,4,1,2,-9999,-9999,-9999,-9999
911,457.244147,457.244278558,457.244306349,9180352,-9999,683860.6,15.91,-1,-0.060778318,0.999329952,0,0.599597971,5,0.391304348,1.652173913,O9,de-protonated,0,-9999,C23 H38 O9,23,38,9,-9999,-9999,-9999,-9999,-9999,-9999,-9999
911,457.244147,457.244278558,457.244144157,9180352,-9999,683860.6,15.91,-1,0.293936602,0.984445308,0,0.590667185,0,0.166666667,2.388888889,N4 S2 P1 O3,de-protonated,0,-9999,C18 H43 O3 N4 P1 S2,18,43,3,4,1,2,-9999,-9999,-9999,-9999
912,457.280583,457.280714571,457.280691858,7361738.5,-9999,683468.2,12.37,-1,0.049670153,0.999552444,0,0.599731466,4,0.333333333,1.75,O8,de-protonated,0,-9999,C24 H42 O8,24,42,8,-9999,-9999,-9999,-9999,-9999,-9999,-9999
913,458.202974,458.203105903,458.203169811,7640534,-9999,705751.3,12.91,-1,-0.139477167,0.996476342,0,0.597885805,6,0.476190476,1.571428571,N1 O10,de-protonated,0,-9999,C21 H33 O10 N1,21,33,10,1,-9999,-9999,-9999,-9999,-9999,-9999
914,459.178913,459.179045253,459.178810244,7288562,-9999,668106.9,12.23,-1,0.51180299,0.953582736,0,0.572149642,19,0.03125,0.875,S1 O1,de-protonated,0,-9999,C32 H28 O1 S1,32,28,1,-9999,-9999,1,-9999,-9999,-9999,-9999
914,459.178913,459.179045253,459.178943186,7288562,-9999,668106.9,12.23,-1,0.222282314,0.991074793,0,0.594644876,6,0.428571429,1.571428571,P1 O9,de-protonated,0,-9999,C21 H33 O9 P1,21,33,9,-9999,1,-9999,-9999,-9999,-9999,-9999
915,459.21535,459.215482266,459.215328695,9361149,-9999,621841.6,16.26,-1,0.334420675,0.979911801,0,0.58794708,5,0.363636364,1.681818182,P1 O8,de-protonated,0,-9999,C22 H37 O8 P1,22,37,8,-9999,1,-9999,-9999,-9999,-9999,-9999
916,459.223444,459.223576269,459.223570904,9074431,-9999,617785.7,15.7,-1,0.011683891,0.99997523,0,0.599985138,5,0.454545455,1.636363636,O10,de-protonated,0,-9999,C22 H36 O10,22,36,10,-9999,-9999,-9999,-9999,-9999,-9999,-9999
916,459.223444,459.223576269,459.223408712,9074431,-9999,617785.7,15.7,-1,0.364870007,0.976133142,0,0.585679885,0,0.235294118,2.411764706,N4 S2 P1 O4,de-protonated,0,-9999,C17 H41 O4 N4 P1 S2,17,41,4,4,1,2,-9999,-9999,-9999,-9999
917,459.251709,459.251841279,459.251714205,7788295.5,-9999,674645.5,13.2,-1,0.276699705,0.986203845,0,0.591722307,4,0.304347826,1.782608696,P1 O7,de-protonated,0,-9999,C23 H41 O7 P1,23,41,7,-9999,1,-9999,-9999,-9999,-9999,-9999
918,459.303359,459.303491298,459.303355855,9082647,-9999,694037.3,15.72,-1,0.294887312,0.984345318,0,0.590607191,7,0.107142857,1.607142857,P1 O3,de-protonated,0,-9999,C28 H45 O3 P1,28,45,3,-9999,1,-9999,-9999,-9999,-9999,-9999
919,459.360763,459.360895319,459.360870733,8148775.5,-9999,505013,13.9,-1,0.053522076,0.999480355,0,0.599688213,1,0.153846154,2.038461538,P1 O4,de-protonated,0,-9999,C26 H53 O4 P1,26,53,4,-9999,1,-9999,-9999,-9999,-9999,-9999
920,459.397258,459.397390332,459.397256242,9262898,-9999,659576.7,16.07,-1,0.291881826,0.984660349,0,0.590796209,0,0.111111111,2.111111111,P1 O3,de-protonated,0,-9999,C27 H57 O3 P1,27,57,3,-9999,1,-9999,-9999,-9999,-9999,-9999
921,460.2106,460.210732624,460.210577667,16439328,-9999,633648.8,30.04,-1,0.336707812,0.979638916,0,0.58778335,5,0.380952381,1.714285714,N1 P1 O8,de-protonated,0,-9999,C21 H36 O8 N1 P1,21,36,8,1,1,-9999,-9999,-9999,-9999,-9999
922,461.194584,461.194716977,461.194460309,10230081,-9999,639260.9,17.95,-1,0.556530678,0.945350569,0,0.567210342,18,0.03125,0.9375,S1 O1,de-protonated,0,-9999,C32 H30 O1 S1,32,30,1,-9999,-9999,1,-9999,-9999,-9999,-9999
922,461.194584,461.194716977,461.19459325,10230081,-9999,639260.9,17.95,-1,0.268275338,0.987025738,0,0.592215443,5,0.428571429,1.666666667,P1 O9,de-protonated,0,-9999,C21 H35 O9 P1,21,35,9,-9999,1,-9999,-9999,-9999,-9999,-9999
923,461.230989,461.23112199,461.23097876,12540236,-9999,657255.4,22.45,-1,0.310540429,0.982654133,0,0.58959248,4,0.363636364,1.772727273,P1 O8,de-protonated,0,-9999,C22 H39 O8 P1,22,39,8,-9999,1,-9999,-9999,-9999,-9999,-9999
924,461.267371,461.267504004,461.267364269,9050455,-9999,624769.4,15.66,-1,0.302936212,0.983486263,0,0.590091758,3,0.304347826,1.869565217,P1 O7,de-protonated,0,-9999,C23 H43 O7 P1,23,43,7,-9999,1,-9999,-9999,-9999,-9999,-9999
925,461.303714,461.303847017,461.303749778,9787745,-9999,580705.7,17.09,-1,0.210790171,0.991970194,0,0.595182117,2,0.25,1.958333333,P1 O6,de-protonated,0,-9999,C24 H47 O6 P1,24,47,6,-9999,1,-9999,-9999,-9999,-9999,-9999
926,461.34014,461.34027303,461.340135288,18569580,-9999,610511,34.18,-1,0.298569372,0.983955111,0,0.590373067,1,0.2,2.04,P1 O5,de-protonated,0,-9999,C25 H51 O5 P1,25,51,5,-9999,1,-9999,-9999,-9999,-9999,-9999
927,462.197929,462.198062338,462.198084431,7674473.5,-9999,629973.8,12.98,-1,-0.047799958,0.999585505,0,0.599751303,5,0.55,1.65,N1 O11,de-protonated,0,-9999,C20 H33 O11 N1,20,33,11,1,-9999,-9999,-9999,-9999,-9999,-9999
928,463.173876,463.174009689,463.173724864,11819915,-9999,672026.9,21.05,-1,0.614941882,0.933685651,0,0.560211391,18,0.064516129,0.903225806,S1 O2,de-protonated,0,-9999,C31 H28 O2 S1,31,28,2,-9999,-9999,1,-9999,-9999,-9999,-9999
928,463.173876,463.174009689,463.173857805,11819915,-9999,672026.9,21.05,-1,0.327918317,0.980677859,0,0.588406715,5,0.5,1.65,P1 O10,de-protonated,0,-9999,C20 H33 O10 P1,20,33,10,-9999,1,-9999,-9999,-9999,-9999,-9999
929,463.210244,463.210377702,463.210110373,18635670,-9999,623862,34.31,-1,0.57712177,0.470677463,0.742885034,0.579560492,17,0.03125,1,S1 O1,de-protonated,0,-9999,C32 H32 O1 S1,32,32,1,-9999,-9999,1,-9999,-9999,-9999,-9999
929,463.210244,463.210377702,463.210243315,18635670,-9999,623862,34.31,-1,0.290120762,0.984843488,0,0.590906093,4,0.428571429,1.761904762,P1 O9,de-protonated,0,-9999,C21 H37 O9 P1,21,37,9,-9999,1,-9999,-9999,-9999,-9999,-9999
930,463.24663,463.246763715,463.246628824,14097312,-9999,593645.6,25.48,-1,0.291185352,0.984732906,0,0.59083974399999994,3,0.363636364,1.863636364,P1 O8,de-protonated,0,-9999,C22 H41 O8 P1,22,41,8,-9999,1,-9999,-9999,-9999,-9999,-9999
931,463.283094,463.283227728,463.283014333,9542571,-9999,602932,16.61,-1,0.460613443,0.962234578,0,0.577340747,2,0.304347826,1.956521739,P1 O7,de-protonated,0,-9999,C23 H45 O7 P1,23,45,7,-9999,1,-9999,-9999,-9999,-9999,-9999
932,465.167498,465.167632405,465.167594111,13393374,-9999,1255227.4,24.11,-1,0.082321979,0.998771095,0,0.599262657,13,0.076923077,1.153846154,N2 S2 O2,de-protonated,0,-9999,C26 H30 O2 N2 S2,26,30,2,2,-9999,2,-9999,-9999,-9999,-9999
932,465.167498,465.167632405,465.167727053,13393374,-9999,1255227.4,24.11,-1,-0.203471151,0.992516077,0,0.595509646,0,0.666666667,2.333333333,N2 S1 P1 O10,de-protonated,0,-9999,C15 H35 O10 N2 P1 S1,15,35,10,2,1,1,-9999,-9999,-9999,-9999
933,465.168382,465.168516405,465.168378502,181362144,-9999,605045.4,351.01,-1,0.296459156,0.984491062,0.991753804,0.987396159,9,0.347826087,1.347826087,P1 O8,de-protonated,0,-9999,C23 H31 O8 P1,23,31,8,-9999,1,-9999,-9999,-9999,-9999,-9999
934,465.189498,465.189632413,465.189374928,15392229,-9999,622733.5,28,-1,0.553505079,0.945926841,0,0.567556105,17,0.064516129,0.967741935,S1 O2,de-protonated,0,-9999,C31 H30 O2 S1,31,30,2,-9999,-9999,1,-9999,-9999,-9999,-9999
934,465.189498,465.189632413,465.18950787,15392229,-9999,622733.5,28,-1,0.267725195,0.987078551,0,0.59224713,4,0.5,1.75,P1 O10,de-protonated,0,-9999,C20 H35 O10 P1,20,35,10,-9999,1,-9999,-9999,-9999,-9999,-9999
935,465.225885,465.226019426,465.225760437,14392816,-9999,631428.2,26.05,-1,0.556694035,0.945319376,0,0.567191626,16,0.03125,1.0625,S1 O1,de-protonated,0,-9999,C32 H34 O1 S1,32,34,1,-9999,-9999,1,-9999,-9999,-9999,-9999
935,465.225885,465.226019426,465.225893379,14392816,-9999,631428.2,26.05,-1,0.270936501,0.986768784,0,0.59206127,3,0.428571429,1.857142857,P1 O9,de-protonated,0,-9999,C21 H39 O9 P1,21,39,9,-9999,1,-9999,-9999,-9999,-9999,-9999
936,465.262275,465.262409439,465.262278889,11263483,-9999,640029.2,19.96,-1,0.280595283,0.985815434,0,0.59148926,2,0.363636364,1.954545455,P1 O8,de-protonated,0,-9999,C22 H43 O8 P1,22,43,8,-9999,1,-9999,-9999,-9999,-9999,-9999
937,466.171734,466.171868766,466.171733337,47472396,-9999,602798.5,90.43,-1,0.290512815,0.98480281,0.991753804,0.987583207,9,0.347826087,1.347826087,13C1 P1 O8,de-protonated,1,933,C22 H31 O8 P1 13C1,22,31,8,-9999,1,-9999,1,-9999,-9999,-9999
937,466.171734,466.171868766,466.171869682,47472396,-9999,602798.5,90.43,-1,-0.001966566,0.499999649,0.807789663,0.623115655,9,0.454545455,1.318181818,N1 O10,de-protonated,0,-9999,C22 H29 O10 N1,22,29,10,1,-9999,-9999,-9999,-9999,-9999,-9999
939,467.108912,467.109047102,467.108755624,8233000.5,-9999,633725.3,14.06,-1,0.624005331,0.931785193,0,0.559071116,14,0.2,1,S1 P1 O5,de-protonated,0,-9999,C25 H25 O5 P1 S1,25,25,5,-9999,1,1,-9999,-9999,-9999,-9999
939,467.108912,467.109047102,467.108952329,8233000.5,-9999,633725.3,14.06,-1,0.202894556,0.992558275,0,0.595534965,6,0.733333333,1.6,N4 S1 O11,de-protonated,0,-9999,C15 H24 O11 N4 S1,15,24,11,4,-9999,1,-9999,-9999,-9999,-9999
940,467.165427,467.165562123,467.16526818,56713272,-9999,606021.8,108.42,-1,0.629205272,0.926518256,0.932902589,0.929071989,22,0.090909091,0.727272727,O3,de-protonated,0,-9999,C33 H24 O3,33,24,3,-9999,-9999,-9999,-9999,-9999,-9999,-9999
941,467.205181,467.205316137,467.205024993,17227846,-9999,622659.3,31.57,-1,0.623162098,0.931963014,0,0.559177808,16,0.064516129,1.032258065,S1 O2,de-protonated,0,-9999,C31 H32 O2 S1,31,32,2,-9999,-9999,1,-9999,-9999,-9999,-9999
941,467.205181,467.205316137,467.205157934,17227846,-9999,622659.3,31.57,-1,0.338615126,0.979409986,0,0.587645992,3,0.5,1.85,P1 O10,de-protonated,0,-9999,C20 H37 O10 P1,20,37,10,-9999,1,-9999,-9999,-9999,-9999,-9999
942,467.265934,467.266069159,467.265911173,18014296,-9999,590950.3,33.1,-1,0.33810633,0.979471177,0,0.587682706,5,0.115384615,1.692307692,S2 O3,de-protonated,0,-9999,C26 H44 O3 S2,26,44,3,-9999,-9999,2,-9999,-9999,-9999,-9999
942,467.265934,467.266069159,467.266379204,18014296,-9999,590950.3,33.1,-1,-0.66352963,0.923220943,0,0.553932566,11,0.153846154,1.384615385,N4 O4,de-protonated,0,-9999,C26 H36 O4 N4,26,36,4,4,-9999,-9999,-9999,-9999,-9999,-9999
943,468.1688,468.168935483,468.168623015,13820267,-9999,644451.3,24.94,-1,0.667426819,0.922352442,0.932902589,0.926572501,22,0.090909091,0.727272727,13C1 O3,de-protonated,1,940,C32 H24 O3 13C1,32,24,3,-9999,-9999,-9999,1,-9999,-9999,-9999
943,468.1688,468.168935483,468.16938156,13820267,-9999,644451.3,24.94,-1,-0.952809865,0.848124719,0,0.508874831,13,0.208333333,1.166666667,N3 P1 O5,de-protonated,0,-9999,C24 H28 O5 N3 P1,24,28,5,3,1,-9999,-9999,-9999,-9999,-9999
945,469.184444,469.184579848,469.184289548,8331937,-9999,681364.8,14.25,-1,0.618734505,0.932893312,0,0.559735987,16,0.1,1,S1 O3,de-protonated,0,-9999,C30 H30 O3 S1,30,30,3,-9999,-9999,1,-9999,-9999,-9999,-9999
945,469.184444,469.184579848,469.184422489,8331937,-9999,681364.8,14.25,-1,0.335387902,0.979796616,0,0.58787797,3,0.578947368,1.842105263,P1 O11,de-protonated,0,-9999,C19 H35 O11 P1,19,35,11,-9999,1,-9999,-9999,-9999,-9999,-9999
946,469.202276,469.202411855,469.202047612,7455398.5,-9999,542710.7,12.55,-1,0.776301336,0.896417585,0,0.537850551,16,0.166666667,1,O5,de-protonated,0,-9999,C30 H30 O5,30,30,5,-9999,-9999,-9999,-9999,-9999,-9999,-9999
947,469.22087,469.221005861,469.220675057,9691820,-9999,615487.9,16.9,-1,0.705007824,0.913760721,0,0.548256433,15,0.064516129,1.096774194,S1 O2,de-protonated,0,-9999,C31 H34 O2 S1,31,34,2,-9999,-9999,1,-9999,-9999,-9999,-9999
947,469.22087,469.221005861,469.220807999,9691820,-9999,615487.9,16.9,-1,0.421683169,0.968250344,0,0.580950206,2,0.5,1.95,P1 O10,de-protonated,0,-9999,C20 H39 O10 P1,20,39,10,-9999,1,-9999,-9999,-9999,-9999,-9999
948,469.244088,469.24422387,469.244306349,7578291.5,-9999,684450.7,12.79,-1,-0.175769678,0.99440983,0,0.596645898,6,0.375,1.583333333,O9,de-protonated,0,-9999,C24 H38 O9,24,38,9,-9999,-9999,-9999,-9999,-9999,-9999,-9999
948,469.244088,469.24422387,469.244144157,7578291.5,-9999,684450.7,12.79,-1,0.169874063,0.994777584,0,0.59686655,1,0.157894737,2.263157895,N4 S2 P1 O3,de-protonated,0,-9999,C19 H43 O3 N4 P1 S2,19,43,3,4,1,2,-9999,-9999,-9999,-9999
949,469.263877,469.264012877,469.264271204,16835258,-9999,573214.1,30.8,-1,-0.55049352,0.946497665,0,0.567898599,10,0.076923077,1.461538462,N4 S1 O2,de-protonated,0,-9999,C26 H38 O2 N4 S1,26,38,2,4,-9999,1,-9999,-9999,-9999,-9999
950,471.259778,471.259914594,471.259956413,7709985,-9999,603882.8,12.9,-1,-0.088738998,0.998572183,0,0.59914331,5,0.375,1.666666667,O9,de-protonated,0,-9999,C24 H40 O9,24,40,9,-9999,-9999,-9999,-9999,-9999,-9999,-9999
950,471.259778,471.259914594,471.259794222,7709985,-9999,603882.8,12.9,-1,0.255426402,0.988231603,0,0.592938962,0,0.157894737,2.368421053,N4 S2 P1 O3,de-protonated,0,-9999,C19 H45 O3 N4 P1 S2,19,45,3,4,1,2,-9999,-9999,-9999,-9999
951,473.28244,473.282577321,473.28262041,46557080,-9999,599645.9,87.69,-1,-0.09104422,0.997464735,0.983065198,0.99170492,8,0.142857143,1.535714286,P1 O4,de-protonated,0,-9999,C28 H43 O4 P1,28,43,4,-9999,1,-9999,-9999,-9999,-9999,-9999
951,473.28244,473.282577321,473.282817115,46557080,-9999,599645.9,87.69,-1,-0.506661405,0.950057833,0.947446479,0.949013291,0,0.555555556,2.333333333,N4 O10,de-protonated,0,-9999,C18 H42 O10 N4,18,42,10,4,-9999,-9999,-9999,-9999,-9999,-9999
952,474.285771,474.285908681,474.285975245,12789970,-9999,663655.4,22.68,-1,-0.140346163,0.996432376,0.983065198,0.991085505,8,0.142857143,1.535714286,13C1 P1 O4,de-protonated,1,951,C27 H43 O4 P1 13C1,27,43,4,-9999,1,-9999,1,-9999,-9999,-9999
952,474.285771,474.285908681,474.286111591,12789970,-9999,663655.4,22.68,-1,-0.427821586,0.967334633,0,0.58040078,8,0.222222222,1.518518519,N1 O6,de-protonated,0,-9999,C27 H41 O6 N1,27,41,6,1,-9999,-9999,-9999,-9999,-9999,-9999
952,474.285771,474.285908681,474.28617195,12789970,-9999,663655.4,22.68,-1,-0.555084087,0.945626443,0.947446479,0.946354457,0,0.555555556,2.333333333,13C1 N4 O10,de-protonated,1,951,C17 H42 O10 N4 13C1,17,42,10,4,-9999,-9999,1,-9999,-9999,-9999
953,475.210261,475.21039901300003,475.210110373,9120246,-9999,628917.4,15.61,-1,0.607395086,0.935249777,0,0.561149866,18,0.03030303,0.96969697,S1 O1,de-protonated,0,-9999,C33 H32 O1 S1,33,32,1,-9999,-9999,1,-9999,-9999,-9999,-9999
953,475.210261,475.21039901300003,475.210243315,9120246,-9999,628917.4,15.61,-1,0.327641413,0.980710161,0,0.588426096,5,0.409090909,1.681818182,P1 O9,de-protonated,0,-9999,C22 H37 O9 P1,22,37,9,-9999,1,-9999,-9999,-9999,-9999,-9999
954,475.246568,475.246706026,475.246628824,8874498,-9999,595387.4,15.14,-1,0.162446709,0.995223208,0,0.597133925,4,0.347826087,1.782608696,P1 O8,de-protonated,0,-9999,C23 H41 O8 P1,23,41,8,-9999,1,-9999,-9999,-9999,-9999,-9999
955,475.283016,475.283154039,475.283014333,7318029.5,-9999,698500.2,12.14,-1,0.293942751,0.984444662,0,0.590666797,3,0.291666667,1.875,P1 O7,de-protonated,0,-9999,C24 H45 O7 P1,24,45,7,-9999,1,-9999,-9999,-9999,-9999,-9999
956,475.319424,475.319562053,475.319399843,7268889,-9999,590335.9,12.05,-1,0.341264692,0.97908991,0,0.587453946,2,0.24,1.96,P1 O6,de-protonated,0,-9999,C25 H49 O6 P1,25,49,6,-9999,1,-9999,-9999,-9999,-9999,-9999
957,475.355742,475.355880066,475.355785352,11856421,-9999,598413.8,20.88,-1,0.199247449,0.992822452,0,0.595693471,1,0.192307692,2.038461538,P1 O5,de-protonated,0,-9999,C26 H53 O5 P1,26,53,5,-9999,1,-9999,-9999,-9999,-9999,-9999
958,477.189544,477.189682724,477.189374928,10972268,-9999,646422.5,19.18,-1,0.645019263,0.927287428,0,0.556372457,18,0.0625,0.9375,S1 O2,de-protonated,0,-9999,C32 H30 O2 S1,32,30,2,-9999,-9999,1,-9999,-9999,-9999,-9999
958,477.189544,477.189682724,477.18950787,10972268,-9999,646422.5,19.18,-1,0.366425929,0.975931631,0,0.585558979,5,0.476190476,1.666666667,P1 O10,de-protonated,0,-9999,C21 H35 O10 P1,21,35,10,-9999,1,-9999,-9999,-9999,-9999,-9999
959,477.225878,477.226016738,477.225760437,13315192,-9999,586639.5,23.69,-1,0.537062466,0.949009614,0,0.569405768,17,0.03030303,1.03030303,S1 O1,de-protonated,0,-9999,C33 H34 O1 S1,33,34,1,-9999,-9999,1,-9999,-9999,-9999,-9999
959,477.225878,477.226016738,477.225893379,13315192,-9999,586639.5,23.69,-1,0.258490404,0.987949289,0,0.592769574,4,0.409090909,1.772727273,P1 O9,de-protonated,0,-9999,C22 H39 O9 P1,22,39,9,-9999,1,-9999,-9999,-9999,-9999,-9999
960,477.262299,477.262437751,477.262278889,11250819,-9999,600962,19.71,-1,0.332861106,0.980096853,0,0.588058112,3,0.347826087,1.869565217,P1 O8,de-protonated,0,-9999,C23 H43 O8 P1,23,43,8,-9999,1,-9999,-9999,-9999,-9999,-9999
961,479.14761,479.147749428,479.147510115,19361504,-9999,608519.6,35.33,-1,0.499455436,0.477872845,0.73113591,0.579178071,23,0.029411765,0.705882353,S1 O1,de-protonated,0,-9999,C34 H24 O1 S1,34,24,1,-9999,-9999,1,-9999,-9999,-9999,-9999
961,479.14761,479.147749428,479.147643057,19361504,-9999,608519.6,35.33,-1,0.222000672,0.991097295,0,0.594658377,10,0.391304348,1.260869565,P1 O9,de-protonated,0,-9999,C23 H29 O9 P1,23,29,9,-9999,1,-9999,-9999,-9999,-9999,-9999
962,479.168703,479.168842436,479.168639483,8023783,-9999,662986.5,13.5,-1,0.423550981,0.967973018,0,0.580783811,18,0.096774194,0.903225806,S1 O3,de-protonated,0,-9999,C31 H28 O3 S1,31,28,3,-9999,-9999,1,-9999,-9999,-9999,-9999
962,479.168703,479.168842436,479.168772425,8023783,-9999,662986.5,13.5,-1,0.146108473,0.996133983,0,0.59768039,5,0.55,1.65,P1 O11,de-protonated,0,-9999,C20 H33 O11 P1,20,33,11,-9999,1,-9999,-9999,-9999,-9999,-9999
963,479.184948,479.185087441,479.184897946,12840684,-9999,598015.1,22.77,-1,0.395453394,0.972023245,0,0.583213947,8,0.12,1.48,S2 P1 O3,de-protonated,0,-9999,C25 H37 O3 P1 S2,25,37,3,-9999,1,2,-9999,-9999,-9999,-9999
963,479.184948,479.185087441,479.185365977,12840684,-9999,598015.1,22.77,-1,-0.581268493,0.940534806,0,0.564320883,14,0.16,1.16,N4 P1 O4,de-protonated,0,-9999,C25 H29 O4 N4 P1,25,29,4,4,1,-9999,-9999,-9999,-9999,-9999
963,479.184948,479.185087441,479.185094651,12840684,-9999,598015.1,22.77,-1,-0.015044699,0.999958931,0,0.599975359,0,0.6,2.4,N4 S2 O9,de-protonated,0,-9999,C15 H36 O9 N4 S2,15,36,9,4,-9999,2,-9999,-9999,-9999,-9999
964,479.205179,479.205318449,479.205024993,12889843,-9999,607968.5,22.87,-1,0.612381106,0.934218261,0,0.560530956,17,0.0625,1,S1 O2,de-protonated,0,-9999,C32 H32 O2 S1,32,32,2,-9999,-9999,1,-9999,-9999,-9999,-9999
964,479.205179,479.205318449,479.205157934,12889843,-9999,607968.5,22.87,-1,0.334959611,0.979847659,0,0.587908596,4,0.476190476,1.761904762,P1 O10,de-protonated,0,-9999,C21 H37 O10 P1,21,37,10,-9999,1,-9999,-9999,-9999,-9999,-9999
965,479.210728,479.210867451,479.210898219,9367284,-9999,638962.1,16.09,-1,-0.064206956,0.999252251,0,0.599551351,8,0.28,1.44,S1 O7,de-protonated,0,-9999,C25 H36 O7 S1,25,36,7,-9999,-9999,1,-9999,-9999,-9999,-9999
965,479.210728,479.210867451,479.210518097,9367284,-9999,638962.1,16.09,-1,0.729019573,0.90806942,0,0.544841652,13,0.148148148,1.222222222,N2 P1 O4,de-protonated,0,-9999,C27 H33 O4 N2 P1,27,33,4,2,1,-9999,-9999,-9999,-9999,-9999
966,479.241543,479.24168246200003,479.241410502,14511870,-9999,579808,25.99,-1,0.567479798,0.943241885,0,0.565945131,16,0.03030303,1.090909091,S1 O1,de-protonated,0,-9999,C33 H36 O1 S1,33,36,1,-9999,-9999,1,-9999,-9999,-9999,-9999
966,479.241543,479.24168246200003,479.241543444,14511870,-9999,579808,25.99,-1,0.290079378,0.984847778,0,0.590908667,3,0.409090909,1.863636364,P1 O9,de-protonated,0,-9999,C22 H41 O9 P1,22,41,9,-9999,1,-9999,-9999,-9999,-9999,-9999
967,479.277901,479.278040475,479.277928953,8400650,-9999,663520.2,14.23,-1,0.232687123,0.99022387,0,0.594134322,2,0.347826087,1.956521739,P1 O8,de-protonated,0,-9999,C23 H45 O8 P1,23,45,8,-9999,1,-9999,-9999,-9999,-9999,-9999
968,480.200443,480.200582806,480.200273965,11907124,-9999,632506.2,20.98,-1,0.643151455,0.927692348,0,0.556615409,17,0.064516129,1,N1 S1 O2,de-protonated,0,-9999,C31 H31 O2 N1 S1,31,31,2,1,-9999,1,-9999,-9999,-9999,-9999
968,480.200443,480.200582806,480.200406907,11907124,-9999,632506.2,20.98,-1,0.366304927,0.975947332,0,0.585568399,4,0.5,1.8,N1 P1 O10,de-protonated,0,-9999,C20 H36 O10 N1 P1,20,36,10,1,1,-9999,-9999,-9999,-9999,-9999
970,481.163284,481.163424152,481.16316018,348615008,-9999,583260.7,669.24,-1,0.548613504,0.714000327,0.916144218,0.794857884,22,0.029411765,0.764705882,S1 O1,de-protonated,0,-9999,C34 H26 O1 S1,34,26,1,-9999,-9999,1,-9999,-9999,-9999,-9999
970,481.163284,481.163424152,481.163293121,348615008,-9999,583260.7,669.24,-1,0.272321016,0.741789895,0.975039995,0.835089935,9,0.391304348,1.347826087,P1 O9,de-protonated,0,-9999,C23 H31 O9 P1,23,31,9,-9999,1,-9999,-9999,-9999,-9999,-9999
971,481.184432,481.18457216,481.184289548,9023858,-9999,593027.5,15.42,-1,0.587326211,0.939327485,0,0.563596491,17,0.096774194,0.967741935,S1 O3,de-protonated,0,-9999,C31 H30 O3 S1,31,30,3,-9999,-9999,1,-9999,-9999,-9999,-9999
971,481.184432,481.18457216,481.184422489,9023858,-9999,593027.5,15.42,-1,0.311045846,0.98259812,0,0.589558872,4,0.55,1.75,P1 O11,de-protonated,0,-9999,C20 H35 O11 P1,20,35,11,-9999,1,-9999,-9999,-9999,-9999,-9999
972,481.220756,481.220896173,481.220675057,10875262,-9999,620918.2,18.99,-1,0.459489499,0.962415152,0,0.577449091,16,0.0625,1.0625,S1 O2,de-protonated,0,-9999,C32 H34 O2 S1,32,34,2,-9999,-9999,1,-9999,-9999,-9999,-9999
972,481.220756,481.220896173,481.220807999,10875262,-9999,620918.2,18.99,-1,0.183230059,0.993926695,0,0.596356017,3,0.476190476,1.857142857,P1 O10,de-protonated,0,-9999,C21 H39 O10 P1,21,39,10,-9999,1,-9999,-9999,-9999,-9999,-9999
974,482.166635,482.166775513,482.166515015,96826032,-9999,583483.5,184.47,-1,0.540265731,0.714391065,0.916144218,0.795092326,22,0.029411765,0.764705882,13C1 S1 O1,de-protonated,1,970,C33 H26 O1 S1 13C1,33,26,1,-9999,-9999,1,1,-9999,-9999,-9999
974,482.166635,482.166775513,482.166647956,96826032,-9999,583483.5,184.47,-1,0.264548191,0.741976731,0.975039995,0.835202037,9,0.391304348,1.347826087,13C1 P1 O9,de-protonated,1,970,C22 H31 O9 P1 13C1,22,31,9,-9999,1,-9999,1,-9999,-9999,-9999
974,482.166635,482.166775513,482.166784302,96826032,-9999,583483.5,184.47,-1,-0.018228766,0.999276172,0.92633686,0.970100447,9,0.5,1.318181818,N1 O11,de-protonated,0,-9999,C22 H29 O11 N1,22,29,11,1,-9999,-9999,-9999,-9999,-9999,-9999
976,483.160335,483.16047587,483.160182799,119108600,-9999,576374.4,227.37,-1,0.606569653,0.624328406,0.918071853,0.741825785,22,0.121212121,0.727272727,O4,de-protonated,0,-9999,C33 H24 O4,33,24,4,-9999,-9999,-9999,-9999,-9999,-9999,-9999
977,483.169956,483.170096873,483.16986985,13022200,-9999,583139.6,23.12,-1,0.469862641,0.717470463,0.916144218,0.796939965,22,0.029411765,0.764705882,13C2 S1 O1,de-protonated,1,970,C32 H26 O1 S1 13C2,32,26,1,-9999,-9999,1,2,-9999,-9999,-9999
977,483.169956,483.170096873,483.170002791,13022200,-9999,583139.6,23.12,-1,0.194717678,0.743417361,0.975039995,0.836066415,9,0.391304348,1.347826087,13C2 P1 O9,de-protonated,1,970,C21 H31 O9 P1 13C2,21,31,9,-9999,1,-9999,2,-9999,-9999,-9999
977,483.169956,483.170096873,483.170139137,13022200,-9999,583139.6,23.12,-1,-0.087472042,0.998612634,0.92633686,0.969702325,9,0.5,1.318181818,13C1 N1 O11,de-protonated,1,974,C21 H29 O11 N1 13C1,21,29,11,1,-9999,-9999,1,-9999,-9999,-9999
977,483.169956,483.170096873,483.169916587,13022200,-9999,583139.6,23.12,-1,0.373132339,0.975053741,0,0.585032244,12,0.038461538,1.269230769,N2 S2 P1 O1,de-protonated,0,-9999,C26 H33 O1 N2 P1 S2,26,33,1,2,1,2,-9999,-9999,-9999,-9999
978,483.200026,483.200166884,483.199939612,9958402,-9999,641781.3,17.22,-1,0.470347524,0.960653679,0,0.576392207,16,0.096774194,1.032258065,S1 O3,de-protonated,0,-9999,C31 H32 O3 S1,31,32,3,-9999,-9999,1,-9999,-9999,-9999,-9999
978,483.200026,483.200166884,483.200072554,9958402,-9999,641781.3,17.22,-1,0.195219684,0.993108714,0,0.595865228,3,0.55,1.85,P1 O11,de-protonated,0,-9999,C20 H37 O11 P1,20,37,11,-9999,1,-9999,-9999,-9999,-9999,-9999
979,484.163685,484.16382623,484.163537635,32273724,-9999,594367.4,60.19,-1,0.596070788,0.625043585,0.918071853,0.742254892,22,0.121212121,0.727272727,13C1 O4,de-protonated,1,976,C32 H24 O4 13C1,32,24,4,-9999,-9999,-9999,1,-9999,-9999,-9999
979,484.163685,484.16382623,484.164296179,32273724,-9999,594367.4,60.19,-1,-0.970639435,0.421431761,0.793917021,0.570425865,13,0.25,1.166666667,N3 P1 O6,de-protonated,0,-9999,C24 H28 O6 N3 P1,24,28,6,3,1,-9999,-9999,-9999,-9999,-9999
980,485.04436,485.044501547,485.044047366,8336988.5,-9999,614423.4,14.1,-1,0.936370095,0.852917713,0,0.511750628,19,0.111111111,0.703703704,S2 P1 O3,de-protonated,0,-9999,C27 H19 O3 P1 S2,27,19,3,-9999,1,2,-9999,-9999,-9999,-9999
980,485.04436,485.044501547,485.044895519,8336988.5,-9999,614423.4,14.1,-1,-0.812239099,0.887179838,0,0.532307903,20,0.28,0.56,N2 S1 O7,de-protonated,0,-9999,C25 H14 O7 N2 S1,25,14,7,2,-9999,1,-9999,-9999,-9999,-9999
980,485.04436,485.044501547,485.044515397,8336988.5,-9999,614423.4,14.1,-1,-0.028553893,0.999852071,0,0.599911243,25,0.148148148,0.407407407,N4 P1 O4,de-protonated,0,-9999,C27 H11 O4 N4 P1,27,11,4,4,1,-9999,-9999,-9999,-9999,-9999
980,485.04436,485.044501547,485.04424407,8336988.5,-9999,614423.4,14.1,-1,0.530830443,0.950156297,0,0.570093778,11,0.529411765,1.058823529,N4 S2 O9,de-protonated,0,-9999,C17 H18 O9 N4 S2,17,18,9,4,-9999,2,-9999,-9999,-9999,-9999
981,485.239019,485.239160617,485.239220968,8656540,-9999,570768.7,14.72,-1,-0.124374648,0.997197096,0,0.598318258,6,0.416666667,1.583333333,O10,de-protonated,0,-9999,C24 H38 O10,24,38,10,-9999,-9999,-9999,-9999,-9999,-9999,-9999
981,485.239019,485.239160617,485.239058777,8656540,-9999,570768.7,14.72,-1,0.20987567,0.99203944,0,0.595223664,1,0.210526316,2.263157895,N4 S2 P1 O4,de-protonated,0,-9999,C19 H43 O4 N4 P1 S2,19,43,4,4,1,2,-9999,-9999,-9999,-9999
982,485.257615,485.257756623,485.257848413,8033954.5,-9999,583904.4,13.52,-1,-0.189155902,0.993528803,0,0.596117282,5,0.28,1.68,S1 O7,de-protonated,0,-9999,C25 H42 O7 S1,25,42,7,-9999,-9999,1,-9999,-9999,-9999,-9999
982,485.257615,485.257756623,485.25746829,8033954.5,-9999,583904.4,13.52,-1,0.594185876,0.937947124,0,0.562768274,10,0.148148148,1.444444444,N2 P1 O4,de-protonated,0,-9999,C27 H39 O4 N2 P1,27,39,4,2,1,-9999,-9999,-9999,-9999,-9999
983,485.275393,485.27553463,485.275606477,7706280,-9999,626730.4,12.89,-1,-0.148055532,0.996030464,0,0.597618279,5,0.36,1.68,O9,de-protonated,0,-9999,C25 H42 O9,25,42,9,-9999,-9999,-9999,-9999,-9999,-9999,-9999
983,485.275393,485.27553463,485.275444286,7706280,-9999,626730.4,12.89,-1,0.186169716,0.993730874,0,0.596238524,0,0.15,2.35,N4 S2 P1 O3,de-protonated,0,-9999,C20 H47 O3 N4 P1 S2,20,47,3,4,1,2,-9999,-9999,-9999,-9999
984,487.210233,487.210375325,487.210110373,7346467.5,-9999,586162.2,12.19,-1,0.543814487,0.947753737,0,0.568652242,19,0.029411765,0.941176471,S1 O1,de-protonated,0,-9999,C34 H32 O1 S1,34,32,1,-9999,-9999,1,-9999,-9999,-9999,-9999
984,487.210233,487.210375325,487.210243315,7346467.5,-9999,586162.2,12.19,-1,0.270951172,0.98676736,0,0.592060416,6,0.391304348,1.608695652,P1 O9,de-protonated,0,-9999,C23 H37 O9 P1,23,37,9,-9999,1,-9999,-9999,-9999,-9999,-9999
985,487.246585,487.246727338,487.246628824,9976111,-9999,639373.5,17.25,-1,0.202184873,0.99261005,0,0.59556603,5,0.333333333,1.708333333,P1 O8,de-protonated,0,-9999,C24 H41 O8 P1,24,41,8,-9999,1,-9999,-9999,-9999,-9999,-9999
986,487.254693,487.254835341,487.254871033,8124722,-9999,542993.4,13.69,-1,-0.073250533,0.999026885,0,0.599416131,5,0.416666667,1.666666667,O10,de-protonated,0,-9999,C24 H40 O10,24,40,10,-9999,-9999,-9999,-9999,-9999,-9999,-9999
986,487.254693,487.254835341,487.254708841,8124722,-9999,542993.4,13.69,-1,0.259617093,0.987844651,0,0.592706791,0,0.210526316,2.368421053,N4 S2 P1 O4,de-protonated,0,-9999,C19 H45 O4 N4 P1 S2,19,45,4,4,1,2,-9999,-9999,-9999,-9999
987,487.283002,487.283144351,487.283014333,7272763,-9999,577636.3,12.05,-1,0.266821598,0.987165064,0,0.592299039,4,0.28,1.8,P1 O7,de-protonated,0,-9999,C25 H45 O7 P1,25,45,7,-9999,1,-9999,-9999,-9999,-9999,-9999
988,489.225877,489.226020049,489.225760437,13319099,-9999,624644.3,23.42,-1,0.530658246,0.95018781,0,0.570112686,18,0.029411765,1,S1 O1,de-protonated,0,-9999,C34 H34 O1 S1,34,34,1,-9999,-9999,1,-9999,-9999,-9999,-9999
988,489.225877,489.226020049,489.225893379,13319099,-9999,624644.3,23.42,-1,0.258919153,0.987909523,0,0.592745714,5,0.391304348,1.695652174,P1 O9,de-protonated,0,-9999,C23 H39 O9 P1,23,39,9,-9999,1,-9999,-9999,-9999,-9999,-9999
989,489.262255,489.262398062,489.262278889,9518023,-9999,669134.6,16.18,-1,0.243578301,0.989292319,0,0.593575391,4,0.333333333,1.791666667,P1 O8,de-protonated,0,-9999,C24 H43 O8 P1,24,43,8,-9999,1,-9999,-9999,-9999,-9999,-9999
990,489.335035,489.335178088,489.335049907,7429086.5,-9999,610184.9,12.21,-1,0.26194960900000003,0.987626615,0,0.592575969,2,0.230769231,1.961538462,P1 O6,de-protonated,0,-9999,C26 H51 O6 P1,26,51,6,-9999,1,-9999,-9999,-9999,-9999,-9999
991,489.371424,489.371567101,489.371435417,11729899,-9999,608246.4,20.39,-1,0.269089775,0.986947361,0,0.592168416,1,0.185185185,2.037037037,P1 O5,de-protonated,0,-9999,C27 H55 O5 P1,27,55,5,-9999,1,-9999,-9999,-9999,-9999,-9999
992,491.205141,491.20528476,491.205024993,15498823,-9999,569994.7,27.56,-1,0.528837689,0.950520426,0,0.570312256,18,0.060606061,0.96969697,S1 O2,de-protonated,0,-9999,C33 H32 O2 S1,33,32,2,-9999,-9999,1,-9999,-9999,-9999,-9999
992,491.205141,491.20528476,491.205157934,15498823,-9999,569994.7,27.56,-1,0.258193544,0.987976785,0,0.592786071,5,0.454545455,1.681818182,P1 O10,de-protonated,0,-9999,C22 H37 O10 P1,22,37,10,-9999,1,-9999,-9999,-9999,-9999,-9999
993,491.241491,491.241634773,491.241410502,16612947,-9999,562602.9,29.68,-1,0.456540178,0.962887057,0,0.577732234,17,0.029411765,1.058823529,S1 O1,de-protonated,0,-9999,C34 H36 O1 S1,34,36,1,-9999,-9999,1,-9999,-9999,-9999,-9999
993,491.241491,491.241634773,491.241543444,16612947,-9999,562602.9,29.68,-1,0.185916098,0.99374789,0,0.596248734,4,0.391304348,1.782608696,P1 O9,de-protonated,0,-9999,C23 H41 O9 P1,23,41,9,-9999,1,-9999,-9999,-9999,-9999,-9999
994,491.277872,491.278015786,491.277928953,10763871,-9999,618027.9,18.55,-1,0.17675012,0.994347469,0,0.596608482,3,0.333333333,1.875,P1 O8,de-protonated,0,-9999,C24 H45 O8 P1,24,45,8,-9999,1,-9999,-9999,-9999,-9999,-9999
995,493.12688000000003,493.127024451,493.12677467,7520449.5,-9999,666545.5,12.38,-1,0.506523942,0.954513345,0,0.572708007,24,0.058823529,0.647058824,S1 O2,de-protonated,0,-9999,C34 H22 O2 S1,34,22,2,-9999,-9999,1,-9999,-9999,-9999,-9999
995,493.12688000000003,493.127024451,493.126907612,7520449.5,-9999,666545.5,12.38,-1,0.236934521,0.989865543,0,0.593919326,11,0.434782609,1.173913043,P1 O10,de-protonated,0,-9999,C23 H27 O10 P1,23,27,10,-9999,1,-9999,-9999,-9999,-9999,-9999
996,493.184453,493.184597471,493.184289548,8642772,-9999,580808,14.51,-1,0.624358481,0.931710659,0,0.559026395,18,0.09375,0.9375,S1 O3,de-protonated,0,-9999,C32 H30 O3 S1,32,30,3,-9999,-9999,1,-9999,-9999,-9999,-9999
996,493.184453,493.184597471,493.184422489,8642772,-9999,580808,14.51,-1,0.354800468,0.977417517,0,0.58645051,5,0.523809524,1.666666667,P1 O11,de-protonated,0,-9999,C21 H35 O11 P1,21,35,11,-9999,1,-9999,-9999,-9999,-9999,-9999
997,493.220787,493.220931485,493.220675057,17629408,-9999,604931.8,31.62,-1,0.519904196,0.476068833,0.736963647,0.580426759,17,0.060606061,1.03030303,S1 O2,de-protonated,0,-9999,C33 H34 O2 S1,33,34,2,-9999,-9999,1,-9999,-9999,-9999,-9999
997,493.220787,493.220931485,493.220807999,17629408,-9999,604931.8,31.62,-1,0.250366097,0.988690656,0,0.593214393,4,0.454545455,1.772727273,P1 O10,de-protonated,0,-9999,C22 H39 O10 P1,22,39,10,-9999,1,-9999,-9999,-9999,-9999,-9999
998,493.226419,493.226563487,493.226548284,7782626,-9999,592441.6,12.88,-1,0.030823062,0.999827628,0,0.599896577,8,0.269230769,1.461538462,S1 O7,de-protonated,0,-9999,C26 H38 O7 S1,26,38,7,-9999,-9999,1,-9999,-9999,-9999,-9999
998,493.226419,493.226563487,493.226168161,7782626,-9999,592441.6,12.88,-1,0.801509121,0.889971626,0,0.533982976,13,0.142857143,1.25,N2 P1 O4,de-protonated,0,-9999,C28 H35 O4 N2 P1,28,35,4,2,1,-9999,-9999,-9999,-9999,-9999
999,493.257167,493.257311498,493.257060566,16777452,-9999,537334,30,-1,0.508723017,0.477063373,0.73113591,0.578692388,16,0.029411765,1.117647059,S1 O1,de-protonated,0,-9999,C34 H38 O1 S1,34,38,1,-9999,-9999,1,-9999,-9999,-9999,-9999
999,493.257167,493.257311498,493.257193508,16777452,-9999,537334,30,-1,0.239204804,0.989671409,0,0.593802845,3,0.391304348,1.869565217,P1 O9,de-protonated,0,-9999,C23 H43 O9 P1,23,43,9,-9999,1,-9999,-9999,-9999,-9999,-9999
1000,493.293576,493.293720511,493.293579017,12894456,-9999,598989.2,22.61,-1,0.286833699,0.985182445,0,0.591109467,2,0.333333333,1.958333333,P1 O8,de-protonated,0,-9999,C24 H47 O8 P1,24,47,8,-9999,1,-9999,-9999,-9999,-9999,-9999
1001,494.216058,494.216202842,494.215924029,9683497,-9999,599100.7,16.49,-1,0.564152002,0.943886629,0,0.566331977,17,0.0625,1.03125,N1 S1 O2,de-protonated,0,-9999,C32 H33 O2 N1 S1,32,33,2,1,-9999,1,-9999,-9999,-9999,-9999
1001,494.216058,494.216202842,494.216056971,9683497,-9999,599100.7,16.49,-1,0.295156685,0.98431693,0,0.590590158,4,0.476190476,1.80952381,N1 P1 O10,de-protonated,0,-9999,C21 H38 O10 N1 P1,21,38,10,1,1,-9999,-9999,-9999,-9999,-9999
1003,495.142524,495.142669175,495.142424735,22807386,-9999,585767.9,41.47,-1,0.493676714,0.946696618,0.979538455,0.959833353,23,0.058823529,0.705882353,S1 O2,de-protonated,0,-9999,C34 H24 O2 S1,34,24,2,-9999,-9999,1,-9999,-9999,-9999,-9999
1003,495.142524,495.142669175,495.142557676,22807386,-9999,585767.9,41.47,-1,0.225184755,0.990841268,0,0.594504761,10,0.434782609,1.260869565,P1 O10,de-protonated,0,-9999,C23 H29 O10 P1,23,29,10,-9999,1,-9999,-9999,-9999,-9999,-9999
1004,495.200052,495.200197196,495.199939612,12174189,-9999,626699.7,21.23,-1,0.520160696,0.952091578,0,0.571254947,17,0.09375,1,S1 O3,de-protonated,0,-9999,C32 H32 O3 S1,32,32,3,-9999,-9999,1,-9999,-9999,-9999,-9999
1004,495.200052,495.200197196,495.200072554,12174189,-9999,626699.7,21.23,-1,0.251699914,0.988570528,0,0.593142317,4,0.523809524,1.761904762,P1 O11,de-protonated,0,-9999,C21 H37 O11 P1,21,37,11,-9999,1,-9999,-9999,-9999,-9999,-9999
1005,495.23644,495.236585209,495.236325121,15172473,-9999,611713.7,26.94,-1,0.525178095,0.951185925,0,0.570711555,16,0.060606061,1.090909091,S1 O2,de-protonated,0,-9999,C33 H36 O2 S1,33,36,2,-9999,-9999,1,-9999,-9999,-9999,-9999
1005,495.23644,495.236585209,495.236458063,15172473,-9999,611713.7,26.94,-1,0.256737035,0.988111245,0,0.592866747,3,0.454545455,1.863636364,P1 O10,de-protonated,0,-9999,C22 H41 O10 P1,22,41,10,-9999,1,-9999,-9999,-9999,-9999,-9999
1006,495.251644,495.251789214,495.251714205,8225662,-9999,637081.5,13.72,-1,0.151457755,0.995846317,0,0.59750779,7,0.269230769,1.576923077,P1 O7,de-protonated,0,-9999,C26 H41 O7 P1,26,41,7,-9999,1,-9999,-9999,-9999,-9999,-9999
1007,495.27284,495.272985222,495.272710631,8012677,-9999,526158.7,13.31,-1,0.554423841,0.945752144,0,0.567451286,15,0.029411765,1.176470588,S1 O1,de-protonated,0,-9999,C34 H40 O1 S1,34,40,1,-9999,-9999,1,-9999,-9999,-9999,-9999
1007,495.27284,495.272985222,495.272843573,8012677,-9999,526158.7,13.31,-1,0.286002494,0.985267565,0,0.591160539,2,0.391304348,1.956521739,P1 O9,de-protonated,0,-9999,C23 H45 O9 P1,23,45,9,-9999,1,-9999,-9999,-9999,-9999,-9999
1008,495.303331,495.303476233,495.303355855,70222736,-9999,577086.2,131.71,-1,0.243038216,0.989226251,0.982458337,0.986519085,10,0.096774194,1.451612903,P1 O3,de-protonated,0,-9999,C31 H45 O3 P1,31,45,3,-9999,1,-9999,-9999,-9999,-9999,-9999
1008,495.303331,495.303476233,495.30355256,70222736,-9999,577086.2,131.71,-1,-0.154101148,0.995793598,0.951534619,0.978090006,2,0.428571429,2.095238095,N4 O9,de-protonated,0,-9999,C21 H44 O9 N4,21,44,9,4,-9999,-9999,-9999,-9999,-9999,-9999
1010,496.145932,496.146077536,496.14577957,7537828.5,-9999,586013.3,12.41,-1,0.600560875,0.936651771,0.979538455,0.953806445,23,0.058823529,0.705882353,13C1 S1 O2,de-protonated,1,1003,C33 H24 O2 S1 13C1,33,24,2,-9999,-9999,1,1,-9999,-9999,-9999
1010,496.145932,496.146077536,496.146048857,7537828.5,-9999,586013.3,12.41,-1,0.057802321,0.999393944,0,0.599636366,10,0.545454545,1.227272727,N1 O12,de-protonated,0,-9999,C22 H27 O12 N1,22,27,12,1,-9999,-9999,-9999,-9999,-9999,-9999
1010,496.145932,496.146077536,496.146538115,7537828.5,-9999,586013.3,12.41,-1,-0.928312346,0.855246189,0,0.513147713,14,0.16,1.12,N3 S1 P1 O4,de-protonated,0,-9999,C25 H28 O4 N3 P1 S1,25,28,4,3,1,1,-9999,-9999,-9999,-9999
1011,496.306687,496.306832593,496.30671069,21398746,-9999,603172.3,38.79,-1,0.245620461,0.989113005,0.982458337,0.986451138,10,0.096774194,1.451612903,13C1 P1 O3,de-protonated,1,1008,C30 H45 O3 P1 13C1,30,45,3,-9999,1,-9999,1,-9999,-9999,-9999
1011,496.306687,496.306832593,496.306847036,21398746,-9999,603172.3,38.79,-1,-0.029100015,0.49992318,0.755017935,0.601961082,10,0.166666667,1.433333333,N1 O5,de-protonated,0,-9999,C30 H43 O5 N1,30,43,5,1,-9999,-9999,-9999,-9999,-9999,-9999
1011,496.306687,496.306832593,496.306907395,21398746,-9999,603172.3,38.79,-1,-0.15071603,0.995886817,0.951534619,0.978145938,2,0.428571429,2.095238095,13C1 N4 O9,de-protonated,1,1008,C20 H44 O9 N4 13C1,20,44,9,4,-9999,-9999,1,-9999,-9999,-9999
1012,496.931046,496.931191818,496.930868086,25626024,-9999,573687.2,46.83,-1,0.651462282,0.925883015,0,0.555529809,19,0.4,0.35,N2 S2 P1 O8,de-protonated,0,-9999,C20 H7 O8 N2 P1 S2,20,7,8,2,1,2,-9999,-9999,-9999,-9999
1013,497.158189,497.158334899,497.158074799,35489264,-9999,574040.3,65.6,-1,0.523173763,0.952625212,0.931900382,0.94433528,22,0.058823529,0.764705882,S1 O2,de-protonated,0,-9999,C34 H26 O2 S1,34,26,2,-9999,-9999,1,-9999,-9999,-9999,-9999
1013,497.158189,497.158334899,497.158207741,35489264,-9999,574040.3,65.6,-1,0.255770354,0.988716101,0.998442263,0.992606566,9,0.434782609,1.347826087,P1 O10,de-protonated,0,-9999,C23 H31 O10 P1,23,31,10,-9999,1,-9999,-9999,-9999,-9999,-9999
1014,497.215676,497.21582192,497.215589677,8160773,-9999,548195.5,13.59,-1,0.46708774,0.961186487,0,0.576711892,16,0.09375,1.0625,S1 O3,de-protonated,0,-9999,C32 H34 O3 S1,32,34,3,-9999,-9999,1,-9999,-9999,-9999,-9999
1014,497.215676,497.21582192,497.215722618,8160773,-9999,548195.5,13.59,-1,0.199715277,0.992788829,0,0.595673297,3,0.523809524,1.857142857,P1 O11,de-protonated,0,-9999,C21 H39 O11 P1,21,39,11,-9999,1,-9999,-9999,-9999,-9999,-9999
1015,497.300375,497.30052095,497.300596406,22119968,-9999,561832.7,40.16,-1,-0.151730869,0.995831355,0,0.597498813,0,0.130434783,2.217391304,N2 S2 P1 O3,de-protonated,0,-9999,C23 H51 O3 N2 P1 S2,23,51,3,2,1,2,-9999,-9999,-9999,-9999
1016,498.161538,498.16168426,498.161429634,8914748,-9999,575850.9,15.03,-1,0.511130493,0.953701772,0.931900382,0.944981216,22,0.058823529,0.764705882,13C1 S1 O2,de-protonated,1,1013,C33 H26 O2 S1 13C1,33,26,2,-9999,-9999,1,1,-9999,-9999,-9999
1016,498.161538,498.16168426,498.161562576,8914748,-9999,575850.9,15.03,-1,0.244265669,0.989232127,0.998442263,0.992916182,9,0.434782609,1.347826087,13C1 P1 O10,de-protonated,1,1013,C22 H31 O10 P1 13C1,22,31,10,-9999,1,-9999,1,-9999,-9999,-9999
1016,498.161538,498.16168426,498.161698922,8914748,-9999,575850.9,15.03,-1,-0.029431915,0.999842835,0,0.599905701,9,0.545454545,1.318181818,N1 O12,de-protonated,0,-9999,C22 H29 O12 N1,22,29,12,1,-9999,-9999,-9999,-9999,-9999,-9999
1017,499.155275,499.155421617,499.155097419,11094146,-9999,561220.6,19.18,-1,0.649493058,0.92631351,0,0.555788106,22,0.151515152,0.727272727,O5,de-protonated,0,-9999,C33 H24 O5,33,24,5,-9999,-9999,-9999,-9999,-9999,-9999,-9999
1018,499.254681,499.254827653,499.254871033,7710882.5,-9999,564947.7,12.74,-1,-0.086889573,0.998631037,0,0.599178622,6,0.4,1.6,O10,de-protonated,0,-9999,C25 H40 O10,25,40,10,-9999,-9999,-9999,-9999,-9999,-9999,-9999
1018,499.254681,499.254827653,499.254708841,7710882.5,-9999,564947.7,12.74,-1,0.2379773,0.989776599,0,0.593865959,1,0.2,2.25,N4 S2 P1 O4,de-protonated,0,-9999,C20 H45 O4 N4 P1 S2,20,45,4,4,1,2,-9999,-9999,-9999,-9999
1019,499.27329,499.273436659,499.273498477,12093608,-9999,609444.2,21.08,-1,-0.123815837,0.997222191,0,0.598333315,5,0.269230769,1.692307692,S1 O7,de-protonated,0,-9999,C26 H44 O7 S1,26,44,7,-9999,-9999,1,-9999,-9999,-9999,-9999
1019,499.27329,499.273436659,499.273118355,12093608,-9999,609444.2,21.08,-1,0.637535934,0.928903711,0,0.557342227,10,0.142857143,1.464285714,N2 P1 O4,de-protonated,0,-9999,C28 H41 O4 N2 P1,28,41,4,2,1,-9999,-9999,-9999,-9999,-9999
1020,499.29103,499.291176666,499.291256542,7604398,-9999,597443.4,12.53,-1,-0.159979433,0.995366874,0,0.597220124,5,0.346153846,1.692307692,O9,de-protonated,0,-9999,C26 H44 O9,26,44,9,-9999,-9999,-9999,-9999,-9999,-9999,-9999
1020,499.29103,499.291176666,499.291094351,7604398,-9999,597443.4,12.53,-1,0.164863741,0.995080356,0,0.597048214,0,0.142857143,2.333333333,N4 S2 P1 O3,de-protonated,0,-9999,C21 H49 O3 N4 P1 S2,21,49,3,4,1,2,-9999,-9999,-9999,-9999
1021,501.225868,501.226015361,501.225760437,8784679,-9999,573111.6,14.78,-1,0.5085998,0.954148448,0,0.572489069,19,0.028571429,0.971428571,S1 O1,de-protonated,0,-9999,C35 H34 O1 S1,35,34,1,-9999,-9999,1,-9999,-9999,-9999,-9999
1021,501.225868,501.226015361,501.225893379,8784679,-9999,573111.6,14.78,-1,0.2433665,0.989310832,0,0.593586499,6,0.375,1.625,P1 O9,de-protonated,0,-9999,C24 H39 O9 P1,24,39,9,-9999,1,-9999,-9999,-9999,-9999,-9999
1022,503.205173,503.205321072,503.205024993,8359339.5,-9999,665364.1,13.97,-1,0.588387174,0.939114904,0,0.56346894300000006,19,0.058823529,0.941176471,S1 O2,de-protonated,0,-9999,C34 H32 O2 S1,34,32,2,-9999,-9999,1,-9999,-9999,-9999,-9999
1022,503.205173,503.205321072,503.205157934,8359339.5,-9999,665364.1,13.97,-1,0.324197099,0.981109761,0,0.588665856,6,0.434782609,1.608695652,P1 O10,de-protonated,0,-9999,C23 H37 O10 P1,23,37,10,-9999,1,-9999,-9999,-9999,-9999,-9999
1023,503.241494,503.241642085,503.241410502,11636151,-9999,543302.3,20.2,-1,0.460182882,0.962303801,0,0.57738228,18,0.028571429,1.028571429,S1 O1,de-protonated,0,-9999,C35 H36 O1 S1,35,36,1,-9999,-9999,1,-9999,-9999,-9999,-9999
1023,503.241494,503.241642085,503.241543444,11636151,-9999,543302.3,20.2,-1,0.196011943,0.993052861,0,0.595831717,5,0.375,1.708333333,P1 O9,de-protonated,0,-9999,C24 H41 O9 P1,24,41,9,-9999,1,-9999,-9999,-9999,-9999,-9999
1024,503.277903,503.278051098,503.277928953,9211331,-9999,645323.3,15.59,-1,0.242699069,0.989369069,0,0.593621442,4,0.32,1.8,P1 O8,de-protonated,0,-9999,C25 H45 O8 P1,25,45,8,-9999,1,-9999,-9999,-9999,-9999,-9999
1025,503.387041,503.387189137,503.387085481,10472934,-9999,598168.8,17.99,-1,0.205917576,0.992335726,0,0.595401435,1,0.178571429,2.035714286,P1 O5,de-protonated,0,-9999,C28 H57 O5 P1,28,57,5,-9999,1,-9999,-9999,-9999,-9999,-9999
1026,505.220752,505.220900796,505.220675057,15700024,-9999,539820.9,27.94,-1,0.446812924,0.964423524,0,0.578654115,18,0.058823529,1,S1 O2,de-protonated,0,-9999,C34 H34 O2 S1,34,34,2,-9999,-9999,1,-9999,-9999,-9999,-9999
1026,505.220752,505.220900796,505.220807999,15700024,-9999,539820.9,27.94,-1,0.18367691,0.993897127,0,0.596338276,5,0.434782609,1.695652174,P1 O10,de-protonated,0,-9999,C23 H39 O10 P1,23,39,10,-9999,1,-9999,-9999,-9999,-9999,-9999
1027,505.257172,505.257320809,505.257060566,15601731,-9999,582473.4,27.75,-1,0.515070215,0.953002405,0,0.571801443,17,0.028571429,1.085714286,S1 O1,de-protonated,0,-9999,C35 H38 O1 S1,35,38,1,-9999,-9999,1,-9999,-9999,-9999,-9999
1027,505.257172,505.257320809,505.257193508,15601731,-9999,582473.4,27.75,-1,0.251953133,0.988547651,0,0.593128591,4,0.375,1.791666667,P1 O9,de-protonated,0,-9999,C24 H43 O9 P1,24,43,9,-9999,1,-9999,-9999,-9999,-9999,-9999
1028,505.293578,505.293726822,505.293579017,10719311,-9999,596424.1,18.46,-1,0.292512847,0.984594465,0,0.590756679,3,0.32,1.88,P1 O8,de-protonated,0,-9999,C25 H47 O8 P1,25,47,8,-9999,1,-9999,-9999,-9999,-9999,-9999
1029,506.976357,506.976506427,506.976755651,12898924,-9999,579539.7,22.61,-1,-0.491588452,0.957098712,0,0.574259227,19,0.291666667,0.541666667,S2 P1 O7,de-protonated,0,-9999,C24 H13 O7 P1 S2,24,13,7,-9999,1,2,-9999,-9999,-9999,-9999
1029,506.976357,506.976506427,506.976952355,12898924,-9999,579539.7,22.61,-1,-0.879583196,0.869027257,0,0.521416354,11,0.928571429,0.857142857,N4 S2 O13,de-protonated,0,-9999,C14 H12 O13 N4 S2,14,12,13,4,-9999,2,-9999,-9999,-9999,-9999
1030,507.200027,507.200176507,507.199939612,8688307,-9999,575756.6,14.59,-1,0.467064679,0.961190244,0,0.576714147,18,0.090909091,0.96969697,S1 O3,de-protonated,0,-9999,C33 H32 O3 S1,33,32,3,-9999,-9999,1,-9999,-9999,-9999,-9999
1030,507.200027,507.200176507,507.200072554,8688307,-9999,575756.6,14.59,-1,0.204955505,0.992406903,0,0.595444142,5,0.5,1.681818182,P1 O11,de-protonated,0,-9999,C22 H37 O11 P1,22,37,11,-9999,1,-9999,-9999,-9999,-9999,-9999
1031,507.236405,507.23655452,507.236325121,13800127,-9999,573928.5,24.32,-1,0.452252503,0.963568092,0,0.578140855,17,0.058823529,1.058823529,S1 O2,de-protonated,0,-9999,C34 H36 O2 S1,34,36,2,-9999,-9999,1,-9999,-9999,-9999,-9999
1031,507.236405,507.23655452,507.236458063,13800127,-9999,573928.5,24.32,-1,0.190162135,0.993459998,0,0.596075999,4,0.434782609,1.782608696,P1 O10,de-protonated,0,-9999,C23 H41 O10 P1,23,41,10,-9999,1,-9999,-9999,-9999,-9999,-9999
1032,507.272807,507.272956533,507.272710631,13865675,-9999,592483.9,24.45,-1,0.484754299,0.958258185,0,0.574954911,16,0.028571429,1.142857143,S1 O1,de-protonated,0,-9999,C35 H40 O1 S1,35,40,1,-9999,-9999,1,-9999,-9999,-9999,-9999
1032,507.272807,507.272956533,507.272843573,13865675,-9999,592483.9,24.45,-1,0.222682721,0.991042753,0,0.594625652,3,0.375,1.875,P1 O9,de-protonated,0,-9999,C24 H45 O9 P1,24,45,9,-9999,1,-9999,-9999,-9999,-9999,-9999
1033,507.309248,507.309397547,507.309229082,10130134,-9999,554004.3,17.34,-1,0.332074859,0.980189832,0,0.588113899,2,0.32,1.96,P1 O8,de-protonated,0,-9999,C25 H49 O8 P1,25,49,8,-9999,1,-9999,-9999,-9999,-9999,-9999
1034,508.195292,508.195441865,508.195188584,13882353,-9999,579007.5,24.48,-1,0.49839232,0.955929676,0,0.573557806,18,0.09375,0.96875,N1 S1 O3,de-protonated,0,-9999,C32 H31 O3 N1 S1,32,31,3,1,-9999,1,-9999,-9999,-9999,-9999
1034,508.195292,508.195441865,508.195321526,13882353,-9999,579007.5,24.48,-1,0.236796452,0.989877291,0,0.593926374,5,0.523809524,1.714285714,N1 P1 O11,de-protonated,0,-9999,C21 H36 O11 N1 P1,21,36,11,1,1,-9999,-9999,-9999,-9999,-9999
1035,508.949699,508.949849136,508.950343684,45520096,-9999,551717.5,83.72,-1,-0.971701318,0.42127407100000003,0.822155738,0.581626738,20,0.45,0.3,N4 S2 O9,de-protonated,0,-9999,C20 H6 O9 N4 S2,20,6,9,4,-9999,2,-9999,-9999,-9999,-9999
1036,509.215681,509.215831232,509.215589677,12539189,-9999,571476.1,21.67,-1,0.474366758,0.959992049,0,0.575995229,17,0.090909091,1.03030303,S1 O3,de-protonated,0,-9999,C33 H34 O3 S1,33,34,3,-9999,-9999,1,-9999,-9999,-9999,-9999
1036,509.215681,509.215831232,509.215722618,12539189,-9999,571476.1,21.67,-1,0.2132951,0.991779007,0,0.595067404,4,0.5,1.772727273,P1 O11,de-protonated,0,-9999,C22 H39 O11 P1,22,39,11,-9999,1,-9999,-9999,-9999,-9999,-9999
1037,509.2521,509.252250245,509.251975186,15750465,-9999,570392.4,27.71,-1,0.540122959,0.9484421,0,0.56906526,16,0.058823529,1.117647059,S1 O2,de-protonated,0,-9999,C34 H38 O2 S1,34,38,2,-9999,-9999,1,-9999,-9999,-9999,-9999
1037,509.2521,509.252250245,509.252108128,15750465,-9999,570392.4,27.71,-1,0.279069937,0.985968148,0,0.591580889,3,0.434782609,1.869565217,P1 O10,de-protonated,0,-9999,C23 H43 O10 P1,23,43,10,-9999,1,-9999,-9999,-9999,-9999,-9999
1038,509.282595,509.282745256,509.28262041,9311563,-9999,592916.2,15.6,-1,0.245139586,0.98915536,0,0.593493216,11,0.129032258,1.387096774,P1 O4,de-protonated,0,-9999,C31 H43 O4 P1,31,43,4,-9999,1,-9999,-9999,-9999,-9999,-9999
1038,509.282595,509.282745256,509.282817115,9311563,-9999,592916.2,15.6,-1,-0.141098731,0.996394082,0,0.597836449,3,0.476190476,2,N4 O10,de-protonated,0,-9999,C21 H42 O10 N4,21,42,10,4,-9999,-9999,-9999,-9999,-9999,-9999
1040,510.946684,510.946834854,510.94651815,21731160,-9999,558031,38.96,-1,0.619836152,0.932662374,0,0.559597425,19,0.380952381,0.428571429,N2 S2 P1 O8,de-protonated,0,-9999,C21 H9 O8 N2 P1 S2,21,9,8,2,1,2,-9999,-9999,-9999,-9999
1041,511.108159,511.108309912,511.107829393,9967499,-9999,585804.5,16.83,-1,0.940150345,0.85182059,0,0.511092354,1,0.75,2.0625,S2 P1 O12,de-protonated,0,-9999,C16 H33 O12 P1 S2,16,33,12,-9999,1,2,-9999,-9999,-9999,-9999
1041,511.108159,511.108309912,511.108815931,9967499,-9999,585804.5,16.83,-1,-0.990042398,0.837065388,0,0.502239233,29,0.085714286,0.457142857,N2 O3,de-protonated,0,-9999,C35 H16 O3 N2,35,16,3,2,-9999,-9999,-9999,-9999,-9999,-9999
1041,511.108159,511.108309912,511.108164482,9967499,-9999,585804.5,16.83,-1,0.284537193,0.985417034,0,0.591250221,20,0.185185185,0.740740741,N4 S1 O5,de-protonated,0,-9999,C27 H20 O5 N4 S1,27,20,5,4,-9999,1,-9999,-9999,-9999,-9999
1041,511.108159,511.108309912,511.108297424,9967499,-9999,585804.5,16.83,-1,0.024432302,0.999891692,0,0.599935015,7,0.8125,1.5625,N4 P1 O13,de-protonated,0,-9999,C16 H25 O13 N4 P1,16,25,13,4,1,-9999,-9999,-9999,-9999,-9999
1042,511.137445,511.137595922,511.137339354,21239700,-9999,573825.4,38.04,-1,0.501954612,0.477655887,0.73113591,0.579047896,23,0.088235294,0.705882353,S1 O3,de-protonated,0,-9999,C34 H24 O3 S1,34,24,3,-9999,-9999,1,-9999,-9999,-9999,-9999
1042,511.137445,511.137595922,511.137472296,21239700,-9999,573825.4,38.04,-1,0.241864511,0.989441669,0,0.593665002,10,0.47826087,1.260869565,P1 O11,de-protonated,0,-9999,C23 H29 O11 P1,23,29,11,-9999,1,-9999,-9999,-9999,-9999,-9999
1043,511.231339,511.231489956,511.231239741,12097457,-9999,574519.2,20.84,-1,0.489435507,0.957465577,0,0.574479346,16,0.090909091,1.090909091,S1 O3,de-protonated,0,-9999,C33 H36 O3 S1,33,36,3,-9999,-9999,1,-9999,-9999,-9999,-9999
1043,511.231339,511.231489956,511.231372683,12097457,-9999,574519.2,20.84,-1,0.229393182,0.990497385,0,0.594298431,3,0.5,1.863636364,P1 O11,de-protonated,0,-9999,C22 H41 O11 P1,22,41,11,-9999,1,-9999,-9999,-9999,-9999,-9999
1044,511.267734,511.267884969,511.26762525,8460221,-9999,624611.6,13.99,-1,0.507989232,0.954255915,0,0.572553549,15,0.058823529,1.176470588,S1 O2,de-protonated,0,-9999,C34 H40 O2 S1,34,40,2,-9999,-9999,1,-9999,-9999,-9999,-9999
1044,511.267734,511.267884969,511.267758192,8460221,-9999,624611.6,13.99,-1,0.247965408,0.988905298,0,0.593343179,2,0.434782609,1.956521739,P1 O10,de-protonated,0,-9999,C23 H45 O10 P1,23,45,10,-9999,1,-9999,-9999,-9999,-9999,-9999
1045,511.298238,511.29838898,511.298270475,42309576,-9999,557394.6,77.68,-1,0.23177293,0.989944997,0.991506956,0.990569781,10,0.129032258,1.451612903,P1 O4,de-protonated,0,-9999,C31 H45 O4 P1,31,45,4,-9999,1,-9999,-9999,-9999,-9999,-9999
1045,511.298238,511.29838898,511.298467179,42309576,-9999,557394.6,77.68,-1,-0.152942746,0.996009546,0.925499912,0.967805693,2,0.476190476,2.095238095,N4 O10,de-protonated,0,-9999,C21 H44 O10 N4,21,44,10,4,-9999,-9999,-9999,-9999,-9999,-9999
1046,512.301597,512.30174834,512.30162531,14833920,-9999,573933.6,25.99,-1,0.240152544,0.98958983,0.991506956,0.99035668,10,0.129032258,1.451612903,13C1 P1 O4,de-protonated,1,1045,C30 H45 O4 P1 13C1,30,45,4,-9999,1,-9999,1,-9999,-9999,-9999
1046,512.301597,512.30174834,512.301761655,14833920,-9999,573933.6,25.99,-1,-0.0259907,0.999877436,0,0.599926462,10,0.2,1.433333333,N1 O6,de-protonated,0,-9999,C30 H43 O6 N1,30,43,6,1,-9999,-9999,-9999,-9999,-9999,-9999
1046,512.301597,512.30174834,512.301822014,14833920,-9999,573933.6,25.99,-1,-0.143809661,0.996254452,0.925499912,0.967952636,2,0.476190476,2.095238095,13C1 N4 O10,de-protonated,1,1045,C20 H44 O10 N4 13C1,20,44,10,4,-9999,-9999,1,-9999,-9999,-9999
1047,513.134565,513.13471664,513.134361974,8804867,-9999,613259.8,14.64,-1,0.691174657,0.916968551,0,0.55018113,23,0.181818182,0.666666667,O6,de-protonated,0,-9999,C33 H22 O6,33,22,6,-9999,-9999,-9999,-9999,-9999,-9999,-9999
1047,513.134565,513.13471664,513.134712847,8804867,-9999,613259.8,14.64,-1,0.007390938,0.999990088,0,0.599994053,0,0.733333333,2.333333333,N2 S2 P1 O11,de-protonated,0,-9999,C15 H35 O11 N2 P1 S2,15,35,11,2,1,2,-9999,-9999,-9999,-9999
1048,513.270348,513.270499688,513.270521097,9280045,-9999,561227.1,15.54,-1,-0.041710219,0.999684376,0,0.599810626,6,0.384615385,1.615384615,O10,de-protonated,0,-9999,C26 H42 O10,26,42,10,-9999,-9999,-9999,-9999,-9999,-9999,-9999
1048,513.270348,513.270499688,513.271010354,9280045,-9999,561227.1,15.54,-1,-0.994924641,0.835594755,0,0.501356853,10,0.068965517,1.482758621,N2 S1 P1 O2,de-protonated,0,-9999,C29 H43 O2 N2 P1 S1,29,43,2,2,1,1,-9999,-9999,-9999,-9999
1048,513.270348,513.270499688,513.270358906,9280045,-9999,561227.1,15.54,-1,0.27428567,0.986441889,0,0.591865133,1,0.19047619,2.238095238,N4 S2 P1 O4,de-protonated,0,-9999,C21 H47 O4 N4 P1 S2,21,47,4,4,1,2,-9999,-9999,-9999,-9999
1049,513.288953,513.289104695,513.289148542,14359091,-9999,527499.2,25.09,-1,-0.085422712,0.998676838,0,0.599206103,5,0.259259259,1.703703704,S1 O7,de-protonated,0,-9999,C27 H46 O7 S1,27,46,7,-9999,-9999,1,-9999,-9999,-9999,-9999
1049,513.288953,513.289104695,513.288768419,14359091,-9999,527499.2,25.09,-1,0.655139932,0.925076088,0,0.555045653,10,0.137931034,1.482758621,N2 P1 O4,de-protonated,0,-9999,C29 H43 O4 N2 P1,29,43,4,2,1,-9999,-9999,-9999,-9999,-9999
1050,513.295299,513.295450697,513.295511026,15145525,-9999,558658.8,26.57,-1,-0.117531499,0.997496669,0,0.598498002,0,0.173913043,2.217391304,N2 S2 P1 O4,de-protonated,0,-9999,C23 H51 O4 N2 P1 S2,23,51,4,2,1,2,-9999,-9999,-9999,-9999
1051,513.306653,513.306804701,513.306906606,7854648.5,-9999,610525.9,12.85,-1,-0.19852632,0.992874128,0,0.595724477,5,0.333333333,1.703703704,O9,de-protonated,0,-9999,C27 H46 O9,27,46,9,-9999,-9999,-9999,-9999,-9999,-9999,-9999
1051,513.306653,513.306804701,513.306744415,7854648.5,-9999,610525.9,12.85,-1,0.11744712,0.997500258,0,0.598500155,0,0.136363636,2.318181818,N4 S2 P1 O3,de-protonated,0,-9999,C22 H51 O3 N4 P1 S2,22,51,3,4,1,2,-9999,-9999,-9999,-9999
1052,515.241489,515.241641397,515.241410502,9936013,-9999,577699.7,16.77,-1,0.448129201,0.964217405,0,0.578530443,19,0.027777778,1,S1 O1,de-protonated,0,-9999,C36 H36 O1 S1,36,36,1,-9999,-9999,1,-9999,-9999,-9999,-9999
1052,515.241489,515.241641397,515.241543444,9936013,-9999,577699.7,16.77,-1,0.190110819,0.993463516,0,0.596078109,6,0.36,1.64,P1 O9,de-protonated,0,-9999,C25 H41 O9 P1,25,41,9,-9999,1,-9999,-9999,-9999,-9999,-9999
1053,515.277886,515.27803841,515.277928953,11050136,-9999,568825,18.86,-1,0.212422681,0.991845846,0,0.595107508,5,0.307692308,1.730769231,P1 O8,de-protonated,0,-9999,C26 H45 O8 P1,26,45,8,-9999,1,-9999,-9999,-9999,-9999,-9999
1054,517.220749,517.220902108,517.220675057,8314599,-9999,568703.2,13.72,-1,0.438982387,0.965638087,0,0.579382852,19,0.057142857,0.971428571,S1 O2,de-protonated,0,-9999,C35 H34 O2 S1,35,34,2,-9999,-9999,1,-9999,-9999,-9999,-9999
1054,517.220749,517.220902108,517.220807999,8314599,-9999,568703.2,13.72,-1,0.181951374,0.994010911,0,0.596406547,6,0.416666667,1.625,P1 O10,de-protonated,0,-9999,C24 H39 O10 P1,24,39,10,-9999,1,-9999,-9999,-9999,-9999,-9999
1055,517.228864,517.229017111,517.229050207,7487209,-9999,591198.9,12.16,-1,-0.063988165,0.999257337,0,0.599554402,6,0.5,1.583333333,O12,de-protonated,0,-9999,C24 H38 O12,24,38,12,-9999,-9999,-9999,-9999,-9999,-9999,-9999
1055,517.228864,517.229017111,517.228537143,7487209,-9999,591198.9,12.16,-1,0.927960617,0.855347515,0,0.513208509,24,0.027027027,0.810810811,N2 O1,de-protonated,0,-9999,C37 H30 O1 N2,37,30,1,2,-9999,-9999,-9999,-9999,-9999,-9999
1055,517.228864,517.229017111,517.228888016,7487209,-9999,591198.9,12.16,-1,0.249589293,0.98876033,0,0.593256198,1,0.315789474,2.263157895,N4 S2 P1 O6,de-protonated,0,-9999,C19 H43 O6 N4 P1 S2,19,43,6,4,1,2,-9999,-9999,-9999,-9999
1056,517.25716,517.257313121,517.257060566,12738290,-9999,576630.1,22.04,-1,0.488257229,0.957665735,0,0.574599441,18,0.027777778,1.055555556,S1 O1,de-protonated,0,-9999,C36 H38 O1 S1,36,38,1,-9999,-9999,1,-9999,-9999,-9999,-9999
1056,517.25716,517.257313121,517.257193508,12738290,-9999,576630.1,22.04,-1,0.231244284,0.990344148,0,0.594206489,5,0.36,1.72,P1 O9,de-protonated,0,-9999,C25 H43 O9 P1,25,43,9,-9999,1,-9999,-9999,-9999,-9999,-9999
1057,517.293643,517.293796134,517.293579017,8453885,-9999,542085,13.98,-1,0.419716263,0.968541142,0,0.581124685,4,0.307692308,1.807692308,P1 O8,de-protonated,0,-9999,C26 H47 O8 P1,26,47,8,-9999,1,-9999,-9999,-9999,-9999,-9999
1058,517.402723,517.402876173,517.402735546,13786910,-9999,574556.2,24.01,-1,0.271795375,0.986685326,0,0.592011196,1,0.172413793,2.034482759,P1 O5,de-protonated,0,-9999,C29 H59 O5 P1,29,59,5,-9999,1,-9999,-9999,-9999,-9999,-9999
1059,518.260478,518.260631481,518.260684689,8175647.5,-9999,487950.1,13.45,-1,-0.10266537,0.998089326,0,0.598853596,5,0.458333333,1.708333333,N1 O11,de-protonated,0,-9999,C24 H41 O11 N1,24,41,11,1,-9999,-9999,-9999,-9999,-9999,-9999
1060,519.200011,519.200164819,519.199939612,10379576,-9999,588394.6,17.6,-1,0.433757393,0.966437403,0,0.579862442,19,0.088235294,0.941176471,S1 O3,de-protonated,0,-9999,C34 H32 O3 S1,34,32,3,-9999,-9999,1,-9999,-9999,-9999,-9999
1060,519.200011,519.200164819,519.200072554,10379576,-9999,588394.6,17.6,-1,0.17770622,0.994286327,0,0.596571796,6,0.47826087,1.608695652,P1 O11,de-protonated,0,-9999,C23 H37 O11 P1,23,37,11,-9999,1,-9999,-9999,-9999,-9999,-9999
1061,519.236405,519.236558832,519.236325121,13869379,-9999,581840.3,24.17,-1,0.450104369,0.963907055,0,0.578344233,18,0.057142857,1.028571429,S1 O2,de-protonated,0,-9999,C35 H36 O2 S1,35,36,2,-9999,-9999,1,-9999,-9999,-9999,-9999
1061,519.236405,519.236558832,519.236458063,13869379,-9999,581840.3,24.17,-1,0.194071135,0.993189287,0,0.595913572,5,0.416666667,1.708333333,P1 O10,de-protonated,0,-9999,C24 H41 O10 P1,24,41,10,-9999,1,-9999,-9999,-9999,-9999,-9999
1062,519.272775,519.272928845,519.272710631,13574477,-9999,575941.9,23.61,-1,0.420230549,0.96846523,0,0.581079138,17,0.027777778,1.111111111,S1 O1,de-protonated,0,-9999,C36 H40 O1 S1,36,40,1,-9999,-9999,1,-9999,-9999,-9999,-9999
1062,519.272775,519.272928845,519.272843573,13574477,-9999,575941.9,23.61,-1,0.164215263,0.995118888,0,0.597071333,4,0.36,1.8,P1 O9,de-protonated,0,-9999,C25 H45 O9 P1,25,45,9,-9999,1,-9999,-9999,-9999,-9999,-9999
1063,519.309213,519.309366858,519.309229082,12886360,-9999,559253.7,22.32,-1,0.265306798,0.987309458,0,0.592385675,3,0.307692308,1.884615385,P1 O8,de-protonated,0,-9999,C26 H49 O8 P1,26,49,8,-9999,1,-9999,-9999,-9999,-9999,-9999
1064,519.320441,519.320594862,519.320462471,19636572,-9999,571184.5,35.02,-1,0.254931247,0.988276918,0,0.592966151,3,0.28,1.96,N2 P1 O7,de-protonated,0,-9999,C25 H49 O7 N2 P1,25,49,7,2,1,-9999,-9999,-9999,-9999,-9999
1065,521.215678,521.215832543,521.215589677,14656394,-9999,584347.5,25.65,-1,0.465961865,0.961369718,0,0.576821831,18,0.088235294,1,S1 O3,de-protonated,0,-9999,C34 H34 O3 S1,34,34,3,-9999,-9999,1,-9999,-9999,-9999,-9999
1065,521.215678,521.215832543,521.215722618,14656394,-9999,584347.5,25.65,-1,0.210900887,0.991961791,0,0.59517707500000006,5,0.47826087,1.695652174,P1 O11,de-protonated,0,-9999,C23 H39 O11 P1,23,39,11,-9999,1,-9999,-9999,-9999,-9999,-9999
1066,521.2521,521.252254556,521.251975186,14132116,-9999,582672.2,24.66,-1,0.535960223,0.949213298,0,0.569527979,17,0.057142857,1.085714286,S1 O2,de-protonated,0,-9999,C35 H38 O2 S1,35,38,2,-9999,-9999,1,-9999,-9999,-9999,-9999
1066,521.2521,521.252254556,521.252108128,14132116,-9999,582672.2,24.66,-1,0.280917031,0.985783118,0,0.591469871,4,0.416666667,1.791666667,P1 O10,de-protonated,0,-9999,C24 H43 O10 P1,24,43,10,-9999,1,-9999,-9999,-9999,-9999,-9999
1067,521.288454,521.288608569,521.288360695,12526495,-9999,562471.7,21.64,-1,0.475502726,0.959804113,0,0.575882468,16,0.027777778,1.166666667,S1 O1,de-protonated,0,-9999,C36 H42 O1 S1,36,42,1,-9999,-9999,1,-9999,-9999,-9999,-9999
1067,521.288454,521.288608569,521.288493637,12526495,-9999,562471.7,21.64,-1,0.220477352,0.991218516,0,0.59473111,3,0.36,1.88,P1 O9,de-protonated,0,-9999,C25 H47 O9 P1,25,47,9,-9999,1,-9999,-9999,-9999,-9999,-9999
1068,521.303689,521.303843575,521.303749778,16704420,-9999,543333.4,29.5,-1,0.179926753,0.994143065,0,0.596485839,7,0.206896552,1.620689655,P1 O6,de-protonated,0,-9999,C29 H47 O6 P1,29,47,6,-9999,1,-9999,-9999,-9999,-9999,-9999
1069,521.324805,521.324959582,521.324879146,10019754,-9999,558621.8,16.92,-1,0.154291539,0.99568977,0,0.597413862,2,0.307692308,1.961538462,P1 O8,de-protonated,0,-9999,C26 H51 O8 P1,26,51,8,-9999,1,-9999,-9999,-9999,-9999,-9999
1070,522.322252,522.322406941,522.3224971,8414411,-9999,584509.5,13.9,-1,-0.172612737,0.994608296,0,0.596764977,11,0.15625,1.40625,N1 O5,de-protonated,0,-9999,C32 H45 O5 N1,32,45,5,1,-9999,-9999,-9999,-9999,-9999,-9999
1071,522.965326,522.965481172,522.965993748,19047812,-9999,536188.4,33.91,-1,-0.980133171,0.840035873,0,0.504021524,20,0.428571429,0.380952381,N4 S2 O9,de-protonated,0,-9999,C21 H8 O9 N4 S2,21,8,9,4,-9999,2,-9999,-9999,-9999,-9999
1072,523.231291,523.231446267,523.231239741,13723089,-9999,578229.3,23.89,-1,0.39471333,0.972126389,0,0.583275833,17,0.088235294,1.058823529,S1 O3,de-protonated,0,-9999,C34 H36 O3 S1,34,36,3,-9999,-9999,1,-9999,-9999,-9999,-9999
1072,523.231291,523.231446267,523.231372683,13723089,-9999,578229.3,23.89,-1,0.140634944,0.996417706,0,0.597850623,4,0.47826087,1.782608696,P1 O11,de-protonated,0,-9999,C23 H41 O11 P1,23,41,11,-9999,1,-9999,-9999,-9999,-9999,-9999
1073,523.26777,523.267925281,523.26762525,9397724,-9999,560230.5,15.75,-1,0.573377919,0.942090934,0,0.56525456,16,0.057142857,1.142857143,S1 O2,de-protonated,0,-9999,C35 H40 O2 S1,35,40,2,-9999,-9999,1,-9999,-9999,-9999,-9999
1073,523.26777,523.267925281,523.267758192,9397724,-9999,560230.5,15.75,-1,0.319317155,0.981668962,0,0.589001377,3,0.416666667,1.875,P1 O10,de-protonated,0,-9999,C24 H45 O10 P1,24,45,10,-9999,1,-9999,-9999,-9999,-9999,-9999
1074,523.319362,523.319517299,523.319399843,15377899,-9999,555454.4,27,-1,0.224444706,0.990901093,0,0.594540656,6,0.206896552,1.689655172,P1 O6,de-protonated,0,-9999,C29 H49 O6 P1,29,49,6,-9999,1,-9999,-9999,-9999,-9999,-9999
1075,524.226598,524.226753625,524.226488713,8726253,-9999,620226.2,14.49,-1,0.505338375,0.954721138,0,0.572832683,17,0.090909091,1.060606061,N1 S1 O3,de-protonated,0,-9999,C33 H35 O3 N1 S1,33,35,3,1,-9999,1,-9999,-9999,-9999,-9999
1075,524.226598,524.226753625,524.226621655,8726253,-9999,620226.2,14.49,-1,0.251742331,0.988566697,0,0.593140018,4,0.5,1.818181818,N1 P1 O11,de-protonated,0,-9999,C22 H40 O11 N1 P1,22,40,11,1,1,-9999,-9999,-9999,-9999,-9999
1076,524.962361,524.962516889,524.962168215,7890877,-9999,552515.8,12.92,-1,0.664189851,0.923074111,0,0.553844467,19,0.363636364,0.5,N2 S2 P1 O8,de-protonated,0,-9999,C22 H11 O8 N2 P1 S2,22,11,8,2,1,2,-9999,-9999,-9999,-9999
1076,524.962361,524.962516889,524.963016368,7890877,-9999,552515.8,12.92,-1,-0.951454884,0.848521888,0,0.509113133,20,0.6,0.3,N4 S1 O12,de-protonated,0,-9999,C20 H6 O12 N4 S1,20,6,12,4,-9999,1,-9999,-9999,-9999,-9999
1077,525.189484,525.189639971,525.189374928,27863038,-9999,570918.2,50.49,-1,0.504661543,0.960300319,0.989013538,0.971785607,22,0.055555556,0.833333333,S1 O2,de-protonated,0,-9999,C36 H30 O2 S1,36,30,2,-9999,-9999,1,-9999,-9999,-9999,-9999
1077,525.189484,525.189639971,525.18950787000006,27863038,-9999,570918.2,50.49,-1,0.251530444,0.991179659,0.943581238,0.972140291,9,0.4,1.4,P1 O10,de-protonated,0,-9999,C25 H35 O10 P1,25,35,10,-9999,1,-9999,-9999,-9999,-9999,-9999
1078,525.246994,525.247149992,525.246889806,10905613,-9999,563496.6,18.59,-1,0.495359685,0.95645255,0,0.57387153,16,0.088235294,1.117647059,S1 O3,de-protonated,0,-9999,C34 H38 O3 S1,34,38,3,-9999,-9999,1,-9999,-9999,-9999,-9999
1078,525.246994,525.247149992,525.247022747,10905613,-9999,563496.6,18.59,-1,0.242256306,0.989407617,0,0.59364457,3,0.47826087,1.869565217,P1 O11,de-protonated,0,-9999,C23 H43 O11 P1,23,43,11,-9999,1,-9999,-9999,-9999,-9999,-9999
1079,525.277545,525.277701003,525.27753503,9562134,-9999,551449.2,16.06,-1,0.315971634,0.982047612,0,0.589228567,11,0.161290323,1.387096774,P1 O5,de-protonated,0,-9999,C31 H43 O5 P1,31,43,5,-9999,1,-9999,-9999,-9999,-9999,-9999
1079,525.277545,525.277701003,525.277731734,9562134,-9999,551449.2,16.06,-1,-0.058505601,0.999379111,0,0.599627467,3,0.523809524,2,N4 O11,de-protonated,0,-9999,C21 H42 O11 N4,21,42,11,4,-9999,-9999,-9999,-9999,-9999,-9999
1080,526.148333,526.148489316,526.148238391,60795144,-9999,546518.5,112.45,-1,0.476908463,0.959563583,0.929753341,0.947639486,23,0.088235294,0.735294118,N1 S1 O3,de-protonated,0,-9999,C34 H25 O3 N1 S1,34,25,3,1,-9999,1,-9999,-9999,-9999,-9999
1080,526.148333,526.148489316,526.148371333,60795144,-9999,546518.5,112.45,-1,0.224238683,0.990894706,0.999410696,0.994301102,10,0.47826087,1.304347826,N1 P1 O11,de-protonated,0,-9999,C23 H30 O11 N1 P1,23,30,11,1,1,-9999,-9999,-9999,-9999,-9999
1081,526.192804,526.192960331,526.192729763,10266902,-9999,574639.4,17.39,-1,0.438182235,0.965761071,0.989013538,0.975062058,22,0.055555556,0.833333333,13C1 S1 O2,de-protonated,1,1077,C35 H30 O2 S1 13C1,35,30,2,-9999,-9999,1,1,-9999,-9999,-9999
1081,526.192804,526.192960331,526.192862705,10266902,-9999,574639.4,17.39,-1,0.185533829,0.993773493,0.943581238,0.973696591,9,0.4,1.4,13C1 P1 O10,de-protonated,1,1077,C24 H35 O10 P1 13C1,24,35,10,-9999,1,-9999,1,-9999,-9999,-9999
1081,526.192804,526.192960331,526.192999051,10266902,-9999,574639.4,17.39,-1,-0.07358335,0.999018027,0,0.599410816,9,0.5,1.375,N1 O12,de-protonated,0,-9999,C24 H33 O12 N1,24,33,12,1,-9999,-9999,-9999,-9999,-9999,-9999
1081,526.192804,526.192960331,526.192485986,10266902,-9999,574639.4,17.39,-1,0.901467085,0.862903005,0,0.517741803,27,0.027027027,0.675675676,N3 O1,de-protonated,0,-9999,C37 H25 O1 N3,37,25,1,3,-9999,-9999,-9999,-9999,-9999,-9999
1083,527.151688,527.151844676,527.151593226,15067679,-9999,537655.9,26.42,-1,0.47699749,0.95955619,0.929753341,0.94763505,23,0.088235294,0.735294118,13C1 N1 S1 O3,de-protonated,1,1080,C33 H25 O3 N1 S1 13C1,33,25,3,1,-9999,1,1,-9999,-9999,-9999
1083,527.151688,527.151844676,527.151726168,15067679,-9999,537655.9,26.42,-1,0.224808629,0.990871698,0.999410696,0.994287297,10,0.47826087,1.304347826,13C1 N1 P1 O11,de-protonated,1,1080,C22 H30 O11 N1 P1 13C1,22,30,11,1,1,-9999,1,-9999,-9999,-9999
1083,527.151688,527.151844676,527.151862513,15067679,-9999,537655.9,26.42,-1,-0.033837239,0.99979227,0,0.599875362,10,0.590909091,1.272727273,N2 O13,de-protonated,0,-9999,C22 H28 O13 N2,22,28,13,2,-9999,-9999,-9999,-9999,-9999,-9999
1083,527.151688,527.151844676,527.151349449,15067679,-9999,537655.9,26.42,-1,0.939439664,0.852027077,0,0.511216246,28,0.057142857,0.571428571,N4 O2,de-protonated,0,-9999,C35 H20 O2 N4,35,20,2,4,-9999,-9999,-9999,-9999,-9999,-9999
1083,527.151688,527.151844676,527.152351771,15067679,-9999,537655.9,26.42,-1,-0.961950965,0.845435432,0,0.507261259,14,0.2,1.16,N4 S1 P1 O5,de-protonated,0,-9999,C25 H29 O5 N4 P1 S1,25,29,5,4,1,1,-9999,-9999,-9999,-9999
1084,527.186561,527.186717689,527.186397548,8776232,-9999,583291.9,14.58,-1,0.607262608,0.935277085,0,0.561166251,22,0.142857143,0.8,O5,de-protonated,0,-9999,C35 H28 O5,35,28,5,-9999,-9999,-9999,-9999,-9999,-9999,-9999
1085,527.285998,527.286154724,527.286171161,7793219.5,-9999,521618.4,12.73,-1,-0.031173234,0.999823689,0,0.599894213,6,0.37037037,1.62962963,O10,de-protonated,0,-9999,C27 H44 O10,27,44,10,-9999,-9999,-9999,-9999,-9999,-9999,-9999
1085,527.285998,527.286154724,527.286660419,7793219.5,-9999,521618.4,12.73,-1,-0.959050557,0.846290579,0,0.507774347,10,0.066666667,1.5,N2 S1 P1 O2,de-protonated,0,-9999,C30 H45 O2 N2 P1 S1,30,45,2,2,1,1,-9999,-9999,-9999,-9999
1085,527.285998,527.286154724,527.28600897,7793219.5,-9999,521618.4,12.73,-1,0.276423255,0.986231208,0,0.591738725,1,0.181818182,2.227272727,N4 S2 P1 O4,de-protonated,0,-9999,C22 H49 O4 N4 P1 S2,22,49,4,4,1,2,-9999,-9999,-9999,-9999
1086,527.29316,527.293316727,527.293185094,12724806,-9999,587585.8,22.01,-1,0.249638269,0.988755943,0,0.593253566,10,0.161290323,1.451612903,P1 O5,de-protonated,0,-9999,C31 H45 O5 P1,31,45,5,-9999,1,-9999,-9999,-9999,-9999,-9999
1086,527.29316,527.293316727,527.293381799,12724806,-9999,587585.8,22.01,-1,-0.123407451,0.99724046,0,0.598344276,2,0.523809524,2.095238095,N4 O11,de-protonated,0,-9999,C21 H44 O11 N4,21,44,11,4,-9999,-9999,-9999,-9999,-9999,-9999
1087,527.304587,527.304743731,527.304798606,11921993,-9999,567195.4,20.5,-1,-0.104067223,0.998036843,0,0.598822106,5,0.25,1.714285714,S1 O7,de-protonated,0,-9999,C28 H48 O7 S1,28,48,7,-9999,-9999,1,-9999,-9999,-9999,-9999
1087,527.304587,527.304743731,527.304418484,11921993,-9999,567195.4,20.5,-1,0.616811394,0.933295605,0,0.559977363,10,0.133333333,1.5,N2 P1 O4,de-protonated,0,-9999,C30 H45 O4 N2 P1,30,45,4,2,1,-9999,-9999,-9999,-9999,-9999
1088,527.314296,527.314452734,527.314314462,17705548,-9999,542930,31.38,-1,0.262219493,0.987601264,0,0.592560758,5,0.25,1.75,P1 O7,de-protonated,0,-9999,C28 H49 O7 P1,28,49,7,-9999,1,-9999,-9999,-9999,-9999,-9999
1089,528.145397,528.145554033,528.145261011,19409710,-9999,573049.7,34.59,-1,0.554813744,0.472838964,0.736963647,0.578488837,23,0.181818182,0.696969697,N1 O6,de-protonated,0,-9999,C33 H23 O6 N1,33,23,6,1,-9999,-9999,-9999,-9999,-9999,-9999
1089,528.145397,528.145554033,528.145611884,19409710,-9999,573049.7,34.59,-1,-0.109535456,0.997825344,0,0.598695206,0,0.733333333,2.4,N3 S2 P1 O11,de-protonated,0,-9999,C15 H36 O11 N3 P1 S2,15,36,11,3,1,2,-9999,-9999,-9999,-9999
1090,529.257158,529.257315433,529.257060566,8924251,-9999,521835.8,14.86,-1,0.481554538,0.958795949,0,0.575277569,19,0.027027027,1.027027027,S1 O1,de-protonated,0,-9999,C37 H38 O1 S1,37,38,1,-9999,-9999,1,-9999,-9999,-9999,-9999
1090,529.257158,529.257315433,529.257193508,8924251,-9999,521835.8,14.86,-1,0.230368922,0.990416762,0,0.594250057,6,0.346153846,1.653846154,P1 O9,de-protonated,0,-9999,C26 H43 O9 P1,26,43,9,-9999,1,-9999,-9999,-9999,-9999,-9999
1091,531.272789,531.272947157,531.272710631,10268272,-9999,571811.4,17.31,-1,0.445206196,0.964674363,0,0.578804618,18,0.027027027,1.081081081,S1 O1,de-protonated,0,-9999,C37 H40 O1 S1,37,40,1,-9999,-9999,1,-9999,-9999,-9999,-9999
1091,531.272789,531.272947157,531.272843573,10268272,-9999,571811.4,17.31,-1,0.194973587,0.993126017,0,0.59587561,5,0.346153846,1.730769231,P1 O9,de-protonated,0,-9999,C26 H45 O9 P1,26,45,9,-9999,1,-9999,-9999,-9999,-9999,-9999
1092,533.252076,533.252234868,533.251975186,12988526,-9999,518524.3,22.4,-1,0.486977956,0.95788255,0,0.57472953,18,0.055555556,1.055555556,S1 O2,de-protonated,0,-9999,C36 H38 O2 S1,36,38,2,-9999,-9999,1,-9999,-9999,-9999,-9999
1092,533.252076,533.252234868,533.252108128,12988526,-9999,518524.3,22.4,-1,0.237674122,0.989802498,0,0.593881499,5,0.4,1.72,P1 O10,de-protonated,0,-9999,C25 H43 O10 P1,25,43,10,-9999,1,-9999,-9999,-9999,-9999,-9999
1093,533.288425,533.288583881,533.288360695,14266487,-9999,524443.4,24.8,-1,0.418508416,0.968719087,0,0.581231452,17,0.027027027,1.135135135,S1 O1,de-protonated,0,-9999,C37 H42 O1 S1,37,42,1,-9999,-9999,1,-9999,-9999,-9999,-9999
1093,533.288425,533.288583881,533.288493637,14266487,-9999,524443.4,24.8,-1,0.169221609,0.99481752,0,0.596890512,4,0.346153846,1.807692308,P1 O9,de-protonated,0,-9999,C26 H47 O9 P1,26,47,9,-9999,1,-9999,-9999,-9999,-9999,-9999
1094,534.255335,534.255494228,534.255599308,7549291,-9999,539021,12.21,-1,-0.196684862,0.993005247,0,0.595803148,5,0.5,1.708333333,N1 O12,de-protonated,0,-9999,C24 H41 O12 N1,24,41,12,1,-9999,-9999,-9999,-9999,-9999,-9999
1094,534.255335,534.255494228,534.255086244,7549291,-9999,539021,12.21,-1,0.763650682,0.899591916,0,0.53975515,23,0.027027027,0.891891892,N3 O1,de-protonated,0,-9999,C37 H33 O1 N3,37,33,1,3,-9999,-9999,-9999,-9999,-9999,-9999
1095,535.231316,535.231475579,535.231239741,11678301,-9999,552190.7,19.95,-1,0.440628231,0.965384463,0,0.579230678,18,0.085714286,1.028571429,S1 O3,de-protonated,0,-9999,C35 H36 O3 S1,35,36,3,-9999,-9999,1,-9999,-9999,-9999,-9999
1095,535.231316,535.231475579,535.231372683,11678301,-9999,552190.7,19.95,-1,0.192246325,0.993316337,0,0.595989802,5,0.458333333,1.708333333,P1 O11,de-protonated,0,-9999,C24 H41 O11 P1,24,41,11,-9999,1,-9999,-9999,-9999,-9999,-9999
1096,535.267707,535.267866592,535.26762525,15643238,-9999,553504.8,27.37,-1,0.450880473,0.963784763,0,0.578270858,17,0.055555556,1.111111111,S1 O2,de-protonated,0,-9999,C36 H40 O2 S1,36,40,2,-9999,-9999,1,-9999,-9999,-9999,-9999
1096,535.267707,535.267866592,535.267758192,15643238,-9999,553504.8,27.37,-1,0.202515448,0.992585955,0,0.595551573,4,0.4,1.8,P1 O10,de-protonated,0,-9999,C25 H45 O10 P1,25,45,10,-9999,1,-9999,-9999,-9999,-9999,-9999
1097,535.282998,535.283157598,535.283014333,8532586,-9999,547692.4,14.05,-1,0.267641958,0.987086532,0,0.592251919,8,0.24137931,1.551724138,P1 O7,de-protonated,0,-9999,C29 H45 O7 P1,29,45,7,-9999,1,-9999,-9999,-9999,-9999,-9999
1097,535.282998,535.283157598,535.283211038,8532586,-9999,547692.4,14.05,-1,-0.099835554,0.99819311,0,0.598915866,0,0.684210526,2.315789474,N4 O13,de-protonated,0,-9999,C19 H44 O13 N4,19,44,13,4,-9999,-9999,-9999,-9999,-9999,-9999
1098,535.304112,535.304271605,535.30401076,11629167,-9999,503914.7,19.85,-1,0.487284693,0.957830611,0,0.574698366,16,0.027027027,1.189189189,S1 O1,de-protonated,0,-9999,C37 H44 O1 S1,37,44,1,-9999,-9999,1,-9999,-9999,-9999,-9999
1098,535.304112,535.304271605,535.304143701,11629167,-9999,503914.7,19.85,-1,0.238936541,0.989694443,0,0.593816666,3,0.346153846,1.884615385,P1 O9,de-protonated,0,-9999,C26 H49 O9 P1,26,49,9,-9999,1,-9999,-9999,-9999,-9999,-9999
1099,537.246934,537.247094303,537.246889806,10613830,-9999,533850.7,17.95,-1,0.38064018,0.974053016,0,0.584431809,17,0.085714286,1.085714286,S1 O3,de-protonated,0,-9999,C35 H38 O3 S1,35,38,3,-9999,-9999,1,-9999,-9999,-9999,-9999
1099,537.246934,537.247094303,537.247022747,10613830,-9999,533850.7,17.95,-1,0.133190171,0.996786344,0,0.598071806,4,0.458333333,1.791666667,P1 O11,de-protonated,0,-9999,C24 H43 O11 P1,24,43,11,-9999,1,-9999,-9999,-9999,-9999,-9999
1100,537.283273,537.283433316,537.283275315,12088399,-9999,482718.9,20.71,-1,0.294074777,0.984430795,0,0.590658477,16,0.055555556,1.166666667,S1 O2,de-protonated,0,-9999,C36 H42 O2 S1,36,42,2,-9999,-9999,1,-9999,-9999,-9999,-9999
1100,537.283273,537.283433316,537.283408257,12088399,-9999,482718.9,20.71,-1,0.046641547,0.999605348,0,0.599763209,3,0.4,1.88,P1 O10,de-protonated,0,-9999,C25 H47 O10 P1,25,47,10,-9999,1,-9999,-9999,-9999,-9999,-9999
1101,537.298605,537.298765322,537.298664398,13857874,-9999,538264.8,24.03,-1,0.187835844,0.993618521,0,0.596171113,7,0.24137931,1.620689655,P1 O7,de-protonated,0,-9999,C29 H47 O7 P1,29,47,7,-9999,1,-9999,-9999,-9999,-9999,-9999
1102,539.121867,539.122027977,539.122357995,7730686,-9999,590847.5,12.55,-1,-0.612139624,0.934268387,0,0.560561032,29,0.027027027,0.540540541,N2 S1 O1,de-protonated,0,-9999,C37 H20 O1 N2 S1,37,20,1,2,-9999,1,-9999,-9999,-9999,-9999
1102,539.121867,539.122027977,539.122490937,7730686,-9999,590847.5,12.55,-1,-0.858728573,0.874762428,0,0.524857457,16,0.346153846,0.961538462,N2 P1 O9,de-protonated,0,-9999,C26 H25 O9 N2 P1,26,25,9,2,1,-9999,-9999,-9999,-9999,-9999
1102,539.121867,539.122027977,539.122219611,7730686,-9999,590847.5,12.55,-1,-0.355455072,0.977335063,0,0.586401038,2,0.875,2,N2 S2 O14,de-protonated,0,-9999,C16 H32 O14 N2 S2,16,32,14,2,-9999,2,-9999,-9999,-9999,-9999
1102,539.121867,539.122027977,539.121706546,7730686,-9999,590847.5,12.55,-1,0.596211428,0.937536851,0,0.562522111,20,0.103448276,0.827586207,N4 S2 O3,de-protonated,0,-9999,C29 H24 O3 N4 S2,29,24,3,4,-9999,2,-9999,-9999,-9999,-9999
1102,539.121867,539.122027977,539.121839488,7730686,-9999,590847.5,12.55,-1,0.349621883,0.978064692,0,0.586838815,7,0.611111111,1.611111111,N4 S1 P1 O11,de-protonated,0,-9999,C18 H29 O11 N4 P1 S1,18,29,11,4,1,1,-9999,-9999,-9999,-9999
1103,539.226211,539.226372014,539.226154361,8975894,-9999,518675.7,14.88,-1,0.403641036,0.970869979,0,0.582521987,17,0.117647059,1.058823529,S1 O4,de-protonated,0,-9999,C34 H36 O4 S1,34,36,4,-9999,-9999,1,-9999,-9999,-9999,-9999
1103,539.226211,539.226372014,539.226287302,8975894,-9999,518675.7,14.88,-1,0.157099303,0.995531824,0,0.597319094,4,0.52173913,1.782608696,P1 O12,de-protonated,0,-9999,C23 H41 O12 P1,23,41,12,-9999,1,-9999,-9999,-9999,-9999,-9999
1104,539.262577,539.262738028,539.26253987,8771102,-9999,493237.4,14.5,-1,0.367460199,0.975797229,0,0.585478337,16,0.085714286,1.142857143,S1 O3,de-protonated,0,-9999,C35 H40 O3 S1,35,40,3,-9999,-9999,1,-9999,-9999,-9999,-9999
1104,539.262577,539.262738028,539.262672812,8771102,-9999,493237.4,14.5,-1,0.120935109,0.997349776,0,0.598409866,3,0.458333333,1.875,P1 O11,de-protonated,0,-9999,C24 H45 O11 P1,24,45,11,-9999,1,-9999,-9999,-9999,-9999,-9999
1105,539.277955,539.278116033,539.277928953,7697954,-9999,611072.4,12.49,-1,0.346908367,0.978400173,0,0.587040104,7,0.285714286,1.607142857,P1 O8,de-protonated,0,-9999,C28 H45 O8 P1,28,45,8,-9999,1,-9999,-9999,-9999,-9999,-9999
1106,539.304509,539.304670043,539.304798606,7976488,-9999,557718.3,13.01,-1,-0.23838752,0.989741504,0,0.593844903,6,0.24137931,1.655172414,S1 O7,de-protonated,0,-9999,C29 H48 O7 S1,29,48,7,-9999,-9999,1,-9999,-9999,-9999,-9999
1106,539.304509,539.304670043,539.304418484,7976488,-9999,557718.3,13.01,-1,0.466450817,0.961290193,0,0.576774116,11,0.129032258,1.451612903,N2 P1 O4,de-protonated,0,-9999,C31 H45 O4 N2 P1,31,45,4,2,1,-9999,-9999,-9999,-9999,-9999
1107,539.314228,539.314389046,539.314314462,10499626,-9999,571830,17.74,-1,0.138293582,0.996535787,0,0.597921472,6,0.24137931,1.689655172,P1 O7,de-protonated,0,-9999,C29 H49 O7 P1,29,49,7,-9999,1,-9999,-9999,-9999,-9999,-9999
1108,540.127544,540.127705338,540.127502946,8976100,-9999,580837.5,14.88,-1,0.374711924,0.974844768,0,0.584906861,24,0.117647059,0.676470588,N1 S1 O4,de-protonated,0,-9999,C34 H23 O4 N1 S1,34,23,4,1,-9999,1,-9999,-9999,-9999,-9999
1108,540.127544,540.127705338,540.127635888,8976100,-9999,580837.5,14.88,-1,0.128581619,0.997004562,0,0.598202737,11,0.52173913,1.217391304,N1 P1 O12,de-protonated,0,-9999,C23 H28 O12 N1 P1,23,28,12,1,1,-9999,-9999,-9999,-9999,-9999
1110,541.184346,541.184507718,541.184289548,24000464,-9999,528757.5,43.02,-1,0.403134981,0.485470952,0.719752637,0.579183626,22,0.083333333,0.833333333,S1 O3,de-protonated,0,-9999,C36 H30 O3 S1,36,30,3,-9999,-9999,1,-9999,-9999,-9999,-9999
1110,541.184346,541.184507718,541.184422489,24000464,-9999,528757.5,43.02,-1,0.157485295,0.497754945,0.787157861,0.613516111,9,0.44,1.4,P1 O11,de-protonated,0,-9999,C25 H35 O11 P1,25,35,11,-9999,1,-9999,-9999,-9999,-9999,-9999
1111,541.196268,541.196429722,541.196036001,7870419.5,-9999,561114.5,12.81,-1,0.727501747,0.908433753,0,0.545060252,4,0.590909091,1.727272727,S1 O13,de-protonated,0,-9999,C22 H38 O13 S1,22,38,13,-9999,-9999,1,-9999,-9999,-9999,-9999
1111,541.196268,541.196429722,541.196525259,7870419.5,-9999,561114.5,12.81,-1,-0.176527904,0.994361633,0,0.59661698,8,0.2,1.56,N2 S2 P1 O5,de-protonated,0,-9999,C25 H39 O5 N2 P1 S2,25,39,5,2,1,2,-9999,-9999,-9999,-9999
1112,541.26522,541.265381747,541.265435717,7550946.5,-9999,532817.1,12.21,-1,-0.099709939,0.99819765,0,0.59891859,7,0.407407407,1.555555556,O11,de-protonated,0,-9999,C27 H42 O11,27,42,11,-9999,-9999,-9999,-9999,-9999,-9999,-9999
1112,541.26522,541.265381747,541.265273525,7550946.5,-9999,532817.1,12.21,-1,0.199942231,0.99277249,0,0.595663494,2,0.227272727,2.136363636,N4 S2 P1 O5,de-protonated,0,-9999,C22 H47 O5 N4 P1 S2,22,47,5,4,1,2,-9999,-9999,-9999,-9999
1113,541.301576,541.30173776,541.301821226,7780331,-9999,581746.1,12.64,-1,-0.154194624,0.995695172,0,0.597417103,6,0.357142857,1.642857143,O10,de-protonated,0,-9999,C28 H46 O10,28,46,10,-9999,-9999,-9999,-9999,-9999,-9999,-9999
1113,541.301576,541.30173776,541.301659035,7780331,-9999,581746.1,12.64,-1,0.145437388,0.996169347,0,0.597701608,1,0.173913043,2.217391304,N4 S2 P1 O4,de-protonated,0,-9999,C23 H51 O4 N4 P1 S2,23,51,4,4,1,2,-9999,-9999,-9999,-9999
1114,541.320227,541.320388767,541.320448671,12171247,-9999,538695.2,20.87,-1,-0.110662251,0.997780422,0,0.598668253,5,0.24137931,1.724137931,S1 O7,de-protonated,0,-9999,C29 H50 O7 S1,29,50,7,-9999,-9999,1,-9999,-9999,-9999,-9999
1114,541.320227,541.320388767,541.320068548,12171247,-9999,538695.2,20.87,-1,0.591551652,0.938478861,0,0.563087316,10,0.129032258,1.516129032,N2 P1 O4,de-protonated,0,-9999,C31 H47 O4 N2 P1,31,47,4,2,1,-9999,-9999,-9999,-9999,-9999
1116,542.143181,542.143343063,542.143153011,16103588,-9999,546078.2,28.23,-1,0.350556822,0.977948524,0,0.586769114,23,0.117647059,0.735294118,N1 S1 O4,de-protonated,0,-9999,C34 H25 O4 N1 S1,34,25,4,1,-9999,1,-9999,-9999,-9999,-9999
1116,542.143181,542.143343063,542.143285952,16103588,-9999,546078.2,28.23,-1,0.105341618,0.997988516,0,0.598793109,10,0.52173913,1.304347826,N1 P1 O12,de-protonated,0,-9999,C23 H30 O12 N1 P1,23,30,12,1,1,-9999,-9999,-9999,-9999,-9999
1118,543.181373,543.181535436,543.181312168,8124804.5,-9999,596687.1,13.29,-1,0.411037718,0.969809014,0,0.581885409,22,0.171428571,0.8,O6,de-protonated,0,-9999,C35 H28 O6,35,28,6,-9999,-9999,-9999,-9999,-9999,-9999,-9999
1119,543.272712,543.272874468,543.272710631,7715224,-9999,586110.1,12.52,-1,0.301575088,0.983633107,0,0.590179864,19,0.026315789,1.052631579,S1 O1,de-protonated,0,-9999,C38 H40 O1 S1,38,40,1,-9999,-9999,1,-9999,-9999,-9999,-9999
1119,543.272712,543.272874468,543.272843573,7715224,-9999,586110.1,12.52,-1,0.05686974,0.999413337,0,0.599648002,6,0.333333333,1.666666667,P1 O9,de-protonated,0,-9999,C27 H45 O9 P1,27,45,9,-9999,1,-9999,-9999,-9999,-9999,-9999
1120,543.317278,543.317440484,543.31747129,8026529.5,-9999,578026.5,13.1,-1,-0.056699892,0.999416835,0,0.599650101,5,0.357142857,1.714285714,O10,de-protonated,0,-9999,C28 H48 O10,28,48,10,-9999,-9999,-9999,-9999,-9999,-9999,-9999
1120,543.317278,543.317440484,543.317960548,8026529.5,-9999,578026.5,13.1,-1,-0.95719897,0.846835595,0,0.508101357,9,0.064516129,1.580645161,N2 S1 P1 O2,de-protonated,0,-9999,C31 H49 O2 N2 P1 S1,31,49,2,2,1,1,-9999,-9999,-9999,-9999
1120,543.317278,543.317440484,543.317309099,8026529.5,-9999,578026.5,13.1,-1,0.241820545,0.989445487,0,0.593667292,0,0.173913043,2.304347826,N4 S2 P1 O4,de-protonated,0,-9999,C23 H53 O4 N4 P1 S2,23,53,4,4,1,2,-9999,-9999,-9999,-9999
1121,543.454676,543.454838534,543.454771119,8370623,-9999,571398.3,13.75,-1,0.124047886,0.997211784,0,0.59832707,1,0.125,2.03125,P1 O4,de-protonated,0,-9999,C32 H65 O4 P1,32,65,4,-9999,1,-9999,-9999,-9999,-9999,-9999
1122,545.252097,545.25226018,545.251975186,8436536,-9999,586325.3,13.87,-1,0.522682389,0.951637385,0,0.570982431,19,0.054054054,1.027027027,S1 O2,de-protonated,0,-9999,C37 H38 O2 S1,37,38,2,-9999,-9999,1,-9999,-9999,-9999,-9999
1122,545.252097,545.25226018,545.252108128,8436536,-9999,586325.3,13.87,-1,0.278865268,0.985988578,0,0.591593147,6,0.384615385,1.653846154,P1 O10,de-protonated,0,-9999,C26 H43 O10 P1,26,43,10,-9999,1,-9999,-9999,-9999,-9999,-9999
1123,545.288387,545.288550193,545.288360695,9321280,-9999,554816.4,15.53,-1,0.347517585,0.978325071,0,0.586995043,18,0.026315789,1.105263158,S1 O1,de-protonated,0,-9999,C38 H42 O1 S1,38,42,1,-9999,-9999,1,-9999,-9999,-9999,-9999
1123,545.288387,545.288550193,545.288493637,9321280,-9999,554816.4,15.53,-1,0.103716775,0.998050029,0,0.598830018,5,0.333333333,1.740740741,P1 O9,de-protonated,0,-9999,C27 H47 O9 P1,27,47,9,-9999,1,-9999,-9999,-9999,-9999,-9999
1124,545.324834,545.324997206,545.324879146,8354631,-9999,542511.2,13.72,-1,0.216493533,0.99153166,0,0.594918996,4,0.285714286,1.821428571,P1 O8,de-protonated,0,-9999,C28 H51 O8 P1,28,51,8,-9999,1,-9999,-9999,-9999,-9999,-9999
1125,547.231335,547.231498891,547.231239741,9223371,-9999,516304.2,15.34,-1,0.473565146,0.96012442,0,0.576074652,19,0.083333333,1,S1 O3,de-protonated,0,-9999,C36 H36 O3 S1,36,36,3,-9999,-9999,1,-9999,-9999,-9999,-9999
1125,547.231335,547.231498891,547.231372683,9223371,-9999,516304.2,15.34,-1,0.230629891,0.990395142,0,0.594237085,6,0.44,1.64,P1 O11,de-protonated,0,-9999,C25 H41 O11 P1,25,41,11,-9999,1,-9999,-9999,-9999,-9999,-9999
1126,547.267704,547.267867904,547.26762525,14826706,-9999,535151.1,25.84,-1,0.443390671,0.964956789,0,0.578974074,18,0.054054054,1.081081081,S1 O2,de-protonated,0,-9999,C37 H40 O2 S1,37,40,2,-9999,-9999,1,-9999,-9999,-9999,-9999
1126,547.267704,547.267867904,547.267758192,14826706,-9999,535151.1,25.84,-1,0.200471575,0.992734309,0,0.595640586,5,0.384615385,1.730769231,P1 O10,de-protonated,0,-9999,C26 H45 O10 P1,26,45,10,-9999,1,-9999,-9999,-9999,-9999,-9999
1127,547.304048,547.304211917,547.30401076,12336345,-9999,540310.3,21.17,-1,0.367541739,0.975786618,0,0.585471971,17,0.026315789,1.157894737,S1 O1,de-protonated,0,-9999,C38 H44 O1 S1,38,44,1,-9999,-9999,1,-9999,-9999,-9999,-9999
1127,547.304048,547.304211917,547.304143701,12336345,-9999,540310.3,21.17,-1,0.124638811,0.997185194,0,0.598311116,4,0.333333333,1.814814815,P1 O9,de-protonated,0,-9999,C27 H49 O9 P1,27,49,9,-9999,1,-9999,-9999,-9999,-9999,-9999
1128,547.340501,547.34066493,547.340529211,8355040.5,-9999,504344,13.72,-1,0.247960965,0.988905694,0,0.593343416,3,0.285714286,1.892857143,P1 O8,de-protonated,0,-9999,C28 H53 O8 P1,28,53,8,-9999,1,-9999,-9999,-9999,-9999,-9999
1129,548.27106,548.271224264,548.271249373,8682905,-9999,567819.2,14.33,-1,-0.045795856,0.999619527,0,0.599771716,5,0.48,1.72,N1 O12,de-protonated,0,-9999,C25 H43 O12 N1,25,43,12,1,-9999,-9999,-9999,-9999,-9999,-9999
1129,548.27106,548.271224264,548.270736309,8682905,-9999,567819.2,14.33,-1,0.889990412,0.866128145,0,0.519676887,23,0.026315789,0.921052632,N3 O1,de-protonated,0,-9999,C38 H35 O1 N3,38,35,1,3,-9999,-9999,-9999,-9999,-9999,-9999
1129,548.27106,548.271224264,548.27173863,8682905,-9999,567819.2,14.33,-1,-0.9381587,0.85239899,0,0.511439394,9,0.142857143,1.571428571,N3 S1 P1 O4,de-protonated,0,-9999,C28 H44 O4 N3 P1 S1,28,44,4,3,1,1,-9999,-9999,-9999,-9999
1130,549.246951,549.247115615,549.246889806,14761559,-9999,508788.8,25.72,-1,0.411125495,0.969796315,0,0.581877789,18,0.083333333,1.055555556,S1 O3,de-protonated,0,-9999,C36 H38 O3 S1,36,38,3,-9999,-9999,1,-9999,-9999,-9999,-9999
1130,549.246951,549.247115615,549.247022747,14761559,-9999,508788.8,25.72,-1,0.16908179,0.994826058,0,0.596895635,5,0.44,1.72,P1 O11,de-protonated,0,-9999,C25 H43 O11 P1,25,43,11,-9999,1,-9999,-9999,-9999,-9999,-9999
1131,549.283342,549.283506628,549.283275315,15154782,-9999,535448.7,26.45,-1,0.421118092,0.968334018,0,0.581000411,17,0.054054054,1.135135135,S1 O2,de-protonated,0,-9999,C37 H42 O2 S1,37,42,2,-9999,-9999,1,-9999,-9999,-9999,-9999
1131,549.283342,549.283506628,549.283408257,15154782,-9999,535448.7,26.45,-1,0.179090417,0.994197229,0,0.596518338,4,0.384615385,1.807692308,P1 O10,de-protonated,0,-9999,C26 H47 O10 P1,26,47,10,-9999,1,-9999,-9999,-9999,-9999,-9999
1132,549.319704,549.319868641,549.319660824,11730533,-9999,510768,20.04,-1,0.37831677,0.974364724,0,0.584618834,16,0.026315789,1.210526316,S1 O1,de-protonated,0,-9999,C38 H46 O1 S1,38,46,1,-9999,-9999,1,-9999,-9999,-9999,-9999
1132,549.319704,549.319868641,549.319793766,11730533,-9999,510768,20.04,-1,0.136305137,0.996634524,0,0.597980715,3,0.333333333,1.888888889,P1 O9,de-protonated,0,-9999,C27 H51 O9 P1,27,51,9,-9999,1,-9999,-9999,-9999,-9999,-9999
1133,549.374755,549.374919661,549.37480672,18595440,-9999,563860.7,32.9,-1,0.205580832,0.992360676,0,0.595416406,1,0.172413793,2.034482759,S1 P1 O5,de-protonated,0,-9999,C29 H59 O5 P1 S1,29,59,5,-9999,1,1,-9999,-9999,-9999,-9999
1134,551.226155,551.226320326,551.226154361,9306065,-9999,581467.3,15.5,-1,0.301084088,0.983685921,0,0.59021155300000006,18,0.114285714,1.028571429,S1 O4,de-protonated,0,-9999,C35 H36 O4 S1,35,36,4,-9999,-9999,1,-9999,-9999,-9999,-9999
1134,551.226155,551.226320326,551.226287302,9306065,-9999,581467.3,15.5,-1,0.059909505,0.999348966,0,0.599609379,5,0.5,1.708333333,P1 O12,de-protonated,0,-9999,C24 H41 O12 P1,24,41,12,-9999,1,-9999,-9999,-9999,-9999,-9999
1134,551.226155,551.226320326,551.225774238,9306065,-9999,581467.3,15.5,-1,0.990679264,0.836873814,0,0.502124289,23,0.027027027,0.891891892,N2 P1 O1,de-protonated,0,-9999,C37 H33 O1 N2 P1,37,33,1,2,1,-9999,-9999,-9999,-9999,-9999
1135,551.26262,551.262785339,551.26253987,14663640,-9999,516209,25.53,-1,0.445285428,0.964662013,0,0.578797208,17,0.083333333,1.111111111,S1 O3,de-protonated,0,-9999,C36 H40 O3 S1,36,40,3,-9999,-9999,1,-9999,-9999,-9999,-9999
1135,551.26262,551.262785339,551.262672812,14663640,-9999,516209,25.53,-1,0.204126729,0.992467956,0,0.595480773,4,0.44,1.8,P1 O11,de-protonated,0,-9999,C25 H45 O11 P1,25,45,11,-9999,1,-9999,-9999,-9999,-9999,-9999
1136,551.278001,551.278166345,551.277928953,7733210.5,-9999,523000.7,12.55,-1,0.430620691,0.966912969,0,0.580147782,8,0.275862069,1.551724138,P1 O8,de-protonated,0,-9999,C29 H45 O8 P1,29,45,8,-9999,1,-9999,-9999,-9999,-9999,-9999
1136,551.278001,551.278166345,551.278125657,7733210.5,-9999,523000.7,12.55,-1,0.073805201,0.9990121,0,0.59940726,0,0.736842105,2.315789474,N4 O14,de-protonated,0,-9999,C19 H44 O14 N4,19,44,14,4,-9999,-9999,-9999,-9999,-9999,-9999
1137,551.298969,551.299134352,551.298925379,9764831,-9999,577196.7,16.36,-1,0.379055494,0.974265813,0,0.584559488,16,0.054054054,1.189189189,S1 O2,de-protonated,0,-9999,C37 H44 O2 S1,37,44,2,-9999,-9999,1,-9999,-9999,-9999,-9999
1137,551.298969,551.299134352,551.299058321,9764831,-9999,577196.7,16.36,-1,0.137912727,0.996554809,0,0.597932885,3,0.384615385,1.884615385,P1 O10,de-protonated,0,-9999,C26 H49 O10 P1,26,49,10,-9999,1,-9999,-9999,-9999,-9999,-9999
1138,551.304552,551.304717354,551.304798606,12910560,-9999,553512.4,22.25,-1,-0.147381045,0.996066478,0,0.597639887,7,0.233333333,1.6,S1 O7,de-protonated,0,-9999,C30 H48 O7 S1,30,48,7,-9999,-9999,1,-9999,-9999,-9999,-9999
1138,551.304552,551.304717354,551.304418484,12910560,-9999,553512.4,22.25,-1,0.542115449,0.948071079,0,0.568842647,12,0.125,1.40625,N2 P1 O4,de-protonated,0,-9999,C32 H45 O4 N2 P1,32,45,4,2,1,-9999,-9999,-9999,-9999,-9999
1139,553.278209,553.278375063,553.278189934,10223949,-9999,535667.6,17.22,-1,0.33460369,0.97989003,0,0.587934018,16,0.083333333,1.166666667,S1 O3,de-protonated,0,-9999,C36 H42 O3 S1,36,42,3,-9999,-9999,1,-9999,-9999,-9999,-9999
1139,553.278209,553.278375063,553.278322876,10223949,-9999,535667.6,17.22,-1,0.094323584,0.998386965,0,0.599032179,3,0.44,1.88,P1 O11,de-protonated,0,-9999,C25 H47 O11 P1,25,47,11,-9999,1,-9999,-9999,-9999,-9999,-9999
1140,553.29352,553.293686069,553.293579017,9879888,-9999,517154.8,16.57,-1,0.193480296,0.993230553,0,0.595938332,7,0.275862069,1.620689655,P1 O8,de-protonated,0,-9999,C29 H47 O8 P1,29,47,8,-9999,1,-9999,-9999,-9999,-9999,-9999
1141,553.320144,553.320310078,553.320448671,8798549,-9999,539296.4,14.55,-1,-0.250473534,0.988681003,0,0.593208602,6,0.233333333,1.666666667,S1 O7,de-protonated,0,-9999,C30 H50 O7 S1,30,50,7,-9999,-9999,1,-9999,-9999,-9999,-9999
1141,553.320144,553.320310078,553.320068548,8798549,-9999,539296.4,14.55,-1,0.436511172,0.966017242,0,0.579610345,11,0.125,1.46875,N2 P1 O4,de-protonated,0,-9999,C32 H47 O4 N2 P1,32,47,4,2,1,-9999,-9999,-9999,-9999,-9999
1142,554.351843,554.352009449,554.352083152,19317264,-9999,487396.6,34.08,-1,-0.132953384,0.498398871,0.755017935,0.601046497,5,0.2,1.766666667,N1 S1 O6,de-protonated,0,-9999,C30 H53 O6 N1 S1,30,53,6,1,-9999,1,-9999,-9999,-9999,-9999
1142,554.351843,554.352009449,554.35170303,19317264,-9999,487396.6,34.08,-1,0.552752941,0.473034832,0.742885034,0.580974913,10,0.09375,1.5625,N3 P1 O3,de-protonated,0,-9999,C32 H50 O3 N3 P1,32,50,3,3,1,-9999,-9999,-9999,-9999,-9999
1144,555.299435,555.29960179,555.299713226,8454841,-9999,556699.1,13.83,-1,-0.200677346,0.992719441,0,0.595631664,6,0.275862069,1.655172414,S1 O8,de-protonated,0,-9999,C29 H48 O8 S1,29,48,8,-9999,-9999,1,-9999,-9999,-9999,-9999
1144,555.299435,555.29960179,555.299333103,8454841,-9999,556699.1,13.83,-1,0.483858762,0.95840902,0,0.575045412,11,0.161290323,1.451612903,N2 P1 O5,de-protonated,0,-9999,C31 H45 O5 N2 P1,31,45,5,2,1,-9999,-9999,-9999,-9999,-9999
1145,555.335861,555.336027803,555.336098735,17351360,-9999,538192.9,30.42,-1,-0.127728658,0.997044113,0,0.598226468,5,0.233333333,1.733333333,S1 O7,de-protonated,0,-9999,C30 H52 O7 S1,30,52,7,-9999,-9999,1,-9999,-9999,-9999,-9999
1145,555.335861,555.336027803,555.335718613,17351360,-9999,538192.9,30.42,-1,0.556762649,0.945306272,0,0.567183763,10,0.125,1.53125,N2 P1 O4,de-protonated,0,-9999,C32 H49 O4 N2 P1,32,49,4,2,1,-9999,-9999,-9999,-9999,-9999
1147,556.122457,556.122624085,556.122417566,12911434,-9999,515197.1,22.14,-1,0.371356496,0.975287677,0,0.585172606,24,0.147058824,0.676470588,N1 S1 O5,de-protonated,0,-9999,C34 H23 O5 N1 S1,34,23,5,1,-9999,1,-9999,-9999,-9999,-9999
1147,556.122457,556.122624085,556.122550507,12911434,-9999,515197.1,22.14,-1,0.132305266,0.996828837,0,0.598097302,11,0.565217391,1.217391304,N1 P1 O13,de-protonated,0,-9999,C23 H28 O13 N1 P1,23,28,13,1,1,-9999,-9999,-9999,-9999,-9999
1148,556.897714,556.897881364,556.897364623,14861266,-9999,497028.3,25.77,-1,0.927893284,0.855366909,0,0.513220145,16,0.944444444,0.333333333,S2 O17,de-protonated,0,-9999,C18 H6 O17 S2,18,6,17,-9999,-9999,2,-9999,-9999,-9999,-9999
1149,557.296511,557.296678507,557.296735846,8119319.5,-9999,527107.7,13.21,-1,-0.1028866,0.998081091,0,0.598848654,6,0.392857143,1.642857143,O11,de-protonated,0,-9999,C28 H46 O11,28,46,11,-9999,-9999,-9999,-9999,-9999,-9999,-9999
1149,557.296511,557.296678507,557.297225103,8119319.5,-9999,527107.7,13.21,-1,-0.980797484,0.839837339,0,0.503902403,10,0.096774194,1.516129032,N2 S1 P1 O3,de-protonated,0,-9999,C31 H47 O3 N2 P1 S1,31,47,3,2,1,1,-9999,-9999,-9999,-9999
1149,557.296511,557.296678507,557.296573654,8119319.5,-9999,527107.7,13.21,-1,0.188145718,0.993597516,0,0.59615851,1,0.217391304,2.217391304,N4 S2 P1 O5,de-protonated,0,-9999,C23 H51 O5 N4 P1 S2,23,51,5,4,1,2,-9999,-9999,-9999,-9999
1150,557.303755,557.30392251,557.303749778,7980057,-9999,484839,12.95,-1,0.309941278,0.982720421,0,0.589632253,10,0.1875,1.46875,P1 O6,de-protonated,0,-9999,C32 H47 O6 P1,32,47,6,-9999,1,-9999,-9999,-9999,-9999,-9999
1150,557.303755,557.30392251,557.303946483,7980057,-9999,484839,12.95,-1,-0.04301612,0.999664306,0,0.599798584,2,0.545454545,2.090909091,N4 O12,de-protonated,0,-9999,C22 H46 O12 N4,22,46,12,4,-9999,-9999,-9999,-9999,-9999,-9999
1152,559.267702,559.267870215,559.26762525,9831786,-9999,553286.2,16.4,-1,0.438010334,0.965787465,0,0.579472479,19,0.052631579,1.052631579,S1 O2,de-protonated,0,-9999,C38 H40 O2 S1,38,40,2,-9999,-9999,1,-9999,-9999,-9999,-9999
1152,559.267702,559.267870215,559.267758192,9831786,-9999,553286.2,16.4,-1,0.200303464,0.992746446,0,0.595647867,6,0.37037037,1.666666667,P1 O10,de-protonated,0,-9999,C27 H45 O10 P1,27,45,10,-9999,1,-9999,-9999,-9999,-9999,-9999
1153,559.304061,559.304229228,559.30401076,10290544,-9999,499908.5,17.25,-1,0.390608165,0.972695217,0,0.58361713,18,0.025641026,1.128205128,S1 O1,de-protonated,0,-9999,C39 H44 O1 S1,39,44,1,-9999,-9999,1,-9999,-9999,-9999,-9999
1153,559.304061,559.304229228,559.304143701,10290544,-9999,499908.5,17.25,-1,0.15291677,0.995766076,0,0.597459646,5,0.321428571,1.75,P1 O9,de-protonated,0,-9999,C28 H49 O9 P1,28,49,9,-9999,1,-9999,-9999,-9999,-9999,-9999
1154,559.312126,559.312294231,559.31238591,7898481.5,-9999,533320.6,12.8,-1,-0.163913068,0.995136792,0,0.597082075,5,0.392857143,1.714285714,O11,de-protonated,0,-9999,C28 H48 O11,28,48,11,-9999,-9999,-9999,-9999,-9999,-9999,-9999
1154,559.312126,559.312294231,559.312223719,7898481.5,-9999,533320.6,12.8,-1,0.126070409,0.997120255,0,0.598272153,0,0.217391304,2.304347826,N4 S2 P1 O5,de-protonated,0,-9999,C23 H53 O5 N4 P1 S2,23,53,5,4,1,2,-9999,-9999,-9999,-9999
1155,561.24697,561.247138927,561.246889806,11011767,-9999,524091.9,18.6,-1,0.443870695,0.96488222,0,0.578929332,19,0.081081081,1.027027027,S1 O3,de-protonated,0,-9999,C37 H38 O3 S1,37,38,3,-9999,-9999,1,-9999,-9999,-9999,-9999
1155,561.24697,561.247138927,561.247022747,11011767,-9999,524091.9,18.6,-1,0.207002108,0.992255094,0,0.595353057,6,0.423076923,1.653846154,P1 O11,de-protonated,0,-9999,C26 H43 O11 P1,26,43,11,-9999,1,-9999,-9999,-9999,-9999,-9999
1156,561.283327,561.28349594,561.283275315,10569405,-9999,551493.9,17.77,-1,0.393072037,0.972354487,0,0.583412692,18,0.052631579,1.105263158,S1 O2,de-protonated,0,-9999,C38 H42 O2 S1,38,42,2,-9999,-9999,1,-9999,-9999,-9999,-9999
1156,561.283327,561.28349594,561.283408257,10569405,-9999,551493.9,17.77,-1,0.156218817,0.995581658,0,0.597348995,5,0.37037037,1.740740741,P1 O10,de-protonated,0,-9999,C27 H47 O10 P1,27,47,10,-9999,1,-9999,-9999,-9999,-9999,-9999
1157,561.319783,561.319951953,561.319660824,10880707,-9999,569642.1,18.35,-1,0.518650119,0.952362705,0,0.571417623,17,0.025641026,1.179487179,S1 O1,de-protonated,0,-9999,C39 H46 O1 S1,39,46,1,-9999,-9999,1,-9999,-9999,-9999,-9999
1157,561.319783,561.319951953,561.319793766,10880707,-9999,569642.1,18.35,-1,0.281812223,0.985693016,0,0.59141581,4,0.321428571,1.821428571,P1 O9,de-protonated,0,-9999,C28 H51 O9 P1,28,51,9,-9999,1,-9999,-9999,-9999,-9999,-9999
1158,562.286701,562.2868703,562.286899437,8030051,-9999,575292.9,13.04,-1,-0.051818998,0.999512891,0,0.599707735,5,0.461538462,1.730769231,N1 O12,de-protonated,0,-9999,C26 H45 O12 N1,26,45,12,1,-9999,-9999,-9999,-9999,-9999,-9999
1158,562.286701,562.2868703,562.286386373,8030051,-9999,575292.9,13.04,-1,0.86064169,0.874240483,0,0.52454429,23,0.025641026,0.948717949,N3 O1,de-protonated,0,-9999,C39 H37 O1 N3,39,37,1,3,-9999,-9999,-9999,-9999,-9999,-9999
1158,562.286701,562.2868703,562.287388695,8030051,-9999,575292.9,13.04,-1,-0.921938682,0.857078206,0,0.514246923,9,0.137931034,1.586206897,N3 S1 P1 O4,de-protonated,0,-9999,C29 H46 O4 N3 P1 S1,29,46,4,3,1,1,-9999,-9999,-9999,-9999
1159,563.226227,563.226396638,563.226154361,8587262,-9999,472503.9,14.08,-1,0.430159518,0.966982618,0,0.580189571,19,0.111111111,1,S1 O4,de-protonated,0,-9999,C36 H36 O4 S1,36,36,4,-9999,-9999,1,-9999,-9999,-9999,-9999
1159,563.226227,563.226396638,563.226287302,8587262,-9999,472503.9,14.08,-1,0.194123327,0.993185636,0,0.595911381,6,0.48,1.64,P1 O12,de-protonated,0,-9999,C25 H41 O12 P1,25,41,12,-9999,1,-9999,-9999,-9999,-9999,-9999
1160,563.262611,563.262780651,563.26253987,11995140,-9999,521324.3,20.43,-1,0.427475283,0.967386622,0,0.580431973,18,0.081081081,1.081081081,S1 O3,de-protonated,0,-9999,C37 H40 O3 S1,37,40,3,-9999,-9999,1,-9999,-9999,-9999,-9999
1160,563.262611,563.262780651,563.262672812,11995140,-9999,521324.3,20.43,-1,0.191454341,0.99337111,0,0.596022666,5,0.423076923,1.730769231,P1 O11,de-protonated,0,-9999,C26 H45 O11 P1,26,45,11,-9999,1,-9999,-9999,-9999,-9999,-9999
1161,563.299013,563.299182664,563.298925379,13043722,-9999,515265.4,22.38,-1,0.456746021,0.962854213,0,0.577712528,17,0.052631579,1.157894737,S1 O2,de-protonated,0,-9999,C38 H44 O2 S1,38,44,2,-9999,-9999,1,-9999,-9999,-9999,-9999
1161,563.299013,563.299182664,563.299058321,13043722,-9999,515265.4,22.38,-1,0.220740317,0.991197649,0,0.594718589,4,0.37037037,1.814814815,P1 O10,de-protonated,0,-9999,C27 H49 O10 P1,27,49,10,-9999,1,-9999,-9999,-9999,-9999,-9999
1162,563.33534,563.335509677,563.335310889,11470863,-9999,567348.5,19.45,-1,0.352877304,0.977658918,0,0.586595351,16,0.025641026,1.230769231,S1 O1,de-protonated,0,-9999,C39 H48 O1 S1,39,48,1,-9999,-9999,1,-9999,-9999,-9999,-9999
1162,563.33534,563.335509677,563.33544383,11470863,-9999,567348.5,19.45,-1,0.116886868,0.99752402,0,0.598514412,3,0.321428571,1.892857143,P1 O9,de-protonated,0,-9999,C28 H53 O9 P1,28,53,9,-9999,1,-9999,-9999,-9999,-9999,-9999
1163,564.265946,564.266116011,564.266163992,7694503.5,-9999,485804.2,12.41,-1,-0.085032752,0.998688883,0,0.59921333,5,0.52,1.72,N1 O13,de-protonated,0,-9999,C25 H43 O13 N1,25,43,13,1,-9999,-9999,-9999,-9999,-9999,-9999
1163,564.265946,564.266116011,564.265650928,7694503.5,-9999,485804.2,12.41,-1,0.824227285,0.884027351,0,0.530416411,23,0.052631579,0.921052632,N3 O2,de-protonated,0,-9999,C38 H35 O2 N3,38,35,2,3,-9999,-9999,-9999,-9999,-9999,-9999
1163,564.265946,564.266116011,564.26665325,7694503.5,-9999,485804.2,12.41,-1,-0.952100309,0.84833275,0,0.50899965,9,0.178571429,1.571428571,N3 S1 P1 O5,de-protonated,0,-9999,C28 H44 O5 N3 P1 S1,28,44,5,3,1,1,-9999,-9999,-9999,-9999
1164,565.241788,565.241958362,565.241804425,8390981,-9999,536207.2,13.71,-1,0.272338011,0.986632465,0,0.591979479,18,0.111111111,1.055555556,S1 O4,de-protonated,0,-9999,C36 H38 O4 S1,36,38,4,-9999,-9999,1,-9999,-9999,-9999,-9999
1164,565.241788,565.241958362,565.241937367,8390981,-9999,536207.2,13.71,-1,0.037143562,0.999749697,0,0.599849818,5,0.48,1.72,P1 O12,de-protonated,0,-9999,C25 H43 O12 P1,25,43,12,-9999,1,-9999,-9999,-9999,-9999,-9999
1164,565.241788,565.241958362,565.241424303,8390981,-9999,536207.2,13.71,-1,0.944834058,0.850457099,0,0.510274259,23,0.026315789,0.921052632,N2 P1 O1,de-protonated,0,-9999,C38 H35 O1 N2 P1,38,35,1,2,1,-9999,-9999,-9999,-9999,-9999
1165,565.278303,565.278473375,565.278189934,14797131,-9999,492251,25.65,-1,0.501417893,0.955405128,0,0.573243077,17,0.081081081,1.135135135,S1 O3,de-protonated,0,-9999,C37 H42 O3 S1,37,42,3,-9999,-9999,1,-9999,-9999,-9999,-9999
1165,565.278303,565.278473375,565.278322876,14797131,-9999,492251,25.65,-1,0.266238528,0.987220738,0,0.592332443,4,0.423076923,1.807692308,P1 O11,de-protonated,0,-9999,C26 H47 O11 P1,26,47,11,-9999,1,-9999,-9999,-9999,-9999,-9999
1166,565.314606,565.314776388,565.314575444,9292113,-9999,511320.9,15.39,-1,0.355455708,0.977334983,0,0.58640099,16,0.052631579,1.210526316,S1 O2,de-protonated,0,-9999,C38 H46 O2 S1,38,46,2,-9999,-9999,1,-9999,-9999,-9999,-9999
1166,565.314606,565.314776388,565.314708386,9292113,-9999,511320.9,15.39,-1,0.120291515,0.997377873,0,0.598426724,3,0.37037037,1.888888889,P1 O10,de-protonated,0,-9999,C27 H51 O10 P1,27,51,10,-9999,1,-9999,-9999,-9999,-9999,-9999
1167,565.320186,565.32035639,565.320448671,17025362,-9999,519250.1,29.8,-1,-0.163235688,0.995176807,0,0.597106084,7,0.225806452,1.612903226,S1 O7,de-protonated,0,-9999,C31 H50 O7 S1,31,50,7,-9999,-9999,1,-9999,-9999,-9999,-9999
1167,565.320186,565.32035639,565.320068548,17025362,-9999,519250.1,29.8,-1,0.509166512,0.954048596,0,0.572429158,12,0.121212121,1.424242424,N2 P1 O4,de-protonated,0,-9999,C33 H47 O4 N2 P1,33,47,4,2,1,-9999,-9999,-9999,-9999,-9999
1168,565.369659,565.369829408,565.369721339,26528090,-9999,507415.5,47.52,-1,0.191146393,0.993611653,0.961501382,0.980767545,1,0.206896552,2.034482759,S1 P1 O6,de-protonated,0,-9999,C29 H59 O6 P1 S1,29,59,6,-9999,1,1,-9999,-9999,-9999,-9999
1169,566.37301,566.373180768,566.373076175,10177020,-9999,573492.8,17.04,-1,0.18467301,0.993830959,0.961501382,0.980899128,1,0.206896552,2.034482759,13C1 S1 P1 O6,de-protonated,1,1168,C28 H59 O6 P1 S1 13C1,28,59,6,-9999,1,1,1,-9999,-9999,-9999
1169,566.37301,566.373180768,566.37321252,10177020,-9999,573492.8,17.04,-1,-0.056061619,0.999429887,0,0.599657932,1,0.285714286,2.035714286,N1 S1 O8,de-protonated,0,-9999,C28 H57 O8 N1 S1,28,57,8,1,-9999,1,-9999,-9999,-9999,-9999
1169,566.37301,566.373180768,566.372832398,10177020,-9999,573492.8,17.04,-1,0.615090804,0.933654619,0,0.560192771,6,0.166666667,1.8,N3 P1 O5,de-protonated,0,-9999,C30 H54 O5 N3 P1,30,54,5,3,1,-9999,-9999,-9999,-9999,-9999
1170,567.257516,567.257687086,567.25745449,10160777,-9999,509032.5,17.01,-1,0.410037144,0.969953593,0,0.581972156,17,0.111111111,1.111111111,S1 O4,de-protonated,0,-9999,C36 H40 O4 S1,36,40,4,-9999,-9999,1,-9999,-9999,-9999,-9999
1170,567.257516,567.257687086,567.257587431,10160777,-9999,509032.5,17.01,-1,0.175678385,0.994415619,0,0.596649372,4,0.48,1.8,P1 O12,de-protonated,0,-9999,C25 H45 O12 P1,25,45,12,-9999,1,-9999,-9999,-9999,-9999,-9999
1171,567.293823,567.293994099,567.293839999,8473231,-9999,563455.8,13.86,-1,0.271641099,0.986700336,0,0.592020202,16,0.081081081,1.189189189,S1 O3,de-protonated,0,-9999,C37 H44 O3 S1,37,44,3,-9999,-9999,1,-9999,-9999,-9999,-9999
1171,567.293823,567.293994099,567.293972941,8473231,-9999,563455.8,13.86,-1,0.037297403,0.999747619,0,0.599848572,3,0.423076923,1.884615385,P1 O11,de-protonated,0,-9999,C26 H49 O11 P1,26,49,11,-9999,1,-9999,-9999,-9999,-9999,-9999
1172,567.335833,567.336004114,567.336098735,8718998,-9999,537477,14.32,-1,-0.166780686,0.994965576,0,0.596979345,6,0.225806452,1.677419355,S1 O7,de-protonated,0,-9999,C31 H52 O7 S1,31,52,7,-9999,-9999,1,-9999,-9999,-9999,-9999
1172,567.335833,567.336004114,567.335718613,8718998,-9999,537477,14.32,-1,0.503232578,0.955089128,0,0.573053477,11,0.121212121,1.484848485,N2 P1 O4,de-protonated,0,-9999,C33 H49 O4 N2 P1,33,49,4,2,1,-9999,-9999,-9999,-9999,-9999
1173,567.366713,567.366884125,567.366611018,7981723,-9999,543663.4,12.95,-1,0.481360387,0.958828473,0,0.575297084,14,0.025641026,1.333333333,S1 O1,de-protonated,0,-9999,C39 H52 O1 S1,39,52,1,-9999,-9999,1,-9999,-9999,-9999,-9999
1173,567.366713,567.366884125,567.366743959,7981723,-9999,543663.4,12.95,-1,0.247046699,0.988986904,0,0.593392142,1,0.321428571,2.035714286,P1 O9,de-protonated,0,-9999,C28 H57 O9 P1,28,57,9,-9999,1,-9999,-9999,-9999,-9999,-9999
1174,567.408617,567.40878814,567.408869754,17681058,-9999,514667.2,31.03,-1,-0.143834996,0.498126567,0.736963647,0.593661399,4,0.151515152,1.818181818,S1 O5,de-protonated,0,-9999,C33 H60 O5 S1,33,60,5,-9999,-9999,1,-9999,-9999,-9999,-9999
1174,567.408617,567.40878814,567.408489631,17681058,-9999,514667.2,31.03,-1,0.526092354,0.475510028,0.725399619,0.575465864,9,0.057142857,1.628571429,N2 P1 O2,de-protonated,0,-9999,C35 H57 O2 N2 P1,35,57,2,2,1,-9999,-9999,-9999,-9999,-9999
1175,568.367516,568.367687485,568.367733217,21023546,-9999,507174.6,37.26,-1,-0.080461229,0.499412995,0.748902347,0.599208735,5,0.193548387,1.774193548,N1 S1 O6,de-protonated,0,-9999,C31 H55 O6 N1 S1,31,55,6,1,-9999,1,-9999,-9999,-9999,-9999
1175,568.367516,568.367687485,568.367353094,21023546,-9999,507174.6,37.26,-1,0.588335962,0.469562587,0.736963647,0.576523011,10,0.090909091,1.575757576,N3 P1 O3,de-protonated,0,-9999,C33 H52 O3 N3 P1,33,52,3,3,1,-9999,-9999,-9999,-9999,-9999
1177,569.288379,569.288550816,569.288360695,7613388.5,-9999,482544.4,12.26,-1,0.333961812,0.979966334,0,0.5879798,20,0.025,1.05,S1 O1,de-protonated,0,-9999,C40 H42 O1 S1,40,42,1,-9999,-9999,1,-9999,-9999,-9999,-9999
1177,569.288379,569.288550816,569.288493637,7613388.5,-9999,482544.4,12.26,-1,0.100439133,0.998171216,0,0.59890273,7,0.310344828,1.620689655,P1 O9,de-protonated,0,-9999,C29 H47 O9 P1,29,47,9,-9999,1,-9999,-9999,-9999,-9999,-9999
1178,569.29648,569.296651819,569.296735846,7867342,-9999,498235.3,12.73,-1,-0.147597433,0.996054942,0,0.597632965,7,0.379310345,1.586206897,O11,de-protonated,0,-9999,C29 H46 O11,29,46,11,-9999,-9999,-9999,-9999,-9999,-9999,-9999
1178,569.29648,569.296651819,569.296573654,7867342,-9999,498235.3,12.73,-1,0.137300305,0.996585286,0,0.597951172,2,0.208333333,2.125,N4 S2 P1 O5,de-protonated,0,-9999,C24 H51 O5 N4 P1 S2,24,51,5,4,1,2,-9999,-9999,-9999,-9999
1179,569.315062,569.315233825,569.31536329,9079761,-9999,576141.9,14.99,-1,-0.227404139,0.990660694,0,0.594396416,6,0.266666667,1.666666667,S1 O8,de-protonated,0,-9999,C30 H50 O8 S1,30,50,8,-9999,-9999,1,-9999,-9999,-9999,-9999
1179,569.315062,569.315233825,569.314983168,9079761,-9999,576141.9,14.99,-1,0.440279735,0.96543824,0,0.579262944,11,0.15625,1.46875,N2 P1 O5,de-protonated,0,-9999,C32 H47 O5 N2 P1,32,47,5,2,1,-9999,-9999,-9999,-9999,-9999
1180,569.351493,569.351664839,569.351748799,17583062,-9999,494232.9,30.84,-1,-0.14746759,0.996061867,0,0.59763712,5,0.225806452,1.741935484,S1 O7,de-protonated,0,-9999,C31 H54 O7 S1,31,54,7,-9999,-9999,1,-9999,-9999,-9999,-9999
1180,569.351493,569.351664839,569.351368677,17583062,-9999,494232.9,30.84,-1,0.520173668,0.476044623,0.736963647,0.580412233,10,0.121212121,1.545454545,N2 P1 O4,de-protonated,0,-9999,C33 H51 O4 N2 P1,33,51,4,2,1,-9999,-9999,-9999,-9999,-9999
1181,571.304059,571.30423154,571.30401076,7916811.5,-9999,479628.2,12.83,-1,0.386449857,0.973265681,0,0.583959409,19,0.025,1.1,S1 O1,de-protonated,0,-9999,C40 H44 O1 S1,40,44,1,-9999,-9999,1,-9999,-9999,-9999,-9999
1181,571.304059,571.30423154,571.304143701,7916811.5,-9999,479628.2,12.83,-1,0.15375107,0.99571985,0,0.59743191,6,0.310344828,1.689655172,P1 O9,de-protonated,0,-9999,C29 H49 O9 P1,29,49,9,-9999,1,-9999,-9999,-9999,-9999,-9999
1182,571.312159,571.312331543,571.31238591,8080652.5,-9999,530705.4,13.13,-1,-0.095161523,0.998358202,0,0.599014921,6,0.379310345,1.655172414,O11,de-protonated,0,-9999,C29 H48 O11,29,48,11,-9999,-9999,-9999,-9999,-9999,-9999,-9999
1182,571.312159,571.312331543,571.312875167,8080652.5,-9999,530705.4,13.13,-1,-0.951535192,0.848498359,0,0.509099015,10,0.09375,1.53125,N2 S1 P1 O3,de-protonated,0,-9999,C32 H49 O3 N2 P1 S1,32,49,3,2,1,1,-9999,-9999,-9999,-9999
1182,571.312159,571.312331543,571.312223719,8080652.5,-9999,530705.4,13.13,-1,0.188731081,0.993557744,0,0.596134646,1,0.208333333,2.208333333,N4 S2 P1 O5,de-protonated,0,-9999,C24 H53 O5 N4 P1 S2,24,53,5,4,1,2,-9999,-9999,-9999,-9999
1183,571.348597,571.348769556,571.348771419,8244498.5,-9999,465905.6,13.44,-1,-0.00326108,0.99999807,0,0.599998842,5,0.333333333,1.733333333,O10,de-protonated,0,-9999,C30 H52 O10,30,52,10,-9999,-9999,-9999,-9999,-9999,-9999,-9999
1183,571.348597,571.348769556,571.349260677,8244498.5,-9999,465905.6,13.44,-1,-0.859580292,0.874530163,0,0.524718098,9,0.060606061,1.606060606,N2 S1 P1 O2,de-protonated,0,-9999,C33 H53 O2 N2 P1 S1,33,53,2,2,1,1,-9999,-9999,-9999,-9999
1183,571.348597,571.348769556,571.348609228,8244498.5,-9999,465905.6,13.44,-1,0.28061347,0.985813608,0,0.591488165,0,0.16,2.28,N4 S2 P1 O4,de-protonated,0,-9999,C25 H57 O4 N4 P1 S2,25,57,4,4,1,2,-9999,-9999,-9999,-9999
1185,573.283363,573.283536251,573.283275315,8228419.5,-9999,530683.5,13.41,-1,0.455161392,0.963106706,0,0.577864023,19,0.051282051,1.076923077,S1 O2,de-protonated,0,-9999,C39 H42 O2 S1,39,42,2,-9999,-9999,1,-9999,-9999,-9999,-9999
1185,573.283363,573.283536251,573.283408257,8228419.5,-9999,530683.5,13.41,-1,0.223265983,0.990995982,0,0.594597589,6,0.357142857,1.678571429,P1 O10,de-protonated,0,-9999,C28 H47 O10 P1,28,47,10,-9999,1,-9999,-9999,-9999,-9999,-9999
1186,573.291462,573.291635254,573.291650465,7933509,-9999,478521.6,12.86,-1,-0.026532562,0.999872272,0,0.599923363,6,0.428571429,1.642857143,O12,de-protonated,0,-9999,C28 H46 O12,28,46,12,-9999,-9999,-9999,-9999,-9999,-9999,-9999
1186,573.291462,573.291635254,573.291137401,7933509,-9999,478521.6,12.86,-1,0.868412786,0.872111626,0,0.523266976,24,0.024390244,0.926829268,N2 O1,de-protonated,0,-9999,C41 H38 O1 N2,41,38,1,2,-9999,-9999,-9999,-9999,-9999,-9999
1186,573.291462,573.291635254,573.292139722,7933509,-9999,478521.6,12.86,-1,-0.8799497,0.868925577,0,0.521355346,10,0.129032258,1.516129032,N2 S1 P1 O4,de-protonated,0,-9999,C31 H47 O4 N2 P1 S1,31,47,4,2,1,1,-9999,-9999,-9999,-9999
1186,573.291462,573.291635254,573.291488274,7933509,-9999,478521.6,12.86,-1,0.256379934,0.988144098,0,0.592886459,1,0.260869565,2.217391304,N4 S2 P1 O6,de-protonated,0,-9999,C23 H51 O6 N4 P1 S2,23,51,6,4,1,2,-9999,-9999,-9999,-9999
1187,573.319648,573.319821264,573.319660824,8310345.5,-9999,559252.3,13.56,-1,0.27984406,0.985890746,0,0.591534447,18,0.025,1.15,S1 O1,de-protonated,0,-9999,C40 H46 O1 S1,40,46,1,-9999,-9999,1,-9999,-9999,-9999,-9999
1187,573.319648,573.319821264,573.319793766,8310345.5,-9999,559252.3,13.56,-1,0.047963408,0.999582666,0,0.5997496,5,0.310344828,1.75862069,P1 O9,de-protonated,0,-9999,C29 H51 O9 P1,29,51,9,-9999,1,-9999,-9999,-9999,-9999,-9999
1188,573.327769,573.327942267,573.328035974,7663178.5,-9999,475586,12.35,-1,-0.163444303,0.995164501,0,0.597098701,5,0.379310345,1.724137931,O11,de-protonated,0,-9999,C29 H50 O11,29,50,11,-9999,-9999,-9999,-9999,-9999,-9999,-9999
1188,573.327769,573.327942267,573.327873783,7663178.5,-9999,475586,12.35,-1,0.1194502,0.997414375,0,0.598448625,0,0.208333333,2.291666667,N4 S2 P1 O5,de-protonated,0,-9999,C24 H55 O5 N4 P1 S2,24,55,5,4,1,2,-9999,-9999,-9999,-9999
1189,575.262547,575.262720962,575.26253987,10620796,-9999,499568.5,17.86,-1,0.314799624,0.982179352,0,0.589307611,19,0.078947368,1.052631579,S1 O3,de-protonated,0,-9999,C38 H40 O3 S1,38,40,3,-9999,-9999,1,-9999,-9999,-9999,-9999
1189,575.262547,575.262720962,575.262672812,10620796,-9999,499568.5,17.86,-1,0.083702113,0.99872957,0,0.599237742,6,0.407407407,1.666666667,P1 O11,de-protonated,0,-9999,C27 H45 O11 P1,27,45,11,-9999,1,-9999,-9999,-9999,-9999,-9999
1190,575.29894,575.299113975,575.298925379,10686338,-9999,499535.3,17.99,-1,0.327822892,0.980688993,0,0.588413396,18,0.051282051,1.128205128,S1 O2,de-protonated,0,-9999,C39 H44 O2 S1,39,44,2,-9999,-9999,1,-9999,-9999,-9999,-9999
1190,575.29894,575.299113975,575.299058321,10686338,-9999,499535.3,17.99,-1,0.096739994,0.998303331,0,0.598981998,5,0.357142857,1.75,P1 O10,de-protonated,0,-9999,C28 H49 O10 P1,28,49,10,-9999,1,-9999,-9999,-9999,-9999,-9999
1191,575.335414,575.335587989,575.335310889,9555847,-9999,490763.6,15.88,-1,0.481632029,0.958782964,0,0.575269778,17,0.025,1.2,S1 O1,de-protonated,0,-9999,C40 H48 O1 S1,40,48,1,-9999,-9999,1,-9999,-9999,-9999,-9999
1191,575.335414,575.335587989,575.33544383,9555847,-9999,490763.6,15.88,-1,0.250563709,0.988672898,0,0.593203739,4,0.310344828,1.827586207,P1 O9,de-protonated,0,-9999,C29 H53 O9 P1,29,53,9,-9999,1,-9999,-9999,-9999,-9999,-9999
1192,577.241908,577.242082674,577.241804425,9605301,-9999,478946.9,15.97,-1,0.482031118,0.958716059,0,0.575229636,19,0.108108108,1.027027027,S1 O4,de-protonated,0,-9999,C37 H38 O4 S1,37,38,4,-9999,-9999,1,-9999,-9999,-9999,-9999
1192,577.241908,577.242082674,577.241937367,9605301,-9999,478946.9,15.97,-1,0.251725963,0.988568175,0,0.593140905,6,0.461538462,1.653846154,P1 O12,de-protonated,0,-9999,C26 H43 O12 P1,26,43,12,-9999,1,-9999,-9999,-9999,-9999,-9999
1193,577.278237,577.278411687,577.278189934,13029563,-9999,481121,22.35,-1,0.384134061,0.973580874,0,0.584148524,18,0.078947368,1.105263158,S1 O3,de-protonated,0,-9999,C38 H42 O3 S1,38,42,3,-9999,-9999,1,-9999,-9999,-9999,-9999
1193,577.278237,577.278411687,577.278322876,13029563,-9999,481121,22.35,-1,0.153843445,0.995714716,0,0.59742883,5,0.407407407,1.740740741,P1 O11,de-protonated,0,-9999,C27 H47 O11 P1,27,47,11,-9999,1,-9999,-9999,-9999,-9999,-9999
1194,577.314604,577.3147787,577.314575444,12751041,-9999,507954.9,21.83,-1,0.352071368,0.977759709,0,0.586655825,17,0.051282051,1.179487179,S1 O2,de-protonated,0,-9999,C39 H46 O2 S1,39,46,2,-9999,-9999,1,-9999,-9999,-9999,-9999
1194,577.314604,577.3147787,577.314708386,12751041,-9999,507954.9,21.83,-1,0.121795273,0.997311993,0,0.598387196,4,0.357142857,1.821428571,P1 O10,de-protonated,0,-9999,C28 H51 O10 P1,28,51,10,-9999,1,-9999,-9999,-9999,-9999,-9999
1195,577.351063,577.351237713,577.350960953,10309830,-9999,494594.5,17.28,-1,0.479361257,0.959162675,0,0.575497605,16,0.025,1.25,S1 O1,de-protonated,0,-9999,C40 H50 O1 S1,40,50,1,-9999,-9999,1,-9999,-9999,-9999,-9999
1195,577.351063,577.351237713,577.351093895,10309830,-9999,494594.5,17.28,-1,0.249099644,0.98880414,0,0.593282484,3,0.310344828,1.896551724,P1 O9,de-protonated,0,-9999,C29 H55 O9 P1,29,55,9,-9999,1,-9999,-9999,-9999,-9999,-9999
1196,579.257452,579.257627398,579.25745449,9212406,-9999,530889.5,15.24,-1,0.298499817,0.983962526,0,0.590377515,18,0.108108108,1.081081081,S1 O4,de-protonated,0,-9999,C37 H40 O4 S1,37,40,4,-9999,-9999,1,-9999,-9999,-9999,-9999
1196,579.257452,579.257627398,579.257587431,9212406,-9999,530889.5,15.24,-1,0.0689961,0.999136593,0,0.599481956,5,0.461538462,1.730769231,P1 O12,de-protonated,0,-9999,C26 H45 O12 P1,26,45,12,-9999,1,-9999,-9999,-9999,-9999,-9999
1196,579.257452,579.257627398,579.257074367,9212406,-9999,530889.5,15.24,-1,0.95472423,0.847562938,0,0.508537763,23,0.025641026,0.948717949,N2 P1 O1,de-protonated,0,-9999,C39 H37 O1 N2 P1,39,37,1,2,1,-9999,-9999,-9999,-9999,-9999
1197,579.293877,579.294052411,579.293839999,10736124,-9999,476940,18.08,-1,0.366673987,0.975899429,0,0.585539657,17,0.078947368,1.157894737,S1 O3,de-protonated,0,-9999,C38 H44 O3 S1,38,44,3,-9999,-9999,1,-9999,-9999,-9999,-9999
1197,579.293877,579.294052411,579.293972941,10736124,-9999,476940,18.08,-1,0.137184669,0.996591026,0,0.597954616,4,0.407407407,1.814814815,P1 O11,de-protonated,0,-9999,C27 H49 O11 P1,27,49,11,-9999,1,-9999,-9999,-9999,-9999,-9999
1198,579.330277,579.330452424,579.330225508,8622594,-9999,486706.3,14.14,-1,0.391686297,0.972546371,0,0.583527822,16,0.051282051,1.230769231,S1 O2,de-protonated,0,-9999,C39 H48 O2 S1,39,48,2,-9999,-9999,1,-9999,-9999,-9999,-9999
1198,579.330277,579.330452424,579.33035845,8622594,-9999,486706.3,14.14,-1,0.162211386,0.995237005,0,0.597142203,3,0.357142857,1.892857143,P1 O10,de-protonated,0,-9999,C28 H53 O10 P1,28,53,10,-9999,1,-9999,-9999,-9999,-9999,-9999
1199,579.335851,579.336026426,579.336098735,14324227,-9999,502249.9,24.77,-1,-0.124813656,0.997177302,0,0.598306381,7,0.21875,1.625,S1 O7,de-protonated,0,-9999,C32 H52 O7 S1,32,52,7,-9999,-9999,1,-9999,-9999,-9999,-9999
1199,579.335851,579.336026426,579.335718613,14324227,-9999,502249.9,24.77,-1,0.531321397,0.950066398,0,0.570039839,12,0.117647059,1.441176471,N2 P1 O4,de-protonated,0,-9999,C34 H49 O4 N2 P1,34,49,4,2,1,-9999,-9999,-9999,-9999,-9999
1200,581.273115,581.273291122,581.273104554,9442106,-9999,540795.8,15.64,-1,0.320964478,0.981481105,0,0.588888663,17,0.108108108,1.135135135,S1 O4,de-protonated,0,-9999,C37 H42 O4 S1,37,42,4,-9999,-9999,1,-9999,-9999,-9999,-9999
1200,581.273115,581.273291122,581.273237496,9442106,-9999,540795.8,15.64,-1,0.092256594,0.998456832,0,0.599074099,4,0.461538462,1.807692308,P1 O12,de-protonated,0,-9999,C26 H47 O12 P1,26,47,12,-9999,1,-9999,-9999,-9999,-9999,-9999
1200,581.273115,581.273291122,581.272724431,9442106,-9999,540795.8,15.64,-1,0.97491335,0.841592794,0,0.504955676,22,0.025641026,1,N2 P1 O1,de-protonated,0,-9999,C39 H39 O1 N2 P1,39,39,1,2,1,-9999,-9999,-9999,-9999,-9999
1201,581.315068,581.315244137,581.31536329,9851713,-9999,540386.6,16.4,-1,-0.204971406,0.992405729,0,0.595443438,7,0.258064516,1.612903226,S1 O8,de-protonated,0,-9999,C31 H50 O8 S1,31,50,8,-9999,-9999,1,-9999,-9999,-9999,-9999
1201,581.315068,581.315244137,581.314983168,9851713,-9999,540386.6,16.4,-1,0.448929582,0.964091797,0,0.578455078,12,0.151515152,1.424242424,N2 P1 O5,de-protonated,0,-9999,C33 H47 O5 N2 P1,33,47,5,2,1,-9999,-9999,-9999,-9999,-9999
1202,581.424245,581.424421176,581.424519818,46388052,-9999,496003.6,84.38,-1,-0.169655469,0.993678079,0.986176784,0.990677561,4,0.147058824,1.823529412,S1 O5,de-protonated,0,-9999,C34 H62 O5 S1,34,62,5,-9999,-9999,1,-9999,-9999,-9999,-9999
1202,581.424245,581.424421176,581.424139696,46388052,-9999,496003.6,84.38,-1,0.484122779,0.961155688,0.974793512,0.966610818,9,0.055555556,1.638888889,N2 P1 O2,de-protonated,0,-9999,C36 H59 O2 N2 P1,36,59,2,2,1,-9999,-9999,-9999,-9999,-9999
1203,582.383133,582.383309521,582.383383281,14177263,-9999,515561,24.45,-1,-0.126652254,0.997093651,0,0.59825619,5,0.1875,1.78125,N1 S1 O6,de-protonated,0,-9999,C32 H57 O6 N1 S1,32,57,6,1,-9999,1,-9999,-9999,-9999,-9999
1203,582.383133,582.383309521,582.383003159,14177263,-9999,515561,24.45,-1,0.526049611,0.951027817,0,0.57061669,10,0.088235294,1.588235294,N3 P1 O3,de-protonated,0,-9999,C34 H54 O3 N3 P1,34,54,3,3,1,-9999,-9999,-9999,-9999,-9999
1204,582.42758,582.427756537,582.427874653,15881206,-9999,487332.3,27.62,-1,-0.202800077,0.992565178,0.986176784,0.99000982,4,0.147058824,1.823529412,13C1 S1 O5,de-protonated,1,1202,C33 H62 O5 S1 13C1,33,62,5,-9999,-9999,1,1,-9999,-9999,-9999
1204,582.42758,582.427756537,582.427494531,15881206,-9999,487332.3,27.62,-1,0.449851878,0.963946799,0.974793512,0.968285484,9,0.055555556,1.638888889,13C1 N2 P1 O2,de-protonated,1,1202,C35 H59 O2 N2 P1 13C1,35,59,2,2,1,-9999,1,-9999,-9999,-9999
1204,582.42758,582.427756537,582.427630876,15881206,-9999,487332.3,27.62,-1,0.215752954,0.991589254,0,0.594953552,9,0.114285714,1.628571429,N3 O4,de-protonated,0,-9999,C35 H57 O4 N3,35,57,4,3,-9999,-9999,-9999,-9999,-9999,-9999
1205,583.367094,583.367270874,583.367398864,13931664,-9999,499879.2,23.99,-1,-0.219397823,0.991303926,0,0.594782355,5,0.21875,1.75,S1 O7,de-protonated,0,-9999,C32 H56 O7 S1,32,56,7,-9999,-9999,1,-9999,-9999,-9999,-9999
1205,583.367094,583.367270874,583.367018741,13931664,-9999,499879.2,23.99,-1,0.432203012,0.96667347,0,0.580004082,10,0.117647059,1.558823529,N2 P1 O4,de-protonated,0,-9999,C34 H53 O4 N2 P1,34,53,4,2,1,-9999,-9999,-9999,-9999,-9999
1206,585.28328,585.283457563,585.283275315,8902093,-9999,497494.4,14.63,-1,0.311384303,0.98256056,0,0.589536336,20,0.05,1.05,S1 O2,de-protonated,0,-9999,C40 H42 O2 S1,40,42,2,-9999,-9999,1,-9999,-9999,-9999,-9999
1206,585.28328,585.283457563,585.283408257,8902093,-9999,497494.4,14.63,-1,0.084243452,0.998713095,0,0.599227857,7,0.344827586,1.620689655,P1 O10,de-protonated,0,-9999,C29 H47 O10 P1,29,47,10,-9999,1,-9999,-9999,-9999,-9999,-9999
1207,585.327767,585.327944579,585.328035974,7869908,-9999,527074.8,12.71,-1,-0.156144171,0.99558587,0,0.597351522,6,0.366666667,1.666666667,O11,de-protonated,0,-9999,C30 H50 O11,30,50,11,-9999,-9999,-9999,-9999,-9999,-9999,-9999
1207,585.327767,585.327944579,585.328525232,7869908,-9999,527074.8,12.71,-1,-0.992011983,0.836472668,0,0.501883601,10,0.090909091,1.545454545,N2 S1 P1 O3,de-protonated,0,-9999,C33 H51 O3 N2 P1 S1,33,51,3,2,1,1,-9999,-9999,-9999,-9999
1207,585.327767,585.327944579,585.327873783,7869908,-9999,527074.8,12.71,-1,0.120950619,0.997349098,0,0.598409459,1,0.2,2.2,N4 S2 P1 O5,de-protonated,0,-9999,C25 H55 O5 N4 P1 S2,25,55,5,4,1,2,-9999,-9999,-9999,-9999
1208,585.3642,585.364377592,585.364421484,7992794.5,-9999,480988.4,12.94,-1,-0.074982043,0.99898036,0,0.599388216,5,0.322580645,1.741935484,O10,de-protonated,0,-9999,C31 H54 O10,31,54,10,-9999,-9999,-9999,-9999,-9999,-9999,-9999
1208,585.3642,585.364377592,585.364910741,7992794.5,-9999,480988.4,12.94,-1,-0.910797967,0.86025941399999994,0,0.516155649,9,0.058823529,1.617647059,N2 S1 P1 O2,de-protonated,0,-9999,C34 H55 O2 N2 P1 S1,34,55,2,2,1,1,-9999,-9999,-9999,-9999
1208,585.3642,585.364377592,585.364259292,7992794.5,-9999,480988.4,12.94,-1,0.202095546,0.992616555,0,0.595569933,0,0.153846154,2.269230769,N4 S2 P1 O4,de-protonated,0,-9999,C26 H59 O4 N4 P1 S2,26,59,4,4,1,2,-9999,-9999,-9999,-9999
1209,585.397997,585.398174604,585.39830507,8836576,-9999,510245.2,14.51,-1,-0.222866339,0.991028042,0,0.594616825,8,0.111111111,1.611111111,S1 O4,de-protonated,0,-9999,C36 H58 O4 S1,36,58,4,-9999,-9999,1,-9999,-9999,-9999,-9999
1209,585.397997,585.398174604,585.397924947,8836576,-9999,510245.2,14.51,-1,0.426473912,0.967536734,0,0.580522041,13,0.026315789,1.447368421,N2 P1 O1,de-protonated,0,-9999,C38 H55 O1 N2 P1,38,55,1,2,1,-9999,-9999,-9999,-9999,-9999
1212,587.299006,587.299184287,587.298925379,9279265,-9999,487534,15.33,-1,0.440845046,0.965350986,0,0.579210592,19,0.05,1.1,S1 O2,de-protonated,0,-9999,C40 H44 O2 S1,40,44,2,-9999,-9999,1,-9999,-9999,-9999,-9999
1212,587.299006,587.299184287,587.299058321,9279265,-9999,487534,15.33,-1,0.214483729,0.991687509,0,0.595012505,6,0.344827586,1.689655172,P1 O10,de-protonated,0,-9999,C29 H49 O10 P1,29,49,10,-9999,1,-9999,-9999,-9999,-9999,-9999
1213,587.306997,587.30717529,587.30730053,8279842,-9999,524130.5,13.47,-1,-0.213243607,0.99178296,0,0.595069776,6,0.413793103,1.655172414,O12,de-protonated,0,-9999,C29 H48 O12,29,48,12,-9999,-9999,-9999,-9999,-9999,-9999,-9999
1213,587.306997,587.30717529,587.306787465,8279842,-9999,524130.5,13.47,-1,0.660344357,0.923927617,0,0.55435657,24,0.023809524,0.952380952,N2 O1,de-protonated,0,-9999,C42 H40 O1 N2,42,40,1,2,-9999,-9999,-9999,-9999,-9999,-9999
1213,587.306997,587.30717529,587.307138338,8279842,-9999,524130.5,13.47,-1,0.06291734,0.999281977,0,0.599569186,1,0.25,2.208333333,N4 S2 P1 O6,de-protonated,0,-9999,C24 H53 O6 N4 P1 S2,24,53,6,4,1,2,-9999,-9999,-9999,-9999
1214,587.33533,587.3355083,587.335310889,7542566.5,-9999,540363,12.1,-1,0.336113834,0.979709957,0,0.587825974,18,0.024390244,1.170731707,S1 O1,de-protonated,0,-9999,C41 H48 O1 S1,41,48,1,-9999,-9999,1,-9999,-9999,-9999,-9999
1214,587.33533,587.3355083,587.33544383,7542566.5,-9999,540363,12.1,-1,0.109766563,0.997816168,0,0.598689701,5,0.3,1.766666667,P1 O9,de-protonated,0,-9999,C30 H53 O9 P1,30,53,9,-9999,1,-9999,-9999,-9999,-9999,-9999
1215,588.923945,588.924123871,588.923579371,9099320,-9999,483083.2,15,-1,0.924568123,0.856323466,0,0.51379408,15,0.947368421,0.526315789,S2 O18,de-protonated,0,-9999,C19 H10 O18 S2,19,10,18,-9999,-9999,2,-9999,-9999,-9999,-9999
1216,589.278129,589.278307998,589.278189934,10082421,-9999,531479.5,16.83,-1,0.200353279,0.99274285,0,0.59564571,19,0.076923077,1.076923077,S1 O3,de-protonated,0,-9999,C39 H42 O3 S1,39,42,3,-9999,-9999,1,-9999,-9999,-9999,-9999
1216,589.278129,589.278307998,589.278322876,10082421,-9999,531479.5,16.83,-1,-0.025247683,0.999884343,0,0.599930606,6,0.392857143,1.678571429,P1 O11,de-protonated,0,-9999,C28 H47 O11 P1,28,47,11,-9999,1,-9999,-9999,-9999,-9999,-9999
1217,589.314609,589.314788011,589.314575444,12015739,-9999,541112.8,20.42,-1,0.360703067,0.976668791,0,0.586001275,18,0.05,1.15,S1 O2,de-protonated,0,-9999,C40 H46 O2 S1,40,46,2,-9999,-9999,1,-9999,-9999,-9999,-9999
1217,589.314609,589.314788011,589.314708386,12015739,-9999,541112.8,20.42,-1,0.135115998,0.996692893,0,0.598015736,5,0.344827586,1.75862069,P1 O10,de-protonated,0,-9999,C29 H51 O10 P1,29,51,10,-9999,1,-9999,-9999,-9999,-9999,-9999
1218,589.351053,589.351232024,589.350960953,8018050,-9999,491545.1,12.99,-1,0.459948888,0.962341395,0,0.577404837,17,0.024390244,1.219512195,S1 O1,de-protonated,0,-9999,C41 H50 O1 S1,41,50,1,-9999,-9999,1,-9999,-9999,-9999,-9999
1218,589.351053,589.351232024,589.351093895,8018050,-9999,491545.1,12.99,-1,0.234375724,0.990082174,0,0.594049304,4,0.3,1.833333333,P1 O9,de-protonated,0,-9999,C30 H55 O9 P1,30,55,9,-9999,1,-9999,-9999,-9999,-9999,-9999
1219,591.257489,591.257668709,591.25745449,8477138,-9999,513542.9,13.84,-1,0.362312385,0.976462612,0,0.585877567,19,0.105263158,1.052631579,S1 O4,de-protonated,0,-9999,C38 H40 O4 S1,38,40,4,-9999,-9999,1,-9999,-9999,-9999,-9999
1219,591.257489,591.257668709,591.257587431,8477138,-9999,513542.9,13.84,-1,0.137466596,0.996577024,0,0.597946214,6,0.444444444,1.666666667,P1 O12,de-protonated,0,-9999,C27 H45 O12 P1,27,45,12,-9999,1,-9999,-9999,-9999,-9999,-9999
1220,591.293904,591.294083723,591.293839999,14309848,-9999,462800.3,24.69,-1,0.412186997,0.96964254,0,0.581785524,18,0.076923077,1.128205128,S1 O3,de-protonated,0,-9999,C39 H44 O3 S1,39,44,3,-9999,-9999,1,-9999,-9999,-9999,-9999
1220,591.293904,591.294083723,591.293972941,14309848,-9999,462800.3,24.69,-1,0.187355034,0.993651045,0,0.596190627,5,0.392857143,1.75,P1 O11,de-protonated,0,-9999,C28 H49 O11 P1,28,49,11,-9999,1,-9999,-9999,-9999,-9999,-9999
1221,591.330303,591.330482736,591.330225508,12343775,-9999,513462.2,21.03,-1,0.434997823,0.966248449,0,0.57974907,17,0.05,1.2,S1 O2,de-protonated,0,-9999,C40 H48 O2 S1,40,48,2,-9999,-9999,1,-9999,-9999,-9999,-9999
1221,591.330303,591.330482736,591.33035845,12343775,-9999,513462.2,21.03,-1,0.210179688,0.992016452,0,0.595209871,4,0.344827586,1.827586207,P1 O10,de-protonated,0,-9999,C29 H53 O10 P1,29,53,10,-9999,1,-9999,-9999,-9999,-9999,-9999
1222,591.335817,591.335996738,591.336098735,24566240,-9999,492762.6,43.78,-1,-0.172486389,0.996925517,0.993144948,0.99541329,8,0.212121212,1.575757576,S1 O7,de-protonated,0,-9999,C33 H52 O7 S1,33,52,7,-9999,-9999,1,-9999,-9999,-9999,-9999
1222,591.335817,591.335996738,591.335718613,24566240,-9999,492762.6,43.78,-1,0.470333658,0.951038918,0.98158092,0.963255719,13,0.114285714,1.4,N2 P1 O4,de-protonated,0,-9999,C35 H49 O4 N2 P1,35,49,4,2,1,-9999,-9999,-9999,-9999,-9999
1223,591.366631,591.366810749,591.366611018,8206821,-9999,457772.7,13.34,-1,0.337744911,0.97951459,0,0.587708754,16,0.024390244,1.268292683,S1 O1,de-protonated,0,-9999,C41 H52 O1 S1,41,52,1,-9999,-9999,1,-9999,-9999,-9999,-9999
1223,591.366631,591.366810749,591.366743959,8206821,-9999,457772.7,13.34,-1,0.112940631,0.997688192,0,0.598612915,3,0.3,1.9,P1 O9,de-protonated,0,-9999,C30 H57 O9 P1,30,57,9,-9999,1,-9999,-9999,-9999,-9999,-9999
1224,592.297185,592.297365083,592.297464121,7559820.5,-9999,560755,12.13,-1,-0.167210416,0.994939664,0,0.596963799,5,0.481481481,1.740740741,N1 O13,de-protonated,0,-9999,C27 H47 O13 N1,27,47,13,1,-9999,-9999,-9999,-9999,-9999,-9999
1224,592.297185,592.297365083,592.296951057,7559820.5,-9999,560755,12.13,-1,0.699017518,0.915156259,0,0.549093755,23,0.05,0.975,N3 O2,de-protonated,0,-9999,C40 H39 O2 N3,40,39,2,3,-9999,-9999,-9999,-9999,-9999,-9999
1224,592.297185,592.297365083,592.297953379,7559820.5,-9999,560755,12.13,-1,-0.993242763,0.836101896,0,0.501661138,9,0.166666667,1.6,N3 S1 P1 O5,de-protonated,0,-9999,C30 H48 O5 N3 P1 S1,30,48,5,3,1,1,-9999,-9999,-9999,-9999
1225,592.339235,592.339415098,592.33945357,8460948,-9999,548758.2,13.81,-1,-0.064949188,0.99923487,0.993144948,0.996798902,8,0.212121212,1.575757576,13C1 S1 O7,de-protonated,1,1222,C32 H52 O7 S1 13C1,32,52,7,-9999,-9999,1,1,-9999,-9999,-9999
1225,592.339235,592.339415098,592.339073448,8460948,-9999,548758.2,13.81,-1,0.576782064,0.941421884,0.98158092,0.957485498,13,0.114285714,1.4,13C1 N2 P1 O4,de-protonated,1,1222,C34 H49 O4 N2 P1 13C1,34,49,4,2,1,-9999,1,-9999,-9999,-9999
1225,592.339235,592.339415098,592.339209793,8460948,-9999,548758.2,13.81,-1,0.346600275,0.978438106,0,0.587062863,13,0.176470588,1.382352941,N3 O6,de-protonated,0,-9999,C34 H47 O6 N3,34,47,6,3,-9999,-9999,-9999,-9999,-9999,-9999
1226,593.273114,593.273294434,593.273104554,12409662,-9999,519884.6,21.16,-1,0.320054386,0.981585005,0,0.588951003,18,0.105263158,1.105263158,S1 O4,de-protonated,0,-9999,C38 H42 O4 S1,38,42,4,-9999,-9999,1,-9999,-9999,-9999,-9999
1226,593.273114,593.273294434,593.273237496,12409662,-9999,519884.6,21.16,-1,0.095972523,0.998330122,0,0.598998073,5,0.444444444,1.740740741,P1 O12,de-protonated,0,-9999,C27 H47 O12 P1,27,47,12,-9999,1,-9999,-9999,-9999,-9999,-9999
1226,593.273114,593.273294434,593.272724431,12409662,-9999,519884.6,21.16,-1,0.960775973,0.84578207,0,0.507469242,23,0.025,0.975,N2 P1 O1,de-protonated,0,-9999,C40 H39 O1 N2 P1,40,39,1,2,1,-9999,-9999,-9999,-9999,-9999
1227,593.309513,593.309693447,593.309490063,14408517,-9999,504575,24.88,-1,0.342794766,0.978903983,0,0.58734239,17,0.076923077,1.179487179,S1 O3,de-protonated,0,-9999,C39 H46 O3 S1,39,46,3,-9999,-9999,1,-9999,-9999,-9999,-9999
1227,593.309513,593.309693447,593.309623005,14408517,-9999,504575,24.88,-1,0.118726639,0.997445565,0,0.598467339,4,0.392857143,1.821428571,P1 O11,de-protonated,0,-9999,C28 H51 O11 P1,28,51,11,-9999,1,-9999,-9999,-9999,-9999,-9999
1228,593.345916,593.34609646,593.345875573,9427787,-9999,494247,15.61,-1,0.372273789,0.975166972,0,0.585100183,16,0.05,1.25,S1 O2,de-protonated,0,-9999,C40 H50 O2 S1,40,50,2,-9999,-9999,1,-9999,-9999,-9999,-9999
1228,593.345916,593.34609646,593.346008514,9427787,-9999,494247,15.61,-1,0.148219396,0.99602169,0,0.597613014,3,0.344827586,1.896551724,P1 O10,de-protonated,0,-9999,C29 H55 O10 P1,29,55,10,-9999,1,-9999,-9999,-9999,-9999,-9999
1229,593.351463,593.351643462,593.351748799,11393868,-9999,501230.5,19.27,-1,-0.177529872,0.994297629,0,0.596578577,7,0.212121212,1.636363636,S1 O7,de-protonated,0,-9999,C33 H54 O7 S1,33,54,7,-9999,-9999,1,-9999,-9999,-9999,-9999
1229,593.351463,593.351643462,593.351368677,11393868,-9999,501230.5,19.27,-1,0.463106474,0.961832591,0,0.577099555,12,0.114285714,1.457142857,N2 P1 O4,de-protonated,0,-9999,C35 H51 O4 N2 P1,35,51,4,2,1,-9999,-9999,-9999,-9999,-9999
1230,594.232019,594.232199778,594.231968017,8608751,-9999,530451.9,14.08,-1,0.390018308,0.972776489,0,0.583665893,19,0.138888889,1.027777778,N1 S1 O5,de-protonated,0,-9999,C36 H37 O5 N1 S1,36,37,5,1,-9999,1,-9999,-9999,-9999,-9999
1230,594.232019,594.232199778,594.232100959,8608751,-9999,530451.9,14.08,-1,0.166298012,0.9949946,0,0.59699676,6,0.52,1.68,N1 P1 O13,de-protonated,0,-9999,C25 H42 O13 N1 P1,25,42,13,1,1,-9999,-9999,-9999,-9999,-9999
1231,595.288733,595.288914158,595.288754618,8510644,-9999,546414.3,13.9,-1,0.268003413,0.987051856,0,0.592231113,17,0.105263158,1.157894737,S1 O4,de-protonated,0,-9999,C38 H44 O4 S1,38,44,4,-9999,-9999,1,-9999,-9999,-9999,-9999
1231,595.288733,595.288914158,595.28888756,8510644,-9999,546414.3,13.9,-1,0.044680303,0.999637834,0,0.599782701,4,0.444444444,1.814814815,P1 O12,de-protonated,0,-9999,C27 H49 O12 P1,27,49,12,-9999,1,-9999,-9999,-9999,-9999,-9999
1231,595.288733,595.288914158,595.288374496,8510644,-9999,546414.3,13.9,-1,0.90655548,0.861463749,0,0.516878249,22,0.025,1.025,N2 P1 O1,de-protonated,0,-9999,C40 H41 O1 N2 P1,40,41,1,2,1,-9999,-9999,-9999,-9999,-9999
1232,595.330705,595.330886173,595.331013355,9231548,-9999,514053,15.24,-1,-0.213631776,0.991753141,0,0.595051885,7,0.25,1.625,S1 O8,de-protonated,0,-9999,C32 H52 O8 S1,32,52,8,-9999,-9999,1,-9999,-9999,-9999,-9999
1232,595.330705,595.330886173,595.330633232,9231548,-9999,514053,15.24,-1,0.424874657,0.96777579,0,0.580665474,12,0.147058824,1.441176471,N2 P1 O5,de-protonated,0,-9999,C34 H49 O5 N2 P1,34,49,5,2,1,-9999,-9999,-9999,-9999,-9999
1233,595.403548,595.403729199,595.403784373,8576202,-9999,529639,14.02,-1,-0.092666775,0.99844309,0,0.599065854,5,0.176470588,1.764705882,S1 O6,de-protonated,0,-9999,C34 H60 O6 S1,34,60,6,-9999,-9999,1,-9999,-9999,-9999,-9999
1233,595.403548,595.403729199,595.403404251,8576202,-9999,529639,14.02,-1,0.545761695,0.947388953,0,0.568433372,10,0.083333333,1.583333333,N2 P1 O3,de-protonated,0,-9999,C36 H57 O3 N2 P1,36,57,3,2,1,-9999,-9999,-9999,-9999,-9999
1234,595.439898,595.440079212,595.440169883,91741392,-9999,475792.4,168.76,-1,-0.152274641,0.664431669,0.951936667,0.779433669,4,0.142857143,1.828571429,S1 O5,de-protonated,0,-9999,C35 H64 O5 S1,35,64,5,-9999,-9999,1,-9999,-9999,-9999,-9999
1234,595.439898,595.440079212,595.43978976,91741392,-9999,475792.4,168.76,-1,0.486114779,0.636733692,0.940060948,0.758064595,9,0.054054054,1.648648649,N2 P1 O2,de-protonated,0,-9999,C37 H61 O2 N2 P1,37,61,2,2,1,-9999,-9999,-9999,-9999,-9999
1235,595.44135000000006,595.441531213,595.441507293,8182993,-9999,804625.9,13.29,-1,0.04017114,0.999707235,0,0.599824341,9,0.027777778,1.666666667,N4 S1 O1,de-protonated,0,-9999,C36 H60 O1 N4 S1,36,60,1,4,-9999,1,-9999,-9999,-9999,-9999
1236,596.443273,596.443454573,596.443524718,32824720,-9999,489284.4,59.14,-1,-0.117605422,0.664995682,0.951936667,0.779772076,4,0.142857143,1.828571429,13C1 S1 O5,de-protonated,1,1234,C34 H64 O5 S1 13C1,34,64,5,-9999,-9999,1,1,-9999,-9999,-9999
1236,596.443273,596.443454573,596.443144595,32824720,-9999,489284.4,59.14,-1,0.519710103,0.634781685,0.940060948,0.75689339,9,0.054054054,1.648648649,13C1 N2 P1 O2,de-protonated,1,1234,C36 H61 O2 N2 P1 13C1,36,61,2,2,1,-9999,1,-9999,-9999,-9999
1236,596.443273,596.443454573,596.443280941,32824720,-9999,489284.4,59.14,-1,0.291112187,0.492370259,0.719752637,0.58332321,9,0.111111111,1.638888889,N3 O4,de-protonated,0,-9999,C36 H59 O4 N3,36,59,4,3,-9999,-9999,-9999,-9999,-9999,-9999
1237,597.382747,597.38292891,597.383048928,7724613.5,-9999,526556.2,12.44,-1,-0.20090648,0.992702866,0,0.59562172,5,0.212121212,1.757575758,S1 O7,de-protonated,0,-9999,C33 H58 O7 S1,33,58,7,-9999,-9999,1,-9999,-9999,-9999,-9999
1237,597.382747,597.38292891,597.382668806,7724613.5,-9999,526556.2,12.44,-1,0.435406663,0.966186061,0,0.579711637,10,0.114285714,1.571428571,N2 P1 O4,de-protonated,0,-9999,C35 H55 O4 N2 P1,35,55,4,2,1,-9999,-9999,-9999,-9999,-9999
1238,599.325661,599.325843608,599.325927974,7888837.5,-9999,510133.3,12.74,-1,-0.140767796,0.996410947,0,0.597846568,6,0.290322581,1.677419355,S1 O9,de-protonated,0,-9999,C31 H52 O9 S1,31,52,9,-9999,-9999,1,-9999,-9999,-9999,-9999
1238,599.325661,599.325843608,599.326417232,7888837.5,-9999,510133.3,12.74,-1,-0.957113058,0.846860866,0,0.50811652,10,0.029411765,1.558823529,N2 S2 P1 O1,de-protonated,0,-9999,C34 H53 O1 N2 P1 S2,34,53,1,2,1,2,-9999,-9999,-9999,-9999
1238,599.325661,599.325843608,599.325547852,7888837.5,-9999,510133.3,12.74,-1,0.4934826,0.956774732,0,0.574064839,11,0.181818182,1.484848485,N2 P1 O6,de-protonated,0,-9999,C33 H49 O6 N2 P1,33,49,6,2,1,-9999,-9999,-9999,-9999,-9999
1241,601.314586,601.314769323,601.314575444,7889243.5,-9999,457526.7,12.74,-1,0.322425591,0.981313705,0,0.588788223,19,0.048780488,1.12195122,S1 O2,de-protonated,0,-9999,C41 H46 O2 S1,41,46,2,-9999,-9999,1,-9999,-9999,-9999,-9999
1241,601.314586,601.314769323,601.314708386,7889243.5,-9999,457526.7,12.74,-1,0.101340407,0.998138279,0,0.598882968,6,0.333333333,1.7,P1 O10,de-protonated,0,-9999,C30 H51 O10 P1,30,51,10,-9999,1,-9999,-9999,-9999,-9999,-9999
1242,601.322696,601.322879326,601.322950594,12198237,-9999,511723.8,20.76,-1,-0.11851884,0.997454487,0,0.598472692,6,0.4,1.666666667,O12,de-protonated,0,-9999,C30 H50 O12,30,50,12,-9999,-9999,-9999,-9999,-9999,-9999,-9999
1242,601.322696,601.322879326,601.32243753,12198237,-9999,511723.8,20.76,-1,0.734707577,0.906698649,0,0.544019189,24,0.023255814,0.976744186,N2 O1,de-protonated,0,-9999,C43 H42 O1 N2,43,42,1,2,-9999,-9999,-9999,-9999,-9999,-9999
1242,601.322696,601.322879326,601.323439851,12198237,-9999,511723.8,20.76,-1,-0.932153001,0.85413806,0,0.512482836,10,0.121212121,1.545454545,N2 S1 P1 O4,de-protonated,0,-9999,C33 H51 O4 N2 P1 S1,33,51,4,2,1,1,-9999,-9999,-9999,-9999
1242,601.322696,601.322879326,601.322788403,12198237,-9999,511723.8,20.76,-1,0.151205364,0.99586012,0,0.597516072,1,0.24,2.2,N4 S2 P1 O6,de-protonated,0,-9999,C25 H55 O6 N4 P1 S2,25,55,6,4,1,2,-9999,-9999,-9999,-9999
1243,602.317863,602.318046683,602.318199566,7922222,-9999,464903.8,12.8,-1,-0.253823863,0.98837795,0,0.59302677,6,0.413793103,1.689655172,N1 O12,de-protonated,0,-9999,C29 H49 O12 N1,29,49,12,1,-9999,-9999,-9999,-9999,-9999,-9999
1243,602.317863,602.318046683,602.317686502,7922222,-9999,464903.8,12.8,-1,0.597992598,0.937175073,0,0.562305044,24,0.023809524,0.976190476,N3 O1,de-protonated,0,-9999,C42 H41 O1 N3,42,41,1,3,-9999,-9999,-9999,-9999,-9999,-9999
1245,603.293894,603.294078034,603.293839999,10478334,-9999,451002.8,17.56,-1,0.394559423,0.972147816,0,0.583288689,19,0.075,1.1,S1 O3,de-protonated,0,-9999,C40 H44 O3 S1,40,44,3,-9999,-9999,1,-9999,-9999,-9999,-9999
1245,603.293894,603.294078034,603.293972941,10478334,-9999,451002.8,17.56,-1,0.174199551,0.994508983,0,0.59670539,6,0.379310345,1.689655172,P1 O11,de-protonated,0,-9999,C29 H49 O11 P1,29,49,11,-9999,1,-9999,-9999,-9999,-9999,-9999
1246,603.33029,603.330474047,603.330225508,10150662,-9999,512601.2,16.95,-1,0.41194521,0.969677599,0,0.58180656,18,0.048780488,1.170731707,S1 O2,de-protonated,0,-9999,C41 H48 O2 S1,41,48,2,-9999,-9999,1,-9999,-9999,-9999,-9999
1246,603.33029,603.330474047,603.33035845,10150662,-9999,512601.2,16.95,-1,0.191598624,0.993361148,0,0.596016689,5,0.333333333,1.766666667,P1 O10,de-protonated,0,-9999,C30 H53 O10 P1,30,53,10,-9999,1,-9999,-9999,-9999,-9999,-9999
1247,605.309585,605.309769758,605.309490063,13444279,-9999,442473.4,23.08,-1,0.462069501,0.96200004,0,0.577200024,18,0.075,1.15,S1 O3,de-protonated,0,-9999,C40 H46 O3 S1,40,46,3,-9999,-9999,1,-9999,-9999,-9999,-9999
1247,605.309585,605.309769758,605.309623005,13444279,-9999,442473.4,23.08,-1,0.242443401,0.989391336,0,0.593634802,5,0.379310345,1.75862069,P1 O11,de-protonated,0,-9999,C29 H51 O11 P1,29,51,11,-9999,1,-9999,-9999,-9999,-9999,-9999
1248,605.345963,605.346147771,605.345875573,10167487,-9999,471869.4,16.98,-1,0.449658263,0.963977261,0,0.578386356,17,0.048780488,1.219512195,S1 O2,de-protonated,0,-9999,C41 H50 O2 S1,41,50,2,-9999,-9999,1,-9999,-9999,-9999,-9999
1248,605.345963,605.346147771,605.346008514,10167487,-9999,471869.4,16.98,-1,0.230045367,0.990443534,0,0.59426612,4,0.333333333,1.833333333,P1 O10,de-protonated,0,-9999,C30 H55 O10 P1,30,55,10,-9999,1,-9999,-9999,-9999,-9999,-9999
1249,605.351468,605.351652773,605.351748799,54912192,-9999,466163.6,100.23,-1,-0.158628463,0.996907116,0.992877216,0.995295156,8,0.205882353,1.588235294,S1 O7,de-protonated,0,-9999,C34 H54 O7 S1,34,54,7,-9999,-9999,1,-9999,-9999,-9999,-9999
1249,605.351468,605.351652773,605.351368677,54912192,-9999,466163.6,100.23,-1,0.469308434,0.955376714,0.995739511,0.971521833,13,0.111111111,1.416666667,N2 P1 O4,de-protonated,0,-9999,C36 H51 O4 N2 P1,36,51,4,2,1,-9999,-9999,-9999,-9999,-9999
1250,606.354861,606.355046134,606.355103635,20932002,-9999,478184.2,37.01,-1,-0.094829852,0.998369617,0.992877216,0.996172656,8,0.205882353,1.588235294,13C1 S1 O7,de-protonated,1,1249,C33 H54 O7 S1 13C1,33,54,7,-9999,-9999,1,1,-9999,-9999,-9999
1250,606.354861,606.355046134,606.354723512,20932002,-9999,478184.2,37.01,-1,0.532068017,0.94992954,0.995739511,0.968253529,13,0.111111111,1.416666667,13C1 N2 P1 O4,de-protonated,1,1249,C35 H51 O4 N2 P1 13C1,35,51,4,2,1,-9999,1,-9999,-9999,-9999
1250,606.354861,606.355046134,606.354859858,20932002,-9999,478184.2,37.01,-1,0.307206798,0.491510692,0.725399619,0.585066263,13,0.171428571,1.4,N3 O6,de-protonated,0,-9999,C35 H49 O6 N3,35,49,6,3,-9999,-9999,-9999,-9999,-9999,-9999
1251,607.288777,607.28896247,607.288754618,12101240,-9999,490607.5,20.58,-1,0.3422607,0.97896897,0,0.587381382,18,0.102564103,1.128205128,S1 O4,de-protonated,0,-9999,C39 H44 O4 S1,39,44,4,-9999,-9999,1,-9999,-9999,-9999,-9999
1251,607.288777,607.28896247,607.28888756,12101240,-9999,490607.5,20.58,-1,0.123350428,0.997243006,0,0.598345804,5,0.428571429,1.75,P1 O12,de-protonated,0,-9999,C28 H49 O12 P1,28,49,12,-9999,1,-9999,-9999,-9999,-9999,-9999
1251,607.288777,607.28896247,607.288374496,12101240,-9999,490607.5,20.58,-1,0.968195044,0.84358864,0,0.506153184,23,0.024390244,1,N2 P1 O1,de-protonated,0,-9999,C41 H41 O1 N2 P1,41,41,1,2,1,-9999,-9999,-9999,-9999,-9999
1252,607.325218,607.325403483,607.325140128,13756032,-9999,443286.9,23.66,-1,0.433630687,0.966456675,0,0.579874005,17,0.075,1.2,S1 O3,de-protonated,0,-9999,C40 H48 O3 S1,40,48,3,-9999,-9999,1,-9999,-9999,-9999,-9999
1252,607.325218,607.325403483,607.32527307,13756032,-9999,443286.9,23.66,-1,0.21473351,0.991668217,0,0.59500093,4,0.379310345,1.827586207,P1 O11,de-protonated,0,-9999,C29 H53 O11 P1,29,53,11,-9999,1,-9999,-9999,-9999,-9999,-9999
1253,607.330736,607.330921485,607.331013355,48162432,-9999,466020.5,87.67,-1,-0.151268365,0.994091458,0.986532611,0.991067919,8,0.242424242,1.575757576,S1 O8,de-protonated,0,-9999,C33 H52 O8 S1,33,52,8,-9999,-9999,1,-9999,-9999,-9999,-9999
1253,607.330736,607.330921485,607.330633232,48162432,-9999,466020.5,87.67,-1,0.474622116,0.964312074,0.974968583,0.968574677,13,0.142857143,1.4,N2 P1 O5,de-protonated,0,-9999,C35 H49 O5 N2 P1,35,49,5,2,1,-9999,-9999,-9999,-9999,-9999
1254,607.361622,607.361807496,607.361525637,9627272,-9999,519924,15.97,-1,0.464070469,0.961676616,0,0.577005969,16,0.048780488,1.268292683,S1 O2,de-protonated,0,-9999,C41 H52 O2 S1,41,52,2,-9999,-9999,1,-9999,-9999,-9999,-9999
1254,607.361622,607.361807496,607.361658579,9627272,-9999,519924,15.97,-1,0.245186399,0.98915124,0,0.593490744,3,0.333333333,1.9,P1 O10,de-protonated,0,-9999,C30 H57 O10 P1,30,57,10,-9999,1,-9999,-9999,-9999,-9999,-9999
1255,608.334057,608.334242845,608.33436819,16017259,-9999,496072.9,27.86,-1,-0.206045474,0.992326239,0.986532611,0.990008788,8,0.242424242,1.575757576,13C1 S1 O8,de-protonated,1,1253,C32 H52 O8 S1 13C1,32,52,8,-9999,-9999,1,1,-9999,-9999,-9999
1255,608.334057,608.334242845,608.333988067,16017259,-9999,496072.9,27.86,-1,0.418812662,0.968674309,0.974968583,0.971192019,13,0.142857143,1.4,13C1 N2 P1 O5,de-protonated,1,1253,C34 H49 O5 N2 P1 13C1,34,49,5,2,1,-9999,1,-9999,-9999,-9999
1255,608.334057,608.334242845,608.334124413,16017259,-9999,496072.9,27.86,-1,0.194683073,0.993146416,0,0.59588785,13,0.205882353,1.382352941,N3 O7,de-protonated,0,-9999,C34 H47 O7 N3,34,47,7,3,-9999,-9999,-9999,-9999,-9999,-9999
1256,609.346373,609.346559209,609.346663419,7710810,-9999,489638.5,12.41,-1,-0.17101957,0.994707101,0,0.596824261,7,0.242424242,1.636363636,S1 O8,de-protonated,0,-9999,C33 H54 O8 S1,33,54,8,-9999,-9999,1,-9999,-9999,-9999,-9999
1256,609.346373,609.346559209,609.346283297,7710810,-9999,489638.5,12.41,-1,0.452800523,0.963481379,0,0.578088827,12,0.142857143,1.457142857,N2 P1 O5,de-protonated,0,-9999,C35 H51 O5 N2 P1,35,51,5,2,1,-9999,-9999,-9999,-9999,-9999
1257,609.419148,609.419334235,609.419434438,9742443,-9999,511079.4,16.19,-1,-0.164423302,0.995106543,0,0.597063926,5,0.171428571,1.771428571,S1 O6,de-protonated,0,-9999,C35 H62 O6 S1,35,62,6,-9999,-9999,1,-9999,-9999,-9999,-9999
1257,609.419148,609.419334235,609.419054315,9742443,-9999,511079.4,16.19,-1,0.459322304,0.96244198,0,0.577465188,10,0.081081081,1.594594595,N2 P1 O3,de-protonated,0,-9999,C37 H59 O3 N2 P1,37,59,3,2,1,-9999,-9999,-9999,-9999,-9999
1258,609.455537,609.455723248,609.455819947,82307184,-9999,468752.8,151.25,-1,-0.158664547,0.994932763,0.985226066,0.991050084,4,0.138888889,1.833333333,S1 O5,de-protonated,0,-9999,C36 H66 O5 S1,36,66,5,-9999,-9999,1,-9999,-9999,-9999,-9999
1258,609.455537,609.455723248,609.455439825,82307184,-9999,468752.8,151.25,-1,0.465043825,0.64196472,0.935160563,0.759243057,9,0.052631579,1.657894737,N2 P1 O2,de-protonated,0,-9999,C38 H63 O2 N2 P1,38,63,2,2,1,-9999,-9999,-9999,-9999,-9999
1259,610.458881,610.459067609,610.459174782,29747556,-9999,461957.2,53.43,-1,-0.175562267,0.994422978,0.985226066,0.990744213,4,0.138888889,1.833333333,13C1 S1 O5,de-protonated,1,1258,C35 H66 O5 S1 13C1,35,66,5,-9999,-9999,1,1,-9999,-9999,-9999
1259,610.458881,610.459067609,610.45879466,29747556,-9999,461957.2,53.43,-1,0.447120962,0.642916892,0.935160563,0.75981436,9,0.052631579,1.657894737,13C1 N2 P1 O2,de-protonated,1,1258,C37 H63 O2 N2 P1 13C1,37,63,2,2,1,-9999,1,-9999,-9999,-9999
1259,610.458881,610.459067609,610.458931005,29747556,-9999,461957.2,53.43,-1,0.223771488,0.495477674,0.714192896,0.582963763,9,0.108108108,1.648648649,N3 O4,de-protonated,0,-9999,C37 H61 O4 N3,37,61,4,3,-9999,-9999,-9999,-9999,-9999,-9999
1260,613.395492,613.395679664,613.395721613,7744569.5,-9999,453118.4,12.47,-1,-0.068388156,0.999151735,0,0.599491041,5,0.303030303,1.757575758,O10,de-protonated,0,-9999,C33 H58 O10,33,58,10,-9999,-9999,-9999,-9999,-9999,-9999,-9999
1260,613.395492,613.395679664,613.39621087,7744569.5,-9999,453118.4,12.47,-1,-0.866008532,0.87277175,0,0.52366305,9,0.055555556,1.638888889,N2 S1 P1 O2,de-protonated,0,-9999,C36 H59 O2 N2 P1 S1,36,59,2,2,1,1,-9999,-9999,-9999,-9999
1260,613.395492,613.395679664,613.395559421,7744569.5,-9999,453118.4,12.47,-1,0.196027385,0.993051771,0,0.595831062,0,0.142857143,2.25,N4 S2 P1 O4,de-protonated,0,-9999,C28 H63 O4 N4 P1 S2,28,63,4,4,1,2,-9999,-9999,-9999,-9999
1262,619.288879,619.289068781,619.288754618,9024052,-9999,436265.4,14.85,-1,0.50729607,0.954377777,0,0.572626666,19,0.1,1.1,S1 O4,de-protonated,0,-9999,C40 H44 O4 S1,40,44,4,-9999,-9999,1,-9999,-9999,-9999,-9999
1262,619.288879,619.289068781,619.28888756,9024052,-9999,436265.4,14.85,-1,0.292627601,0.984582469,0,0.590749482,6,0.413793103,1.689655172,P1 O12,de-protonated,0,-9999,C29 H49 O12 P1,29,49,12,-9999,1,-9999,-9999,-9999,-9999,-9999
1263,619.32522,619.325409794,619.325140128,9351742,-9999,485172.5,15.46,-1,0.435419849,0.966184048,0,0.579710429,18,0.073170732,1.170731707,S1 O3,de-protonated,0,-9999,C41 H48 O3 S1,41,48,3,-9999,-9999,1,-9999,-9999,-9999,-9999
1263,619.32522,619.325409794,619.32527307,9351742,-9999,485172.5,15.46,-1,0.220764007,0.991195768,0,0.594717461,5,0.366666667,1.766666667,P1 O11,de-protonated,0,-9999,C30 H53 O11 P1,30,53,11,-9999,1,-9999,-9999,-9999,-9999,-9999
1264,619.336422,619.336611798,619.336886581,18838080,-9999,479769.2,33.12,-1,-0.443673003,0.96491294,0,0.578947764,0,0.481481481,2.074074074,S1 O13,de-protonated,0,-9999,C27 H56 O13 S1,27,56,13,-9999,-9999,1,-9999,-9999,-9999,-9999
1264,619.336422,619.336611798,619.336373517,18838080,-9999,479769.2,33.12,-1,0.384736315,0.486749538,0.698017357,0.571256666,18,0.05,1.2,N2 S1 O2,de-protonated,0,-9999,C40 H48 O2 N2 S1,40,48,2,2,-9999,1,-9999,-9999,-9999,-9999
1264,619.336422,619.336611798,619.336506459,18838080,-9999,479769.2,33.12,-1,0.170084377,0.994764679,0,0.596858807,5,0.344827586,1.827586207,N2 P1 O10,de-protonated,0,-9999,C29 H53 O10 N2 P1,29,53,10,2,1,-9999,-9999,-9999,-9999,-9999
1265,619.367108,619.367297809,619.367398864,57274952,-9999,448807,104.65,-1,-0.163157781,0.996026231,0.988086048,0.992850158,8,0.2,1.6,S1 O7,de-protonated,0,-9999,C35 H56 O7 S1,35,56,7,-9999,-9999,1,-9999,-9999,-9999,-9999
1265,619.367108,619.367297809,619.367018741,57274952,-9999,448807,104.65,-1,0.450569535,0.961334957,0.99929277,0.976518082,13,0.108108108,1.432432432,N2 P1 O4,de-protonated,0,-9999,C37 H53 O4 N2 P1,37,53,4,2,1,-9999,-9999,-9999,-9999,-9999
1266,620.370482,620.37067217,620.370753699,22999894,-9999,459493.1,40.86,-1,-0.131420065,0.996871063,0.988086048,0.993357057,8,0.2,1.6,13C1 S1 O7,de-protonated,1,1265,C34 H56 O7 S1 13C1,34,56,7,-9999,-9999,1,1,-9999,-9999,-9999
1266,620.370482,620.37067217,620.370373576,22999894,-9999,459493.1,40.86,-1,0.48131466,0.958836132,0.99929277,0.975018787,13,0.108108108,1.432432432,13C1 N2 P1 O4,de-protonated,1,1265,C36 H53 O4 N2 P1 13C1,36,53,4,2,1,-9999,1,-9999,-9999,-9999
1266,620.370482,620.37067217,620.370509922,22999894,-9999,459493.1,40.86,-1,0.261533604,0.49383282,0.719752637,0.584200747,13,0.166666667,1.416666667,N3 O6,de-protonated,0,-9999,C36 H51 O6 N3,36,51,6,3,-9999,-9999,-9999,-9999,-9999,-9999
1267,621.304439,621.304629505,621.304404683,8713299,-9999,454767,14.27,-1,0.361855618,0.97652122,0,0.585912732,18,0.1,1.15,S1 O4,de-protonated,0,-9999,C40 H46 O4 S1,40,46,4,-9999,-9999,1,-9999,-9999,-9999,-9999
1267,621.304439,621.304629505,621.304537625,8713299,-9999,454767,14.27,-1,0.147883612,0.996039659,0,0.597623796,5,0.413793103,1.75862069,P1 O12,de-protonated,0,-9999,C29 H51 O12 P1,29,51,12,-9999,1,-9999,-9999,-9999,-9999,-9999
1267,621.304439,621.304629505,621.30402456,8713299,-9999,454767,14.27,-1,0.973669871,0.841962885,0,0.505177731,23,0.023809524,1.023809524,N2 P1 O1,de-protonated,0,-9999,C42 H43 O1 N2 P1,42,43,1,2,1,-9999,-9999,-9999,-9999,-9999
1268,621.340862,621.341052519,621.340790192,12612701,-9999,458007.7,21.53,-1,0.422193795,0.968174642,0,0.580904785,17,0.073170732,1.219512195,S1 O3,de-protonated,0,-9999,C41 H50 O3 S1,41,50,3,-9999,-9999,1,-9999,-9999,-9999,-9999
1268,621.340862,621.341052519,621.340923134,12612701,-9999,458007.7,21.53,-1,0.208234306,0.992162979,0,0.595297787,4,0.366666667,1.833333333,P1 O11,de-protonated,0,-9999,C30 H55 O11 P1,30,55,11,-9999,1,-9999,-9999,-9999,-9999,-9999
1269,621.346366,621.34655652,621.346663419,115602528,-9999,446907.5,213.21,-1,-0.172043358,0.663636251,0.954215449,0.77986793,8,0.235294118,1.588235294,S1 O8,de-protonated,0,-9999,C34 H54 O8 S1,34,54,8,-9999,-9999,1,-9999,-9999,-9999,-9999
1269,621.346366,621.34655652,621.346283297,115602528,-9999,446907.5,213.21,-1,0.439728958,0.642231526,0.949628037,0.76519013,13,0.138888889,1.416666667,N2 P1 O5,de-protonated,0,-9999,C36 H51 O5 N2 P1,36,51,5,2,1,-9999,-9999,-9999,-9999,-9999
1270,622.349738,622.349928881,622.350018254,42595696,-9999,459670.6,77.33,-1,-0.143605879,0.664176693,0.954215449,0.780192196,8,0.235294118,1.588235294,13C1 S1 O8,de-protonated,1,1269,C33 H54 O8 S1 13C1,33,54,8,-9999,-9999,1,1,-9999,-9999,-9999
1270,622.349738,622.349928881,622.349638132,42595696,-9999,459670.6,77.33,-1,0.467180152,0.640780953,0.949628037,0.764319786,13,0.138888889,1.416666667,13C1 N2 P1 O5,de-protonated,1,1269,C35 H51 O5 N2 P1 13C1,35,51,5,2,1,-9999,1,-9999,-9999,-9999
1270,622.349738,622.349928881,622.349774477,42595696,-9999,459670.6,77.33,-1,0.248098071,0.494446745,0.725399619,0.586827894,13,0.2,1.4,N3 O7,de-protonated,0,-9999,C35 H49 O7 N3,35,49,7,3,-9999,-9999,-9999,-9999,-9999,-9999
1271,623.283576,623.283767217,623.283669238,7566959.5,-9999,463807.9,12.14,-1,0.157197268,0.995526262,0,0.597315757,18,0.128205128,1.128205128,S1 O5,de-protonated,0,-9999,C39 H44 O5 S1,39,44,5,-9999,-9999,1,-9999,-9999,-9999,-9999
1271,623.283576,623.283767217,623.28380218,7566959.5,-9999,463807.9,12.14,-1,-0.056095217,0.999429203,0,0.599657522,5,0.464285714,1.75,P1 O13,de-protonated,0,-9999,C28 H49 O13 P1,28,49,13,-9999,1,-9999,-9999,-9999,-9999,-9999
1271,623.283576,623.283767217,623.283289116,7566959.5,-9999,463807.9,12.14,-1,0.767068552,0.898738336,0,0.539243002,23,0.048780488,1,N2 P1 O2,de-protonated,0,-9999,C41 H41 O2 N2 P1,41,41,2,2,1,-9999,-9999,-9999,-9999,-9999
1272,623.344363,623.344554238,623.344826745,8648320,-9999,548096.4,14.15,-1,-0.437168237,0.965916624,0,0.579549974,21,0.022727273,1.113636364,P1 O1,de-protonated,0,-9999,C44 H49 O1 P1,44,49,1,-9999,1,-9999,-9999,-9999,-9999,-9999
1272,623.344363,623.344554238,623.344555419,8648320,-9999,548096.4,14.15,-1,-0.001893654,0.999999349,0,0.59999961,7,0.176470588,1.647058824,S2 O6,de-protonated,0,-9999,C34 H56 O6 S2,34,56,6,-9999,-9999,2,-9999,-9999,-9999,-9999
1272,623.344363,623.344554238,623.344175296,8648320,-9999,548096.4,14.15,-1,0.607917963,0.935141946,0,0.561085167,12,0.083333333,1.472222222,N2 S1 P1 O3,de-protonated,0,-9999,C36 H53 O3 N2 P1 S1,36,53,3,2,1,1,-9999,-9999,-9999,-9999
1272,623.344363,623.344554238,623.345023449,8648320,-9999,548096.4,14.15,-1,-0.752730882,0.902298835,0,0.541379301,13,0.205882353,1.411764706,N4 O7,de-protonated,0,-9999,C34 H48 O7 N4,34,48,7,4,-9999,-9999,-9999,-9999,-9999,-9999
1273,623.362106,623.362297245,623.362313484,12564101,-9999,429979.7,21.44,-1,-0.026050282,0.999876873,0,0.599926124,7,0.235294118,1.647058824,S1 O8,de-protonated,0,-9999,C34 H56 O8 S1,34,56,8,-9999,-9999,1,-9999,-9999,-9999,-9999
1273,623.362106,623.362297245,623.361933361,12564101,-9999,429979.7,21.44,-1,0.583743948,0.940042766,0,0.564025659,12,0.138888889,1.472222222,N2 P1 O5,de-protonated,0,-9999,C36 H53 O5 N2 P1,36,53,5,2,1,-9999,-9999,-9999,-9999,-9999
1274,623.471185,623.471376284,623.471470012,48101028,-9999,455674.1,87.58,-1,-0.150331853,0.99266329,0.98821078,0.990882286,4,0.135135135,1.837837838,S1 O5,de-protonated,0,-9999,C37 H68 O5 S1,37,68,5,-9999,-9999,1,-9999,-9999,-9999,-9999
1274,623.471185,623.471376284,623.471089889,48101028,-9999,455674.1,87.58,-1,0.459355539,0.969174091,0.999076504,0.981135056,9,0.051282051,1.666666667,N2 P1 O2,de-protonated,0,-9999,C39 H65 O2 N2 P1,39,65,2,2,1,-9999,-9999,-9999,-9999,-9999
1275,624.474482,624.474673644,624.474824847,20379576,-9999,472077.2,35.98,-1,-0.24212698,0.989418863,0.98821078,0.98893563,4,0.135135135,1.837837838,13C1 S1 O5,de-protonated,1,1274,C36 H68 O5 S1 13C1,36,68,5,-9999,-9999,1,1,-9999,-9999,-9999
1275,624.474482,624.474673644,624.474444724,20379576,-9999,472077.2,35.98,-1,0.36658076,0.975911534,0.999076504,0.985177522,9,0.051282051,1.666666667,13C1 N2 P1 O2,de-protonated,1,1274,C38 H65 O2 N2 P1 13C1,38,65,2,2,1,-9999,1,-9999,-9999,-9999
1275,624.474482,624.474673644,624.47458107,20379576,-9999,472077.2,35.98,-1,0.148244138,0.498010182,0.70871839,0.582293465,9,0.105263158,1.657894737,N3 O4,de-protonated,0,-9999,C38 H63 O4 N3,38,63,4,3,-9999,-9999,-9999,-9999,-9999,-9999
1276,625.377762,625.377953969,625.377963548,8501428,-9999,509803.7,13.87,-1,-0.015317124,0.99995743,0,0.599974458,6,0.235294118,1.705882353,S1 O8,de-protonated,0,-9999,C34 H58 O8 S1,34,58,8,-9999,-9999,1,-9999,-9999,-9999,-9999
1276,625.377762,625.377953969,625.377583425,8501428,-9999,509803.7,13.87,-1,0.592511689,0.938285309,0,0.562971186,11,0.138888889,1.527777778,N2 P1 O5,de-protonated,0,-9999,C36 H55 O5 N2 P1,36,55,5,2,1,-9999,-9999,-9999,-9999,-9999
1277,627.374681,627.374873686,627.374986168,7535331.5,-9999,497160.6,12.08,-1,-0.179288854,0.9941844,0,0.59651064,6,0.333333333,1.696969697,O11,de-protonated,0,-9999,C33 H56 O11,33,56,11,-9999,-9999,-9999,-9999,-9999,-9999,-9999
1277,627.374681,627.374873686,627.375475425,7535331.5,-9999,497160.6,12.08,-1,-0.959136459,0.846265276,0,0.507759166,10,0.083333333,1.583333333,N2 S1 P1 O3,de-protonated,0,-9999,C36 H57 O3 N2 P1 S1,36,57,3,2,1,1,-9999,-9999,-9999,-9999
1277,627.374681,627.374873686,627.374823976,7535331.5,-9999,497160.6,12.08,-1,0.07923491,0.998861483,0,0.59931689,1,0.178571429,2.178571429,N4 S2 P1 O5,de-protonated,0,-9999,C28 H61 O5 N4 P1 S2,28,61,5,4,1,2,-9999,-9999,-9999,-9999
1278,627.393357,627.393549693,627.393613612,10517225,-9999,467433.4,17.63,-1,-0.101880606,0.998118397,0,0.598871038,5,0.235294118,1.764705882,S1 O8,de-protonated,0,-9999,C34 H60 O8 S1,34,60,8,-9999,-9999,1,-9999,-9999,-9999,-9999
1278,627.393357,627.393549693,627.39323348999994,10517225,-9999,467433.4,17.63,-1,0.503995359,0.954955992,0,0.572973595,10,0.138888889,1.583333333,N2 P1 O5,de-protonated,0,-9999,C36 H57 O5 N2 P1,36,57,5,2,1,-9999,-9999,-9999,-9999,-9999
1279,629.353895,629.354088398,629.354250723,8076563,-9999,446942.1,13.08,-1,-0.2579236,0.988001762,0,0.592801057,6,0.375,1.6875,O12,de-protonated,0,-9999,C32 H54 O12,32,54,12,-9999,-9999,-9999,-9999,-9999,-9999,-9999
1279,629.353895,629.354088398,629.353737659,8076563,-9999,446942.1,13.08,-1,0.557300156,0.945203565,0,0.567122139,24,0.022222222,1.022222222,N2 O1,de-protonated,0,-9999,C45 H46 O1 N2,45,46,1,2,-9999,-9999,-9999,-9999,-9999,-9999
1279,629.353895,629.354088398,629.354088532,8076563,-9999,446942.1,13.08,-1,-2.12891e-4,0.999999992,0,0.599999995,1,0.222222222,2.185185185,N4 S2 P1 O6,de-protonated,0,-9999,C27 H59 O6 N4 P1 S2,27,59,6,4,1,2,-9999,-9999,-9999,-9999
1280,631.32511,631.325304106,631.325140128,8339268,-9999,524692,13.57,-1,0.259736307,0.987833554,0,0.592700132,19,0.071428571,1.142857143,S1 O3,de-protonated,0,-9999,C42 H48 O3 S1,42,48,3,-9999,-9999,1,-9999,-9999,-9999,-9999
1280,631.32511,631.325304106,631.32527307,8339268,-9999,524692,13.57,-1,0.049160602,0.999561577,0,0.599736946,6,0.35483871,1.709677419,P1 O11,de-protonated,0,-9999,C31 H53 O11 P1,31,53,11,-9999,1,-9999,-9999,-9999,-9999,-9999
1282,633.304352,633.304546817,633.304404683,10355067,-9999,491600.8,17.32,-1,0.224432513,0.990902077,0,0.594541246,19,0.097560976,1.12195122,S1 O4,de-protonated,0,-9999,C41 H46 O4 S1,41,46,4,-9999,-9999,1,-9999,-9999,-9999,-9999
1282,633.304352,633.304546817,633.304537625,10355067,-9999,491600.8,17.32,-1,0.014514926,0.999961773,0,0.599977064,6,0.4,1.7,P1 O12,de-protonated,0,-9999,C30 H51 O12 P1,30,51,12,-9999,1,-9999,-9999,-9999,-9999,-9999
1282,633.304352,633.304546817,633.30402456,10355067,-9999,491600.8,17.32,-1,0.824653876,0.883914529,0,0.530348717,24,0.023255814,1,N2 P1 O1,de-protonated,0,-9999,C43 H43 O1 N2 P1,43,43,1,2,1,-9999,-9999,-9999,-9999,-9999
1283,633.340726,633.34092083,633.340790192,9322885,-9999,461803.6,15.4,-1,0.20626781,0.99230973200000006,0,0.595385839,18,0.071428571,1.19047619,S1 O3,de-protonated,0,-9999,C42 H50 O3 S1,42,50,3,-9999,-9999,1,-9999,-9999,-9999,-9999
1283,633.340726,633.34092083,633.340923134,9322885,-9999,461803.6,15.4,-1,-0.003637712,0.999997599,0,0.599998559,5,0.35483871,1.774193548,P1 O11,de-protonated,0,-9999,C31 H55 O11 P1,31,55,11,-9999,1,-9999,-9999,-9999,-9999,-9999
1284,633.35203,633.352224834,633.352536646,17629576,-9999,454371.9,30.86,-1,-0.492319273,0.956973845,0,0.574184307,0,0.464285714,2.071428571,S1 O13,de-protonated,0,-9999,C28 H58 O13 S1,28,58,13,-9999,-9999,1,-9999,-9999,-9999,-9999
1284,633.35203,633.352224834,633.352023582,17629576,-9999,454371.9,30.86,-1,0.317757869,0.490922961,0.692787115,0.571668622,18,0.048780488,1.219512195,N2 S1 O2,de-protonated,0,-9999,C41 H50 O2 N2 S1,41,50,2,2,-9999,1,-9999,-9999,-9999,-9999
1284,633.35203,633.352224834,633.352156523,17629576,-9999,454371.9,30.86,-1,0.107856046,0.997891447,0,0.598734868,5,0.333333333,1.833333333,N2 P1 O10,de-protonated,0,-9999,C30 H55 O10 N2 P1,30,55,10,2,1,-9999,-9999,-9999,-9999,-9999
1285,633.382723,633.382917845,633.383048928,44237200,-9999,450806,80.38,-1,-0.206957247,0.99459508,0.988531018,0.992169455,8,0.194444444,1.611111111,S1 O7,de-protonated,0,-9999,C36 H58 O7 S1,36,58,7,-9999,-9999,1,-9999,-9999,-9999,-9999
1285,633.382723,633.382917845,633.382668806,44237200,-9999,450806,80.38,-1,0.393189331,0.966601417,0.999565266,0.979786957,13,0.105263158,1.447368421,N2 P1 O4,de-protonated,0,-9999,C38 H55 O4 N2 P1,38,55,4,2,1,-9999,-9999,-9999,-9999,-9999
1287,634.386126,634.386321206,634.386403763,18219698,-9999,454455.7,31.96,-1,-0.130137966,0.996931722,0.988531018,0.99357144,8,0.194444444,1.611111111,13C1 S1 O7,de-protonated,1,1285,C35 H58 O7 S1 13C1,35,58,7,-9999,-9999,1,1,-9999,-9999,-9999
1287,634.386126,634.386321206,634.386023641,18219698,-9999,454455.7,31.96,-1,0.469059457,0.960864619,0.999565266,0.976344878,13,0.105263158,1.447368421,13C1 N2 P1 O4,de-protonated,1,1285,C37 H55 O4 N2 P1 13C1,37,55,4,2,1,-9999,1,-9999,-9999,-9999
1287,634.386126,634.386321206,634.386159987,18219698,-9999,454455.7,31.96,-1,0.254134081,0.494174845,0.714192896,0.582182066,13,0.162162162,1.432432432,N3 O6,de-protonated,0,-9999,C37 H53 O6 N3,37,53,6,3,-9999,-9999,-9999,-9999,-9999,-9999
1289,635.283635,635.283830528,635.283669238,8078259.5,-9999,480990,13.08,-1,0.253886822,0.988372218,0,0.593023331,19,0.125,1.1,S1 O5,de-protonated,0,-9999,C40 H44 O5 S1,40,44,5,-9999,-9999,1,-9999,-9999,-9999,-9999
1289,635.283635,635.283830528,635.28380218,8078259.5,-9999,480990,13.08,-1,0.04462324,0.999638759,0,0.599783255,6,0.448275862,1.689655172,P1 O13,de-protonated,0,-9999,C29 H49 O13 P1,29,49,13,-9999,1,-9999,-9999,-9999,-9999,-9999
1289,635.283635,635.283830528,635.283289116,8078259.5,-9999,480990,13.08,-1,0.852238176,0.876526818,0,0.525916091,24,0.047619048,0.976190476,N2 P1 O2,de-protonated,0,-9999,C42 H41 O2 N2 P1,42,41,2,2,1,-9999,-9999,-9999,-9999,-9999
1290,635.320003,635.320198541,635.320054747,10404798,-9999,475357.5,17.41,-1,0.226332961,0.990748064,0,0.594448838,18,0.097560976,1.170731707,S1 O4,de-protonated,0,-9999,C41 H48 O4 S1,41,48,4,-9999,-9999,1,-9999,-9999,-9999,-9999
1290,635.320003,635.320198541,635.320187689,10404798,-9999,475357.5,17.41,-1,0.017081369,0.99994706,0,0.599968236,5,0.4,1.766666667,P1 O12,de-protonated,0,-9999,C30 H53 O12 P1,30,53,12,-9999,1,-9999,-9999,-9999,-9999,-9999
1290,635.320003,635.320198541,635.319674625,10404798,-9999,475357.5,17.41,-1,0.82465003,0.883915546,0,0.530349328,23,0.023255814,1.046511628,N2 P1 O1,de-protonated,0,-9999,C43 H45 O1 N2 P1,43,45,1,2,1,-9999,-9999,-9999,-9999,-9999
1291,635.356449,635.356644554,635.356440257,10666952,-9999,473438.4,17.9,-1,0.321548034,0.981414335,0,0.588848601,17,0.071428571,1.238095238,S1 O3,de-protonated,0,-9999,C42 H52 O3 S1,42,52,3,-9999,-9999,1,-9999,-9999,-9999,-9999
1291,635.356449,635.356644554,635.356573198,10666952,-9999,473438.4,17.9,-1,0.112308406,0.997713972,0,0.598628383,4,0.35483871,1.838709677,P1 O11,de-protonated,0,-9999,C31 H57 O11 P1,31,57,11,-9999,1,-9999,-9999,-9999,-9999,-9999
1292,635.362005,635.362200556,635.362313484,147850192,-9999,438776.1,273.22,-1,-0.177736635,0.745839696,0.970030345,0.835515956,8,0.228571429,1.6,S1 O8,de-protonated,0,-9999,C35 H56 O8 S1,35,56,8,-9999,-9999,1,-9999,-9999,-9999,-9999
1292,635.362005,635.362200556,635.361933361,147850192,-9999,438776.1,273.22,-1,0.420540398,0.968162174,0.998428716,0.980268791,13,0.135135135,1.432432432,N2 P1 O5,de-protonated,0,-9999,C37 H53 O5 N2 P1,37,53,5,2,1,-9999,-9999,-9999,-9999,-9999
1293,636.36536,636.365555917,636.365668319,58721516,-9999,451673.2,107.34,-1,-0.176630712,0.745857373,0.970030345,0.835526562,8,0.228571429,1.6,13C1 S1 O8,de-protonated,1,1292,C34 H56 O8 S1 13C1,34,56,8,-9999,-9999,1,1,-9999,-9999,-9999
1293,636.36536,636.365555917,636.365288196,58721516,-9999,451673.2,107.34,-1,0.420703021,0.968154161,0.998428716,0.980263983,13,0.135135135,1.432432432,13C1 N2 P1 O5,de-protonated,1,1292,C36 H53 O5 N2 P1 13C1,36,53,5,2,1,-9999,1,-9999,-9999,-9999
1293,636.36536,636.365555917,636.365424542,58721516,-9999,451673.2,107.34,-1,0.20644613,0.99210056,0.884531533,0.949072949,13,0.194444444,1.416666667,N3 O7,de-protonated,0,-9999,C36 H51 O7 N3,36,51,7,3,-9999,-9999,-9999,-9999,-9999,-9999
1294,637.299327,637.299523252,637.299319303,9176568,-9999,446850.3,15.12,-1,0.32002221,0.981588673,0,0.588953204,18,0.125,1.15,S1 O5,de-protonated,0,-9999,C40 H46 O5 S1,40,46,5,-9999,-9999,1,-9999,-9999,-9999,-9999
1294,637.299327,637.299523252,637.299452244,9176568,-9999,446850.3,15.12,-1,0.111420473,0.997749937,0,0.598649962,5,0.448275862,1.75862069,P1 O13,de-protonated,0,-9999,C29 H51 O13 P1,29,51,13,-9999,1,-9999,-9999,-9999,-9999,-9999
1294,637.299327,637.299523252,637.29893918,9176568,-9999,446850.3,15.12,-1,0.916481137,0.858639956,0,0.515183974,23,0.047619048,1.023809524,N2 P1 O2,de-protonated,0,-9999,C42 H43 O2 N2 P1,42,43,2,2,1,-9999,-9999,-9999,-9999,-9999
1295,637.335728,637.335924266,637.335704812,9094658,-9999,462589.3,14.97,-1,0.344329784,0.978716656,0,0.587229993,17,0.097560976,1.219512195,S1 O4,de-protonated,0,-9999,C41 H50 O4 S1,41,50,4,-9999,-9999,1,-9999,-9999,-9999,-9999
1295,637.335728,637.335924266,637.335837754,9094658,-9999,462589.3,14.97,-1,0.135739951,0.99666233,0,0.597997398,4,0.4,1.833333333,P1 O12,de-protonated,0,-9999,C30 H55 O12 P1,30,55,12,-9999,1,-9999,-9999,-9999,-9999,-9999
1295,637.335728,637.335924266,637.335324689,9094658,-9999,462589.3,14.97,-1,0.940754674,0.85164492,0,0.510986952,22,0.023255814,1.093023256,N2 P1 O1,de-protonated,0,-9999,C43 H47 O1 N2 P1,43,47,1,2,1,-9999,-9999,-9999,-9999,-9999
1296,637.341328,637.341524268,637.341578039,9700868,-9999,480641.9,16.1,-1,-0.084367777,0.998709296,0,0.599225578,8,0.264705882,1.588235294,S1 O9,de-protonated,0,-9999,C34 H54 O9 S1,34,54,9,-9999,-9999,1,-9999,-9999,-9999,-9999
1296,637.341328,637.341524268,637.342067296,9700868,-9999,480641.9,16.1,-1,-0.852020399,0.876585849,0,0.525951509,12,0.027027027,1.486486486,N2 S2 P1 O1,de-protonated,0,-9999,C37 H55 O1 N2 P1 S2,37,55,1,2,1,2,-9999,-9999,-9999,-9999
1296,637.341328,637.341524268,637.341197916,9700868,-9999,480641.9,16.1,-1,0.512051361,0.953538738,0,0.572123243,13,0.166666667,1.416666667,N2 P1 O6,de-protonated,0,-9999,C36 H51 O6 N2 P1,36,51,6,2,1,-9999,-9999,-9999,-9999,-9999
1297,637.359901,637.360097274,637.360476809,16254473,-9999,494582.5,28.3,-1,-0.595479642,0.468842607,0.672627142,0.550356421,21,0.022222222,1.133333333,P1 O1,de-protonated,0,-9999,C45 H51 O1 P1,45,51,1,-9999,1,-9999,-9999,-9999,-9999,-9999
1297,637.359901,637.360097274,637.360205483,16254473,-9999,494582.5,28.3,-1,-0.169776882,0.994783542,0,0.596870125,7,0.171428571,1.657142857,S2 O6,de-protonated,0,-9999,C35 H58 O6 S2,35,58,6,-9999,-9999,2,-9999,-9999,-9999,-9999
1297,637.359901,637.360097274,637.359825361,16254473,-9999,494582.5,28.3,-1,0.426624774,0.48375707,0.714192896,0.575931401,12,0.081081081,1.486486486,N2 S1 P1 O3,de-protonated,0,-9999,C37 H55 O3 N2 P1 S1,37,55,3,2,1,1,-9999,-9999,-9999,-9999
1297,637.359901,637.360097274,637.360673514,16254473,-9999,494582.5,28.3,-1,-0.904102971,0.862158154,0,0.517294892,13,0.2,1.428571429,N4 O7,de-protonated,0,-9999,C35 H50 O7 N4,35,50,7,4,-9999,-9999,-9999,-9999,-9999,-9999
1298,637.368718,637.368914277,637.368719018,11585036,-9999,397596.7,19.61,-1,0.306352482,0.983114885,0,0.589868931,21,0.066666667,1.111111111,O3,de-protonated,0,-9999,C45 H50 O3,45,50,3,-9999,-9999,-9999,-9999,-9999,-9999,-9999
1298,637.368718,637.368914277,637.369023154,11585036,-9999,397596.7,19.61,-1,-0.170821419,0.745948434,0.970030345,0.835581199,8,0.228571429,1.6,13C2 S1 O8,de-protonated,1,1292,C33 H56 O8 S1 13C2,33,56,8,-9999,-9999,1,2,-9999,-9999,-9999
1298,637.368718,637.368914277,637.368643031,11585036,-9999,397596.7,19.61,-1,0.425571986,0.967912909,0.998428716,0.980119232,13,0.135135135,1.432432432,13C2 N2 P1 O5,de-protonated,1,1292,C35 H53 O5 N2 P1 13C2,35,53,5,2,1,-9999,2,-9999,-9999,-9999
1298,637.368718,637.368914277,637.368779377,11585036,-9999,397596.7,19.61,-1,0.21165238,0.991904638,0.884531533,0.948955396,13,0.194444444,1.416666667,13C1 N3 O7,de-protonated,1,1293,C35 H51 O7 N3 13C1,35,51,7,3,-9999,-9999,1,-9999,-9999,-9999
1299,637.37766,637.377856281,637.377963548,12551694,-9999,450010.9,21.41,-1,-0.168294786,0.994873987,0,0.596924392,7,0.228571429,1.657142857,S1 O8,de-protonated,0,-9999,C35 H58 O8 S1,35,58,8,-9999,-9999,1,-9999,-9999,-9999,-9999
1299,637.37766,637.377856281,637.377583425,12551694,-9999,450010.9,21.41,-1,0.428090255,0.967294271,0,0.580376563,12,0.135135135,1.486486486,N2 P1 O5,de-protonated,0,-9999,C37 H55 O5 N2 P1,37,55,5,2,1,-9999,-9999,-9999,-9999,-9999
1300,639.320499,639.320695979,639.320842594,8816702,-9999,515248.3,14.45,-1,-0.229329422,0.990502641,0,0.594301585,8,0.303030303,1.575757576,S1 O10,de-protonated,0,-9999,C33 H52 O10 S1,33,52,10,-9999,-9999,1,-9999,-9999,-9999,-9999
1300,639.320499,639.320695979,639.321331851,8816702,-9999,515248.3,14.45,-1,-0.994605369,0.835691069,0,0.501414641,12,0.055555556,1.472222222,N2 S2 P1 O2,de-protonated,0,-9999,C36 H53 O2 N2 P1 S2,36,53,2,2,1,2,-9999,-9999,-9999,-9999
1300,639.320499,639.320695979,639.320462471,8816702,-9999,515248.3,14.45,-1,0.365243183,0.976084886,0,0.585650931,13,0.2,1.4,N2 P1 O7,de-protonated,0,-9999,C35 H49 O7 N2 P1,35,49,7,2,1,-9999,-9999,-9999,-9999,-9999
1301,639.393346,639.393543005,639.393613612,11094099,-9999,430391.3,18.69,-1,-0.11042901199999999,0.997789758,0,0.598673855,6,0.228571429,1.714285714,S1 O8,de-protonated,0,-9999,C35 H60 O8 S1,35,60,8,-9999,-9999,1,-9999,-9999,-9999,-9999
1301,639.393346,639.393543005,639.39323348999994,11094099,-9999,430391.3,18.69,-1,0.484075994,0.958372455,0,0.575023473,11,0.135135135,1.540540541,N2 P1 O5,de-protonated,0,-9999,C37 H57 O5 N2 P1,37,57,5,2,1,-9999,-9999,-9999,-9999,-9999
1302,641.408917,641.409114729,641.409263677,16648854,-9999,448663.5,29.17,-1,-0.232219695,0.495131458,0.725399619,0.587238722,5,0.228571429,1.771428571,S1 O8,de-protonated,0,-9999,C35 H62 O8 S1,35,62,8,-9999,-9999,1,-9999,-9999,-9999,-9999
1302,641.408917,641.409114729,641.408883554,16648854,-9999,448663.5,29.17,-1,0.360416986,0.488352676,0.714192896,0.578688764,10,0.135135135,1.594594595,N2 P1 O5,de-protonated,0,-9999,C37 H59 O5 N2 P1,37,59,5,2,1,-9999,-9999,-9999,-9999,-9999
1303,642.320931,642.321129057,642.320997498,21007260,-9999,450742.4,37.32,-1,0.20481701,0.496208561,0.719752637,0.585626192,11,0.083333333,1.5,N1 S2 P1 O3,de-protonated,0,-9999,C36 H54 O3 N1 P1 S2,36,54,3,1,1,2,-9999,-9999,-9999,-9999
1304,645.377144,645.377343155,645.377175702,7573252,-9999,504501.6,12.19,-1,0.259465627,0.987858744,0,0.592715246,18,0.045454545,1.227272727,S1 O2,de-protonated,0,-9999,C44 H54 O2 S1,44,54,2,-9999,-9999,1,-9999,-9999,-9999,-9999
1304,645.377144,645.377343155,645.377308643,7573252,-9999,504501.6,12.19,-1,0.053474864,0.999481271,0,0.599688763,5,0.303030303,1.787878788,P1 O10,de-protonated,0,-9999,C33 H59 O10 P1,33,59,10,-9999,1,-9999,-9999,-9999,-9999,-9999
1306,647.320013,647.320212853,647.320054747,10228010,-9999,453208.4,17.16,-1,0.244246277,0.989233828,0,0.593540297,19,0.095238095,1.142857143,S1 O4,de-protonated,0,-9999,C42 H48 O4 S1,42,48,4,-9999,-9999,1,-9999,-9999,-9999,-9999
1306,647.320013,647.320212853,647.320187689,10228010,-9999,453208.4,17.16,-1,0.038873781,0.999725838,0,0.599835503,6,0.387096774,1.709677419,P1 O12,de-protonated,0,-9999,C31 H53 O12 P1,31,53,12,-9999,1,-9999,-9999,-9999,-9999,-9999
1306,647.320013,647.320212853,647.319674625,10228010,-9999,453208.4,17.16,-1,0.831471766,0.882105429,0,0.529263257,24,0.022727273,1.022727273,N2 P1 O1,de-protonated,0,-9999,C44 H45 O1 N2 P1,44,45,1,2,1,-9999,-9999,-9999,-9999,-9999
1307,648.502806,648.503006278,648.503104493,8540790,-9999,463154.2,14,-1,-0.151449121,0.99584679,0,0.597508074,5,0.102564103,1.820512821,N1 S1 O4,de-protonated,0,-9999,C39 H71 O4 N1 S1,39,71,4,1,-9999,1,-9999,-9999,-9999,-9999
1307,648.502806,648.503006278,648.502724371,8540790,-9999,463154.2,14,-1,0.434704873,0.966293119,0,0.579775872,10,0.024390244,1.658536585,N3 P1 O1,de-protonated,0,-9999,C41 H68 O1 N3 P1,41,68,1,3,1,-9999,-9999,-9999,-9999,-9999
1309,649.335669,649.335869577,649.335704812,7983967.5,-9999,474666.5,12.96,-1,0.253744379,0.988385186,0,0.593031111,18,0.095238095,1.19047619,S1 O4,de-protonated,0,-9999,C42 H50 O4 S1,42,50,4,-9999,-9999,1,-9999,-9999,-9999,-9999
1309,649.335669,649.335869577,649.335837754,7983967.5,-9999,474666.5,12.96,-1,0.049009393,0.99956427,0,0.599738562,5,0.387096774,1.774193548,P1 O12,de-protonated,0,-9999,C31 H55 O12 P1,31,55,12,-9999,1,-9999,-9999,-9999,-9999,-9999
1309,649.335669,649.335869577,649.335324689,7983967.5,-9999,474666.5,12.96,-1,0.839147024,0.880055497,0,0.528033298,23,0.022727273,1.068181818,N2 P1 O1,de-protonated,0,-9999,C44 H47 O1 N2 P1,44,47,1,2,1,-9999,-9999,-9999,-9999,-9999
1310,649.372054,649.37225459,649.372090321,9032554,-9999,457849.9,14.92,-1,0.25296592,0.98845593,0,0.593073558,17,0.069767442,1.255813953,S1 O3,de-protonated,0,-9999,C43 H54 O3 S1,43,54,3,-9999,-9999,1,-9999,-9999,-9999,-9999
1310,649.372054,649.37225459,649.372223263,9032554,-9999,457849.9,14.92,-1,0.048242406,0.999577798,0,0.599746679,4,0.34375,1.84375,P1 O11,de-protonated,0,-9999,C32 H59 O11 P1,32,59,11,-9999,1,-9999,-9999,-9999,-9999,-9999
1311,649.377652,649.377852592,649.377963548,82318184,-9999,436986.9,151.97,-1,-0.170864668,0.994796513,0.994600937,0.994718283,8,0.222222222,1.611111111,S1 O8,de-protonated,0,-9999,C36 H58 O8 S1,36,58,8,-9999,-9999,1,-9999,-9999,-9999,-9999
1311,649.377652,649.377852592,649.377583425,82318184,-9999,436986.9,151.97,-1,0.414499633,0.955542224,0.98252009,0.96633337,13,0.131578947,1.447368421,N2 P1 O5,de-protonated,0,-9999,C38 H55 O5 N2 P1,38,55,5,2,1,-9999,-9999,-9999,-9999,-9999
1312,650.381008,650.381208953,650.381318383,31200386,-9999,435171.1,56.38,-1,-0.168255619,0.994876367,0.994600937,0.994766195,8,0.222222222,1.611111111,13C1 S1 O8,de-protonated,1,1311,C35 H58 O8 S1 13C1,35,58,8,-9999,-9999,1,1,-9999,-9999,-9999
1312,650.381008,650.381208953,650.380938261,31200386,-9999,435171.1,56.38,-1,0.416205631,0.95545915,0.98252009,0.966283526,13,0.131578947,1.447368421,13C1 N2 P1 O5,de-protonated,1,1311,C37 H55 O5 N2 P1 13C1,37,55,5,2,1,-9999,1,-9999,-9999,-9999
1312,650.381008,650.381208953,650.381074606,31200386,-9999,435171.1,56.38,-1,0.206565957,0.979557043,0.908526186,0.9511447,13,0.189189189,1.432432432,N3 O7,de-protonated,0,-9999,C37 H53 O7 N3,37,53,7,3,-9999,-9999,-9999,-9999,-9999,-9999
1313,651.375658,651.37585931,651.376126874,13669782,-9999,442794.7,23.59,-1,-0.41076688,0.484924091,0.667769153,0.558062116,21,0.02173913,1.152173913,P1 O1,de-protonated,0,-9999,C46 H53 O1 P1,46,53,1,-9999,1,-9999,-9999,-9999,-9999,-9999
1313,651.375658,651.37585931,651.375855548,13669782,-9999,442794.7,23.59,-1,0.005776113,0.999993946,0,0.599996368,7,0.166666667,1.666666667,S2 O6,de-protonated,0,-9999,C36 H60 O6 S2,36,60,6,-9999,-9999,2,-9999,-9999,-9999,-9999
1313,651.375658,651.37585931,651.375475425,13669782,-9999,442794.7,23.59,-1,0.589345093,0.938922682,0,0.563353609,12,0.078947368,1.5,N2 S1 P1 O3,de-protonated,0,-9999,C38 H57 O3 N2 P1 S1,38,57,3,2,1,1,-9999,-9999,-9999,-9999
1313,651.375658,651.37585931,651.376323578,13669782,-9999,442794.7,23.59,-1,-0.712749624,0.911942705,0,0.547165623,13,0.194444444,1.444444444,N4 O7,de-protonated,0,-9999,C36 H52 O7 N4,36,52,7,4,-9999,-9999,-9999,-9999,-9999,-9999
1314,651.384509,651.384710313,651.384369082,7525784,-9999,421689.9,12.1,-1,0.523854987,0.951425509,0,0.570855306,21,0.065217391,1.130434783,O3,de-protonated,0,-9999,C46 H52 O3,46,52,3,-9999,-9999,-9999,-9999,-9999,-9999,-9999
1314,651.384509,651.384710313,651.384293096,7525784,-9999,421689.9,12.1,-1,0.640509304,0.941861291,0.98252009,0.95812481,13,0.131578947,1.447368421,13C2 N2 P1 O5,de-protonated,1,1311,C36 H55 O5 N2 P1 13C2,36,55,5,2,1,-9999,2,-9999,-9999,-9999
1314,651.384509,651.384710313,651.384429441,7525784,-9999,421689.9,12.1,-1,0.4311925,0.966826515,0.908526186,0.943506383,13,0.189189189,1.432432432,13C1 N3 O7,de-protonated,1,1312,C36 H53 O7 N3 13C1,36,53,7,3,-9999,-9999,1,-9999,-9999,-9999
1315,651.387653,651.387854314,651.387740386,7968153,-9999,454332.2,12.93,-1,0.174901603,0.994464757,0,0.596678854,16,0.069767442,1.302325581,S1 O3,de-protonated,0,-9999,C43 H56 O3 S1,43,56,3,-9999,-9999,1,-9999,-9999,-9999,-9999
1315,651.387653,651.387854314,651.387873327,7968153,-9999,454332.2,12.93,-1,-0.0291884,0.999845424,0,0.599907255,3,0.34375,1.90625,P1 O11,de-protonated,0,-9999,C32 H61 O11 P1,32,61,11,-9999,1,-9999,-9999,-9999,-9999,-9999
1316,651.393277,651.393478316,651.393613612,8131994.5,-9999,480291.3,13.24,-1,-0.207702358,0.992202812,0,0.595321687,7,0.222222222,1.666666667,S1 O8,de-protonated,0,-9999,C36 H60 O8 S1,36,60,8,-9999,-9999,1,-9999,-9999,-9999,-9999
1316,651.393277,651.393478316,651.39323348999994,8131994.5,-9999,480291.3,13.24,-1,0.375850589,0.974693607,0,0.584816164,12,0.131578947,1.5,N2 P1 O5,de-protonated,0,-9999,C38 H57 O5 N2 P1,38,57,5,2,1,-9999,-9999,-9999,-9999,-9999
1317,653.30113,653.301332002,653.301247855,12425126,-9999,451177.3,21.26,-1,0.128802859,0.996994261,0,0.598196556,22,0.022727273,1.068181818,S1 P1 O1,de-protonated,0,-9999,C44 H47 O1 P1 S1,44,47,1,-9999,1,1,-9999,-9999,-9999,-9999
1317,653.30113,653.301332002,653.301444559,12425126,-9999,451177.3,21.26,-1,-0.172290177,0.994628373,0,0.596777024,14,0.205882353,1.352941176,N4 S1 O7,de-protonated,0,-9999,C34 H46 O7 N4 S1,34,46,7,4,-9999,1,-9999,-9999,-9999,-9999
1317,653.30113,653.301332002,653.301577501,12425126,-9999,451177.3,21.26,-1,-0.375782272,0.974702689,0,0.584821613,1,0.652173913,2.217391304,N4 P1 O15,de-protonated,0,-9999,C23 H51 O15 N4 P1,23,51,15,4,1,-9999,-9999,-9999,-9999,-9999
1318,653.408952,653.409154041,653.409263677,8050627,-9999,426153.7,13.08,-1,-0.167791025,0.994904551,0,0.596942731,6,0.222222222,1.722222222,S1 O8,de-protonated,0,-9999,C36 H62 O8 S1,36,62,8,-9999,-9999,1,-9999,-9999,-9999,-9999
1318,653.408952,653.409154041,653.408883554,8050627,-9999,426153.7,13.08,-1,0.413961788,0.969384603,0,0.581630762,11,0.131578947,1.552631579,N2 P1 O5,de-protonated,0,-9999,C38 H59 O5 N2 P1,38,59,5,2,1,-9999,-9999,-9999,-9999,-9999
1319,655.424574,655.424776765,655.424913741,14719459,-9999,460910.4,25.55,-1,-0.208988776,0.992106311,0,0.595263787,5,0.222222222,1.777777778,S1 O8,de-protonated,0,-9999,C36 H64 O8 S1,36,64,8,-9999,-9999,1,-9999,-9999,-9999,-9999
1319,655.424574,655.424776765,655.424533619,14719459,-9999,460910.4,25.55,-1,0.370974928,0.975337803,0,0.585202682,10,0.131578947,1.605263158,N2 P1 O5,de-protonated,0,-9999,C38 H61 O5 N2 P1,38,61,5,2,1,-9999,-9999,-9999,-9999,-9999
1320,658.315763,658.315966804,658.315912118,7822560,-9999,500531.6,12.65,-1,0.083069074,0.998748702,0,0.599249221,11,0.111111111,1.5,N1 S2 P1 O4,de-protonated,0,-9999,C36 H54 O4 N1 P1 S2,36,54,4,1,1,2,-9999,-9999,-9999,-9999
1321,659.056374,659.05657807,659.056981032,17210784,-9999,446624.7,30.21,-1,-0.611421947,0.46720863,0.662980834,0.545517511,40,0.021276596,0.340425532,S2 O1,de-protonated,0,-9999,C47 H16 O1 S2,47,16,1,-9999,-9999,2,-9999,-9999,-9999,-9999
1321,659.056374,659.05657807,659.057113973,17210784,-9999,446624.7,30.21,-1,-0.813136861,0.443472485,0.719752637,0.553984546,27,0.25,0.583333333,S1 P1 O9,de-protonated,0,-9999,C36 H21 O9 P1 S1,36,21,9,-9999,1,1,-9999,-9999,-9999,-9999
1321,659.056374,659.05657807,659.055973267,17210784,-9999,446624.7,30.21,-1,0.917679866,0.858297475,0,0.514978485,14,0.76,0.96,S1 O19,de-protonated,0,-9999,C25 H24 O19 S1,25,24,19,-9999,-9999,1,-9999,-9999,-9999,-9999
1321,659.056374,659.05657807,659.056462525,17210784,-9999,446624.7,30.21,-1,0.17531889,0.994438387,0,0.596663032,18,0.392857143,0.892857143,N2 S2 P1 O11,de-protonated,0,-9999,C28 H25 O11 N2 P1 S2,28,25,11,2,1,2,-9999,-9999,-9999,-9999
1323,661.053371,661.053575787,661.054003652,9510816,-9999,417958,15.81,-1,-0.647245493,0.926803505,0,0.556082103,40,0.086956522,0.304347826,S1 O4,de-protonated,0,-9999,C46 H14 O4 S1,46,14,4,-9999,-9999,1,-9999,-9999,-9999,-9999
1323,661.053371,661.053575787,661.054136593,9510816,-9999,417958,15.81,-1,-0.848351026,0.877578804,0,0.526547283,27,0.342857143,0.542857143,P1 O12,de-protonated,0,-9999,C35 H19 O12 P1,35,19,12,-9999,1,-9999,-9999,-9999,-9999,-9999
1323,661.053371,661.053575787,661.053865267,9510816,-9999,417958,15.81,-1,-0.437906516,0.965803401,0,0.579482041,13,0.68,1.04,S2 O17,de-protonated,0,-9999,C25 H26 O17 S2,25,26,17,-9999,-9999,2,-9999,-9999,-9999,-9999
1323,661.053371,661.053575787,661.052995887,9510816,-9999,417958,15.81,-1,0.877236891,0.869677479,0,0.521806487,14,0.916666667,0.916666667,O22,de-protonated,0,-9999,C24 H22 O22,24,22,22,-9999,-9999,-9999,-9999,-9999,-9999,-9999
1323,661.053371,661.053575787,661.053352203,9510816,-9999,417958,15.81,-1,0.338224524,0.97945697,0,0.587674182,31,0.157894737,0.473684211,N2 S2 O6,de-protonated,0,-9999,C38 H18 O6 N2 S2,38,18,6,2,-9999,2,-9999,-9999,-9999,-9999
1323,661.053371,661.053575787,661.053485145,9510816,-9999,417958,15.81,-1,0.137118595,0.996594303,0,0.597956582,18,0.518518519,0.851851852,N2 S1 P1 O14,de-protonated,0,-9999,C27 H23 O14 N2 P1 S1,27,23,14,2,1,1,-9999,-9999,-9999,-9999
1323,661.053371,661.053575787,661.05297208,9510816,-9999,417958,15.81,-1,0.913250527,0.859561402,0,0.515736841,36,0.075,0.375,N4 S1 P1 O3,de-protonated,0,-9999,C40 H15 O3 N4 P1 S1,40,15,3,4,1,1,-9999,-9999,-9999,-9999
1324,661.335687,661.335891889,661.335704812,7512039,-9999,434573.4,12.07,-1,0.282877412,0.985585442,0,0.591351265,19,0.093023256,1.162790698,S1 O4,de-protonated,0,-9999,C43 H50 O4 S1,43,50,4,-9999,-9999,1,-9999,-9999,-9999,-9999
1324,661.335687,661.335891889,661.335837754,7512039,-9999,434573.4,12.07,-1,0.081857355,0.998784919,0,0.599270951,6,0.375,1.71875,P1 O12,de-protonated,0,-9999,C32 H55 O12 P1,32,55,12,-9999,1,-9999,-9999,-9999,-9999,-9999
1324,661.335687,661.335891889,661.335324689,7512039,-9999,434573.4,12.07,-1,0.85765788,0.875054169,0,0.525032501,24,0.022222222,1.044444444,N2 P1 O1,de-protonated,0,-9999,C45 H47 O1 N2 P1,45,47,1,2,1,-9999,-9999,-9999,-9999,-9999
1325,662.518504,662.518709314,662.518754558,7807247.5,-9999,446549.9,12.62,-1,-0.068290591,0.999154153,0,0.599492492,5,0.1,1.825,N1 S1 O4,de-protonated,0,-9999,C40 H73 O4 N1 S1,40,73,4,1,-9999,1,-9999,-9999,-9999,-9999
1325,662.518504,662.518709314,662.518374435,7807247.5,-9999,446549.9,12.62,-1,0.505463298,0.954699263,0,0.572819558,10,0.023809524,1.666666667,N3 P1 O1,de-protonated,0,-9999,C42 H70 O1 N3 P1,42,70,1,3,1,-9999,-9999,-9999,-9999,-9999
1326,663.351227,663.351432613,663.351354876,8331741.5,-9999,414856.7,13.6,-1,0.117187765,0.997511272,0,0.598506763,18,0.093023256,1.209302326,S1 O4,de-protonated,0,-9999,C43 H52 O4 S1,43,52,4,-9999,-9999,1,-9999,-9999,-9999,-9999
1326,663.351227,663.351432613,663.351487818,8331741.5,-9999,414856.7,13.6,-1,-0.083221442,0.99874411,0,0.599246466,5,0.375,1.78125,P1 O12,de-protonated,0,-9999,C32 H57 O12 P1,32,57,12,-9999,1,-9999,-9999,-9999,-9999,-9999
1326,663.351227,663.351432613,663.350974754,8331741.5,-9999,414856.7,13.6,-1,0.690221618,0.917187624,0,0.550312574,23,0.022222222,1.088888889,N2 P1 O1,de-protonated,0,-9999,C45 H49 O1 N2 P1,45,49,1,2,1,-9999,-9999,-9999,-9999,-9999
1327,663.387821,663.388026626,663.387740386,7791078.5,-9999,525126.9,12.59,-1,0.431482893,0.966782569,0,0.580069541,17,0.068181818,1.272727273,S1 O3,de-protonated,0,-9999,C44 H56 O3 S1,44,56,3,-9999,-9999,1,-9999,-9999,-9999,-9999
1327,663.387821,663.388026626,663.387873327,7791078.5,-9999,525126.9,12.59,-1,0.231084615,0.990357413,0,0.594214448,4,0.333333333,1.848484848,P1 O11,de-protonated,0,-9999,C33 H61 O11 P1,33,61,11,-9999,1,-9999,-9999,-9999,-9999,-9999
1328,669.403812,669.404019788,669.404178296,8513391,-9999,380065,13.94,-1,-0.236790833,0.989877769,0,0.593926661,6,0.25,1.722222222,S1 O9,de-protonated,0,-9999,C36 H62 O9 S1,36,62,9,-9999,-9999,1,-9999,-9999,-9999,-9999
1328,669.403812,669.404019788,669.404667554,8513391,-9999,380065,13.94,-1,-0.967674942,0.84374277,0,0.506245662,10,0.025641026,1.615384615,N2 S2 P1 O1,de-protonated,0,-9999,C39 H63 O1 N2 P1 S2,39,63,1,2,1,2,-9999,-9999,-9999,-9999
1328,669.403812,669.404019788,669.403798174,8513391,-9999,380065,13.94,-1,0.331061383,0.98030937,0,0.588185622,11,0.157894737,1.552631579,N2 P1 O6,de-protonated,0,-9999,C38 H59 O6 N2 P1,38,59,6,2,1,-9999,-9999,-9999,-9999,-9999
1329,669.440226,669.440433801,669.440563806,9529207,-9999,444512.1,15.84,-1,-0.194199525,0.993180303,0,0.595908182,5,0.216216216,1.783783784,S1 O8,de-protonated,0,-9999,C37 H66 O8 S1,37,66,8,-9999,-9999,1,-9999,-9999,-9999,-9999
1329,669.440226,669.440433801,669.440183683,9529207,-9999,444512.1,15.84,-1,0.373621851,0.97498907,0,0.584993442,10,0.128205128,1.615384615,N2 P1 O5,de-protonated,0,-9999,C39 H63 O5 N2 P1,39,63,5,2,1,-9999,-9999,-9999,-9999,-9999
1330,671.267149,671.267357457,671.267761648,66857224,-9999,431734.8,123.05,-1,-0.602130629,0.933084547,0.989472462,0.955639713,9,0.322580645,1.548387097,N2 S2 O10,de-protonated,0,-9999,C31 H48 O10 N2 S2,31,48,10,2,-9999,2,-9999,-9999,-9999,-9999
1330,671.267149,671.267357457,671.266892268,66857224,-9999,431734.8,123.05,-1,0.69300154,0.920273234,0.99558805,0.95039916,10,0.5,1.466666667,N2 O15,de-protonated,0,-9999,C30 H44 O15 N2,30,44,15,2,-9999,-9999,-9999,-9999,-9999,-9999
1330,671.267149,671.267357457,671.267381526,66857224,-9999,431734.8,123.05,-1,-0.035855101,0.999467185,0.97753376300000006,0.990693816,14,0.212121212,1.363636364,N4 S1 P1 O7,de-protonated,0,-9999,C33 H45 O7 N4 P1 S1,33,45,7,4,1,1,-9999,-9999,-9999,-9999
1331,672.270482,672.270690818,672.270676002,21178848,-9999,426230.7,37.63,-1,0.022038655,0.499955937,0.68763467,0.57502743,22,0.071428571,1.047619048,N1 S1 P1 O3,de-protonated,0,-9999,C42 H44 O3 N1 P1 S1,42,44,3,1,1,1,-9999,-9999,-9999,-9999
1331,672.270482,672.270690818,672.271116483,21178848,-9999,426230.7,37.63,-1,-0.633175275,0.92983813,0.989472462,0.953691863,9,0.322580645,1.548387097,13C1 N2 S2 O10,de-protonated,1,1330,C30 H48 O10 N2 S2 13C1,30,48,10,2,-9999,2,1,-9999,-9999,-9999
1331,672.270482,672.270690818,672.270247103,21178848,-9999,426230.7,37.63,-1,0.660023886,0.923998557,0.99558805,0.952634354,10,0.5,1.466666667,13C1 N2 O15,de-protonated,1,1330,C29 H44 O15 N2 13C1,29,44,15,2,-9999,-9999,1,-9999,-9999,-9999
1331,672.270482,672.270690818,672.270024553,21178848,-9999,426230.7,37.63,-1,0.991066977,0.418378574,0.73113591,0.543481509,13,0.147058824,1.411764706,N3 S2 P1 O5,de-protonated,0,-9999,C34 H48 O5 N3 P1 S2,34,48,5,3,1,2,-9999,-9999,-9999,-9999
1331,672.270482,672.270690818,672.270736361,21178848,-9999,426230.7,37.63,-1,-0.067744922,0.999167611,0.97753376300000006,0.990514071,14,0.212121212,1.363636364,13C1 N4 S1 P1 O7,de-protonated,1,1330,C32 H45 O7 N4 P1 S1 13C1,32,45,7,4,1,1,1,-9999,-9999,-9999
1332,673.264236,673.264445175,673.263936115,22194866,-9999,427752.7,39.53,-1,0.756107632,0.907574451,0.998295211,0.943862755,8,0.28125,1.59375,S2 P1 O9,de-protonated,0,-9999,C32 H51 O9 P1 S2,32,51,9,-9999,1,2,-9999,-9999,-9999,-9999
1332,673.264236,673.264445175,673.264784268,22194866,-9999,427752.7,39.53,-1,-0.503654992,0.950561673,0.989571889,0.966165759,9,0.433333333,1.533333333,N2 S1 O13,de-protonated,0,-9999,C30 H46 O13 N2 S1,30,46,13,2,-9999,1,-9999,-9999,-9999,-9999
1332,673.264236,673.264445175,673.264271204,22194866,-9999,427752.7,39.53,-1,0.258399395,0.990055297,0.937968476,0.969220569,27,0.046511628,0.88372093,N4 S1 O2,de-protonated,0,-9999,C43 H38 O2 N4 S1,43,38,2,4,-9999,1,-9999,-9999,-9999,-9999
1332,673.264236,673.264445175,673.264404145,22194866,-9999,427752.7,39.53,-1,0.060940917,0.999651793,0.998295211,0.99910916,14,0.3125,1.34375,N4 P1 O10,de-protonated,0,-9999,C32 H43 O10 N4 P1,32,43,10,4,1,-9999,-9999,-9999,-9999,-9999
1332,673.264236,673.264445175,673.264132819,22194866,-9999,427752.7,39.53,-1,0.463942003,0.961697419,0,0.577018451,0,0.681818182,2.272727273,N4 S2 O15,de-protonated,0,-9999,C22 H50 O15 N4 S2,22,50,15,4,-9999,2,-9999,-9999,-9999,-9999
1333,674.267557,674.267766535,674.26729095,7613312,-9999,514903.7,12.26,-1,0.705336642,0.91368383500000006,0.998295211,0.947528385,8,0.28125,1.59375,13C1 S2 P1 O9,de-protonated,1,1332,C31 H51 O9 P1 S2 13C1,31,51,9,-9999,1,2,1,-9999,-9999,-9999
1333,674.267557,674.267766535,674.267698622,7613312,-9999,514903.7,12.26,-1,0.100722083,0.998160908,0,0.598896545,22,0.146341463,1.024390244,N1 P1 O6,de-protonated,0,-9999,C41 H42 O6 N1 P1,41,42,6,1,1,-9999,-9999,-9999,-9999,-9999
1333,674.267557,674.267766535,674.267427295,7613312,-9999,514903.7,12.26,-1,0.503123528,0.955108147,0,0.573064888,8,0.35483871,1.580645161,N1 S2 O11,de-protonated,0,-9999,C31 H49 O11 N1 S2,31,49,11,1,-9999,2,-9999,-9999,-9999,-9999
1333,674.267557,674.267766535,674.268139103,7613312,-9999,514903.7,12.26,-1,-0.552551309,0.946107922,0.989571889,0.963493509,9,0.433333333,1.533333333,13C1 N2 S1 O13,de-protonated,1,1332,C29 H46 O13 N2 S1 13C1,29,46,13,2,-9999,1,1,-9999,-9999,-9999
1333,674.267557,674.267766535,674.267626039,7613312,-9999,514903.7,12.26,-1,0.208369054,0.992152873,0.937968476,0.970479114,27,0.046511628,0.88372093,13C1 N4 S1 O2,de-protonated,1,1332,C42 H38 O2 N4 S1 13C1,42,38,2,4,-9999,1,1,-9999,-9999,-9999
1333,674.267557,674.267766535,674.26775898,7613312,-9999,514903.7,12.26,-1,0.011204417,0.999977221,0.998295211,0.999304417,14,0.3125,1.34375,13C1 N4 P1 O10,de-protonated,1,1332,C31 H43 O10 N4 P1 13C1,31,43,10,4,1,-9999,1,-9999,-9999,-9999
1334,675.351393,675.351602925,675.351354876,9317466,-9999,432037.5,15.44,-1,0.367287874,0.975819647,0,0.585491788,19,0.090909091,1.181818182,S1 O4,de-protonated,0,-9999,C44 H52 O4 S1,44,52,4,-9999,-9999,1,-9999,-9999,-9999,-9999
1334,675.351393,675.351602925,675.351487818,9317466,-9999,432037.5,15.44,-1,0.170439593,0.994742846,0,0.596845707,6,0.363636364,1.727272727,P1 O12,de-protonated,0,-9999,C33 H57 O12 P1,33,57,12,-9999,1,-9999,-9999,-9999,-9999,-9999
1334,675.351393,675.351602925,675.350974754,9317466,-9999,432037.5,15.44,-1,0.930139893,0.854719285,0,0.512831571,24,0.02173913,1.065217391,N2 P1 O1,de-protonated,0,-9999,C46 H49 O1 N2 P1,46,49,1,2,1,-9999,-9999,-9999,-9999,-9999
1335,677.366975,677.367185649,677.367004941,8400356,-9999,447340.5,13.84,-1,0.266780205,0.987169021,0,0.592301412,18,0.090909091,1.227272727,S1 O4,de-protonated,0,-9999,C44 H54 O4 S1,44,54,4,-9999,-9999,1,-9999,-9999,-9999,-9999
1335,677.366975,677.367185649,677.367137883,8400356,-9999,447340.5,13.84,-1,0.070517709,0.999098108,0,0.599458865,5,0.363636364,1.787878788,P1 O12,de-protonated,0,-9999,C33 H59 O12 P1,33,59,12,-9999,1,-9999,-9999,-9999,-9999,-9999
1335,677.366975,677.367185649,677.366624818,8400356,-9999,447340.5,13.84,-1,0.82795728,0.883039381,0,0.529823629,23,0.02173913,1.108695652,N2 P1 O1,de-protonated,0,-9999,C46 H51 O1 N2 P1,46,51,1,2,1,-9999,-9999,-9999,-9999,-9999
1336,677.403202,677.403412662,677.40339045,8236523,-9999,453580.2,13.53,-1,0.032789583,0.999804933,0,0.59988296,17,0.066666667,1.288888889,S1 O3,de-protonated,0,-9999,C45 H58 O3 S1,45,58,3,-9999,-9999,1,-9999,-9999,-9999,-9999
1336,677.403202,677.403412662,677.403523392,8236523,-9999,453580.2,13.53,-1,-0.163462325,0.995163437,0,0.597098062,4,0.323529412,1.852941176,P1 O11,de-protonated,0,-9999,C34 H63 O11 P1,34,63,11,-9999,1,-9999,-9999,-9999,-9999,-9999
1336,677.403202,677.403412662,677.402739001,8236523,-9999,453580.2,13.53,-1,0.99447554,0.835730228,0,0.501438137,8,0.135135135,1.675675676,N2 S2 O5,de-protonated,0,-9999,C37 H62 O5 N2 S2,37,62,5,2,-9999,2,-9999,-9999,-9999,-9999
1338,681.367374,681.367586086,681.367792787,7827647.5,-9999,444021.4,12.76,-1,-0.303361675,0.983440231,0,0.590064138,8,0.277777778,1.611111111,S1 O10,de-protonated,0,-9999,C36 H58 O10 S1,36,58,10,-9999,-9999,1,-9999,-9999,-9999,-9999
1338,681.367374,681.367586086,681.367412665,7827647.5,-9999,444021.4,12.76,-1,0.254520017,0.988314487,0,0.592988692,13,0.184210526,1.447368421,N2 P1 O7,de-protonated,0,-9999,C38 H55 O7 N2 P1,38,55,7,2,1,-9999,-9999,-9999,-9999,-9999
1340,695.383072,695.383289122,695.383442852,13088975,-9999,420514.2,22.67,-1,-0.22107148,0.991171335,0,0.594702801,8,0.27027027,1.621621622,S1 O10,de-protonated,0,-9999,C37 H60 O10 S1,37,60,10,-9999,-9999,1,-9999,-9999,-9999,-9999
1340,695.383072,695.383289122,695.38393210900006,13088975,-9999,420514.2,22.67,-1,-0.924650063,0.856299922,0,0.513779953,12,0.05,1.525,N2 S2 P1 O2,de-protonated,0,-9999,C40 H61 O2 N2 P1 S2,40,61,2,2,1,2,-9999,-9999,-9999,-9999
1340,695.383072,695.383289122,695.383062729,13088975,-9999,420514.2,22.67,-1,0.325565987,0.980951432,0,0.588570859,13,0.179487179,1.461538462,N2 P1 O7,de-protonated,0,-9999,C39 H57 O7 N2 P1,39,57,7,2,1,-9999,-9999,-9999,-9999,-9999
1343,709.398575,709.398797158,709.399092916,10649089,-9999,441275.2,18.07,-1,-0.416913543,0.968953313,0,0.581371988,8,0.263157895,1.631578947,S1 O10,de-protonated,0,-9999,C38 H62 O10 S1,38,62,10,-9999,-9999,1,-9999,-9999,-9999,-9999
1343,709.398575,709.398797158,709.398712794,10649089,-9999,441275.2,18.07,-1,0.118923857,0.997437082,0,0.598462249,13,0.175,1.475,N2 P1 O7,de-protonated,0,-9999,C40 H59 O7 N2 P1,40,59,7,2,1,-9999,-9999,-9999,-9999,-9999
1344,715.216654,715.216878248,715.216985921,19021664,-9999,410139.4,33.85,-1,-0.150545884,0.49794804,0.719752637,0.586669879,15,0.25,1.25,S2 P1 O9,de-protonated,0,-9999,C36 H45 O9 P1 S2,36,45,9,-9999,1,2,-9999,-9999,-9999,-9999
1344,715.216654,715.216878248,715.21732101,19021664,-9999,410139.4,33.85,-1,-0.619059243,0.466412637,0.662980834,0.545039916,34,0.042553191,0.680851064,N4 S1 O2,de-protonated,0,-9999,C47 H32 O2 N4 S1,47,32,2,4,-9999,1,-9999,-9999,-9999,-9999
1344,715.216654,715.216878248,715.217453952,19021664,-9999,410139.4,33.85,-1,-0.804935087,0.444541661,0.719752637,0.554626051,21,0.277777778,1.027777778,N4 P1 O10,de-protonated,0,-9999,C36 H37 O10 N4 P1,36,37,10,4,1,-9999,-9999,-9999,-9999,-9999
1344,715.216654,715.216878248,715.217182626,19021664,-9999,410139.4,33.85,-1,-0.425573478,0.967671434,0,0.58060286,7,0.576923077,1.692307692,N4 S2 O15,de-protonated,0,-9999,C26 H44 O15 N4 S2,26,44,15,4,-9999,2,-9999,-9999,-9999,-9999
1344,715.216654,715.216878248,715.216313246,19021664,-9999,410139.4,33.85,-1,0.78997416,0.892941047,0,0.535764628,8,0.8,1.6,N4 O20,de-protonated,0,-9999,C25 H40 O20 N4,25,40,20,4,-9999,-9999,-9999,-9999,-9999,-9999
1345,715.986708,715.986932525,715.987179231,8765318,-9999,325680,14.49,-1,-0.344567274,0.978687602,0,0.587212561,31,0.428571429,0.342857143,N1 P1 O15,de-protonated,0,-9999,C35 H12 O15 N1 P1,35,12,15,1,1,-9999,-9999,-9999,-9999,-9999
1345,715.986708,715.986932525,715.986907905,8765318,-9999,325680,14.49,-1,0.034386676,0.99978547,0,0.599871282,17,0.8,0.76,N1 S2 O20,de-protonated,0,-9999,C25 H19 O20 N1 S2,25,19,20,1,-9999,2,-9999,-9999,-9999,-9999
1345,715.986708,715.986932525,715.986527782,8765318,-9999,325680,14.49,-1,0.565294058,0.943665739,0,0.566199444,22,0.62962963,0.592592593,N3 S1 P1 O17,de-protonated,0,-9999,C27 H16 O17 N3 P1 S1,27,16,17,3,1,1,-9999,-9999,-9999,-9999
1346,717.214572,717.214796966,717.214856694,17383358,-9999,422753,30.71,-1,-0.083277883,0.499371204,0.736963647,0.594408181,16,0.484848485,1.151515152,N2 O16,de-protonated,0,-9999,C33 H38 O16 N2,33,38,16,2,-9999,-9999,-9999,-9999,-9999,-9999
1346,717.214572,717.214796966,717.21434363,17383358,-9999,422753,30.71,-1,0.632078986,0.465036093,0.667769153,0.546129317,34,0.108695652,0.652173913,N4 O5,de-protonated,0,-9999,C46 H30 O5 N4,46,30,5,4,-9999,-9999,-9999,-9999,-9999,-9999
1346,717.214572,717.214796966,717.215345952,17383358,-9999,422753,30.71,-1,-0.765440238,0.449572683,0.719752637,0.557644665,20,0.222222222,1.083333333,N4 S1 P1 O8,de-protonated,0,-9999,C36 H39 O8 N4 P1 S1,36,39,8,4,1,1,-9999,-9999,-9999,-9999
1346,717.214572,717.214796966,717.214205246,17383358,-9999,422753,30.71,-1,0.825026248,0.883816011,0,0.530289606,7,0.72,1.68,N4 S1 O18,de-protonated,0,-9999,C25 H42 O18 N4 S1,25,42,18,4,-9999,1,-9999,-9999,-9999,-9999
1347,723.414368,723.414595194,723.41474298,8437904,-9999,400511.2,13.87,-1,-0.204290317,0.992455924,0,0.595473555,8,0.256410256,1.641025641,S1 O10,de-protonated,0,-9999,C39 H64 O10 S1,39,64,10,-9999,-9999,1,-9999,-9999,-9999,-9999
1347,723.414368,723.414595194,723.415232238,8437904,-9999,400511.2,13.87,-1,-0.880606253,0.868743351,0,0.52124601,12,0.047619048,1.547619048,N2 S2 P1 O2,de-protonated,0,-9999,C42 H65 O2 N2 P1 S2,42,65,2,2,1,2,-9999,-9999,-9999,-9999
1347,723.414368,723.414595194,723.414362858,8437904,-9999,400511.2,13.87,-1,0.321165717,0.981458093,0,0.588874856,13,0.170731707,1.487804878,N2 P1 O7,de-protonated,0,-9999,C41 H61 O7 N2 P1,41,61,7,2,1,-9999,-9999,-9999,-9999,-9999
1348,725.372482,725.372709897,725.37287816800006,9240761,-9999,418254.2,15.39,-1,-0.231977408,0.990283125,0,0.594169875,13,0.219512195,1.414634146,S1 O9,de-protonated,0,-9999,C41 H58 O9 S1,41,58,9,-9999,-9999,1,-9999,-9999,-9999,-9999
1348,725.372482,725.372709897,725.373011109,9240761,-9999,418254.2,15.39,-1,-0.415250975,0.96919659,0,0.581517954,0,0.566666667,2.1,P1 O17,de-protonated,0,-9999,C30 H63 O17 P1,30,63,17,-9999,1,-9999,-9999,-9999,-9999,-9999
1348,725.372482,725.372709897,725.373367425,9240761,-9999,418254.2,15.39,-1,-0.90646762,0.861488648,0,0.516893189,17,0.022727273,1.340909091,N2 S2 P1 O1,de-protonated,0,-9999,C44 H59 O1 N2 P1 S2,44,59,1,2,1,2,-9999,-9999,-9999,-9999
1348,725.372482,725.372709897,725.372498045,9240761,-9999,418254.2,15.39,-1,0.292060149,0.984641744,0,0.590785047,18,0.139534884,1.279069767,N2 P1 O6,de-protonated,0,-9999,C43 H55 O6 N2 P1,43,55,6,2,1,-9999,-9999,-9999,-9999,-9999
1348,725.372482,725.372709897,725.372226719,9240761,-9999,418254.2,15.39,-1,0.666111194,0.922646111,0,0.553587666,4,0.333333333,1.878787879,N2 S2 O11,de-protonated,0,-9999,C33 H62 O11 N2 S2,33,62,11,2,-9999,2,-9999,-9999,-9999,-9999
1349,731.40426,731.404490065,731.40457222,10125549,-9999,428946.1,17.05,-1,-0.112324936,0.9977133,0,0.59862798,6,0.324324324,1.72972973,S1 O12,de-protonated,0,-9999,C37 H64 O12 S1,37,64,12,-9999,-9999,1,-9999,-9999,-9999,-9999
1349,731.40426,731.404490065,731.404059155,10125549,-9999,428946.1,17.05,-1,0.589153523,0.938961146,0,0.563376687,24,0.02,1.12,N2 S1 O1,de-protonated,0,-9999,C50 H56 O1 N2 S1,50,56,1,2,-9999,1,-9999,-9999,-9999,-9999
1349,731.40426,731.404490065,731.405061477,10125549,-9999,428946.1,17.05,-1,-0.781252895,0.895164024,0,0.537098415,10,0.1,1.625,N2 S2 P1 O4,de-protonated,0,-9999,C40 H65 O4 N2 P1 S2,40,65,4,2,1,2,-9999,-9999,-9999,-9999
1349,731.40426,731.404490065,731.404192097,10125549,-9999,428946.1,17.05,-1,0.407391086,0.970334342,0,0.582200605,11,0.230769231,1.564102564,N2 P1 O9,de-protonated,0,-9999,C39 H61 O9 N2 P1,39,61,9,2,1,-9999,-9999,-9999,-9999,-9999
1350,735.454466,735.45469752,735.454771119,10715347,-9999,366236.3,18.16,-1,-0.100073332,0.998184501,0,0.598910701,17,0.083333333,1.354166667,P1 O4,de-protonated,0,-9999,C48 H65 O4 P1,48,65,4,-9999,1,-9999,-9999,-9999,-9999,-9999
1350,735.454466,735.45469752,735.454499793,10715347,-9999,366236.3,18.16,-1,0.26884974,0.986970485,0,0.592182291,3,0.236842105,1.894736842,S2 O9,de-protonated,0,-9999,C38 H72 O9 S2,38,72,9,-9999,-9999,2,-9999,-9999,-9999,-9999
1350,735.454466,735.45469752,735.454119671,10715347,-9999,366236.3,18.16,-1,0.785704037,0.894031858,0,0.536419115,8,0.15,1.725,N2 S1 P1 O6,de-protonated,0,-9999,C40 H69 O6 N2 P1 S1,40,69,6,2,1,1,-9999,-9999,-9999,-9999
1350,735.454466,735.45469752,735.454967824,10715347,-9999,366236.3,18.16,-1,-0.367532903,0.975787768,0,0.585472661,9,0.263157895,1.684210526,N4 O10,de-protonated,0,-9999,C38 H64 O10 N4,38,64,10,4,-9999,-9999,-9999,-9999,-9999,-9999
1351,736.061762,736.061993738,736.06253370699994,10248395,-9999,293099.4,17.28,-1,-0.733590382,0.906968563,0,0.544181138,36,0.159090909,0.454545455,N1 S1 P1 O7,de-protonated,0,-9999,C44 H20 O7 N1 P1 S1,44,20,7,1,1,1,-9999,-9999,-9999,-9999
1351,736.061762,736.061993738,736.061393,10248395,-9999,293099.4,17.28,-1,0.816151533,0.886154847,0,0.531692908,23,0.515151515,0.696969697,N1 S1 O17,de-protonated,0,-9999,C33 H23 O17 N1 S1,33,23,17,1,-9999,1,-9999,-9999,-9999,-9999
1351,736.061762,736.061993738,736.062395322,10248395,-9999,293099.4,17.28,-1,-0.545584135,0.947422265,0,0.568453359,9,0.869565217,1.391304348,N1 S2 P1 O20,de-protonated,0,-9999,C23 H32 O20 N1 P1 S2,23,32,20,1,1,2,-9999,-9999,-9999,-9999
1351,736.061762,736.061993738,736.061882258,10248395,-9999,293099.4,17.28,-1,0.151455044,0.995846466,0,0.597507879,27,0.25,0.666666667,N3 S2 P1 O9,de-protonated,0,-9999,C36 H24 O9 N3 P1 S2,36,24,9,3,1,2,-9999,-9999,-9999,-9999
1352,739.388044,739.388276933,739.388528232,8274060.5,-9999,384727.5,13.57,-1,-0.339873736,0.97925824,0,0.587554944,13,0.214285714,1.428571429,S1 O9,de-protonated,0,-9999,C42 H60 O9 S1,42,60,9,-9999,-9999,1,-9999,-9999,-9999,-9999
1352,739.388044,739.388276933,739.388661174,8274060.5,-9999,384727.5,13.57,-1,-0.5196732,0.952179154,0,0.571307493,0,0.548387097,2.096774194,P1 O17,de-protonated,0,-9999,C31 H65 O17 P1,31,65,17,-9999,1,-9999,-9999,-9999,-9999,-9999
1352,739.388044,739.388276933,739.388148109,8274060.5,-9999,384727.5,13.57,-1,0.174230246,0.994507053,0,0.596704232,18,0.136363636,1.295454545,N2 P1 O6,de-protonated,0,-9999,C44 H57 O6 N2 P1,44,57,6,2,1,-9999,-9999,-9999,-9999,-9999
1352,739.388044,739.388276933,739.387876783,8274060.5,-9999,384727.5,13.57,-1,0.54119083,0.948243404,0,0.568946042,4,0.323529412,1.882352941,N2 S2 O11,de-protonated,0,-9999,C34 H64 O11 N2 S2,34,64,11,2,-9999,2,-9999,-9999,-9999,-9999
1353,748.044176,748.044412043,748.044775642,9879412,-9999,404811,16.59,-1,-0.486064933,0.958036974,0,0.574822184,37,0.111111111,0.444444444,N1 S2 P1 O5,de-protonated,0,-9999,C45 H20 O5 N1 P1 S2,45,20,5,1,1,2,-9999,-9999,-9999,-9999
1353,748.044176,748.044412043,748.043906262,9879412,-9999,404811,16.59,-1,0.676138836,0.920395548,0,0.552237329,38,0.227272727,0.363636364,N1 P1 O10,de-protonated,0,-9999,C44 H16 O10 N1 P1,44,16,10,1,1,-9999,-9999,-9999,-9999,-9999
1354,757.362123,757.362362391,757.362707407,9453029,-9999,368194.6,15.79,-1,-0.455548273,0.963045135,0,0.577827081,13,0.268292683,1.414634146,S1 O11,de-protonated,0,-9999,C41 H58 O11 S1,41,58,11,-9999,-9999,1,-9999,-9999,-9999,-9999
1354,757.362123,757.362362391,757.362840348,9453029,-9999,368194.6,15.79,-1,-0.631080611,0.930285035,0,0.558171021,0,0.633333333,2.1,P1 O19,de-protonated,0,-9999,C30 H63 O19 P1,30,63,19,-9999,1,-9999,-9999,-9999,-9999,-9999
1354,757.362123,757.362362391,757.362327284,9453029,-9999,368194.6,15.79,-1,0.046354625000000003,0.999610188,0,0.599766113,18,0.186046512,1.279069767,N2 P1 O8,de-protonated,0,-9999,C43 H55 O8 N2 P1,43,55,8,2,1,-9999,-9999,-9999,-9999,-9999
1354,757.362123,757.362362391,757.362055958,9453029,-9999,368194.6,15.79,-1,0.40460623,0.970732561,0,0.582439536,4,0.393939394,1.878787879,N2 S2 O13,de-protonated,0,-9999,C33 H62 O13 N2 S2,33,62,13,2,-9999,2,-9999,-9999,-9999,-9999
1354,757.362123,757.362362391,757.361675835,9453029,-9999,368194.6,15.79,-1,0.906509992,0.86147664,0,0.516885984,9,0.285714286,1.685714286,N4 S1 P1 O10,de-protonated,0,-9999,C35 H59 O10 N4 P1 S1,35,59,10,4,1,1,-9999,-9999,-9999,-9999
1355,758.336212,758.336451741,758.336827011,16072122,-9999,340181.1,28.24,-1,-0.494858494,0.478269342,0.6825583,0.559984925,18,0.209302326,1.23255814,N1 S1 O9,de-protonated,0,-9999,C43 H53 O9 N1 S1,43,53,9,1,-9999,1,-9999,-9999,-9999,-9999
1355,758.336212,758.336451741,758.336959953,16072122,-9999,340181.1,28.24,-1,-0.670165345,0.921739602,0,0.553043761,5,0.53125,1.8125,N1 P1 O17,de-protonated,0,-9999,C32 H58 O17 N1 P1,32,58,17,1,1,-9999,-9999,-9999,-9999,-9999
1355,758.336212,758.336451741,758.336446888,16072122,-9999,340181.1,28.24,-1,0.006399666,0.499996284,0.672627142,0.569048627,23,0.133333333,1.111111111,N3 P1 O6,de-protonated,0,-9999,C45 H50 O6 N3 P1,45,50,6,3,1,-9999,-9999,-9999,-9999,-9999
1355,758.336212,758.336451741,758.336175562,16072122,-9999,340181.1,28.24,-1,0.364191065,0.976220818,0,0.585732491,9,0.314285714,1.628571429,N3 S2 O11,de-protonated,0,-9999,C35 H57 O11 N3 S2,35,57,11,3,-9999,2,-9999,-9999,-9999,-9999
1356,759.380189,759.380429117,759.380859395,7888268.5,-9999,263527.6,12.84,-1,-0.566616975,0.943409375,0,0.566045625,8,0.432432432,1.621621622,O16,de-protonated,0,-9999,C37 H60 O16,37,60,16,-9999,-9999,-9999,-9999,-9999,-9999,-9999
1356,759.380189,759.380429117,759.38034633,7888268.5,-9999,263527.6,12.84,-1,0.10901805,0.997845818,0,0.598707491,26,0.1,1.04,N2 O5,de-protonated,0,-9999,C50 H52 O5 N2,50,52,5,2,-9999,-9999,-9999,-9999,-9999,-9999
1356,759.380189,759.380429117,759.379694882,7888268.5,-9999,263527.6,12.84,-1,0.966887644,0.84397598,0,0.506385588,17,0.166666667,1.333333333,N4 S1 O7,de-protonated,0,-9999,C42 H56 O7 N4 S1,42,56,7,4,-9999,1,-9999,-9999,-9999,-9999
1356,759.380189,759.380429117,759.380697203,7888268.5,-9999,263527.6,12.84,-1,-0.353033408,0.97763937,0,0.586583622,3,0.3125,2.03125,N4 S2 P1 O10,de-protonated,0,-9999,C32 H65 O10 N4 P1 S2,32,65,10,4,1,2,-9999,-9999,-9999,-9999
1356,759.380189,759.380429117,759.379827823,7888268.5,-9999,263527.6,12.84,-1,0.791821289,0.892467777,0,0.535480666,4,0.483870968,1.967741935,N4 P1 O15,de-protonated,0,-9999,C31 H61 O15 N4 P1,31,61,15,4,1,-9999,-9999,-9999,-9999,-9999
1357,771.377999,771.378243427,771.378357471,12401621,-9999,402678.2,21.16,-1,-0.147844155,0.996041768,0,0.597625061,13,0.261904762,1.428571429,S1 O11,de-protonated,0,-9999,C42 H60 O11 S1,42,60,11,-9999,-9999,1,-9999,-9999,-9999,-9999
1357,771.377999,771.378243427,771.378490413,12401621,-9999,402678.2,21.16,-1,-0.320187191,0.981569861,0,0.588941917,0,0.612903226,2.096774194,P1 O19,de-protonated,0,-9999,C31 H65 O19 P1,31,65,19,-9999,1,-9999,-9999,-9999,-9999,-9999
1357,771.377999,771.378243427,771.378846728,12401621,-9999,402678.2,21.16,-1,-0.782107436,0.894947056,0,0.536968234,17,0.066666667,1.355555556,N2 S2 P1 O3,de-protonated,0,-9999,C45 H61 O3 N2 P1 S2,45,61,3,2,1,2,-9999,-9999,-9999,-9999
1357,771.377999,771.378243427,771.377977349,12401621,-9999,402678.2,21.16,-1,0.344939506,0.978642025,0,0.587185215,18,0.181818182,1.295454545,N2 P1 O8,de-protonated,0,-9999,C44 H57 O8 N2 P1,44,57,8,2,1,-9999,-9999,-9999,-9999,-9999
1357,771.377999,771.378243427,771.377706022,12401621,-9999,402678.2,21.16,-1,0.696681916,0.915697721,0,0.549418633,4,0.382352941,1.882352941,N2 S2 O13,de-protonated,0,-9999,C34 H64 O13 N2 S2,34,64,13,2,-9999,2,-9999,-9999,-9999,-9999
1358,771.502377,771.502621472,771.50277014,13056978,-9999,378540.8,22.38,-1,-0.192699804,0.496642437,0.653607294,0.55942838,14,0.102040816,1.469387755,S1 O5,de-protonated,0,-9999,C49 H72 O5 S1,49,72,5,-9999,-9999,1,-9999,-9999,-9999,-9999
1358,771.502377,771.502621472,771.502903082,13056978,-9999,378540.8,22.38,-1,-0.365015039,0.976114393,0,0.585668636,1,0.342105263,2.026315789,P1 O13,de-protonated,0,-9999,C38 H77 O13 P1,38,77,13,-9999,1,-9999,-9999,-9999,-9999,-9999
1358,771.502377,771.502621472,771.502390018,13056978,-9999,378540.8,22.38,-1,0.300004369,0.491900884,0.644495114,0.552938576,19,0.039215686,1.352941176,N2 P1 O2,de-protonated,0,-9999,C51 H69 O2 N2 P1,51,69,2,2,1,-9999,-9999,-9999,-9999,-9999
1358,771.502377,771.502621472,771.502118692,13056978,-9999,378540.8,22.38,-1,0.651690041,0.925833153,0,0.555499892,5,0.170731707,1.853658537,N2 S2 O7,de-protonated,0,-9999,C41 H76 O7 N2 S2,41,76,7,2,-9999,2,-9999,-9999,-9999,-9999
1359,785.393541,785.393790463,785.394007536,7519122.5,-9999,417531,12.05,-1,-0.276386639,0.986234831,0,0.591740898,13,0.255813953,1.441860465,S1 O11,de-protonated,0,-9999,C43 H62 O11 S1,43,62,11,-9999,-9999,1,-9999,-9999,-9999,-9999
1359,785.393541,785.393790463,785.394140477,7519122.5,-9999,417531,12.05,-1,-0.445654127,0.964604517,0,0.57876271,0,0.59375,2.09375,P1 O19,de-protonated,0,-9999,C32 H67 O19 P1,32,67,19,-9999,1,-9999,-9999,-9999,-9999,-9999
1359,785.393541,785.393790463,785.394496793,7519122.5,-9999,417531,12.05,-1,-0.899331181,0.863505445,0,0.518103267,17,0.065217391,1.369565217,N2 S2 P1 O3,de-protonated,0,-9999,C46 H63 O3 N2 P1 S2,46,63,3,2,1,2,-9999,-9999,-9999,-9999
1359,785.393541,785.393790463,785.393627413,7519122.5,-9999,417531,12.05,-1,0.207603047,0.992210237,0,0.595326142,18,0.177777778,1.311111111,N2 P1 O8,de-protonated,0,-9999,C45 H59 O8 N2 P1,45,59,8,2,1,-9999,-9999,-9999,-9999,-9999
1359,785.393541,785.393790463,785.393356087,7519122.5,-9999,417531,12.05,-1,0.553068429,0.946009777,0,0.567605866,4,0.371428571,1.885714286,N2 S2 O13,de-protonated,0,-9999,C35 H66 O13 N2 S2,35,66,13,2,-9999,2,-9999,-9999,-9999,-9999
1360,785.517939,785.518188508,785.518420205,13646741,-9999,373455.4,23.48,-1,-0.294960688,0.492168794,0.649019222,0.554908965,14,0.1,1.48,S1 O5,de-protonated,0,-9999,C50 H74 O5 S1,50,74,5,-9999,-9999,1,-9999,-9999,-9999,-9999
1360,785.517939,785.518188508,785.518553147,13646741,-9999,373455.4,23.48,-1,-0.464201364,0.961655414,0,0.576993248,1,0.333333333,2.025641026,P1 O13,de-protonated,0,-9999,C39 H79 O13 P1,39,79,13,-9999,1,-9999,-9999,-9999,-9999,-9999
1360,785.517939,785.518188508,785.518040082,13646741,-9999,373455.4,23.48,-1,0.188952333,0.49677134,0.640033642,0.55407626,19,0.038461538,1.365384615,N2 P1 O2,de-protonated,0,-9999,C52 H71 O2 N2 P1,52,71,2,2,1,-9999,-9999,-9999,-9999,-9999
1360,785.517939,785.518188508,785.517768756,13646741,-9999,373455.4,23.48,-1,0.534362993,0.474753893,0.68763467,0.559906204,5,0.166666667,1.857142857,N2 S2 O7,de-protonated,0,-9999,C42 H78 O7 N2 S2,42,78,7,2,-9999,2,-9999,-9999,-9999,-9999
1361,787.497106,787.497356219,787.49768476,7732170,-9999,326725.5,12.44,-1,-0.417196201,0.968911863,0,0.581347118,14,0.12244898,1.469387755,S1 O6,de-protonated,0,-9999,C49 H72 O6 S1,49,72,6,-9999,-9999,1,-9999,-9999,-9999,-9999
1361,787.497106,787.497356219,787.497817702,7732170,-9999,326725.5,12.44,-1,-0.586011493,0.939590443,0,0.563754266,1,0.368421053,2.026315789,P1 O14,de-protonated,0,-9999,C38 H77 O14 P1,38,77,14,-9999,1,-9999,-9999,-9999,-9999,-9999
1361,787.497106,787.497356219,787.497304638,7732170,-9999,326725.5,12.44,-1,0.065500514,0.99922183,0,0.599533098,19,0.058823529,1.352941176,N2 P1 O3,de-protonated,0,-9999,C51 H69 O3 N2 P1,51,69,3,2,1,-9999,-9999,-9999,-9999,-9999
1361,787.497106,787.497356219,787.497033311,7732170,-9999,326725.5,12.44,-1,0.41004299,0.969952749,0,0.58197165,5,0.195121951,1.853658537,N2 S2 O8,de-protonated,0,-9999,C41 H76 O8 N2 S2,41,76,8,2,-9999,2,-9999,-9999,-9999,-9999
1361,787.497106,787.497356219,787.496653189,7732170,-9999,326725.5,12.44,-1,0.892740503,0.865357995,0,0.519214797,10,0.11627907,1.697674419,N4 S1 P1 O5,de-protonated,0,-9999,C43 H73 O5 N4 P1 S1,43,73,5,4,1,1,-9999,-9999,-9999,-9999
1362,799.533858,799.534112544,799.534070269,10010316,-9999,378899.8,16.69,-1,0.052873861,0.999492862,0,0.599695717,14,0.098039216,1.490196078,S1 O5,de-protonated,0,-9999,C51 H76 O5 S1,51,76,5,-9999,-9999,1,-9999,-9999,-9999,-9999
1362,799.533858,799.534112544,799.534203211,10010316,-9999,378899.8,16.69,-1,-0.113400122,0.997669365,0,0.598601619,1,0.325,2.025,P1 O13,de-protonated,0,-9999,C40 H81 O13 P1,40,81,13,-9999,1,-9999,-9999,-9999,-9999,-9999
1362,799.533858,799.534112544,799.533690147,10010316,-9999,378899.8,16.69,-1,0.528304159,0.950617708,0,0.570370625,19,0.037735849,1.377358491,N2 P1 O2,de-protonated,0,-9999,C53 H73 O2 N2 P1,53,73,2,2,1,-9999,-9999,-9999,-9999,-9999
1362,799.533858,799.534112544,799.533418821,10010316,-9999,378899.8,16.69,-1,0.867659959,0.872318469,0,0.523391081,5,0.162790698,1.860465116,N2 S2 O7,de-protonated,0,-9999,C43 H80 O7 N2 S2,43,80,7,2,-9999,2,-9999,-9999,-9999,-9999
1363,801.321648,801.321903186,801.322162748,8224650,-9999,312759.4,13.36,-1,-0.323916484,0.981142138,0,0.588685283,33,0.109090909,0.836363636,O6,de-protonated,0,-9999,C55 H46 O6,55,46,6,-9999,-9999,-9999,-9999,-9999,-9999,-9999
1363,801.321648,801.321903186,801.322024363,8224650,-9999,312759.4,13.36,-1,-0.151221386,0.995859245,0,0.597515547,6,0.558823529,1.705882353,S1 O19,de-protonated,0,-9999,C34 H58 O19 S1,34,58,19,-9999,-9999,1,-9999,-9999,-9999,-9999
1363,801.321648,801.321903186,801.321511299,8224650,-9999,312759.4,13.36,-1,0.48905117,0.957530914,0,0.574518548,24,0.170212766,1.063829787,N2 S1 O8,de-protonated,0,-9999,C47 H50 O8 N2 S1,47,50,8,2,-9999,1,-9999,-9999,-9999,-9999
1363,801.321648,801.321903186,801.322513621,8224650,-9999,312759.4,13.36,-1,-0.761783635,0.900056924,0,0.540034154,10,0.297297297,1.594594595,N2 S2 P1 O11,de-protonated,0,-9999,C37 H59 O11 N2 P1 S2,37,59,11,2,1,2,-9999,-9999,-9999,-9999
1363,801.321648,801.321903186,801.321644241,8224650,-9999,312759.4,13.36,-1,0.323148007,0.981230667,0,0.5887384,11,0.444444444,1.527777778,N2 P1 O16,de-protonated,0,-9999,C36 H55 O16 N2 P1,36,55,16,2,1,-9999,-9999,-9999,-9999,-9999
1363,801.321648,801.321903186,801.321131176,8224650,-9999,312759.4,13.36,-1,0.963421171,0.845001306,0,0.507000784,29,0.102040816,0.959183673,N4 P1 O5,de-protonated,0,-9999,C49 H47 O5 N4 P1,49,47,5,4,1,-9999,-9999,-9999,-9999,-9999
1364,801.512904,801.513159255,801.513334825,8011679.5,-9999,385422.4,12.96,-1,-0.219047607,0.991331545,0,0.594798927,14,0.12,1.48,S1 O6,de-protonated,0,-9999,C50 H74 O6 S1,50,74,6,-9999,-9999,1,-9999,-9999,-9999,-9999
1364,801.512904,801.513159255,801.513467766,8011679.5,-9999,385422.4,12.96,-1,-0.384910948,0.973475335,0,0.584085201,1,0.358974359,2.025641026,P1 O14,de-protonated,0,-9999,C39 H79 O14 P1,39,79,14,-9999,1,-9999,-9999,-9999,-9999,-9999
1364,801.512904,801.513159255,801.512954702,8011679.5,-9999,385422.4,12.96,-1,0.255208528,0.988251553,0,0.592950932,19,0.057692308,1.365384615,N2 P1 O3,de-protonated,0,-9999,C52 H71 O3 N2 P1,52,71,3,2,1,-9999,-9999,-9999,-9999,-9999
1364,801.512904,801.513159255,801.512683376,8011679.5,-9999,385422.4,12.96,-1,0.593726227,0.938040056,0,0.562824033,5,0.19047619,1.857142857,N2 S2 O8,de-protonated,0,-9999,C42 H78 O8 N2 S2,42,78,8,2,-9999,2,-9999,-9999,-9999,-9999
1365,806.006612,806.00686887,806.006855503,7512550,-9999,324884.7,12.03,-1,0.016583378,0.999950101,0,0.599970061,35,0.30952381,0.404761905,N1 S2 O13,de-protonated,0,-9999,C42 H17 O13 N1 S2,42,17,13,1,-9999,2,-9999,-9999,-9999,-9999
1365,806.006612,806.00686887,806.006988445,7512550,-9999,324884.7,12.03,-1,-0.148355307,0.996014406,0,0.597608643,22,0.677419355,0.709677419,N1 S1 P1 O21,de-protonated,0,-9999,C31 H22 O21 N1 P1 S1,31,22,21,1,1,1,-9999,-9999,-9999,-9999
1365,806.006612,806.00686887,806.006475381,7512550,-9999,324884.7,12.03,-1,0.488195626,0.957676187,0,0.574605712,40,0.227272727,0.318181818,N3 S1 P1 O10,de-protonated,0,-9999,C44 H14 O10 N3 P1 S1,44,14,10,3,1,1,-9999,-9999,-9999,-9999
1366,806.65594,806.656197103,806.65690254,8127045.5,-9999,327452.9,13.18,-1,-0.874519025,0.870429104,0,0.522257462,14,0.037037037,1.574074074,N3 O2,de-protonated,0,-9999,C54 H85 O2 N3,54,85,2,3,-9999,-9999,-9999,-9999,-9999,-9999
1367,807.187556,807.187813294,807.188054774,10158742,-9999,397586.2,16.97,-1,-0.299162401,0.983891827,0,0.590335096,34,0.117647059,0.705882353,S2 O6,de-protonated,0,-9999,C51 H36 O6 S2,51,36,6,-9999,-9999,2,-9999,-9999,-9999,-9999
1367,807.187556,807.187813294,807.187185394,10158742,-9999,397586.2,16.97,-1,0.777885928,0.896017099,0,0.537610259,35,0.22,0.64,O11,de-protonated,0,-9999,C50 H32 O11,50,32,11,-9999,-9999,-9999,-9999,-9999,-9999,-9999
1367,807.187556,807.187813294,807.188187716,10158742,-9999,397586.2,16.97,-1,-0.46385967,0.961710749,0,0.577026449,21,0.35,1.025,S1 P1 O14,de-protonated,0,-9999,C40 H41 O14 P1 S1,40,41,14,-9999,1,1,-9999,-9999,-9999,-9999
1367,807.187556,807.187813294,807.18704701,10158742,-9999,397586.2,16.97,-1,0.949326412,0.849145015,0,0.509487009,8,0.827586207,1.517241379,S1 O24,de-protonated,0,-9999,C29 H44 O24 S1,29,44,24,-9999,-9999,1,-9999,-9999,-9999,-9999
1367,807.187556,807.187813294,807.187674652,10158742,-9999,397586.2,16.97,-1,0.171759564,0.994661321,0,0.596796793,39,0.056603774,0.622641509,N2 S1 P1 O3,de-protonated,0,-9999,C53 H33 O3 N2 P1 S1,53,33,3,2,1,1,-9999,-9999,-9999,-9999
1367,807.187556,807.187813294,807.187536267,10158742,-9999,397586.2,16.97,-1,0.34319984,0.978854627,0,0.587312776,12,0.5,1.40625,N2 S2 P1 O16,de-protonated,0,-9999,C32 H45 O16 N2 P1 S2,32,45,16,2,1,2,-9999,-9999,-9999,-9999
1367,807.187556,807.187813294,807.187023203,10158742,-9999,397586.2,16.97,-1,0.9788201,0.840428034,0,0.504256821,30,0.111111111,0.822222222,N4 S2 P1 O5,de-protonated,0,-9999,C45 H37 O5 N4 P1 S2,45,37,5,4,1,2,-9999,-9999,-9999,-9999
1367,807.187556,807.187813294,807.188522805,10158742,-9999,397586.2,16.97,-1,-0.878990405,0.869191653,0,0.521514992,40,0.137254902,0.549019608,N4 O7,de-protonated,0,-9999,C51 H28 O7 N4,51,28,7,4,-9999,-9999,-9999,-9999,-9999,-9999
1367,807.187556,807.187813294,807.18838442,10158742,-9999,397586.2,16.97,-1,-0.70755049,0.913165415,0,0.547899249,13,0.666666667,1.333333333,N4 S1 O20,de-protonated,0,-9999,C30 H40 O20 N4 S1,30,40,20,4,-9999,1,-9999,-9999,-9999,-9999
1368,811.943658,811.943917003,811.94312834,12174778,-9999,343272.1,20.2,-1,0.971327559,0.842659175,0,0.505595505,27,0.766666667,0.366666667,N3 S1 O23,de-protonated,0,-9999,C30 H11 O23 N3 S1,30,11,23,3,-9999,1,-9999,-9999,-9999,-9999
1369,815.078083,815.078343129,815.078243342,11978779,-9999,382554.3,19.84,-1,0.122426819,0.997284083,0,0.59837045,35,0.239130435,0.543478261,S1 P1 O11,de-protonated,0,-9999,C46 H25 O11 P1 S1,46,25,11,-9999,1,1,-9999,-9999,-9999,-9999
1369,815.078083,815.078343129,815.078104957,11978779,-9999,382554.3,19.84,-1,0.292207415,0.984626372,0,0.590775823,8,0.96,1.48,S2 P1 O24,de-protonated,0,-9999,C25 H37 O24 P1 S2,25,37,24,-9999,1,2,-9999,-9999,-9999,-9999
1369,815.078083,815.078343129,815.077591893,11978779,-9999,382554.3,19.84,-1,0.921674358,0.857153994,0,0.514292396,26,0.342105263,0.763157895,N2 S2 P1 O13,de-protonated,0,-9999,C38 H29 O13 N2 P1 S2,38,29,13,2,1,2,-9999,-9999,-9999,-9999
1369,815.078083,815.078343129,815.079091495,11978779,-9999,382554.3,19.84,-1,-0.918151062,0.858162768,0,0.514897661,36,0.340909091,0.454545455,N2 O15,de-protonated,0,-9999,C44 H20 O15 N2,44,20,15,2,-9999,-9999,-9999,-9999,-9999,-9999
1369,815.078083,815.078343129,815.078440046,11978779,-9999,382554.3,19.84,-1,-0.118905186,0.997437886,0,0.598462732,27,0.472222222,0.666666667,N4 S1 O17,de-protonated,0,-9999,C36 H24 O17 N4 S1,36,24,17,4,-9999,1,-9999,-9999,-9999,-9999
1370,818.487395,818.487656354,818.488242275,10144498,-9999,330296.6,16.5,-1,-0.715857646,0.911208286,0,0.546724972,10,0.222222222,1.622222222,N1 S1 O10,de-protonated,0,-9999,C45 H73 O10 N1 S1,45,73,10,1,-9999,1,-9999,-9999,-9999,-9999
1370,818.487395,818.487656354,818.487862152,10144498,-9999,330296.6,16.5,-1,-0.251437505,0.98859421,0,0.593156526,15,0.14893617,1.489361702,N3 P1 O7,de-protonated,0,-9999,C47 H70 O7 N3 P1,47,70,7,3,1,-9999,-9999,-9999,-9999,-9999
1370,818.487395,818.487656354,818.487590826,10144498,-9999,330296.6,16.5,-1,0.080059386,0.99883768,0,0.599302608,1,0.324324324,2.0810810810000002,N3 S2 O12,de-protonated,0,-9999,C37 H77 O12 N3 S2,37,77,12,3,-9999,2,-9999,-9999,-9999,-9999
1371,820.400862,820.401124041,820.400747423,9751719,-9999,272529.1,15.79,-1,0.459066913,0.96248294,0,0.577489764,30,0.089285714,0.982142857,N1 O5,de-protonated,0,-9999,C56 H55 O5 N1,56,55,5,1,-9999,-9999,-9999,-9999,-9999,-9999
1371,820.400862,820.401124041,820.401749744,9751719,-9999,272529.1,15.79,-1,-0.762678482,0.899834165,0,0.539900499,16,0.173913043,1.391304348,N1 S1 P1 O8,de-protonated,0,-9999,C46 H64 O8 N1 P1 S1,46,64,8,1,1,1,-9999,-9999,-9999,-9999
1371,820.400862,820.401124041,820.400609038,9751719,-9999,272529.1,15.79,-1,0.627746083,0.930993854,0,0.558596313,3,0.514285714,1.914285714,N1 S1 O18,de-protonated,0,-9999,C35 H67 O18 N1 S1,35,67,18,1,-9999,1,-9999,-9999,-9999,-9999
1371,820.400862,820.401124041,820.401098296,9751719,-9999,272529.1,15.79,-1,0.031382112,0.999821319,0,0.599892791,7,0.263157895,1.789473684,N3 S2 P1 O10,de-protonated,0,-9999,C38 H68 O10 N3 P1 S2,38,68,10,3,1,2,-9999,-9999,-9999,-9999
1373,834.053611,834.053877947,834.053411773,13720294,-9999,242727.9,23,-1,0.558925221,0.472446258,0.658260696,0.546772033,39,0.208333333,0.4375,N1 S2 O10,de-protonated,0,-9999,C48 H21 O10 N1 S2,48,21,10,1,-9999,2,-9999,-9999,-9999,-9999
1373,834.053611,834.053877947,834.053544715,13720294,-9999,242727.9,23,-1,0.399532812,0.971451424,0,0.582870854,26,0.486486486,0.702702703,N1 S1 P1 O18,de-protonated,0,-9999,C37 H26 O18 N1 P1 S1,37,26,18,1,1,1,-9999,-9999,-9999,-9999
1373,834.053611,834.053877947,834.054392868,13720294,-9999,242727.9,23,-1,-0.617371501,0.933178549,0,0.559907129,27,0.628571429,0.6,N3 O22,de-protonated,0,-9999,C35 H21 O22 N3,35,21,22,3,-9999,-9999,-9999,-9999,-9999,-9999
1374,835.316874,835.317141401,835.316897919,15670368,-9999,285387.6,26.54,-1,0.291483967,0.492350909,0.610452919,0.539591713,36,0.016949153,0.830508475,S1 P1 O1,de-protonated,0,-9999,C59 H49 O1 P1 S1,59,49,1,-9999,1,1,-9999,-9999,-9999,-9999
1374,835.316874,835.317141401,835.316759535,15670368,-9999,285387.6,26.54,-1,0.457151025,0.481394775,0.70871839,0.572324221,9,0.368421053,1.605263158,S2 P1 O14,de-protonated,0,-9999,C38 H61 O14 P1 S2,38,61,14,-9999,1,2,-9999,-9999,-9999,-9999
1374,835.316874,835.317141401,835.317746073,15670368,-9999,285387.6,26.54,-1,-0.723882248,0.454650043,0.618621811,0.52023875,37,0.087719298,0.771929825,N2 O5,de-protonated,0,-9999,C57 H44 O5 N2,57,44,5,2,-9999,-9999,-9999,-9999,-9999,-9999
1374,835.316874,835.317141401,835.317607688,15670368,-9999,285387.6,26.54,-1,-0.558215526,0.945028455,0,0.567017073,10,0.5,1.555555556,N2 S1 O18,de-protonated,0,-9999,C36 H56 O18 N2 S1,36,56,18,2,-9999,1,-9999,-9999,-9999,-9999
1374,835.316874,835.317141401,835.317094624,15670368,-9999,285387.6,26.54,-1,0.055999085,0.499715579,0.653607294,0.561272265,28,0.142857143,0.979591837,N4 S1 O7,de-protonated,0,-9999,C49 H48 O7 N4 S1,49,48,7,4,-9999,1,-9999,-9999,-9999,-9999
1374,835.316874,835.317141401,835.317227566,15670368,-9999,285387.6,26.54,-1,-0.103152113,0.499035592,0.70871839,0.582908711,15,0.394736842,1.394736842,N4 P1 O15,de-protonated,0,-9999,C38 H53 O15 N4 P1,38,53,15,4,1,-9999,-9999,-9999,-9999,-9999
1374,835.316874,835.317141401,835.316956239,15670368,-9999,285387.6,26.54,-1,0.221666065,0.991123992,0,0.594674395,1,0.714285714,2.142857143,N4 S2 O20,de-protonated,0,-9999,C28 H60 O20 N4 S2,28,60,20,4,-9999,2,-9999,-9999,-9999,-9999
1375,841.693086,841.693355692,841.693548294,8922160,-9999,399134.6,14.27,-1,-0.228827158,0.990544,0,0.5943264,6,0.037037037,1.814814815,S2 O2,de-protonated,0,-9999,C54 H98 O2 S2,54,98,2,-9999,-9999,2,-9999,-9999,-9999,-9999
1375,841.693086,841.693355692,841.692678914,8922160,-9999,399134.6,14.27,-1,0.804067261,0.889308611,0,0.533585167,7,0.132075472,1.773584906,O7,de-protonated,0,-9999,C53 H94 O7,53,94,7,-9999,-9999,-9999,-9999,-9999,-9999,-9999
1375,841.693086,841.693355692,841.692516723,8922160,-9999,399134.6,14.27,-1,0.996764068,0.835039479,0,0.501023687,2,0.020833333,2.0625,N4 S2 P1 O1,de-protonated,0,-9999,C48 H99 O1 N4 P1 S2,48,99,1,4,1,2,-9999,-9999,-9999,-9999
1375,841.693086,841.693355692,841.694016325,8922160,-9999,399134.6,14.27,-1,-0.784884982,0.894240563,0,0.536544338,12,0.055555556,1.666666667,N4 O3,de-protonated,0,-9999,C54 H90 O3 N4,54,90,3,4,-9999,-9999,-9999,-9999,-9999,-9999
1376,851.268985,851.269258132,851.268413097,8679634,-9999,396974.5,13.82,-1,0.992678334,0.836271967,0,0.50176318,33,0.148148148,0.814814815,S1 O8,de-protonated,0,-9999,C54 H44 O8 S1,54,44,8,-9999,-9999,1,-9999,-9999,-9999,-9999
1376,851.268985,851.269258132,851.269415418,8679634,-9999,396974.5,13.82,-1,-0.184766288,0.993824745,0,0.596294847,19,0.25,1.204545455,S2 P1 O11,de-protonated,0,-9999,C44 H53 O11 P1 S2,44,53,11,-9999,1,2,-9999,-9999,-9999,-9999
1376,851.268985,851.269258132,851.268546038,8679634,-9999,396974.5,13.82,-1,0.836509211,0.880761598,0,0.528456959,20,0.372093023,1.139534884,P1 O16,de-protonated,0,-9999,C43 H49 O16 P1,43,49,16,-9999,1,-9999,-9999,-9999,-9999,-9999
1376,851.268985,851.269258132,851.269750507,8679634,-9999,396974.5,13.82,-1,-0.578400454,0.941102584,0,0.564661551,38,0.072727273,0.727272727,N4 S1 O4,de-protonated,0,-9999,C55 H40 O4 N4 S1,55,40,4,4,-9999,1,-9999,-9999,-9999,-9999
1376,851.268985,851.269258132,851.269883449,8679634,-9999,396974.5,13.82,-1,-0.734569085,0.906732127,0,0.544039276,25,0.272727273,1.022727273,N4 P1 O12,de-protonated,0,-9999,C44 H45 O12 N4 P1,44,45,12,4,1,-9999,-9999,-9999,-9999,-9999
1376,851.268985,851.269258132,851.269612123,8679634,-9999,396974.5,13.82,-1,-0.415838149,0.969110775,0,0.581466465,11,0.5,1.529411765,N4 S2 O17,de-protonated,0,-9999,C34 H52 O17 N4 S2,34,52,17,4,-9999,2,-9999,-9999,-9999,-9999
1376,851.268985,851.269258132,851.268742743,8679634,-9999,396974.5,13.82,-1,0.605436878,0.935652897,0,0.561391738,12,0.666666667,1.454545455,N4 O22,de-protonated,0,-9999,C33 H48 O22 N4,33,48,22,4,-9999,-9999,-9999,-9999,-9999,-9999
1377,851.970136,851.970409384,851.970209012,12677575,-9999,368783.4,21.09,-1,0.235186576,0.990013775,0,0.594008265,32,0.5,0.421052632,N1 S1 P1 O19,de-protonated,0,-9999,C38 H16 O19 N1 P1 S1,38,16,19,1,1,1,-9999,-9999,-9999,-9999
1377,851.970136,851.970409384,851.969557564,12677575,-9999,368783.4,21.09,-1,0.999825203,0.834113947,0,0.500468368,23,0.7,0.666666667,N3 S2 P1 O21,de-protonated,0,-9999,C30 H20 O21 N3 P1 S2,30,20,21,3,1,2,-9999,-9999,-9999,-9999
1377,851.970136,851.970409384,851.971057166,12677575,-9999,368783.4,21.09,-1,-0.760332418,0.900417744,0,0.540250647,33,0.638888889,0.305555556,N3 O23,de-protonated,0,-9999,C36 H11 O23 N3,36,11,23,3,-9999,-9999,-9999,-9999,-9999,-9999
1378,853.41961,853.419883905,853.420222284,7680966,-9999,288561.4,12.01,-1,-0.396497404,0.971877431,0,0.583126458,15,0.255319149,1.404255319,S1 O12,de-protonated,0,-9999,C47 H66 O12 S1,47,66,12,-9999,-9999,1,-9999,-9999,-9999,-9999
1378,853.41961,853.419883905,853.420355226,7680966,-9999,288561.4,12.01,-1,-0.552272547,0.946160795,0,0.567696477,2,0.555555556,1.972222222,P1 O20,de-protonated,0,-9999,C36 H71 O20 P1,36,71,20,-9999,1,-9999,-9999,-9999,-9999,-9999
1378,853.41961,853.419883905,853.41970922,7680966,-9999,288561.4,12.01,-1,0.204688672,0.992426586,0,0.595455952,33,0.016666667,0.966666667,N2 S1 O1,de-protonated,0,-9999,C60 H58 O1 N2 S1,60,58,1,2,-9999,1,-9999,-9999,-9999,-9999
1378,853.41961,853.419883905,853.420711541,7680966,-9999,288561.4,12.01,-1,-0.969786931,0.84311655,0,0.50586993,19,0.08,1.34,N2 S2 P1 O4,de-protonated,0,-9999,C50 H67 O4 N2 P1 S2,50,67,4,2,1,2,-9999,-9999,-9999,-9999
1378,853.41961,853.419883905,853.419842162,7680966,-9999,288561.4,12.01,-1,0.048913342,0.999565975,0,0.599739585,20,0.183673469,1.285714286,N2 P1 O9,de-protonated,0,-9999,C49 H63 O9 N2 P1,49,63,9,2,1,-9999,-9999,-9999,-9999,-9999
1378,853.41961,853.419883905,853.419570835,7680966,-9999,288561.4,12.01,-1,0.366841572,0.975877662,0,0.585526597,6,0.358974359,1.794871795,N2 S2 O14,de-protonated,0,-9999,C39 H70 O14 N2 S2,39,70,14,2,-9999,2,-9999,-9999,-9999,-9999
1378,853.41961,853.419883905,853.419057771,7680966,-9999,288561.4,12.01,-1,0.968028566,0.843637981,0,0.506182789,24,0.057692308,1.192307692,N4 S2 O3,de-protonated,0,-9999,C52 H62 O3 N4 S2,52,62,3,4,-9999,2,-9999,-9999,-9999,-9999
1378,853.41961,853.419883905,853.419190713,7680966,-9999,288561.4,12.01,-1,0.812252999,0.887176203,0,0.532305722,11,0.268292683,1.634146341,N4 S1 P1 O11,de-protonated,0,-9999,C41 H67 O11 N4 P1 S1,41,67,11,4,1,1,-9999,-9999,-9999,-9999
1379,861.420131,861.42040778,861.420436759,10985225,-9999,222250.3,18.01,-1,-0.033641585,0.999794665,0,0.599876799,12,0.195652174,1.543478261,S2 P1 O9,de-protonated,0,-9999,C46 H71 O9 P1 S2,46,71,9,-9999,1,2,-9999,-9999,-9999,-9999
1379,861.420131,861.42040778,861.419567379,10985225,-9999,222250.3,18.01,-1,0.975599293,0.841388507,0,0.504833104,13,0.311111111,1.488888889,P1 O14,de-protonated,0,-9999,C45 H67 O14 P1,45,67,14,-9999,1,-9999,-9999,-9999,-9999,-9999
1379,861.420131,861.42040778,861.420771848,10985225,-9999,222250.3,18.01,-1,-0.422637207,0.484054418,0.618621811,0.537881375,31,0.035087719,1.01754386,N4 S1 O2,de-protonated,0,-9999,C57 H58 O2 N4 S1,57,58,2,4,-9999,1,-9999,-9999,-9999,-9999
1379,861.420131,861.42040778,861.42090479,10985225,-9999,222250.3,18.01,-1,-0.576965565,0.94138572,0,0.564831432,18,0.217391304,1.369565217,N4 P1 O10,de-protonated,0,-9999,C46 H63 O10 N4 P1,46,63,10,4,1,-9999,-9999,-9999,-9999,-9999
1379,861.420131,861.42040778,861.420633464,10985225,-9999,222250.3,18.01,-1,-0.261990519,0.987622774,0,0.592573664,4,0.416666667,1.944444444,N4 S2 O15,de-protonated,0,-9999,C36 H70 O15 N4 S2,36,70,15,4,-9999,2,-9999,-9999,-9999,-9999
1379,861.420131,861.42040778,861.419764084,10985225,-9999,222250.3,18.01,-1,0.747249899,0.903645849,0,0.54218751,5,0.571428571,1.885714286,N4 O20,de-protonated,0,-9999,C35 H66 O20 N4,35,66,20,4,-9999,-9999,-9999,-9999,-9999,-9999
1380,890.644198,890.64448528,890.644169549,9349792,-9999,325311.1,14.02,-1,0.354498023,0.977455564,0,0.586473338,11,0.017857143,1.678571429,N1 S2 P1 O1,de-protonated,0,-9999,C56 H94 O1 N1 P1 S2,56,94,1,1,1,2,-9999,-9999,-9999,-9999
1380,890.644198,890.64448528,890.645017702,9349792,-9999,325311.1,14.02,-1,-0.597793242,0.937215612,0,0.562329367,12,0.092592593,1.648148148,N3 S1 O5,de-protonated,0,-9999,C54 H89 O5 N3 S1,54,89,5,3,-9999,1,-9999,-9999,-9999,-9999
1381,900.175758,900.176048705,900.175634909,9288408,-9999,252531,13.91,-1,0.459683481,0.962384016,0,0.57743041,35,0.254901961,0.68627451,N1 S1 O13,de-protonated,0,-9999,C51 H35 O13 N1 S1,51,35,13,1,-9999,1,-9999,-9999,-9999,-9999
1381,900.175758,900.176048705,900.176637231,9288408,-9999,252531,13.91,-1,-0.653789164,0.925372911,0,0.555223747,21,0.390243902,1.073170732,N1 S2 P1 O16,de-protonated,0,-9999,C41 H44 O16 N1 P1 S2,41,44,16,1,1,2,-9999,-9999,-9999,-9999
1381,900.175758,900.176048705,900.175767851,9288408,-9999,252531,13.91,-1,0.311999222,0.982492221,0,0.589495333,22,0.525,1,N1 P1 O21,de-protonated,0,-9999,C40 H40 O21 N1 P1,40,40,21,1,1,-9999,-9999,-9999,-9999,-9999
1381,900.175758,900.176048705,900.176124166,9288408,-9999,252531,13.91,-1,-0.083829685,0.998725697,0,0.599235418,39,0.092592593,0.666666667,N3 S2 P1 O5,de-protonated,0,-9999,C54 H36 O5 N3 P1 S2,54,36,5,3,1,2,-9999,-9999,-9999,-9999
1381,900.175758,900.176048705,900.175254786,9288408,-9999,252531,13.91,-1,0.881959802,0.868367365,0,0.521020419,40,0.188679245,0.603773585,N3 P1 O10,de-protonated,0,-9999,C53 H32 O10 N3 P1,53,32,10,3,1,-9999,-9999,-9999,-9999,-9999
1382,900.183477,900.183767708,900.184010059,8796892,-9999,246806.2,13.07,-1,-0.269224486,0.986934374,0,0.592160625,22,0.575,0.975,N1 O23,de-protonated,0,-9999,C40 H39 O23 N1,40,39,23,1,-9999,-9999,-9999,-9999,-9999,-9999
1382,900.183477,900.183767708,900.184366375,8796892,-9999,246806.2,13.07,-1,-0.665049538,0.922882735,0,0.553729641,39,0.12962963,0.648148148,N3 S2 O7,de-protonated,0,-9999,C54 H35 O7 N3 S2,54,35,7,3,-9999,2,-9999,-9999,-9999,-9999
1382,900.183477,900.183767708,900.183496995,8796892,-9999,246806.2,13.07,-1,0.300730544,0.983723898,0,0.590234339,40,0.226415094,0.58490566,N3 O12,de-protonated,0,-9999,C53 H31 O12 N3,53,31,12,3,-9999,-9999,-9999,-9999,-9999,-9999
1382,900.183477,900.183767708,900.184499317,8796892,-9999,246806.2,13.07,-1,-0.812732198,0.88705086,0,0.532230516,26,0.348837209,0.930232558,N3 S1 P1 O15,de-protonated,0,-9999,C43 H40 O15 N3 P1 S1,43,40,15,3,1,1,-9999,-9999,-9999,-9999
1382,900.183477,900.183767708,900.183358611,8796892,-9999,246806.2,13.07,-1,0.454459749,0.963218246,0,0.577930947,13,0.78125,1.34375,N3 S1 O25,de-protonated,0,-9999,C32 H43 O25 N3 S1,32,43,25,3,-9999,1,-9999,-9999,-9999,-9999
1383,909.896927,909.897221198,909.896798458,8371551,-9999,175245.7,12.34,-1,0.464602314,0.961590435,0,0.576954261,0,0.087719298,2.070175439,N2 O5,de-protonated,0,-9999,C57 H118 O5 N2,57,118,5,2,-9999,-9999,-9999,-9999,-9999,-9999
1384,914.275132,914.275427771,914.275802446,13293191,-9999,232560.3,20.7,-1,-0.40980509,0.969987076,0,0.581992246,15,0.525,1.325,N1 S1 O21,de-protonated,0,-9999,C40 H53 O21 N1 S1,40,53,21,1,-9999,1,-9999,-9999,-9999,-9999
1384,914.275132,914.275427771,914.275289381,13293191,-9999,232560.3,20.7,-1,0.151365102,0.497925694,0.635633513,0.553008821,33,0.188679245,0.849056604,N3 S1 O10,de-protonated,0,-9999,C53 H45 O10 N3 S1,53,45,10,3,-9999,1,-9999,-9999,-9999,-9999
1384,914.275132,914.275427771,914.276291703,13293191,-9999,232560.3,20.7,-1,-0.944935613,0.425213742,0.6825583,0.528151565,19,0.302325581,1.255813953,N3 S2 P1 O13,de-protonated,0,-9999,C43 H54 O13 N3 P1 S2,43,54,13,3,1,2,-9999,-9999,-9999,-9999
1384,914.275132,914.275427771,914.275422323,13293191,-9999,232560.3,20.7,-1,0.005958426,0.999993558,0,0.599996135,20,0.428571429,1.19047619,N3 P1 O18,de-protonated,0,-9999,C42 H50 O18 N3 P1,42,50,18,3,1,-9999,-9999,-9999,-9999,-9999
1384,914.275132,914.275427771,914.275150997,13293191,-9999,232560.3,20.7,-1,0.302724844,0.983509108,0,0.590105465,6,0.71875,1.78125,N3 S2 O23,de-protonated,0,-9999,C32 H57 O23 N3 S2,32,57,23,3,-9999,2,-9999,-9999,-9999,-9999
1385,916.639157,916.63945362,916.640189847,11656118,-9999,346399.2,17.91,-1,-0.803179463,0.444769446,0.579826515,0.498792274,27,0.014925373,1.23880597,N1 O1,de-protonated,0,-9999,C67 H83 O1 N1,67,83,1,1,-9999,-9999,-9999,-9999,-9999,-9999
1385,916.639157,916.63945362,916.640051462,11656118,-9999,346399.2,17.91,-1,-0.652210368,0.925719186,0,0.555431511,0,0.304347826,2.065217391,N1 S1 O14,de-protonated,0,-9999,C46 H95 O14 N1 S1,46,95,14,1,-9999,1,-9999,-9999,-9999,-9999
1385,916.639157,916.63945362,916.639538398,11656118,-9999,346399.2,17.91,-1,-0.092487714,0.499224548,0.610452919,0.543715896,18,0.050847458,1.474576271,N3 S1 O3,de-protonated,0,-9999,C59 H87 O3 N3 S1,59,87,3,3,-9999,1,-9999,-9999,-9999,-9999
1385,916.639157,916.63945362,916.63967134,11656118,-9999,346399.2,17.91,-1,-0.237519314,0.98981571,0,0.593889426,5,0.229166667,1.916666667,N3 P1 O11,de-protonated,0,-9999,C48 H92 O11 N3 P1,48,92,11,3,1,-9999,-9999,-9999,-9999,-9999
1386,916.644133,916.644429622,916.64356115,18078650,-9999,285818.4,28.82,-1,0.947447764,0.424847112,0.590944388,0.491286022,22,0.015625,1.359375,N1 S1 O1,de-protonated,0,-9999,C64 H87 O1 N1 S1,64,87,1,1,-9999,1,-9999,-9999,-9999,-9999
1386,916.644133,916.644429622,916.644563472,18078650,-9999,285818.4,28.82,-1,-0.146021384,0.498069291,0.631293472,0.551358963,8,0.074074074,1.777777778,N1 S2 P1 O4,de-protonated,0,-9999,C54 H96 O4 N1 P1 S2,54,96,4,1,1,2,-9999,-9999,-9999,-9999
1386,916.644133,916.644429622,916.643694092,18078650,-9999,285818.4,28.82,-1,0.80241665,0.4448683,0.635633513,0.521174385,9,0.169811321,1.735849057,N1 P1 O9,de-protonated,0,-9999,C53 H92 O9 N1 P1,53,92,9,1,1,-9999,-9999,-9999,-9999,-9999
1387,916.649592,916.649888624,916.649434377,12803004,-9999,292616,19.86,-1,0.495551589,0.478209774,0.618621811,0.534374589,13,0.105263158,1.596491228,N1 S1 O6,de-protonated,0,-9999,C57 H91 O6 N1 S1,57,91,6,1,-9999,1,-9999,-9999,-9999,-9999
1387,916.649592,916.649888624,916.649567319,12803004,-9999,292616,19.86,-1,0.35052147,0.488976461,0.667769153,0.560493538,0,0.304347826,2.086956522,N1 P1 O14,de-protonated,0,-9999,C46 H96 O14 N1 P1,46,96,14,1,1,-9999,-9999,-9999,-9999,-9999
1387,916.649592,916.649888624,916.649054254,12803004,-9999,292616,19.86,-1,0.910238875,0.430209176,0.610452919,0.502306673,18,0.050847458,1.491525424,N3 P1 O3,de-protonated,0,-9999,C59 H88 O3 N3 P1,59,88,3,3,1,-9999,-9999,-9999,-9999,-9999
1388,925.013176,925.013475629,925.013457006,11014032,-9999,222342,16.82,-1,0.020132905,0.999926455,0,0.599955873,32,0.487804878,0.536585366,N2 S2 O20,de-protonated,0,-9999,C41 H22 O20 N2 S2,41,22,20,2,-9999,2,-9999,-9999,-9999,-9999
1388,925.013176,925.013475629,925.012587626,11014032,-9999,222342,16.82,-1,0.959990264,0.846013707,0,0.507608224,33,0.625,0.45,N2 O25,de-protonated,0,-9999,C40 H18 O25 N2,40,18,25,2,-9999,-9999,-9999,-9999,-9999,-9999
1388,925.013176,925.013475629,925.013076883,11014032,-9999,222342,16.82,-1,0.431070369,0.96684499,0,0.580106994,37,0.395348837,0.441860465,N4 S1 P1 O17,de-protonated,0,-9999,C43 H19 O17 N4 P1 S1,43,19,17,4,1,1,-9999,-9999,-9999,-9999
1389,928.750004,928.750304972,928.750348696,10762558,-9999,201956.2,16.38,-1,-0.047079128,0.499798955,0.602496955,0.540878155,11,0.016393443,1.704918033,N1 S1 P1 O1,de-protonated,0,-9999,C61 H104 O1 N1 P1 S1,61,104,1,1,1,1,-9999,-9999,-9999,-9999
1389,928.750004,928.750304972,928.749697248,10762558,-9999,201956.2,16.38,-1,0.654346295,0.462625274,0.635633513,0.53182857,2,0.056603774,2.037735849,N3 S2 P1 O3,de-protonated,0,-9999,C53 H108 O3 N3 P1 S2,53,108,3,3,1,2,-9999,-9999,-9999,-9999
1389,928.750004,928.750304972,928.75119685,10762558,-9999,201956.2,16.38,-1,-0.960298011,0.422961497,0.610452919,0.497958066,12,0.084745763,1.677966102,N3 O5,de-protonated,0,-9999,C59 H99 O5 N3,59,99,5,3,-9999,-9999,-9999,-9999,-9999,-9999
1390,938.269746,938.270050392,938.269929219,9344121,-9999,239928.3,13.16,-1,0.129145393,0.996978277,0,0.598186966,26,0.326530612,1,N1 S1 O16,de-protonated,0,-9999,C49 H49 O16 N1 S1,49,49,16,1,-9999,1,-9999,-9999,-9999,-9999
1390,938.269746,938.270050392,938.27093154,9344121,-9999,239928.3,13.16,-1,-0.939119322,0.852120117,0,0.51127207,12,0.487179487,1.487179487,N1 S2 P1 O19,de-protonated,0,-9999,C39 H58 O19 N1 P1 S2,39,58,19,1,1,2,-9999,-9999,-9999,-9999
1390,938.269746,938.270050392,938.270062161,9344121,-9999,239928.3,13.16,-1,-0.012542755,0.999971455,0,0.599982873,13,0.631578947,1.421052632,N1 P1 O24,de-protonated,0,-9999,C38 H54 O24 N1 P1,38,54,24,1,1,-9999,-9999,-9999,-9999,-9999
1390,938.269746,938.270050392,938.270418476,9344121,-9999,239928.3,13.16,-1,-0.392300668,0.972461377,0,0.583476826,30,0.153846154,0.961538462,N3 S2 P1 O8,de-protonated,0,-9999,C52 H50 O8 N3 P1 S2,52,50,8,3,1,2,-9999,-9999,-9999,-9999
1390,938.269746,938.270050392,938.269549096,9344121,-9999,239928.3,13.16,-1,0.534276913,0.949523634,0,0.569714181,31,0.254901961,0.901960784,N3 P1 O13,de-protonated,0,-9999,C51 H46 O13 N3 P1,51,46,13,3,1,-9999,-9999,-9999,-9999,-9999
1390,938.269746,938.270050392,938.26927777,9344121,-9999,239928.3,13.16,-1,0.82345435,0.884231659,0,0.530538995,17,0.43902439,1.292682927,N3 S2 O18,de-protonated,0,-9999,C41 H53 O18 N3 S2,41,53,18,3,-9999,2,-9999,-9999,-9999,-9999
1391,942.408032,942.408337879,942.408155279,10084724,-9999,319390.1,14.34,-1,0.193759421,0.496605537,0.583485697,0.531357601,39,0.045454545,0.878787879,N1 P1 O3,de-protonated,0,-9999,C66 H58 O3 N1 P1,66,58,3,1,1,-9999,-9999,-9999,-9999,-9999
1391,942.408032,942.408337879,942.407883952,10084724,-9999,319390.1,14.34,-1,0.481666831,0.958777131,0,0.575266279,25,0.142857143,1.160714286,N1 S2 O8,de-protonated,0,-9999,C56 H65 O8 N1 S2,56,65,8,1,-9999,2,-9999,-9999,-9999,-9999
1391,942.408032,942.408337879,942.408016894,10084724,-9999,319390.1,14.34,-1,0.340600762,0.979170339,0,0.587502203,12,0.355555556,1.555555556,N1 S1 P1 O16,de-protonated,0,-9999,C45 H70 O16 N1 P1 S1,45,70,16,1,1,1,-9999,-9999,-9999,-9999
1391,942.408032,942.408337879,942.40750383,10084724,-9999,319390.1,14.34,-1,0.885019628,0.433757945,0.614510218,0.506058854,30,0.086206897,1.068965517,N3 S1 P1 O5,de-protonated,0,-9999,C58 H62 O5 N3 P1 S1,58,62,5,3,1,1,-9999,-9999,-9999,-9999
1391,942.408032,942.408337879,942.408865047,10084724,-9999,319390.1,14.34,-1,-0.559383831,0.944804588,0,0.566882753,13,0.465116279,1.511627907,N3 O20,de-protonated,0,-9999,C43 H65 O20 N3,43,65,20,3,-9999,-9999,-9999,-9999,-9999,-9999
1392,948.89359,948.893898209,948.893962181,9418465,-9999,330063.9,13.27,-1,-0.067417573,0.499587816,0.590944388,0.536130445,6,0.015625,1.859375,N1 S1 O1,de-protonated,0,-9999,C64 H119 O1 N1 S1,64,119,1,1,-9999,1,-9999,-9999,-9999,-9999
1393,950.530338,950.530646797,950.530639396,10894453,-9999,220674.2,15.63,-1,0.007787083,0.499994499,0.565637507,0.526251702,38,0.014084507,0.971830986,N1 O1,de-protonated,0,-9999,C71 H69 O1 N1,71,69,1,1,-9999,-9999,-9999,-9999,-9999,-9999
1393,950.530338,950.530646797,950.530501011,10894453,-9999,220674.2,15.63,-1,0.153373606,0.995740795,0,0.597444477,11,0.28,1.62,N1 S1 O14,de-protonated,0,-9999,C50 H81 O14 N1 S1,50,81,14,1,-9999,1,-9999,-9999,-9999,-9999
1393,950.530338,950.530646797,950.529987947,10894453,-9999,220674.2,15.63,-1,0.693140195,0.458257974,0.594745702,0.512853065,29,0.047619048,1.158730159,N3 S1 O3,de-protonated,0,-9999,C63 H73 O3 N3 S1,63,73,3,3,-9999,1,-9999,-9999,-9999,-9999
1393,950.530338,950.530646797,950.530990268,10894453,-9999,220674.2,15.63,-1,-0.361346514,0.48829323,0.635633513,0.547229343,15,0.113207547,1.547169811,N3 S2 P1 O6,de-protonated,0,-9999,C53 H82 O6 N3 P1 S2,53,82,6,3,1,2,-9999,-9999,-9999,-9999
1393,950.530338,950.530646797,950.530120889,10894453,-9999,220674.2,15.63,-1,0.55327948,0.945969698,0,0.567581819,16,0.211538462,1.5,N3 P1 O11,de-protonated,0,-9999,C52 H78 O11 N3 P1,52,78,11,3,1,-9999,-9999,-9999,-9999,-9999
1393,950.530338,950.530646797,950.529849562,10894453,-9999,220674.2,15.63,-1,0.838726917,0.880168063,0,0.528100838,2,0.380952381,2.023809524,N3 S2 O16,de-protonated,0,-9999,C42 H85 O16 N3 S2,42,85,16,3,-9999,2,-9999,-9999,-9999,-9999
1394,950.950774,950.951082948,950.950595767,15384038,-9999,197208.4,22.82,-1,0.512310479,0.476746407,0.714192896,0.571725003,31,0.675675676,0.459459459,N2 S1 P1 O25,de-protonated,0,-9999,C37 H17 O25 N2 P1 S1,37,17,25,2,1,1,-9999,-9999,-9999,-9999
1394,950.950774,950.951082948,950.95149086,15384038,-9999,197208.4,22.82,-1,-0.428950414,0.483582446,0.606448844,0.532729006,0,0.033333333,2.1,N3 P1 O2,de-protonated,0,-9999,C60 H126 O2 N3 P1,60,126,2,3,1,-9999,-9999,-9999,-9999,-9999
1395,950.956416,950.956724951,950.956336052,12238314,-9999,204627,17.78,-1,0.408955624,0.970109496,0,0.582065697,35,0.536585366,0.390243902,N2 S2 O22,de-protonated,0,-9999,C41 H16 O22 N2 S2,41,16,22,2,-9999,2,-9999,-9999,-9999,-9999
1395,950.956416,950.956724951,950.955955929,12238314,-9999,204627,17.78,-1,0.808682523,0.888108348,0,0.532865009,40,0.441860465,0.302325581,N4 S1 P1 O19,de-protonated,0,-9999,C43 H13 O19 N4 P1 S1,43,13,19,4,1,1,-9999,-9999,-9999,-9999
1396,950.960413,950.960721952,950.960358804,9829870,-9999,351999,13.93,-1,0.381875411,0.973886561,0,0.584331936,39,0.434782609,0.347826087,S2 O20,de-protonated,0,-9999,C46 H16 O20 S2,46,16,20,-9999,-9999,2,-9999,-9999,-9999,-9999
1397,952.172944,952.173253388,952.173920832,37143068,-9999,237170.8,57.64,-1,-0.700968847,0.45735137,0.644495114,0.532208868,33,0.274509804,0.764705882,N1 S2 O14,de-protonated,0,-9999,C51 H39 O14 N1 S2,51,39,14,1,-9999,2,-9999,-9999,-9999,-9999
1397,952.172944,952.173253388,952.173051452,37143068,-9999,237170.8,57.64,-1,0.212078691,0.495936063,0.649019222,0.557169327,34,0.38,0.7,N1 O19,de-protonated,0,-9999,C50 H35 O19 N1,50,35,19,1,-9999,-9999,-9999,-9999,-9999,-9999
1397,952.172944,952.173253388,952.174053774,37143068,-9999,237170.8,57.64,-1,-0.840587897,0.439834549,0.698017357,0.543107672,20,0.55,1.1,N1 S1 P1 O22,de-protonated,0,-9999,C40 H44 O22 N1 P1 S1,40,44,22,1,1,1,-9999,-9999,-9999,-9999
1397,952.172944,952.173253388,952.173540709,37143068,-9999,237170.8,57.64,-1,-0.301753539,0.491806946,0.635633513,0.549337573,38,0.20754717,0.679245283,N3 S1 P1 O11,de-protonated,0,-9999,C53 H36 O11 N3 P1 S1,53,36,11,3,1,1,-9999,-9999,-9999,-9999
1397,952.172944,952.173253388,952.172400003,37143068,-9999,237170.8,57.64,-1,0.89624977,0.432186395,0.68763467,0.534365705,25,0.5,0.928571429,N3 S1 O21,de-protonated,0,-9999,C42 H39 O21 N3 S1,42,39,21,3,-9999,1,-9999,-9999,-9999,-9999
1397,952.172944,952.173253388,952.173402325,37143068,-9999,237170.8,57.64,-1,-0.156418259,0.497785197,0.742885034,0.595825132,11,0.75,1.5,N3 S2 P1 O24,de-protonated,0,-9999,C32 H48 O24 N3 P1 S2,32,48,24,3,1,2,-9999,-9999,-9999,-9999
1398,952.593893,952.594202539,952.594421423,9307024,-9999,298639.7,13.09,-1,-0.229776747,0.990465732,0,0.594279439,18,0.172413793,1.431034483,N1 O10,de-protonated,0,-9999,C58 H83 O10 N1,58,83,10,1,-9999,-9999,-9999,-9999,-9999,-9999
1398,952.593893,952.594202539,952.59491068,9307024,-9999,298639.7,13.09,-1,-0.743381462,0.904591836,0,0.542755102,22,0.032786885,1.37704918,N3 S1 P1 O2,de-protonated,0,-9999,C61 H84 O2 N3 P1 S1,61,84,2,3,1,1,-9999,-9999,-9999,-9999
1398,952.593893,952.594202539,952.593769974,9307024,-9999,298639.7,13.09,-1,0.454091394,0.963276739,0,0.577966043,9,0.24,1.74,N3 S1 O12,de-protonated,0,-9999,C50 H87 O12 N3 S1,50,87,12,3,-9999,1,-9999,-9999,-9999,-9999
1399,953.398511,953.398820828,953.398519545,8865371,-9999,242910.6,12.38,-1,0.316009506,0.491021673,0.587191358,0.529489547,35,0.015384615,0.969230769,S2 P1 O1,de-protonated,0,-9999,C65 H63 O1 P1 S2,65,63,1,-9999,1,2,-9999,-9999,-9999,-9999
1399,953.398511,953.398820828,953.399367698,8865371,-9999,242910.6,12.38,-1,-0.573600312,0.942047331,0,0.565228399,36,0.079365079,0.920634921,N2 S1 O5,de-protonated,0,-9999,C63 H58 O5 N2 S1,63,58,5,2,-9999,1,-9999,-9999,-9999,-9999
1399,953.398511,953.398820828,953.39950064,8865371,-9999,242910.6,12.38,-1,-0.713039921,0.911874218,0,0.547124531,23,0.25,1.211538462,N2 P1 O13,de-protonated,0,-9999,C52 H63 O13 N2 P1,52,63,13,2,1,-9999,-9999,-9999,-9999,-9999
1399,953.398511,953.398820828,953.399229314,8865371,-9999,242910.6,12.38,-1,-0.428451935,0.9672399,0,0.58034394,9,0.428571429,1.666666667,N2 S2 O18,de-protonated,0,-9999,C42 H70 O18 N2 S2,42,70,18,2,-9999,2,-9999,-9999,-9999,-9999
1399,953.398511,953.398820828,953.398359934,8865371,-9999,242910.6,12.38,-1,0.483422402,0.958482424,0,0.575089455,10,0.56097561,1.609756098,N2 O23,de-protonated,0,-9999,C41 H66 O23 N2,41,66,23,2,-9999,-9999,-9999,-9999,-9999,-9999
1399,953.398511,953.398820828,953.398716249,8865371,-9999,242910.6,12.38,-1,0.109690209,0.997819201,0,0.598691521,27,0.127272727,1.127272727,N4 S2 O7,de-protonated,0,-9999,C55 H62 O7 N4 S2,55,62,7,4,-9999,2,-9999,-9999,-9999,-9999
1399,953.398511,953.398820828,953.398849191,8865371,-9999,242910.6,12.38,-1,-0.02974959,0.999839424,0,0.599903654,14,0.340909091,1.522727273,N4 S1 P1 O15,de-protonated,0,-9999,C44 H67 O15 N4 P1 S1,44,67,15,4,1,1,-9999,-9999,-9999,-9999
1400,953.402397,953.402706829,953.40339045,9176671,-9999,219954,12.88,-1,-0.717032041,0.455465051,0.576212942,0.503764208,40,0.044117647,0.852941176,S1 O3,de-protonated,0,-9999,C68 H58 O3 S1,68,58,3,-9999,-9999,1,-9999,-9999,-9999,-9999
1400,953.402397,953.402706829,953.403523392,9176671,-9999,219954,12.88,-1,-0.856471042,0.875377244,0,0.525226346,27,0.192982456,1.105263158,P1 O11,de-protonated,0,-9999,C57 H63 O11 P1,57,63,11,-9999,1,-9999,-9999,-9999,-9999,-9999
1400,953.402397,953.402706829,953.403252066,9176671,-9999,219954,12.88,-1,-0.571884297,0.942383389,0,0.565430034,13,0.340425532,1.489361702,S2 O16,de-protonated,0,-9999,C47 H70 O16 S2,47,70,16,-9999,-9999,2,-9999,-9999,-9999,-9999
1400,953.402397,953.402706829,953.402382686,9176671,-9999,219954,12.88,-1,0.339986062,0.979244671,0,0.587546803,14,0.456521739,1.434782609,O21,de-protonated,0,-9999,C46 H66 O21,46,66,21,-9999,-9999,-9999,-9999,-9999,-9999,-9999
1400,953.402397,953.402706829,953.403385007,9176671,-9999,219954,12.88,-1,-0.711323339,0.91227886,0,0.547367316,0,0.666666667,2.083333333,S1 P1 O24,de-protonated,0,-9999,C36 H75 O24 P1 S1,36,75,24,-9999,1,1,-9999,-9999,-9999,-9999
1400,953.402397,953.402706829,953.402739001,9176671,-9999,219954,12.88,-1,-0.0337445,0.999793407,0,0.599876044,31,0.083333333,1.033333333,N2 S2 O5,de-protonated,0,-9999,C60 H62 O5 N2 S2,60,62,5,2,-9999,2,-9999,-9999,-9999,-9999
1400,953.402397,953.402706829,953.401869622,9176671,-9999,219954,12.88,-1,0.87812684,0.869430998,0,0.521658599,32,0.169491525,0.983050847,N2 O10,de-protonated,0,-9999,C59 H58 O10 N2,59,58,10,2,-9999,-9999,-9999,-9999,-9999,-9999
1400,953.402397,953.402706829,953.402871943,9176671,-9999,219954,12.88,-1,-0.173183691,0.994572665,0,0.596743599,18,0.265306122,1.367346939,N2 S1 P1 O13,de-protonated,0,-9999,C49 H67 O13 N2 P1 S1,49,67,13,2,1,1,-9999,-9999,-9999,-9999
1400,953.402397,953.402706829,953.402358879,9176671,-9999,219954,12.88,-1,0.364956535,0.976121957,0,0.585673174,36,0.032258065,0.951612903,N4 S1 P1 O2,de-protonated,0,-9999,C62 H59 O2 N4 P1 S1,62,59,2,4,1,1,-9999,-9999,-9999,-9999
1400,953.402397,953.402706829,953.402220494,9176671,-9999,219954,12.88,-1,0.510104592,0.953883089,0,0.572329854,9,0.365853659,1.731707317,N4 S2 P1 O15,de-protonated,0,-9999,C41 H71 O15 N4 P1 S2,41,71,15,4,1,2,-9999,-9999,-9999,-9999
1401,953.82013,953.820439979,953.821250733,16615379,-9999,189004.9,24.78,-1,-0.850006063,0.438565666,0.614510218,0.508943487,2,0.120689655,1.965517241,S1 O7,de-protonated,0,-9999,C58 H114 O7 S1,58,114,7,-9999,-9999,1,-9999,-9999,-9999,-9999
1401,953.82013,953.820439979,953.820870611,16615379,-9999,189004.9,24.78,-1,-0.451480293,0.481845057,0.606448844,0.531686572,7,0.066666667,1.85,N2 P1 O4,de-protonated,0,-9999,C60 H111 O4 N2 P1,60,111,4,2,1,-9999,-9999,-9999,-9999,-9999
1402,955.053766,955.054076423,955.054533972,8768546,-9999,181191,12.22,-1,-0.479082293,0.959209209,0,0.575525526,40,0.3,0.48,N2 S2 O15,de-protonated,0,-9999,C50 H24 O15 N2 S2,50,24,15,2,-9999,2,-9999,-9999,-9999,-9999
1402,955.053766,955.054076423,955.054666914,8768546,-9999,181191,12.22,-1,-0.618280258,0.932988433,0,0.55979306,27,0.58974359,0.743589744,N2 S1 P1 O23,de-protonated,0,-9999,C39 H29 O23 N2 P1 S1,39,29,23,2,1,1,-9999,-9999,-9999,-9999
1402,955.053766,955.054076423,955.054015465,8768546,-9999,181191,12.22,-1,0.063825954,0.999261096,0,0.599556658,18,0.806451613,1.064516129,N4 S2 P1 O25,de-protonated,0,-9999,C31 H33 O25 N4 P1 S2,31,33,25,4,1,2,-9999,-9999,-9999,-9999
1403,955.85345,955.85376071,955.854658862,18566896,-9999,316103.9,27.9,-1,-0.939632881,0.425985474,0.614510218,0.501395372,1,0.155172414,2,O9,de-protonated,0,-9999,C58 H116 O9,58,116,9,-9999,-9999,-9999,-9999,-9999,-9999,-9999
1404,955.857894,955.858204712,955.858519423,12324596,-9999,256677.1,17.91,-1,-0.329244898,0.490261372,0.614510218,0.53996091,0,0.017241379,2.086206897,N2 S2 P1 O1,de-protonated,0,-9999,C58 H121 O1 N2 P1 S2,58,121,1,2,1,2,-9999,-9999,-9999,-9999
1404,955.857894,955.858204712,955.857650043,12324596,-9999,256677.1,17.91,-1,0.580283403,0.47036505,0.618621811,0.529667754,1,0.105263158,2.052631579,N2 P1 O6,de-protonated,0,-9999,C57 H117 O6 N2 P1,57,117,6,2,1,-9999,-9999,-9999,-9999,-9999
1405,958.796696,958.797007768,958.79729889,19962194,-9999,225080.4,30.13,-1,-0.303632748,0.491705435,0.594745702,0.532921542,10,0.015873016,1.746031746,N1 S1 P1 O1,de-protonated,0,-9999,C63 H110 O1 N1 P1 S1,63,110,1,1,1,1,-9999,-9999,-9999,-9999
1405,958.796696,958.797007768,958.796647441,19962194,-9999,225080.4,30.13,-1,0.375811098,0.487349428,0.627012296,0.543214575,1,0.054545455,2.072727273,N3 S2 P1 O3,de-protonated,0,-9999,C55 H114 O3 N3 P1 S2,55,114,3,3,1,2,-9999,-9999,-9999,-9999
1406,960.467236,960.467548368,960.466718984,11984703,-9999,258112.4,17.36,-1,0.863521854,0.436726551,0.590944388,0.498413686,32,0.078125,1.046875,N1 S1 O5,de-protonated,0,-9999,C64 H67 O5 N1 S1,64,67,5,1,-9999,1,-9999,-9999,-9999,-9999
1406,960.467236,960.467548368,960.467721305,11984703,-9999,258112.4,17.36,-1,-0.180055607,0.497067349,0.631293472,0.550757798,18,0.148148148,1.407407407,N1 S2 P1 O8,de-protonated,0,-9999,C54 H76 O8 N1 P1 S2,54,76,8,1,1,2,-9999,-9999,-9999,-9999
1406,960.467236,960.467548368,960.466851925,11984703,-9999,258112.4,17.36,-1,0.725108077,0.454503537,0.635633513,0.526955527,19,0.245283019,1.358490566,N1 P1 O13,de-protonated,0,-9999,C53 H72 O13 N1 P1,53,72,13,1,1,-9999,-9999,-9999,-9999,-9999
1407,961.804487,961.804799848,961.805206746,10986497,-9999,272362.7,15.76,-1,-0.423055944,0.484023316,0.594745702,0.52831227,9,0.063492063,1.746031746,S1 O4,de-protonated,0,-9999,C63 H110 O4 S1,63,110,4,-9999,-9999,1,-9999,-9999,-9999,-9999
1407,961.804487,961.804799848,961.804826623,10986497,-9999,272362.7,15.76,-1,-0.027838173,0.499929697,0.587191358,0.534834361,14,0.015384615,1.646153846,N2 P1 O1,de-protonated,0,-9999,C65 H107 O1 N2 P1,65,107,1,2,1,-9999,-9999,-9999,-9999,-9999
1407,961.804487,961.804799848,961.804555297,10986497,-9999,272362.7,15.76,-1,0.254262957,0.49416897,0.627012296,0.5473063,0,0.109090909,2.072727273,N2 S2 O6,de-protonated,0,-9999,C55 H114 O6 N2 S2,55,114,6,2,-9999,2,-9999,-9999,-9999,-9999
1407,961.804487,961.804799848,961.804175174,10986497,-9999,272362.7,15.76,-1,0.649481263,0.463158043,0.618621811,0.52534355,5,0.052631579,1.947368421,N4 S1 P1 O3,de-protonated,0,-9999,C57 H111 O3 N4 P1 S1,57,111,3,4,1,1,-9999,-9999,-9999,-9999
1408,963.82269,963.823003573,963.823358734,10054448,-9999,347447.9,14.27,-1,-0.368490937,0.487831464,0.610452919,0.536880046,4,0.152542373,1.898305085,O9,de-protonated,0,-9999,C59 H112 O9,59,112,9,-9999,-9999,-9999,-9999,-9999,-9999,-9999
1408,963.82269,963.823003573,963.823847991,10054448,-9999,347447.9,14.27,-1,-0.876111879,0.434994402,0.598596236,0.500435136,8,0.016129032,1.822580645,N2 S1 P1 O1,de-protonated,0,-9999,C62 H113 O1 N2 P1 S1,62,113,1,2,1,1,-9999,-9999,-9999,-9999
1408,963.82269,963.823003573,963.822327162,10054448,-9999,347447.9,14.27,-1,0.701800538,0.914509126,0,0.548705476,0,0.150943396,2.132075472,N4 P1 O8,de-protonated,0,-9999,C53 H113 O8 N4 P1,53,113,8,4,1,-9999,-9999,-9999,-9999,-9999
1409,964.210919,964.211232713,964.210306341,18082962,-9999,258384.6,27.12,-1,0.960756874,0.422893851,0.635633513,0.507989716,33,0.245283019,0.811320755,N1 S2 O13,de-protonated,0,-9999,C53 H43 O13 N1 S2,53,43,13,1,-9999,2,-9999,-9999,-9999,-9999
1409,964.210919,964.211232713,964.210439283,18082962,-9999,258384.6,27.12,-1,0.822880481,0.442191628,0.68763467,0.540368845,20,0.5,1.142857143,N1 S1 P1 O21,de-protonated,0,-9999,C42 H48 O21 N1 P1 S1,42,48,21,1,1,1,-9999,-9999,-9999,-9999
1409,964.210919,964.211232713,964.212156816,18082962,-9999,258384.6,27.12,-1,-0.958402239,0.423240746,0.692787115,0.531059293,20,0.487804878,1.146341463,N3 S2 O20,de-protonated,0,-9999,C41 H47 O20 N3 S2,41,47,20,3,-9999,2,-9999,-9999,-9999,-9999
1409,964.210919,964.211232713,964.211287436,18082962,-9999,258384.6,27.12,-1,-0.056754387,0.499707857,0.698017357,0.579031657,21,0.625,1.075,N3 O25,de-protonated,0,-9999,C40 H43 O25 N3,40,43,25,3,-9999,-9999,-9999,-9999,-9999,-9999
1410,964.218321,964.218634716,964.218681491,19672218,-9999,217972,29.66,-1,-0.048511693,0.499786536,0.68763467,0.57492579,20,0.547619048,1.119047619,N1 S1 O23,de-protonated,0,-9999,C42 H47 O23 N1 S1,42,47,23,1,-9999,1,-9999,-9999,-9999,-9999
1410,964.218321,964.218634716,964.218168427,19672218,-9999,217972,29.66,-1,0.483592183,0.479226936,0.627012296,0.53834108,38,0.218181818,0.709090909,N3 S1 O12,de-protonated,0,-9999,C55 H39 O12 N3 S1,55,39,12,3,-9999,1,-9999,-9999,-9999,-9999
1410,964.218321,964.218634716,964.219170749,19672218,-9999,217972,29.66,-1,-0.555924677,0.472733107,0.672627142,0.552690721,24,0.333333333,1.066666667,N3 S2 P1 O15,de-protonated,0,-9999,C45 H48 O15 N3 P1 S2,45,48,15,3,1,2,-9999,-9999,-9999,-9999
1410,964.218321,964.218634716,964.218301369,19672218,-9999,217972,29.66,-1,0.34571698,0.489273339,0.677556332,0.564586536,25,0.454545455,1,N3 P1 O20,de-protonated,0,-9999,C44 H44 O20 N3 P1,44,44,20,3,1,-9999,-9999,-9999,-9999,-9999
1410,964.218321,964.218634716,964.218030043,19672218,-9999,217972,29.66,-1,0.627112106,0.465564127,0.73113591,0.57179284,11,0.735294118,1.5,N3 S2 O25,de-protonated,0,-9999,C34 H51 O25 N3 S2,34,51,25,3,-9999,2,-9999,-9999,-9999,-9999
1411,965.809928,965.810242287,965.809637221,19198532,-9999,238242.4,28.9,-1,0.626485713,0.465630466,0.598596236,0.518816774,8,0.080645161,1.790322581,P1 O5,de-protonated,0,-9999,C62 H111 O5 P1,62,111,5,-9999,1,-9999,-9999,-9999,-9999,-9999
1411,965.809928,965.810242287,965.810974632,19198532,-9999,238242.4,28.9,-1,-0.758269061,0.450464913,0.594745702,0.508177229,13,0.015873016,1.698412698,N4 P1 O1,de-protonated,0,-9999,C63 H107 O1 N4 P1,63,107,1,4,1,-9999,-9999,-9999,-9999,-9999
1411,965.809928,965.810242287,965.809833926,19198532,-9999,238242.4,28.9,-1,0.422817655,0.484041018,0.640033642,0.546438068,0,0.211538462,2.115384615,N4 O11,de-protonated,0,-9999,C52 H110 O11 N4,52,110,11,4,-9999,-9999,-9999,-9999,-9999,-9999
1412,967.546752,967.547066911,967.546957429,13039730,-9999,309834.9,19.04,-1,0.1131547,0.498839715,0.598596236,0.538742324,23,0.080645161,1.306451613,S1 P1 O5,de-protonated,0,-9999,C62 H81 O5 P1 S1,62,81,5,-9999,1,1,-9999,-9999,-9999,-9999
1412,967.546752,967.547066911,967.54630598,13039730,-9999,309834.9,19.04,-1,0.78645452,0.446920239,0.631293472,0.520669532,14,0.12962963,1.574074074,N2 S2 P1 O7,de-protonated,0,-9999,C54 H85 O7 N2 P1 S2,54,85,7,2,1,2,-9999,-9999,-9999,-9999
1412,967.546752,967.547066911,967.547805582,13039730,-9999,309834.9,19.04,-1,-0.763446188,0.449821446,0.606448844,0.512472405,24,0.15,1.266666667,N2 O9,de-protonated,0,-9999,C60 H76 O9 N2,60,76,9,2,-9999,-9999,-9999,-9999,-9999,-9999
1412,967.546752,967.547066911,967.547154133,13039730,-9999,309834.9,19.04,-1,-0.090147549,0.499263265,0.640033642,0.555571415,15,0.211538462,1.538461538,N4 S1 O11,de-protonated,0,-9999,C52 H80 O11 N4 S1,52,80,11,4,-9999,1,-9999,-9999,-9999,-9999
1412,967.546752,967.547066911,967.547287075,13039730,-9999,309834.9,19.04,-1,-0.227548294,0.990648905,0,0.594389343,2,0.463414634,2.073170732,N4 P1 O19,de-protonated,0,-9999,C41 H85 O19 N4 P1,41,85,19,4,1,-9999,-9999,-9999,-9999,-9999
1413,967.553887,967.554201914,967.554819515,26179704,-9999,294259,40.07,-1,-0.638311037,0.309579015,0.51866191,0.393212173,28,0.0625,1.203125,N2 P1 O4,de-protonated,0,-9999,C64 H77 O4 N2 P1,64,77,4,2,1,-9999,-9999,-9999,-9999,-9999
1413,967.553887,967.554201914,967.554548189,26179704,-9999,294259,40.07,-1,-0.357886551,0.488513763,0.631293472,0.545625647,14,0.166666667,1.555555556,N2 S2 O9,de-protonated,0,-9999,C54 H84 O9 N2 S2,54,84,9,2,-9999,2,-9999,-9999,-9999,-9999
1413,967.553887,967.554201914,967.553678809,26179704,-9999,294259,40.07,-1,0.54064712,0.474172307,0.635633513,0.53875679,15,0.264150943,1.509433962,N2 O14,de-protonated,0,-9999,C53 H80 O14 N2,53,80,14,2,-9999,-9999,-9999,-9999,-9999,-9999
1413,967.553887,967.554201914,967.554681131,26179704,-9999,294259,40.07,-1,-0.495286209,0.478232591,0.6825583,0.559962875,1,0.395348837,2.069767442,N2 S1 P1 O17,de-protonated,0,-9999,C43 H89 O17 N2 P1 S1,43,89,17,2,1,1,-9999,-9999,-9999,-9999
1413,967.553887,967.554201914,967.554168066,26179704,-9999,294259,40.07,-1,0.034982806,0.499888984,0.622788794,0.549048908,19,0.107142857,1.446428571,N4 S1 P1 O6,de-protonated,0,-9999,C56 H81 O6 N4 P1 S1,56,81,6,4,1,1,-9999,-9999,-9999,-9999
1414,967.557865,967.558179915,967.558842267,31619196,-9999,263091.7,48.78,-1,-0.68455939,0.306161342,0.494873046,0.381646023,32,0.028985507,1.115942029,P1 O2,de-protonated,0,-9999,C69 H77 O2 P1,69,77,2,-9999,1,-9999,-9999,-9999,-9999,-9999
1414,967.557865,967.558179915,967.558570941,31619196,-9999,263091.7,48.78,-1,-0.404136083,0.323599845,0.543986559,0.411754531,18,0.118644068,1.423728814,S2 O7,de-protonated,0,-9999,C59 H84 O7 S2,59,84,7,-9999,-9999,2,-9999,-9999,-9999,-9999
1414,967.557865,967.558179915,967.557701561,31619196,-9999,263091.7,48.78,-1,0.49439381,0.478309236,0.614510218,0.532789629,19,0.206896552,1.379310345,O12,de-protonated,0,-9999,C58 H80 O12,58,80,12,-9999,-9999,-9999,-9999,-9999,-9999,-9999
1414,967.557865,967.558179915,967.558703883,31619196,-9999,263091.7,48.78,-1,-0.541535164,0.47408963,0.658260696,0.547758056,5,0.3125,1.854166667,S1 P1 O15,de-protonated,0,-9999,C48 H89 O15 P1 S1,48,89,15,-9999,1,1,-9999,-9999,-9999,-9999
1414,967.557865,967.558179915,967.558190818,31619196,-9999,263091.7,48.78,-1,-0.011268378,0.333325654,0.533665548,0.413461611,23,0.06557377,1.327868852,N2 S1 P1 O4,de-protonated,0,-9999,C61 H81 O4 N2 P1 S1,61,81,4,2,1,1,-9999,-9999,-9999,-9999
1414,967.557865,967.558179915,967.55753937,31619196,-9999,263091.7,48.78,-1,0.662023541,0.461777718,0.635633513,0.531320036,14,0.113207547,1.603773585,N4 S2 P1 O6,de-protonated,0,-9999,C53 H85 O6 N4 P1 S2,53,85,6,4,1,2,-9999,-9999,-9999,-9999
1414,967.557865,967.558179915,967.559038971,31619196,-9999,263091.7,48.78,-1,-0.88785898,0.288907959,0.543986559,0.390939399,24,0.13559322,1.288135593,N4 O8,de-protonated,0,-9999,C59 H76 O8 N4,59,76,8,4,-9999,-9999,-9999,-9999,-9999,-9999
1415,969.303121,969.303436543,969.304266299,12762797,-9999,178538,18.59,-1,-0.856032521,0.437748267,0.658260696,0.525953238,20,0.354166667,1.208333333,S2 O17,de-protonated,0,-9999,C48 H58 O17 S2,48,58,17,-9999,-9999,2,-9999,-9999,-9999,-9999
1415,969.303121,969.303436543,969.303396919,12762797,-9999,178538,18.59,-1,0.040878734,0.499848416,0.662980834,0.565101383,21,0.468085106,1.14893617,O22,de-protonated,0,-9999,C47 H54 O22,47,54,22,-9999,-9999,-9999,-9999,-9999,-9999,-9999
1415,969.303121,969.303436543,969.30439924,12762797,-9999,178538,18.59,-1,-0.993184087,0.836119579,0,0.501671748,7,0.675675676,1.702702703,S1 P1 O25,de-protonated,0,-9999,C37 H63 O25 P1 S1,37,63,25,-9999,1,1,-9999,-9999,-9999,-9999
1415,969.303121,969.303436543,969.303753234,12762797,-9999,178538,18.59,-1,-0.326720828,0.490408681,0.602496955,0.535243991,38,0.098360656,0.819672131,N2 S2 O6,de-protonated,0,-9999,C61 H50 O6 N2 S2,61,50,6,2,-9999,2,-9999,-9999,-9999,-9999
1415,969.303121,969.303436543,969.302883854,12762797,-9999,178538,18.59,-1,0.570191376,0.471357028,0.606448844,0.525393754,39,0.183333333,0.766666667,N2 O11,de-protonated,0,-9999,C60 H46 O11 N2,60,46,11,2,-9999,-9999,-9999,-9999,-9999,-9999
1415,969.303121,969.303436543,969.303886176,12762797,-9999,178538,18.59,-1,-0.463872539,0.480854333,0.649019222,0.548120288,25,0.28,1.1,N2 S1 P1 O14,de-protonated,0,-9999,C50 H55 O14 N2 P1 S1,50,55,14,2,1,1,-9999,-9999,-9999,-9999
1415,969.303121,969.303436543,969.30274547,12762797,-9999,178538,18.59,-1,0.712958442,0.911893443,0,0.547136066,12,0.615384615,1.487179487,N2 S1 O24,de-protonated,0,-9999,C39 H58 O24 N2 S1,39,58,24,2,-9999,1,-9999,-9999,-9999,-9999
1415,969.303121,969.303436543,969.303234727,12762797,-9999,178538,18.59,-1,0.208206491,0.992165064,0,0.595299039,16,0.380952381,1.404761905,N4 S2 P1 O16,de-protonated,0,-9999,C42 H59 O16 N4 P1 S2,42,59,16,4,1,2,-9999,-9999,-9999,-9999
1416,972.620704,972.621020735,972.621776877,20023904,-9999,381658,30.21,-1,-0.777427448,0.44806652,0.572644131,0.497897564,29,0.014492754,1.217391304,N1 P1 O1,de-protonated,0,-9999,C69 H84 O1 N1 P1,69,84,1,1,1,-9999,-9999,-9999,-9999,-9999
1416,972.620704,972.621020735,972.621505551,20023904,-9999,381658,30.21,-1,-0.498463897,0.47795865,0.610452919,0.530956357,15,0.101694915,1.542372881,N1 S2 O6,de-protonated,0,-9999,C59 H91 O6 N1 S2,59,91,6,1,-9999,2,-9999,-9999,-9999,-9999
1416,972.620704,972.621020735,972.620636171,20023904,-9999,381658,30.21,-1,0.395388654,0.486016138,0.614510218,0.53741377,16,0.189655172,1.5,N1 O11,de-protonated,0,-9999,C58 H87 O11 N1,58,87,11,1,-9999,-9999,-9999,-9999,-9999,-9999
1416,972.620704,972.621020735,972.621638493,20023904,-9999,381658,30.21,-1,-0.63514774,0.46470807,0.658260696,0.542129121,2,0.291666667,2,N1 S1 P1 O14,de-protonated,0,-9999,C48 H96 O14 N1 P1 S1,48,96,14,1,1,1,-9999,-9999,-9999,-9999
1416,972.620704,972.621020735,972.621125429,20023904,-9999,381658,30.21,-1,-0.107641283,0.498949913,0.602496955,0.54036873,20,0.049180328,1.442622951,N3 S1 P1 O3,de-protonated,0,-9999,C61 H88 O3 N3 P1 S1,61,88,3,3,1,1,-9999,-9999,-9999,-9999
1417,972.624557,972.624873736,972.625148181,40471140,-9999,336188.6,62.94,-1,-0.28216914,0.328552338,0.508967985,0.400718597,24,0.015151515,1.333333333,N1 S1 P1 O1,de-protonated,0,-9999,C66 H88 O1 N1 P1 S1,66,88,1,1,1,1,-9999,-9999,-9999,-9999
1417,972.624557,972.624873736,972.624007475,40471140,-9999,336188.6,62.94,-1,0.890643478,0.28864847,0.565425266,0.399359188,11,0.2,1.654545455,N1 S1 O11,de-protonated,0,-9999,C55 H91 O11 N1 S1,55,91,11,1,-9999,1,-9999,-9999,-9999,-9999
1417,972.624557,972.624873736,972.624496732,40471140,-9999,336188.6,62.94,-1,0.387615035,0.324368806,0.549245293,0.414319401,15,0.051724138,1.586206897,N3 S2 P1 O3,de-protonated,0,-9999,C58 H92 O3 N3 P1 S2,58,92,3,3,1,2,-9999,-9999,-9999,-9999
1418,972.629102,972.629418738,972.628519484,36932200,-9999,298684.6,57.27,-1,0.92456009,0.285441925,0.523600568,0.380705382,19,0.015873016,1.46031746,N1 S2 P1 O1,de-protonated,0,-9999,C63 H92 O1 N1 P1 S2,63,92,1,1,1,2,-9999,-9999,-9999,-9999
1418,972.629102,972.629418738,972.630019086,36932200,-9999,298684.6,57.27,-1,-0.617242247,0.311068523,0.494873046,0.384590332,29,0.043478261,1.202898551,N1 O3,de-protonated,0,-9999,C69 H83 O3 N1,69,83,3,1,-9999,-9999,-9999,-9999,-9999,-9999
1418,972.629102,972.629418738,972.629880701,36932200,-9999,298684.6,57.27,-1,-0.474963722,0.479946669,0.658260696,0.55127228,2,0.333333333,1.979166667,N1 S1 O16,de-protonated,0,-9999,C48 H95 O16 N1 S1,48,95,16,1,-9999,1,-9999,-9999,-9999,-9999
1418,972.629102,972.629418738,972.629367637,36932200,-9999,298684.6,57.27,-1,0.052538349,0.333166426,0.533665548,0.41336607399999997,20,0.081967213,1.426229508,N3 S1 O5,de-protonated,0,-9999,C61 H87 O5 N3 S1,61,87,5,3,-9999,1,-9999,-9999,-9999,-9999
1418,972.629102,972.629418738,972.630369959,36932200,-9999,298684.6,57.27,-1,-0.97798844,0.42033812,0.644495114,0.510000918,6,0.156862745,1.882352941,N3 S2 P1 O8,de-protonated,0,-9999,C51 H96 O8 N3 P1 S2,51,96,8,3,1,2,-9999,-9999,-9999,-9999
1418,972.629102,972.629418738,972.629500579,36932200,-9999,298684.6,57.27,-1,-0.084144464,0.499358058,0.649019222,0.559222523,7,0.26,1.84,N3 P1 O13,de-protonated,0,-9999,C50 H92 O13 N3 P1,50,92,13,3,1,-9999,-9999,-9999,-9999,-9999
1419,973.600332,973.600649087,973.599780849,10145230,-9999,209521.9,14.4,-1,0.891780611,0.865627,0,0.5193762,11,0.181818182,1.654545455,S1 P1 O10,de-protonated,0,-9999,C55 H91 O10 P1 S1,55,91,10,-9999,1,1,-9999,-9999,-9999,-9999
1419,973.600332,973.600649087,973.601498382,10145230,-9999,209521.9,14.4,-1,-0.87232367,0.871034998,0,0.522620999,11,0.166666667,1.666666667,N2 S2 O9,de-protonated,0,-9999,C54 H90 O9 N2 S2,54,90,9,2,-9999,2,-9999,-9999,-9999,-9999
1419,973.600332,973.600649087,973.600629002,10145230,-9999,209521.9,14.4,-1,0.020628826,0.999922788,0,0.599953673,12,0.264150943,1.622641509,N2 O14,de-protonated,0,-9999,C53 H86 O14 N2,53,86,14,2,-9999,-9999,-9999,-9999,-9999,-9999
1419,973.600332,973.600649087,973.600115938,10145230,-9999,209521.9,14.4,-1,0.547605201,0.473521262,0.583485697,0.517507036,30,0.045454545,1.181818182,N4 O3,de-protonated,0,-9999,C66 H78 O3 N4,66,78,3,4,-9999,-9999,-9999,-9999,-9999,-9999
1419,973.600332,973.600649087,973.60111826,10145230,-9999,209521.9,14.4,-1,-0.48189459,0.958738953,0,0.575243372,16,0.107142857,1.553571429,N4 S1 P1 O6,de-protonated,0,-9999,C56 H87 O6 N4 P1 S1,56,87,6,4,1,1,-9999,-9999,-9999,-9999
1419,973.600332,973.600649087,973.599977554,10145230,-9999,209521.9,14.4,-1,0.689742125,0.917297749,0,0.55037865,3,0.355555556,2,N4 S1 O16,de-protonated,0,-9999,C45 H90 O16 N4 S1,45,90,16,4,-9999,1,-9999,-9999,-9999,-9999
1420,974.040503,974.040820245,974.040872031,11046743,-9999,234294.3,15.84,-1,-0.053166319,0.99948723799999994,0,0.599692343,39,0.3,0.52,N1 S2 P1 O15,de-protonated,0,-9999,C50 H26 O15 N1 P1 S2,50,26,15,1,1,2,-9999,-9999,-9999,-9999
1420,974.040503,974.040820245,974.040002651,11046743,-9999,234294.3,15.84,-1,0.839384112,0.879991951,0,0.52799517,40,0.408163265,0.448979592,N1 P1 O20,de-protonated,0,-9999,C49 H22 O20 N1 P1,49,22,20,1,1,-9999,-9999,-9999,-9999,-9999
1420,974.040503,974.040820245,974.041720184,11046743,-9999,234294.3,15.84,-1,-0.923922784,0.856508838,0,0.513905303,40,0.395833333,0.4375,N3 S1 O19,de-protonated,0,-9999,C48 H21 O19 N3 S1,48,21,19,3,-9999,1,-9999,-9999,-9999,-9999
1422,977.496777,977.497095487,977.497290837,11131722,-9999,281120.4,15.97,-1,-0.199847456,0.496389658,0.572644131,0.526891447,35,0.043478261,1.014492754,S1 O3,de-protonated,0,-9999,C69 H70 O3 S1,69,70,3,-9999,-9999,1,-9999,-9999,-9999,-9999
1422,977.496777,977.497095487,977.497423779,11131722,-9999,281120.4,15.97,-1,-0.335849557,0.489870763,0.614510218,0.539726545,22,0.189655172,1.293103448,P1 O11,de-protonated,0,-9999,C58 H75 O11 P1,58,75,11,-9999,1,-9999,-9999,-9999,-9999,-9999
1422,977.496777,977.497095487,977.497152452,11131722,-9999,281120.4,15.97,-1,-0.058277322,0.999383945,0,0.599630367,8,0.333333333,1.708333333,S2 O16,de-protonated,0,-9999,C48 H82 O16 S2,48,82,16,-9999,-9999,2,-9999,-9999,-9999,-9999
1422,977.496777,977.497095487,977.496283073,11131722,-9999,281120.4,15.97,-1,0.831117179,0.882199793,0,0.529319876,9,0.446808511,1.659574468,O21,de-protonated,0,-9999,C47 H78 O21,47,78,21,-9999,-9999,-9999,-9999,-9999,-9999,-9999
1422,977.496777,977.497095487,977.496639388,11131722,-9999,281120.4,15.97,-1,0.466598365,0.48063309,0.602496955,0.529378636,26,0.081967213,1.213114754,N2 S2 O5,de-protonated,0,-9999,C61 H74 O5 N2 S2,61,74,5,2,-9999,2,-9999,-9999,-9999,-9999
1422,977.496777,977.497095487,977.49677233,11131722,-9999,281120.4,15.97,-1,0.330596083,0.980364134,0,0.58821848,13,0.26,1.58,N2 S1 P1 O13,de-protonated,0,-9999,C50 H79 O13 N2 P1 S1,50,79,13,2,1,1,-9999,-9999,-9999,-9999
1422,977.496777,977.497095487,977.496259266,11131722,-9999,281120.4,15.97,-1,0.855472178,0.437824448,0.594745702,0.500592949,31,0.031746032,1.126984127,N4 S1 P1 O2,de-protonated,0,-9999,C63 H71 O2 N4 P1 S1,63,71,2,4,1,1,-9999,-9999,-9999,-9999
1422,977.496777,977.497095487,977.496120881,11131722,-9999,281120.4,15.97,-1,0.99704261,0.834955337,0,0.500973202,4,0.357142857,1.976190476,N4 S2 P1 O15,de-protonated,0,-9999,C42 H83 O15 N4 P1 S2,42,83,15,4,1,2,-9999,-9999,-9999,-9999
1422,977.496777,977.497095487,977.497620483,11131722,-9999,281120.4,15.97,-1,-0.537082194,0.949005965,0,0.569403579,14,0.354166667,1.541666667,N4 O17,de-protonated,0,-9999,C48 H74 O17 N4,48,74,17,4,-9999,-9999,-9999,-9999,-9999,-9999
1423,977.754214,977.754532579,977.754491326,21077036,-9999,208862.7,31.89,-1,0.04219183,0.333225682,0.481293734,0.392452903,24,0.013888889,1.361111111,O1,de-protonated,0,-9999,C72 H98 O1,72,98,1,-9999,-9999,-9999,-9999,-9999,-9999,-9999
1423,977.754214,977.754532579,977.755493647,21077036,-9999,208862.7,31.89,-1,-0.982933212,0.419599235,0.598596236,0.491198035,10,0.064516129,1.725806452,S1 P1 O4,de-protonated,0,-9999,C62 H107 O4 P1 S1,62,107,4,-9999,1,1,-9999,-9999,-9999,-9999
1423,977.754214,977.754532579,977.753839877,21077036,-9999,208862.7,31.89,-1,0.708462502,0.45647573,0.590944388,0.510263193,15,0.046875,1.59375,N2 S1 O3,de-protonated,0,-9999,C64 H102 O3 N2 S1,64,102,3,2,-9999,1,-9999,-9999,-9999,-9999
1423,977.754214,977.754532579,977.754842199,21077036,-9999,208862.7,31.89,-1,-0.316663907,0.490984787,0.631293472,0.547108261,1,0.111111111,2.055555556,N2 S2 P1 O6,de-protonated,0,-9999,C54 H111 O6 N2 P1 S2,54,111,6,2,1,2,-9999,-9999,-9999,-9999
1423,977.754214,977.754532579,977.753972819,21077036,-9999,208862.7,31.89,-1,0.572495962,0.471131852,0.635633513,0.536932517,2,0.20754717,2.018867925,N2 P1 O11,de-protonated,0,-9999,C53 H107 O11 N2 P1,53,107,11,2,1,-9999,-9999,-9999,-9999,-9999
1424,977.761478,977.761796582,977.761233932,9149490,-9999,376294.9,12.8,-1,0.57544644,0.470842401,0.583485697,0.51589972,14,0.015151515,1.606060606,S2 O1,de-protonated,0,-9999,C66 H106 O1 S2,66,106,1,-9999,-9999,2,-9999,-9999,-9999,-9999
1424,977.761478,977.761796582,977.761366874,9149490,-9999,376294.9,12.8,-1,0.439480947,0.965561352,0,0.579336811,1,0.163636364,2.018181818,S1 P1 O9,de-protonated,0,-9999,C55 H111 O9 P1 S1,55,111,9,-9999,1,1,-9999,-9999,-9999,-9999
1424,977.761478,977.761796582,977.762215027,9149490,-9999,376294.9,12.8,-1,-0.427962619,0.967313449,0,0.580388069,2,0.245283019,2,N2 O13,de-protonated,0,-9999,C53 H106 O13 N2,53,106,13,2,-9999,-9999,-9999,-9999,-9999,-9999
1424,977.761478,977.761796582,977.761701963,9149490,-9999,376294.9,12.8,-1,0.096770585,0.499151129,0.583485697,0.532884956,20,0.03030303,1.484848485,N4 O2,de-protonated,0,-9999,C66 H98 O2 N4,66,98,2,4,-9999,-9999,-9999,-9999,-9999,-9999
1424,977.761478,977.761796582,977.762704285,9149490,-9999,376294.9,12.8,-1,-0.928346954,0.855236217,0,0.51314173,6,0.089285714,1.910714286,N4 S1 P1 O5,de-protonated,0,-9999,C56 H107 O5 N4 P1 S1,56,107,5,4,1,1,-9999,-9999,-9999,-9999
1425,979.231166,979.23148511,979.23110135699994,10002739,-9999,344273.2,14.16,-1,0.391892246,0.972517893,0,0.583510736,28,0.31372549,0.941176471,S2 O16,de-protonated,0,-9999,C51 H48 O16 S2,51,48,16,-9999,-9999,2,-9999,-9999,-9999,-9999
1425,979.231166,979.23148511,979.231234298,10002739,-9999,344273.2,14.16,-1,0.256130868,0.988166985,0,0.592900191,15,0.6,1.325,S1 P1 O24,de-protonated,0,-9999,C40 H53 O24 P1 S1,40,53,24,-9999,1,1,-9999,-9999,-9999,-9999
1425,979.231166,979.23148511,979.230721234,10002739,-9999,344273.2,14.16,-1,0.780077237,0.895462222,0,0.537277333,33,0.245283019,0.849056604,N2 S1 P1 O13,de-protonated,0,-9999,C53 H45 O13 N2 P1 S1,53,45,13,2,1,1,-9999,-9999,-9999,-9999
1425,979.231166,979.23148511,979.232438767,10002739,-9999,344273.2,14.16,-1,-0.973882611,0.84189959,0,0.505139754,33,0.230769231,0.846153846,N4 S2 O12,de-protonated,0,-9999,C52 H44 O12 N4 S2,52,44,12,4,-9999,2,-9999,-9999,-9999,-9999
1425,979.231166,979.23148511,979.231569387,10002739,-9999,344273.2,14.16,-1,-0.08606501,0.998656879,0,0.599194127,34,0.333333333,0.784313725,N4 O17,de-protonated,0,-9999,C51 H40 O17 N4,51,40,17,4,-9999,-9999,-9999,-9999,-9999,-9999
1426,980.337443,980.337762507,980.33800878,21472494,-9999,323070.6,32.52,-1,-0.251212473,0.49430725,0.653607294,0.558027268,21,0.367346939,1.204081633,N1 S1 O18,de-protonated,0,-9999,C49 H59 O18 N1 S1,49,59,18,1,-9999,1,-9999,-9999,-9999,-9999
1426,980.337443,980.337762507,980.337495716,21472494,-9999,323070.6,32.52,-1,0.27214211,0.49332578,0.598596236,0.535433963,39,0.112903226,0.822580645,N3 S1 O7,de-protonated,0,-9999,C62 H51 O7 N3 S1,62,51,7,3,-9999,1,-9999,-9999,-9999,-9999
1426,980.337443,980.337762507,980.338498038,21472494,-9999,323070.6,32.52,-1,-0.75028216,0.451450802,0.640033642,0.526883938,25,0.192307692,1.153846154,N3 S2 P1 O10,de-protonated,0,-9999,C52 H60 O10 N3 P1 S2,52,60,10,3,1,2,-9999,-9999,-9999,-9999
1426,980.337443,980.337762507,980.337628658,21472494,-9999,323070.6,32.52,-1,0.136533966,0.498311617,0.644495114,0.556785016,26,0.294117647,1.098039216,N3 P1 O15,de-protonated,0,-9999,C51 H56 O15 N3 P1,51,56,15,3,1,-9999,-9999,-9999,-9999,-9999
1426,980.337443,980.337762507,980.337357332,21472494,-9999,323070.6,32.52,-1,0.413302157,0.484740296,0.692787115,0.567959023,12,0.487804878,1.536585366,N3 S2 O20,de-protonated,0,-9999,C41 H63 O20 N3 S2,41,63,20,3,-9999,2,-9999,-9999,-9999,-9999
1427,980.341643,980.341962509,980.34252079,20948210,-9999,301283.4,31.68,-1,-0.569475428,0.471426818,0.618621811,0.530304815,29,0.140350877,1.052631579,N1 S2 P1 O8,de-protonated,0,-9999,C57 H60 O8 N1 P1 S2,57,60,8,1,1,2,-9999,-9999,-9999,-9999
1427,980.341643,980.341962509,980.34165141,20948210,-9999,301283.4,31.68,-1,0.317337219,0.490946759,0.622788794,0.543683573,30,0.232142857,1,N1 P1 O13,de-protonated,0,-9999,C56 H56 O13 N1 P1,56,56,13,1,1,-9999,-9999,-9999,-9999,-9999
1427,980.341643,980.341962509,980.341380084,20948210,-9999,301283.4,31.68,-1,0.594104324,0.468981808,0.667769153,0.548496746,16,0.391304348,1.369565217,N1 S2 O18,de-protonated,0,-9999,C46 H63 O18 N1 S2,46,63,18,1,-9999,2,-9999,-9999,-9999,-9999
1427,980.341643,980.341962509,980.340999961,20948210,-9999,301283.4,31.68,-1,0.981849758,0.41976134,0.658260696,0.515161083,21,0.3125,1.25,N3 S1 P1 O15,de-protonated,0,-9999,C48 H60 O15 N3 P1 S1,48,60,15,3,1,1,-9999,-9999,-9999,-9999
1428,980.384734,980.385053524,980.384779526,15541527,-9999,254197.8,23.03,-1,0.279480457,0.492963564,0.644495114,0.553576184,19,0.235294118,1.333333333,N1 S2 P1 O12,de-protonated,0,-9999,C51 H68 O12 N1 P1 S2,51,68,12,1,1,2,-9999,-9999,-9999,-9999
1428,980.384734,980.385053524,980.384266462,15541527,-9999,254197.8,23.03,-1,0.80281035,0.444817289,0.590944388,0.503268129,37,0.015625,0.9375,N3 S2 P1 O1,de-protonated,0,-9999,C64 H60 O1 N3 P1 S2,64,60,1,3,1,2,-9999,-9999,-9999,-9999
1428,980.384734,980.385053524,980.385627679,15541527,-9999,254197.8,23.03,-1,-0.58564178,0.469832149,0.653607294,0.543342207,20,0.326530612,1.285714286,N3 S1 O16,de-protonated,0,-9999,C49 H63 O16 N3 S1,49,63,16,3,-9999,1,-9999,-9999,-9999,-9999
1428,980.384734,980.385053524,980.385760621,15541527,-9999,254197.8,23.03,-1,-0.721243149,0.454964776,0.70871839,0.556466222,7,0.631578947,1.789473684,N3 P1 O24,de-protonated,0,-9999,C38 H68 O24 N3 P1,38,68,24,3,1,-9999,-9999,-9999,-9999,-9999
1429,980.390792,980.391111526,980.390791137,11838749,-9999,304679.9,17.1,-1,0.326797606,0.490404216,0.587191358,0.529119073,37,0.061538462,0.923076923,N1 S1 P1 O4,de-protonated,0,-9999,C65 H60 O4 N1 P1 S1,65,60,4,1,1,1,-9999,-9999,-9999,-9999
1429,980.390792,980.391111526,980.390652753,11838749,-9999,304679.9,17.1,-1,0.467949987,0.961045886,0,0.576627531,10,0.386363636,1.636363636,N1 S2 P1 O17,de-protonated,0,-9999,C44 H72 O17 N1 P1 S2,44,72,17,1,1,2,-9999,-9999,-9999,-9999
1429,980.390792,980.391111526,980.390139688,11838749,-9999,304679.9,17.1,-1,0.991276843,0.418346993,0.618621811,0.49845692,28,0.105263158,1.122807018,N3 S2 P1 O6,de-protonated,0,-9999,C57 H64 O6 N3 P1 S2,57,64,6,3,1,2,-9999,-9999,-9999,-9999
1429,980.390792,980.391111526,980.39163929,11838749,-9999,304679.9,17.1,-1,-0.538319367,0.474388447,0.594745702,0.522531349,38,0.126984127,0.873015873,N3 O8,de-protonated,0,-9999,C63 H55 O8 N3,63,55,8,3,-9999,-9999,-9999,-9999,-9999,-9999
1429,980.390792,980.391111526,980.391500906,11838749,-9999,304679.9,17.1,-1,-0.39716723,0.971783687,0,0.583070212,11,0.5,1.595238095,N3 S1 O21,de-protonated,0,-9999,C42 H67 O21 N3 S1,42,67,21,3,-9999,1,-9999,-9999,-9999,-9999
1430,980.974535,980.974854736,980.974320504,9692946,-9999,253162,13.66,-1,0.544593342,0.473803984,0.583485697,0.51767667,4,0.045454545,1.924242424,N1 O3,de-protonated,0,-9999,C66 H127 O3 N1,66,127,3,1,-9999,-9999,-9999,-9999,-9999,-9999
1430,980.974535,980.974854736,980.973914668,9692946,-9999,253162,13.66,-1,0.958300429,0.846511464,0,0.507906878,39,0.391304348,0.413043478,N2 S2 P1 O18,de-protonated,0,-9999,C46 H19 O18 N2 P1 S2,46,19,18,2,1,2,-9999,-9999,-9999,-9999
1430,980.974535,980.974854736,980.974762822,9692946,-9999,253162,13.66,-1,0.093697165,0.998408301,0,0.599044981,40,0.5,0.318181818,N4 S1 O22,de-protonated,0,-9999,C44 H14 O22 N4 S1,44,14,22,4,-9999,1,-9999,-9999,-9999,-9999
1430,980.974535,980.974854736,980.975765143,9692946,-9999,253162,13.66,-1,-0.928062729,0.855318101,0,0.51319086,26,0.735294118,0.676470588,N4 S2 P1 O25,de-protonated,0,-9999,C34 H23 O25 N4 P1 S2,34,23,25,4,1,2,-9999,-9999,-9999,-9999
1431,981.020136,981.020455752,981.020196157,11233080,-9999,320876.3,16.13,-1,0.264618394,0.987374813,0,0.592424888,33,0.444444444,0.6,S2 P1 O20,de-protonated,0,-9999,C45 H27 O20 P1 S2,45,27,20,-9999,1,2,-9999,-9999,-9999,-9999
1431,981.020136,981.020455752,981.02104431,11233080,-9999,320876.3,16.13,-1,-0.599943482,0.936777747,0,0.562066648,34,0.558139535,0.511627907,N2 S1 O24,de-protonated,0,-9999,C43 H22 O24 N2 S1,43,22,24,2,-9999,1,-9999,-9999,-9999,-9999
1431,981.020136,981.020455752,981.020664187,11233080,-9999,320876.3,16.13,-1,-0.212467147,0.991842446,0,0.595105468,39,0.466666667,0.422222222,N4 P1 O21,de-protonated,0,-9999,C45 H19 O21 N4 P1,45,19,21,4,1,-9999,-9999,-9999,-9999,-9999
1432,981.184487,981.184806812,981.185213792,10708933,-9999,267686.5,15.29,-1,-0.414784216,0.969264725,0,0.581558835,29,0.354166667,0.875,N2 S2 O17,de-protonated,0,-9999,C48 H42 O17 N2 S2,48,42,17,2,-9999,2,-9999,-9999,-9999,-9999
1432,981.184487,981.184806812,981.184344412,10708933,-9999,267686.5,15.29,-1,0.471266926,0.960502787,0,0.576301672,30,0.468085106,0.808510638,N2 O22,de-protonated,0,-9999,C47 H38 O22 N2,47,38,22,2,-9999,-9999,-9999,-9999,-9999,-9999
1432,981.184487,981.184806812,981.185346733,10708933,-9999,267686.5,15.29,-1,-0.550275105,0.946538957,0,0.567923374,16,0.675675676,1.27027027,N2 S1 P1 O25,de-protonated,0,-9999,C37 H47 O25 N2 P1 S1,37,47,25,2,1,1,-9999,-9999,-9999,-9999
1432,981.184487,981.184806812,981.184833669,10708933,-9999,267686.5,15.29,-1,-0.02737264,0.999864057,0,0.599918434,34,0.28,0.78,N4 S1 P1 O14,de-protonated,0,-9999,C50 H39 O14 N4 P1 S1,50,39,14,4,1,1,-9999,-9999,-9999,-9999
1433,981.27892,981.279239845,981.279765627,14723094,-9999,301926.4,21.71,-1,-0.535812179,0.474620313,0.627012296,0.535577106,31,0.272727273,0.909090909,S1 O15,de-protonated,0,-9999,C55 H50 O15 S1,55,50,15,-9999,-9999,1,-9999,-9999,-9999,-9999
1433,981.27892,981.279239845,981.279898569,14723094,-9999,301926.4,21.71,-1,-0.67128999600000006,0.460743657,0.677556332,0.547468727,18,0.522727273,1.25,P1 O23,de-protonated,0,-9999,C44 H55 O23 P1,44,55,23,-9999,1,-9999,-9999,-9999,-9999,-9999
1433,981.27892,981.279239845,981.279385505,14723094,-9999,301926.4,21.71,-1,-0.14843798,0.498004986,0.618621811,0.546251716,36,0.210526316,0.824561404,N2 P1 O12,de-protonated,0,-9999,C57 H47 O12 N2 P1,57,47,12,2,1,-9999,-9999,-9999,-9999,-9999
1433,981.27892,981.279239845,981.279114178,14723094,-9999,301926.4,21.71,-1,0.128064511,0.498514285,0.662980834,0.564300905,22,0.361702128,1.14893617,N2 S2 O17,de-protonated,0,-9999,C47 H54 O17 N2 S2,47,54,17,2,-9999,2,-9999,-9999,-9999,-9999
1433,981.27892,981.279239845,981.27924712,14723094,-9999,301926.4,21.71,-1,-0.007413485,0.999990028,0,0.599994017,9,0.694444444,1.638888889,N2 S1 P1 O25,de-protonated,0,-9999,C36 H59 O25 N2 P1 S1,36,59,25,2,1,1,-9999,-9999,-9999,-9999
1433,981.27892,981.279239845,981.278601114,14723094,-9999,301926.4,21.71,-1,0.650917364,0.463001125,0.606448844,0.520380213,40,0.1,0.766666667,N4 S2 O6,de-protonated,0,-9999,C60 H46 O6 N4 S2,60,46,6,4,-9999,2,-9999,-9999,-9999,-9999
1433,981.27892,981.279239845,981.278734056,14723094,-9999,301926.4,21.71,-1,0.515439225,0.476468326,0.653607294,0.547323913,27,0.285714286,1.040816327,N4 S1 P1 O14,de-protonated,0,-9999,C49 H51 O14 N4 P1 S1,49,51,14,4,1,1,-9999,-9999,-9999,-9999
1434,981.283163,981.283482847,981.284277636,14395417,-9999,253029.5,21.19,-1,-0.809948242,0.443889132,0.594745702,0.50423176,39,0.079365079,0.80952381,S2 P1 O5,de-protonated,0,-9999,C63 H51 O5 P1 S2,63,51,5,-9999,1,2,-9999,-9999,-9999,-9999
1434,981.283163,981.283482847,981.283408257,14395417,-9999,253029.5,21.19,-1,0.076013101,0.49947607,0.598596236,0.539124137,40,0.161290323,0.758064516,P1 O10,de-protonated,0,-9999,C62 H47 O10 P1,62,47,10,-9999,1,-9999,-9999,-9999,-9999,-9999
1434,981.283163,981.283482847,981.28313693,14395417,-9999,253029.5,21.19,-1,0.352514521,0.488852158,0.640033642,0.549324751,26,0.288461538,1.038461538,S2 O15,de-protonated,0,-9999,C52 H54 O15 S2,52,54,15,-9999,-9999,2,-9999,-9999,-9999,-9999
1434,981.283163,981.283482847,981.283269872,14395417,-9999,253029.5,21.19,-1,0.217037049,0.495744634,0.692787115,0.574561626,13,0.56097561,1.43902439,S1 P1 O23,de-protonated,0,-9999,C41 H59 O23 P1 S1,41,59,23,-9999,1,1,-9999,-9999,-9999,-9999
1434,981.283163,981.283482847,981.282756808,14395417,-9999,253029.5,21.19,-1,0.739887733,0.452721408,0.631293472,0.524150234,31,0.222222222,0.944444444,N2 S1 P1 O12,de-protonated,0,-9999,C54 H51 O12 N2 P1 S1,54,51,12,2,1,1,-9999,-9999,-9999,-9999
1434,981.283163,981.283482847,981.282618423,14395417,-9999,253029.5,21.19,-1,0.880911868,0.868658494,0,0.521195096,4,0.757575758,1.909090909,N2 S2 P1 O25,de-protonated,0,-9999,C33 H63 O25 N2 P1 S2,33,63,25,2,1,2,-9999,-9999,-9999,-9999
1434,981.283163,981.283482847,981.283604961,14395417,-9999,253029.5,21.19,-1,-0.124443224,0.498597004,0.640033642,0.555171659,32,0.307692308,0.884615385,N4 O16,de-protonated,0,-9999,C52 H46 O16 N4,52,46,16,4,-9999,-9999,-9999,-9999,-9999,-9999
1435,981.288463,981.288782849,981.289281483,10922014,-9999,233408.8,15.63,-1,-0.508142176,0.477114503,0.627012296,0.53707362,31,0.272727273,0.927272727,P1 O15,de-protonated,0,-9999,C55 H51 O15 P1,55,51,15,-9999,1,-9999,-9999,-9999,-9999,-9999
1435,981.288463,981.288782849,981.289010157,10922014,-9999,233408.8,15.63,-1,-0.231642573,0.990311019,0,0.594186611,17,0.444444444,1.288888889,S2 O20,de-protonated,0,-9999,C45 H58 O20 S2,45,58,20,-9999,-9999,2,-9999,-9999,-9999,-9999
1435,981.288463,981.288782849,981.288140777,10922014,-9999,233408.8,15.63,-1,0.65431501,0.925257421,0,0.555154453,18,0.568181818,1.227272727,O25,de-protonated,0,-9999,C44 H54 O25,44,54,25,-9999,-9999,-9999,-9999,-9999,-9999,-9999
1435,981.288463,981.288782849,981.288497093,10922014,-9999,233408.8,15.63,-1,0.291204819,0.49236544,0.614510218,0.541223351,35,0.155172414,0.862068966,N2 S2 O9,de-protonated,0,-9999,C58 H50 O9 N2 S2,58,50,9,2,-9999,2,-9999,-9999,-9999,-9999
1435,981.288463,981.288782849,981.288630035,10922014,-9999,233408.8,15.63,-1,0.155728095,0.995609312,0,0.597365587,22,0.361702128,1.170212766,N2 S1 P1 O17,de-protonated,0,-9999,C47 H55 O17 N2 P1 S1,47,55,17,2,1,1,-9999,-9999,-9999,-9999
1435,981.288463,981.288782849,981.28811697,10922014,-9999,233408.8,15.63,-1,0.678575892,0.459922173,0.606448844,0.518532841,40,0.1,0.783333333,N4 S1 P1 O6,de-protonated,0,-9999,C60 H47 O6 N4 P1 S1,60,47,6,4,1,1,-9999,-9999,-9999,-9999
1435,981.288463,981.288782849,981.287978586,10922014,-9999,233408.8,15.63,-1,0.819599248,0.88524851,0,0.531149106,13,0.487179487,1.512820513,N4 S2 P1 O19,de-protonated,0,-9999,C39 H59 O19 N4 P1 S2,39,59,19,4,1,2,-9999,-9999,-9999,-9999
1435,981.288463,981.288782849,981.289478188,10922014,-9999,233408.8,15.63,-1,-0.708597184,0.912919846,0,0.547751908,23,0.466666667,1.111111111,N4 O21,de-protonated,0,-9999,C45 H50 O21 N4,45,50,21,4,-9999,-9999,-9999,-9999,-9999,-9999
1436,982.083971,982.084291135,982.084844844,12724932,-9999,240314.8,18.51,-1,-0.563810097,0.471976341,0.653607294,0.544628722,36,0.367346939,0.612244898,N1 S1 P1 O18,de-protonated,0,-9999,C49 H30 O18 N1 P1 S1,49,30,18,1,1,1,-9999,-9999,-9999,-9999
1436,982.083971,982.084291135,982.08419339500006,12724932,-9999,240314.8,18.51,-1,0.099522351,0.998204419,0,0.59892265200000006,27,0.487804878,0.829268293,N3 S2 P1 O20,de-protonated,0,-9999,C41 H34 O20 N3 P1 S2,41,34,20,3,1,2,-9999,-9999,-9999,-9999
1436,982.083971,982.084291135,982.083324016,12724932,-9999,240314.8,18.51,-1,0.984762875,0.838650438,0,0.503190263,28,0.625,0.75,N3 P1 O25,de-protonated,0,-9999,C40 H30 O25 N3 P1,40,30,25,3,1,-9999,-9999,-9999,-9999,-9999
1437,982.884553,982.884873422,982.884185344,17247592,-9999,277682.3,25.75,-1,0.70006074,0.457456964,0.606448844,0.517053716,1,0.1,2.016666667,N1 S1 O6,de-protonated,0,-9999,C60 H121 O6 N1 S1,60,121,6,1,-9999,1,-9999,-9999,-9999,-9999
1438,982.894619,982.894939426,982.89457058,19574130,-9999,358942.8,29.48,-1,0.375265199,0.487385687,0.602496955,0.533430194,0,0.016393443,2.06557377,N1 S2 P1 O1,de-protonated,0,-9999,C61 H126 O1 N1 P1 S2,61,126,1,1,1,2,-9999,-9999,-9999,-9999
1438,982.894619,982.894939426,982.895418733,19574130,-9999,358942.8,29.48,-1,-0.487648059,0.478884522,0.610452919,0.531511881,1,0.084745763,2.050847458,N3 S1 O5,de-protonated,0,-9999,C59 H121 O5 N3 S1,59,121,5,3,-9999,1,-9999,-9999,-9999,-9999
1439,982.932864,982.93318444,982.932455691,14019986,-9999,273157,20.59,-1,0.741402589,0.452537116,0.576212942,0.502007446,9,0.029411765,1.779411765,N1 O2,de-protonated,0,-9999,C68 H121 O2 N1,68,121,2,1,-9999,-9999,-9999,-9999,-9999,-9999
1439,982.932864,982.93318444,982.93390033,14019986,-9999,273157,20.59,-1,-0.72832004400000006,0.908237408,0,0.544942445,31,0.666666667,0.472222222,N4 S2 P1 O24,de-protonated,0,-9999,C36 H17 O24 N4 P1 S2,36,17,24,4,1,2,-9999,-9999,-9999,-9999
1440,982.982587,982.982907458,982.9825508,13888955,-9999,224520.2,20.38,-1,0.362832039,0.488197925,0.68763467,0.567972623,34,0.547619048,0.476190476,N2 S2 O23,de-protonated,0,-9999,C42 H20 O23 N2 S2,42,20,23,2,-9999,2,-9999,-9999,-9999,-9999
1440,982.982587,982.982907458,982.982170678,13888955,-9999,224520.2,20.38,-1,0.749535552,0.451542538,0.677556332,0.541948056,39,0.454545455,0.386363636,N4 S1 P1 O20,de-protonated,0,-9999,C44 H17 O20 N4 P1 S1,44,17,20,4,1,1,-9999,-9999,-9999,-9999
1441,983.57638,983.576700671,983.577255236,11071406,-9999,312478.7,15.87,-1,-0.563824887,0.471974913,0.558800271,0.506705056,36,0.02739726,1.04109589,O2,de-protonated,0,-9999,C73 H76 O2,73,76,2,-9999,-9999,-9999,-9999,-9999,-9999,-9999
1441,983.57638,983.576700671,983.577116852,11071406,-9999,312478.7,15.87,-1,-0.423129918,0.484017818,0.640033642,0.546424148,9,0.288461538,1.692307692,S1 O15,de-protonated,0,-9999,C52 H88 O15 S1,52,88,15,-9999,-9999,1,-9999,-9999,-9999,-9999
1441,983.57638,983.576700671,983.57660378800006,11071406,-9999,312478.7,15.87,-1,0.098501068,0.499120525,0.587191358,0.534348858,27,0.061538462,1.230769231,N2 S1 O4,de-protonated,0,-9999,C65 H80 O4 N2 S1,65,80,4,2,-9999,1,-9999,-9999,-9999,-9999
1441,983.57638,983.576700671,983.577606109,11071406,-9999,312478.7,15.87,-1,-0.920555987,0.428737245,0.627012296,0.508047265,13,0.127272727,1.618181818,N2 S2 P1 O7,de-protonated,0,-9999,C55 H89 O7 N2 P1 S2,55,89,7,2,1,2,-9999,-9999,-9999,-9999
1441,983.57638,983.576700671,983.576736729,11071406,-9999,312478.7,15.87,-1,-0.036660469,0.499878082,0.631293472,0.552444238,14,0.222222222,1.574074074,N2 P1 O12,de-protonated,0,-9999,C54 H85 O12 N2 P1,54,85,12,2,1,-9999,-9999,-9999,-9999,-9999
1441,983.57638,983.576700671,983.576465403,11071406,-9999,312478.7,15.87,-1,0.239196223,0.989672146,0,0.593803288,0,0.386363636,2.090909091,N2 S2 O17,de-protonated,0,-9999,C44 H92 O17 N2 S2,44,92,17,2,-9999,2,-9999,-9999,-9999,-9999
1441,983.57638,983.576700671,983.576223665,11071406,-9999,312478.7,15.87,-1,0.48497092,0.47911083,0.579826515,0.519397104,32,0.014925373,1.149253731,N4 P1 O1,de-protonated,0,-9999,C67 H77 O1 N4 P1,67,77,1,4,1,-9999,-9999,-9999,-9999,-9999
1441,983.57638,983.576700671,983.575952339,11071406,-9999,312478.7,15.87,-1,0.760827899,0.450147306,0.618621811,0.517537108,18,0.105263158,1.473684211,N4 S2 O6,de-protonated,0,-9999,C57 H84 O6 N4 S2,57,84,6,4,-9999,2,-9999,-9999,-9999,-9999
1441,983.57638,983.576700671,983.576085281,11071406,-9999,312478.7,15.87,-1,0.625666184,0.931434348,0,0.558860609,5,0.304347826,1.934782609,N4 S1 P1 O14,de-protonated,0,-9999,C46 H89 O14 N4 P1 S1,46,89,14,4,1,1,-9999,-9999,-9999,-9999
1442,983.78421,983.784530746,983.784685776,9203804,-9999,276342.2,12.88,-1,-0.157585692,0.497752088,0.598596236,0.538089747,7,0.032258065,1.822580645,S2 P1 O2,de-protonated,0,-9999,C62 H113 O2 P1 S2,62,113,2,-9999,1,2,-9999,-9999,-9999,-9999
1442,983.78421,983.784530746,983.783816396,9203804,-9999,276342.2,12.88,-1,0.726124447,0.908763824,0,0.545258295,8,0.114754098,1.786885246,P1 O7,de-protonated,0,-9999,C61 H109 O7 P1,61,109,7,-9999,1,-9999,-9999,-9999,-9999,-9999
1442,983.78421,983.784530746,983.785153807,9203804,-9999,276342.2,12.88,-1,-0.633330395,0.464902492,0.598596236,0.51837999,13,0.048387097,1.693548387,N4 P1 O3,de-protonated,0,-9999,C62 H105 O3 N4 P1,62,105,3,4,1,-9999,-9999,-9999,-9999,-9999
1442,983.78421,983.784530746,983.784013101,9203804,-9999,276342.2,12.88,-1,0.526177477,0.9510046,0,0.57060276,0,0.254901961,2.117647059,N4 O13,de-protonated,0,-9999,C51 H108 O13 N4,51,108,13,4,-9999,-9999,-9999,-9999,-9999,-9999
1443,983.790065,983.790385748,983.789556681,10055777,-9999,296911.2,14.24,-1,0.84272753,0.439547203,0.587191358,0.498604865,12,0.061538462,1.661538462,S1 O4,de-protonated,0,-9999,C65 H108 O4 S1,65,108,4,-9999,-9999,1,-9999,-9999,-9999,-9999
1443,983.790065,983.790385748,983.791027033,10055777,-9999,296911.2,14.24,-1,-0.651851551,0.925797786,0,0.555478672,4,0.145454545,1.981818182,N4 P1 O8,de-protonated,0,-9999,C55 H109 O8 N4 P1,55,109,8,4,1,-9999,-9999,-9999,-9999,-9999
1444,983.794797,983.795117749,983.795429908,11956325,-9999,251910.5,17.28,-1,-0.317300241,0.490948849,0.614510218,0.540373397,3,0.155172414,1.931034483,S1 O9,de-protonated,0,-9999,C58 H112 O9 S1,58,112,9,-9999,-9999,1,-9999,-9999,-9999,-9999
1444,983.794797,983.795117749,983.795919165,11956325,-9999,251910.5,17.28,-1,-0.81461598,0.443278791,0.602496955,0.506966056,7,0.016393443,1.852459016,N2 S2 P1 O1,de-protonated,0,-9999,C61 H113 O1 N2 P1 S2,61,113,1,2,1,2,-9999,-9999,-9999,-9999
1444,983.794797,983.795117749,983.795049785,11956325,-9999,251910.5,17.28,-1,0.069083488,0.499567203,0.606448844,0.54231986,8,0.1,1.816666667,N2 P1 O6,de-protonated,0,-9999,C60 H109 O6 N2 P1,60,109,6,2,1,-9999,-9999,-9999,-9999,-9999
1445,984.477713,984.478033995,984.478465437,12087966,-9999,174782.9,17.49,-1,-0.438244723,0.482875737,0.640033642,0.545738899,16,0.288461538,1.442307692,N1 S1 O15,de-protonated,0,-9999,C52 H75 O15 N1 S1,52,75,15,1,-9999,1,-9999,-9999,-9999,-9999
1445,984.477713,984.478033995,984.478598379,12087966,-9999,174782.9,17.49,-1,-0.573282368,0.942109663,0,0.565265798,3,0.56097561,1.951219512,N1 P1 O23,de-protonated,0,-9999,C41 H80 O23 N1 P1,41,80,23,1,1,-9999,-9999,-9999,-9999,-9999
1445,984.477713,984.478033995,984.477952373,12087966,-9999,174782.9,17.49,-1,0.08290867,0.499376763,0.587191358,0.534502601,34,0.061538462,1.030769231,N3 S1 O4,de-protonated,0,-9999,C65 H67 O4 N3 S1,65,67,4,3,-9999,1,-9999,-9999,-9999,-9999
1445,984.477713,984.478033995,984.478954695,12087966,-9999,174782.9,17.49,-1,-0.935215362,0.426626122,0.627012296,0.506780592,20,0.127272727,1.381818182,N3 S2 P1 O7,de-protonated,0,-9999,C55 H76 O7 N3 P1 S2,55,76,7,3,1,2,-9999,-9999,-9999,-9999
1445,984.477713,984.478033995,984.478085315,12087966,-9999,174782.9,17.49,-1,-0.052129116,0.499753522,0.631293472,0.552369502,21,0.222222222,1.333333333,N3 P1 O12,de-protonated,0,-9999,C54 H72 O12 N3 P1,54,72,12,3,1,-9999,-9999,-9999,-9999,-9999
1445,984.477713,984.478033995,984.477813989,12087966,-9999,174782.9,17.49,-1,0.223475008,0.990979191,0,0.594587514,7,0.386363636,1.795454545,N3 S2 O17,de-protonated,0,-9999,C44 H79 O17 N3 S2,44,79,17,3,-9999,2,-9999,-9999,-9999,-9999
1446,984.737882,984.738203088,984.73903723,50049912,-9999,260962,78.25,-1,-0.847068311,0.292641723,0.582230334,0.408477167,0,0.25,2.057692308,N1 S1 O13,de-protonated,0,-9999,C52 H107 O13 N1 S1,52,107,13,1,-9999,1,-9999,-9999,-9999,-9999
1446,984.737882,984.738203088,984.738524165,50049912,-9999,260962,78.25,-1,-0.326053033,0.326964982,0.513784664,0.401692855,18,0.030769231,1.523076923,N3 S1 O2,de-protonated,0,-9999,C65 H99 O2 N3 S1,65,99,2,3,-9999,1,-9999,-9999,-9999,-9999
1446,984.737882,984.738203088,984.738657107,50049912,-9999,260962,78.25,-1,-0.461055032,0.320721173,0.570956251,0.420815205,5,0.185185185,1.925925926,N3 P1 O10,de-protonated,0,-9999,C54 H104 O10 N3 P1,54,104,10,3,1,-9999,-9999,-9999,-9999,-9999
1447,984.741273,984.74159409,984.741895469,18592634,-9999,539245.4,27.9,-1,-0.306048809,0.49157403,0.598596236,0.534382913,13,0.032258065,1.661290323,N3 S2 O2,de-protonated,0,-9999,C62 H103 O2 N3 S2,62,103,2,3,-9999,2,-9999,-9999,-9999,-9999
1447,984.741273,984.74159409,984.741026089,18592634,-9999,539245.4,27.9,-1,0.576802195,0.470708958,0.602496955,0.523424157,14,0.114754098,1.62295082,N3 O7,de-protonated,0,-9999,C61 H99 O7 N3,61,99,7,3,-9999,-9999,-9999,-9999,-9999,-9999
1447,984.741273,984.74159409,984.74202841,18592634,-9999,539245.4,27.9,-1,-0.441050348,0.482659636,0.644495114,0.547393827,0,0.196078431,2.117647059,N3 S1 P1 O10,de-protonated,0,-9999,C51 H108 O10 N3 P1 S1,51,108,10,3,1,1,-9999,-9999,-9999,-9999
1448,984.746655,984.746976091,984.746051162,24753022,-9999,347814.6,37.76,-1,0.93925649,0.42604014,0.622788794,0.504739602,4,0.142857143,1.928571429,N1 S1 P1 O8,de-protonated,0,-9999,C56 H108 O8 N1 P1 S1,56,108,8,1,1,1,-9999,-9999,-9999,-9999
1448,984.746655,984.746976091,984.747768695,24753022,-9999,347814.6,37.76,-1,-0.804880139,0.444548796,0.627012296,0.517534196,4,0.127272727,1.945454545,N3 S2 O7,de-protonated,0,-9999,C55 H107 O7 N3 S2,55,107,7,3,-9999,2,-9999,-9999,-9999,-9999
1448,984.746655,984.746976091,984.746899315,24753022,-9999,347814.6,37.76,-1,0.07796516,0.49944883,0.631293472,0.552186687,5,0.222222222,1.907407407,N3 O12,de-protonated,0,-9999,C54 H103 O12 N3,54,103,12,3,-9999,-9999,-9999,-9999,-9999,-9999
1449,989.133459,989.133781668,989.134438065,10666335,-9999,255305.2,15.21,-1,-0.663607819,0.923203561,0,0.553922136,32,0.32,0.78,S2 P1 O16,de-protonated,0,-9999,C50 H39 O16 P1 S2,50,39,16,-9999,1,2,-9999,-9999,-9999,-9999
1449,989.133459,989.133781668,989.133568685,10666335,-9999,255305.2,15.21,-1,0.215322308,0.991622655,0,0.594973593,33,0.428571429,0.714285714,P1 O21,de-protonated,0,-9999,C49 H35 O21 P1,49,35,21,-9999,1,-9999,-9999,-9999,-9999,-9999
1449,989.133459,989.133781668,989.132917236,10666335,-9999,255305.2,15.21,-1,0.873928254,0.870592259,0,0.522355355,24,0.56097561,0.951219512,N2 S1 P1 O23,de-protonated,0,-9999,C41 H39 O23 N2 P1 S1,41,39,23,2,1,1,-9999,-9999,-9999,-9999
1449,989.133459,989.133781668,989.134634769,10666335,-9999,255305.2,15.21,-1,-0.86247292,0.873740082,0,0.524244049,24,0.55,0.95,N4 S2 O22,de-protonated,0,-9999,C40 H38 O22 N4 S2,40,38,22,4,-9999,2,-9999,-9999,-9999,-9999
1450,989.781015,989.7813379,989.781493921,20497244,-9999,270766.1,30.95,-1,-0.157631062,0.497750796,0.594745702,0.536548758,11,0.126984127,1.682539683,O8,de-protonated,0,-9999,C63 H106 O8,63,106,8,-9999,-9999,-9999,-9999,-9999,-9999,-9999
1450,989.781015,989.7813379,989.780842472,20497244,-9999,270766.1,30.95,-1,0.500543505,0.477778509,0.627012296,0.537472024,2,0.181818182,2,N2 S1 O10,de-protonated,0,-9999,C55 H110 O10 N2 S1,55,110,10,2,-9999,1,-9999,-9999,-9999,-9999
1450,989.781015,989.7813379,989.781331729,20497244,-9999,270766.1,30.95,-1,0.006234733,0.499996473,0.614510218,0.545801971,6,0.034482759,1.913793103,N4 S2 P1 O2,de-protonated,0,-9999,C58 H111 O2 N4 P1 S2,58,111,2,4,1,2,-9999,-9999,-9999,-9999
1450,989.781015,989.7813379,989.780462349,20497244,-9999,270766.1,30.95,-1,0.884591003,0.433817646,0.618621811,0.507739312,7,0.122807018,1.877192982,N4 P1 O7,de-protonated,0,-9999,C57 H107 O7 N4 P1,57,107,7,4,1,-9999,-9999,-9999,-9999,-9999
1451,991.560601,991.56092454,991.561072864,10356927,-9999,292898.8,14.71,-1,-0.149586869,0.497974047,0.618621811,0.546233152,16,0.210526316,1.473684211,S1 O12,de-protonated,0,-9999,C57 H84 O12 S1,57,84,12,-9999,-9999,1,-9999,-9999,-9999,-9999
1451,991.560601,991.56092454,991.561205806,10356927,-9999,292898.8,14.71,-1,-0.283659995,0.985506157,0,0.591303694,3,0.434782609,1.934782609,P1 O20,de-protonated,0,-9999,C46 H89 O20 P1,46,89,20,-9999,1,-9999,-9999,-9999,-9999,-9999
1451,991.560601,991.56092454,991.5605598,10356927,-9999,292898.8,14.71,-1,0.367844132,0.487873623,0.569119254,0.520371875,34,0.014285714,1.085714286,N2 S1 O1,de-protonated,0,-9999,C70 H76 O1 N2 S1,70,76,1,2,-9999,1,-9999,-9999,-9999,-9999
1451,991.560601,991.56092454,991.561562122,10356927,-9999,292898.8,14.71,-1,-0.643007849,0.463861719,0.606448844,0.520896569,20,0.066666667,1.416666667,N2 S2 P1 O4,de-protonated,0,-9999,C60 H85 O4 N2 P1 S2,60,85,4,2,1,2,-9999,-9999,-9999,-9999
1451,991.560601,991.56092454,991.560692742,10356927,-9999,292898.8,14.71,-1,0.233770867,0.495066522,0.610452919,0.541221081,21,0.152542373,1.372881356,N2 P1 O9,de-protonated,0,-9999,C59 H81 O9 N2 P1,59,81,9,2,1,-9999,-9999,-9999,-9999,-9999
1451,991.560601,991.56092454,991.560421416,10356927,-9999,292898.8,14.71,-1,0.50740646,0.95435838,0,0.572615028,7,0.285714286,1.795918367,N2 S2 O14,de-protonated,0,-9999,C49 H88 O14 N2 S2,49,88,14,2,-9999,2,-9999,-9999,-9999,-9999
1451,991.560601,991.56092454,991.560041293,10356927,-9999,292898.8,14.71,-1,0.8907647,0.86591148,0,0.519546888,12,0.215686275,1.666666667,N4 S1 P1 O11,de-protonated,0,-9999,C51 H85 O11 N4 P1 S1,51,85,11,4,1,1,-9999,-9999,-9999,-9999
1452,992.645068,992.645391929,992.645351318,8883190,-9999,226071.1,12.35,-1,0.040912241,0.999696335,0,0.599817801,4,0.192307692,1.923076923,N1 S2 P1 O10,de-protonated,0,-9999,C52 H100 O10 N1 P1 S2,52,100,10,1,1,2,-9999,-9999,-9999,-9999
1452,992.645068,992.645391929,992.644481938,8883190,-9999,226071.1,12.35,-1,0.916734271,0.858567661,0,0.515140597,5,0.294117647,1.882352941,N1 P1 O15,de-protonated,0,-9999,C51 H96 O15 N1 P1,51,96,15,1,1,-9999,-9999,-9999,-9999,-9999
1452,992.645068,992.645391929,992.646337856,8883190,-9999,226071.1,12.35,-1,-0.952933807,0.424044185,0.565637507,0.480681514,32,0.014084507,1.169014085,N3 O1,de-protonated,0,-9999,C71 H83 O1 N3,71,83,1,3,-9999,-9999,-9999,-9999,-9999,-9999
1452,992.645068,992.645391929,992.646199471,8883190,-9999,226071.1,12.35,-1,-0.81352432,0.886843544,0,0.532106127,5,0.28,1.9,N3 S1 O14,de-protonated,0,-9999,C50 H95 O14 N3 S1,50,95,14,3,-9999,1,-9999,-9999,-9999,-9999
1453,993.346136,993.346460181,993.346663419,9145859,-9999,350836,12.77,-1,-0.204599054,0.496216596,0.587191358,0.532606501,39,0.123076923,0.830769231,S1 O8,de-protonated,0,-9999,C65 H54 O8 S1,65,54,8,-9999,-9999,1,-9999,-9999,-9999,-9999
1453,993.346136,993.346460181,993.346796361,9145859,-9999,350836,12.77,-1,-0.338431169,0.97943212,0,0.587659272,26,0.296296296,1.092592593,P1 O16,de-protonated,0,-9999,C54 H59 O16 P1,54,59,16,-9999,1,-9999,-9999,-9999,-9999,-9999
1453,993.346136,993.346460181,993.346525035,9145859,-9999,350836,12.77,-1,-0.065287748,0.999226876,0,0.599536125,12,0.477272727,1.5,S2 O21,de-protonated,0,-9999,C44 H66 O21 S2,44,66,21,-9999,-9999,2,-9999,-9999,-9999,-9999
1453,993.346136,993.346460181,993.34601197,9145859,-9999,350836,12.77,-1,0.45121326,0.963732265,0,0.578239359,30,0.175438596,1.01754386,N2 S2 O10,de-protonated,0,-9999,C57 H58 O10 N2 S2,57,58,10,2,-9999,2,-9999,-9999,-9999,-9999
1453,993.346136,993.346460181,993.346144912,9145859,-9999,350836,12.77,-1,0.317380969,0.98188857,0,0.589133142,17,0.391304348,1.369565217,N2 S1 P1 O18,de-protonated,0,-9999,C46 H63 O18 N2 P1 S1,46,63,18,2,1,1,-9999,-9999,-9999,-9999
1453,993.346136,993.346460181,993.345631848,9145859,-9999,350836,12.77,-1,0.833882372,0.881463113,0,0.528877868,35,0.118644068,0.93220339,N4 S1 P1 O7,de-protonated,0,-9999,C59 H55 O7 N4 P1 S1,59,55,7,4,1,1,-9999,-9999,-9999,-9999
1453,993.346136,993.346460181,993.345493463,9145859,-9999,350836,12.77,-1,0.973193968,0.842104444,0,0.505262666,8,0.526315789,1.763157895,N4 S2 P1 O20,de-protonated,0,-9999,C38 H67 O20 N4 P1 S2,38,67,20,4,1,2,-9999,-9999,-9999,-9999
1453,993.346136,993.346460181,993.346993065,9145859,-9999,350836,12.77,-1,-0.536453034,0.949122277,0,0.569473366,18,0.5,1.318181818,N4 O22,de-protonated,0,-9999,C44 H58 O22 N4,44,58,22,4,-9999,-9999,-9999,-9999,-9999,-9999
1454,993.468727,993.469051225,993.468707107,9883231,-9999,226116,13.95,-1,0.346380955,0.489232544,0.587191358,0.52841607,31,0.076923077,1.092307692,S1 P1 O5,de-protonated,0,-9999,C65 H71 O5 P1 S1,65,71,5,-9999,1,1,-9999,-9999,-9999,-9999
1454,993.468727,993.469051225,993.468568722,9883231,-9999,226116,13.95,-1,0.485675224,0.958102807,0,0.574861684,4,0.409090909,1.886363636,S2 P1 O18,de-protonated,0,-9999,C44 H83 O18 P1 S2,44,83,18,-9999,1,2,-9999,-9999,-9999,-9999
1454,993.468727,993.469051225,993.46955526,9883231,-9999,226116,13.95,-1,-0.507347737,0.47718435,0.594745702,0.52420889,32,0.142857143,1.047619048,N2 O9,de-protonated,0,-9999,C63 H66 O9 N2,63,66,9,2,-9999,-9999,-9999,-9999,-9999,-9999
1454,993.468727,993.469051225,993.469416875,9883231,-9999,226116,13.95,-1,-0.368053706,0.975719941,0,0.585431964,5,0.523809524,1.857142857,N2 S1 O22,de-protonated,0,-9999,C42 H78 O22 N2 S1,42,78,22,2,-9999,1,-9999,-9999,-9999,-9999
1454,993.468727,993.469051225,993.470044517,9883231,-9999,226116,13.95,-1,-0.999820665,0.41705766,0.583485697,0.483628875,36,0.015151515,1.015151515,N4 S1 P1 O1,de-protonated,0,-9999,C66 H67 O1 N4 P1 S1,66,67,1,4,1,1,-9999,-9999,-9999,-9999
1454,993.468727,993.469051225,993.468903811,9883231,-9999,226116,13.95,-1,0.148383255,0.996012907,0,0.597607744,23,0.2,1.272727273,N4 S1 O11,de-protonated,0,-9999,C55 H70 O11 N4 S1,55,70,11,4,-9999,1,-9999,-9999,-9999,-9999
1454,993.468727,993.469051225,993.469906133,9883231,-9999,226116,13.95,-1,-0.860526771,0.874271859,0,0.524563116,9,0.311111111,1.755555556,N4 S2 P1 O14,de-protonated,0,-9999,C45 H79 O14 N4 P1 S2,45,79,14,4,1,2,-9999,-9999,-9999,-9999
1454,993.468727,993.469051225,993.469036753,9883231,-9999,226116,13.95,-1,0.01456756,0.999961495,0,0.599976897,10,0.431818182,1.704545455,N4 P1 O19,de-protonated,0,-9999,C44 H75 O19 N4 P1,44,75,19,4,1,-9999,-9999,-9999,-9999,-9999
1455,993.568884,993.569208261,993.568347778,11030185,-9999,270408.7,15.79,-1,0.866052978,0.436379779,0.576212942,0.492313044,28,0.029411765,1.205882353,S2 O2,de-protonated,0,-9999,C68 H82 O2 S2,68,82,2,-9999,-9999,2,-9999,-9999,-9999,-9999
1455,993.568884,993.569208261,993.56848072,11030185,-9999,270408.7,15.79,-1,0.73225058,0.453645911,0.618621811,0.519636271,15,0.175438596,1.526315789,S1 P1 O10,de-protonated,0,-9999,C57 H87 O10 P1 S1,57,87,10,-9999,1,1,-9999,-9999,-9999,-9999
1455,993.568884,993.569208261,993.570198253,11030185,-9999,270408.7,15.79,-1,-0.996398589,0.41757493,0.622788794,0.499660476,15,0.160714286,1.535714286,N2 S2 O9,de-protonated,0,-9999,C56 H86 O9 N2 S2,56,86,9,2,-9999,2,-9999,-9999,-9999,-9999
1455,993.568884,993.569208261,993.569328873,11030185,-9999,270408.7,15.79,-1,-0.121392711,0.498664855,0.627012296,0.550003831,16,0.254545455,1.490909091,N2 O14,de-protonated,0,-9999,C55 H82 O14 N2,55,82,14,2,-9999,-9999,-9999,-9999,-9999,-9999
1455,993.568884,993.569208261,993.568815809,11030185,-9999,270408.7,15.79,-1,0.394992445,0.486043755,0.576212942,0.52211143,34,0.044117647,1.088235294,N4 O3,de-protonated,0,-9999,C68 H74 O3 N4,68,74,3,4,-9999,-9999,-9999,-9999,-9999,-9999
1455,993.568884,993.569208261,993.569818131,11030185,-9999,270408.7,15.79,-1,-0.613816375,0.46695999,0.614510218,0.525980081,20,0.103448276,1.431034483,N4 S1 P1 O6,de-protonated,0,-9999,C58 H83 O6 N4 P1 S1,58,83,6,4,1,1,-9999,-9999,-9999,-9999
1455,993.568884,993.569208261,993.568677425,11030185,-9999,270408.7,15.79,-1,0.534272686,0.949524413,0,0.569714648,7,0.340425532,1.829787234,N4 S1 O16,de-protonated,0,-9999,C47 H86 O16 N4 S1,47,86,16,4,-9999,1,-9999,-9999,-9999,-9999
1456,994.291867,994.292191521,994.291273062,12964031,-9999,216628.3,18.88,-1,0.923732191,0.428281784,0.653607294,0.518411988,22,0.306122449,1.183673469,N1 S2 P1 O15,de-protonated,0,-9999,C49 H58 O15 N1 P1 S2,49,58,15,1,1,2,-9999,-9999,-9999,-9999
1456,994.291867,994.292191521,994.292772664,12964031,-9999,216628.3,18.88,-1,-0.584478747,0.469948179,0.627012296,0.532773826,32,0.309090909,0.890909091,N1 O17,de-protonated,0,-9999,C55 H49 O17 N1,55,49,17,1,-9999,-9999,-9999,-9999,-9999,-9999
1456,994.291867,994.292191521,994.292121215,12964031,-9999,216628.3,18.88,-1,0.070709287,0.499546602,0.662980834,0.564920295,23,0.404255319,1.127659574,N3 S1 O19,de-protonated,0,-9999,C47 H53 O19 N3 S1,47,53,19,3,-9999,1,-9999,-9999,-9999,-9999
1456,994.291867,994.292191521,994.293123537,12964031,-9999,216628.3,18.88,-1,-0.937365342,0.852629159,0,0.511577496,9,0.594594595,1.675675676,N3 S2 P1 O22,de-protonated,0,-9999,C37 H62 O22 N3 P1 S2,37,62,22,3,1,2,-9999,-9999,-9999,-9999
1457,994.341721,994.342045539,994.341912391,13750500,-9999,214635.8,20.14,-1,0.133905378,0.498375897,0.590944388,0.535403293,39,0.125,0.828125,N1 S1 O8,de-protonated,0,-9999,C64 H53 O8 N1 S1,64,53,8,1,-9999,1,-9999,-9999,-9999,-9999
1457,994.341721,994.342045539,994.342914713,13750500,-9999,214635.8,20.14,-1,-0.874118836,0.435269817,0.631293472,0.513679279,25,0.203703704,1.148148148,N1 S2 P1 O11,de-protonated,0,-9999,C54 H62 O11 N1 P1 S2,54,62,11,1,1,2,-9999,-9999,-9999,-9999
1457,994.341721,994.342045539,994.342045333,13750500,-9999,214635.8,20.14,-1,2.07171e-4,0.499999996,0.635633513,0.554253403,26,0.301886792,1.094339623,N1 P1 O16,de-protonated,0,-9999,C53 H58 O16 N1 P1,53,58,16,1,1,-9999,-9999,-9999,-9999,-9999
1457,994.341721,994.342045539,994.341774007,13750500,-9999,214635.8,20.14,-1,0.273077292,0.493280141,0.6825583,0.568991405,12,0.488372093,1.511627907,N1 S2 O21,de-protonated,0,-9999,C43 H65 O21 N1 S2,43,65,21,1,-9999,2,-9999,-9999,-9999,-9999
1457,994.341721,994.342045539,994.341260943,13750500,-9999,214635.8,20.14,-1,0.789061502,0.44658728600000003,0.622788794,0.517067889,30,0.178571429,1.017857143,N3 S2 O10,de-protonated,0,-9999,C56 H57 O10 N3 S2,56,57,10,3,-9999,2,-9999,-9999,-9999,-9999
1457,994.341721,994.342045539,994.341393884,13750500,-9999,214635.8,20.14,-1,0.655363121,0.462513497,0.672627142,0.546558955,17,0.4,1.377777778,N3 S1 P1 O18,de-protonated,0,-9999,C45 H62 O18 N3 P1 S1,45,62,18,3,1,1,-9999,-9999,-9999,-9999
1458,995.090647,995.090971808,995.089989795,9310982,-9999,249716.1,13.03,-1,0.986858506,0.838021931,0,0.502813158,32,0.446808511,0.70212766,S1 P1 O21,de-protonated,0,-9999,C47 H33 O21 P1 S1,47,33,21,-9999,1,1,-9999,-9999,-9999,-9999
1458,995.090647,995.090971808,995.091707328,9310982,-9999,249716.1,13.03,-1,-0.739147974,0.905622591,0,0.543373555,32,0.434782609,0.695652174,N2 S2 O20,de-protonated,0,-9999,C46 H32 O20 N2 S2,46,32,20,2,-9999,2,-9999,-9999,-9999,-9999
1458,995.090647,995.090971808,995.090837948,9310982,-9999,249716.1,13.03,-1,0.134520232,0.996721945,0,0.598033167,33,0.555555556,0.622222222,N2 O25,de-protonated,0,-9999,C45 H28 O25 N2,45,28,25,2,-9999,-9999,-9999,-9999,-9999,-9999
1458,995.090647,995.090971808,995.091327206,9310982,-9999,249716.1,13.03,-1,-0.357150635,0.977120817,0,0.58627249,37,0.354166667,0.604166667,N4 S1 P1 O17,de-protonated,0,-9999,C48 H29 O17 N4 P1 S1,48,29,17,4,1,1,-9999,-9999,-9999,-9999
1459,996.131624,996.131949182,996.132857666,24122866,-9999,172914.5,36.74,-1,-0.912010668,0.429957218,0.667769153,0.525081992,31,0.413043478,0.782608696,N3 S1 P1 O19,de-protonated,0,-9999,C46 H36 O19 N3 P1 S1,46,36,19,3,1,1,-9999,-9999,-9999,-9999
1460,996.13867,996.138995185,996.139382341,98162168,-9999,253638.7,155.25,-1,-0.388657168,0.324321196,0.611697646,0.439271776,31,0.468085106,0.765957447,N1 P1 O22,de-protonated,0,-9999,C47 H36 O22 N1 P1,47,36,22,1,1,-9999,-9999,-9999,-9999,-9999
1460,996.13867,996.138995185,996.138597951,98162168,-9999,253638.7,155.25,-1,0.398773524,0.242889568,0.563834528,0.371267552,35,0.32,0.7,N3 S2 O16,de-protonated,0,-9999,C50 H35 O16 N3 S2,50,35,16,3,-9999,2,-9999,-9999,-9999,-9999
1460,996.13867,996.138995185,996.138730893,98162168,-9999,253638.7,155.25,-1,0.265316427,0.329102847,0.662912124,0.462626558,22,0.615384615,1.025641026,N3 S1 P1 O24,de-protonated,0,-9999,C39 H40 O24 N3 P1 S1,39,40,24,3,1,1,-9999,-9999,-9999,-9999
1461,996.890803,996.891128455,996.890590878,9754636,-9999,297179.4,13.74,-1,0.539253513,0.474301808,0.565637507,0.510836088,15,0.014084507,1.61971831,N1 O1,de-protonated,0,-9999,C71 H115 O1 N1,71,115,1,1,-9999,-9999,-9999,-9999,-9999,-9999
1461,996.890803,996.891128455,996.8915932,9754636,-9999,297179.4,13.74,-1,-0.466193968,0.480665989,0.602496955,0.529398375,1,0.06557377,2.032786885,N1 S1 P1 O4,de-protonated,0,-9999,C61 H124 O4 N1 P1 S1,61,124,4,1,1,1,-9999,-9999,-9999,-9999
1462,997.112206,997.112531534,997.113501945,10107047,-9999,169116.5,14.31,-1,-0.973220255,0.842096626,0,0.505257975,36,0.408163265,0.632653061,N2 P1 O20,de-protonated,0,-9999,C49 H31 O20 N2 P1,49,31,20,2,1,-9999,-9999,-9999,-9999,-9999
1462,997.112206,997.112531534,997.113230619,10107047,-9999,169116.5,14.31,-1,-0.701108836,0.914670164,0,0.548802099,22,0.641025641,0.974358974,N2 S2 O25,de-protonated,0,-9999,C39 H38 O25 N2 S2,39,38,25,2,-9999,2,-9999,-9999,-9999,-9999
1462,997.112206,997.112531534,997.112717555,10107047,-9999,169116.5,14.31,-1,-0.186559296,0.993704692,0,0.596222815,40,0.269230769,0.576923077,N4 S2 O14,de-protonated,0,-9999,C52 H30 O14 N4 S2,52,30,14,4,-9999,2,-9999,-9999,-9999,-9999
1462,997.112206,997.112531534,997.112850497,10107047,-9999,169116.5,14.31,-1,-0.319885935,0.981604205,0,0.588962523,27,0.536585366,0.853658537,N4 S1 P1 O22,de-protonated,0,-9999,C41 H35 O22 N4 P1 S1,41,35,22,4,1,1,-9999,-9999,-9999,-9999
1463,997.941825,997.942150833,997.94270327900006,9296615,-9999,210302.6,13.01,-1,-0.553585431,0.945911573,0,0.567546944,0,0.066666667,2.1,N4 S1 O4,de-protonated,0,-9999,C60 H126 O4 N4 S1,60,126,4,4,-9999,1,-9999,-9999,-9999,-9999
1464,998.74549,998.745816121,998.746312144,10018061,-9999,259347.5,14.16,-1,-0.49664513,0.478115637,0.590944388,0.523247137,13,0.046875,1.640625,N1 S2 O3,de-protonated,0,-9999,C64 H105 O3 N1 S2,64,105,3,1,-9999,2,-9999,-9999,-9999,-9999
1464,998.74549,998.745816121,998.745442764,10018061,-9999,259347.5,14.16,-1,0.373826365,0.487481013,0.594745702,0.530386889,14,0.126984127,1.603174603,N1 O8,de-protonated,0,-9999,C63 H101 O8 N1,63,101,8,1,-9999,-9999,-9999,-9999,-9999,-9999
1464,998.74549,998.745816121,998.746445085,10018061,-9999,259347.5,14.16,-1,-0.629753653,0.930567491,0,0.558340495,0,0.20754717,2.075471698,N1 S1 P1 O11,de-protonated,0,-9999,C53 H110 O11 N1 P1 S1,53,110,11,1,1,1,-9999,-9999,-9999,-9999
1465,999.648271,999.648597446,999.648312178,11444076,-9999,236640.7,16.44,-1,0.285368121,0.492666183,0.562198102,0.520478951,29,0.013888889,1.222222222,S1 O1,de-protonated,0,-9999,C72 H88 O1 S1,72,88,1,-9999,-9999,1,-9999,-9999,-9999,-9999
1465,999.648271,999.648597446,999.649314499,11444076,-9999,236640.7,16.44,-1,-0.717305388,0.45543265,0.598596236,0.512698085,15,0.064516129,1.564516129,S2 P1 O4,de-protonated,0,-9999,C62 H97 O4 P1 S2,62,97,4,-9999,1,2,-9999,-9999,-9999,-9999
1465,999.648271,999.648597446,999.64844512,11444076,-9999,236640.7,16.44,-1,0.1523796,0.497897854,0.602496955,0.539737494,16,0.14754098399999999,1.524590164,P1 O9,de-protonated,0,-9999,C61 H93 O9 P1,61,93,9,-9999,1,-9999,-9999,-9999,-9999,-9999
1465,999.648271,999.648597446,999.648173793,11444076,-9999,236640.7,16.44,-1,0.423801295,0.483967883,0.644495114,0.548178775,2,0.274509804,1.960784314,S2 O14,de-protonated,0,-9999,C51 H100 O14 S2,51,100,14,-9999,-9999,2,-9999,-9999,-9999,-9999
1465,999.648271,999.648597446,999.647660729,11444076,-9999,236640.7,16.44,-1,0.937046599,0.426360798,0.590944388,0.492194234,20,0.046875,1.4375,N2 S2 O3,de-protonated,0,-9999,C64 H92 O3 N2 S2,64,92,3,2,-9999,2,-9999,-9999,-9999,-9999
1465,999.648271,999.648597446,999.647793671,11444076,-9999,236640.7,16.44,-1,0.804057905,0.44465552,0.635633513,0.521046717,7,0.20754717,1.830188679,N2 S1 P1 O11,de-protonated,0,-9999,C53 H97 O11 N2 P1 S1,53,97,11,2,1,1,-9999,-9999,-9999,-9999
1465,999.648271,999.648597446,999.649511204,11444076,-9999,236640.7,16.44,-1,-0.914078704,0.429662701,0.640033642,0.513811077,7,0.192307692,1.846153846,N4 S2 O10,de-protonated,0,-9999,C52 H96 O10 N4 S2,52,96,10,4,-9999,2,-9999,-9999,-9999,-9999
1465,999.648271,999.648597446,999.648641824,11444076,-9999,236640.7,16.44,-1,-0.044394058,0.499821229,0.644495114,0.557690783,8,0.294117647,1.803921569,N4 O15,de-protonated,0,-9999,C51 H92 O15 N4,51,92,15,4,-9999,-9999,-9999,-9999,-9999,-9999
1466,1000.625481,1000.625807797,1000.624933705,12870128,-9999,276644.3,18.72,-1,0.873545377,0.435348978,0.569119254,0.488857089,30,0.057142857,1.185714286,N1 O4,de-protonated,0,-9999,C70 H83 O4 N1,70,83,4,1,-9999,-9999,-9999,-9999,-9999,-9999
1466,1000.625481,1000.625807797,1000.625936027,12870128,-9999,276644.3,18.72,-1,-0.128150101,0.498512302,0.606448844,0.541686919,16,0.116666667,1.533333333,N1 S1 P1 O7,de-protonated,0,-9999,C60 H92 O7 N1 P1 S1,60,92,7,1,1,1,-9999,-9999,-9999,-9999
1466,1000.625481,1000.625807797,1000.625284578,12870128,-9999,276644.3,18.72,-1,0.522891409,0.475799824,0.640033642,0.541493351,7,0.173076923,1.846153846,N3 S2 P1 O9,de-protonated,0,-9999,C52 H96 O9 N3 P1 S2,52,96,9,3,1,2,-9999,-9999,-9999,-9999
1466,1000.625481,1000.625807797,1000.62678418,12870128,-9999,276644.3,18.72,-1,-0.975771886,0.420668545,0.614510218,0.498205214,17,0.189655172,1.5,N3 O11,de-protonated,0,-9999,C58 H87 O11 N3,58,87,11,3,-9999,-9999,-9999,-9999,-9999,-9999
1467,1000.63206,1000.632386799,1000.631676312,19423732,-9999,311659.7,29.21,-1,0.710038495,0.456290604,0.590944388,0.510152118,20,0.0625,1.421875,N1 S2 O4,de-protonated,0,-9999,C64 H91 O4 N1 S2,64,91,4,1,-9999,2,-9999,-9999,-9999,-9999
1467,1000.63206,1000.632386799,1000.631809254,19423732,-9999,311659.7,29.21,-1,0.577180611,0.470671663,0.635633513,0.536656403,7,0.226415094,1.811320755,N1 S1 P1 O12,de-protonated,0,-9999,C53 H96 O12 N1 P1 S1,53,96,12,1,1,1,-9999,-9999,-9999,-9999
1467,1000.63206,1000.632386799,1000.632657407,19423732,-9999,311659.7,29.21,-1,-0.270436797,0.493408611,0.644495114,0.553843212,8,0.31372549,1.784313725,N3 O16,de-protonated,0,-9999,C51 H91 O16 N3,51,91,16,3,-9999,-9999,-9999,-9999,-9999,-9999
1468,1000.63663,1000.636956801,1000.637820865,22471160,-9999,285798.7,34.09,-1,-0.863513512,0.436727693,0.579826515,0.493967222,25,0.059701493,1.313432836,N1 P1 O4,de-protonated,0,-9999,C67 H88 O4 N1 P1,67,88,4,1,1,-9999,-9999,-9999,-9999,-9999
1468,1000.63663,1000.636956801,1000.637549539,22471160,-9999,285798.7,34.09,-1,-0.59236046,0.469157908,0.618621811,0.528943469,11,0.157894737,1.666666667,N1 S2 O9,de-protonated,0,-9999,C57 H95 O9 N1 S2,57,95,9,1,-9999,2,-9999,-9999,-9999,-9999
1468,1000.63663,1000.636956801,1000.636680159,22471160,-9999,285798.7,34.09,-1,0.276465731,0.493113503,0.622788794,0.54498362,12,0.25,1.625,N1 O14,de-protonated,0,-9999,C56 H91 O14 N1,56,91,14,1,-9999,-9999,-9999,-9999,-9999,-9999
1468,1000.63663,1000.636956801,1000.636167095,22471160,-9999,285798.7,34.09,-1,0.789203936,0.297712714,0.494873046,0.376576846,30,0.043478261,1.202898551,N3 O3,de-protonated,0,-9999,C69 H83 O3 N3,69,83,3,3,-9999,-9999,-9999,-9999,-9999,-9999
1468,1000.63663,1000.636956801,1000.637169416,22471160,-9999,285798.7,34.09,-1,-0.212480213,0.495920723,0.610452919,0.541733601,16,0.101694915,1.559322034,N3 S1 P1 O6,de-protonated,0,-9999,C59 H92 O6 N3 P1 S1,59,92,6,3,1,1,-9999,-9999,-9999,-9999
1468,1000.63663,1000.636956801,1000.63602871,22471160,-9999,285798.7,34.09,-1,0.927500514,0.42774001,0.658260696,0.519948285,3,0.333333333,1.979166667,N3 S1 O16,de-protonated,0,-9999,C48 H95 O16 N3 S1,48,95,16,3,-9999,1,-9999,-9999,-9999,-9999
1469,1000.676171,1000.676497815,1000.676436972,9839121,-9999,289340.4,13.87,-1,0.06080216,0.999329427,0,0.599597656,6,0.240740741,1.833333333,N1 S1 O13,de-protonated,0,-9999,C54 H99 O13 N1 S1,54,99,13,1,-9999,1,-9999,-9999,-9999,-9999
1469,1000.676171,1000.676497815,1000.675923907,9839121,-9999,289340.4,13.87,-1,0.573519883,0.471031551,0.579826515,0.514549537,24,0.029850746,1.358208955,N3 S1 O2,de-protonated,0,-9999,C67 H91 O2 N3 S1,67,91,2,3,-9999,1,-9999,-9999,-9999,-9999
1469,1000.676171,1000.676497815,1000.676926229,9839121,-9999,289340.4,13.87,-1,-0.428124253,0.967289162,0,0.580373497,10,0.087719298,1.754385965,N3 S2 P1 O5,de-protonated,0,-9999,C57 H100 O5 N3 P1 S2,57,100,5,3,1,2,-9999,-9999,-9999,-9999
1469,1000.676171,1000.676497815,1000.676056849,9839121,-9999,289340.4,13.87,-1,0.440667892,0.96537834,0,0.579227004,11,0.178571429,1.714285714,N3 P1 O10,de-protonated,0,-9999,C56 H96 O10 N3 P1,56,96,10,3,1,-9999,-9999,-9999,-9999,-9999
1470,1000.682609,1000.682935817,1000.682448583,18866710,-9999,220529.6,28.32,-1,0.486902116,0.478947694,0.576212942,0.517853793,24,0.073529412,1.338235294,N1 O5,de-protonated,0,-9999,C68 H91 O5 N1,68,91,5,1,-9999,-9999,-9999,-9999,-9999,-9999
1470,1000.682609,1000.682935817,1000.683450904,18866710,-9999,220529.6,28.32,-1,-0.514735402,0.476531015,0.614510218,0.531722696,10,0.137931034,1.724137931,N1 S1 P1 O8,de-protonated,0,-9999,C58 H100 O8 N1 P1 S1,58,100,8,1,1,1,-9999,-9999,-9999,-9999
1470,1000.682609,1000.682935817,1000.682799456,18866710,-9999,220529.6,28.32,-1,0.136268438,0.498318167,0.649019222,0.558598589,1,0.2,2.08,N3 S2 P1 O10,de-protonated,0,-9999,C50 H104 O10 N3 P1 S2,50,104,10,3,1,2,-9999,-9999,-9999,-9999
1471,1001.463868,1001.464195098,1001.464276631,9544718,-9999,279293.8,13.4,-1,-0.081413647,0.499399024,0.579826515,0.53157002,33,0.059701493,1.044776119,S2 O4,de-protonated,0,-9999,C67 H70 O4 S2,67,70,4,-9999,-9999,2,-9999,-9999,-9999,-9999
1471,1001.463868,1001.464195098,1001.463407251,9544718,-9999,279293.8,13.4,-1,0.786695754,0.446889465,0.583485697,0.501527958,34,0.136363636,1,O9,de-protonated,0,-9999,C66 H66 O9,66,66,9,-9999,-9999,-9999,-9999,-9999,-9999,-9999
1471,1001.463868,1001.464195098,1001.464409573,9544718,-9999,279293.8,13.4,-1,-0.21416097,0.991712403,0,0.595027442,20,0.214285714,1.339285714,S1 P1 O12,de-protonated,0,-9999,C56 H75 O12 P1 S1,56,75,12,-9999,1,1,-9999,-9999,-9999,-9999
1471,1001.463868,1001.464195098,1001.463268867,9544718,-9999,279293.8,13.4,-1,0.924878095,0.856234395,0,0.51374063700000006,7,0.488888889,1.733333333,S1 O22,de-protonated,0,-9999,C45 H78 O22 S1,45,78,22,-9999,-9999,1,-9999,-9999,-9999,-9999
1471,1001.463868,1001.464195098,1001.463896508,9544718,-9999,279293.8,13.4,-1,0.298153195,0.491999725,0.572644131,0.524257487,38,0.014492754,0.971014493,N2 S1 P1 O1,de-protonated,0,-9999,C69 H67 O1 N2 P1 S1,69,67,1,2,1,1,-9999,-9999,-9999,-9999
1471,1001.463868,1001.464195098,1001.463758124,9544718,-9999,279293.8,13.4,-1,0.436335401,0.966044134,0,0.579626481,11,0.291666667,1.645833333,N2 S2 P1 O14,de-protonated,0,-9999,C48 H79 O14 N2 P1 S2,48,79,14,2,1,2,-9999,-9999,-9999,-9999
1471,1001.463868,1001.464195098,1001.46324506,9544718,-9999,279293.8,13.4,-1,0.948650233,0.424671388,0.602496955,0.495801614,29,0.049180328,1.163934426,N4 S2 P1 O3,de-protonated,0,-9999,C61 H71 O3 N4 P1 S2,61,71,3,4,1,2,-9999,-9999,-9999,-9999
1471,1001.463868,1001.464195098,1001.464744662,9544718,-9999,279293.8,13.4,-1,-0.548759717,0.47341252,0.579826515,0.515978118,39,0.074626866,0.925373134,N4 O5,de-protonated,0,-9999,C67 H62 O5 N4,67,62,5,4,-9999,-9999,-9999,-9999,-9999,-9999
1471,1001.463868,1001.464195098,1001.464606277,9544718,-9999,279293.8,13.4,-1,-0.410577745,0.969875519,0,0.581925312,12,0.391304348,1.608695652,N4 S1 O18,de-protonated,0,-9999,C46 H74 O18 N4 S1,46,74,18,4,-9999,1,-9999,-9999,-9999,-9999
1472,1001.567439,1001.567766135,1001.567692874,11822160,-9999,290261.3,17.05,-1,0.073146673,0.499514821,0.583485697,0.533103171,26,0.060606061,1.257575758,S1 P1 O4,de-protonated,0,-9999,C66 H83 O4 P1 S1,66,83,4,-9999,1,1,-9999,-9999,-9999,-9999
1472,1001.567439,1001.567766135,1001.567041425,11822160,-9999,290261.3,17.05,-1,0.72357615,0.454686595,0.614510218,0.518616045,17,0.103448276,1.5,N2 S2 P1 O6,de-protonated,0,-9999,C58 H87 O6 N2 P1 S2,58,87,6,2,1,2,-9999,-9999,-9999,-9999
1472,1001.567439,1001.567766135,1001.568541027,11822160,-9999,290261.3,17.05,-1,-0.77367828,0.448539564,0.590944388,0.505501494,27,0.125,1.21875,N2 O8,de-protonated,0,-9999,C64 H78 O8 N2,64,78,8,2,-9999,-9999,-9999,-9999,-9999,-9999
1472,1001.567439,1001.567766135,1001.568402643,11822160,-9999,290261.3,17.05,-1,-0.635510659,0.929338376,0,0.557603025,0,0.488372093,2.093023256,N2 S1 O21,de-protonated,0,-9999,C43 H90 O21 N2 S1,43,90,21,2,-9999,1,-9999,-9999,-9999,-9999
1472,1001.567439,1001.567766135,1001.567889578,11822160,-9999,290261.3,17.05,-1,-0.123249904,0.498623746,0.622788794,0.548289765,18,0.178571429,1.464285714,N4 S1 O10,de-protonated,0,-9999,C56 H82 O10 N4 S1,56,82,10,4,-9999,1,-9999,-9999,-9999,-9999
1472,1001.567439,1001.567766135,1001.56802252,11822160,-9999,290261.3,17.05,-1,-0.255983488,0.988180518,0,0.592908311,5,0.4,1.933333333,N4 P1 O18,de-protonated,0,-9999,C45 H87 O18 N4 P1,45,87,18,4,1,-9999,-9999,-9999,-9999,-9999
1473,1002.548013,1002.548340488,1002.547685705,27715260,-9999,156783.8,42.48,-1,0.653118816,0.462760012,0.602496955,0.518654789,22,0.114754098,1.344262295,N1 S1 P1 O7,de-protonated,0,-9999,C61 H82 O7 N1 P1 S1,61,82,7,1,1,1,-9999,-9999,-9999,-9999
1473,1002.548013,1002.548340488,1002.549046922,27715260,-9999,156783.8,42.48,-1,-0.704638506,0.456923521,0.667769153,0.541261774,5,0.47826087,1.847826087,N1 O22,de-protonated,0,-9999,C46 H85 O22 N1,46,85,22,1,-9999,-9999,-9999,-9999,-9999,-9999
1473,1002.548013,1002.548340488,1002.548533858,27715260,-9999,156783.8,42.48,-1,-0.192878854,0.496636216,0.610452919,0.542162897,23,0.186440678,1.305084746,N3 O11,de-protonated,0,-9999,C59 H77 O11 N3,59,77,11,3,-9999,-9999,-9999,-9999,-9999,-9999
1474,1002.553675,1002.55400249,1002.55342599,23717568,-9999,209185.4,36.09,-1,0.575031452,0.470883192,0.587191358,0.517406458,26,0.061538462,1.246153846,N1 S2 O4,de-protonated,0,-9999,C65 H81 O4 N1 S2,65,81,4,1,-9999,2,-9999,-9999,-9999,-9999
1474,1002.553675,1002.55400249,1002.553558932,23717568,-9999,209185.4,36.09,-1,0.442428255,0.482553035,0.631293472,0.54204921,13,0.222222222,1.592592593,N1 S1 P1 O12,de-protonated,0,-9999,C54 H86 O12 N1 P1 S1,54,86,12,1,1,1,-9999,-9999,-9999,-9999
1474,1002.553675,1002.55400249,1002.553045867,23717568,-9999,209185.4,36.09,-1,0.954186191,0.423860452,0.579826515,0.486246877,31,0.014925373,1.164179104,N3 S1 P1 O1,de-protonated,0,-9999,C67 H78 O1 N3 P1 S1,67,78,1,3,1,1,-9999,-9999,-9999,-9999
1474,1002.553675,1002.55400249,1002.554407085,23717568,-9999,209185.4,36.09,-1,-0.403564281,0.485440447,0.640033642,0.547277725,14,0.307692308,1.557692308,N3 O16,de-protonated,0,-9999,C52 H81 O16 N3,52,81,16,3,-9999,-9999,-9999,-9999,-9999,-9999
1475,1004.203029,1004.203357082,1004.202851979,24668852,-9999,188939,37.61,-1,0.502989142,0.47756579,0.658260696,0.549843752,26,0.354166667,1,N1 S2 P1 O17,de-protonated,0,-9999,C48 H48 O17 N1 P1 S2,48,48,17,1,1,2,-9999,-9999,-9999,-9999
1475,1004.203029,1004.203357082,1004.204351581,24668852,-9999,188939,37.61,-1,-0.990335003,0.41848869,0.631293472,0.503610603,36,0.351851852,0.722222222,N1 O19,de-protonated,0,-9999,C54 H39 O19 N1,54,39,19,1,-9999,-9999,-9999,-9999,-9999,-9999
1475,1004.203029,1004.203357082,1004.203700132,24668852,-9999,188939,37.61,-1,-0.341613997,0.489523767,0.667769153,0.560821921,27,0.456521739,0.934782609,N3 S1 O21,de-protonated,0,-9999,C46 H43 O21 N3 S1,46,43,21,3,-9999,1,-9999,-9999,-9999,-9999
1476,1005.062822,1005.063150391,1005.062454893,9235635,-9999,365217.1,12.9,-1,0.691995292,0.916779713,0,0.550067828,25,0.585365854,0.853658537,S2 P1 O24,de-protonated,0,-9999,C41 H35 O24 P1 S2,41,35,24,-9999,1,2,-9999,-9999,-9999,-9999
1476,1005.062822,1005.063150391,1005.063792303,9235635,-9999,365217.1,12.9,-1,-0.638677901,0.928658102,0,0.557194861,30,0.476190476,0.738095238,N4 S2 P1 O20,de-protonated,0,-9999,C42 H31 O20 N4 P1 S2,42,31,20,4,1,2,-9999,-9999,-9999,-9999
1476,1005.062822,1005.063150391,1005.062922923,9235635,-9999,365217.1,12.9,-1,0.226321986,0.990748957,0,0.594449374,31,0.609756098,0.658536585,N4 P1 O25,de-protonated,0,-9999,C41 H27 O25 N4 P1,41,27,25,4,1,-9999,-9999,-9999,-9999,-9999
1477,1005.070341,1005.070669394,1005.070968427,17525944,-9999,172065.1,26.17,-1,-0.297524723,0.492033147,0.644495114,0.553017934,39,0.411764706,0.529411765,P1 O21,de-protonated,0,-9999,C51 H27 O21 P1,51,27,21,-9999,1,-9999,-9999,-9999,-9999,-9999
1477,1005.070341,1005.070669394,1005.070316979,17525944,-9999,172065.1,26.17,-1,0.350637376,0.48896925,0.6825583,0.56640487,30,0.534883721,0.720930233,N2 S1 P1 O23,de-protonated,0,-9999,C43 H31 O23 N2 P1 S1,43,31,23,2,1,1,-9999,-9999,-9999,-9999
1477,1005.070341,1005.070669394,1005.06966553,17525944,-9999,172065.1,26.17,-1,0.998800315,0.417212011,0.725399619,0.540487054,21,0.714285714,1,N4 S2 P1 O25,de-protonated,0,-9999,C35 H35 O25 N4 P1 S2,35,35,25,4,1,2,-9999,-9999,-9999,-9999
1478,1005.115403,1005.11573141,1005.116465525,16575699,-9999,223967.2,24.65,-1,-0.730378026,0.453871411,0.635633513,0.526576252,37,0.320754717,0.641509434,S2 O17,de-protonated,0,-9999,C53 H34 O17 S2,53,34,17,-9999,-9999,2,-9999,-9999,-9999,-9999
1478,1005.115403,1005.11573141,1005.115596145,16575699,-9999,223967.2,24.65,-1,0.134576451,0.498359604,0.640033642,0.555029219,38,0.423076923,0.576923077,O22,de-protonated,0,-9999,C52 H30 O22,52,30,22,-9999,-9999,-9999,-9999,-9999,-9999,-9999
1478,1005.115403,1005.11573141,1005.116598467,16575699,-9999,223967.2,24.65,-1,-0.862642913,0.436846796,0.68763467,0.537161945,24,0.595238095,0.928571429,S1 P1 O25,de-protonated,0,-9999,C42 H39 O25 P1 S1,42,39,25,-9999,1,1,-9999,-9999,-9999,-9999
1478,1005.115403,1005.11573141,1005.114944696,16575699,-9999,223967.2,24.65,-1,0.782710051,0.447396971,0.677556332,0.539460715,29,0.545454545,0.772727273,N2 S1 O24,de-protonated,0,-9999,C44 H34 O24 N2 S1,44,34,24,2,-9999,1,-9999,-9999,-9999,-9999
1478,1005.115403,1005.11573141,1005.115433954,16575699,-9999,223967.2,24.65,-1,0.295942346,0.492116995,0.662980834,0.56046253,33,0.340425532,0.744680851,N4 S2 P1 O16,de-protonated,0,-9999,C47 H35 O16 N4 P1 S2,47,35,16,4,1,2,-9999,-9999,-9999,-9999
1479,1005.214418,1005.214746446,1005.214008541,12545293,-9999,275478.5,18.2,-1,0.734076873,0.453425534,0.610452919,0.516236488,39,0.203389831,0.728813559,S1 P1 O12,de-protonated,0,-9999,C59 H43 O12 P1 S1,59,43,12,-9999,1,1,-9999,-9999,-9999,-9999
1479,1005.214418,1005.214746446,1005.213870157,12545293,-9999,275478.5,18.2,-1,0.871743628,0.8711949,0,0.52271694,12,0.657894737,1.447368421,S2 P1 O25,de-protonated,0,-9999,C38 H55 O25 P1 S2,38,55,25,-9999,1,2,-9999,-9999,-9999,-9999
1479,1005.214418,1005.214746446,1005.215726074,12545293,-9999,275478.5,18.2,-1,-0.974545721,0.420851121,0.614510218,0.49831476,39,0.189655172,0.724137931,N2 S2 O11,de-protonated,0,-9999,C58 H42 O11 N2 S2,58,42,11,2,-9999,2,-9999,-9999,-9999,-9999
1479,1005.214418,1005.214746446,1005.214856694,12545293,-9999,275478.5,18.2,-1,-0.109676865,0.498909866,0.618621811,0.546794644,40,0.280701754,0.666666667,N2 O16,de-protonated,0,-9999,C57 H38 O16 N2,57,38,16,2,-9999,-9999,-9999,-9999,-9999,-9999
1479,1005.214418,1005.214746446,1005.214205246,12545293,-9999,275478.5,18.2,-1,0.538392577,0.474381661,0.653607294,0.546071914,31,0.367346939,0.857142857,N4 S1 O18,de-protonated,0,-9999,C49 H42 O18 N4 S1,49,42,18,4,-9999,1,-9999,-9999,-9999,-9999
1479,1005.214418,1005.214746446,1005.215207567,12545293,-9999,275478.5,18.2,-1,-0.458729365,0.962537046,0,0.577522228,17,0.538461538,1.307692308,N4 S2 P1 O21,de-protonated,0,-9999,C39 H51 O21 N4 P1 S2,39,51,21,4,1,2,-9999,-9999,-9999,-9999
1480,1005.220796,1005.221124448,1005.221599301,18148624,-9999,218810.1,27.17,-1,-0.472386549,0.480159335,0.644495114,0.545893646,30,0.31372549,0.901960784,N2 S2 O16,de-protonated,0,-9999,C51 H46 O16 N2 S2,51,46,16,2,-9999,2,-9999,-9999,-9999,-9999
1480,1005.220796,1005.221124448,1005.220729921,18148624,-9999,218810.1,27.17,-1,0.392477688,0.486218432,0.649019222,0.551338748,31,0.42,0.84,N2 O21,de-protonated,0,-9999,C50 H42 O21 N2,50,42,21,2,-9999,-9999,-9999,-9999,-9999,-9999
1480,1005.220796,1005.221124448,1005.221732243,18148624,-9999,218810.1,27.17,-1,-0.604637637,0.467908553,0.698017357,0.559952075,17,0.6,1.275,N2 S1 P1 O24,de-protonated,0,-9999,C40 H51 O24 N2 P1 S1,40,51,24,2,1,1,-9999,-9999,-9999,-9999
1480,1005.220796,1005.221124448,1005.221219179,18148624,-9999,218810.1,27.17,-1,-0.094238602,0.499194934,0.635633513,0.553770366,35,0.245283019,0.811320755,N4 S1 P1 O13,de-protonated,0,-9999,C53 H43 O13 N4 P1 S1,53,43,13,4,1,1,-9999,-9999,-9999,-9999
1481,1006.033443,1006.03377174,1006.033203193,12185322,-9999,198067.2,17.62,-1,0.565136829,0.943696173,0,0.566217704,35,0.47826087,0.565217391,N1 S1 P1 O22,de-protonated,0,-9999,C46 H26 O22 N1 P1 S1,46,26,22,1,1,1,-9999,-9999,-9999,-9999
1482,1006.05742,1006.057748748,1006.057703865,11349752,-9999,292012.8,16.29,-1,0.044613395,0.999638918,0,0.599783351,25,0.6,0.85,N1 S2 P1 O24,de-protonated,0,-9999,C40 H34 O24 N1 P1 S2,40,34,24,1,1,2,-9999,-9999,-9999,-9999
1483,1006.061779,1006.06210775,1006.063064027,13463290,-9999,376835.4,19.67,-1,-0.950514275,0.424398687,0.667769153,0.521746873,34,0.391304348,0.652173913,N3 S2 P1 O18,de-protonated,0,-9999,C46 H30 O18 N3 P1 S2,46,30,18,3,1,2,-9999,-9999,-9999,-9999
1483,1006.061779,1006.06210775,1006.062194647,13463290,-9999,376835.4,19.67,-1,-0.086373819,0.499323615,0.672627142,0.568645025,35,0.511111111,0.577777778,N3 P1 O23,de-protonated,0,-9999,C45 H26 O23 N3 P1,45,26,23,3,1,-9999,-9999,-9999,-9999,-9999
1484,1006.065813,1006.066141751,1006.067086779,10645244,-9999,332152.7,15.16,-1,-0.939328865,0.85205926,0,0.511235556,38,0.31372549,0.588235294,N1 S2 P1 O16,de-protonated,0,-9999,C51 H30 O16 N1 P1 S2,51,30,16,1,1,2,-9999,-9999,-9999,-9999
1484,1006.065813,1006.066141751,1006.066217399,10645244,-9999,332152.7,15.16,-1,-0.075191855,0.998974649,0,0.599384789,39,0.42,0.52,N1 P1 O21,de-protonated,0,-9999,C50 H26 O21 N1 P1,50,26,21,1,1,-9999,-9999,-9999,-9999,-9999
1484,1006.065813,1006.066141751,1006.065565951,10645244,-9999,332152.7,15.16,-1,0.572329195,0.942296347,0,0.565377808,30,0.547619048,0.714285714,N3 S1 P1 O23,de-protonated,0,-9999,C42 H30 O23 N3 P1 S1,42,30,23,3,1,1,-9999,-9999,-9999,-9999
1486,1007.101248,1007.101577124,1007.101603307,9711946,-9999,333208.1,13.66,-1,-0.025998707,0.99987736,0,0.599926416,28,0.511111111,0.8,S2 O23,de-protonated,0,-9999,C45 H36 O23 S2,45,36,23,-9999,-9999,2,-9999,-9999,-9999,-9999
1486,1007.101248,1007.101577124,1007.101223184,9711946,-9999,333208.1,13.66,-1,0.351443502,0.977838078,0,0.586702847,33,0.425531915,0.70212766,N2 S1 P1 O20,de-protonated,0,-9999,C47 H33 O20 N2 P1 S1,47,33,20,2,1,1,-9999,-9999,-9999,-9999
1486,1007.101248,1007.101577124,1007.100571736,9711946,-9999,333208.1,13.66,-1,0.998299364,0.83457551,0,0.500745306,24,0.564102564,0.948717949,N4 S2 P1 O22,de-protonated,0,-9999,C39 H37 O22 N4 P1 S2,39,37,22,4,1,2,-9999,-9999,-9999,-9999
1486,1007.101248,1007.101577124,1007.102071338,9711946,-9999,333208.1,13.66,-1,-0.490728799,0.957245374,0,0.574347225,34,0.533333333,0.622222222,N4 O24,de-protonated,0,-9999,C45 H28 O24 N4,45,28,24,4,-9999,-9999,-9999,-9999,-9999,-9999
1487,1007.1061,1007.106429125,1007.106963469,9515341,-9999,297163.1,13.35,-1,-0.530573351,0.950203344,0,0.570122006,37,0.333333333,0.62745098,N2 S2 O17,de-protonated,0,-9999,C51 H32 O17 N2 S2,51,32,17,2,-9999,2,-9999,-9999,-9999,-9999
1487,1007.1061,1007.106429125,1007.10609409,9515341,-9999,297163.1,13.35,-1,0.332671757,0.980119264,0,0.588071559,38,0.44,0.56,N2 O22,de-protonated,0,-9999,C50 H28 O22 N2,50,28,22,2,-9999,-9999,-9999,-9999,-9999,-9999
1487,1007.1061,1007.106429125,1007.107096411,9515341,-9999,297163.1,13.35,-1,-0.662576849,0.923432624,0,0.554059574,24,0.625,0.925,N2 S1 P1 O25,de-protonated,0,-9999,C40 H37 O25 N2 P1 S1,40,37,25,2,1,1,-9999,-9999,-9999,-9999
1487,1007.1061,1007.106429125,1007.105442641,9515341,-9999,297163.1,13.35,-1,0.979524479,0.840217707,0,0.504130624,29,0.571428571,0.761904762,N4 S1 O24,de-protonated,0,-9999,C42 H32 O24 N4 S1,42,32,24,4,-9999,1,-9999,-9999,-9999,-9999
1488,1007.872355,1007.872684401,1007.871843556,12088056,-9999,327110.8,17.47,-1,0.834277143,0.440678896,0.572644131,0.49346499,12,0.028985507,1.695652174,P1 O2,de-protonated,0,-9999,C69 H117 O2 P1,69,117,2,-9999,1,-9999,-9999,-9999,-9999,-9999
1488,1007.872355,1007.872684401,1007.873561089,12088056,-9999,327110.8,17.47,-1,-0.869839861,0.435859587,0.576212942,0.492000929,12,0.014705882,1.705882353,N2 S1 O1,de-protonated,0,-9999,C68 H116 O1 N2 S1,68,116,1,2,-9999,1,-9999,-9999,-9999,-9999
1488,1007.872355,1007.872684401,1007.872909641,12088056,-9999,327110.8,17.47,-1,-0.223480477,0.495489376,0.606448844,0.539873163,3,0.05,2,N4 S2 O3,de-protonated,0,-9999,C60 H120 O3 N4 S2,60,120,3,4,-9999,2,-9999,-9999,-9999,-9999
1488,1007.872355,1007.872684401,1007.872040261,12088056,-9999,327110.8,17.47,-1,0.639108861,0.464282658,0.610452919,0.522750762,4,0.13559322,1.966101695,N4 O8,de-protonated,0,-9999,C59 H116 O8 N4,59,116,8,4,-9999,-9999,-9999,-9999,-9999,-9999
1489,1007.994659,1007.994988445,1007.995115519,9925435,-9999,248435.9,14,-1,-0.126067004,0.498560205,0.587191358,0.534012666,0,0.092307692,2.030769231,O6,de-protonated,0,-9999,C65 H132 O6,65,132,6,-9999,-9999,-9999,-9999,-9999,-9999,-9999
1489,1007.994659,1007.994988445,1007.994709684,9925435,-9999,248435.9,14,-1,0.276549781,0.986218688,0,0.591731213,35,0.466666667,0.533333333,N1 S2 P1 O21,de-protonated,0,-9999,C45 H24 O21 N1 P1 S2,45,24,21,1,1,2,-9999,-9999,-9999,-9999
1489,1007.994659,1007.994988445,1007.995557837,9925435,-9999,248435.9,14,-1,-0.564875956,0.943746652,0,0.566247991,36,0.581395349,0.441860465,N3 S1 O25,de-protonated,0,-9999,C43 H19 O25 N3 S1,43,19,25,3,-9999,1,-9999,-9999,-9999,-9999
1490,1009.722046,1009.722376065,1009.723191197,13301470,-9999,278558.7,19.31,-1,-0.807282318,0.444236523,0.552126353,0.487392455,29,0.013333333,1.253333333,O1,de-protonated,0,-9999,C75 H94 O1,75,94,1,-9999,-9999,-9999,-9999,-9999,-9999,-9999
1490,1009.722046,1009.722376065,1009.723052812,13301470,-9999,278558.7,19.31,-1,-0.670230561,0.460862491,0.631293472,0.529034883,2,0.259259259,1.962962963,S1 O14,de-protonated,0,-9999,C54 H106 O14 S1,54,106,14,-9999,-9999,1,-9999,-9999,-9999,-9999
1490,1009.722046,1009.722376065,1009.722539748,13301470,-9999,278558.7,19.31,-1,-0.162106907,0.497621562,0.579826515,0.530503543,20,0.044776119,1.462686567,N2 S1 O3,de-protonated,0,-9999,C67 H98 O3 N2 S1,67,98,3,2,-9999,1,-9999,-9999,-9999,-9999
1490,1009.722046,1009.722376065,1009.72267269,13301470,-9999,278558.7,19.31,-1,-0.293768513,0.492231477,0.622788794,0.544454404,7,0.196428571,1.839285714,N2 P1 O11,de-protonated,0,-9999,C56 H103 O11 N2 P1,56,103,11,2,1,-9999,-9999,-9999,-9999,-9999
1490,1009.722046,1009.722376065,1009.7218883,13301470,-9999,278558.7,19.31,-1,0.483069336,0.479270886,0.610452919,0.531743699,11,0.084745763,1.728813559,N4 S2 O5,de-protonated,0,-9999,C59 H102 O5 N4 S2,59,102,5,4,-9999,2,-9999,-9999,-9999,-9999
1491,1010.642088,1010.642418396,1010.643300169,14448830,-9999,179311.7,21.13,-1,-0.872486746,0.435495015,0.587191358,0.496173552,22,0.092307692,1.384615385,N1 P1 O6,de-protonated,0,-9999,C65 H90 O6 N1 P1,65,90,6,1,1,-9999,-9999,-9999,-9999,-9999
1491,1010.642088,1010.642418396,1010.643028842,14448830,-9999,179311.7,21.13,-1,-0.604018141,0.467972128,0.627012296,0.531588195,8,0.2,1.763636364,N1 S2 O11,de-protonated,0,-9999,C55 H97 O11 N1 S2,55,97,11,1,-9999,2,-9999,-9999,-9999,-9999
1491,1010.642088,1010.642418396,1010.642159463,14448830,-9999,179311.7,21.13,-1,0.256206555,0.494080016,0.631293472,0.548965399,9,0.296296296,1.722222222,N1 O16,de-protonated,0,-9999,C54 H93 O16 N1,54,93,16,1,-9999,-9999,-9999,-9999,-9999,-9999
1491,1010.642088,1010.642418396,1010.641646398,14448830,-9999,179311.7,21.13,-1,0.763868577,0.449768794,0.579826515,0.501791883,27,0.074626866,1.268656716,N3 O5,de-protonated,0,-9999,C67 H85 O5 N3,67,85,5,3,-9999,-9999,-9999,-9999,-9999,-9999
1491,1010.642088,1010.642418396,1010.64264872,14448830,-9999,179311.7,21.13,-1,-0.227898757,0.495310107,0.618621811,0.544634788,13,0.140350877,1.649122807,N3 S1 P1 O8,de-protonated,0,-9999,C57 H94 O8 N3 P1 S1,57,94,8,3,1,1,-9999,-9999,-9999,-9999
1491,1010.642088,1010.642418396,1010.641508014,14448830,-9999,179311.7,21.13,-1,0.900795998,0.431546198,0.667769153,0.52603538,0,0.391304348,2.108695652,N3 S1 O18,de-protonated,0,-9999,C46 H97 O18 N3 S1,46,97,18,3,-9999,1,-9999,-9999,-9999,-9999
1492,1014.340278,1014.340609725,1014.341257487,9764827,-9999,256837.6,13.67,-1,-0.638603731,0.464337033,0.594745702,0.5165005,38,0.158730159,0.857142857,N1 P1 O10,de-protonated,0,-9999,C63 H54 O10 N1 P1,63,54,10,1,1,-9999,-9999,-9999,-9999,-9999
1492,1014.340278,1014.340609725,1014.3409861600001,9764827,-9999,256837.6,13.67,-1,-0.371113814,0.975319563,0,0.585191738,24,0.283018868,1.150943396,N1 S2 O15,de-protonated,0,-9999,C53 H61 O15 N1 S2,53,61,15,1,-9999,2,-9999,-9999,-9999,-9999
1492,1014.340278,1014.340609725,1014.340116781,9764827,-9999,256837.6,13.67,-1,0.48597498,0.958052174,0,0.574831304,25,0.384615385,1.096153846,N1 O20,de-protonated,0,-9999,C52 H57 O20 N1,52,57,20,1,-9999,-9999,-9999,-9999,-9999,-9999
1492,1014.340278,1014.340609725,1014.341119102,9764827,-9999,256837.6,13.67,-1,-0.502175917,0.955273256,0,0.573163953,11,0.547619048,1.571428571,N1 S1 P1 O23,de-protonated,0,-9999,C42 H66 O23 N1 P1 S1,42,66,23,1,1,1,-9999,-9999,-9999,-9999
1492,1014.340278,1014.340609725,1014.340606038,9764827,-9999,256837.6,13.67,-1,0.003634448,0.999997603,0,0.599998562,29,0.218181818,1.054545455,N3 S1 P1 O12,de-protonated,0,-9999,C55 H58 O12 N3 P1 S1,55,58,12,3,1,1,-9999,-9999,-9999,-9999
1492,1014.340278,1014.340609725,1014.340467654,9764827,-9999,256837.6,13.67,-1,0.140062438,0.996446761,0,0.597868056,2,0.735294118,2.058823529,N3 S2 P1 O25,de-protonated,0,-9999,C34 H70 O25 N3 P1 S2,34,70,25,3,1,2,-9999,-9999,-9999,-9999
1493,1014.360449,1014.360780732,1014.359884931,13811684,-9999,174221.5,20.12,-1,0.883119038,0.434022513,0.590944388,0.496791263,37,0.109375,0.90625,N1 S1 P1 O7,de-protonated,0,-9999,C64 H58 O7 N1 P1 S1,64,58,7,1,1,1,-9999,-9999,-9999,-9999
1493,1014.360449,1014.360780732,1014.361246149,13811684,-9999,174221.5,20.12,-1,-0.458827559,0.481260655,0.653607294,0.550199311,20,0.448979592,1.244897959,N1 O22,de-protonated,0,-9999,C49 H61 O22 N1,49,61,22,1,-9999,-9999,-9999,-9999,-9999,-9999
1493,1014.360449,1014.360780732,1014.361602464,13811684,-9999,174221.5,20.12,-1,-0.810098206,0.443869565,0.594745702,0.50422002,37,0.095238095,0.904761905,N3 S2 O6,de-protonated,0,-9999,C63 H57 O6 N3 S2,63,57,6,3,-9999,2,-9999,-9999,-9999,-9999
1493,1014.360449,1014.360780732,1014.360733084,13811684,-9999,174221.5,20.12,-1,0.046972792,0.499799862,0.598596236,0.539318412,38,0.177419355,0.85483871,N3 O11,de-protonated,0,-9999,C62 H53 O11 N3,62,53,11,3,-9999,-9999,-9999,-9999,-9999,-9999
1493,1014.360449,1014.360780732,1014.361735406,13811684,-9999,174221.5,20.12,-1,-0.941157588,0.425763878,0.640033642,0.511471783,24,0.269230769,1.192307692,N3 S1 P1 O14,de-protonated,0,-9999,C52 H62 O14 N3 P1 S1,52,62,14,3,1,1,-9999,-9999,-9999,-9999
1493,1014.360449,1014.360780732,1014.3605947,13811684,-9999,174221.5,20.12,-1,0.18339808,0.993915585,0,0.596349351,11,0.585365854,1.585365854,N3 S1 O24,de-protonated,0,-9999,C41 H65 O24 N3 S1,41,65,24,3,-9999,1,-9999,-9999,-9999,-9999
1494,1014.389371,1014.389702742,1014.389256508,9887730,-9999,241988.6,13.87,-1,0.439904469,0.482748051,0.602496955,0.530647613,32,0.180327869,1,N1 S1 O11,de-protonated,0,-9999,C61 H61 O11 N1 S1,61,61,11,1,-9999,1,-9999,-9999,-9999,-9999
1494,1014.389371,1014.389702742,1014.390258829,9887730,-9999,241988.6,13.87,-1,-0.548198514,0.946930809,0,0.568158486,18,0.274509804,1.37254902,N1 S2 P1 O14,de-protonated,0,-9999,C51 H70 O14 N1 P1 S2,51,70,14,1,1,2,-9999,-9999,-9999,-9999
1494,1014.389371,1014.389702742,1014.38938945,9887730,-9999,241988.6,13.87,-1,0.308848496,0.982841004,0,0.589704603,19,0.38,1.32,N1 P1 O19,de-protonated,0,-9999,C50 H66 O19 N1 P1,50,66,19,1,1,-9999,-9999,-9999,-9999,-9999
1494,1014.389371,1014.389702742,1014.389118123,9887730,-9999,241988.6,13.87,-1,0.576325975,0.941511726,0,0.564907035,5,0.6,1.825,N1 S2 O24,de-protonated,0,-9999,C40 H73 O24 N1 S2,40,73,24,1,-9999,2,-9999,-9999,-9999,-9999
1494,1014.389371,1014.389702742,1014.389745765,9887730,-9999,241988.6,13.87,-1,-0.042412675,0.499836829,0.590944388,0.536279852,36,0.046875,0.96875,N3 S2 P1 O3,de-protonated,0,-9999,C64 H62 O3 N3 P1 S2,64,62,3,3,1,2,-9999,-9999,-9999,-9999
1494,1014.389371,1014.389702742,1014.388876385,9887730,-9999,241988.6,13.87,-1,0.814635202,0.443276272,0.594745702,0.503864044,37,0.126984127,0.920634921,N3 P1 O8,de-protonated,0,-9999,C63 H58 O8 N3 P1,63,58,8,3,1,-9999,-9999,-9999,-9999,-9999
1494,1014.389371,1014.389702742,1014.388738001,9887730,-9999,241988.6,13.87,-1,0.95105681,0.848638499,0,0.509183099,10,0.5,1.666666667,N3 S1 P1 O21,de-protonated,0,-9999,C42 H70 O21 N3 P1 S1,42,70,21,3,1,1,-9999,-9999,-9999,-9999
1495,1015.275431,1015.275763061,1015.275862016,16286092,-9999,205997.5,24.05,-1,-0.097466779,0.499138882,0.677556332,0.570505862,17,0.568181818,1.272727273,S1 O25,de-protonated,0,-9999,C44 H56 O25 S1,44,56,25,-9999,-9999,1,-9999,-9999,-9999,-9999
1495,1015.275431,1015.275763061,1015.275348952,16286092,-9999,205997.5,24.05,-1,0.407878102,0.485132219,0.618621811,0.538528056,35,0.245614035,0.842105263,N2 S1 O14,de-protonated,0,-9999,C57 H48 O14 N2 S1,57,48,14,2,-9999,1,-9999,-9999,-9999,-9999
1495,1015.275431,1015.275763061,1015.276351274,16286092,-9999,205997.5,24.05,-1,-0.579362473,0.470456205,0.662980834,0.547466057,21,0.361702128,1.212765957,N2 S2 P1 O17,de-protonated,0,-9999,C47 H57 O17 N2 P1 S2,47,57,17,2,1,2,-9999,-9999,-9999,-9999
1495,1015.275431,1015.275763061,1015.275481894,16286092,-9999,205997.5,24.05,-1,0.276936513,0.493090192,0.667769153,0.562961777,22,0.47826087,1.152173913,N2 P1 O22,de-protonated,0,-9999,C46 H53 O22 N2 P1,46,53,22,2,1,-9999,-9999,-9999,-9999,-9999
1495,1015.275431,1015.275763061,1015.275838209,16286092,-9999,205997.5,24.05,-1,-0.07401808,0.499503198,0.606448844,0.542281456,39,0.1,0.816666667,N4 S2 P1 O6,de-protonated,0,-9999,C60 H49 O6 N4 P1 S2,60,49,6,4,1,2,-9999,-9999,-9999,-9999
1495,1015.275431,1015.275763061,1015.274968829,16286092,-9999,205997.5,24.05,-1,0.782281772,0.447451385,0.610452919,0.512651998,40,0.186440678,0.762711864,N4 P1 O11,de-protonated,0,-9999,C59 H45 O11 N4 P1,59,45,11,4,1,-9999,-9999,-9999,-9999,-9999
1495,1015.275431,1015.275763061,1015.274830445,16286092,-9999,205997.5,24.05,-1,0.918584312,0.429019433,0.70871839,0.540899016,13,0.631578947,1.5,N4 S1 P1 O24,de-protonated,0,-9999,C38 H57 O24 N4 P1 S1,38,57,24,4,1,1,-9999,-9999,-9999,-9999
1496,1016.229644,1016.229976403,1016.229992958,17466172,-9999,211030.1,25.93,-1,-0.016290531,0.499975924,0.606448844,0.542565092,40,0.183333333,0.733333333,N1 S1 P1 O11,de-protonated,0,-9999,C60 H44 O11 N1 P1 S1,60,44,11,1,1,1,-9999,-9999,-9999,-9999
1496,1016.229644,1016.229976403,1016.229854574,17466172,-9999,211030.1,25.93,-1,0.119883807,0.498697797,0.703327172,0.580549547,13,0.615384615,1.435897436,N1 S2 P1 O24,de-protonated,0,-9999,C39 H56 O24 N1 P1 S2,39,56,24,1,1,2,-9999,-9999,-9999,-9999
1496,1016.229644,1016.229976403,1016.22934151,17466172,-9999,211030.1,25.93,-1,0.624754402,0.465813528,0.640033642,0.535501573,31,0.25,0.923076923,N3 S2 P1 O13,de-protonated,0,-9999,C52 H48 O13 N3 P1 S2,52,48,13,3,1,2,-9999,-9999,-9999,-9999
1497,1016.234663,1016.234995405,1016.235866185,17859390,-9999,179359,26.56,-1,-0.8568679,0.437634625,0.635633513,0.51683418,31,0.301886792,0.905660377,N1 S1 P1 O16,de-protonated,0,-9999,C53 H48 O16 N1 P1 S1,53,48,16,1,1,1,-9999,-9999,-9999,-9999
1497,1016.234663,1016.234995405,1016.234212415,17859390,-9999,179359,26.56,-1,0.770482215,0.448941408,0.627012296,0.520169763,36,0.272727273,0.781818182,N3 S1 O15,de-protonated,0,-9999,C55 H43 O15 N3 S1,55,43,15,3,-9999,1,-9999,-9999,-9999,-9999
1497,1016.234663,1016.234995405,1016.235214736,17859390,-9999,179359,26.56,-1,-0.215827212,0.495791744,0.672627142,0.566525903,22,0.4,1.155555556,N3 S2 P1 O18,de-protonated,0,-9999,C45 H52 O18 N3 P1 S2,45,52,18,3,1,2,-9999,-9999,-9999,-9999
1497,1016.234663,1016.234995405,1016.234345357,17859390,-9999,179359,26.56,-1,0.639664129,0.464222844,0.677556332,0.549556239,23,0.522727273,1.090909091,N3 P1 O23,de-protonated,0,-9999,C44 H48 O23 N3 P1,44,48,23,3,1,-9999,-9999,-9999,-9999,-9999
1498,1016.98658,1016.986912675,1016.987207664,11076746,-9999,276317.5,15.76,-1,-0.290060911,0.492424846,0.583485697,0.528849187,2,0.045454545,2,N1 P1 O3,de-protonated,0,-9999,C66 H132 O3 N1 P1,66,132,3,1,1,-9999,-9999,-9999,-9999,-9999
1498,1016.98658,1016.986912675,1016.987649981,11076746,-9999,276317.5,15.76,-1,-0.724989892,0.909035341,0,0.545421205,38,0.5,0.431818182,N4 S1 P1 O22,de-protonated,0,-9999,C44 H19 O22 N4 P1 S1,44,19,22,4,1,1,-9999,-9999,-9999,-9999
1499,1016.990199,1016.990531677,1016.991021284,12289163,-9999,319582.1,17.69,-1,-0.481427836,0.958817176,0,0.575290305,33,0.536585366,0.56097561,N4 S2 P1 O22,de-protonated,0,-9999,C41 H23 O22 N4 P1 S2,41,23,22,4,1,2,-9999,-9999,-9999,-9999
1500,1017.049485,1017.049817698,1017.049567733,20481190,-9999,217989.5,30.73,-1,0.245774556,0.494549707,0.672627142,0.565780681,31,0.533333333,0.666666667,S2 O24,de-protonated,0,-9999,C45 H30 O24 S2,45,30,24,-9999,-9999,2,-9999,-9999,-9999,-9999
1500,1017.049485,1017.049817698,1017.050462826,20481190,-9999,217989.5,30.73,-1,-0.634312758,0.464797457,0.576212942,0.509363651,0,0.014705882,2.044117647,N1 S1 O1,de-protonated,0,-9999,C68 H139 O1 N1 S1,68,139,1,1,-9999,1,-9999,-9999,-9999,-9999
1500,1017.049485,1017.049817698,1017.049187611,20481190,-9999,217989.5,30.73,-1,0.619525027,0.466363816,0.662980834,0.545010623,36,0.446808511,0.574468085,N2 S1 P1 O21,de-protonated,0,-9999,C47 H27 O21 N2 P1 S1,47,27,21,2,1,1,-9999,-9999,-9999,-9999
1500,1017.049485,1017.049817698,1017.050035764,20481190,-9999,217989.5,30.73,-1,-0.214410045,0.495846598,0.672627142,0.566558815,37,0.555555556,0.488888889,N4 O25,de-protonated,0,-9999,C45 H22 O25 N4,45,22,25,4,-9999,-9999,-9999,-9999,-9999,-9999
1501,1017.122138,1017.122470724,1017.122338752,11453637,-9999,241133.2,16.36,-1,0.129750675,0.996949929,0,0.598169958,29,0.468085106,0.808510638,S2 O22,de-protonated,0,-9999,C47 H38 O22 S2,47,38,22,-9999,-9999,2,-9999,-9999,-9999,-9999
1501,1017.122138,1017.122470724,1017.121958629,11453637,-9999,241133.2,16.36,-1,0.503474363,0.955046947,0,0.573028168,34,0.387755102,0.714285714,N2 S1 P1 O19,de-protonated,0,-9999,C49 H35 O19 N2 P1 S1,49,35,19,2,1,1,-9999,-9999,-9999,-9999
1501,1017.122138,1017.122470724,1017.122806782,11453637,-9999,241133.2,16.36,-1,-0.330400948,0.980387079,0,0.588232247,35,0.489361702,0.638297872,N4 O23,de-protonated,0,-9999,C47 H30 O23 N4,47,30,23,4,-9999,-9999,-9999,-9999,-9999,-9999
1502,1017.171511,1017.171843742,1017.171611421,20661466,-9999,177407.3,31.02,-1,0.228399149,0.495289587,0.672627142,0.566224609,23,0.466666667,1.044444444,S2 P1 O21,de-protonated,0,-9999,C45 H47 O21 P1 S2,45,47,21,-9999,1,2,-9999,-9999,-9999,-9999
1502,1017.171511,1017.171843742,1017.172459574,20661466,-9999,177407.3,31.02,-1,-0.605435228,0.467826618,0.6825583,0.553719291,24,0.581395349,0.976744186,N2 S1 O25,de-protonated,0,-9999,C43 H42 O25 N2 S1,43,42,25,2,-9999,1,-9999,-9999,-9999,-9999
1502,1017.171511,1017.171843742,1017.172079451,20661466,-9999,177407.3,31.02,-1,-0.23173023,0.49515186,0.672627142,0.566141973,29,0.488888889,0.866666667,N4 P1 O22,de-protonated,0,-9999,C45 H39 O22 N4 P1,45,39,22,4,1,-9999,-9999,-9999,-9999,-9999
1503,1018.928554,1018.928887373,1018.928432939,8914884,-9999,213950.3,12.31,-1,0.44599211,0.482275886,0.583485697,0.522759811,8,0.060606061,1.833333333,N3 O4,de-protonated,0,-9999,C66 H121 O4 N3,66,121,4,3,-9999,-9999,-9999,-9999,-9999,-9999
1504,1019.00273,1019.0030634,1019.002857728,14944227,-9999,247310.8,21.92,-1,0.201836248,0.49631771,0.583485697,0.531184905,1,0.045454545,2.03030303,N1 P1 O3,de-protonated,0,-9999,C66 H134 O3 N1 P1,66,134,3,1,1,-9999,-9999,-9999,-9999,-9999
1504,1019.00273,1019.0030634,1019.003680168,14944227,-9999,247310.8,21.92,-1,-0.605266054,0.467844005,0.68763467,0.555760271,32,0.595238095,0.571428571,N2 S2 O25,de-protonated,0,-9999,C42 H24 O25 N2 S2,42,24,25,2,-9999,2,-9999,-9999,-9999,-9999
1504,1019.00273,1019.0030634,1019.003300046,14944227,-9999,247310.8,21.92,-1,-0.23223263,0.495130918,0.677556332,0.568101084,37,0.5,0.477272727,N4 S1 P1 O22,de-protonated,0,-9999,C44 H21 O22 N4 P1 S1,44,21,22,4,1,1,-9999,-9999,-9999,-9999
1505,1019.024634,1019.024967408,1019.025460985,12814316,-9999,218827.3,18.52,-1,-0.484361996,0.479162146,0.662980834,0.552689621,36,0.531914894,0.510638298,S1 O25,de-protonated,0,-9999,C47 H24 O25 S1,47,24,25,-9999,-9999,1,-9999,-9999,-9999,-9999
1505,1019.024634,1019.024967408,1019.025950242,12814316,-9999,218827.3,18.52,-1,-0.964484326,0.422343551,0.649019222,0.513013819,40,0.34,0.5,N2 S2 P1 O17,de-protonated,0,-9999,C50 H25 O17 N2 P1 S2,50,25,17,2,1,2,-9999,-9999,-9999,-9999
1505,1019.024634,1019.024967408,1019.024429414,12814316,-9999,218827.3,18.52,-1,0.527950045,0.950682226,0,0.570409336,32,0.585365854,0.609756098,N4 S1 P1 O24,de-protonated,0,-9999,C41 H25 O24 N4 P1 S1,41,25,24,4,1,1,-9999,-9999,-9999,-9999
1506,1020.989723,1020.990057114,1020.990364492,25365250,-9999,203743.9,38.51,-1,-0.301058623,0.327896219,0.513784664,0.402251597,1,0.092307692,2.015384615,N1 O6,de-protonated,0,-9999,C65 H131 O6 N1,65,131,6,1,-9999,-9999,-9999,-9999,-9999,-9999
1506,1020.989723,1020.990057114,1020.989958656,25365250,-9999,203743.9,38.51,-1,0.09643355,0.499157027,0.672627142,0.568545073,36,0.466666667,0.511111111,N2 S2 P1 O21,de-protonated,0,-9999,C45 H23 O21 N2 P1 S2,45,23,21,2,1,2,-9999,-9999,-9999,-9999
1506,1020.989723,1020.990057114,1020.990806809,25365250,-9999,203743.9,38.51,-1,-0.734282305,0.453400717,0.6825583,0.54506375,37,0.581395349,0.418604651,N4 S1 O25,de-protonated,0,-9999,C43 H18 O25 N4 S1,43,18,25,4,-9999,1,-9999,-9999,-9999,-9999
1507,1021.673058,1021.673392359,1021.672551868,10128394,-9999,249498.7,14.24,-1,0.822662212,0.442220447,0.602496955,0.50633105,13,0.131147541,1.62295082,S1 P1 O8,de-protonated,0,-9999,C61 H99 O8 P1 S1,61,99,8,-9999,1,1,-9999,-9999,-9999,-9999
1507,1021.673058,1021.673392359,1021.674269401,10128394,-9999,249498.7,14.24,-1,-0.858435673,0.437421132,0.606448844,0.505032217,13,0.116666667,1.633333333,N2 S2 O7,de-protonated,0,-9999,C60 H98 O7 N2 S2,60,98,7,2,-9999,2,-9999,-9999,-9999,-9999
1507,1021.673058,1021.673392359,1021.673400021,10128394,-9999,249498.7,14.24,-1,-0.007499235,0.499994898,0.610452919,0.544178106,14,0.203389831,1.593220339,N2 O12,de-protonated,0,-9999,C59 H94 O12 N2,59,94,12,2,-9999,-9999,-9999,-9999,-9999,-9999
1507,1021.673058,1021.673392359,1021.674402343,10128394,-9999,249498.7,14.24,-1,-0.988556987,0.8375119,0,0.50250714,0,0.306122449,2.102040816,N2 S1 P1 O15,de-protonated,0,-9999,C49 H103 O15 N2 P1 S1,49,103,15,2,1,1,-9999,-9999,-9999,-9999
1507,1021.673058,1021.673392359,1021.672886957,10128394,-9999,249498.7,14.24,-1,0.494681309,0.478284557,0.562198102,0.511849975,32,0.013888889,1.194444444,N4 O1,de-protonated,0,-9999,C72 H86 O1 N4,72,86,1,4,-9999,-9999,-9999,-9999,-9999,-9999
1507,1021.673058,1021.673392359,1021.673889278,10128394,-9999,249498.7,14.24,-1,-0.486377428,0.478992075,0.598596236,0.52683374,18,0.064516129,1.532258065,N4 S1 P1 O4,de-protonated,0,-9999,C62 H95 O4 N4 P1 S1,62,95,4,4,1,1,-9999,-9999,-9999,-9999
1507,1021.673058,1021.673392359,1021.672748572,10128394,-9999,249498.7,14.24,-1,0.630130256,0.930487379,0,0.558292427,5,0.274509804,1.921568627,N4 S1 O14,de-protonated,0,-9999,C51 H98 O14 N4 S1,51,98,14,4,-9999,1,-9999,-9999,-9999,-9999
1508,1021.680421,1021.680755362,1021.680794076,15469581,-9999,274062.8,22.75,-1,-0.037892895,0.499869748,0.602496955,0.540920631,13,0.163934426,1.606557377,S1 O10,de-protonated,0,-9999,C61 H98 O10 S1,61,98,10,-9999,-9999,1,-9999,-9999,-9999,-9999
1508,1021.680421,1021.680755362,1021.680927018,15469581,-9999,274062.8,22.75,-1,-0.168013485,0.497445533,0.649019222,0.558075008,0,0.36,2.06,P1 O18,de-protonated,0,-9999,C50 H103 O18 P1,50,103,18,-9999,1,-9999,-9999,-9999,-9999,-9999
1508,1021.680421,1021.680755362,1021.681283334,15469581,-9999,274062.8,22.75,-1,-0.516767608,0.476349797,0.590944388,0.522187633,17,0.03125,1.546875,N2 S2 P1 O2,de-protonated,0,-9999,C64 H99 O2 N2 P1 S2,64,99,2,2,1,2,-9999,-9999,-9999,-9999
1508,1021.680421,1021.680755362,1021.680413954,15469581,-9999,274062.8,22.75,-1,0.334163278,0.4899712,0.594745702,0.531881,18,0.111111111,1.507936508,N2 P1 O7,de-protonated,0,-9999,C63 H95 O7 N2 P1,63,95,7,2,1,-9999,-9999,-9999,-9999,-9999
1508,1021.680421,1021.680755362,1021.680142628,15469581,-9999,274062.8,22.75,-1,0.599731962,0.46841044,0.635633513,0.535299669,4,0.226415094,1.924528302,N2 S2 O12,de-protonated,0,-9999,C53 H102 O12 N2 S2,53,102,12,2,-9999,2,-9999,-9999,-9999,-9999
1508,1021.680421,1021.680755362,1021.679762505,15469581,-9999,274062.8,22.75,-1,0.97178861,0.421261103,0.627012296,0.50356158,9,0.163636364,1.8,N4 S1 P1 O9,de-protonated,0,-9999,C55 H99 O9 N4 P1 S1,55,99,9,4,1,1,-9999,-9999,-9999,-9999
1509,1021.832466,1021.832800417,1021.833350047,15830087,-9999,267079.4,23.32,-1,-0.537886156,0.474428579,0.572644131,0.5137148,13,0.014492754,1.666666667,S1 P1 O1,de-protonated,0,-9999,C69 H115 O1 P1 S1,69,115,1,-9999,1,1,-9999,-9999,-9999,-9999
1509,1021.832466,1021.832800417,1021.83220934,15830087,-9999,267079.4,23.32,-1,0.578447236,0.470546671,0.614510218,0.52813209,0,0.189655172,2.034482759,S1 O11,de-protonated,0,-9999,C58 H118 O11 S1,58,118,11,-9999,-9999,1,-9999,-9999,-9999,-9999
1509,1021.832466,1021.832800417,1021.832698598,15830087,-9999,267079.4,23.32,-1,0.099643187,0.49910003,0.602496955,0.5404588,4,0.049180328,1.950819672,N2 S2 P1 O3,de-protonated,0,-9999,C61 H119 O3 N2 P1 S2,61,119,3,2,1,2,-9999,-9999,-9999,-9999
1509,1021.832466,1021.832800417,1021.831829218,15830087,-9999,267079.4,23.32,-1,0.950448507,0.424408315,0.606448844,0.497224527,5,0.133333333,1.916666667,N2 P1 O8,de-protonated,0,-9999,C60 H115 O8 N2 P1,60,115,8,2,1,-9999,-9999,-9999,-9999,-9999
1509,1021.832466,1021.832800417,1021.833546751,15830087,-9999,267079.4,23.32,-1,-0.730387552,0.453870265,0.610452919,0.516503327,5,0.118644068,1.93220339,N4 S1 O7,de-protonated,0,-9999,C59 H114 O7 N4 S1,59,114,7,4,-9999,1,-9999,-9999,-9999,-9999
1510,1021.839601,1021.839935419,1021.839223273,12356682,-9999,323317.7,17.79,-1,0.69692547,0.457820664,0.598596236,0.514130893,4,0.096774194,1.919354839,S1 P1 O6,de-protonated,0,-9999,C62 H119 O6 P1 S1,62,119,6,-9999,1,1,-9999,-9999,-9999,-9999
1510,1021.839601,1021.839935419,1021.840940806,12356682,-9999,323317.7,17.79,-1,-0.983898002,0.419454786,0.602496955,0.492671654,4,0.081967213,1.93442623,N2 S2 O5,de-protonated,0,-9999,C61 H118 O5 N2 S2,61,118,5,2,-9999,2,-9999,-9999,-9999,-9999
1510,1021.839601,1021.839935419,1021.840071426,12356682,-9999,323317.7,17.79,-1,-0.133100466,0.498395332,0.606448844,0.541616737,5,0.166666667,1.9,N2 O10,de-protonated,0,-9999,C60 H114 O10 N2,60,114,10,2,-9999,-9999,-9999,-9999,-9999,-9999
1510,1021.839601,1021.839935419,1021.840560684,12356682,-9999,323317.7,17.79,-1,-0.61190049,0.467159004,0.594745702,0.518193683,9,0.031746032,1.825396825,N4 S1 P1 O2,de-protonated,0,-9999,C63 H115 O2 N4 P1 S1,63,115,2,4,1,1,-9999,-9999,-9999,-9999
1511,1021.861472,1021.861806427,1021.862721623,11144274,-9999,289036.3,15.86,-1,-0.895615548,0.432275523,0.583485697,0.492759593,8,0.075757576,1.787878788,S1 O5,de-protonated,0,-9999,C66 H118 O5 S1,66,118,5,-9999,-9999,1,-9999,-9999,-9999,-9999
1511,1021.861472,1021.861806427,1021.862341501,11144274,-9999,289036.3,15.86,-1,-0.523625932,0.475733465,0.576212942,0.515925256,13,0.029411765,1.691176471,N2 P1 O2,de-protonated,0,-9999,C68 H115 O2 N2 P1,68,115,2,2,1,-9999,-9999,-9999,-9999,-9999
1511,1021.861472,1021.861806427,1021.861200795,11144274,-9999,289036.3,15.86,-1,0.592675804,0.469126097,0.618621811,0.528924383,0,0.210526316,2.070175439,N2 O12,de-protonated,0,-9999,C57 H118 O12 N2,57,118,12,2,-9999,-9999,-9999,-9999,-9999,-9999
1511,1021.861472,1021.861806427,1021.861690052,11144274,-9999,289036.3,15.86,-1,0.113885333,0.498824701,0.606448844,0.541874358,4,0.066666667,1.983333333,N4 S1 P1 O4,de-protonated,0,-9999,C60 H119 O4 N4 P1 S1,60,119,4,4,1,1,-9999,-9999,-9999,-9999
1512,1021.880371,1021.880705434,1021.881349068,14601305,-9999,206169.4,21.37,-1,-0.62985195,0.465273293,0.579826515,0.511094582,7,0.029850746,1.820895522,S2 O2,de-protonated,0,-9999,C67 H122 O2 S2,67,122,2,-9999,-9999,2,-9999,-9999,-9999,-9999
1512,1021.880371,1021.880705434,1021.880479688,14601305,-9999,206169.4,21.37,-1,0.220912243,0.495591996,0.583485697,0.530749477,8,0.106060606,1.787878788,O7,de-protonated,0,-9999,C66 H118 O7,66,118,7,-9999,-9999,-9999,-9999,-9999,-9999,-9999
1512,1021.880371,1021.880705434,1021.880317496,14601305,-9999,206169.4,21.37,-1,0.379630797,0.487094328,0.602496955,0.533255379,3,0.016393443,2.016393443,N4 S2 P1 O1,de-protonated,0,-9999,C61 H123 O1 N4 P1 S2,61,123,1,4,1,2,-9999,-9999,-9999,-9999
1513,1021.888133,1021.888467437,1021.887493621,18058332,-9999,186208.1,26.87,-1,0.952958035,0.424040632,0.569119254,0.482072081,12,0.028571429,1.7,P1 O2,de-protonated,0,-9999,C70 H119 O2 P1,70,119,2,-9999,1,-9999,-9999,-9999,-9999,-9999
1513,1021.888133,1021.888467437,1021.889211154,18058332,-9999,186208.1,26.87,-1,-0.72778647,0.454182728,0.572644131,0.501567289,12,0.014492754,1.710144928,N2 S1 O1,de-protonated,0,-9999,C69 H118 O1 N2 S1,69,118,1,2,-9999,1,-9999,-9999,-9999,-9999
1513,1021.888133,1021.888467437,1021.888559705,18058332,-9999,186208.1,26.87,-1,-0.090292098,0.499260902,0.602496955,0.540555323,3,0.049180328,2,N4 S2 O3,de-protonated,0,-9999,C61 H122 O3 N4 S2,61,122,3,4,-9999,2,-9999,-9999,-9999,-9999
1513,1021.888133,1021.888467437,1021.887690325,18058332,-9999,186208.1,26.87,-1,0.760466552,0.450192209,0.606448844,0.512694863,4,0.133333333,1.966666667,N4 O8,de-protonated,0,-9999,C60 H118 O8 N4,60,118,8,4,-9999,-9999,-9999,-9999,-9999,-9999
1514,1022.604854,1022.605188694,1022.604412736,9391466,-9999,255806.3,13.07,-1,0.758805819,0.45039836,0.572644131,0.499296668,28,0.028985507,1.246376812,N1 S1 P1 O2,de-protonated,0,-9999,C69 H86 O2 N1 P1 S1,69,86,2,1,1,1,-9999,-9999,-9999,-9999
1514,1022.604854,1022.605188694,1022.604274351,9391466,-9999,255806.3,13.07,-1,0.894131417,0.864967832,0,0.518980699,1,0.3125,2.041666667,N1 S2 P1 O15,de-protonated,0,-9999,C48 H98 O15 N1 P1 S2,48,98,15,1,1,2,-9999,-9999,-9999,-9999
1514,1022.604854,1022.605188694,1022.605773953,9391466,-9999,255806.3,13.07,-1,-0.572321472,0.942297859,0,0.565378715,11,0.314814815,1.648148148,N1 O17,de-protonated,0,-9999,C54 H89 O17 N1,54,89,17,1,-9999,-9999,-9999,-9999,-9999,-9999
1514,1022.604854,1022.605188694,1022.606130269,9391466,-9999,255806.3,13.07,-1,-0.92076004,0.428708017,0.576212942,0.487709987,28,0.014705882,1.25,N3 S2 O1,de-protonated,0,-9999,C68 H85 O1 N3 S2,68,85,1,3,-9999,2,-9999,-9999,-9999,-9999
1514,1022.604854,1022.605188694,1022.605260889,9391466,-9999,255806.3,13.07,-1,-0.070599081,0.499548013,0.579826515,0.531659414,29,0.089552239,1.208955224,N3 O6,de-protonated,0,-9999,C67 H81 O6 N3,67,81,6,3,-9999,-9999,-9999,-9999,-9999,-9999
1514,1022.604854,1022.605188694,1022.605122505,9391466,-9999,255806.3,13.07,-1,0.064726293,0.999240111,0,0.599544067,2,0.413043478,2.02173913,N3 S1 O19,de-protonated,0,-9999,C46 H93 O19 N3 S1,46,93,19,3,-9999,1,-9999,-9999,-9999,-9999
1515,1022.644232,1022.644566708,1022.644169549,10882425,-9999,306254.7,15.45,-1,0.388365444,0.486501803,0.579826515,0.523831688,22,0.014925373,1.402985075,N1 S2 P1 O1,de-protonated,0,-9999,C67 H94 O1 N1 P1 S2,67,94,1,1,1,2,-9999,-9999,-9999,-9999
1515,1022.644232,1022.644566708,1022.645530766,10882425,-9999,306254.7,15.45,-1,-0.942709604,0.851076125,0,0.510645675,5,0.307692308,1.865384615,N1 S1 O16,de-protonated,0,-9999,C52 H97 O16 N1 S1,52,97,16,1,-9999,1,-9999,-9999,-9999,-9999
1515,1022.644232,1022.644566708,1022.645017702,10882425,-9999,306254.7,15.45,-1,-0.441006904,0.482662992,0.587191358,0.524474339,23,0.076923077,1.369230769,N3 S1 O5,de-protonated,0,-9999,C65 H89 O5 N3 S1,65,89,5,3,-9999,1,-9999,-9999,-9999,-9999
1515,1022.644232,1022.644566708,1022.645150643,10882425,-9999,306254.7,15.45,-1,-0.571004754,0.471277646,0.631293472,0.535283976,10,0.240740741,1.740740741,N3 P1 O13,de-protonated,0,-9999,C54 H94 O13 N3 P1,54,94,13,3,1,-9999,-9999,-9999,-9999,-9999
1516,1022.650319,1022.65065371,1022.650042775,28380540,-9999,285019.6,43.31,-1,0.597403851,0.46864738,0.606448844,0.523767966,13,0.1,1.633333333,N1 S2 P1 O6,de-protonated,0,-9999,C60 H98 O6 N1 P1 S2,60,98,6,1,1,2,-9999,-9999,-9999,-9999
1516,1022.650319,1022.65065371,1022.651542377,28380540,-9999,285019.6,43.31,-1,-0.868982971,0.290651626,0.508967985,0.37797817,23,0.121212121,1.348484848,N1 O8,de-protonated,0,-9999,C66 H89 O8 N1,66,89,8,1,-9999,-9999,-9999,-9999,-9999,-9999
1516,1022.650319,1022.65065371,1022.650890928,28380540,-9999,285019.6,43.31,-1,-0.231963907,0.495142125,0.614510218,0.542889362,14,0.172413793,1.603448276,N3 S1 O10,de-protonated,0,-9999,C58 H93 O10 N3 S1,58,93,10,3,-9999,1,-9999,-9999,-9999,-9999
1516,1022.650319,1022.65065371,1022.65102387,28380540,-9999,285019.6,43.31,-1,-0.361961038,0.48825385,0.662980834,0.558144643,1,0.382978723,2.085106383,N3 P1 O18,de-protonated,0,-9999,C47 H98 O18 N3 P1,47,98,18,3,1,-9999,-9999,-9999,-9999,-9999
1517,1022.654389,1022.654723712,1022.65491368,16649597,-9999,383492.5,24.63,-1,-0.185760251,0.496879167,0.594745702,0.536025781,18,0.126984127,1.476190476,N1 S1 O8,de-protonated,0,-9999,C63 H93 O8 N1 S1,63,93,8,1,-9999,1,-9999,-9999,-9999,-9999
1517,1022.654389,1022.654723712,1022.655046622,16649597,-9999,383492.5,24.63,-1,-0.315756876,0.491035894,0.640033642,0.550634993,5,0.307692308,1.884615385,N1 P1 O16,de-protonated,0,-9999,C52 H98 O16 N1 P1,52,98,16,1,1,-9999,-9999,-9999,-9999,-9999
1517,1022.654389,1022.654723712,1022.654533558,16649597,-9999,383492.5,24.63,-1,0.185941469,0.496873094,0.587191358,0.5330004,23,0.076923077,1.384615385,N3 P1 O5,de-protonated,0,-9999,C65 H90 O5 N3 P1,65,90,5,3,1,-9999,-9999,-9999,-9999,-9999
1517,1022.654389,1022.654723712,1022.654262232,16649597,-9999,383492.5,24.63,-1,0.451257149,0.48186267,0.627012296,0.53992252,9,0.181818182,1.763636364,N3 S2 O10,de-protonated,0,-9999,C55 H97 O10 N3 S2,55,97,10,3,-9999,2,-9999,-9999,-9999,-9999
1518,1022.65841,1022.658744713,1022.65855631,11931006,-9999,318090.4,17.11,-1,0.184228969,0.49693025,0.569119254,0.525805851,27,0.042857143,1.285714286,N1 P1 O3,de-protonated,0,-9999,C70 H90 O3 N1 P1,70,90,3,1,1,-9999,-9999,-9999,-9999,-9999
1518,1022.65841,1022.658744713,1022.658284984,11931006,-9999,318090.4,17.11,-1,0.449543604,0.481997647,0.606448844,0.531778126,13,0.133333333,1.616666667,N1 S2 O8,de-protonated,0,-9999,C60 H97 O8 N1 S2,60,97,8,1,-9999,2,-9999,-9999,-9999,-9999
1518,1022.65841,1022.658744713,1022.658417926,11931006,-9999,318090.4,17.11,-1,0.319547325,0.490821385,0.653607294,0.555935749,0,0.326530612,2.0816326530000002,N1 S1 P1 O16,de-protonated,0,-9999,C49 H102 O16 N1 P1 S1,49,102,16,1,1,1,-9999,-9999,-9999,-9999
1518,1022.65841,1022.658744713,1022.657904861,11931006,-9999,318090.4,17.11,-1,0.821244335,0.442407515,0.598596236,0.504883003,18,0.080645161,1.516129032,N3 S1 P1 O5,de-protonated,0,-9999,C62 H94 O5 N3 P1 S1,62,94,5,3,1,1,-9999,-9999,-9999,-9999
1518,1022.65841,1022.658744713,1022.659266079,11931006,-9999,318090.4,17.11,-1,-0.509813411,0.953934492,0,0.572360695,1,0.425531915,2.063829787,N3 O20,de-protonated,0,-9999,C47 H97 O20 N3,47,97,20,3,-9999,-9999,-9999,-9999,-9999,-9999
1519,1023.73085,1023.731185099,1023.730327727,13094663,-9999,230106.1,18.97,-1,0.837497825,0.440248578,0.583485697,0.497543426,15,0.060606061,1.575757576,S2 O4,de-protonated,0,-9999,C66 H104 O4 S2,66,104,4,-9999,-9999,2,-9999,-9999,-9999,-9999
1519,1023.73085,1023.731185099,1023.730460668,13094663,-9999,230106.1,18.97,-1,0.707637626,0.456572491,0.627012296,0.524748413,2,0.218181818,1.981818182,S1 P1 O12,de-protonated,0,-9999,C55 H109 O12 P1 S1,55,109,12,-9999,1,1,-9999,-9999,-9999,-9999
1519,1023.73085,1023.731185099,1023.732178201,13094663,-9999,230106.1,18.97,-1,-0.970080719,0.88833001599999994,0.963600404,0.918438171,2,0.203703704,2,N2 S2 O11,de-protonated,0,-9999,C54 H108 O11 N2 S2,54,108,11,2,-9999,2,-9999,-9999,-9999,-9999
1519,1023.73085,1023.731185099,1023.731308822,13094663,-9999,230106.1,18.97,-1,-0.120854932,0.498676642,0.635633513,0.553459391,3,0.301886792,1.962264151,N2 O16,de-protonated,0,-9999,C53 H104 O16 N2,53,104,16,2,-9999,-9999,-9999,-9999,-9999,-9999
1519,1023.73085,1023.731185099,1023.730795757,13094663,-9999,230106.1,18.97,-1,0.38031607,0.487048303,0.583485697,0.525623261,21,0.075757576,1.454545455,N4 O5,de-protonated,0,-9999,C66 H96 O5 N4,66,96,5,4,-9999,-9999,-9999,-9999,-9999,-9999
1519,1023.73085,1023.731185099,1023.731798079,13094663,-9999,230106.1,18.97,-1,-0.598770428,0.887625197,0.972105081,0.921417151,7,0.142857143,1.875,N4 S1 P1 O8,de-protonated,0,-9999,C56 H105 O8 N4 P1 S1,56,105,8,4,1,1,-9999,-9999,-9999,-9999
1520,1023.737102,1023.737437101,1023.73647228,13078281,-9999,275296.8,18.94,-1,0.942450782,0.425575738,0.572644131,0.484403095,20,0.057971014,1.463768116,P1 O4,de-protonated,0,-9999,C69 H101 O4 P1,69,101,4,-9999,1,-9999,-9999,-9999,-9999,-9999
1520,1023.737102,1023.737437101,1023.738189813,13078281,-9999,275296.8,18.94,-1,-0.735258104,0.45328276,0.576212942,0.502454833,20,0.044117647,1.470588235,N2 S1 O3,de-protonated,0,-9999,C68 H100 O3 N2 S1,68,100,3,2,-9999,1,-9999,-9999,-9999,-9999
1520,1023.737102,1023.737437101,1023.738322754,13078281,-9999,275296.8,18.94,-1,-0.865117102,0.436508083,0.618621811,0.509353574,7,0.192982456,1.842105263,N2 P1 O11,de-protonated,0,-9999,C57 H105 O11 N2 P1,57,105,11,2,1,-9999,-9999,-9999,-9999,-9999
1520,1023.737102,1023.737437101,1023.737538364,13078281,-9999,275296.8,18.94,-1,-0.098915119,0.499113122,0.606448844,0.542047411,11,0.083333333,1.733333333,N4 S2 O5,de-protonated,0,-9999,C60 H104 O5 N4 S2,60,104,5,4,-9999,2,-9999,-9999,-9999,-9999
1520,1023.737102,1023.737437101,1023.736668984,13078281,-9999,275296.8,18.94,-1,0.750306961,0.451447754,0.610452919,0.51504982,12,0.169491525,1.694915254,N4 O10,de-protonated,0,-9999,C59 H100 O10 N4,59,100,10,4,-9999,-9999,-9999,-9999,-9999,-9999
1521,1024.735828,1024.73616346,1024.735533037,8917100,-9999,277344.4,12.31,-1,0.615205733,0.933630665,0.963600404,0.94561856,2,0.203703704,2,13C1 N2 S2 O11,de-protonated,1,1519,C53 H108 O11 N2 S2 13C1,53,108,11,2,-9999,2,1,-9999,-9999,-9999
1521,1024.735828,1024.73616346,1024.736810088,8917100,-9999,277344.4,12.31,-1,-0.631019076,0.465149072,0.590944388,0.515467199,15,0.046875,1.609375,N3 S2 O3,de-protonated,0,-9999,C64 H103 O3 N3 S2,64,103,3,3,-9999,2,-9999,-9999,-9999,-9999
1521,1024.735828,1024.73616346,1024.735940708,8917100,-9999,277344.4,12.31,-1,0.217374434,0.991462901,0,0.594877741,16,0.126984127,1.571428571,N3 O8,de-protonated,0,-9999,C63 H99 O8 N3,63,99,8,3,-9999,-9999,-9999,-9999,-9999,-9999
1521,1024.735828,1024.73616346,1024.73694303,8917100,-9999,277344.4,12.31,-1,-0.760751538,0.900313593,0,0.540188156,2,0.20754717,2.037735849,N3 S1 P1 O11,de-protonated,0,-9999,C53 H108 O11 N3 P1 S1,53,108,11,3,1,1,-9999,-9999,-9999,-9999
1521,1024.735828,1024.73616346,1024.735152914,8917100,-9999,277344.4,12.31,-1,0.986153049,0.838233603,0.972105081,0.891782194,7,0.142857143,1.875,13C1 N4 S1 P1 O8,de-protonated,1,1519,C55 H105 O8 N4 P1 S1 13C1,55,105,8,4,1,1,1,-9999,-9999,-9999
1522,1025.424821,1025.425156707,1025.42552214,9113946,-9999,249171.7,12.63,-1,-0.356371604,0.977219374,0,0.586331624,27,0.131147541,1.163934426,S2 P1 O8,de-protonated,0,-9999,C61 H71 O8 P1 S2,61,71,8,-9999,1,2,-9999,-9999,-9999,-9999
1522,1025.424821,1025.425156707,1025.42465276,9113946,-9999,249171.7,12.63,-1,0.491452327,0.957121951,0,0.574273171,28,0.216666667,1.116666667,P1 O13,de-protonated,0,-9999,C60 H67 O13 P1,60,67,13,-9999,1,-9999,-9999,-9999,-9999,-9999
1522,1025.424821,1025.425156707,1025.424381434,9113946,-9999,249171.7,12.63,-1,0.756051354,0.901478987,0,0.540887392,14,0.36,1.48,S2 O18,de-protonated,0,-9999,C50 H74 O18 S2,50,74,18,-9999,-9999,2,-9999,-9999,-9999,-9999
1522,1025.424821,1025.425156707,1025.42599017,9113946,-9999,249171.7,12.63,-1,-0.812797019,0.887033901,0,0.532220341,33,0.14754098399999999,1.032786885,N4 P1 O9,de-protonated,0,-9999,C61 H63 O9 N4 P1,61,63,9,4,1,-9999,-9999,-9999,-9999,-9999
1522,1025.424821,1025.425156707,1025.425718844,9113946,-9999,249171.7,12.63,-1,-0.548198682,0.946930778,0,0.568158467,19,0.274509804,1.37254902,N4 S2 O14,de-protonated,0,-9999,C51 H70 O14 N4 S2,51,70,14,4,-9999,2,-9999,-9999,-9999,-9999
1522,1025.424821,1025.425156707,1025.424849464,9113946,-9999,249171.7,12.63,-1,0.299624924,0.983842385,0,0.590305431,20,0.38,1.32,N4 O19,de-protonated,0,-9999,C50 H66 O19 N4,50,66,19,4,-9999,-9999,-9999,-9999,-9999,-9999
1522,1025.424821,1025.425156707,1025.425851786,9113946,-9999,249171.7,12.63,-1,-0.677843997,0.920010056,0,0.552006034,6,0.55,1.875,N4 S1 P1 O22,de-protonated,0,-9999,C40 H75 O22 N4 P1 S1,40,75,22,4,1,1,-9999,-9999,-9999,-9999
1523,1026.564622,1026.564958117,1026.565310828,9867993,-9999,221419.1,13.83,-1,-0.343583598,0.489403909,0.555443265,0.515819651,37,0.013513514,1.040540541,N1 S1 O1,de-protonated,0,-9999,C74 H77 O1 N1 S1,74,77,1,1,-9999,1,-9999,-9999,-9999,-9999
1523,1026.564622,1026.564958117,1026.56544377,9867993,-9999,221419.1,13.83,-1,-0.47308502,0.480101803,0.594745702,0.525959362,24,0.142857143,1.301587302,N1 P1 O9,de-protonated,0,-9999,C63 H82 O9 N1 P1,63,82,9,1,1,-9999,-9999,-9999,-9999,-9999
1523,1026.564622,1026.564958117,1026.565172443,9867993,-9999,221419.1,13.83,-1,-0.208780289,0.992121991,0,0.595273194,10,0.264150943,1.679245283,N1 S2 O14,de-protonated,0,-9999,C53 H89 O14 N1 S2,53,89,14,1,-9999,2,-9999,-9999,-9999,-9999
1523,1026.564622,1026.564958117,1026.564303063,9867993,-9999,221419.1,13.83,-1,0.638102547,0.928781893,0,0.557269136,11,0.365384615,1.634615385,N1 O19,de-protonated,0,-9999,C52 H85 O19 N1,52,85,19,1,-9999,-9999,-9999,-9999,-9999,-9999
1523,1026.564622,1026.564958117,1026.564659379,9867993,-9999,221419.1,13.83,-1,0.29100717,0.492375721,0.583485697,0.528819711,28,0.045454545,1.227272727,N3 S2 O3,de-protonated,0,-9999,C66 H81 O3 N3 S2,66,81,3,3,-9999,2,-9999,-9999,-9999,-9999
1523,1026.564622,1026.564958117,1026.564792321,9867993,-9999,221419.1,13.83,-1,0.161505584,0.995278265,0,0.597166959,15,0.2,1.563636364,N3 S1 P1 O11,de-protonated,0,-9999,C55 H86 O11 N3 P1 S1,55,86,11,3,1,1,-9999,-9999,-9999,-9999
1524,1026.643033,1026.643369145,1026.643955073,15667955,-9999,247239.6,23.06,-1,-0.570722009,0.471305252,0.572644131,0.511840803,26,0.057971014,1.289855072,N1 S1 O4,de-protonated,0,-9999,C69 H89 O4 N1 S1,69,89,4,1,-9999,1,-9999,-9999,-9999,-9999
1524,1026.643033,1026.643369145,1026.644088015,15667955,-9999,247239.6,23.06,-1,-0.700213481,0.457439211,0.614510218,0.520267614,13,0.206896552,1.620689655,N1 P1 O12,de-protonated,0,-9999,C58 H94 O12 N1 P1,58,94,12,1,1,-9999,-9999,-9999,-9999,-9999
1524,1026.643033,1026.643369145,1026.642947309,15667955,-9999,247239.6,23.06,-1,0.410888714,0.484915283,0.662980834,0.556141503,0,0.468085106,2.063829787,N1 O22,de-protonated,0,-9999,C47 H97 O22 N1,47,97,22,1,-9999,-9999,-9999,-9999,-9999,-9999
1524,1026.643033,1026.643369145,1026.643574951,15667955,-9999,247239.6,23.06,-1,-0.200464684,0.496367403,0.565637507,0.524075445,31,0.014084507,1.211267606,N3 P1 O1,de-protonated,0,-9999,C71 H86 O1 N3 P1,71,86,1,3,1,-9999,-9999,-9999,-9999,-9999
1524,1026.643033,1026.643369145,1026.643303625,15667955,-9999,247239.6,23.06,-1,0.063820004,0.499630617,0.602496955,0.540777152,17,0.098360656,1.524590164,N3 S2 O6,de-protonated,0,-9999,C61 H93 O6 N3 S2,61,93,6,3,-9999,2,-9999,-9999,-9999,-9999
1524,1026.643033,1026.643369145,1026.642434245,15667955,-9999,247239.6,23.06,-1,0.91063862,0.43015236,0.606448844,0.500670954,18,0.183333333,1.483333333,N3 O11,de-protonated,0,-9999,C60 H89 O11 N3,60,89,11,3,-9999,-9999,-9999,-9999,-9999,-9999
1524,1026.643033,1026.643369145,1026.643436566,15667955,-9999,247239.6,23.06,-1,-0.065671632,0.49960888,0.649019222,0.559373017,4,0.28,1.96,N3 S1 P1 O14,de-protonated,0,-9999,C50 H98 O14 N3 P1 S1,50,98,14,3,1,1,-9999,-9999,-9999,-9999
1525,1027.335007,1027.335343394,1027.334384658,25072596,-9999,170241.1,38.04,-1,0.933226496,0.426913884,0.587191358,0.491024874,38,0.123076923,0.861538462,S2 O8,de-protonated,0,-9999,C65 H56 O8 S2,65,56,8,-9999,-9999,2,-9999,-9999,-9999,-9999
1525,1027.335007,1027.335343394,1027.3345176,25072596,-9999,170241.1,38.04,-1,0.803821856,0.444686143,0.631293472,0.519329074,25,0.296296296,1.12962963,S1 P1 O16,de-protonated,0,-9999,C54 H61 O16 P1 S1,54,61,16,-9999,1,1,-9999,-9999,-9999,-9999
1525,1027.335007,1027.335343394,1027.336235133,25072596,-9999,170241.1,38.04,-1,-0.86801095,0.436111024,0.635633513,0.51592002,25,0.283018868,1.132075472,N2 S2 O15,de-protonated,0,-9999,C53 H60 O15 N2 S2,53,60,15,2,-9999,2,-9999,-9999,-9999,-9999
1525,1027.335007,1027.335343394,1027.335365753,25072596,-9999,170241.1,38.04,-1,-0.021764297,0.499957027,0.640033642,0.555987673,26,0.384615385,1.076923077,N2 O20,de-protonated,0,-9999,C52 H56 O20 N2,52,56,20,2,-9999,-9999,-9999,-9999,-9999,-9999
1525,1027.335007,1027.335343394,1027.336368074,25072596,-9999,170241.1,38.04,-1,-0.997415125,0.417421392,0.68763467,0.525506703,12,0.547619048,1.547619048,N2 S1 P1 O23,de-protonated,0,-9999,C42 H65 O23 N2 P1 S1,42,65,23,2,1,1,-9999,-9999,-9999,-9999
1525,1027.335007,1027.335343394,1027.33585501,25072596,-9999,170241.1,38.04,-1,-0.498003237,0.477998461,0.627012296,0.537603995,30,0.218181818,1.036363636,N4 S1 P1 O12,de-protonated,0,-9999,C55 H57 O12 N4 P1 S1,55,57,12,4,1,1,-9999,-9999,-9999,-9999
1525,1027.335007,1027.335343394,1027.334714304,25072596,-9999,170241.1,38.04,-1,0.612351009,0.467112255,0.677556332,0.551289885,17,0.5,1.363636364,N4 S1 O22,de-protonated,0,-9999,C44 H60 O22 N4 S1,44,60,22,4,-9999,1,-9999,-9999,-9999,-9999
1525,1027.335007,1027.335343394,1027.335716626,25072596,-9999,170241.1,38.04,-1,-0.363301057,0.488167757,0.73113591,0.585355018,3,0.735294118,2.029411765,N4 S2 P1 O25,de-protonated,0,-9999,C34 H69 O25 N4 P1 S2,34,69,25,4,1,2,-9999,-9999,-9999,-9999
1526,1027.343549,1027.343885397,1027.343900514,13112279,-9999,239457.4,18.99,-1,-0.014715143,0.499980355,0.587191358,0.534864756,38,0.123076923,0.876923077,S1 P1 O8,de-protonated,0,-9999,C65 H57 O8 P1 S1,65,57,8,-9999,1,1,-9999,-9999,-9999,-9999
1526,1027.343549,1027.343885397,1027.34376213,13112279,-9999,239457.4,18.99,-1,0.119986048,0.498695578,0.677556332,0.570239879,11,0.477272727,1.568181818,S2 P1 O21,de-protonated,0,-9999,C44 H69 O21 P1 S2,44,69,21,-9999,1,2,-9999,-9999,-9999,-9999
1526,1027.343549,1027.343885397,1027.343249065,13112279,-9999,239457.4,18.99,-1,0.619394899,0.466377458,0.618621811,0.527275199,29,0.175438596,1.070175439,N2 S2 P1 O10,de-protonated,0,-9999,C57 H61 O10 N2 P1 S2,57,61,10,2,1,2,-9999,-9999,-9999,-9999
1526,1027.343549,1027.343885397,1027.344748667,13112279,-9999,239457.4,18.99,-1,-0.840293079,0.4398741,0.594745702,0.501822741,39,0.19047619,0.825396825,N2 O12,de-protonated,0,-9999,C63 H52 O12 N2,63,52,12,2,-9999,-9999,-9999,-9999,-9999,-9999
1526,1027.343549,1027.343885397,1027.344610283,13112279,-9999,239457.4,18.99,-1,-0.705592111,0.913624079,0,0.548174447,12,0.595238095,1.523809524,N2 S1 O25,de-protonated,0,-9999,C42 H64 O25 N2 S1,42,64,25,2,-9999,1,-9999,-9999,-9999,-9999
1526,1027.343549,1027.343885397,1027.344097219,13112279,-9999,239457.4,18.99,-1,-0.206184085,0.496157975,0.627012296,0.548499703,30,0.254545455,1.018181818,N4 S1 O14,de-protonated,0,-9999,C55 H56 O14 N4 S1,55,56,14,4,-9999,1,-9999,-9999,-9999,-9999
1526,1027.343549,1027.343885397,1027.34423016,13112279,-9999,239457.4,18.99,-1,-0.335587354,0.489886412,0.677556332,0.56495438,17,0.5,1.386363636,N4 P1 O22,de-protonated,0,-9999,C44 H61 O22 N4 P1,44,61,22,4,1,-9999,-9999,-9999,-9999,-9999
1527,1027.546228,1027.546564469,1027.546957429,11588632,-9999,304983.7,16.57,-1,-0.382424858,0.486906178,0.579826515,0.524074313,28,0.074626866,1.208955224,S1 P1 O5,de-protonated,0,-9999,C67 H81 O5 P1 S1,67,81,5,-9999,1,1,-9999,-9999,-9999,-9999
1527,1027.546228,1027.546564469,1027.545816723,11588632,-9999,304983.7,16.57,-1,0.727701401,0.454192932,0.622788794,0.521631277,15,0.267857143,1.5,S1 O15,de-protonated,0,-9999,C56 H84 O15 S1,56,84,15,-9999,-9999,1,-9999,-9999,-9999,-9999
1527,1027.546228,1027.546564469,1027.546819045,11588632,-9999,304983.7,16.57,-1,-0.247750336,0.988924429,0,0.593354657,1,0.391304348,2.02173913,S2 P1 O18,de-protonated,0,-9999,C46 H93 O18 P1 S2,46,93,18,-9999,1,2,-9999,-9999,-9999,-9999
1527,1027.546228,1027.546564469,1027.545949665,11588632,-9999,304983.7,16.57,-1,0.598323414,0.937107777,0,0.562264666,2,0.511111111,1.977777778,P1 O23,de-protonated,0,-9999,C45 H89 O23 P1,45,89,23,-9999,1,-9999,-9999,-9999,-9999,-9999
1527,1027.546228,1027.546564469,1027.54630598,11588632,-9999,304983.7,16.57,-1,0.25155964200000003,0.494291595,0.610452919,0.540756125,19,0.118644068,1.440677966,N2 S2 P1 O7,de-protonated,0,-9999,C59 H85 O7 N2 P1 S2,59,85,7,2,1,2,-9999,-9999,-9999,-9999
1527,1027.546228,1027.546564469,1027.547154133,11588632,-9999,304983.7,16.57,-1,-0.573855892,0.470998602,0.618621811,0.530047885,20,0.192982456,1.403508772,N4 S1 O11,de-protonated,0,-9999,C57 H80 O11 N4 S1,57,80,11,4,-9999,1,-9999,-9999,-9999,-9999
1527,1027.546228,1027.546564469,1027.547287075,11588632,-9999,304983.7,16.57,-1,-0.703233543,0.914175087,0,0.548505052,7,0.413043478,1.847826087,N4 P1 O19,de-protonated,0,-9999,C46 H85 O19 N4 P1,46,85,19,4,1,-9999,-9999,-9999,-9999,-9999
1528,1028.319409,1028.319745747,1028.320522042,17077516,-9999,265625.2,25.31,-1,-0.754914889,0.450879955,0.594745702,0.508426254,39,0.174603175,0.825396825,N1 P1 O11,de-protonated,0,-9999,C63 H52 O11 N1 P1,63,52,11,1,1,-9999,-9999,-9999,-9999,-9999
1528,1028.319409,1028.319745747,1028.320250716,17077516,-9999,265625.2,25.31,-1,-0.491061332,0.478594335,0.635633513,0.541410006,25,0.301886792,1.113207547,N1 S2 O16,de-protonated,0,-9999,C53 H59 O16 N1 S2,53,59,16,1,-9999,2,-9999,-9999,-9999,-9999
1528,1028.319409,1028.319745747,1028.319381336,17077516,-9999,265625.2,25.31,-1,0.354375853,0.488735462,0.640033642,0.549254734,26,0.403846154,1.057692308,N1 O21,de-protonated,0,-9999,C52 H55 O21 N1,52,55,21,1,-9999,-9999,-9999,-9999,-9999,-9999
1528,1028.319409,1028.319745747,1028.320383657,17077516,-9999,265625.2,25.31,-1,-0.620341727,0.466278136,0.68763467,0.55482075,12,0.571428571,1.523809524,N1 S1 P1 O24,de-protonated,0,-9999,C42 H64 O24 N1 P1 S1,42,64,24,1,1,1,-9999,-9999,-9999,-9999
1528,1028.319409,1028.319745747,1028.319870593,17077516,-9999,265625.2,25.31,-1,-0.121407546,0.498664529,0.627012296,0.550003635,30,0.236363636,1.018181818,N3 S1 P1 O13,de-protonated,0,-9999,C55 H56 O13 N3 P1 S1,55,56,13,3,1,1,-9999,-9999,-9999,-9999
1528,1028.319409,1028.319745747,1028.318729887,17077516,-9999,265625.2,25.31,-1,0.9878846,0.418856938,0.677556332,0.522336696,17,0.522727273,1.340909091,N3 S1 O23,de-protonated,0,-9999,C44 H59 O23 N3 S1,44,59,23,3,-9999,1,-9999,-9999,-9999,-9999
1529,1028.327164,1028.32750075,1028.327264648,19207440,-9999,311630.2,28.7,-1,0.229597796,0.495240253,0.618621811,0.544592876,29,0.192982456,1.052631579,N1 S2 P1 O11,de-protonated,0,-9999,C57 H60 O11 N1 P1 S2,57,60,11,1,1,2,-9999,-9999,-9999,-9999
1529,1028.327164,1028.32750075,1028.328112802,19207440,-9999,311630.2,28.7,-1,-0.595190862,0.468871859,0.627012296,0.532128034,30,0.272727273,1,N3 S1 O15,de-protonated,0,-9999,C55 H55 O15 N3 S1,55,55,15,3,-9999,1,-9999,-9999,-9999,-9999
1529,1028.327164,1028.32750075,1028.328245743,19207440,-9999,311630.2,28.7,-1,-0.724470255,0.454579792,0.677556332,0.543770408,17,0.522727273,1.363636364,N3 P1 O23,de-protonated,0,-9999,C44 H60 O23 N3 P1,44,60,23,3,1,-9999,-9999,-9999,-9999,-9999
1530,1028.368692,1028.369028765,1028.368521063,14243100,-9999,189073,20.79,-1,0.493696632,0.478369026,0.602496955,0.528020198,33,0.196721311,0.967213115,N1 S1 O12,de-protonated,0,-9999,C61 H59 O12 N1 S1,61,59,12,1,-9999,1,-9999,-9999,-9999,-9999
1530,1028.368692,1028.369028765,1028.369523385,14243100,-9999,189073,20.79,-1,-0.480974507,0.479446541,0.644495114,0.54546597,19,0.294117647,1.333333333,N1 S2 P1 O15,de-protonated,0,-9999,C51 H68 O15 N1 P1 S2,51,68,15,1,1,2,-9999,-9999,-9999,-9999
1530,1028.368692,1028.369028765,1028.368654005,14243100,-9999,189073,20.79,-1,0.364422178,0.488095495,0.649019222,0.552464986,20,0.4,1.28,N1 P1 O20,de-protonated,0,-9999,C50 H64 O20 N1 P1,50,64,20,1,1,-9999,-9999,-9999,-9999,-9999
1530,1028.368692,1028.369028765,1028.368382678,14243100,-9999,189073,20.79,-1,0.62826368,0.46544202,0.698017357,0.558472155,6,0.625,1.775,N1 S2 O25,de-protonated,0,-9999,C40 H71 O25 N1 S2,40,71,25,1,-9999,2,-9999,-9999,-9999,-9999
1530,1028.368692,1028.369028765,1028.36901032,14243100,-9999,189073,20.79,-1,0.017935901,0.499970815,0.590944388,0.536360244,37,0.0625,0.9375,N3 S2 P1 O4,de-protonated,0,-9999,C64 H60 O4 N3 P1 S2,64,60,4,3,1,2,-9999,-9999,-9999,-9999
1530,1028.368692,1028.369028765,1028.36814094,14243100,-9999,189073,20.79,-1,0.86333343,0.436752336,0.594745702,0.499949682,38,0.142857143,0.888888889,N3 P1 O9,de-protonated,0,-9999,C63 H56 O9 N3 P1,63,56,9,3,1,-9999,-9999,-9999,-9999,-9999
1530,1028.368692,1028.369028765,1028.368002556,14243100,-9999,189073,20.79,-1,0.997900579,0.417348034,0.68763467,0.525462688,11,0.523809524,1.619047619,N3 S1 P1 O22,de-protonated,0,-9999,C42 H68 O22 N3 P1 S1,42,68,22,3,1,1,-9999,-9999,-9999,-9999
1531,1028.372427,1028.372763766,1028.371892366,14325021,-9999,288188.5,20.92,-1,0.847358921,0.438923365,0.614510218,0.509158106,28,0.206896552,1.086206897,N1 S2 O12,de-protonated,0,-9999,C58 H63 O12 N1 S2,58,63,12,1,-9999,2,-9999,-9999,-9999,-9999
1531,1028.372427,1028.372763766,1028.372025308,14325021,-9999,288188.5,20.92,-1,0.718084846,0.455340202,0.662980834,0.538396455,15,0.425531915,1.446808511,N1 S1 P1 O20,de-protonated,0,-9999,C47 H68 O20 N1 P1 S1,47,68,20,1,1,1,-9999,-9999,-9999,-9999
1531,1028.372427,1028.372763766,1028.373742841,14325021,-9999,288188.5,20.92,-1,-0.952061135,0.424172116,0.667769153,0.521610931,15,0.413043478,1.456521739,N3 S2 O19,de-protonated,0,-9999,C46 H67 O19 N3 S2,46,67,19,3,-9999,2,-9999,-9999,-9999,-9999
1531,1028.372427,1028.372763766,1028.372873461,14325021,-9999,288188.5,20.92,-1,-0.106668316,0.498968792,0.672627142,0.568432132,16,0.533333333,1.4,N3 O24,de-protonated,0,-9999,C45 H63 O24 N3,45,63,24,3,-9999,-9999,-9999,-9999,-9999,-9999
1532,1028.3758,1028.376136768,1028.375534996,9606431,-9999,504862.5,13.41,-1,0.585167391,0.469879501,0.587191358,0.516804244,37,0.107692308,0.923076923,N1 S1 P1 O7,de-protonated,0,-9999,C65 H60 O7 N1 P1 S1,65,60,7,1,1,1,-9999,-9999,-9999,-9999
1532,1028.3758,1028.376136768,1028.375396611,9606431,-9999,504862.5,13.41,-1,0.719733534,0.910288781,0,0.546173269,10,0.454545455,1.636363636,N1 S2 P1 O20,de-protonated,0,-9999,C44 H72 O20 N1 P1 S2,44,72,20,1,1,2,-9999,-9999,-9999,-9999
1532,1028.3758,1028.376136768,1028.376896213,9606431,-9999,504862.5,13.41,-1,-0.73848955,0.905782478,0,0.543469487,20,0.44,1.26,N1 O22,de-protonated,0,-9999,C50 H63 O22 N1,50,63,22,1,-9999,-9999,-9999,-9999,-9999,-9999
1532,1028.3758,1028.376136768,1028.376383149,9606431,-9999,504862.5,13.41,-1,-0.239582846,0.494819453,0.594745702,0.534789952,38,0.174603175,0.873015873,N3 O11,de-protonated,0,-9999,C63 H55 O11 N3,63,55,11,3,-9999,-9999,-9999,-9999,-9999,-9999
1532,1028.3758,1028.376136768,1028.376244764,9606431,-9999,504862.5,13.41,-1,-0.105016925,0.998000884,0,0.59880053,11,0.571428571,1.595238095,N3 S1 O24,de-protonated,0,-9999,C42 H67 O24 N3 S1,42,67,24,3,-9999,1,-9999,-9999,-9999,-9999
1533,1028.379489,1028.379825769,1028.378906299,11474208,-9999,228211.7,16.38,-1,0.894096358,0.432488836,0.598596236,0.498931796,32,0.112903226,1.032258065,N1 S2 P1 O7,de-protonated,0,-9999,C62 H64 O7 N1 P1 S2,62,64,7,1,1,2,-9999,-9999,-9999,-9999
1533,1028.379489,1028.379825769,1028.380267516,11474208,-9999,228211.7,16.38,-1,-0.429556653,0.967073561,0,0.580244136,15,0.468085106,1.425531915,N1 S1 O22,de-protonated,0,-9999,C47 H67 O22 N1 S1,47,67,22,1,-9999,1,-9999,-9999,-9999,-9999
1533,1028.379489,1028.379825769,1028.379754452,11474208,-9999,228211.7,16.38,-1,0.069348569,0.499563877,0.606448844,0.542317864,33,0.183333333,0.983333333,N3 S1 O11,de-protonated,0,-9999,C60 H59 O11 N3 S1,60,59,11,3,-9999,1,-9999,-9999,-9999,-9999
1533,1028.379489,1028.379825769,1028.380756774,11474208,-9999,228211.7,16.38,-1,-0.90531151,0.430908066,0.649019222,0.518152528,19,0.28,1.36,N3 S2 P1 O14,de-protonated,0,-9999,C50 H68 O14 N3 P1 S2,50,68,14,3,1,2,-9999,-9999,-9999,-9999
1533,1028.379489,1028.379825769,1028.379887394,11474208,-9999,228211.7,16.38,-1,-0.059924417,0.999348642,0,0.599609185,20,0.387755102,1.306122449,N3 P1 O19,de-protonated,0,-9999,C49 H64 O19 N3 P1,49,64,19,3,1,-9999,-9999,-9999,-9999,-9999
1533,1028.379489,1028.379825769,1028.379616068,11474208,-9999,228211.7,16.38,-1,0.203914091,0.992483581,0,0.595490148,6,0.615384615,1.820512821,N3 S2 O24,de-protonated,0,-9999,C39 H71 O24 N3 S2,39,71,24,3,-9999,2,-9999,-9999,-9999,-9999
1534,1028.557051,1028.557387833,1028.557462542,14357847,-9999,302613.3,20.98,-1,-0.072635511,0.499521575,0.569119254,0.527360647,32,0.028571429,1.142857143,N1 S1 P1 O2,de-protonated,0,-9999,C70 H80 O2 N1 P1 S1,70,80,2,1,1,1,-9999,-9999,-9999,-9999
1534,1028.557051,1028.557387833,1028.557324158,14357847,-9999,302613.3,20.98,-1,0.061906742,0.499652425,0.653607294,0.561234372,5,0.306122449,1.87755102,N1 S2 P1 O15,de-protonated,0,-9999,C49 H92 O15 N1 P1 S2,49,92,15,1,1,2,-9999,-9999,-9999,-9999
1534,1028.557051,1028.557387833,1028.556454778,14357847,-9999,302613.3,20.98,-1,0.907149529,0.430647675,0.658260696,0.521692884,6,0.416666667,1.833333333,N1 P1 O20,de-protonated,0,-9999,C48 H88 O20 N1 P1,48,88,20,1,1,-9999,-9999,-9999,-9999,-9999
1534,1028.557051,1028.557387833,1028.556811094,14357847,-9999,302613.3,20.98,-1,0.560726327,0.472273416,0.598596236,0.522802544,23,0.064516129,1.35483871,N3 S2 P1 O4,de-protonated,0,-9999,C62 H84 O4 N3 P1 S2,62,84,4,3,1,2,-9999,-9999,-9999,-9999
1534,1028.557051,1028.557387833,1028.558310696,14357847,-9999,302613.3,20.98,-1,-0.897239328,0.432047241,0.576212942,0.489713521,33,0.088235294,1.102941176,N3 O6,de-protonated,0,-9999,C68 H75 O6 N3,68,75,6,3,-9999,-9999,-9999,-9999,-9999,-9999
1534,1028.557051,1028.557387833,1028.558172311,14357847,-9999,302613.3,20.98,-1,-0.762697296,0.44991474,0.662980834,0.535141177,6,0.404255319,1.85106383,N3 S1 O19,de-protonated,0,-9999,C47 H87 O19 N3 S1,47,87,19,3,-9999,1,-9999,-9999,-9999,-9999
1535,1030.188719,1030.189056419,1030.189489363,11704131,-9999,233983.8,16.75,-1,-0.420256523,0.968461394,0,0.581076836,29,0.520833333,0.854166667,N1 O25,de-protonated,0,-9999,C48 H41 O25 N1,48,41,25,1,-9999,-9999,-9999,-9999,-9999,-9999
1535,1030.188719,1030.189056419,1030.18997862,11704131,-9999,233983.8,16.75,-1,-0.895175863,0.432337287,0.644495114,0.517200418,33,0.333333333,0.823529412,N3 S1 P1 O17,de-protonated,0,-9999,C51 H42 O17 N3 P1 S1,51,42,17,3,1,1,-9999,-9999,-9999,-9999
1536,1030.532161,1030.532498542,1030.533355794,9901991,-9999,327214.2,13.88,-1,-0.83185267,0.441002014,0.562198102,0.489480449,37,0.041666667,1.027777778,N1 P1 O3,de-protonated,0,-9999,C72 H74 O3 N1 P1,72,74,3,1,1,-9999,-9999,-9999,-9999,-9999
1536,1030.532161,1030.532498542,1030.533084468,9901991,-9999,327214.2,13.88,-1,-0.568565699,0.471515386,0.598596236,0.522347726,23,0.129032258,1.306451613,N1 S2 O8,de-protonated,0,-9999,C62 H81 O8 N1 S2,62,81,8,1,-9999,2,-9999,-9999,-9999,-9999
1536,1030.532161,1030.532498542,1030.532215088,9901991,-9999,327214.2,13.88,-1,0.275056037,0.493183072,0.602496955,0.536908625,24,0.213114754,1.262295082,N1 O13,de-protonated,0,-9999,C61 H77 O13 N1,61,77,13,1,-9999,-9999,-9999,-9999,-9999,-9999
1536,1030.532161,1030.532498542,1030.53321741,9901991,-9999,327214.2,13.88,-1,-0.697568483,0.915492364,0,0.549295419,10,0.31372549,1.68627451,N1 S1 P1 O16,de-protonated,0,-9999,C51 H86 O16 N1 P1 S1,51,86,16,1,1,1,-9999,-9999,-9999,-9999
1536,1030.532161,1030.532498542,1030.532704346,9901991,-9999,327214.2,13.88,-1,-0.199705689,0.496394759,0.590944388,0.534214611,28,0.078125,1.21875,N3 S1 P1 O5,de-protonated,0,-9999,C64 H78 O5 N3 P1 S1,64,78,5,3,1,1,-9999,-9999,-9999,-9999
1536,1030.532161,1030.532498542,1030.53156364,9901991,-9999,327214.2,13.88,-1,0.907204417,0.861279787,0,0.516767872,15,0.283018868,1.528301887,N3 S1 O15,de-protonated,0,-9999,C53 H81 O15 N3 S1,53,81,15,3,-9999,1,-9999,-9999,-9999,-9999
1536,1030.532161,1030.532498542,1030.532565961,9901991,-9999,327214.2,13.88,-1,-0.065421332,0.99922371,0,0.599534226,1,0.418604651,2.093023256,N3 S2 P1 O18,de-protonated,0,-9999,C43 H90 O18 N3 P1 S2,43,90,18,3,1,2,-9999,-9999,-9999,-9999
1536,1030.532161,1030.532498542,1030.531696581,9901991,-9999,327214.2,13.88,-1,0.778201252,0.895937328,0,0.537562397,2,0.547619048,2.047619048,N3 P1 O23,de-protonated,0,-9999,C42 H86 O23 N3 P1,42,86,23,3,1,-9999,-9999,-9999,-9999,-9999
1537,1031.229055,1031.229392793,1031.229658606,10672239,-9999,274113,15.11,-1,-0.257763103,0.4940083,0.602496955,0.537403762,40,0.196721311,0.737704918,S1 P1 O12,de-protonated,0,-9999,C61 H45 O12 P1 S1,61,45,12,-9999,1,1,-9999,-9999,-9999,-9999
1537,1031.229055,1031.229392793,1031.2285179,10672239,-9999,274113,15.11,-1,0.848398835,0.877565887,0,0.526539532,27,0.44,0.96,S1 O22,de-protonated,0,-9999,C50 H48 O22 S1,50,48,22,-9999,-9999,1,-9999,-9999,-9999,-9999
1537,1031.229055,1031.229392793,1031.229520221,10672239,-9999,274113,15.11,-1,-0.123569511,0.997233218,0,0.598339931,13,0.625,1.425,S2 P1 O25,de-protonated,0,-9999,C40 H57 O25 P1 S2,40,57,25,-9999,1,2,-9999,-9999,-9999,-9999
1537,1031.229055,1031.229392793,1031.229007157,10672239,-9999,274113,15.11,-1,0.373957405,0.974944692,0,0.584966815,31,0.264150943,0.924528302,N2 S2 P1 O14,de-protonated,0,-9999,C53 H49 O14 N2 P1 S2,53,49,14,2,1,2,-9999,-9999,-9999,-9999
1537,1031.229055,1031.229392793,1031.22985531,10672239,-9999,274113,15.11,-1,-0.448510528,0.964157588,0,0.578494553,32,0.352941176,0.862745098,N4 S1 O18,de-protonated,0,-9999,C51 H44 O18 N4 S1,51,44,18,4,-9999,1,-9999,-9999,-9999,-9999
1538,1033.110146,1033.110484469,1033.111380145,11573875,-9999,231101.5,16.54,-1,-0.866969391,0.436254046,0.631293472,0.514269816,38,0.333333333,0.62962963,S2 O18,de-protonated,0,-9999,C54 H34 O18 S2,54,34,18,-9999,-9999,2,-9999,-9999,-9999,-9999
1538,1033.110146,1033.110484469,1033.110510765,11573875,-9999,231101.5,16.54,-1,-0.025453303,0.499941226,0.635633513,0.554218141,39,0.433962264,0.566037736,O23,de-protonated,0,-9999,C53 H30 O23,53,30,23,-9999,-9999,-9999,-9999,-9999,-9999,-9999
1538,1033.110146,1033.110484469,1033.109859316,11573875,-9999,231101.5,16.54,-1,0.605117258,0.935718587,0,0.561431152,30,0.555555556,0.755555556,N2 S1 O25,de-protonated,0,-9999,C45 H34 O25 N2 S1,45,34,25,2,-9999,1,-9999,-9999,-9999,-9999
1538,1033.110146,1033.110484469,1033.110348573,11573875,-9999,231101.5,16.54,-1,0.131539923,0.996865362,0,0.598119217,34,0.354166667,0.729166667,N4 S2 P1 O17,de-protonated,0,-9999,C48 H35 O17 N4 P1 S2,48,35,17,4,1,2,-9999,-9999,-9999,-9999
1538,1033.110146,1033.110484469,1033.109479193,11573875,-9999,231101.5,16.54,-1,0.973057692,0.842144971,0,0.505286983,35,0.468085106,0.659574468,N4 P1 O22,de-protonated,0,-9999,C47 H31 O22 N4 P1,47,31,22,4,1,-9999,-9999,-9999,-9999,-9999
1539,1033.116455,1033.116793471,1033.117253371,8952436,-9999,383431.7,12.37,-1,-0.445158036,0.964681869,0,0.578809121,29,0.489361702,0.808510638,S2 O23,de-protonated,0,-9999,C47 H38 O23 S2,47,38,23,-9999,-9999,2,-9999,-9999,-9999,-9999
1539,1033.116455,1033.116793471,1033.116873249,8952436,-9999,383431.7,12.37,-1,-0.077220622,0.998918602,0,0.599351161,34,0.408163265,0.714285714,N2 S1 P1 O20,de-protonated,0,-9999,C49 H35 O20 N2 P1 S1,49,35,20,2,1,1,-9999,-9999,-9999,-9999
1539,1033.116455,1033.116793471,1033.1162218,8952436,-9999,383431.7,12.37,-1,0.553346023,0.945957059,0,0.567574235,25,0.536585366,0.951219512,N4 S2 P1 O22,de-protonated,0,-9999,C41 H39 O22 N4 P1 S2,41,39,22,4,1,2,-9999,-9999,-9999,-9999
1539,1033.116455,1033.116793471,1033.117721402,8952436,-9999,383431.7,12.37,-1,-0.898185249,0.863828244,0,0.518296946,35,0.510638298,0.638297872,N4 O24,de-protonated,0,-9999,C47 H30 O24 N4,47,30,24,4,-9999,-9999,-9999,-9999,-9999,-9999
1541,1034.001106,1034.001444789,1034.000869605,21961564,-9999,242596.1,33.08,-1,0.556269929,0.472700171,0.572644131,0.512677755,6,0.043478261,1.884057971,N2 O3,de-protonated,0,-9999,C69 H130 O3 N2,69,130,3,2,-9999,-9999,-9999,-9999,-9999,-9999
1542,1034.005047,1034.00538579,1034.004892357,15702876,-9999,323137.2,23.12,-1,0.477205679,0.479760801,0.555443265,0.510033787,10,0.013513514,1.756756757,O1,de-protonated,0,-9999,C74 H130 O1,74,130,1,-9999,-9999,-9999,-9999,-9999,-9999,-9999
1542,1034.005047,1034.00538579,1034.006336996,15702876,-9999,323137.2,23.12,-1,-0.919922915,0.428827897,0.68763467,0.532350606,32,0.547619048,0.619047619,N3 S2 P1 O23,de-protonated,0,-9999,C42 H26 O23 N3 P1 S2,42,26,23,3,1,2,-9999,-9999,-9999,-9999
1543,1034.347012,1034.347350913,1034.347212247,14867380,-9999,188268.6,21.78,-1,0.134061439,0.498372115,0.579826515,0.530953875,40,0.059701493,0.865671642,N1 S2 P1 O4,de-protonated,0,-9999,C67 H58 O4 N1 P1 S2,67,58,4,1,1,2,-9999,-9999,-9999,-9999
1543,1034.347012,1034.347350913,1034.348193342,14867380,-9999,188268.6,21.78,-1,-0.814453808,0.443300041,0.631293472,0.518497413,28,0.296296296,1.074074074,N3 P1 O16,de-protonated,0,-9999,C54 H58 O16 N3 P1,54,58,16,3,1,-9999,-9999,-9999,-9999,-9999
1543,1034.347012,1034.347350913,1034.347922016,14867380,-9999,188268.6,21.78,-1,-0.552137876,0.473093165,0.677556332,0.554878432,14,0.477272727,1.477272727,N3 S2 O21,de-protonated,0,-9999,C44 H65 O21 N3 S2,44,65,21,3,-9999,2,-9999,-9999,-9999,-9999
1544,1035.941799,1035.942138486,1035.942900498,27434300,-9999,190599.5,41.8,-1,-0.735573072,0.302163106,0.494873046,0.379247082,6,0.014492754,1.869565217,S1 P1 O1,de-protonated,0,-9999,C69 H129 O1 P1 S1,69,129,1,-9999,1,1,-9999,-9999,-9999,-9999
1545,1036.105603,1036.105942545,1036.106642917,9084260,-9999,323502.8,12.58,-1,-0.675965666,0.920434652,0,0.552260791,38,0.352941176,0.62745098,N3 S1 P1 O18,de-protonated,0,-9999,C51 H32 O18 N3 P1 S1,51,32,18,3,1,1,-9999,-9999,-9999,-9999
1546,1037.891697,1037.892037187,1037.891987859,22290174,-9999,243793,33.6,-1,0.047526576,0.333196744,0.485764205,0.394223728,17,0.014084507,1.605633803,N4 O1,de-protonated,0,-9999,C71 H114 O1 N4,71,114,1,4,-9999,-9999,-9999,-9999,-9999,-9999
1546,1037.891697,1037.892037187,1037.892990181,22290174,-9999,243793,33.6,-1,-0.918200774,0.429074276,0.602496955,0.498443348,3,0.06557377,2.016393443,N4 S1 P1 O4,de-protonated,0,-9999,C61 H123 O4 N4 P1 S1,61,123,4,4,1,1,-9999,-9999,-9999,-9999
1547,1038.05172,1038.052060244,1038.052893266,13541154,-9999,236006.1,19.67,-1,-0.802485457,0.444859386,0.667769153,0.534023293,34,0.434782609,0.652173913,N3 S2 P1 O20,de-protonated,0,-9999,C46 H30 O20 N3 P1 S2,46,30,20,3,1,2,-9999,-9999,-9999,-9999
1547,1038.05172,1038.052060244,1038.052023887,13541154,-9999,236006.1,19.67,-1,0.035024757,0.499888718,0.672627142,0.568984087,35,0.555555556,0.577777778,N3 P1 O25,de-protonated,0,-9999,C45 H26 O25 N3 P1,45,26,25,3,1,-9999,-9999,-9999,-9999,-9999
1548,1038.056282,1038.056622246,1038.057321854,47062820,-9999,307744.5,73.05,-1,-0.673959266,0.306962371,0.485764205,0.378483105,3,0.042253521,1.943661972,O3,de-protonated,0,-9999,C71 H138 O3,71,138,3,-9999,-9999,-9999,-9999,-9999,-9999,-9999
1548,1038.056282,1038.056622246,1038.056916018,47062820,-9999,307744.5,73.05,-1,-0.283002508,0.328524261,0.587975334,0.43230469,38,0.352941176,0.588235294,N1 S2 P1 O18,de-protonated,0,-9999,C51 H30 O18 N1 P1 S2,51,30,18,1,1,2,-9999,-9999,-9999,-9999
1548,1038.056282,1038.056622246,1038.056046639,47062820,-9999,307744.5,73.05,-1,0.554504895,0.315245573,0.59379359,0.42666478,39,0.46,0.52,N1 P1 O23,de-protonated,0,-9999,C50 H26 O23 N1 P1,50,26,23,1,1,-9999,-9999,-9999,-9999,-9999
1549,1038.060174,1038.060514247,1038.061135475,22093604,-9999,412513.9,33.29,-1,-0.598450112,0.468540997,0.667769153,0.54823226,34,0.47826087,0.630434783,N3 S2 O22,de-protonated,0,-9999,C46 H29 O22 N3 S2,46,29,22,3,-9999,2,-9999,-9999,-9999,-9999
1550,1038.063849,1038.064189248,1038.065158227,9641764,-9999,435490,13.46,-1,-0.933446686,0.853764092,0,0.512258455,38,0.392156863,0.568627451,N1 S2 O20,de-protonated,0,-9999,C51 H29 O20 N1 S2,51,29,20,1,-9999,2,-9999,-9999,-9999,-9999
1550,1038.063849,1038.064189248,1038.064288847,9641764,-9999,435490,13.46,-1,-0.095946478,0.998331027,0,0.598998616,39,0.5,0.5,N1 O25,de-protonated,0,-9999,C50 H25 O25 N1,50,25,25,1,-9999,-9999,-9999,-9999,-9999,-9999
1551,1038.108029,1038.108369264,1038.107416963,11312942,-9999,187994.7,16.12,-1,0.917343674,0.858393558,0,0.515036135,28,0.533333333,0.822222222,N1 S2 O24,de-protonated,0,-9999,C45 H37 O24 N1 S2,45,37,24,1,-9999,2,-9999,-9999,-9999,-9999
1552,1038.239946,1038.240286312,1038.239691718,18947916,-9999,358358.7,28.28,-1,0.572693728,0.471112492,0.631293472,0.535184884,34,0.314814815,0.833333333,N3 S1 O17,de-protonated,0,-9999,C54 H45 O17 N3 S1,54,45,17,3,-9999,1,-9999,-9999,-9999,-9999
1552,1038.239946,1038.240286312,1038.24069404,18947916,-9999,358358.7,28.28,-1,-0.39271071,0.486202291,0.677556332,0.562743907,20,0.454545455,1.227272727,N3 S2 P1 O20,de-protonated,0,-9999,C44 H54 O20 N3 P1 S2,44,54,20,3,1,2,-9999,-9999,-9999,-9999
1552,1038.239946,1038.240286312,1038.23982466,18947916,-9999,358358.7,28.28,-1,0.444648355,0.482380628,0.6825583,0.562451697,21,0.581395349,1.162790698,N3 P1 O25,de-protonated,0,-9999,C43 H50 O25 N3 P1,43,50,25,3,1,-9999,-9999,-9999,-9999,-9999
1553,1038.246365,1038.246705314,1038.247085774,19242828,-9999,283068.2,28.75,-1,-0.36644423,0.487964628,0.622788794,0.541894295,33,0.267857143,0.875,N1 S2 O15,de-protonated,0,-9999,C56 H49 O15 N1 S2,56,49,15,1,-9999,2,-9999,-9999,-9999,-9999
1553,1038.246365,1038.246705314,1038.246216394,19242828,-9999,283068.2,28.75,-1,0.470909702,0.480280723,0.627012296,0.538973352,34,0.363636364,0.818181818,N1 O20,de-protonated,0,-9999,C55 H45 O20 N1,55,45,20,1,-9999,-9999,-9999,-9999,-9999,-9999
1553,1038.246365,1038.246705314,1038.247218715,19242828,-9999,283068.2,28.75,-1,-0.494488571,0.478301103,0.672627142,0.556031518,20,0.511111111,1.2,N1 S1 P1 O23,de-protonated,0,-9999,C45 H54 O23 N1 P1 S1,45,54,23,1,1,1,-9999,-9999,-9999,-9999
1553,1038.246365,1038.246705314,1038.246705651,19242828,-9999,283068.2,28.75,-1,-3.24714e-4,0.49999999,0.614510218,0.545804081,38,0.206896552,0.793103448,N3 S1 P1 O12,de-protonated,0,-9999,C58 H46 O12 N3 P1 S1,58,46,12,3,1,1,-9999,-9999,-9999,-9999
1553,1038.246365,1038.246705314,1038.246567267,19242828,-9999,283068.2,28.75,-1,0.132961958,0.498398665,0.714192896,0.584716357,11,0.675675676,1.567567568,N3 S2 P1 O25,de-protonated,0,-9999,C37 H58 O25 N3 P1 S2,37,58,25,3,1,2,-9999,-9999,-9999,-9999
1554,1038.840422,1038.840762528,1038.841271703,25632718,-9999,283626.9,38.93,-1,-0.490137927,0.319115348,0.499512996,0.391274407,13,0.058823529,1.676470588,N1 P1 O4,de-protonated,0,-9999,C68 H114 O4 N1 P1,68,114,4,1,1,-9999,-9999,-9999,-9999,-9999
1554,1038.840422,1038.840762528,1038.840130997,25632718,-9999,283626.9,38.93,-1,0.607918874,0.467570879,0.618621811,0.527991252,0,0.245614035,2.052631579,N1 O14,de-protonated,0,-9999,C57 H117 O14 N1,57,117,14,1,-9999,-9999,-9999,-9999,-9999,-9999
1554,1038.840422,1038.840762528,1038.840620254,25632718,-9999,283626.9,38.93,-1,0.136953803,0.498301235,0.606448844,0.541560279,4,0.1,1.966666667,N3 S1 P1 O6,de-protonated,0,-9999,C60 H118 O6 N3 P1 S1,60,118,6,3,1,1,-9999,-9999,-9999,-9999
1555,1038.845843,1038.846183529,1038.847011988,35266512,-9999,239732,54.27,-1,-0.797478926,0.297004292,0.481293734,0.370720069,17,0.013888889,1.569444444,N1 S1 O1,de-protonated,0,-9999,C72 H113 O1 N1 S1,72,113,1,1,-9999,1,-9999,-9999,-9999,-9999
1555,1038.845843,1038.846183529,1038.84714493,35266512,-9999,239732,54.27,-1,-0.925449267,0.285356738,0.533665548,0.384680262,4,0.14754098399999999,1.93442623,N1 P1 O9,de-protonated,0,-9999,C61 H118 O9 N1 P1,61,118,9,1,1,-9999,-9999,-9999,-9999,-9999
1555,1038.845843,1038.846183529,1038.846360539,35266512,-9999,239732,54.27,-1,-0.170390855,0.331581948,0.51866191,0.406413933,8,0.046875,1.828125,N3 S2 O3,de-protonated,0,-9999,C64 H117 O3 N3 S2,64,117,3,3,-9999,2,-9999,-9999,-9999,-9999
1555,1038.845843,1038.846183529,1038.84549116,35266512,-9999,239732,54.27,-1,0.6664802,0.307521264,0.523600568,0.393952985,9,0.126984127,1.793650794,N3 O8,de-protonated,0,-9999,C63 H113 O8 N3,63,113,8,3,-9999,-9999,-9999,-9999,-9999,-9999
1556,1038.851366,1038.851706531,1038.852505092,31465424,-9999,324315.2,48.21,-1,-0.768695133,0.299443687,0.504211037,0.381350627,13,0.044776119,1.701492537,N3 P1 O3,de-protonated,0,-9999,C67 H114 O3 N3 P1,67,114,3,3,1,-9999,-9999,-9999,-9999,-9999
1556,1038.851366,1038.851706531,1038.851364386,31465424,-9999,324315.2,48.21,-1,0.329349488,0.490255244,0.622788794,0.543268664,0,0.232142857,2.089285714,N3 O13,de-protonated,0,-9999,C56 H117 O13 N3,56,117,13,3,-9999,-9999,-9999,-9999,-9999,-9999
1557,1039.06047,1039.060810607,1039.060407199,12853244,-9999,201475.8,18.58,-1,0.388242497,0.486510231,0.649019222,0.551513828,38,0.4,0.56,N2 S2 O20,de-protonated,0,-9999,C50 H28 O20 N2 S2,50,28,20,2,-9999,2,-9999,-9999,-9999,-9999
1558,1040.01441,1040.014750949,1040.015457041,12886210,-9999,273735.8,18.63,-1,-0.67892437,0.459882696,0.558800271,0.499449726,8,0.02739726,1.808219178,O2,de-protonated,0,-9999,C73 H132 O2,73,132,2,-9999,-9999,-9999,-9999,-9999,-9999,-9999
1558,1040.01441,1040.014750949,1040.01442547,12886210,-9999,273735.8,18.63,-1,0.312956583,0.491192783,0.579826515,0.526646276,4,0.014925373,1.985074627,N4 P1 O1,de-protonated,0,-9999,C67 H133 O1 N4 P1,67,133,1,4,1,-9999,-9999,-9999,-9999,-9999
1559,1040.915943,1040.916284273,1040.916805627,30744950,-9999,129081.7,47.07,-1,-0.500859773,0.318500702,0.476878192,0.381851698,15,0.02739726,1.630136986,N1 O2,de-protonated,0,-9999,C73 H119 O2 N1,73,119,2,1,-9999,-9999,-9999,-9999,-9999,-9999
1559,1040.915943,1040.916284273,1040.916154178,30744950,-9999,129081.7,47.07,-1,0.12498156,0.332389905,0.513784664,0.404947808,6,0.061538462,1.892307692,N3 S1 O4,de-protonated,0,-9999,C65 H123 O4 N3 S1,65,123,4,3,-9999,1,-9999,-9999,-9999,-9999
1560,1040.965587,1040.965928291,1040.965183203,10396033,-9999,174680.4,14.66,-1,0.715767025,0.911229737,0,0.546737842,40,0.5,0.395833333,S1 P1 O24,de-protonated,0,-9999,C48 H19 O24 P1 S1,48,19,24,-9999,1,1,-9999,-9999,-9999,-9999
1560,1040.965587,1040.965928291,1040.966078296,10396033,-9999,174680.4,14.66,-1,-0.144101178,0.49811964,0.565637507,0.525126787,9,0.014084507,1.802816901,N1 P1 O1,de-protonated,0,-9999,C71 H128 O1 N1 P1,71,128,1,1,1,-9999,-9999,-9999,-9999,-9999
1560,1040.965587,1040.965928291,1040.966900736,10396033,-9999,174680.4,14.66,-1,-0.934174264,0.853553614,0,0.512132169,40,0.489361702,0.382978723,N2 S2 O23,de-protonated,0,-9999,C47 H18 O23 N2 S2,47,18,23,2,-9999,2,-9999,-9999,-9999,-9999
1560,1040.965587,1040.965928291,1040.965426847,10396033,-9999,174680.4,14.66,-1,0.481710755,0.479384885,0.594745702,0.525529212,0,0.047619048,2.095238095,N3 S1 P1 O3,de-protonated,0,-9999,C63 H132 O3 N3 P1 S1,63,132,3,3,1,1,-9999,-9999,-9999,-9999
1561,1040.973763,1040.974104294,1040.974320504,9920898,-9999,216127.2,13.91,-1,-0.207699639,0.496101508,0.565637507,0.523915907,9,0.042253521,1.788732394,N1 O3,de-protonated,0,-9999,C71 H127 O3 N1,71,127,3,1,-9999,-9999,-9999,-9999,-9999,-9999
1561,1040.973763,1040.974104294,1040.973669055,9920898,-9999,216127.2,13.91,-1,0.4181073,0.484389037,0.594745702,0.528531703,0,0.079365079,2.079365079,N3 S1 O5,de-protonated,0,-9999,C63 H131 O5 N3 S1,63,131,5,3,-9999,1,-9999,-9999,-9999,-9999
1562,1041.771752,1041.772093581,1041.771537635,10068508,-9999,311502.1,14.14,-1,0.533654184,0.47481911,0.594745702,0.522789746,9,0.111111111,1.761904762,S1 P1 O7,de-protonated,0,-9999,C63 H111 O7 P1 S1,63,111,7,-9999,1,1,-9999,-9999,-9999,-9999
1562,1041.771752,1041.772093581,1041.772385788,10068508,-9999,311502.1,14.14,-1,-0.280490666,0.492912967,0.602496955,0.536746562,10,0.180327869,1.737704918,N2 O11,de-protonated,0,-9999,C61 H106 O11 N2,61,106,11,2,-9999,-9999,-9999,-9999,-9999,-9999
1562,1041.771752,1041.772093581,1041.772875046,10068508,-9999,311502.1,14.14,-1,-0.750129706,0.45146954,0.590944388,0.507259479,14,0.046875,1.671875,N4 S1 P1 O3,de-protonated,0,-9999,C64 H107 O3 N4 P1 S1,64,107,3,4,1,1,-9999,-9999,-9999,-9999
1562,1041.771752,1041.772093581,1041.77173434,10068508,-9999,311502.1,14.14,-1,0.344836818,0.978654603,0,0.587192762,1,0.245283019,2.075471698,N4 S1 O13,de-protonated,0,-9999,C53 H110 O13 N4 S1,53,110,13,4,-9999,1,-9999,-9999,-9999,-9999
1563,1041.873377,1041.873718617,1041.87368023,11837999,-9999,197758.9,16.96,-1,0.036844202,0.499876857,0.598596236,0.539364609,2,0.14516129,1.967741935,S1 O9,de-protonated,0,-9999,C62 H122 O9 S1,62,122,9,-9999,-9999,1,-9999,-9999,-9999,-9999
1563,1041.873377,1041.873718617,1041.874169488,11837999,-9999,197758.9,16.96,-1,-0.432749327,0.483295295,0.587191358,0.52485372,6,0.015384615,1.892307692,N2 S2 P1 O1,de-protonated,0,-9999,C65 H123 O1 N2 P1 S2,65,123,1,2,1,2,-9999,-9999,-9999,-9999
1563,1041.873377,1041.873718617,1041.873300108,11837999,-9999,197758.9,16.96,-1,0.40168946,0.485573444,0.590944388,0.527721821,7,0.09375,1.859375,N2 P1 O6,de-protonated,0,-9999,C64 H119 O6 N2 P1,64,119,6,2,1,-9999,-9999,-9999,-9999,-9999
1564,1041.924669,1041.925010636,1041.925321881,10166841,-9999,282796,14.3,-1,-0.298721223,0.491969459,0.579826515,0.527112281,5,0.074626866,1.880597015,S1 O5,de-protonated,0,-9999,C67 H126 O5 S1,67,126,5,-9999,-9999,1,-9999,-9999,-9999,-9999
1564,1041.924669,1041.925010636,1041.924941758,10166841,-9999,282796,14.3,-1,0.066105831,0.499603694,0.572644131,0.528819868,10,0.028985507,1.782608696,N2 P1 O2,de-protonated,0,-9999,C69 H123 O2 N2 P1,69,123,2,2,1,-9999,-9999,-9999,-9999,-9999
1564,1041.924669,1041.925010636,1041.92429031,10166841,-9999,282796,14.3,-1,0.691341972,0.458465032,0.602496955,0.516077801,1,0.06557377,2.081967213,N4 S1 P1 O4,de-protonated,0,-9999,C61 H127 O4 N4 P1 S1,61,127,4,4,1,1,-9999,-9999,-9999,-9999
1565,1042.169749,1042.170090724,1042.169229375,9720423,-9999,188020.9,13.59,-1,0.826496443,0.883426715,0,0.530056029,34,0.339622642,0.773584906,N1 S2 O18,de-protonated,0,-9999,C53 H41 O18 N1 S2,53,41,18,1,-9999,2,-9999,-9999,-9999,-9999
1565,1042.169749,1042.170090724,1042.171079849,9720423,-9999,188020.9,13.59,-1,-0.949100995,0.849210953,0,0.509526572,21,0.609756098,1.097560976,N3 S2 O25,de-protonated,0,-9999,C41 H45 O25 N3 S2,41,45,25,3,-9999,2,-9999,-9999,-9999,-9999
1566,1042.222285,1042.222626743,1042.223372949,12804721,-9999,226518.2,18.5,-1,-0.715975166,0.455590233,0.631293472,0.525871529,33,0.351851852,0.833333333,N1 S1 O19,de-protonated,0,-9999,C54 H45 O19 N1 S1,54,45,19,1,-9999,1,-9999,-9999,-9999,-9999
1566,1042.222285,1042.222626743,1042.222992826,12804721,-9999,226518.2,18.5,-1,-0.351252596,0.48893094,0.622788794,0.542474082,38,0.285714286,0.75,N3 P1 O16,de-protonated,0,-9999,C56 H42 O16 N3 P1,56,42,16,3,1,-9999,-9999,-9999,-9999,-9999
1566,1042.222285,1042.222626743,1042.2227215,12804721,-9999,226518.2,18.5,-1,-0.090918544,0.499250618,0.667769153,0.566658032,24,0.456521739,1.065217391,N3 S2 O21,de-protonated,0,-9999,C46 H49 O21 N3 S2,46,49,21,3,-9999,2,-9999,-9999,-9999,-9999
1567,1043.732862,1043.733204285,1043.733044125,33760128,-9999,260628.6,51.87,-1,0.153449203,0.331912201,0.528601492,0.410587918,9,0.096774194,1.758064516,S2 P1 O6,de-protonated,0,-9999,C62 H109 O6 P1 S2,62,109,6,-9999,1,2,-9999,-9999,-9999,-9999
1567,1043.732862,1043.733204285,1043.732174746,33760128,-9999,260628.6,51.87,-1,0.986402353,0.27938627,0.533665548,0.381097981,10,0.180327869,1.721311475,P1 O11,de-protonated,0,-9999,C61 H105 O11 P1,61,105,11,-9999,1,-9999,-9999,-9999,-9999,-9999
1567,1043.732862,1043.733204285,1043.733892279,33760128,-9999,260628.6,51.87,-1,-0.659165302,0.308062824,0.538793609,0.400355138,10,0.166666667,1.733333333,N2 S1 O10,de-protonated,0,-9999,C60 H104 O10 N2 S1,60,104,10,2,-9999,1,-9999,-9999,-9999,-9999
1567,1043.732862,1043.733204285,1043.733512156,33760128,-9999,260628.6,51.87,-1,-0.294970548,0.328112183,0.528601492,0.408307907,15,0.112903226,1.629032258,N4 P1 O7,de-protonated,0,-9999,C62 H101 O7 N4 P1,62,101,7,4,1,-9999,-9999,-9999,-9999,-9999
1567,1043.732862,1043.733204285,1043.7332408300001,33760128,-9999,260628.6,51.87,-1,-0.035013244,0.499888791,0.640033642,0.555946731,1,0.230769231,2.076923077,N4 S2 O12,de-protonated,0,-9999,C52 H108 O12 N4 S2,52,108,12,4,-9999,2,-9999,-9999,-9999,-9999
1567,1043.732862,1043.733204285,1043.73237145,33760128,-9999,260628.6,51.87,-1,0.797939593,0.445447031,0.644495114,0.525066264,2,0.333333333,2.039215686,N4 O17,de-protonated,0,-9999,C51 H104 O17 N4,51,104,17,4,-9999,-9999,-9999,-9999,-9999,-9999
1568,1043.737259,1043.737601287,1043.737915031,9118593,-9999,565788.9,12.63,-1,-0.300596139,0.491869162,0.587191358,0.529998041,14,0.123076923,1.6,S1 O8,de-protonated,0,-9999,C65 H104 O8 S1,65,104,8,-9999,-9999,1,-9999,-9999,-9999,-9999
1568,1043.737259,1043.737601287,1043.738047972,9118593,-9999,565788.9,12.63,-1,-0.427966881,0.967312809,0,0.580387685,1,0.296296296,2.018518519,P1 O16,de-protonated,0,-9999,C54 H109 O16 P1,54,109,16,-9999,1,-9999,-9999,-9999,-9999,-9999
1568,1043.737259,1043.737601287,1043.737534908,9118593,-9999,565788.9,12.63,-1,0.063597342,0.499633189,0.579826515,0.531710519,19,0.074626866,1.507462687,N2 P1 O5,de-protonated,0,-9999,C67 H101 O5 N2 P1,67,101,5,2,1,-9999,-9999,-9999,-9999,-9999
1568,1043.737259,1043.737601287,1043.737263582,9118593,-9999,565788.9,12.63,-1,0.323553738,0.981183952,0,0.588710371,5,0.175438596,1.894736842,N2 S2 O10,de-protonated,0,-9999,C57 H108 O10 N2 S2,57,108,10,2,-9999,2,-9999,-9999,-9999,-9999
1568,1043.737259,1043.737601287,1043.736883459,9118593,-9999,565788.9,12.63,-1,0.687747673,0.917755137,0,0.550653082,10,0.118644068,1.779661017,N4 S1 P1 O7,de-protonated,0,-9999,C59 H105 O7 N4 P1 S1,59,105,7,4,1,1,-9999,-9999,-9999,-9999
1569,1043.743896,1043.744238289,1043.744928963,24257410,-9999,181757.1,36.73,-1,-0.66172681,0.307873754,0.494873046,0.382673471,18,0.043478261,1.52173913,S1 P1 O3,de-protonated,0,-9999,C69 H105 O3 P1 S1,69,105,3,-9999,1,1,-9999,-9999,-9999,-9999
1569,1043.743896,1043.744238289,1043.743788257,24257410,-9999,181757.1,36.73,-1,0.431170976,0.483414886,0.614510218,0.535853019,5,0.224137931,1.862068966,S1 O13,de-protonated,0,-9999,C58 H108 O13 S1,58,108,13,-9999,-9999,1,-9999,-9999,-9999,-9999
1569,1043.743896,1043.744238289,1043.743275193,24257410,-9999,181757.1,36.73,-1,0.922732918,0.285616796,0.485764205,0.36567576,23,0.028169014,1.408450704,N2 S1 O2,de-protonated,0,-9999,C71 H100 O2 N2 S1,71,100,2,2,-9999,1,-9999,-9999,-9999,-9999
1569,1043.743896,1043.744238289,1043.744277515,24257410,-9999,181757.1,36.73,-1,-0.037581353,0.499871881,0.602496955,0.540921911,9,0.081967213,1.786885246,N2 S2 P1 O5,de-protonated,0,-9999,C61 H109 O5 N2 P1 S2,61,109,5,2,1,2,-9999,-9999,-9999,-9999
1569,1043.743896,1043.744238289,1043.743408135,24257410,-9999,181757.1,36.73,-1,0.795362674,0.44577901,0.606448844,0.510046944,10,0.166666667,1.75,N2 P1 O10,de-protonated,0,-9999,C60 H105 O10 N2 P1,60,105,10,2,1,-9999,-9999,-9999,-9999,-9999
1569,1043.743896,1043.744238289,1043.745125668,24257410,-9999,181757.1,36.73,-1,-0.850186957,0.438541192,0.610452919,0.507305883,10,0.152542373,1.762711864,N4 S1 O9,de-protonated,0,-9999,C59 H104 O9 N4 S1,59,104,9,4,-9999,1,-9999,-9999,-9999,-9999
1570,1043.901789,1043.902131346,1043.902084513,9741213,-9999,215493.1,13.62,-1,0.044863901,0.499817426,0.569119254,0.527538157,9,0.014285714,1.771428571,S2 O1,de-protonated,0,-9999,C70 H124 O1 S2,70,124,1,-9999,-9999,2,-9999,-9999,-9999,-9999
1570,1043.901789,1043.902131346,1043.901215133,9741213,-9999,215493.1,13.62,-1,0.877682079,0.434777101,0.572644131,0.489923913,10,0.086956522,1.739130435,O6,de-protonated,0,-9999,C69 H120 O6,69,120,6,-9999,-9999,-9999,-9999,-9999,-9999,-9999
1570,1043.901789,1043.902131346,1043.902552543,9741213,-9999,215493.1,13.62,-1,-0.403483189,0.485446211,0.569119254,0.518915429,15,0.028571429,1.657142857,N4 O2,de-protonated,0,-9999,C70 H116 O2 N4,70,116,2,4,-9999,-9999,-9999,-9999,-9999,-9999
1571,1043.951821,1043.952163364,1043.952856783,16851878,-9999,205037.1,24.94,-1,-0.664224701,0.461533179,0.555443265,0.499097213,13,0.027027027,1.675675676,O2,de-protonated,0,-9999,C74 H124 O2,74,124,2,-9999,-9999,-9999,-9999,-9999,-9999,-9999
1571,1043.951821,1043.952163364,1043.952205335,16851878,-9999,205037.1,24.94,-1,-0.040203559,0.499853381,0.583485697,0.533306308,4,0.060606061,1.939393939,N2 S1 O4,de-protonated,0,-9999,C66 H128 O4 N2 S1,66,128,4,2,-9999,1,-9999,-9999,-9999,-9999
1571,1043.951821,1043.952163364,1043.951825212,16851878,-9999,205037.1,24.94,-1,0.323915259,0.49057114,0.576212942,0.524827861,9,0.014705882,1.838235294,N4 P1 O1,de-protonated,0,-9999,C68 H125 O1 N4 P1,68,125,1,4,1,-9999,-9999,-9999,-9999,-9999
1572,1044.91415,1044.91449271,1044.91509155,14885960,-9999,211491.5,21.81,-1,-0.573098887,0.47107281,0.572644131,0.511701338,9,0.043478261,1.782608696,N1 S1 O3,de-protonated,0,-9999,C69 H123 O3 N1 S1,69,123,3,1,-9999,1,-9999,-9999,-9999,-9999
1572,1044.91415,1044.91449271,1044.914440101,14885960,-9999,211491.5,21.81,-1,0.050347667,0.499770077,0.602496955,0.540860828,0,0.081967213,2.081967213,N3 S2 O5,de-protonated,0,-9999,C61 H127 O5 N3 S2,61,127,5,3,-9999,2,-9999,-9999,-9999,-9999
1572,1044.91415,1044.91449271,1044.913570721,14885960,-9999,211491.5,21.81,-1,0.882358982,0.434128202,0.606448844,0.503056459,1,0.166666667,2.05,N3 O10,de-protonated,0,-9999,C60 H123 O10 N3,60,123,10,3,-9999,-9999,-9999,-9999,-9999,-9999
1573,1045.712377,1045.712719997,1045.71230868,9069770,-9999,208103,12.55,-1,0.39333585,0.972317884,0,0.58339073,9,0.114754098,1.754098361,S2 P1 O7,de-protonated,0,-9999,C61 H107 O7 P1 S2,61,107,7,-9999,1,2,-9999,-9999,-9999,-9999
1573,1045.712377,1045.712719997,1045.713156834,9069770,-9999,208103,12.55,-1,-0.41774078,0.968831928,0,0.581299157,10,0.186440678,1.728813559,N2 S1 O11,de-protonated,0,-9999,C59 H102 O11 N2 S1,59,102,11,2,-9999,1,-9999,-9999,-9999,-9999
1573,1045.712377,1045.712719997,1045.713646091,9069770,-9999,208103,12.55,-1,-0.885609922,0.867351382,0,0.520410829,14,0.048387097,1.661290323,N4 S2 P1 O3,de-protonated,0,-9999,C62 H103 O3 N4 P1 S2,62,103,3,4,1,2,-9999,-9999,-9999,-9999
1573,1045.712377,1045.712719997,1045.712776711,9069770,-9999,208103,12.55,-1,-0.054235266,0.999466418,0,0.599679851,15,0.131147541,1.62295082,N4 P1 O8,de-protonated,0,-9999,C61 H99 O8 N4 P1,61,99,8,4,1,-9999,-9999,-9999,-9999,-9999
1573,1045.712377,1045.712719997,1045.712505385,9069770,-9999,208103,12.55,-1,0.205230069,0.992386623,0,0.595431974,1,0.254901961,2.078431373,N4 S2 O13,de-protonated,0,-9999,C51 H106 O13 N4 S2,51,106,13,4,-9999,2,-9999,-9999,-9999,-9999
1574,1046.12439,1046.124733145,1046.124387181,16639242,-9999,209291.5,24.6,-1,0.330709409,0.490175401,0.631293472,0.54662263,39,0.37037037,0.611111111,N1 S1 O20,de-protonated,0,-9999,C54 H33 O20 N1 S1,54,33,20,1,-9999,1,-9999,-9999,-9999,-9999
1574,1046.12439,1046.124733145,1046.125389503,16639242,-9999,209291.5,24.6,-1,-0.6274185,0.465531658,0.677556332,0.550341527,25,0.522727273,0.954545455,N1 S2 P1 O23,de-protonated,0,-9999,C44 H42 O23 N1 P1 S2,44,42,23,1,1,2,-9999,-9999,-9999,-9999
1574,1046.12439,1046.124733145,1046.123735733,16639242,-9999,209291.5,24.6,-1,0.953435835,0.423970554,0.667769153,0.521489993,30,0.47826087,0.804347826,N3 S2 O22,de-protonated,0,-9999,C46 H37 O22 N3 S2,46,37,22,3,-9999,2,-9999,-9999,-9999,-9999
1575,1046.787517,1046.787860383,1046.788842206,9102704,-9999,214959.1,12.6,-1,-0.937938072,0.426231506,0.562198102,0.480618144,21,0.027777778,1.472222222,N1 P1 O2,de-protonated,0,-9999,C72 H106 O2 N1 P1,72,106,2,1,1,-9999,-9999,-9999,-9999,-9999
1575,1046.787517,1046.787860383,1046.78857088,9102704,-9999,214959.1,12.6,-1,-0.678739689,0.919807239,0,0.551884344,7,0.112903226,1.822580645,N1 S2 O7,de-protonated,0,-9999,C62 H113 O7 N1 S2,62,113,7,1,-9999,2,-9999,-9999,-9999,-9999
1575,1046.787517,1046.787860383,1046.7877015,9102704,-9999,214959.1,12.6,-1,0.151781417,0.995828583,0,0.59749715,8,0.196721311,1.786885246,N1 O12,de-protonated,0,-9999,C61 H109 O12 N1,61,109,12,1,-9999,-9999,-9999,-9999,-9999,-9999
1575,1046.787517,1046.787860383,1046.787188436,9102704,-9999,214959.1,12.6,-1,0.641913828,0.463980051,0.555443265,0.500565337,26,0.013513514,1.364864865,N3 O1,de-protonated,0,-9999,C74 H101 O1 N3,74,101,1,3,-9999,-9999,-9999,-9999,-9999,-9999
1575,1046.787517,1046.787860383,1046.788190757,9102704,-9999,214959.1,12.6,-1,-0.315607715,0.491044284,0.590944388,0.531004326,12,0.0625,1.71875,N3 S1 P1 O4,de-protonated,0,-9999,C64 H110 O4 N3 P1 S1,64,110,4,3,1,1,-9999,-9999,-9999,-9999
1576,1048.113973,1048.11431686,1048.114442808,10200626,-9999,314447,14.35,-1,-0.120167058,0.498691644,0.555443265,0.521392293,3,0.013513514,1.945945946,O1,de-protonated,0,-9999,C74 H144 O1,74,144,1,-9999,-9999,-9999,-9999,-9999,-9999,-9999
1576,1048.113973,1048.11431686,1048.114036973,10200626,-9999,314447,14.35,-1,0.267038511,0.987144322,0,0.592286593,38,0.296296296,0.666666667,N1 S2 P1 O16,de-protonated,0,-9999,C54 H36 O16 N1 P1 S2,54,36,16,1,1,2,-9999,-9999,-9999,-9999
1576,1048.113973,1048.11431686,1048.114885126,10200626,-9999,314447,14.35,-1,-0.542179457,0.94805914,0,0.568835484,39,0.384615385,0.596153846,N3 S1 O20,de-protonated,0,-9999,C52 H31 O20 N3 S1,52,31,20,3,-9999,1,-9999,-9999,-9999,-9999
1577,1048.67624,1048.676584062,1048.677577678,9160320,-9999,158535.6,12.69,-1,-0.947494421,0.424840296,0.572644131,0.48396183,23,0.043478261,1.391304348,N1 S1 P1 O3,de-protonated,0,-9999,C69 H96 O3 N1 P1 S1,69,96,3,1,1,1,-9999,-9999,-9999,-9999
1577,1048.67624,1048.676584062,1048.676436972,9160320,-9999,158535.6,12.69,-1,0.140262402,0.996436626,0,0.597861975,10,0.224137931,1.706896552,N1 S1 O13,de-protonated,0,-9999,C58 H99 O13 N1 S1,58,99,13,1,-9999,1,-9999,-9999,-9999,-9999
1577,1048.67624,1048.676584062,1048.675923907,9160320,-9999,158535.6,12.69,-1,0.629512045,0.465309432,0.565637507,0.505440662,28,0.028169014,1.281690141,N3 S1 O2,de-protonated,0,-9999,C71 H91 O2 N3 S1,71,91,2,3,-9999,1,-9999,-9999,-9999,-9999
1577,1048.67624,1048.676584062,1048.676926229,9160320,-9999,158535.6,12.69,-1,-0.326284927,0.980868021,0,0.588520813,14,0.081967213,1.639344262,N3 S2 P1 O5,de-protonated,0,-9999,C61 H100 O5 N3 P1 S2,61,100,5,3,1,2,-9999,-9999,-9999,-9999
1577,1048.67624,1048.676584062,1048.676056849,9160320,-9999,158535.6,12.69,-1,0.502740949,0.95517484,0,0.573104904,15,0.166666667,1.6,N3 P1 O10,de-protonated,0,-9999,C60 H96 O10 N3 P1,60,96,10,3,1,-9999,-9999,-9999,-9999,-9999
1577,1048.67624,1048.676584062,1048.675785523,9160320,-9999,158535.6,12.69,-1,0.761473247,0.900134142,0,0.540080485,1,0.3,2.06,N3 S2 O15,de-protonated,0,-9999,C50 H103 O15 N3 S2,50,103,15,3,-9999,2,-9999,-9999,-9999,-9999
1578,1049.645561,1049.64590541,1049.645334798,13379330,-9999,268152.3,19.41,-1,0.543623724,0.473894706,0.552126353,0.505187365,33,0.053333333,1.146666667,O4,de-protonated,0,-9999,C75 H86 O4,75,86,4,-9999,-9999,-9999,-9999,-9999,-9999,-9999
1578,1049.645561,1049.64590541,1049.646337119,13379330,-9999,268152.3,19.41,-1,-0.41129043,0.484886223,0.587191358,0.525808277,19,0.107692308,1.461538462,S1 P1 O7,de-protonated,0,-9999,C65 H95 O7 P1 S1,65,95,7,-9999,1,1,-9999,-9999,-9999,-9999
1578,1049.645561,1049.64590541,1049.645196413,13379330,-9999,268152.3,19.41,-1,0.675463041,0.460274052,0.631293472,0.52868182,6,0.314814815,1.814814815,S1 O17,de-protonated,0,-9999,C54 H98 O17 S1,54,98,17,-9999,-9999,1,-9999,-9999,-9999,-9999
1578,1049.645561,1049.64590541,1049.645685671,13379330,-9999,268152.3,19.41,-1,0.209346058,0.496039703,0.618621811,0.545072546,10,0.157894737,1.736842105,N2 S2 P1 O9,de-protonated,0,-9999,C57 H99 O9 N2 P1 S2,57,99,9,2,1,2,-9999,-9999,-9999,-9999
1578,1049.645561,1049.64590541,1049.646533824,13379330,-9999,268152.3,19.41,-1,-0.598691048,0.468516476,0.627012296,0.531914804,11,0.236363636,1.709090909,N4 S1 O13,de-protonated,0,-9999,C55 H94 O13 N4 S1,55,94,13,4,-9999,1,-9999,-9999,-9999,-9999
1579,1050.106935,1050.107279576,1050.107416963,20358974,-9999,215520,30.52,-1,-0.130831835,0.498449483,0.667769153,0.566177351,29,0.52173913,0.804347826,N1 S2 O24,de-protonated,0,-9999,C46 H37 O24 N1 S2,46,37,24,1,-9999,2,-9999,-9999,-9999,-9999
1579,1050.106935,1050.107279576,1050.107036841,20358974,-9999,215520,30.52,-1,0.231152665,0.49517588,0.658260696,0.560409807,34,0.4375,0.708333333,N3 S1 P1 O21,de-protonated,0,-9999,C48 H34 O21 N3 P1 S1,48,34,21,3,1,1,-9999,-9999,-9999,-9999
1580,1050.161686,1050.162030595,1050.161560537,10790725,-9999,326267.1,15.29,-1,0.447605511,0.964299479,0,0.578579687,28,0.531914894,0.872340426,N1 S1 O25,de-protonated,0,-9999,C47 H41 O25 N1 S1,47,41,25,1,-9999,1,-9999,-9999,-9999,-9999
1580,1050.161686,1050.162030595,1050.162049795,10790725,-9999,326267.1,15.29,-1,-0.018282177,0.999939355,0,0.599963613,32,0.34,0.84,N3 S2 P1 O17,de-protonated,0,-9999,C50 H42 O17 N3 P1 S2,50,42,17,3,1,2,-9999,-9999,-9999,-9999
1580,1050.161686,1050.162030595,1050.161180415,10790725,-9999,326267.1,15.29,-1,0.809571557,0.88787654,0,0.532725924,33,0.448979592,0.775510204,N3 P1 O22,de-protonated,0,-9999,C49 H38 O22 N3 P1,49,38,22,3,1,-9999,-9999,-9999,-9999,-9999
1581,1050.612184,1050.612528757,1050.613442791,21440382,-9999,348110.6,32.25,-1,-0.869999836,0.435837575,0.594745702,0.499400826,20,0.158730159,1.412698413,N1 S1 O10,de-protonated,0,-9999,C63 H89 O10 N1 S1,63,89,10,1,-9999,1,-9999,-9999,-9999,-9999
1581,1050.612184,1050.612528757,1050.613575732,21440382,-9999,348110.6,32.25,-1,-0.996536954,0.417554037,0.640033642,0.506545879,7,0.346153846,1.807692308,N1 P1 O18,de-protonated,0,-9999,C52 H94 O18 N1 P1,52,94,18,1,1,-9999,-9999,-9999,-9999,-9999
1581,1050.612184,1050.612528757,1050.613062668,21440382,-9999,348110.6,32.25,-1,-0.508189953,0.477110299,0.587191358,0.521142723,25,0.107692308,1.323076923,N3 P1 O7,de-protonated,0,-9999,C65 H86 O7 N3 P1,65,86,7,3,1,-9999,-9999,-9999,-9999,-9999
1581,1050.612184,1050.612528757,1050.612791342,21440382,-9999,348110.6,32.25,-1,-0.249934938,0.494364677,0.627012296,0.547423724,11,0.218181818,1.690909091,N3 S2 O12,de-protonated,0,-9999,C55 H93 O12 N3 S2,55,93,12,3,-9999,2,-9999,-9999,-9999,-9999
1581,1050.612184,1050.612528757,1050.611921962,21440382,-9999,348110.6,32.25,-1,0.577563432,0.470633911,0.631293472,0.534897736,12,0.314814815,1.648148148,N3 O17,de-protonated,0,-9999,C54 H89 O17 N3,54,89,17,3,-9999,-9999,-9999,-9999,-9999,-9999
1582,1050.616218,1050.616562759,1050.61708542,18458494,-9999,273070.4,27.5,-1,-0.497480539,0.478043593,0.569119254,0.514473858,29,0.071428571,1.228571429,N1 P1 O5,de-protonated,0,-9999,C70 H86 O5 N1 P1,70,86,5,1,1,-9999,-9999,-9999,-9999,-9999
1582,1050.616218,1050.616562759,1050.616814094,18458494,-9999,273070.4,27.5,-1,-0.23922651,0.494834772,0.606448844,0.539480401,15,0.166666667,1.55,N1 S2 O10,de-protonated,0,-9999,C60 H93 O10 N1 S2,60,93,10,1,-9999,2,-9999,-9999,-9999,-9999
1582,1050.616218,1050.616562759,1050.615944714,18458494,-9999,273070.4,27.5,-1,0.5882687,0.46956933,0.610452919,0.525922765,16,0.254237288,1.508474576,N1 O15,de-protonated,0,-9999,C59 H89 O15 N1,59,89,15,1,-9999,-9999,-9999,-9999,-9999,-9999
1582,1050.616218,1050.616562759,1050.616947036,18458494,-9999,273070.4,27.5,-1,-0.365763302,0.488008775,0.653607294,0.554248182,2,0.367346939,2,N1 S1 P1 O18,de-protonated,0,-9999,C49 H98 O18 N1 P1 S1,49,98,18,1,1,1,-9999,-9999,-9999,-9999
1582,1050.616218,1050.616562759,1050.616433971,18458494,-9999,273070.4,27.5,-1,0.122582441,0.498638592,0.598596236,0.53862165,20,0.112903226,1.451612903,N3 S1 P1 O7,de-protonated,0,-9999,C62 H90 O7 N3 P1 S1,62,90,7,3,1,1,-9999,-9999,-9999,-9999
1583,1050.622831,1050.623175761,1050.622825705,19310462,-9999,312213.8,28.86,-1,0.333188823,0.490029018,0.555443265,0.516194717,33,0.027027027,1.148648649,N1 S1 O2,de-protonated,0,-9999,C74 H85 O2 N1 S1,74,85,2,1,-9999,1,-9999,-9999,-9999,-9999
1583,1050.622831,1050.623175761,1050.623828027,19310462,-9999,312213.8,28.86,-1,-0.620836688,0.466226163,0.590944388,0.516113453,19,0.078125,1.46875,N1 S2 P1 O5,de-protonated,0,-9999,C64 H94 O5 N1 P1 S2,64,94,5,1,1,2,-9999,-9999,-9999,-9999
1583,1050.622831,1050.623175761,1050.622958647,19310462,-9999,312213.8,28.86,-1,0.206652682,0.496140559,0.594745702,0.535582616,20,0.158730159,1.428571429,N1 P1 O10,de-protonated,0,-9999,C63 H90 O10 N1 P1,63,90,10,1,1,-9999,-9999,-9999,-9999,-9999
1583,1050.622831,1050.623175761,1050.622687321,19310462,-9999,312213.8,28.86,-1,0.464905449,0.480770637,0.635633513,0.542715787,6,0.283018868,1.830188679,N1 S2 O15,de-protonated,0,-9999,C53 H97 O15 N1 S2,53,97,15,1,-9999,2,-9999,-9999,-9999,-9999
1583,1050.622831,1050.623175761,1050.622174257,19310462,-9999,312213.8,28.86,-1,0.953248929,0.42399797,0.583485697,0.48779306099999997,24,0.060606061,1.348484848,N3 S2 O4,de-protonated,0,-9999,C66 H89 O4 N3 S2,66,89,4,3,-9999,2,-9999,-9999,-9999,-9999
1583,1050.622831,1050.623175761,1050.622307198,19310462,-9999,312213.8,28.86,-1,0.826712632,0.441684713,0.627012296,0.515815746,11,0.218181818,1.709090909,N3 S1 P1 O12,de-protonated,0,-9999,C55 H94 O12 N3 P1 S1,55,94,12,3,1,1,-9999,-9999,-9999,-9999
1584,1051.64769,1051.648035129,1051.648719902,10364922,-9999,257393.2,14.61,-1,-0.651141849,0.46297657,0.569119254,0.505433644,28,0.057142857,1.271428571,N2 P1 O4,de-protonated,0,-9999,C70 H89 O4 N2 P1,70,89,4,2,1,-9999,-9999,-9999,-9999,-9999
1584,1051.64769,1051.648035129,1051.648448576,10364922,-9999,257393.2,14.61,-1,-0.393141199,0.486172446,0.606448844,0.534283006,14,0.15,1.6,N2 S2 O9,de-protonated,0,-9999,C60 H96 O9 N2 S2,60,96,9,2,-9999,2,-9999,-9999,-9999,-9999
1584,1051.64769,1051.648035129,1051.647579196,10364922,-9999,257393.2,14.61,-1,0.433542136,0.483235071,0.610452919,0.53412221,15,0.237288136,1.559322034,N2 O14,de-protonated,0,-9999,C59 H92 O14 N2,59,92,14,2,-9999,-9999,-9999,-9999,-9999,-9999
1584,1051.64769,1051.648035129,1051.648581517,10364922,-9999,257393.2,14.61,-1,-0.519553843,0.952200585,0,0.571320351,1,0.346938776,2.06122449,N2 S1 P1 O17,de-protonated,0,-9999,C49 H101 O17 N2 P1 S1,49,101,17,2,1,1,-9999,-9999,-9999,-9999
1584,1051.64769,1051.648035129,1051.647066131,10364922,-9999,257393.2,14.61,-1,0.921409681,0.428614934,0.562198102,0.482048201,33,0.041666667,1.166666667,N4 O3,de-protonated,0,-9999,C72 H84 O3 N4,72,84,3,4,-9999,-9999,-9999,-9999,-9999,-9999
1584,1051.64769,1051.648035129,1051.648068453,10364922,-9999,257393.2,14.61,-1,-0.031687228,0.499908914,0.598596236,0.539383843,19,0.096774194,1.5,N4 S1 P1 O6,de-protonated,0,-9999,C62 H93 O6 N4 P1 S1,62,93,6,4,1,1,-9999,-9999,-9999,-9999
1585,1051.698424,1051.698769147,1051.698372693,12986368,-9999,308868.4,18.78,-1,0.376965779,0.487272571,0.583485697,0.525757821,17,0.090909091,1.53030303,S1 P1 O6,de-protonated,0,-9999,C66 H101 O6 P1 S1,66,101,6,-9999,1,1,-9999,-9999,-9999,-9999
1585,1051.698424,1051.698769147,1051.699733911,12986368,-9999,308868.4,18.78,-1,-0.917337042,0.429197726,0.644495114,0.515316681,0,0.411764706,2.039215686,O21,de-protonated,0,-9999,C51 H104 O21,51,104,21,-9999,-9999,-9999,-9999,-9999,-9999,-9999
1585,1051.698424,1051.698769147,1051.697721244,12986368,-9999,308868.4,18.78,-1,0.996391791,0.417575956,0.614510218,0.496349661,8,0.137931034,1.810344828,N2 S2 P1 O8,de-protonated,0,-9999,C58 H105 O8 N2 P1 S2,58,105,8,2,1,2,-9999,-9999,-9999,-9999
1585,1051.698424,1051.698769147,1051.699220846,12986368,-9999,308868.4,18.78,-1,-0.42949435,0.483541476,0.590944388,0.526502641,18,0.15625,1.5,N2 O10,de-protonated,0,-9999,C64 H96 O10 N2,64,96,10,2,-9999,-9999,-9999,-9999,-9999,-9999
1585,1051.698424,1051.698769147,1051.699710104,12986368,-9999,308868.4,18.78,-1,-0.894700468,0.432404042,0.579826515,0.491373031,22,0.029850746,1.447761194,N4 S1 P1 O2,de-protonated,0,-9999,C67 H97 O2 N4 P1 S1,67,97,2,4,1,1,-9999,-9999,-9999,-9999
1585,1051.698424,1051.698769147,1051.698569398,12986368,-9999,308868.4,18.78,-1,0.189930663,0.496737929,0.622788794,0.547158275,9,0.214285714,1.785714286,N4 S1 O12,de-protonated,0,-9999,C56 H100 O12 N4 S1,56,100,12,4,-9999,1,-9999,-9999,-9999,-9999
1586,1051.706605,1051.70695015,1051.706614902,9316353,-9999,276822,12.94,-1,0.318766414,0.49086578,0.583485697,0.527913747,17,0.121212121,1.515151515,S1 O8,de-protonated,0,-9999,C66 H100 O8 S1,66,100,8,-9999,-9999,1,-9999,-9999,-9999,-9999
1586,1051.706605,1051.70695015,1051.707617223,9316353,-9999,276822,12.94,-1,-0.634275955,0.929602789,0,0.557761673,3,0.196428571,1.946428571,S2 P1 O11,de-protonated,0,-9999,C56 H109 O11 P1 S2,56,109,11,-9999,1,2,-9999,-9999,-9999,-9999
1586,1051.706605,1051.70695015,1051.706747843,9316353,-9999,276822,12.94,-1,0.192360672,0.993308411,0,0.595985046,4,0.290909091,1.909090909,P1 O16,de-protonated,0,-9999,C55 H105 O16 P1,55,105,16,-9999,1,-9999,-9999,-9999,-9999,-9999
1586,1051.706605,1051.70695015,1051.706234779,9316353,-9999,276822,12.94,-1,0.680200652,0.459737973,0.576212942,0.506327961,22,0.073529412,1.426470588,N2 P1 O5,de-protonated,0,-9999,C68 H97 O5 N2 P1,68,97,5,2,1,-9999,-9999,-9999,-9999,-9999
1586,1051.706605,1051.70695015,1051.705963453,9316353,-9999,276822,12.94,-1,0.938187536,0.852390622,0,0.511434373,8,0.172413793,1.793103448,N2 S2 O10,de-protonated,0,-9999,C58 H104 O10 N2 S2,58,104,10,2,-9999,2,-9999,-9999,-9999,-9999
1586,1051.706605,1051.70695015,1051.707952312,9316353,-9999,276822,12.94,-1,-0.952889794,0.424050639,0.579826515,0.48636099,22,0.059701493,1.432835821,N4 S1 O4,de-protonated,0,-9999,C67 H96 O4 N4 S1,67,96,4,4,-9999,1,-9999,-9999,-9999,-9999
1587,1052.112819,1052.113164296,1052.113171049,22620208,-9999,207236.2,34.13,-1,-0.006417988,0.499996263,0.658260696,0.563302036,33,0.4375,0.729166667,N3 S2 O21,de-protonated,0,-9999,C48 H35 O21 N3 S2,48,35,21,3,-9999,2,-9999,-9999,-9999,-9999
1588,1052.736249,1052.73659452,1052.73574746,12593270,-9999,349261.4,18.16,-1,0.804627945,0.444581539,0.569119254,0.494396625,20,0.028571429,1.471428571,N1 S2 O2,de-protonated,0,-9999,C70 H103 O2 N1 S2,70,103,2,1,-9999,2,-9999,-9999,-9999,-9999
1588,1052.736249,1052.73659452,1052.735880401,12593270,-9999,349261.4,18.16,-1,0.678345712,0.459948239,0.610452919,0.520150111,7,0.169491525,1.830508475,N1 S1 P1 O10,de-protonated,0,-9999,C59 H108 O10 N1 P1 S1,59,108,10,1,1,1,-9999,-9999,-9999,-9999
1588,1052.736249,1052.73659452,1052.737597935,12593270,-9999,349261.4,18.16,-1,-0.953147462,0.424012852,0.614510218,0.500211798,7,0.155172414,1.844827586,N3 S2 O9,de-protonated,0,-9999,C58 H107 O9 N3 S2,58,107,9,3,-9999,2,-9999,-9999,-9999,-9999
1588,1052.736249,1052.73659452,1052.736728555,12593270,-9999,349261.4,18.16,-1,-0.127319866,0.498531488,0.618621811,0.546567617,8,0.245614035,1.807017544,N3 O14,de-protonated,0,-9999,C57 H103 O14 N3,57,103,14,3,-9999,-9999,-9999,-9999,-9999,-9999
1589,1052.839644,1052.839989557,1052.839163703,9824385,-9999,247761.2,13.75,-1,0.784407315,0.4471811,0.572644131,0.497366312,13,0.028985507,1.68115942,N1 S1 P1 O2,de-protonated,0,-9999,C69 H116 O2 N1 P1 S1,69,116,2,1,1,1,-9999,-9999,-9999,-9999
1589,1052.839644,1052.839989557,1052.840881236,9824385,-9999,247761.2,13.75,-1,-0.846925984,0.438981788,0.576212942,0.49387425,13,0.014705882,1.691176471,N3 S2 O1,de-protonated,0,-9999,C68 H115 O1 N3 S2,68,115,1,3,-9999,2,-9999,-9999,-9999,-9999
1589,1052.839644,1052.839989557,1052.840011856,9824385,-9999,247761.2,13.75,-1,-0.021179314,0.499959306,0.579826515,0.53190619,14,0.089552239,1.656716418,N3 O6,de-protonated,0,-9999,C67 H111 O6 N3,67,111,6,3,-9999,-9999,-9999,-9999,-9999,-9999
1589,1052.839644,1052.839989557,1052.841014178,9824385,-9999,247761.2,13.75,-1,-0.973195397,0.842104019,0,0.505262411,0,0.157894737,2.105263158,N3 S1 P1 O9,de-protonated,0,-9999,C57 H120 O9 N3 P1 S1,57,120,9,3,1,1,-9999,-9999,-9999,-9999
1590,1053.595328,1053.595673829,1053.595621699,14198994,-9999,268292.9,20.72,-1,0.04947775,0.499777952,0.558800271,0.52338688,33,0.054794521,1.136986301,P1 O4,de-protonated,0,-9999,C73 H83 O4 P1,73,83,4,-9999,1,-9999,-9999,-9999,-9999,-9999
1590,1053.595328,1053.595673829,1053.595350373,14198994,-9999,268292.9,20.72,-1,0.30700183,0.49152192,0.594745702,0.532811433,19,0.142857143,1.428571429,S2 O9,de-protonated,0,-9999,C63 H90 O9 S2,63,90,9,-9999,-9999,2,-9999,-9999,-9999,-9999
1590,1053.595328,1053.595673829,1053.595483315,14198994,-9999,268292.9,20.72,-1,0.180822692,0.497042382,0.640033642,0.554238886,6,0.326923077,1.826923077,S1 P1 O17,de-protonated,0,-9999,C52 H95 O17 P1 S1,52,95,17,-9999,1,1,-9999,-9999,-9999,-9999
1590,1053.595328,1053.595673829,1053.594970251,14198994,-9999,268292.9,20.72,-1,0.667788136,0.461135853,0.587191358,0.511558055,24,0.092307692,1.338461538,N2 S1 P1 O6,de-protonated,0,-9999,C65 H87 O6 N2 P1 S1,65,87,6,2,1,1,-9999,-9999,-9999,-9999
1590,1053.595328,1053.595673829,1053.596331468,14198994,-9999,268292.9,20.72,-1,-0.624185164,0.465873621,0.649019222,0.539131862,7,0.42,1.8,N2 O21,de-protonated,0,-9999,C50 H90 O21 N2,50,90,21,2,-9999,-9999,-9999,-9999,-9999,-9999
1590,1053.595328,1053.595673829,1053.596687784,14198994,-9999,268292.9,20.72,-1,-0.962374722,0.422655175,0.590944388,0.48997086,24,0.078125,1.34375,N4 S2 O5,de-protonated,0,-9999,C64 H86 O5 N4 S2,64,86,5,4,-9999,2,-9999,-9999,-9999,-9999
1590,1053.595328,1053.595673829,1053.595818404,14198994,-9999,268292.9,20.72,-1,-0.137220504,0.498294624,0.594745702,0.536875055,25,0.158730159,1.301587302,N4 O10,de-protonated,0,-9999,C63 H82 O10 N4,63,82,10,4,-9999,-9999,-9999,-9999,-9999,-9999
1591,1053.600286,1053.600631831,1053.601361985,25012434,-9999,233924.8,37.93,-1,-0.693007568,0.305515507,0.459750141,0.36720936,37,0.012987013,1.064935065,S1 O1,de-protonated,0,-9999,C77 H82 O1 S1,77,82,1,-9999,-9999,1,-9999,-9999,-9999,-9999
1591,1053.600286,1053.600631831,1053.601494926,25012434,-9999,233924.8,37.93,-1,-0.819185861,0.295119111,0.508967985,0.380658661,24,0.136363636,1.318181818,P1 O9,de-protonated,0,-9999,C66 H87 O9 P1,66,87,9,-9999,1,-9999,-9999,-9999,-9999,-9999
1591,1053.600286,1053.600631831,1053.6012236,25012434,-9999,233924.8,37.93,-1,-0.56166344,0.472183292,0.622788794,0.532425493,10,0.25,1.678571429,S2 O14,de-protonated,0,-9999,C56 H94 O14 S2,56,94,14,-9999,-9999,2,-9999,-9999,-9999,-9999
1591,1053.600286,1053.600631831,1053.60035422,25012434,-9999,233924.8,37.93,-1,0.263487556,0.493740906,0.627012296,0.547049462,11,0.345454545,1.636363636,O19,de-protonated,0,-9999,C55 H90 O19,55,90,19,-9999,-9999,-9999,-9999,-9999,-9999,-9999
1591,1053.600286,1053.600631831,1053.600710536,25012434,-9999,233924.8,37.93,-1,-0.074701011,0.332995995,0.494873046,0.397746815,28,0.043478261,1.246376812,N2 S2 O3,de-protonated,0,-9999,C69 H86 O3 N2 S2,69,86,3,2,-9999,2,-9999,-9999,-9999,-9999
1591,1053.600286,1053.600631831,1053.599841156,25012434,-9999,233924.8,37.93,-1,0.750450789,0.300953382,0.499512996,0.380377227,29,0.117647059,1.205882353,N2 O8,de-protonated,0,-9999,C68 H82 O8 N2,68,82,8,2,-9999,-9999,-9999,-9999,-9999,-9999
1591,1053.600286,1053.600631831,1053.600843478,25012434,-9999,233924.8,37.93,-1,-0.200879459,0.496352411,0.614510218,0.543615534,15,0.189655172,1.568965517,N2 S1 P1 O11,de-protonated,0,-9999,C58 H91 O11 N2 P1 S1,58,91,11,2,1,1,-9999,-9999,-9999,-9999
1591,1053.600286,1053.600631831,1053.599702772,25012434,-9999,233924.8,37.93,-1,0.881795296,0.434206542,0.662980834,0.525716259,2,0.446808511,2,N2 S1 O21,de-protonated,0,-9999,C47 H94 O21 N2 S1,47,94,21,2,-9999,1,-9999,-9999,-9999,-9999
1591,1053.600286,1053.600631831,1053.600192029,25012434,-9999,233924.8,37.93,-1,0.417427707,0.484438947,0.649019222,0.550271057,6,0.26,1.9,N4 S2 P1 O13,de-protonated,0,-9999,C50 H95 O13 N4 P1 S2,50,95,13,4,1,2,-9999,-9999,-9999,-9999
1592,1053.604939,1053.605284832,1053.604733288,9611475,-9999,440133.5,13.41,-1,0.523483444,0.475746345,0.555443265,0.507625113,32,0.013513514,1.162162162,S2 O1,de-protonated,0,-9999,C74 H86 O1 S2,74,86,1,-9999,-9999,2,-9999,-9999,-9999,-9999
1592,1053.604939,1053.605284832,1053.60486623,9611475,-9999,440133.5,13.41,-1,0.397305401,0.485882165,0.594745702,0.52942758,19,0.142857143,1.444444444,S1 P1 O9,de-protonated,0,-9999,C63 H91 O9 P1 S1,63,91,9,-9999,1,1,-9999,-9999,-9999,-9999
1592,1053.604939,1053.605284832,1053.606227447,9611475,-9999,440133.5,13.41,-1,-0.894655414,0.864820735,0,0.518892441,2,0.5,1.958333333,O24,de-protonated,0,-9999,C48 H94 O24,48,94,24,-9999,-9999,-9999,-9999,-9999,-9999,-9999
1592,1053.604939,1053.605284832,1053.605714383,9611475,-9999,440133.5,13.41,-1,-0.40769546,0.485145331,0.602496955,0.532085981,20,0.213114754,1.409836066,N2 O13,de-protonated,0,-9999,C61 H86 O13 N2,61,86,13,2,-9999,-9999,-9999,-9999,-9999,-9999
1592,1053.604939,1053.605284832,1053.605201318,9611475,-9999,440133.5,13.41,-1,0.079264969,0.49943031,0.555443265,0.521835492,38,0.027027027,1.054054054,N4 O2,de-protonated,0,-9999,C74 H78 O2 N4,74,78,2,4,-9999,-9999,-9999,-9999,-9999,-9999
1592,1053.604939,1053.605284832,1053.60620364,9611475,-9999,440133.5,13.41,-1,-0.872059801,0.435553875,0.590944388,0.49771008,24,0.078125,1.359375,N4 S1 P1 O5,de-protonated,0,-9999,C64 H87 O5 N4 P1 S1,64,87,5,4,1,1,-9999,-9999,-9999,-9999
1592,1053.604939,1053.605284832,1053.605062934,9611475,-9999,440133.5,13.41,-1,0.21060872,0.991983957,0,0.595190374,11,0.283018868,1.698113208,N4 S1 O15,de-protonated,0,-9999,C53 H90 O15 N4 S1,53,90,15,4,-9999,1,-9999,-9999,-9999,-9999
1593,1053.608357,1053.608702834,1053.608237533,12953811,-9999,354031.5,18.73,-1,0.44162602,0.482615137,0.606448844,0.53214862,14,0.15,1.583333333,S2 P1 O9,de-protonated,0,-9999,C60 H95 O9 P1 S2,60,95,9,-9999,1,2,-9999,-9999,-9999,-9999
1593,1053.608357,1053.608702834,1053.609737135,12953811,-9999,354031.5,18.73,-1,-0.981673765,0.419787661,0.583485697,0.485266876,24,0.166666667,1.303030303,O11,de-protonated,0,-9999,C66 H86 O11,66,86,11,-9999,-9999,-9999,-9999,-9999,-9999,-9999
1593,1053.608357,1053.608702834,1053.609085686,12953811,-9999,354031.5,18.73,-1,-0.363372301,0.488163171,0.614510218,0.53870199,15,0.224137931,1.551724138,N2 S1 O13,de-protonated,0,-9999,C58 H90 O13 N2 S1,58,90,13,2,-9999,1,-9999,-9999,-9999,-9999
1593,1053.608357,1053.608702834,1053.609218628,12953811,-9999,354031.5,18.73,-1,-0.48954971,0.478723077,0.662980834,0.55242618,2,0.446808511,2.021276596,N2 P1 O21,de-protonated,0,-9999,C47 H95 O21 N2 P1,47,95,21,2,1,-9999,-9999,-9999,-9999,-9999
1593,1053.608357,1053.608702834,1053.608572622,12953811,-9999,354031.5,18.73,-1,0.123586591,0.498616227,0.565637507,0.525424739,33,0.028169014,1.154929577,N4 S1 O2,de-protonated,0,-9999,C71 H82 O2 N4 S1,71,82,2,4,-9999,1,-9999,-9999,-9999,-9999
1593,1053.608357,1053.608702834,1053.609574943,12953811,-9999,354031.5,18.73,-1,-0.827735177,0.441549152,0.602496955,0.505928273,19,0.081967213,1.491803279,N4 S2 P1 O5,de-protonated,0,-9999,C61 H91 O5 N4 P1 S2,61,91,5,4,1,2,-9999,-9999,-9999,-9999
1593,1053.608357,1053.608702834,1053.608705564,12953811,-9999,354031.5,18.73,-1,-0.002590941,0.499999391,0.606448844,0.542579172,20,0.166666667,1.45,N4 P1 O10,de-protonated,0,-9999,C60 H87 O10 N4 P1,60,87,10,4,1,-9999,-9999,-9999,-9999,-9999
1593,1053.608357,1053.608702834,1053.608434237,12953811,-9999,354031.5,18.73,-1,0.254929928,0.494138519,0.649019222,0.5560908,6,0.3,1.88,N4 S2 O15,de-protonated,0,-9999,C50 H94 O15 N4 S2,50,94,15,4,-9999,2,-9999,-9999,-9999,-9999
1594,1054.124223,1054.124569019,1054.125007492,11028745,-9999,173390.1,15.67,-1,-0.415959542,0.48454651,0.558800271,0.514248014,1,0.02739726,2,O2,de-protonated,0,-9999,C73 H146 O2,73,146,2,-9999,-9999,-9999,-9999,-9999,-9999,-9999
1594,1054.124223,1054.124569019,1054.124601657,11028745,-9999,173390.1,15.67,-1,-0.030961914,0.499913036,0.635633513,0.554201227,36,0.320754717,0.716981132,N1 S2 P1 O17,de-protonated,0,-9999,C53 H38 O17 N1 P1 S2,53,38,17,1,1,2,-9999,-9999,-9999,-9999
1594,1054.124223,1054.124569019,1054.123732277,11028745,-9999,173390.1,15.67,-1,0.793779828,0.445982515,0.640033642,0.523602965,37,0.423076923,0.653846154,N1 P1 O22,de-protonated,0,-9999,C52 H34 O22 N1 P1,52,34,22,1,1,-9999,-9999,-9999,-9999,-9999
1594,1054.124223,1054.124569019,1054.12544981,11028745,-9999,173390.1,15.67,-1,-0.835565525,0.881013805,0,0.528608283,37,0.411764706,0.647058824,N3 S1 O21,de-protonated,0,-9999,C51 H33 O21 N3 S1,51,33,21,3,-9999,1,-9999,-9999,-9999,-9999
1595,1055.106911,1055.107257372,1055.10774786,10348905,-9999,277289.8,14.58,-1,-0.464869747,0.961547065,0,0.576928239,37,0.442307692,0.634615385,P1 O23,de-protonated,0,-9999,C52 H33 O23 P1,52,33,23,-9999,1,-9999,-9999,-9999,-9999,-9999
1595,1055.106911,1055.107257372,1055.107096411,10348905,-9999,277289.8,14.58,-1,0.152554189,0.995786088,0,0.597471653,28,0.568181818,0.840909091,N2 S1 P1 O25,de-protonated,0,-9999,C44 H37 O25 N2 P1 S1,44,37,25,2,1,1,-9999,-9999,-9999,-9999
1596,1055.781847,1055.782193615,1055.781314473,15346088,-9999,370359.2,22.54,-1,0.832693203,0.440890073,0.565637507,0.490789047,18,0.028169014,1.535211268,S1 P1 O2,de-protonated,0,-9999,C71 H109 O2 P1 S1,71,109,2,-9999,1,1,-9999,-9999,-9999,-9999
1596,1055.781847,1055.782193615,1055.78267569,15346088,-9999,370359.2,22.54,-1,-0.456604855,0.481438369,0.622788794,0.537978539,1,0.303571429,2,O17,de-protonated,0,-9999,C56 H112 O17,56,112,17,-9999,-9999,-9999,-9999,-9999,-9999,-9999
1596,1055.781847,1055.782193615,1055.783032006,15346088,-9999,370359.2,22.54,-1,-0.794094137,0.445942129,0.569119254,0.495212979,18,0.014285714,1.542857143,N2 S2 O1,de-protonated,0,-9999,C70 H108 O1 N2 S2,70,108,1,2,-9999,2,-9999,-9999,-9999,-9999
1596,1055.781847,1055.782193615,1055.782162626,15346088,-9999,370359.2,22.54,-1,0.029351466,0.499921846,0.572644131,0.52901076,19,0.086956522,1.507246377,N2 O6,de-protonated,0,-9999,C69 H104 O6 N2,69,104,6,2,-9999,-9999,-9999,-9999,-9999,-9999
1596,1055.781847,1055.782193615,1055.783164947,15346088,-9999,370359.2,22.54,-1,-0.920011682,0.428815189,0.610452919,0.501470281,5,0.152542373,1.915254237,N2 S1 P1 O9,de-protonated,0,-9999,C59 H113 O9 N2 P1 S1,59,113,9,2,1,1,-9999,-9999,-9999,-9999
1596,1055.781847,1055.782193615,1055.781511177,15346088,-9999,370359.2,22.54,-1,0.646381308,0.463495762,0.602496955,0.519096239,10,0.131147541,1.770491803,N4 S1 O8,de-protonated,0,-9999,C61 H108 O8 N4 S1,61,108,8,4,-9999,1,-9999,-9999,-9999,-9999
1597,1055.78595,1055.786296616,1055.786185378,31533480,-9999,332738.3,48.32,-1,0.105360565,0.332662598,0.472516812,0.388604283,23,0.054054054,1.405405405,O4,de-protonated,0,-9999,C74 H104 O4,74,104,4,-9999,-9999,-9999,-9999,-9999,-9999,-9999
1597,1055.78595,1055.786296616,1055.787187699,31533480,-9999,332738.3,48.32,-1,-0.843999038,0.292917457,0.51866191,0.383215238,9,0.109375,1.765625,S1 P1 O7,de-protonated,0,-9999,C64 H113 O7 P1 S1,64,113,7,-9999,1,1,-9999,-9999,-9999,-9999
1597,1055.78595,1055.786296616,1055.785533929,31533480,-9999,332738.3,48.32,-1,0.722388103,0.303218897,0.508967985,0.385518532,14,0.090909091,1.636363636,N2 S1 O6,de-protonated,0,-9999,C66 H108 O6 N2 S1,66,108,6,2,-9999,1,-9999,-9999,-9999,-9999
1597,1055.78595,1055.786296616,1055.786536251,31533480,-9999,332738.3,48.32,-1,-0.226972672,0.495347967,0.622788794,0.546324298,0,0.160714286,2.089285714,N2 S2 P1 O9,de-protonated,0,-9999,C56 H117 O9 N2 P1 S2,56,117,9,2,1,2,-9999,-9999,-9999,-9999
1597,1055.78595,1055.786296616,1055.785666871,31533480,-9999,332738.3,48.32,-1,0.596470665,0.468742128,0.627012296,0.532050195,1,0.254545455,2.054545455,N2 P1 O14,de-protonated,0,-9999,C55 H113 O14 N2 P1,55,113,14,2,1,-9999,-9999,-9999,-9999,-9999
1598,1055.791883,1055.792229618,1055.792927985,9480617,-9999,335087.4,13.2,-1,-0.661461411,0.461840058,0.576212942,0.507589212,13,0.058823529,1.647058824,S2 O4,de-protonated,0,-9999,C68 H112 O4 S2,68,112,4,-9999,-9999,2,-9999,-9999,-9999,-9999
1598,1055.791883,1055.792229618,1055.792058605,9480617,-9999,335087.4,13.2,-1,0.161976583,0.497625375,0.579826515,0.530505831,14,0.134328358,1.611940299,O9,de-protonated,0,-9999,C67 H108 O9,67,108,9,-9999,-9999,-9999,-9999,-9999,-9999,-9999
1598,1055.791883,1055.792229618,1055.793060926,9480617,-9999,335087.4,13.2,-1,-0.787377792,0.89360484,0,0.536162904,0,0.210526316,2.052631579,S1 P1 O12,de-protonated,0,-9999,C57 H117 O12 P1 S1,57,117,12,-9999,1,1,-9999,-9999,-9999,-9999
1598,1055.791883,1055.792229618,1055.792547862,9480617,-9999,335087.4,13.2,-1,-0.301426412,0.491824554,0.569119254,0.522742434,18,0.014285714,1.557142857,N2 S1 P1 O1,de-protonated,0,-9999,C70 H109 O1 N2 P1 S1,70,109,1,2,1,1,-9999,-9999,-9999,-9999
1598,1055.791883,1055.792229618,1055.791407156,9480617,-9999,335087.4,13.2,-1,0.779000724,0.895734966,0,0.537440979,5,0.186440678,1.898305085,N2 S1 O11,de-protonated,0,-9999,C59 H112 O11 N2 S1,59,112,11,2,-9999,1,-9999,-9999,-9999,-9999
1598,1055.791883,1055.792229618,1055.791896413,9480617,-9999,335087.4,13.2,-1,0.315597157,0.491044878,0.598596236,0.534065422,9,0.048387097,1.822580645,N4 S2 P1 O3,de-protonated,0,-9999,C62 H113 O3 N4 P1 S2,62,113,3,4,1,2,-9999,-9999,-9999,-9999
1599,1056.143635,1056.143981745,1056.144471178,10463689,-9999,327233.4,14.77,-1,-0.4634149,0.96178272,0,0.577069632,31,0.4375,0.8125,N3 S2 O21,de-protonated,0,-9999,C48 H39 O21 N3 S2,48,39,21,3,-9999,2,-9999,-9999,-9999,-9999
1600,1058.630979,1058.631326638,1058.631282389,18721430,-9999,229464.8,27.92,-1,0.041798677,0.499841518,0.558800271,0.523425019,30,0.01369863,1.219178082,N1 S2 O1,de-protonated,0,-9999,C73 H89 O1 N1 S2,73,89,1,1,-9999,2,-9999,-9999,-9999,-9999
1600,1058.630979,1058.631326638,1058.630413009,18721430,-9999,229464.8,27.92,-1,0.863029482,0.436793922,0.562198102,0.486955594,31,0.083333333,1.180555556,N1 O6,de-protonated,0,-9999,C72 H85 O6 N1,72,85,6,1,-9999,-9999,-9999,-9999,-9999,-9999
1600,1058.630979,1058.631326638,1058.631415331,18721430,-9999,229464.8,27.92,-1,-0.083780191,0.4993636,0.598596236,0.539056655,17,0.14516129,1.516129032,N1 S1 P1 O9,de-protonated,0,-9999,C62 H94 O9 N1 P1 S1,62,94,9,1,1,1,-9999,-9999,-9999,-9999
1600,1058.630979,1058.631326638,1058.630274625,18721430,-9999,229464.8,27.92,-1,0.99374986,0.417974524,0.644495114,0.50858276,4,0.37254902,1.901960784,N1 S1 O19,de-protonated,0,-9999,C51 H97 O19 N1 S1,51,97,19,1,-9999,1,-9999,-9999,-9999,-9999
1600,1058.630979,1058.631326638,1058.630763882,18721430,-9999,229464.8,27.92,-1,0.531588875,0.475008694,0.631293472,0.537522605,8,0.203703704,1.814814815,N3 S2 P1 O11,de-protonated,0,-9999,C54 H98 O11 N3 P1 S2,54,98,11,3,1,2,-9999,-9999,-9999,-9999
1600,1058.630979,1058.631326638,1058.632263484,18721430,-9999,229464.8,27.92,-1,-0.884958399,0.433766474,0.606448844,0.502839422,18,0.216666667,1.483333333,N3 O13,de-protonated,0,-9999,C60 H89 O13 N3,60,89,13,3,-9999,-9999,-9999,-9999,-9999,-9999
1601,1058.635835,1058.63618264,1058.637155616,14396054,-9999,281484.2,21.03,-1,-0.919083213,0.42894807,0.583485697,0.490763121,21,0.090909091,1.409090909,N1 S2 O6,de-protonated,0,-9999,C66 H93 O6 N1 S2,66,93,6,1,-9999,2,-9999,-9999,-9999,-9999
1601,1058.635835,1058.63618264,1058.636286236,14396054,-9999,281484.2,21.03,-1,-0.097857753,0.499131965,0.587191358,0.534355722,22,0.169230769,1.369230769,N1 O11,de-protonated,0,-9999,C65 H89 O11 N1,65,89,11,1,-9999,-9999,-9999,-9999,-9999,-9999
1601,1058.635835,1058.63618264,1058.636775493,14396054,-9999,281484.2,21.03,-1,-0.560015608,0.472341678,0.576212942,0.513890184,26,0.044117647,1.323529412,N3 S1 P1 O3,de-protonated,0,-9999,C68 H90 O3 N3 P1 S1,68,90,3,3,1,1,-9999,-9999,-9999,-9999
1601,1058.635835,1058.63618264,1058.635634787,14396054,-9999,281484.2,21.03,-1,0.517508474,0.476283571,0.618621811,0.533218867,13,0.22807017500000001,1.631578947,N3 S1 O13,de-protonated,0,-9999,C57 H93 O13 N3 S1,57,93,13,3,-9999,1,-9999,-9999,-9999,-9999
1601,1058.635835,1058.63618264,1058.635767729,14396054,-9999,281484.2,21.03,-1,0.391930062,0.486256331,0.667769153,0.55886146,0,0.456521739,2.130434783,N3 P1 O21,de-protonated,0,-9999,C46 H98 O21 N3 P1,46,98,21,3,1,-9999,-9999,-9999,-9999,-9999
1602,1058.800615,1058.800962699,1058.800455718,12085922,-9999,230255.8,17.35,-1,0.478826228,0.479625951,0.569119254,0.515423272,17,0.057142857,1.557142857,N1 S1 O4,de-protonated,0,-9999,C70 H109 O4 N1 S1,70,109,4,1,-9999,1,-9999,-9999,-9999,-9999
1602,1058.800615,1058.800962699,1058.801458039,12085922,-9999,230255.8,17.35,-1,-0.467831025,0.480532649,0.606448844,0.530899127,3,0.116666667,1.966666667,N1 S2 P1 O7,de-protonated,0,-9999,C60 H118 O7 N1 P1 S2,60,118,7,1,1,2,-9999,-9999,-9999,-9999
1602,1058.800615,1058.800962699,1058.80058866,12085922,-9999,230255.8,17.35,-1,0.353267369,0.488805029,0.610452919,0.537464185,4,0.203389831,1.93220339,N1 P1 O12,de-protonated,0,-9999,C59 H114 O12 N1 P1,59,114,12,1,1,-9999,-9999,-9999,-9999,-9999
1602,1058.800615,1058.800962699,1058.800075595,12085922,-9999,230255.8,17.35,-1,0.837838954,0.440202927,0.562198102,0.489000997,22,0.013888889,1.472222222,N3 P1 O1,de-protonated,0,-9999,C72 H106 O1 N3 P1,72,106,1,3,1,-9999,-9999,-9999,-9999,-9999
1603,1059.837693,1059.838041072,1059.837115273,10037996,-9999,345653.9,14.09,-1,0.873529423,0.43535118,0.587191358,0.496087251,6,0.061538462,1.861538462,S2 P1 O4,de-protonated,0,-9999,C65 H121 O4 P1 S2,65,121,4,-9999,1,2,-9999,-9999,-9999,-9999
1603,1059.837693,1059.838041072,1059.838614875,10037996,-9999,345653.9,14.09,-1,-0.541405963,0.474101666,0.565637507,0.510716002,16,0.084507042,1.577464789,O6,de-protonated,0,-9999,C71 H112 O6,71,112,6,-9999,-9999,-9999,-9999,-9999,-9999,-9999
1603,1059.837693,1059.838041072,1059.837963426,10037996,-9999,345653.9,14.09,-1,0.073261891,0.499513292,0.594745702,0.537606256,7,0.126984127,1.841269841,N2 S1 O8,de-protonated,0,-9999,C63 H116 O8 N2 S1,63,116,8,2,-9999,1,-9999,-9999,-9999,-9999
1603,1059.837693,1059.838041072,1059.837583304,10037996,-9999,345653.9,14.09,-1,0.431923024,0.483357954,0.587191358,0.524891316,12,0.076923077,1.738461538,N4 P1 O5,de-protonated,0,-9999,C65 H113 O5 N4 P1,65,113,5,4,1,-9999,-9999,-9999,-9999,-9999
1604,1059.845867,1059.846215075,1059.845628808,31238892,-9999,227849.2,47.85,-1,0.553162814,0.315330618,0.468208839,0.376481907,20,0.013333333,1.506666667,P1 O1,de-protonated,0,-9999,C75 H113 O1 P1,75,113,1,-9999,1,-9999,-9999,-9999,-9999,-9999
1604,1059.845867,1059.846215075,1059.845357481,31238892,-9999,227849.2,47.85,-1,0.80916838,0.295993896,0.513784664,0.383110204,6,0.092307692,1.846153846,S2 O6,de-protonated,0,-9999,C65 H120 O6 S2,65,120,6,-9999,-9999,2,-9999,-9999,-9999,-9999
1604,1059.845867,1059.846215075,1059.846694892,31238892,-9999,227849.2,47.85,-1,-0.452723183,0.321164541,0.508967985,0.396285918,11,0.03030303,1.757575758,N4 S2 O2,de-protonated,0,-9999,C66 H116 O2 N4 S2,66,116,2,4,-9999,2,-9999,-9999,-9999,-9999
1604,1059.845867,1059.846215075,1059.845825512,31238892,-9999,227849.2,47.85,-1,0.367565443,0.325261177,0.513784664,0.400670572,12,0.107692308,1.723076923,N4 O7,de-protonated,0,-9999,C65 H112 O7 N4,65,112,7,4,-9999,-9999,-9999,-9999,-9999,-9999
1605,1060.20555,1060.205898204,1060.206283589,14494469,-9999,182780.7,21.18,-1,-0.363500132,0.488154941,0.622788794,0.542008482,37,0.267857143,0.767857143,N3 S2 O15,de-protonated,0,-9999,C56 H43 O15 N3 S2,56,43,15,3,-9999,2,-9999,-9999,-9999,-9999
1605,1060.20555,1060.205898204,1060.205414209,14494469,-9999,182780.7,21.18,-1,0.456510351,0.481445908,0.627012296,0.539672463,38,0.363636364,0.709090909,N3 O20,de-protonated,0,-9999,C55 H39 O20 N3,55,39,20,3,-9999,-9999,-9999,-9999,-9999,-9999
1605,1060.20555,1060.205898204,1060.206416531,14494469,-9999,182780.7,21.18,-1,-0.488892395,0.478778946,0.672627142,0.556318224,24,0.511111111,1.066666667,N3 S1 P1 O23,de-protonated,0,-9999,C45 H48 O23 N3 P1 S1,45,48,23,3,1,1,-9999,-9999,-9999,-9999
1606,1060.83894,1060.839288432,1060.839737074,13339438,-9999,165305.8,19.35,-1,-0.422912292,0.484033989,0.594745702,0.528318674,7,0.174603175,1.825396825,N1 O11,de-protonated,0,-9999,C63 H115 O11 N1,63,115,11,1,-9999,-9999,-9999,-9999,-9999,-9999
1606,1060.83894,1060.839288432,1060.840226331,13339438,-9999,165305.8,19.35,-1,-0.884110059,0.433884611,0.583485697,0.493725045,11,0.045454545,1.757575758,N3 S1 P1 O3,de-protonated,0,-9999,C66 H116 O3 N3 P1 S1,66,116,3,3,1,1,-9999,-9999,-9999,-9999
1607,1061.770917,1061.771265767,1061.770749789,16362343,-9999,202711.6,24.16,-1,0.48595975,0.479027374,0.558800271,0.510936533,21,0.01369863,1.465753425,S1 P1 O1,de-protonated,0,-9999,C73 H107 O1 P1 S1,73,107,1,-9999,1,1,-9999,-9999,-9999,-9999
1607,1061.770917,1061.771265767,1061.772111006,16362343,-9999,202711.6,24.16,-1,-0.796064959,0.445688618,0.614510218,0.513217258,4,0.275862069,1.896551724,O16,de-protonated,0,-9999,C58 H110 O16,58,110,16,-9999,-9999,-9999,-9999,-9999,-9999,-9999
1607,1061.770917,1061.771265767,1061.771597942,16362343,-9999,202711.6,24.16,-1,-0.312850073,0.491198723,0.565637507,0.520974237,22,0.070422535,1.436619718,N2 O5,de-protonated,0,-9999,C71 H102 O5 N2,71,102,5,2,-9999,-9999,-9999,-9999,-9999,-9999
1607,1061.770917,1061.771265767,1061.770946493,16362343,-9999,202711.6,24.16,-1,0.300698902,0.491863648,0.594745702,0.533016469,13,0.111111111,1.682539683,N4 S1 O7,de-protonated,0,-9999,C63 H106 O7 N4 S1,63,106,7,4,-9999,1,-9999,-9999,-9999,-9999
1607,1061.770917,1061.771265767,1061.771079435,16362343,-9999,202711.6,24.16,-1,0.175491338,0.497213736,0.640033642,0.554341698,0,0.288461538,2.134615385,N4 P1 O15,de-protonated,0,-9999,C52 H111 O15 N4 P1,52,111,15,4,1,-9999,-9999,-9999,-9999,-9999
1608,1061.827602,1061.827950787,1061.828264666,11676522,-9999,177002,16.7,-1,-0.295602599,0.492134941,0.565637507,0.521535968,15,0.028169014,1.61971831,S1 P1 O2,de-protonated,0,-9999,C71 H115 O2 P1 S1,71,115,2,-9999,1,1,-9999,-9999,-9999,-9999
1608,1061.827602,1061.827950787,1061.82712396,11676522,-9999,177002,16.7,-1,0.778683098,0.447907691,0.606448844,0.511324153,2,0.2,1.966666667,S1 O12,de-protonated,0,-9999,C60 H118 O12 S1,60,118,12,-9999,-9999,1,-9999,-9999,-9999,-9999
1608,1061.827602,1061.827950787,1061.827613217,11676522,-9999,177002,16.7,-1,0.317913643,0.49091414,0.594745702,0.532446765,6,0.063492063,1.888888889,N2 S2 P1 O4,de-protonated,0,-9999,C63 H119 O4 N2 P1 S2,63,119,4,2,1,2,-9999,-9999,-9999,-9999
1608,1061.827602,1061.827950787,1061.828461371,11676522,-9999,177002,16.7,-1,-0.480853267,0.479456686,0.602496955,0.528672793,7,0.131147541,1.868852459,N4 S1 O8,de-protonated,0,-9999,C61 H114 O8 N4 S1,61,114,8,4,-9999,1,-9999,-9999,-9999,-9999
1609,1062.657597,1062.657946085,1062.65820345,11135897,-9999,210343.3,15.84,-1,-0.242189948,0.494706694,0.631293472,0.549341405,7,0.351851852,1.796296296,N1 O19,de-protonated,0,-9999,C54 H97 O19 N1,54,97,19,1,-9999,-9999,-9999,-9999,-9999,-9999
1609,1062.657597,1062.657946085,1062.658559766,11135897,-9999,210343.3,15.84,-1,-0.577495706,0.470640591,0.576212942,0.512869532,24,0.044117647,1.367647059,N3 S2 O3,de-protonated,0,-9999,C68 H93 O3 N3 S2,68,93,3,3,-9999,2,-9999,-9999,-9999,-9999
1609,1062.657597,1062.657946085,1062.657690386,11135897,-9999,210343.3,15.84,-1,0.240622278,0.49477464,0.579826515,0.52879539,25,0.119402985,1.328358209,N3 O8,de-protonated,0,-9999,C67 H89 O8 N3,67,89,8,3,-9999,-9999,-9999,-9999,-9999,-9999
1609,1062.657597,1062.657946085,1062.658692708,11135897,-9999,210343.3,15.84,-1,-0.702598577,0.457161585,0.618621811,0.521745675,11,0.192982456,1.719298246,N3 S1 P1 O11,de-protonated,0,-9999,C57 H98 O11 N3 P1 S1,57,98,11,3,1,1,-9999,-9999,-9999,-9999
1610,1063.708795,1063.709144463,1063.709986205,13118416,-9999,173259.5,18.99,-1,-0.791326731,0.446297288,0.590944388,0.504156128,13,0.125,1.625,S2 O8,de-protonated,0,-9999,C64 H104 O8 S2,64,104,8,-9999,-9999,2,-9999,-9999,-9999,-9999
1610,1063.708795,1063.709144463,1063.709116825,13118416,-9999,173259.5,18.99,-1,0.025982407,0.499938757,0.594745702,0.537861535,14,0.206349206,1.587301587,O13,de-protonated,0,-9999,C63 H100 O13,63,100,13,-9999,-9999,-9999,-9999,-9999,-9999,-9999
1610,1063.708795,1063.709144463,1063.710119147,13118416,-9999,173259.5,18.99,-1,-0.916305917,0.429344996,0.635633513,0.511860403,0,0.301886792,2.056603774,S1 P1 O16,de-protonated,0,-9999,C53 H109 O16 P1 S1,53,109,16,-9999,1,1,-9999,-9999,-9999,-9999
1610,1063.708795,1063.709144463,1063.708603761,13118416,-9999,173259.5,18.99,-1,0.508317759,0.477099053,0.548848821,0.50579896,32,0.026315789,1.210526316,N2 O2,de-protonated,0,-9999,C76 H92 O2 N2,76,92,2,2,-9999,-9999,-9999,-9999,-9999,-9999
1610,1063.708795,1063.709144463,1063.709606082,13118416,-9999,173259.5,18.99,-1,-0.433971474,0.483202414,0.583485697,0.523315727,18,0.075757576,1.53030303,N2 S1 P1 O5,de-protonated,0,-9999,C66 H101 O5 N2 P1 S1,66,101,5,2,1,1,-9999,-9999,-9999,-9999
1610,1063.708795,1063.709144463,1063.708465376,13118416,-9999,173259.5,18.99,-1,0.638414026,0.464357444,0.627012296,0.529419385,5,0.272727273,1.890909091,N2 S1 O15,de-protonated,0,-9999,C55 H104 O15 N2 S1,55,104,15,2,-9999,1,-9999,-9999,-9999,-9999
1610,1063.708795,1063.709144463,1063.708954634,13118416,-9999,173259.5,18.99,-1,0.178459581,0.49711896,0.614510218,0.544075463,9,0.120689655,1.810344828,N4 S2 P1 O7,de-protonated,0,-9999,C58 H105 O7 N4 P1 S2,58,105,7,4,1,2,-9999,-9999,-9999,-9999
1610,1063.708795,1063.709144463,1063.708085254,13118416,-9999,173259.5,18.99,-1,0.995770304,0.417669776,0.618621811,0.49805059,10,0.210526316,1.771929825,N4 P1 O12,de-protonated,0,-9999,C57 H101 O12 N4 P1,57,101,12,4,1,-9999,-9999,-9999,-9999,-9999
1611,1063.771392,1063.771741485,1063.771143712,14314451,-9999,195323.7,20.9,-1,0.561938025,0.472156859,0.572644131,0.512351768,16,0.057971014,1.579710145,S1 P1 O4,de-protonated,0,-9999,C69 H109 O4 P1 S1,69,109,4,-9999,1,1,-9999,-9999,-9999,-9999
1611,1063.771392,1063.771741485,1063.771991865,14314451,-9999,195323.7,20.9,-1,-0.235369719,0.494999147,0.579826515,0.528930094,17,0.119402985,1.552238806,N2 O8,de-protonated,0,-9999,C67 H104 O8 N2,67,104,8,2,-9999,-9999,-9999,-9999,-9999,-9999
1611,1063.771392,1063.771741485,1063.771340416,14314451,-9999,195323.7,20.9,-1,0.377025541,0.487268587,0.610452919,0.536542319,8,0.169491525,1.830508475,N4 S1 O10,de-protonated,0,-9999,C59 H108 O10 N4 S1,59,108,10,4,-9999,1,-9999,-9999,-9999,-9999
1612,1064.298087,1064.298436675,1064.299121348,10677228,-9999,245378.1,15.11,-1,-0.643308801,0.463829138,0.610452919,0.52247865,33,0.237288136,0.93220339,N1 S2 O14,de-protonated,0,-9999,C59 H55 O14 N1 S2,59,55,14,1,-9999,2,-9999,-9999,-9999,-9999
1612,1064.298087,1064.298436675,1064.298251968,10677228,-9999,245378.1,15.11,-1,0.173548043,0.497274934,0.614510218,0.544169047,34,0.327586207,0.879310345,N1 O19,de-protonated,0,-9999,C58 H51 O19 N1,58,51,19,1,-9999,-9999,-9999,-9999,-9999,-9999
1612,1064.298087,1064.298436675,1064.299254289,10677228,-9999,245378.1,15.11,-1,-0.768218824,0.898450392,0,0.539070235,20,0.458333333,1.25,N1 S1 P1 O22,de-protonated,0,-9999,C48 H60 O22 N1 P1 S1,48,60,22,1,1,1,-9999,-9999,-9999,-9999
1612,1064.298087,1064.298436675,1064.298741225,10677228,-9999,245378.1,15.11,-1,-0.286151303,0.492626172,0.602496955,0.536574485,38,0.180327869,0.852459016,N3 S1 P1 O11,de-protonated,0,-9999,C61 H52 O11 N3 P1 S1,61,52,11,3,1,1,-9999,-9999,-9999,-9999
1612,1064.298087,1064.298436675,1064.297600519,10677228,-9999,245378.1,15.11,-1,0.785640744,0.894047992,0,0.536428795,25,0.42,1.1,N3 S1 O21,de-protonated,0,-9999,C50 H55 O21 N3 S1,50,55,21,3,-9999,1,-9999,-9999,-9999,-9999
1612,1064.298087,1064.298436675,1064.298602841,10677228,-9999,245378.1,15.11,-1,-0.156127276,0.995586823,0,0.597352094,11,0.6,1.6,N3 S2 P1 O24,de-protonated,0,-9999,C40 H64 O24 N3 P1 S2,40,64,24,3,1,2,-9999,-9999,-9999,-9999
1613,1064.709736,1064.710085822,1064.711108404,15215615,-9999,172187.6,22.33,-1,-0.960430925,0.422941905,0.622788794,0.502880661,4,0.232142857,1.910714286,N1 S2 O13,de-protonated,0,-9999,C56 H107 O13 N1 S2,56,107,13,1,-9999,2,-9999,-9999,-9999,-9999
1613,1064.709736,1064.710085822,1064.710239024,15215615,-9999,172187.6,22.33,-1,-0.143890421,0.498125126,0.627012296,0.549679994,5,0.327272727,1.872727273,N1 O18,de-protonated,0,-9999,C55 H103 O18 N1,55,103,18,1,-9999,-9999,-9999,-9999,-9999,-9999
1613,1064.709736,1064.710085822,1064.71059534,15215615,-9999,172187.6,22.33,-1,-0.478549971,0.479648969,0.572644131,0.516847033,22,0.028985507,1.434782609,N3 S2 O2,de-protonated,0,-9999,C69 H99 O2 N3 S2,69,99,2,3,-9999,2,-9999,-9999,-9999,-9999
1613,1064.709736,1064.710085822,1064.70972596,15215615,-9999,172187.6,22.33,-1,0.33799132,0.489742498,0.576212942,0.524330676,23,0.102941176,1.397058824,N3 O7,de-protonated,0,-9999,C68 H95 O7 N3,68,95,7,3,-9999,-9999,-9999,-9999,-9999,-9999
1613,1064.709736,1064.710085822,1064.710728281,15215615,-9999,172187.6,22.33,-1,-0.603411741,0.468034304,0.614510218,0.52662467,9,0.172413793,1.793103448,N3 S1 P1 O10,de-protonated,0,-9999,C58 H104 O10 N3 P1 S1,58,104,10,3,1,1,-9999,-9999,-9999,-9999
1614,1064.760319,1064.760668841,1064.759868009,14953473,-9999,361915.2,21.92,-1,0.752124544,0.451224117,0.579826515,0.502665076,16,0.014925373,1.611940299,N3 S2 P1 O1,de-protonated,0,-9999,C67 H108 O1 N3 P1 S2,67,108,1,3,1,2,-9999,-9999,-9999,-9999
1614,1064.760319,1064.760668841,1064.76136761,14953473,-9999,361915.2,21.92,-1,-0.656268946,0.462413799,0.558800271,0.500968388,26,0.04109589,1.356164384,N3 O3,de-protonated,0,-9999,C73 H99 O3 N3,73,99,3,3,-9999,-9999,-9999,-9999,-9999,-9999
1615,1064.764715,1064.765064842,1064.765390362,27601920,-9999,316720.2,42.06,-1,-0.305720155,0.327727976,0.455597952,0.378875966,30,0.012820513,1.269230769,N1 O1,de-protonated,0,-9999,C78 H99 O1 N1,78,99,1,1,-9999,-9999,-9999,-9999,-9999,-9999
1615,1064.764715,1064.765064842,1064.765251978,27601920,-9999,316720.2,42.06,-1,-0.175753116,0.49720544,0.618621811,0.545771989,3,0.245614035,1.947368421,N1 S1 O14,de-protonated,0,-9999,C57 H111 O14 N1 S1,57,111,14,1,-9999,1,-9999,-9999,-9999,-9999
1615,1064.764715,1064.765064842,1064.764738914,27601920,-9999,316720.2,42.06,-1,0.30610371199999997,0.327714021,0.49029038,0.392744565,21,0.042857143,1.471428571,N3 S1 O3,de-protonated,0,-9999,C70 H103 O3 N3 S1,70,103,3,3,-9999,1,-9999,-9999,-9999,-9999
1615,1064.764715,1064.765064842,1064.765741235,27601920,-9999,316720.2,42.06,-1,-0.635250679,0.464697044,0.606448844,0.521397764,7,0.1,1.866666667,N3 S2 P1 O6,de-protonated,0,-9999,C60 H112 O6 N3 P1 S2,60,112,6,3,1,2,-9999,-9999,-9999,-9999
1615,1064.764715,1064.765064842,1064.764871855,27601920,-9999,316720.2,42.06,-1,0.181248194,0.497028488,0.610452919,0.54239826,8,0.186440678,1.830508475,N3 P1 O11,de-protonated,0,-9999,C59 H108 O11 N3 P1,59,108,11,3,1,-9999,-9999,-9999,-9999,-9999
1616,1064.769075,1064.769424844,1064.768761666,26356738,-9999,272826.8,40.07,-1,0.622837587,0.310677131,0.468208839,0.373689814,25,0.013333333,1.373333333,N1 S1 O1,de-protonated,0,-9999,C75 H103 O1 N1 S1,75,103,1,1,-9999,1,-9999,-9999,-9999,-9999
1616,1064.769075,1064.769424844,1064.769763987,26356738,-9999,272826.8,40.07,-1,-0.318513547,0.327253422,0.513784664,0.401865919,11,0.061538462,1.723076923,N1 S2 P1 O4,de-protonated,0,-9999,C65 H112 O4 N1 P1 S2,65,112,4,1,1,2,-9999,-9999,-9999,-9999
1616,1064.769075,1064.769424844,1064.768894607,26356738,-9999,272826.8,40.07,-1,0.4979825,0.318666835,0.51866191,0.398664865,12,0.140625,1.6875,N1 P1 O9,de-protonated,0,-9999,C64 H108 O9 N1 P1,64,108,9,1,1,-9999,-9999,-9999,-9999,-9999
1617,1065.933245,1065.933595262,1065.933183967,39136304,-9999,171623.7,60.42,-1,0.385854566,0.324448958,0.485764205,0.388975057,12,0.056338028,1.718309859,N2 O4,de-protonated,0,-9999,C71 H122 O4 N2,71,122,4,2,-9999,-9999,-9999,-9999,-9999,-9999
1617,1065.933245,1065.933595262,1065.932532518,39136304,-9999,171623.7,60.42,-1,0.997008566,0.278321874,0.523600568,0.376433351,3,0.095238095,2,N4 S1 O6,de-protonated,0,-9999,C63 H126 O6 N4 S1,63,126,6,4,-9999,1,-9999,-9999,-9999,-9999
1618,1065.939381,1065.939731264,1065.940578022,13134898,-9999,209076.1,19.02,-1,-0.794376297,0.445905864,0.558800271,0.491063627,11,0.02739726,1.726027397,S1 O2,de-protonated,0,-9999,C73 H126 O2 S1,73,126,2,-9999,-9999,1,-9999,-9999,-9999,-9999
1618,1065.939381,1065.939731264,1065.939926574,13134898,-9999,209076.1,19.02,-1,-0.183227257,0.49696344,0.587191358,0.533054607,2,0.061538462,2,N2 S2 O4,de-protonated,0,-9999,C65 H130 O4 N2 S2,65,130,4,2,-9999,2,-9999,-9999,-9999,-9999
1618,1065.939381,1065.939731264,1065.939057194,13134898,-9999,209076.1,19.02,-1,0.63237257,0.46500477,0.590944388,0.515380617,3,0.140625,1.96875,N2 O9,de-protonated,0,-9999,C64 H126 O9 N2,64,126,9,2,-9999,-9999,-9999,-9999,-9999,-9999
1618,1065.939381,1065.939731264,1065.939546451,13134898,-9999,209076.1,19.02,-1,0.173380631,0.497280174,0.579826515,0.530298711,7,0.014925373,1.895522388,N4 S1 P1 O1,de-protonated,0,-9999,C67 H127 O1 N4 P1 S1,67,127,1,4,1,1,-9999,-9999,-9999,-9999
1619,1067.417824,1067.418174795,1067.417459379,10759271,-9999,259341.9,15.24,-1,0.670230999,0.460862442,0.598596236,0.51595596,29,0.193548387,1.112903226,S1 P1 O12,de-protonated,0,-9999,C62 H69 O12 P1 S1,62,69,12,-9999,1,1,-9999,-9999,-9999,-9999
1619,1067.417824,1067.418174795,1067.417320995,10759271,-9999,259341.9,15.24,-1,0.799875254,0.890394242,0,0.534236545,2,0.609756098,1.975609756,S2 P1 O25,de-protonated,0,-9999,C41 H81 O25 P1 S2,41,81,25,-9999,1,2,-9999,-9999,-9999,-9999
1619,1067.417824,1067.418174795,1067.419176912,10759271,-9999,259341.9,15.24,-1,-0.938822153,0.926086703,0.810676657,0.879922685,29,0.180327869,1.114754098,N2 S2 O11,de-protonated,0,-9999,C61 H68 O11 N2 S2,61,68,11,2,-9999,2,-9999,-9999,-9999,-9999
1619,1067.417824,1067.418174795,1067.418307532,10759271,-9999,259341.9,15.24,-1,-0.124353216,0.940220326,0.806724768,0.886822103,30,0.266666667,1.066666667,N2 O16,de-protonated,0,-9999,C60 H64 O16 N2,60,64,16,2,-9999,-9999,-9999,-9999,-9999,-9999
1619,1067.417824,1067.418174795,1067.41879679,10759271,-9999,259341.9,15.24,-1,-0.582708728,0.957905256,0.818427911,0.902114318,34,0.126984127,1.031746032,N4 S1 P1 O8,de-protonated,0,-9999,C63 H65 O8 N4 P1 S1,63,65,8,4,1,1,-9999,-9999,-9999,-9999
1619,1067.417824,1067.418174795,1067.417656084,10759271,-9999,259341.9,15.24,-1,0.48595016,0.958056367,0,0.57483382,21,0.346153846,1.307692308,N4 S1 O18,de-protonated,0,-9999,C52 H68 O18 N4 S1,52,68,18,4,-9999,1,-9999,-9999,-9999,-9999
1619,1067.417824,1067.418174795,1067.418658405,10759271,-9999,259341.9,15.24,-1,-0.453064799,0.963439527,0,0.578063716,7,0.5,1.833333333,N4 S2 P1 O21,de-protonated,0,-9999,C42 H77 O21 N4 P1 S2,42,77,21,4,1,2,-9999,-9999,-9999,-9999
1620,1067.942329,1067.942679984,1067.943473869,9120888,-9999,295857.3,12.63,-1,-0.74337725,0.452296432,0.587191358,0.506254402,2,0.153846154,1.969230769,O10,de-protonated,0,-9999,C65 H128 O10,65,128,10,-9999,-9999,-9999,-9999,-9999,-9999,-9999
1620,1067.942329,1067.942679984,1067.943068033,9120888,-9999,295857.3,12.63,-1,-0.363361358,0.976327752,0,0.585796651,37,0.555555556,0.444444444,N1 S2 P1 O25,de-protonated,0,-9999,C45 H20 O25 N1 P1 S2,45,20,25,1,1,2,-9999,-9999,-9999,-9999
1620,1067.942329,1067.942679984,1067.942309356,9120888,-9999,295857.3,12.63,-1,0.347048753,0.489191439,0.569119254,0.521162565,11,0.014285714,1.771428571,N4 S1 O1,de-protonated,0,-9999,C70 H124 O1 N4 S1,70,124,1,4,-9999,1,-9999,-9999,-9999,-9999
1621,1068.422195,1068.422546156,1068.421952881,15281286,-9999,269305.6,22.44,-1,0.555281416,0.472794424,0.644495114,0.5414747,15,0.333333333,1.490196078,N1 S2 P1 O17,de-protonated,0,-9999,C51 H76 O17 N1 P1 S2,51,76,17,1,1,2,-9999,-9999,-9999,-9999
1621,1068.422195,1068.422546156,1068.423452483,15281286,-9999,269305.6,22.44,-1,-0.848284445,0.438798396,0.618621811,0.510727762,25,0.333333333,1.175438596,N1 O19,de-protonated,0,-9999,C57 H67 O19 N1,57,67,19,1,-9999,-9999,-9999,-9999,-9999,-9999
1621,1068.422195,1068.422546156,1068.422531747,15281286,-9999,269305.6,22.44,-1,0.01348627,0.999966999,0.810676657,0.924250862,29,0.180327869,1.114754098,13C1 N2 S2 O11,de-protonated,1,1619,C60 H68 O11 N2 S2 13C1,60,68,11,2,-9999,2,1,-9999,-9999,-9999
1621,1068.422195,1068.422546156,1068.421662367,15281286,-9999,269305.6,22.44,-1,0.827191113,0.883242591,0.806724768,0.852635462,30,0.266666667,1.066666667,13C1 N2 O16,de-protonated,1,1619,C59 H64 O16 N2 13C1,59,64,16,2,-9999,-9999,1,-9999,-9999,-9999
1621,1068.422195,1068.422546156,1068.422801035,15281286,-9999,269305.6,22.44,-1,-0.238555669,0.494863551,0.653607294,0.558361048,16,0.428571429,1.448979592,N3 S1 O21,de-protonated,0,-9999,C49 H71 O21 N3 S1,49,71,21,3,-9999,1,-9999,-9999,-9999,-9999
1621,1068.422195,1068.422546156,1068.422151625,15281286,-9999,269305.6,22.44,-1,0.369265607,0.975561755,0.818427911,0.912708217,34,0.126984127,1.031746032,13C1 N4 S1 P1 O8,de-protonated,1,1619,C62 H65 O8 N4 P1 S1 13C1,62,65,8,4,1,1,1,-9999,-9999,-9999
1622,1068.775872,1068.776223283,1068.776563445,26553488,-9999,226214.6,40.39,-1,-0.318271835,0.327262562,0.485764205,0.390663219,19,0.028169014,1.521126761,N1 S1 P1 O2,de-protonated,0,-9999,C71 H108 O2 N1 P1 S1,71,108,2,1,1,1,-9999,-9999,-9999,-9999
1622,1068.775872,1068.776223283,1068.775422739,26553488,-9999,226214.6,40.39,-1,0.749029716,0.451604649,0.606448844,0.513542327,6,0.2,1.85,N1 S1 O12,de-protonated,0,-9999,C60 H111 O12 N1 S1,60,111,12,1,-9999,1,-9999,-9999,-9999,-9999
1622,1068.775872,1068.776223283,1068.775911996,26553488,-9999,226214.6,40.39,-1,0.291255817,0.492362786,0.594745702,0.533315952,10,0.063492063,1.777777778,N3 S2 P1 O4,de-protonated,0,-9999,C63 H112 O4 N3 P1 S2,63,112,4,3,1,2,-9999,-9999,-9999,-9999
1623,1068.779632,1068.779983285,1068.779934748,28650640,-9999,285622.8,43.73,-1,0.045413046,0.33320862,0.499512996,0.39973037,14,0.029411765,1.647058824,N1 S2 P1 O2,de-protonated,0,-9999,C68 H112 O2 N1 P1 S2,68,112,2,1,1,2,-9999,-9999,-9999,-9999
1623,1068.779632,1068.779983285,1068.779065368,28650640,-9999,285622.8,43.73,-1,0.858845811,0.291576823,0.504211037,0.376630508,15,0.104477612,1.611940299,N1 P1 O7,de-protonated,0,-9999,C67 H108 O7 N1 P1,67,108,7,1,1,-9999,-9999,-9999,-9999,-9999
1623,1068.779632,1068.779983285,1068.780782901,28650640,-9999,285622.8,43.73,-1,-0.748157742,0.301141093,0.508967985,0.38427185,15,0.090909091,1.621212121,N3 S1 O6,de-protonated,0,-9999,C66 H107 O6 N3 S1,66,107,6,3,-9999,1,-9999,-9999,-9999,-9999
1623,1068.779632,1068.779983285,1068.780915843,28650640,-9999,285622.8,43.73,-1,-0.87254397400000006,0.435487123,0.627012296,0.512097192,2,0.254545455,2.036363636,N3 P1 O14,de-protonated,0,-9999,C55 H112 O14 N3 P1,55,112,14,3,1,-9999,-9999,-9999,-9999,-9999
1624,1068.784302,1068.784653286,1068.784805653,29174928,-9999,193522.7,44.56,-1,-0.142560915,0.332106366,0.485764205,0.393569502,19,0.056338028,1.507042254,N1 S1 O4,de-protonated,0,-9999,C71 H107 O4 N1 S1,71,107,4,1,-9999,1,-9999,-9999,-9999,-9999
1624,1068.784302,1068.784653286,1068.784938595,29174928,-9999,193522.7,44.56,-1,-0.266946753,0.493576549,0.606448844,0.538725467,6,0.2,1.866666667,N1 P1 O12,de-protonated,0,-9999,C60 H112 O12 N1 P1,60,112,12,1,1,-9999,-9999,-9999,-9999,-9999
1624,1068.784302,1068.784653286,1068.784425531,29174928,-9999,193522.7,44.56,-1,0.213097773,0.33059805,0.476878192,0.389110106,24,0.01369863,1.424657534,N3 P1 O1,de-protonated,0,-9999,C73 H104 O1 N3 P1,73,104,1,3,1,-9999,-9999,-9999,-9999,-9999
1624,1068.784302,1068.784653286,1068.784154205,29174928,-9999,193522.7,44.56,-1,0.466962144,0.320402316,0.523600568,0.401681617,10,0.095238095,1.761904762,N3 S2 O6,de-protonated,0,-9999,C63 H111 O6 N3 S2,63,111,6,3,-9999,2,-9999,-9999,-9999,-9999
1625,1068.89159,1068.891941325,1068.8915932,27077780,-9999,236969.3,41.22,-1,0.325688107,0.326979092,0.504211037,0.39787187,7,0.059701493,1.850746269,N1 S1 P1 O4,de-protonated,0,-9999,C67 H124 O4 N1 P1 S1,67,124,4,1,1,1,-9999,-9999,-9999,-9999
1625,1068.89159,1068.891941325,1068.892441353,27077780,-9999,236969.3,41.22,-1,-0.467800006,0.320356786,0.513784664,0.397727938,8,0.123076923,1.830769231,N3 O8,de-protonated,0,-9999,C65 H119 O8 N3,65,119,8,3,-9999,-9999,-9999,-9999,-9999,-9999
1626,1068.897489,1068.897840327,1068.897333485,30485652,-9999,210500.8,46.65,-1,0.474173097,0.320008016,0.485764205,0.386310491,11,0.014084507,1.732394366,N1 S2 O1,de-protonated,0,-9999,C71 H123 O1 N1 S2,71,123,1,1,-9999,2,-9999,-9999,-9999,-9999
1627,1069.007822,1069.008173367,1069.008991936,12332182,-9999,139798.8,17.74,-1,-0.765727421,0.449536814,0.569119254,0.49736979,4,0.042857143,1.928571429,N1 S1 O3,de-protonated,0,-9999,C70 H135 O3 N1 S1,70,135,3,1,-9999,1,-9999,-9999,-9999,-9999
1627,1069.007822,1069.008173367,1069.007716721,12332182,-9999,139798.8,17.74,-1,0.427168116,0.483716352,0.653607294,0.551672729,40,0.469387755,0.469387755,N2 S1 P1 O23,de-protonated,0,-9999,C49 H23 O23 N2 P1 S1,49,23,23,2,1,1,-9999,-9999,-9999,-9999
1629,1069.485918,1069.486269539,1069.487120076,9022627,-9999,230040.9,12.47,-1,-0.795276035,0.445790157,0.555443265,0.4896514,40,0.067567568,0.945945946,S1 O5,de-protonated,0,-9999,C74 H70 O5 S1,74,70,5,-9999,-9999,1,-9999,-9999,-9999,-9999
1629,1069.485918,1069.486269539,1069.487253018,9022627,-9999,230040.9,12.47,-1,-0.91958011,0.857753932,0,0.514652359,27,0.206349206,1.19047619,P1 O13,de-protonated,0,-9999,C63 H75 O13 P1,63,75,13,-9999,1,-9999,-9999,-9999,-9999,-9999
1629,1069.485918,1069.486269539,1069.486981692,9022627,-9999,230040.9,12.47,-1,-0.665882856,0.92269703,0,0.553618218,13,0.339622642,1.547169811,S2 O18,de-protonated,0,-9999,C53 H82 O18 S2,53,82,18,-9999,-9999,2,-9999,-9999,-9999,-9999
1629,1069.485918,1069.486269539,1069.486112312,9022627,-9999,230040.9,12.47,-1,0.147011562,0.996086138,0,0.597651683,14,0.442307692,1.5,O23,de-protonated,0,-9999,C52 H78 O23,52,78,23,-9999,-9999,-9999,-9999,-9999,-9999,-9999
1629,1069.485918,1069.486269539,1069.486468627,9022627,-9999,230040.9,12.47,-1,-0.186153637,0.496865977,0.583485697,0.531513865,31,0.106060606,1.121212121,N2 S2 O7,de-protonated,0,-9999,C66 H74 O7 N2 S2,66,74,7,2,-9999,2,-9999,-9999,-9999,-9999
1629,1069.485918,1069.486269539,1069.485599247,9022627,-9999,230040.9,12.47,-1,0.626741561,0.465603377,0.587191358,0.51423857,32,0.184615385,1.076923077,N2 O12,de-protonated,0,-9999,C65 H70 O12 N2,65,70,12,2,-9999,-9999,-9999,-9999,-9999,-9999
1629,1069.485918,1069.486269539,1069.486601569,9022627,-9999,230040.9,12.47,-1,-0.310457864,0.982663275,0,0.589597965,18,0.272727273,1.436363636,N2 S1 P1 O15,de-protonated,0,-9999,C55 H79 O15 N2 P1 S1,55,79,15,2,1,1,-9999,-9999,-9999,-9999
1629,1069.485918,1069.486269539,1069.485460863,9022627,-9999,230040.9,12.47,-1,0.756135107,0.90145827,0,0.540874962,5,0.568181818,1.863636364,N2 S1 O25,de-protonated,0,-9999,C44 H82 O25 N2 S1,44,82,25,2,-9999,1,-9999,-9999,-9999,-9999
1629,1069.485918,1069.486269539,1069.486088505,9022627,-9999,230040.9,12.47,-1,0.169271696,0.49740723,0.576212942,0.528929515,36,0.058823529,1.044117647,N4 S1 P1 O4,de-protonated,0,-9999,C68 H71 O4 N4 P1 S1,68,71,4,4,1,1,-9999,-9999,-9999,-9999
1629,1069.485918,1069.486269539,1069.48595012,9022627,-9999,230040.9,12.47,-1,0.298665124,0.983944901,0,0.590366941,9,0.361702128,1.765957447,N4 S2 P1 O17,de-protonated,0,-9999,C47 H83 O17 N4 P1 S2,47,83,17,4,1,2,-9999,-9999,-9999,-9999
1630,1070.497192,1070.497543902,1070.497758131,9104570,-9999,242556.2,12.6,-1,-0.200121243,0.496379795,0.583485697,0.531222156,31,0.151515152,1.121212121,N1 P1 O10,de-protonated,0,-9999,C66 H74 O10 N1 P1,66,74,10,1,1,-9999,-9999,-9999,-9999,-9999
1630,1070.497192,1070.497543902,1070.497486805,9104570,-9999,242556.2,12.6,-1,0.053336713,0.999483947,0,0.599690368,17,0.267857143,1.446428571,N1 S2 O15,de-protonated,0,-9999,C56 H81 O15 N1 S2,56,81,15,1,-9999,2,-9999,-9999,-9999,-9999
1630,1070.497192,1070.497543902,1070.496617425,9104570,-9999,242556.2,12.6,-1,0.865464377,0.872920971,0,0.523752583,18,0.363636364,1.4,N1 O20,de-protonated,0,-9999,C55 H77 O20 N1,55,77,20,1,-9999,-9999,-9999,-9999,-9999,-9999
1630,1070.497192,1070.497543902,1070.497619747,9104570,-9999,242556.2,12.6,-1,-0.070850145,0.999089589,0,0.599453753,4,0.511111111,1.911111111,N1 S1 P1 O23,de-protonated,0,-9999,C45 H86 O23 N1 P1 S1,45,86,23,1,1,1,-9999,-9999,-9999,-9999
1630,1070.497192,1070.497543902,1070.496973741,9104570,-9999,242556.2,12.6,-1,0.532613433,0.474914728,0.572644131,0.514006489,35,0.057971014,1.057971014,N3 S2 O4,de-protonated,0,-9999,C69 H73 O4 N3 S2,69,73,4,3,-9999,2,-9999,-9999,-9999,-9999
1630,1070.497192,1070.497543902,1070.497106683,9104570,-9999,242556.2,12.6,-1,0.408426455,0.970185636,0,0.582111381,22,0.206896552,1.344827586,N3 S1 P1 O12,de-protonated,0,-9999,C58 H78 O12 N3 P1 S1,58,78,12,3,1,1,-9999,-9999,-9999,-9999
1631,1071.083972,1071.084324113,1071.084904415,11545798,-9999,269283.1,16.49,-1,-0.54178888,0.474065986,0.640033642,0.540453049,37,0.423076923,0.634615385,S1 P1 O22,de-protonated,0,-9999,C52 H33 O22 P1 S1,52,33,22,-9999,1,1,-9999,-9999,-9999,-9999
1631,1071.083972,1071.084324113,1071.084252966,11545798,-9999,269283.1,16.49,-1,0.066425017,0.999199717,0,0.59951983,28,0.545454545,0.840909091,N2 S2 P1 O24,de-protonated,0,-9999,C44 H37 O24 N2 P1 S2,44,37,24,2,1,2,-9999,-9999,-9999,-9999
1632,1071.089494,1071.089846115,1071.090018964,16297158,-9999,256378.3,24.05,-1,-0.161377086,0.497642879,0.569119254,0.526233429,2,0.042857143,2.014285714,N3 O3,de-protonated,0,-9999,C70 H141 O3 N3,70,141,3,3,-9999,-9999,-9999,-9999,-9999,-9999
1632,1071.089494,1071.089846115,1071.089613128,16297158,-9999,256378.3,24.05,-1,0.217522653,0.495725652,0.649019222,0.55704308,37,0.36,0.66,N4 S2 P1 O18,de-protonated,0,-9999,C50 H33 O18 N4 P1 S2,50,33,18,4,1,2,-9999,-9999,-9999,-9999
1633,1071.869162,1071.869514395,1071.870129479,12201172,-9999,290023.1,17.53,-1,-0.573842075,0.470999957,0.569119254,0.510247676,11,0.042857143,1.728571429,S1 P1 O3,de-protonated,0,-9999,C70 H121 O3 P1 S1,70,121,3,-9999,1,1,-9999,-9999,-9999,-9999
1633,1071.869162,1071.869514395,1071.868475709,12201172,-9999,290023.1,17.53,-1,0.969042494,0.421668692,0.562198102,0.477880456,16,0.027777778,1.611111111,N2 S1 O2,de-protonated,0,-9999,C72 H116 O2 N2 S1,72,116,2,2,-9999,1,-9999,-9999,-9999,-9999
1633,1071.869162,1071.869514395,1071.86947803,12201172,-9999,290023.1,17.53,-1,0.03392624,0.499895588,0.598596236,0.539375847,2,0.080645161,2.016129032,N2 S2 P1 O5,de-protonated,0,-9999,C62 H125 O5 N2 P1 S2,62,125,5,2,1,2,-9999,-9999,-9999,-9999
1633,1071.869162,1071.869514395,1071.86860865,12201172,-9999,290023.1,17.53,-1,0.845014364,0.439239488,0.602496955,0.504542475,3,0.163934426,1.983606557,N2 P1 O10,de-protonated,0,-9999,C61 H121 O10 N2 P1,61,121,10,2,1,-9999,-9999,-9999,-9999,-9999
1633,1071.869162,1071.869514395,1071.870326184,12201172,-9999,290023.1,17.53,-1,-0.757357163,0.450577895,0.606448844,0.512926275,3,0.15,2,N4 S1 O9,de-protonated,0,-9999,C60 H120 O9 N4 S1,60,120,9,4,-9999,1,-9999,-9999,-9999,-9999
1634,1072.091144,1072.091496475,1072.090944459,10677463,-9999,248394.2,15.11,-1,0.514896645,0.47651666,0.562198102,0.510789237,1,0.027777778,2.013888889,P1 O2,de-protonated,0,-9999,C72 H145 O2 P1,72,145,2,-9999,1,-9999,-9999,-9999,-9999,-9999
1634,1072.091144,1072.091496475,1072.091766899,10677463,-9999,248394.2,15.11,-1,-0.25223962,0.988521743,0,0.593113046,32,0.5,0.729166667,N1 S2 O24,de-protonated,0,-9999,C48 H35 O24 N1 S2,48,35,24,1,-9999,2,-9999,-9999,-9999,-9999
1634,1072.091144,1072.091496475,1072.091386776,10677463,-9999,248394.2,15.11,-1,0.102321968,0.998102075,0,0.598861245,37,0.42,0.64,N3 S1 P1 O21,de-protonated,0,-9999,C50 H32 O21 N3 P1 S1,50,32,21,3,1,1,-9999,-9999,-9999,-9999
1636,1073.108087,1073.10843984,1073.108796688,9841894,-9999,268218.7,13.78,-1,-0.332536244,0.980135296,0,0.588081177,36,0.461538462,0.653846154,S1 O24,de-protonated,0,-9999,C52 H34 O24 S1,52,34,24,-9999,-9999,1,-9999,-9999,-9999,-9999
1636,1073.108087,1073.10843984,1073.109285945,9841894,-9999,268218.7,13.78,-1,-0.788461091,0.893328087,0,0.535996852,40,0.290909091,0.636363636,N2 S2 P1 O16,de-protonated,0,-9999,C55 H35 O16 N2 P1 S2,55,35,16,2,1,2,-9999,-9999,-9999,-9999
1636,1073.108087,1073.10843984,1073.107765116,9841894,-9999,268218.7,13.78,-1,0.628756639,0.930779381,0,0.558467628,32,0.5,0.760869565,N4 S1 P1 O23,de-protonated,0,-9999,C46 H35 O23 N4 P1 S1,46,35,23,4,1,1,-9999,-9999,-9999,-9999
1637,1075.089813,1075.090166552,1075.091052423,15805689,-9999,222756,23.27,-1,-0.823996661,0.442044163,0.649019222,0.524834187,36,0.44,0.66,N2 S1 P1 O22,de-protonated,0,-9999,C50 H33 O22 N2 P1 S1,50,33,22,2,1,1,-9999,-9999,-9999,-9999
1637,1075.089813,1075.090166552,1075.090400975,15805689,-9999,222756,23.27,-1,-0.218049345,0.495705017,0.68763467,0.572476879,27,0.571428571,0.880952381,N4 S2 P1 O24,de-protonated,0,-9999,C42 H37 O24 N4 P1 S2,42,37,24,4,1,2,-9999,-9999,-9999,-9999
1638,1075.095902,1075.096255554,1075.096792709,11939065,-9999,340597.7,17.11,-1,-0.499633423,0.477857427,0.631293472,0.539231845,40,0.351851852,0.592592593,N2 S2 O19,de-protonated,0,-9999,C54 H32 O19 N2 S2,54,32,19,2,-9999,2,-9999,-9999,-9999,-9999
1639,1075.201669,1075.202022592,1075.202710875,14118138,-9999,224265.9,20.58,-1,-0.640142311,0.464171298,0.653607294,0.539945696,29,0.489795918,0.918367347,N2 P1 O24,de-protonated,0,-9999,C49 H45 O24 N2 P1,49,45,24,2,1,-9999,-9999,-9999,-9999,-9999
1639,1075.201669,1075.202022592,1075.201926485,14118138,-9999,224265.9,20.58,-1,0.089385687,0.499275656,0.640033642,0.55557885,33,0.346153846,0.846153846,N4 S2 O18,de-protonated,0,-9999,C52 H44 O18 N4 S2,52,44,18,4,-9999,2,-9999,-9999,-9999,-9999
1639,1075.201669,1075.202022592,1075.201057105,14118138,-9999,224265.9,20.58,-1,0.897959992,0.431945831,0.644495114,0.516965544,34,0.450980392,0.784313725,N4 O23,de-protonated,0,-9999,C51 H40 O23 N4,51,40,23,4,-9999,-9999,-9999,-9999,-9999,-9999
1640,1075.211502,1075.211855596,1075.212473912,11562234,-9999,197333.4,16.51,-1,-0.57506425,0.470879969,0.614510218,0.528332069,37,0.327586207,0.75862069,S1 O19,de-protonated,0,-9999,C58 H44 O19 S1,58,44,19,-9999,-9999,1,-9999,-9999,-9999,-9999
1640,1075.211502,1075.211855596,1075.211822463,11562234,-9999,197333.4,16.51,-1,0.030814789,0.49991386,0.649019222,0.559556005,28,0.42,0.96,N2 S2 O21,de-protonated,0,-9999,C50 H48 O21 N2 S2,50,48,21,2,-9999,2,-9999,-9999,-9999,-9999
1640,1075.211502,1075.211855596,1075.211442341,11562234,-9999,197333.4,16.51,-1,0.384347608,0.486775942,0.640033642,0.548079022,33,0.346153846,0.865384615,N4 S1 P1 O18,de-protonated,0,-9999,C52 H45 O18 N4 P1 S1,52,45,18,4,1,1,-9999,-9999,-9999,-9999
1641,1076.770871,1076.771225156,1076.772132969,18590976,-9999,250648.9,27.71,-1,-0.843087409,0.439498819,0.558800271,0.4872194,21,0.01369863,1.465753425,N1 S2 O1,de-protonated,0,-9999,C73 H107 O1 N1 S2,73,107,1,1,-9999,2,-9999,-9999,-9999,-9999
1641,1076.770871,1076.771225156,1076.771263589,18590976,-9999,250648.9,27.71,-1,-0.035692964,0.499884432,0.562198102,0.5248099,22,0.083333333,1.430555556,N1 O6,de-protonated,0,-9999,C72 H103 O6 N1,72,103,6,1,-9999,-9999,-9999,-9999,-9999,-9999
1641,1076.770871,1076.771225156,1076.772265911,18590976,-9999,250648.9,27.71,-1,-0.966550487,0.422037906,0.598596236,0.492661238,8,0.14516129,1.806451613,N1 S1 P1 O9,de-protonated,0,-9999,C62 H112 O9 N1 P1 S1,62,112,9,1,1,1,-9999,-9999,-9999,-9999
1641,1076.770871,1076.771225156,1076.770612141,18590976,-9999,250648.9,27.71,-1,0.569309298,0.471443001,0.590944388,0.519243556,13,0.125,1.671875,N3 S1 O8,de-protonated,0,-9999,C64 H107 O8 N3 S1,64,107,8,3,-9999,1,-9999,-9999,-9999,-9999
1641,1076.770871,1076.771225156,1076.770745082,18590976,-9999,250648.9,27.71,-1,0.445845872,0.482287299,0.635633513,0.543625785,0,0.301886792,2.113207547,N3 P1 O16,de-protonated,0,-9999,C53 H112 O16 N3 P1,53,112,16,3,1,-9999,-9999,-9999,-9999,-9999
1642,1077.244811,1077.245165326,1077.244382439,31206658,-9999,255595.1,47.8,-1,0.726749643,0.454307029,0.640033642,0.528597674,26,0.365384615,1.057692308,S2 P1 O19,de-protonated,0,-9999,C52 H55 O19 P1 S2,52,55,19,-9999,1,2,-9999,-9999,-9999,-9999
1642,1077.244811,1077.245165326,1077.245882041,31206658,-9999,255595.1,47.8,-1,-0.665321531,0.461411071,0.614510218,0.52265073,36,0.362068966,0.793103448,O21,de-protonated,0,-9999,C58 H46 O21,58,46,21,-9999,-9999,-9999,-9999,-9999,-9999,-9999
1642,1077.244811,1077.245165326,1077.245230593,31206658,-9999,255595.1,47.8,-1,-0.060586205,0.49966709,0.649019222,0.559407943,27,0.46,1,N2 S1 O23,de-protonated,0,-9999,C50 H50 O23 N2 S1,50,50,23,2,-9999,1,-9999,-9999,-9999,-9999
1642,1077.244811,1077.245165326,1077.24571985,31206658,-9999,255595.1,47.8,-1,-0.514760504,0.47652878,0.635633513,0.540170673,31,0.283018868,0.962264151,N4 S2 P1 O15,de-protonated,0,-9999,C53 H51 O15 N4 P1 S2,53,51,15,4,1,2,-9999,-9999,-9999,-9999
1642,1077.244811,1077.245165326,1077.24485047,31206658,-9999,255595.1,47.8,-1,0.292279253,0.492309435,0.640033642,0.551399118,32,0.384615385,0.903846154,N4 P1 O20,de-protonated,0,-9999,C52 H47 O20 N4 P1,52,47,20,4,1,-9999,-9999,-9999,-9999,-9999
1642,1077.244811,1077.245165326,1077.244579144,31206658,-9999,255595.1,47.8,-1,0.544149854,0.473845497,0.68763467,0.559361166,18,0.595238095,1.285714286,N4 S2 O25,de-protonated,0,-9999,C42 H54 O25 N4 S2,42,54,25,4,-9999,2,-9999,-9999,-9999,-9999
1643,1077.253978,1077.25433233,1077.253765354,37858564,-9999,189399.2,58.39,-1,0.526315862,0.316993156,0.523600568,0.39963612,39,0.174603175,0.80952381,S2 P1 O11,de-protonated,0,-9999,C63 H51 O11 P1 S2,63,51,11,-9999,1,2,-9999,-9999,-9999,-9999
1643,1077.253978,1077.25433233,1077.254613507,37858564,-9999,189399.2,58.39,-1,-0.26101297,0.329238132,0.533665548,0.411009098,40,0.245901639,0.754098361,N2 S1 O15,de-protonated,0,-9999,C61 H46 O15 N2 S1,61,46,15,2,-9999,1,-9999,-9999,-9999,-9999
1643,1077.253978,1077.25433233,1077.254746449,37858564,-9999,189399.2,58.39,-1,-0.384420823,0.486770971,0.649019222,0.551670271,27,0.46,1.02,N2 P1 O23,de-protonated,0,-9999,C50 H51 O23 N2 P1,50,51,23,2,1,-9999,-9999,-9999,-9999,-9999
1643,1077.253978,1077.25433233,1077.253962058,37858564,-9999,189399.2,58.39,-1,0.3437177,0.489395724,0.635633513,0.54789084,31,0.320754717,0.943396226,N4 S2 O17,de-protonated,0,-9999,C53 H50 O17 N4 S2,53,50,17,4,-9999,2,-9999,-9999,-9999,-9999
1643,1077.253978,1077.25433233,1077.254095,37858564,-9999,189399.2,58.39,-1,0.220309697,0.495615904,0.68763467,0.57242341,18,0.595238095,1.30952381,N4 S1 P1 O25,de-protonated,0,-9999,C42 H55 O25 N4 P1 S1,42,55,25,4,1,1,-9999,-9999,-9999,-9999
1644,1077.303049,1077.303403347,1077.304266299,15641858,-9999,257554.1,23.01,-1,-0.801028328,0.445048028,0.618621811,0.514477541,29,0.298245614,1.01754386,S2 O17,de-protonated,0,-9999,C57 H58 O17 S2,57,58,17,-9999,-9999,2,-9999,-9999,-9999,-9999
1644,1077.303049,1077.303403347,1077.303396919,15641858,-9999,257554.1,23.01,-1,0.00596734,0.499996769,0.622788794,0.549113579,30,0.392857143,0.964285714,O22,de-protonated,0,-9999,C56 H54 O22,56,54,22,-9999,-9999,-9999,-9999,-9999,-9999,-9999
1644,1077.303049,1077.303403347,1077.30439924,15641858,-9999,257554.1,23.01,-1,-0.924430426,0.428181513,0.667769153,0.524016569,16,0.543478261,1.369565217,S1 P1 O25,de-protonated,0,-9999,C46 H63 O25 P1 S1,46,63,25,-9999,1,1,-9999,-9999,-9999,-9999
1644,1077.303049,1077.303403347,1077.303886176,15641858,-9999,257554.1,23.01,-1,-0.448182468,0.482104526,0.610452919,0.533443883,34,0.237288136,0.93220339,N2 S1 P1 O14,de-protonated,0,-9999,C59 H55 O14 N2 P1 S1,59,55,14,2,1,1,-9999,-9999,-9999,-9999
1644,1077.303049,1077.303403347,1077.30274547,15641858,-9999,257554.1,23.01,-1,0.610670787,0.467286458,0.658260696,0.543676153,21,0.5,1.208333333,N2 S1 O24,de-protonated,0,-9999,C48 H58 O24 N2 S1,48,58,24,2,-9999,1,-9999,-9999,-9999,-9999
1644,1077.303049,1077.303403347,1077.303234727,15641858,-9999,257554.1,23.01,-1,0.15652043,0.497782309,0.644495114,0.556467431,25,0.31372549,1.156862745,N4 S2 P1 O16,de-protonated,0,-9999,C51 H59 O16 N4 P1 S2,51,59,16,4,1,2,-9999,-9999,-9999,-9999
1644,1077.303049,1077.303403347,1077.302365347,15641858,-9999,257554.1,23.01,-1,0.963517643,0.422486402,0.649019222,0.51309953,26,0.42,1.1,N4 P1 O21,de-protonated,0,-9999,C50 H55 O21 N4 P1,50,55,21,4,1,-9999,-9999,-9999,-9999,-9999
1645,1077.312743,1077.313097351,1077.313782155,10562818,-9999,254760.4,14.92,-1,-0.635658814,0.464653309,0.618621811,0.52624071,29,0.298245614,1.035087719,S1 P1 O17,de-protonated,0,-9999,C57 H59 O17 P1 S1,57,59,17,-9999,1,1,-9999,-9999,-9999,-9999
1645,1077.312743,1077.313097351,1077.312128384,10562818,-9999,254760.4,14.92,-1,0.899429472,0.431738872,0.610452919,0.503224491,34,0.271186441,0.915254237,N2 S1 O16,de-protonated,0,-9999,C59 H54 O16 N2 S1,59,54,16,2,-9999,1,-9999,-9999,-9999,-9999
1645,1077.312743,1077.313097351,1077.313130706,10562818,-9999,254760.4,14.92,-1,-0.030961585,0.999826075,0,0.599895645,20,0.387755102,1.285714286,N2 S2 P1 O19,de-protonated,0,-9999,C49 H63 O19 N2 P1 S2,49,63,19,2,1,2,-9999,-9999,-9999,-9999
1645,1077.312743,1077.313097351,1077.312261326,10562818,-9999,254760.4,14.92,-1,0.776028064,0.896486587,0,0.537891952,21,0.5,1.229166667,N2 P1 O24,de-protonated,0,-9999,C48 H59 O24 N2 P1,48,59,24,2,1,-9999,-9999,-9999,-9999,-9999
1645,1077.312743,1077.313097351,1077.312617642,10562818,-9999,254760.4,14.92,-1,0.445282939,0.482331201,0.598596236,0.528837215,38,0.129032258,0.887096774,N4 S2 P1 O8,de-protonated,0,-9999,C62 H55 O8 N4 P1 S2,62,55,8,4,1,2,-9999,-9999,-9999,-9999
1645,1077.312743,1077.313097351,1077.313978859,10562818,-9999,254760.4,14.92,-1,-0.818246592,0.885604441,0,0.531362665,21,0.489361702,1.234042553,N4 S1 O23,de-protonated,0,-9999,C47 H58 O23 N4 S1,47,58,23,4,-9999,1,-9999,-9999,-9999,-9999
1646,1078.098908,1078.099262633,1078.098960279,12102915,-9999,270007.3,17.38,-1,0.280450952,0.492914959,0.649019222,0.55535666400000006,35,0.5,0.66,N1 S1 O25,de-protonated,0,-9999,C50 H33 O25 N1 S1,50,33,25,1,-9999,1,-9999,-9999,-9999,-9999
1646,1078.098908,1078.099262633,1078.099855372,12102915,-9999,270007.3,17.38,-1,-0.549799823,0.473314379,0.558800271,0.507508736,4,0.02739726,1.945205479,N2 O2,de-protonated,0,-9999,C73 H142 O2 N2,73,142,2,2,-9999,-9999,-9999,-9999,-9999,-9999
1646,1078.098908,1078.099262633,1078.099449537,12102915,-9999,270007.3,17.38,-1,-0.173363849,0.497280699,0.635633513,0.552621825,39,0.320754717,0.641509434,N3 S2 P1 O17,de-protonated,0,-9999,C53 H34 O17 N3 P1 S2,53,34,17,3,1,2,-9999,-9999,-9999,-9999
1646,1078.098908,1078.099262633,1078.098580157,12102915,-9999,270007.3,17.38,-1,0.633037101,0.464933825,0.640033642,0.534973751,40,0.423076923,0.576923077,N3 P1 O22,de-protonated,0,-9999,C52 H30 O22 N3 P1,52,30,22,3,1,-9999,-9999,-9999,-9999,-9999
1647,1078.107141,1078.107495636,1078.108476136,11119875,-9999,232446.7,15.81,-1,-0.909462668,0.860638896,0,0.516383338,35,0.5,0.68,N1 P1 O25,de-protonated,0,-9999,C50 H34 O25 N1 P1,50,34,25,1,1,-9999,-9999,-9999,-9999,-9999
1647,1078.107141,1078.107495636,1078.107691745,11119875,-9999,232446.7,15.81,-1,-0.181901125,0.497007105,0.635633513,0.552457668,39,0.358490566,0.622641509,N3 S2 O19,de-protonated,0,-9999,C53 H33 O19 N3 S2,53,33,19,3,-9999,2,-9999,-9999,-9999,-9999
1647,1078.107141,1078.107495636,1078.106822365,11119875,-9999,232446.7,15.81,-1,0.624493653,0.46584106,0.640033642,0.535518093,40,0.461538462,0.557692308,N3 O24,de-protonated,0,-9999,C52 H29 O24 N3,52,29,24,3,-9999,-9999,-9999,-9999,-9999,-9999
1648,1078.878709,1078.879063913,1078.878312117,18558210,-9999,218030,27.66,-1,0.69683153,0.457831541,0.552126353,0.495549466,18,0.013333333,1.56,N1 S1 O1,de-protonated,0,-9999,C75 H117 O1 N1 S1,75,117,1,1,-9999,1,-9999,-9999,-9999,-9999
1648,1078.878709,1078.879063913,1078.879314439,18558210,-9999,218030,27.66,-1,-0.232208711,0.495131916,0.587191358,0.531955693,4,0.061538462,1.938461538,N1 S2 P1 O4,de-protonated,0,-9999,C65 H126 O4 N1 P1 S2,65,126,4,1,1,2,-9999,-9999,-9999,-9999
1648,1078.878709,1078.879063913,1078.878445059,18558210,-9999,218030,27.66,-1,0.573609287,0.471022786,0.590944388,0.518991427,5,0.140625,1.90625,N1 P1 O9,de-protonated,0,-9999,C64 H122 O9 N1 P1,64,122,9,1,1,-9999,-9999,-9999,-9999,-9999
1649,1079.187198,1079.187553024,1079.187261485,10448129,-9999,257112.2,14.74,-1,0.270146922,0.986845281,0,0.592107168,27,0.42,0.98,S2 P1 O21,de-protonated,0,-9999,C50 H49 O21 P1 S2,50,49,21,-9999,1,2,-9999,-9999,-9999,-9999
1649,1079.187198,1079.187553024,1079.188109638,10448129,-9999,257112.2,14.74,-1,-0.515771114,0.952877475,0,0.571726485,28,0.520833333,0.916666667,N2 S1 O25,de-protonated,0,-9999,C48 H44 O25 N2 S1,48,44,25,2,-9999,1,-9999,-9999,-9999,-9999
1649,1079.187198,1079.187553024,1079.188598896,10448129,-9999,257112.2,14.74,-1,-0.969127551,0.843312158,0,0.505987295,32,0.333333333,0.882352941,N4 S2 P1 O17,de-protonated,0,-9999,C51 H45 O17 N4 P1 S2,51,45,17,4,1,2,-9999,-9999,-9999,-9999
1649,1079.187198,1079.187553024,1079.187729516,10448129,-9999,257112.2,14.74,-1,-0.163541086,0.995158787,0,0.597095272,33,0.44,0.82,N4 P1 O22,de-protonated,0,-9999,C50 H41 O22 N4 P1,50,41,22,4,1,-9999,-9999,-9999,-9999,-9999
1650,1079.2981,1079.298455064,1079.298786995,14044417,-9999,177917.2,20.47,-1,-0.307543018,0.491492259,0.606448844,0.537474893,33,0.25,0.933333333,S2 O15,de-protonated,0,-9999,C60 H56 O15 S2,60,56,15,-9999,-9999,2,-9999,-9999,-9999,-9999
1650,1079.2981,1079.298455064,1079.297917615,14044417,-9999,177917.2,20.47,-1,0.497961735,0.478002046,0.610452919,0.530982395,34,0.338983051,0.881355932,O20,de-protonated,0,-9999,C59 H52 O20,59,52,20,-9999,-9999,-9999,-9999,-9999,-9999,-9999
1650,1079.2981,1079.298455064,1079.298919937,14044417,-9999,177917.2,20.47,-1,-0.430717133,0.483449198,0.653607294,0.551512436,20,0.469387755,1.244897959,S1 P1 O23,de-protonated,0,-9999,C49 H61 O23 P1 S1,49,61,23,-9999,1,1,-9999,-9999,-9999,-9999
1650,1079.2981,1079.298455064,1079.298406872,14044417,-9999,177917.2,20.47,-1,0.044650964,0.499819155,0.598596236,0.539329987,38,0.193548387,0.85483871,N2 S1 P1 O12,de-protonated,0,-9999,C62 H53 O12 N2 P1 S1,62,53,12,2,1,1,-9999,-9999,-9999,-9999
1650,1079.2981,1079.298455064,1079.298268488,14044417,-9999,177917.2,20.47,-1,0.17286801,0.49729619,0.692787115,0.57549256,11,0.609756098,1.585365854,N2 S2 P1 O25,de-protonated,0,-9999,C41 H65 O25 N2 P1 S2,41,65,25,2,1,2,-9999,-9999,-9999,-9999
1650,1079.2981,1079.298455064,1079.297755424,14044417,-9999,177917.2,20.47,-1,0.64823668,0.463293796,0.631293472,0.530493667,29,0.259259259,1.055555556,N4 S2 P1 O14,de-protonated,0,-9999,C54 H57 O14 N4 P1 S2,54,57,14,4,1,2,-9999,-9999,-9999,-9999
1650,1079.2981,1079.298455064,1079.299255026,14044417,-9999,177917.2,20.47,-1,-0.741185962,0.452563489,0.606448844,0.514117631,39,0.266666667,0.8,N4 O16,de-protonated,0,-9999,C60 H48 O16 N4,60,48,16,4,-9999,-9999,-9999,-9999,-9999,-9999
1651,1079.305115,1079.305470067,1079.305800928,11185409,-9999,214533.8,15.91,-1,-0.3065499,0.491546651,0.590944388,0.531305746,37,0.15625,0.890625,S2 P1 O10,de-protonated,0,-9999,C64 H57 O10 P1 S2,64,57,10,-9999,1,2,-9999,-9999,-9999,-9999
1651,1079.305115,1079.305470067,1079.304931548,11185409,-9999,214533.8,15.91,-1,0.498949619,0.477916637,0.594745702,0.524648263,38,0.238095238,0.841269841,P1 O15,de-protonated,0,-9999,C63 H53 O15 P1,63,53,15,-9999,1,-9999,-9999,-9999,-9999,-9999
1651,1079.305115,1079.305470067,1079.304660222,11185409,-9999,214533.8,15.91,-1,0.750339523,0.451443751,0.635633513,0.525119656,24,0.377358491,1.132075472,S2 O20,de-protonated,0,-9999,C53 H60 O20 S2,53,60,20,-9999,-9999,2,-9999,-9999,-9999,-9999
1651,1079.305115,1079.305470067,1079.305997632,11185409,-9999,214533.8,15.91,-1,-0.488800745,0.47878673,0.631293472,0.539789427,29,0.296296296,1.037037037,N4 S2 O16,de-protonated,0,-9999,C54 H56 O16 N4 S2,54,56,16,4,-9999,2,-9999,-9999,-9999,-9999
1651,1079.305115,1079.305470067,1079.305128252,11185409,-9999,214533.8,15.91,-1,0.316698481,0.490982837,0.635633513,0.548843107,30,0.396226415,0.981132075,N4 O21,de-protonated,0,-9999,C53 H52 O21 N4,53,52,21,4,-9999,-9999,-9999,-9999,-9999,-9999
1651,1079.305115,1079.305470067,1079.306130574,11185409,-9999,214533.8,15.91,-1,-0.611974015,0.934302754,0,0.560581652,16,0.558139535,1.418604651,N4 S1 P1 O24,de-protonated,0,-9999,C43 H61 O24 N4 P1 S1,43,61,24,4,1,1,-9999,-9999,-9999,-9999
1652,1080.99373,1080.994085673,1080.993735795,8891642,-9999,202619,12.26,-1,0.323663642,0.490585644,0.579826515,0.526281992,1,0.089552239,2.014925373,N1 S1 O6,de-protonated,0,-9999,C67 H135 O6 N1 S1,67,135,6,1,-9999,1,-9999,-9999,-9999,-9999
1652,1080.99373,1080.994085673,1080.993355672,8891642,-9999,202619,12.26,-1,0.675305621,0.460291811,0.572644131,0.505232739,6,0.043478261,1.913043478,N3 P1 O3,de-protonated,0,-9999,C69 H132 O3 N3 P1,69,132,3,3,1,-9999,-9999,-9999,-9999,-9999
1652,1080.99373,1080.994085673,1080.994178113,8891642,-9999,202619,12.26,-1,-0.085513098,0.998674038,0,0.599204423,37,0.555555556,0.488888889,N4 S2 O25,de-protonated,0,-9999,C45 H22 O25 N4 S2,45,22,25,4,-9999,2,-9999,-9999,-9999,-9999
1653,1081.051199,1081.051554694,1081.051496285,10136826,-9999,228724.6,14.24,-1,0.054029404,0.99947046,0,0.599682276,39,0.377358491,0.58490566,S2 P1 O20,de-protonated,0,-9999,C53 H31 O20 P1 S2,53,31,20,-9999,1,2,-9999,-9999,-9999,-9999
1653,1081.051199,1081.051554694,1081.050626906,10136826,-9999,228724.6,14.24,-1,0.858228482,0.874898725,0,0.524939235,40,0.480769231,0.519230769,P1 O25,de-protonated,0,-9999,C52 H27 O25 P1,52,27,25,-9999,1,-9999,-9999,-9999,-9999,-9999
1653,1081.051199,1081.051554694,1081.052344439,10136826,-9999,228724.6,14.24,-1,-0.730533175,0.90770549,0,0.544623294,40,0.470588235,0.509803922,N2 S1 O24,de-protonated,0,-9999,C51 H26 O24 N2 S1,51,26,24,2,-9999,1,-9999,-9999,-9999,-9999
1653,1081.051199,1081.051554694,1081.05087055,10136826,-9999,228724.6,14.24,-1,0.632851003,0.464953699,0.579826515,0.510902825,0,0.059701493,2.089552239,N3 P1 O4,de-protonated,0,-9999,C67 H140 O4 N3 P1,67,140,4,3,1,-9999,-9999,-9999,-9999,-9999
1654,1081.473727,1081.474082846,1081.474365858,26553592,-9999,266447.8,40.39,-1,-0.261691248,0.329216953,0.504211037,0.399214587,33,0.194029851,1.044776119,O13,de-protonated,0,-9999,C67 H70 O13,67,70,13,-9999,-9999,-9999,-9999,-9999,-9999,-9999
1654,1081.473727,1081.474082846,1081.474855116,26553592,-9999,266447.8,40.39,-1,-0.714089396,0.30387548,0.49029038,0.37844144,37,0.071428571,1.014285714,N2 S1 P1 O5,de-protonated,0,-9999,C70 H71 O5 N2 P1 S1,70,71,5,2,1,1,-9999,-9999,-9999,-9999
1654,1081.473727,1081.474082846,1081.47371441,26553592,-9999,266447.8,40.39,-1,0.340679851,0.489580383,0.610452919,0.537929397,24,0.254237288,1.254237288,N2 S1 O15,de-protonated,0,-9999,C59 H74 O15 N2 S1,59,74,15,2,-9999,1,-9999,-9999,-9999,-9999
1654,1081.473727,1081.474082846,1081.474716731,26553592,-9999,266447.8,40.39,-1,-0.586130481,0.469783333,0.653607294,0.543312917,10,0.367346939,1.693877551,N2 S2 P1 O18,de-protonated,0,-9999,C49 H83 O18 N2 P1 S2,49,83,18,2,1,2,-9999,-9999,-9999,-9999
1654,1081.473727,1081.474082846,1081.473847351,26553592,-9999,266447.8,40.39,-1,0.217753369,0.495716619,0.658260696,0.56073425,11,0.479166667,1.645833333,N2 P1 O23,de-protonated,0,-9999,C48 H79 O23 N2 P1,48,79,23,2,1,-9999,-9999,-9999,-9999,-9999
1654,1081.473727,1081.474082846,1081.474203667,26553592,-9999,266447.8,40.39,-1,-0.111718842,0.498868942,0.598596236,0.53875986,28,0.112903226,1.209677419,N4 S2 P1 O7,de-protonated,0,-9999,C62 H75 O7 N4 P1 S2,62,75,7,4,1,2,-9999,-9999,-9999,-9999
1654,1081.473727,1081.474082846,1081.473334287,26553592,-9999,266447.8,40.39,-1,0.692165771,0.45837023,0.602496955,0.51602092,29,0.196721311,1.163934426,N4 P1 O12,de-protonated,0,-9999,C61 H71 O12 N4 P1,61,71,12,4,1,-9999,-9999,-9999,-9999,-9999
1654,1081.473727,1081.474082846,1081.473062961,26553592,-9999,266447.8,40.39,-1,0.943051676,0.425488258,0.644495114,0.513091,15,0.333333333,1.529411765,N4 S2 O17,de-protonated,0,-9999,C51 H78 O17 N4 S2,51,78,17,4,-9999,2,-9999,-9999,-9999,-9999
1654,1081.473727,1081.474082846,1081.473195903,26553592,-9999,266447.8,40.39,-1,0.820125046,0.442555017,0.698017357,0.544739953,2,0.625,2.075,N4 S1 P1 O25,de-protonated,0,-9999,C40 H83 O25 N4 P1 S1,40,83,25,4,1,1,-9999,-9999,-9999,-9999
1655,1081.480111,1081.480466848,1081.481379791,30354680,-9999,234372.5,46.44,-1,-0.844159594,0.292903052,0.485764205,0.370047513,37,0.112676056,1,P1 O8,de-protonated,0,-9999,C71 H71 O8 P1,71,71,8,-9999,1,-9999,-9999,-9999,-9999,-9999
1655,1081.480111,1081.480466848,1081.481108465,30354680,-9999,234372.5,46.44,-1,-0.593275941,0.312710345,0.533665548,0.401092426,23,0.213114754,1.278688525,S2 O13,de-protonated,0,-9999,C61 H78 O13 S2,61,78,13,-9999,-9999,2,-9999,-9999,-9999,-9999
1655,1081.480111,1081.480466848,1081.480239085,30354680,-9999,234372.5,46.44,-1,0.210603153,0.33066146,0.538793609,0.413914319,24,0.3,1.233333333,O18,de-protonated,0,-9999,C60 H74 O18,60,74,18,-9999,-9999,-9999,-9999,-9999,-9999,-9999
1655,1081.480111,1081.480466848,1081.481241407,30354680,-9999,234372.5,46.44,-1,-0.716201467,0.455563441,0.649019222,0.532945753,10,0.42,1.66,S1 P1 O21,de-protonated,0,-9999,C50 H83 O21 P1 S1,50,83,21,-9999,1,1,-9999,-9999,-9999,-9999
1655,1081.480111,1081.480466848,1081.480728342,30354680,-9999,234372.5,46.44,-1,-0.241792752,0.329815967,0.523600568,0.407329807,28,0.158730159,1.19047619,N2 S1 P1 O10,de-protonated,0,-9999,C63 H75 O10 N2 P1 S1,63,75,10,2,1,1,-9999,-9999,-9999,-9999
1655,1081.480111,1081.480466848,1081.479587636,30354680,-9999,234372.5,46.44,-1,0.812971264,0.443494154,0.640033642,0.522109949,15,0.384615385,1.5,N2 S1 O20,de-protonated,0,-9999,C52 H78 O20 N2 S1,52,78,20,2,-9999,1,-9999,-9999,-9999,-9999
1655,1081.480111,1081.480466848,1081.480589958,30354680,-9999,234372.5,46.44,-1,-0.113834472,0.498825749,0.68763467,0.574349317,1,0.547619048,2.071428571,N2 S2 P1 O23,de-protonated,0,-9999,C42 H87 O23 N2 P1 S2,42,87,23,2,1,2,-9999,-9999,-9999,-9999
1655,1081.480111,1081.480466848,1081.480076894,30354680,-9999,234372.5,46.44,-1,0.360574814,0.488342592,0.627012296,0.543810474,19,0.218181818,1.436363636,N4 S2 P1 O12,de-protonated,0,-9999,C55 H79 O12 N4 P1 S2,55,79,12,4,1,2,-9999,-9999,-9999,-9999
1656,1082.333701,1082.334057155,1082.334458029,14953714,-9999,182866,21.92,-1,-0.370379324,0.487707975,0.594745702,0.530523066,36,0.19047619,0.920634921,N1 S1 P1 O12,de-protonated,0,-9999,C63 H58 O12 N1 P1 S1,63,58,12,1,1,1,-9999,-9999,-9999,-9999
1656,1082.333701,1082.334057155,1082.333317323,14953714,-9999,182866,21.92,-1,0.683552574,0.459356807,0.640033642,0.531627541,23,0.423076923,1.173076923,N1 S1 O22,de-protonated,0,-9999,C52 H61 O22 N1 S1,52,61,22,1,-9999,1,-9999,-9999,-9999,-9999
1656,1082.333701,1082.334057155,1082.334319645,14953714,-9999,182866,21.92,-1,-0.242521991,0.494692247,0.68763467,0.571869216,9,0.595238095,1.666666667,N1 S2 P1 O25,de-protonated,0,-9999,C42 H70 O25 N1 P1 S2,42,70,25,1,1,2,-9999,-9999,-9999,-9999
1656,1082.333701,1082.334057155,1082.33380658,14953714,-9999,182866,21.92,-1,0.231513027,0.4951609,0.627012296,0.547901458,27,0.254545455,1.127272727,N3 S2 P1 O14,de-protonated,0,-9999,C55 H62 O14 N3 P1 S2,55,62,14,3,1,2,-9999,-9999,-9999,-9999
1657,1083.534659,1083.535015586,1083.534284745,11906280,-9999,373707.1,17.06,-1,0.674497941,0.460382874,0.558800271,0.499749833,34,0.02739726,1.109589041,S2 P1 O2,de-protonated,0,-9999,C73 H81 O2 P1 S2,73,81,2,-9999,1,2,-9999,-9999,-9999,-9999
1657,1083.534659,1083.535015586,1083.535645962,11906280,-9999,373707.1,17.06,-1,-0.581776685,0.470216972,0.614510218,0.52793427,17,0.293103448,1.448275862,S1 O17,de-protonated,0,-9999,C58 H84 O17 S1,58,84,17,-9999,-9999,1,-9999,-9999,-9999,-9999
1657,1083.534659,1083.535015586,1083.535778904,11906280,-9999,373707.1,17.06,-1,-0.704469129,0.913886619,0,0.548331971,4,0.531914894,1.893617021,P1 O25,de-protonated,0,-9999,C47 H89 O25 P1,47,89,25,-9999,1,-9999,-9999,-9999,-9999,-9999
1657,1083.534659,1083.535015586,1083.535132898,11906280,-9999,373707.1,17.06,-1,-0.108267395,0.498937675,0.565637507,0.525617608,35,0.084507042,1.070422535,N2 S1 O6,de-protonated,0,-9999,C71 H76 O6 N2 S1,71,76,6,2,-9999,1,-9999,-9999,-9999,-9999
1657,1083.534659,1083.535015586,1083.53526584,11906280,-9999,373707.1,17.06,-1,-0.230959955,0.495183882,0.606448844,0.539689867,22,0.233333333,1.35,N2 P1 O14,de-protonated,0,-9999,C60 H81 O14 N2 P1,60,81,14,2,1,-9999,-9999,-9999,-9999,-9999
1657,1083.534659,1083.535015586,1083.534994513,11906280,-9999,373707.1,17.06,-1,0.019448291,0.499965686,0.649019222,0.5595871,8,0.38,1.76,N2 S2 O19,de-protonated,0,-9999,C50 H88 O19 N2 S2,50,88,19,2,-9999,2,-9999,-9999,-9999,-9999
1657,1083.534659,1083.535015586,1083.534125134,11906280,-9999,373707.1,17.06,-1,0.821804088,0.44233369299999997,0.653607294,0.526843133,9,0.489795918,1.714285714,N2 O24,de-protonated,0,-9999,C49 H84 O24 N2,49,84,24,2,-9999,-9999,-9999,-9999,-9999,-9999
1657,1083.534659,1083.535015586,1083.534752775,11906280,-9999,373707.1,17.06,-1,0.242549667,0.494691042,0.558800271,0.520334734,40,0.04109589,1,N4 P1 O3,de-protonated,0,-9999,C73 H73 O3 N4 P1,73,73,3,4,1,-9999,-9999,-9999,-9999,-9999
1657,1083.534659,1083.535015586,1083.534481449,11906280,-9999,373707.1,17.06,-1,0.49295815,0.478432274,0.594745702,0.524957645,26,0.126984127,1.26984127,N4 S2 O8,de-protonated,0,-9999,C63 H80 O8 N4 S2,63,80,8,4,-9999,2,-9999,-9999,-9999,-9999
1657,1083.534659,1083.535015586,1083.534614391,11906280,-9999,373707.1,17.06,-1,0.370265443,0.487715439,0.640033642,0.54864272,13,0.307692308,1.634615385,N4 S1 P1 O16,de-protonated,0,-9999,C52 H85 O16 N4 P1 S1,52,85,16,4,1,1,-9999,-9999,-9999,-9999
1658,1083.5388150000001,1083.539171588,1083.53915565,15740136,-9999,353439,23.17,-1,0.014709175,0.499980371,0.548848821,0.519527751,39,0.052631579,1,S1 O4,de-protonated,0,-9999,C76 H76 O4 S1,76,76,4,-9999,-9999,1,-9999,-9999,-9999,-9999
1658,1083.5388150000001,1083.539171588,1083.540157971,15740136,-9999,353439,23.17,-1,-0.910334172,0.430195633,0.583485697,0.491511659,25,0.106060606,1.287878788,S2 P1 O7,de-protonated,0,-9999,C66 H85 O7 P1 S2,66,85,7,-9999,1,2,-9999,-9999,-9999,-9999
1658,1083.5388150000001,1083.539171588,1083.539288592,15740136,-9999,353439,23.17,-1,-0.107982944,0.498943244,0.587191358,0.534242489,26,0.184615385,1.246153846,P1 O12,de-protonated,0,-9999,C65 H81 O12 P1,65,81,12,-9999,1,-9999,-9999,-9999,-9999,-9999
1658,1083.5388150000001,1083.539171588,1083.539017265,15740136,-9999,353439,23.17,-1,0.142424403,0.498163066,0.627012296,0.549702758,12,0.309090909,1.6,S2 O17,de-protonated,0,-9999,C55 H88 O17 S2,55,88,17,-9999,-9999,2,-9999,-9999,-9999,-9999
1658,1083.5388150000001,1083.539171588,1083.538147886,15740136,-9999,353439,23.17,-1,0.94477732,0.425236822,0.631293472,0.507659482,13,0.407407407,1.555555556,O22,de-protonated,0,-9999,C54 H84 O22,54,84,22,-9999,-9999,-9999,-9999,-9999,-9999,-9999
1658,1083.5388150000001,1083.539171588,1083.538504201,15740136,-9999,353439,23.17,-1,0.615932562,0.466739544,0.576212942,0.510528903,30,0.088235294,1.176470588,N2 S2 O6,de-protonated,0,-9999,C68 H80 O6 N2 S2,68,80,6,2,-9999,2,-9999,-9999,-9999,-9999
1658,1083.5388150000001,1083.539171588,1083.538637143,15740136,-9999,353439,23.17,-1,0.493240295,0.47840812,0.618621811,0.534493596,17,0.245614035,1.49122807,N2 S1 P1 O14,de-protonated,0,-9999,C57 H85 O14 N2 P1 S1,57,85,14,2,1,1,-9999,-9999,-9999,-9999
1658,1083.5388150000001,1083.539171588,1083.538124079,15740136,-9999,353439,23.17,-1,0.966748787,0.422008549,0.569119254,0.480852831,35,0.042857143,1.1,N4 S1 P1 O3,de-protonated,0,-9999,C70 H77 O3 N4 P1 S1,70,77,3,4,1,1,-9999,-9999,-9999,-9999
1658,1083.5388150000001,1083.539171588,1083.539485296,15740136,-9999,353439,23.17,-1,-0.289521755,0.492452768,0.627012296,0.546276579,18,0.327272727,1.454545455,N4 O18,de-protonated,0,-9999,C55 H80 O18 N4,55,80,18,4,-9999,-9999,-9999,-9999,-9999,-9999
1659,1083.543001,1083.543357589,1083.542526953,14953704,-9999,349559.2,21.92,-1,0.766593032,0.449428636,0.558800271,0.49317729,34,0.054794521,1.095890411,S2 O4,de-protonated,0,-9999,C73 H80 O4 S2,73,80,4,-9999,-9999,2,-9999,-9999,-9999,-9999
1659,1083.543001,1083.543357589,1083.542659895,14953704,-9999,349559.2,21.92,-1,0.643901202,0.463764965,0.598596236,0.517697474,21,0.193548387,1.370967742,S1 P1 O12,de-protonated,0,-9999,C62 H85 O12 P1 S1,62,85,12,-9999,1,1,-9999,-9999,-9999,-9999
1659,1083.543001,1083.543357589,1083.544377428,14953704,-9999,349559.2,21.92,-1,-0.941206138,0.425756818,0.602496955,0.496452873,21,0.180327869,1.37704918,N2 S2 O11,de-protonated,0,-9999,C61 H84 O11 N2 S2,61,84,11,2,-9999,2,-9999,-9999,-9999,-9999
1659,1083.543001,1083.543357589,1083.543508048,14953704,-9999,349559.2,21.92,-1,-0.138858059,0.49825375,0.606448844,0.541531788,22,0.266666667,1.333333333,N2 O16,de-protonated,0,-9999,C60 H80 O16 N2,60,80,16,2,-9999,-9999,-9999,-9999,-9999,-9999
1659,1083.543001,1083.543357589,1083.542994984,14953704,-9999,349559.2,21.92,-1,0.334648005,0.489942379,0.558800271,0.517485536,40,0.068493151,0.98630137,N4 O5,de-protonated,0,-9999,C73 H72 O5 N4,73,72,5,4,-9999,-9999,-9999,-9999,-9999,-9999
1659,1083.543001,1083.543357589,1083.543997305,14953704,-9999,349559.2,21.92,-1,-0.590392361,0.469356109,0.594745702,0.519511946,26,0.126984127,1.285714286,N4 S1 P1 O8,de-protonated,0,-9999,C63 H81 O8 N4 P1 S1,63,81,8,4,1,1,-9999,-9999,-9999,-9999
1659,1083.543001,1083.543357589,1083.542856599,14953704,-9999,349559.2,21.92,-1,0.46236282,0.480976355,0.640033642,0.54459927,13,0.346153846,1.615384615,N4 S1 O18,de-protonated,0,-9999,C52 H84 O18 N4 S1,52,84,18,4,-9999,1,-9999,-9999,-9999,-9999
1660,1083.547794,1083.548150591,1083.548671506,24259816,-9999,306232.2,36.73,-1,-0.480749107,0.31964360000000003,0.463953528,0.377367571,39,0.052631579,1.013157895,P1 O4,de-protonated,0,-9999,C76 H77 O4 P1,76,77,4,-9999,1,-9999,-9999,-9999,-9999,-9999
1660,1083.547794,1083.548150591,1083.54840018,24259816,-9999,306232.2,36.73,-1,-0.230344022,0.495209412,0.583485697,0.530519926,25,0.136363636,1.272727273,S2 O9,de-protonated,0,-9999,C66 H84 O9 S2,66,84,9,-9999,-9999,2,-9999,-9999,-9999,-9999
1660,1083.547794,1083.548150591,1083.5475308,24259816,-9999,306232.2,36.73,-1,0.572001648,0.471180218,0.587191358,0.517584674,26,0.215384615,1.230769231,O14,de-protonated,0,-9999,C65 H80 O14,65,80,14,-9999,-9999,-9999,-9999,-9999,-9999,-9999
1660,1083.547794,1083.548150591,1083.548533122,24259816,-9999,306232.2,36.73,-1,-0.353035065,0.488819581,0.627012296,0.544096667,12,0.309090909,1.618181818,S1 P1 O17,de-protonated,0,-9999,C55 H89 O17 P1 S1,55,89,17,-9999,1,1,-9999,-9999,-9999,-9999
1660,1083.547794,1083.548150591,1083.548020057,24259816,-9999,306232.2,36.73,-1,0.120468702,0.332456717,0.499512996,0.399279229,30,0.088235294,1.191176471,N2 S1 P1 O6,de-protonated,0,-9999,C68 H81 O6 N2 P1 S1,68,81,6,2,1,1,-9999,-9999,-9999,-9999
1660,1083.547794,1083.548150591,1083.547881673,24259816,-9999,306232.2,36.73,-1,0.248182898,0.494442968,0.662980834,0.561858114,3,0.404255319,1.978723404,N2 S2 P1 O19,de-protonated,0,-9999,C47 H93 O19 N2 P1 S2,47,93,19,2,1,2,-9999,-9999,-9999,-9999
1660,1083.547794,1083.548150591,1083.547368609,24259816,-9999,306232.2,36.73,-1,0.721687234,0.454911881,0.606448844,0.515526666,21,0.133333333,1.416666667,N4 S2 P1 O8,de-protonated,0,-9999,C60 H85 O8 N4 P1 S2,60,85,8,4,1,2,-9999,-9999,-9999,-9999
1660,1083.547794,1083.548150591,1083.548868211,24259816,-9999,306232.2,36.73,-1,-0.662286278,0.461748565,0.583485697,0.510443418,31,0.151515152,1.151515152,N4 O10,de-protonated,0,-9999,C66 H76 O10 N4,66,76,10,4,-9999,-9999,-9999,-9999,-9999,-9999
1660,1083.547794,1083.548150591,1083.548729826,24259816,-9999,306232.2,36.73,-1,-0.534572282,0.474734622,0.672627142,0.55389163,4,0.511111111,1.955555556,N4 S1 O23,de-protonated,0,-9999,C45 H88 O23 N4 S1,45,88,23,4,-9999,1,-9999,-9999,-9999,-9999
1661,1085.251804,1085.252161203,1085.251836802,10824920,-9999,315598,15.34,-1,0.298918416,0.491958939,0.602496955,0.536174145,37,0.245901639,0.819672131,S2 O15,de-protonated,0,-9999,C61 H50 O15 S2,61,50,15,-9999,-9999,2,-9999,-9999,-9999,-9999
1661,1085.251804,1085.252161203,1085.251969743,10824920,-9999,315598,15.34,-1,0.176419887,0.994368512,0,0.596621107,24,0.46,1.1,S1 P1 O23,de-protonated,0,-9999,C50 H55 O23 P1 S1,50,55,23,-9999,1,1,-9999,-9999,-9999,-9999
1661,1085.251804,1085.252161203,1085.251318295,10824920,-9999,315598,15.34,-1,0.776694481,0.896318282,0,0.537790969,15,0.595238095,1.404761905,N2 S2 P1 O25,de-protonated,0,-9999,C42 H59 O25 N2 P1 S2,42,59,25,2,1,2,-9999,-9999,-9999,-9999
1662,1085.497982,1085.498339292,1085.498293158,9268437,-9999,205918.4,12.86,-1,0.042499609,0.499836159,0.576212942,0.530386872,30,0.088235294,1.161764706,S2 P1 O6,de-protonated,0,-9999,C68 H79 O6 P1 S2,68,79,6,-9999,1,2,-9999,-9999,-9999,-9999
1662,1085.497982,1085.498339292,1085.497423779,9268437,-9999,205918.4,12.86,-1,0.843404233,0.43945621,0.579826515,0.495604332,31,0.164179104,1.119402985,P1 O11,de-protonated,0,-9999,C67 H75 O11 P1,67,75,11,-9999,1,-9999,-9999,-9999,-9999,-9999
1662,1085.497982,1085.498339292,1085.497285394,9268437,-9999,205918.4,12.86,-1,0.970889165,0.842789372,0,0.505673623,4,0.52173913,1.891304348,S1 P1 O24,de-protonated,0,-9999,C46 H87 O24 P1 S1,46,87,24,-9999,1,1,-9999,-9999,-9999,-9999
1662,1085.497982,1085.498339292,1085.499141312,9268437,-9999,205918.4,12.86,-1,-0.738848965,0.452847607,0.583485697,0.505102843,31,0.151515152,1.121212121,N2 S1 O10,de-protonated,0,-9999,C66 H74 O10 N2 S1,66,74,10,2,-9999,1,-9999,-9999,-9999,-9999
1662,1085.497982,1085.498339292,1085.499274253,9268437,-9999,205918.4,12.86,-1,-0.861319459,0.874055367,0,0.52443322,18,0.327272727,1.436363636,N2 P1 O18,de-protonated,0,-9999,C55 H79 O18 N2 P1,55,79,18,2,1,-9999,-9999,-9999,-9999,-9999
1662,1085.497982,1085.498339292,1085.499002927,9268437,-9999,205918.4,12.86,-1,-0.611364438,0.934429183,0,0.56065751,4,0.511111111,1.911111111,N2 S2 O23,de-protonated,0,-9999,C45 H86 O23 N2 S2,45,86,23,2,-9999,2,-9999,-9999,-9999,-9999
1662,1085.497982,1085.498339292,1085.498761189,9268437,-9999,205918.4,12.86,-1,-0.388666862,0.486481128,0.576212942,0.522373854,36,0.102941176,1.044117647,N4 P1 O7,de-protonated,0,-9999,C68 H71 O7 N4 P1,68,71,7,4,1,-9999,-9999,-9999,-9999,-9999
1662,1085.497982,1085.498339292,1085.498489863,9268437,-9999,205918.4,12.86,-1,-0.138711605,0.99651485,0,0.59790891,22,0.206896552,1.344827586,N4 S2 O12,de-protonated,0,-9999,C58 H78 O12 N4 S2,58,78,12,4,-9999,2,-9999,-9999,-9999,-9999
1662,1085.497982,1085.498339292,1085.497620483,9268437,-9999,205918.4,12.86,-1,0.66219273,0.923517892,0,0.554110735,23,0.298245614,1.298245614,N4 O17,de-protonated,0,-9999,C57 H74 O17 N4,57,74,17,4,-9999,-9999,-9999,-9999,-9999,-9999
1662,1085.497982,1085.498339292,1085.498622805,9268437,-9999,205918.4,12.86,-1,-0.261182245,0.987698556,0,0.592619133,9,0.425531915,1.765957447,N4 S1 P1 O20,de-protonated,0,-9999,C47 H83 O20 N4 P1 S1,47,83,20,4,1,1,-9999,-9999,-9999,-9999
1663,1085.623962,1085.624319337,1085.625207751,15183060,-9999,276882.4,22.28,-1,-0.818343445,0.442789485,0.565637507,0.491928694,27,0.070422535,1.281690141,S1 P1 O5,de-protonated,0,-9999,C71 H91 O5 P1 S1,71,91,5,-9999,1,1,-9999,-9999,-9999,-9999
1663,1085.623962,1085.624319337,1085.624067045,15183060,-9999,276882.4,22.28,-1,0.232393298,0.495124212,0.606448844,0.539654065,14,0.25,1.566666667,S1 O15,de-protonated,0,-9999,C60 H94 O15 S1,60,94,15,-9999,-9999,1,-9999,-9999,-9999,-9999
1663,1085.623962,1085.624319337,1085.625069367,15183060,-9999,276882.4,22.28,-1,-0.690873732,0.458518875,0.649019222,0.534719014,0,0.36,2.06,S2 P1 O18,de-protonated,0,-9999,C50 H103 O18 P1 S2,50,103,18,-9999,1,2,-9999,-9999,-9999,-9999
1663,1085.623962,1085.624319337,1085.624199987,15183060,-9999,276882.4,22.28,-1,0.109936779,0.498904698,0.653607294,0.560785737,1,0.469387755,2.020408163,P1 O23,de-protonated,0,-9999,C49 H99 O23 P1,49,99,23,-9999,1,-9999,-9999,-9999,-9999,-9999
1663,1085.623962,1085.624319337,1085.623553981,15183060,-9999,276882.4,22.28,-1,0.70499208,0.456882201,0.558800271,0.497649429,32,0.054794521,1.178082192,N2 S1 O4,de-protonated,0,-9999,C73 H86 O4 N2 S1,73,86,4,2,-9999,1,-9999,-9999,-9999,-9999
1663,1085.623962,1085.624319337,1085.624556303,15183060,-9999,276882.4,22.28,-1,-0.218275822,0.495696129,0.594745702,0.535315958,18,0.111111111,1.507936508,N2 S2 P1 O7,de-protonated,0,-9999,C63 H95 O7 N2 P1 S2,63,95,7,2,1,2,-9999,-9999,-9999,-9999
1663,1085.623962,1085.624319337,1085.623686923,15183060,-9999,276882.4,22.28,-1,0.582535445,0.470141603,0.598596236,0.521523456,19,0.193548387,1.467741935,N2 P1 O12,de-protonated,0,-9999,C62 H91 O12 N2 P1,62,91,12,2,1,-9999,-9999,-9999,-9999,-9999
1663,1085.623962,1085.624319337,1085.623415597,15183060,-9999,276882.4,22.28,-1,0.832462182,0.440920848,0.640033642,0.520565966,5,0.326923077,1.884615385,N2 S2 O17,de-protonated,0,-9999,C52 H98 O17 N2 S2,52,98,17,2,-9999,2,-9999,-9999,-9999,-9999
1663,1085.623962,1085.624319337,1085.625404456,15183060,-9999,276882.4,22.28,-1,-0.999533318,0.417101138,0.602496955,0.491259465,19,0.180327869,1.475409836,N4 S1 O11,de-protonated,0,-9999,C61 H90 O11 N4 S1,61,90,11,4,-9999,1,-9999,-9999,-9999,-9999
1664,1087.812676,1087.813034123,1087.812400126,24964284,-9999,175894.7,37.86,-1,0.58281837,0.313408985,0.468208839,0.375328927,22,0.066666667,1.44,O5,de-protonated,0,-9999,C75 H108 O5,75,108,5,-9999,-9999,-9999,-9999,-9999,-9999,-9999
1664,1087.812676,1087.813034123,1087.813402448,24964284,-9999,175894.7,37.86,-1,-0.338591664,0.489706405,0.587191358,0.528700386,8,0.123076923,1.8,S1 P1 O8,de-protonated,0,-9999,C65 H117 O8 P1 S1,65,117,8,-9999,1,1,-9999,-9999,-9999,-9999
1664,1087.812676,1087.813034123,1087.813737537,24964284,-9999,175894.7,37.86,-1,-0.646630435,0.308979115,0.463953528,0.37096888,27,0.013157895,1.368421053,N4 O1,de-protonated,0,-9999,C76 H104 O1 N4,76,104,1,4,-9999,-9999,-9999,-9999,-9999,-9999
1664,1087.812676,1087.813034123,1087.813599152,24964284,-9999,175894.7,37.86,-1,-0.519417151,0.476112561,0.627012296,0.536472455,0,0.254545455,2.109090909,N4 S1 O14,de-protonated,0,-9999,C55 H116 O14 N4 S1,55,116,14,4,-9999,1,-9999,-9999,-9999,-9999
1665,1087.819245,1087.819603126,1087.819142733,24259772,-9999,293309.1,36.73,-1,0.423225472,0.32267381,0.494873046,0.391553504,12,0.072463768,1.68115942,S2 O5,de-protonated,0,-9999,C69 H116 O5 S2,69,116,5,-9999,-9999,2,-9999,-9999,-9999,-9999
1665,1087.819245,1087.819603126,1087.81876261,24259772,-9999,293309.1,36.73,-1,0.772661144,0.299111727,0.485764205,0.373772718,17,0.028169014,1.591549296,N2 S1 P1 O2,de-protonated,0,-9999,C71 H113 O2 N2 P1 S1,71,113,2,2,1,1,-9999,-9999,-9999,-9999
1665,1087.819245,1087.819603126,1087.820123828,24259772,-9999,293309.1,36.73,-1,-0.478665653,0.479639332,0.622788794,0.536899117,0,0.303571429,2.071428571,N2 O17,de-protonated,0,-9999,C56 H116 O17 N2,56,116,17,2,-9999,-9999,-9999,-9999,-9999,-9999
1665,1087.819245,1087.819603126,1087.820480144,24259772,-9999,293309.1,36.73,-1,-0.806215516,0.296250194,0.49029038,0.373866268,17,0.014285714,1.6,N4 S2 O1,de-protonated,0,-9999,C70 H112 O1 N4 S2,70,112,1,4,-9999,2,-9999,-9999,-9999,-9999
1665,1087.819245,1087.819603126,1087.819610764,24259772,-9999,293309.1,36.73,-1,-0.007021274,0.333330352,0.494873046,0.397947429,18,0.086956522,1.565217391,N4 O6,de-protonated,0,-9999,C69 H108 O6 N4,69,108,6,4,-9999,-9999,-9999,-9999,-9999,-9999
1665,1087.819245,1087.819603126,1087.820613085,24259772,-9999,293309.1,36.73,-1,-0.928424657,0.427606914,0.610452919,0.500745316,4,0.152542373,1.983050847,N4 S1 P1 O9,de-protonated,0,-9999,C59 H117 O9 N4 P1 S1,59,117,9,4,1,1,-9999,-9999,-9999,-9999
1666,1087.824235,1087.824593128,1087.825287286,29502652,-9999,321395.1,45.08,-1,-0.638115674,0.309593023,0.481293734,0.378273308,17,0.069444444,1.569444444,P1 O5,de-protonated,0,-9999,C72 H113 O5 P1,72,113,5,-9999,1,-9999,-9999,-9999,-9999,-9999
1666,1087.824235,1087.824593128,1087.82501596,29502652,-9999,321395.1,45.08,-1,-0.388695057,0.324319462,0.528601492,0.406032274,3,0.161290323,1.935483871,S2 O10,de-protonated,0,-9999,C62 H120 O10 S2,62,120,10,-9999,-9999,2,-9999,-9999,-9999,-9999
1666,1087.824235,1087.824593128,1087.82414658,29502652,-9999,321395.1,45.08,-1,0.410496186,0.323295768,0.533665548,0.40744368,4,0.245901639,1.901639344,O15,de-protonated,0,-9999,C61 H116 O15,61,116,15,-9999,-9999,-9999,-9999,-9999,-9999,-9999
1666,1087.824235,1087.824593128,1087.823633516,29502652,-9999,321395.1,45.08,-1,0.88213924,0.289439164,0.472516812,0.362670223,22,0.054054054,1.459459459,N2 O4,de-protonated,0,-9999,C74 H108 O4 N2,74,108,4,2,-9999,-9999,-9999,-9999,-9999,-9999
1666,1087.824235,1087.824593128,1087.824635837,29502652,-9999,321395.1,45.08,-1,-0.039261555,0.333240114,0.51866191,0.407408832,8,0.109375,1.828125,N2 S1 P1 O7,de-protonated,0,-9999,C64 H117 O7 N2 P1 S1,64,117,7,2,1,1,-9999,-9999,-9999,-9999
1666,1087.824235,1087.824593128,1087.82548399,29502652,-9999,321395.1,45.08,-1,-0.818939131,0.295140755,0.528601492,0.38852505,9,0.177419355,1.806451613,N4 O11,de-protonated,0,-9999,C62 H112 O11 N4,62,112,11,4,-9999,-9999,-9999,-9999,-9999,-9999
1667,1088.435854,1088.436212347,1088.436421176,9571509,-9999,181890.6,13.34,-1,-0.19186157,0.496671487,0.587191358,0.532879436,31,0.123076923,1.107692308,N1 S2 P1 O8,de-protonated,0,-9999,C65 H72 O8 N1 P1 S2,65,72,8,1,1,2,-9999,-9999,-9999,-9999
1667,1088.435854,1088.436212347,1088.435551797,9571509,-9999,181890.6,13.34,-1,0.606880902,0.467677868,0.590944388,0.516984476,32,0.203125,1.0625,N1 P1 O13,de-protonated,0,-9999,C64 H68 O13 N1 P1,64,68,13,1,1,-9999,-9999,-9999,-9999,-9999
1667,1088.435854,1088.436212347,1088.43528047,9571509,-9999,181890.6,13.34,-1,0.856161985,0.87546132,0,0.525276792,18,0.333333333,1.388888889,N1 S2 O18,de-protonated,0,-9999,C54 H75 O18 N1 S2,54,75,18,1,-9999,2,-9999,-9999,-9999,-9999
1667,1088.435854,1088.436212347,1088.43726933,9571509,-9999,181890.6,13.34,-1,-0.971100788,0.421363264,0.594745702,0.490716239,32,0.19047619,1.063492063,N3 S1 O12,de-protonated,0,-9999,C63 H67 O12 N3 S1,63,67,12,3,-9999,1,-9999,-9999,-9999,-9999
1667,1088.435854,1088.436212347,1088.437130945,9571509,-9999,181890.6,13.34,-1,-0.843960422,0.878762765,0,0.527257659,5,0.595238095,1.880952381,N3 S2 O25,de-protonated,0,-9999,C42 H79 O25 N3 S2,42,79,25,3,-9999,2,-9999,-9999,-9999,-9999
1668,1088.68468,1088.685038437,1088.684377135,10366130,-9999,354746.7,14.61,-1,0.607431766,0.467621108,0.542409123,0.497536314,34,0.012820513,1.179487179,N1 P1 O1,de-protonated,0,-9999,C78 H92 O1 N1 P1,78,92,1,1,1,-9999,-9999,-9999,-9999,-9999
1668,1088.68468,1088.685038437,1088.684105809,10366130,-9999,354746.7,14.61,-1,0.856655874,0.437663476,0.576212942,0.493083262,20,0.088235294,1.455882353,N1 S2 O6,de-protonated,0,-9999,C68 H99 O6 N1 S2,68,99,6,1,-9999,2,-9999,-9999,-9999,-9999
1668,1088.68468,1088.685038437,1088.684238751,10366130,-9999,354746.7,14.61,-1,0.734543475,0.453369158,0.618621811,0.519470219,7,0.245614035,1.824561404,N1 S1 P1 O14,de-protonated,0,-9999,C57 H104 O14 N1 P1 S1,57,104,14,1,1,1,-9999,-9999,-9999,-9999
1668,1088.68468,1088.685038437,1088.685956284,10366130,-9999,354746.7,14.61,-1,-0.843077961,0.439500089,0.622788794,0.512815571,7,0.232142857,1.839285714,N3 S2 O13,de-protonated,0,-9999,C56 H103 O13 N3 S2,56,103,13,3,-9999,2,-9999,-9999,-9999,-9999
1668,1088.68468,1088.685038437,1088.685086904,10366130,-9999,354746.7,14.61,-1,-0.044519087,0.499820221,0.627012296,0.550697051,8,0.327272727,1.8,N3 O18,de-protonated,0,-9999,C55 H99 O18 N3,55,99,18,3,-9999,-9999,-9999,-9999,-9999,-9999
1669,1088.689676,1088.690034439,1088.691119742,43527344,-9999,199865.1,67.42,-1,-0.996888237,0.278333991,0.481293734,0.359517888,24,0.013888889,1.388888889,N1 S2 P1 O1,de-protonated,0,-9999,C72 H100 O1 N1 P1 S2,72,100,1,1,1,2,-9999,-9999,-9999,-9999
1669,1088.689676,1088.690034439,1088.690250362,43527344,-9999,199865.1,67.42,-1,-0.198333273,0.330962643,0.485764205,0.392883268,25,0.084507042,1.352112676,N1 P1 O6,de-protonated,0,-9999,C71 H96 O6 N1 P1,71,96,6,1,1,-9999,-9999,-9999,-9999,-9999
1669,1088.689676,1088.690034439,1088.689979036,43527344,-9999,199865.1,67.42,-1,0.050889289,0.333176736,0.533665548,0.413372261,11,0.180327869,1.68852459,N1 S2 O11,de-protonated,0,-9999,C61 H103 O11 N1 S2,61,103,11,1,-9999,2,-9999,-9999,-9999,-9999
1669,1088.689676,1088.690034439,1088.689109656,43527344,-9999,199865.1,67.42,-1,0.849445926,0.292427616,0.538793609,0.390974013,12,0.266666667,1.65,N1 O16,de-protonated,0,-9999,C60 H99 O16 N1,60,99,16,1,-9999,-9999,-9999,-9999,-9999,-9999
1669,1088.689676,1088.690034439,1088.689598913,43527344,-9999,199865.1,67.42,-1,0.40004532,0.323793064,0.523600568,0.403716066,16,0.126984127,1.587301587,N3 S1 P1 O8,de-protonated,0,-9999,C63 H100 O8 N3 P1 S1,63,100,8,3,1,1,-9999,-9999,-9999,-9999
1670,1089.904556,1089.904914875,1089.904192513,13610148,-9999,198996,19.78,-1,0.662775861,0.461694215,0.555443265,0.499193835,14,0.040540541,1.648648649,S1 O3,de-protonated,0,-9999,C74 H122 O3 S1,74,122,3,-9999,-9999,1,-9999,-9999,-9999,-9999
1670,1089.904556,1089.904914875,1089.905194834,13610148,-9999,198996,19.78,-1,-0.256865837,0.494049692,0.590944388,0.53280757,0,0.09375,2.046875,S2 P1 O6,de-protonated,0,-9999,C64 H131 O6 P1 S2,64,131,6,-9999,1,2,-9999,-9999,-9999,-9999
1670,1089.904556,1089.904914875,1089.904325455,13610148,-9999,198996,19.78,-1,0.540800184,0.474158066,0.594745702,0.52239312,1,0.174603175,2.015873016,P1 O11,de-protonated,0,-9999,C63 H127 O11 P1,63,127,11,-9999,1,-9999,-9999,-9999,-9999,-9999
1670,1089.904556,1089.904914875,1089.905662865,13610148,-9999,198996,19.78,-1,-0.68628881,0.459044502,0.590944388,0.511804456,6,0.109375,1.921875,N4 P1 O7,de-protonated,0,-9999,C64 H123 O7 N4 P1,64,123,7,4,1,-9999,-9999,-9999,-9999,-9999
1671,1089.916397,1089.916755879,1089.917079672,22260900,-9999,267889.4,33.55,-1,-0.297080514,0.328037819,0.485764205,0.391128374,9,0.042253521,1.788732394,S1 P1 O3,de-protonated,0,-9999,C71 H127 O3 P1 S1,71,127,3,-9999,1,1,-9999,-9999,-9999,-9999
1671,1089.916397,1089.916755879,1089.916428224,22260900,-9999,267889.4,33.55,-1,0.300624475,0.491867642,0.594745702,0.533018866,0,0.079365079,2.079365079,N2 S2 P1 O5,de-protonated,0,-9999,C63 H131 O5 N2 P1 S2,63,131,5,2,1,2,-9999,-9999,-9999,-9999
1671,1089.916397,1089.916755879,1089.917276377,22260900,-9999,267889.4,33.55,-1,-0.477556992,0.479731603,0.602496955,0.528837744,1,0.14754098399999999,2.06557377,N4 S1 O9,de-protonated,0,-9999,C61 H126 O9 N4 S1,61,126,9,4,-9999,1,-9999,-9999,-9999,-9999
1672,1092.070741,1092.071100653,1092.071257841,9063564,-9999,190041.4,12.54,-1,-0.143935775,0.498123946,0.565637507,0.525129371,0,0.056338028,2.028169014,S1 O4,de-protonated,0,-9999,C71 H144 O4 S1,71,144,4,-9999,-9999,1,-9999,-9999,-9999,-9999
1672,1092.070741,1092.071100653,1092.070877719,9063564,-9999,190041.4,12.54,-1,0.204139129,0.496233522,0.558800271,0.521260222,5,0.01369863,1.931506849,N2 P1 O1,de-protonated,0,-9999,C73 H141 O1 N2 P1,73,141,1,2,1,-9999,-9999,-9999,-9999,-9999
1672,1092.070741,1092.071100653,1092.071700159,9063564,-9999,190041.4,12.54,-1,-0.548961806,0.946786929,0,0.568072158,36,0.469387755,0.632653061,N3 S2 O23,de-protonated,0,-9999,C49 H31 O23 N3 S2,49,31,23,3,-9999,2,-9999,-9999,-9999,-9999
1673,1093.006436,1093.00679599,1093.007065272,9792642,-9999,285148.7,13.7,-1,-0.246368512,0.989046955,0,0.593428173,33,0.581395349,0.627906977,N4 S2 P1 O25,de-protonated,0,-9999,C43 H27 O25 N4 P1 S2,43,27,25,4,1,2,-9999,-9999,-9999,-9999
1674,1093.117935,1093.11829503,1093.117253371,10890369,-9999,241456.7,15.45,-1,0.952924569,0.84809108,0,0.508854648,34,0.442307692,0.730769231,S2 O23,de-protonated,0,-9999,C52 H38 O23 S2,52,38,23,-9999,-9999,2,-9999,-9999,-9999,-9999
1674,1093.117935,1093.11829503,1093.119375172,10890369,-9999,241456.7,15.45,-1,-0.988128714,0.837640558,0,0.502584335,35,0.5,0.7,N2 P1 O25,de-protonated,0,-9999,C50 H35 O25 N2 P1,50,35,25,2,1,-9999,-9999,-9999,-9999,-9999
1674,1093.117935,1093.11829503,1093.118590782,10890369,-9999,241456.7,15.45,-1,-0.270558231,0.493402729,0.635633513,0.550295043,39,0.358490566,0.641509434,N4 S2 O19,de-protonated,0,-9999,C53 H34 O19 N4 S2,53,34,19,4,-9999,2,-9999,-9999,-9999,-9999
1674,1093.117935,1093.11829503,1093.117721402,10890369,-9999,241456.7,15.45,-1,0.524762911,0.951261164,0,0.570756698,40,0.461538462,0.576923077,N4 O24,de-protonated,0,-9999,C52 H30 O24 N4,52,30,24,4,-9999,-9999,-9999,-9999,-9999,-9999
1675,1093.803841,1093.804201276,1093.805206746,9415802,-9999,261874.2,13.1,-1,-0.919240088,0.428925624,0.555443265,0.479532681,20,0.054054054,1.486486486,S1 O4,de-protonated,0,-9999,C74 H110 O4 S1,74,110,4,-9999,-9999,1,-9999,-9999,-9999,-9999
1675,1093.803841,1093.804201276,1093.804826623,9415802,-9999,261874.2,13.1,-1,-0.571717238,0.471208029,0.548848821,0.502264346,25,0.013157895,1.407894737,N2 P1 O1,de-protonated,0,-9999,C76 H107 O1 N2 P1,76,107,1,2,1,-9999,-9999,-9999,-9999,-9999
1675,1093.803841,1093.804201276,1093.804555297,9415802,-9999,261874.2,13.1,-1,-0.323660121,0.490585847,0.583485697,0.527745787,11,0.090909091,1.727272727,N2 S2 O6,de-protonated,0,-9999,C66 H114 O6 N2 S2,66,114,6,2,-9999,2,-9999,-9999,-9999,-9999
1675,1093.803841,1093.804201276,1093.803685917,9415802,-9999,261874.2,13.1,-1,0.471162204,0.480259994,0.587191358,0.523032539,12,0.169230769,1.692307692,N2 O11,de-protonated,0,-9999,C65 H110 O11 N2,65,110,11,2,-9999,-9999,-9999,-9999,-9999,-9999
1675,1093.803841,1093.804201276,1093.804175174,9415802,-9999,261874.2,13.1,-1,0.023863143,0.49994834,0.576212942,0.530454181,16,0.044117647,1.632352941,N4 S1 P1 O3,de-protonated,0,-9999,C68 H111 O3 N4 P1 S1,68,111,3,4,1,1,-9999,-9999,-9999,-9999
1676,1094.003445,1094.003805348,1094.004892357,11889785,-9999,211486.2,17.04,-1,-0.99360558,0.417996271,0.539245612,0.466496007,15,0.012658228,1.64556962,O1,de-protonated,0,-9999,C79 H130 O1,79,130,1,-9999,-9999,-9999,-9999,-9999,-9999,-9999
1676,1094.003445,1094.003805348,1094.004240908,11889785,-9999,211486.2,17.04,-1,-0.398134367,0.485824035,0.565637507,0.517749424,6,0.042253521,1.887323944,N2 S1 O3,de-protonated,0,-9999,C71 H134 O3 N2 S1,71,134,3,2,-9999,1,-9999,-9999,-9999,-9999
1677,1094.234314,1094.234674431,1094.234546031,25111670,-9999,242844.3,38.09,-1,0.117341923,0.498752364,0.644495114,0.557049464,26,0.392156863,1.058823529,N1 S2 P1 O20,de-protonated,0,-9999,C51 H54 O20 N1 P1 S2,51,54,20,1,1,2,-9999,-9999,-9999,-9999
1677,1094.234314,1094.234674431,1094.233676651,25111670,-9999,242844.3,38.09,-1,0.911852265,0.429979758,0.649019222,0.517595544,27,0.5,1,N1 P1 O25,de-protonated,0,-9999,C50 H50 O25 N1 P1,50,50,25,1,1,-9999,-9999,-9999,-9999,-9999
1677,1094.234314,1094.234674431,1094.235394184,25111670,-9999,242844.3,38.09,-1,-0.657768509,0.462248496,0.653607294,0.538792015,27,0.489795918,1,N3 S1 O24,de-protonated,0,-9999,C49 H49 O24 N3 S1,49,49,24,3,-9999,1,-9999,-9999,-9999,-9999
1678,1094.238503,1094.238863432,1094.239416936,26356854,-9999,169515.8,40.07,-1,-0.505834527,0.477317116,0.631293472,0.538907658,31,0.407407407,0.907407407,N1 S1 O22,de-protonated,0,-9999,C54 H49 O22 N1 S1,54,49,22,1,-9999,1,-9999,-9999,-9999,-9999
1678,1094.238503,1094.238863432,1094.239906194,26356854,-9999,169515.8,40.07,-1,-0.952955035,0.424041072,0.618621811,0.501873368,35,0.245614035,0.877192982,N3 S2 P1 O14,de-protonated,0,-9999,C57 H50 O14 N3 P1 S2,57,50,14,3,1,2,-9999,-9999,-9999,-9999
1678,1094.238503,1094.238863432,1094.239036814,26356854,-9999,169515.8,40.07,-1,-0.158449436,0.497727435,0.622788794,0.54775197900000006,36,0.339285714,0.821428571,N3 P1 O19,de-protonated,0,-9999,C56 H46 O19 N3 P1,56,46,19,3,1,-9999,-9999,-9999,-9999,-9999
1678,1094.238503,1094.238863432,1094.238765488,26356854,-9999,169515.8,40.07,-1,0.089509351,0.499273652,0.667769153,0.566671852,22,0.52173913,1.152173913,N3 S2 O24,de-protonated,0,-9999,C46 H53 O24 N3 S2,46,53,24,3,-9999,2,-9999,-9999,-9999,-9999
1679,1096.346174,1096.34653519,1096.34760617,10071142,-9999,400379.7,14.14,-1,-0.976862246,0.420506065,0.576212942,0.482788816,40,0.102941176,0.882352941,N1 S2 P1 O7,de-protonated,0,-9999,C68 H60 O7 N1 P1 S2,68,60,7,1,1,2,-9999,-9999,-9999,-9999
1679,1096.346174,1096.34653519,1096.346465464,10071142,-9999,400379.7,14.14,-1,0.063598002,0.499633181,0.618621811,0.547228633,27,0.298245614,1.105263158,N1 S2 O17,de-protonated,0,-9999,C57 H63 O17 N1 S2,57,63,17,1,-9999,2,-9999,-9999,-9999,-9999
1679,1096.346174,1096.34653519,1096.345596084,10071142,-9999,400379.7,14.14,-1,0.856577815,0.875348192,0,0.525208915,28,0.392857143,1.053571429,N1 O22,de-protonated,0,-9999,C56 H59 O22 N1,56,59,22,1,-9999,-9999,-9999,-9999,-9999,-9999
1679,1096.346174,1096.34653519,1096.346598406,10071142,-9999,400379.7,14.14,-1,-0.057660858,0.999396906,0,0.599638144,14,0.543478261,1.47826087,N1 S1 P1 O25,de-protonated,0,-9999,C46 H68 O25 N1 P1 S1,46,68,25,1,1,1,-9999,-9999,-9999,-9999
1679,1096.346174,1096.34653519,1096.346085342,10071142,-9999,400379.7,14.14,-1,0.410315657,0.484956691,0.610452919,0.535155182,32,0.237288136,1.016949153,N3 S1 P1 O14,de-protonated,0,-9999,C59 H60 O14 N3 P1 S1,59,60,14,3,1,1,-9999,-9999,-9999,-9999
1680,1096.353034,1096.353395192,1096.353479397,21376102,-9999,154389.3,32.14,-1,-0.076804509000000007,0.49946511,0.602496955,0.540677848,31,0.196721311,1.049180328,N1 S2 P1 O12,de-protonated,0,-9999,C61 H64 O12 N1 P1 S2,61,64,12,1,1,2,-9999,-9999,-9999,-9999
1680,1096.353034,1096.353395192,1096.352610017,21376102,-9999,154389.3,32.14,-1,0.716170119,0.455567153,0.606448844,0.51591983,32,0.283333333,1,N1 P1 O17,de-protonated,0,-9999,C60 H60 O17 N1 P1,60,60,17,1,1,-9999,-9999,-9999,-9999,-9999
1680,1096.353034,1096.353395192,1096.3523386910001,21376102,-9999,154389.3,32.14,-1,0.963651102,0.422466686,0.649019222,0.5130877,18,0.44,1.34,N1 S2 O22,de-protonated,0,-9999,C50 H67 O22 N1 S2,50,67,22,1,-9999,2,-9999,-9999,-9999,-9999
1680,1096.353034,1096.353395192,1096.35432755,21376102,-9999,154389.3,32.14,-1,-0.850416728,0.438510101,0.610452919,0.507287228,32,0.271186441,1,N3 S1 O16,de-protonated,0,-9999,C59 H59 O16 N3 S1,59,59,16,3,-9999,1,-9999,-9999,-9999,-9999
1680,1096.353034,1096.353395192,1096.354460492,21376102,-9999,154389.3,32.14,-1,-0.971674608,0.421278039,0.658260696,0.516071102,19,0.5,1.333333333,N3 P1 O24,de-protonated,0,-9999,C48 H64 O24 N3 P1,48,64,24,3,1,-9999,-9999,-9999,-9999,-9999
1681,1096.360247,1096.360608195,1096.360852226,28257382,-9999,171270.8,43.1,-1,-0.222582663,0.495525383,0.606448844,0.539894767,32,0.316666667,0.983333333,N1 O19,de-protonated,0,-9999,C60 H59 O19 N1,60,59,19,1,-9999,-9999,-9999,-9999,-9999,-9999
1681,1096.360247,1096.360608195,1096.361341483,28257382,-9999,171270.8,43.1,-1,-0.668838129,0.307345625,0.523600568,0.393847602,36,0.174603175,0.952380952,N3 S1 P1 O11,de-protonated,0,-9999,C63 H60 O11 N3 P1 S1,63,60,11,3,1,1,-9999,-9999,-9999,-9999
1681,1096.360247,1096.360608195,1096.360200777,28257382,-9999,171270.8,43.1,-1,0.371609405,0.487627213,0.640033642,0.548589784,23,0.403846154,1.211538462,N3 S1 O21,de-protonated,0,-9999,C52 H63 O21 N3 S1,52,63,21,3,-9999,1,-9999,-9999,-9999,-9999
1681,1096.360247,1096.360608195,1096.361203098,28257382,-9999,171270.8,43.1,-1,-0.542616646,0.473988779,0.68763467,0.559447136,9,0.571428571,1.714285714,N3 S2 P1 O24,de-protonated,0,-9999,C42 H72 O24 N3 P1 S2,42,72,24,3,1,2,-9999,-9999,-9999,-9999
1682,1098.218991,1098.219352862,1098.220216121,10185821,-9999,229973.5,14.32,-1,-0.786051989,0.446971572,0.606448844,0.510762481,39,0.266666667,0.766666667,N1 S1 P1 O16,de-protonated,0,-9999,C60 H46 O16 N1 P1 S1,60,46,16,1,1,1,-9999,-9999,-9999,-9999
1682,1098.218991,1098.219352862,1098.219564672,10185821,-9999,229973.5,14.32,-1,-0.192866265,0.993273307,0,0.595963984,30,0.346153846,0.961538462,N3 S2 P1 O18,de-protonated,0,-9999,C52 H50 O18 N3 P1 S2,52,50,18,3,1,2,-9999,-9999,-9999,-9999
1682,1098.218991,1098.219352862,1098.218695292,10185821,-9999,229973.5,14.32,-1,0.598760854,0.937018741,0,0.562211245,31,0.450980392,0.901960784,N3 P1 O23,de-protonated,0,-9999,C51 H46 O23 N3 P1,51,46,23,3,1,-9999,-9999,-9999,-9999,-9999
1683,1098.362881,1098.363242914,1098.363256235,19475548,-9999,254924.8,29.12,-1,-0.012127532,0.499986657,0.576212942,0.530477171,39,0.102941176,0.911764706,N1 S2 P1 O7,de-protonated,0,-9999,C68 H62 O7 N1 P1 S2,68,62,7,1,1,2,-9999,-9999,-9999,-9999
1683,1098.362881,1098.363242914,1098.362386855,19475548,-9999,254924.8,29.12,-1,0.779396167,0.447817406,0.579826515,0.500621049,40,0.179104478,0.865671642,N1 P1 O12,de-protonated,0,-9999,C67 H58 O12 N1 P1,67,58,12,1,1,-9999,-9999,-9999,-9999,-9999
1683,1098.362881,1098.363242914,1098.36224847,19475548,-9999,254924.8,29.12,-1,0.905387877,0.430897255,0.667769153,0.525646014,13,0.543478261,1.52173913,N1 S1 P1 O25,de-protonated,0,-9999,C46 H70 O25 N1 P1 S1,46,70,25,1,1,1,-9999,-9999,-9999,-9999
1683,1098.362881,1098.363242914,1098.364104388,19475548,-9999,254924.8,29.12,-1,-0.784324253,0.447191673,0.583485697,0.501709283,40,0.166666667,0.863636364,N3 S1 O11,de-protonated,0,-9999,C66 H57 O11 N3 S1,66,57,11,3,-9999,1,-9999,-9999,-9999,-9999
1683,1098.362881,1098.363242914,1098.364237329,19475548,-9999,254924.8,29.12,-1,-0.905360264,0.430901164,0.627012296,0.509345617,27,0.345454545,1.127272727,N3 P1 O19,de-protonated,0,-9999,C55 H62 O19 N3 P1,55,62,19,3,1,-9999,-9999,-9999,-9999,-9999
1683,1098.362881,1098.363242914,1098.363966003,19475548,-9999,254924.8,29.12,-1,-0.658332937,0.462186195,0.672627142,0.546362573,13,0.533333333,1.533333333,N3 S2 O24,de-protonated,0,-9999,C45 H69 O24 N3 S2,45,69,24,3,-9999,2,-9999,-9999,-9999,-9999
1684,1098.537515,1098.537876977,1098.538169849,10759260,-9999,182838.6,15.24,-1,-0.266601241,0.493593059,0.572644131,0.525213488,30,0.101449275,1.173913043,N1 S2 O7,de-protonated,0,-9999,C69 H81 O7 N1 S2,69,81,7,1,-9999,2,-9999,-9999,-9999,-9999
1684,1098.537515,1098.537876977,1098.537300469,10759260,-9999,182838.6,15.24,-1,0.524796227,0.475627564,0.576212942,0.515861715,31,0.176470588,1.132352941,N1 O12,de-protonated,0,-9999,C68 H77 O12 N1,68,77,12,1,-9999,-9999,-9999,-9999,-9999,-9999
1684,1098.537515,1098.537876977,1098.53830279,10759260,-9999,182838.6,15.24,-1,-0.387618136,0.486552996,0.614510218,0.537735885,17,0.25862069,1.482758621,N1 S1 P1 O15,de-protonated,0,-9999,C58 H86 O15 N1 P1 S1,58,86,15,1,1,1,-9999,-9999,-9999,-9999
1684,1098.537515,1098.537876977,1098.537162084,10759260,-9999,182838.6,15.24,-1,0.650767844,0.926034953,0,0.555620972,4,0.531914894,1.893617021,N1 S1 O25,de-protonated,0,-9999,C47 H89 O25 N1 S1,47,89,25,1,-9999,1,-9999,-9999,-9999,-9999
1684,1098.537515,1098.537876977,1098.537789726,10759260,-9999,182838.6,15.24,-1,0.07942456,0.499428015,0.565637507,0.525911812,35,0.056338028,1.098591549,N3 S1 P1 O4,de-protonated,0,-9999,C71 H78 O4 N3 P1 S1,71,78,4,3,1,1,-9999,-9999,-9999,-9999
1684,1098.537515,1098.537876977,1098.537651342,10759260,-9999,182838.6,15.24,-1,0.205396065,0.99237435,0,0.59542461,8,0.34,1.8,N3 S2 P1 O17,de-protonated,0,-9999,C50 H90 O17 N3 P1 S2,50,90,17,3,1,2,-9999,-9999,-9999,-9999
1684,1098.537515,1098.537876977,1098.536781962,10759260,-9999,182838.6,15.24,-1,0.99679428,0.835030353,0,0.501018212,9,0.448979592,1.755102041,N3 P1 O22,de-protonated,0,-9999,C49 H86 O22 N3 P1,49,86,22,3,1,-9999,-9999,-9999,-9999,-9999
1685,1098.544908,1098.54526998,1098.545183781,9137244,-9999,264046.6,12.65,-1,0.078465790999999993,0.499441733,0.558800271,0.523185148,34,0.02739726,1.123287671,N1 S2 P1 O2,de-protonated,0,-9999,C73 H82 O2 N1 P1 S2,73,82,2,1,1,2,-9999,-9999,-9999,-9999
1685,1098.544908,1098.54526998,1098.544314401,9137244,-9999,264046.6,12.65,-1,0.86985848,0.435857025,0.562198102,0.486393456,35,0.097222222,1.083333333,N1 P1 O7,de-protonated,0,-9999,C72 H78 O7 N1 P1,72,78,7,1,1,-9999,-9999,-9999,-9999,-9999
1685,1098.544908,1098.54526998,1098.544176017,9137244,-9999,264046.6,12.65,-1,0.995829336,0.835321733,0,0.50119304,8,0.392156863,1.764705882,N1 S1 P1 O20,de-protonated,0,-9999,C51 H90 O20 N1 P1 S1,51,90,20,1,1,1,-9999,-9999,-9999,-9999
1685,1098.544908,1098.54526998,1098.546031934,9137244,-9999,264046.6,12.65,-1,-0.693603118,0.458204598,0.565637507,0.501177762,35,0.084507042,1.084507042,N3 S1 O6,de-protonated,0,-9999,C71 H77 O6 N3 S1,71,77,6,3,-9999,1,-9999,-9999,-9999,-9999
1685,1098.544908,1098.54526998,1098.546164876,9137244,-9999,264046.6,12.65,-1,-0.814619095,0.886556765,0,0.531934059,22,0.233333333,1.366666667,N3 P1 O14,de-protonated,0,-9999,C60 H82 O14 N3 P1,60,82,14,3,1,-9999,-9999,-9999,-9999,-9999
1685,1098.544908,1098.54526998,1098.54589355,9137244,-9999,264046.6,12.65,-1,-0.567632656,0.943212189,0,0.565927314,8,0.38,1.78,N3 S2 O19,de-protonated,0,-9999,C50 H89 O19 N3 S2,50,89,19,3,-9999,2,-9999,-9999,-9999,-9999
1685,1098.544908,1098.54526998,1098.54502417,9137244,-9999,264046.6,12.65,-1,0.22375901,0.990956352,0,0.594573811,9,0.489795918,1.734693878,N3 O24,de-protonated,0,-9999,C49 H85 O24 N3,49,85,24,3,-9999,-9999,-9999,-9999,-9999,-9999
0,112.455076,112.455083674,-9999,7248872.5,-9999,1560935.9,14.8,-1,-9999,-9999,-9999,-9999,-9999,-9999,-9999,unassigned,N/A,-9999,-9999,N/A,-9999,-9999,-9999,-9999,-9999,-9999,-9999,-9999,-9999,-9999
1,112.815106,112.815113803,-9999,32450910,-9999,1557648,73.18,-1,-9999,-9999,-9999,-9999,-9999,-9999,-9999,unassigned,N/A,-9999,-9999,N/A,-9999,-9999,-9999,-9999,-9999,-9999,-9999,-9999,-9999,-9999
2,114.895347,114.895355551,-9999,10055336,-9999,2548882.6,21.3,-1,-9999,-9999,-9999,-9999,-9999,-9999,-9999,unassigned,N/A,-9999,-9999,N/A,-9999,-9999,-9999,-9999,-9999,-9999,-9999,-9999,-9999,-9999
3,114.895551,114.895559551,-9999,28162312,-9999,2447595.4,63.24,-1,-9999,-9999,-9999,-9999,-9999,-9999,-9999,unassigned,N/A,-9999,-9999,N/A,-9999,-9999,-9999,-9999,-9999,-9999,-9999,-9999,-9999,-9999
4,115.044251,115.044259604,-9999,9313114,-9999,1659420.6,19.58,-1,-9999,-9999,-9999,-9999,-9999,-9999,-9999,unassigned,N/A,-9999,-9999,N/A,-9999,-9999,-9999,-9999,-9999,-9999,-9999,-9999,-9999,-9999
5,116.892589,116.892598269,-9999,6301464.5,-9999,2293596.6,12.6,-1,-9999,-9999,-9999,-9999,-9999,-9999,-9999,unassigned,N/A,-9999,-9999,N/A,-9999,-9999,-9999,-9999,-9999,-9999,-9999,-9999,-9999,-9999
6,116.893491,116.893500269,-9999,13753656,-9999,2390856.4,29.87,-1,-9999,-9999,-9999,-9999,-9999,-9999,-9999,unassigned,N/A,-9999,-9999,N/A,-9999,-9999,-9999,-9999,-9999,-9999,-9999,-9999,-9999,-9999
7,117.019106,117.019115314,-9999,14851369,-9999,2552111.8,32.41,-1,-9999,-9999,-9999,-9999,-9999,-9999,-9999,unassigned,N/A,-9999,-9999,N/A,-9999,-9999,-9999,-9999,-9999,-9999,-9999,-9999,-9999,-9999
8,117.019305,117.019314314,-9999,39528232,-9999,2288254.4,89.57,-1,-9999,-9999,-9999,-9999,-9999,-9999,-9999,unassigned,N/A,-9999,-9999,N/A,-9999,-9999,-9999,-9999,-9999,-9999,-9999,-9999,-9999,-9999
9,118.363861,118.363870797,-9999,8190018.5,-9999,1639403.3,16.98,-1,-9999,-9999,-9999,-9999,-9999,-9999,-9999,unassigned,N/A,-9999,-9999,N/A,-9999,-9999,-9999,-9999,-9999,-9999,-9999,-9999,-9999,-9999
10,118.890552,118.890561986,-9999,8816445,-9999,2511475.3,18.43,-1,-9999,-9999,-9999,-9999,-9999,-9999,-9999,unassigned,N/A,-9999,-9999,N/A,-9999,-9999,-9999,-9999,-9999,-9999,-9999,-9999,-9999,-9999
11,119.946973,119.946983366,-9999,7639981,-9999,2351431,15.71,-1,-9999,-9999,-9999,-9999,-9999,-9999,-9999,unassigned,N/A,-9999,-9999,N/A,-9999,-9999,-9999,-9999,-9999,-9999,-9999,-9999,-9999,-9999
13,122.906633,122.906644429,-9999,16899596,-9999,2518739.8,37.16,-1,-9999,-9999,-9999,-9999,-9999,-9999,-9999,unassigned,N/A,-9999,-9999,N/A,-9999,-9999,-9999,-9999,-9999,-9999,-9999,-9999,-9999,-9999
14,122.90686,122.906871429,-9999,55654412,-9999,2257857.6,126.93,-1,-9999,-9999,-9999,-9999,-9999,-9999,-9999,unassigned,N/A,-9999,-9999,N/A,-9999,-9999,-9999,-9999,-9999,-9999,-9999,-9999,-9999,-9999
15,122.907092,122.90710343,-9999,10542092,-9999,2083603.6,22.43,-1,-9999,-9999,-9999,-9999,-9999,-9999,-9999,unassigned,N/A,-9999,-9999,N/A,-9999,-9999,-9999,-9999,-9999,-9999,-9999,-9999,-9999,-9999
16,124.983752,124.983764176,-9999,6202356.5,-9999,2494400.2,12.38,-1,-9999,-9999,-9999,-9999,-9999,-9999,-9999,unassigned,N/A,-9999,-9999,N/A,-9999,-9999,-9999,-9999,-9999,-9999,-9999,-9999,-9999,-9999
17,124.983983,124.983995176,-9999,20783348,-9999,2119895.6,46.15,-1,-9999,-9999,-9999,-9999,-9999,-9999,-9999,unassigned,N/A,-9999,-9999,N/A,-9999,-9999,-9999,-9999,-9999,-9999,-9999,-9999,-9999,-9999
18,127.016716,127.016728906,-9999,12016132,-9999,2354712.9,25.85,-1,-9999,-9999,-9999,-9999,-9999,-9999,-9999,unassigned,N/A,-9999,-9999,N/A,-9999,-9999,-9999,-9999,-9999,-9999,-9999,-9999,-9999,-9999
22,128.891876,128.89188958,-9999,10774357,-9999,2265392.7,22.97,-1,-9999,-9999,-9999,-9999,-9999,-9999,-9999,unassigned,N/A,-9999,-9999,N/A,-9999,-9999,-9999,-9999,-9999,-9999,-9999,-9999,-9999,-9999
23,128.892132,128.89214558,-9999,39074132,-9999,1968469.7,88.52,-1,-9999,-9999,-9999,-9999,-9999,-9999,-9999,unassigned,N/A,-9999,-9999,N/A,-9999,-9999,-9999,-9999,-9999,-9999,-9999,-9999,-9999,-9999
24,128.892398,128.89241158,-9999,6972500.5,-9999,2322161.5,14.16,-1,-9999,-9999,-9999,-9999,-9999,-9999,-9999,unassigned,N/A,-9999,-9999,N/A,-9999,-9999,-9999,-9999,-9999,-9999,-9999,-9999,-9999,-9999
26,129.055182,129.055195639,-9999,17015112,-9999,2383220.3,37.43,-1,-9999,-9999,-9999,-9999,-9999,-9999,-9999,unassigned,N/A,-9999,-9999,N/A,-9999,-9999,-9999,-9999,-9999,-9999,-9999,-9999,-9999,-9999
27,129.055437,129.055450639,-9999,66439496,-9999,2179177.2,151.91,-1,-9999,-9999,-9999,-9999,-9999,-9999,-9999,unassigned,N/A,-9999,-9999,N/A,-9999,-9999,-9999,-9999,-9999,-9999,-9999,-9999,-9999,-9999
29,129.055953,129.055966639,-9999,29916488,-9999,1913357.4,67.31,-1,-9999,-9999,-9999,-9999,-9999,-9999,-9999,unassigned,N/A,-9999,-9999,N/A,-9999,-9999,-9999,-9999,-9999,-9999,-9999,-9999,-9999,-9999
30,129.994145,129.994158976,-9999,18328842,-9999,2252499,40.47,-1,-9999,-9999,-9999,-9999,-9999,-9999,-9999,unassigned,N/A,-9999,-9999,N/A,-9999,-9999,-9999,-9999,-9999,-9999,-9999,-9999,-9999,-9999
31,129.99441,129.994423976,-9999,73279752,-9999,2030717.3,167.76,-1,-9999,-9999,-9999,-9999,-9999,-9999,-9999,unassigned,N/A,-9999,-9999,N/A,-9999,-9999,-9999,-9999,-9999,-9999,-9999,-9999,-9999,-9999
32,129.994684,129.994697976,-9999,10030857,-9999,2146028.5,21.25,-1,-9999,-9999,-9999,-9999,-9999,-9999,-9999,unassigned,N/A,-9999,-9999,N/A,-9999,-9999,-9999,-9999,-9999,-9999,-9999,-9999,-9999,-9999
34,130.888913,130.888927297,-9999,11225821,-9999,2233468.2,24.02,-1,-9999,-9999,-9999,-9999,-9999,-9999,-9999,unassigned,N/A,-9999,-9999,N/A,-9999,-9999,-9999,-9999,-9999,-9999,-9999,-9999,-9999,-9999
35,130.889181,130.889195298,-9999,38928604,-9999,2055247.6,88.19,-1,-9999,-9999,-9999,-9999,-9999,-9999,-9999,unassigned,N/A,-9999,-9999,N/A,-9999,-9999,-9999,-9999,-9999,-9999,-9999,-9999,-9999,-9999
36,131.03469,131.03470435,-9999,9107160,-9999,2082390.5,19.11,-1,-9999,-9999,-9999,-9999,-9999,-9999,-9999,unassigned,N/A,-9999,-9999,N/A,-9999,-9999,-9999,-9999,-9999,-9999,-9999,-9999,-9999,-9999
38,131.071083,131.071097363,-9999,11643094,-9999,2204937,24.98,-1,-9999,-9999,-9999,-9999,-9999,-9999,-9999,unassigned,N/A,-9999,-9999,N/A,-9999,-9999,-9999,-9999,-9999,-9999,-9999,-9999,-9999,-9999
40,131.071625,131.071639363,-9999,6162390.5,-9999,1978623.4,12.29,-1,-9999,-9999,-9999,-9999,-9999,-9999,-9999,unassigned,N/A,-9999,-9999,N/A,-9999,-9999,-9999,-9999,-9999,-9999,-9999,-9999,-9999,-9999
41,131.991189,131.991203694,-9999,14374079,-9999,2215138,31.31,-1,-9999,-9999,-9999,-9999,-9999,-9999,-9999,unassigned,N/A,-9999,-9999,N/A,-9999,-9999,-9999,-9999,-9999,-9999,-9999,-9999,-9999,-9999
42,131.991456,131.991470694,-9999,57456832,-9999,1953157,131.11,-1,-9999,-9999,-9999,-9999,-9999,-9999,-9999,unassigned,N/A,-9999,-9999,N/A,-9999,-9999,-9999,-9999,-9999,-9999,-9999,-9999,-9999,-9999
43,132.886231,132.886246015,-9999,14800061,-9999,1865384.5,32.3,-1,-9999,-9999,-9999,-9999,-9999,-9999,-9999,unassigned,N/A,-9999,-9999,N/A,-9999,-9999,-9999,-9999,-9999,-9999,-9999,-9999,-9999,-9999
44,132.920909,132.920924028,-9999,7416509,-9999,2127210.7,15.19,-1,-9999,-9999,-9999,-9999,-9999,-9999,-9999,unassigned,N/A,-9999,-9999,N/A,-9999,-9999,-9999,-9999,-9999,-9999,-9999,-9999,-9999,-9999
45,132.94628,132.946295037,-9999,18910398,-9999,1970377,41.82,-1,-9999,-9999,-9999,-9999,-9999,-9999,-9999,unassigned,N/A,-9999,-9999,N/A,-9999,-9999,-9999,-9999,-9999,-9999,-9999,-9999,-9999,-9999
46,133.01423,133.014245061,-9999,10668222,-9999,1770085,22.72,-1,-9999,-9999,-9999,-9999,-9999,-9999,-9999,unassigned,N/A,-9999,-9999,N/A,-9999,-9999,-9999,-9999,-9999,-9999,-9999,-9999,-9999,-9999
47,133.988503,133.988518411,-9999,8004311.5,-9999,2171002.5,16.55,-1,-9999,-9999,-9999,-9999,-9999,-9999,-9999,unassigned,N/A,-9999,-9999,N/A,-9999,-9999,-9999,-9999,-9999,-9999,-9999,-9999,-9999,-9999
48,133.991441,133.991456412,-9999,11483351,-9999,2185303.9,24.61,-1,-9999,-9999,-9999,-9999,-9999,-9999,-9999,unassigned,N/A,-9999,-9999,N/A,-9999,-9999,-9999,-9999,-9999,-9999,-9999,-9999,-9999,-9999
49,133.991723,133.991738412,-9999,52357336,-9999,1943527.8,119.29,-1,-9999,-9999,-9999,-9999,-9999,-9999,-9999,unassigned,N/A,-9999,-9999,N/A,-9999,-9999,-9999,-9999,-9999,-9999,-9999,-9999,-9999,-9999
50,133.992018,133.992033412,-9999,7081175.5,-9999,2242522,14.41,-1,-9999,-9999,-9999,-9999,-9999,-9999,-9999,unassigned,N/A,-9999,-9999,N/A,-9999,-9999,-9999,-9999,-9999,-9999,-9999,-9999,-9999,-9999
51,134.916579,134.916594745,-9999,10087689,-9999,2027319.8,21.38,-1,-9999,-9999,-9999,-9999,-9999,-9999,-9999,unassigned,N/A,-9999,-9999,N/A,-9999,-9999,-9999,-9999,-9999,-9999,-9999,-9999,-9999,-9999
52,134.943322,134.943337754,-9999,6526219,-9999,2458259.2,13.13,-1,-9999,-9999,-9999,-9999,-9999,-9999,-9999,unassigned,N/A,-9999,-9999,N/A,-9999,-9999,-9999,-9999,-9999,-9999,-9999,-9999,-9999,-9999
54,136.877482,136.877498449,-9999,24381900,-9999,1856409.6,54.49,-1,-9999,-9999,-9999,-9999,-9999,-9999,-9999,unassigned,N/A,-9999,-9999,N/A,-9999,-9999,-9999,-9999,-9999,-9999,-9999,-9999,-9999,-9999
55,136.91363,136.913646462,-9999,9848274,-9999,1725405.7,20.82,-1,-9999,-9999,-9999,-9999,-9999,-9999,-9999,unassigned,N/A,-9999,-9999,N/A,-9999,-9999,-9999,-9999,-9999,-9999,-9999,-9999,-9999,-9999
56,137.024101,137.024117502,-9999,10516961,-9999,2156646.7,22.37,-1,-9999,-9999,-9999,-9999,-9999,-9999,-9999,unassigned,N/A,-9999,-9999,N/A,-9999,-9999,-9999,-9999,-9999,-9999,-9999,-9999,-9999,-9999
59,138.874533,138.874550167,-9999,7021346.5,-9999,1666122,14.27,-1,-9999,-9999,-9999,-9999,-9999,-9999,-9999,unassigned,N/A,-9999,-9999,N/A,-9999,-9999,-9999,-9999,-9999,-9999,-9999,-9999,-9999,-9999
60,138.875435,138.875452167,-9999,21099298,-9999,1938722.4,46.89,-1,-9999,-9999,-9999,-9999,-9999,-9999,-9999,unassigned,N/A,-9999,-9999,N/A,-9999,-9999,-9999,-9999,-9999,-9999,-9999,-9999,-9999,-9999
62,140.048357,140.048374588,-9999,7369270,-9999,2003198.9,15.08,-1,-9999,-9999,-9999,-9999,-9999,-9999,-9999,unassigned,N/A,-9999,-9999,N/A,-9999,-9999,-9999,-9999,-9999,-9999,-9999,-9999,-9999,-9999
63,140.872491,140.872508885,-9999,6154010.5,-9999,1896370.1,12.26,-1,-9999,-9999,-9999,-9999,-9999,-9999,-9999,unassigned,N/A,-9999,-9999,N/A,-9999,-9999,-9999,-9999,-9999,-9999,-9999,-9999,-9999,-9999
64,140.91712,140.917137901,-9999,13204776,-9999,2118831.5,28.6,-1,-9999,-9999,-9999,-9999,-9999,-9999,-9999,unassigned,N/A,-9999,-9999,N/A,-9999,-9999,-9999,-9999,-9999,-9999,-9999,-9999,-9999,-9999
65,140.917431,140.917448901,-9999,57445672,-9999,1724313.5,131.08,-1,-9999,-9999,-9999,-9999,-9999,-9999,-9999,unassigned,N/A,-9999,-9999,N/A,-9999,-9999,-9999,-9999,-9999,-9999,-9999,-9999,-9999,-9999
67,141.914504,141.914522259,-9999,14227048,-9999,1847886.5,30.96,-1,-9999,-9999,-9999,-9999,-9999,-9999,-9999,unassigned,N/A,-9999,-9999,N/A,-9999,-9999,-9999,-9999,-9999,-9999,-9999,-9999,-9999,-9999
70,143.912462,143.912480977,-9999,16255355,-9999,1666762.7,35.6,-1,-9999,-9999,-9999,-9999,-9999,-9999,-9999,unassigned,N/A,-9999,-9999,N/A,-9999,-9999,-9999,-9999,-9999,-9999,-9999,-9999,-9999,-9999
72,144.869014,144.869033321,-9999,14881595,-9999,2224750.3,32.37,-1,-9999,-9999,-9999,-9999,-9999,-9999,-9999,unassigned,N/A,-9999,-9999,N/A,-9999,-9999,-9999,-9999,-9999,-9999,-9999,-9999,-9999,-9999
73,144.869348,144.869367321,-9999,67961656,-9999,1988404.3,154.91,-1,-9999,-9999,-9999,-9999,-9999,-9999,-9999,unassigned,N/A,-9999,-9999,N/A,-9999,-9999,-9999,-9999,-9999,-9999,-9999,-9999,-9999,-9999
74,144.869676,144.869695321,-9999,303604544,-9999,1658959.4,698.92,-1,-9999,-9999,-9999,-9999,-9999,-9999,-9999,unassigned,N/A,-9999,-9999,N/A,-9999,-9999,-9999,-9999,-9999,-9999,-9999,-9999,-9999,-9999
75,144.870029,144.870048321,-9999,26702652,-9999,1963892.9,59.66,-1,-9999,-9999,-9999,-9999,-9999,-9999,-9999,unassigned,N/A,-9999,-9999,N/A,-9999,-9999,-9999,-9999,-9999,-9999,-9999,-9999,-9999,-9999
76,144.972907,144.972926358,-9999,15496047,-9999,1850074,33.79,-1,-9999,-9999,-9999,-9999,-9999,-9999,-9999,unassigned,N/A,-9999,-9999,N/A,-9999,-9999,-9999,-9999,-9999,-9999,-9999,-9999,-9999,-9999
77,145.050275,145.050294386,-9999,13663126,-9999,2080331,29.56,-1,-9999,-9999,-9999,-9999,-9999,-9999,-9999,unassigned,N/A,-9999,-9999,N/A,-9999,-9999,-9999,-9999,-9999,-9999,-9999,-9999,-9999,-9999
79,145.050949,145.050968386,-9999,6578070,-9999,2046432.6,13.2,-1,-9999,-9999,-9999,-9999,-9999,-9999,-9999,unassigned,N/A,-9999,-9999,N/A,-9999,-9999,-9999,-9999,-9999,-9999,-9999,-9999,-9999,-9999
82,146.866386,146.866406038,-9999,54282100,-9999,1917478.2,123.11,-1,-9999,-9999,-9999,-9999,-9999,-9999,-9999,unassigned,N/A,-9999,-9999,N/A,-9999,-9999,-9999,-9999,-9999,-9999,-9999,-9999,-9999,-9999
83,146.866724,146.866744038,-9999,250849136,-9999,1657343.3,576.1,-1,-9999,-9999,-9999,-9999,-9999,-9999,-9999,unassigned,N/A,-9999,-9999,N/A,-9999,-9999,-9999,-9999,-9999,-9999,-9999,-9999,-9999,-9999
84,146.867083,146.867103038,-9999,19795830,-9999,1842172.9,43.63,-1,-9999,-9999,-9999,-9999,-9999,-9999,-9999,unassigned,N/A,-9999,-9999,N/A,-9999,-9999,-9999,-9999,-9999,-9999,-9999,-9999,-9999,-9999
85,147.029875,147.029895097,-9999,12233686,-9999,1600428.8,26.21,-1,-9999,-9999,-9999,-9999,-9999,-9999,-9999,unassigned,N/A,-9999,-9999,N/A,-9999,-9999,-9999,-9999,-9999,-9999,-9999,-9999,-9999,-9999
86,148.863421,148.863441756,-9999,19508330,-9999,1889749.9,42.89,-1,-9999,-9999,-9999,-9999,-9999,-9999,-9999,unassigned,N/A,-9999,-9999,N/A,-9999,-9999,-9999,-9999,-9999,-9999,-9999,-9999,-9999,-9999
87,148.86377,148.863790756,-9999,92335208,-9999,1739435.2,210.42,-1,-9999,-9999,-9999,-9999,-9999,-9999,-9999,unassigned,N/A,-9999,-9999,N/A,-9999,-9999,-9999,-9999,-9999,-9999,-9999,-9999,-9999,-9999
88,148.864133,148.864153756,-9999,10071147,-9999,1418876.9,21.18,-1,-9999,-9999,-9999,-9999,-9999,-9999,-9999,unassigned,N/A,-9999,-9999,N/A,-9999,-9999,-9999,-9999,-9999,-9999,-9999,-9999,-9999,-9999
90,150.860833,150.860854473,-9999,8006161.5,-9999,1787202.5,16.4,-1,-9999,-9999,-9999,-9999,-9999,-9999,-9999,unassigned,N/A,-9999,-9999,N/A,-9999,-9999,-9999,-9999,-9999,-9999,-9999,-9999,-9999,-9999
91,150.886264,150.886285483,-9999,28881444,-9999,1960703.6,64.33,-1,-9999,-9999,-9999,-9999,-9999,-9999,-9999,unassigned,N/A,-9999,-9999,N/A,-9999,-9999,-9999,-9999,-9999,-9999,-9999,-9999,-9999,-9999
92,150.886626,150.886647483,-9999,168571424,-9999,1673469.6,385.06,-1,-9999,-9999,-9999,-9999,-9999,-9999,-9999,unassigned,N/A,-9999,-9999,N/A,-9999,-9999,-9999,-9999,-9999,-9999,-9999,-9999,-9999,-9999
93,150.887,150.887021483,-9999,17310246,-9999,1596904.7,37.76,-1,-9999,-9999,-9999,-9999,-9999,-9999,-9999,unassigned,N/A,-9999,-9999,N/A,-9999,-9999,-9999,-9999,-9999,-9999,-9999,-9999,-9999,-9999
95,152.883299,152.8833212,-9999,33339508,-9999,1907338.5,74.42,-1,-9999,-9999,-9999,-9999,-9999,-9999,-9999,unassigned,N/A,-9999,-9999,N/A,-9999,-9999,-9999,-9999,-9999,-9999,-9999,-9999,-9999,-9999
96,152.88367,152.8836922,-9999,163133552,-9999,1645794.5,371.86,-1,-9999,-9999,-9999,-9999,-9999,-9999,-9999,unassigned,N/A,-9999,-9999,N/A,-9999,-9999,-9999,-9999,-9999,-9999,-9999,-9999,-9999,-9999
97,152.884056,152.8840782,-9999,21018740,-9999,1690834.1,46.18,-1,-9999,-9999,-9999,-9999,-9999,-9999,-9999,unassigned,N/A,-9999,-9999,N/A,-9999,-9999,-9999,-9999,-9999,-9999,-9999,-9999,-9999,-9999
98,153.018937,153.018959249,-9999,18032872,-9999,1887656,39.34,-1,-9999,-9999,-9999,-9999,-9999,-9999,-9999,unassigned,N/A,-9999,-9999,N/A,-9999,-9999,-9999,-9999,-9999,-9999,-9999,-9999,-9999,-9999
100,153.019693,153.019715249,-9999,7813352.5,-9999,1914092.9,15.92,-1,-9999,-9999,-9999,-9999,-9999,-9999,-9999,unassigned,N/A,-9999,-9999,N/A,-9999,-9999,-9999,-9999,-9999,-9999,-9999,-9999,-9999,-9999
102,154.880335,154.880357918,-9999,11698015,-9999,1954162,24.77,-1,-9999,-9999,-9999,-9999,-9999,-9999,-9999,unassigned,N/A,-9999,-9999,N/A,-9999,-9999,-9999,-9999,-9999,-9999,-9999,-9999,-9999,-9999
103,154.880715,154.880737918,-9999,59547488,-9999,1693772.6,134.21,-1,-9999,-9999,-9999,-9999,-9999,-9999,-9999,unassigned,N/A,-9999,-9999,N/A,-9999,-9999,-9999,-9999,-9999,-9999,-9999,-9999,-9999,-9999
104,154.881105,154.881127918,-9999,8771424,-9999,1516875.9,18.08,-1,-9999,-9999,-9999,-9999,-9999,-9999,-9999,unassigned,N/A,-9999,-9999,N/A,-9999,-9999,-9999,-9999,-9999,-9999,-9999,-9999,-9999,-9999
105,154.918703,154.918725931,-9999,7778178.5,-9999,1688898.5,15.8,-1,-9999,-9999,-9999,-9999,-9999,-9999,-9999,unassigned,N/A,-9999,-9999,N/A,-9999,-9999,-9999,-9999,-9999,-9999,-9999,-9999,-9999,-9999
106,154.92821,154.928232935,-9999,15662987,-9999,1642621.5,33.84,-1,-9999,-9999,-9999,-9999,-9999,-9999,-9999,unassigned,N/A,-9999,-9999,N/A,-9999,-9999,-9999,-9999,-9999,-9999,-9999,-9999,-9999,-9999
107,154.932694,154.932716936,-9999,17842064,-9999,1870758.7,38.82,-1,-9999,-9999,-9999,-9999,-9999,-9999,-9999,unassigned,N/A,-9999,-9999,N/A,-9999,-9999,-9999,-9999,-9999,-9999,-9999,-9999,-9999,-9999
108,154.933077,154.933099937,-9999,104480656,-9999,1664548.8,236.98,-1,-9999,-9999,-9999,-9999,-9999,-9999,-9999,unassigned,N/A,-9999,-9999,N/A,-9999,-9999,-9999,-9999,-9999,-9999,-9999,-9999,-9999,-9999
109,154.933469,154.933491937,-9999,8533904,-9999,1834697.5,17.53,-1,-9999,-9999,-9999,-9999,-9999,-9999,-9999,unassigned,N/A,-9999,-9999,N/A,-9999,-9999,-9999,-9999,-9999,-9999,-9999,-9999,-9999,-9999
114,158.988562,158.988586394,-9999,26902358,-9999,1570977.7,59.3,-1,-9999,-9999,-9999,-9999,-9999,-9999,-9999,unassigned,N/A,-9999,-9999,N/A,-9999,-9999,-9999,-9999,-9999,-9999,-9999,-9999,-9999,-9999
115,159.065857,159.065881422,-9999,11100072,-9999,1876530.7,23.3,-1,-9999,-9999,-9999,-9999,-9999,-9999,-9999,unassigned,N/A,-9999,-9999,N/A,-9999,-9999,-9999,-9999,-9999,-9999,-9999,-9999,-9999,-9999
118,159.845127,159.845151702,-9999,7393006.5,-9999,1611399.8,14.82,-1,-9999,-9999,-9999,-9999,-9999,-9999,-9999,unassigned,N/A,-9999,-9999,N/A,-9999,-9999,-9999,-9999,-9999,-9999,-9999,-9999,-9999,-9999
119,160.06962,160.069644782,-9999,6211555.5,-9999,1658311.8,12.13,-1,-9999,-9999,-9999,-9999,-9999,-9999,-9999,unassigned,N/A,-9999,-9999,N/A,-9999,-9999,-9999,-9999,-9999,-9999,-9999,-9999,-9999,-9999
120,160.841598,160.84162306,-9999,8515385,-9999,1756857.4,17.37,-1,-9999,-9999,-9999,-9999,-9999,-9999,-9999,unassigned,N/A,-9999,-9999,N/A,-9999,-9999,-9999,-9999,-9999,-9999,-9999,-9999,-9999,-9999
121,160.842014,160.84203906,-9999,41056056,-9999,1590946.4,91.34,-1,-9999,-9999,-9999,-9999,-9999,-9999,-9999,unassigned,N/A,-9999,-9999,N/A,-9999,-9999,-9999,-9999,-9999,-9999,-9999,-9999,-9999,-9999
122,160.985619,160.985644111,-9999,7661530,-9999,1687981.6,15.43,-1,-9999,-9999,-9999,-9999,-9999,-9999,-9999,unassigned,N/A,-9999,-9999,N/A,-9999,-9999,-9999,-9999,-9999,-9999,-9999,-9999,-9999,-9999
125,161.842176,161.842201419,-9999,6454180,-9999,1383314.9,12.65,-1,-9999,-9999,-9999,-9999,-9999,-9999,-9999,unassigned,N/A,-9999,-9999,N/A,-9999,-9999,-9999,-9999,-9999,-9999,-9999,-9999,-9999,-9999
127,162.839064,162.839089777,-9999,35668008,-9999,1538029.7,78.92,-1,-9999,-9999,-9999,-9999,-9999,-9999,-9999,unassigned,N/A,-9999,-9999,N/A,-9999,-9999,-9999,-9999,-9999,-9999,-9999,-9999,-9999,-9999
128,162.842002,162.842027778,-9999,25813034,-9999,1795121.7,56.56,-1,-9999,-9999,-9999,-9999,-9999,-9999,-9999,unassigned,N/A,-9999,-9999,N/A,-9999,-9999,-9999,-9999,-9999,-9999,-9999,-9999,-9999,-9999
129,162.842423,162.842448778,-9999,169730096,-9999,1507274.8,383.01,-1,-9999,-9999,-9999,-9999,-9999,-9999,-9999,unassigned,N/A,-9999,-9999,N/A,-9999,-9999,-9999,-9999,-9999,-9999,-9999,-9999,-9999,-9999
130,162.842855,162.842880779,-9999,13545515,-9999,1780606.2,28.74,-1,-9999,-9999,-9999,-9999,-9999,-9999,-9999,unassigned,N/A,-9999,-9999,N/A,-9999,-9999,-9999,-9999,-9999,-9999,-9999,-9999,-9999,-9999
131,162.982364,162.982389829,-9999,8358094,-9999,1627780.4,16.97,-1,-9999,-9999,-9999,-9999,-9999,-9999,-9999,unassigned,N/A,-9999,-9999,N/A,-9999,-9999,-9999,-9999,-9999,-9999,-9999,-9999,-9999,-9999
132,163.039624,163.039649849,-9999,7907601.5,-9999,1647873.5,15.95,-1,-9999,-9999,-9999,-9999,-9999,-9999,-9999,unassigned,N/A,-9999,-9999,N/A,-9999,-9999,-9999,-9999,-9999,-9999,-9999,-9999,-9999,-9999
134,164.836113,164.836139495,-9999,13281657,-9999,1583985.9,28.07,-1,-9999,-9999,-9999,-9999,-9999,-9999,-9999,unassigned,N/A,-9999,-9999,N/A,-9999,-9999,-9999,-9999,-9999,-9999,-9999,-9999,-9999,-9999
135,164.837431,164.837457495,-9999,10418555,-9999,1882342.8,21.59,-1,-9999,-9999,-9999,-9999,-9999,-9999,-9999,unassigned,N/A,-9999,-9999,N/A,-9999,-9999,-9999,-9999,-9999,-9999,-9999,-9999,-9999,-9999
136,164.837864,164.837890495,-9999,66382204,-9999,1536919.6,148.25,-1,-9999,-9999,-9999,-9999,-9999,-9999,-9999,unassigned,N/A,-9999,-9999,N/A,-9999,-9999,-9999,-9999,-9999,-9999,-9999,-9999,-9999,-9999
137,164.839036,164.839062496,-9999,27150716,-9999,1856935.7,59.46,-1,-9999,-9999,-9999,-9999,-9999,-9999,-9999,unassigned,N/A,-9999,-9999,N/A,-9999,-9999,-9999,-9999,-9999,-9999,-9999,-9999,-9999,-9999
138,164.83947,164.839496496,-9999,170092928,-9999,1565917,382.98,-1,-9999,-9999,-9999,-9999,-9999,-9999,-9999,unassigned,N/A,-9999,-9999,N/A,-9999,-9999,-9999,-9999,-9999,-9999,-9999,-9999,-9999,-9999
139,164.839908,164.839934496,-9999,15473022,-9999,1725700,33.03,-1,-9999,-9999,-9999,-9999,-9999,-9999,-9999,unassigned,N/A,-9999,-9999,N/A,-9999,-9999,-9999,-9999,-9999,-9999,-9999,-9999,-9999,-9999
141,165.032368,165.032394565,-9999,14666345,-9999,1601431.8,31.2,-1,-9999,-9999,-9999,-9999,-9999,-9999,-9999,unassigned,N/A,-9999,-9999,N/A,-9999,-9999,-9999,-9999,-9999,-9999,-9999,-9999,-9999,-9999
143,166.834472,166.834499213,-9999,8153897,-9999,1915342.5,16.42,-1,-9999,-9999,-9999,-9999,-9999,-9999,-9999,unassigned,N/A,-9999,-9999,N/A,-9999,-9999,-9999,-9999,-9999,-9999,-9999,-9999,-9999,-9999
144,166.834913,166.834940213,-9999,62403368,-9999,1533782.3,138.93,-1,-9999,-9999,-9999,-9999,-9999,-9999,-9999,unassigned,N/A,-9999,-9999,N/A,-9999,-9999,-9999,-9999,-9999,-9999,-9999,-9999,-9999,-9999
145,166.835432,166.835459213,-9999,7912234,-9999,1346314.6,15.88,-1,-9999,-9999,-9999,-9999,-9999,-9999,-9999,unassigned,N/A,-9999,-9999,N/A,-9999,-9999,-9999,-9999,-9999,-9999,-9999,-9999,-9999,-9999
146,166.836073,166.836100213,-9999,6576939,-9999,2137358.8,12.86,-1,-9999,-9999,-9999,-9999,-9999,-9999,-9999,unassigned,N/A,-9999,-9999,N/A,-9999,-9999,-9999,-9999,-9999,-9999,-9999,-9999,-9999,-9999
147,166.836516,166.836543214,-9999,51950380,-9999,1562383.6,115.32,-1,-9999,-9999,-9999,-9999,-9999,-9999,-9999,unassigned,N/A,-9999,-9999,N/A,-9999,-9999,-9999,-9999,-9999,-9999,-9999,-9999,-9999,-9999
149,168.043274,168.043301647,-9999,7762221,-9999,1660689,15.5,-1,-9999,-9999,-9999,-9999,-9999,-9999,-9999,unassigned,N/A,-9999,-9999,N/A,-9999,-9999,-9999,-9999,-9999,-9999,-9999,-9999,-9999,-9999
150,168.831962,168.831989931,-9999,19828008,-9999,1500004.3,42.68,-1,-9999,-9999,-9999,-9999,-9999,-9999,-9999,unassigned,N/A,-9999,-9999,N/A,-9999,-9999,-9999,-9999,-9999,-9999,-9999,-9999,-9999,-9999
151,168.832464,168.832491931,-9999,9069865,-9999,1546701,18.44,-1,-9999,-9999,-9999,-9999,-9999,-9999,-9999,unassigned,N/A,-9999,-9999,N/A,-9999,-9999,-9999,-9999,-9999,-9999,-9999,-9999,-9999,-9999
152,168.835767,168.835794932,-9999,11357486,-9999,1759785,23.6,-1,-9999,-9999,-9999,-9999,-9999,-9999,-9999,unassigned,N/A,-9999,-9999,N/A,-9999,-9999,-9999,-9999,-9999,-9999,-9999,-9999,-9999,-9999
153,168.836218,168.836245932,-9999,72580400,-9999,1513377.9,161.53,-1,-9999,-9999,-9999,-9999,-9999,-9999,-9999,unassigned,N/A,-9999,-9999,N/A,-9999,-9999,-9999,-9999,-9999,-9999,-9999,-9999,-9999,-9999
154,168.857597,168.85762494,-9999,6319434,-9999,1735246.6,12.25,-1,-9999,-9999,-9999,-9999,-9999,-9999,-9999,unassigned,N/A,-9999,-9999,N/A,-9999,-9999,-9999,-9999,-9999,-9999,-9999,-9999,-9999,-9999
155,168.948724,168.948751972,-9999,36208064,-9999,1537831.9,79.58,-1,-9999,-9999,-9999,-9999,-9999,-9999,-9999,unassigned,N/A,-9999,-9999,N/A,-9999,-9999,-9999,-9999,-9999,-9999,-9999,-9999,-9999,-9999
156,168.989338,168.989365987,-9999,8871414,-9999,1512737.5,18,-1,-9999,-9999,-9999,-9999,-9999,-9999,-9999,unassigned,N/A,-9999,-9999,N/A,-9999,-9999,-9999,-9999,-9999,-9999,-9999,-9999,-9999,-9999
159,170.832806,170.832834649,-9999,8976243,-9999,2022853.8,18.18,-1,-9999,-9999,-9999,-9999,-9999,-9999,-9999,unassigned,N/A,-9999,-9999,N/A,-9999,-9999,-9999,-9999,-9999,-9999,-9999,-9999,-9999,-9999
160,170.833112,170.83314065,-9999,37422964,-9999,1246650.8,82.12,-1,-9999,-9999,-9999,-9999,-9999,-9999,-9999,unassigned,N/A,-9999,-9999,N/A,-9999,-9999,-9999,-9999,-9999,-9999,-9999,-9999,-9999,-9999
161,170.833273,170.83330165,-9999,65701748,-9999,1416721,145.68,-1,-9999,-9999,-9999,-9999,-9999,-9999,-9999,unassigned,N/A,-9999,-9999,N/A,-9999,-9999,-9999,-9999,-9999,-9999,-9999,-9999,-9999,-9999
162,171.065795,171.065823733,-9999,14186666,-9999,1736978.3,29.89,-1,-9999,-9999,-9999,-9999,-9999,-9999,-9999,unassigned,N/A,-9999,-9999,N/A,-9999,-9999,-9999,-9999,-9999,-9999,-9999,-9999,-9999,-9999
164,171.066736,171.066764733,-9999,7844011,-9999,1692341.6,15.64,-1,-9999,-9999,-9999,-9999,-9999,-9999,-9999,unassigned,N/A,-9999,-9999,N/A,-9999,-9999,-9999,-9999,-9999,-9999,-9999,-9999,-9999,-9999
166,171.888635,171.888664029,-9999,6511866,-9999,1548592.8,12.64,-1,-9999,-9999,-9999,-9999,-9999,-9999,-9999,unassigned,N/A,-9999,-9999,N/A,-9999,-9999,-9999,-9999,-9999,-9999,-9999,-9999,-9999,-9999
168,172.830162,172.830191367,-9999,33026548,-9999,1293546.2,72.06,-1,-9999,-9999,-9999,-9999,-9999,-9999,-9999,unassigned,N/A,-9999,-9999,N/A,-9999,-9999,-9999,-9999,-9999,-9999,-9999,-9999,-9999,-9999
169,172.830322,172.830351367,-9999,18866676,-9999,1345514.9,40.31,-1,-9999,-9999,-9999,-9999,-9999,-9999,-9999,unassigned,N/A,-9999,-9999,N/A,-9999,-9999,-9999,-9999,-9999,-9999,-9999,-9999,-9999,-9999
170,172.831924,172.831953368,-9999,24318454,-9999,1482461.3,52.53,-1,-9999,-9999,-9999,-9999,-9999,-9999,-9999,unassigned,N/A,-9999,-9999,N/A,-9999,-9999,-9999,-9999,-9999,-9999,-9999,-9999,-9999,-9999
172,173.081423,173.081452457,-9999,8704842,-9999,1765591.8,17.52,-1,-9999,-9999,-9999,-9999,-9999,-9999,-9999,unassigned,N/A,-9999,-9999,N/A,-9999,-9999,-9999,-9999,-9999,-9999,-9999,-9999,-9999,-9999
175,174.827216,174.827246085,-9999,9268389,-9999,1492787.4,18.78,-1,-9999,-9999,-9999,-9999,-9999,-9999,-9999,unassigned,N/A,-9999,-9999,N/A,-9999,-9999,-9999,-9999,-9999,-9999,-9999,-9999,-9999,-9999
176,174.828967,174.828997085,-9999,21929128,-9999,1495933.8,47.17,-1,-9999,-9999,-9999,-9999,-9999,-9999,-9999,unassigned,N/A,-9999,-9999,N/A,-9999,-9999,-9999,-9999,-9999,-9999,-9999,-9999,-9999,-9999
177,174.97792,174.977950139,-9999,12180854,-9999,1387298.9,25.31,-1,-9999,-9999,-9999,-9999,-9999,-9999,-9999,unassigned,N/A,-9999,-9999,N/A,-9999,-9999,-9999,-9999,-9999,-9999,-9999,-9999,-9999,-9999
179,176.826025,176.826055803,-9999,8583039,-9999,1677732.5,17.2,-1,-9999,-9999,-9999,-9999,-9999,-9999,-9999,unassigned,N/A,-9999,-9999,N/A,-9999,-9999,-9999,-9999,-9999,-9999,-9999,-9999,-9999,-9999
180,176.894101,176.894131827,-9999,31246302,-9999,1444859.9,67.88,-1,-9999,-9999,-9999,-9999,-9999,-9999,-9999,unassigned,N/A,-9999,-9999,N/A,-9999,-9999,-9999,-9999,-9999,-9999,-9999,-9999,-9999,-9999
181,178.891155,178.891186545,-9999,6673105,-9999,1590465,12.88,-1,-9999,-9999,-9999,-9999,-9999,-9999,-9999,unassigned,N/A,-9999,-9999,N/A,-9999,-9999,-9999,-9999,-9999,-9999,-9999,-9999,-9999,-9999
184,180.948955,180.948987284,-9999,7337514,-9999,1655304.6,14.32,-1,-9999,-9999,-9999,-9999,-9999,-9999,-9999,unassigned,N/A,-9999,-9999,N/A,-9999,-9999,-9999,-9999,-9999,-9999,-9999,-9999,-9999,-9999
187,184.899421,184.899454704,-9999,12018680,-9999,1462565.3,24.66,-1,-9999,-9999,-9999,-9999,-9999,-9999,-9999,unassigned,N/A,-9999,-9999,N/A,-9999,-9999,-9999,-9999,-9999,-9999,-9999,-9999,-9999,-9999
190,186.896483,186.896517421,-9999,6704875,-9999,1603420,12.82,-1,-9999,-9999,-9999,-9999,-9999,-9999,-9999,unassigned,N/A,-9999,-9999,N/A,-9999,-9999,-9999,-9999,-9999,-9999,-9999,-9999,-9999,-9999
192,187.096993,187.097027493,-9999,6578179,-9999,1723196.6,12.54,-1,-9999,-9999,-9999,-9999,-9999,-9999,-9999,unassigned,N/A,-9999,-9999,N/A,-9999,-9999,-9999,-9999,-9999,-9999,-9999,-9999,-9999,-9999
198,190.909745,190.909780863,-9999,21206160,-9999,1365318.7,44.77,-1,-9999,-9999,-9999,-9999,-9999,-9999,-9999,unassigned,N/A,-9999,-9999,N/A,-9999,-9999,-9999,-9999,-9999,-9999,-9999,-9999,-9999,-9999
200,192.906809,192.906845581,-9999,7233296.5,-9999,1672130.6,13.89,-1,-9999,-9999,-9999,-9999,-9999,-9999,-9999,unassigned,N/A,-9999,-9999,N/A,-9999,-9999,-9999,-9999,-9999,-9999,-9999,-9999,-9999,-9999
204,195.810861,195.810898624,-9999,38850028,-9999,1387890.5,83.19,-1,-9999,-9999,-9999,-9999,-9999,-9999,-9999,unassigned,N/A,-9999,-9999,N/A,-9999,-9999,-9999,-9999,-9999,-9999,-9999,-9999,-9999,-9999
205,197.022189,197.022227059,-9999,7873520,-9999,1404175.1,15.24,-1,-9999,-9999,-9999,-9999,-9999,-9999,-9999,unassigned,N/A,-9999,-9999,N/A,-9999,-9999,-9999,-9999,-9999,-9999,-9999,-9999,-9999,-9999
206,197.807911,197.807949342,-9999,49190856,-9999,1376280.8,105.53,-1,-9999,-9999,-9999,-9999,-9999,-9999,-9999,unassigned,N/A,-9999,-9999,N/A,-9999,-9999,-9999,-9999,-9999,-9999,-9999,-9999,-9999,-9999
209,199.804954,199.804993059,-9999,25362768,-9999,1354974,53.43,-1,-9999,-9999,-9999,-9999,-9999,-9999,-9999,unassigned,N/A,-9999,-9999,N/A,-9999,-9999,-9999,-9999,-9999,-9999,-9999,-9999,-9999,-9999
212,202.828289,202.828329146,-9999,26930946,-9999,1340951.3,56.67,-1,-9999,-9999,-9999,-9999,-9999,-9999,-9999,unassigned,N/A,-9999,-9999,N/A,-9999,-9999,-9999,-9999,-9999,-9999,-9999,-9999,-9999,-9999
213,204.825335,204.825375863,-9999,33453956,-9999,1302235,70.64,-1,-9999,-9999,-9999,-9999,-9999,-9999,-9999,unassigned,N/A,-9999,-9999,N/A,-9999,-9999,-9999,-9999,-9999,-9999,-9999,-9999,-9999,-9999
214,206.822386,206.822427581,-9999,16367498,-9999,1359056.1,33.52,-1,-9999,-9999,-9999,-9999,-9999,-9999,-9999,unassigned,N/A,-9999,-9999,N/A,-9999,-9999,-9999,-9999,-9999,-9999,-9999,-9999,-9999,-9999
217,208.845234,208.845276307,-9999,22751010,-9999,1288197.3,47.32,-1,-9999,-9999,-9999,-9999,-9999,-9999,-9999,unassigned,N/A,-9999,-9999,N/A,-9999,-9999,-9999,-9999,-9999,-9999,-9999,-9999,-9999,-9999
220,210.842279,210.842322025,-9999,25644562,-9999,1286802.1,53.59,-1,-9999,-9999,-9999,-9999,-9999,-9999,-9999,unassigned,N/A,-9999,-9999,N/A,-9999,-9999,-9999,-9999,-9999,-9999,-9999,-9999,-9999,-9999
221,212.839328,212.839371743,-9999,10310768,-9999,1386337,20.3,-1,-9999,-9999,-9999,-9999,-9999,-9999,-9999,unassigned,N/A,-9999,-9999,N/A,-9999,-9999,-9999,-9999,-9999,-9999,-9999,-9999,-9999,-9999
222,212.979156,212.979199793,-9999,10683613,-9999,1221517.4,21.1,-1,-9999,-9999,-9999,-9999,-9999,-9999,-9999,unassigned,N/A,-9999,-9999,N/A,-9999,-9999,-9999,-9999,-9999,-9999,-9999,-9999,-9999,-9999
230,222.950211,222.950258375,-9999,7060705.5,-9999,1455037.3,13.18,-1,-9999,-9999,-9999,-9999,-9999,-9999,-9999,unassigned,N/A,-9999,-9999,N/A,-9999,-9999,-9999,-9999,-9999,-9999,-9999,-9999,-9999,-9999
234,225.071271,225.071319138,-9999,11137161,-9999,1262120.4,21.96,-1,-9999,-9999,-9999,-9999,-9999,-9999,-9999,unassigned,N/A,-9999,-9999,N/A,-9999,-9999,-9999,-9999,-9999,-9999,-9999,-9999,-9999,-9999
236,227.032748,227.032796842,-9999,7693188.5,-9999,1285455.1,14.52,-1,-9999,-9999,-9999,-9999,-9999,-9999,-9999,unassigned,N/A,-9999,-9999,N/A,-9999,-9999,-9999,-9999,-9999,-9999,-9999,-9999,-9999,-9999
245,236.965862,236.965914411,-9999,38763912,-9999,1166447.4,81.07,-1,-9999,-9999,-9999,-9999,-9999,-9999,-9999,unassigned,N/A,-9999,-9999,N/A,-9999,-9999,-9999,-9999,-9999,-9999,-9999,-9999,-9999,-9999
248,237.144047,237.144099475,-9999,6618532,-9999,1097692.2,12.15,-1,-9999,-9999,-9999,-9999,-9999,-9999,-9999,unassigned,N/A,-9999,-9999,N/A,-9999,-9999,-9999,-9999,-9999,-9999,-9999,-9999,-9999,-9999
255,243.133466,243.133520627,-9999,138182752,-9999,1117249.1,293.64,-1,-9999,-9999,-9999,-9999,-9999,-9999,-9999,unassigned,N/A,-9999,-9999,N/A,-9999,-9999,-9999,-9999,-9999,-9999,-9999,-9999,-9999,-9999
257,244.136815,244.136869988,-9999,23117984,-9999,1150115.5,47.43,-1,-9999,-9999,-9999,-9999,-9999,-9999,-9999,unassigned,N/A,-9999,-9999,N/A,-9999,-9999,-9999,-9999,-9999,-9999,-9999,-9999,-9999,-9999
263,247.908664,247.908720343,-9999,7307592.5,-9999,1223759.6,13.58,-1,-9999,-9999,-9999,-9999,-9999,-9999,-9999,unassigned,N/A,-9999,-9999,N/A,-9999,-9999,-9999,-9999,-9999,-9999,-9999,-9999,-9999,-9999
265,249.107643,249.107699774,-9999,13394275,-9999,1092032.3,26.57,-1,-9999,-9999,-9999,-9999,-9999,-9999,-9999,unassigned,N/A,-9999,-9999,N/A,-9999,-9999,-9999,-9999,-9999,-9999,-9999,-9999,-9999,-9999
270,250.981502,250.981559447,-9999,126386552,-9999,1093873.5,267.31,-1,-9999,-9999,-9999,-9999,-9999,-9999,-9999,unassigned,N/A,-9999,-9999,N/A,-9999,-9999,-9999,-9999,-9999,-9999,-9999,-9999,-9999,-9999
274,251.981073,251.981130806,-9999,10961275,-9999,1156533.3,21.33,-1,-9999,-9999,-9999,-9999,-9999,-9999,-9999,unassigned,N/A,-9999,-9999,N/A,-9999,-9999,-9999,-9999,-9999,-9999,-9999,-9999,-9999,-9999
280,256.766951,256.767010526,-9999,6963529,-9999,1184177.3,12.79,-1,-9999,-9999,-9999,-9999,-9999,-9999,-9999,unassigned,N/A,-9999,-9999,N/A,-9999,-9999,-9999,-9999,-9999,-9999,-9999,-9999,-9999,-9999
288,259.128384,259.128444374,-9999,7721245,-9999,1092157,14.4,-1,-9999,-9999,-9999,-9999,-9999,-9999,-9999,unassigned,N/A,-9999,-9999,N/A,-9999,-9999,-9999,-9999,-9999,-9999,-9999,-9999,-9999,-9999
289,260.786877,260.78693797,-9999,27951358,-9999,1055845.4,57.29,-1,-9999,-9999,-9999,-9999,-9999,-9999,-9999,unassigned,N/A,-9999,-9999,N/A,-9999,-9999,-9999,-9999,-9999,-9999,-9999,-9999,-9999,-9999
293,262.783931,262.783992688,-9999,51478748,-9999,1059836.1,107.21,-1,-9999,-9999,-9999,-9999,-9999,-9999,-9999,unassigned,N/A,-9999,-9999,N/A,-9999,-9999,-9999,-9999,-9999,-9999,-9999,-9999,-9999,-9999
300,264.780981,264.781043405,-9999,24871112,-9999,1039615.1,50.75,-1,-9999,-9999,-9999,-9999,-9999,-9999,-9999,unassigned,N/A,-9999,-9999,N/A,-9999,-9999,-9999,-9999,-9999,-9999,-9999,-9999,-9999,-9999
301,264.99715,264.997212483,-9999,59474120,-9999,1052700.1,124.17,-1,-9999,-9999,-9999,-9999,-9999,-9999,-9999,unassigned,N/A,-9999,-9999,N/A,-9999,-9999,-9999,-9999,-9999,-9999,-9999,-9999,-9999,-9999
305,265.17531,265.175372547,-9999,9011398,-9999,1008680.4,17.1,-1,-9999,-9999,-9999,-9999,-9999,-9999,-9999,unassigned,N/A,-9999,-9999,N/A,-9999,-9999,-9999,-9999,-9999,-9999,-9999,-9999,-9999,-9999
307,266.778015,266.778078123,-9999,8765637,-9999,1150533.1,16.54,-1,-9999,-9999,-9999,-9999,-9999,-9999,-9999,unassigned,N/A,-9999,-9999,N/A,-9999,-9999,-9999,-9999,-9999,-9999,-9999,-9999,-9999,-9999
308,266.803826,266.803889132,-9999,23560388,-9999,1076425.5,47.86,-1,-9999,-9999,-9999,-9999,-9999,-9999,-9999,unassigned,N/A,-9999,-9999,N/A,-9999,-9999,-9999,-9999,-9999,-9999,-9999,-9999,-9999,-9999
311,267.118185,267.118248245,-9999,7676102,-9999,1050535.4,14.24,-1,-9999,-9999,-9999,-9999,-9999,-9999,-9999,unassigned,N/A,-9999,-9999,N/A,-9999,-9999,-9999,-9999,-9999,-9999,-9999,-9999,-9999,-9999
313,268.800878,268.80094185,-9999,40763608,-9999,1018944.7,84.27,-1,-9999,-9999,-9999,-9999,-9999,-9999,-9999,unassigned,N/A,-9999,-9999,N/A,-9999,-9999,-9999,-9999,-9999,-9999,-9999,-9999,-9999,-9999
317,270.797921,270.797985567,-9999,26378506,-9999,1025514.1,53.82,-1,-9999,-9999,-9999,-9999,-9999,-9999,-9999,unassigned,N/A,-9999,-9999,N/A,-9999,-9999,-9999,-9999,-9999,-9999,-9999,-9999,-9999,-9999
322,272.794955,272.795020285,-9999,10338653,-9999,1037865.9,19.81,-1,-9999,-9999,-9999,-9999,-9999,-9999,-9999,unassigned,N/A,-9999,-9999,N/A,-9999,-9999,-9999,-9999,-9999,-9999,-9999,-9999,-9999,-9999
327,275.03628,275.03634609,-9999,24216046,-9999,1026106.8,49.1,-1,-9999,-9999,-9999,-9999,-9999,-9999,-9999,unassigned,N/A,-9999,-9999,N/A,-9999,-9999,-9999,-9999,-9999,-9999,-9999,-9999,-9999,-9999
330,277.102544,277.10261083300003,-9999,10584742,-9999,1099153.2,20.33,-1,-9999,-9999,-9999,-9999,-9999,-9999,-9999,unassigned,N/A,-9999,-9999,N/A,-9999,-9999,-9999,-9999,-9999,-9999,-9999,-9999,-9999,-9999
336,279.118201,279.118268557,-9999,7578508.5,-9999,987085.6,13.95,-1,-9999,-9999,-9999,-9999,-9999,-9999,-9999,unassigned,N/A,-9999,-9999,N/A,-9999,-9999,-9999,-9999,-9999,-9999,-9999,-9999,-9999,-9999
339,280.149834,280.149901927,-9999,30639124,-9999,999629.7,62.47,-1,-9999,-9999,-9999,-9999,-9999,-9999,-9999,unassigned,N/A,-9999,-9999,N/A,-9999,-9999,-9999,-9999,-9999,-9999,-9999,-9999,-9999,-9999
340,281.097455,281.097523268,-9999,9503899,-9999,940674.7,18,-1,-9999,-9999,-9999,-9999,-9999,-9999,-9999,unassigned,N/A,-9999,-9999,N/A,-9999,-9999,-9999,-9999,-9999,-9999,-9999,-9999,-9999,-9999
342,281.133827,281.133895281,-9999,11658401,-9999,1084087.5,22.53,-1,-9999,-9999,-9999,-9999,-9999,-9999,-9999,unassigned,N/A,-9999,-9999,N/A,-9999,-9999,-9999,-9999,-9999,-9999,-9999,-9999,-9999,-9999
343,282.91693,282.916998922,-9999,7923130.5,-9999,1048700.4,14.67,-1,-9999,-9999,-9999,-9999,-9999,-9999,-9999,unassigned,N/A,-9999,-9999,N/A,-9999,-9999,-9999,-9999,-9999,-9999,-9999,-9999,-9999,-9999
346,283.113095,283.113163992,-9999,7284187.5,-9999,988146.1,13.32,-1,-9999,-9999,-9999,-9999,-9999,-9999,-9999,unassigned,N/A,-9999,-9999,N/A,-9999,-9999,-9999,-9999,-9999,-9999,-9999,-9999,-9999,-9999
351,284.774803,284.774872589,-9999,7440131.5,-9999,1067543.6,13.61,-1,-9999,-9999,-9999,-9999,-9999,-9999,-9999,unassigned,N/A,-9999,-9999,N/A,-9999,-9999,-9999,-9999,-9999,-9999,-9999,-9999,-9999,-9999
361,288.987225,288.987296103,-9999,6728301,-9999,1020398.6,12.11,-1,-9999,-9999,-9999,-9999,-9999,-9999,-9999,unassigned,N/A,-9999,-9999,N/A,-9999,-9999,-9999,-9999,-9999,-9999,-9999,-9999,-9999,-9999
366,291.118188,291.118259868,-9999,20221030,-9999,992356.3,40.42,-1,-9999,-9999,-9999,-9999,-9999,-9999,-9999,unassigned,N/A,-9999,-9999,N/A,-9999,-9999,-9999,-9999,-9999,-9999,-9999,-9999,-9999,-9999
369,291.208134,291.208205901,-9999,20581500,-9999,1299899.6,41.17,-1,-9999,-9999,-9999,-9999,-9999,-9999,-9999,unassigned,N/A,-9999,-9999,N/A,-9999,-9999,-9999,-9999,-9999,-9999,-9999,-9999,-9999,-9999
378,293.206607,293.206679619,-9999,387616384,-9999,930846.7,808.37,-1,-9999,-9999,-9999,-9999,-9999,-9999,-9999,unassigned,N/A,-9999,-9999,N/A,-9999,-9999,-9999,-9999,-9999,-9999,-9999,-9999,-9999,-9999
381,294.209962,294.210034979,-9999,65048456,-9999,929127.5,134,-1,-9999,-9999,-9999,-9999,-9999,-9999,-9999,unassigned,N/A,-9999,-9999,N/A,-9999,-9999,-9999,-9999,-9999,-9999,-9999,-9999,-9999,-9999
386,296.932571,296.932644958,-9999,20828806,-9999,984982.4,41.55,-1,-9999,-9999,-9999,-9999,-9999,-9999,-9999,unassigned,N/A,-9999,-9999,N/A,-9999,-9999,-9999,-9999,-9999,-9999,-9999,-9999,-9999,-9999
390,297.151433,297.151507036,-9999,21631686,-9999,1233019,43.23,-1,-9999,-9999,-9999,-9999,-9999,-9999,-9999,unassigned,N/A,-9999,-9999,N/A,-9999,-9999,-9999,-9999,-9999,-9999,-9999,-9999,-9999,-9999
395,298.929694,298.929768675,-9999,8312027.5,-9999,1067626.9,15.33,-1,-9999,-9999,-9999,-9999,-9999,-9999,-9999,unassigned,N/A,-9999,-9999,N/A,-9999,-9999,-9999,-9999,-9999,-9999,-9999,-9999,-9999,-9999
414,305.867266,305.867343168,-9999,8502714,-9999,1107067.4,15.72,-1,-9999,-9999,-9999,-9999,-9999,-9999,-9999,unassigned,N/A,-9999,-9999,N/A,-9999,-9999,-9999,-9999,-9999,-9999,-9999,-9999,-9999,-9999
418,307.185852,307.185929642,-9999,8339336,-9999,1004963.7,15.32,-1,-9999,-9999,-9999,-9999,-9999,-9999,-9999,unassigned,N/A,-9999,-9999,N/A,-9999,-9999,-9999,-9999,-9999,-9999,-9999,-9999,-9999,-9999
425,309.171059,309.171137355,-9999,13771343,-9999,1427466.2,26.6,-1,-9999,-9999,-9999,-9999,-9999,-9999,-9999,unassigned,N/A,-9999,-9999,N/A,-9999,-9999,-9999,-9999,-9999,-9999,-9999,-9999,-9999,-9999
427,310.948222,310.948300993,-9999,24585432,-9999,916837.9,49.04,-1,-9999,-9999,-9999,-9999,-9999,-9999,-9999,unassigned,N/A,-9999,-9999,N/A,-9999,-9999,-9999,-9999,-9999,-9999,-9999,-9999,-9999,-9999
444,314.725573,314.725653351,-9999,8145510,-9999,913573.4,14.86,-1,-9999,-9999,-9999,-9999,-9999,-9999,-9999,unassigned,N/A,-9999,-9999,N/A,-9999,-9999,-9999,-9999,-9999,-9999,-9999,-9999,-9999,-9999
445,314.943136,314.943216429,-9999,12708537,-9999,927939.2,24.29,-1,-9999,-9999,-9999,-9999,-9999,-9999,-9999,unassigned,N/A,-9999,-9999,N/A,-9999,-9999,-9999,-9999,-9999,-9999,-9999,-9999,-9999,-9999
455,318.745461,318.745542795,-9999,8982652,-9999,925018.6,16.58,-1,-9999,-9999,-9999,-9999,-9999,-9999,-9999,unassigned,N/A,-9999,-9999,N/A,-9999,-9999,-9999,-9999,-9999,-9999,-9999,-9999,-9999,-9999
458,319.222239,319.222320966,-9999,20443448,-9999,860543.4,40.28,-1,-9999,-9999,-9999,-9999,-9999,-9999,-9999,unassigned,N/A,-9999,-9999,N/A,-9999,-9999,-9999,-9999,-9999,-9999,-9999,-9999,-9999,-9999
462,320.742521,320.742603513,-9999,18740112,-9999,903628.2,36.76,-1,-9999,-9999,-9999,-9999,-9999,-9999,-9999,unassigned,N/A,-9999,-9999,N/A,-9999,-9999,-9999,-9999,-9999,-9999,-9999,-9999,-9999,-9999
467,321.23789,321.237972691,-9999,565621824,-9999,848416.4,1167.67,-1,-9999,-9999,-9999,-9999,-9999,-9999,-9999,unassigned,N/A,-9999,-9999,N/A,-9999,-9999,-9999,-9999,-9999,-9999,-9999,-9999,-9999,-9999
470,322.241246,322.241329051,-9999,119191008,-9999,840722.3,243.51,-1,-9999,-9999,-9999,-9999,-9999,-9999,-9999,unassigned,N/A,-9999,-9999,N/A,-9999,-9999,-9999,-9999,-9999,-9999,-9999,-9999,-9999,-9999
471,322.739576,322.73965923,-9999,21198504,-9999,860873.6,41.68,-1,-9999,-9999,-9999,-9999,-9999,-9999,-9999,unassigned,N/A,-9999,-9999,N/A,-9999,-9999,-9999,-9999,-9999,-9999,-9999,-9999,-9999,-9999
476,323.244607,323.244690412,-9999,12547953,-9999,943927.3,23.86,-1,-9999,-9999,-9999,-9999,-9999,-9999,-9999,unassigned,N/A,-9999,-9999,N/A,-9999,-9999,-9999,-9999,-9999,-9999,-9999,-9999,-9999,-9999
478,324.736622,324.736705948,-9999,8812997,-9999,881823.9,16.16,-1,-9999,-9999,-9999,-9999,-9999,-9999,-9999,unassigned,N/A,-9999,-9999,N/A,-9999,-9999,-9999,-9999,-9999,-9999,-9999,-9999,-9999,-9999
479,324.762434,324.762517957,-9999,7813583.5,-9999,1000308,14.11,-1,-9999,-9999,-9999,-9999,-9999,-9999,-9999,unassigned,N/A,-9999,-9999,N/A,-9999,-9999,-9999,-9999,-9999,-9999,-9999,-9999,-9999,-9999
480,324.963873,324.963957029,-9999,8231456,-9999,882791.2,14.97,-1,-9999,-9999,-9999,-9999,-9999,-9999,-9999,unassigned,N/A,-9999,-9999,N/A,-9999,-9999,-9999,-9999,-9999,-9999,-9999,-9999,-9999,-9999
486,325.182428,325.182512108,-9999,60078712,-9999,1115082.2,121.75,-1,-9999,-9999,-9999,-9999,-9999,-9999,-9999,unassigned,N/A,-9999,-9999,N/A,-9999,-9999,-9999,-9999,-9999,-9999,-9999,-9999,-9999,-9999
492,326.759469,326.759553674,-9999,14859503,-9999,908573.6,28.62,-1,-9999,-9999,-9999,-9999,-9999,-9999,-9999,unassigned,N/A,-9999,-9999,N/A,-9999,-9999,-9999,-9999,-9999,-9999,-9999,-9999,-9999,-9999
503,328.756521,328.756606392,-9999,11419662,-9999,839043.9,21.53,-1,-9999,-9999,-9999,-9999,-9999,-9999,-9999,unassigned,N/A,-9999,-9999,N/A,-9999,-9999,-9999,-9999,-9999,-9999,-9999,-9999,-9999,-9999
504,328.95879,328.958875465,-9999,47759456,-9999,837576.4,96.38,-1,-9999,-9999,-9999,-9999,-9999,-9999,-9999,unassigned,N/A,-9999,-9999,N/A,-9999,-9999,-9999,-9999,-9999,-9999,-9999,-9999,-9999,-9999
509,330.955859,330.955945182,-9999,12026749,-9999,928587.1,22.69,-1,-9999,-9999,-9999,-9999,-9999,-9999,-9999,unassigned,N/A,-9999,-9999,N/A,-9999,-9999,-9999,-9999,-9999,-9999,-9999,-9999,-9999,-9999
512,331.149472,331.149558252,-9999,97698760,-9999,820137.9,198.44,-1,-9999,-9999,-9999,-9999,-9999,-9999,-9999,unassigned,N/A,-9999,-9999,N/A,-9999,-9999,-9999,-9999,-9999,-9999,-9999,-9999,-9999,-9999
514,332.152827,332.152913612,-9999,17302874,-9999,863832.9,33.51,-1,-9999,-9999,-9999,-9999,-9999,-9999,-9999,unassigned,N/A,-9999,-9999,N/A,-9999,-9999,-9999,-9999,-9999,-9999,-9999,-9999,-9999,-9999
524,335.159021,335.159108692,-9999,7555581,-9999,880501.9,13.51,-1,-9999,-9999,-9999,-9999,-9999,-9999,-9999,unassigned,N/A,-9999,-9999,N/A,-9999,-9999,-9999,-9999,-9999,-9999,-9999,-9999,-9999,-9999
527,335.217129,335.217216713,-9999,10144276,-9999,915062.5,18.82,-1,-9999,-9999,-9999,-9999,-9999,-9999,-9999,unassigned,N/A,-9999,-9999,N/A,-9999,-9999,-9999,-9999,-9999,-9999,-9999,-9999,-9999,-9999
541,339.197909,339.197998144,-9999,33083420,-9999,1106306,65.88,-1,-9999,-9999,-9999,-9999,-9999,-9999,-9999,unassigned,N/A,-9999,-9999,N/A,-9999,-9999,-9999,-9999,-9999,-9999,-9999,-9999,-9999,-9999
554,342.974431,342.974521501,-9999,90887592,-9999,821116.2,183.78,-1,-9999,-9999,-9999,-9999,-9999,-9999,-9999,unassigned,N/A,-9999,-9999,N/A,-9999,-9999,-9999,-9999,-9999,-9999,-9999,-9999,-9999,-9999
562,343.974001,343.97409186,-9999,13850395,-9999,820956.2,26.32,-1,-9999,-9999,-9999,-9999,-9999,-9999,-9999,unassigned,N/A,-9999,-9999,N/A,-9999,-9999,-9999,-9999,-9999,-9999,-9999,-9999,-9999,-9999
563,344.971507,344.971598218,-9999,26499208,-9999,823869.6,52.17,-1,-9999,-9999,-9999,-9999,-9999,-9999,-9999,unassigned,N/A,-9999,-9999,N/A,-9999,-9999,-9999,-9999,-9999,-9999,-9999,-9999,-9999,-9999
570,346.738173,346.738264853,-9999,8329989.5,-9999,866011.3,15.04,-1,-9999,-9999,-9999,-9999,-9999,-9999,-9999,unassigned,N/A,-9999,-9999,N/A,-9999,-9999,-9999,-9999,-9999,-9999,-9999,-9999,-9999,-9999
578,347.18076,347.180852012,-9999,7453603.5,-9999,982518.8,13.24,-1,-9999,-9999,-9999,-9999,-9999,-9999,-9999,unassigned,N/A,-9999,-9999,N/A,-9999,-9999,-9999,-9999,-9999,-9999,-9999,-9999,-9999,-9999
584,348.736111,348.736203571,-9999,8617418,-9999,872121.6,15.62,-1,-9999,-9999,-9999,-9999,-9999,-9999,-9999,unassigned,N/A,-9999,-9999,N/A,-9999,-9999,-9999,-9999,-9999,-9999,-9999,-9999,-9999,-9999
590,349.196422,349.196514736,-9999,9977452,-9999,804544.9,18.4,-1,-9999,-9999,-9999,-9999,-9999,-9999,-9999,unassigned,N/A,-9999,-9999,N/A,-9999,-9999,-9999,-9999,-9999,-9999,-9999,-9999,-9999,-9999
592,349.269189,349.269281762,-9999,13033094,-9999,818741,24.65,-1,-9999,-9999,-9999,-9999,-9999,-9999,-9999,unassigned,N/A,-9999,-9999,N/A,-9999,-9999,-9999,-9999,-9999,-9999,-9999,-9999,-9999,-9999
610,356.990073,356.990168536,-9999,64743616,-9999,785528.1,129.82,-1,-9999,-9999,-9999,-9999,-9999,-9999,-9999,unassigned,N/A,-9999,-9999,N/A,-9999,-9999,-9999,-9999,-9999,-9999,-9999,-9999,-9999,-9999
616,357.989641,357.989736896,-9999,11102725,-9999,816580.5,20.61,-1,-9999,-9999,-9999,-9999,-9999,-9999,-9999,unassigned,N/A,-9999,-9999,N/A,-9999,-9999,-9999,-9999,-9999,-9999,-9999,-9999,-9999,-9999
617,358.887653,358.887749218,-9999,8915753,-9999,856883.9,16.16,-1,-9999,-9999,-9999,-9999,-9999,-9999,-9999,unassigned,N/A,-9999,-9999,N/A,-9999,-9999,-9999,-9999,-9999,-9999,-9999,-9999,-9999,-9999
618,358.987136,358.987232254,-9999,21359432,-9999,799331.6,41.5,-1,-9999,-9999,-9999,-9999,-9999,-9999,-9999,unassigned,N/A,-9999,-9999,N/A,-9999,-9999,-9999,-9999,-9999,-9999,-9999,-9999,-9999,-9999
637,363.190307,363.190404764,-9999,16756865,-9999,776565.8,31.99,-1,-9999,-9999,-9999,-9999,-9999,-9999,-9999,unassigned,N/A,-9999,-9999,N/A,-9999,-9999,-9999,-9999,-9999,-9999,-9999,-9999,-9999,-9999
659,371.005706,371.005806572,-9999,19429834,-9999,795770.4,37.24,-1,-9999,-9999,-9999,-9999,-9999,-9999,-9999,unassigned,N/A,-9999,-9999,N/A,-9999,-9999,-9999,-9999,-9999,-9999,-9999,-9999,-9999,-9999
671,374.300796,374.300897756,-9999,19201424,-9999,759088.9,36.78,-1,-9999,-9999,-9999,-9999,-9999,-9999,-9999,unassigned,N/A,-9999,-9999,N/A,-9999,-9999,-9999,-9999,-9999,-9999,-9999,-9999,-9999,-9999
673,374.909879,374.909980975,-9999,19463744,-9999,773138.7,37.31,-1,-9999,-9999,-9999,-9999,-9999,-9999,-9999,unassigned,N/A,-9999,-9999,N/A,-9999,-9999,-9999,-9999,-9999,-9999,-9999,-9999,-9999,-9999
680,376.906986,376.907088693,-9999,6946941,-9999,767515.2,12.04,-1,-9999,-9999,-9999,-9999,-9999,-9999,-9999,unassigned,N/A,-9999,-9999,N/A,-9999,-9999,-9999,-9999,-9999,-9999,-9999,-9999,-9999,-9999
686,378.701103,378.701206337,-9999,8823418,-9999,763028.1,15.83,-1,-9999,-9999,-9999,-9999,-9999,-9999,-9999,unassigned,N/A,-9999,-9999,N/A,-9999,-9999,-9999,-9999,-9999,-9999,-9999,-9999,-9999,-9999
693,380.698189,380.698293055,-9999,10618028,-9999,804260.3,19.45,-1,-9999,-9999,-9999,-9999,-9999,-9999,-9999,unassigned,N/A,-9999,-9999,N/A,-9999,-9999,-9999,-9999,-9999,-9999,-9999,-9999,-9999,-9999
699,382.695225,382.695329772,-9999,7177943.5,-9999,817947.9,12.44,-1,-9999,-9999,-9999,-9999,-9999,-9999,-9999,unassigned,N/A,-9999,-9999,N/A,-9999,-9999,-9999,-9999,-9999,-9999,-9999,-9999,-9999,-9999
706,384.71807,384.718175499,-9999,8030469,-9999,792820,14.16,-1,-9999,-9999,-9999,-9999,-9999,-9999,-9999,unassigned,N/A,-9999,-9999,N/A,-9999,-9999,-9999,-9999,-9999,-9999,-9999,-9999,-9999,-9999
719,388.925508,388.925615011,-9999,57806204,-9999,723579.7,114.17,-1,-9999,-9999,-9999,-9999,-9999,-9999,-9999,unassigned,N/A,-9999,-9999,N/A,-9999,-9999,-9999,-9999,-9999,-9999,-9999,-9999,-9999,-9999
723,389.925044,389.92515137,-9999,11374217,-9999,761702.6,20.87,-1,-9999,-9999,-9999,-9999,-9999,-9999,-9999,unassigned,N/A,-9999,-9999,N/A,-9999,-9999,-9999,-9999,-9999,-9999,-9999,-9999,-9999,-9999
724,390.922553,390.922660728,-9999,17911700,-9999,610615.7,34.01,-1,-9999,-9999,-9999,-9999,-9999,-9999,-9999,unassigned,N/A,-9999,-9999,N/A,-9999,-9999,-9999,-9999,-9999,-9999,-9999,-9999,-9999,-9999
742,397.863101,397.863211222,-9999,13014722,-9999,660525.5,24.04,-1,-9999,-9999,-9999,-9999,-9999,-9999,-9999,unassigned,N/A,-9999,-9999,N/A,-9999,-9999,-9999,-9999,-9999,-9999,-9999,-9999,-9999,-9999
743,397.897382,397.897492235,-9999,7886539.5,-9999,653241,13.79,-1,-9999,-9999,-9999,-9999,-9999,-9999,-9999,unassigned,N/A,-9999,-9999,N/A,-9999,-9999,-9999,-9999,-9999,-9999,-9999,-9999,-9999,-9999
744,397.931904,397.932014247,-9999,9131732,-9999,766140.8,16.28,-1,-9999,-9999,-9999,-9999,-9999,-9999,-9999,unassigned,N/A,-9999,-9999,N/A,-9999,-9999,-9999,-9999,-9999,-9999,-9999,-9999,-9999,-9999
745,398.034996,398.035106284,-9999,11556591,-9999,657677.4,21.12,-1,-9999,-9999,-9999,-9999,-9999,-9999,-9999,unassigned,N/A,-9999,-9999,N/A,-9999,-9999,-9999,-9999,-9999,-9999,-9999,-9999,-9999,-9999
750,402.937499,402.937611045,-9999,7855087.5,-9999,718627.1,13.72,-1,-9999,-9999,-9999,-9999,-9999,-9999,-9999,unassigned,N/A,-9999,-9999,N/A,-9999,-9999,-9999,-9999,-9999,-9999,-9999,-9999,-9999,-9999
751,402.941149,402.941261047,-9999,79633392,-9999,704854.9,157.2,-1,-9999,-9999,-9999,-9999,-9999,-9999,-9999,unassigned,N/A,-9999,-9999,N/A,-9999,-9999,-9999,-9999,-9999,-9999,-9999,-9999,-9999,-9999
757,403.940726,403.940838406,-9999,17243380,-9999,689518.5,32.49,-1,-9999,-9999,-9999,-9999,-9999,-9999,-9999,unassigned,N/A,-9999,-9999,N/A,-9999,-9999,-9999,-9999,-9999,-9999,-9999,-9999,-9999,-9999
769,405.350354,405.350466912,-9999,11550306,-9999,624994.3,21.11,-1,-9999,-9999,-9999,-9999,-9999,-9999,-9999,unassigned,N/A,-9999,-9999,N/A,-9999,-9999,-9999,-9999,-9999,-9999,-9999,-9999,-9999,-9999
776,408.766824,408.76693814,-9999,13509080,-9999,671511.8,24.88,-1,-9999,-9999,-9999,-9999,-9999,-9999,-9999,unassigned,N/A,-9999,-9999,N/A,-9999,-9999,-9999,-9999,-9999,-9999,-9999,-9999,-9999,-9999
782,409.311744,409.311858336,-9999,15802982,-9999,1367024.1,29.43,-1,-9999,-9999,-9999,-9999,-9999,-9999,-9999,unassigned,N/A,-9999,-9999,N/A,-9999,-9999,-9999,-9999,-9999,-9999,-9999,-9999,-9999,-9999
784,410.764774,410.764888858,-9999,11412446,-9999,725079.9,20.71,-1,-9999,-9999,-9999,-9999,-9999,-9999,-9999,unassigned,N/A,-9999,-9999,N/A,-9999,-9999,-9999,-9999,-9999,-9999,-9999,-9999,-9999,-9999
793,416.88003,416.880147055,-9999,7195152,-9999,766985.4,12.32,-1,-9999,-9999,-9999,-9999,-9999,-9999,-9999,unassigned,N/A,-9999,-9999,N/A,-9999,-9999,-9999,-9999,-9999,-9999,-9999,-9999,-9999,-9999
794,416.956796,416.956913083,-9999,41888292,-9999,670064.7,81.27,-1,-9999,-9999,-9999,-9999,-9999,-9999,-9999,unassigned,N/A,-9999,-9999,N/A,-9999,-9999,-9999,-9999,-9999,-9999,-9999,-9999,-9999,-9999
800,417.956318,417.956435442,-9999,8399656,-9999,754564.6,14.72,-1,-9999,-9999,-9999,-9999,-9999,-9999,-9999,unassigned,N/A,-9999,-9999,N/A,-9999,-9999,-9999,-9999,-9999,-9999,-9999,-9999,-9999,-9999
842,430.972429,430.972551118,-9999,11253882,-9999,656207.8,20.26,-1,-9999,-9999,-9999,-9999,-9999,-9999,-9999,unassigned,N/A,-9999,-9999,N/A,-9999,-9999,-9999,-9999,-9999,-9999,-9999,-9999,-9999,-9999
854,434.967338,434.967461554,-9999,14728354,-9999,641327.8,27.12,-1,-9999,-9999,-9999,-9999,-9999,-9999,-9999,unassigned,N/A,-9999,-9999,N/A,-9999,-9999,-9999,-9999,-9999,-9999,-9999,-9999,-9999,-9999
862,436.659714,436.659838162,-9999,9944679,-9999,681586.3,17.55,-1,-9999,-9999,-9999,-9999,-9999,-9999,-9999,unassigned,N/A,-9999,-9999,N/A,-9999,-9999,-9999,-9999,-9999,-9999,-9999,-9999,-9999,-9999
863,436.798092,436.798216212,-9999,8552076,-9999,687128.6,14.82,-1,-9999,-9999,-9999,-9999,-9999,-9999,-9999,unassigned,N/A,-9999,-9999,N/A,-9999,-9999,-9999,-9999,-9999,-9999,-9999,-9999,-9999,-9999
871,438.65674,438.656864879,-9999,11616385,-9999,664213.1,20.83,-1,-9999,-9999,-9999,-9999,-9999,-9999,-9999,unassigned,N/A,-9999,-9999,N/A,-9999,-9999,-9999,-9999,-9999,-9999,-9999,-9999,-9999,-9999
872,438.796021,438.79614593,-9999,8929447,-9999,649679.8,15.56,-1,-9999,-9999,-9999,-9999,-9999,-9999,-9999,unassigned,N/A,-9999,-9999,N/A,-9999,-9999,-9999,-9999,-9999,-9999,-9999,-9999,-9999,-9999
938,466.90279,466.902925028,-9999,22503402,-9999,605722.8,41.84,-1,-9999,-9999,-9999,-9999,-9999,-9999,-9999,unassigned,N/A,-9999,-9999,N/A,-9999,-9999,-9999,-9999,-9999,-9999,-9999,-9999,-9999,-9999
944,468.899739,468.899874746,-9999,8831562,-9999,518246,15.23,-1,-9999,-9999,-9999,-9999,-9999,-9999,-9999,unassigned,N/A,-9999,-9999,N/A,-9999,-9999,-9999,-9999,-9999,-9999,-9999,-9999,-9999,-9999
969,480.918415,480.918555064,-9999,46166300,-9999,583441.8,86.94,-1,-9999,-9999,-9999,-9999,-9999,-9999,-9999,unassigned,N/A,-9999,-9999,N/A,-9999,-9999,-9999,-9999,-9999,-9999,-9999,-9999,-9999,-9999
973,481.917995,481.918135423,-9999,11580000,-9999,623653.3,20.35,-1,-9999,-9999,-9999,-9999,-9999,-9999,-9999,unassigned,N/A,-9999,-9999,N/A,-9999,-9999,-9999,-9999,-9999,-9999,-9999,-9999,-9999,-9999
975,482.915416,482.915556782,-9999,21459876,-9999,582099.7,39.37,-1,-9999,-9999,-9999,-9999,-9999,-9999,-9999,unassigned,N/A,-9999,-9999,N/A,-9999,-9999,-9999,-9999,-9999,-9999,-9999,-9999,-9999,-9999
1002,494.934058,494.9342031,-9999,62096148,-9999,576294.1,116.24,-1,-9999,-9999,-9999,-9999,-9999,-9999,-9999,unassigned,N/A,-9999,-9999,N/A,-9999,-9999,-9999,-9999,-9999,-9999,-9999,-9999,-9999,-9999
1009,495.933615,495.933760459,-9999,15107167,-9999,603141.6,26.81,-1,-9999,-9999,-9999,-9999,-9999,-9999,-9999,unassigned,N/A,-9999,-9999,N/A,-9999,-9999,-9999,-9999,-9999,-9999,-9999,-9999,-9999,-9999
1039,509.949269,509.949419495,-9999,12064286,-9999,557454.1,20.78,-1,-9999,-9999,-9999,-9999,-9999,-9999,-9999,unassigned,N/A,-9999,-9999,N/A,-9999,-9999,-9999,-9999,-9999,-9999,-9999,-9999,-9999,-9999
1082,526.869481,526.869637575,-9999,17574352,-9999,542132.7,31.13,-1,-9999,-9999,-9999,-9999,-9999,-9999,-9999,unassigned,N/A,-9999,-9999,N/A,-9999,-9999,-9999,-9999,-9999,-9999,-9999,-9999,-9999,-9999
1109,540.885143,540.885304611,-9999,28653454,-9999,540448.4,51.74,-1,-9999,-9999,-9999,-9999,-9999,-9999,-9999,unassigned,N/A,-9999,-9999,N/A,-9999,-9999,-9999,-9999,-9999,-9999,-9999,-9999,-9999,-9999
1115,541.884675,541.88483697,-9999,10893419,-9999,545485.4,18.47,-1,-9999,-9999,-9999,-9999,-9999,-9999,-9999,unassigned,N/A,-9999,-9999,N/A,-9999,-9999,-9999,-9999,-9999,-9999,-9999,-9999,-9999,-9999
1117,542.882106,542.882268328,-9999,14170436,-9999,511516.7,24.61,-1,-9999,-9999,-9999,-9999,-9999,-9999,-9999,unassigned,N/A,-9999,-9999,N/A,-9999,-9999,-9999,-9999,-9999,-9999,-9999,-9999,-9999,-9999
1143,554.900775,554.900941646,-9999,32752242,-9999,534332.1,59.12,-1,-9999,-9999,-9999,-9999,-9999,-9999,-9999,unassigned,N/A,-9999,-9999,N/A,-9999,-9999,-9999,-9999,-9999,-9999,-9999,-9999,-9999,-9999
1146,555.900316,555.900483006,-9999,9143075,-9999,551338,15.12,-1,-9999,-9999,-9999,-9999,-9999,-9999,-9999,unassigned,N/A,-9999,-9999,N/A,-9999,-9999,-9999,-9999,-9999,-9999,-9999,-9999,-9999,-9999
1151,558.895677,558.895845082,-9999,9536811,-9999,523447.5,15.85,-1,-9999,-9999,-9999,-9999,-9999,-9999,-9999,unassigned,N/A,-9999,-9999,N/A,-9999,-9999,-9999,-9999,-9999,-9999,-9999,-9999,-9999,-9999
1176,568.916418,568.916589682,-9999,16468882,-9999,511265.4,28.77,-1,-9999,-9999,-9999,-9999,-9999,-9999,-9999,unassigned,N/A,-9999,-9999,N/A,-9999,-9999,-9999,-9999,-9999,-9999,-9999,-9999,-9999,-9999
1184,572.911317,572.911490118,-9999,13061641,-9999,544400.4,22.41,-1,-9999,-9999,-9999,-9999,-9999,-9999,-9999,unassigned,N/A,-9999,-9999,N/A,-9999,-9999,-9999,-9999,-9999,-9999,-9999,-9999,-9999,-9999
1210,586.836205,586.836383121,-9999,10344146,-9999,495773.4,17.32,-1,-9999,-9999,-9999,-9999,-9999,-9999,-9999,unassigned,N/A,-9999,-9999,N/A,-9999,-9999,-9999,-9999,-9999,-9999,-9999,-9999,-9999,-9999
1211,586.926961,586.927139153,-9999,17159906,-9999,504815,30,-1,-9999,-9999,-9999,-9999,-9999,-9999,-9999,unassigned,N/A,-9999,-9999,N/A,-9999,-9999,-9999,-9999,-9999,-9999,-9999,-9999,-9999,-9999
1239,600.851841,600.852024157,-9999,10051836,-9999,495189.9,16.77,-1,-9999,-9999,-9999,-9999,-9999,-9999,-9999,unassigned,N/A,-9999,-9999,N/A,-9999,-9999,-9999,-9999,-9999,-9999,-9999,-9999,-9999,-9999
1240,600.942573,600.942756189,-9999,12886287,-9999,481335,22.04,-1,-9999,-9999,-9999,-9999,-9999,-9999,-9999,unassigned,N/A,-9999,-9999,N/A,-9999,-9999,-9999,-9999,-9999,-9999,-9999,-9999,-9999,-9999
1244,602.939711,602.939894907,-9999,7660210,-9999,446984.1,12.32,-1,-9999,-9999,-9999,-9999,-9999,-9999,-9999,unassigned,N/A,-9999,-9999,N/A,-9999,-9999,-9999,-9999,-9999,-9999,-9999,-9999,-9999,-9999
1261,618.862407,618.862596628,-9999,11579842,-9999,478990.8,19.61,-1,-9999,-9999,-9999,-9999,-9999,-9999,-9999,unassigned,N/A,-9999,-9999,N/A,-9999,-9999,-9999,-9999,-9999,-9999,-9999,-9999,-9999,-9999
1281,632.87803,632.878224664,-9999,20185344,-9999,454068.6,35.62,-1,-9999,-9999,-9999,-9999,-9999,-9999,-9999,unassigned,N/A,-9999,-9999,N/A,-9999,-9999,-9999,-9999,-9999,-9999,-9999,-9999,-9999,-9999
1286,633.877602,633.877797023,-9999,8503839,-9999,493906.1,13.87,-1,-9999,-9999,-9999,-9999,-9999,-9999,-9999,unassigned,N/A,-9999,-9999,N/A,-9999,-9999,-9999,-9999,-9999,-9999,-9999,-9999,-9999,-9999
1288,634.875033,634.875228381,-9999,11404094,-9999,423195.5,19.27,-1,-9999,-9999,-9999,-9999,-9999,-9999,-9999,unassigned,N/A,-9999,-9999,N/A,-9999,-9999,-9999,-9999,-9999,-9999,-9999,-9999,-9999,-9999
1305,646.893684,646.8938837,-9999,19075250,-9999,440500.6,33.7,-1,-9999,-9999,-9999,-9999,-9999,-9999,-9999,unassigned,N/A,-9999,-9999,N/A,-9999,-9999,-9999,-9999,-9999,-9999,-9999,-9999,-9999,-9999
1308,648.890717,648.890917417,-9999,8934115,-9999,404672.2,14.74,-1,-9999,-9999,-9999,-9999,-9999,-9999,-9999,unassigned,N/A,-9999,-9999,N/A,-9999,-9999,-9999,-9999,-9999,-9999,-9999,-9999,-9999,-9999
1322,660.909229,660.909433736,-9999,10362747,-9999,458706.6,17.4,-1,-9999,-9999,-9999,-9999,-9999,-9999,-9999,unassigned,N/A,-9999,-9999,N/A,-9999,-9999,-9999,-9999,-9999,-9999,-9999,-9999,-9999,-9999
1337,678.829125,678.829336174,-9999,9858807,-9999,453334.8,16.59,-1,-9999,-9999,-9999,-9999,-9999,-9999,-9999,unassigned,N/A,-9999,-9999,N/A,-9999,-9999,-9999,-9999,-9999,-9999,-9999,-9999,-9999,-9999
1339,692.844809,692.84502521,-9999,11089809,-9999,397875.4,18.9,-1,-9999,-9999,-9999,-9999,-9999,-9999,-9999,unassigned,N/A,-9999,-9999,N/A,-9999,-9999,-9999,-9999,-9999,-9999,-9999,-9999,-9999,-9999
1341,699.631246,699.631464649,-9999,7994029,-9999,452215.2,13.07,-1,-9999,-9999,-9999,-9999,-9999,-9999,-9999,unassigned,N/A,-9999,-9999,N/A,-9999,-9999,-9999,-9999,-9999,-9999,-9999,-9999,-9999,-9999
1342,706.860524,706.860745246,-9999,8338756.5,-9999,478132,13.71,-1,-9999,-9999,-9999,-9999,-9999,-9999,-9999,unassigned,N/A,-9999,-9999,N/A,-9999,-9999,-9999,-9999,-9999,-9999,-9999,-9999,-9999,-9999
1372,827.79172,827.791984697,-9999,15127538,-9999,392971.9,25.56,-1,-9999,-9999,-9999,-9999,-9999,-9999,-9999,unassigned,N/A,-9999,-9999,N/A,-9999,-9999,-9999,-9999,-9999,-9999,-9999,-9999,-9999,-9999
1421,975.977538,975.977855941,-9999,10212880,-9999,232918.9,14.5,-1,-9999,-9999,-9999,-9999,-9999,-9999,-9999,unassigned,N/A,-9999,-9999,N/A,-9999,-9999,-9999,-9999,-9999,-9999,-9999,-9999,-9999,-9999
1485,1006.95134,1006.95166907,-9999,16085238,-9999,275308.1,23.86,-1,-9999,-9999,-9999,-9999,-9999,-9999,-9999,unassigned,N/A,-9999,-9999,N/A,-9999,-9999,-9999,-9999,-9999,-9999,-9999,-9999,-9999,-9999
1540,1033.9977,1033.998038788,-9999,20945754,-9999,288175.6,31.46,-1,-9999,-9999,-9999,-9999,-9999,-9999,-9999,unassigned,N/A,-9999,-9999,N/A,-9999,-9999,-9999,-9999,-9999,-9999,-9999,-9999,-9999,-9999
1628,1069.013046,1069.013397369,-9999,14986391,-9999,253023.4,21.97,-1,-9999,-9999,-9999,-9999,-9999,-9999,-9999,unassigned,N/A,-9999,-9999,N/A,-9999,-9999,-9999,-9999,-9999,-9999,-9999,-9999,-9999,-9999
1635,1072.096329,1072.096681476,-9999,15609047,-9999,214177.2,22.96,-1,-9999,-9999,-9999,-9999,-9999,-9999,-9999,unassigned,N/A,-9999,-9999,N/A,-9999,-9999,-9999,-9999,-9999,-9999,-9999,-9999,-9999,-9999
