Index,Mass,Calibrated_Mass,Calculated_Mass,Peak_Height,Peak_Area,Resolving_Power,S_N,Ion_Charge,Error_ppm,Error_Score,Isotopologue_Similarity,Confidence_Score,DBE,OtoC_ratio,HtoC_ratio,Heteroatom_Class,Ion_Type,Is_Isotopologue,Mono_Isotopic_Index,Molecular_Formula,C,H,O,N,P,S,13C,34S
4,115.040047,115.040047216,115.040067664,7625719,-9999,2269604.1,15.69,-1,-0.177751247,0.994283439,0,0.596570063,2,0.6,1.6,O3,de-protonated,0,-9999,C5 H8 O3,5,8,3,-9999,-9999,-9999,-9999,-9999
9,117.055686,117.055687301,117.055717729,9091204,-9999,2626232.2,19.09,-1,-0.259944395,0.987814171,0,0.592688502,1,0.6,2,O3,de-protonated,0,-9999,C5 H10 O3,5,10,3,-9999,-9999,-9999,-9999,-9999
12,121.02948,121.02948344,121.02950298,28033336,-9999,2245058.2,63.02,-1,-0.161451833,0.9952814,0,0.59716884,5,0.285714286,0.857142857,O2,de-protonated,0,-9999,C7 H6 O2,7,6,2,-9999,-9999,-9999,-9999,-9999
14,127.040043,127.040049675,127.040067664,9254188,-9999,2162584.3,19.47,-1,-0.141601316,0.996368395,0,0.597821037,3,0.5,1.333333333,O3,de-protonated,0,-9999,C6 H8 O3,6,8,3,-9999,-9999,-9999,-9999,-9999
17,129.019311,129.019318741,129.019332219,7495798.5,-9999,2184941.9,15.39,-1,-0.104470632,0.998021608,0,0.598812965,3,0.8,1.2,O4,de-protonated,0,-9999,C5 H6 O4,5,6,4,-9999,-9999,-9999,-9999,-9999
20,129.055689,129.05569676,129.055717729,760520064,-9999,2013888.8,1761.74,-1,-0.162476329,0.997150701,0.999834394,0.998224178,2,0.5,1.666666667,O3,de-protonated,0,-9999,C6 H10 O3,6,10,3,-9999,-9999,-9999,-9999,-9999
23,130.059055,130.0590633,130.059072564,49210672,-9999,2014592.4,112.13,-1,-0.071225079,0.999079932,0.999834394,0.999381717,2,0.5,1.666666667,13C1 O3,de-protonated,1,20,C5 H10 O3 13C1,5,10,3,-9999,-9999,-9999,1,-9999
28,131.034956,131.034964826,131.034982284,23555332,-9999,2126228.9,52.63,-1,-0.133233049,0.996784278,0,0.598070567,2,0.8,1.6,O4,de-protonated,0,-9999,C5 H8 O4,5,8,4,-9999,-9999,-9999,-9999,-9999
32,131.071346,131.071354845,131.071367793,956898560,-9999,2003420.3,2217.16,-1,-0.098785509,0.997571486,0.998265455,0.997849074,1,0.5,2,O3,de-protonated,0,-9999,C6 H12 O3,6,12,3,-9999,-9999,-9999,-9999,-9999
35,132.074696,132.074705385,132.074722628,60218604,-9999,1980041.6,137.66,-1,-0.130554344,0.996912087,0.998265455,0.997453434,1,0.5,2,13C1 O3,de-protonated,1,32,C5 H12 O3 13C1,5,12,3,-9999,-9999,-9999,1,-9999
40,135.045129,135.045139984,135.045153045,6138174,-9999,1907161.5,12.24,-1,-0.096711469,0.99830433,0,0.598982598,5,0.25,1,O2,de-protonated,0,-9999,C8 H8 O2,8,8,2,-9999,-9999,-9999,-9999,-9999
43,137.024388,137.02440005,137.0244176,46841356,-9999,1888344.2,106.64,-1,-0.128080168,0.997027845,0,0.598216707,5,0.428571429,0.857142857,O3,de-protonated,0,-9999,C7 H6 O3,7,6,3,-9999,-9999,-9999,-9999,-9999
45,138.019639,138.019651585,138.019666572,14252711,-9999,1777400,31.06,-1,-0.10858291,0.997862962,0,0.598717777,5,0.5,0.833333333,N1 O3,de-protonated,0,-9999,C6 H5 O3 N1,6,5,3,1,-9999,-9999,-9999,-9999
47,139.040045,139.040058135,139.040067664,6682989,-9999,1469143.8,13.5,-1,-0.06853825,0.999148009,0,0.599488806,4,0.428571429,1.142857143,O3,de-protonated,0,-9999,C7 H8 O3,7,8,3,-9999,-9999,-9999,-9999,-9999
48,139.076429,139.076442154,139.076453174,8750965,-9999,1987720.1,18.3,-1,-0.07923216,0.998861562,0,0.599316937,3,0.25,1.5,O2,de-protonated,0,-9999,C8 H12 O2,8,12,2,-9999,-9999,-9999,-9999,-9999
50,141.019316,141.0193302,141.019332219,6070633.5,-9999,2243173.4,12.08,-1,-0.014318971,0.999962798,0,0.599977679,4,0.666666667,1,O4,de-protonated,0,-9999,C6 H6 O4,6,6,4,-9999,-9999,-9999,-9999,-9999
51,141.055693,141.05570722,141.055717729,6857076.5,-9999,2153736.5,13.91,-1,-0.074502618,0.998993351,0,0.59939601,3,0.428571429,1.428571429,O3,de-protonated,0,-9999,C7 H10 O3,7,10,3,-9999,-9999,-9999,-9999,-9999
52,143.034965,143.034980285,143.034982284,7619621,-9999,2013146.4,15.65,-1,-0.013973564,0.999964571,0,0.599978743,3,0.666666667,1.333333333,O4,de-protonated,0,-9999,C6 H8 O4,6,8,4,-9999,-9999,-9999,-9999,-9999
53,143.071343,143.071358305,143.071367793,21517364,-9999,1874109,47.82,-1,-0.066319884,0.999202248,0,0.599521349,2,0.428571429,1.714285714,O3,de-protonated,0,-9999,C7 H12 O3,7,12,3,-9999,-9999,-9999,-9999,-9999
55,144.045461,144.045476829,144.045487397,80659920,-9999,1828237.7,184.75,-1,-0.073367511,0.999092562,0.991018594,0.995862975,7,0.111111111,0.777777778,N1 O1,de-protonated,0,-9999,C9 H7 O1 N1,9,7,1,1,-9999,-9999,-9999,-9999
60,145.048816,145.048832369,145.048842232,8732585,-9999,1890853.7,18.19,-1,-0.067999393,0.999161348,0.991018594,0.995904247,7,0.111111111,0.777777778,13C1 N1 O1,de-protonated,1,55,C8 H7 O1 N1 13C1,8,7,1,1,-9999,-9999,1,-9999
62,145.050605,145.05062137,145.050632348,44681128,-9999,1787184.7,101.27,-1,-0.07568509,0.99896116,0,0.599376696,2,0.666666667,1.666666667,O4,de-protonated,0,-9999,C6 H10 O4,6,10,4,-9999,-9999,-9999,-9999,-9999
65,145.086996,145.08701239,145.087017858,147613632,-9999,1711293.7,339.16,-1,-0.037687254,0.999179201,0.982261188,0.992411996,1,0.428571429,2,O3,de-protonated,0,-9999,C7 H14 O3,7,14,3,-9999,-9999,-9999,-9999,-9999
67,146.090343,146.09035993,146.090372693,14264777,-9999,1717366.3,30.92,-1,-0.087363114,0.998616085,0.982261188,0.992074127,1,0.428571429,2,13C1 O3,de-protonated,1,65,C6 H14 O3 13C1,6,14,3,-9999,-9999,-9999,1,-9999
74,149.024392,149.024410509,149.0244176,18182360,-9999,1580762.3,39.88,-1,-0.047580333,0.999589305,0,0.599753583,6,0.375,0.75,O3,de-protonated,0,-9999,C8 H6 O3,8,6,3,-9999,-9999,-9999,-9999,-9999
75,149.060766,149.060784529,149.060803109,8464624,-9999,1681731,17.5,-1,-0.124649816,0.997184698,0,0.598310819,5,0.222222222,1.111111111,O2,de-protonated,0,-9999,C9 H10 O2,9,10,2,-9999,-9999,-9999,-9999,-9999
76,150.001881,150.001900035,150.001908507,14812038,-9999,1669867.8,32.05,-1,-0.056478742,0.999421374,0,0.599652824,6,0.142857143,0.714285714,N1 S1 O1,de-protonated,0,-9999,C7 H5 O1 N1 S1,7,5,1,1,-9999,1,-9999,-9999
81,151.040042,151.040061594,151.040067664,31622796,-9999,1724721,70.69,-1,-0.040188592,0.999706981,0,0.599824189,5,0.375,1,O3,de-protonated,0,-9999,C8 H8 O3,8,8,3,-9999,-9999,-9999,-9999,-9999
86,153.019307,153.01932766,153.019332219,132381896,-9999,1642324.3,301.67,-1,-0.029798716,0.999916653,0.995258568,0.998053419,5,0.571428571,0.857142857,O4,de-protonated,0,-9999,C7 H6 O4,7,6,4,-9999,-9999,-9999,-9999,-9999
88,153.092077,153.092097699,153.092103238,9047302,-9999,1887869.8,18.76,-1,-0.036182848,0.999762476,0,0.599857486,3,0.222222222,1.555555556,O2,de-protonated,0,-9999,C9 H14 O2,9,14,2,-9999,-9999,-9999,-9999,-9999
89,154.022665,154.0226862,154.022687054,9300011,-9999,1781360.5,19.3,-1,-0.005549523,0.999994412,0.995258568,0.998100074,5,0.571428571,0.857142857,13C1 O4,de-protonated,1,86,C6 H6 O4 13C1,6,6,4,-9999,-9999,-9999,1,-9999
95,155.034953,155.034974745,155.034982284,8919996,-9999,1700104.1,18.43,-1,-0.048629271,0.999571001,0,0.599742601,4,0.571428571,1.142857143,O4,de-protonated,0,-9999,C7 H8 O4,7,8,4,-9999,-9999,-9999,-9999,-9999
96,155.071338,155.071359764,155.071367793,23843806,-9999,1697341.2,52.59,-1,-0.051776176,0.999513696,0,0.599708217,3,0.375,1.5,O3,de-protonated,0,-9999,C8 H12 O3,8,12,3,-9999,-9999,-9999,-9999,-9999
98,157.050608,157.05063083,157.050632348,29215552,-9999,1585152.6,64.75,-1,-0.009670077,0.999983033,0,0.59998982,3,0.571428571,1.428571429,O4,de-protonated,0,-9999,C7 H10 O4,7,10,4,-9999,-9999,-9999,-9999,-9999
99,157.086991,157.087013849,157.087017858,14336868,-9999,1609910.8,30.76,-1,-0.025517431,0.999881859,0,0.599929115,2,0.375,1.75,O3,de-protonated,0,-9999,C8 H14 O3,8,14,3,-9999,-9999,-9999,-9999,-9999
100,158.082236,158.082259385,158.08226683,9525069,-9999,1617343.2,19.73,-1,-0.04709527,0.999597634,0,0.599758581,2,0.428571429,1.857142857,N1 O3,de-protonated,0,-9999,C7 H13 O3 N1,7,13,3,1,-9999,-9999,-9999,-9999
103,159.06625,159.066273915,159.066282413,86184776,-9999,1595930.1,194.49,-1,-0.053425228,0.499741117,0.929618493,0.671692067,2,0.571428571,1.714285714,O4,de-protonated,0,-9999,C7 H12 O4,7,12,4,-9999,-9999,-9999,-9999,-9999
106,159.102632,159.102655934,159.102667922,34116464,-9999,1618469.9,75.79,-1,-0.07534706,0.998970414,0,0.599382248,1,0.375,2,O3,de-protonated,0,-9999,C8 H16 O3,8,16,3,-9999,-9999,-9999,-9999,-9999
108,160.040383,160.040407439,160.040402017,9133913,-9999,1572737.1,18.79,-1,0.033879404,0.999791752,0,0.599875051,7,0.222222222,0.777777778,N1 O2,de-protonated,0,-9999,C9 H7 O2 N1,9,7,2,1,-9999,-9999,-9999,-9999
110,161.024392,161.024416969,161.0244176,21048206,-9999,1670524.9,45.89,-1,-0.003919621,0.999997212,0,0.599998327,7,0.333333333,0.666666667,O3,de-protonated,0,-9999,C9 H6 O3,9,6,3,-9999,-9999,-9999,-9999,-9999
111,161.081903,161.081928,161.081932477,36912076,-9999,1590996.9,81.98,-1,-0.027797078,0.999859809,0,0.599915885,1,0.571428571,2,O4,de-protonated,0,-9999,C7 H14 O4,7,14,4,-9999,-9999,-9999,-9999,-9999
113,162.077154,162.077179535,162.077181449,8706091,-9999,1809203.2,17.77,-1,-0.011809643,0.999974694,0,0.599984816,1,0.666666667,2.166666667,N1 O4,de-protonated,0,-9999,C6 H13 O4 N1,6,13,4,1,-9999,-9999,-9999,-9999
120,163.003653,163.003679034,163.003682155,7107667.5,-9999,1826533,14.14,-1,-0.019145879,0.99993349,0,0.599960094,7,0.5,0.5,O4,de-protonated,0,-9999,C8 H4 O4,8,4,4,-9999,-9999,-9999,-9999,-9999
121,163.040037,163.040063054,163.040067664,28705918,-9999,1645619.1,63.17,-1,-0.028279021,0.999854905,0,0.599912943,6,0.333333333,0.888888889,O3,de-protonated,0,-9999,C9 H8 O3,9,8,3,-9999,-9999,-9999,-9999,-9999
127,165.019305,165.019332119,165.019332219,20376998,-9999,1526099.4,44.16,-1,-6.07831e-4,0.999999933,0,0.59999996,6,0.5,0.75,O4,de-protonated,0,-9999,C8 H6 O4,8,6,4,-9999,-9999,-9999,-9999,-9999
130,165.055689,165.055716139,165.055717729,18382290,-9999,1603375.9,39.64,-1,-0.009633527,0.999983161,0,0.599989896,5,0.333333333,1.111111111,O3,de-protonated,0,-9999,C9 H10 O3,9,10,3,-9999,-9999,-9999,-9999,-9999
131,166.014552,166.014579655,166.014581192,22835810,-9999,1507320.8,49.61,-1,-0.009256854,0.999984452,0,0.599990671,6,0.571428571,0.714285714,N1 O4,de-protonated,0,-9999,C7 H5 O4 N1,7,5,4,1,-9999,-9999,-9999,-9999
139,167.034944,167.034972204,167.034982284,14301010,-9999,1634326.4,30.32,-1,-0.06034524,0.999339464,0,0.599603678,5,0.5,1,O4,de-protonated,0,-9999,C8 H8 O4,8,8,4,-9999,-9999,-9999,-9999,-9999
143,167.07134,167.071368224,167.071367793,6469503.5,-9999,1562541.4,12.62,-1,0.002576596,0.999998795,0,0.599999277,4,0.333333333,1.333333333,O3,de-protonated,0,-9999,C9 H12 O3,9,12,3,-9999,-9999,-9999,-9999,-9999
144,168.030202,168.03023074,168.030231256,6732854,-9999,1454091.5,13.19,-1,-0.003072239,0.999998287,0,0.599998972,5,0.571428571,1,N1 O4,de-protonated,0,-9999,C7 H7 O4 N1,7,7,4,1,-9999,-9999,-9999,-9999
154,169.050592,169.050621289,169.050632348,9539916,-9999,1743122,19.51,-1,-0.065419593,0.999223751,0,0.599534251,4,0.5,1.25,O4,de-protonated,0,-9999,C8 H10 O4,8,10,4,-9999,-9999,-9999,-9999,-9999
155,169.086985,169.087014309,169.087017858,13574523,-9999,1619540.2,28.61,-1,-0.020989095,0.999920067,0,0.59995204,3,0.333333333,1.555555556,O3,de-protonated,0,-9999,C9 H14 O3,9,14,3,-9999,-9999,-9999,-9999,-9999
159,171.066254,171.066284374,171.066282413,79596424,-9999,1519216.3,177.01,-1,0.011465302,0.999987733,0.988480774,0.995384949,3,0.5,1.5,O4,de-protonated,0,-9999,C8 H12 O4,8,12,4,-9999,-9999,-9999,-9999,-9999
161,171.102638,171.102668394,171.102667922,20478906,-9999,1441634.8,44.06,-1,0.002756017,0.999998622,0,0.599999173,2,0.333333333,1.777777778,O3,de-protonated,0,-9999,C9 H16 O3,9,16,3,-9999,-9999,-9999,-9999,-9999
162,172.069606,172.069636914,172.069637248,7983288.5,-9999,1571743,15.95,-1,-0.001939036,0.999999318,0.988480774,0.9953919,3,0.5,1.5,13C1 O4,de-protonated,1,159,C7 H12 O4 13C1,7,12,4,-9999,-9999,-9999,1,-9999
163,172.097887,172.097917929,172.097916894,12878046,-9999,1603566.1,26.96,-1,0.006014565,0.999993436,0,0.599996062,2,0.375,1.875,N1 O3,de-protonated,0,-9999,C8 H15 O3 N1,8,15,3,1,-9999,-9999,-9999,-9999
166,173.045513,173.045544439,173.045546968,7169486.5,-9999,1613906.4,14.09,-1,-0.014611,0.999961265,0,0.599976759,3,0.714285714,1.428571429,O5,de-protonated,0,-9999,C7 H10 O5,7,10,5,-9999,-9999,-9999,-9999,-9999
168,173.081903,173.081934459,173.081932477,74601984,-9999,1483675.8,165.36,-1,0.011450472,0.999828026,0.999803566,0.999818242,2,0.5,1.75,O4,de-protonated,0,-9999,C8 H14 O4,8,14,4,-9999,-9999,-9999,-9999,-9999
170,173.118285,173.118316479,173.118317987,30561840,-9999,1491661.4,66.56,-1,-0.008710206,0.999986234,0,0.59999174,1,0.333333333,2,O3,de-protonated,0,-9999,C9 H18 O3,9,18,3,-9999,-9999,-9999,-9999,-9999
171,174.085248,174.085279999,174.085287312,6437702,-9999,1643469.4,12.44,-1,-0.042008776,0.999679842,0.999803566,0.999729332,2,0.5,1.75,13C1 O4,de-protonated,1,168,C7 H14 O4 13C1,7,14,4,-9999,-9999,-9999,1,-9999
173,175.040034,175.040066513,175.040067664,10346580,-9999,1530937.8,21.21,-1,-0.006576428,0.999992152,0,0.599995291,7,0.3,0.8,O3,de-protonated,0,-9999,C10 H8 O3,10,8,3,-9999,-9999,-9999,-9999,-9999
174,175.061171,175.061203524,175.061197032,9554033,-9999,1573562.4,19.43,-1,0.0370852,0.999750483,0,0.59985029,2,0.714285714,1.714285714,O5,de-protonated,0,-9999,C7 H12 O5,7,12,5,-9999,-9999,-9999,-9999,-9999
175,175.097546,175.097578544,175.097582542,10850466,-9999,1416906.9,22.34,-1,-0.022830642,0.999905426,0,0.599943256,1,0.5,2,O4,de-protonated,0,-9999,C8 H16 O4,8,16,4,-9999,-9999,-9999,-9999,-9999
177,177.055681,177.055714598,177.055717729,6851351.5,-9999,1489173.6,13.33,-1,-0.017681419,0.999943275,0,0.599965965,6,0.3,1,O3,de-protonated,0,-9999,C10 H10 O3,10,10,3,-9999,-9999,-9999,-9999,-9999
179,179.034957,179.034991664,179.034982284,7384512.5,-9999,1408796.1,14.48,-1,0.052390419,0.999502092,0,0.599701255,6,0.444444444,0.888888889,O4,de-protonated,0,-9999,C9 H8 O4,9,8,4,-9999,-9999,-9999,-9999,-9999
180,179.048011,179.048045671,179.047869443,6878674.5,-9999,1476068.4,13.35,-1,0.984246141,0.83880528,0,0.503283168,1,0.666666667,2.166666667,P1 O4,de-protonated,0,-9999,C6 H13 O4 P1,6,13,4,-9999,1,-9999,-9999,-9999
181,179.071336,179.071370683,179.071367793,19936754,-9999,1434073.5,42.49,-1,0.016138538,0.999952742,0,0.599971645,5,0.3,1.2,O3,de-protonated,0,-9999,C10 H12 O3,10,12,3,-9999,-9999,-9999,-9999,-9999
182,179.10771,179.107744703,179.107753302,11122213,-9999,1515967.3,22.82,-1,-0.048014784,0.999581772,0,0.599749063,4,0.181818182,1.454545455,O2,de-protonated,0,-9999,C11 H16 O2,11,16,2,-9999,-9999,-9999,-9999,-9999
183,180.022131,180.022166195,180.021989048,14928662,-9999,1573898,31.31,-1,0.984031974,0.838869441,0,0.503321665,6,0.25,1,N1 P1 O2,de-protonated,0,-9999,C8 H8 O2 N1 P1,8,8,2,1,1,-9999,-9999,-9999
184,181.014204,181.014239729,181.014246839,7893108.5,-9999,1342916.4,15.56,-1,-0.039278588,0.999720099,0,0.599832059,6,0.625,0.75,O5,de-protonated,0,-9999,C8 H6 O5,8,6,5,-9999,-9999,-9999,-9999,-9999
185,181.050602,181.050637749,181.050632348,7135399,-9999,1427153.3,13.88,-1,0.02982734,0.999838584,0,0.59990315,5,0.444444444,1.111111111,O4,de-protonated,0,-9999,C9 H10 O4,9,10,4,-9999,-9999,-9999,-9999,-9999
186,181.063663,181.063698756,181.063519508,39600312,-9999,1432847.5,86.13,-1,0.989971474,0.837086717,0,0.50225203,0,0.666666667,2.5,P1 O4,de-protonated,0,-9999,C6 H15 O4 P1,6,15,4,-9999,1,-9999,-9999,-9999
188,183.066242,183.066278834,183.066282413,10066831,-9999,1561996.2,20.34,-1,-0.019551405,0.999930642,0,0.599958385,4,0.444444444,1.333333333,O4,de-protonated,0,-9999,C9 H12 O4,9,12,4,-9999,-9999,-9999,-9999,-9999
189,185.081902,185.081939919,185.081932477,14579309,-9999,1412275.2,30.35,-1,0.040205686,0.999706732,0,0.599824039,3,0.444444444,1.555555556,O4,de-protonated,0,-9999,C9 H14 O4,9,14,4,-9999,-9999,-9999,-9999,-9999
190,187.06116,187.061198984,187.061197032,10244356,-9999,1443470.1,20.66,-1,0.010433219,0.999980249,0,0.599988149,3,0.625,1.5,O5,de-protonated,0,-9999,C8 H12 O5,8,12,5,-9999,-9999,-9999,-9999,-9999
191,187.097547,187.097586004,187.097582542,46014772,-9999,1423136,99.83,-1,0.01850311,0.99993788,0,0.599962728,2,0.444444444,1.777777778,O4,de-protonated,0,-9999,C9 H16 O4,9,16,4,-9999,-9999,-9999,-9999,-9999
192,187.133932,187.133971023,187.133968051,8323431.5,-9999,1576806.7,16.41,-1,0.015882326,0.999954231,0,0.599972539,1,0.3,2,O3,de-protonated,0,-9999,C10 H20 O3,10,20,3,-9999,-9999,-9999,-9999,-9999
193,189.076813,189.076853069,189.076847097,14666670,-9999,1439183.4,30.35,-1,0.031586076,0.999818989,0,0.599891393,2,0.625,1.75,O5,de-protonated,0,-9999,C8 H14 O5,8,14,5,-9999,-9999,-9999,-9999,-9999
195,190.957466,190.957507081,190.95734036,8971642,-9999,1529707.2,17.78,-1,0.873081661,0.870825926,0,0.522495555,4,0.8,1,S1 P1 O4,de-protonated,0,-9999,C5 H5 O4 P1 S1,5,5,4,-9999,1,1,-9999,-9999
196,191.05608,191.056121134,191.056111652,6379004,-9999,1437252,12.06,-1,0.049632041,0.99955313,0,0.599731878,2,0.857142857,1.714285714,O6,de-protonated,0,-9999,C7 H12 O6,7,12,6,-9999,-9999,-9999,-9999,-9999
197,193.063661,193.063703215,193.063519508,7643195,-9999,1620000.9,14.8,-1,0.951537585,0.848497658,0,0.509098595,1,0.571428571,2.142857143,P1 O4,de-protonated,0,-9999,C7 H15 O4 P1,7,15,4,-9999,1,-9999,-9999,-9999
198,193.086982,193.087024228,193.087017858,6490201,-9999,1466546.4,12.26,-1,0.032990144,0.99980254,0,0.599881524,5,0.272727273,1.272727273,O3,de-protonated,0,-9999,C11 H14 O3,11,14,3,-9999,-9999,-9999,-9999,-9999
199,193.100043,193.100085235,193.099905017,12914794,-9999,1502975.9,26.4,-1,0.933285954,0.853810574,0,0.512286345,0,0.375,2.375,P1 O3,de-protonated,0,-9999,C8 H19 O3 P1,8,19,3,-9999,1,-9999,-9999,-9999
200,194.082221,194.082263763,194.08226683,7288149.5,-9999,1558886.2,14.01,-1,-0.015800025,0.999954704,0,0.599972822,5,0.3,1.3,N1 O3,de-protonated,0,-9999,C10 H13 O3 N1,10,13,3,1,-9999,-9999,-9999,-9999
201,195.079302,195.0793453,195.079169572,6670915,-9999,1229752.5,12.61,-1,0.900802142,0.863090662,0,0.517854397,0,0.571428571,2.428571429,P1 O4,de-protonated,0,-9999,C7 H17 O4 P1,7,17,4,-9999,1,-9999,-9999,-9999
204,197.081886,197.081930378,197.081932477,7500783.5,-9999,1480894.7,14.43,-1,-0.010651335,0.999979415,0,0.599987649,4,0.4,1.4,O4,de-protonated,0,-9999,C10 H14 O4,10,14,4,-9999,-9999,-9999,-9999,-9999
206,199.007022,199.007067414,199.007053458,6962411,-9999,1482674.9,13.2,-1,0.070128546,0.999108031,0,0.599464819,5,0.5,1,S1 O4,de-protonated,0,-9999,C8 H8 O4 S1,8,8,4,-9999,-9999,1,-9999,-9999
207,199.061152,199.061197443,199.061197032,10059050,-9999,1413553.8,19.97,-1,0.002065309,0.999999226,0,0.599999536,4,0.555555556,1.333333333,O5,de-protonated,0,-9999,C9 H12 O5,9,12,5,-9999,-9999,-9999,-9999,-9999
208,199.097543,199.097588463,199.097582542,14998869,-9999,1458004.6,30.77,-1,0.029741003,0.999839517,0,0.59990371,3,0.4,1.6,O4,de-protonated,0,-9999,C10 H16 O4,10,16,4,-9999,-9999,-9999,-9999,-9999
210,201.076808,201.076854528,201.076847097,11064880,-9999,1496638.8,22.09,-1,0.036959351,0.999752173,0,0.599851304,3,0.555555556,1.555555556,O5,de-protonated,0,-9999,C9 H14 O5,9,14,5,-9999,-9999,-9999,-9999,-9999
211,201.113194,201.113240548,201.113232606,15017560,-9999,1397410.7,30.71,-1,0.039489724,0.999717082,0,0.599830249,2,0.4,1.8,O4,de-protonated,0,-9999,C10 H18 O4,10,18,4,-9999,-9999,-9999,-9999,-9999
214,203.092459,203.092506613,203.092497161,12484296,-9999,1311189.5,25.18,-1,0.046541424,0.99960704,0,0.599764224,2,0.555555556,1.777777778,O5,de-protonated,0,-9999,C9 H16 O5,9,16,5,-9999,-9999,-9999,-9999,-9999
216,207.042912,207.04296174,207.042784063,9842232,-9999,1453633.3,19.35,-1,0.858165491,0.874915889,0,0.524949534,2,0.714285714,1.857142857,P1 O5,de-protonated,0,-9999,C7 H13 O5 P1,7,13,5,-9999,1,-9999,-9999,-9999
217,207.079301,207.079350759,207.079169572,13606490,-9999,1305281.5,27.52,-1,0.874965891,0.870305639,0,0.522183383,1,0.5,2.125,P1 O4,de-protonated,0,-9999,C8 H17 O4 P1,8,17,4,-9999,1,-9999,-9999,-9999
219,209.094946,209.094996845,209.094819637,9332075,-9999,1367398.2,18.22,-1,0.847499481,0.877808785,0,0.526685271,0,0.5,2.375,P1 O4,de-protonated,0,-9999,C8 H19 O4 P1,8,19,4,-9999,1,-9999,-9999,-9999
220,209.154663,209.154713877,209.154703496,6829470.5,-9999,1434770.7,12.79,-1,0.049632,0.999553131,0,0.599731879,3,0.153846154,1.692307692,O2,de-protonated,0,-9999,C13 H22 O2,13,22,2,-9999,-9999,-9999,-9999,-9999
223,215.128831,215.128885092,215.128882671,8267537.5,-9999,1289483.2,15.86,-1,0.011257993,0.999977003,0,0.599986202,2,0.363636364,1.818181818,O4,de-protonated,0,-9999,C11 H20 O4,11,20,4,-9999,-9999,-9999,-9999,-9999
224,217.108108,217.108163158,217.108147226,19495878,-9999,1286190.1,40.15,-1,0.073383861,0.999023341,0,0.599414005,2,0.5,1.8,O5,de-protonated,0,-9999,C10 H18 O5,10,18,5,-9999,-9999,-9999,-9999,-9999
225,221.058567,221.058624284,221.058434127,9700282,-9999,1259029.4,18.93,-1,0.860211447,0.874357938,0,0.524614763,2,0.625,1.875,P1 O5,de-protonated,0,-9999,C8 H15 O5 P1,8,15,5,-9999,1,-9999,-9999,-9999
226,223.074206,223.074264369,223.074084192,12699414,-9999,1258168.7,25.37,-1,0.80770267,0.888363611,0,0.533018167,1,0.625,2.125,P1 O5,de-protonated,0,-9999,C8 H17 O5 P1,8,17,5,-9999,1,-9999,-9999,-9999
227,223.097527,223.097585382,223.097582542,14796575,-9999,1118161.7,29.9,-1,0.012731231,0.99997059,0,0.599982354,5,0.333333333,1.333333333,O4,de-protonated,0,-9999,C12 H16 O4,12,16,4,-9999,-9999,-9999,-9999,-9999
228,225.053468,225.053527435,225.053348747,7703030.5,-9999,1276297.1,14.59,-1,0.79397992,0.891913612,0,0.535148167,1,0.857142857,2.142857143,P1 O6,de-protonated,0,-9999,C7 H15 O6 P1,7,15,6,-9999,1,-9999,-9999,-9999
229,225.113182,225.113241467,225.113232606,19999242,-9999,1222622.3,41.12,-1,0.039361761,0.999718912,0,0.599831347,4,0.333333333,1.5,O4,de-protonated,0,-9999,C12 H18 O4,12,18,4,-9999,-9999,-9999,-9999,-9999
230,227.092433,227.092493532,227.092497161,7978115,-9999,1189800.9,15.16,-1,-0.015979596,0.999953669,0,0.599972201,4,0.454545455,1.454545455,O5,de-protonated,0,-9999,C11 H16 O5,11,16,5,-9999,-9999,-9999,-9999,-9999
231,227.128826,227.128886552,227.128882671,17255566,-9999,1208894.6,35.15,-1,0.017088948,0.999947013,0,0.599968208,3,0.333333333,1.666666667,O4,de-protonated,0,-9999,C12 H20 O4,12,20,4,-9999,-9999,-9999,-9999,-9999
232,229.108095,229.108156617,229.108147226,15109797,-9999,1229093.8,30.53,-1,0.040992448,0.999695144,0,0.599817086,3,0.454545455,1.636363636,O5,de-protonated,0,-9999,C11 H18 O5,11,18,5,-9999,-9999,-9999,-9999,-9999
233,229.144482,229.144543637,229.144532735,9858734,-9999,1300720.3,19.21,-1,0.0475767,0.999589368,0,0.599753621,2,0.333333333,1.833333333,O4,de-protonated,0,-9999,C12 H22 O4,12,22,4,-9999,-9999,-9999,-9999,-9999
234,231.087356,231.087418683,231.087411781,10047587,-9999,1199964.3,19.61,-1,0.029867528,0.999838148,0,0.599902889,3,0.6,1.6,O6,de-protonated,0,-9999,C10 H16 O6,10,16,6,-9999,-9999,-9999,-9999,-9999
235,231.123746,231.123808702,231.12379729,27013226,-9999,1210520.7,56.18,-1,0.049377209,0.999557706,0,0.599734624,2,0.454545455,1.818181818,O5,de-protonated,0,-9999,C11 H20 O5,11,20,5,-9999,-9999,-9999,-9999,-9999
236,233.154649,233.154712796,233.154703496,26112478,-9999,1181990.1,54.16,-1,0.039886445,0.99971137,0,0.599826822,5,0.133333333,1.466666667,O2,de-protonated,0,-9999,C15 H22 O2,15,22,2,-9999,-9999,-9999,-9999,-9999
237,235.024749,235.024813802,235.024811523,8487660,-9999,1145634.1,16.23,-1,0.009698159,0.999982934,0,0.59998976,8,0.545454545,0.727272727,O6,de-protonated,0,-9999,C11 H8 O6,11,8,6,-9999,-9999,-9999,-9999,-9999
238,235.074208,235.074272829,235.074084192,14029555,-9999,1216671.1,28.15,-1,0.80245771,0.889725961,0,0.533835577,2,0.555555556,1.888888889,P1 O5,de-protonated,0,-9999,C9 H17 O5 P1,9,17,5,-9999,1,-9999,-9999,-9999
239,235.110587,235.110651848,235.110469701,7185143.5,-9999,1241606.4,13.42,-1,0.774730466,0.896813974,0,0.538088384,1,0.4,2.1,P1 O4,de-protonated,0,-9999,C10 H21 O4 P1,10,21,4,-9999,1,-9999,-9999,-9999
240,235.146978,235.147042868,235.146855211,7770876,-9999,1449148,14.69,-1,0.798043769,0.890867186,0,0.534520311,0,0.272727273,2.272727273,P1 O3,de-protonated,0,-9999,C11 H25 O3 P1,11,25,3,-9999,1,-9999,-9999,-9999
242,237.089853,237.089918914,237.089734256,11228111,-9999,1125499.5,22.09,-1,0.778850897,0.895772902,0,0.537463741,1,0.555555556,2.111111111,P1 O5,de-protonated,0,-9999,C9 H19 O5 P1,9,19,5,-9999,1,-9999,-9999,-9999
243,237.113168,237.113233926,237.113232606,6775761,-9999,1198520.1,12.52,-1,0.00556832,0.999994374,0,0.599996624,5,0.307692308,1.384615385,O4,de-protonated,0,-9999,C13 H18 O4,13,18,4,-9999,-9999,-9999,-9999,-9999
244,239.069112,239.069178979,239.068998811,17110118,-9999,1164058.2,34.73,-1,0.753622837,0.902078886,0,0.541247332,1,0.75,2.125,P1 O6,de-protonated,0,-9999,C8 H17 O6 P1,8,17,6,-9999,1,-9999,-9999,-9999
245,239.128821,239.128888011,239.128882671,28865642,-9999,1190924.9,59.99,-1,0.022334683,0.999909491,0,0.599945694,4,0.307692308,1.538461538,O4,de-protonated,0,-9999,C13 H20 O4,13,20,4,-9999,-9999,-9999,-9999,-9999
247,241.108087,241.108155077,241.108147226,12137671,-9999,1192082.9,24.01,-1,0.032562883,0.999807621,0,0.599884573,4,0.416666667,1.5,O5,de-protonated,0,-9999,C12 H18 O5,12,18,5,-9999,-9999,-9999,-9999,-9999
248,241.1364,241.136468092,241.136290527,1035367616,-9999,1087640.5,2219.27,-1,0.736370111,0.902957751,0.994703178,0.939655922,3,0.153846154,1.769230769,P1 O2,de-protonated,0,-9999,C13 H23 O2 P1,13,23,2,-9999,1,-9999,-9999,-9999
249,242.139762,242.139830632,242.139645362,138966240,-9999,1101275.2,296.11,-1,0.765139414,0.900599123,0.994703178,0.938240745,3,0.153846154,1.769230769,13C1 P1 O2,de-protonated,1,248,C12 H23 O2 P1 13C1,12,23,2,-9999,1,-9999,1,-9999
249,242.139762,242.139830632,242.139781707,138966240,-9999,1101275.2,296.11,-1,0.202052575,0.496309841,0.885121231,0.651834397,3,0.333333333,1.75,N1 O4,de-protonated,0,-9999,C12 H21 O4 N1,12,21,4,1,-9999,-9999,-9999,-9999
250,242.1761,242.176168652,242.176167217,16004323,-9999,1161342.1,32.3,-1,0.005926168,0.999993628,0,0.599996177,2,0.230769231,1.923076923,N1 O3,de-protonated,0,-9999,C13 H25 O3 N1,13,25,3,1,-9999,-9999,-9999,-9999
251,243.08735,243.087419142,243.087411781,7828720.5,-9999,1115659.6,14.76,-1,0.030283276,0.999833611,0,0.599900167,4,0.545454545,1.454545455,O6,de-protonated,0,-9999,C11 H16 O6,11,16,6,-9999,-9999,-9999,-9999,-9999
253,243.143113,243.143182172,243.143000197,8852721,-9999,1237630,16.96,-1,0.748430388,0.901977758,0.994703178,0.939067926,3,0.153846154,1.769230769,13C2 P1 O2,de-protonated,1,248,C11 H23 O2 P1 13C2,11,23,2,-9999,1,-9999,2,-9999
254,243.160117,243.160186181,243.160182799,15414513,-9999,1079104.8,31.04,-1,0.013908334,0.999964901,0,0.599978941,2,0.307692308,1.846153846,O4,de-protonated,0,-9999,C13 H24 O4,13,24,4,-9999,-9999,-9999,-9999,-9999
256,245.103,245.103070227,245.103061845,11646189,-9999,1185521.2,22.92,-1,0.034197969,0.999787818,0,0.599872691,3,0.545454545,1.636363636,O6,de-protonated,0,-9999,C11 H18 O6,11,18,6,-9999,-9999,-9999,-9999,-9999
257,245.139387,245.139457247,245.139447355,17134828,-9999,1175867.8,34.67,-1,0.040353619,0.99970457,0,0.599822742,2,0.416666667,1.833333333,O5,de-protonated,0,-9999,C12 H22 O5,12,22,5,-9999,-9999,-9999,-9999,-9999
258,247.110582,247.110653308,247.110469701,65959104,-9999,1082521.8,139.25,-1,0.743014725,0.907131866,0.985104349,0.938320859,2,0.363636364,1.909090909,P1 O4,de-protonated,0,-9999,C11 H21 O4 P1,11,21,4,-9999,1,-9999,-9999,-9999
259,248.113932,248.114003848,248.113824536,9098399,-9999,1082030.3,17.46,-1,0.722699516,0.909582417,0.985104349,0.93979119,2,0.363636364,1.909090909,13C1 P1 O4,de-protonated,1,258,C10 H21 O4 P1 13C1,10,21,4,-9999,1,-9999,1,-9999
259,248.113932,248.114003848,248.113960882,9098399,-9999,1082030.3,17.46,-1,0.173170912,0.994573464,0,0.596744078,2,0.6,1.9,N1 O6,de-protonated,0,-9999,C10 H19 O6 N1,10,19,6,1,-9999,-9999,-9999,-9999
260,249.089833,249.089905373,249.089734256,11326582,-9999,1126418.5,22.23,-1,0.686969372,0.917933327,0,0.550759996,2,0.5,1.9,P1 O5,de-protonated,0,-9999,C10 H19 O5 P1,10,19,5,-9999,1,-9999,-9999,-9999
262,249.126238,249.126310393,249.126119766,11514996,-9999,1164371.4,22.64,-1,0.765183775,0.899209412,0,0.539525647,1,0.363636364,2.090909091,P1 O4,de-protonated,0,-9999,C11 H23 O4 P1,11,23,4,-9999,1,-9999,-9999,-9999
263,249.149557,249.149629405,249.149618115,15258739,-9999,1168282.7,30.65,-1,0.045314286,0.999627485,0,0.599776491,5,0.2,1.466666667,O3,de-protonated,0,-9999,C15 H22 O3,15,22,3,-9999,-9999,-9999,-9999,-9999
265,251.069117,251.069190439,251.068998811,8147984.5,-9999,1242611.2,15.4,-1,0.763245711,0.899692855,0,0.539815713,2,0.666666667,1.888888889,P1 O6,de-protonated,0,-9999,C9 H17 O6 P1,9,17,6,-9999,1,-9999,-9999,-9999
266,251.105498,251.10557145799999,251.105384321,13374478,-9999,1215400.9,26.57,-1,0.745255107,0.904134145,0,0.542480487,1,0.5,2.1,P1 O5,de-protonated,0,-9999,C10 H21 O5 P1,10,21,5,-9999,1,-9999,-9999,-9999
267,251.141877,251.141950478,251.14176983,7144460.5,-9999,1157972,13.25,-1,0.719306082,0.910390387,0,0.546234232,0,0.363636364,2.272727273,P1 O4,de-protonated,0,-9999,C11 H25 O4 P1,11,25,4,-9999,1,-9999,-9999,-9999
268,252.978544,252.978618467,252.978730709,7173019.5,-9999,1163907.6,13.31,-1,-0.443684883,0.964911094,0,0.578946656,12,0.071428571,0.428571429,S2 O1,de-protonated,0,-9999,C14 H6 O1 S2,14,6,1,-9999,-9999,2,-9999,-9999
269,253.084763,253.084837524,253.084648876,46461844,-9999,1087451.6,97.32,-1,0.745394393,0.904100084,0,0.54246005,1,0.666666667,2.111111111,P1 O6,de-protonated,0,-9999,C9 H19 O6 P1,9,19,6,-9999,1,-9999,-9999,-9999
270,253.14447,253.144544556,253.144532735,28242832,-9999,1102745.9,58.37,-1,0.0466962,0.999604423,0,0.599762654,4,0.285714286,1.571428571,O4,de-protonated,0,-9999,C14 H22 O4,14,22,4,-9999,-9999,-9999,-9999,-9999
272,255.123732,255.123807621,255.12379729,9581321,-9999,1107470.7,18.46,-1,0.040494828,0.999702499,0,0.599821499,4,0.384615385,1.538461538,O5,de-protonated,0,-9999,C13 H20 O5,13,20,5,-9999,-9999,-9999,-9999,-9999
273,257.103008,257.103084687,257.103061845,6967930,-9999,994154.4,12.85,-1,0.088841836,0.998568874,0,0.599141324,4,0.5,1.5,O6,de-protonated,0,-9999,C12 H18 O6,12,18,6,-9999,-9999,-9999,-9999,-9999
274,257.131318,257.131394702,257.131205146,16495224,-9999,1096751,33.19,-1,0.737195188,0.906096458,0,0.543657875,3,0.230769231,1.769230769,P1 O3,de-protonated,0,-9999,C13 H23 O3 P1,13,23,3,-9999,1,-9999,-9999,-9999
275,257.139375,257.139451706,257.139447355,10465912,-9999,1075624.2,20.32,-1,0.016923635,0.999948033,0,0.59996882,3,0.384615385,1.692307692,O5,de-protonated,0,-9999,C13 H22 O5,13,22,5,-9999,-9999,-9999,-9999,-9999
276,257.175765,257.175841726,257.175832864,10785397,-9999,1093758.8,21,-1,0.034458807,0.999784569,0,0.599870742,2,0.285714286,1.857142857,O4,de-protonated,0,-9999,C14 H26 O4,14,26,4,-9999,-9999,-9999,-9999,-9999
277,259.082276,259.082353752,259.0823264,6881770.5,-9999,1096814.1,12.67,-1,0.105571917,0.99797972,0,0.598787832,4,0.636363636,1.454545455,O7,de-protonated,0,-9999,C11 H16 O7,11,16,7,-9999,-9999,-9999,-9999,-9999
278,259.110574,259.110651767,259.110469701,15700456,-9999,1033575,31.49,-1,0.702658563,0.914309184,0,0.548585511,3,0.333333333,1.75,P1 O4,de-protonated,0,-9999,C12 H21 O4 P1,12,21,4,-9999,1,-9999,-9999,-9999
279,259.11864,259.118717772,259.11871191,13046248,-9999,1095450.6,25.83,-1,0.022622998,0.999907139,0,0.599944283,3,0.5,1.666666667,O6,de-protonated,0,-9999,C12 H20 O6,12,20,6,-9999,-9999,-9999,-9999,-9999
280,259.129876,259.129953778,259.129945299,13570535,-9999,1145982.3,26.95,-1,0.032720265,0.999805757,0,0.599883454,3,0.454545455,1.818181818,N2 O5,de-protonated,0,-9999,C11 H20 O5 N2,11,20,5,2,-9999,-9999,-9999,-9999
281,261.08984,261.089918833,261.089734256,12841310,-9999,1128768.3,25.34,-1,0.706946596,0.913306961,0,0.547984177,3,0.454545455,1.727272727,P1 O5,de-protonated,0,-9999,C11 H19 O5 P1,11,19,5,-9999,1,-9999,-9999,-9999
282,261.126225,261.126303852,261.126119766,11424091,-9999,1096813.1,22.32,-1,0.704972504,0.913768978,0,0.548261387,2,0.333333333,1.916666667,P1 O4,de-protonated,0,-9999,C12 H23 O4 P1,12,23,4,-9999,1,-9999,-9999,-9999
283,261.134292,261.134370857,261.134361974,22589786,-9999,1057450.2,46.11,-1,0.034015389,0.999790077,0,0.599874046,2,0.5,1.833333333,O6,de-protonated,0,-9999,C12 H22 O6,12,22,6,-9999,-9999,-9999,-9999,-9999
284,261.162597,261.162675872,261.162505275,12521817,-9999,1089499.4,24.66,-1,0.653221499,0.925497498,0,0.555298499,1,0.230769231,2.076923077,P1 O3,de-protonated,0,-9999,C13 H27 O3 P1,13,27,3,-9999,1,-9999,-9999,-9999
286,262.975933,262.976012848,262.975967805,21917924,-9999,1045234,44.68,-1,0.171283877,0.994690772,0,0.596814463,9,0.083333333,0.75,S2 P1 O1,de-protonated,0,-9999,C12 H9 O1 P1 S2,12,9,1,-9999,1,2,-9999,-9999
287,263.069101,263.069180898,263.068998811,9326815,-9999,1103127.8,17.86,-1,0.692163674,0.916740943,0,0.550044566,3,0.6,1.7,P1 O6,de-protonated,0,-9999,C10 H17 O6 P1,10,17,6,-9999,1,-9999,-9999,-9999
288,263.105494,263.105573918,263.105384321,25374940,-9999,1037861.8,52.05,-1,0.720612561,0.910079682,0,0.546047809,2,0.454545455,1.909090909,P1 O5,de-protonated,0,-9999,C11 H21 O5 P1,11,21,5,-9999,1,-9999,-9999,-9999
289,263.141883,263.141962937,263.14176983,10850522,-9999,1162547.9,21.1,-1,0.73385264,0.906905231,0,0.544143139,1,0.333333333,2.083333333,P1 O4,de-protonated,0,-9999,C12 H25 O4 P1,12,25,4,-9999,1,-9999,-9999,-9999
290,263.178261,263.178340957,263.178155339,15691992,-9999,1090720.6,31.42,-1,0.705292254,0.913694215,0,0.548216529,0,0.230769231,2.230769231,P1 O3,de-protonated,0,-9999,C13 H29 O3 P1,13,29,3,-9999,1,-9999,-9999,-9999
293,265.084756,265.084836983,265.084648876,14381167,-9999,1183524.8,28.62,-1,0.70961239,0.912681381,0,0.547608829,2,0.6,1.9,P1 O6,de-protonated,0,-9999,C10 H19 O6 P1,10,19,6,-9999,1,-9999,-9999,-9999
295,265.121138,265.121219003,265.121034385,19443822,-9999,1090372,39.41,-1,0.696352086,0.915774066,0,0.549464439,1,0.454545455,2.090909091,P1 O5,de-protonated,0,-9999,C11 H23 O5 P1,11,23,5,-9999,1,-9999,-9999,-9999
296,267.100401,267.100483068,267.10029894,68579352,-9999,1037461.9,143.82,-1,0.689358615,0.913450933,0.980763918,0.940376127,1,0.6,2.1,P1 O6,de-protonated,0,-9999,C10 H21 O6 P1,10,21,6,-9999,1,-9999,-9999,-9999
298,268.103765,268.103847608,268.103653775,9072633,-9999,1121095.8,17.28,-1,0.72297755,0.909516081,0.980763918,0.938015216,1,0.6,2.1,13C1 P1 O6,de-protonated,1,296,C9 H21 O6 P1 13C1,9,21,6,-9999,1,-9999,1,-9999
298,268.103765,268.103847608,268.103790121,9072633,-9999,1121095.8,17.28,-1,0.21442182,0.991692286,0,0.595015372,1,0.888888889,2.111111111,N1 O8,de-protonated,0,-9999,C9 H19 O8 N1,9,19,8,1,-9999,-9999,-9999,-9999
300,269.079658,269.079741134,269.079563495,8351714.5,-9999,1123264.2,15.75,-1,0.660169779,0.923966266,0,0.554379759,1,0.777777778,2.111111111,P1 O7,de-protonated,0,-9999,C9 H19 O7 P1,9,19,7,-9999,1,-9999,-9999,-9999
302,269.139375,269.139458166,269.139447355,12652514,-9999,1074542.4,24.89,-1,0.040169552,0.999707259,0,0.599824355,4,0.357142857,1.571428571,O5,de-protonated,0,-9999,C14 H22 O5,14,22,5,-9999,-9999,-9999,-9999,-9999
303,269.175744,269.175827185,269.175832864,8564705,-9999,967104.1,16.2,-1,-0.021096106,0.99991925,0,0.59995155,3,0.266666667,1.733333333,O4,de-protonated,0,-9999,C15 H26 O4,15,26,4,-9999,-9999,-9999,-9999,-9999
304,271.118651,271.118735231,271.11871191,8363985,-9999,1018502.9,15.77,-1,0.086019606,0.998658294,0,0.599194977,4,0.461538462,1.538461538,O6,de-protonated,0,-9999,C13 H20 O6,13,20,6,-9999,-9999,-9999,-9999,-9999
305,271.146939,271.147023246,271.146855211,8368081,-9999,1112176.6,15.78,-1,0.619722814,0.93268615,0,0.55961169,3,0.214285714,1.785714286,P1 O3,de-protonated,0,-9999,C14 H25 O3 P1,14,25,3,-9999,1,-9999,-9999,-9999
306,271.191393,271.19147727,271.191482928,9596881,-9999,1170414.9,18.4,-1,-0.020863557,0.999921021,0,0.599952612,2,0.266666667,1.866666667,O4,de-protonated,0,-9999,C15 H28 O4,15,28,4,-9999,-9999,-9999,-9999,-9999
307,273.089839,273.089924292,273.089734256,6647787,-9999,1042119.2,12.1,-1,0.695873742,0.915884733,0,0.54953084,4,0.416666667,1.583333333,P1 O5,de-protonated,0,-9999,C12 H19 O5 P1,12,19,5,-9999,1,-9999,-9999,-9999
308,273.097916,273.098001297,273.097976465,9293803,-9999,946257.8,17.72,-1,0.090926462,0.998500976,0,0.599100585,4,0.583333333,1.5,O7,de-protonated,0,-9999,C12 H18 O7,12,18,7,-9999,-9999,-9999,-9999,-9999
309,273.126212,273.126297312,273.126119766,10481644,-9999,1117766.9,20.24,-1,0.650052088,0.926191412,0,0.555714847,3,0.307692308,1.769230769,P1 O4,de-protonated,0,-9999,C13 H23 O4 P1,13,23,4,-9999,1,-9999,-9999,-9999
310,273.134285,273.134370316,273.134361974,12201964,-9999,1082451.8,23.89,-1,0.030541965,0.999830757,0,0.599898454,3,0.461538462,1.692307692,O6,de-protonated,0,-9999,C13 H22 O6,13,22,6,-9999,-9999,-9999,-9999,-9999
312,275.092418,275.09250437,275.092497161,6983735.5,-9999,1089603.8,12.81,-1,0.026205923,0.999875398,0,0.599925239,8,0.333333333,1.066666667,O5,de-protonated,0,-9999,C15 H16 O5,15,16,5,-9999,-9999,-9999,-9999,-9999
313,275.105489,275.105575377,275.105384321,27553848,-9999,984459.3,56.47,-1,0.69448484,0.916205706,0,0.549723424,3,0.416666667,1.75,P1 O5,de-protonated,0,-9999,C12 H21 O5 P1,12,21,5,-9999,1,-9999,-9999,-9999
314,275.141883,275.141969397,275.14176983,7376954,-9999,1060088.2,13.65,-1,0.725323383,0.908955567,0,0.54537334,2,0.307692308,1.923076923,P1 O4,de-protonated,0,-9999,C13 H25 O4 P1,13,25,4,-9999,1,-9999,-9999,-9999
316,277.059599,277.059686429,277.059496756,33616056,-9999,1015416.8,69.33,-1,0.684594278,0.918476065,0,0.551085639,4,0.666666667,1.666666667,N2 P1 O6,de-protonated,0,-9999,C9 H15 O6 N2 P1,9,15,6,2,1,-9999,-9999,-9999
317,277.084755,277.084842443,277.084648876,9392315,-9999,989693.2,17.92,-1,0.69858373,0.915256937,0,0.549154162,3,0.545454545,1.727272727,P1 O6,de-protonated,0,-9999,C11 H19 O6 P1,11,19,6,-9999,1,-9999,-9999,-9999
319,277.121133,277.121220462,277.121034385,17985726,-9999,1037039,36.16,-1,0.671464942,0.921448037,0,0.552868822,2,0.416666667,1.916666667,P1 O5,de-protonated,0,-9999,C12 H23 O5 P1,12,23,5,-9999,1,-9999,-9999,-9999
320,277.144446,277.144533475,277.144532735,7655615.5,-9999,1045684.5,14.24,-1,0.002669468,0.999998707,0,0.599999224,6,0.25,1.375,O4,de-protonated,0,-9999,C16 H22 O4,16,22,4,-9999,-9999,-9999,-9999,-9999
321,277.157517,277.157604482,277.157419895,10137793,-9999,960424.3,19.51,-1,0.666001634,0.922670544,0,0.553602327,1,0.307692308,2.076923077,P1 O4,de-protonated,0,-9999,C13 H27 O4 P1,13,27,4,-9999,1,-9999,-9999,-9999
322,277.193919,277.194006501,277.193805404,8032451.5,-9999,1119149.3,15.04,-1,0.725476311,0.908918976,0,0.545351385,0,0.214285714,2.214285714,P1 O3,de-protonated,0,-9999,C14 H31 O3 P1,14,31,3,-9999,1,-9999,-9999,-9999
323,278.152764,278.152852018,278.152668867,31224088,-9999,981191.4,64.26,-1,0.658454317,0.924345581,0,0.554607349,1,0.333333333,2.166666667,N1 P1 O4,de-protonated,0,-9999,C12 H26 O4 N1 P1,12,26,4,1,1,-9999,-9999,-9999
325,279.100406,279.100494528,279.10029894,18542968,-9999,1042355.8,37.27,-1,0.70077808,0.914747123,0,0.548848274,2,0.545454545,1.909090909,P1 O6,de-protonated,0,-9999,C11 H21 O6 P1,11,21,6,-9999,1,-9999,-9999,-9999
326,279.13679,279.136878547,279.13668445,13742460,-9999,1032117.5,27.1,-1,0.695349689,0.916005903,0,0.549603542,1,0.416666667,2.083333333,P1 O5,de-protonated,0,-9999,C12 H25 O5 P1,12,25,5,-9999,1,-9999,-9999,-9999
329,281.116051,281.116140613,281.115949005,41316972,-9999,983191.8,85.5,-1,0.681597445,0.919158651,0,0.55149519,1,0.545454545,2.090909091,P1 O6,de-protonated,0,-9999,C11 H23 O6 P1,11,23,6,-9999,1,-9999,-9999,-9999
330,283.095317,283.095407678,283.09521356,8131468.5,-9999,1116775.6,15.21,-1,0.685699411,0.918223723,0,0.550934234,1,0.7,2.1,P1 O7,de-protonated,0,-9999,C10 H21 O7 P1,10,21,7,-9999,1,-9999,-9999,-9999
332,283.191399,283.19148973,283.191482928,14906268,-9999,1025324,29.56,-1,0.024017181,0.999895341,0,0.599937205,3,0.25,1.75,O4,de-protonated,0,-9999,C16 H28 O4,16,28,4,-9999,-9999,-9999,-9999,-9999
333,285.089868,285.089959752,285.089734256,7206112,-9999,1075388.8,13.23,-1,0.790963127,0.892687761,0,0.535612656,5,0.384615385,1.461538462,P1 O5,de-protonated,0,-9999,C13 H19 O5 P1,13,19,5,-9999,1,-9999,-9999,-9999
334,285.116521,285.116612766,285.116603909,6993124.5,-9999,1229906.8,12.78,-1,0.031063483,0.999824928,0,0.599894957,4,0.285714286,1.571428571,S1 O4,de-protonated,0,-9999,C14 H22 O4 S1,14,22,4,-9999,-9999,1,-9999,-9999
335,285.126032,285.126123771,285.126119766,34338024,-9999,1012769.9,70.56,-1,0.014048465,0.99996419,0,0.599978514,4,0.285714286,1.642857143,P1 O4,de-protonated,0,-9999,C14 H23 O4 P1,14,23,4,-9999,1,-9999,-9999,-9999
336,285.134278,285.134369776,285.134361974,10007784,-9999,1003087.6,19.15,-1,0.027360901,0.999864173,0,0.599918504,4,0.428571429,1.571428571,O6,de-protonated,0,-9999,C14 H22 O6,14,22,6,-9999,-9999,-9999,-9999,-9999
337,285.207053,285.207144815,285.207132993,20133110,-9999,981603.7,40.54,-1,0.041450601,0.999688292,0,0.599812975,2,0.25,1.875,O4,de-protonated,0,-9999,C16 H30 O4,16,30,4,-9999,-9999,-9999,-9999,-9999
338,287.149938,287.150030861,287.150012039,48592496,-9999,959532.6,100.68,-1,0.065547907,0.999530911,0.997263483,0.99862394,3,0.428571429,1.714285714,O6,de-protonated,0,-9999,C14 H24 O6,14,24,6,-9999,-9999,-9999,-9999,-9999
339,288.153282,288.153375401,288.153366874,7182146,-9999,1130850.4,13.17,-1,0.029592234,0.999841118,0.997263483,0.998810064,3,0.428571429,1.714285714,13C1 O6,de-protonated,1,338,C13 H24 O6 13C1,13,24,6,-9999,-9999,-9999,1,-9999
340,289.12113,289.121223922,289.121034385,96565272,-9999,943096.1,202.05,-1,0.655561208,0.927945816,0.991198857,0.953247032,3,0.384615385,1.769230769,P1 O5,de-protonated,0,-9999,C13 H23 O5 P1,13,23,5,-9999,1,-9999,-9999,-9999
341,290.124477,290.124571462,290.12438922,12482816,-9999,1003012.7,24.37,-1,0.628149727,0.930908223,0.991198857,0.955024476,3,0.384615385,1.769230769,13C1 P1 O5,de-protonated,1,340,C12 H23 O5 P1 13C1,12,23,5,-9999,1,-9999,1,-9999
341,290.124477,290.124571462,290.124525566,12482816,-9999,1003012.7,24.37,-1,0.15819392,0.995469483,0,0.59728169,3,0.583333333,1.75,N1 O7,de-protonated,0,-9999,C12 H21 O7 N1,12,21,7,1,-9999,-9999,-9999,-9999
342,291.100371,291.100465987,291.10029894,11024875,-9999,1014687.8,21.29,-1,0.573846301,0.941999085,0,0.565199451,3,0.5,1.75,P1 O6,de-protonated,0,-9999,C12 H21 O6 P1,12,21,6,-9999,1,-9999,-9999,-9999
344,291.136766,291.136861007,291.13668445,12229108,-9999,946937.1,23.84,-1,0.60644048,0.935446435,0,0.561267861,2,0.384615385,1.923076923,P1 O5,de-protonated,0,-9999,C13 H25 O5 P1,13,25,5,-9999,1,-9999,-9999,-9999
345,291.209547,291.209642046,291.209455468,246839808,-9999,952018.3,519.6,-1,0.640698798,0.927829348,0.986377465,0.951248595,0,0.2,2.2,P1 O3,de-protonated,0,-9999,C15 H33 O3 P1,15,33,3,-9999,1,-9999,-9999,-9999
346,292.132026,292.132121543,292.131933422,11467502,-9999,981949.9,22.18,-1,0.643957704,0.927517685,0,0.556510611,2,0.416666667,2,N1 P1 O5,de-protonated,0,-9999,C12 H24 O5 N1 P1,12,24,5,1,1,-9999,-9999,-9999
347,292.212903,292.212998586,292.212810303,44661508,-9999,957706.6,92.16,-1,0.644333744,0.927436157,0.986377465,0.95101268,0,0.2,2.2,13C1 P1 O3,de-protonated,1,345,C14 H33 O3 P1 13C1,14,33,3,-9999,1,-9999,1,-9999
347,292.212903,292.212998586,292.212946649,44661508,-9999,957706.6,92.16,-1,0.177736664,0.497142187,0.86849267,0.64568238,0,0.357142857,2.214285714,N1 O5,de-protonated,0,-9999,C14 H31 O5 N1,14,31,5,1,-9999,-9999,-9999,-9999
348,293.116037,293.116133072,293.115949005,16169966,-9999,954006.4,32.09,-1,0.627967815,0.930946821,0,0.558568092,2,0.5,1.916666667,P1 O6,de-protonated,0,-9999,C12 H23 O6 P1,12,23,6,-9999,1,-9999,-9999,-9999
349,293.152419,293.152515092,293.152334514,13515767,-9999,970054.6,26.49,-1,0.615985598,0.933468021,0,0.560080813,1,0.384615385,2.076923077,P1 O5,de-protonated,0,-9999,C13 H27 O5 P1,13,27,5,-9999,1,-9999,-9999,-9999
350,293.175748,293.175844104,293.175832864,45349884,-9999,954888.5,93.61,-1,0.03834011,0.99986549,0.986784158,0.994632957,5,0.235294118,1.529411765,O4,de-protonated,0,-9999,C17 H26 O4,17,26,4,-9999,-9999,-9999,-9999,-9999
351,293.188801,293.188897111,293.188720024,6757377,-9999,1093759.5,12.24,-1,0.604006355,0.935946673,0,0.561568004,0,0.285714286,2.214285714,P1 O4,de-protonated,0,-9999,C14 H31 O4 P1,14,31,4,-9999,1,-9999,-9999,-9999
353,294.17909,294.179186644,294.179187699,7511308.5,-9999,1017478.5,13.83,-1,-0.003584848,0.999997668,0.986784158,0.994712264,5,0.235294118,1.529411765,13C1 O4,de-protonated,1,350,C16 H26 O4 13C1,16,26,4,-9999,-9999,-9999,1,-9999
355,295.095302,295.095399138,295.09521356,10280460,-9999,986229.5,19.67,-1,0.628873941,0.930754466,0,0.55845268,2,0.636363636,1.909090909,P1 O7,de-protonated,0,-9999,C11 H21 O7 P1,11,21,7,-9999,1,-9999,-9999,-9999
356,295.131697,295.131794157,295.131599069,10092054,-9999,973276.2,19.27,-1,0.66102014,0.923777929,0,0.554266757,1,0.5,2.083333333,P1 O6,de-protonated,0,-9999,C12 H25 O6 P1,12,25,6,-9999,1,-9999,-9999,-9999
357,297.110958,297.111056223,297.110863624,10485846,-9999,1102861.1,20.1,-1,0.64823694,0.926587536,0,0.555952522,1,0.636363636,2.090909091,P1 O7,de-protonated,0,-9999,C11 H23 O7 P1,11,23,7,-9999,1,-9999,-9999,-9999
358,297.1529,297.152998245,297.152989419,90079328,-9999,937679,187.91,-1,0.029703298,0.999907234,0.999945213,0.999922426,4,0.1875,1.625,S1 O3,de-protonated,0,-9999,C16 H26 O3 S1,16,26,3,-9999,-9999,1,-9999,-9999
359,298.156249,298.156347785,298.156344254,15581586,-9999,986586.6,30.85,-1,0.011844277,0.999974545,0.999945213,0.999962813,4,0.1875,1.625,13C1 S1 O3,de-protonated,1,358,C15 H26 O3 S1 13C1,15,26,3,-9999,-9999,1,1,-9999
359,298.156249,298.156347785,298.156100477,15581586,-9999,986586.6,30.85,-1,0.829459286,0.882640596,0,0.529584357,9,0.117647059,1.235294118,N3 O2,de-protonated,0,-9999,C17 H21 O2 N3,17,21,2,3,-9999,-9999,-9999,-9999
360,299.105452,299.105551296,299.105384321,7635641.5,-9999,996515,14.06,-1,0.55824957100000006,0.945021938,0,0.567013163,5,0.357142857,1.5,P1 O5,de-protonated,0,-9999,C14 H21 O5 P1,14,21,5,-9999,1,-9999,-9999,-9999
361,299.186304,299.18640334,299.186397548,8585939,-9999,989239.8,16.06,-1,0.019358448,0.999932005,0,0.599959203,3,0.3125,1.75,O5,de-protonated,0,-9999,C16 H28 O5,16,28,5,-9999,-9999,-9999,-9999,-9999
362,301.121159,301.121259381,301.121034385,6669633,-9999,927254.5,12.03,-1,0.747194654,0.903659387,0,0.542195632,4,0.357142857,1.642857143,P1 O5,de-protonated,0,-9999,C14 H23 O5 P1,14,23,5,-9999,1,-9999,-9999,-9999
363,301.129181,301.129281386,301.129276594,8185155.5,-9999,972548.3,15.21,-1,0.01591295,0.999954054,0,0.599972433,4,0.5,1.571428571,O7,de-protonated,0,-9999,C14 H22 O7,14,22,7,-9999,-9999,-9999,-9999,-9999
364,301.157506,301.157606401,301.157419895,29099342,-9999,920643.6,59.2,-1,0.619298181,0.932775193,0,0.559665116,3,0.266666667,1.8,P1 O4,de-protonated,0,-9999,C15 H27 O4 P1,15,27,4,-9999,1,-9999,-9999,-9999
365,301.165606,301.165706405,301.165662103,7824719.5,-9999,921695.6,14.46,-1,0.147102136,0.996081323,0,0.597648794,3,0.4,1.733333333,O6,de-protonated,0,-9999,C15 H26 O6,15,26,6,-9999,-9999,-9999,-9999,-9999
366,303.13676,303.136861466,303.13668445,13027300,-9999,919945.9,25.4,-1,0.583949596,0.940001807,0,0.564001084,3,0.357142857,1.785714286,P1 O5,de-protonated,0,-9999,C14 H25 O5 P1,14,25,5,-9999,1,-9999,-9999,-9999
368,303.173138,303.173239486,303.173069959,9947121,-9999,929859,18.92,-1,0.559174917,0.94484465,0,0.56690679,2,0.266666667,1.933333333,P1 O4,de-protonated,0,-9999,C15 H29 O4 P1,15,29,4,-9999,1,-9999,-9999,-9999
369,305.116034,305.116136532,305.115949005,14420627,-9999,928775.5,28.32,-1,0.614608505,0.933755098,0,0.560253059,3,0.461538462,1.769230769,P1 O6,de-protonated,0,-9999,C13 H23 O6 P1,13,23,6,-9999,1,-9999,-9999,-9999
370,305.152431,305.152533551,305.152334514,10758816,-9999,976269.1,20.62,-1,0.65225488,0.925709433,0,0.55542566,2,0.357142857,1.928571429,P1 O5,de-protonated,0,-9999,C14 H27 O5 P1,14,27,5,-9999,1,-9999,-9999,-9999
371,305.188804,305.188906571,305.188720024,26610350,-9999,920169.9,53.96,-1,0.61125237,0.934452414,0,0.560671448,1,0.266666667,2.066666667,P1 O4,de-protonated,0,-9999,C15 H31 O4 P1,15,31,4,-9999,1,-9999,-9999,-9999
372,305.225188,305.22529059,305.225105533,7391930,-9999,891497.5,13.54,-1,0.606298631,0.935475634,0,0.56128538,0,0.1875,2.1875,P1 O3,de-protonated,0,-9999,C16 H35 O3 P1,16,35,3,-9999,1,-9999,-9999,-9999
374,307.131684,307.131787617,307.131599069,10808677,-9999,940517,20.67,-1,0.613897761,0.933903047,0,0.560341828,2,0.461538462,1.923076923,P1 O6,de-protonated,0,-9999,C13 H25 O6 P1,13,25,6,-9999,1,-9999,-9999,-9999
375,307.168064,307.168167636,307.167984579,10055027,-9999,970313.4,19.09,-1,0.595952844,0.937589295,0,0.562553577,1,0.357142857,2.071428571,P1 O5,de-protonated,0,-9999,C14 H29 O5 P1,14,29,5,-9999,1,-9999,-9999,-9999
377,307.204448,307.204551656,307.204370088,9989504,-9999,978560.4,18.96,-1,0.591032832,0.938583345,0,0.563150007,0,0.266666667,2.2,P1 O4,de-protonated,0,-9999,C15 H33 O4 P1,15,33,4,-9999,1,-9999,-9999,-9999
378,309.110932,309.111036682,309.110863624,8499262,-9999,833023.1,15.83,-1,0.559856414,0.944713916,0,0.566828349,2,0.583333333,1.916666667,P1 O7,de-protonated,0,-9999,C12 H23 O7 P1,12,23,7,-9999,1,-9999,-9999,-9999
379,309.147328,309.147432702,309.147249134,7884875.5,-9999,985637.2,14.54,-1,0.593788047,0.938027561,0,0.562816536,1,0.461538462,2.076923077,P1 O6,de-protonated,0,-9999,C13 H27 O6 P1,13,27,6,-9999,1,-9999,-9999,-9999
380,309.170651,309.170755714,309.170747484,46075988,-9999,875319.5,94.66,-1,0.02662191,0.999934637,0.973413473,0.989326171,5,0.294117647,1.529411765,O5,de-protonated,0,-9999,C17 H26 O5,17,26,5,-9999,-9999,-9999,-9999,-9999
381,310.173996,310.174101254,310.174102319,10244556,-9999,856796.7,19.49,-1,-0.003431182,0.999997864,0.973413473,0.989364107,5,0.294117647,1.529411765,13C1 O5,de-protonated,1,380,C16 H26 O5 13C1,16,26,5,-9999,-9999,-9999,1,-9999
382,311.141852,311.141957775,311.14176983,8753979,-9999,979741.9,16.36,-1,0.604049958,0.935937728,0,0.561562637,5,0.25,1.5625,P1 O4,de-protonated,0,-9999,C16 H25 O4 P1,16,25,4,-9999,1,-9999,-9999,-9999
383,311.168541,311.16864679,311.168639483,188126016,-9999,885031.9,392.65,-1,0.023480642,0.999746567,0.984591628,0.993684591,4,0.176470588,1.647058824,S1 O3,de-protonated,0,-9999,C17 H28 O3 S1,17,28,3,-9999,-9999,1,-9999,-9999
384,312.1719,312.17200633,312.171994318,38245572,-9999,899205.9,78.23,-1,0.038477082,0.99969038,0.984591628,0.993650879,4,0.176470588,1.647058824,13C1 S1 O3,de-protonated,1,383,C16 H28 O3 S1 13C1,16,28,3,-9999,-9999,1,1,-9999
384,312.1719,312.17200633,312.171750541,38245572,-9999,899205.9,78.23,-1,0.819383455,0.442652661,0.837042051,0.600408417,9,0.111111111,1.277777778,N3 O2,de-protonated,0,-9999,C18 H23 O2 N3,18,23,2,3,-9999,-9999,-9999,-9999
385,312.972708,312.972814761,312.972990424,13882874,-9999,920784.3,27.12,-1,-0.561273852,0.944441551,0,0.56666493,13,0.266666667,0.466666667,S1 P1 O4,de-protonated,0,-9999,C15 H7 O4 P1 S1,15,7,4,-9999,1,1,-9999,-9999
386,313.164343,313.164449864,313.164435313,9221700,-9999,980290.2,17.34,-1,0.046464916,0.999649355,0.984591628,0.993626265,4,0.176470588,1.647058824,34S1 O3,de-protonated,1,383,C17 H28 O3 34S1,17,28,3,-9999,-9999,-9999,-9999,1
387,313.238338,313.238444904,313.238433122,7935585,-9999,980154.8,14.64,-1,0.037613648,0.999743322,0,0.599845993,2,0.222222222,1.888888889,O4,de-protonated,0,-9999,C18 H34 O4,18,34,4,-9999,-9999,-9999,-9999,-9999
388,315.144831,315.14493893,315.144926658,9222474,-9999,915640.4,17.29,-1,0.03894042,0.999724897,0,0.599834938,4,0.466666667,1.6,O7,de-protonated,0,-9999,C15 H24 O7,15,24,7,-9999,-9999,-9999,-9999,-9999
389,317.116044,317.116152991,317.115949005,7838805.5,-9999,940503.9,14.4,-1,0.643254746,0.927669981,0,0.556601989,4,0.428571429,1.642857143,P1 O6,de-protonated,0,-9999,C14 H23 O6 P1,14,23,6,-9999,1,-9999,-9999,-9999
390,317.152404,317.152513011,317.152334514,6831204,-9999,777674.1,12.29,-1,0.562810177,0.944145652,0,0.566487391,3,0.333333333,1.8,P1 O5,de-protonated,0,-9999,C15 H27 O5 P1,15,27,5,-9999,1,-9999,-9999,-9999
391,317.2252,317.22530905,317.225105533,9870465,-9999,937100,18.65,-1,0.641554036,0.928037858,0,0.556822715,1,0.176470588,2.058823529,P1 O3,de-protonated,0,-9999,C17 H35 O3 P1,17,35,3,-9999,1,-9999,-9999,-9999
392,319.131661,319.131771076,319.131599069,14770043,-9999,956372.3,28.9,-1,0.538984124,0.948653614,0,0.569192168,3,0.428571429,1.785714286,P1 O6,de-protonated,0,-9999,C14 H25 O6 P1,14,25,6,-9999,1,-9999,-9999,-9999
393,319.168048,319.168158096,319.167984579,15900553,-9999,927445.4,31.26,-1,0.543654472,0.947783662,0,0.568670197,2,0.333333333,1.933333333,P1 O5,de-protonated,0,-9999,C15 H29 O5 P1,15,29,5,-9999,1,-9999,-9999,-9999
394,319.240828,319.240938135,319.240755597,149200800,-9999,853188.1,310.16,-1,0.571786577,0.942667163,0.996245593,0.964098535,0,0.176470588,2.176470588,P1 O3,de-protonated,0,-9999,C17 H37 O3 P1,17,37,3,-9999,1,-9999,-9999,-9999
395,320.244182,320.244292675,320.244110432,28221754,-9999,877363.9,57.04,-1,0.569074022,0.942931826,0.996245593,0.964257333,0,0.176470588,2.176470588,13C1 P1 O3,de-protonated,1,394,C16 H37 O3 P1 13C1,16,37,3,-9999,1,-9999,1,-9999
395,320.244182,320.244292675,320.244246778,28221754,-9999,877363.9,57.04,-1,0.143318684,0.996279936,0,0.597767962,0,0.3125,2.1875,N1 O5,de-protonated,0,-9999,C16 H35 O5 N1,16,35,5,1,-9999,-9999,-9999,-9999
396,321.102694,321.102805137,321.102685179,10732179,-9999,914268.7,20.45,-1,0.373582899,0.974994219,0,0.584996531,8,0.214285714,1.285714286,N4 S1 O3,de-protonated,0,-9999,C14 H18 O3 N4 S1,14,18,3,4,-9999,1,-9999,-9999
397,321.110935,321.111046142,321.110863624,8643222,-9999,951806.7,16.08,-1,0.568393035,0.943064365,0,0.565838619,3,0.538461538,1.769230769,P1 O7,de-protonated,0,-9999,C13 H23 O7 P1,13,23,7,-9999,1,-9999,-9999,-9999
398,321.147314,321.147425161,321.147249134,11707045,-9999,925837.7,22.49,-1,0.548120562,0.946945493,0,0.568167296,2,0.428571429,1.928571429,P1 O6,de-protonated,0,-9999,C14 H27 O6 P1,14,27,6,-9999,1,-9999,-9999,-9999
399,321.183709,321.183820181,321.183634643,47358644,-9999,864161.7,97.08,-1,0.577668448,0.938711509,0.962728425,0.948318275,1,0.333333333,2.066666667,P1 O5,de-protonated,0,-9999,C15 H31 O5 P1,15,31,5,-9999,1,-9999,-9999,-9999
402,322.106187,322.106298677,322.106112597,19145768,-9999,894007,37.94,-1,0.577700034,0.94124087,0,0.564744522,3,0.583333333,1.833333333,N1 P1 O7,de-protonated,0,-9999,C12 H22 O7 N1 P1,12,22,7,1,1,-9999,-9999,-9999
403,322.187072,322.187183721,322.186989478,10175561,-9999,928286.9,19.23,-1,0.602888037,0.936175915,0.962728425,0.946796919,1,0.333333333,2.066666667,13C1 P1 O5,de-protonated,1,399,C14 H31 O5 P1 13C1,14,31,5,-9999,1,-9999,1,-9999
403,322.187072,322.187183721,322.187125824,10175561,-9999,928286.9,19.23,-1,0.179700109,0.994157768,0,0.596494661,1,0.5,2.071428571,N1 O7,de-protonated,0,-9999,C14 H29 O7 N1,14,29,7,1,-9999,-9999,-9999,-9999
405,323.126577,323.126689227,323.126513689,17245636,-9999,899406.1,33.98,-1,0.543247645,0.947859709,0,0.568715825,2,0.538461538,1.923076923,P1 O7,de-protonated,0,-9999,C13 H25 O7 P1,13,25,7,-9999,1,-9999,-9999,-9999
406,323.162963,323.163075246,323.162899198,39953876,-9999,862711.7,81.36,-1,0.544765362,0.947575748,0,0.568545449,1,0.428571429,2.071428571,P1 O6,de-protonated,0,-9999,C14 H29 O6 P1,14,29,6,-9999,1,-9999,-9999,-9999
408,323.199361,323.199473266,323.199284708,16311777,-9999,877708.9,32.03,-1,0.58341155200000006,0.940108942,0,0.564065365,0,0.333333333,2.2,P1 O5,de-protonated,0,-9999,C15 H33 O5 P1,15,33,5,-9999,1,-9999,-9999,-9999
410,324.166341,324.166453786,324.166390379,7235432,-9999,894301.5,13.09,-1,0.195601314,0.993081838,0,0.595849103,1,0.615384615,2.076923077,N1 O8,de-protonated,0,-9999,C13 H27 O8 N1,13,27,8,1,-9999,-9999,-9999,-9999
411,325.14223,325.142343312,325.142163753,8628466,-9999,939839.7,16,-1,0.552245396,0.946165944,0,0.567699566,1,0.538461538,2.076923077,P1 O7,de-protonated,0,-9999,C13 H27 O7 P1,13,27,7,-9999,1,-9999,-9999,-9999
413,325.184183,325.184296334,325.184289548,171616512,-9999,855276.1,356.05,-1,0.020869569,0.999944955,0.995238469,0.998062361,4,0.166666667,1.666666667,S1 O3,de-protonated,0,-9999,C18 H30 O3 S1,18,30,3,-9999,-9999,1,-9999,-9999
415,326.187532,326.187645874,326.187644383,34450072,-9999,864533.6,69.87,-1,0.004572455,0.999970032,0.995238469,0.998077407,4,0.166666667,1.666666667,13C1 S1 O3,de-protonated,1,413,C17 H30 O3 S1 13C1,17,30,3,-9999,-9999,1,1,-9999
415,326.187532,326.187645874,326.187400606,34450072,-9999,864533.6,69.87,-1,0.751924746,0.451248721,0.829532115,0.602562079,9,0.105263158,1.315789474,N3 O2,de-protonated,0,-9999,C19 H25 O2 N3,19,25,2,3,-9999,-9999,-9999,-9999
416,327.17314,327.173254405,327.173069959,15117348,-9999,880845.3,29.53,-1,0.563755846,0.943963159,0,0.566377895,4,0.235294118,1.705882353,P1 O4,de-protonated,0,-9999,C17 H29 O4 P1,17,29,4,-9999,1,-9999,-9999,-9999
417,327.179964,327.180078408,327.180085377,6802471,-9999,842525.6,12.19,-1,-0.021299694,0.999943858,0.995238469,0.998061703,4,0.166666667,1.666666667,34S1 O3,de-protonated,1,413,C18 H30 O3 34S1,18,30,3,-9999,-9999,-9999,-9999,1
418,327.217579,327.217693429,327.217697677,12061750,-9999,833295.6,23.16,-1,-0.012982758,0.999969417,0,0.59998165,3,0.277777778,1.777777778,O5,de-protonated,0,-9999,C18 H32 O5,18,32,5,-9999,-9999,-9999,-9999,-9999
420,329.152407,329.15252247,329.152334514,111849280,-9999,844311.4,231.35,-1,0.571030554,0.944549011,0.98809858,0.961968839,4,0.3125,1.6875,P1 O5,de-protonated,0,-9999,C16 H27 O5 P1,16,27,5,-9999,1,-9999,-9999,-9999
422,329.160473,329.160588475,329.160576723,9334592,-9999,899641.8,17.47,-1,0.035702611,0.999768738,0,0.599861243,4,0.4375,1.625,O7,de-protonated,0,-9999,C16 H26 O7,16,26,7,-9999,-9999,-9999,-9999,-9999
423,329.23325,329.233365514,329.233347741,18837342,-9999,890174.1,37.29,-1,0.053981066,0.999471406,0,0.599682844,2,0.277777778,1.888888889,O5,de-protonated,0,-9999,C18 H34 O5,18,34,5,-9999,-9999,-9999,-9999,-9999
424,330.155755,330.15587101,330.155689349,21213388,-9999,866242.4,42.25,-1,0.550228477,0.94654777,0.98809858,0.963168094,4,0.3125,1.6875,13C1 P1 O5,de-protonated,1,420,C15 H27 O5 P1 13C1,15,27,5,-9999,1,-9999,1,-9999
424,330.155755,330.15587101,330.155825695,21213388,-9999,866242.4,42.25,-1,0.137254709,0.99658755,0,0.59795253,4,0.466666667,1.666666667,N1 O7,de-protonated,0,-9999,C15 H25 O7 N1,15,25,7,1,-9999,-9999,-9999,-9999
425,331.095305,331.095421516,331.09521356,7688769.5,-9999,915067.7,13.99,-1,0.628085558,0.930921839,0,0.558553104,5,0.5,1.5,P1 O7,de-protonated,0,-9999,C14 H21 O7 P1,14,21,7,-9999,1,-9999,-9999,-9999
427,331.176112,331.17622856,331.176226787,9146977,-9999,901972,17.02,-1,0.005351923,0.999994803,0,0.599996882,3,0.4375,1.75,O7,de-protonated,0,-9999,C16 H28 O7,16,28,7,-9999,-9999,-9999,-9999,-9999
429,333.110925,333.111042601,333.110863624,62567768,-9999,827638.3,128.11,-1,0.53728854,0.943106772,0.997418482,0.964831456,4,0.5,1.642857143,P1 O7,de-protonated,0,-9999,C14 H23 O7 P1,14,23,7,-9999,1,-9999,-9999,-9999
430,333.147318,333.147435621,333.147249134,11236712,-9999,958857.1,21.36,-1,0.559773164,0.944729894,0,0.566837936,3,0.4,1.8,P1 O6,de-protonated,0,-9999,C15 H27 O6 P1,15,27,6,-9999,1,-9999,-9999,-9999
431,333.220064,333.22018166,333.220020152,8344964,-9999,894509.6,15.35,-1,0.484686808,0.958269561,0,0.574961737,1,0.235294118,2.058823529,P1 O4,de-protonated,0,-9999,C17 H35 O4 P1,17,35,4,-9999,1,-9999,-9999,-9999
432,334.1143,334.114418141,334.11421845900003,9688800,-9999,930485,18.14,-1,0.597644982,0.937245752,0.997418482,0.961314844,4,0.5,1.642857143,13C1 P1 O7,de-protonated,1,429,C13 H23 O7 P1 13C1,13,23,7,-9999,1,-9999,1,-9999
432,334.1143,334.114418141,334.114354805,9688800,-9999,930485,18.14,-1,0.189564038,0.993500939,0,0.596100563,4,0.692307692,1.615384615,N1 O9,de-protonated,0,-9999,C13 H21 O9 N1,13,21,9,1,-9999,-9999,-9999,-9999
434,335.126578,335.126696686,335.126513689,13596774,-9999,828818.5,26.27,-1,0.546054065,0.947334081,0,0.568400449,3,0.5,1.785714286,P1 O7,de-protonated,0,-9999,C14 H25 O7 P1,14,25,7,-9999,1,-9999,-9999,-9999
435,335.162935,335.163053706,335.162899198,10500212,-9999,856668.1,19.83,-1,0.460992001,0.962173667,0,0.5773042,2,0.4,1.933333333,P1 O6,de-protonated,0,-9999,C15 H29 O6 P1,15,29,6,-9999,1,-9999,-9999,-9999
436,335.199353,335.199471725,335.199284708,11516034,-9999,885199.1,21.94,-1,0.557929797,0.945083143,0,0.567049886,1,0.3125,2.0625,P1 O5,de-protonated,0,-9999,C16 H33 O5 P1,16,33,5,-9999,1,-9999,-9999,-9999
437,335.235739,335.235857745,335.235670217,7313552,-9999,915130.4,13.2,-1,0.559391264,0.944803163,0,0.566881898,0,0.235294118,2.176470588,P1 O4,de-protonated,0,-9999,C17 H37 O4 P1,17,37,4,-9999,1,-9999,-9999,-9999
438,336.158204,336.158323241,336.15814817,50444784,-9999,842733.7,102.9,-1,0.52079939,0.959313011,0.994106767,0.973230513,2,0.428571429,2,N1 P1 O6,de-protonated,0,-9999,C14 H28 O6 N1 P1,14,28,6,1,1,-9999,-9999,-9999
439,337.14221,337.142329771,337.142163753,14515045,-9999,859558.5,28.18,-1,0.49242648,0.956955514,0,0.574173308,2,0.5,1.928571429,P1 O7,de-protonated,0,-9999,C14 H27 O7 P1,14,27,7,-9999,1,-9999,-9999,-9999
440,337.161529,337.161648781,337.161503005,8035180,-9999,912769.5,14.7,-1,0.432362434,0.966649295,0.994106767,0.977632284,2,0.428571429,2,13C1 N1 P1 O6,de-protonated,1,438,C13 H28 O6 N1 P1 13C1,13,28,6,1,1,-9999,1,-9999
440,337.161529,337.161648781,337.161639351,8035180,-9999,912769.5,14.7,-1,0.027969813,0.999858061,0,0.599914837,2,0.615384615,2,N2 O8,de-protonated,0,-9999,C13 H26 O8 N2,13,26,8,2,-9999,-9999,-9999,-9999
441,337.178616,337.178735791,337.178549263,9591666,-9999,882811.1,17.94,-1,0.55320238,0.945984341,0,0.567590605,1,0.4,2.066666667,P1 O6,de-protonated,0,-9999,C15 H31 O6 P1,15,31,6,-9999,1,-9999,-9999,-9999
442,338.155254,338.155374316,338.155037849,17644768,-9999,863413.8,34.69,-1,0.99501055,0.835568836,0,0.501341302,15,0.041666667,0.875,N1 O1,de-protonated,0,-9999,C24 H21 O1 N1,24,21,1,1,-9999,-9999,-9999,-9999
443,339.121508,339.121628836,339.121428308,11746885,-9999,838550.3,22.42,-1,0.591316378,0.938526252,0,0.563115751,2,0.615384615,1.923076923,P1 O8,de-protonated,0,-9999,C13 H25 O8 P1,13,25,8,-9999,1,-9999,-9999,-9999
444,339.157883,339.158003856,339.157813818,9133650,-9999,802925.9,16.99,-1,0.560324066,0.944624123,0,0.566774474,1,0.5,2.071428571,P1 O7,de-protonated,0,-9999,C14 H29 O7 P1,14,29,7,-9999,1,-9999,-9999,-9999
445,339.19426,339.194380876,339.194199327,8298080,-9999,959784.1,15.25,-1,0.535234732,0.949347157,0,0.569608294,0,0.4,2.2,P1 O6,de-protonated,0,-9999,C15 H33 O6 P1,15,33,6,-9999,1,-9999,-9999,-9999
446,339.19982,339.199940879,339.199939612,106872416,-9999,818980,220.25,-1,0.003733696,0.999960639,0.988296091,0.99529482,4,0.157894737,1.684210526,S1 O3,de-protonated,0,-9999,C19 H32 O3 S1,19,32,3,-9999,-9999,1,-9999,-9999
447,340.20318,340.203301419,340.203294447,23805904,-9999,820650,47.31,-1,0.020492152,0.999923807,0.988296091,0.995272721,4,0.157894737,1.684210526,13C1 S1 O3,de-protonated,1,446,C18 H32 O3 S1 13C1,18,32,3,-9999,-9999,1,1,-9999
447,340.20318,340.203301419,340.20305067,23805904,-9999,820650,47.31,-1,0.737055112,0.906130411,0,0.543678246,9,0.1,1.35,N3 O2,de-protonated,0,-9999,C20 H27 O2 N3,20,27,2,3,-9999,-9999,-9999,-9999
448,341.137129,341.137250921,341.137078373,9814304,-9999,897236.7,18.33,-1,0.505804246,0.954639538,0,0.572783723,1,0.615384615,2.076923077,P1 O8,de-protonated,0,-9999,C13 H27 O8 P1,13,27,8,-9999,1,-9999,-9999,-9999
449,342.166967,342.167089476,342.167059084,8290958,-9999,821549.7,15.17,-1,0.088821128,0.99856954,0,0.599141724,5,0.4,1.666666667,N3 O6,de-protonated,0,-9999,C15 H25 O6 N3,15,25,6,3,-9999,-9999,-9999,-9999
451,343.168047,343.168170015,343.167984579,16368620,-9999,789231.7,31.9,-1,0.540365254,0.948397047,0,0.569038228,4,0.294117647,1.705882353,P1 O5,de-protonated,0,-9999,C17 H29 O5 P1,17,29,5,-9999,1,-9999,-9999,-9999
452,343.176087,343.176210019,343.176226787,8881135,-9999,843087.2,16.39,-1,-0.048861505,0.999566895,0,0.599740137,4,0.411764706,1.647058824,O7,de-protonated,0,-9999,C17 H28 O7,17,28,7,-9999,-9999,-9999,-9999,-9999
453,343.212483,343.212606039,343.212612296,8119291.5,-9999,873313.8,14.81,-1,-0.018233203,0.999939679,0,0.599963808,3,0.333333333,1.777777778,O6,de-protonated,0,-9999,C18 H32 O6,18,32,6,-9999,-9999,-9999,-9999,-9999
454,345.147309,345.14743308,345.147249134,122472080,-9999,803740.9,251.67,-1,0.532950392,0.948919921,0.987400493,0.96431215,4,0.375,1.6875,P1 O6,de-protonated,0,-9999,C16 H27 O6 P1,16,27,6,-9999,1,-9999,-9999,-9999
455,345.183707,345.1838311,345.183634643,16025245,-9999,798795.9,31.19,-1,0.569136496,0.94291966,0,0.565751796,3,0.294117647,1.823529412,P1 O5,de-protonated,0,-9999,C17 H31 O5 P1,17,31,5,-9999,1,-9999,-9999,-9999
456,345.19176,345.191884104,345.191876852,12568224,-9999,811510.9,24.03,-1,0.021009907,0.999919909,0,0.599951945,3,0.411764706,1.764705882,O7,de-protonated,0,-9999,C17 H30 O7,17,30,7,-9999,-9999,-9999,-9999,-9999
457,346.150667,346.15079162,346.150603969,23349216,-9999,813814.6,46.36,-1,0.54210909,0.948072265,0.987400493,0.963803556,4,0.375,1.6875,13C1 P1 O6,de-protonated,1,454,C15 H27 O6 P1 13C1,15,27,6,-9999,1,-9999,1,-9999
457,346.150667,346.15079162,346.150740314,23349216,-9999,813814.6,46.36,-1,0.148217995,0.996021765,0,0.597613059,4,0.533333333,1.666666667,N1 O8,de-protonated,0,-9999,C15 H25 O8 N1,15,25,8,1,-9999,-9999,-9999,-9999
458,347.090191,347.090316126,347.090128179,8866071,-9999,865839.3,16.36,-1,0.541491733,0.948187352,0,0.568912411,5,0.571428571,1.5,P1 O8,de-protonated,0,-9999,C14 H21 O8 P1,14,21,8,-9999,1,-9999,-9999,-9999
459,347.126542,347.126667145,347.126513689,7891234.5,-9999,902421.7,14.34,-1,0.442077013,0.965160476,0,0.579096286,4,0.466666667,1.666666667,P1 O7,de-protonated,0,-9999,C15 H25 O7 P1,15,25,7,-9999,1,-9999,-9999,-9999
460,347.144355,347.144480155,347.144138812,34162984,-9999,788028.2,68.75,-1,0.983289628,0.419545883,0.780512821,0.563932658,17,0.038461538,0.769230769,O1,de-protonated,0,-9999,C26 H20 O1,26,20,1,-9999,-9999,-9999,-9999,-9999
461,347.162952,347.163077165,347.162899198,11733295,-9999,826912.2,22.3,-1,0.51263226,0.953435756,0,0.572061454,3,0.375,1.8125,P1 O6,de-protonated,0,-9999,C16 H29 O6 P1,16,29,6,-9999,1,-9999,-9999,-9999
462,347.199336,347.199461185,347.199284708,27740474,-9999,811478.4,55.45,-1,0.508287731,0.954203391,0,0.572522034,2,0.294117647,1.941176471,P1 O5,de-protonated,0,-9999,C17 H33 O5 P1,17,33,5,-9999,1,-9999,-9999,-9999
463,347.272122,347.272247224,347.272055726,7129426.5,-9999,880668.5,12.76,-1,0.551433994,0.946319701,0,0.567791821,0,0.157894737,2.157894737,P1 O3,de-protonated,0,-9999,C19 H41 O3 P1,19,41,3,-9999,1,-9999,-9999,-9999
464,349.05501,349.055136184,349.055005973,21121938,-9999,848432.7,41.74,-1,0.37303687,0.975066344,0,0.585039806,0,0.7,2.3,S2 P1 O7,de-protonated,0,-9999,C10 H23 O7 P1 S2,10,23,7,-9999,1,2,-9999,-9999
464,349.05501,349.055136184,349.055474004,21121938,-9999,848432.7,41.74,-1,-0.967812535,0.843702001,0,0.5062212,6,0.8,1.5,N4 P1 O8,de-protonated,0,-9999,C10 H15 O8 N4 P1,10,15,8,4,1,-9999,-9999,-9999
465,349.105835,349.105961211,349.105778244,156027808,-9999,791547.6,321.17,-1,0.524101825,0.952611864,0.993459871,0.968951067,4,0.571428571,1.642857143,P1 O8,de-protonated,0,-9999,C14 H23 O8 P1,14,23,8,-9999,1,-9999,-9999,-9999
466,349.106338,349.106464211,349.106647624,11455394,-9999,1456573.5,21.72,-1,-0.525377059,0.95114985,0,0.57068991,3,0.2,1.8,S2 P1 O3,de-protonated,0,-9999,C15 H27 O3 P1 S2,15,27,3,-9999,1,2,-9999,-9999
467,349.142238,349.142364231,349.142163753,11602862,-9999,813492.4,22.02,-1,0.5741994,0.941929799,0,0.56515788,3,0.466666667,1.8,P1 O7,de-protonated,0,-9999,C15 H27 O7 P1,15,27,7,-9999,1,-9999,-9999,-9999
469,349.214987,349.21511327,349.214934772,32066500,-9999,799551.9,64.41,-1,0.511139883,0.953700111,0,0.572220067,1,0.294117647,2.058823529,P1 O5,de-protonated,0,-9999,C17 H35 O5 P1,17,35,5,-9999,1,-9999,-9999,-9999
470,350.109185,350.109311751,350.109133079,24988896,-9999,801672.8,49.54,-1,0.510332298,0.953842873,0.993459871,0.969689672,4,0.571428571,1.642857143,13C1 P1 O8,de-protonated,1,465,C13 H23 O8 P1 13C1,13,23,8,-9999,1,-9999,1,-9999
470,350.109185,350.109311751,350.109269425,24988896,-9999,801672.8,49.54,-1,0.120894767,0.997351542,0,0.598410925,4,0.769230769,1.615384615,N1 O10,de-protonated,0,-9999,C13 H21 O10 N1,13,21,10,1,-9999,-9999,-9999,-9999
471,350.218309,350.21843581,350.218425953,7142657.5,-9999,642504.7,12.73,-1,0.028145489,0.999856272,0,0.599913763,1,0.4375,2.0625,N1 O7,de-protonated,0,-9999,C16 H33 O7 N1,16,33,7,1,-9999,-9999,-9999,-9999
472,351.102884,351.103011286,351.102667922,49925652,-9999,791588.8,100.97,-1,0.977958523,0.853129217,0.953642779,0.893334642,17,0.125,0.666666667,O3,de-protonated,0,-9999,C24 H16 O3,24,16,3,-9999,-9999,-9999,-9999,-9999
473,351.12151,351.121637296,351.121428308,8597019,-9999,825672.9,15.73,-1,0.595200167,0.937741833,0,0.5626451,3,0.571428571,1.785714286,P1 O8,de-protonated,0,-9999,C14 H25 O8 P1,14,25,8,-9999,1,-9999,-9999,-9999
474,351.157863,351.157990316,351.157813818,7867942.5,-9999,835378.5,14.23,-1,0.502616613,0.955196505,0,0.573117903,2,0.466666667,1.933333333,P1 O7,de-protonated,0,-9999,C15 H29 O7 P1,15,29,7,-9999,1,-9999,-9999,-9999
475,351.194238,351.194365335,351.194199327,7417394,-9999,895711.2,13.3,-1,0.472695682,0.960267763,0,0.576160658,1,0.375,2.0625,P1 O6,de-protonated,0,-9999,C16 H33 O6 P1,16,33,6,-9999,1,-9999,-9999,-9999
477,352.106209,352.106336826,352.106022757,9490250,-9999,888566.2,17.57,-1,0.891972405,0.865573267,0.953642779,0.900801072,17,0.125,0.666666667,13C1 O3,de-protonated,1,472,C23 H16 O3 13C1,23,16,3,-9999,-9999,-9999,1,-9999
478,353.137134,353.137262381,353.137078373,15913091,-9999,803882.7,30.82,-1,0.521066956,0.951928575,0,0.571157145,2,0.571428571,1.928571429,P1 O8,de-protonated,0,-9999,C14 H27 O8 P1,14,27,8,-9999,1,-9999,-9999,-9999
479,353.188754,353.188882409,353.188720024,13963411,-9999,828343.8,26.8,-1,0.459768956,0.962370293,0,0.577422176,5,0.210526316,1.631578947,P1 O4,de-protonated,0,-9999,C19 H31 O4 P1,19,31,4,-9999,1,-9999,-9999,-9999
480,355.140751,355.140880459,355.140710658,12309208,-9999,830759.5,23.38,-1,0.478125497,0.959368624,0,0.575621175,5,0.166666667,1.555555556,S2 O3,de-protonated,0,-9999,C18 H28 O3 S2,18,28,3,-9999,-9999,2,-9999,-9999
480,355.140751,355.140880459,355.141178688,12309208,-9999,830759.5,23.38,-1,-0.83974723,0.8798946,0,0.52793676,11,0.222222222,1.111111111,N4 O4,de-protonated,0,-9999,C18 H20 O4 N4,18,20,4,4,-9999,-9999,-9999,-9999
481,355.152804,355.152933466,355.152728437,7828187.5,-9999,876861.8,14.14,-1,0.577297034,0.941320368,0,0.564792221,1,0.571428571,2.071428571,P1 O8,de-protonated,0,-9999,C14 H29 O8 P1,14,29,8,-9999,1,-9999,-9999,-9999
483,357.138718,357.138848535,357.139070688,10573084,-9999,826964.7,19.8,-1,-0.622035152,0.932200342,0,0.559320205,10,0.111111111,1.222222222,N4 S1 O2,de-protonated,0,-9999,C18 H22 O2 N4 S1,18,22,2,4,-9999,1,-9999,-9999
484,357.191755,357.191885563,357.191876852,8820011,-9999,835451.6,16.19,-1,0.024390038,0.999892067,0,0.59993524,4,0.388888889,1.666666667,O7,de-protonated,0,-9999,C18 H30 O7,18,30,7,-9999,-9999,-9999,-9999,-9999
485,358.198237,358.198368105,358.198359213,11458122,-9999,848075.9,21.63,-1,0.024824827,0.999888185,0,0.599932911,4,0.375,1.8125,N3 O6,de-protonated,0,-9999,C16 H29 O6 N3,16,29,6,3,-9999,-9999,-9999,-9999
486,359.162944,359.163075625,359.162899198,9181017,-9999,833756.8,16.93,-1,0.491215475,0.957162373,0,0.574297424,4,0.352941176,1.705882353,P1 O6,de-protonated,0,-9999,C17 H29 O6 P1,17,29,6,-9999,1,-9999,-9999,-9999
487,359.207407,359.207538648,359.207526916,12080997,-9999,874679.2,22.91,-1,0.032662088,0.999806447,0,0.599883868,3,0.388888889,1.777777778,O7,de-protonated,0,-9999,C18 H32 O7,18,32,7,-9999,-9999,-9999,-9999,-9999
488,361.142203,361.14233569,361.142163753,11442557,-9999,766905.5,21.5,-1,0.476091401,0.95970656,0,0.575823936,4,0.4375,1.6875,P1 O7,de-protonated,0,-9999,C16 H27 O7 P1,16,27,7,-9999,1,-9999,-9999,-9999
489,361.178599,361.17873171,361.178549263,12114310,-9999,796683.3,22.88,-1,0.505143289,0.954755288,0,0.572853173,3,0.352941176,1.823529412,P1 O6,de-protonated,0,-9999,C17 H31 O6 P1,17,31,6,-9999,1,-9999,-9999,-9999
490,361.214975,361.215107729,361.214934772,7649680.5,-9999,823868.4,13.71,-1,0.478820599,0.95925284,0,0.575551704,2,0.277777778,1.944444444,P1 O5,de-protonated,0,-9999,C18 H35 O5 P1,18,35,5,-9999,1,-9999,-9999,-9999
491,362.969481,362.969614674,362.969361596,16636779,-9999,803149.6,32.16,-1,0.697243488,0.915567668,0,0.549340601,8,0.9,0.9,N2 S1 P1 O9,de-protonated,0,-9999,C10 H9 O9 N2 P1 S1,10,9,9,2,1,1,-9999,-9999
492,363.070657,363.070790728,363.070656038,7609222.5,-9999,769973.9,13.62,-1,0.370975742,0.975337696,0,0.585202618,0,0.636363636,2.272727273,S2 P1 O7,de-protonated,0,-9999,C11 H25 O7 P1 S2,11,25,7,-9999,1,2,-9999,-9999
492,363.070657,363.070790728,363.071124068,7609222.5,-9999,769973.9,13.62,-1,-0.918112794,0.85817371,0,0.514904226,6,0.727272727,1.545454545,N4 P1 O8,de-protonated,0,-9999,C11 H17 O8 N4 P1,11,17,8,4,1,-9999,-9999,-9999
493,363.157869,363.158002775,363.157813818,17177502,-9999,789867.9,33.27,-1,0.520317129,0.952063459,0,0.571238076,3,0.4375,1.8125,P1 O7,de-protonated,0,-9999,C16 H29 O7 P1,16,29,7,-9999,1,-9999,-9999,-9999
494,363.194245,363.194378795,363.194199327,26598312,-9999,774302.8,52.62,-1,0.494136367,0.956662646,0,0.573997588,2,0.352941176,1.941176471,P1 O6,de-protonated,0,-9999,C17 H33 O6 P1,17,33,6,-9999,1,-9999,-9999,-9999
495,363.230651,363.230784814,363.230584836,7920561.5,-9999,848259.6,14.26,-1,0.550553057,0.946486407,0,0.567891844,1,0.277777778,2.055555556,P1 O5,de-protonated,0,-9999,C18 H37 O5 P1,18,37,5,-9999,1,-9999,-9999,-9999
497,365.10075,365.100884821,365.100559922,11476385,-9999,785490.6,21.56,-1,0.889889169,0.866156465,0,0.519693879,17,0.04,0.72,S1 O1,de-protonated,0,-9999,C25 H18 O1 S1,25,18,1,-9999,-9999,1,-9999,-9999
497,365.10075,365.100884821,365.100692864,11476385,-9999,785490.6,21.56,-1,0.525765379,0.951079407,0,0.570647644,4,0.642857143,1.642857143,P1 O9,de-protonated,0,-9999,C14 H23 O9 P1,14,23,9,-9999,1,-9999,-9999,-9999
498,365.137115,365.13724984,365.137078373,11918763,-9999,817270.7,22.47,-1,0.469597691,0.96077654,0,0.576465924,3,0.533333333,1.8,P1 O8,de-protonated,0,-9999,C15 H27 O8 P1,15,27,8,-9999,1,-9999,-9999,-9999
499,365.173504,365.17363886,365.173463882,10149300,-9999,799498.7,18.84,-1,0.479163423,0.959195679,0,0.575517407,2,0.4375,1.9375,P1 O7,de-protonated,0,-9999,C16 H31 O7 P1,16,31,7,-9999,1,-9999,-9999,-9999
500,365.191318,365.19145287,365.191089005,8838585,-9999,798453.5,16.15,-1,0.99636699,0.835159402,0,0.501095641,15,0.037037037,0.962962963,O1,de-protonated,0,-9999,C27 H26 O1,27,26,1,-9999,-9999,-9999,-9999,-9999
501,365.209901,365.21003588,365.209849392,40525244,-9999,772507.9,81.21,-1,0.510632474,0.963025756,0.994784926,0.975729424,1,0.352941176,2.058823529,P1 O6,de-protonated,0,-9999,C17 H35 O6 P1,17,35,6,-9999,1,-9999,-9999,-9999
502,365.246278,365.246412899,365.246234901,13475271,-9999,851690,25.67,-1,0.487337646,0.957821641,0,0.574692985,0,0.277777778,2.166666667,P1 O5,de-protonated,0,-9999,C18 H39 O5 P1,18,39,5,-9999,1,-9999,-9999,-9999
503,366.213213,366.21334842,366.213204227,7749315.5,-9999,839553.2,13.91,-1,0.393740613,0.97226168,0.994784926,0.981270978,1,0.352941176,2.058823529,13C1 P1 O6,de-protonated,1,501,C16 H35 O6 P1 13C1,16,35,6,-9999,1,-9999,1,-9999
503,366.213213,366.21334842,366.213340572,7749315.5,-9999,839553.2,13.91,-1,0.02142847,0.999916686,0,0.599950012,1,0.5,2.0625,N1 O8,de-protonated,0,-9999,C16 H33 O8 N1,16,33,8,1,-9999,-9999,-9999,-9999
504,366.950243,366.950378816,366.950540902,7143298,-9999,817713.9,12.67,-1,-0.441710761,0.965217164,0,0.579130299,11,0.428571429,0.642857143,S2 P1 O6,de-protonated,0,-9999,C14 H9 O6 P1 S2,14,9,6,-9999,1,2,-9999,-9999
505,367.15277,367.152905925,367.152728437,22962102,-9999,781863.8,45.15,-1,0.483417558,0.958483239,0,0.575089943,2,0.533333333,1.933333333,P1 O8,de-protonated,0,-9999,C15 H29 O8 P1,15,29,8,-9999,1,-9999,-9999,-9999
506,367.206923,367.207058955,367.20673907,11476932,-9999,800098.3,21.56,-1,0.87113016,0.871363932,0,0.522818359,14,0.037037037,1.037037037,O1,de-protonated,0,-9999,C27 H28 O1,27,28,1,-9999,-9999,-9999,-9999,-9999
507,367.225539,367.225674965,367.225499456,8929225,-9999,867903.8,16.33,-1,0.477931261,0.959400951,0,0.575640571,0,0.352941176,2.176470588,P1 O6,de-protonated,0,-9999,C17 H37 O6 P1,17,37,6,-9999,1,-9999,-9999,-9999
508,369.149795,369.149932,369.149618115,8479156,-9999,771143.5,15.41,-1,0.850291909,0.877053983,0,0.52623239,15,0.12,0.88,O3,de-protonated,0,-9999,C25 H22 O3,25,22,3,-9999,-9999,-9999,-9999,-9999
509,369.183671,369.183808019,369.183634643,15737277,-9999,783350.3,30.31,-1,0.4696187,0.9607731,0,0.57646386,5,0.263157895,1.631578947,P1 O5,de-protonated,0,-9999,C19 H31 O5 P1,19,31,5,-9999,1,-9999,-9999,-9999
510,370.127328,370.127465527,370.127109023,8045226.5,-9999,796431.6,14.52,-1,0.963192538,0.845068847,0,0.507041308,15,0.041666667,0.875,N1 S1 O1,de-protonated,0,-9999,C24 H21 O1 N1 S1,24,21,1,1,-9999,1,-9999,-9999
510,370.127328,370.127465527,370.127241965,8045226.5,-9999,796431.6,14.52,-1,0.604013739,0.935945159,0,0.561567095,2,0.692307692,2,N1 P1 O9,de-protonated,0,-9999,C13 H26 O9 N1 P1,13,26,9,1,1,-9999,-9999,-9999
511,371.199336,371.199474104,371.199284708,9528247,-9999,853832.8,17.48,-1,0.51022752,0.953861381,0,0.572316828,4,0.263157895,1.736842105,P1 O5,de-protonated,0,-9999,C19 H33 O5 P1,19,33,5,-9999,1,-9999,-9999,-9999
512,372.213875,372.21401365,372.214009278,7554226.5,-9999,723818.4,13.44,-1,0.011746539,0.999974964,0,0.599984978,4,0.352941176,1.823529412,N3 O6,de-protonated,0,-9999,C17 H31 O6 N3,17,31,6,3,-9999,-9999,-9999,-9999
513,372.303736,372.303874698,372.303690208,14542025,-9999,790885.6,27.72,-1,0.495537198,0.956422024,0,0.573853214,1,0.095238095,2.095238095,N1 P1 O2,de-protonated,0,-9999,C21 H44 O2 N1 P1,21,44,2,1,1,-9999,-9999,-9999
514,373.150268,373.150407154,373.150405962,7857561,-9999,718311.3,14.06,-1,0.003194441,0.999998148,0,0.599998889,5,0.529411765,1.529411765,O9,de-protonated,0,-9999,C17 H26 O9,17,26,9,-9999,-9999,-9999,-9999,-9999
515,373.1867,373.186839173,373.186791471,7644578,-9999,728478.2,13.63,-1,0.127824106,0.9970397,0,0.59822382,4,0.444444444,1.666666667,O8,de-protonated,0,-9999,C18 H30 O8,18,30,8,-9999,-9999,-9999,-9999,-9999
516,373.214975,373.215114189,373.214934772,10610089,-9999,797455.7,19.69,-1,0.480732713,0.958933541,0,0.575360125,3,0.263157895,1.842105263,P1 O5,de-protonated,0,-9999,C19 H35 O5 P1,19,35,5,-9999,1,-9999,-9999,-9999
517,375.157851,375.157991234,375.157813818,8218499.5,-9999,894874.5,14.8,-1,0.472912177,0.960232094,0,0.576139256,4,0.411764706,1.705882353,P1 O7,de-protonated,0,-9999,C17 H29 O7 P1,17,29,7,-9999,1,-9999,-9999,-9999
518,377.13709,377.1372313,377.137078373,7375201,-9999,788363.8,13.07,-1,0.40549445,0.970605829,0,0.582363498,4,0.5,1.6875,P1 O8,de-protonated,0,-9999,C16 H27 O8 P1,16,27,8,-9999,1,-9999,-9999,-9999
519,377.173507,377.173648319,377.173463882,53209448,-9999,740652.4,106.74,-1,0.488998466,0.962367674,0.982671698,0.970489283,3,0.411764706,1.823529412,P1 O7,de-protonated,0,-9999,C17 H31 O7 P1,17,31,7,-9999,1,-9999,-9999,-9999
520,377.20989,377.210031339,377.209849392,8431987,-9999,837108.5,15.23,-1,0.482350819,0.958662427,0,0.575197456,2,0.333333333,1.944444444,P1 O6,de-protonated,0,-9999,C18 H35 O6 P1,18,35,6,-9999,1,-9999,-9999,-9999
521,378.176839,378.17698086,378.176818717,11102810,-9999,786279.9,20.69,-1,0.428747217,0.967195478,0.982671698,0.973385966,3,0.411764706,1.823529412,13C1 P1 O7,de-protonated,1,519,C16 H31 O7 P1 13C1,16,31,7,-9999,1,-9999,1,-9999
521,378.176839,378.17698086,378.176955063,11102810,-9999,786279.9,20.69,-1,0.068213142,0.99915607,0,0.599493642,3,0.5625,1.8125,N1 O9,de-protonated,0,-9999,C16 H29 O9 N1,16,29,9,1,-9999,-9999,-9999,-9999
522,379.152758,379.152900385,379.152728437,10808131,-9999,781583.2,20.09,-1,0.453504704,0.963369813,0,0.578021888,3,0.5,1.8125,P1 O8,de-protonated,0,-9999,C16 H29 O8 P1,16,29,8,-9999,1,-9999,-9999,-9999
523,379.170544,379.170686394,379.17035356,15936327,-9999,755958.6,30.57,-1,0.87779571,0.869522729,0,0.521713637,16,0.074074074,0.888888889,O2,de-protonated,0,-9999,C27 H24 O2,27,24,2,-9999,-9999,-9999,-9999,-9999
524,379.189154,379.189296404,379.189113947,14527308,-9999,736719.9,27.69,-1,0.481178865,0.958858872,0,0.575315323,2,0.411764706,1.941176471,P1 O7,de-protonated,0,-9999,C17 H33 O7 P1,17,33,7,-9999,1,-9999,-9999,-9999
525,379.225525,379.225667424,379.225499456,18590548,-9999,738945.9,35.99,-1,0.442923843,0.965029237,0,0.579017542,1,0.333333333,2.055555556,P1 O6,de-protonated,0,-9999,C18 H37 O6 P1,18,37,6,-9999,1,-9999,-9999,-9999
526,380.184406,380.18454894,380.184362919,7670840.5,-9999,860575.7,13.68,-1,0.489292405,0.95748991,0,0.574493946,2,0.4375,2,N1 P1 O7,de-protonated,0,-9999,C16 H32 O7 N1 P1,16,32,7,1,1,-9999,-9999,-9999
527,381.168411,381.16855447,381.168378502,35941664,-9999,757612.1,71.45,-1,0.461654484,0.962436003,0.973022987,0.966670797,2,0.5,1.9375,P1 O8,de-protonated,0,-9999,C16 H31 O8 P1,16,31,8,-9999,1,-9999,-9999,-9999
528,381.204816,381.204959489,381.204764011,10923306,-9999,796904.4,20.32,-1,0.512790909,0.953407613,0,0.572044568,1,0.411764706,2.058823529,P1 O7,de-protonated,0,-9999,C17 H35 O7 P1,17,35,7,-9999,1,-9999,-9999,-9999
529,382.127247,382.127390986,382.127109023,8277508,-9999,826747.9,14.84,-1,0.737877779,0.905930934,0,0.54355856,16,0.04,0.84,N1 S1 O1,de-protonated,0,-9999,C25 H21 O1 N1 S1,25,21,1,1,-9999,1,-9999,-9999
529,382.127247,382.127390986,382.127241965,8277508,-9999,826747.9,14.84,-1,0.389978406,0.972781983,0,0.58366919,3,0.642857143,1.857142857,N1 P1 O9,de-protonated,0,-9999,C14 H26 O9 N1 P1,14,26,9,1,1,-9999,-9999,-9999
530,382.171764,382.17190801,382.171733337,7597582.5,-9999,808059.2,13.46,-1,0.45705399,0.962805047,0.973022987,0.966892223,2,0.5,1.9375,13C1 P1 O8,de-protonated,1,527,C15 H31 O8 P1 13C1,15,31,8,-9999,1,-9999,1,-9999
530,382.171764,382.17190801,382.171869682,7597582.5,-9999,808059.2,13.46,-1,0.100288636,0.998176688,0,0.598906013,2,0.666666667,1.933333333,N1 O10,de-protonated,0,-9999,C15 H29 O10 N1,15,29,10,1,-9999,-9999,-9999,-9999
531,383.162908,383.163052543,383.162899198,8261368,-9999,715235.4,14.81,-1,0.400209176,0.971356082,0,0.582813649,6,0.315789474,1.526315789,P1 O6,de-protonated,0,-9999,C19 H29 O6 P1,19,29,6,-9999,1,-9999,-9999,-9999
532,383.165446,383.165590545,383.16526818,12021497,-9999,730703,22.45,-1,0.841320916,0.879472336,0,0.527683402,15,0.115384615,0.923076923,O3,de-protonated,0,-9999,C26 H24 O3,26,24,3,-9999,-9999,-9999,-9999,-9999
533,383.172035,383.172179548,383.172010787,27422458,-9999,747826.9,53.77,-1,0.440433687,0.965414488,0,0.579248693,5,0.15,1.6,S2 O3,de-protonated,0,-9999,C20 H32 O3 S2,20,32,3,-9999,-9999,2,-9999,-9999
533,383.172035,383.172179548,383.172478817,27422458,-9999,747826.9,53.77,-1,-0.781028924,0.89522086,0,0.537132516,11,0.2,1.2,N4 O4,de-protonated,0,-9999,C20 H24 O4 N4,20,24,4,4,-9999,-9999,-9999,-9999
534,383.207395,383.207539567,383.207526916,7319298.5,-9999,767928,12.89,-1,0.033014527,0.999802248,0,0.599881349,5,0.35,1.6,O7,de-protonated,0,-9999,C20 H32 O7,20,32,7,-9999,-9999,-9999,-9999,-9999
534,383.207395,383.207539567,383.207364725,7319298.5,-9999,767928,12.89,-1,0.456261443,0.962931511,0,0.577758906,0,0.066666667,2.466666667,N4 S2 P1 O1,de-protonated,0,-9999,C15 H37 O1 N4 P1 S2,15,37,1,4,1,2,-9999,-9999
535,385.169132,385.169277623,385.169033406,8478928,-9999,571479.1,15.25,-1,0.634051564,0.929650795,0,0.557790477,5,0.315789474,1.578947368,S1 O6,de-protonated,0,-9999,C19 H30 O6 S1,19,30,6,-9999,-9999,1,-9999,-9999
536,385.169998,385.170143624,385.170370817,26964176,-9999,744252,52.84,-1,-0.589850734,0.938821107,0,0.563292664,10,0.1,1.3,N4 S1 O2,de-protonated,0,-9999,C20 H26 O2 N4 S1,20,26,2,4,-9999,1,-9999,-9999
537,385.178568,385.178713629,385.178549263,13234386,-9999,738700.2,24.92,-1,0.426726404,0.967498915,0,0.580499349,5,0.315789474,1.631578947,P1 O6,de-protonated,0,-9999,C19 H31 O6 P1,19,31,6,-9999,1,-9999,-9999,-9999
538,385.186649,385.186794633,385.186791471,8532180,-9999,803642.5,15.36,-1,0.00820827,0.999987775,0,0.599992665,5,0.421052632,1.578947368,O8,de-protonated,0,-9999,C19 H30 O8,19,30,8,-9999,-9999,-9999,-9999,-9999
538,385.186649,385.186794633,385.18662928,8532180,-9999,803642.5,15.36,-1,0.42928034,0.967115203,0,0.580269122,0,0.142857143,2.5,N4 S2 P1 O2,de-protonated,0,-9999,C14 H35 O2 N4 P1 S2,14,35,2,4,1,2,-9999,-9999
539,385.22305,385.223195652,385.22317698,8597724,-9999,822774.7,15.49,-1,0.048470504,0.999573797,0,0.599744278,4,0.35,1.7,O7,de-protonated,0,-9999,C20 H34 O7,20,34,7,-9999,-9999,-9999,-9999,-9999
540,386.173359,386.173505164,386.173798235,6885819.5,-9999,701213.2,12.01,-1,-0.758909222,0.90077107,0,0.540462642,5,0.333333333,1.666666667,N1 P1 O6,de-protonated,0,-9999,C18 H30 O6 N1 P1,18,30,6,1,1,-9999,-9999,-9999
541,387.167037,387.167183699,387.166925406,7344804.5,-9999,760657.6,12.94,-1,0.667135395,0.922417534,0,0.553450521,4,0.210526316,1.684210526,S2 O4,de-protonated,0,-9999,C19 H32 O4 S2,19,32,4,-9999,-9999,2,-9999,-9999
541,387.167037,387.167183699,387.167393437,7344804.5,-9999,760657.6,12.94,-1,-0.541724055,0.948144057,0,0.568886434,10,0.263157895,1.263157895,N4 O5,de-protonated,0,-9999,C19 H24 O5 N4,19,24,5,4,-9999,-9999,-9999,-9999
542,387.194245,387.194391714,387.194199327,18723498,-9999,709971,36.08,-1,0.496873187,0.956191962,0,0.573715177,4,0.315789474,1.736842105,P1 O6,de-protonated,0,-9999,C19 H33 O6 P1,19,33,6,-9999,1,-9999,-9999,-9999
543,387.202246,387.202392718,387.202441536,7926444.5,-9999,737481.8,14.13,-1,-0.12607815,0.997119902,0,0.598271941,4,0.421052632,1.684210526,O8,de-protonated,0,-9999,C19 H32 O8,19,32,8,-9999,-9999,-9999,-9999,-9999
545,389.09675,389.096897738,389.097188618,7582825.5,-9999,759351.8,13.43,-1,-0.747578893,0.903565216,0,0.54213913,24,0.033333333,0.466666667,O1,de-protonated,0,-9999,C30 H14 O1,30,14,1,-9999,-9999,-9999,-9999,-9999
545,389.09675,389.096897738,389.09653717,7582825.5,-9999,759351.8,13.43,-1,0.926679629,0.855716318,0,0.513429791,15,0.136363636,0.818181818,N2 S1 O3,de-protonated,0,-9999,C22 H18 O3 N2 S1,22,18,3,2,-9999,1,-9999,-9999
546,389.209872,389.210019799,389.209849392,18363524,-9999,733094.1,35.35,-1,0.437827941,0.96581546,0,0.579489276,3,0.315789474,1.842105263,P1 O6,de-protonated,0,-9999,C19 H35 O6 P1,19,35,6,-9999,1,-9999,-9999,-9999
547,391.094691,391.094839813,391.09521356,7812671.5,-9999,796770.5,13.89,-1,-0.95564152,0.847293487,0,0.508376092,10,0.368421053,1.105263158,P1 O7,de-protonated,0,-9999,C19 H21 O7 P1,19,21,7,-9999,1,-9999,-9999,-9999
547,391.094691,391.094839813,391.094562111,7812671.5,-9999,796770.5,13.89,-1,0.710063198,0.9125754,0,0.54754524,1,0.818181818,2.272727273,N2 S1 P1 O9,de-protonated,0,-9999,C11 H25 O9 N2 P1 S1,11,25,9,2,1,1,-9999,-9999
548,391.15278,391.152928844,391.152728437,9893453,-9999,750285.2,18.12,-1,0.512349831,0.953485838,0,0.572091503,4,0.470588235,1.705882353,P1 O8,de-protonated,0,-9999,C17 H29 O8 P1,17,29,8,-9999,1,-9999,-9999,-9999
549,391.189151,391.189299864,391.189113947,12138070,-9999,766861.8,22.69,-1,0.475261851,0.959843999,0,0.575906399,3,0.388888889,1.833333333,P1 O7,de-protonated,0,-9999,C18 H33 O7 P1,18,33,7,-9999,1,-9999,-9999,-9999
550,391.206956,391.207104874,391.20673907,7255642,-9999,773318.4,12.76,-1,0.935065274,0.853295705,0,0.511977423,16,0.034482759,0.965517241,O1,de-protonated,0,-9999,C29 H28 O1,29,28,1,-9999,-9999,-9999,-9999,-9999
551,391.225522,391.225670884,391.225499456,9893470,-9999,703953.9,18.12,-1,0.43818077,0.965761296,0,0.579456778,2,0.315789474,1.947368421,P1 O6,de-protonated,0,-9999,C19 H37 O6 P1,19,37,6,-9999,1,-9999,-9999,-9999
552,393.132024,393.13217391,393.131860051,8747041,-9999,762355.9,15.79,-1,0.798355699,0.890786695,0,0.534472017,17,0.037037037,0.814814815,S1 O1,de-protonated,0,-9999,C27 H22 O1 S1,27,22,1,-9999,-9999,1,-9999,-9999
552,393.132024,393.13217391,393.131992992,8747041,-9999,762355.9,15.79,-1,0.460194882,0.962301872,0,0.577381123,4,0.5625,1.6875,P1 O9,de-protonated,0,-9999,C16 H27 O9 P1,16,27,9,-9999,1,-9999,-9999,-9999
553,393.168395,393.168544929,393.168378502,19757098,-9999,717577.3,38.18,-1,0.423298435,0.968010582,0,0.580806349,3,0.470588235,1.823529412,P1 O8,de-protonated,0,-9999,C17 H31 O8 P1,17,31,8,-9999,1,-9999,-9999,-9999
554,393.204785,393.204934949,393.204764011,8763442,-9999,849127.9,15.82,-1,0.434729722,0.966289331,0,0.579773599,2,0.388888889,1.944444444,P1 O7,de-protonated,0,-9999,C18 H35 O7 P1,18,35,7,-9999,1,-9999,-9999,-9999
555,393.277586,393.277735988,393.27753503,12269635,-9999,758346.5,22.95,-1,0.510983384,0.953727792,0,0.572236675,0,0.25,2.15,P1 O5,de-protonated,0,-9999,C20 H43 O5 P1,20,43,5,-9999,1,-9999,-9999,-9999
556,394.090899,394.091049426,394.090723514,7084292.5,-9999,709506.6,12.41,-1,0.826998313,0.883293705,0,0.529976223,18,0.08,0.68,N1 S1 O2,de-protonated,0,-9999,C25 H17 O2 N1 S1,25,17,2,1,-9999,1,-9999,-9999
556,394.090899,394.091049426,394.090856455,7084292.5,-9999,709506.6,12.41,-1,0.489660266,0.957427346,0,0.574456408,5,0.714285714,1.571428571,N1 P1 O10,de-protonated,0,-9999,C14 H22 O10 N1 P1,14,22,10,1,1,-9999,-9999,-9999
557,394.163653,394.163803465,394.163627474,10270998,-9999,708426.6,18.89,-1,0.446492482,0.964473618,0,0.578684171,3,0.5,1.875,N1 P1 O8,de-protonated,0,-9999,C16 H30 O8 N1 P1,16,30,8,1,1,-9999,-9999,-9999
558,395.165428,395.165579004,395.16526818,7092740.5,-9999,743744.2,12.36,-1,0.786568169,0.893811484,0,0.53628689,16,0.111111111,0.888888889,O3,de-protonated,0,-9999,C27 H24 O3,27,24,3,-9999,-9999,-9999,-9999,-9999
559,395.184045,395.184196014,395.184028566,27261448,-9999,702816.1,53.17,-1,0.423721838,0.967947593,0,0.580768556,2,0.470588235,1.941176471,P1 O8,de-protonated,0,-9999,C17 H33 O8 P1,17,33,8,-9999,1,-9999,-9999,-9999
560,397.163282,397.16343408,397.16316018,7887843.5,-9999,735288.7,13.97,-1,0.68964132,0.917320893,0,0.550392536,15,0.037037037,0.962962963,S1 O1,de-protonated,0,-9999,C27 H26 O1 S1,27,26,1,-9999,-9999,1,-9999,-9999
560,397.163282,397.16343408,397.163293121,7887843.5,-9999,735288.7,13.97,-1,0.35491295,0.977403359,0,0.586442015,2,0.5625,1.9375,P1 O9,de-protonated,0,-9999,C16 H31 O9 P1,16,31,9,-9999,1,-9999,-9999,-9999
561,397.181072,397.181224089,397.180918244,8149991.5,-9999,761987.3,14.5,-1,0.770039415,0.897993957,0,0.538796374,15,0.111111111,0.962962963,O3,de-protonated,0,-9999,C27 H26 O3,27,26,3,-9999,-9999,-9999,-9999,-9999
562,397.186637,397.186789092,397.186791471,7396329,-9999,725520.8,12.98,-1,-0.005989153,0.999993491,0,0.599996095,6,0.4,1.5,O8,de-protonated,0,-9999,C20 H30 O8,20,30,8,-9999,-9999,-9999,-9999,-9999
562,397.186637,397.186789092,397.18662928,7396329,-9999,725520.8,12.98,-1,0.402361273,0.971051706,0,0.582631024,1,0.133333333,2.333333333,N4 S2 P1 O2,de-protonated,0,-9999,C15 H35 O2 N4 P1 S2,15,35,2,4,1,2,-9999,-9999
569,398.070109,398.070261568,398.070381992,17874110,-9999,662258.2,34.17,-1,-0.302519237,0.983531316,0,0.590118789,13,0.3,0.85,N1 S1 O6,de-protonated,0,-9999,C20 H17 O6 N1 S1,20,17,6,1,-9999,1,-9999,-9999
569,398.070109,398.070261568,398.070001869,17874110,-9999,662258.2,34.17,-1,0.652394228,0.925678897,0,0.555407338,18,0.136363636,0.636363636,N3 P1 O3,de-protonated,0,-9999,C22 H14 O3 N3 P1,22,14,3,3,1,-9999,-9999,-9999
570,398.122153,398.122305596,398.122023642,7806155,-9999,767674.8,13.81,-1,0.708208563,0.913011056,0,0.547806634,16,0.08,0.84,N1 S1 O2,de-protonated,0,-9999,C25 H21 O2 N1 S1,25,21,2,1,-9999,1,-9999,-9999
570,398.122153,398.122305596,398.122156584,7806155,-9999,767674.8,13.81,-1,0.374286369,0.974901149,0,0.58494069,3,0.714285714,1.857142857,N1 P1 O10,de-protonated,0,-9999,C14 H26 O10 N1 P1,14,26,10,1,1,-9999,-9999,-9999
571,398.242238,398.242390661,398.242546502,7912680,-9999,731266.5,14.02,-1,-0.391321833,0.972596732,0,0.583558039,0,0.375,2.375,N3 P1 O6,de-protonated,0,-9999,C16 H38 O6 N3 P1,16,38,6,3,1,-9999,-9999,-9999
572,400.197499,400.197652713,400.197690508,9879236,-9999,620262.1,18,-1,-0.094440216,0.998382976,0,0.599029786,5,0.421052632,1.631578947,N1 O8,de-protonated,0,-9999,C19 H31 O8 N1,19,31,8,1,-9999,-9999,-9999,-9999
573,401.173502,401.173656238,401.173463882,12271540,-9999,660473.7,22.84,-1,0.479483848,0.959142218,0,0.575485331,5,0.368421053,1.631578947,P1 O7,de-protonated,0,-9999,C19 H31 O7 P1,19,31,7,-9999,1,-9999,-9999,-9999
574,401.209876,401.210030258,401.209849392,7233469,-9999,793740.8,12.65,-1,0.450802557,0.963797049,0,0.57827823,4,0.3,1.75,P1 O6,de-protonated,0,-9999,C20 H35 O6 P1,20,35,6,-9999,1,-9999,-9999,-9999
575,401.217973,401.218127262,401.2180916,7077823,-9999,724015.1,12.33,-1,0.088885061,0.998567482,0,0.599140489,4,0.4,1.7,O8,de-protonated,0,-9999,C20 H34 O8,20,34,8,-9999,-9999,-9999,-9999,-9999
577,403.189142,403.189297323,403.189113947,36110760,-9999,697964.8,71.07,-1,0.454815689,0.968900369,0.959009169,0.964943889,4,0.368421053,1.736842105,P1 O7,de-protonated,0,-9999,C19 H33 O7 P1,19,33,7,-9999,1,-9999,-9999,-9999
578,403.225524,403.225679343,403.225499456,10092978,-9999,728718.9,18.43,-1,0.446120022,0.964531801,0,0.578719081,3,0.3,1.85,P1 O6,de-protonated,0,-9999,C20 H37 O6 P1,20,37,6,-9999,1,-9999,-9999,-9999
579,404.192465,404.192620863,404.192468782,9683621,-9999,778931.7,17.6,-1,0.376260704,0.974639057,0.959009169,0.968387102,4,0.368421053,1.736842105,13C1 P1 O7,de-protonated,1,577,C18 H33 O7 P1 13C1,18,33,7,-9999,1,-9999,1,-9999
579,404.192465,404.192620863,404.192605127,9683621,-9999,778931.7,17.6,-1,0.038932239,0.999725013,0,0.599835008,4,0.5,1.722222222,N1 O9,de-protonated,0,-9999,C18 H31 O9 N1,18,31,9,1,-9999,-9999,-9999,-9999
580,405.168392,405.168548389,405.168378502,12059548,-9999,697359,22.41,-1,0.419299836,0.968602546,0,0.581161528,4,0.444444444,1.722222222,P1 O8,de-protonated,0,-9999,C18 H31 O8 P1,18,31,8,-9999,1,-9999,-9999,-9999
581,405.186191,405.186347398,405.186003625,13206433,-9999,725660.3,24.73,-1,0.848434058,0.87755637,0,0.526533822,17,0.068965517,0.896551724,O2,de-protonated,0,-9999,C29 H26 O2,29,26,2,-9999,-9999,-9999,-9999,-9999
582,405.204782,405.204938408,405.204764011,19596198,-9999,740843.1,37.66,-1,0.430392948,0.966947373,0,0.580168424,3,0.368421053,1.842105263,P1 O7,de-protonated,0,-9999,C19 H35 O7 P1,19,35,7,-9999,1,-9999,-9999,-9999
584,406.198159,406.198315943,406.198359213,9389220,-9999,740269.6,17,-1,-0.10652412,0.99794315,0,0.59876589,8,0.3,1.45,N3 O6,de-protonated,0,-9999,C20 H29 O6 N3,20,29,6,3,-9999,-9999,-9999,-9999
585,407.147629,407.147786454,407.147510115,8783256,-9999,742114.5,15.78,-1,0.678719753,0.919811756,0,0.551887054,17,0.035714286,0.857142857,S1 O1,de-protonated,0,-9999,C28 H24 O1 S1,28,24,1,-9999,-9999,1,-9999,-9999
585,407.147629,407.147786454,407.147643057,8783256,-9999,742114.5,15.78,-1,0.352199822,0.977743659,0,0.586646195,4,0.529411765,1.705882353,P1 O9,de-protonated,0,-9999,C17 H29 O9 P1,17,29,9,-9999,1,-9999,-9999,-9999
586,407.184027,407.184184474,407.184028566,17696162,-9999,719391.8,33.81,-1,0.382892155,0.973749165,0,0.584249499,3,0.444444444,1.833333333,P1 O8,de-protonated,0,-9999,C18 H33 O8 P1,18,33,8,-9999,1,-9999,-9999,-9999
587,407.220423,407.220580493,407.220414076,13108651,-9999,715730.7,24.53,-1,0.408667655,0.970150942,0,0.582090565,2,0.368421053,1.947368421,P1 O7,de-protonated,0,-9999,C19 H37 O7 P1,19,37,7,-9999,1,-9999,-9999,-9999
589,409.126947,409.12710552,409.12677467,9340829,-9999,763700.8,16.82,-1,0.808672065,0.888111074,0,0.532866644,17,0.074074074,0.814814815,S1 O2,de-protonated,0,-9999,C27 H22 O2 S1,27,22,2,-9999,-9999,1,-9999,-9999
589,409.126947,409.12710552,409.126907612,9340829,-9999,763700.8,16.82,-1,0.483731723,0.958430397,0,0.575058238,4,0.625,1.6875,P1 O10,de-protonated,0,-9999,C16 H27 O10 P1,16,27,10,-9999,1,-9999,-9999,-9999
590,409.163311,409.163469539,409.16316018,10995623,-9999,704492.1,20.15,-1,0.756078867,0.901472182,0,0.540883309,16,0.035714286,0.928571429,S1 O1,de-protonated,0,-9999,C28 H26 O1 S1,28,26,1,-9999,-9999,1,-9999,-9999
590,409.163311,409.163469539,409.163293121,10995623,-9999,704492.1,20.15,-1,0.431167437,0.96683030700000006,0,0.580098184,3,0.529411765,1.823529412,P1 O9,de-protonated,0,-9999,C17 H31 O9 P1,17,31,9,-9999,1,-9999,-9999,-9999
591,409.199684,409.199842559,409.199678631,9914288,-9999,684126.4,17.97,-1,0.400606662,0.97129998,0,0.582779988,2,0.444444444,1.944444444,P1 O8,de-protonated,0,-9999,C18 H35 O8 P1,18,35,8,-9999,1,-9999,-9999,-9999
592,409.310361,409.310519618,409.310172569,18417614,-9999,1421122.1,35.09,-1,0.847887854,0.877703917,0,0.52662235,4,0.045454545,1.954545455,N4 P1 O1,de-protonated,0,-9999,C22 H43 O1 N4 P1,22,43,1,4,1,-9999,-9999,-9999
593,409.311048,409.311206619,409.31120414,227215312,-9999,682585.6,455.39,-1,0.006054791,0.999789994,0.995657246,0.998136895,8,0.071428571,1.5,O2,de-protonated,0,-9999,C28 H42 O2,28,42,2,-9999,-9999,-9999,-9999,-9999
595,410.3144,410.314559159,410.314558976,67373272,-9999,677765,133.64,-1,4.46774e-4,0.999792199,0.995657246,0.998138218,8,0.071428571,1.5,13C1 O2,de-protonated,1,593,C27 H42 O2 13C1,27,42,2,-9999,-9999,-9999,1,-9999
597,411.178948,411.179107624,411.178810244,8751551,-9999,780944.5,15.63,-1,0.723238036,0.909453913,0,0.545672348,15,0.035714286,1,S1 O1,de-protonated,0,-9999,C28 H28 O1 S1,28,28,1,-9999,-9999,1,-9999,-9999
597,411.178948,411.179107624,411.178943186,8751551,-9999,780944.5,15.63,-1,0.399919373,0.971396952,0,0.582838171,2,0.529411765,1.941176471,P1 O9,de-protonated,0,-9999,C17 H33 O9 P1,17,33,9,-9999,1,-9999,-9999,-9999
598,411.20331,411.203469637,411.203310915,11618757,-9999,687926.9,21.4,-1,0.385993703,0.973327908,0,0.583996745,5,0.136363636,1.636363636,S2 O3,de-protonated,0,-9999,C22 H36 O3 S2,22,36,3,-9999,-9999,2,-9999,-9999
598,411.20331,411.203469637,411.203778946,11618757,-9999,687926.9,21.4,-1,-0.752203109,0.902428881,0,0.541457329,11,0.181818182,1.272727273,N4 O4,de-protonated,0,-9999,C22 H28 O4 N4,22,28,4,4,-9999,-9999,-9999,-9999
599,411.31773,411.317889699,411.317913811,10996196,-9999,742155.2,20.15,-1,-0.05862052,0.999584435,0.995657246,0.998013559,8,0.071428571,1.5,13C2 O2,de-protonated,1,593,C26 H42 O2 13C2,26,42,2,-9999,-9999,-9999,2,-9999
600,413.201304,413.201464713,413.201670946,10423265,-9999,766144.5,19,-1,-0.499109747,0.955805556,0,0.573483333,10,0.090909091,1.363636364,N4 S1 O2,de-protonated,0,-9999,C22 H30 O2 N4 S1,22,30,2,4,-9999,1,-9999,-9999
601,413.217924,413.218084722,413.2180916,8678373,-9999,728062.7,15.48,-1,-0.016645581,0.999949726,0,0.599969836,5,0.380952381,1.619047619,O8,de-protonated,0,-9999,C21 H34 O8,21,34,8,-9999,-9999,-9999,-9999,-9999
601,413.217924,413.218084722,413.217929409,8678373,-9999,728062.7,15.48,-1,0.375862381,0.974692039,0,0.584815224,0,0.125,2.4375,N4 S2 P1 O2,de-protonated,0,-9999,C16 H39 O2 N4 P1 S2,16,39,2,4,1,2,-9999,-9999
602,415.19719,415.197351787,415.197356155,8564227,-9999,655885.4,15.25,-1,-0.010520169,0.999979919,0,0.599987951,5,0.45,1.6,O9,de-protonated,0,-9999,C20 H32 O9,20,32,9,-9999,-9999,-9999,-9999,-9999
602,415.19719,415.197351787,415.197193964,8564227,-9999,655885.4,15.25,-1,0.380116691,0.974123405,0,0.584474043,0,0.2,2.466666667,N4 S2 P1 O3,de-protonated,0,-9999,C15 H37 O3 N4 P1 S2,15,37,3,4,1,2,-9999,-9999
603,415.233603,415.233764807,415.233741665,7466509.5,-9999,730731.9,13.04,-1,0.055733198,0.999436545,0,0.599661927,4,0.380952381,1.714285714,O8,de-protonated,0,-9999,C21 H36 O8,21,36,8,-9999,-9999,-9999,-9999,-9999
604,417.168391,417.168553848,417.168378502,8728614,-9999,731472.1,15.58,-1,0.420325508,0.968451204,0,0.581070722,5,0.421052632,1.631578947,P1 O8,de-protonated,0,-9999,C19 H31 O8 P1,19,31,8,-9999,1,-9999,-9999,-9999
605,417.204829,417.204991868,417.204764011,7843888,-9999,668440.1,13.8,-1,0.546150942,0.947315893,0,0.568389536,4,0.35,1.75,P1 O7,de-protonated,0,-9999,C20 H35 O7 P1,20,35,7,-9999,1,-9999,-9999,-9999
606,419.184036,419.184199933,419.184028566,48829020,-9999,669181.7,96.3,-1,0.408811023,0.973924767,0.978223247,0.975644159,4,0.421052632,1.736842105,P1 O8,de-protonated,0,-9999,C19 H33 O8 P1,19,33,8,-9999,1,-9999,-9999,-9999
607,419.220445,419.220608953,419.220414076,12685925,-9999,690558,23.55,-1,0.464856419,0.961549227,0,0.576929536,3,0.35,1.85,P1 O7,de-protonated,0,-9999,C20 H37 O7 P1,20,37,7,-9999,1,-9999,-9999,-9999
608,420.187367,420.187531473,420.187383401,11621238,-9999,712967.9,21.4,-1,0.352395313,0.977719223,0.978223247,0.977920832,4,0.421052632,1.736842105,13C1 P1 O8,de-protonated,1,606,C18 H33 O8 P1 13C1,18,33,8,-9999,1,-9999,1,-9999
608,420.187367,420.187531473,420.187519747,11621238,-9999,712967.9,21.4,-1,0.027907646,0.999858691,0,0.599915215,4,0.555555556,1.722222222,N1 O10,de-protonated,0,-9999,C18 H31 O10 N1,18,31,10,1,-9999,-9999,-9999,-9999
609,421.155049,421.155213994,421.155114676,45487240,-9999,671942.2,89.57,-1,0.23582439,0.987819933,0.998711046,0.992176378,9,0.263157895,1.368421053,N4 S1 O5,de-protonated,0,-9999,C19 H26 O5 N4 S1,19,26,5,4,-9999,1,-9999,-9999
610,421.163316,421.163480999,421.16316018,10556555,-9999,710912.3,19.26,-1,0.761745395,0.900066439,0,0.540039863,17,0.034482759,0.896551724,S1 O1,de-protonated,0,-9999,C29 H26 O1 S1,29,26,1,-9999,-9999,1,-9999,-9999
610,421.163316,421.163480999,421.163293121,10556555,-9999,710912.3,19.26,-1,0.446091506,0.964536254,0,0.578721752,4,0.5,1.722222222,P1 O9,de-protonated,0,-9999,C18 H31 O9 P1,18,31,9,-9999,1,-9999,-9999,-9999
611,421.181086,421.181251008,421.180918244,15897744,-9999,683106.8,30.01,-1,0.790073598,0.892915591,0,0.535749354,17,0.103448276,0.896551724,O3,de-protonated,0,-9999,C29 H26 O3,29,26,3,-9999,-9999,-9999,-9999,-9999
612,421.199688,421.199853018,421.199678631,16536726,-9999,687617.7,31.3,-1,0.414025949,0.969375259,0,0.581625156,3,0.421052632,1.842105263,P1 O8,de-protonated,0,-9999,C19 H35 O8 P1,19,35,8,-9999,1,-9999,-9999,-9999
613,421.226343,421.226508033,421.226548284,7804061.5,-9999,651864.5,13.72,-1,-0.095557024,0.998344538,0,0.599006723,2,0.35,1.9,S1 O7,de-protonated,0,-9999,C20 H38 O7 S1,20,38,7,-9999,-9999,1,-9999,-9999
613,421.226343,421.226508033,421.226168161,7804061.5,-9999,651864.5,13.72,-1,0.806861943,0.888582442,0,0.533149465,7,0.181818182,1.590909091,N2 P1 O4,de-protonated,0,-9999,C22 H35 O4 N2 P1,22,35,4,2,1,-9999,-9999,-9999
614,421.236038,421.236203038,421.23606414,7402656,-9999,701801,12.91,-1,0.329738655,0.980464856,0,0.588278914,2,0.35,1.95,P1 O7,de-protonated,0,-9999,C20 H39 O7 P1,20,39,7,-9999,1,-9999,-9999,-9999
615,422.158423,422.158588534,422.158409152,9262503,-9999,714444.9,16.57,-1,0.424917637,0.967769377,0,0.580661626,17,0.035714286,0.892857143,N1 S1 O1,de-protonated,0,-9999,C28 H25 O1 N1 S1,28,25,1,1,-9999,1,-9999,-9999
615,422.158423,422.158588534,422.158542094,9262503,-9999,714444.9,16.57,-1,0.110008016,0.99780656,0,0.598683936,4,0.529411765,1.764705882,N1 P1 O9,de-protonated,0,-9999,C17 H30 O9 N1 P1,17,30,9,1,1,-9999,-9999,-9999
615,422.158423,422.158588534,422.158469511,9262503,-9999,714444.9,16.57,-1,0.281940769,0.985680055,0.998711046,0.990892452,9,0.263157895,1.368421053,13C1 N4 S1 O5,de-protonated,1,609,C18 H26 O5 N4 S1 13C1,18,26,5,4,-9999,1,1,-9999
616,422.19313,422.193295553,422.193273833,10163633,-9999,647009.7,18.37,-1,0.051446665,0.999519864,0,0.599711919,8,0.35,1.45,N3 O7,de-protonated,0,-9999,C20 H29 O7 N3,20,29,7,3,-9999,-9999,-9999,-9999
618,423.152104,423.152270069,423.151940591,13981379,-9999,642810.1,26.01,-1,0.778628787,0.895829131,0,0.537497479,17,0.071428571,0.892857143,P1 O2,de-protonated,0,-9999,C28 H25 O2 P1,28,25,2,-9999,1,-9999,-9999,-9999
618,423.152104,423.152270069,423.152137295,13981379,-9999,642810.1,26.01,-1,0.313773181,0.982294342,0,0.589376605,9,0.444444444,1.333333333,N4 O8,de-protonated,0,-9999,C18 H24 O8 N4,18,24,8,4,-9999,-9999,-9999,-9999
619,423.178956,423.179122084,423.178810244,11392715,-9999,703192.7,20.83,-1,0.736898041,0.906168476,0,0.543701086,16,0.034482759,0.965517241,S1 O1,de-protonated,0,-9999,C29 H28 O1 S1,29,28,1,-9999,-9999,1,-9999,-9999
619,423.178956,423.179122084,423.178943186,11392715,-9999,703192.7,20.83,-1,0.422747656,0.968092433,0,0.58085546,3,0.5,1.833333333,P1 O9,de-protonated,0,-9999,C18 H33 O9 P1,18,33,9,-9999,1,-9999,-9999,-9999
620,423.187021,423.187187088,423.187185394,13801165,-9999,683784.8,25.65,-1,0.004002384,0.999997093,0,0.599998256,3,0.611111111,1.777777778,O11,de-protonated,0,-9999,C18 H32 O11,18,32,11,-9999,-9999,-9999,-9999,-9999
621,423.215325,423.215491103,423.215328695,10507989,-9999,716892.6,19.06,-1,0.38374823,0.973633213,0,0.584179928,2,0.421052632,1.947368421,P1 O8,de-protonated,0,-9999,C19 H37 O8 P1,19,37,8,-9999,1,-9999,-9999,-9999
622,424.07333,424.073496565,424.073767096,7034827.5,-9999,657837.6,12.1,-1,-0.637933002,0.928818354,0,0.557291012,10,0.352941176,1.176470588,N3 S1 P1 O6,de-protonated,0,-9999,C17 H20 O6 N3 P1 S1,17,20,6,3,1,1,-9999,-9999
623,425.070786,425.070953102,425.07104996100003,7747819,-9999,695822.1,13.53,-1,-0.227864803,0.990622995,0,0.594373797,0,0.833333333,2.25,S2 P1 O10,de-protonated,0,-9999,C12 H27 O10 P1 S2,12,27,10,-9999,1,2,-9999,-9999
624,425.218931,425.219098182,425.21896098,16505110,-9999,674453.3,31.07,-1,0.322661749,0.981286579,0,0.588771948,5,0.130434783,1.652173913,S2 O3,de-protonated,0,-9999,C23 H38 O3 S2,23,38,3,-9999,-9999,2,-9999,-9999
624,425.218931,425.219098182,425.219429011,16505110,-9999,674453.3,31.07,-1,-0.778018909,0.895983461,0,0.537590076,11,0.173913043,1.304347826,N4 O4,de-protonated,0,-9999,C23 H30 O4 N4,23,30,4,4,-9999,-9999,-9999,-9999
625,427.216906,427.217074257,427.21732101,17767256,-9999,656623.7,33.59,-1,-0.577581888,0.941264181,0,0.564758509,10,0.086956522,1.391304348,N4 S1 O2,de-protonated,0,-9999,C23 H32 O2 N4 S1,23,32,2,4,-9999,1,-9999,-9999
626,427.233548,427.233716266,427.233741665,8944477,-9999,678472.2,15.93,-1,-0.059448134,0.999358951,0,0.599615371,5,0.363636364,1.636363636,O8,de-protonated,0,-9999,C22 H36 O8,22,36,8,-9999,-9999,-9999,-9999,-9999
626,427.233548,427.233716266,427.233579473,8944477,-9999,678472.2,15.93,-1,0.320183356,0.981570299,0,0.588942179,0,0.117647059,2.411764706,N4 S2 P1 O2,de-protonated,0,-9999,C17 H41 O2 N4 P1 S2,17,41,2,4,1,2,-9999,-9999
627,429.204765,429.204934327,429.204764011,7560601.5,-9999,762718.7,13.15,-1,0.396818096,0.971832567,0,0.58309954,5,0.333333333,1.666666667,P1 O7,de-protonated,0,-9999,C21 H35 O7 P1,21,35,7,-9999,1,-9999,-9999,-9999
628,429.212859,429.213028332,429.21300622,9297308,-9999,685007.7,16.63,-1,0.05151774,0.999518537,0,0.599711122,5,0.428571429,1.619047619,O9,de-protonated,0,-9999,C21 H34 O9,21,34,9,-9999,-9999,-9999,-9999,-9999
628,429.212859,429.213028332,429.212844028,9297308,-9999,685007.7,16.63,-1,0.429398646,0.967097377,0,0.580258426,0,0.1875,2.4375,N4 S2 P1 O3,de-protonated,0,-9999,C16 H39 O3 N4 P1 S2,16,39,3,4,1,2,-9999,-9999
629,429.249182,429.249351351,429.249391729,8543655,-9999,690675.4,15.12,-1,-0.094065861,0.99839576,0,0.599037456,4,0.363636364,1.727272727,O8,de-protonated,0,-9999,C22 H38 O8,22,38,8,-9999,-9999,-9999,-9999,-9999
630,431.184017,431.184187393,431.184028566,8101851,-9999,661095.5,14.24,-1,0.368349725,0.975681348,0,0.585408809,5,0.4,1.65,P1 O8,de-protonated,0,-9999,C20 H33 O8 P1,20,33,8,-9999,1,-9999,-9999,-9999
631,431.220401,431.220571412,431.220414076,8675301,-9999,661009.7,15.38,-1,0.36486388,0.976133934,0,0.58568036,4,0.333333333,1.761904762,P1 O7,de-protonated,0,-9999,C21 H37 O7 P1,21,37,7,-9999,1,-9999,-9999,-9999
632,431.228481,431.228651417,431.228656284,9183208,-9999,690784,16.4,-1,-0.011287254,0.999976883,0,0.59998613,4,0.428571429,1.714285714,O9,de-protonated,0,-9999,C21 H36 O9,21,36,9,-9999,-9999,-9999,-9999,-9999
633,432.194588,432.194758937,432.19453368,8765698,-9999,683742.3,15.57,-1,0.521193562,0.951905783,0,0.57114347,9,0.217391304,1.391304348,N1 P1 O5,de-protonated,0,-9999,C23 H32 O5 N1 P1,23,32,5,1,1,-9999,-9999,-9999
634,433.163302,433.163473458,433.16316018,11199005,-9999,617253.7,20.44,-1,0.723234559,0.909454743,0,0.545672846,18,0.033333333,0.866666667,S1 O1,de-protonated,0,-9999,C30 H26 O1 S1,30,26,1,-9999,-9999,1,-9999,-9999
634,433.163302,433.163473458,433.163293121,11199005,-9999,617253.7,20.44,-1,0.416325298,0.969039493,0,0.581423696,5,0.473684211,1.631578947,P1 O9,de-protonated,0,-9999,C19 H31 O9 P1,19,31,9,-9999,1,-9999,-9999,-9999
635,433.199686,433.199857478,433.199678631,15540776,-9999,649495.4,29.13,-1,0.41285135,0.969546109,0,0.581727665,4,0.4,1.75,P1 O8,de-protonated,0,-9999,C20 H35 O8 P1,20,35,8,-9999,1,-9999,-9999,-9999
636,433.236036,433.236207497,433.23606414,8790579,-9999,729251,15.61,-1,0.330898789,0.980328515,0,0.588197109,3,0.333333333,1.857142857,P1 O7,de-protonated,0,-9999,C21 H39 O7 P1,21,39,7,-9999,1,-9999,-9999,-9999
637,435.178949,435.179121543,435.178810244,15262827,-9999,667211.4,28.57,-1,0.715336091,0.91133171,0,0.546799026,17,0.033333333,0.933333333,S1 O1,de-protonated,0,-9999,C30 H28 O1 S1,30,28,1,-9999,-9999,1,-9999,-9999
637,435.178949,435.179121543,435.178943186,15262827,-9999,667211.4,28.57,-1,0.409848367,0.969980833,0,0.5819885,4,0.473684211,1.736842105,P1 O9,de-protonated,0,-9999,C19 H33 O9 P1,19,33,9,-9999,1,-9999,-9999,-9999
638,435.215327,435.215499563,435.215328695,24454262,-9999,643346.4,46.97,-1,0.392604763,0.972419262,0,0.583451557,3,0.4,1.85,P1 O8,de-protonated,0,-9999,C20 H37 O8 P1,20,37,8,-9999,1,-9999,-9999,-9999
639,435.251665,435.251837582,435.251714205,7234688.5,-9999,642596.2,12.5,-1,0.283463149,0.98552612,0,0.591315672,2,0.333333333,1.952380952,P1 O7,de-protonated,0,-9999,C21 H41 O7 P1,21,41,7,-9999,1,-9999,-9999,-9999
640,436.174202,436.174375079,436.174059216,21636494,-9999,639064,41.33,-1,0.724166504,0.454616088,0.761234226,0.577263343,17,0.034482759,0.931034483,N1 S1 O1,de-protonated,0,-9999,C29 H27 O1 N1 S1,29,27,1,1,-9999,1,-9999,-9999
640,436.174202,436.174375079,436.174192158,21636494,-9999,639064,41.33,-1,0.419375829,0.968591345,0,0.581154807,4,0.5,1.777777778,N1 P1 O9,de-protonated,0,-9999,C18 H32 O9 N1 P1,18,32,9,1,1,-9999,-9999,-9999
641,437.089403,437.089576572,437.089143114,20883098,-9999,621694,39.6,-1,0.9916904,0.836569495,0,0.501941697,20,0.208333333,0.583333333,N4 O5,de-protonated,0,-9999,C24 H14 O5 N4,24,14,5,4,-9999,-9999,-9999,-9999
642,437.158171,437.158344609,437.158074799,10495662,-9999,697318.8,18.92,-1,0.617189547,0.933216585,0,0.559929951,17,0.068965517,0.896551724,S1 O2,de-protonated,0,-9999,C29 H26 O2 S1,29,26,2,-9999,-9999,1,-9999,-9999
642,437.158171,437.158344609,437.158207741,10495662,-9999,697318.8,18.92,-1,0.31308497,0.982371238,0,0.589422743,4,0.555555556,1.722222222,P1 O10,de-protonated,0,-9999,C18 H31 O10 P1,18,31,10,-9999,1,-9999,-9999,-9999
643,437.194601,437.194774628,437.194460309,18327224,-9999,643026.3,34.51,-1,0.718947019,0.91047569800000006,0,0.546285419,16,0.033333333,1,S1 O1,de-protonated,0,-9999,C30 H30 O1 S1,30,30,1,-9999,-9999,1,-9999,-9999
643,437.194601,437.194774628,437.19459325,18327224,-9999,643026.3,34.51,-1,0.41486772,0.96925254,0,0.581551524,3,0.473684211,1.842105263,P1 O9,de-protonated,0,-9999,C19 H35 O9 P1,19,35,9,-9999,1,-9999,-9999,-9999
644,437.212407,437.212580638,437.212218373,7358142,-9999,715073.9,12.67,-1,0.828578168,0.8828746,0,0.52972476,16,0.1,1,O3,de-protonated,0,-9999,C30 H30 O3,30,30,3,-9999,-9999,-9999,-9999,-9999
645,437.23096,437.231133648,437.23097876,9955011,-9999,680102.5,17.84,-1,0.354247876,0.977487008,0,0.586492205,2,0.4,1.95,P1 O8,de-protonated,0,-9999,C20 H39 O8 P1,20,39,8,-9999,1,-9999,-9999,-9999
646,439.086336,439.086510647,439.086700025,7801057.5,-9999,684879.1,13.55,-1,-0.431301528,0.966810019,0,0.580086011,0,0.769230769,2.230769231,S2 P1 O10,de-protonated,0,-9999,C13 H29 O10 P1 S2,13,29,10,-9999,1,2,-9999,-9999
647,439.210203,439.210377713,439.210110373,13052166,-9999,655007.7,24.01,-1,0.608684011,0.934983821,0,0.560990293,15,0.033333333,1.066666667,S1 O1,de-protonated,0,-9999,C30 H32 O1 S1,30,32,1,-9999,-9999,1,-9999,-9999
647,439.210203,439.210377713,439.210243315,13052166,-9999,655007.7,24.01,-1,0.306000245,0.983153362,0,0.589892017,2,0.473684211,1.947368421,P1 O9,de-protonated,0,-9999,C19 H37 O9 P1,19,37,9,-9999,1,-9999,-9999,-9999
648,439.234587,439.234761726,439.234611044,8644877,-9999,548773.6,15.23,-1,0.343055656,0.978872202,0,0.587323321,5,0.125,1.666666667,S2 O3,de-protonated,0,-9999,C24 H40 O3 S2,24,40,3,-9999,-9999,2,-9999,-9999
648,439.234587,439.234761726,439.235079075,8644877,-9999,548773.6,15.23,-1,-0.72250316,0.909629253,0,0.545777552,11,0.166666667,1.333333333,N4 O4,de-protonated,0,-9999,C24 H32 O4 N4,24,32,4,4,-9999,-9999,-9999,-9999
649,439.246635,439.246809733,439.246628824,8431888,-9999,720160.9,14.81,-1,0.411861335,0.969689757,0,0.581813854,1,0.4,2.05,P1 O8,de-protonated,0,-9999,C20 H41 O8 P1,20,41,8,-9999,1,-9999,-9999,-9999
650,441.232585,441.232760802,441.232971075,7678802.5,-9999,652160.1,13.31,-1,-0.476557657,0.959629215,0,0.575777529,10,0.083333333,1.416666667,N4 S1 O2,de-protonated,0,-9999,C24 H34 O2 N4 S1,24,34,2,4,-9999,1,-9999,-9999
651,443.228467,443.228643876,443.228656284,9498006,-9999,683838.2,16.93,-1,-0.027994395,0.999857811,0,0.599914687,5,0.409090909,1.636363636,O9,de-protonated,0,-9999,C22 H36 O9,22,36,9,-9999,-9999,-9999,-9999,-9999
651,443.228467,443.228643876,443.228494093,9498006,-9999,683838.2,16.93,-1,0.337937236,0.979491494,0,0.587694896,0,0.176470588,2.411764706,N4 S2 P1 O3,de-protonated,0,-9999,C17 H41 O3 N4 P1 S2,17,41,3,4,1,2,-9999,-9999
652,445.244153,445.244330961,445.244306349,8351708,-9999,683374.9,14.64,-1,0.055278967,0.999445689,0,0.599667414,4,0.409090909,1.727272727,O9,de-protonated,0,-9999,C22 H38 O9,22,38,9,-9999,-9999,-9999,-9999,-9999
653,447.178897,447.179076003,447.178810244,11088391,-9999,589890.7,20.09,-1,0.594300427,0.937923954,0,0.562754373,18,0.032258065,0.903225806,S1 O1,de-protonated,0,-9999,C31 H28 O1 S1,31,28,1,-9999,-9999,1,-9999,-9999
653,447.178897,447.179076003,447.178943186,11088391,-9999,589890.7,20.09,-1,0.29701047,0.984120888,0,0.590472533,5,0.45,1.65,P1 O9,de-protonated,0,-9999,C20 H33 O9 P1,20,33,9,-9999,1,-9999,-9999,-9999
654,447.186976,447.187155007,447.187185394,7344649,-9999,642488.7,12.64,-1,-0.067952111,0.999162514,0,0.599497508,5,0.55,1.6,O11,de-protonated,0,-9999,C20 H32 O11,20,32,11,-9999,-9999,-9999,-9999,-9999
654,447.186976,447.187155007,447.187023203,7344649,-9999,642488.7,12.64,-1,0.294740254,0.984360805,0,0.590616483,0,0.333333333,2.466666667,N4 S2 P1 O5,de-protonated,0,-9999,C15 H37 O5 N4 P1 S2,15,37,5,4,1,2,-9999,-9999
655,447.215286,447.215465022,447.215328695,10449425,-9999,689678.3,18.82,-1,0.304835405,0.983280301,0,0.589968181,4,0.380952381,1.761904762,P1 O8,de-protonated,0,-9999,C21 H37 O8 P1,21,37,8,-9999,1,-9999,-9999,-9999
656,448.218621,448.218800562,448.218819876,7172911.5,-9999,661042.2,12.3,-1,-0.043089532,0.99966316,0,0.599797896,4,0.5,1.75,N1 O10,de-protonated,0,-9999,C20 H35 O10 N1,20,35,10,1,-9999,-9999,-9999,-9999
657,449.158195,449.158375068,449.158074799,8467515,-9999,614152.3,14.87,-1,0.668514941,0.922109189,0,0.553265513,18,0.066666667,0.866666667,S1 O2,de-protonated,0,-9999,C30 H26 O2 S1,30,26,2,-9999,-9999,1,-9999,-9999
657,449.158195,449.158375068,449.158207741,8467515,-9999,614152.3,14.87,-1,0.372535002,0.975132548,0,0.585079529,5,0.526315789,1.631578947,P1 O10,de-protonated,0,-9999,C19 H31 O10 P1,19,31,10,-9999,1,-9999,-9999,-9999
658,449.173447,449.173627076,449.173463882,134952000,-9999,629577.1,266.67,-1,0.363320826,0.977128785,0.992302621,0.983198319,9,0.304347826,1.347826087,P1 O7,de-protonated,0,-9999,C23 H31 O7 P1,23,31,7,-9999,1,-9999,-9999,-9999
659,449.174276,449.174456077,449.174333262,11088959,-9999,1451944.8,20.09,-1,0.273423125,0.986526451,0,0.59191587,8,0.083333333,1.458333333,S2 P1 O2,de-protonated,0,-9999,C24 H35 O2 P1 S2,24,35,2,-9999,1,2,-9999,-9999
659,449.174276,449.174456077,449.174801293,11088959,-9999,1451944.8,20.09,-1,-0.768556025,0.898365918,0,0.539019551,14,0.125,1.125,N4 P1 O3,de-protonated,0,-9999,C24 H27 O3 N4 P1,24,27,3,4,1,-9999,-9999,-9999
659,449.174276,449.174456077,449.174529967,11088959,-9999,1451944.8,20.09,-1,-0.164501402,0.995101904,0,0.597061143,0,0.571428571,2.428571429,N4 S2 O8,de-protonated,0,-9999,C14 H34 O8 N4 S2,14,34,8,4,-9999,2,-9999,-9999
660,449.1946,449.194780088,449.194460309,17806404,-9999,649746.1,33.46,-1,0.711894644,0.912144277,0,0.547286566,17,0.032258065,0.967741935,S1 O1,de-protonated,0,-9999,C31 H30 O1 S1,31,30,1,-9999,-9999,1,-9999,-9999
660,449.1946,449.194780088,449.19459325,17806404,-9999,649746.1,33.46,-1,0.415938667,0.969096073,0,0.581457644,4,0.45,1.75,P1 O9,de-protonated,0,-9999,C20 H35 O9 P1,20,35,9,-9999,1,-9999,-9999,-9999
661,449.202646,449.202826092,449.202835459,15053895,-9999,657835.6,27.98,-1,-0.020851958,0.999921108,0,0.599952665,4,0.55,1.7,O11,de-protonated,0,-9999,C20 H34 O11,20,34,11,-9999,-9999,-9999,-9999,-9999
662,449.230942,449.231122107,449.23097876,15397967,-9999,659717.3,28.67,-1,0.319095565,0.981694161,0,0.589016496,3,0.380952381,1.857142857,P1 O8,de-protonated,0,-9999,C21 H39 O8 P1,21,39,8,-9999,1,-9999,-9999,-9999
663,450.176796,450.176976616,450.176818717,35206492,-9999,627004.4,68.1,-1,0.350749061,0.977924601,0.992302621,0.983675809,9,0.304347826,1.347826087,13C1 P1 O7,de-protonated,1,658,C22 H31 O7 P1 13C1,22,31,7,-9999,1,-9999,1,-9999
663,450.176796,450.176976616,450.176955063,35206492,-9999,627004.4,68.1,-1,0.047877787,0.499792077,0.807789663,0.622991112,9,0.409090909,1.318181818,N1 O9,de-protonated,0,-9999,C22 H29 O9 N1,22,29,9,1,-9999,-9999,-9999,-9999
664,450.189822,450.190002623,450.189709281,47199584,-9999,631104.9,91.98,-1,0.651597853,0.929401419,0.954493885,0.939438406,17,0.033333333,0.966666667,N1 S1 O1,de-protonated,0,-9999,C30 H29 O1 N1 S1,30,29,1,1,-9999,1,-9999,-9999
664,450.189822,450.190002623,450.189842222,47199584,-9999,631104.9,91.98,-1,0.356296173,0.979191014,0.970991935,0.975911382,4,0.473684211,1.789473684,N1 P1 O9,de-protonated,0,-9999,C19 H34 O9 N1 P1,19,34,9,1,1,-9999,-9999,-9999
665,451.170496,451.170677151,451.17035356,42743412,-9999,620372.4,83.1,-1,0.717225638,0.906610363,0.961147701,0.928425298,22,0.060606061,0.727272727,O2,de-protonated,0,-9999,C33 H24 O2,33,24,2,-9999,-9999,-9999,-9999,-9999
666,451.173808,451.173989153,451.173724864,9713267,-9999,641517,17.35,-1,0.585781913,0.939636309,0,0.563781785,17,0.066666667,0.933333333,S1 O2,de-protonated,0,-9999,C30 H28 O2 S1,30,28,2,-9999,-9999,1,-9999,-9999
666,451.173808,451.173989153,451.173857805,9713267,-9999,641517,17.35,-1,0.291124309,0.984739257,0,0.590843554,4,0.526315789,1.736842105,P1 O10,de-protonated,0,-9999,C19 H33 O10 P1,19,33,10,-9999,1,-9999,-9999,-9999
667,451.193162,451.193343163,451.193064116,11761273,-9999,624787.9,21.43,-1,0.618466213,0.932949501,0.954493885,0.941567255,17,0.033333333,0.966666667,13C1 N1 S1 O1,de-protonated,1,664,C29 H29 O1 N1 S1 13C1,29,29,1,1,-9999,1,1,-9999
667,451.193162,451.193343163,451.193197058,11761273,-9999,624787.9,21.43,-1,0.323821229,0.981153122,0.970991935,0.977088647,4,0.473684211,1.789473684,13C1 N1 P1 O9,de-protonated,1,664,C18 H34 O9 N1 P1 13C1,18,34,9,1,1,-9999,1,-9999
667,451.193162,451.193343163,451.193333403,11761273,-9999,624787.9,21.43,-1,0.021632225,0.999915094,0,0.599949056,4,0.611111111,1.777777778,N2 O11,de-protonated,0,-9999,C18 H32 O11 N2,18,32,11,2,-9999,-9999,-9999,-9999
668,451.210231,451.210412173,451.210110373,20756094,-9999,634804.5,39.33,-1,0.668867246,0.461015179,0.748902347,0.576170046,16,0.032258065,1.032258065,S1 O1,de-protonated,0,-9999,C31 H32 O1 S1,31,32,1,-9999,-9999,1,-9999,-9999
668,451.210231,451.210412173,451.210243315,20756094,-9999,634804.5,39.33,-1,0.374233379,0.974908166,0,0.5849449,3,0.45,1.85,P1 O9,de-protonated,0,-9999,C20 H37 O9 P1,20,37,9,-9999,1,-9999,-9999,-9999
669,451.246627,451.246808192,451.246628824,9221768,-9999,708809.1,16.37,-1,0.397494771,0.971737792,0,0.583042675,2,0.380952381,1.952380952,P1 O8,de-protonated,0,-9999,C21 H41 O8 P1,21,41,8,-9999,1,-9999,-9999,-9999
670,452.173867,452.174048691,452.173708395,12351372,-9999,628878.7,22.6,-1,0.752577987,0.902336516,0.961147701,0.92586099,22,0.060606061,0.727272727,13C1 O2,de-protonated,1,665,C32 H24 O2 13C1,32,24,2,-9999,-9999,-9999,1,-9999
670,452.173867,452.174048691,452.17446694,12351372,-9999,628878.7,22.6,-1,-0.924972,0.856207408,0,0.513724445,13,0.166666667,1.166666667,N3 P1 O4,de-protonated,0,-9999,C24 H28 O4 N3 P1,24,28,4,3,1,-9999,-9999,-9999
671,452.186898,452.187079698,452.186731901,17414032,-9999,648003.8,32.68,-1,0.769146415,0.898217945,0,0.538930767,17,0.137931034,0.931034483,N1 O4,de-protonated,0,-9999,C29 H27 O4 N1,29,27,4,1,-9999,-9999,-9999,-9999
672,453.189522,453.189704238,453.189374928,13547687,-9999,535781.3,24.82,-1,0.726649838,0.908637974,0,0.545182784,16,0.066666667,1,S1 O2,de-protonated,0,-9999,C30 H30 O2 S1,30,30,2,-9999,-9999,1,-9999,-9999
672,453.189522,453.189704238,453.18950787,13547687,-9999,535781.3,24.82,-1,0.433302741,0.966506533,0,0.57990392,3,0.526315789,1.842105263,P1 O10,de-protonated,0,-9999,C19 H35 O10 P1,19,35,10,-9999,1,-9999,-9999,-9999
673,453.225873,453.226055258,453.225760437,13924529,-9999,626026.6,25.56,-1,0.650493041,0.92609504,0,0.555657024,15,0.032258065,1.096774194,S1 O1,de-protonated,0,-9999,C31 H34 O1 S1,31,34,1,-9999,-9999,1,-9999,-9999
673,453.225873,453.226055258,453.225893379,13924529,-9999,626026.6,25.56,-1,0.357169516,0.977118426,0,0.586271056,2,0.45,1.95,P1 O9,de-protonated,0,-9999,C20 H39 O9 P1,20,39,9,-9999,1,-9999,-9999,-9999
674,455.205144,455.205327323,455.205024993,10943187,-9999,643917,19.66,-1,0.664163394,0.923079998,0,0.553847999,15,0.066666667,1.066666667,S1 O2,de-protonated,0,-9999,C30 H32 O2 S1,30,32,2,-9999,-9999,1,-9999,-9999
674,455.205144,455.205327323,455.205157934,10943187,-9999,643917,19.66,-1,0.372115257,0.975187853,0,0.585112712,2,0.526315789,1.947368421,P1 O10,de-protonated,0,-9999,C19 H37 O10 P1,19,37,10,-9999,1,-9999,-9999,-9999
675,455.222927,455.223110333,455.222783057,7404248,-9999,603683.4,12.67,-1,0.718934463,0.910478681,0,0.546287209,15,0.133333333,1.066666667,O4,de-protonated,0,-9999,C30 H32 O4,30,32,4,-9999,-9999,-9999,-9999,-9999
676,455.228441,455.228624336,455.228656284,10271449,-9999,538849.8,18.34,-1,-0.070181116,0.999106694,0,0.599464016,6,0.391304348,1.565217391,O9,de-protonated,0,-9999,C23 H36 O9,23,36,9,-9999,-9999,-9999,-9999,-9999
676,455.228441,455.228624336,455.228494093,10271449,-9999,538849.8,18.34,-1,0.286104399,0.985257142,0,0.591154285,1,0.166666667,2.277777778,N4 S2 P1 O3,de-protonated,0,-9999,C18 H41 O3 N4 P1 S2,18,41,3,4,1,2,-9999,-9999
677,455.264778,455.264961355,455.265041793,8354531.5,-9999,649717.3,14.55,-1,-0.176684432,0.994351658,0,0.596610995,5,0.333333333,1.666666667,O8,de-protonated,0,-9999,C24 H40 O8,24,40,8,-9999,-9999,-9999,-9999,-9999
677,455.264778,455.264961355,455.264879602,8354531.5,-9999,649717.3,14.55,-1,0.179572571,0.994166034,0,0.59649962,0,0.105263158,2.368421053,N4 S2 P1 O2,de-protonated,0,-9999,C19 H45 O2 N4 P1 S2,19,45,2,4,1,2,-9999,-9999
678,457.207717,457.207901401,457.207920839,9452789,-9999,595320.1,16.72,-1,-0.042514883,0.999672083,0,0.59980325,6,0.454545455,1.545454545,O10,de-protonated,0,-9999,C22 H34 O10,22,34,10,-9999,-9999,-9999,-9999,-9999
678,457.207717,457.207901401,457.207758648,9452789,-9999,595320.1,16.72,-1,0.312228273,0.982466732,0,0.589480039,1,0.235294118,2.294117647,N4 S2 P1 O4,de-protonated,0,-9999,C17 H39 O4 N4 P1 S2,17,39,4,4,1,2,-9999,-9999
679,457.244109,457.244293421,457.244306349,11894015,-9999,627261.2,21.54,-1,-0.02827351,0.999854962,0,0.599912977,5,0.391304348,1.652173913,O9,de-protonated,0,-9999,C23 H38 O9,23,38,9,-9999,-9999,-9999,-9999,-9999
679,457.244109,457.244293421,457.244144157,11894015,-9999,627261.2,21.54,-1,0.326441421,0.98084984099999994,0,0.588509905,0,0.166666667,2.388888889,N4 S2 P1 O3,de-protonated,0,-9999,C18 H43 O3 N4 P1 S2,18,43,3,4,1,2,-9999,-9999
680,457.28047,457.28065444,457.280691858,9354504,-9999,650691.4,16.52,-1,-0.081826501,0.998785834,0,0.599271501,4,0.333333333,1.75,O8,de-protonated,0,-9999,C24 H42 O8,24,42,8,-9999,-9999,-9999,-9999,-9999
681,458.169759,458.169943919,458.170155605,7601656,-9999,716926,13.06,-1,-0.462025846,0.962007082,0,0.577204249,2,0.647058824,1.941176471,N1 S1 O11,de-protonated,0,-9999,C17 H33 O11 N1 S1,17,33,11,1,-9999,1,-9999,-9999
681,458.169759,458.169943919,458.169775483,7601656,-9999,716926,13.06,-1,0.367628061,0.975775381,0,0.585465229,7,0.421052632,1.578947368,N3 P1 O8,de-protonated,0,-9999,C19 H30 O8 N3 P1,19,30,8,3,1,-9999,-9999,-9999
682,458.202985,458.203169937,458.203169811,13975041,-9999,656997.9,25.66,-1,2.73681e-4,0.999999986,0,0.599999992,6,0.476190476,1.571428571,N1 O10,de-protonated,0,-9999,C21 H33 O10 N1,21,33,10,1,-9999,-9999,-9999,-9999
683,459.163672,459.163857454,459.163554103,8363778,-9999,636860.3,14.56,-1,0.660660296,0.923857652,0,0.554314591,15,0.142857143,1,S1 O4,de-protonated,0,-9999,C28 H28 O4 S1,28,28,4,-9999,-9999,1,-9999,-9999
683,459.163672,459.163857454,459.163687045,8363778,-9999,636860.3,14.56,-1,0.371129957,0.975317443,0,0.585190466,2,0.705882353,1.941176471,P1 O12,de-protonated,0,-9999,C17 H33 O12 P1,17,33,12,-9999,1,-9999,-9999,-9999
684,459.223395,459.223580486,459.223570904,10239762,-9999,626773.6,18.27,-1,0.020866563,0.999920998,0,0.599952599,5,0.454545455,1.636363636,O10,de-protonated,0,-9999,C22 H36 O10,22,36,10,-9999,-9999,-9999,-9999,-9999
684,459.223395,459.223580486,459.223408712,10239762,-9999,626773.6,18.27,-1,0.374052682,0.974932085,0,0.584959251,0,0.235294118,2.411764706,N4 S2 P1 O4,de-protonated,0,-9999,C17 H41 O4 N4 P1 S2,17,41,4,4,1,2,-9999,-9999
685,459.259805,459.259990506,459.259956413,12287772,-9999,632091.7,22.32,-1,0.07423392,0.999000595,0,0.599400357,4,0.391304348,1.739130435,O9,de-protonated,0,-9999,C23 H40 O9,23,40,9,-9999,-9999,-9999,-9999,-9999
685,459.259805,459.259990506,459.26044567,12287772,-9999,632091.7,22.32,-1,-0.991081831,0.836752679,0,0.502051607,8,0.038461538,1.576923077,N2 S1 P1 O1,de-protonated,0,-9999,C26 H41 O1 N2 P1 S1,26,41,1,2,1,1,-9999,-9999
686,459.303356,459.303541529,459.303355855,10862375,-9999,643132.2,19.5,-1,0.404251259,0.970783135,0,0.582469881,7,0.107142857,1.607142857,P1 O3,de-protonated,0,-9999,C28 H45 O3 P1,28,45,3,-9999,1,-9999,-9999,-9999
687,461.158191,461.158377528,461.158074799,7143697,-9999,601676.6,12.15,-1,0.656452473,0.924787169,0,0.554872302,19,0.064516129,0.838709677,S1 O2,de-protonated,0,-9999,C31 H26 O2 S1,31,26,2,-9999,-9999,1,-9999,-9999
687,461.158191,461.158377528,461.158207741,7143697,-9999,601676.6,12.15,-1,0.368174361,0.975704214,0,0.585422529,6,0.5,1.55,P1 O10,de-protonated,0,-9999,C20 H31 O10 P1,20,31,10,-9999,1,-9999,-9999,-9999
688,461.194599,461.194785547,461.194460309,13599003,-9999,617535.8,24.91,-1,0.705209265,0.913713622,0,0.548228173,18,0.03125,0.9375,S1 O1,de-protonated,0,-9999,C32 H30 O1 S1,32,30,1,-9999,-9999,1,-9999,-9999
688,461.194599,461.194785547,461.19459325,13599003,-9999,617535.8,24.91,-1,0.416953883,0.968947399,0,0.581368439,5,0.428571429,1.666666667,P1 O9,de-protonated,0,-9999,C21 H35 O9 P1,21,35,9,-9999,1,-9999,-9999,-9999
689,461.230969,461.231155567,461.23097876,11796772,-9999,675230.2,21.35,-1,0.383337443,0.973688883,0,0.58421333,4,0.363636364,1.772727273,P1 O8,de-protonated,0,-9999,C22 H39 O8 P1,22,39,8,-9999,1,-9999,-9999,-9999
690,461.238975,461.239161571,461.239220968,7807270.5,-9999,650795.8,13.46,-1,-0.128777158,0.996995458,0,0.598197275,4,0.454545455,1.727272727,O10,de-protonated,0,-9999,C22 H38 O10,22,38,10,-9999,-9999,-9999,-9999,-9999
691,462.234302,462.234489107,462.23446994,7324202,-9999,674096.9,12.5,-1,0.041464883,0.999688077,0,0.599812846,4,0.476190476,1.761904762,N1 O10,de-protonated,0,-9999,C21 H37 O10 N1,21,37,10,1,-9999,-9999,-9999,-9999
693,463.152779,463.152966601,463.152728437,7136023,-9999,566422.4,12.13,-1,0.514223236,0.953153168,0,0.571891901,10,0.347826087,1.260869565,P1 O8,de-protonated,0,-9999,C23 H29 O8 P1,23,29,8,-9999,1,-9999,-9999,-9999
694,463.173835,463.174022613,463.173724864,12141341,-9999,619631.6,22.03,-1,0.642844969,0.927758695,0,0.556655217,18,0.064516129,0.903225806,S1 O2,de-protonated,0,-9999,C31 H28 O2 S1,31,28,2,-9999,-9999,1,-9999,-9999
694,463.173835,463.174022613,463.173857805,12141341,-9999,619631.6,22.03,-1,0.355821397,0.977288858,0,0.586373315,5,0.5,1.65,P1 O10,de-protonated,0,-9999,C20 H33 O10 P1,20,33,10,-9999,1,-9999,-9999,-9999
695,463.21021,463.210397632,463.210110373,17974054,-9999,642512.9,33.56,-1,0.62014866,0.930283312,0.974321505,0.947898589,17,0.03125,1,S1 O1,de-protonated,0,-9999,C32 H32 O1 S1,32,32,1,-9999,-9999,1,-9999,-9999
695,463.21021,463.210397632,463.210243315,17974054,-9999,642512.9,33.56,-1,0.33314764,0.980062917,0,0.58803775,4,0.428571429,1.761904762,P1 O9,de-protonated,0,-9999,C21 H37 O9 P1,21,37,9,-9999,1,-9999,-9999,-9999
696,463.24657,463.246757652,463.246628824,13140783,-9999,644391,24.01,-1,0.278097267,0.986065107,0,0.591639064,3,0.363636364,1.863636364,P1 O8,de-protonated,0,-9999,C22 H41 O8 P1,22,41,8,-9999,1,-9999,-9999,-9999
697,464.213575,464.213763172,464.213465208,7087142.5,-9999,660587,12.04,-1,0.641868844,0.927969825,0.974321505,0.946510497,17,0.03125,1,13C1 S1 O1,de-protonated,1,695,C31 H32 O1 S1 13C1,31,32,1,-9999,-9999,1,1,-9999
697,464.213575,464.213763172,464.213734495,7087142.5,-9999,660587,12.04,-1,0.061775015,0.999307804,0,0.599584682,4,0.55,1.75,N1 O11,de-protonated,0,-9999,C20 H35 O11 N1,20,35,11,1,-9999,-9999,-9999,-9999
697,464.213575,464.213763172,464.214223753,7087142.5,-9999,660587,12.04,-1,-0.992172398,0.836424359,0,0.501854616,8,0.130434783,1.565217391,N3 S1 P1 O3,de-protonated,0,-9999,C23 H36 O3 N3 P1 S1,23,36,3,3,1,1,-9999,-9999
698,465.168358,465.168546686,465.168378502,258164000,-9999,600052.8,508.49,-1,0.361555961,0.651008366,0.976848471,0.781344408,9,0.347826087,1.347826087,P1 O8,de-protonated,0,-9999,C23 H31 O8 P1,23,31,8,-9999,1,-9999,-9999,-9999
699,465.189451,465.189639698,465.189374928,12846366,-9999,645598.9,23.42,-1,0.569164815,0.942914145,0,0.565748487,17,0.064516129,0.967741935,S1 O2,de-protonated,0,-9999,C31 H30 O2 S1,31,30,2,-9999,-9999,1,-9999,-9999
699,465.189451,465.189639698,465.18950787,12846366,-9999,645598.9,23.42,-1,0.283384926,0.985534049,0,0.59132043,4,0.5,1.75,P1 O10,de-protonated,0,-9999,C20 H35 O10 P1,20,35,10,-9999,1,-9999,-9999,-9999
700,465.225875,465.226063717,465.225760437,15222055,-9999,628231.5,28.12,-1,0.651897867,0.925787642,0,0.555472585,16,0.03125,1.0625,S1 O1,de-protonated,0,-9999,C32 H34 O1 S1,32,34,1,-9999,-9999,1,-9999,-9999
700,465.225875,465.226063717,465.225893379,15222055,-9999,628231.5,28.12,-1,0.366140306,0.975968684,0,0.58558121,3,0.428571429,1.857142857,P1 O9,de-protonated,0,-9999,C21 H39 O9 P1,21,39,9,-9999,1,-9999,-9999,-9999
701,465.262241,465.262429737,465.262278889,9209136,-9999,613302.6,16.23,-1,0.324221806,0.981106909,0,0.588664145,2,0.363636364,1.954545455,P1 O8,de-protonated,0,-9999,C22 H43 O8 P1,22,43,8,-9999,1,-9999,-9999,-9999
702,466.171713,466.171902226,466.171733337,68240920,-9999,605192.3,132.95,-1,0.362290147,0.650976978,0.976848471,0.781325575,9,0.347826087,1.347826087,13C1 P1 O8,de-protonated,1,698,C22 H31 O8 P1 13C1,22,31,8,-9999,1,-9999,1,-9999
702,466.171713,466.171902226,466.171869682,68240920,-9999,605192.3,132.95,-1,0.069810746,0.499558047,0.807789663,0.622850693,9,0.454545455,1.318181818,N1 O10,de-protonated,0,-9999,C22 H29 O10 N1,22,29,10,1,-9999,-9999,-9999,-9999
702,466.171713,466.171902226,466.17235894,68240920,-9999,605192.3,132.95,-1,-0.979709619,0.420081204,0.787157861,0.566911867,13,0.08,1.2,N3 S1 P1 O2,de-protonated,0,-9999,C25 H30 O2 N3 P1 S1,25,30,2,3,1,1,-9999,-9999
703,467.165409,467.165598761,467.16526818,84363016,-9999,602830.2,164.83,-1,0.707632384,0.910355515,0.940656372,0.922475858,22,0.090909091,0.727272727,O3,de-protonated,0,-9999,C33 H24 O3,33,24,3,-9999,-9999,-9999,-9999,-9999
704,467.205151,467.205340783,467.205024993,18433812,-9999,604814.1,34.47,-1,0.675913096,0.460223261,0.748902347,0.575694895,16,0.064516129,1.032258065,S1 O2,de-protonated,0,-9999,C31 H32 O2 S1,31,32,2,-9999,-9999,1,-9999,-9999
704,467.205151,467.205340783,467.205157934,18433812,-9999,604814.1,34.47,-1,0.39136611,0.972590616,0,0.58355437,3,0.5,1.85,P1 O10,de-protonated,0,-9999,C20 H37 O10 P1,20,37,10,-9999,1,-9999,-9999,-9999
705,467.241477,467.241666802,467.241410502,9684765,-9999,631590.3,17.17,-1,0.548539134,0.946866625,0,0.568119975,15,0.03125,1.125,S1 O1,de-protonated,0,-9999,C32 H36 O1 S1,32,36,1,-9999,-9999,1,-9999,-9999
705,467.241477,467.241666802,467.241543444,9684765,-9999,631590.3,17.17,-1,0.264014343,0.987432023,0,0.592459214,2,0.428571429,1.952380952,P1 O9,de-protonated,0,-9999,C21 H41 O9 P1,21,41,9,-9999,1,-9999,-9999,-9999
706,467.265882,467.266071815,467.265911173,15386403,-9999,600919.6,28.44,-1,0.343791302,0.978782461,0,0.587269477,5,0.115384615,1.692307692,S2 O3,de-protonated,0,-9999,C26 H44 O3 S2,26,44,3,-9999,-9999,2,-9999,-9999
706,467.265882,467.266071815,467.266379204,15386403,-9999,600919.6,28.44,-1,-0.657844664,0.924480185,0,0.554688111,11,0.153846154,1.384615385,N4 O4,de-protonated,0,-9999,C26 H36 O4 N4,26,36,4,4,-9999,-9999,-9999,-9999
707,468.168775,468.168965301,468.168623015,21579776,-9999,612494.6,40.69,-1,0.731117566,0.907564817,0.940656372,0.920801439,22,0.090909091,0.727272727,13C1 O3,de-protonated,1,703,C32 H24 O3 13C1,32,24,3,-9999,-9999,-9999,1,-9999
707,468.168775,468.168965301,468.16938156,21579776,-9999,612494.6,40.69,-1,-0.889119222,0.866371765,0,0.519823059,13,0.208333333,1.166666667,N3 P1 O5,de-protonated,0,-9999,C24 H28 O5 N3 P1,24,28,5,3,1,-9999,-9999,-9999
708,469.220758,469.220948868,469.220675057,9128191,-9999,587983.9,16.07,-1,0.58354316,0.940082744,0,0.564049646,15,0.064516129,1.096774194,S1 O2,de-protonated,0,-9999,C31 H34 O2 S1,31,34,2,-9999,-9999,1,-9999,-9999
708,469.220758,469.220948868,469.220807999,9128191,-9999,587983.9,16.07,-1,0.300218539,0.983778821,0,0.590267293,2,0.5,1.95,P1 O10,de-protonated,0,-9999,C20 H39 O10 P1,20,39,10,-9999,1,-9999,-9999,-9999
709,469.244085,469.24427588,469.244306349,8227077,-9999,654089,14.29,-1,-0.064930863,0.999235302,0,0.599541181,6,0.375,1.583333333,O9,de-protonated,0,-9999,C24 H38 O9,24,38,9,-9999,-9999,-9999,-9999,-9999
709,469.244085,469.24427588,469.244144157,8227077,-9999,654089,14.29,-1,0.280712916,0.985803623,0,0.591482174,1,0.157894737,2.263157895,N4 S2 P1 O3,de-protonated,0,-9999,C19 H43 O3 N4 P1 S2,19,43,3,4,1,2,-9999,-9999
710,469.263873,469.264063891,469.264271204,13322506,-9999,559231.3,24.36,-1,-0.441782869,0.965206007,0,0.579123604,10,0.076923077,1.461538462,N4 S1 O2,de-protonated,0,-9999,C26 H38 O2 N4 S1,26,38,2,4,-9999,1,-9999,-9999
711,469.28058,469.2807709,469.280691858,7850253.5,-9999,638363.1,13.54,-1,0.16843194,0.994865651,0,0.59691939,5,0.32,1.68,O8,de-protonated,0,-9999,C25 H42 O8,25,42,8,-9999,-9999,-9999,-9999,-9999
711,469.28058,469.2807709,469.280529667,7850253.5,-9999,638363.1,13.54,-1,0.514049,0.953184154,0,0.571910493,0,0.1,2.35,N4 S2 P1 O2,de-protonated,0,-9999,C20 H47 O2 N4 P1 S2,20,47,2,4,1,2,-9999,-9999
712,471.259714,471.259905965,471.259956413,10406627,-9999,627210.8,18.43,-1,-0.107048996,0.997922851,0,0.598753711,5,0.375,1.666666667,O9,de-protonated,0,-9999,C24 H40 O9,24,40,9,-9999,-9999,-9999,-9999,-9999
712,471.259714,471.259905965,471.259794222,10406627,-9999,627210.8,18.43,-1,0.237116397,0.989850057,0,0.593910034,0,0.157894737,2.368421053,N4 S2 P1 O3,de-protonated,0,-9999,C19 H45 O3 N4 P1 S2,19,45,3,4,1,2,-9999,-9999
713,471.296195,471.296386985,471.296341922,7916267.5,-9999,641360.7,13.55,-1,0.095613689,0.998342575,0,0.599005545,4,0.32,1.76,O8,de-protonated,0,-9999,C25 H44 O8,25,44,8,-9999,-9999,-9999,-9999,-9999
714,473.238957,473.239150031,473.239220968,10095788,-9999,549135.4,17.82,-1,-0.149897992,0.995931255,0,0.597558753,5,0.434782609,1.652173913,O10,de-protonated,0,-9999,C23 H38 O10,23,38,10,-9999,-9999,-9999,-9999,-9999
714,473.238957,473.239150031,473.239058777,10095788,-9999,549135.4,17.82,-1,0.192827957,0.99327597,0,0.595965582,0,0.222222222,2.388888889,N4 S2 P1 O4,de-protonated,0,-9999,C18 H43 O4 N4 P1 S2,18,43,4,4,1,2,-9999,-9999
715,473.27544,473.27563305,473.275606477,9784501,-9999,647347.6,17.21,-1,0.056146311,0.999428163,0,0.599656898,4,0.375,1.75,O9,de-protonated,0,-9999,C24 H42 O9,24,42,9,-9999,-9999,-9999,-9999,-9999
715,473.27544,473.27563305,473.276095735,9784501,-9999,647347.6,17.21,-1,-0.977621044,0.840785845,0,0.504471507,8,0.037037037,1.592592593,N2 S1 P1 O1,de-protonated,0,-9999,C27 H43 O1 N2 P1 S1,27,43,1,2,1,1,-9999,-9999
716,473.28242,473.282613054,473.28262041,38030520,-9999,600335.1,72.58,-1,-0.015543278,0.999063135,0.993891688,0.996994556,8,0.142857143,1.535714286,P1 O4,de-protonated,0,-9999,C28 H43 O4 P1,28,43,4,-9999,1,-9999,-9999,-9999
716,473.28242,473.282613054,473.282817115,38030520,-9999,600335.1,72.58,-1,-0.431160495,0.959904642,0.924403365,0.945704131,0,0.555555556,2.333333333,N4 O10,de-protonated,0,-9999,C18 H42 O10 N4,18,42,10,4,-9999,-9999,-9999,-9999
717,474.285734,474.285927594,474.285975245,11914649,-9999,604905.7,21.39,-1,-0.100469679,0.998170105,0.993891688,0.996458738,8,0.142857143,1.535714286,13C1 P1 O4,de-protonated,1,716,C27 H43 O4 P1 13C1,27,43,4,-9999,1,-9999,1,-9999
717,474.285734,474.285927594,474.286111591,11914649,-9999,604905.7,21.39,-1,-0.387945114,0.973061217,0,0.58383673,8,0.222222222,1.518518519,N1 O6,de-protonated,0,-9999,C27 H41 O6 N1,27,41,6,1,-9999,-9999,-9999,-9999
717,474.285734,474.285927594,474.28617195,11914649,-9999,604905.7,21.39,-1,-0.51520762,0.952977926,0.924403365,0.941548102,0,0.555555556,2.333333333,13C1 N4 O10,de-protonated,1,716,C17 H42 O10 N4 13C1,17,42,10,4,-9999,-9999,1,-9999
718,475.210196,475.210390092,475.210110373,7442022.5,-9999,668791.3,12.62,-1,0.588620891,0.93906803,0,0.563440818,18,0.03030303,0.96969697,S1 O1,de-protonated,0,-9999,C33 H32 O1 S1,33,32,1,-9999,-9999,1,-9999,-9999
718,475.210196,475.210390092,475.210243315,7442022.5,-9999,668791.3,12.62,-1,0.308867224,0.982838941,0,0.589703365,5,0.409090909,1.681818182,P1 O9,de-protonated,0,-9999,C22 H37 O9 P1,22,37,9,-9999,1,-9999,-9999,-9999
719,475.24662,475.246814111,475.246628824,7622254.5,-9999,637738.4,12.97,-1,0.389875728,0.972796117,0,0.58367767,4,0.347826087,1.782608696,P1 O8,de-protonated,0,-9999,C23 H41 O8 P1,23,41,8,-9999,1,-9999,-9999,-9999
720,475.298236,475.298430139,475.298270475,11079290,-9999,619825.1,19.75,-1,0.335924365,0.979732592,0,0.587839555,7,0.142857143,1.607142857,P1 O4,de-protonated,0,-9999,C28 H45 O4 P1,28,45,4,-9999,1,-9999,-9999,-9999
721,477.189501,477.189696157,477.189374928,9113622,-9999,614557.9,15.9,-1,0.673168652,0.921065095,0,0.552639057,18,0.0625,0.9375,S1 O2,de-protonated,0,-9999,C32 H30 O2 S1,32,30,2,-9999,-9999,1,-9999,-9999
721,477.189501,477.189696157,477.18950787,9113622,-9999,614557.9,15.9,-1,0.39457531,0.972145604,0,0.583287363,5,0.476190476,1.666666667,P1 O10,de-protonated,0,-9999,C21 H35 O10 P1,21,35,10,-9999,1,-9999,-9999,-9999
722,477.225866,477.226061177,477.225760437,15749150,-9999,585307.1,28.9,-1,0.630182144,0.930476338,0,0.558285803,17,0.03030303,1.03030303,S1 O1,de-protonated,0,-9999,C33 H34 O1 S1,33,34,1,-9999,-9999,1,-9999,-9999
722,477.225866,477.226061177,477.225893379,15749150,-9999,585307.1,28.9,-1,0.351610056,0.977817302,0,0.586690381,4,0.409090909,1.772727273,P1 O9,de-protonated,0,-9999,C22 H39 O9 P1,22,39,9,-9999,1,-9999,-9999,-9999
723,477.262243,477.262438196,477.262278889,11374630,-9999,634356.3,20.33,-1,0.333794774,0.979986167,0,0.5879917,3,0.347826087,1.869565217,P1 O8,de-protonated,0,-9999,C23 H43 O8 P1,23,43,8,-9999,1,-9999,-9999,-9999
724,479.147601,479.147797211,479.147510115,27611574,-9999,611800,52.15,-1,0.599180622,0.94279203600000006,0.997611538,0.964719837,23,0.029411765,0.705882353,S1 O1,de-protonated,0,-9999,C34 H24 O1 S1,34,24,1,-9999,-9999,1,-9999,-9999
724,479.147601,479.147797211,479.147643057,27611574,-9999,611800,52.15,-1,0.32172583,0.984502094,0.927954183,0.96188293,10,0.391304348,1.260869565,P1 O9,de-protonated,0,-9999,C23 H29 O9 P1,23,29,9,-9999,1,-9999,-9999,-9999
725,479.205143,479.205339242,479.205024993,12046786,-9999,601183.3,21.64,-1,0.65577248,0.924936911,0,0.554962147,17,0.0625,1,S1 O2,de-protonated,0,-9999,C32 H32 O2 S1,32,32,2,-9999,-9999,1,-9999,-9999
725,479.205143,479.205339242,479.205157934,12046786,-9999,601183.3,21.64,-1,0.378350973,0.974360149,0,0.584616089,4,0.476190476,1.761904762,P1 O10,de-protonated,0,-9999,C21 H37 O10 P1,21,37,10,-9999,1,-9999,-9999,-9999
726,479.241514,479.241710262,479.241410502,16388553,-9999,597040.7,30.15,-1,0.625487884,0.931472051,0,0.558883231,16,0.03030303,1.090909091,S1 O1,de-protonated,0,-9999,C33 H36 O1 S1,33,36,1,-9999,-9999,1,-9999,-9999
726,479.241514,479.241710262,479.241543444,16388553,-9999,597040.7,30.15,-1,0.348087448,0.978254707,0,0.586952824,3,0.409090909,1.863636364,P1 O9,de-protonated,0,-9999,C22 H41 O9 P1,22,41,9,-9999,1,-9999,-9999,-9999
727,479.277893,479.278089281,479.277928953,9130449,-9999,631713.5,15.93,-1,0.334520303,0.979899951,0,0.58793997,2,0.347826087,1.956521739,P1 O8,de-protonated,0,-9999,C23 H45 O8 P1,23,45,8,-9999,1,-9999,-9999,-9999
728,480.150927,480.151123751,480.15086495,10277511,-9999,623527.8,18.18,-1,0.538999161,0.948650823,0.997611538,0.968235109,23,0.029411765,0.705882353,13C1 S1 O1,de-protonated,1,724,C33 H24 O1 S1 13C1,33,24,1,-9999,-9999,1,1,-9999
728,480.150927,480.151123751,480.150997892,10277511,-9999,623527.8,18.18,-1,0.262124173,0.987610221,0.927954183,0.963747805,10,0.391304348,1.260869565,13C1 P1 O9,de-protonated,1,724,C22 H29 O9 P1 13C1,22,29,9,-9999,1,-9999,1,-9999
728,480.150927,480.151123751,480.151134238,10277511,-9999,623527.8,18.18,-1,-0.021839866,0.999913456,0,0.599948074,10,0.5,1.227272727,N1 O11,de-protonated,0,-9999,C22 H27 O11 N1,22,27,11,1,-9999,-9999,-9999,-9999
729,480.200365,480.200561778,480.200273965,27415184,-9999,605304.1,51.77,-1,0.59936031,0.951857398,0.971745827,0.95981277,17,0.064516129,1,N1 S1 O2,de-protonated,0,-9999,C31 H31 O2 N1 S1,31,31,2,1,-9999,1,-9999,-9999
729,480.200365,480.200561778,480.200406907,27415184,-9999,605304.1,51.77,-1,0.322513794,0.981303576,0,0.588782145,4,0.5,1.8,N1 P1 O10,de-protonated,0,-9999,C20 H36 O10 N1 P1,20,36,10,1,1,-9999,-9999,-9999
730,481.14465,481.144847286,481.144532735,10539859,-9999,601979.9,18.69,-1,0.653755832,0.925380229,0,0.555228137,23,0.121212121,0.666666667,O4,de-protonated,0,-9999,C33 H22 O4,33,22,4,-9999,-9999,-9999,-9999,-9999
730,481.14465,481.144847286,481.144883608,10539859,-9999,601979.9,18.69,-1,-0.075490516,0.998966491,0,0.599379895,0,0.6,2.333333333,N2 S2 P1 O9,de-protonated,0,-9999,C15 H35 O9 N2 P1 S2,15,35,9,2,1,2,-9999,-9999
731,481.163256,481.163453296,481.16316018,584012608,-9999,585755.9,1142.71,-1,0.609183067,0.559061044,0.902495902,0.696434987,22,0.029411765,0.764705882,S1 O1,de-protonated,0,-9999,C34 H26 O1 S1,34,26,1,-9999,-9999,1,-9999,-9999
731,481.163256,481.163453296,481.163293121,584012608,-9999,585755.9,1142.71,-1,0.332890563,0.733643128,0.981240488,0.832682072,9,0.391304348,1.347826087,P1 O9,de-protonated,0,-9999,C23 H31 O9 P1,23,31,9,-9999,1,-9999,-9999,-9999
732,481.184294,481.184491307,481.184289548,7918427,-9999,620700.6,13.55,-1,0.419298216,0.968602785,0,0.581161671,17,0.096774194,0.967741935,S1 O3,de-protonated,0,-9999,C31 H30 O3 S1,31,30,3,-9999,-9999,1,-9999,-9999
732,481.184294,481.184491307,481.184422489,7918427,-9999,620700.6,13.55,-1,0.143017897,0.996295506,0,0.597777303,4,0.55,1.75,P1 O11,de-protonated,0,-9999,C20 H35 O11 P1,20,35,11,-9999,1,-9999,-9999,-9999
733,481.203639,481.203836318,481.2036288,7861087,-9999,608849.2,13.44,-1,0.431247719,0.966818161,0.971745827,0.968789227,17,0.064516129,1,13C1 N1 S1 O2,de-protonated,1,729,C30 H31 O2 N1 S1 13C1,30,31,2,1,-9999,1,1,-9999
733,481.203639,481.203836318,481.203898087,7861087,-9999,608849.2,13.44,-1,-0.128364261,0.997014665,0,0.598208799,4,0.631578947,1.789473684,N2 O12,de-protonated,0,-9999,C19 H34 O12 N2,19,34,12,2,-9999,-9999,-9999,-9999
733,481.203639,481.203836318,481.203385023,7861087,-9999,608849.2,13.44,-1,0.937846411,0.852489607,0,0.511493764,22,0.03125,0.8125,N4 O1,de-protonated,0,-9999,C32 H26 O1 N4,32,26,1,4,-9999,-9999,-9999,-9999
734,481.220771,481.220968327,481.220675057,16438114,-9999,605487.7,30.25,-1,0.609429342,0.934829808,0,0.560897885,16,0.0625,1.0625,S1 O2,de-protonated,0,-9999,C32 H34 O2 S1,32,34,2,-9999,-9999,1,-9999,-9999
734,481.220771,481.220968327,481.220807999,16438114,-9999,605487.7,30.25,-1,0.33316986,0.980060284,0,0.58803617,3,0.476190476,1.857142857,P1 O10,de-protonated,0,-9999,C21 H39 O10 P1,21,39,10,-9999,1,-9999,-9999,-9999
735,481.257158,481.257355347,481.257060566,8393578,-9999,605332.3,14.48,-1,0.612521374,0.934189136,0,0.560513482,15,0.03030303,1.151515152,S1 O1,de-protonated,0,-9999,C33 H38 O1 S1,33,38,1,-9999,-9999,1,-9999,-9999
735,481.257158,481.257355347,481.257193508,8393578,-9999,605332.3,14.48,-1,0.336282778,0.979689763,0,0.587813858,2,0.409090909,1.954545455,P1 O9,de-protonated,0,-9999,C22 H43 O9 P1,22,43,9,-9999,1,-9999,-9999,-9999
736,482.166613,482.166810836,482.166515015,158290976,-9999,590546.6,308.28,-1,0.61352555,0.558880994,0.902495902,0.696326957,22,0.029411765,0.764705882,13C1 S1 O1,de-protonated,1,731,C33 H26 O1 S1 13C1,33,26,1,-9999,-9999,1,1,-9999
736,482.166613,482.166810836,482.166647956,158290976,-9999,590546.6,308.28,-1,0.33780799,0.73349654,0.981240488,0.832594119,9,0.391304348,1.347826087,13C1 P1 O9,de-protonated,1,731,C22 H31 O9 P1 13C1,22,31,9,-9999,1,-9999,1,-9999
736,482.166613,482.166810836,482.166784302,158290976,-9999,590546.6,308.28,-1,0.055031013,0.998965336,0.917562654,0.966404263,9,0.5,1.318181818,N1 O11,de-protonated,0,-9999,C22 H29 O11 N1,22,29,11,1,-9999,-9999,-9999,-9999
736,482.166613,482.166810836,482.167273559,158290976,-9999,590546.6,308.28,-1,-0.959673642,0.282035672,0.760378351,0.473372744,13,0.12,1.2,N3 S1 P1 O3,de-protonated,0,-9999,C25 H30 O3 N3 P1 S1,25,30,3,3,1,1,-9999,-9999
737,482.179669,482.179866843,482.17953852,7492645,-9999,583003.5,12.72,-1,0.68091507,0.919313727,0,0.551588236,17,0.1,0.966666667,N1 S1 O3,de-protonated,0,-9999,C30 H29 O3 N1 S1,30,29,3,1,-9999,1,-9999,-9999
737,482.179669,482.179866843,482.179671462,7492645,-9999,583003.5,12.72,-1,0.405204939,0.970647166,0,0.582388299,4,0.578947368,1.789473684,N1 P1 O11,de-protonated,0,-9999,C19 H34 O11 N1 P1,19,34,11,1,1,-9999,-9999,-9999
738,482.197427,482.197624853,482.197296585,8459305,-9999,684512.9,14.61,-1,0.680775557,0.919345416,0,0.55160725,17,0.166666667,0.966666667,N1 O5,de-protonated,0,-9999,C30 H29 O5 N1,30,29,5,1,-9999,-9999,-9999,-9999
739,483.160307,483.160505371,483.160182799,196302064,-9999,579652.5,382.79,-1,0.667628673,0.91098699,0.94282945,0.923723974,22,0.121212121,0.727272727,O4,de-protonated,0,-9999,C33 H24 O4,33,24,4,-9999,-9999,-9999,-9999,-9999
740,483.161248,483.161446372,483.161185121,15946986,-9999,1223535.8,29.29,-1,0.540710856,0.948332755,0,0.568999653,8,0.304347826,1.434782609,S1 P1 O7,de-protonated,0,-9999,C23 H33 O7 P1 S1,23,33,7,-9999,1,1,-9999,-9999
741,483.169985,483.170183376,483.16986985,19518700,-9999,587233.6,36.29,-1,0.648894997,0.557373708,0.902495902,0.695422585,22,0.029411765,0.764705882,13C2 S1 O1,de-protonated,1,731,C32 H26 O1 S1 13C2,32,26,1,-9999,-9999,1,2,-9999
741,483.169985,483.170183376,483.170002791,19518700,-9999,587233.6,36.29,-1,0.373749985,0.732362818,0.981240488,0.831913886,9,0.391304348,1.347826087,13C2 P1 O9,de-protonated,1,731,C21 H31 O9 P1 13C2,21,31,9,-9999,1,-9999,2,-9999
741,483.169985,483.170183376,483.170139137,19518700,-9999,587233.6,36.29,-1,0.091560214,0.998480023,0.917562654,0.966113075,9,0.5,1.318181818,13C1 N1 O11,de-protonated,1,736,C21 H29 O11 N1 13C1,21,29,11,1,-9999,-9999,1,-9999
741,483.169985,483.170183376,483.169916587,19518700,-9999,587233.6,36.29,-1,0.552164678,0.946181249,0,0.567708749,12,0.038461538,1.269230769,N2 S2 P1 O1,de-protonated,0,-9999,C26 H33 O1 N2 P1 S2,26,33,1,2,1,2,-9999,-9999
742,483.25973,483.259928425,483.259956413,8312061.5,-9999,582339.2,14.32,-1,-0.057915868,0.999391561,0,0.599634937,6,0.36,1.6,O9,de-protonated,0,-9999,C25 H40 O9,25,40,9,-9999,-9999,-9999,-9999,-9999
742,483.25973,483.259928425,483.259794222,8312061.5,-9999,582339.2,14.32,-1,0.277703446,0.986104271,0,0.591662563,1,0.15,2.25,N4 S2 P1 O3,de-protonated,0,-9999,C20 H45 O3 N4 P1 S2,20,45,3,4,1,2,-9999,-9999
743,484.163671,484.163869911,484.163537635,53826992,-9999,580901.8,103.53,-1,0.686290058,0.909580782,0.94282945,0.922880249,22,0.121212121,0.727272727,13C1 O4,de-protonated,1,739,C32 H24 O4 13C1,32,24,4,-9999,-9999,-9999,1,-9999
743,484.163671,484.163869911,484.164296179,53826992,-9999,580901.8,103.53,-1,-0.880420306,0.883144699,0.915763532,0.896192232,13,0.25,1.166666667,N3 P1 O6,de-protonated,0,-9999,C24 H28 O6 N3 P1,24,28,6,3,1,-9999,-9999,-9999
744,485.167077,485.167276451,485.167590655,7468661.5,-9999,612511.5,12.67,-1,-0.647619834,0.926721994,0,0.556033197,21,0.060606061,0.818181818,P1 O2,de-protonated,0,-9999,C33 H27 O2 P1,33,27,2,-9999,1,-9999,-9999,-9999
744,485.167077,485.167276451,485.16689247,7468661.5,-9999,612511.5,12.67,-1,0.791442453,0.901072847,0.94282945,0.917775488,22,0.121212121,0.727272727,13C2 O4,de-protonated,1,739,C31 H24 O4 13C2,31,24,4,-9999,-9999,-9999,2,-9999
744,485.167077,485.167276451,485.167319329,7468661.5,-9999,612511.5,12.67,-1,-0.088377747,0.998583776,0,0.599150266,7,0.304347826,1.47826087,S2 O7,de-protonated,0,-9999,C23 H34 O7 S2,23,34,7,-9999,-9999,2,-9999,-9999
744,485.167077,485.167276451,485.166939207,7468661.5,-9999,612511.5,12.67,-1,0.695110277,0.916061234,0,0.54963674,12,0.16,1.24,N2 S1 P1 O4,de-protonated,0,-9999,C25 H31 O4 N2 P1 S1,25,31,4,2,1,1,-9999,-9999
744,485.167077,485.167276451,485.167651014,7468661.5,-9999,612511.5,12.67,-1,-0.772028028,0.897494429,0.915763532,0.90480207,13,0.25,1.166666667,13C1 N3 P1 O6,de-protonated,1,743,C23 H28 O6 N3 P1 13C1,23,28,6,3,1,-9999,1,-9999
745,485.238965,485.23916449,485.239220968,11261572,-9999,543398.7,20.1,-1,-0.116392339,0.997544901,0,0.598526941,6,0.416666667,1.583333333,O10,de-protonated,0,-9999,C24 H38 O10,24,38,10,-9999,-9999,-9999,-9999,-9999
745,485.238965,485.23916449,485.239058777,11261572,-9999,543398.7,20.1,-1,0.217857982,0.991425041,0,0.594855024,1,0.210526316,2.263157895,N4 S2 P1 O4,de-protonated,0,-9999,C19 H43 O4 N4 P1 S2,19,43,4,4,1,2,-9999,-9999
746,485.275381,485.27558051,485.275606477,11818635,-9999,587303.5,21.19,-1,-0.053511603,0.999480558,0,0.599688335,5,0.36,1.68,O9,de-protonated,0,-9999,C25 H42 O9,25,42,9,-9999,-9999,-9999,-9999,-9999
746,485.275381,485.27558051,485.275444286,11818635,-9999,587303.5,21.19,-1,0.280713677,0.985803547,0,0.591482128,0,0.15,2.35,N4 S2 P1 O3,de-protonated,0,-9999,C20 H47 O3 N4 P1 S2,20,47,3,4,1,2,-9999,-9999
747,487.218271,487.218471555,487.218485523,8755202,-9999,612032.2,15.19,-1,-0.028668448,0.999850882,0,0.599910529,6,0.47826087,1.565217391,O11,de-protonated,0,-9999,C23 H36 O11,23,36,11,-9999,-9999,-9999,-9999,-9999
747,487.218271,487.218471555,487.218323332,8755202,-9999,612032.2,15.19,-1,0.304224051,0.983346736,0,0.590008042,1,0.277777778,2.277777778,N4 S2 P1 O5,de-protonated,0,-9999,C18 H41 O5 N4 P1 S2,18,41,5,4,1,2,-9999,-9999
748,487.254656,487.254856575,487.254871033,10180617,-9999,619532.9,17.98,-1,-0.029671458,0.999840266,0,0.59990416,5,0.416666667,1.666666667,O10,de-protonated,0,-9999,C24 H40 O10,24,40,10,-9999,-9999,-9999,-9999,-9999
748,487.254656,487.254856575,487.254708841,10180617,-9999,619532.9,17.98,-1,0.303196183,0.983458143,0,0.590074886,0,0.210526316,2.368421053,N4 S2 P1 O4,de-protonated,0,-9999,C19 H45 O4 N4 P1 S2,19,45,4,4,1,2,-9999,-9999
749,487.290991,487.291191595,487.291256542,9476112,-9999,637736.7,16.6,-1,-0.133282411,0.996781898,0,0.598069139,4,0.36,1.76,O9,de-protonated,0,-9999,C25 H44 O9,25,44,9,-9999,-9999,-9999,-9999,-9999
750,489.140005,489.14020659,489.140235201,9656686,-9999,587980.1,16.8,-1,-0.058492527,0.999379389,0,0.599627633,12,0.458333333,1.083333333,O11,de-protonated,0,-9999,C24 H26 O11,24,26,11,-9999,-9999,-9999,-9999,-9999
750,489.140005,489.14020659,489.14007301,9656686,-9999,587980.1,16.8,-1,0.273092084,0.986558837,0,0.591935302,7,0.263157895,1.631578947,N4 S2 P1 O5,de-protonated,0,-9999,C19 H31 O5 N4 P1 S2,19,31,5,4,1,2,-9999,-9999
751,489.225862,489.226063636,489.225760437,11966847,-9999,622919.9,21.28,-1,0.619751968,0.932680034,0,0.559608021,18,0.029411765,1,S1 O1,de-protonated,0,-9999,C34 H34 O1 S1,34,34,1,-9999,-9999,1,-9999,-9999
751,489.225862,489.226063636,489.225893379,11966847,-9999,622919.9,21.28,-1,0.34801285,0.978263924,0,0.586958354,5,0.391304348,1.695652174,P1 O9,de-protonated,0,-9999,C23 H39 O9 P1,23,39,9,-9999,1,-9999,-9999,-9999
752,489.233963,489.23416464,489.234135588,7231872,-9999,590838.3,12.09,-1,0.059384181,0.999360329,0,0.599616198,5,0.47826087,1.652173913,O11,de-protonated,0,-9999,C23 H38 O11,23,38,11,-9999,-9999,-9999,-9999,-9999
752,489.233963,489.23416464,489.234624845,7231872,-9999,590838.3,12.09,-1,-0.940662329,0.851671768,0,0.511003061,9,0.115384615,1.5,N2 S1 P1 O3,de-protonated,0,-9999,C26 H39 O3 N2 P1 S1,26,39,3,2,1,1,-9999,-9999
752,489.233963,489.23416464,489.233973396,7231872,-9999,590838.3,12.09,-1,0.390905188,0.972654249,0,0.58359255,0,0.277777778,2.388888889,N4 S2 P1 O5,de-protonated,0,-9999,C18 H43 O5 N4 P1 S2,18,43,5,4,1,2,-9999,-9999
753,489.262235,489.262436656,489.262278889,10525061,-9999,631343.1,18.48,-1,0.322459208,0.981309845,0,0.588785907,4,0.333333333,1.791666667,P1 O8,de-protonated,0,-9999,C24 H43 O8 P1,24,43,8,-9999,1,-9999,-9999,-9999
754,490.229176,490.229378176,490.22938456,8477242,-9999,642569.4,14.51,-1,-0.013021901,0.999969232,0,0.599981539,5,0.5,1.681818182,N1 O11,de-protonated,0,-9999,C22 H37 O11 N1,22,37,11,1,-9999,-9999,-9999,-9999
755,491.205116,491.205318702,491.205024993,13261552,-9999,620522.3,23.8,-1,0.597935515,0.937186682,0,0.562312009,18,0.060606061,0.96969697,S1 O2,de-protonated,0,-9999,C33 H32 O2 S1,33,32,2,-9999,-9999,1,-9999,-9999
755,491.205116,491.205318702,491.205157934,13261552,-9999,620522.3,23.8,-1,0.327291351,0.980750959,0,0.588450576,5,0.454545455,1.681818182,P1 O10,de-protonated,0,-9999,C22 H37 O10 P1,22,37,10,-9999,1,-9999,-9999,-9999
756,491.241486,491.241688721,491.241410502,16112374,-9999,596052.3,29.33,-1,0.566359333,0.943459344,0,0.566075606,17,0.029411765,1.058823529,S1 O1,de-protonated,0,-9999,C34 H36 O1 S1,34,36,1,-9999,-9999,1,-9999,-9999
756,491.241486,491.241688721,491.241543444,16112374,-9999,596052.3,29.33,-1,0.295735223,0.984255876,0,0.590553526,4,0.391304348,1.782608696,P1 O9,de-protonated,0,-9999,C23 H41 O9 P1,23,41,9,-9999,1,-9999,-9999,-9999
757,491.277855,491.278057741,491.277928953,11819773,-9999,604475.5,21,-1,0.26214826,0.987607958,0,0.592564775,3,0.333333333,1.875,P1 O8,de-protonated,0,-9999,C24 H45 O8 P1,24,45,8,-9999,1,-9999,-9999,-9999
758,492.244843,492.245046261,492.245034624,8199087.5,-9999,538176,13.97,-1,0.023640328,0.9998986,0,0.59993916,4,0.5,1.772727273,N1 O11,de-protonated,0,-9999,C22 H39 O11 N1,22,39,11,1,-9999,-9999,-9999,-9999
758,492.244843,492.245046261,492.245523882,8199087.5,-9999,538176,13.97,-1,-0.9702892,0.842967491,0,0.505780494,8,0.12,1.6,N3 S1 P1 O3,de-protonated,0,-9999,C25 H40 O3 N3 P1 S1,25,40,3,3,1,1,-9999,-9999
759,493.126879,493.127082736,493.12677467,7830609,-9999,608431.7,13.25,-1,0.62471906,0.93163452,0,0.558980712,24,0.058823529,0.647058824,S1 O2,de-protonated,0,-9999,C34 H22 O2 S1,34,22,2,-9999,-9999,1,-9999,-9999
759,493.126879,493.127082736,493.126907612,7830609,-9999,608431.7,13.25,-1,0.355129607,0.977376077,0,0.586425646,11,0.434782609,1.173913043,P1 O10,de-protonated,0,-9999,C23 H27 O10 P1,23,27,10,-9999,1,-9999,-9999,-9999
760,493.184355,493.184558767,493.184289548,9854043,-9999,620482.4,17.18,-1,0.545879562,0.947366835,0,0.568420101,18,0.09375,0.9375,S1 O3,de-protonated,0,-9999,C32 H30 O3 S1,32,30,3,-9999,-9999,1,-9999,-9999
760,493.184355,493.184558767,493.184422489,9854043,-9999,620482.4,17.18,-1,0.27632157,0.986241266,0,0.59174476,5,0.523809524,1.666666667,P1 O11,de-protonated,0,-9999,C21 H35 O11 P1,21,35,11,-9999,1,-9999,-9999,-9999
761,493.220755,493.220958787,493.220675057,17947746,-9999,590342.5,32.89,-1,0.575258666,0.470860862,0.736963647,0.577301976,17,0.060606061,1.03030303,S1 O2,de-protonated,0,-9999,C33 H34 O2 S1,33,34,2,-9999,-9999,1,-9999,-9999
761,493.220755,493.220958787,493.220807999,17947746,-9999,590342.5,32.89,-1,0.305720552,0.983183885,0,0.589910331,4,0.454545455,1.772727273,P1 O10,de-protonated,0,-9999,C22 H39 O10 P1,22,39,10,-9999,1,-9999,-9999,-9999
762,493.257136,493.257339806,493.257060566,26598504,-9999,580212.6,49.69,-1,0.566113946,0.948188684,0.968561487,0.956337805,16,0.029411765,1.117647059,S1 O1,de-protonated,0,-9999,C34 H38 O1 S1,34,38,1,-9999,-9999,1,-9999,-9999
762,493.257136,493.257339806,493.257193508,26598504,-9999,580212.6,49.69,-1,0.296595717,0.986585064,0.961781158,0.976663502,3,0.391304348,1.869565217,P1 O9,de-protonated,0,-9999,C23 H43 O9 P1,23,43,9,-9999,1,-9999,-9999,-9999
763,493.293492,493.293695826,493.293579017,7912559.5,-9999,591032.7,13.41,-1,0.236792442,0.989877632,0,0.593926579,2,0.333333333,1.958333333,P1 O8,de-protonated,0,-9999,C24 H47 O8 P1,24,47,8,-9999,1,-9999,-9999,-9999
764,494.216014,494.216218322,494.215924029,13671703,-9999,619029.6,24.59,-1,0.595474551,0.937686246,0,0.562611747,17,0.0625,1.03125,N1 S1 O2,de-protonated,0,-9999,C32 H33 O2 N1 S1,32,33,2,1,-9999,1,-9999,-9999
764,494.216014,494.216218322,494.216056971,13671703,-9999,619029.6,24.59,-1,0.326479225,0.980845448,0,0.588507269,4,0.476190476,1.80952381,N1 P1 O10,de-protonated,0,-9999,C21 H38 O10 N1 P1,21,38,10,1,1,-9999,-9999,-9999
765,494.260466,494.260670346,494.260415401,8281375.5,-9999,650727.1,14.12,-1,0.515810503,0.95287045,0.968561487,0.959146865,16,0.029411765,1.117647059,13C1 S1 O1,de-protonated,1,762,C33 H38 O1 S1 13C1,33,38,1,-9999,-9999,1,1,-9999
765,494.260466,494.260670346,494.260548343,8281375.5,-9999,650727.1,14.12,-1,0.246839412,0.989005275,0.961781158,0.978115629,3,0.391304348,1.869565217,13C1 P1 O9,de-protonated,1,762,C22 H43 O9 P1 13C1,22,43,9,-9999,1,-9999,1,-9999
765,494.260466,494.260670346,494.260684689,8281375.5,-9999,650727.1,14.12,-1,-0.029018364,0.99984722,0,0.599908332,3,0.5,1.863636364,N1 O11,de-protonated,0,-9999,C22 H41 O11 N1,22,41,11,1,-9999,-9999,-9999,-9999
767,495.142503,495.142707821,495.142424735,48979392,-9999,576862.2,93.14,-1,0.571726862,0.947304343,0.933081402,0.941615166,23,0.058823529,0.705882353,S1 O2,de-protonated,0,-9999,C34 H24 O2 S1,34,24,2,-9999,-9999,1,-9999,-9999
767,495.142503,495.142707821,495.142557676,48979392,-9999,576862.2,93.14,-1,0.303234881,0.98601500500000006,0.997261243,0.990513501,10,0.434782609,1.260869565,P1 O10,de-protonated,0,-9999,C23 H29 O10 P1,23,29,10,-9999,1,-9999,-9999,-9999
768,495.199987,495.200191852,495.199939612,9182665,-9999,589603.8,15.87,-1,0.509369525,0.954012802,0,0.572407681,17,0.09375,1,S1 O3,de-protonated,0,-9999,C32 H32 O3 S1,32,32,3,-9999,-9999,1,-9999,-9999
768,495.199987,495.200191852,495.200072554,9182665,-9999,589603.8,15.87,-1,0.240908745,0.989524512,0,0.593714707,4,0.523809524,1.761904762,P1 O11,de-protonated,0,-9999,C21 H37 O11 P1,21,37,11,-9999,1,-9999,-9999,-9999
769,495.236397,495.236601872,495.236325121,18505168,-9999,607053.2,33.97,-1,0.558824127,0.472455945,0.736963647,0.578259026,16,0.060606061,1.090909091,S1 O2,de-protonated,0,-9999,C33 H36 O2 S1,33,36,2,-9999,-9999,1,-9999,-9999
769,495.236397,495.236601872,495.236458063,18505168,-9999,607053.2,33.97,-1,0.290383058,0.984816279,0,0.590889767,3,0.454545455,1.863636364,P1 O10,de-protonated,0,-9999,C22 H41 O10 P1,22,41,10,-9999,1,-9999,-9999,-9999
770,495.254206,495.254410881,495.254083186,8469971,-9999,567170.5,14.49,-1,0.66167017,0.923633824,0,0.554180294,16,0.121212121,1.090909091,O4,de-protonated,0,-9999,C33 H36 O4,33,36,4,-9999,-9999,-9999,-9999,-9999
771,495.272824,495.273028891,495.272710631,7888342.5,-9999,657242.4,13.36,-1,0.642596005,0.92781257,0,0.556687542,15,0.029411765,1.176470588,S1 O1,de-protonated,0,-9999,C34 H40 O1 S1,34,40,1,-9999,-9999,1,-9999,-9999
771,495.272824,495.273028891,495.272843573,7888342.5,-9999,657242.4,13.36,-1,0.374174635,0.974915943,0,0.584949566,2,0.391304348,1.956521739,P1 O9,de-protonated,0,-9999,C23 H45 O9 P1,23,45,9,-9999,1,-9999,-9999,-9999
772,496.145832,496.146037361,496.14577957,12394100,-9999,561560.2,22.11,-1,0.519587684,0.952194509,0.933081402,0.944549266,23,0.058823529,0.705882353,13C1 S1 O2,de-protonated,1,767,C33 H24 O2 S1 13C1,33,24,2,-9999,-9999,1,1,-9999
772,496.145832,496.146037361,496.145912512,12394100,-9999,561560.2,22.11,-1,0.251638688,0.988576055,0.997261243,0.992050131,10,0.434782609,1.260869565,13C1 P1 O10,de-protonated,1,767,C22 H29 O10 P1 13C1,22,29,10,-9999,1,-9999,1,-9999
772,496.145832,496.146037361,496.146048857,12394100,-9999,561560.2,22.11,-1,-0.023170825,0.999902587,0,0.599941552,10,0.545454545,1.227272727,N1 O12,de-protonated,0,-9999,C22 H27 O12 N1,22,27,12,1,-9999,-9999,-9999,-9999
773,496.19522,496.195425388,496.195188584,7282301,-9999,570651.3,12.18,-1,0.477238166,0.959516204,0,0.575709723,17,0.096774194,1,N1 S1 O3,de-protonated,0,-9999,C31 H31 O3 N1 S1,31,31,3,1,-9999,1,-9999,-9999
773,496.19522,496.195425388,496.195321526,7282301,-9999,570651.3,12.18,-1,0.209315862,0.992081681,0,0.595249009,4,0.55,1.8,N1 P1 O11,de-protonated,0,-9999,C20 H36 O11 N1 P1,20,36,11,1,1,-9999,-9999,-9999
774,497.139542,497.139747896,497.139447355,16211750,-9999,596159.9,29.52,-1,0.604541366,0.935836873,0,0.561502124,23,0.151515152,0.666666667,O5,de-protonated,0,-9999,C33 H22 O5,33,22,5,-9999,-9999,-9999,-9999,-9999
774,497.139542,497.139747896,497.139798228,16211750,-9999,596159.9,29.52,-1,-0.101242266,0.99814188,0,0.598885128,0,0.666666667,2.333333333,N2 S2 P1 O10,de-protonated,0,-9999,C15 H35 O10 N2 P1 S2,15,35,10,2,1,2,-9999,-9999
775,497.158156,497.158361906,497.158074799,60645160,-9999,571390.8,115.79,-1,0.577495941,0.940258372,0.940386299,0.940309543,22,0.058823529,0.764705882,S1 O2,de-protonated,0,-9999,C34 H26 O2 S1,34,26,2,-9999,-9999,1,-9999,-9999
775,497.158156,497.158361906,497.158207741,60645160,-9999,571390.8,115.79,-1,0.310092517,0.982094938,0.989956346,0.985239501,9,0.434782609,1.347826087,P1 O10,de-protonated,0,-9999,C23 H31 O10 P1,23,31,10,-9999,1,-9999,-9999,-9999
776,497.238984,497.239189949,497.239220968,7847736,-9999,538930.9,13.28,-1,-0.062381726,0.999294145,0,0.599576487,7,0.4,1.52,O10,de-protonated,0,-9999,C25 H38 O10,25,38,10,-9999,-9999,-9999,-9999,-9999
776,497.238984,497.239189949,497.239058777,7847736,-9999,538930.9,13.28,-1,0.263802062,0.987452098,0,0.592471259,2,0.2,2.15,N4 S2 P1 O4,de-protonated,0,-9999,C20 H43 O4 N4 P1 S2,20,43,4,4,1,2,-9999,-9999
777,497.252005,497.252210956,497.251975186,9346875,-9999,633838,16.19,-1,0.474146992,0.96002836,0,0.576017016,15,0.060606061,1.151515152,S1 O2,de-protonated,0,-9999,C33 H38 O2 S1,33,38,2,-9999,-9999,1,-9999,-9999
777,497.252005,497.252210956,497.252108128,9346875,-9999,633838,16.19,-1,0.206794092,0.992270592,0,0.595362355,2,0.454545455,1.954545455,P1 O10,de-protonated,0,-9999,C22 H43 O10 P1,22,43,10,-9999,1,-9999,-9999,-9999
778,497.275337,497.275542969,497.275606477,7774014.5,-9999,609617.7,13.14,-1,-0.127712725,0.997044849,0,0.598226909,6,0.346153846,1.615384615,O9,de-protonated,0,-9999,C26 H42 O9,26,42,9,-9999,-9999,-9999,-9999,-9999
778,497.275337,497.275542969,497.275444286,7774014.5,-9999,609617.7,13.14,-1,0.198447176,0.992879788,0,0.595727873,1,0.142857143,2.238095238,N4 S2 P1 O3,de-protonated,0,-9999,C21 H47 O3 N4 P1 S2,21,47,3,4,1,2,-9999,-9999
779,498.161516,498.161722446,498.161429634,16048093,-9999,592995.4,29.2,-1,0.587784965,0.939235608,0.940386299,0.939695884,22,0.058823529,0.764705882,13C1 S1 O2,de-protonated,1,775,C33 H26 O2 S1 13C1,33,26,2,-9999,-9999,1,1,-9999
779,498.161516,498.161722446,498.161562576,16048093,-9999,592995.4,29.2,-1,0.32092012,0.981486176,0.989956346,0.984874244,9,0.434782609,1.347826087,13C1 P1 O10,de-protonated,1,775,C22 H31 O10 P1 13C1,22,31,10,-9999,1,-9999,1,-9999
779,498.161516,498.161722446,498.161698922,16048093,-9999,592995.4,29.2,-1,0.047222515,0.999595457,0,0.599757274,9,0.545454545,1.318181818,N1 O12,de-protonated,0,-9999,C22 H29 O12 N1,22,29,12,1,-9999,-9999,-9999,-9999
779,498.161516,498.161722446,498.162188179,16048093,-9999,592995.4,29.2,-1,-0.934902151,0.853342935,0,0.512005761,13,0.16,1.2,N3 S1 P1 O4,de-protonated,0,-9999,C25 H30 O4 N3 P1 S1,25,30,4,3,1,1,-9999,-9999
780,499.155233,499.155439981,499.155097419,17391758,-9999,590336.5,31.81,-1,0.686283538,0.459045104,0.736963647,0.570212521,22,0.151515152,0.727272727,O5,de-protonated,0,-9999,C33 H24 O5,33,24,5,-9999,-9999,-9999,-9999,-9999
781,499.254634,499.254841034,499.254871033,10985632,-9999,564097.7,19.37,-1,-0.060085738,0.999345131,0,0.599607079,6,0.4,1.6,O10,de-protonated,0,-9999,C25 H40 O10,25,40,10,-9999,-9999,-9999,-9999,-9999
781,499.254634,499.254841034,499.254708841,10985632,-9999,564097.7,19.37,-1,0.264781144,0.987359377,0,0.592415626,1,0.2,2.25,N4 S2 P1 O4,de-protonated,0,-9999,C20 H45 O4 N4 P1 S2,20,45,4,4,1,2,-9999,-9999
782,499.290993,499.291200054,499.291256542,9363623,-9999,560530.7,16.22,-1,-0.11313612,0.997680191,0,0.598608115,5,0.346153846,1.692307692,O9,de-protonated,0,-9999,C26 H44 O9,26,44,9,-9999,-9999,-9999,-9999,-9999
782,499.290993,499.291200054,499.291094351,9363623,-9999,560530.7,16.22,-1,0.211707069,0.99190047,0,0.595140282,0,0.142857143,2.333333333,N4 S2 P1 O3,de-protonated,0,-9999,C21 H49 O3 N4 P1 S2,21,49,3,4,1,2,-9999,-9999
783,499.327506,499.327713074,499.327642051,8741037,-9999,620544.4,15.02,-1,0.142236125,0.99633582,0,0.597801492,4,0.296296296,1.777777778,O8,de-protonated,0,-9999,C27 H48 O8,27,48,8,-9999,-9999,-9999,-9999,-9999
784,501.233921,501.2341291,501.234135588,8151552,-9999,625432,13.87,-1,-0.012943606,0.999969601,0,0.599981761,6,0.458333333,1.583333333,O11,de-protonated,0,-9999,C24 H38 O11,24,38,11,-9999,-9999,-9999,-9999,-9999
784,501.233921,501.2341291,501.234624845,8151552,-9999,625432,13.87,-1,-0.989048048,0.837364336,0,0.502418601,10,0.111111111,1.444444444,N2 S1 P1 O3,de-protonated,0,-9999,C27 H39 O3 N2 P1 S1,27,39,3,2,1,1,-9999,-9999
784,501.233921,501.2341291,501.233973396,8151552,-9999,625432,13.87,-1,0.310640461,0.982643054,0,0.589585832,1,0.263157895,2.263157895,N4 S2 P1 O5,de-protonated,0,-9999,C19 H43 O5 N4 P1 S2,19,43,5,4,1,2,-9999,-9999
785,501.270236,501.270444119,501.270521097,10854918,-9999,551393.5,19.12,-1,-0.153564944,0.995730184,0,0.59743811,5,0.4,1.68,O10,de-protonated,0,-9999,C25 H42 O10,25,42,10,-9999,-9999,-9999,-9999,-9999
785,501.270236,501.270444119,501.270358906,10854918,-9999,551393.5,19.12,-1,0.16999559,0.994770129,0,0.596862077,0,0.2,2.35,N4 S2 P1 O4,de-protonated,0,-9999,C20 H47 O4 N4 P1 S2,20,47,4,4,1,2,-9999,-9999
786,501.306701,501.306909139,501.306906606,8593933,-9999,592963.5,14.73,-1,0.005052193,0.999995369,0,0.599997221,4,0.346153846,1.769230769,O9,de-protonated,0,-9999,C26 H46 O9,26,46,9,-9999,-9999,-9999,-9999,-9999
786,501.306701,501.306909139,501.307395864,8593933,-9999,592963.5,14.73,-1,-0.970910572,0.842783015,0,0.505669809,8,0.034482759,1.620689655,N2 S1 P1 O1,de-protonated,0,-9999,C29 H47 O1 N2 P1 S1,29,47,1,2,1,1,-9999,-9999
787,502.229167,502.229375636,502.22938456,8290992.5,-9999,553964.5,14.14,-1,-0.017769264,0.99994271,0,0.599965626,6,0.47826087,1.608695652,N1 O11,de-protonated,0,-9999,C23 H37 O11 N1,23,37,11,1,-9999,-9999,-9999,-9999
787,502.229167,502.229375636,502.229873817,8290992.5,-9999,553964.5,14.14,-1,-0.991939394,0.836494526,0,0.501896715,10,0.115384615,1.461538462,N3 S1 P1 O3,de-protonated,0,-9999,C26 H38 O3 N3 P1 S1,26,38,3,3,1,1,-9999,-9999
788,503.241441,503.241650181,503.241410502,8061796,-9999,575998.3,13.69,-1,0.476269649,0.959677,0,0.5758062,18,0.028571429,1.028571429,S1 O1,de-protonated,0,-9999,C35 H36 O1 S1,35,36,1,-9999,-9999,1,-9999,-9999
788,503.241441,503.241650181,503.241543444,8061796,-9999,575998.3,13.69,-1,0.212098706,0.991870598,0,0.595122359,5,0.375,1.708333333,P1 O9,de-protonated,0,-9999,C24 H41 O9 P1,24,41,9,-9999,1,-9999,-9999,-9999
789,503.249555,503.249764185,503.249785652,7881573.5,-9999,580246.8,13.34,-1,-0.042657231,0.999669883,0,0.59980193,5,0.458333333,1.666666667,O11,de-protonated,0,-9999,C24 H40 O11,24,40,11,-9999,-9999,-9999,-9999,-9999
789,503.249555,503.249764185,503.249623461,7881573.5,-9999,580246.8,13.34,-1,0.279630786,0.985912091,0,0.591547255,0,0.263157895,2.368421053,N4 S2 P1 O5,de-protonated,0,-9999,C19 H45 O5 N4 P1 S2,19,45,5,4,1,2,-9999,-9999
790,503.27789,503.2780992,503.277928953,7873386.5,-9999,626659.8,13.33,-1,0.338276607,0.979450708,0,0.587670425,4,0.32,1.8,P1 O8,de-protonated,0,-9999,C25 H45 O8 P1,25,45,8,-9999,1,-9999,-9999,-9999
791,505.134906,505.1351162,505.13514982,10233012,-9999,589668.2,17.91,-1,-0.066557885,0.999196514,0,0.599517908,12,0.5,1.083333333,O12,de-protonated,0,-9999,C24 H26 O12,24,26,12,-9999,-9999,-9999,-9999,-9999
791,505.134906,505.1351162,505.134636756,10233012,-9999,589668.2,17.91,-1,0.949140067,0.849199524,0,0.509519715,30,0.027027027,0.486486486,N2 O1,de-protonated,0,-9999,C37 H18 O1 N2,37,18,1,2,-9999,-9999,-9999,-9999
791,505.134906,505.1351162,505.134987629,10233012,-9999,589668.2,17.91,-1,0.254527217,0.988313829,0,0.592988298,7,0.315789474,1.631578947,N4 S2 P1 O6,de-protonated,0,-9999,C19 H31 O6 N4 P1 S2,19,31,6,4,1,2,-9999,-9999
792,505.220777,505.220987246,505.220675057,11740356,-9999,612390.2,20.84,-1,0.617925931,0.933062588,0,0.559837553,18,0.058823529,1,S1 O2,de-protonated,0,-9999,C34 H34 O2 S1,34,34,2,-9999,-9999,1,-9999,-9999
792,505.220777,505.220987246,505.220807999,11740356,-9999,612390.2,20.84,-1,0.354789873,0.97741885,0,0.58645131,5,0.434782609,1.695652174,P1 O10,de-protonated,0,-9999,C23 H39 O10 P1,23,39,10,-9999,1,-9999,-9999,-9999
793,505.257144,505.257354266,505.257060566,13558986,-9999,583572,24.37,-1,0.581286646,0.940531204,0,0.564318723,17,0.028571429,1.085714286,S1 O1,de-protonated,0,-9999,C35 H38 O1 S1,35,38,1,-9999,-9999,1,-9999,-9999
793,505.257144,505.257354266,505.257193508,13558986,-9999,583572,24.37,-1,0.318169547,0.981799283,0,0.58907957,4,0.375,1.791666667,P1 O9,de-protonated,0,-9999,C24 H43 O9 P1,24,43,9,-9999,1,-9999,-9999,-9999
794,505.268363,505.268573272,505.268426897,15279308,-9999,553294.4,27.71,-1,0.289695919,0.984887508,0,0.590932505,4,0.347826087,1.869565217,N2 P1 O8,de-protonated,0,-9999,C23 H43 O8 N2 P1,23,43,8,2,1,-9999,-9999,-9999
795,505.293546,505.293756285,505.293579017,9118928,-9999,568177.5,15.75,-1,0.350821195,0.977915621,0,0.586749373,3,0.32,1.88,P1 O8,de-protonated,0,-9999,C25 H47 O8 P1,25,47,8,-9999,1,-9999,-9999,-9999
796,506.976367,506.976578191,506.976755651,8791548,-9999,582943.9,15.11,-1,-0.350035511,0.978013334,0,0.586808001,19,0.291666667,0.541666667,S2 P1 O7,de-protonated,0,-9999,C24 H13 O7 P1 S2,24,13,7,-9999,1,2,-9999,-9999
796,506.976367,506.976578191,506.976952355,8791548,-9999,582943.9,15.11,-1,-0.738030311,0.905893929,0,0.543536357,11,0.928571429,0.857142857,N4 S2 O13,de-protonated,0,-9999,C14 H12 O13 N4 S2,14,12,13,4,-9999,2,-9999,-9999
797,507.199933,507.200144311,507.199939612,8005156,-9999,580153.8,13.58,-1,0.40358681,0.97087769,0,0.582526614,18,0.090909091,0.96969697,S1 O3,de-protonated,0,-9999,C33 H32 O3 S1,33,32,3,-9999,-9999,1,-9999,-9999
797,507.199933,507.200144311,507.200072554,8005156,-9999,580153.8,13.58,-1,0.141477652,0.996374724,0,0.597824834,5,0.5,1.681818182,P1 O11,de-protonated,0,-9999,C22 H37 O11 P1,22,37,11,-9999,1,-9999,-9999,-9999
798,507.236379,507.236590331,507.236325121,14968363,-9999,606933.2,27.1,-1,0.522851896,0.951606783,0,0.57096407,17,0.058823529,1.058823529,S1 O2,de-protonated,0,-9999,C34 H36 O2 S1,34,36,2,-9999,-9999,1,-9999,-9999
798,507.236379,507.236590331,507.236458063,14968363,-9999,606933.2,27.1,-1,0.260761509,0.987737912,0,0.592642747,4,0.434782609,1.782608696,P1 O10,de-protonated,0,-9999,C23 H41 O10 P1,23,41,10,-9999,1,-9999,-9999,-9999
799,507.272794,507.273005351,507.272710631,13821489,-9999,583058,24.88,-1,0.580988726,0.940590299,0,0.564354179,16,0.028571429,1.142857143,S1 O1,de-protonated,0,-9999,C35 H40 O1 S1,35,40,1,-9999,-9999,1,-9999,-9999
799,507.272794,507.273005351,507.272843573,13821489,-9999,583058,24.88,-1,0.318917123,0.98171444,0,0.589028664,3,0.375,1.875,P1 O9,de-protonated,0,-9999,C24 H45 O9 P1,24,45,9,-9999,1,-9999,-9999,-9999
800,507.309106,507.30931737,507.309229082,7292471.5,-9999,542501.6,12.2,-1,0.174032301,0.994519493,0,0.596711696,2,0.32,1.96,P1 O8,de-protonated,0,-9999,C25 H49 O8 P1,25,49,8,-9999,1,-9999,-9999,-9999
801,508.195256,508.195467847,508.195188584,19785430,-9999,560915.6,36.46,-1,0.549518736,0.473340918,0.742885034,0.581158565,18,0.09375,0.96875,N1 S1 O3,de-protonated,0,-9999,C32 H31 O3 N1 S1,32,31,3,1,-9999,1,-9999,-9999
801,508.195256,508.195467847,508.195321526,19785430,-9999,560915.6,36.46,-1,0.287922855,0.985070548,0,0.591042329,5,0.523809524,1.714285714,N1 P1 O11,de-protonated,0,-9999,C21 H36 O11 N1 P1,21,36,11,1,1,-9999,-9999,-9999
802,509.121788,509.122000346,509.12168929,9807740,-9999,600397.3,16.93,-1,0.610965957,0.93451177,0,0.560707062,24,0.088235294,0.647058824,S1 O3,de-protonated,0,-9999,C34 H22 O3 S1,34,22,3,-9999,-9999,1,-9999,-9999
802,509.121788,509.122000346,509.121822232,9807740,-9999,600397.3,16.93,-1,0.349846113,0.978036858,0,0.586822115,11,0.47826087,1.173913043,P1 O11,de-protonated,0,-9999,C23 H27 O11 P1,23,27,11,-9999,1,-9999,-9999,-9999
803,509.215633,509.215845396,509.215589677,11888525,-9999,573068.5,20.93,-1,0.502183714,0.955271898,0,0.573163139,17,0.090909091,1.03030303,S1 O3,de-protonated,0,-9999,C33 H34 O3 S1,33,34,3,-9999,-9999,1,-9999,-9999
803,509.215633,509.215845396,509.215722618,11888525,-9999,573068.5,20.93,-1,0.241112049,0.989506918,0,0.593704151,4,0.5,1.772727273,P1 O11,de-protonated,0,-9999,C22 H39 O11 P1,22,39,11,-9999,1,-9999,-9999,-9999
804,509.252065,509.252277416,509.251975186,14755732,-9999,564811.3,26.44,-1,0.59347838,0.938090139,0,0.562854084,16,0.058823529,1.117647059,S1 O2,de-protonated,0,-9999,C34 H38 O2 S1,34,38,2,-9999,-9999,1,-9999,-9999
804,509.252065,509.252277416,509.252108128,14755732,-9999,564811.3,26.44,-1,0.332425344,0.980148411,0,0.588089047,3,0.434782609,1.869565217,P1 O10,de-protonated,0,-9999,C23 H43 O10 P1,23,43,10,-9999,1,-9999,-9999,-9999
805,511.108212,511.108425415,511.108815931,9300195,-9999,522515.6,15.95,-1,-0.76405606,0.899490834,0,0.5396945,29,0.085714286,0.457142857,N2 O3,de-protonated,0,-9999,C35 H16 O3 N2,35,16,3,2,-9999,-9999,-9999,-9999
805,511.108212,511.108425415,511.108164482,9300195,-9999,522515.6,15.95,-1,0.510523819,0.953809035,0,0.572285421,20,0.185185185,0.740740741,N4 S1 O5,de-protonated,0,-9999,C27 H20 O5 N4 S1,27,20,5,4,-9999,1,-9999,-9999
805,511.108212,511.108425415,511.108297424,9300195,-9999,522515.6,15.95,-1,0.25041887,0.988685915,0,0.593211549,7,0.8125,1.5625,N4 P1 O13,de-protonated,0,-9999,C16 H25 O13 N4 P1,16,25,13,4,1,-9999,-9999,-9999
806,511.137419,511.137632431,511.137339354,46426344,-9999,561024.3,87.37,-1,0.573381225,0.943951198,0.941445121,0.942948767,23,0.088235294,0.705882353,S1 O3,de-protonated,0,-9999,C34 H24 O3 S1,34,24,3,-9999,-9999,1,-9999,-9999
806,511.137419,511.137632431,511.137472296,46426344,-9999,561024.3,87.37,-1,0.313291106,0.983365681,0.988897524,0.985578418,10,0.47826087,1.260869565,P1 O11,de-protonated,0,-9999,C23 H29 O11 P1,23,29,11,-9999,1,-9999,-9999,-9999
807,511.231289,511.231502481,511.231239741,9382137,-9999,551368.6,16.11,-1,0.513936361,0.953204181,0,0.571922509,16,0.090909091,1.090909091,S1 O3,de-protonated,0,-9999,C33 H36 O3 S1,33,36,3,-9999,-9999,1,-9999,-9999
807,511.231289,511.231502481,511.231372683,9382137,-9999,551368.6,16.11,-1,0.253894029,0.988371561,0,0.593022937,3,0.5,1.863636364,P1 O11,de-protonated,0,-9999,C22 H41 O11 P1,22,41,11,-9999,1,-9999,-9999,-9999
808,511.249178,511.249391491,511.248997806,8161532.5,-9999,521220.3,13.76,-1,0.770045935,0.897992321,0,0.538795392,16,0.151515152,1.090909091,O5,de-protonated,0,-9999,C33 H36 O5,33,36,5,-9999,-9999,-9999,-9999,-9999
809,511.267665,511.267878501,511.26762525,7432448,-9999,606378.5,12.36,-1,0.49533853,0.956456187,0,0.573873712,15,0.058823529,1.176470588,S1 O2,de-protonated,0,-9999,C34 H40 O2 S1,34,40,2,-9999,-9999,1,-9999,-9999
809,511.267665,511.267878501,511.267758192,7432448,-9999,606378.5,12.36,-1,0.23531471,0.990002946,0,0.594001767,2,0.434782609,1.956521739,P1 O10,de-protonated,0,-9999,C23 H45 O10 P1,23,45,10,-9999,1,-9999,-9999,-9999
810,511.270835,511.271048503,511.270996554,8644864,-9999,529720.4,14.69,-1,0.101607446,0.998128464,0,0.598877078,10,0.064516129,1.419354839,S2 O2,de-protonated,0,-9999,C31 H44 O2 S2,31,44,2,-9999,-9999,2,-9999,-9999
810,511.270835,511.271048503,511.271464584,8644864,-9999,529720.4,14.69,-1,-0.813817587,0.886766751,0,0.532060051,16,0.096774194,1.161290323,N4 O3,de-protonated,0,-9999,C31 H36 O3 N4,31,36,3,4,-9999,-9999,-9999,-9999
811,511.291062,511.291275514,511.291256542,8349956,-9999,535131,14.12,-1,0.037105345,0.99975021100000006,0,0.599850127,6,0.333333333,1.62962963,O9,de-protonated,0,-9999,C27 H44 O9,27,44,9,-9999,-9999,-9999,-9999,-9999
811,511.291062,511.291275514,511.291745799,8349956,-9999,535131,14.12,-1,-0.919799147,0.857691229,0,0.514614737,10,0.033333333,1.5,N2 S1 P1 O1,de-protonated,0,-9999,C30 H45 O1 N2 P1 S1,30,45,1,2,1,1,-9999,-9999
811,511.291062,511.291275514,511.291094351,8349956,-9999,535131,14.12,-1,0.354324514,0.977477377,0,0.586486426,1,0.136363636,2.227272727,N4 S2 P1 O3,de-protonated,0,-9999,C22 H49 O3 N4 P1 S2,22,49,3,4,1,2,-9999,-9999
812,512.140764,512.140977971,512.140694189,12364191,-9999,610482,21.84,-1,0.554108622,0.94581211,0.941445121,0.944065314,23,0.088235294,0.705882353,13C1 S1 O3,de-protonated,1,806,C33 H24 O3 S1 13C1,33,24,3,-9999,-9999,1,1,-9999
812,512.140764,512.140977971,512.140827131,12364191,-9999,610482,21.84,-1,0.29452806,0.984383139,0.988897524,0.986188893,10,0.47826087,1.260869565,13C1 P1 O11,de-protonated,1,806,C22 H29 O11 P1 13C1,22,29,11,-9999,1,-9999,1,-9999
812,512.140764,512.140977971,512.140963477,12364191,-9999,610482,21.84,-1,0.02830124,0.999854677,0,0.599912806,10,0.590909091,1.227272727,N1 O13,de-protonated,0,-9999,C22 H27 O13 N1,22,27,13,1,-9999,-9999,-9999,-9999
812,512.140764,512.140977971,512.141452734,12364191,-9999,610482,21.84,-1,-0.927015619,0.855619619,0,0.513371771,14,0.2,1.12,N3 S1 P1 O5,de-protonated,0,-9999,C25 H28 O5 N3 P1 S1,25,28,5,3,1,1,-9999,-9999
813,512.95532,512.955534409,512.955154282,15100468,-9999,594832.9,27.11,-1,0.74105381,0.905159148,0,0.543095489,14,0.764705882,0.588235294,N2 S2 O13,de-protonated,0,-9999,C17 H10 O13 N2 S2,17,10,13,2,-9999,2,-9999,-9999
814,513.134472,513.134686506,513.134361974,14772821,-9999,575398.9,26.48,-1,0.632449746,0.929993068,0,0.557995841,23,0.181818182,0.666666667,O6,de-protonated,0,-9999,C33 H22 O6,33,22,6,-9999,-9999,-9999,-9999,-9999
814,513.134472,513.134686506,513.134712847,14772821,-9999,575398.9,26.48,-1,-0.051333933,0.999521966,0,0.599713179,0,0.733333333,2.333333333,N2 S2 P1 O11,de-protonated,0,-9999,C15 H35 O11 N2 P1 S2,15,35,11,2,1,2,-9999,-9999
815,513.27031,513.270524579,513.270521097,10709614,-9999,529183.5,18.66,-1,0.006783825,0.99999165,0,0.59999499,6,0.384615385,1.615384615,O10,de-protonated,0,-9999,C26 H42 O10,26,42,10,-9999,-9999,-9999,-9999,-9999
815,513.27031,513.270524579,513.271010354,10709614,-9999,529183.5,18.66,-1,-0.946430644,0.849991265,0,0.509994759,10,0.068965517,1.482758621,N2 S1 P1 O2,de-protonated,0,-9999,C29 H43 O2 N2 P1 S1,29,43,2,2,1,1,-9999,-9999
815,513.27031,513.270524579,513.270358906,10709614,-9999,529183.5,18.66,-1,0.322779729,0.981273021,0,0.588763812,1,0.19047619,2.238095238,N4 S2 P1 O4,de-protonated,0,-9999,C21 H47 O4 N4 P1 S2,21,47,4,4,1,2,-9999,-9999
816,513.306673,513.306887599,513.306906606,10300020,-9999,562580.5,17.87,-1,-0.037030164,0.999751223,0,0.599850734,5,0.333333333,1.703703704,O9,de-protonated,0,-9999,C27 H46 O9,27,46,9,-9999,-9999,-9999,-9999,-9999
816,513.306673,513.306887599,513.307395864,10300020,-9999,562580.5,17.87,-1,-0.990177022,0.837024898,0,0.502214939,9,0.033333333,1.566666667,N2 S1 P1 O1,de-protonated,0,-9999,C30 H47 O1 N2 P1 S1,30,47,1,2,1,1,-9999,-9999
816,513.306673,513.306887599,513.306744415,10300020,-9999,562580.5,17.87,-1,0.278943327,0.985980788,0,0.591588473,0,0.136363636,2.318181818,N4 S2 P1 O3,de-protonated,0,-9999,C22 H51 O3 N4 P1 S2,22,51,3,4,1,2,-9999,-9999
817,515.249512,515.249727644,515.249785652,9120732,-9999,542357.9,15.6,-1,-0.112581878,0.997702839,0,0.598621703,6,0.44,1.6,O11,de-protonated,0,-9999,C25 H40 O11,25,40,11,-9999,-9999,-9999,-9999,-9999
817,515.249512,515.249727644,515.249623461,9120732,-9999,542357.9,15.6,-1,0.202200131,0.992608939,0,0.595565363,1,0.25,2.25,N4 S2 P1 O5,de-protonated,0,-9999,C20 H45 O5 N4 P1 S2,20,45,5,4,1,2,-9999,-9999
818,515.285973,515.286188664,515.286171161,12282851,-9999,578657.3,21.69,-1,0.033966539,0.99979068,0,0.599874408,5,0.384615385,1.692307692,O10,de-protonated,0,-9999,C26 H44 O10,26,44,10,-9999,-9999,-9999,-9999,-9999
818,515.285973,515.286188664,515.286660419,12282851,-9999,578657.3,21.69,-1,-0.91551926,0.858914543,0,0.515348726,9,0.068965517,1.551724138,N2 S1 P1 O2,de-protonated,0,-9999,C29 H45 O2 N2 P1 S1,29,45,2,2,1,1,-9999,-9999
818,515.285973,515.286188664,515.28600897,12282851,-9999,578657.3,21.69,-1,0.348726367,0.978175684,0,0.58690541,0,0.19047619,2.333333333,N4 S2 P1 O4,de-protonated,0,-9999,C21 H49 O4 N4 P1 S2,21,49,4,4,1,2,-9999,-9999
819,515.322373,515.322588684,515.322556671,10972138,-9999,548151.5,19.16,-1,0.062121736,0.999300015,0,0.599580009,4,0.333333333,1.777777778,O9,de-protonated,0,-9999,C27 H48 O9,27,48,9,-9999,-9999,-9999,-9999,-9999
819,515.322373,515.322588684,515.323045928,10972138,-9999,548151.5,19.16,-1,-0.88729705,0.866880767,0,0.52012846,8,0.033333333,1.633333333,N2 S1 P1 O1,de-protonated,0,-9999,C30 H49 O1 N2 P1 S1,30,49,1,2,1,1,-9999,-9999
820,517.257124,517.257340725,517.257060566,11513173,-9999,568481.9,20.2,-1,0.541623633,0.948162773,0,0.568897664,18,0.027777778,1.055555556,S1 O1,de-protonated,0,-9999,C36 H38 O1 S1,36,38,1,-9999,-9999,1,-9999,-9999
820,517.257124,517.257340725,517.257193508,11513173,-9999,568481.9,20.2,-1,0.284610674,0.985409557,0,0.591245734,5,0.36,1.72,P1 O9,de-protonated,0,-9999,C25 H43 O9 P1,25,43,9,-9999,1,-9999,-9999,-9999
821,517.293431,517.293647745,517.293579017,7286108,-9999,571920.5,12.07,-1,0.132859009,0.996802279,0,0.598081368,4,0.307692308,1.807692308,P1 O8,de-protonated,0,-9999,C26 H47 O8 P1,26,47,8,-9999,1,-9999,-9999,-9999
822,518.260448,518.26066526499994,518.260684689,8973844,-9999,541437.8,15.32,-1,-0.037478615,0.999745161,0,0.599847097,5,0.458333333,1.708333333,N1 O11,de-protonated,0,-9999,C24 H41 O11 N1,24,41,11,1,-9999,-9999,-9999,-9999
822,518.260448,518.26066526499994,518.261173946,8973844,-9999,541437.8,15.32,-1,-0.981514858,0.839622848,0,0.503773709,9,0.111111111,1.555555556,N3 S1 P1 O3,de-protonated,0,-9999,C27 H42 O3 N3 P1 S1,27,42,3,3,1,1,-9999,-9999
823,519.236363,519.23658079,519.236325121,15363792,-9999,567580.2,27.61,-1,0.492394176,0.956961038,0,0.574176623,18,0.057142857,1.028571429,S1 O2,de-protonated,0,-9999,C35 H36 O2 S1,35,36,2,-9999,-9999,1,-9999,-9999
823,519.236363,519.23658079,519.236458063,15363792,-9999,567580.2,27.61,-1,0.236360931,0.989914304,0,0.593948582,5,0.416666667,1.708333333,P1 O10,de-protonated,0,-9999,C24 H41 O10 P1,24,41,10,-9999,1,-9999,-9999,-9999
824,519.272764,519.27298181,519.272710631,14872279,-9999,570015.3,26.67,-1,0.522228843,0.951719221,0,0.571031533,17,0.027777778,1.111111111,S1 O1,de-protonated,0,-9999,C36 H40 O1 S1,36,40,1,-9999,-9999,1,-9999,-9999
824,519.272764,519.27298181,519.272843573,14872279,-9999,570015.3,26.67,-1,0.26621353,0.987223123,0,0.592333874,4,0.36,1.8,P1 O9,de-protonated,0,-9999,C25 H45 O9 P1,25,45,9,-9999,1,-9999,-9999,-9999
825,519.320365,519.320582836,519.320462471,26210016,-9999,532545.8,48.48,-1,0.231772958,0.980578856,0.985855136,0.982689368,3,0.28,1.96,N2 P1 O7,de-protonated,0,-9999,C25 H49 O7 N2 P1,25,49,7,2,1,-9999,-9999,-9999
826,520.276089,520.27630735,520.276334753,7942042,-9999,571051.1,13.33,-1,-0.052670383,0.999496757,0,0.599698054,4,0.458333333,1.791666667,N1 O11,de-protonated,0,-9999,C24 H43 O11 N1,24,43,11,1,-9999,-9999,-9999,-9999
826,520.276089,520.27630735,520.276824011,7942042,-9999,571051.1,13.33,-1,-0.993049238,0.836160215,0,0.501696129,8,0.111111111,1.62962963,N3 S1 P1 O3,de-protonated,0,-9999,C27 H44 O3 N3 P1 S1,27,44,3,3,1,1,-9999,-9999
827,520.323809,520.324027376,520.323817306,7696291,-9999,589583.3,12.86,-1,0.403728422,0.97085755,0.985855136,0.976856584,3,0.28,1.96,13C1 N2 P1 O7,de-protonated,1,825,C24 H49 O7 N2 P1 13C1,24,49,7,2,1,-9999,1,-9999
827,520.323809,520.324027376,520.323953652,7696291,-9999,589583.3,12.86,-1,0.141688448,0.996363932,0,0.597818359,3,0.375,1.958333333,N3 O9,de-protonated,0,-9999,C24 H47 O9 N3,24,47,9,3,-9999,-9999,-9999,-9999
828,521.215652,521.215870856,521.215589677,10088530,-9999,532711.6,17.46,-1,0.539468252,0.948563746,0,0.569138248,18,0.088235294,1,S1 O3,de-protonated,0,-9999,C34 H34 O3 S1,34,34,3,-9999,-9999,1,-9999,-9999
828,521.215652,521.215870856,521.215722618,10088530,-9999,532711.6,17.46,-1,0.284407256,0.985430253,0,0.591258152,5,0.47826087,1.695652174,P1 O11,de-protonated,0,-9999,C23 H39 O11 P1,23,39,11,-9999,1,-9999,-9999,-9999
829,521.252024,521.252242875,521.251975186,16576601,-9999,585406.3,29.94,-1,0.513551036,0.47663633,0.725399619,0.576141646,17,0.057142857,1.085714286,S1 O2,de-protonated,0,-9999,C35 H38 O2 S1,35,38,2,-9999,-9999,1,-9999,-9999
829,521.252024,521.252242875,521.252108128,16576601,-9999,585406.3,29.94,-1,0.258507851,0.987947672,0,0.592768603,4,0.416666667,1.791666667,P1 O10,de-protonated,0,-9999,C24 H43 O10 P1,24,43,10,-9999,1,-9999,-9999,-9999
830,521.288336,521.288554895,521.288360695,12595296,-9999,571482.5,22.28,-1,0.372537933,0.975132161,0,0.585079297,16,0.027777778,1.166666667,S1 O1,de-protonated,0,-9999,C36 H42 O1 S1,36,42,1,-9999,-9999,1,-9999,-9999
830,521.288336,521.288554895,521.288493637,12595296,-9999,571482.5,22.28,-1,0.117512585,0.997497474,0,0.598498484,3,0.36,1.88,P1 O9,de-protonated,0,-9999,C25 H47 O9 P1,25,47,9,-9999,1,-9999,-9999,-9999
831,521.3174,521.317618911,521.317352149,7696486,-9999,631518.4,12.86,-1,0.511706166,0.953599884,0,0.57215993,16,0.057142857,1.2,N2 O2,de-protonated,0,-9999,C35 H42 O2 N2,35,42,2,2,-9999,-9999,-9999,-9999
832,521.324803,521.325021915,521.324879146,8646760,-9999,524422.2,14.69,-1,0.273856561,0.98648399,0,0.591890394,2,0.307692308,1.961538462,P1 O8,de-protonated,0,-9999,C26 H51 O8 P1,26,51,8,-9999,1,-9999,-9999,-9999
833,523.17379,523.17400991,523.173724864,10154456,-9999,499111.2,17.59,-1,0.544840548,0.947561663,0,0.568536998,23,0.055555556,0.777777778,S1 O2,de-protonated,0,-9999,C36 H28 O2 S1,36,28,2,-9999,-9999,1,-9999,-9999
833,523.17379,523.17400991,523.173857805,10154456,-9999,499111.2,17.59,-1,0.290734192,0.984779817,0,0.59086789,10,0.4,1.32,P1 O10,de-protonated,0,-9999,C25 H33 O10 P1,25,33,10,-9999,1,-9999,-9999,-9999
834,523.231297,523.231516941,523.231239741,11170276,-9999,537237.5,19.54,-1,0.529784507,0.950347571,0,0.570208542,17,0.088235294,1.058823529,S1 O3,de-protonated,0,-9999,C34 H36 O3 S1,34,36,3,-9999,-9999,1,-9999,-9999
834,523.231297,523.231516941,523.231372683,11170276,-9999,537237.5,19.54,-1,0.275706087,0.98630207,0,0.591781242,4,0.47826087,1.782608696,P1 O11,de-protonated,0,-9999,C23 H41 O11 P1,23,41,11,-9999,1,-9999,-9999,-9999
835,523.26763,523.26784996,523.26762525,13906411,-9999,578228.7,24.81,-1,0.429436107,0.967091731,0,0.580255039,16,0.057142857,1.142857143,S1 O2,de-protonated,0,-9999,C35 H40 O2 S1,35,40,2,-9999,-9999,1,-9999,-9999
835,523.26763,523.26784996,523.267758192,13906411,-9999,578228.7,24.81,-1,0.17537538,0.994434812,0,0.596660887,3,0.416666667,1.875,P1 O10,de-protonated,0,-9999,C24 H45 O10 P1,24,45,10,-9999,1,-9999,-9999,-9999
836,524.226554,524.226774477,524.226488713,11530926,-9999,508710.3,20.24,-1,0.545114272,0.947510368,0,0.568506221,17,0.090909091,1.060606061,N1 S1 O3,de-protonated,0,-9999,C33 H35 O3 N1 S1,33,35,3,1,-9999,1,-9999,-9999
836,524.226554,524.226774477,524.226621655,11530926,-9999,508710.3,20.24,-1,0.291518219,0.984698249,0,0.59081895,4,0.5,1.818181818,N1 P1 O11,de-protonated,0,-9999,C22 H40 O11 N1 P1,22,40,11,1,1,-9999,-9999,-9999
837,525.189445,525.189665995,525.189374928,30962548,-9999,548290.2,57.62,-1,0.55421305,0.948759367,0.941934096,0.946029259,22,0.055555556,0.833333333,S1 O2,de-protonated,0,-9999,C36 H30 O2 S1,36,30,2,-9999,-9999,1,-9999,-9999
837,525.189445,525.189665995,525.18950787000006,30962548,-9999,548290.2,57.62,-1,0.301081939,0.985295037,0.99066068,0.987441294,9,0.4,1.4,P1 O10,de-protonated,0,-9999,C25 H35 O10 P1,25,35,10,-9999,1,-9999,-9999,-9999
838,526.148296,526.148517511,526.148238391,72447032,-9999,535360.2,137.42,-1,0.530497063,0.947702552,0.927701822,0.93970226,23,0.088235294,0.735294118,N1 S1 O3,de-protonated,0,-9999,C34 H25 O3 N1 S1,34,25,3,1,-9999,1,-9999,-9999
838,526.148296,526.148517511,526.148371333,72447032,-9999,535360.2,137.42,-1,0.277827269,0.984666633,0.997359178,0.989743651,10,0.47826087,1.304347826,N1 P1 O11,de-protonated,0,-9999,C23 H30 O11 N1 P1,23,30,11,1,1,-9999,-9999,-9999
839,526.192783,526.193004535,526.192729763,8844356,-9999,571095.2,15.07,-1,0.522188556,0.951726487,0.941934096,0.947809531,22,0.055555556,0.833333333,13C1 S1 O2,de-protonated,1,837,C35 H30 O2 S1 13C1,35,30,2,-9999,-9999,1,1,-9999
839,526.192783,526.193004535,526.192862705,8844356,-9999,571095.2,15.07,-1,0.269540129,0.986903921,0.99066068,0.988406625,9,0.4,1.4,13C1 P1 O10,de-protonated,1,837,C24 H35 O10 P1 13C1,24,35,10,-9999,1,-9999,1,-9999
839,526.192783,526.193004535,526.192999051,8844356,-9999,571095.2,15.07,-1,0.010422928,0.999980288,0,0.599988173,9,0.5,1.375,N1 O12,de-protonated,0,-9999,C24 H33 O12 N1,24,33,12,1,-9999,-9999,-9999,-9999
839,526.192783,526.193004535,526.192485986,8844356,-9999,571095.2,15.07,-1,0.985473445,0.838437426,0,0.503062455,27,0.027027027,0.675675676,N3 O1,de-protonated,0,-9999,C37 H25 O1 N3,37,25,1,3,-9999,-9999,-9999,-9999
839,526.192783,526.193004535,526.193488308,8844356,-9999,571095.2,15.07,-1,-0.919382107,0.857810605,0,0.514686363,13,0.148148148,1.259259259,N3 S1 P1 O4,de-protonated,0,-9999,C27 H34 O4 N3 P1 S1,27,34,4,3,1,1,-9999,-9999
840,527.110628,527.110850029,527.111124606,7304453.5,-9999,602844.2,12.1,-1,-0.520908645,0.951957068,0,0.571174241,28,0.054054054,0.540540541,S1 O2,de-protonated,0,-9999,C37 H20 O2 S1,37,20,2,-9999,-9999,1,-9999,-9999
840,527.110628,527.110850029,527.111257548,7304453.5,-9999,602844.2,12.1,-1,-0.773116616,0.897220554,0,0.538332332,15,0.384615385,0.961538462,P1 O10,de-protonated,0,-9999,C26 H25 O10 P1,26,25,10,-9999,1,-9999,-9999,-9999
840,527.110628,527.110850029,527.110986221,7304453.5,-9999,602844.2,12.1,-1,-0.25837502,0.98795998,0,0.592775988,1,0.9375,2,S2 O15,de-protonated,0,-9999,C16 H32 O15 S2,16,32,15,-9999,-9999,2,-9999,-9999
840,527.110628,527.110850029,527.110473157,7304453.5,-9999,602844.2,12.1,-1,0.71497714,0.911416612,0,0.546849967,19,0.137931034,0.827586207,N2 S2 O4,de-protonated,0,-9999,C29 H24 O4 N2 S2,29,24,4,2,-9999,2,-9999,-9999
840,527.110628,527.110850029,527.110606099,7304453.5,-9999,602844.2,12.1,-1,0.462768546,0.961887197,0,0.577132318,6,0.666666667,1.611111111,N2 S1 P1 O12,de-protonated,0,-9999,C18 H29 O12 N2 P1 S1,18,29,12,2,1,1,-9999,-9999
841,527.151665,527.151887051,527.151593226,17724686,-9999,555369,32.15,-1,0.557382605,0.945187803,0.927701822,0.938193411,23,0.088235294,0.735294118,13C1 N1 S1 O3,de-protonated,1,838,C33 H25 O3 N1 S1 13C1,33,25,3,1,-9999,1,1,-9999
841,527.151665,527.151887051,527.151726168,17724686,-9999,555369,32.15,-1,0.305193724,0.983241303,0.997359178,0.988888453,10,0.47826087,1.304347826,13C1 N1 P1 O11,de-protonated,1,838,C22 H30 O11 N1 P1 13C1,22,30,11,1,1,-9999,1,-9999
841,527.151665,527.151887051,527.151862513,17724686,-9999,555369,32.15,-1,0.046547836,0.999606932,0,0.599764159,10,0.590909091,1.272727273,N2 O13,de-protonated,0,-9999,C22 H28 O13 N2,22,28,13,2,-9999,-9999,-9999,-9999
841,527.151665,527.151887051,527.152351771,17724686,-9999,555369,32.15,-1,-0.881565965,0.868476807,0,0.521086084,14,0.2,1.16,N4 S1 P1 O5,de-protonated,0,-9999,C25 H29 O5 N4 P1 S1,25,29,5,4,1,1,-9999,-9999
842,527.18655,527.18677207,527.186397548,10794261,-9999,528806.3,18.82,-1,0.710416616,0.912492276,0,0.547495366,22,0.142857143,0.8,O5,de-protonated,0,-9999,C35 H28 O5,35,28,5,-9999,-9999,-9999,-9999,-9999
843,527.285903,527.286125123,527.286171161,11760938,-9999,504181.5,20.68,-1,-0.08731136,0.998617723,0,0.599170634,6,0.37037037,1.62962963,O10,de-protonated,0,-9999,C27 H44 O10,27,44,10,-9999,-9999,-9999,-9999,-9999
843,527.285903,527.286125123,527.28600897,11760938,-9999,504181.5,20.68,-1,0.220285111,0.991233756,0,0.594740254,1,0.181818182,2.227272727,N4 S2 P1 O4,de-protonated,0,-9999,C22 H49 O4 N4 P1 S2,22,49,4,4,1,2,-9999,-9999
844,527.32231,527.322532143,527.322556671,11007282,-9999,606958.8,19.23,-1,-0.046513894,0.999607505,0,0.599764503,5,0.321428571,1.714285714,O9,de-protonated,0,-9999,C28 H48 O9,28,48,9,-9999,-9999,-9999,-9999,-9999
844,527.32231,527.322532143,527.323045928,11007282,-9999,606958.8,19.23,-1,-0.974327178,0.841767292,0,0.505060375,9,0.032258065,1.580645161,N2 S1 P1 O1,de-protonated,0,-9999,C31 H49 O1 N2 P1 S1,31,49,1,2,1,1,-9999,-9999
844,527.32231,527.322532143,527.32239448,11007282,-9999,606958.8,19.23,-1,0.261061366,0.987709869,0,0.592625922,0,0.130434783,2.304347826,N4 S2 P1 O3,de-protonated,0,-9999,C23 H53 O3 N4 P1 S2,23,53,3,4,1,2,-9999,-9999
845,528.145345,528.145567586,528.145261011,22607330,-9999,537047.2,41.54,-1,0.580475219,0.470346047,0.736963647,0.576993087,23,0.181818182,0.696969697,N1 O6,de-protonated,0,-9999,C33 H23 O6 N1,33,23,6,1,-9999,-9999,-9999,-9999
845,528.145345,528.145567586,528.145611884,22607330,-9999,537047.2,41.54,-1,-0.083873998,0.99872435,0,0.59923461,0,0.733333333,2.4,N3 S2 P1 O11,de-protonated,0,-9999,C15 H36 O11 N3 P1 S2,15,36,11,3,1,2,-9999,-9999
846,529.265117,529.265340189,529.265435717,9025236,-9999,602942.2,15.41,-1,-0.180491273,0.994106364,0,0.596463818,6,0.423076923,1.615384615,O11,de-protonated,0,-9999,C26 H42 O11,26,42,11,-9999,-9999,-9999,-9999,-9999
846,529.265117,529.265340189,529.265273525,9025236,-9999,602942.2,15.41,-1,0.125954868,0.997125523,0,0.598275314,1,0.238095238,2.238095238,N4 S2 P1 O5,de-protonated,0,-9999,C21 H47 O5 N4 P1 S2,21,47,5,4,1,2,-9999,-9999
847,529.301567,529.30179020800006,529.301821226,11237084,-9999,562965.6,19.67,-1,-0.058600822,0.999377089,0,0.599626253,5,0.37037037,1.703703704,O10,de-protonated,0,-9999,C27 H46 O10,27,46,10,-9999,-9999,-9999,-9999,-9999
847,529.301567,529.30179020800006,529.302310483,11237084,-9999,562965.6,19.67,-1,-0.982944645,0.839195047,0,0.503517028,9,0.066666667,1.566666667,N2 S1 P1 O2,de-protonated,0,-9999,C30 H47 O2 N2 P1 S1,30,47,2,2,1,1,-9999,-9999
847,529.301567,529.30179020800006,529.301659035,11237084,-9999,562965.6,19.67,-1,0.247824291,0.988917852,0,0.593350711,0,0.181818182,2.318181818,N4 S2 P1 O4,de-protonated,0,-9999,C22 H51 O4 N4 P1 S2,22,51,4,4,1,2,-9999,-9999
848,531.272708,531.272932269,531.272710631,7714960.5,-9999,587460.6,12.86,-1,0.417184299,0.968913608,0,0.581348165,18,0.027027027,1.081081081,S1 O1,de-protonated,0,-9999,C37 H40 O1 S1,37,40,1,-9999,-9999,1,-9999,-9999
848,531.272708,531.272932269,531.272843573,7714960.5,-9999,587460.6,12.86,-1,0.166951698,0.994955272,0,0.596973163,5,0.346153846,1.730769231,P1 O9,de-protonated,0,-9999,C26 H45 O9 P1,26,45,9,-9999,1,-9999,-9999,-9999
849,533.215615,533.215840315,533.215589677,7584331,-9999,590179.5,12.6,-1,0.470051373,0.960702225,0,0.576421335,19,0.085714286,0.971428571,S1 O3,de-protonated,0,-9999,C35 H34 O3 S1,35,34,3,-9999,-9999,1,-9999,-9999
849,533.215615,533.215840315,533.215722618,7584331,-9999,590179.5,12.6,-1,0.220730532,0.991198426,0,0.594719055,6,0.458333333,1.625,P1 O11,de-protonated,0,-9999,C24 H39 O11 P1,24,39,11,-9999,1,-9999,-9999,-9999
850,533.252031,533.252256335,533.251975186,12335699,-9999,564770.6,21.72,-1,0.527234751,0.950812433,0,0.57048746,18,0.055555556,1.055555556,S1 O2,de-protonated,0,-9999,C36 H38 O2 S1,36,38,2,-9999,-9999,1,-9999,-9999
850,533.252031,533.252256335,533.252108128,12335699,-9999,564770.6,21.72,-1,0.277930908,0.986081658,0,0.591648995,5,0.4,1.72,P1 O10,de-protonated,0,-9999,C25 H43 O10 P1,25,43,10,-9999,1,-9999,-9999,-9999
851,533.28845,533.288675355,533.288360695,12745308,-9999,538350.3,22.51,-1,0.590035804,0.93878391,0,0.563270346,17,0.027027027,1.135135135,S1 O1,de-protonated,0,-9999,C37 H42 O1 S1,37,42,1,-9999,-9999,1,-9999,-9999
851,533.28845,533.288675355,533.288493637,12745308,-9999,538350.3,22.51,-1,0.340748955,0.9791524,0,0.58749144,4,0.346153846,1.807692308,P1 O9,de-protonated,0,-9999,C26 H47 O9 P1,26,47,9,-9999,1,-9999,-9999,-9999
852,534.255342,534.255567875,534.255599308,7764797,-9999,564499.5,12.95,-1,-0.058835837,0.999372084,0,0.599623251,5,0.5,1.708333333,N1 O12,de-protonated,0,-9999,C24 H41 O12 N1,24,41,12,1,-9999,-9999,-9999,-9999
852,534.255342,534.255567875,534.255086244,7764797,-9999,564499.5,12.95,-1,0.90149984,0.862893758,0,0.517736255,23,0.027027027,0.891891892,N3 O1,de-protonated,0,-9999,C37 H33 O1 N3,37,33,1,3,-9999,-9999,-9999,-9999
852,534.255342,534.255567875,534.256088566,7764797,-9999,564499.5,12.95,-1,-0.974608875,0.841683442,0,0.505010065,9,0.148148148,1.555555556,N3 S1 P1 O4,de-protonated,0,-9999,C27 H42 O4 N3 P1 S1,27,42,4,3,1,1,-9999,-9999
853,535.23125,535.2314764,535.231239741,9354276,-9999,492166.8,16,-1,0.442162636,0.965147217,0,0.57908833,18,0.085714286,1.028571429,S1 O3,de-protonated,0,-9999,C35 H36 O3 S1,35,36,3,-9999,-9999,1,-9999,-9999
853,535.23125,535.2314764,535.231372683,9354276,-9999,492166.8,16,-1,0.19378073,0.993209585,0,0.595925751,5,0.458333333,1.708333333,P1 O11,de-protonated,0,-9999,C24 H41 O11 P1,24,41,11,-9999,1,-9999,-9999,-9999
854,535.26771,535.26793642,535.26762525,15334445,-9999,571127.8,27.47,-1,0.58133449,0.940521712,0,0.564313027,17,0.055555556,1.111111111,S1 O2,de-protonated,0,-9999,C36 H40 O2 S1,36,40,2,-9999,-9999,1,-9999,-9999
854,535.26771,535.26793642,535.267758192,15334445,-9999,571127.8,27.47,-1,0.332969433,0.980084026,0,0.588050416,4,0.4,1.8,P1 O10,de-protonated,0,-9999,C25 H45 O10 P1,25,45,10,-9999,1,-9999,-9999,-9999
855,535.304034,535.30426044,535.30401076,12909621,-9999,551121.2,22.82,-1,0.466426049,0.961294223,0,0.576776534,16,0.027027027,1.189189189,S1 O1,de-protonated,0,-9999,C37 H44 O1 S1,37,44,1,-9999,-9999,1,-9999,-9999
855,535.304034,535.30426044,535.304143701,12909621,-9999,551121.2,22.82,-1,0.218077903,0.991407794,0,0.594844677,3,0.346153846,1.884615385,P1 O9,de-protonated,0,-9999,C26 H49 O9 P1,26,49,9,-9999,1,-9999,-9999,-9999
856,537.246955,537.247182485,537.246889806,11795980,-9999,524135.2,20.68,-1,0.54477715,0.94757354,0,0.568544124,17,0.085714286,1.085714286,S1 O3,de-protonated,0,-9999,C35 H38 O3 S1,35,38,3,-9999,-9999,1,-9999,-9999
856,537.246955,537.247182485,537.247022747,11795980,-9999,524135.2,20.68,-1,0.2973271,0.984087285,0,0.590452371,4,0.458333333,1.791666667,P1 O11,de-protonated,0,-9999,C24 H43 O11 P1,24,43,11,-9999,1,-9999,-9999,-9999
857,537.283273,537.283500505,537.283275315,10239509,-9999,534625.7,17.7,-1,0.419127189,0.968627987,0,0.581176792,16,0.055555556,1.166666667,S1 O2,de-protonated,0,-9999,C36 H42 O2 S1,36,42,2,-9999,-9999,1,-9999,-9999
857,537.283273,537.283500505,537.283408257,10239509,-9999,534625.7,17.7,-1,0.171693928,0.994665389,0,0.596799234,3,0.4,1.88,P1 O10,de-protonated,0,-9999,C25 H47 O10 P1,25,47,10,-9999,1,-9999,-9999,-9999
858,538.242127,538.242355021,538.242138778,7757571.5,-9999,552823.7,12.93,-1,0.401758436,0.971137122,0,0.582682273,17,0.088235294,1.088235294,N1 S1 O3,de-protonated,0,-9999,C34 H37 O3 N1 S1,34,37,3,1,-9999,1,-9999,-9999
858,538.242127,538.242355021,538.242271719,7757571.5,-9999,552823.7,12.93,-1,0.154765975,0.99566328,0,0.597397968,4,0.47826087,1.826086957,N1 P1 O11,de-protonated,0,-9999,C23 H42 O11 N1 P1,23,42,11,1,1,-9999,-9999,-9999
859,539.121843,539.122071495,539.122357995,8028129,-9999,548877.1,13.45,-1,-0.531420212,0.950048295,0,0.570028977,29,0.027027027,0.540540541,N2 S1 O1,de-protonated,0,-9999,C37 H20 O1 N2 S1,37,20,1,2,-9999,1,-9999,-9999
859,539.121843,539.122071495,539.122490937,8028129,-9999,548877.1,13.45,-1,-0.778009181,0.895985921,0,0.53759155300000006,16,0.346153846,0.961538462,N2 P1 O9,de-protonated,0,-9999,C26 H25 O9 N2 P1,26,25,9,2,1,-9999,-9999,-9999
859,539.121843,539.122071495,539.122219611,8028129,-9999,548877.1,13.45,-1,-0.274735639,0.986397672,0,0.591838603,2,0.875,2,N2 S2 O14,de-protonated,0,-9999,C16 H32 O14 N2 S2,16,32,14,2,-9999,2,-9999,-9999
859,539.121843,539.122071495,539.121706546,8028129,-9999,548877.1,13.45,-1,0.676930938,0.920216576,0,0.552129945,20,0.103448276,0.827586207,N4 S2 O3,de-protonated,0,-9999,C29 H24 O3 N4 S2,29,24,3,4,-9999,2,-9999,-9999
859,539.121843,539.122071495,539.121839488,8028129,-9999,548877.1,13.45,-1,0.430341372,0.966955162,0,0.580173097,7,0.611111111,1.611111111,N4 S1 P1 O11,de-protonated,0,-9999,C18 H29 O11 N4 P1 S1,18,29,11,4,1,1,-9999,-9999
860,539.226303,539.226531551,539.226154361,7315451.5,-9999,546636.2,12.09,-1,0.699502758,0.915043579,0,0.549026147,17,0.117647059,1.058823529,S1 O4,de-protonated,0,-9999,C34 H36 O4 S1,34,36,4,-9999,-9999,1,-9999,-9999
860,539.226303,539.226531551,539.226287302,7315451.5,-9999,546636.2,12.09,-1,0.452960951,0.963455976,0,0.578073585,4,0.52173913,1.782608696,P1 O12,de-protonated,0,-9999,C23 H41 O12 P1,23,41,12,-9999,1,-9999,-9999,-9999
861,539.262612,539.26284057,539.26253987,8142853,-9999,559858.6,13.67,-1,0.557614064,0.945143544,0,0.567086126,16,0.085714286,1.142857143,S1 O3,de-protonated,0,-9999,C35 H40 O3 S1,35,40,3,-9999,-9999,1,-9999,-9999
861,539.262612,539.26284057,539.262672812,8142853,-9999,559858.6,13.67,-1,0.311088928,0.982593341,0,0.589556005,3,0.458333333,1.875,P1 O11,de-protonated,0,-9999,C24 H45 O11 P1,24,45,11,-9999,1,-9999,-9999,-9999
862,540.127531,540.127760036,540.127502946,9142499,-9999,542772.6,15.59,-1,0.475979953,0.959725038,0,0.575835023,24,0.117647059,0.676470588,N1 S1 O4,de-protonated,0,-9999,C34 H23 O4 N1 S1,34,23,4,1,-9999,1,-9999,-9999
862,540.127531,540.127760036,540.127635888,9142499,-9999,542772.6,15.59,-1,0.229849623,0.990459712,0,0.594275827,11,0.52173913,1.217391304,N1 P1 O12,de-protonated,0,-9999,C23 H28 O12 N1 P1,23,28,12,1,1,-9999,-9999,-9999
863,541.18434,541.184569605,541.184289548,40993268,-9999,527528.4,76.7,-1,0.517489381,0.948604182,0.921167013,0.937629314,22,0.083333333,0.833333333,S1 O3,de-protonated,0,-9999,C36 H30 O3 S1,36,30,3,-9999,-9999,1,-9999,-9999
863,541.18434,541.184569605,541.184422489,40993268,-9999,527528.4,76.7,-1,0.271839667,0.9844157,0.988572237,0.986078314,9,0.44,1.4,P1 O11,de-protonated,0,-9999,C25 H35 O11 P1,25,35,11,-9999,1,-9999,-9999,-9999
864,541.301511,541.301740668,541.301821226,10256916,-9999,572496.6,17.73,-1,-0.148822841,0.995989296,0,0.597593577,6,0.357142857,1.642857143,O10,de-protonated,0,-9999,C28 H46 O10,28,46,10,-9999,-9999,-9999,-9999,-9999
864,541.301511,541.301740668,541.301659035,10256916,-9999,572496.6,17.73,-1,0.150809172,0.995881742,0,0.597529045,1,0.173913043,2.217391304,N4 S2 P1 O4,de-protonated,0,-9999,C23 H51 O4 N4 P1 S2,23,51,4,4,1,2,-9999,-9999
865,541.337995,541.338224688,541.338206735,8552990,-9999,550003.4,14.46,-1,0.033162658,0.99980047,0,0.599880282,5,0.310344828,1.724137931,O9,de-protonated,0,-9999,C29 H50 O9,29,50,9,-9999,-9999,-9999,-9999,-9999
865,541.337995,541.338224688,541.338695993,8552990,-9999,550003.4,14.46,-1,-0.870628941,0.871501971,0,0.522901183,9,0.03125,1.59375,N2 S1 P1 O1,de-protonated,0,-9999,C32 H51 O1 N2 P1 S1,32,51,1,2,1,1,-9999,-9999
865,541.337995,541.338224688,541.338044544,8552990,-9999,550003.4,14.46,-1,0.332774587,0.980107095,0,0.588064257,0,0.125,2.291666667,N4 S2 P1 O3,de-protonated,0,-9999,C24 H55 O3 N4 P1 S2,24,55,3,4,1,2,-9999,-9999
866,542.14321,542.143440121,542.143153011,20808436,-9999,539690.5,37.97,-1,0.529584154,0.475192086,0.73113591,0.577569615,23,0.117647059,0.735294118,N1 S1 O4,de-protonated,0,-9999,C34 H25 O4 N1 S1,34,25,4,1,-9999,1,-9999,-9999
866,542.14321,542.143440121,542.143285952,20808436,-9999,539690.5,37.97,-1,0.284368906,0.985434153,0,0.591260492,10,0.52173913,1.304347826,N1 P1 O12,de-protonated,0,-9999,C23 H30 O12 N1 P1,23,30,12,1,1,-9999,-9999,-9999
867,542.187718,542.187948145,542.187644383,10339071,-9999,548539.3,17.89,-1,0.560252828,0.944637805,0.921167013,0.935249488,22,0.083333333,0.833333333,13C1 S1 O3,de-protonated,1,863,C35 H30 O3 S1 13C1,35,30,3,-9999,-9999,1,1,-9999
867,542.187718,542.187948145,542.187777324,10339071,-9999,548539.3,17.89,-1,0.315057695,0.982150384,0.988572237,0.984719125,9,0.44,1.4,13C1 P1 O11,de-protonated,1,863,C24 H35 O11 P1 13C1,24,35,11,-9999,1,-9999,1,-9999
867,542.187718,542.187948145,542.18791367,10339071,-9999,548539.3,17.89,-1,0.063584618,0.999266671,0,0.599560003,9,0.541666667,1.375,N1 O13,de-protonated,0,-9999,C24 H33 O13 N1,24,33,13,1,-9999,-9999,-9999,-9999
867,542.187718,542.187948145,542.188402927,10339071,-9999,548539.3,17.89,-1,-0.838790605,0.880151001,0,0.528090601,13,0.185185185,1.259259259,N3 S1 P1 O5,de-protonated,0,-9999,C27 H34 O5 N3 P1 S1,27,34,5,3,1,1,-9999,-9999
868,543.181403,543.18163368,543.181312168,12960777,-9999,528650,22.91,-1,0.591905989,0.938407455,0,0.563044473,22,0.171428571,0.8,O6,de-protonated,0,-9999,C35 H28 O6,35,28,6,-9999,-9999,-9999,-9999,-9999
869,543.280831,543.281061733,543.281085781,10519588,-9999,545175,18.23,-1,-0.044263895,0.999644552,0,0.599786731,6,0.407407407,1.62962963,O11,de-protonated,0,-9999,C27 H44 O11,27,44,11,-9999,-9999,-9999,-9999,-9999
869,543.280831,543.281061733,543.281575038,10519588,-9999,545175,18.23,-1,-0.944823294,0.850460238,0,0.510276143,10,0.1,1.5,N2 S1 P1 O3,de-protonated,0,-9999,C30 H45 O3 N2 P1 S1,30,45,3,2,1,1,-9999,-9999
869,543.280831,543.281061733,543.28092359,10519588,-9999,545175,18.23,-1,0.254276539,0.988336702,0,0.593002021,1,0.227272727,2.227272727,N4 S2 P1 O5,de-protonated,0,-9999,C22 H49 O5 N4 P1 S2,22,49,5,4,1,2,-9999,-9999
870,543.317171,543.317401753,543.31747129,11748398,-9999,493978.5,20.59,-1,-0.127986913,0.997032165,0,0.598219299,5,0.357142857,1.714285714,O10,de-protonated,0,-9999,C28 H48 O10,28,48,10,-9999,-9999,-9999,-9999,-9999
870,543.317171,543.317401753,543.317309099,11748398,-9999,493978.5,20.59,-1,0.170533504,0.994737066,0,0.59684224,0,0.173913043,2.304347826,N4 S2 P1 O4,de-protonated,0,-9999,C23 H53 O4 N4 P1 S2,23,53,4,4,1,2,-9999,-9999
871,544.140298,544.140529196,544.14104501,7316750,-9999,568862.1,12.09,-1,-0.947942247,0.84954973600000006,0,0.509729842,22,0.058823529,0.794117647,N1 S2 O2,de-protonated,0,-9999,C34 H27 O2 N1 S2,34,27,2,1,-9999,2,-9999,-9999
871,544.140298,544.140529196,544.14017563,7316750,-9999,568862.1,12.09,-1,0.649769307,0.926253186,0,0.555751911,23,0.212121212,0.696969697,N1 O7,de-protonated,0,-9999,C33 H23 O7 N1,33,23,7,1,-9999,-9999,-9999,-9999
871,544.140298,544.140529196,544.140526503,7316750,-9999,568862.1,12.09,-1,0.004948474,0.999995557,0,0.599997334,0,0.8,2.4,N3 S2 P1 O12,de-protonated,0,-9999,C15 H36 O12 N3 P1 S2,15,36,12,3,1,2,-9999,-9999
872,545.251978,545.252209794,545.251975186,8390208,-9999,597216.8,14.14,-1,0.430275233,0.966965149,0,0.580179089,19,0.054054054,1.027027027,S1 O2,de-protonated,0,-9999,C37 H38 O2 S1,37,38,2,-9999,-9999,1,-9999,-9999
872,545.251978,545.252209794,545.252108128,8390208,-9999,597216.8,14.14,-1,0.186458135,0.993711496,0,0.596226897,6,0.384615385,1.653846154,P1 O10,de-protonated,0,-9999,C26 H43 O10 P1,26,43,10,-9999,1,-9999,-9999,-9999
873,545.296443,545.296674818,545.296735846,7923276,-9999,538108.7,13.25,-1,-0.111915605,0.997729917,0,0.59863795,5,0.407407407,1.703703704,O11,de-protonated,0,-9999,C27 H46 O11,27,46,11,-9999,-9999,-9999,-9999,-9999
873,545.296443,545.296674818,545.296573654,7923276,-9999,538108.7,13.25,-1,0.185521276,0.993774333,0,0.5962646,0,0.227272727,2.318181818,N4 S2 P1 O5,de-protonated,0,-9999,C22 H51 O5 N4 P1 S2,22,51,5,4,1,2,-9999,-9999
874,545.332796,545.333027838,545.333121355,8046166.5,-9999,522817.2,13.48,-1,-0.171486,0.994678268,0,0.596806961,4,0.357142857,1.785714286,O10,de-protonated,0,-9999,C28 H50 O10,28,50,10,-9999,-9999,-9999,-9999,-9999
875,546.255352,546.255584334,546.255599308,8423256,-9999,530180.8,14.21,-1,-0.02741188,0.999863667,0,0.5999182,6,0.48,1.64,N1 O12,de-protonated,0,-9999,C25 H41 O12 N1,25,41,12,1,-9999,-9999,-9999,-9999
875,546.255352,546.255584334,546.255086244,8423256,-9999,530180.8,14.21,-1,0.911827403,0.859966591,0,0.515979954,24,0.026315789,0.868421053,N3 O1,de-protonated,0,-9999,C38 H33 O1 N3,38,33,1,3,-9999,-9999,-9999,-9999
875,546.255352,546.255584334,546.256088566,8423256,-9999,530180.8,14.21,-1,-0.923067502,0.856754377,0,0.514052626,10,0.142857143,1.5,N3 S1 P1 O4,de-protonated,0,-9999,C28 H42 O4 N3 P1 S1,28,42,4,3,1,1,-9999,-9999
876,547.231312,547.23154486,547.231239741,9504875,-9999,491108.7,16.28,-1,0.557568252,0.945152305,0,0.567091383,19,0.083333333,1,S1 O3,de-protonated,0,-9999,C36 H36 O3 S1,36,36,3,-9999,-9999,1,-9999,-9999
876,547.231312,547.23154486,547.231372683,9504875,-9999,491108.7,16.28,-1,0.314632977,0.982198046,0,0.589318827,6,0.44,1.64,P1 O11,de-protonated,0,-9999,C25 H41 O11 P1,25,41,11,-9999,1,-9999,-9999,-9999
877,547.267643,547.267875879,547.26762525,18221174,-9999,521537.9,33,-1,0.457964187,0.958806505,0.933796381,0.948802455,18,0.054054054,1.081081081,S1 O2,de-protonated,0,-9999,C37 H40 O2 S1,37,40,2,-9999,-9999,1,-9999,-9999
877,547.267643,547.267875879,547.267758192,18221174,-9999,521537.9,33,-1,0.215045087,0.991644122,0,0.594986473,5,0.384615385,1.730769231,P1 O10,de-protonated,0,-9999,C26 H45 O10 P1,26,45,10,-9999,1,-9999,-9999,-9999
878,547.30406,547.304292899,547.30401076,10684543,-9999,513465,18.55,-1,0.515507324,0.952924512,0,0.571754707,17,0.026315789,1.157894737,S1 O1,de-protonated,0,-9999,C38 H44 O1 S1,38,44,1,-9999,-9999,1,-9999,-9999
878,547.30406,547.304292899,547.304143701,10684543,-9999,513465,18.55,-1,0.27260436,0.986606481,0,0.591963889,4,0.333333333,1.814814815,P1 O9,de-protonated,0,-9999,C27 H49 O9 P1,27,49,9,-9999,1,-9999,-9999,-9999
879,548.271023,548.27125642,548.270980085,9898387,-9999,514764.3,17.04,-1,0.504009918,0.95495345,0.933796381,0.946490622,18,0.054054054,1.081081081,13C1 S1 O2,de-protonated,1,877,C36 H40 O2 S1 13C1,36,40,2,-9999,-9999,1,1,-9999
879,548.271023,548.27125642,548.271249373,9898387,-9999,514764.3,17.04,-1,0.01285251,0.999970027,0,0.599982016,5,0.48,1.72,N1 O12,de-protonated,0,-9999,C25 H43 O12 N1,25,43,12,1,-9999,-9999,-9999,-9999
879,548.271023,548.27125642,548.270736309,9898387,-9999,514764.3,17.04,-1,0.948638834,0.849346108,0,0.509607665,23,0.026315789,0.921052632,N3 O1,de-protonated,0,-9999,C38 H35 O1 N3,38,35,1,3,-9999,-9999,-9999,-9999
879,548.271023,548.27125642,548.27173863,9898387,-9999,514764.3,17.04,-1,-0.879510385,0.869047454,0,0.521428472,9,0.142857143,1.571428571,N3 S1 P1 O4,de-protonated,0,-9999,C28 H44 O4 N3 P1 S1,28,44,4,3,1,1,-9999,-9999
880,549.246932,549.247165945,549.246889806,14551724,-9999,490615.9,25.96,-1,0.502759868,0.955171543,0,0.573102926,18,0.083333333,1.055555556,S1 O3,de-protonated,0,-9999,C36 H38 O3 S1,36,38,3,-9999,-9999,1,-9999,-9999
880,549.246932,549.247165945,549.247022747,14551724,-9999,490615.9,25.96,-1,0.26071614,0.987742153,0,0.592645292,5,0.44,1.72,P1 O11,de-protonated,0,-9999,C25 H43 O11 P1,25,43,11,-9999,1,-9999,-9999,-9999
881,549.283338,549.283571964,549.283275315,15731383,-9999,528231.4,28.23,-1,0.540066581,0.47422629,0.714192896,0.570212933,17,0.054054054,1.135135135,S1 O2,de-protonated,0,-9999,C37 H42 O2 S1,37,42,2,-9999,-9999,1,-9999,-9999
881,549.283338,549.283571964,549.283408257,15731383,-9999,528231.4,28.23,-1,0.298038878,0.984011619,0,0.590406972,4,0.384615385,1.807692308,P1 O10,de-protonated,0,-9999,C26 H47 O10 P1,26,47,10,-9999,1,-9999,-9999,-9999
882,549.319738,549.319971984,549.319660824,11471553,-9999,534137.4,20.05,-1,0.566445745,0.943442587,0,0.566065552,16,0.026315789,1.210526316,S1 O1,de-protonated,0,-9999,C38 H46 O1 S1,38,46,1,-9999,-9999,1,-9999,-9999
882,549.319738,549.319971984,549.319793766,11471553,-9999,534137.4,20.05,-1,0.324434066,0.981082399,0,0.588649439,3,0.333333333,1.888888889,P1 O9,de-protonated,0,-9999,C27 H51 O9 P1,27,51,9,-9999,1,-9999,-9999,-9999
883,551.226199,551.22643401,551.226154361,9211118,-9999,529105.5,15.72,-1,0.507322812,0.954373079,0,0.572623847,18,0.114285714,1.028571429,S1 O4,de-protonated,0,-9999,C35 H36 O4 S1,35,36,4,-9999,-9999,1,-9999,-9999
883,551.226199,551.22643401,551.226287302,9211118,-9999,529105.5,15.72,-1,0.266148179,0.987229355,0,0.592337613,5,0.5,1.708333333,P1 O12,de-protonated,0,-9999,C24 H41 O12 P1,24,41,12,-9999,1,-9999,-9999,-9999
884,551.262576,551.26281103,551.26253987,13208824,-9999,523059.1,23.39,-1,0.491888736,0.957047426,0,0.574228456,17,0.083333333,1.111111111,S1 O3,de-protonated,0,-9999,C36 H40 O3 S1,36,40,3,-9999,-9999,1,-9999,-9999
884,551.262576,551.26281103,551.262672812,13208824,-9999,523059.1,23.39,-1,0.250730026,0.988657941,0,0.593194765,4,0.44,1.8,P1 O11,de-protonated,0,-9999,C25 H45 O11 P1,25,45,11,-9999,1,-9999,-9999,-9999
885,551.298931,551.299166049,551.298925379,12848387,-9999,529535.3,22.69,-1,0.436550921,0.966011159,0,0.579606695,16,0.054054054,1.189189189,S1 O2,de-protonated,0,-9999,C37 H44 O2 S1,37,44,2,-9999,-9999,1,-9999,-9999
885,551.298931,551.299166049,551.299058321,12848387,-9999,529535.3,22.69,-1,0.19540814,0.993095448,0,0.595857269,3,0.384615385,1.884615385,P1 O10,de-protonated,0,-9999,C26 H49 O10 P1,26,49,10,-9999,1,-9999,-9999,-9999
886,552.221496,552.221731546,552.221403333,8588820,-9999,537305.4,14.52,-1,0.59435067,0.937913791,0,0.562748274,18,0.117647059,1.029411765,N1 S1 O4,de-protonated,0,-9999,C34 H35 O4 N1 S1,34,35,4,1,-9999,1,-9999,-9999
886,552.221496,552.221731546,552.221536275,8588820,-9999,537305.4,14.52,-1,0.353610676,0.977567011,0,0.586540206,5,0.52173913,1.739130435,N1 P1 O12,de-protonated,0,-9999,C23 H40 O12 N1 P1,23,40,12,1,1,-9999,-9999,-9999
887,553.278198,553.278434115,553.278189934,8376142.5,-9999,574075.5,14.11,-1,0.441333794,0.965275466,0,0.579165279,16,0.083333333,1.166666667,S1 O3,de-protonated,0,-9999,C36 H42 O3 S1,36,42,3,-9999,-9999,1,-9999,-9999
887,553.278198,553.278434115,553.278322876,8376142.5,-9999,574075.5,14.11,-1,0.201053662,0.99269221,0,0.595615326,3,0.44,1.88,P1 O11,de-protonated,0,-9999,C25 H47 O11 P1,25,47,11,-9999,1,-9999,-9999,-9999
888,554.237033,554.237269631,554.237053397,8360046,-9999,579424.8,14.08,-1,0.390146495,0.972758837,0,0.583655302,17,0.117647059,1.088235294,N1 S1 O4,de-protonated,0,-9999,C34 H37 O4 N1 S1,34,37,4,1,-9999,1,-9999,-9999
888,554.237033,554.237269631,554.237186339,8360046,-9999,579424.8,14.08,-1,0.150282074,0.995910421,0,0.597546252,4,0.52173913,1.826086957,N1 P1 O12,de-protonated,0,-9999,C23 H42 O12 N1 P1,23,42,12,1,1,-9999,-9999,-9999
889,555.272767,555.273004188,555.272710631,9163175,-9999,522003.8,15.58,-1,0.528672873,0.950550487,0,0.570330292,20,0.025641026,1.025641026,S1 O1,de-protonated,0,-9999,C39 H40 O1 S1,39,40,1,-9999,-9999,1,-9999,-9999
889,555.272767,555.273004188,555.272843573,9163175,-9999,522003.8,15.58,-1,0.289255797,0.984933045,0,0.590959827,7,0.321428571,1.607142857,P1 O9,de-protonated,0,-9999,C28 H45 O9 P1,28,45,9,-9999,1,-9999,-9999,-9999
890,555.317251,555.317488212,555.31747129,10817972,-9999,524802.8,18.74,-1,0.030472649,0.999831524,0,0.599898914,6,0.344827586,1.655172414,O10,de-protonated,0,-9999,C29 H48 O10,29,48,10,-9999,-9999,-9999,-9999,-9999
890,555.317251,555.317488212,555.317960548,10817972,-9999,524802.8,18.74,-1,-0.850567404,0.876979417,0,0.52618765,10,0.0625,1.53125,N2 S1 P1 O2,de-protonated,0,-9999,C32 H49 O2 N2 P1 S1,32,49,2,2,1,1,-9999,-9999
890,555.317251,555.317488212,555.317309099,10817972,-9999,524802.8,18.74,-1,0.322542304,0.981300301,0,0.588780181,1,0.166666667,2.208333333,N4 S2 P1 O4,de-protonated,0,-9999,C24 H53 O4 N4 P1 S2,24,53,4,4,1,2,-9999,-9999
891,555.353564,555.353801232,555.3538568,7352767.5,-9999,538234.1,12.11,-1,-0.100058383,0.998185043,0,0.598911026,5,0.3,1.733333333,O9,de-protonated,0,-9999,C30 H52 O9,30,52,9,-9999,-9999,-9999,-9999,-9999
891,555.353564,555.353801232,555.354346057,7352767.5,-9999,538234.1,12.11,-1,-0.981040597,0.839764661,0,0.503858797,9,0.03030303,1.606060606,N2 S1 P1 O1,de-protonated,0,-9999,C33 H53 O1 N2 P1 S1,33,53,1,2,1,1,-9999,-9999
891,555.353564,555.353801232,555.353694608,7352767.5,-9999,538234.1,12.11,-1,0.191992098,0.993333944,0,0.596000366,0,0.12,2.28,N4 S2 P1 O3,de-protonated,0,-9999,C25 H57 O3 N4 P1 S2,25,57,3,4,1,2,-9999,-9999
892,556.12243,556.122667646,556.122417566,20976296,-9999,515470,38.17,-1,0.449685493,0.959150534,0.997697423,0.97456929,24,0.147058824,0.676470588,N1 S1 O5,de-protonated,0,-9999,C34 H23 O5 N1 S1,34,23,5,1,-9999,1,-9999,-9999
892,556.12243,556.122667646,556.122550507,20976296,-9999,515470,38.17,-1,0.210634245,0.991982022,0,0.595189213,11,0.565217391,1.217391304,N1 P1 O13,de-protonated,0,-9999,C23 H28 O13 N1 P1,23,28,13,1,1,-9999,-9999,-9999
893,557.125817,557.126055186,557.125772401,7623643,-9999,545306.6,12.63,-1,0.507578792,0.954328091,0.997697423,0.971675824,24,0.147058824,0.676470588,13C1 N1 S1 O5,de-protonated,1,892,C33 H23 O5 N1 S1 13C1,33,23,5,1,-9999,1,1,-9999
893,557.125817,557.126055186,557.126041688,7623643,-9999,545306.6,12.63,-1,0.024227689,0.999893499,0,0.599936099,11,0.681818182,1.181818182,N2 O15,de-protonated,0,-9999,C22 H26 O15 N2,22,26,15,2,-9999,-9999,-9999,-9999
893,557.125817,557.126055186,557.125528624,7623643,-9999,545306.6,12.63,-1,0.945140905,0.850367612,0,0.510220567,29,0.114285714,0.514285714,N4 O4,de-protonated,0,-9999,C35 H18 O4 N4,35,18,4,4,-9999,-9999,-9999,-9999
893,557.125817,557.126055186,557.126530945,7623643,-9999,545306.6,12.63,-1,-0.853952284,0.8760618,0,0.52563708,15,0.28,1.08,N4 S1 P1 O7,de-protonated,0,-9999,C25 H27 O7 N4 P1 S1,25,27,7,4,1,1,-9999,-9999
894,557.29648,557.296718278,557.296735846,10327055,-9999,507914.7,17.8,-1,-0.031523094,0.99981971,0,0.599891826,6,0.392857143,1.642857143,O11,de-protonated,0,-9999,C28 H46 O11,28,46,11,-9999,-9999,-9999,-9999,-9999
894,557.29648,557.296718278,557.297225103,10327055,-9999,507914.7,17.8,-1,-0.909434041,0.860647028,0,0.516388217,10,0.096774194,1.516129032,N2 S1 P1 O3,de-protonated,0,-9999,C31 H47 O3 N2 P1 S1,31,47,3,2,1,1,-9999,-9999
894,557.29648,557.296718278,557.296573654,10327055,-9999,507914.7,17.8,-1,0.25950924399999997,0.987854687,0,0.592712812,1,0.217391304,2.217391304,N4 S2 P1 O5,de-protonated,0,-9999,C23 H51 O5 N4 P1 S2,23,51,5,4,1,2,-9999,-9999
895,557.332852,557.333090297,557.333121355,10933274,-9999,492830.1,18.96,-1,-0.05572518,0.999436707,0,0.599662024,5,0.344827586,1.724137931,O10,de-protonated,0,-9999,C29 H50 O10,29,50,10,-9999,-9999,-9999,-9999,-9999
895,557.332852,557.333090297,557.333610612,10933274,-9999,492830.1,18.96,-1,-0.933578791,0.853725884,0,0.512235531,9,0.0625,1.59375,N2 S1 P1 O2,de-protonated,0,-9999,C32 H51 O2 N2 P1 S1,32,51,2,2,1,1,-9999,-9999
895,557.332852,557.333090297,557.332959164,10933274,-9999,492830.1,18.96,-1,0.235288151,0.990005191,0,0.594003115,0,0.166666667,2.291666667,N4 S2 P1 O4,de-protonated,0,-9999,C24 H55 O4 N4 P1 S2,24,55,4,4,1,2,-9999,-9999
896,559.303986,559.304225358,559.30401076,8328825,-9999,561328.6,13.98,-1,0.383688761,0.97364127600000006,0,0.584184766,18,0.025641026,1.128205128,S1 O1,de-protonated,0,-9999,C39 H44 O1 S1,39,44,1,-9999,-9999,1,-9999,-9999
896,559.303986,559.304225358,559.304143701,8328825,-9999,561328.6,13.98,-1,0.145997367,0.996139849,0,0.597683909,5,0.321428571,1.75,P1 O9,de-protonated,0,-9999,C28 H49 O9 P1,28,49,9,-9999,1,-9999,-9999,-9999
897,559.312057,559.312296363,559.31238591,9508475,-9999,554582.4,16.23,-1,-0.160102324,0.99535977,0,0.597215862,5,0.392857143,1.714285714,O11,de-protonated,0,-9999,C28 H48 O11,28,48,11,-9999,-9999,-9999,-9999,-9999
897,559.312057,559.312296363,559.312223719,9508475,-9999,554582.4,16.23,-1,0.129881154,0.996943801,0,0.598166281,0,0.217391304,2.304347826,N4 S2 P1 O5,de-protonated,0,-9999,C23 H53 O5 N4 P1 S2,23,53,5,4,1,2,-9999,-9999
898,560.27104,560.271279879,560.271249373,7370660,-9999,488120.7,12.14,-1,0.05444889,0.999462207,0,0.599677324,6,0.461538462,1.653846154,N1 O12,de-protonated,0,-9999,C26 H43 O12 N1,26,43,12,1,-9999,-9999,-9999,-9999
898,560.27104,560.271279879,560.270736309,7370660,-9999,488120.7,12.14,-1,0.970192378,0.842996229,0,0.505797737,24,0.025641026,0.897435897,N3 O1,de-protonated,0,-9999,C39 H35 O1 N3,39,35,1,3,-9999,-9999,-9999,-9999
898,560.27104,560.271279879,560.27173863,7370660,-9999,488120.7,12.14,-1,-0.818801254,0.885458544,0,0.531275126,10,0.137931034,1.517241379,N3 S1 P1 O4,de-protonated,0,-9999,C29 H44 O4 N3 P1 S1,29,44,4,3,1,1,-9999,-9999
899,561.246887,561.247127404,561.246889806,8935635,-9999,537948.8,15.14,-1,0.42334087,0.968004272,0,0.580802563,19,0.081081081,1.027027027,S1 O3,de-protonated,0,-9999,C37 H38 O3 S1,37,38,3,-9999,-9999,1,-9999,-9999
899,561.246887,561.247127404,561.247022747,8935635,-9999,537948.8,15.14,-1,0.186472288,0.993710544,0,0.596226326,6,0.423076923,1.653846154,P1 O11,de-protonated,0,-9999,C26 H43 O11 P1,26,43,11,-9999,1,-9999,-9999,-9999
900,561.283318,561.283558424,561.283275315,11851998,-9999,527578.9,20.72,-1,0.504395943,0.954886001,0,0.572931601,18,0.052631579,1.105263158,S1 O2,de-protonated,0,-9999,C38 H42 O2 S1,38,42,2,-9999,-9999,1,-9999,-9999
900,561.283318,561.283558424,561.283408257,11851998,-9999,527578.9,20.72,-1,0.267542697,0.987096047,0,0.592257628,5,0.37037037,1.740740741,P1 O10,de-protonated,0,-9999,C27 H47 O10 P1,27,47,10,-9999,1,-9999,-9999,-9999
901,561.319641,561.319881443,561.319660824,9099498,-9999,563518.9,15.45,-1,0.393036668,0.972359392,0,0.583415635,17,0.025641026,1.179487179,S1 O1,de-protonated,0,-9999,C39 H46 O1 S1,39,46,1,-9999,-9999,1,-9999,-9999
901,561.319641,561.319881443,561.319793766,9099498,-9999,563518.9,15.45,-1,0.156198802,0.995582788,0,0.597349673,4,0.321428571,1.821428571,P1 O9,de-protonated,0,-9999,C28 H51 O9 P1,28,51,9,-9999,1,-9999,-9999,-9999
902,562.286633,562.286873964,562.286899437,8075799,-9999,506734.9,13.49,-1,-0.045303099,0.999627669,0,0.599776602,5,0.461538462,1.730769231,N1 O12,de-protonated,0,-9999,C26 H45 O12 N1,26,45,12,1,-9999,-9999,-9999,-9999
902,562.286633,562.286873964,562.286386373,8075799,-9999,506734.9,13.49,-1,0.867157596,0.872456423,0,0.523473854,23,0.025641026,0.948717949,N3 O1,de-protonated,0,-9999,C39 H37 O1 N3,39,37,1,3,-9999,-9999,-9999,-9999
902,562.286633,562.286873964,562.287388695,8075799,-9999,506734.9,13.49,-1,-0.915422788,0.858942072,0,0.515365243,9,0.137931034,1.586206897,N3 S1 P1 O4,de-protonated,0,-9999,C29 H46 O4 N3 P1 S1,29,46,4,3,1,1,-9999,-9999
903,563.226156,563.22639747,563.226154361,7846716,-9999,492504.3,13.05,-1,0.431636661,0.966759287,0,0.580055572,19,0.111111111,1,S1 O4,de-protonated,0,-9999,C36 H36 O4 S1,36,36,4,-9999,-9999,1,-9999,-9999
903,563.226156,563.22639747,563.226287302,7846716,-9999,492504.3,13.05,-1,0.19560047,0.993081897,0,0.595849138,6,0.48,1.64,P1 O12,de-protonated,0,-9999,C25 H41 O12 P1,25,41,12,-9999,1,-9999,-9999,-9999
904,563.262568,563.262809489,563.26253987,13048648,-9999,542858.7,23,-1,0.478674309,0.959277221,0,0.575566333,18,0.081081081,1.081081081,S1 O3,de-protonated,0,-9999,C37 H40 O3 S1,37,40,3,-9999,-9999,1,-9999,-9999
904,563.262568,563.262809489,563.262672812,13048648,-9999,542858.7,23,-1,0.242653354,0.989373053,0,0.593623832,5,0.423076923,1.730769231,P1 O11,de-protonated,0,-9999,C26 H45 O11 P1,26,45,11,-9999,1,-9999,-9999,-9999
905,563.298973,563.299214509,563.298925379,15342419,-9999,510628.9,27.39,-1,0.513279078,0.476660482,0.70871839,0.569483645,17,0.052631579,1.157894737,S1 O2,de-protonated,0,-9999,C38 H44 O2 S1,38,44,2,-9999,-9999,1,-9999,-9999
905,563.298973,563.299214509,563.299058321,15342419,-9999,510628.9,27.39,-1,0.277273361,0.98614698,0,0.591688188,4,0.37037037,1.814814815,P1 O10,de-protonated,0,-9999,C27 H49 O10 P1,27,49,10,-9999,1,-9999,-9999,-9999
906,563.335359,563.335600528,563.335310889,9853790,-9999,577494.2,16.89,-1,0.514151668,0.953165897,0,0.571899538,16,0.025641026,1.230769231,S1 O1,de-protonated,0,-9999,C39 H48 O1 S1,39,48,1,-9999,-9999,1,-9999,-9999
906,563.335359,563.335600528,563.33544383,9853790,-9999,577494.2,16.89,-1,0.278161193,0.986058745,0,0.591635247,3,0.321428571,1.892857143,P1 O9,de-protonated,0,-9999,C28 H53 O9 P1,28,53,9,-9999,1,-9999,-9999,-9999
907,565.241775,565.242017555,565.241804425,8035763,-9999,561333.8,13.41,-1,0.377059131,0.974532694,0,0.584719617,18,0.111111111,1.055555556,S1 O4,de-protonated,0,-9999,C36 H38 O4 S1,36,38,4,-9999,-9999,1,-9999,-9999
907,565.241775,565.242017555,565.241937367,8035763,-9999,561333.8,13.41,-1,0.141864657,0.996354899,0,0.59781294,5,0.48,1.72,P1 O12,de-protonated,0,-9999,C25 H43 O12 P1,25,43,12,-9999,1,-9999,-9999,-9999
908,565.278195,565.278437574,565.278189934,13671870,-9999,517502,24.19,-1,0.438084898,0.965776018,0,0.579465611,17,0.081081081,1.135135135,S1 O3,de-protonated,0,-9999,C37 H42 O3 S1,37,42,3,-9999,-9999,1,-9999,-9999
908,565.278195,565.278437574,565.278322876,13671870,-9999,517502,24.19,-1,0.202905548,0.992557471,0,0.595534483,4,0.423076923,1.807692308,P1 O11,de-protonated,0,-9999,C26 H47 O11 P1,26,47,11,-9999,1,-9999,-9999,-9999
909,565.314608,565.314850594,565.314575444,9084362,-9999,531082.5,15.42,-1,0.486720316,0.957926153,0,0.574755692,16,0.052631579,1.210526316,S1 O2,de-protonated,0,-9999,C38 H46 O2 S1,38,46,2,-9999,-9999,1,-9999,-9999
909,565.314608,565.314850594,565.314708386,9084362,-9999,531082.5,15.42,-1,0.251556092,0.988583511,0,0.593150106,3,0.37037037,1.888888889,P1 O10,de-protonated,0,-9999,C27 H51 O10 P1,27,51,10,-9999,1,-9999,-9999,-9999
910,566.237109,566.23735209,566.237053397,8019691,-9999,548728,13.38,-1,0.527505503,0.950763166,0,0.5704579,18,0.114285714,1.057142857,N1 S1 O4,de-protonated,0,-9999,C35 H37 O4 N1 S1,35,37,4,1,-9999,1,-9999,-9999
910,566.237109,566.23735209,566.237186339,8019691,-9999,548728,13.38,-1,0.292724384,0.984572348,0,0.590743409,5,0.5,1.75,N1 P1 O12,de-protonated,0,-9999,C24 H42 O12 N1 P1,24,42,12,1,1,-9999,-9999,-9999
911,566.273481,566.27372411,566.273438907,7880438.5,-9999,477671.8,13.12,-1,0.503649599,0.955016364,0,0.573009819,17,0.083333333,1.138888889,N1 S1 O3,de-protonated,0,-9999,C36 H41 O3 N1 S1,36,41,3,1,-9999,1,-9999,-9999
911,566.273481,566.27372411,566.273571848,7880438.5,-9999,477671.8,13.12,-1,0.268883571,0.986967227,0,0.592180336,4,0.44,1.84,N1 P1 O11,de-protonated,0,-9999,C25 H46 O11 N1 P1,25,46,11,1,1,-9999,-9999,-9999
912,567.257469,567.25771264,567.25745449,7528491,-9999,562388.7,12.44,-1,0.455084634,0.963118916,0,0.577871349,17,0.111111111,1.111111111,S1 O4,de-protonated,0,-9999,C36 H40 O4 S1,36,40,4,-9999,-9999,1,-9999,-9999
912,567.257469,567.25771264,567.257587431,7528491,-9999,562388.7,12.44,-1,0.220725864,0.991198796,0,0.594719278,4,0.48,1.8,P1 O12,de-protonated,0,-9999,C25 H45 O12 P1,25,45,12,-9999,1,-9999,-9999,-9999
913,568.252785,568.253029175,568.252703462,8085859,-9999,581271.6,13.51,-1,0.573184636,0.942128817,0,0.56527729,17,0.114285714,1.114285714,N1 S1 O4,de-protonated,0,-9999,C35 H39 O4 N1 S1,35,39,4,1,-9999,1,-9999,-9999
913,568.252785,568.253029175,568.252836403,8085859,-9999,581271.6,13.51,-1,0.339236299,0.979335161,0,0.587601097,4,0.5,1.833333333,N1 P1 O12,de-protonated,0,-9999,C24 H44 O12 N1 P1,24,44,12,1,1,-9999,-9999,-9999
914,569.29641,569.296654737,569.296735846,7856810,-9999,514410.8,13.07,-1,-0.142471005,0.996323731,0,0.597794239,7,0.379310345,1.586206897,O11,de-protonated,0,-9999,C29 H46 O11,29,46,11,-9999,-9999,-9999,-9999,-9999
914,569.29641,569.296654737,569.296573654,7856810,-9999,514410.8,13.07,-1,0.142426734,0.996326011,0,0.597795607,2,0.208333333,2.125,N4 S2 P1 O5,de-protonated,0,-9999,C24 H51 O5 N4 P1 S2,24,51,5,4,1,2,-9999,-9999
915,569.332765,569.333009757,569.333121355,8905398,-9999,535575.9,15.07,-1,-0.196015398,0.993052617,0,0.59583157,6,0.333333333,1.666666667,O10,de-protonated,0,-9999,C30 H50 O10,30,50,10,-9999,-9999,-9999,-9999,-9999
915,569.332765,569.333009757,569.332959164,8905398,-9999,535575.9,15.07,-1,0.088864118,0.998568156,0,0.599140894,1,0.16,2.2,N4 S2 P1 O4,de-protonated,0,-9999,C25 H55 O4 N4 P1 S2,25,55,4,4,1,2,-9999,-9999
916,571.27575,571.275995803,571.276000401,8103189.5,-9999,496914.8,13.54,-1,-0.008048526,0.999988246,0,0.599992948,7,0.428571429,1.571428571,O12,de-protonated,0,-9999,C28 H44 O12,28,44,12,-9999,-9999,-9999,-9999,-9999
916,571.27575,571.275995803,571.275487336,8103189.5,-9999,496914.8,13.54,-1,0.890054504,0.866110216,0,0.51966613,25,0.024390244,0.87804878,N2 O1,de-protonated,0,-9999,C41 H36 O1 N2,41,36,1,2,-9999,-9999,-9999,-9999
916,571.27575,571.275995803,571.276489658,8103189.5,-9999,496914.8,13.54,-1,-0.864476814,0.873191611,0,0.523914967,11,0.129032258,1.451612903,N2 S1 P1 O4,de-protonated,0,-9999,C31 H45 O4 N2 P1 S1,31,45,4,2,1,1,-9999,-9999
916,571.27575,571.275995803,571.275838209,8103189.5,-9999,496914.8,13.54,-1,0.275862184,0.986286661,0,0.591771997,2,0.260869565,2.130434783,N4 S2 P1 O6,de-protonated,0,-9999,C23 H49 O6 N4 P1 S2,23,49,6,4,1,2,-9999,-9999
917,571.312049,571.312294822,571.31238591,9790753,-9999,538485,16.77,-1,-0.15943596300000001,0.995398227,0,0.597238936,6,0.379310345,1.655172414,O11,de-protonated,0,-9999,C29 H48 O11,29,48,11,-9999,-9999,-9999,-9999,-9999
917,571.312049,571.312294822,571.312223719,9790753,-9999,538485,16.77,-1,0.124456622,0.997193405,0,0.598316043,1,0.208333333,2.208333333,N4 S2 P1 O5,de-protonated,0,-9999,C24 H53 O5 N4 P1 S2,24,53,5,4,1,2,-9999,-9999
918,571.348394,571.348639842,571.348771419,10036524,-9999,500974.6,17.24,-1,-0.230292831,0.990423061,0,0.594253837,5,0.333333333,1.733333333,O10,de-protonated,0,-9999,C30 H52 O10,30,52,10,-9999,-9999,-9999,-9999,-9999
918,571.348394,571.348639842,571.348609228,10036524,-9999,500974.6,17.24,-1,0.053581654,0.999479198,0,0.599687519,0,0.16,2.28,N4 S2 P1 O4,de-protonated,0,-9999,C25 H57 O4 N4 P1 S2,25,57,4,4,1,2,-9999,-9999
919,573.291417,573.291663888,573.291650465,8955786,-9999,530377.9,15.17,-1,0.023413254,0.999900538,0,0.599940323,6,0.428571429,1.642857143,O12,de-protonated,0,-9999,C28 H46 O12,28,46,12,-9999,-9999,-9999,-9999,-9999
919,573.291417,573.291663888,573.291137401,8955786,-9999,530377.9,15.17,-1,0.918358647,0.858103407,0,0.514862044,24,0.024390244,0.926829268,N2 O1,de-protonated,0,-9999,C41 H38 O1 N2,41,38,1,2,-9999,-9999,-9999,-9999
919,573.291417,573.291663888,573.292139722,8955786,-9999,530377.9,15.17,-1,-0.830003926,0.882495859,0,0.529497515,10,0.129032258,1.516129032,N2 S1 P1 O4,de-protonated,0,-9999,C31 H47 O4 N2 P1 S1,31,47,4,2,1,1,-9999,-9999
919,573.291417,573.291663888,573.291488274,8955786,-9999,530377.9,15.17,-1,0.306325764,0.983117805,0,0.589870683,1,0.260869565,2.217391304,N4 S2 P1 O6,de-protonated,0,-9999,C23 H51 O6 N4 P1 S2,23,51,6,4,1,2,-9999,-9999
920,573.327714,573.327960907,573.328035974,7743381,-9999,505640.7,12.85,-1,-0.130932353,0.996894207,0,0.598136524,5,0.379310345,1.724137931,O11,de-protonated,0,-9999,C29 H50 O11,29,50,11,-9999,-9999,-9999,-9999,-9999
920,573.327714,573.327960907,573.328525232,7743381,-9999,505640.7,12.85,-1,-0.98429524,0.83879057,0,0.503274342,9,0.09375,1.59375,N2 S1 P1 O3,de-protonated,0,-9999,C32 H51 O3 N2 P1 S1,32,51,3,2,1,1,-9999,-9999
920,573.327714,573.327960907,573.327873783,7743381,-9999,505640.7,12.85,-1,0.151962159,0.995818663,0,0.597491198,0,0.208333333,2.291666667,N4 S2 P1 O5,de-protonated,0,-9999,C24 H55 O5 N4 P1 S2,24,55,5,4,1,2,-9999,-9999
921,574.286615,574.286862423,574.286899437,8120510.5,-9999,508173.6,13.57,-1,-0.064451883,0.999246538,0,0.599547923,6,0.444444444,1.666666667,N1 O12,de-protonated,0,-9999,C27 H45 O12 N1,27,45,12,1,-9999,-9999,-9999,-9999
921,574.286615,574.286862423,574.286386373,8120510.5,-9999,508173.6,13.57,-1,0.828942474,0.882777872,0,0.529666723,24,0.025,0.925,N3 O1,de-protonated,0,-9999,C40 H37 O1 N3,40,37,1,3,-9999,-9999,-9999,-9999
921,574.286615,574.286862423,574.287388695,8120510.5,-9999,508173.6,13.57,-1,-0.916390003,0.858665981,0,0.515199589,10,0.133333333,1.533333333,N3 S1 P1 O4,de-protonated,0,-9999,C30 H46 O4 N3 P1 S1,30,46,4,3,1,1,-9999,-9999
922,575.262535,575.262782949,575.26253987,9431532,-9999,537658.7,16.08,-1,0.422552746,0.968121375,0,0.580872825,19,0.078947368,1.052631579,S1 O3,de-protonated,0,-9999,C38 H40 O3 S1,38,40,3,-9999,-9999,1,-9999,-9999
922,575.262535,575.262782949,575.262672812,9431532,-9999,537658.7,16.08,-1,0.19145521,0.99337105,0,0.59602263,6,0.407407407,1.666666667,P1 O11,de-protonated,0,-9999,C27 H45 O11 P1,27,45,11,-9999,1,-9999,-9999,-9999
923,575.298999,575.299246968,575.298925379,12151287,-9999,526095.6,21.28,-1,0.558994689,0.944879201,0,0.56692752,18,0.051282051,1.128205128,S1 O2,de-protonated,0,-9999,C39 H44 O2 S1,39,44,2,-9999,-9999,1,-9999,-9999
923,575.298999,575.299246968,575.299058321,12151287,-9999,526095.6,21.28,-1,0.327911738,0.980678626,0,0.588407176,5,0.357142857,1.75,P1 O10,de-protonated,0,-9999,C28 H49 O10 P1,28,49,10,-9999,1,-9999,-9999,-9999
924,575.335306,575.335553988,575.335310889,7916034.5,-9999,499044.2,13.18,-1,0.422534882,0.968124027,0,0.580874416,17,0.025,1.2,S1 O1,de-protonated,0,-9999,C40 H48 O1 S1,40,48,1,-9999,-9999,1,-9999,-9999
924,575.335306,575.335553988,575.33544383,7916034.5,-9999,499044.2,13.18,-1,0.191466576,0.993370265,0,0.596022159,4,0.310344828,1.827586207,P1 O9,de-protonated,0,-9999,C29 H53 O9 P1,29,53,9,-9999,1,-9999,-9999,-9999
925,577.241752,577.242001014,577.241804425,7531596.5,-9999,553193.5,12.44,-1,0.3405662,0.979174522,0,0.587504713,19,0.108108108,1.027027027,S1 O4,de-protonated,0,-9999,C37 H38 O4 S1,37,38,4,-9999,-9999,1,-9999,-9999
925,577.241752,577.242001014,577.241937367,7531596.5,-9999,553193.5,12.44,-1,0.110261077,0.997796468,0,0.598677881,6,0.461538462,1.653846154,P1 O12,de-protonated,0,-9999,C26 H43 O12 P1,26,43,12,-9999,1,-9999,-9999,-9999
925,577.241752,577.242001014,577.241424303,7531596.5,-9999,553193.5,12.44,-1,0.999082089,0.834338794,0,0.500603276,24,0.025641026,0.897435897,N2 P1 O1,de-protonated,0,-9999,C39 H35 O1 N2 P1,39,35,1,2,1,-9999,-9999,-9999
926,577.278235,577.278484034,577.278189934,12479576,-9999,526504,21.91,-1,0.509458596,0.953997093,0,0.572398256,18,0.078947368,1.105263158,S1 O3,de-protonated,0,-9999,C38 H42 O3 S1,38,42,3,-9999,-9999,1,-9999,-9999
926,577.278235,577.278484034,577.278322876,12479576,-9999,526504,21.91,-1,0.279167951,0.985958359,0,0.591575016,5,0.407407407,1.740740741,P1 O11,de-protonated,0,-9999,C27 H47 O11 P1,27,47,11,-9999,1,-9999,-9999,-9999
927,577.314591,577.314840053,577.314575444,12872803,-9999,528806.5,22.66,-1,0.458345532,0.962598526,0,0.577559115,17,0.051282051,1.179487179,S1 O2,de-protonated,0,-9999,C39 H46 O2 S1,39,46,2,-9999,-9999,1,-9999,-9999
927,577.314591,577.314840053,577.314708386,12872803,-9999,528806.5,22.66,-1,0.228069413,0.990606227,0,0.594363736,4,0.357142857,1.821428571,P1 O10,de-protonated,0,-9999,C28 H51 O10 P1,28,51,10,-9999,1,-9999,-9999,-9999
928,577.350989,577.351238073,577.350960953,8940654,-9999,501708,15.14,-1,0.479984997,0.959058539,0,0.575435124,16,0.025,1.25,S1 O1,de-protonated,0,-9999,C40 H50 O1 S1,40,50,1,-9999,-9999,1,-9999,-9999
928,577.350989,577.351238073,577.351093895,8940654,-9999,501708,15.14,-1,0.249723384,0.988748318,0,0.593248991,3,0.310344828,1.896551724,P1 O9,de-protonated,0,-9999,C29 H55 O9 P1,29,55,9,-9999,1,-9999,-9999,-9999
929,579.257393,579.257643099,579.25745449,8302258,-9999,524105.5,13.91,-1,0.3256058,0.980946818,0,0.588568091,18,0.108108108,1.081081081,S1 O4,de-protonated,0,-9999,C37 H40 O4 S1,37,40,4,-9999,-9999,1,-9999,-9999
929,579.257393,579.257643099,579.257587431,8302258,-9999,524105.5,13.91,-1,0.096102076,0.998325614,0,0.598995369,5,0.461538462,1.730769231,P1 O12,de-protonated,0,-9999,C26 H45 O12 P1,26,45,12,-9999,1,-9999,-9999,-9999
929,579.257393,579.257643099,579.257074367,8302258,-9999,524105.5,13.91,-1,0.981830231,0.839528522,0,0.503717113,23,0.025641026,0.948717949,N2 P1 O1,de-protonated,0,-9999,C39 H37 O1 N2 P1,39,37,1,2,1,-9999,-9999,-9999
930,579.293859,579.294109119,579.293839999,14560957,-9999,512074.6,25.89,-1,0.464565385,0.961596422,0,0.576957853,17,0.078947368,1.157894737,S1 O3,de-protonated,0,-9999,C38 H44 O3 S1,38,44,3,-9999,-9999,1,-9999,-9999
930,579.293859,579.294109119,579.293972941,14560957,-9999,512074.6,25.89,-1,0.235076045,0.990023113,0,0.594013868,4,0.407407407,1.814814815,P1 O11,de-protonated,0,-9999,C27 H49 O11 P1,27,49,11,-9999,1,-9999,-9999,-9999
931,579.330283,579.330533138,579.330225508,10088136,-9999,524659.4,17.33,-1,0.531009965,0.950123433,0,0.57007406,16,0.051282051,1.230769231,S1 O2,de-protonated,0,-9999,C39 H48 O2 S1,39,48,2,-9999,-9999,1,-9999,-9999
931,579.330283,579.330533138,579.33035845,10088136,-9999,524659.4,17.33,-1,0.301535023,0.983637419,0,0.590182452,3,0.357142857,1.892857143,P1 O10,de-protonated,0,-9999,C28 H53 O10 P1,28,53,10,-9999,1,-9999,-9999,-9999
932,580.216328,580.216578615,580.216317952,7630803,-9999,548736.1,12.63,-1,0.449251277,0.964041253,0,0.578424752,19,0.142857143,1,N1 S1 O5,de-protonated,0,-9999,C35 H35 O5 N1 S1,35,35,5,1,-9999,1,-9999,-9999
932,580.216328,580.216578615,580.216450894,7630803,-9999,548736.1,12.63,-1,0.220126802,0.991246296,0,0.594747778,6,0.541666667,1.666666667,N1 P1 O13,de-protonated,0,-9999,C24 H40 O13 N1 P1,24,40,13,1,1,-9999,-9999,-9999
933,581.309426,581.309677204,581.309490063,7909658.5,-9999,542297,13.15,-1,0.32192897,0.981370685,0,0.588822411,16,0.078947368,1.210526316,S1 O3,de-protonated,0,-9999,C38 H46 O3 S1,38,46,3,-9999,-9999,1,-9999,-9999
933,581.309426,581.309677204,581.309623005,7909658.5,-9999,542297,13.15,-1,0.0932354,0.998423939,0,0.599054363,3,0.407407407,1.888888889,P1 O11,de-protonated,0,-9999,C27 H51 O11 P1,27,51,11,-9999,1,-9999,-9999,-9999
934,583.312165,583.312417282,583.31238591,8614764,-9999,522793.6,14.49,-1,0.053782158,0.999475294,0,0.599685176,7,0.366666667,1.6,O11,de-protonated,0,-9999,C30 H48 O11,30,48,11,-9999,-9999,-9999,-9999,-9999
934,583.312165,583.312417282,583.312875167,8614764,-9999,522793.6,14.49,-1,-0.784974189,0.894217841,0,0.536530704,11,0.090909091,1.484848485,N2 S1 P1 O3,de-protonated,0,-9999,C33 H49 O3 N2 P1 S1,33,49,3,2,1,1,-9999,-9999
934,583.312165,583.312417282,583.312223719,8614764,-9999,522793.6,14.49,-1,0.331834515,0.980218212,0,0.588130927,2,0.2,2.12,N4 S2 P1 O5,de-protonated,0,-9999,C25 H53 O5 N4 P1 S2,25,53,5,4,1,2,-9999,-9999
935,583.34847,583.348722301,583.348771419,8524662,-9999,459725.3,14.32,-1,-0.084200072,0.998714419,0,0.599228651,6,0.322580645,1.677419355,O10,de-protonated,0,-9999,C31 H52 O10,31,52,10,-9999,-9999,-9999,-9999,-9999
935,583.34847,583.348722301,583.349260677,8524662,-9999,459725.3,14.32,-1,-0.922903987,0.856801303,0,0.514080782,10,0.058823529,1.558823529,N2 S1 P1 O2,de-protonated,0,-9999,C34 H53 O2 N2 P1 S1,34,53,2,2,1,1,-9999,-9999
935,583.34847,583.348722301,583.348609228,8524662,-9999,459725.3,14.32,-1,0.193834904,0.993205801,0,0.595923481,1,0.153846154,2.192307692,N4 S2 P1 O4,de-protonated,0,-9999,C26 H57 O4 N4 P1 S2,26,57,4,4,1,2,-9999,-9999
936,585.291312,585.291565347,585.291650465,9270700,-9999,450234,15.74,-1,-0.145428278,0.996169826,0,0.597701896,7,0.413793103,1.586206897,O12,de-protonated,0,-9999,C29 H46 O12,29,46,12,-9999,-9999,-9999,-9999,-9999
936,585.291312,585.291565347,585.291137401,9270700,-9999,450234,15.74,-1,0.731168245,0.907552614,0,0.544531568,25,0.023809524,0.904761905,N2 O1,de-protonated,0,-9999,C42 H38 O1 N2,42,38,1,2,-9999,-9999,-9999,-9999
936,585.291312,585.291565347,585.292139722,9270700,-9999,450234,15.74,-1,-0.981348061,0.839672729,0,0.503803637,11,0.125,1.46875,N2 S1 P1 O4,de-protonated,0,-9999,C32 H47 O4 N2 P1 S1,32,47,4,2,1,1,-9999,-9999
936,585.291312,585.291565347,585.291488274,9270700,-9999,450234,15.74,-1,0.131683742,0.996858514,0,0.598115109,2,0.25,2.125,N4 S2 P1 O6,de-protonated,0,-9999,C24 H51 O6 N4 P1 S2,24,51,6,4,1,2,-9999,-9999
937,585.327679,585.327932367,585.328035974,10286519,-9999,519784.2,17.68,-1,-0.177007976,0.994331012,0,0.596598607,6,0.366666667,1.666666667,O11,de-protonated,0,-9999,C30 H50 O11,30,50,11,-9999,-9999,-9999,-9999,-9999
937,585.327679,585.327932367,585.327873783,10286519,-9999,519784.2,17.68,-1,0.100086809,0.998184012,0,0.598910407,1,0.2,2.2,N4 S2 P1 O5,de-protonated,0,-9999,C25 H55 O5 N4 P1 S2,25,55,5,4,1,2,-9999,-9999
938,585.364131,585.364384386,585.364421484,8533441,-9999,548167.6,14.34,-1,-0.06337498,0.999271497,0,0.599562898,5,0.322580645,1.741935484,O10,de-protonated,0,-9999,C31 H54 O10,31,54,10,-9999,-9999,-9999,-9999,-9999
938,585.364131,585.364384386,585.364910741,8533441,-9999,548167.6,14.34,-1,-0.899190913,0.863544973,0,0.518126984,9,0.058823529,1.617647059,N2 S1 P1 O2,de-protonated,0,-9999,C34 H55 O2 N2 P1 S1,34,55,2,2,1,1,-9999,-9999
938,585.364131,585.364384386,585.364259292,8533441,-9999,548167.6,14.34,-1,0.213702612,0.991747694,0,0.595048616,0,0.153846154,2.269230769,N4 S2 P1 O4,de-protonated,0,-9999,C26 H59 O4 N4 P1 S2,26,59,4,4,1,2,-9999,-9999
939,586.16932,586.16957382,586.169367759,8402601,-9999,542789.6,14.09,-1,0.351537879,0.977826306,0,0.586695784,23,0.138888889,0.805555556,N1 S1 O5,de-protonated,0,-9999,C36 H29 O5 N1 S1,36,29,5,1,-9999,1,-9999,-9999
939,586.16932,586.16957382,586.169500701,8402601,-9999,542789.6,14.09,-1,0.12474038,0.997180611,0,0.598308367,10,0.52,1.36,N1 P1 O13,de-protonated,0,-9999,C25 H34 O13 N1 P1,25,34,13,1,1,-9999,-9999,-9999
940,587.298922,587.299176428,587.298925379,9123818,-9999,515717.3,15.46,-1,0.427462861,0.967388487,0,0.580433092,19,0.05,1.1,S1 O2,de-protonated,0,-9999,C40 H44 O2 S1,40,44,2,-9999,-9999,1,-9999,-9999
940,587.298922,587.299176428,587.299058321,9123818,-9999,515717.3,15.46,-1,0.201101547,0.992688741,0,0.595613245,6,0.344827586,1.689655172,P1 O10,de-protonated,0,-9999,C29 H49 O10 P1,29,49,10,-9999,1,-9999,-9999,-9999
941,587.306961,587.307215432,587.30730053,8321004.5,-9999,533009.7,13.93,-1,-0.144894186,0.996197854,0,0.597718712,6,0.413793103,1.655172414,O12,de-protonated,0,-9999,C29 H48 O12,29,48,12,-9999,-9999,-9999,-9999,-9999
941,587.306961,587.307215432,587.306787465,8321004.5,-9999,533009.7,13.93,-1,0.728693837,0.90814766,0,0.544888596,24,0.023809524,0.952380952,N2 O1,de-protonated,0,-9999,C42 H40 O1 N2,42,40,1,2,-9999,-9999,-9999,-9999
941,587.306961,587.307215432,587.307789787,8321004.5,-9999,533009.7,13.93,-1,-0.97794508,0.840689178,0,0.504413507,10,0.125,1.53125,N2 S1 P1 O4,de-protonated,0,-9999,C32 H49 O4 N2 P1 S1,32,49,4,2,1,1,-9999,-9999
941,587.306961,587.307215432,587.307138338,8321004.5,-9999,533009.7,13.93,-1,0.131266779,0.996878346,0,0.598127008,1,0.25,2.208333333,N4 S2 P1 O6,de-protonated,0,-9999,C24 H53 O6 N4 P1 S2,24,53,6,4,1,2,-9999,-9999
942,587.343327,587.343581452,587.343686039,9467895,-9999,485986.8,16.12,-1,-0.178068123,0.994263098,0,0.596557859,5,0.366666667,1.733333333,O11,de-protonated,0,-9999,C30 H52 O11,30,52,11,-9999,-9999,-9999,-9999,-9999
942,587.343327,587.343581452,587.343523848,9467895,-9999,485986.8,16.12,-1,0.098075725,0.998256195,0,0.598953717,0,0.2,2.28,N4 S2 P1 O5,de-protonated,0,-9999,C25 H57 O5 N4 P1 S2,25,57,5,4,1,2,-9999,-9999
943,588.265674,588.265928948,588.266163992,7960826.5,-9999,469379.2,13.24,-1,-0.399554168,0.971448415,0,0.582869049,7,0.481481481,1.592592593,N1 O13,de-protonated,0,-9999,C27 H43 O13 N1,27,43,13,1,-9999,-9999,-9999,-9999
943,588.265674,588.265928948,588.265650928,7960826.5,-9999,469379.2,13.24,-1,0.472609699,0.960281925,0,0.576169155,25,0.05,0.875,N3 O2,de-protonated,0,-9999,C40 H35 O2 N3,40,35,2,3,-9999,-9999,-9999,-9999
944,588.302304,588.302558968,588.302549502,7919876.5,-9999,496336.2,13.16,-1,0.016090649,0.999953022,0,0.599971813,6,0.428571429,1.678571429,N1 O12,de-protonated,0,-9999,C28 H47 O12 N1,28,47,12,1,-9999,-9999,-9999,-9999
944,588.302304,588.302558968,588.302036438,7919876.5,-9999,496336.2,13.16,-1,0.888200936,0.86662837,0,0.519977022,24,0.024390244,0.951219512,N3 O1,de-protonated,0,-9999,C41 H39 O1 N3,41,39,1,3,-9999,-9999,-9999,-9999
944,588.302304,588.302558968,588.303038759,7919876.5,-9999,496336.2,13.16,-1,-0.815551083,0.886312397,0,0.531787438,10,0.129032258,1.548387097,N3 S1 P1 O4,de-protonated,0,-9999,C31 H48 O4 N3 P1 S1,31,48,4,3,1,1,-9999,-9999
945,589.278203,589.278458493,589.278189934,12417556,-9999,503536.7,21.75,-1,0.455741958,0.963014293,0,0.577808576,19,0.076923077,1.076923077,S1 O3,de-protonated,0,-9999,C39 H42 O3 S1,39,42,3,-9999,-9999,1,-9999,-9999
945,589.278203,589.278458493,589.278322876,12417556,-9999,503536.7,21.75,-1,0.230140938,0.99043563,0,0.594261378,6,0.392857143,1.678571429,P1 O11,de-protonated,0,-9999,C28 H47 O11 P1,28,47,11,-9999,1,-9999,-9999,-9999
946,589.314595,589.314850513,589.314575444,12810782,-9999,506387.4,22.5,-1,0.466760958,0.961239711,0,0.576743827,18,0.05,1.15,S1 O2,de-protonated,0,-9999,C40 H46 O2 S1,40,46,2,-9999,-9999,1,-9999,-9999
946,589.314595,589.314850513,589.314708386,12810782,-9999,506387.4,22.5,-1,0.241173864,0.989501565,0,0.593700939,5,0.344827586,1.75862069,P1 O10,de-protonated,0,-9999,C29 H51 O10 P1,29,51,10,-9999,1,-9999,-9999,-9999
947,590.281593,590.281849033,590.281814057,7961383.5,-9999,554055.4,13.24,-1,0.059253885,0.999363132,0,0.599617879,6,0.481481481,1.666666667,N1 O13,de-protonated,0,-9999,C27 H45 O13 N1,27,45,13,1,-9999,-9999,-9999,-9999
947,590.281593,590.281849033,590.281300993,7961383.5,-9999,554055.4,13.24,-1,0.928439948,0.855209423,0,0.513125654,24,0.05,0.925,N3 O2,de-protonated,0,-9999,C40 H37 O2 N3,40,37,2,3,-9999,-9999,-9999,-9999
947,590.281593,590.281849033,590.282303314,7961383.5,-9999,554055.4,13.24,-1,-0.769599321,0.89810437,0,0.538862622,10,0.166666667,1.533333333,N3 S1 P1 O5,de-protonated,0,-9999,C30 H46 O5 N3 P1 S1,30,46,5,3,1,1,-9999,-9999
948,591.257383,591.257639559,591.25745449,9993265,-9999,518508.3,17.12,-1,0.31300926,0.982379688,0,0.589427813,19,0.105263158,1.052631579,S1 O4,de-protonated,0,-9999,C38 H40 O4 S1,38,40,4,-9999,-9999,1,-9999,-9999
948,591.257383,591.257639559,591.257587431,9993265,-9999,518508.3,17.12,-1,0.088163483,0.99859063,0,0.599154378,6,0.444444444,1.666666667,P1 O12,de-protonated,0,-9999,C27 H45 O12 P1,27,45,12,-9999,1,-9999,-9999,-9999
948,591.257383,591.257639559,591.257074367,9993265,-9999,518508.3,17.12,-1,0.955915122,0.847213084,0,0.50832785,24,0.025,0.925,N2 P1 O1,de-protonated,0,-9999,C40 H37 O1 N2 P1,40,37,1,2,1,-9999,-9999,-9999
949,591.293841,591.294097578,591.293839999,15809594,-9999,523152,28.23,-1,0.435619849,0.963028354,0.949145625,0.957475263,18,0.076923077,1.128205128,S1 O3,de-protonated,0,-9999,C39 H44 O3 S1,39,44,3,-9999,-9999,1,-9999,-9999
949,591.293841,591.294097578,591.293972941,15809594,-9999,523152,28.23,-1,0.21078788,0.991970368,0,0.595182221,5,0.392857143,1.75,P1 O11,de-protonated,0,-9999,C28 H49 O11 P1,28,49,11,-9999,1,-9999,-9999,-9999
950,591.33027,591.330526598,591.330225508,14695492,-9999,491152,26.1,-1,0.509173351,0.477023695,0.698017357,0.56542116,17,0.05,1.2,S1 O2,de-protonated,0,-9999,C40 H48 O2 S1,40,48,2,-9999,-9999,1,-9999,-9999
950,591.33027,591.330526598,591.33035845,14695492,-9999,491152,26.1,-1,0.2843552,0.985435547,0,0.591261328,4,0.344827586,1.827586207,P1 O10,de-protonated,0,-9999,C29 H53 O10 P1,29,53,10,-9999,1,-9999,-9999,-9999
951,591.366585,591.366841617,591.366611018,7961678,-9999,520942.3,13.24,-1,0.38994388,0.972786736,0,0.583672041,16,0.024390244,1.268292683,S1 O1,de-protonated,0,-9999,C41 H52 O1 S1,41,52,1,-9999,-9999,1,-9999,-9999
951,591.366585,591.366841617,591.366743959,7961678,-9999,520942.3,13.24,-1,0.165139588,0.99506392,0,0.597038352,3,0.3,1.9,P1 O9,de-protonated,0,-9999,C30 H57 O9 P1,30,57,9,-9999,1,-9999,-9999,-9999
952,592.297219,592.297476118,592.297194834,8420679,-9999,550116.2,14.12,-1,0.474904108,0.959903201,0.949145625,0.955600171,18,0.076923077,1.128205128,13C1 S1 O3,de-protonated,1,949,C38 H44 O3 S1 13C1,38,44,3,-9999,-9999,1,1,-9999
952,592.297219,592.297476118,592.297464121,8420679,-9999,550116.2,14.12,-1,0.020255061,0.99992556,0,0.599955336,5,0.481481481,1.740740741,N1 O13,de-protonated,0,-9999,C27 H47 O13 N1,27,47,13,1,-9999,-9999,-9999,-9999
952,592.297219,592.297476118,592.296951057,8420679,-9999,550116.2,14.12,-1,0.886483157,0.867107878,0,0.520264727,23,0.05,0.975,N3 O2,de-protonated,0,-9999,C40 H39 O2 N3,40,39,2,3,-9999,-9999,-9999,-9999
952,592.297219,592.297476118,592.297953379,8420679,-9999,550116.2,14.12,-1,-0.80577744,0.888864468,0,0.533318681,9,0.166666667,1.6,N3 S1 P1 O5,de-protonated,0,-9999,C30 H48 O5 N3 P1 S1,30,48,5,3,1,1,-9999,-9999
953,593.273146,593.273403644,593.273104554,9862728,-9999,548895.7,16.87,-1,0.504134876,0.954931621,0,0.572958973,18,0.105263158,1.105263158,S1 O4,de-protonated,0,-9999,C38 H42 O4 S1,38,42,4,-9999,-9999,1,-9999,-9999
953,593.273146,593.273403644,593.273237496,9862728,-9999,548895.7,16.87,-1,0.280052971,0.985869821,0,0.591521893,5,0.444444444,1.740740741,P1 O12,de-protonated,0,-9999,C27 H47 O12 P1,27,47,12,-9999,1,-9999,-9999,-9999
954,593.309506,593.309763663,593.309490063,13401682,-9999,516386.4,23.63,-1,0.461141933,0.962149529,0,0.577289717,17,0.076923077,1.179487179,S1 O3,de-protonated,0,-9999,C39 H46 O3 S1,39,46,3,-9999,-9999,1,-9999,-9999
954,593.309506,593.309763663,593.309623005,13401682,-9999,516386.4,23.63,-1,0.23707378,0.989853687,0,0.593912212,4,0.392857143,1.821428571,P1 O11,de-protonated,0,-9999,C28 H51 O11 P1,28,51,11,-9999,1,-9999,-9999,-9999
955,593.345799,593.346056683,593.345875573,11124315,-9999,491597.1,19.28,-1,0.305235241,0.983236782,0,0.589942069,16,0.05,1.25,S1 O2,de-protonated,0,-9999,C40 H50 O2 S1,40,50,2,-9999,-9999,1,-9999,-9999
955,593.345799,593.346056683,593.346008514,11124315,-9999,491597.1,19.28,-1,0.081180863,0.998804908,0,0.599282945,3,0.344827586,1.896551724,P1 O10,de-protonated,0,-9999,C29 H55 O10 P1,29,55,10,-9999,1,-9999,-9999,-9999
956,594.231951,594.23220916,594.231968017,17416002,-9999,493441.5,31.3,-1,0.40580605,0.485280654,0.719752637,0.579069447,19,0.138888889,1.027777778,N1 S1 O5,de-protonated,0,-9999,C36 H37 O5 N1 S1,36,37,5,1,-9999,1,-9999,-9999
956,594.231951,594.23220916,594.232100959,17416002,-9999,493441.5,31.3,-1,0.18208575,0.994002089,0,0.596401253,6,0.52,1.68,N1 P1 O13,de-protonated,0,-9999,C25 H42 O13 N1 P1,25,42,13,1,1,-9999,-9999,-9999
957,594.26841,594.268668179,594.268353526,8126283,-9999,517394.8,13.55,-1,0.529479992,0.950403195,0,0.570241917,18,0.108108108,1.108108108,N1 S1 O4,de-protonated,0,-9999,C37 H41 O4 N1 S1,37,41,4,1,-9999,1,-9999,-9999
957,594.26841,594.268668179,594.268486468,8126283,-9999,517394.8,13.55,-1,0.305773362,0.983178124,0,0.589906874,5,0.461538462,1.769230769,N1 P1 O12,de-protonated,0,-9999,C26 H46 O12 N1 P1,26,46,12,1,1,-9999,-9999,-9999
958,595.23124,595.231498698,595.231239741,13205569,-9999,470576,23.26,-1,0.435052157,0.966240161,0,0.579744097,23,0.075,0.9,S1 O3,de-protonated,0,-9999,C40 H36 O3 S1,40,36,3,-9999,-9999,1,-9999,-9999
958,595.23124,595.231498698,595.231372683,13205569,-9999,470576,23.26,-1,0.211707431,0.991900443,0,0.595140266,10,0.379310345,1.413793103,P1 O11,de-protonated,0,-9999,C29 H41 O11 P1,29,41,11,-9999,1,-9999,-9999,-9999
958,595.23124,595.231498698,595.231569387,13205569,-9999,470576,23.26,-1,-0.118759806,0.997444139,0,0.598466484,2,0.894736842,2.105263158,N4 O17,de-protonated,0,-9999,C19 H40 O17 N4,19,40,17,4,-9999,-9999,-9999,-9999
959,595.28868,595.288938729,595.288754618,7782480,-9999,510360.7,12.9,-1,0.30927872,0.98279358000000006,0,0.589676148,17,0.105263158,1.157894737,S1 O4,de-protonated,0,-9999,C38 H44 O4 S1,38,44,4,-9999,-9999,1,-9999,-9999
959,595.28868,595.288938729,595.28888756,7782480,-9999,510360.7,12.9,-1,0.085955601,0.998660289,0,0.599196173,4,0.444444444,1.814814815,P1 O12,de-protonated,0,-9999,C27 H49 O12 P1,27,49,12,-9999,1,-9999,-9999,-9999
959,595.28868,595.288938729,595.288374496,7782480,-9999,510360.7,12.9,-1,0.947830813,0.849582301,0,0.509749381,22,0.025,1.025,N2 P1 O1,de-protonated,0,-9999,C40 H41 O1 N2 P1,40,41,1,2,1,-9999,-9999,-9999
960,596.283998,596.284257264,596.284003591,8307018.5,-9999,485403.1,13.9,-1,0.425424314,0.967693722,0,0.580616233,17,0.108108108,1.162162162,N1 S1 O4,de-protonated,0,-9999,C37 H43 O4 N1 S1,37,43,4,1,-9999,1,-9999,-9999
960,596.283998,596.284257264,596.284136532,8307018.5,-9999,485403.1,13.9,-1,0.202473915,0.992588985,0,0.595553391,4,0.461538462,1.846153846,N1 P1 O12,de-protonated,0,-9999,C26 H48 O12 N1 P1,26,48,12,1,1,-9999,-9999,-9999
961,597.32778,597.328039826,597.328035974,8897100,-9999,483607,15.02,-1,0.006448384,0.999992455,0,0.599995473,7,0.35483871,1.612903226,O11,de-protonated,0,-9999,C31 H50 O11,31,50,11,-9999,-9999,-9999,-9999,-9999
961,597.32778,597.328039826,597.328525232,8897100,-9999,483607,15.02,-1,-0.812627438,0.887078267,0,0.53224696,11,0.088235294,1.5,N2 S1 P1 O3,de-protonated,0,-9999,C34 H51 O3 N2 P1 S1,34,51,3,2,1,1,-9999,-9999
961,597.32778,597.328039826,597.327873783,8897100,-9999,483607,15.02,-1,0.277976532,0.98607712,0,0.591646272,2,0.192307692,2.115384615,N4 S2 P1 O5,de-protonated,0,-9999,C26 H55 O5 N4 P1 S2,26,55,5,4,1,2,-9999,-9999
962,599.307049,599.307309892,599.30730053,8487975,-9999,535166.2,14.24,-1,0.015621553,0.999955722,0,0.599973433,7,0.4,1.6,O12,de-protonated,0,-9999,C30 H48 O12,30,48,12,-9999,-9999,-9999,-9999,-9999
962,599.307049,599.307309892,599.306787465,8487975,-9999,535166.2,14.24,-1,0.871717744,0.871202033,0,0.52272122,25,0.023255814,0.930232558,N2 O1,de-protonated,0,-9999,C43 H40 O1 N2,43,40,1,2,-9999,-9999,-9999,-9999
962,599.307049,599.307309892,599.307789787,8487975,-9999,535166.2,14.24,-1,-0.80074921,0.890168267,0,0.53410096,11,0.121212121,1.484848485,N2 S1 P1 O4,de-protonated,0,-9999,C33 H49 O4 N2 P1 S1,33,49,4,2,1,1,-9999,-9999
962,599.307049,599.307309892,599.307138338,8487975,-9999,535166.2,14.24,-1,0.286252958,0.985241941,0,0.591145165,2,0.24,2.12,N4 S2 P1 O6,de-protonated,0,-9999,C25 H53 O6 N4 P1 S2,25,53,6,4,1,2,-9999,-9999
963,599.34351,599.343770911,599.343686039,9487408,-9999,508410.4,16.15,-1,0.141608879,0.996368008,0,0.597820805,6,0.35483871,1.677419355,O11,de-protonated,0,-9999,C31 H52 O11,31,52,11,-9999,-9999,-9999,-9999,-9999
963,599.34351,599.343770911,599.344175296,9487408,-9999,508410.4,16.15,-1,-0.674712426,0.9207174,0,0.55243044,10,0.088235294,1.558823529,N2 S1 P1 O3,de-protonated,0,-9999,C34 H53 O3 N2 P1 S1,34,53,3,2,1,1,-9999,-9999
963,599.34351,599.343770911,599.343523848,9487408,-9999,508410.4,16.15,-1,0.412223888,0.969637189,0,0.581782314,1,0.192307692,2.192307692,N4 S2 P1 O5,de-protonated,0,-9999,C26 H57 O5 N4 P1 S2,26,57,5,4,1,2,-9999,-9999
964,601.32265,601.322911977,601.322950594,10290679,-9999,444251.1,17.68,-1,-0.064220685,0.999251932,0,0.599551159,6,0.4,1.666666667,O12,de-protonated,0,-9999,C30 H50 O12,30,50,12,-9999,-9999,-9999,-9999,-9999
964,601.32265,601.322911977,601.32243753,10290679,-9999,444251.1,17.68,-1,0.789005779,0.893188823,0,0.535913294,24,0.023255814,0.976744186,N2 O1,de-protonated,0,-9999,C43 H42 O1 N2,43,42,1,2,-9999,-9999,-9999,-9999
964,601.32265,601.322911977,601.323439851,10290679,-9999,444251.1,17.68,-1,-0.87785489,0.869506337,0,0.521703802,10,0.121212121,1.545454545,N2 S1 P1 O4,de-protonated,0,-9999,C33 H51 O4 N2 P1 S1,33,51,4,2,1,1,-9999,-9999
964,601.32265,601.322911977,601.322788403,10290679,-9999,444251.1,17.68,-1,0.205503534,0.992366398,0,0.595419839,1,0.24,2.2,N4 S2 P1 O6,de-protonated,0,-9999,C25 H55 O6 N4 P1 S2,25,55,6,4,1,2,-9999,-9999
965,601.358991,601.359252996,601.359336103,7865855.5,-9999,521240.6,13.05,-1,-0.138198835,0.996540524,0,0.597924315,5,0.35483871,1.741935484,O11,de-protonated,0,-9999,C31 H54 O11,31,54,11,-9999,-9999,-9999,-9999,-9999
965,601.358991,601.359252996,601.359825361,7865855.5,-9999,521240.6,13.05,-1,-0.95178375,0.848425526,0,0.509055316,9,0.088235294,1.617647059,N2 S1 P1 O3,de-protonated,0,-9999,C34 H55 O3 N2 P1 S1,34,55,3,2,1,1,-9999,-9999
965,601.358991,601.359252996,601.359173912,7865855.5,-9999,521240.6,13.05,-1,0.131509044,0.996866831,0,0.598120099,0,0.192307692,2.269230769,N4 S2 P1 O5,de-protonated,0,-9999,C26 H59 O5 N4 P1 S2,26,59,5,4,1,2,-9999,-9999
966,603.293917,603.294180038,603.293839999,8865705,-9999,511796.7,14.96,-1,0.5636372,0.94398607,0,0.566391642,19,0.075,1.1,S1 O3,de-protonated,0,-9999,C40 H44 O3 S1,40,44,3,-9999,-9999,1,-9999,-9999
966,603.293917,603.294180038,603.293972941,8865705,-9999,511796.7,14.96,-1,0.343277291,0.978845184,0,0.58730711,6,0.379310345,1.689655172,P1 O11,de-protonated,0,-9999,C29 H49 O11 P1,29,49,11,-9999,1,-9999,-9999,-9999
967,603.330227,603.330490057,603.330225508,9062320,-9999,447733.3,15.34,-1,0.438481341,0.965715123,0,0.579429074,18,0.048780488,1.170731707,S1 O2,de-protonated,0,-9999,C41 H48 O2 S1,41,48,2,-9999,-9999,1,-9999,-9999
967,603.330227,603.330490057,603.33035845,9062320,-9999,447733.3,15.34,-1,0.218134749,0.991403334,0,0.594842,5,0.333333333,1.766666667,P1 O10,de-protonated,0,-9999,C30 H53 O10 P1,30,53,10,-9999,1,-9999,-9999,-9999
968,605.273111,605.273375103,605.273104554,7522630.5,-9999,534921.3,12.39,-1,0.446986854,0.96439632,0,0.578637792,19,0.102564103,1.076923077,S1 O4,de-protonated,0,-9999,C39 H42 O4 S1,39,42,4,-9999,-9999,1,-9999,-9999
968,605.273111,605.273375103,605.273237496,7522630.5,-9999,534921.3,12.39,-1,0.227347555,0.990665319,0,0.594399191,6,0.428571429,1.678571429,P1 O12,de-protonated,0,-9999,C28 H47 O12 P1,28,47,12,-9999,1,-9999,-9999,-9999
969,605.284356,605.284620109,605.28498939200006,11290953,-9999,479700.4,19.59,-1,-0.610097396,0.934691624,0,0.560814974,28,0.02173913,0.826086957,O1,de-protonated,0,-9999,C46 H38 O1,46,38,1,-9999,-9999,-9999,-9999,-9999
969,605.284356,605.284620109,605.284851008,11290953,-9999,479700.4,19.59,-1,-0.381470585,0.97394117,0,0.584364702,1,0.56,2,S1 O14,de-protonated,0,-9999,C25 H50 O14 S1,25,50,14,-9999,-9999,1,-9999,-9999
969,605.284356,605.284620109,605.284337943,11290953,-9999,479700.4,19.59,-1,0.4661708,0.961335745,0,0.576801447,19,0.078947368,1.105263158,N2 S1 O3,de-protonated,0,-9999,C38 H42 O3 N2 S1,38,42,3,2,-9999,1,-9999,-9999
969,605.284356,605.284620109,605.284470885,11290953,-9999,479700.4,19.59,-1,0.246535573,0.989032177,0,0.593419306,6,0.407407407,1.740740741,N2 P1 O11,de-protonated,0,-9999,C27 H47 O11 N2 P1,27,47,11,2,1,-9999,-9999,-9999
970,605.309465,605.309729123,605.309490063,14174542,-9999,483821.1,25.1,-1,0.394937373,0.972402747,0.949642051,0.963298469,18,0.075,1.15,S1 O3,de-protonated,0,-9999,C40 H46 O3 S1,40,46,3,-9999,-9999,1,-9999,-9999
970,605.309465,605.309729123,605.309623005,14174542,-9999,483821.1,25.1,-1,0.175311288,0.994438868,0,0.596663321,5,0.379310345,1.75862069,P1 O11,de-protonated,0,-9999,C29 H51 O11 P1,29,51,11,-9999,1,-9999,-9999,-9999
971,605.345724,605.345988142,605.345875573,10160469,-9999,461081.2,17.43,-1,0.18595899,0.993745013,0,0.596247008,17,0.048780488,1.219512195,S1 O2,de-protonated,0,-9999,C41 H50 O2 S1,41,50,2,-9999,-9999,1,-9999,-9999
971,605.345724,605.345988142,605.346008514,10160469,-9999,461081.2,17.43,-1,-0.033653848,0.999794516,0,0.599876709,4,0.333333333,1.833333333,P1 O10,de-protonated,0,-9999,C30 H55 O10 P1,30,55,10,-9999,1,-9999,-9999,-9999
972,606.312817,606.313081663,606.312844898,7711254.5,-9999,463310.8,12.75,-1,0.390498677,0.972710312,0.949642051,0.963483007,18,0.075,1.15,13C1 S1 O3,de-protonated,1,970,C39 H46 O3 S1 13C1,39,46,3,-9999,-9999,1,1,-9999
972,606.312817,606.313081663,606.313114186,7711254.5,-9999,463310.8,12.75,-1,-0.053640579,0.999478052,0,0.599686831,5,0.464285714,1.75,N1 O13,de-protonated,0,-9999,C28 H49 O13 N1,28,49,13,1,-9999,-9999,-9999,-9999
972,606.312817,606.313081663,606.312601122,7711254.5,-9999,463310.8,12.75,-1,0.792563544,0.892277356,0,0.535366414,23,0.048780488,1,N3 O2,de-protonated,0,-9999,C41 H41 O2 N3,41,41,2,3,-9999,-9999,-9999,-9999
972,606.312817,606.313081663,606.313603443,7711254.5,-9999,463310.8,12.75,-1,-0.86057831,0.874257788,0,0.524554673,9,0.161290323,1.612903226,N3 S1 P1 O5,de-protonated,0,-9999,C31 H50 O5 N3 P1 S1,31,50,5,3,1,1,-9999,-9999
973,607.288724,607.288989188,607.288754618,9489109,-9999,499577.9,16.15,-1,0.386257184,0.973291973,0,0.583975184,18,0.102564103,1.128205128,S1 O4,de-protonated,0,-9999,C39 H44 O4 S1,39,44,4,-9999,-9999,1,-9999,-9999
973,607.288724,607.288989188,607.28888756,9489109,-9999,499577.9,16.15,-1,0.167346903,0.994931421,0,0.596958853,5,0.428571429,1.75,P1 O12,de-protonated,0,-9999,C28 H49 O12 P1,28,49,12,-9999,1,-9999,-9999,-9999
974,607.325174,607.325439208,607.325140128,10717916,-9999,498104.4,18.5,-1,0.492454363,0.956950745,0,0.574170447,17,0.075,1.2,S1 O3,de-protonated,0,-9999,C40 H48 O3 S1,40,48,3,-9999,-9999,1,-9999,-9999
974,607.325174,607.325439208,607.32527307,10717916,-9999,498104.4,18.5,-1,0.273557173,0.986513326,0,0.591907996,4,0.379310345,1.827586207,P1 O11,de-protonated,0,-9999,C29 H53 O11 P1,29,53,11,-9999,1,-9999,-9999,-9999
975,607.361404,607.361669227,607.361525637,8112866.5,-9999,529346.8,13.52,-1,0.23641614,0.989909616,0,0.593945769,16,0.048780488,1.268292683,S1 O2,de-protonated,0,-9999,C41 H52 O2 S1,41,52,2,-9999,-9999,1,-9999,-9999
975,607.361404,607.361669227,607.361658579,8112866.5,-9999,529346.8,13.52,-1,0.017532120000000002,0.999944229,0,0.599966537,3,0.333333333,1.9,P1 O10,de-protonated,0,-9999,C30 H57 O10 P1,30,57,10,-9999,1,-9999,-9999,-9999
976,609.304403,609.304669273,609.304404683,7359565,-9999,544683.7,12.08,-1,0.434249616,0.966362483,0,0.57981749,17,0.102564103,1.179487179,S1 O4,de-protonated,0,-9999,C39 H46 O4 S1,39,46,4,-9999,-9999,1,-9999,-9999
976,609.304403,609.304669273,609.304537625,7359565,-9999,544683.7,12.08,-1,0.216063505,0.991565126,0,0.594939076,4,0.428571429,1.821428571,P1 O12,de-protonated,0,-9999,C28 H51 O12 P1,28,51,12,-9999,1,-9999,-9999,-9999
977,611.22626,611.226527308,611.226154361,7957920,-9999,436868.2,13.22,-1,0.610162077,0.934678238,0,0.560806943,23,0.1,0.9,S1 O4,de-protonated,0,-9999,C40 H36 O4 S1,40,36,4,-9999,-9999,1,-9999,-9999
977,611.22626,611.226527308,611.226287302,7957920,-9999,436868.2,13.22,-1,0.392661924,0.972411342,0,0.583446805,10,0.413793103,1.413793103,P1 O12,de-protonated,0,-9999,C29 H41 O12 P1,29,41,12,-9999,1,-9999,-9999,-9999
977,611.22626,611.226527308,611.226484007,7957920,-9999,436868.2,13.22,-1,0.07084248,0.999089786,0,0.599453871,2,0.947368421,2.105263158,N4 O18,de-protonated,0,-9999,C19 H40 O18 N4,19,40,18,4,-9999,-9999,-9999,-9999
978,611.343323,611.343590371,611.343686039,8555956,-9999,443524.4,14.37,-1,-0.156488467,0.995566426,0,0.597339855,7,0.34375,1.625,O11,de-protonated,0,-9999,C32 H52 O11,32,52,11,-9999,-9999,-9999,-9999,-9999
978,611.343323,611.343590371,611.344175296,8555956,-9999,443524.4,14.37,-1,-0.956786063,0.846957039,0,0.508174223,11,0.085714286,1.514285714,N2 S1 P1 O3,de-protonated,0,-9999,C35 H53 O3 N2 P1 S1,35,53,3,2,1,1,-9999,-9999
978,611.343323,611.343590371,611.343523848,8555956,-9999,443524.4,14.37,-1,0.108814588,0.997853842,0,0.598712305,2,0.185185185,2.111111111,N4 S2 P1 O5,de-protonated,0,-9999,C27 H57 O5 N4 P1 S2,27,57,5,4,1,2,-9999,-9999
979,613.322615,613.322883436,613.322950594,8007421,-9999,451297.4,13.32,-1,-0.109498452,0.997826811,0,0.598696087,7,0.387096774,1.612903226,O12,de-protonated,0,-9999,C31 H50 O12,31,50,12,-9999,-9999,-9999,-9999,-9999
979,613.322615,613.322883436,613.32243753,8007421,-9999,451297.4,13.32,-1,0.727034116,0.908545878,0,0.545127527,25,0.022727273,0.954545455,N2 O1,de-protonated,0,-9999,C44 H42 O1 N2,44,42,1,2,-9999,-9999,-9999,-9999
979,613.322615,613.322883436,613.323439851,8007421,-9999,451297.4,13.32,-1,-0.907213434,0.86127723,0,0.516766338,11,0.117647059,1.5,N2 S1 P1 O4,de-protonated,0,-9999,C34 H51 O4 N2 P1 S1,34,51,4,2,1,1,-9999,-9999
979,613.322615,613.322883436,613.322788403,8007421,-9999,451297.4,13.32,-1,0.154948451,0.99565307,0,0.597391842,2,0.230769231,2.115384615,N4 S2 P1 O6,de-protonated,0,-9999,C26 H55 O6 N4 P1 S2,26,55,6,4,1,2,-9999,-9999
980,615.338316,615.338585521,615.338600658,8081465.5,-9999,500462.7,13.46,-1,-0.024600022,0.9998902,0,0.59993412,6,0.387096774,1.677419355,O12,de-protonated,0,-9999,C31 H52 O12,31,52,12,-9999,-9999,-9999,-9999,-9999
980,615.338316,615.338585521,615.338087594,8081465.5,-9999,500462.7,13.46,-1,0.809192405,0.887975424,0,0.532785255,24,0.022727273,1,N2 O1,de-protonated,0,-9999,C44 H44 O1 N2,44,44,1,2,-9999,-9999,-9999,-9999
980,615.338316,615.338585521,615.339089916,8081465.5,-9999,500462.7,13.46,-1,-0.819702016,0.885221449,0,0.53113287,10,0.117647059,1.558823529,N2 S1 P1 O4,de-protonated,0,-9999,C34 H53 O4 N2 P1 S1,34,53,4,2,1,1,-9999,-9999
980,615.338316,615.338585521,615.338438467,8081465.5,-9999,500462.7,13.46,-1,0.238980662,0.989690656,0,0.593814394,1,0.230769231,2.192307692,N4 S2 P1 O6,de-protonated,0,-9999,C26 H57 O6 N4 P1 S2,26,57,6,4,1,2,-9999,-9999
981,617.309522,617.309792582,617.309490063,7557470,-9999,491168.6,12.46,-1,0.490060257,0.95735927,0,0.574415562,19,0.073170732,1.12195122,S1 O3,de-protonated,0,-9999,C41 H46 O3 S1,41,46,3,-9999,-9999,1,-9999,-9999
981,617.309522,617.309792582,617.309623005,7557470,-9999,491168.6,12.46,-1,0.274703505,0.986400832,0,0.591840499,6,0.366666667,1.7,P1 O11,de-protonated,0,-9999,C30 H51 O11 P1,30,51,11,-9999,1,-9999,-9999,-9999
982,617.345911,617.346181602,617.345875573,7754083,-9999,488253.4,12.83,-1,0.495717388,0.956391027,0,0.573834616,18,0.047619048,1.19047619,S1 O2,de-protonated,0,-9999,C42 H50 O2 S1,42,50,2,-9999,-9999,1,-9999,-9999
982,617.345911,617.346181602,617.346008514,7754083,-9999,488253.4,12.83,-1,0.280373328,0.985837706,0,0.591502623,5,0.322580645,1.774193548,P1 O10,de-protonated,0,-9999,C31 H55 O10 P1,31,55,10,-9999,1,-9999,-9999,-9999
983,619.288702,619.288973648,619.288754618,7869043.5,-9999,499755.5,13.05,-1,0.353678486,0.977558503,0,0.586535102,19,0.1,1.1,S1 O4,de-protonated,0,-9999,C40 H44 O4 S1,40,44,4,-9999,-9999,1,-9999,-9999
983,619.288702,619.288973648,619.28888756,7869043.5,-9999,499755.5,13.05,-1,0.13901005,0.996499863,0,0.597899918,6,0.413793103,1.689655172,P1 O12,de-protonated,0,-9999,C29 H49 O12 P1,29,49,12,-9999,1,-9999,-9999,-9999
983,619.288702,619.288973648,619.288374496,7869043.5,-9999,499755.5,13.05,-1,0.967484058,0.843799325,0,0.506279595,24,0.023809524,0.976190476,N2 P1 O1,de-protonated,0,-9999,C42 H41 O1 N2 P1,42,41,1,2,1,-9999,-9999,-9999
984,619.325162,619.325433667,619.325140128,13128313,-9999,473193.5,23.1,-1,0.473966527,0.960058165,0,0.576034899,18,0.073170732,1.170731707,S1 O3,de-protonated,0,-9999,C41 H48 O3 S1,41,48,3,-9999,-9999,1,-9999,-9999
984,619.325162,619.325433667,619.32527307,13128313,-9999,473193.5,23.1,-1,0.259310676,0.987873153,0,0.592723892,5,0.366666667,1.766666667,P1 O11,de-protonated,0,-9999,C30 H53 O11 P1,30,53,11,-9999,1,-9999,-9999,-9999
985,619.336386,619.336657673,619.336886581,17551994,-9999,478941.8,31.55,-1,-0.369601937,0.975517768,0,0.585310661,0,0.481481481,2.074074074,S1 O13,de-protonated,0,-9999,C27 H56 O13 S1,27,56,13,-9999,-9999,1,-9999,-9999
985,619.336386,619.336657673,619.336373517,17551994,-9999,478941.8,31.55,-1,0.458807442,0.481262267,0.698017357,0.567964303,18,0.05,1.2,N2 S1 O2,de-protonated,0,-9999,C40 H48 O2 N2 S1,40,48,2,2,-9999,1,-9999,-9999
985,619.336386,619.336657673,619.336506459,17551994,-9999,478941.8,31.55,-1,0.244155488,0.989241787,0,0.593545072,5,0.344827586,1.827586207,N2 P1 O10,de-protonated,0,-9999,C29 H53 O10 N2 P1,29,53,10,2,1,-9999,-9999,-9999
986,619.361574,619.361845687,619.361525637,7754365.5,-9999,515090.1,12.83,-1,0.516741229,0.952704307,0,0.571622584,17,0.047619048,1.238095238,S1 O2,de-protonated,0,-9999,C42 H52 O2 S1,42,52,2,-9999,-9999,1,-9999,-9999
986,619.361574,619.361845687,619.361658579,7754365.5,-9999,515090.1,12.83,-1,0.30209798,0.98357677,0,0.590146062,4,0.322580645,1.838709677,P1 O10,de-protonated,0,-9999,C31 H57 O10 P1,31,57,10,-9999,1,-9999,-9999,-9999
987,621.304314,621.304586733,621.304404683,8262527.5,-9999,515695.1,13.8,-1,0.293011978,0.984542255,0,0.590725353,18,0.1,1.15,S1 O4,de-protonated,0,-9999,C40 H46 O4 S1,40,46,4,-9999,-9999,1,-9999,-9999
987,621.304314,621.304586733,621.304537625,8262527.5,-9999,515695.1,13.8,-1,0.079039987,0.998867074,0,0.599320245,5,0.413793103,1.75862069,P1 O12,de-protonated,0,-9999,C29 H51 O12 P1,29,51,12,-9999,1,-9999,-9999,-9999
987,621.304314,621.304586733,621.30402456,8262527.5,-9999,515695.1,13.8,-1,0.904826189,0.861953519,0,0.517172111,23,0.023809524,1.023809524,N2 P1 O1,de-protonated,0,-9999,C42 H43 O1 N2 P1,42,43,1,2,1,-9999,-9999,-9999
988,621.340782,621.341054752,621.340790192,10113924,-9999,476912.8,17.34,-1,0.425788742,0.967639256,0,0.580583554,17,0.073170732,1.219512195,S1 O3,de-protonated,0,-9999,C41 H50 O3 S1,41,50,3,-9999,-9999,1,-9999,-9999
988,621.340782,621.341054752,621.340923134,10113924,-9999,476912.8,17.34,-1,0.211829252,0.991891157,0,0.595134694,4,0.366666667,1.833333333,P1 O11,de-protonated,0,-9999,C30 H55 O11 P1,30,55,11,-9999,1,-9999,-9999,-9999
989,623.319946,623.320219818,623.320054747,7574653,-9999,516071.6,12.49,-1,0.264824091,0.987355302,0,0.592413181,17,0.1,1.2,S1 O4,de-protonated,0,-9999,C40 H48 O4 S1,40,48,4,-9999,-9999,1,-9999,-9999
989,623.319946,623.320219818,623.320187689,7574653,-9999,516071.6,12.49,-1,0.051544034,0.999518046,0,0.599710827,4,0.413793103,1.827586207,P1 O12,de-protonated,0,-9999,C29 H53 O12 P1,29,53,12,-9999,1,-9999,-9999,-9999
989,623.319946,623.320219818,623.319674625,7574653,-9999,516071.6,12.49,-1,0.87465984,0.870390203,0,0.522234122,22,0.023809524,1.071428571,N2 P1 O1,de-protonated,0,-9999,C42 H45 O1 N2 P1,42,45,1,2,1,-9999,-9999,-9999
990,627.374681,627.374957,627.374986168,8492629,-9999,512709.4,14.24,-1,-0.046491559,0.999607882,0,0.599764729,6,0.333333333,1.696969697,O11,de-protonated,0,-9999,C33 H56 O11,33,56,11,-9999,-9999,-9999,-9999,-9999
990,627.374681,627.374957,627.375475425,8492629,-9999,512709.4,14.24,-1,-0.826339268,0.883468359,0,0.530081015,10,0.083333333,1.583333333,N2 S1 P1 O3,de-protonated,0,-9999,C36 H57 O3 N2 P1 S1,36,57,3,2,1,1,-9999,-9999
990,627.374681,627.374957,627.374823976,8492629,-9999,512709.4,14.24,-1,0.21203224,0.991875672,0,0.595125403,1,0.178571429,2.178571429,N4 S2 P1 O5,de-protonated,0,-9999,C28 H61 O5 N4 P1 S2,28,61,5,4,1,2,-9999,-9999
991,631.325019,631.325297127,631.325140128,9623545,-9999,505287.5,16.4,-1,0.248681346,0.988841499,0,0.593304899,19,0.071428571,1.142857143,S1 O3,de-protonated,0,-9999,C42 H48 O3 S1,42,48,3,-9999,-9999,1,-9999,-9999
991,631.325019,631.325297127,631.32527307,9623545,-9999,505287.5,16.4,-1,0.038105643,0.999736564,0,0.599841938,6,0.35483871,1.709677419,P1 O11,de-protonated,0,-9999,C31 H53 O11 P1,31,53,11,-9999,1,-9999,-9999,-9999
992,632.328274,632.328552667,632.32876425,8591454,-9999,464723.7,14.43,-1,-0.334610103,0.979889267,0,0.58793356,6,0.433333333,1.7,N1 O13,de-protonated,0,-9999,C30 H51 O13 N1,30,51,13,1,-9999,-9999,-9999,-9999
992,632.328274,632.328552667,632.328251186,8591454,-9999,464723.7,14.43,-1,0.476778725,0.959592519,0,0.575755512,24,0.046511628,1,N3 O2,de-protonated,0,-9999,C43 H43 O2 N3,43,43,2,3,-9999,-9999,-9999,-9999
993,633.304319,633.304598192,633.304404683,8935614,-9999,467908.2,15.09,-1,0.30555466,0.983201975,0,0.589921185,19,0.097560976,1.12195122,S1 O4,de-protonated,0,-9999,C41 H46 O4 S1,41,46,4,-9999,-9999,1,-9999,-9999
993,633.304319,633.304598192,633.304537625,8935614,-9999,467908.2,15.09,-1,0.095637057,0.998341766,0,0.599005059,6,0.4,1.7,P1 O12,de-protonated,0,-9999,C30 H51 O12 P1,30,51,12,-9999,1,-9999,-9999,-9999
993,633.304319,633.304598192,633.30402456,8935614,-9999,467908.2,15.09,-1,0.905776073,0.861684574,0,0.517010744,24,0.023255814,1,N2 P1 O1,de-protonated,0,-9999,C43 H43 O1 N2 P1,43,43,1,2,1,-9999,-9999,-9999
994,633.34078,633.341059212,633.340790192,9033922,-9999,467738.2,15.27,-1,0.424762455,0.967792531,0,0.580675519,18,0.071428571,1.19047619,S1 O3,de-protonated,0,-9999,C42 H50 O3 S1,42,50,3,-9999,-9999,1,-9999,-9999
994,633.34078,633.341059212,633.340923134,9033922,-9999,467738.2,15.27,-1,0.214856886,0.99165868,0,0.594995208,5,0.35483871,1.774193548,P1 O11,de-protonated,0,-9999,C31 H55 O11 P1,31,55,11,-9999,1,-9999,-9999,-9999
995,633.351996,633.352275218,633.352536646,12261571,-9999,424376.8,21.44,-1,-0.412768717,0.969558111,0,0.581734867,0,0.464285714,2.071428571,S1 O13,de-protonated,0,-9999,C28 H58 O13 S1,28,58,13,-9999,-9999,1,-9999,-9999
995,633.351996,633.352275218,633.352023582,12261571,-9999,424376.8,21.44,-1,0.39730849,0.971763898,0,0.583058339,18,0.048780488,1.219512195,N2 S1 O2,de-protonated,0,-9999,C41 H50 O2 N2 S1,41,50,2,2,-9999,1,-9999,-9999
995,633.351996,633.352275218,633.352156523,12261571,-9999,424376.8,21.44,-1,0.187406651,0.993647557,0,0.596188534,5,0.333333333,1.833333333,N2 P1 O10,de-protonated,0,-9999,C30 H55 O10 N2 P1,30,55,10,2,1,-9999,-9999,-9999
996,633.37723,633.377509231,633.377175702,8919237,-9999,450187.7,15.05,-1,0.526589325,0.950929784,0,0.570557871,17,0.046511628,1.255813953,S1 O2,de-protonated,0,-9999,C43 H54 O2 S1,43,54,2,-9999,-9999,1,-9999,-9999
996,633.37723,633.377509231,633.377308643,8919237,-9999,450187.7,15.05,-1,0.316695794,0.981965976,0,0.589179586,4,0.3125,1.84375,P1 O10,de-protonated,0,-9999,C32 H59 O10 P1,32,59,10,-9999,1,-9999,-9999,-9999
997,635.320047,635.320327277,635.320054747,8968577,-9999,451429.4,15.15,-1,0.428964419,0.967162784,0,0.58029767,18,0.097560976,1.170731707,S1 O4,de-protonated,0,-9999,C41 H48 O4 S1,41,48,4,-9999,-9999,1,-9999,-9999
997,635.320047,635.320327277,635.320187689,8968577,-9999,451429.4,15.15,-1,0.219712785,0.991279049,0,0.594767429,5,0.4,1.766666667,P1 O12,de-protonated,0,-9999,C30 H53 O12 P1,30,53,12,-9999,1,-9999,-9999,-9999
998,635.35638,635.356660297,635.356440257,9394564,-9999,491722.7,15.96,-1,0.346325136,0.978471954,0,0.587083172,17,0.071428571,1.238095238,S1 O3,de-protonated,0,-9999,C42 H52 O3 S1,42,52,3,-9999,-9999,1,-9999,-9999
998,635.35638,635.356660297,635.356573198,9394564,-9999,491722.7,15.96,-1,0.137085503,0.996595944,0,0.597957567,4,0.35483871,1.838709677,P1 O11,de-protonated,0,-9999,C31 H57 O11 P1,31,57,11,-9999,1,-9999,-9999,-9999
999,637.335733,637.336014362,637.335704812,9296445,-9999,451207.1,15.77,-1,0.485694209,0.958099601,0,0.57485976,17,0.097560976,1.219512195,S1 O4,de-protonated,0,-9999,C41 H50 O4 S1,41,50,4,-9999,-9999,1,-9999,-9999
999,637.335733,637.336014362,637.335837754,9296445,-9999,451207.1,15.77,-1,0.277104347,0.986163746,0,0.591698247,4,0.4,1.833333333,P1 O12,de-protonated,0,-9999,C30 H55 O12 P1,30,55,12,-9999,1,-9999,-9999,-9999
1000,641.054387,641.054670364,641.054791498,8428429,-9999,321382.5,14.1,-1,-0.188960581,0.993542117,0,0.59612527,28,0.277777778,0.5,S1 O10,de-protonated,0,-9999,C36 H18 O10 S1,36,18,10,-9999,-9999,1,-9999,-9999
1000,641.054387,641.054670364,641.05492444,8428429,-9999,321382.5,14.1,-1,-0.396340167,0.971899415,0,0.583139649,15,0.72,0.92,P1 O18,de-protonated,0,-9999,C25 H23 O18 P1,25,23,18,-9999,1,-9999,-9999,-9999
1000,641.054387,641.054670364,641.055280755,8428429,-9999,321382.5,14.1,-1,-0.952166613,0.848313315,0,0.508987989,32,0.051282051,0.487179487,N2 S2 P1 O2,de-protonated,0,-9999,C39 H19 O2 N2 P1 S2,39,19,2,2,1,2,-9999,-9999
1000,641.054387,641.054670364,641.054411375,8428429,-9999,321382.5,14.1,-1,0.404003825,0.970818363,0,0.582491018,33,0.184210526,0.394736842,N2 P1 O7,de-protonated,0,-9999,C38 H15 O7 N2 P1,38,15,7,2,1,-9999,-9999,-9999
1000,641.054387,641.054670364,641.054140049,8428429,-9999,321382.5,14.1,-1,0.827253989,0.88322592,0,0.529935552,19,0.428571429,0.785714286,N2 S2 O12,de-protonated,0,-9999,C28 H22 O12 N2 S2,28,22,12,2,-9999,2,-9999,-9999
1001,641.353863,641.354146525,641.354250723,7379880,-9999,486566.6,12.1,-1,-0.16246544,0.995222109,0,0.597133265,7,0.363636364,1.636363636,O12,de-protonated,0,-9999,C33 H54 O12,33,54,12,-9999,-9999,-9999,-9999,-9999
1001,641.353863,641.354146525,641.353737659,7379880,-9999,486566.6,12.1,-1,0.63750521,0.928910314,0,0.557346188,25,0.02173913,1,N2 O1,de-protonated,0,-9999,C46 H46 O1 N2,46,46,1,2,-9999,-9999,-9999,-9999
1001,641.353863,641.354146525,641.35473998,7379880,-9999,486566.6,12.1,-1,-0.92531514,0.856108776,0,0.513665266,11,0.111111111,1.527777778,N2 S1 P1 O4,de-protonated,0,-9999,C36 H55 O4 N2 P1 S1,36,55,4,2,1,1,-9999,-9999
1001,641.353863,641.354146525,641.354088532,7379880,-9999,486566.6,12.1,-1,0.090423419,0.998517504,0,0.599110502,2,0.214285714,2.107142857,N4 S2 P1 O6,de-protonated,0,-9999,C28 H59 O6 N4 P1 S2,28,59,6,4,1,2,-9999,-9999
1002,643.369577,643.36986161,643.369900787,7756889.5,-9999,525601.3,12.82,-1,-0.060893931,0.999327402,0,0.599596441,6,0.363636364,1.696969697,O12,de-protonated,0,-9999,C33 H56 O12,33,56,12,-9999,-9999,-9999,-9999,-9999
1002,643.369577,643.36986161,643.369387723,7756889.5,-9999,525601.3,12.82,-1,0.736570525,0.906247828,0,0.543748697,24,0.02173913,1.043478261,N2 O1,de-protonated,0,-9999,C46 H48 O1 N2,46,48,1,2,-9999,-9999,-9999,-9999
1002,643.369577,643.36986161,643.370390045,7756889.5,-9999,525601.3,12.82,-1,-0.821353735,0.88478618,0,0.530871708,10,0.111111111,1.583333333,N2 S1 P1 O4,de-protonated,0,-9999,C36 H57 O4 N2 P1 S1,36,57,4,2,1,1,-9999,-9999
1002,643.369577,643.36986161,643.369738596,7756889.5,-9999,525601.3,12.82,-1,0.191202663,0.993388469,0,0.596033081,1,0.214285714,2.178571429,N4 S2 P1 O6,de-protonated,0,-9999,C28 H61 O6 N4 P1 S2,28,61,6,4,1,2,-9999,-9999
1003,647.32002,647.320306737,647.320054747,7953844,-9999,452613.6,13.2,-1,0.389280632,0.972877964,0,0.583726778,19,0.095238095,1.142857143,S1 O4,de-protonated,0,-9999,C42 H48 O4 S1,42,48,4,-9999,-9999,1,-9999,-9999
1003,647.32002,647.320306737,647.320187689,7953844,-9999,452613.6,13.2,-1,0.183908107,0.993881801,0,0.59632908,6,0.387096774,1.709677419,P1 O12,de-protonated,0,-9999,C31 H53 O12 P1,31,53,12,-9999,1,-9999,-9999,-9999
1003,647.32002,647.320306737,647.319674625,7953844,-9999,452613.6,13.2,-1,0.976506207,0.841118267,0,0.50467096,24,0.022727273,1.022727273,N2 P1 O1,de-protonated,0,-9999,C44 H45 O1 N2 P1,44,45,1,2,1,-9999,-9999,-9999
1004,647.356278,647.356564756,647.356440257,7904695.5,-9999,482792.3,13.1,-1,0.192319594,0.993311259,0,0.595986755,18,0.069767442,1.209302326,S1 O3,de-protonated,0,-9999,C43 H52 O3 S1,43,52,3,-9999,-9999,1,-9999,-9999
1004,647.356278,647.356564756,647.356573198,7904695.5,-9999,482792.3,13.1,-1,-0.013041348,0.99996914,0,0.599981484,5,0.34375,1.78125,P1 O11,de-protonated,0,-9999,C32 H57 O11 P1,32,57,11,-9999,1,-9999,-9999,-9999
1005,649.335558,649.335845822,649.335704812,8953446,-9999,439188.2,15.1,-1,0.217159849,0.991479676,0,0.594887805,18,0.095238095,1.19047619,S1 O4,de-protonated,0,-9999,C42 H50 O4 S1,42,50,4,-9999,-9999,1,-9999,-9999
1005,649.335558,649.335845822,649.335837754,8953446,-9999,439188.2,15.1,-1,0.01242487,0.999971989,0,0.599983193,5,0.387096774,1.774193548,P1 O12,de-protonated,0,-9999,C31 H55 O12 P1,31,55,12,-9999,1,-9999,-9999,-9999
1005,649.335558,649.335845822,649.335324689,8953446,-9999,439188.2,15.1,-1,0.802562473,0.889698816,0,0.53381929,23,0.022727273,1.068181818,N2 P1 O1,de-protonated,0,-9999,C44 H47 O1 N2 P1,44,47,1,2,1,-9999,-9999,-9999
1006,649.372119,649.372406841,649.372090321,7888489.5,-9999,452266.8,13.07,-1,0.487424666,0.957806899,0,0.57468414,17,0.069767442,1.255813953,S1 O3,de-protonated,0,-9999,C43 H54 O3 S1,43,54,3,-9999,-9999,1,-9999,-9999
1006,649.372119,649.372406841,649.372223263,7888489.5,-9999,452266.8,13.07,-1,0.282701104,0.985603275,0,0.591361965,4,0.34375,1.84375,P1 O11,de-protonated,0,-9999,C32 H59 O11 P1,32,59,11,-9999,1,-9999,-9999,-9999
1007,651.351305,651.351593907,651.351354876,8216346.5,-9999,415027.2,13.7,-1,0.366975885,0.97586021,0,0.585516126,17,0.095238095,1.238095238,S1 O4,de-protonated,0,-9999,C42 H52 O4 S1,42,52,4,-9999,-9999,1,-9999,-9999
1007,651.351305,651.351593907,651.351487818,8216346.5,-9999,415027.2,13.7,-1,0.162874441,0.99519808,0,0.597118848,4,0.387096774,1.838709677,P1 O12,de-protonated,0,-9999,C31 H57 O12 P1,31,57,12,-9999,1,-9999,-9999,-9999
1007,651.351305,651.351593907,651.350974754,8216346.5,-9999,415027.2,13.7,-1,0.950567027,0.848781929,0,0.509269158,22,0.022727273,1.113636364,N2 P1 O1,de-protonated,0,-9999,C44 H49 O1 N2 P1,44,49,1,2,1,-9999,-9999,-9999
1008,659.056354,659.056647054,659.056981032,10772983,-9999,461834.7,18.58,-1,-0.506750753,0.954473541,0,0.572684125,40,0.021276596,0.340425532,S2 O1,de-protonated,0,-9999,C47 H16 O1 S2,47,16,1,-9999,-9999,2,-9999,-9999
1008,659.056354,659.056647054,659.057113973,10772983,-9999,461834.7,18.58,-1,-0.708465688,0.912950713,0,0.547770428,27,0.25,0.583333333,S1 P1 O9,de-protonated,0,-9999,C36 H21 O9 P1 S1,36,21,9,-9999,1,1,-9999,-9999
1008,659.056354,659.056647054,659.056462525,10772983,-9999,461834.7,18.58,-1,0.279990166,0.985876114,0,0.591525668,18,0.392857143,0.892857143,N2 S2 P1 O11,de-protonated,0,-9999,C28 H25 O11 N2 P1 S2,28,25,11,2,1,2,-9999,-9999
1009,663.351327,663.351622366,663.351354876,8070078.5,-9999,429863.2,13.42,-1,0.403239891,0.970927,0,0.5825562,18,0.093023256,1.209302326,S1 O4,de-protonated,0,-9999,C43 H52 O4 S1,43,52,4,-9999,-9999,1,-9999,-9999
1009,663.351327,663.351622366,663.351487818,8070078.5,-9999,429863.2,13.42,-1,0.202830627,0.992562946,0,0.595537768,5,0.375,1.78125,P1 O12,de-protonated,0,-9999,C32 H57 O12 P1,32,57,12,-9999,1,-9999,-9999,-9999
1009,663.351327,663.351622366,663.350974754,8070078.5,-9999,429863.2,13.42,-1,0.976273908,0.841187502,0,0.504712501,23,0.022222222,1.088888889,N2 P1 O1,de-protonated,0,-9999,C45 H49 O1 N2 P1,45,49,1,2,1,-9999,-9999,-9999
1010,671.267107,671.267406627,671.268032974,51373964,-9999,422011.6,96.07,-1,-0.933080644,0.85825801,0.956250114,0.897454852,23,0.12195122,1,N2 P1 O5,de-protonated,0,-9999,C41 H41 O5 N2 P1,41,41,5,2,1,-9999,-9999,-9999
1010,671.267107,671.267406627,671.267761648,51373964,-9999,422011.6,96.07,-1,-0.528881423,0.953187456,0.987634654,0.966966335,9,0.322580645,1.548387097,N2 S2 O10,de-protonated,0,-9999,C31 H48 O10 N2 S2,31,48,10,2,-9999,2,-9999,-9999
1010,671.267107,671.267406627,671.266892268,51373964,-9999,422011.6,96.07,-1,0.766250842,0.895371863,0.981519066,0.929830744,10,0.5,1.466666667,N2 O15,de-protonated,0,-9999,C30 H44 O15 N2,30,44,15,2,-9999,-9999,-9999,-9999
1010,671.267107,671.267406627,671.267381526,51373964,-9999,422011.6,96.07,-1,0.037394147,0.999470305,0.999573353,0.999511524,14,0.212121212,1.363636364,N4 S1 P1 O7,de-protonated,0,-9999,C33 H45 O7 N4 P1 S1,33,45,7,4,1,1,-9999,-9999
1011,672.270481,672.270781167,672.270676002,18376726,-9999,427951.9,33.09,-1,0.156433087,0.497784778,0.68763467,0.573724735,22,0.071428571,1.047619048,N1 S1 P1 O3,de-protonated,0,-9999,C42 H44 O3 N1 P1 S1,42,44,3,1,1,1,-9999,-9999
1011,672.270481,672.270781167,672.271387809,18376726,-9999,427951.9,33.09,-1,-0.902376903,0.862646081,0.956250114,0.900087694,23,0.12195122,1,13C1 N2 P1 O5,de-protonated,1,1010,C40 H41 O5 N2 P1 13C1,40,41,5,2,1,-9999,1,-9999
1011,672.270481,672.270781167,672.271116483,18376726,-9999,427951.9,33.09,-1,-0.49878093,0.955862464,0.987634654,0.96857134,9,0.322580645,1.548387097,13C1 N2 S2 O10,de-protonated,1,1010,C30 H48 O10 N2 S2 13C1,30,48,10,2,-9999,2,1,-9999
1011,672.270481,672.270781167,672.270247103,18376726,-9999,427951.9,33.09,-1,0.794418405,0.891800902,0.981519066,0.927688168,10,0.5,1.466666667,13C1 N2 O15,de-protonated,1,1010,C29 H44 O15 N2 13C1,29,44,15,2,-9999,-9999,1,-9999
1011,672.270481,672.270781167,672.270736361,18376726,-9999,427951.9,33.09,-1,0.066649498,0.999194301,0.999573353,0.999345922,14,0.212121212,1.363636364,13C1 N4 S1 P1 O7,de-protonated,1,1010,C32 H45 O7 N4 P1 S1 13C1,32,45,7,4,1,1,1,-9999
1012,673.264141,673.264441702,673.263936115,16214180,-9999,434620.7,28.96,-1,0.750949557,0.902737475,0,0.541642485,8,0.28125,1.59375,S2 P1 O9,de-protonated,0,-9999,C32 H51 O9 P1 S2,32,51,9,-9999,1,2,-9999,-9999
1012,673.264141,673.264441702,673.264784268,16214180,-9999,434620.7,28.96,-1,-0.508813061,0.954110885,0,0.572466531,9,0.433333333,1.533333333,N2 S1 O13,de-protonated,0,-9999,C30 H46 O13 N2 S1,30,46,13,2,-9999,1,-9999,-9999
1012,673.264141,673.264441702,673.264271204,16214180,-9999,434620.7,28.96,-1,0.253241322,0.494215463,0.6825583,0.569552598,27,0.046511628,0.88372093,N4 S1 O2,de-protonated,0,-9999,C43 H38 O2 N4 S1,43,38,2,4,-9999,1,-9999,-9999
1012,673.264141,673.264441702,673.264404145,16214180,-9999,434620.7,28.96,-1,0.055782846,0.999435541,0,0.599661324,14,0.3125,1.34375,N4 P1 O10,de-protonated,0,-9999,C32 H43 O10 N4 P1,32,43,10,4,1,-9999,-9999,-9999
1012,673.264141,673.264441702,673.264132819,16214180,-9999,434620.7,28.96,-1,0.458783929,0.962528302,0,0.577516981,0,0.681818182,2.272727273,N4 S2 O15,de-protonated,0,-9999,C22 H50 O15 N4 S2,22,50,15,4,-9999,2,-9999,-9999
1013,675.085398,675.085699682,675.085912179,8120751,-9999,459861.2,13.51,-1,-0.314769643,0.982182716,0,0.58930963,30,0.097560976,0.609756098,S2 P1 O4,de-protonated,0,-9999,C41 H25 O4 P1 S2,41,25,4,-9999,1,2,-9999,-9999
1013,675.085398,675.085699682,675.085042799,8120751,-9999,459861.2,13.51,-1,0.973037879,0.842150863,0,0.505290518,31,0.225,0.525,P1 O9,de-protonated,0,-9999,C40 H21 O9 P1,40,21,9,-9999,1,-9999,-9999,-9999
1013,675.085398,675.085699682,675.086108883,8120751,-9999,459861.2,13.51,-1,-0.60614644,0.935506956,0,0.561304173,22,0.322580645,0.774193548,N4 S2 O10,de-protonated,0,-9999,C31 H24 O10 N4 S2,31,24,10,4,-9999,2,-9999,-9999
1013,675.085398,675.085699682,675.085239504,8120751,-9999,459861.2,13.51,-1,0.681660332,0.919144353,0,0.551486612,23,0.5,0.666666667,N4 O15,de-protonated,0,-9999,C30 H20 O15 N4,30,20,15,4,-9999,-9999,-9999,-9999
1013,675.085398,675.085699682,675.086241825,8120751,-9999,459861.2,13.51,-1,-0.803071872,0.889566787,0,0.533740072,9,0.9,1.45,N4 S1 P1 O18,de-protonated,0,-9999,C20 H29 O18 N4 P1 S1,20,29,18,4,1,1,-9999,-9999
1014,677.366874,677.36717691,677.367004941,7678732.5,-9999,460734.6,12.65,-1,0.253879643,0.988372872,0,0.593023723,18,0.090909091,1.227272727,S1 O4,de-protonated,0,-9999,C44 H54 O4 S1,44,54,4,-9999,-9999,1,-9999,-9999
1014,677.366874,677.36717691,677.367137883,7678732.5,-9999,460734.6,12.65,-1,0.057617149,0.99939782,0,0.599638692,5,0.363636364,1.787878788,P1 O12,de-protonated,0,-9999,C33 H59 O12 P1,33,59,12,-9999,1,-9999,-9999,-9999
1014,677.366874,677.36717691,677.366624818,7678732.5,-9999,460734.6,12.65,-1,0.815056711,0.886442048,0,0.531865229,23,0.02173913,1.108695652,N2 P1 O1,de-protonated,0,-9999,C46 H51 O1 N2 P1,46,51,1,2,1,-9999,-9999,-9999
1015,691.382498,691.382808455,691.382655005,8107130,-9999,444655,13.46,-1,0.221946123,0.99110165,0,0.59466099,18,0.088888889,1.244444444,S1 O4,de-protonated,0,-9999,C45 H56 O4 S1,45,56,4,-9999,-9999,1,-9999,-9999
1015,691.382498,691.382808455,691.382787947,8107130,-9999,444655,13.46,-1,0.029662251,0.999840365,0,0.599904219,5,0.352941176,1.794117647,P1 O12,de-protonated,0,-9999,C34 H61 O12 P1,34,61,12,-9999,1,-9999,-9999,-9999
1015,691.382498,691.382808455,691.382274883,8107130,-9999,444655,13.46,-1,0.771747034,0.897565074,0,0.538539044,23,0.021276596,1.127659574,N2 P1 O1,de-protonated,0,-9999,C47 H53 O1 N2 P1,47,53,1,2,1,-9999,-9999,-9999
1016,694.342992,694.343304049,694.342914713,7386780,-9999,450172.3,12.09,-1,0.560725364,0.944547017,0,0.56672821,0,0.379310345,2.137931034,N1 S2 P1 O11,de-protonated,0,-9999,C29 H62 O11 N1 P1 S2,29,62,11,1,1,2,-9999,-9999
1016,694.342992,694.343304049,694.34390125,7386780,-9999,450172.3,12.09,-1,-0.860095286,0.874389642,0,0.524633785,28,0.041666667,0.9375,N3 O2,de-protonated,0,-9999,C48 H45 O2 N3,48,45,2,3,-9999,-9999,-9999,-9999
1016,694.342992,694.343304049,694.343762866,7386780,-9999,450172.3,12.09,-1,-0.660792984,0.923828259,0,0.554296956,1,0.555555556,2.111111111,N3 S1 O15,de-protonated,0,-9999,C27 H57 O15 N3 S1,27,57,15,3,-9999,1,-9999,-9999
1017,715.216505,715.216828285,715.216985921,9373006,-9999,420387.5,15.86,-1,-0.22040421599999999,0.991224315,0,0.594734589,15,0.25,1.25,S2 P1 O9,de-protonated,0,-9999,C36 H45 O9 P1 S2,36,45,9,-9999,1,2,-9999,-9999
1017,715.216505,715.216828285,715.216116542,9373006,-9999,420387.5,15.86,-1,0.995144006,0.835528569,0,0.501317142,16,0.4,1.171428571,P1 O14,de-protonated,0,-9999,C35 H41 O14 P1,35,41,14,-9999,1,-9999,-9999,-9999
1017,715.216505,715.216828285,715.21732101,9373006,-9999,420387.5,15.86,-1,-0.688917542,0.917486984,0,0.55049219,34,0.042553191,0.680851064,N4 S1 O2,de-protonated,0,-9999,C47 H32 O2 N4 S1,47,32,2,4,-9999,1,-9999,-9999
1017,715.216505,715.216828285,715.217453952,9373006,-9999,420387.5,15.86,-1,-0.874793373,0.87035331,0,0.522211986,21,0.277777778,1.027777778,N4 P1 O10,de-protonated,0,-9999,C36 H37 O10 N4 P1,36,37,10,4,1,-9999,-9999,-9999
1017,715.216505,715.216828285,715.217182626,9373006,-9999,420387.5,15.86,-1,-0.49543179,0.956440151,0,0.573864091,7,0.576923077,1.692307692,N4 S2 O15,de-protonated,0,-9999,C26 H44 O15 N4 S2,26,44,15,4,-9999,2,-9999,-9999
1017,715.216505,715.216828285,715.216313246,9373006,-9999,420387.5,15.86,-1,0.720115763,0.910197884,0,0.54611873,8,0.8,1.6,N4 O20,de-protonated,0,-9999,C25 H40 O20 N4,25,40,20,4,-9999,-9999,-9999,-9999
1018,715.983158,715.983481697,715.983536601,15254988,-9999,325619.6,27,-1,-0.07668352,0.998933585,0,0.599360151,22,0.714285714,0.535714286,N1 S1 O20,de-protonated,0,-9999,C28 H15 O20 N1 S1,28,15,20,1,-9999,1,-9999,-9999
1018,715.983158,715.983481697,715.984025859,15254988,-9999,325619.6,27,-1,-0.760019034,0.900495591,0,0.540297354,26,0.387096774,0.516129032,N3 S2 P1 O12,de-protonated,0,-9999,C31 H16 O12 N3 P1 S2,31,16,12,3,1,2,-9999,-9999
1018,715.983158,715.983481697,715.983156479,15254988,-9999,325619.6,27,-1,0.454226303,0.963255321,0,0.577953193,27,0.566666667,0.4,N3 P1 O17,de-protonated,0,-9999,C30 H12 O17 N3 P1,30,12,17,3,1,-9999,-9999,-9999
1019,717.214548,717.21487236,717.214856694,8849042,-9999,430431.6,14.82,-1,0.021842363,0.999913437,0,0.599948062,16,0.484848485,1.151515152,N2 O16,de-protonated,0,-9999,C33 H38 O16 N2,33,38,16,2,-9999,-9999,-9999,-9999
1019,717.214548,717.21487236,717.21434363,8849042,-9999,430431.6,14.82,-1,0.737199307,0.90609546,0,0.543657276,34,0.108695652,0.652173913,N4 O5,de-protonated,0,-9999,C46 H30 O5 N4,46,30,5,4,-9999,-9999,-9999,-9999
1019,717.214548,717.21487236,717.215345952,8849042,-9999,430431.6,14.82,-1,-0.660320063,0.923932996,0,0.554359797,20,0.222222222,1.083333333,N4 S1 P1 O8,de-protonated,0,-9999,C36 H39 O8 N4 P1 S1,36,39,8,4,1,1,-9999,-9999
1019,717.214548,717.21487236,717.214205246,8849042,-9999,430431.6,14.82,-1,0.93014659,0.854717353,0,0.512830412,7,0.72,1.68,N4 S1 O18,de-protonated,0,-9999,C25 H42 O18 N4 S1,25,42,18,4,-9999,1,-9999,-9999
1020,726.359508,726.359837283,726.359884931,12553156,-9999,400625.1,21.86,-1,-0.0655991,0.999219487,0,0.599531692,13,0.175,1.45,N1 S1 P1 O7,de-protonated,0,-9999,C40 H58 O7 N1 P1 S1,40,58,7,1,1,1,-9999,-9999
1020,726.359508,726.359837283,726.359233483,12553156,-9999,400625.1,21.86,-1,0.831269291,0.882159316,0,0.52929559,4,0.28125,1.9375,N3 S2 P1 O9,de-protonated,0,-9999,C32 H62 O9 N3 P1 S2,32,62,9,3,1,2,-9999,-9999
1021,736.057693,736.058027503,736.058021697,13684692,-9999,304916.4,24.01,-1,0.007887923,0.99998871,0,0.599993226,28,0.472222222,0.527777778,N1 O17,de-protonated,0,-9999,C36 H19 O17 N1,36,19,17,1,-9999,-9999,-9999,-9999
1021,736.057693,736.058027503,736.058510955,13684692,-9999,304916.4,24.01,-1,-0.656811074,0.924708149,0,0.554824889,32,0.230769231,0.512820513,N3 S1 P1 O9,de-protonated,0,-9999,C39 H20 O9 N3 P1 S1,39,20,9,3,1,1,-9999,-9999
1021,736.057693,736.058027503,736.057370248,13684692,-9999,304916.4,24.01,-1,0.89293943,0.86530222,0,0.519181332,19,0.678571429,0.821428571,N3 S1 O19,de-protonated,0,-9999,C28 H23 O19 N3 S1,28,23,19,3,-9999,1,-9999,-9999
1022,741.004922,741.005259166,741.0050784,8925487,-9999,296050.4,14.96,-1,0.243947763,0.989259986,0,0.593555992,36,0.238095238,0.357142857,S1 P1 O10,de-protonated,0,-9999,C42 H15 O10 P1 S1,42,15,10,-9999,1,1,-9999,-9999
1022,741.004922,741.005259166,741.005275104,8925487,-9999,296050.4,14.96,-1,-0.021508563,0.999916062,0,0.599949637,28,0.5,0.4375,N4 S1 O16,de-protonated,0,-9999,C32 H14 O16 N4 S1,32,14,16,4,-9999,1,-9999,-9999
1023,748.042557,748.042897954,748.043634936,10834520,-9999,294698.6,18.59,-1,-0.985211621,0.838515926,0,0.503109556,24,0.441176471,0.676470588,N1 S2 O15,de-protonated,0,-9999,C34 H23 O15 N1 S2,34,23,15,1,-9999,2,-9999,-9999
1023,748.042557,748.042897954,748.042765556,10834520,-9999,294698.6,18.59,-1,0.176993341,0.994331946,0,0.596599168,25,0.606060606,0.575757576,N1 O20,de-protonated,0,-9999,C33 H19 O20 N1,33,19,20,1,-9999,-9999,-9999,-9999
1023,748.042557,748.042897954,748.043254813,10834520,-9999,294698.6,18.59,-1,-0.477056319,0.959546418,0,0.575727851,29,0.333333333,0.555555556,N3 S1 P1 O12,de-protonated,0,-9999,C36 H20 O12 N3 P1 S1,36,20,12,3,1,1,-9999,-9999
1024,758.330615,758.330961492,758.330953784,13456108,-9999,380170.1,23.57,-1,0.010164907,0.499990626,0.649019222,0.559602064,27,0.08,0.98,N1 S1 O4,de-protonated,0,-9999,C50 H49 O4 N1 S1,50,49,4,1,-9999,1,-9999,-9999
1024,758.330615,758.330961492,758.331086726,13456108,-9999,380170.1,23.57,-1,-0.165143389,0.995063694,0,0.597038216,14,0.307692308,1.384615385,N1 P1 O12,de-protonated,0,-9999,C39 H54 O12 N1 P1,39,54,12,1,1,-9999,-9999,-9999
1024,758.330615,758.330961492,758.3308154,13456108,-9999,380170.1,23.57,-1,0.19265047799999999,0.993288301,0,0.59597298,0,0.586206897,2.103448276,N1 S2 O17,de-protonated,0,-9999,C29 H61 O17 N1 S2,29,61,17,1,-9999,2,-9999,-9999
1024,758.330615,758.330961492,758.330573662,13456108,-9999,380170.1,23.57,-1,0.511427203,0.476824635,0.640033642,0.542108238,32,0.019230769,0.884615385,N3 P1 O1,de-protonated,0,-9999,C52 H46 O1 N3 P1,52,46,1,3,1,-9999,-9999,-9999
1024,758.330615,758.330961492,758.330302335,13456108,-9999,380170.1,23.57,-1,0.869221554,0.435944634,0.68763467,0.536620649,18,0.142857143,1.261904762,N3 S2 O6,de-protonated,0,-9999,C42 H53 O6 N3 S2,42,53,6,3,-9999,2,-9999,-9999
1024,758.330615,758.330961492,758.330435277,13456108,-9999,380170.1,23.57,-1,0.693912956,0.916337714,0,0.549802628,5,0.451612903,1.870967742,N3 S1 P1 O14,de-protonated,0,-9999,C31 H58 O14 N3 P1 S1,31,58,14,3,1,1,-9999,-9999
1025,787.58034,787.580702237,787.579971635,8213552.5,-9999,305786.5,13.47,-1,0.927654673,0.855435629,0,0.513261378,12,0.078431373,1.588235294,P1 O4,de-protonated,0,-9999,C51 H81 O4 P1,51,81,4,-9999,1,-9999,-9999,-9999
1025,787.58034,787.580702237,787.581037719,8213552.5,-9999,305786.5,13.47,-1,-0.425965206,0.967612866,0,0.58056772,3,0.119047619,2,N4 S2 O5,de-protonated,0,-9999,C42 H84 O5 N4 S2,42,84,5,4,-9999,2,-9999,-9999
1025,787.58034,787.580702237,787.580168339,8213552.5,-9999,305786.5,13.47,-1,0.677896387,0.919998199,0,0.551998919,4,0.243902439,1.951219512,N4 O10,de-protonated,0,-9999,C41 H80 O10 N4,41,80,10,4,-9999,-9999,-9999,-9999
1026,807.183671,807.18404379,807.184683471,11066351,-9999,295445.9,18.84,-1,-0.792484484,0.44614882300000003,0.631293472,0.520206682,39,0.111111111,0.592592593,S1 O6,de-protonated,0,-9999,C54 H32 O6 S1,54,32,6,-9999,-9999,1,-9999,-9999
1026,807.183671,807.18404379,807.184816413,11066351,-9999,295445.9,18.84,-1,-0.95718236,0.846840481,0,0.508104289,26,0.325581395,0.860465116,P1 O14,de-protonated,0,-9999,C43 H37 O14 P1,43,37,14,-9999,1,-9999,-9999,-9999
1026,807.183671,807.18404379,807.184545086,11066351,-9999,295445.9,18.84,-1,-0.621043738,0.932408822,0,0.559445293,12,0.575757576,1.333333333,S2 O19,de-protonated,0,-9999,C33 H44 O19 S2,33,44,19,-9999,-9999,2,-9999,-9999
1026,807.183671,807.18404379,807.183675707,11066351,-9999,295445.9,18.84,-1,0.456008928,0.962971761,0,0.577783057,13,0.75,1.25,O24,de-protonated,0,-9999,C32 H40 O24,32,40,24,-9999,-9999,-9999,-9999,-9999
1026,807.183671,807.18404379,807.184032022,11066351,-9999,295445.9,18.84,-1,0.014578265,0.999961438,0,0.599976863,30,0.173913043,0.782608696,N2 S2 O8,de-protonated,0,-9999,C46 H36 O8 N2 S2,46,36,8,2,-9999,2,-9999,-9999
1026,807.183671,807.18404379,807.184164964,11066351,-9999,295445.9,18.84,-1,-0.150119877,0.995919226,0,0.597551535,17,0.457142857,1.171428571,N2 S1 P1 O16,de-protonated,0,-9999,C35 H41 O16 N2 P1 S1,35,41,16,2,1,1,-9999,-9999
1026,807.183671,807.18404379,807.1836519,11066351,-9999,295445.9,18.84,-1,0.485502725,0.958131931,0,0.574879159,35,0.104166667,0.6875,N4 S1 P1 O5,de-protonated,0,-9999,C48 H33 O5 N4 P1 S1,48,33,5,4,1,1,-9999,-9999
1026,807.183671,807.18404379,807.183513515,11066351,-9999,295445.9,18.84,-1,0.656943909,0.924678868,0,0.554807321,8,0.666666667,1.666666667,N4 S2 P1 O18,de-protonated,0,-9999,C27 H45 O18 N4 P1 S2,27,45,18,4,1,2,-9999,-9999
1027,811.938532,811.938907349,811.93890888400006,10477393,-9999,245476.7,17.31,-1,-0.001889926,0.999999352,0,0.599999611,31,0.542857143,0.342857143,N1 S1 P1 O19,de-protonated,0,-9999,C35 H12 O19 N1 P1 S1,35,12,19,1,1,1,-9999,-9999
1027,811.938532,811.938907349,811.938257435,10477393,-9999,245476.7,17.31,-1,0.80044778,0.890246228,0,0.534147737,22,0.777777778,0.592592593,N3 S2 P1 O21,de-protonated,0,-9999,C27 H16 O21 N3 P1 S2,27,16,21,3,1,2,-9999,-9999
1028,834.05082,834.051207252,834.051042792,8500639,-9999,425151.5,13.66,-1,0.197182312,0.992969946,0,0.595781967,30,0.317073171,0.634146341,N1 S2 P1 O13,de-protonated,0,-9999,C41 H26 O13 N1 P1 S2,41,26,13,1,1,2,-9999,-9999
1028,834.05082,834.051207252,834.051890945,8500639,-9999,425151.5,13.66,-1,-0.819724845,0.885215438,0,0.531129263,31,0.435897436,0.538461538,N3 S1 O17,de-protonated,0,-9999,C39 H21 O17 N3 S1,39,21,17,3,-9999,1,-9999,-9999
1028,834.05082,834.051207252,834.052023887,8500639,-9999,425151.5,13.66,-1,-0.979117325,0.840339295,0,0.504203577,18,0.892857143,0.928571429,N3 P1 O25,de-protonated,0,-9999,C28 H26 O25 N3 P1,28,26,25,3,1,-9999,-9999,-9999
1029,835.311576,835.31196393,835.31238591,7862055,-9999,300829.1,12.49,-1,-0.505175683,0.954749618,0,0.572849771,28,0.215686275,0.941176471,O11,de-protonated,0,-9999,C51 H48 O11,51,48,11,-9999,-9999,-9999,-9999,-9999
1029,835.311576,835.31196393,835.312247526,7862055,-9999,300829.1,12.49,-1,-0.339507862,0.979302408,0,0.587581445,1,0.8,2,S1 O24,de-protonated,0,-9999,C30 H60 O24 S1,30,60,24,-9999,-9999,1,-9999,-9999
1029,835.311576,835.31196393,835.311734461,7862055,-9999,300829.1,12.49,-1,0.274710824,0.986400112,0,0.591840067,19,0.302325581,1.209302326,N2 S1 O13,de-protonated,0,-9999,C43 H52 O13 N2 S1,43,52,13,2,-9999,1,-9999,-9999
1029,835.311576,835.31196393,835.312736783,7862055,-9999,300829.1,12.49,-1,-0.925225237,0.85613462,0,0.513680772,5,0.484848485,1.848484848,N2 S2 P1 O16,de-protonated,0,-9999,C33 H61 O16 N2 P1 S2,33,61,16,2,1,2,-9999,-9999
1029,835.311576,835.31196393,835.311867403,7862055,-9999,300829.1,12.49,-1,0.11555857,0.997579907,0,0.598547944,6,0.65625,1.78125,N2 P1 O21,de-protonated,0,-9999,C32 H57 O21 N2 P1,32,57,21,2,1,-9999,-9999,-9999
1029,835.311576,835.31196393,835.311221397,7862055,-9999,300829.1,12.49,-1,0.888930265,0.866424583,0,0.51985475,37,0.035714286,0.785714286,N4 S1 O2,de-protonated,0,-9999,C56 H44 O2 N4 S1,56,44,2,4,-9999,1,-9999,-9999
1029,835.311576,835.31196393,835.312223719,7862055,-9999,300829.1,12.49,-1,-0.311007271,0.982602398,0,0.589561439,23,0.108695652,1.152173913,N4 S2 P1 O5,de-protonated,0,-9999,C46 H53 O5 N4 P1 S2,46,53,5,4,1,2,-9999,-9999
1029,835.311576,835.31196393,835.311354339,7862055,-9999,300829.1,12.49,-1,0.729777815,0.907887185,0,0.544732311,24,0.222222222,1.088888889,N4 P1 O10,de-protonated,0,-9999,C45 H49 O10 N4 P1,45,49,10,4,1,-9999,-9999,-9999
1030,849.46868,849.469075551,849.468707107,9046447,-9999,331541.4,14.66,-1,0.43373514,0.966440788,0,0.579864473,19,0.094339623,1.339622642,S1 P1 O5,de-protonated,0,-9999,C53 H71 O5 P1 S1,53,71,5,-9999,1,1,-9999,-9999
1030,849.46868,849.469075551,849.46955526,9046447,-9999,331541.4,14.66,-1,-0.564715637,0.943777663,0,0.566266598,20,0.176470588,1.294117647,N2 O9,de-protonated,0,-9999,C51 H66 O9 N2,51,66,9,2,-9999,-9999,-9999,-9999
1030,849.46868,849.469075551,849.468903811,9046447,-9999,331541.4,14.66,-1,0.202173309,0.992610893,0,0.595566536,11,0.255813953,1.627906977,N4 S1 O11,de-protonated,0,-9999,C43 H70 O11 N4 S1,43,70,11,4,-9999,1,-9999,-9999
1031,851.265553,851.265949518,851.265911173,10931244,-9999,352242.7,18.12,-1,0.045044723,0.499815952,0.614510218,0.545693658,37,0.051724138,0.75862069,S2 O3,de-protonated,0,-9999,C58 H44 O3 S2,58,44,3,-9999,-9999,2,-9999,-9999
1031,851.265553,851.265949518,851.266044115,10931244,-9999,352242.7,18.12,-1,-0.111124711,0.997761853,0,0.598657112,24,0.234042553,1.042553191,S1 P1 O11,de-protonated,0,-9999,C47 H49 O11 P1 S1,47,49,11,-9999,1,1,-9999,-9999
1031,851.265553,851.265949518,851.265392666,10931244,-9999,352242.7,18.12,-1,0.654146159,0.925294514,0,0.555176708,15,0.333333333,1.358974359,N2 S2 P1 O13,de-protonated,0,-9999,C39 H53 O13 N2 P1 S2,39,53,13,2,1,2,-9999,-9999
1031,851.265553,851.265949518,851.26624082,10931244,-9999,352242.7,18.12,-1,-0.342197504,0.978976654,0,0.587385992,16,0.459459459,1.297297297,N4 S1 O17,de-protonated,0,-9999,C37 H48 O17 N4 S1,37,48,17,4,-9999,1,-9999,-9999
1031,851.265553,851.265949518,851.266373761,10931244,-9999,352242.7,18.12,-1,-0.498366817,0.955934085,0,0.573560451,3,0.961538462,2.038461538,N4 P1 O25,de-protonated,0,-9999,C26 H53 O25 N4 P1,26,53,25,4,1,-9999,-9999,-9999
1032,866.832733,866.833137898,866.833469924,8987218,-9999,307177,14.54,-1,-0.383033075,0.973730095,0,0.584238057,5,0.051724138,1.879310345,N1 O3,de-protonated,0,-9999,C58 H109 O3 N1,58,109,3,1,-9999,-9999,-9999,-9999
1033,873.313603,873.314011387,873.313920539,8891293,-9999,325045.4,13.45,-1,0.104026048,0.998038394,0,0.598823037,39,0.06557377,0.770491803,P1 O4,de-protonated,0,-9999,C61 H47 O4 P1,61,47,4,-9999,1,-9999,-9999,-9999
1033,873.313603,873.314011387,873.313649213,8891293,-9999,325045.4,13.45,-1,0.414711892,0.969275276,0,0.581565165,25,0.176470588,1.058823529,S2 O9,de-protonated,0,-9999,C51 H54 O9 S2,51,54,9,-9999,-9999,2,-9999,-9999
1033,873.313603,873.314011387,873.313782155,8891293,-9999,325045.4,13.45,-1,0.262485067,0.987576293,0,0.592545776,12,0.425,1.475,S1 P1 O17,de-protonated,0,-9999,C40 H59 O17 P1 S1,40,59,17,-9999,1,1,-9999,-9999
1033,873.313603,873.314011387,873.313269091,8891293,-9999,325045.4,13.45,-1,0.849976867,0.877139232,0,0.526283539,30,0.113207547,0.962264151,N2 S1 P1 O6,de-protonated,0,-9999,C53 H51 O6 N2 P1 S1,53,51,6,2,1,1,-9999,-9999
1033,873.313603,873.314011387,873.314630308,8891293,-9999,325045.4,13.45,-1,-0.708703739,0.91289483,0,0.547736898,13,0.552631579,1.421052632,N2 O21,de-protonated,0,-9999,C38 H54 O21 N2,38,54,21,2,-9999,-9999,-9999,-9999
1033,873.313603,873.314011387,873.314117244,8891293,-9999,325045.4,13.45,-1,-0.12121308,0.997337596,0,0.598402557,31,0.196078431,0.901960784,N4 O10,de-protonated,0,-9999,C51 H46 O10 N4,51,46,10,4,-9999,-9999,-9999,-9999
1033,873.313603,873.314011387,873.313978859,8891293,-9999,325045.4,13.45,-1,0.037245867,0.999748316,0,0.59984899,4,0.766666667,1.933333333,N4 S1 O23,de-protonated,0,-9999,C30 H58 O23 N4 S1,30,58,23,4,-9999,1,-9999,-9999
1034,896.533657,896.534077886,896.534812346,10063370,-9999,331058.7,15.45,-1,-0.819221013,0.885348081,0,0.531208849,18,0.132075472,1.433962264,N3 P1 O7,de-protonated,0,-9999,C53 H76 O7 N3 P1,53,76,7,3,1,-9999,-9999,-9999
1034,896.533657,896.534077886,896.53454102,10063370,-9999,331058.7,15.45,-1,-0.516582436,0.952732672,0,0.571639603,4,0.279069767,1.930232558,N3 S2 O12,de-protonated,0,-9999,C43 H83 O12 N3 S2,43,83,12,3,-9999,2,-9999,-9999
1034,896.533657,896.534077886,896.53367164,10063370,-9999,331058.7,15.45,-1,0.453129521,0.963429274,0,0.578057565,5,0.404761905,1.880952381,N3 O17,de-protonated,0,-9999,C42 H79 O17 N3,42,79,17,3,-9999,-9999,-9999,-9999
1035,900.173112,900.173534845,900.173132986,19600350,-9999,284598.7,31.85,-1,0.446424415,0.482242127,0.627012296,0.540150195,39,0.145454545,0.636363636,N1 S2 O8,de-protonated,0,-9999,C55 H35 O8 N1 S2,55,35,8,1,-9999,2,-9999,-9999
1035,900.173112,900.173534845,900.173265927,19600350,-9999,284598.7,31.85,-1,0.298739748,0.491968471,0.677556332,0.566203615,26,0.363636364,0.909090909,N1 S1 P1 O16,de-protonated,0,-9999,C44 H40 O16 N1 P1 S1,44,40,16,1,1,1,-9999,-9999
1035,900.173112,900.173534845,900.17411408,19600350,-9999,284598.7,31.85,-1,-0.643470665,0.463811609,0.68763467,0.553340833,27,0.476190476,0.833333333,N3 O20,de-protonated,0,-9999,C42 H35 O20 N3,42,35,20,3,-9999,-9999,-9999,-9999
1036,901.645831,901.646254638,901.645549273,11523654,-9999,243395.6,17.96,-1,0.782308008,0.447448052,0.602496955,0.509467613,17,0.016393443,1.491803279,S1 P1 O1,de-protonated,0,-9999,C61 H91 O1 P1 S1,61,91,1,-9999,1,1,-9999,-9999
1036,901.645831,901.646254638,901.64691049,11523654,-9999,243395.6,17.96,-1,-0.72739437,0.908459505,0,0.545075703,0,0.347826087,2.043478261,O16,de-protonated,0,-9999,C46 H94 O16,46,94,16,-9999,-9999,-9999,-9999,-9999
1036,901.645831,901.646254638,901.646397426,11523654,-9999,243395.6,17.96,-1,-0.15836434,0.497729869,0.610452919,0.542819089,18,0.084745763,1.457627119,N2 O5,de-protonated,0,-9999,C59 H86 O5 N2,59,86,5,2,-9999,-9999,-9999,-9999
1036,901.645831,901.646254638,901.645745977,11523654,-9999,243395.6,17.96,-1,0.564146225,0.471943873,0.644495114,0.540964369,9,0.137254902,1.764705882,N4 S1 O7,de-protonated,0,-9999,C51 H90 O7 N4 S1,51,90,7,4,-9999,1,-9999,-9999
1037,903.842574,903.84299882,903.843323589,15669740,-9999,288848.2,25.09,-1,-0.359319667,0.488422664,0.622788794,0.542169116,3,0.035714286,2,N4 S1 O2,de-protonated,0,-9999,C56 H112 O2 N4 S1,56,112,2,4,-9999,1,-9999,-9999
1038,907.542281,907.542707812,907.543586126,9003070,-9999,307731.6,13.61,-1,-0.967792777,0.843707855,0,0.506224713,23,0.083333333,1.283333333,P1 O5,de-protonated,0,-9999,C60 H77 O5 P1,60,77,5,-9999,1,-9999,-9999,-9999
1038,907.542281,907.542707812,907.543314799,9003070,-9999,307731.6,13.61,-1,-0.668825342,0.922039737,0,0.553223842,9,0.2,1.68,S2 O10,de-protonated,0,-9999,C50 H84 O10 S2,50,84,10,-9999,-9999,2,-9999,-9999
1038,907.542281,907.542707812,907.54244542,9003070,-9999,307731.6,13.61,-1,0.289123559,0.984946714,0,0.590968028,10,0.306122449,1.632653061,O15,de-protonated,0,-9999,C49 H80 O15,49,80,15,-9999,-9999,-9999,-9999,-9999
1038,907.542281,907.542707812,907.541932355,9003070,-9999,307731.6,13.61,-1,0.854457656,0.875924567,0,0.52555474,28,0.064516129,1.161290323,N2 O4,de-protonated,0,-9999,C62 H72 O4 N2,62,72,4,2,-9999,-9999,-9999,-9999
1038,907.542281,907.542707812,907.542934677,9003070,-9999,307731.6,13.61,-1,-0.249977647,0.988725524,0,0.593235314,14,0.134615385,1.557692308,N2 S1 P1 O7,de-protonated,0,-9999,C52 H81 O7 N2 P1 S1,52,81,7,2,1,1,-9999,-9999
1038,907.542281,907.542707812,907.542283228,9003070,-9999,307731.6,13.61,-1,0.467838513,0.961064076,0,0.576638446,5,0.204545455,1.931818182,N4 S2 P1 O9,de-protonated,0,-9999,C44 H85 O9 N4 P1 S2,44,85,9,4,1,2,-9999,-9999
1039,909.890354,909.890782075,909.890273782,11297889,-9999,335696.4,17.56,-1,0.55863153,0.472474395,0.622788794,0.532600155,0,0.035714286,2.107142857,N4 S1 O2,de-protonated,0,-9999,C56 H118 O2 N4 S1,56,118,2,4,-9999,1,-9999,-9999
1040,910.496507,910.496935402,910.496970285,8414582,-9999,329238.2,12.6,-1,-0.038312207,0.999733701,0,0.59984022,28,0.06557377,1.147540984,N1 P1 O4,de-protonated,0,-9999,C61 H70 O4 N1 P1,61,70,4,1,1,-9999,-9999,-9999
1040,910.496507,910.496935402,910.496698959,8414582,-9999,329238.2,12.6,-1,0.259685743,0.987838261,0,0.592702957,14,0.176470588,1.509803922,N1 S2 O9,de-protonated,0,-9999,C51 H77 O9 N1 S2,51,77,9,1,-9999,2,-9999,-9999
1040,910.496507,910.496935402,910.4968319,8414582,-9999,329238.2,12.6,-1,0.113675609,0.997658041,0,0.598594824,1,0.425,2.05,N1 S1 P1 O17,de-protonated,0,-9999,C40 H82 O17 N1 P1 S1,40,82,17,1,1,1,-9999,-9999
1040,910.496507,910.496935402,910.496318836,8414582,-9999,329238.2,12.6,-1,0.677175205,0.920161349,0,0.552096809,19,0.113207547,1.396226415,N3 S1 P1 O6,de-protonated,0,-9999,C53 H74 O6 N3 P1 S1,53,74,6,3,1,1,-9999,-9999
1040,910.496507,910.496935402,910.49768005400006,8414582,-9999,329238.2,12.6,-1,-0.817851495,0.885708321,0,0.531424993,2,0.552631579,2.026315789,N3 O21,de-protonated,0,-9999,C38 H77 O21 N3,38,77,21,3,-9999,-9999,-9999,-9999
1041,914.271043,914.271473434,914.271069925,11807839,-9999,321598.3,18.43,-1,0.441344629,0.482636895,0.614510218,0.535386224,37,0.103448276,0.793103448,N1 S1 P1 O6,de-protonated,0,-9999,C58 H46 O6 N1 P1 S1,58,46,6,1,1,1,-9999,-9999
1041,914.271043,914.271473434,914.27093154,11807839,-9999,321598.3,18.43,-1,0.592705113,0.93824628,0,0.562947768,10,0.513513514,1.567567568,N1 S2 P1 O19,de-protonated,0,-9999,C37 H58 O19 N1 P1 S2,37,58,19,1,1,2,-9999,-9999
1041,914.271043,914.271473434,914.271918078,11807839,-9999,321598.3,18.43,-1,-0.486337309,0.478995467,0.622788794,0.536512798,38,0.178571429,0.732142857,N3 O10,de-protonated,0,-9999,C56 H41 O10 N3,56,41,10,3,-9999,-9999,-9999,-9999
1041,914.271043,914.271473434,914.271779694,11807839,-9999,321598.3,18.43,-1,-0.334977105,0.979845576,0,0.587907345,11,0.657142857,1.514285714,N3 S1 O23,de-protonated,0,-9999,C35 H53 O23 N3 S1,35,53,23,3,-9999,1,-9999,-9999
1042,916.639349,916.639780708,916.640189847,9875676,-9999,407661.9,15.11,-1,-0.44634567000000003,0.482248279,0.579826515,0.521279573,27,0.014925373,1.23880597,N1 O1,de-protonated,0,-9999,C67 H83 O1 N1,67,83,1,1,-9999,-9999,-9999,-9999
1042,916.639349,916.639780708,916.640051462,9875676,-9999,407661.9,15.11,-1,-0.295376521,0.984293744,0,0.590576246,0,0.304347826,2.065217391,N1 S1 O14,de-protonated,0,-9999,C46 H95 O14 N1 S1,46,95,14,1,-9999,1,-9999,-9999
1042,916.639349,916.639780708,916.639538398,9875676,-9999,407661.9,15.11,-1,0.264346333,0.493700298,0.610452919,0.540401346,18,0.050847458,1.474576271,N3 S1 O3,de-protonated,0,-9999,C59 H87 O3 N3 S1,59,87,3,3,-9999,1,-9999,-9999
1042,916.639349,916.639780708,916.64054072,9875676,-9999,407661.9,15.11,-1,-0.829126867,0.882728901,0,0.52963734,4,0.12244898,1.959183673,N3 S2 P1 O6,de-protonated,0,-9999,C49 H96 O6 N3 P1 S2,49,96,6,3,1,2,-9999,-9999
1042,916.639349,916.639780708,916.63967134,9875676,-9999,407661.9,15.11,-1,0.119314682,0.997420231,0,0.598452139,5,0.229166667,1.916666667,N3 P1 O11,de-protonated,0,-9999,C48 H92 O11 N3 P1,48,92,11,3,1,-9999,-9999,-9999
1043,924.863204,924.863640135,924.863069776,12042607,-9999,260316.3,18.83,-1,0.616695461,0.466659911,0.622788794,0.529111465,1,0.071428571,2.071428571,N3 P1 O4,de-protonated,0,-9999,C56 H116 O4 N3 P1,56,116,4,3,1,-9999,-9999,-9999
1044,925.786824,925.787260632,925.787448681,8700775,-9999,270265.5,13.08,-1,-0.203122799,0.992541585,0,0.595524951,6,0.033333333,1.833333333,S2 O2,de-protonated,0,-9999,C60 H110 O2 S2,60,110,2,-9999,-9999,2,-9999,-9999
1044,925.786824,925.787260632,925.786579301,8700775,-9999,270265.5,13.08,-1,0.735948595,0.906398433,0,0.54383906,7,0.118644068,1.796610169,O7,de-protonated,0,-9999,C59 H106 O7,59,106,7,-9999,-9999,-9999,-9999,-9999
1044,925.786824,925.787260632,925.78641711,8700775,-9999,270265.5,13.08,-1,0.911141757,0.860161649,0,0.516096989,2,0.018518519,2.055555556,N4 S2 P1 O1,de-protonated,0,-9999,C54 H111 O1 N4 P1 S2,54,111,1,4,1,2,-9999,-9999
1044,925.786824,925.787260632,925.787916712,8700775,-9999,270265.5,13.08,-1,-0.70867115,0.912902481,0,0.547741489,12,0.05,1.7,N4 O3,de-protonated,0,-9999,C60 H102 O3 N4,60,102,3,4,-9999,-9999,-9999,-9999
1045,928.737523,928.737961221,928.737461537,27314646,-9999,295172.5,45.1,-1,0.538024882,0.316277154,0.51866191,0.397231056,16,0.015625,1.546875,N1 S1 O1,de-protonated,0,-9999,C64 H99 O1 N1 S1,64,99,1,1,-9999,1,-9999,-9999
1045,928.737523,928.737961221,928.738463858,27314646,-9999,295172.5,45.1,-1,-0.541204824,0.474120399,0.631293472,0.536989628,2,0.074074074,2,N1 S2 P1 O4,de-protonated,0,-9999,C54 H108 O4 N1 P1 S2,54,108,4,1,1,2,-9999,-9999
1045,928.737523,928.737961221,928.737594479,27314646,-9999,295172.5,45.1,-1,0.394882403,0.48605142,0.635633513,0.545884257,3,0.169811321,1.962264151,N1 P1 O9,de-protonated,0,-9999,C53 H104 O9 N1 P1,53,104,9,1,1,-9999,-9999,-9999
1046,929.687615,929.688053732,929.688462914,11701239,-9999,311922.6,18.24,-1,-0.440127643,0.482730848,0.606448844,0.532218047,12,0.05,1.633333333,S2 O3,de-protonated,0,-9999,C60 H98 O3 S2,60,98,3,-9999,-9999,2,-9999,-9999
1046,929.687615,929.688053732,929.687593534,11701239,-9999,311922.6,18.24,-1,0.49500314,0.478256916,0.610452919,0.531135317,13,0.13559322,1.593220339,O8,de-protonated,0,-9999,C59 H94 O8,59,94,8,-9999,-9999,-9999,-9999,-9999
1046,929.687615,929.688053732,929.687431343,11701239,-9999,311922.6,18.24,-1,0.669461141,0.460948697,0.631293472,0.529086607,8,0.037037037,1.833333333,N4 S2 P1 O2,de-protonated,0,-9999,C54 H99 O2 N4 P1 S2,54,99,2,4,1,2,-9999,-9999
1046,929.687615,929.688053732,929.688930944,11701239,-9999,311922.6,18.24,-1,-0.943554573,0.425415015,0.606448844,0.497828547,18,0.066666667,1.5,N4 O4,de-protonated,0,-9999,C60 H90 O4 N4,60,90,4,4,-9999,-9999,-9999,-9999
1047,930.432393,930.432832133,930.43265595,8301989.5,-9999,248317.2,12.39,-1,0.189356085,0.993515144,0,0.596109086,28,0.084745763,1.118644068,N1 S1 P1 O5,de-protonated,0,-9999,C59 H66 O5 N1 P1 S1,59,66,5,1,1,1,-9999,-9999
1047,930.432393,930.432832133,930.432517566,8301989.5,-9999,248317.2,12.39,-1,0.338087404,0.979473452,0,0.587684071,1,0.473684211,2.052631579,N1 S2 P1 O18,de-protonated,0,-9999,C38 H78 O18 N1 P1 S2,38,78,18,1,1,2,-9999,-9999
1047,930.432393,930.432832133,930.432004501,8301989.5,-9999,248317.2,12.39,-1,0.889513431,0.866261549,0,0.51975693,19,0.137254902,1.37254902,N3 S2 P1 O7,de-protonated,0,-9999,C51 H70 O7 N3 P1 S2,51,70,7,3,1,2,-9999,-9999
1047,930.432393,930.432832133,930.433504103,8301989.5,-9999,248317.2,12.39,-1,-0.722211832,0.909698723,0,0.545819234,29,0.157894737,1.070175439,N3 O9,de-protonated,0,-9999,C57 H61 O9 N3,57,61,9,3,-9999,-9999,-9999,-9999
1047,930.432393,930.432832133,930.433365719,8301989.5,-9999,248317.2,12.39,-1,-0.573480783,0.942070768,0,0.565242461,2,0.611111111,2.027777778,N3 S1 O22,de-protonated,0,-9999,C36 H73 O22 N3 S1,36,73,22,3,-9999,1,-9999,-9999
1048,938.262909,938.263352348,938.264055992,12804184,-9999,275682.2,18.99,-1,-0.749942401,0.451492557,0.622788794,0.520011052,35,0.196428571,0.803571429,N1 S1 O11,de-protonated,0,-9999,C56 H45 O11 N1 S1,56,45,11,1,-9999,1,-9999,-9999
1048,938.262909,938.263352348,938.264188934,12804184,-9999,275682.2,18.99,-1,-0.891631311,0.432834411,0.672627142,0.528751503,22,0.422222222,1.111111111,N1 P1 O19,de-protonated,0,-9999,C45 H50 O19 N1 P1,45,50,19,1,1,-9999,-9999,-9999
1048,938.262909,938.263352348,938.263917608,12804184,-9999,275682.2,18.99,-1,-0.602452635,0.936265067,0,0.56175904,8,0.685714286,1.628571429,N1 S2 O24,de-protonated,0,-9999,C35 H57 O24 N1 S2,35,57,24,1,-9999,2,-9999,-9999
1048,938.262909,938.263352348,938.26367587,12804184,-9999,275682.2,18.99,-1,-0.344808701,0.489329023,0.614510218,0.539401501,40,0.137931034,0.724137931,N3 P1 O8,de-protonated,0,-9999,C58 H42 O8 N3 P1,58,42,8,3,1,-9999,-9999,-9999
1048,938.262909,938.263352348,938.263404543,12804184,-9999,275682.2,18.99,-1,-0.055629708,0.499719317,0.658260696,0.563135869,26,0.270833333,1.020833333,N3 S2 O13,de-protonated,0,-9999,C48 H49 O13 N3 S2,48,49,13,3,-9999,2,-9999,-9999
1048,938.262909,938.263352348,938.262535164,12804184,-9999,275682.2,18.99,-1,0.870955112,0.435706074,0.662980834,0.526615978,27,0.382978723,0.957446809,N3 O18,de-protonated,0,-9999,C47 H45 O18 N3,47,45,18,3,-9999,-9999,-9999,-9999
1048,938.262909,938.263352348,938.263537485,12804184,-9999,275682.2,18.99,-1,-0.197318815,0.992960243,0,0.595776146,13,0.567567568,1.459459459,N3 S1 P1 O21,de-protonated,0,-9999,C37 H54 O21 N3 P1 S1,37,54,21,3,1,1,-9999,-9999
1049,944.562254,944.562700739,944.562333448,14774444,-9999,222724.8,22.18,-1,0.388848201,0.486468683,0.583485697,0.525275489,30,0.060606061,1.136363636,N1 O4,de-protonated,0,-9999,C66 H75 O4 N1,66,75,4,1,-9999,-9999,-9999,-9999
1049,944.562254,944.562700739,944.563335769,14774444,-9999,222724.8,22.18,-1,-0.672300324,0.460630185,0.622788794,0.525493629,16,0.125,1.5,N1 S1 P1 O7,de-protonated,0,-9999,C56 H84 O7 N1 P1 S1,56,84,7,1,1,1,-9999,-9999
1049,944.562254,944.562700739,944.562195063,14774444,-9999,222724.8,22.18,-1,0.535354682,0.474662518,0.672627142,0.553848368,3,0.377777778,1.933333333,N1 S1 O17,de-protonated,0,-9999,C45 H87 O17 N1 S1,45,87,17,1,-9999,1,-9999,-9999
1049,944.562254,944.562700739,944.562684321,14774444,-9999,222724.8,22.18,-1,0.017382058,0.49997259,0.658260696,0.563287832,7,0.1875,1.833333333,N3 S2 P1 O9,de-protonated,0,-9999,C48 H88 O9 N3 P1 S2,48,88,9,3,1,2,-9999,-9999
1049,944.562254,944.562700739,944.561814941,14774444,-9999,222724.8,22.18,-1,0.937787554,0.426253342,0.662980834,0.520944339,8,0.29787234,1.787234043,N3 P1 O14,de-protonated,0,-9999,C47 H84 O14 N3 P1,47,84,14,3,1,-9999,-9999,-9999
1050,946.270765,946.271212659,946.271643296,10581318,-9999,292418.8,15.37,-1,-0.455088489,0.481559151,0.631293472,0.54145288,33,0.277777778,0.833333333,N1 O15,de-protonated,0,-9999,C54 H45 O15 N1,54,45,15,1,-9999,-9999,-9999,-9999
1050,946.270765,946.271212659,946.272132553,10581318,-9999,292418.8,15.37,-1,-0.972124879,0.421211141,0.618621811,0.500175409,37,0.122807018,0.807017544,N3 S1 P1 O7,de-protonated,0,-9999,C57 H46 O7 N3 P1 S1,57,46,7,3,1,1,-9999,-9999
1050,946.270765,946.271212659,946.270991847,10581318,-9999,292418.8,15.37,-1,0.233348955,0.990168453,0,0.594101072,24,0.369565217,1.065217391,N3 S1 O17,de-protonated,0,-9999,C46 H49 O17 N3 S1,46,49,17,3,-9999,1,-9999,-9999
1050,946.270765,946.271212659,946.271994169,10581318,-9999,292418.8,15.37,-1,-0.825883316,0.88358913,0,0.530153478,10,0.555555556,1.611111111,N3 S2 P1 O20,de-protonated,0,-9999,C36 H58 O20 N3 P1 S2,36,58,20,3,1,2,-9999,-9999
1050,946.270765,946.271212659,946.271124789,10581318,-9999,292418.8,15.37,-1,0.092858817,0.998436635,0,0.599061981,11,0.714285714,1.542857143,N3 P1 O25,de-protonated,0,-9999,C35 H54 O25 N3 P1,35,54,25,3,1,-9999,-9999,-9999
1051,947.258162,947.25861019,947.259030182,10303479,-9999,304514.3,14.92,-1,-0.443376145,0.964959045,0,0.578975427,28,0.31372549,0.941176471,S1 O16,de-protonated,0,-9999,C51 H48 O16 S1,51,48,16,-9999,-9999,1,-9999,-9999
1051,947.258162,947.25861019,947.259163124,10303479,-9999,304514.3,14.92,-1,-0.58371965,0.940047604,0,0.564028563,15,0.6,1.325,P1 O24,de-protonated,0,-9999,C40 H53 O24 P1,40,53,24,-9999,1,-9999,-9999,-9999
1051,947.258162,947.25861019,947.25951944,10303479,-9999,304514.3,14.92,-1,-0.959873602,0.84604809,0,0.507628854,32,0.148148148,0.907407407,N2 S2 P1 O8,de-protonated,0,-9999,C54 H49 O8 N2 P1 S2,54,49,8,2,1,2,-9999,-9999
1051,947.258162,947.25861019,947.25865006,10303479,-9999,304514.3,14.92,-1,-0.042089388,0.999678612,0,0.599807167,33,0.245283019,0.849056604,N2 P1 O13,de-protonated,0,-9999,C53 H45 O13 N2 P1,53,45,13,2,1,-9999,-9999,-9999
1051,947.258162,947.25861019,947.258378734,10303479,-9999,304514.3,14.92,-1,0.244343707,0.989225283,0,0.59353517,19,0.418604651,1.209302326,N2 S2 O18,de-protonated,0,-9999,C43 H52 O18 N2 S2,43,52,18,2,-9999,2,-9999,-9999
1051,947.258162,947.25861019,947.257865669,10303479,-9999,304514.3,14.92,-1,0.785974865,0.446981405,0.622788794,0.517304361,37,0.125,0.785714286,N4 S2 O7,de-protonated,0,-9999,C56 H44 O7 N4 S2,56,44,7,4,-9999,2,-9999,-9999
1051,947.258162,947.25861019,947.257998611,10303479,-9999,304514.3,14.92,-1,0.645631015,0.927154591,0,0.556292754,24,0.333333333,1.088888889,N4 S1 P1 O15,de-protonated,0,-9999,C45 H49 O15 N4 P1 S1,45,49,15,4,1,1,-9999,-9999
1052,948.890777,948.891226069,948.890590878,8731765,-9999,270534.6,12.37,-1,0.669403701,0.460955129,0.579826515,0.508503683,11,0.014925373,1.71641791,N1 O1,de-protonated,0,-9999,C67 H115 O1 N1,67,115,1,1,-9999,-9999,-9999,-9999
1052,948.890777,948.891226069,948.892035517,8731765,-9999,270534.6,12.37,-1,-0.853045685,0.876307835,0,0.525784701,33,0.657142857,0.314285714,N4 S2 P1 O23,de-protonated,0,-9999,C35 H11 O23 N4 P1 S2,35,11,23,4,1,2,-9999,-9999
1053,950.942716,950.943166174,950.944071091,10388016,-9999,376105.9,15.05,-1,-0.951599107,0.848479632,0,0.509087779,31,0.611111111,0.472222222,N4 S2 P1 O22,de-protonated,0,-9999,C36 H17 O22 N4 P1 S2,36,17,22,4,1,2,-9999,-9999
1054,950.946222,950.946672175,950.947224463,13861427,-9999,361657.1,20.69,-1,-0.58077647,0.940632386,0,0.564379431,36,0.625,0.325,N2 P1 O25,de-protonated,0,-9999,C40 H13 O25 N2 P1,40,13,25,2,1,-9999,-9999,-9999
1055,952.169251,952.169701834,952.170549529,39585192,-9999,256782.1,62.45,-1,-0.890276189,0.288682731,0.570956251,0.401592139,38,0.259259259,0.648148148,N1 S1 O14,de-protonated,0,-9999,C54 H35 O14 N1 S1,54,35,14,1,-9999,1,-9999,-9999
1055,952.169251,952.169701834,952.16989808,39585192,-9999,256782.1,62.45,-1,-0.206104066,0.496160945,0.667769153,0.564804228,29,0.347826087,0.847826087,N3 S2 O16,de-protonated,0,-9999,C46 H39 O16 N3 S2,46,39,16,3,-9999,2,-9999,-9999
1055,952.169251,952.169701834,952.1690287,39585192,-9999,256782.1,62.45,-1,0.706947781,0.456653342,0.672627142,0.543042862,30,0.466666667,0.777777778,N3 O21,de-protonated,0,-9999,C45 H35 O21 N3,45,35,21,3,-9999,-9999,-9999,-9999
1055,952.169251,952.169701834,952.170031022,39585192,-9999,256782.1,62.45,-1,-0.345723775,0.489272922,0.725399619,0.583723601,16,0.685714286,1.257142857,N3 S1 P1 O24,de-protonated,0,-9999,C35 H44 O24 N3 P1 S1,35,44,24,3,1,1,-9999,-9999
1056,953.391013,953.391464491,953.391505612,13601058,-9999,306813.9,20.27,-1,-0.043130997,0.499831256,0.602496955,0.540897535,31,0.098360656,1.016393443,S2 O6,de-protonated,0,-9999,C61 H62 O6 S2,61,62,6,-9999,-9999,2,-9999,-9999
1056,953.391013,953.391464491,953.390636232,13601058,-9999,306813.9,20.27,-1,0.868751079,0.436009318,0.606448844,0.504185129,32,0.183333333,0.966666667,O11,de-protonated,0,-9999,C60 H58 O11,60,58,11,-9999,-9999,-9999,-9999,-9999
1056,953.391013,953.391464491,953.391638554,13601058,-9999,306813.9,20.27,-1,-0.18257183,0.49698506,0.649019222,0.557798725,18,0.28,1.34,S1 P1 O14,de-protonated,0,-9999,C50 H67 O14 P1 S1,50,67,14,-9999,1,1,-9999,-9999
1056,953.391013,953.391464491,953.39112549,13601058,-9999,306813.9,20.27,-1,0.355574732,0.488659988,0.594745702,0.531094273,36,0.047619048,0.936507937,N2 S1 P1 O3,de-protonated,0,-9999,C63 H59 O3 N2 P1 S1,63,59,3,2,1,1,-9999,-9999
1056,953.391013,953.391464491,953.390987105,13601058,-9999,306813.9,20.27,-1,0.500724499,0.477762799,0.68763467,0.561711547,9,0.380952381,1.69047619,N2 S2 P1 O16,de-protonated,0,-9999,C42 H71 O16 N2 P1 S2,42,71,16,2,1,2,-9999,-9999
1056,953.391013,953.391464491,953.391973643,13601058,-9999,306813.9,20.27,-1,-0.534042021,0.474783435,0.602496955,0.525868843,37,0.114754098,0.885245902,N4 O7,de-protonated,0,-9999,C61 H54 O7 N4,61,54,7,4,-9999,-9999,-9999,-9999
1056,953.391013,953.391464491,953.391835258,13601058,-9999,306813.9,20.27,-1,-0.388892512,0.972931281,0,0.583758769,10,0.5,1.65,N4 S1 O20,de-protonated,0,-9999,C40 H66 O20 N4 S1,40,66,20,4,-9999,1,-9999,-9999
1057,955.041131,955.04158338,955.040931601,11341280,-9999,258617.4,16.6,-1,0.68246109,0.918962194,0,0.551377317,31,0.431818182,0.659090909,S2 P1 O19,de-protonated,0,-9999,C44 H29 O19 P1 S2,44,29,19,-9999,1,2,-9999,-9999
1057,955.041131,955.04158338,955.041779755,11341280,-9999,258617.4,16.6,-1,-0.205619166,0.992357838,0,0.595414703,32,0.547619048,0.571428571,N2 S1 O23,de-protonated,0,-9999,C42 H24 O23 N2 S1,42,24,23,2,-9999,1,-9999,-9999
1057,955.041131,955.04158338,955.042269012,11341280,-9999,258617.4,16.6,-1,-0.717907748,0.910722429,0,0.546433457,36,0.333333333,0.555555556,N4 S2 P1 O15,de-protonated,0,-9999,C45 H25 O15 N4 P1 S2,45,25,15,4,1,2,-9999,-9999
1057,955.041131,955.04158338,955.041399632,11341280,-9999,258617.4,16.6,-1,0.19239755,0.993305853,0,0.595983512,37,0.454545455,0.477272727,N4 P1 O20,de-protonated,0,-9999,C44 H21 O20 N4 P1,44,21,20,4,1,-9999,-9999,-9999
1057,955.041131,955.04158338,955.041128306,11341280,-9999,258617.4,16.6,-1,0.476496532,0.959639359,0,0.575783615,23,0.735294118,0.823529412,N4 S2 O25,de-protonated,0,-9999,C34 H28 O25 N4 S2,34,28,25,4,-9999,2,-9999,-9999
1058,955.846331,955.846783813,955.847286034,9277492,-9999,257561.1,13.24,-1,-0.525419459,0.951142161,0,0.570685297,0,0.033898305,2.050847458,S2 P1 O2,de-protonated,0,-9999,C59 H121 O2 P1 S2,59,121,2,-9999,1,2,-9999,-9999
1058,955.846331,955.846783813,955.846416654,9277492,-9999,257561.1,13.24,-1,0.384119352,0.97358287,0,0.584149722,1,0.120689655,2.017241379,P1 O7,de-protonated,0,-9999,C58 H117 O7 P1,58,117,7,-9999,1,-9999,-9999,-9999
1059,958.790194,958.790648398,958.790284957,19503310,-9999,269855.3,29.84,-1,0.379061786,0.487132485,0.610452919,0.536460658,6,0.101694915,1.847457627,N1 S1 O6,de-protonated,0,-9999,C59 H109 O6 N1 S1,59,109,6,1,-9999,1,-9999,-9999
1059,958.790194,958.790648398,958.789904834,19503310,-9999,269855.3,29.84,-1,0.77552264,0.448307079,0.602496955,0.509983029,11,0.049180328,1.737704918,N3 P1 O3,de-protonated,0,-9999,C61 H106 O3 N3 P1,61,106,3,3,1,-9999,-9999,-9999
1060,958.794349,958.7948034,958.793927586,13474002,-9999,339219.4,20.05,-1,0.913453339,0.429751811,0.583485697,0.491245366,15,0.015151515,1.606060606,N1 P1 O1,de-protonated,0,-9999,C66 H106 O1 N1 P1,66,106,1,1,1,-9999,-9999,-9999
1061,959.174094,959.174548604,959.174645652,14621168,-9999,272159.3,21.92,-1,-0.101177949,0.499072119,0.635633513,0.553696677,36,0.301886792,0.698113208,P1 O16,de-protonated,0,-9999,C53 H37 O16 P1,53,37,16,-9999,1,-9999,-9999,-9999
1061,959.174094,959.174548604,959.174374326,14621168,-9999,272159.3,21.92,-1,0.181696719,0.497013807,0.6825583,0.571231604,22,0.488372093,1.023255814,S2 O21,de-protonated,0,-9999,C43 H44 O21 S2,43,44,21,-9999,-9999,2,-9999,-9999
1061,959.174094,959.174548604,959.173861261,14621168,-9999,272159.3,21.92,-1,0.71659906,0.455516354,0.622788794,0.52242533,40,0.178571429,0.642857143,N2 S2 O10,de-protonated,0,-9999,C56 H36 O10 N2 S2,56,36,10,2,-9999,2,-9999,-9999
1061,959.174094,959.174548604,959.173994203,14621168,-9999,272159.3,21.92,-1,0.577998737,0.470590957,0.672627142,0.551405431,27,0.4,0.911111111,N2 S1 P1 O18,de-protonated,0,-9999,C45 H41 O18 N2 P1 S1,45,41,18,2,1,1,-9999,-9999
1061,959.174094,959.174548604,959.174842356,14621168,-9999,272159.3,21.92,-1,-0.30625471,0.491562785,0.6825583,0.567960991,28,0.511627907,0.837209302,N4 O22,de-protonated,0,-9999,C43 H36 O22 N4,43,36,22,4,-9999,-9999,-9999,-9999
1062,960.032096,960.032551066,960.033464175,9206905,-9999,199190,13.13,-1,-0.951121668,0.848619502,0,0.509171701,39,0.346938776,0.469387755,N1 S2 O17,de-protonated,0,-9999,C49 H23 O17 N1 S2,49,23,17,1,-9999,2,-9999,-9999
1062,960.032096,960.032551066,960.032594795,9206905,-9999,199190,13.13,-1,-0.045549244,0.999623613,0,0.599774168,40,0.458333333,0.395833333,N1 O22,de-protonated,0,-9999,C48 H19 O22 N1,48,19,22,1,-9999,-9999,-9999,-9999
1062,960.032096,960.032551066,960.031943346,9206905,-9999,199190,13.13,-1,0.633020521,0.929871191,0,0.557922715,31,0.6,0.575,N3 S1 O24,de-protonated,0,-9999,C40 H23 O24 N3 S1,40,23,24,3,-9999,1,-9999,-9999
1062,960.032096,960.032551066,960.032838439,9206905,-9999,199190,13.13,-1,-0.299336708,0.491936601,0.594745702,0.533060241,0,0.015873016,2.095238095,N4 O1,de-protonated,0,-9999,C63 H132 O1 N4,63,132,1,4,-9999,-9999,-9999,-9999
1063,960.460143,960.460598297,960.460978699,10263998,-9999,207429.5,14.84,-1,-0.396061958,0.485969146,0.606448844,0.534161026,28,0.133333333,1.133333333,N1 P1 O8,de-protonated,0,-9999,C60 H68 O8 N1 P1,60,68,8,1,1,-9999,-9999,-9999
1063,960.460143,960.460598297,960.460707373,10263998,-9999,207429.5,14.84,-1,-0.113566224,0.99766254,0,0.598597524,14,0.26,1.5,N1 S2 O13,de-protonated,0,-9999,C50 H75 O13 N1 S2,50,75,13,1,-9999,2,-9999,-9999
1063,960.460143,960.460598297,960.459837993,10263998,-9999,207429.5,14.84,-1,0.791604129,0.892523462,0,0.535514077,15,0.367346939,1.448979592,N1 O18,de-protonated,0,-9999,C49 H71 O18 N1,49,71,18,1,-9999,-9999,-9999,-9999
1063,960.460143,960.460598297,960.460840314,10263998,-9999,207429.5,14.84,-1,-0.251980732,0.988545157,0,0.593127094,1,0.538461538,2.051282051,N1 S1 P1 O21,de-protonated,0,-9999,C39 H80 O21 N1 P1 S1,39,80,21,1,1,1,-9999,-9999
1063,960.460143,960.460598297,960.460194308,10263998,-9999,207429.5,14.84,-1,0.42061957,0.484203875,0.594745702,0.528420606,32,0.031746032,1.063492063,N3 S2 O2,de-protonated,0,-9999,C63 H67 O2 N3 S2,63,67,2,3,-9999,2,-9999,-9999
1063,960.460143,960.460598297,960.46032725,10263998,-9999,207429.5,14.84,-1,0.282204914,0.985653404,0,0.591392042,19,0.192307692,1.384615385,N3 S1 P1 O10,de-protonated,0,-9999,C52 H72 O10 N3 P1 S1,52,72,10,3,1,1,-9999,-9999
1064,961.798117,961.798573017,961.799466461,12689849,-9999,201483.8,18.78,-1,-0.928929324,0.427534193,0.610452919,0.500701683,5,0.118644068,1.881355932,P1 O7,de-protonated,0,-9999,C59 H111 O7 P1,59,111,7,-9999,1,-9999,-9999,-9999
1064,961.798117,961.798573017,961.79868207,12689849,-9999,201483.8,18.78,-1,-0.113384766,0.498834998,0.598596236,0.538739493,9,0.016129032,1.774193548,N2 S2 O1,de-protonated,0,-9999,C62 H110 O1 N2 S2,62,110,1,2,-9999,2,-9999,-9999
1064,961.798117,961.798573017,961.79781269,12689849,-9999,201483.8,18.78,-1,0.790526389,0.446399822,0.602496955,0.508838675,10,0.098360656,1.737704918,N2 O6,de-protonated,0,-9999,C61 H106 O6 N2,61,106,6,2,-9999,-9999,-9999,-9999
1065,963.819302,963.819759105,963.820476688,16000966,-9999,348595.2,24.15,-1,-0.74451907,0.452157026,0.587191358,0.506170759,13,0.015384615,1.676923077,N2 P1 O1,de-protonated,0,-9999,C65 H109 O1 N2 P1,65,109,1,2,1,-9999,-9999,-9999
1065,963.819302,963.819759105,963.819335982,16000966,-9999,348595.2,24.15,-1,0.439006865,0.482817161,0.631293472,0.542207685,0,0.203703704,2.074074074,N2 O11,de-protonated,0,-9999,C54 H112 O11 N2,54,112,11,2,-9999,-9999,-9999,-9999
1065,963.819302,963.819759105,963.819825239,16000966,-9999,348595.2,24.15,-1,-0.068616606,0.499573031,0.618621811,0.547192543,4,0.052631579,1.98245614,N4 S1 P1 O3,de-protonated,0,-9999,C57 H113 O3 N4 P1 S1,57,113,3,4,1,1,-9999,-9999
1066,964.204897,964.205354312,964.204566056,9054446,-9999,266770.5,12.87,-1,0.817519741,0.885795518,0,0.531477311,29,0.326530612,0.897959184,N1 S1 P1 O16,de-protonated,0,-9999,C49 H44 O16 N1 P1 S1,49,44,16,1,1,1,-9999,-9999
1066,964.204897,964.205354312,964.206283589,9054446,-9999,266770.5,12.87,-1,-0.96377382,0.84489711,0,0.506938266,29,0.3125,0.895833333,N3 S2 O15,de-protonated,0,-9999,C48 H43 O15 N3 S2,48,43,15,3,-9999,2,-9999,-9999
1066,964.204897,964.205354312,964.205414209,9054446,-9999,266770.5,12.87,-1,-0.06212048,0.999300043,0,0.599580026,30,0.425531915,0.829787234,N3 O20,de-protonated,0,-9999,C47 H39 O20 N3,47,39,20,3,-9999,-9999,-9999,-9999
1067,965.026709,965.027166755,965.02778346,8874856,-9999,237913.6,12.58,-1,-0.639054741,0.928576971,0,0.557146183,29,0.585365854,0.658536585,S1 P1 O24,de-protonated,0,-9999,C41 H27 O24 P1 S1,41,27,24,-9999,1,1,-9999,-9999
1067,965.026709,965.027166755,965.026618947,8874856,-9999,237913.6,12.58,-1,0.567660351,0.943206808,0,0.565924085,38,0.326086957,0.5,N4 S2 P1 O15,de-protonated,0,-9999,C46 H23 O15 N4 P1 S2,46,23,15,4,1,2,-9999,-9999
1068,965.755966,965.756424147,965.755493647,12643740,-9999,267190.3,18.7,-1,0.96349436,0.422489842,0.602496955,0.494492687,9,0.06557377,1.754098361,S1 P1 O4,de-protonated,0,-9999,C61 H107 O4 P1 S1,61,107,4,-9999,1,1,-9999,-9999
1068,965.755966,965.756424147,965.75721118,12643740,-9999,267190.3,18.7,-1,-0.814938848,0.443236475,0.606448844,0.508521423,9,0.05,1.766666667,N2 S2 O3,de-protonated,0,-9999,C60 H106 O3 N2 S2,60,106,3,2,-9999,2,-9999,-9999
1068,965.755966,965.756424147,965.756341801,12643740,-9999,267190.3,18.7,-1,0.085266643,0.499340833,0.610452919,0.543785667,10,0.13559322,1.728813559,N2 O8,de-protonated,0,-9999,C59 H102 O8 N2,59,102,8,2,-9999,-9999,-9999,-9999
1068,965.755966,965.756424147,965.755690352,12643740,-9999,267190.3,18.7,-1,0.759814815,0.450273153,0.644495114,0.527961937,1,0.196078431,2.078431373,N4 S1 O10,de-protonated,0,-9999,C51 H106 O10 N4 S1,51,106,10,4,-9999,1,-9999,-9999
1069,965.803635,965.804093173,965.803492669,25341376,-9999,225904.1,39.31,-1,0.621766721,0.466128409,0.610452919,0.523858213,3,0.084745763,1.93220339,S2 O5,de-protonated,0,-9999,C59 H114 O5 S2,59,114,5,-9999,-9999,2,-9999,-9999
1069,965.803635,965.804093173,965.804830079,25341376,-9999,225904.1,39.31,-1,-0.762996856,0.44987743,0.606448844,0.512505996,8,0.016666667,1.833333333,N4 S2 O1,de-protonated,0,-9999,C60 H110 O1 N4 S2,60,110,1,4,-9999,2,-9999,-9999
1069,965.803635,965.804093173,965.803960699,25341376,-9999,225904.1,39.31,-1,0.137164297,0.498296018,0.610452919,0.543158778,9,0.101694915,1.796610169,N4 O6,de-protonated,0,-9999,C59 H106 O6 N4,59,106,6,4,-9999,-9999,-9999,-9999
1070,966.625928,966.626386616,966.626197009,9613374,-9999,285165.9,13.78,-1,0.196153522,0.496521429,0.590944388,0.534290612,21,0.03125,1.390625,N1 S2 O2,de-protonated,0,-9999,C64 H89 O2 N1 S2,64,89,2,1,-9999,2,-9999,-9999
1070,966.625928,966.626386616,966.62632995,9613374,-9999,285165.9,13.78,-1,0.058621829,0.999376643,0,0.599625986,8,0.188679245,1.773584906,N1 S1 P1 O10,de-protonated,0,-9999,C53 H94 O10 N1 P1 S1,53,94,10,1,1,1,-9999,-9999
1070,966.625928,966.626386616,966.627178103,9613374,-9999,285165.9,13.78,-1,-0.818813898,0.885455217,0,0.53127313,9,0.274509804,1.745098039,N3 O14,de-protonated,0,-9999,C51 H89 O14 N3,51,89,14,3,-9999,-9999,-9999,-9999
1071,967.543826,967.54428511,967.543586126,33174278,-9999,275114.3,52.02,-1,0.722431628,0.303215438,0.513784664,0.387443128,28,0.076923077,1.184615385,P1 O5,de-protonated,0,-9999,C65 H77 O5 P1,65,77,5,-9999,1,-9999,-9999,-9999
1071,967.543826,967.54428511,967.543447741,33174278,-9999,275114.3,52.02,-1,0.865458311,0.436461317,0.677556332,0.532899323,1,0.409090909,2.022727273,S1 P1 O18,de-protonated,0,-9999,C44 H89 O18 P1 S1,44,89,18,-9999,1,1,-9999,-9999
1071,967.543826,967.54428511,967.545165274,33174278,-9999,275114.3,52.02,-1,-0.909688306,0.4302874,0.6825583,0.53119576,1,0.395348837,2.046511628,N2 S2 O17,de-protonated,0,-9999,C43 H88 O17 N2 S2,43,88,17,2,-9999,2,-9999,-9999
1071,967.543826,967.54428511,967.544295894,33174278,-9999,275114.3,52.02,-1,-0.011146417,0.499988728,0.68763467,0.575047105,2,0.523809524,2,N2 O22,de-protonated,0,-9999,C42 H84 O22 N2,42,84,22,2,-9999,-9999,-9999,-9999
1071,967.543826,967.54428511,967.544923536,33174278,-9999,275114.3,52.02,-1,-0.659841643,0.308012962,0.508967985,0.388394971,33,0.015151515,1.106060606,N4 P1 O1,de-protonated,0,-9999,C66 H73 O1 N4 P1,66,73,1,4,1,-9999,-9999,-9999
1071,967.543826,967.54428511,967.54465221,33174278,-9999,275114.3,52.02,-1,-0.379414295,0.487108853,0.622788794,0.541380829,19,0.107142857,1.428571429,N4 S2 O6,de-protonated,0,-9999,C56 H80 O6 N4 S2,56,80,6,4,-9999,2,-9999,-9999
1071,967.543826,967.54428511,967.54378283,33174278,-9999,275114.3,52.02,-1,0.519128547,0.476138456,0.627012296,0.536487992,20,0.2,1.381818182,N4 O11,de-protonated,0,-9999,C55 H76 O11 N4,55,76,11,4,-9999,-9999,-9999,-9999
1071,967.543826,967.54428511,967.544785152,33174278,-9999,275114.3,52.02,-1,-0.516815355,0.476345531,0.672627142,0.554858175,6,0.311111111,1.888888889,N4 S1 P1 O14,de-protonated,0,-9999,C45 H85 O14 N4 P1 S1,45,85,14,4,1,1,-9999,-9999
1072,967.59027,967.590729135,967.591585147,10122027,-9999,305157,14.6,-1,-0.884683254,0.433804799,0.594745702,0.49818116,22,0.095238095,1.333333333,S1 O6,de-protonated,0,-9999,C63 H84 O6 S1,63,84,6,-9999,-9999,1,-9999,-9999
1072,967.59027,967.590729135,967.591205024,10122027,-9999,305157,14.6,-1,-0.491829141,0.478528803,0.587191358,0.521993825,27,0.046153846,1.246153846,N2 P1 O3,de-protonated,0,-9999,C65 H81 O3 N2 P1,65,81,3,2,1,-9999,-9999,-9999
1072,967.59027,967.590729135,967.590933698,10122027,-9999,305157,14.6,-1,-0.21141516,0.991922701,0,0.59515362,13,0.145454545,1.6,N2 S2 O8,de-protonated,0,-9999,C55 H88 O8 N2 S2,55,88,8,2,-9999,2,-9999,-9999
1072,967.59027,967.590729135,967.590064318,10122027,-9999,305157,14.6,-1,0.687084854,0.917906898,0,0.550744139,14,0.240740741,1.555555556,N2 O13,de-protonated,0,-9999,C54 H84 O13 N2,54,84,13,2,-9999,-9999,-9999,-9999
1072,967.59027,967.590729135,967.59106664,10122027,-9999,305157,14.6,-1,-0.348809671,0.978165371,0,0.586899222,0,0.363636364,2.113636364,N2 S1 P1 O16,de-protonated,0,-9999,C44 H93 O16 N2 P1 S1,44,93,16,2,1,1,-9999,-9999
1072,967.59027,967.590729135,967.590553576,10122027,-9999,305157,14.6,-1,0.181439482,0.497022231,0.618621811,0.545662063,18,0.087719298,1.49122807,N4 S1 P1 O5,de-protonated,0,-9999,C57 H85 O5 N4 P1 S1,57,85,5,4,1,1,-9999,-9999
1073,969.245056,969.245516026,969.245882041,9680948,-9999,278907.1,13.88,-1,-0.377629386,0.974456597,0,0.584673958,27,0.428571429,0.93877551,O21,de-protonated,0,-9999,C49 H46 O21,49,46,21,-9999,-9999,-9999,-9999,-9999
1073,969.245056,969.245516026,969.246371299,9680948,-9999,278907.1,13.88,-1,-0.882410399,0.868242108,0,0.520945265,31,0.25,0.903846154,N2 S1 P1 O13,de-protonated,0,-9999,C52 H47 O13 N2 P1 S1,52,47,13,2,1,1,-9999,-9999
1073,969.245056,969.245516026,969.245230593,9680948,-9999,278907.1,13.88,-1,0.294489922,0.984387151,0,0.590632291,18,0.56097561,1.219512195,N2 S1 O23,de-protonated,0,-9999,C41 H50 O23 N2 S1,41,50,23,2,-9999,1,-9999,-9999
1073,969.245056,969.245516026,969.244717528,9680948,-9999,278907.1,13.88,-1,0.823834464,0.884131202,0,0.530478721,36,0.222222222,0.777777778,N4 S1 O12,de-protonated,0,-9999,C54 H42 O12 N4 S1,54,42,12,4,-9999,1,-9999,-9999
1073,969.245056,969.245516026,969.24571985,9680948,-9999,278907.1,13.88,-1,-0.210291769,0.99200797,0,0.595204782,22,0.340909091,1.159090909,N4 S2 P1 O15,de-protonated,0,-9999,C44 H51 O15 N4 P1 S2,44,51,15,4,1,2,-9999,-9999
1073,969.245056,969.245516026,969.24485047,9680948,-9999,278907.1,13.88,-1,0.686674242,0.918000853,0,0.550800512,23,0.465116279,1.093023256,N4 P1 O20,de-protonated,0,-9999,C43 H47 O20 N4 P1,43,47,20,4,1,-9999,-9999,-9999
1073,969.245056,969.245516026,969.244579144,9680948,-9999,278907.1,13.88,-1,0.966610134,0.844058152,0,0.506434891,9,0.757575758,1.636363636,N4 S2 O25,de-protonated,0,-9999,C33 H54 O25 N4 S2,33,54,25,4,-9999,2,-9999,-9999
1074,969.292156,969.292616051,969.292519845,18102360,-9999,261221.8,27.55,-1,0.099253717,0.499107046,0.598596236,0.538902722,38,0.112903226,0.806451613,S2 O7,de-protonated,0,-9999,C62 H50 O7 S2,62,50,7,-9999,-9999,2,-9999,-9999
1074,969.292156,969.292616051,969.291650465,18102360,-9999,261221.8,27.55,-1,0.996176698,0.417608431,0.602496955,0.491563841,39,0.196721311,0.754098361,O12,de-protonated,0,-9999,C61 H46 O12,61,46,12,-9999,-9999,-9999,-9999,-9999
1074,969.292156,969.292616051,969.292652787,18102360,-9999,261221.8,27.55,-1,-0.037899641,0.499869702,0.644495114,0.557719867,25,0.294117647,1.078431373,S1 P1 O15,de-protonated,0,-9999,C51 H55 O15 P1 S1,51,55,15,-9999,1,1,-9999,-9999
1074,969.292156,969.292616051,969.292001338,18102360,-9999,261221.8,27.55,-1,0.634187464,0.464810861,0.6825583,0.551909837,16,0.395348837,1.372093023,N2 S2 P1 O17,de-protonated,0,-9999,C43 H59 O17 N2 P1 S2,43,59,17,2,1,2,-9999,-9999
1074,969.292156,969.292616051,969.29350094,18102360,-9999,261221.8,27.55,-1,-0.912921641,0.42982754,0.653607294,0.519339442,26,0.387755102,1.020408163,N2 O19,de-protonated,0,-9999,C49 H50 O19 N2,49,50,19,2,-9999,-9999,-9999,-9999
1074,969.292156,969.292616051,969.292849491,18102360,-9999,261221.8,27.55,-1,-0.240835712,0.494765415,0.692787115,0.573974095,17,0.512195122,1.317073171,N4 S1 O21,de-protonated,0,-9999,C41 H54 O21 N4 S1,41,54,21,4,-9999,1,-9999,-9999
1075,970.607687,970.608147759,970.60835741,9067613,-9999,247896.1,12.89,-1,-0.215999847,0.991570075,0,0.594942045,12,0.2,1.618181818,N1 S1 O11,de-protonated,0,-9999,C55 H89 O11 N1 S1,55,89,11,1,-9999,1,-9999,-9999
1075,970.607687,970.608147759,970.608846668,9067613,-9999,247896.1,12.89,-1,-0.720072364,0.910208206,0,0.546124924,16,0.051724138,1.551724138,N3 S2 P1 O3,de-protonated,0,-9999,C58 H90 O3 N3 P1 S2,58,90,3,3,1,2,-9999,-9999
1075,970.607687,970.608147759,970.607977288,9067613,-9999,247896.1,12.89,-1,0.175633486,0.994418465,0,0.596651079,17,0.140350877,1.50877193,N3 P1 O8,de-protonated,0,-9999,C57 H86 O8 N3 P1,57,86,8,3,1,-9999,-9999,-9999
1075,970.607687,970.608147759,970.607705962,9067613,-9999,247896.1,12.89,-1,0.455176092,0.963104367,0,0.57786262,3,0.276595745,1.978723404,N3 S2 O13,de-protonated,0,-9999,C47 H93 O13 N3 S2,47,93,13,3,-9999,2,-9999,-9999
1076,972.6145,972.614961839,972.615632324,10338946,-9999,564416.7,14.95,-1,-0.689363021,0.458692387,0.583485697,0.508609711,24,0.015151515,1.318181818,N1 S2 O1,de-protonated,0,-9999,C66 H87 O1 N1 S2,66,87,1,1,-9999,2,-9999,-9999
1076,972.6145,972.614961839,972.614762945,10338946,-9999,564416.7,14.95,-1,0.204494757,0.496220437,0.587191358,0.532608806,25,0.092307692,1.276923077,N1 O6,de-protonated,0,-9999,C65 H83 O6 N1,65,83,6,1,-9999,-9999,-9999,-9999
1076,972.6145,972.614961839,972.615765266,10338946,-9999,564416.7,14.95,-1,-0.826047663,0.441772802,0.627012296,0.515868599,11,0.163636364,1.672727273,N1 S1 P1 O9,de-protonated,0,-9999,C55 H92 O9 N1 P1 S1,55,92,9,1,1,1,-9999,-9999
1076,972.6145,972.614961839,972.614111496,10338946,-9999,564416.7,14.95,-1,0.87428641,0.435246678,0.618621811,0.508596731,16,0.140350877,1.526315789,N3 S1 O8,de-protonated,0,-9999,C57 H87 O8 N3 S1,57,87,8,3,-9999,1,-9999,-9999
1076,972.6145,972.614961839,972.615113818,10338946,-9999,564416.7,14.95,-1,-0.156257391,0.995579481,0,0.597347688,2,0.234042553,2.042553191,N3 S2 P1 O11,de-protonated,0,-9999,C47 H96 O11 N3 P1 S2,47,96,11,3,1,2,-9999,-9999
1076,972.6145,972.614961839,972.614244438,10338946,-9999,564416.7,14.95,-1,0.73760134,0.905997984,0,0.54359879,3,0.347826087,2,N3 P1 O16,de-protonated,0,-9999,C46 H92 O16 N3 P1,46,92,16,3,1,-9999,-9999,-9999
1077,972.618376,972.618837841,972.618134248,48185988,-9999,314411.3,76.38,-1,0.723401468,0.3031383,0.528601492,0.393323577,20,0.096774194,1.403225806,N1 S1 O6,de-protonated,0,-9999,C62 H87 O6 N1 S1,62,87,6,1,-9999,1,-9999,-9999
1077,972.618376,972.618837841,972.61913657,48185988,-9999,314411.3,76.38,-1,-0.307137915,0.327676311,0.582230334,0.42949792,6,0.173076923,1.846153846,N1 S2 P1 O9,de-protonated,0,-9999,C52 H96 O9 N1 P1 S2,52,96,9,1,1,2,-9999,-9999
1077,972.618376,972.618837841,972.61826719,48185988,-9999,314411.3,76.38,-1,0.586716984,0.3131498,0.587975334,0.423080014,7,0.274509804,1.803921569,N1 P1 O14,de-protonated,0,-9999,C51 H92 O14 N1 P1,51,92,14,1,1,-9999,-9999,-9999
1078,972.622134,972.622595843,972.621776877,16663176,-9999,489079.8,25.21,-1,0.842018911,0.439642428,0.572644131,0.492843109,29,0.014492754,1.217391304,N1 P1 O1,de-protonated,0,-9999,C69 H84 O1 N1 P1,69,84,1,1,1,-9999,-9999,-9999
1078,972.622134,972.622595843,972.621638493,16663176,-9999,489079.8,25.21,-1,0.984298849,0.419394744,0.658260696,0.514941125,2,0.291666667,2,N1 S1 P1 O14,de-protonated,0,-9999,C48 H96 O14 N1 P1 S1,48,96,14,1,1,1,-9999,-9999
1078,972.622134,972.622595843,972.623356026,16663176,-9999,489079.8,25.21,-1,-0.78157971,0.447540534,0.662980834,0.533716654,2,0.276595745,2.021276596,N3 S2 O13,de-protonated,0,-9999,C47 H95 O13 N3 S2,47,95,13,3,-9999,2,-9999,-9999
1078,972.622134,972.622595843,972.622486646,16663176,-9999,489079.8,25.21,-1,0.112270887,0.498857749,0.667769153,0.56642231,3,0.391304348,1.97826087,N3 O18,de-protonated,0,-9999,C46 H91 O18 N3,46,91,18,3,-9999,-9999,-9999,-9999
1079,973.453376,973.453838291,973.45410587,11617556,-9999,295500.4,17.02,-1,-0.274876032,0.493191931,0.598596236,0.535353653,28,0.096774194,1.129032258,S2 O6,de-protonated,0,-9999,C62 H70 O6 S2,62,70,6,-9999,-9999,2,-9999,-9999
1079,973.453376,973.453838291,973.45323649,11617556,-9999,295500.4,17.02,-1,0.618212201,0.46650134,0.602496955,0.520899586,29,0.180327869,1.081967213,O11,de-protonated,0,-9999,C61 H66 O11,61,66,11,-9999,-9999,-9999,-9999,-9999
1079,973.453376,973.453838291,973.454238812,11617556,-9999,295500.4,17.02,-1,-0.411442999,0.484875179,0.644495114,0.548723153,15,0.274509804,1.470588235,S1 P1 O14,de-protonated,0,-9999,C51 H75 O14 P1 S1,51,75,14,-9999,1,1,-9999,-9999
1079,973.453376,973.453838291,973.453098106,11617556,-9999,295500.4,17.02,-1,0.760370581,0.900408263,0,0.540244958,2,0.6,1.95,S1 O24,de-protonated,0,-9999,C40 H78 O24 S1,40,78,24,-9999,-9999,1,-9999,-9999
1079,973.453376,973.453838291,973.453725747,11617556,-9999,295500.4,17.02,-1,0.115612397,0.498788827,0.590944388,0.535651052,33,0.046875,1.046875,N2 S1 P1 O3,de-protonated,0,-9999,C64 H67 O3 N2 P1 S1,64,67,3,2,1,1,-9999,-9999
1079,973.453376,973.453838291,973.453587363,11617556,-9999,295500.4,17.02,-1,0.257770634,0.988015903,0,0.592809542,6,0.372093023,1.837209302,N2 S2 P1 O16,de-protonated,0,-9999,C43 H79 O16 N2 P1 S2,43,79,16,2,1,2,-9999,-9999
1079,973.453376,973.453838291,973.453074299,11617556,-9999,295500.4,17.02,-1,0.784826735,0.447127699,0.622788794,0.517392137,24,0.089285714,1.267857143,N4 S2 P1 O5,de-protonated,0,-9999,C56 H71 O5 N4 P1 S2,56,71,5,4,1,2,-9999,-9999
1079,973.453376,973.453838291,973.454573901,11617556,-9999,295500.4,17.02,-1,-0.755669419,0.450786717,0.598596236,0.509910525,34,0.112903226,1,N4 O7,de-protonated,0,-9999,C62 H62 O7 N4,62,62,7,4,-9999,-9999,-9999,-9999
1079,973.453376,973.453838291,973.454435516,11617556,-9999,295500.4,17.02,-1,-0.613511429,0.933983404,0,0.560390043,7,0.487804878,1.804878049,N4 S1 O20,de-protonated,0,-9999,C41 H74 O20 N4 S1,41,74,20,4,-9999,1,-9999,-9999
1080,973.595412,973.595874367,973.596276604,27149700,-9999,288156.5,42.23,-1,-0.413145402,0.323167794,0.494873046,0.391849894,29,0.028985507,1.188405797,S1 O2,de-protonated,0,-9999,C69 H82 O2 S1,69,82,2,-9999,-9999,1,-9999,-9999
1080,973.595412,973.595874367,973.596409546,27149700,-9999,288156.5,42.23,-1,-0.549692409,0.473324522,0.614510218,0.529798801,16,0.172413793,1.5,P1 O10,de-protonated,0,-9999,C58 H87 O10 P1,58,87,10,-9999,1,-9999,-9999,-9999
1080,973.595412,973.595874367,973.59613822,27149700,-9999,288156.5,42.23,-1,-0.271008055,0.49338092,0.658260696,0.559332831,2,0.3125,1.958333333,S2 O15,de-protonated,0,-9999,C48 H94 O15 S2,48,94,15,-9999,-9999,2,-9999,-9999
1080,973.595412,973.595874367,973.59526884,27149700,-9999,288156.5,42.23,-1,0.621949894,0.466109141,0.662980834,0.544857818,3,0.425531915,1.914893617,O20,de-protonated,0,-9999,C47 H90 O20,47,90,20,-9999,-9999,-9999,-9999,-9999
1080,973.595412,973.595874367,973.595625155,27149700,-9999,288156.5,42.23,-1,0.255970598,0.494090851,0.602496955,0.537453292,20,0.06557377,1.409836066,N2 S2 O4,de-protonated,0,-9999,C61 H86 O4 N2 S2,61,86,4,2,-9999,2,-9999,-9999
1080,973.595412,973.595874367,973.595758097,27149700,-9999,288156.5,42.23,-1,0.119423409,0.498707767,0.649019222,0.558832349,7,0.24,1.82,N2 S1 P1 O12,de-protonated,0,-9999,C50 H91 O12 N2 P1 S1,50,91,12,2,1,1,-9999,-9999
1080,973.595412,973.595874367,973.595245033,27149700,-9999,288156.5,42.23,-1,0.646402474,0.30899564,0.523600568,0.394837611,25,0.015873016,1.317460317,N4 S1 P1 O1,de-protonated,0,-9999,C63 H83 O1 N4 P1 S1,63,83,1,4,1,1,-9999,-9999
1080,973.595412,973.595874367,973.59660625,27149700,-9999,288156.5,42.23,-1,-0.751731303,0.451272538,0.658260696,0.534067801,8,0.333333333,1.791666667,N4 O16,de-protonated,0,-9999,C48 H86 O16 N4,48,86,16,4,-9999,-9999,-9999,-9999
1081,974.037147,974.037609605,974.037255114,18794206,-9999,275816,28.67,-1,0.363939402,0.488126639,0.587191358,0.527752526,0,0.030769231,2.061538462,N2 O2,de-protonated,0,-9999,C65 H134 O2 N2,65,134,2,2,-9999,-9999,-9999,-9999
1081,974.037147,974.037609605,974.036849279,18794206,-9999,275816,28.67,-1,0.780592825,0.447665745,0.672627142,0.537650304,35,0.377777778,0.577777778,N3 S2 P1 O17,de-protonated,0,-9999,C45 H26 O17 N3 P1 S2,45,26,17,3,1,2,-9999,-9999
1082,975.968624,975.969087645,975.968900771,17910990,-9999,256540.5,27.23,-1,0.191475118,0.496684838,0.590944388,0.534388658,1,0.078125,2,O5,de-protonated,0,-9999,C64 H128 O5,64,128,5,-9999,-9999,-9999,-9999,-9999
1082,975.968624,975.969087645,975.968494935,17910990,-9999,256540.5,27.23,-1,0.607303825,0.467634294,0.677556332,0.551603109,36,0.454545455,0.454545455,N1 S2 P1 O20,de-protonated,0,-9999,C44 H20 O20 N1 P1 S2,44,20,20,1,1,2,-9999,-9999
1082,975.968624,975.969087645,975.969343088,17910990,-9999,256540.5,27.23,-1,-0.261733395,0.493823453,0.68763467,0.57134794,37,0.571428571,0.357142857,N3 S1 O24,de-protonated,0,-9999,C42 H15 O24 N3 S1,42,15,24,3,-9999,1,-9999,-9999
1083,976.016217,976.01668067,976.01651967,9456883,-9999,286228.2,13.51,-1,0.164956982,0.497537402,0.590944388,0.534900196,0,0.046875,2.0625,N2 O3,de-protonated,0,-9999,C64 H132 O3 N2,64,132,3,2,-9999,-9999,-9999,-9999
1083,976.016217,976.01668067,976.016113834,9456883,-9999,286228.2,13.51,-1,0.58076539,0.940634582,0,0.564380749,35,0.409090909,0.545454545,N3 S2 P1 O18,de-protonated,0,-9999,C44 H24 O18 N3 P1 S2,44,24,18,3,1,2,-9999,-9999
1084,976.06325,976.063713696,976.063894924,21122328,-9999,333405.3,32.45,-1,-0.185672551,0.496882104,0.653607294,0.55957218,39,0.448979592,0.469387755,N1 O22,de-protonated,0,-9999,C49 H23 O22 N1,49,23,22,1,-9999,-9999,-9999,-9999
1084,976.06325,976.063713696,976.063243475,21122328,-9999,333405.3,32.45,-1,0.481751986,0.47938143,0.692787115,0.564743704,30,0.585365854,0.658536585,N3 S1 O24,de-protonated,0,-9999,C41 H27 O24 N3 S1,41,27,24,3,-9999,1,-9999,-9999
1085,976.156791,976.157254746,976.156295709,11160930,-9999,324682.9,16.28,-1,0.982462719,0.839339288,0,0.503603573,22,0.476190476,1.047619048,N1 S2 P1 O20,de-protonated,0,-9999,C42 H44 O20 N1 P1 S2,42,44,20,1,1,2,-9999,-9999
1085,976.156791,976.157254746,976.157795311,11160930,-9999,324682.9,16.28,-1,-0.553767725,0.945876927,0,0.567526156,32,0.458333333,0.729166667,N1 O22,de-protonated,0,-9999,C48 H35 O22 N1,48,35,22,1,-9999,-9999,-9999,-9999
1085,976.156791,976.157254746,976.157143862,11160930,-9999,324682.9,16.28,-1,0.113592365,0.997661465,0,0.598596879,23,0.6,0.975,N3 S1 O24,de-protonated,0,-9999,C40 H39 O24 N3 S1,40,39,24,3,-9999,1,-9999,-9999
1086,977.490362,977.490826464,977.491550552,9286011,-9999,226529,13.23,-1,-0.740761374,0.452615161,0.587191358,0.50644564,31,0.092307692,1.092307692,P1 O6,de-protonated,0,-9999,C65 H71 O6 P1,65,71,6,-9999,1,-9999,-9999,-9999
1086,977.490362,977.490826464,977.491279226,9286011,-9999,226529,13.23,-1,-0.463187584,0.961819479,0,0.577091687,17,0.2,1.418181818,S2 O11,de-protonated,0,-9999,C55 H78 O11 S2,55,78,11,-9999,-9999,2,-9999,-9999
1086,977.490362,977.490826464,977.490409846,9286011,-9999,226529,13.23,-1,0.426211901,0.967575957,0,0.580545574,18,0.296296296,1.37037037,O16,de-protonated,0,-9999,C54 H74 O16,54,74,16,-9999,-9999,-9999,-9999,-9999
1086,977.490362,977.490826464,977.491412167,9286011,-9999,226529,13.23,-1,-0.599190485,0.936931239,0,0.562158743,4,0.431818182,1.886363636,S1 P1 O19,de-protonated,0,-9999,C44 H83 O19 P1 S1,44,83,19,-9999,1,1,-9999,-9999
1086,977.490362,977.490826464,977.489896782,9286011,-9999,226529,13.23,-1,0.951091463,0.424314174,0.579826515,0.486519111,36,0.074626866,0.985074627,N2 O5,de-protonated,0,-9999,C67 H66 O5 N2,67,66,5,2,-9999,-9999,-9999,-9999
1086,977.490362,977.490826464,977.490899103,9286011,-9999,226529,13.23,-1,-0.074312,0.998998493,0,0.599399096,22,0.140350877,1.315789474,N2 S1 P1 O8,de-protonated,0,-9999,C57 H75 O8 N2 P1 S1,57,75,8,2,1,1,-9999,-9999
1086,977.490362,977.490826464,977.490247654,9286011,-9999,226529,13.23,-1,0.592138262,0.938360628,0,0.563016377,13,0.204081633,1.612244898,N4 S2 P1 O10,de-protonated,0,-9999,C49 H79 O10 N4 P1 S2,49,79,10,4,1,2,-9999,-9999
1086,977.490362,977.490826464,977.491747256,9286011,-9999,226529,13.23,-1,-0.941995139,0.851284094,0,0.510770457,23,0.218181818,1.272727273,N4 O12,de-protonated,0,-9999,C55 H70 O12 N4,55,70,12,4,-9999,-9999,-9999,-9999
1087,977.746792,977.747256602,977.748099592,19681860,-9999,256565.7,30.11,-1,-0.862175207,0.436910744,0.606448844,0.504725984,11,0.1,1.716666667,N2 P1 O6,de-protonated,0,-9999,C60 H103 O6 N2 P1,60,103,6,2,1,-9999,-9999,-9999
1087,977.746792,977.747256602,977.746445822,19681860,-9999,256565.7,30.11,-1,0.829233502,0.441350288,0.598596236,0.504248668,16,0.080645161,1.580645161,N4 O5,de-protonated,0,-9999,C62 H98 O5 N4,62,98,5,4,-9999,-9999,-9999,-9999
1087,977.746792,977.747256602,977.747448143,19681860,-9999,256565.7,30.11,-1,-0.195900782,0.496530356,0.640033642,0.55393167,2,0.153846154,2.057692308,N4 S1 P1 O8,de-protonated,0,-9999,C52 H107 O8 N4 P1 S1,52,107,8,4,1,1,-9999,-9999
1088,978.543095,978.543560031,978.544314401,9131192,-9999,358875.5,12.98,-1,-0.77091135,0.448887528,0.598596236,0.508771011,25,0.112903226,1.258064516,N1 P1 O7,de-protonated,0,-9999,C62 H78 O7 N1 P1,62,78,7,1,1,-9999,-9999,-9999
1088,978.543095,978.543560031,978.544043075,9131192,-9999,358875.5,12.98,-1,-0.493636195,0.956748411,0,0.574049046,11,0.230769231,1.634615385,N1 S2 O12,de-protonated,0,-9999,C52 H85 O12 N1 S2,52,85,12,1,-9999,2,-9999,-9999
1088,978.543095,978.543560031,978.543173695,9131192,-9999,358875.5,12.98,-1,0.394806404,0.972113427,0,0.583268056,12,0.333333333,1.588235294,N1 O17,de-protonated,0,-9999,C51 H81 O17 N1,51,81,17,1,-9999,-9999,-9999,-9999
1088,978.543095,978.543560031,978.543530011,9131192,-9999,358875.5,12.98,-1,0.030677727,0.499914625,0.587191358,0.534825318,29,0.015384615,1.184615385,N3 S2 O1,de-protonated,0,-9999,C65 H77 O1 N3 S2,65,77,1,3,-9999,2,-9999,-9999
1088,978.543095,978.543560031,978.542660631,9131192,-9999,358875.5,12.98,-1,0.919121258,0.428942626,0.590944388,0.493743331,30,0.09375,1.140625,N3 O6,de-protonated,0,-9999,C64 H73 O6 N3,64,73,6,3,-9999,-9999,-9999,-9999
1088,978.543095,978.543560031,978.543662953,9131192,-9999,358875.5,12.98,-1,-0.105178994,0.997994715,0,0.598796829,16,0.166666667,1.518518519,N3 S1 P1 O9,de-protonated,0,-9999,C54 H82 O9 N3 P1 S1,54,82,9,3,1,1,-9999,-9999
1089,978.590365,978.590830056,978.589944441,14013661,-9999,276522.7,20.9,-1,0.904990994,0.430953435,0.635633513,0.512825467,10,0.20754717,1.698113208,N1 S1 P1 O11,de-protonated,0,-9999,C53 H90 O11 N1 P1 S1,53,90,11,1,1,1,-9999,-9999
1089,978.590365,978.590830056,978.591661974,14013661,-9999,276522.7,20.9,-1,-0.850117558,0.438550582,0.640033642,0.519143806,10,0.192307692,1.711538462,N3 S2 O10,de-protonated,0,-9999,C52 H89 O10 N3 S2,52,89,10,3,-9999,2,-9999,-9999
1089,978.590365,978.590830056,978.590792594,14013661,-9999,276522.7,20.9,-1,0.038281493,0.499867064,0.644495114,0.557718284,11,0.294117647,1.666666667,N3 O15,de-protonated,0,-9999,C51 H85 O15 N3,51,85,15,3,-9999,-9999,-9999,-9999
1090,979.22622,979.226685398,979.227349931,9844434,-9999,210968.8,14.14,-1,-0.678629472,0.919832208,0,0.551899325,38,0.232142857,0.732142857,N2 P1 O13,de-protonated,0,-9999,C56 H41 O13 N2 P1,56,41,13,2,1,-9999,-9999,-9999
1090,979.22622,979.226685398,979.227078605,9844434,-9999,210968.8,14.14,-1,-0.401547698,0.971166953,0,0.582700172,24,0.391304348,1.043478261,N2 S2 O18,de-protonated,0,-9999,C46 H48 O18 N2 S2,46,48,18,2,-9999,2,-9999,-9999
1090,979.22622,979.226685398,979.226209225,9844434,-9999,210968.8,14.14,-1,0.486275271,0.958001422,0,0.574800853,25,0.511111111,0.977777778,N2 O23,de-protonated,0,-9999,C45 H44 O23 N2,45,44,23,2,-9999,-9999,-9999,-9999
1090,979.22622,979.226685398,979.226698482,9844434,-9999,210968.8,14.14,-1,-0.01336142,0.999967607,0,0.599980564,29,0.3125,0.9375,N4 S1 P1 O15,de-protonated,0,-9999,C48 H45 O15 N4 P1 S1,48,45,15,4,1,1,-9999,-9999
1091,979.531968,979.532433563,979.531701288,10852290,-9999,257749.8,15.77,-1,0.747576777,0.451782868,0.610452919,0.515250888,20,0.13559322,1.372881356,S1 P1 O8,de-protonated,0,-9999,C59 H81 O8 P1 S1,59,81,8,-9999,1,1,-9999,-9999
1091,979.531968,979.532433563,979.533062505,10852290,-9999,257749.8,15.77,-1,-0.642083756,0.927923364,0,0.556754019,3,0.522727273,1.909090909,O23,de-protonated,0,-9999,C44 H84 O23,44,84,23,-9999,-9999,-9999,-9999,-9999
1091,979.531968,979.532433563,979.532549441,10852290,-9999,257749.8,15.77,-1,-0.118299303,0.498731948,0.618621811,0.546687893,21,0.210526316,1.333333333,N2 O12,de-protonated,0,-9999,C57 H76 O12 N2,57,76,12,2,-9999,-9999,-9999,-9999
1091,979.531968,979.532433563,979.532036377,10852290,-9999,257749.8,15.77,-1,0.405485698,0.48530354,0.569119254,0.518829826,39,0.014285714,0.971428571,N4 O1,de-protonated,0,-9999,C70 H68 O1 N4,70,68,1,4,-9999,-9999,-9999,-9999
1091,979.531968,979.532433563,979.533038698,10852290,-9999,257749.8,15.77,-1,-0.617779436,0.466546618,0.606448844,0.522507509,25,0.066666667,1.283333333,N4 S1 P1 O4,de-protonated,0,-9999,C60 H77 O4 N4 P1 S1,60,77,4,4,1,1,-9999,-9999
1091,979.531968,979.532433563,979.531897992,10852290,-9999,257749.8,15.77,-1,0.546761839,0.947201137,0,0.568320682,12,0.285714286,1.632653061,N4 S1 O14,de-protonated,0,-9999,C49 H80 O14 N4 S1,49,80,14,4,-9999,1,-9999,-9999
1092,980.329963,980.330428992,980.32963363,16177718,-9999,253586.3,24.42,-1,0.811321261,0.443709877,0.606448844,0.508805464,34,0.133333333,0.916666667,N1 S2 O8,de-protonated,0,-9999,C60 H55 O8 N1 S2,60,55,8,1,-9999,2,-9999,-9999
1092,980.329963,980.330428992,980.329766572,16177718,-9999,253586.3,24.42,-1,0.675711956,0.460245964,0.653607294,0.537590496,21,0.326530612,1.224489796,N1 S1 P1 O16,de-protonated,0,-9999,C49 H60 O16 N1 P1 S1,49,60,16,1,1,1,-9999,-9999
1092,980.329963,980.330428992,980.330614725,16177718,-9999,253586.3,24.42,-1,-0.189459171,0.496754052,0.662980834,0.563244765,22,0.425531915,1.170212766,N3 O20,de-protonated,0,-9999,C47 H55 O20 N3,47,55,20,3,-9999,-9999,-9999,-9999
1093,980.380592,980.38105802,980.381275281,11623006,-9999,245974.1,17.02,-1,-0.221608795,0.495564279,0.587191358,0.53221511,37,0.061538462,0.907692308,N1 S2 O4,de-protonated,0,-9999,C65 H59 O4 N1 S2,65,59,4,1,-9999,2,-9999,-9999
1093,980.380592,980.38105802,980.380405901,11623006,-9999,245974.1,17.02,-1,0.665169105,0.461428051,0.590944388,0.513234586,38,0.140625,0.859375,N1 O9,de-protonated,0,-9999,C64 H55 O9 N1,64,55,9,1,-9999,-9999,-9999,-9999
1093,980.380592,980.38105802,980.381408222,11623006,-9999,245974.1,17.02,-1,-0.357210816,0.488556598,0.631293472,0.545651347,24,0.222222222,1.185185185,N1 S1 P1 O12,de-protonated,0,-9999,C54 H64 O12 N1 P1 S1,54,64,12,1,1,1,-9999,-9999
1093,980.380592,980.38105802,980.380267516,11623006,-9999,245974.1,17.02,-1,0.806323029,0.888722623,0,0.533233574,11,0.511627907,1.558139535,N1 S1 O22,de-protonated,0,-9999,C43 H67 O22 N1 S1,43,67,22,1,-9999,1,-9999,-9999
1093,980.380592,980.38105802,980.380756774,11623006,-9999,245974.1,17.02,-1,0.307274327,0.983013984,0,0.58980839,15,0.304347826,1.47826087,N3 S2 P1 O14,de-protonated,0,-9999,C46 H68 O14 N3 P1 S2,46,68,14,3,1,2,-9999,-9999
1094,981.014331,981.014797361,981.014519634,9231440,-9999,337874.3,13.14,-1,0.283101368,0.985562775,0,0.591337665,34,0.5,0.523809524,N4 S2 O21,de-protonated,0,-9999,C42 H22 O21 N4 S2,42,22,21,4,-9999,2,-9999,-9999
1095,981.018127,981.018593363,981.019326777,11557971,-9999,315621.7,16.92,-1,-0.747603838,0.903559101,0,0.542135461,34,0.568181818,0.522727273,P1 O25,de-protonated,0,-9999,C44 H23 O25 P1,44,23,25,-9999,1,-9999,-9999,-9999
1095,981.018127,981.018593363,981.018542386,11557971,-9999,315621.7,16.92,-1,0.051962928,0.999510182,0,0.599706109,38,0.404255319,0.468085106,N2 S2 O19,de-protonated,0,-9999,C47 H22 O19 N2 S2,47,22,19,2,-9999,2,-9999,-9999
1095,981.018127,981.018593363,981.017673006,11557971,-9999,315621.7,16.92,-1,0.938165021,0.852397156,0,0.511438293,39,0.52173913,0.391304348,N2 O24,de-protonated,0,-9999,C46 H18 O24 N2,46,18,24,2,-9999,-9999,-9999,-9999
1096,981.13115,981.131616424,981.131721666,26107052,-9999,269712.4,40.53,-1,-0.10726655,0.498957204,0.627012296,0.550179241,39,0.254545455,0.618181818,S2 O14,de-protonated,0,-9999,C55 H34 O14 S2,55,34,14,-9999,-9999,2,-9999,-9999
1096,981.13115,981.131616424,981.130852286,26107052,-9999,269712.4,40.53,-1,0.778833173,0.447888695,0.631293472,0.521250606,40,0.351851852,0.555555556,O19,de-protonated,0,-9999,C54 H30 O19,54,30,19,-9999,-9999,-9999,-9999,-9999
1096,981.13115,981.131616424,981.131854608,26107052,-9999,269712.4,40.53,-1,-0.242764868,0.494681668,0.677556332,0.567831533,26,0.5,0.886363636,S1 P1 O22,de-protonated,0,-9999,C44 H39 O22 P1 S1,44,39,22,-9999,1,1,-9999,-9999
1096,981.13115,981.131616424,981.131203159,26107052,-9999,269712.4,40.53,-1,0.421212101,0.484160052,0.719752637,0.578397086,17,0.666666667,1.194444444,N2 S2 P1 O24,de-protonated,0,-9999,C36 H43 O24 N2 P1 S2,36,43,24,2,1,2,-9999,-9999
1096,981.13115,981.131616424,981.130690095,26107052,-9999,269712.4,40.53,-1,0.944143929,0.425329146,0.653607294,0.516640405,35,0.265306122,0.714285714,N4 S2 P1 O13,de-protonated,0,-9999,C49 H35 O13 N4 P1 S2,49,35,13,4,1,2,-9999,-9999
1097,981.179316,981.17978245,981.180124955,20733138,-9999,235744.5,31.81,-1,-0.349075291,0.489066235,0.640033642,0.549453198,34,0.346153846,0.75,P1 O18,de-protonated,0,-9999,C52 H39 O18 P1,52,39,18,-9999,1,-9999,-9999,-9999
1097,981.179316,981.17978245,981.179853629,20733138,-9999,235744.5,31.81,-1,-0.072544883,0.499522767,0.68763467,0.574767529,20,0.547619048,1.095238095,S2 O23,de-protonated,0,-9999,C42 H46 O23 S2,42,46,23,-9999,-9999,2,-9999,-9999
1097,981.179316,981.17978245,981.179340565,20733138,-9999,235744.5,31.81,-1,0.450360759,0.481933338,0.627012296,0.539964921,38,0.218181818,0.690909091,N2 S2 O12,de-protonated,0,-9999,C55 H38 O12 N2 S2,55,38,12,2,-9999,2,-9999,-9999
1097,981.179316,981.17978245,981.179473507,20733138,-9999,235744.5,31.81,-1,0.314868942,0.491085787,0.677556332,0.565674005,25,0.454545455,0.977272727,N2 S1 P1 O20,de-protonated,0,-9999,C44 H43 O20 N2 P1 S1,44,43,20,2,1,1,-9999,-9999
1097,981.179316,981.17978245,981.178822058,20733138,-9999,235744.5,31.81,-1,0.978814056,0.420214919,0.719752637,0.540030007,16,0.611111111,1.305555556,N4 S2 P1 O22,de-protonated,0,-9999,C36 H47 O22 N4 P1 S2,36,47,22,4,1,2,-9999,-9999
1097,981.179316,981.17978245,981.18032166,20733138,-9999,235744.5,31.81,-1,-0.549552632,0.473337719,0.68763467,0.559056499,26,0.571428571,0.904761905,N4 O24,de-protonated,0,-9999,C42 H38 O24 N4,42,38,24,4,-9999,-9999,-9999,-9999
1098,981.274418,981.274884501,981.274894722,31743260,-9999,252937.5,49.68,-1,-0.01041622,0.499990157,0.640033642,0.556007551,26,0.25,1.057692308,S2 P1 O13,de-protonated,0,-9999,C52 H55 O13 P1 S2,52,55,13,-9999,1,2,-9999,-9999
1098,981.274418,981.274884501,981.274025342,31743260,-9999,252937.5,49.68,-1,0.875554302,0.435071498,0.644495114,0.518840945,27,0.352941176,1,P1 O18,de-protonated,0,-9999,C51 H51 O18 P1,51,51,18,-9999,1,-9999,-9999,-9999
1098,981.274418,981.274884501,981.275742875,31743260,-9999,252937.5,49.68,-1,-0.874753454,0.43518217,0.649019222,0.52071699,27,0.34,1,N2 S1 O17,de-protonated,0,-9999,C50 H50 O17 N2 S1,50,50,17,2,-9999,1,-9999,-9999
1098,981.274418,981.274884501,981.275362753,31743260,-9999,252937.5,49.68,-1,-0.487377798,0.47890742,0.640033642,0.543357909,32,0.269230769,0.903846154,N4 P1 O14,de-protonated,0,-9999,C52 H47 O14 N4 P1,52,47,14,4,1,-9999,-9999,-9999
1098,981.274418,981.274884501,981.275091426,31743260,-9999,252937.5,49.68,-1,-0.210874267,0.495981906,0.68763467,0.572643012,18,0.452380952,1.285714286,N4 S2 O19,de-protonated,0,-9999,C42 H54 O19 N4 S2,42,54,19,4,-9999,2,-9999,-9999
1098,981.274418,981.274884501,981.274222047,31743260,-9999,252937.5,49.68,-1,0.6750959,0.460315465,0.692787115,0.553304125,19,0.585365854,1.219512195,N4 O24,de-protonated,0,-9999,C41 H50 O24 N4,41,50,24,4,-9999,-9999,-9999,-9999
1099,982.078711,982.079177934,982.078320169,8871828,-9999,323967.3,12.55,-1,0.873418209,0.870733055,0,0.522439833,36,0.3125,0.625,N3 S2 P1 O15,de-protonated,0,-9999,C48 H30 O15 N3 P1 S2,48,30,15,3,1,2,-9999,-9999
1100,982.880919,982.881386366,982.88168342,51864072,-9999,272546.5,82.34,-1,-0.302228404,0.327854235,0.51866191,0.404177305,5,0.015625,1.890625,N1 S2 O1,de-protonated,0,-9999,C64 H121 O1 N1 S2,64,121,1,1,-9999,2,-9999,-9999
1100,982.880919,982.881386366,982.88081404,51864072,-9999,272546.5,82.34,-1,0.582293498,0.313443763,0.523600568,0.397506485,6,0.095238095,1.857142857,N1 O6,de-protonated,0,-9999,C63 H117 O6 N1,63,117,6,1,-9999,-9999,-9999,-9999
1101,982.928016,982.928483391,982.928432939,17211950,-9999,203063.5,26.09,-1,0.05132807,0.499761037,0.594745702,0.537754903,5,0.063492063,1.920634921,N3 O4,de-protonated,0,-9999,C63 H121 O4 N3,63,121,4,3,-9999,-9999,-9999,-9999
1101,982.928016,982.928483391,982.928027103,17211950,-9999,203063.5,26.09,-1,0.464212482,0.480826806,0.6825583,0.561519404,40,0.441860465,0.302325581,N4 S2 P1 O19,de-protonated,0,-9999,C43 H13 O19 N4 P1 S2,43,13,19,4,1,2,-9999,-9999
1102,982.975229,982.975696416,982.975156745,13918804,-9999,248366.8,20.74,-1,0.549018538,0.946776228,0,0.568065737,35,0.625,0.4,N4 S1 O25,de-protonated,0,-9999,C40 H16 O25 N4 S1,40,16,25,4,-9999,1,-9999,-9999
1103,983.024754,983.025221443,983.025460985,11166331,-9999,229804,16.28,-1,-0.243678203,0.989283581,0,0.593570148,33,0.568181818,0.545454545,S1 O25,de-protonated,0,-9999,C44 H24 O25 S1,44,24,25,-9999,-9999,1,-9999,-9999
1103,983.024754,983.025221443,983.025950242,11166331,-9999,229804,16.28,-1,-0.741383508,0.905078878,0,0.543047327,37,0.361702128,0.531914894,N2 S2 P1 O17,de-protonated,0,-9999,C47 H25 O17 N2 P1 S2,47,25,17,2,1,2,-9999,-9999
1103,983.024754,983.025221443,983.025080862,11166331,-9999,229804,16.28,-1,0.143008195,0.996296007,0,0.597777604,38,0.47826087,0.456521739,N2 P1 O22,de-protonated,0,-9999,C46 H21 O22 N2 P1,46,21,22,2,1,-9999,-9999,-9999
1103,983.024754,983.025221443,983.024429414,11166331,-9999,229804,16.28,-1,0.805706653,0.888882866,0,0.533329719,29,0.631578947,0.657894737,N4 S1 P1 O24,de-protonated,0,-9999,C38 H25 O24 N4 P1 S1,38,25,24,4,1,1,-9999,-9999
1104,983.783228,983.783695851,983.783816396,11068621,-9999,275080.9,16.12,-1,-0.122531908,0.498639712,0.602496955,0.540182609,8,0.114754098,1.786885246,P1 O7,de-protonated,0,-9999,C61 H109 O7 P1,61,109,7,-9999,1,-9999,-9999,-9999
1104,983.783228,983.783695851,983.783032006,11068621,-9999,275080.9,16.12,-1,0.674788525,0.460350122,0.590944388,0.512587828,12,0.015625,1.6875,N2 S2 O1,de-protonated,0,-9999,C64 H108 O1 N2 S2,64,108,1,2,-9999,2,-9999,-9999
1104,983.783228,983.783695851,983.784013101,11068621,-9999,275080.9,16.12,-1,-0.322478709,0.490653803,0.644495114,0.552190327,0,0.254901961,2.117647059,N4 O13,de-protonated,0,-9999,C51 H108 O13 N4,51,108,13,4,-9999,-9999,-9999,-9999
1105,983.829766,983.830233876,983.829313494,9299186,-9999,330637.1,13.24,-1,0.935510276,0.426583417,0.594745702,0.493848331,6,0.047619048,1.841269841,S2 O3,de-protonated,0,-9999,C63 H116 O3 S2,63,116,3,-9999,-9999,2,-9999,-9999
1105,983.829766,983.830233876,983.829781525,9299186,-9999,330637.1,13.24,-1,0.459786633,0.481183727,0.594745702,0.526608517,12,0.063492063,1.714285714,N4 O4,de-protonated,0,-9999,C63 H108 O4 N4,63,108,4,4,-9999,-9999,-9999,-9999
1106,984.474026,984.474494223,984.473594532,13666026,-9999,171320.7,20.33,-1,0.913880236,0.429690986,0.653607294,0.519257509,11,0.265306122,1.632653061,N1 S2 P1 O13,de-protonated,0,-9999,C49 H80 O13 N1 P1 S2,49,80,13,1,1,2,-9999,-9999
1106,984.474026,984.474494223,984.475094134,13666026,-9999,171320.7,20.33,-1,-0.609371322,0.467420901,0.627012296,0.531257459,21,0.272727273,1.290909091,N1 O15,de-protonated,0,-9999,C55 H71 O15 N1,55,71,15,1,-9999,-9999,-9999,-9999
1106,984.474026,984.474494223,984.47458107,13666026,-9999,171320.7,20.33,-1,-0.088216233,0.499294472,0.576212942,0.53006186,39,0.058823529,0.926470588,N3 O4,de-protonated,0,-9999,C68 H63 O4 N3,68,63,4,3,-9999,-9999,-9999,-9999
1106,984.474026,984.474494223,984.474442685,13666026,-9999,171320.7,20.33,-1,0.052350562,0.499751424,0.662980834,0.565043188,12,0.361702128,1.595744681,N3 S1 O17,de-protonated,0,-9999,C47 H75 O17 N3 S1,47,75,17,3,-9999,1,-9999,-9999
1107,984.733032,984.733500363,984.733164003,54486964,-9999,298736.1,86.6,-1,0.341574523,0.326350775,0.543986559,0.413405089,9,0.13559322,1.745762712,N1 S1 O8,de-protonated,0,-9999,C59 H103 O8 N1 S1,59,103,8,1,-9999,1,-9999,-9999
1107,984.733032,984.733500363,984.73278388,54486964,-9999,298736.1,86.6,-1,0.727590563,0.30280415,0.533665548,0.395148709,14,0.081967213,1.639344262,N3 P1 O5,de-protonated,0,-9999,C61 H100 O5 N3 P1,61,100,5,3,1,-9999,-9999,-9999
1108,986.234241,986.234710171,986.234546031,16378954,-9999,220298.6,24.73,-1,0.166430447,0.497493322,0.68763467,0.573549862,17,0.476190476,1.285714286,N1 S2 P1 O20,de-protonated,0,-9999,C42 H54 O20 N1 P1 S2,42,54,20,1,1,2,-9999,-9999
1108,986.234241,986.234710171,986.234032967,16378954,-9999,220298.6,24.73,-1,0.686656193,0.459002491,0.627012296,0.526206413,35,0.163636364,0.836363636,N3 S2 P1 O9,de-protonated,0,-9999,C55 H46 O9 N3 P1 S2,55,46,9,3,1,2,-9999,-9999
1108,986.234241,986.234710171,986.235394184,16378954,-9999,220298.6,24.73,-1,-0.693560298,0.458209537,0.698017357,0.554132665,18,0.6,1.225,N3 S1 O24,de-protonated,0,-9999,C40 H49 O24 N3 S1,40,49,24,3,-9999,1,-9999,-9999
1109,986.494417,986.494886311,986.495256208,11414805,-9999,232284,16.68,-1,-0.374960894,0.487405877,0.594745702,0.530341807,28,0.079365079,1.174603175,N1 S1 P1 O5,de-protonated,0,-9999,C63 H74 O5 N1 P1 S1,63,74,5,1,1,1,-9999,-9999
1109,986.494417,986.494886311,986.494115502,11414805,-9999,232284,16.68,-1,0.78136187,0.447568183,0.640033642,0.524554366,15,0.288461538,1.480769231,N1 S1 O15,de-protonated,0,-9999,C52 H77 O15 N1 S1,52,77,15,1,-9999,1,-9999,-9999
1109,986.494417,986.494886311,986.495117823,11414805,-9999,232284,16.68,-1,-0.234682067,0.99005636,0,0.594033816,1,0.428571429,2.047619048,N1 S2 P1 O18,de-protonated,0,-9999,C42 H86 O18 N1 P1 S2,42,86,18,1,1,2,-9999,-9999
1109,986.494417,986.494886311,986.494248443,11414805,-9999,232284,16.68,-1,0.646599975,0.926943969,0,0.556166381,2,0.56097561,2,N1 P1 O23,de-protonated,0,-9999,C41 H82 O23 N1 P1,41,82,23,1,1,-9999,-9999,-9999
1109,986.494417,986.494886311,986.494604759,11414805,-9999,232284,16.68,-1,0.285406058,0.492664247,0.627012296,0.546403467,19,0.127272727,1.418181818,N3 S2 P1 O7,de-protonated,0,-9999,C55 H78 O7 N3 P1 S2,55,78,7,3,1,2,-9999,-9999
1111,989.12489,989.125360727,989.12505515,8680722,-9999,205516.8,12.23,-1,0.308935803,0.982831386,0,0.589698831,19,0.615384615,1.102564103,S2 P1 O24,de-protonated,0,-9999,C39 H43 O24 P1 S2,39,43,24,-9999,1,2,-9999,-9999
1111,989.12489,989.125360727,989.124542086,8680722,-9999,205516.8,12.23,-1,0.827641372,0.883123186,0,0.529873912,37,0.25,0.673076923,N2 S2 P1 O13,de-protonated,0,-9999,C52 H35 O13 N2 P1 S2,52,35,13,2,1,2,-9999,-9999
1111,989.12489,989.125360727,989.125390239,8680722,-9999,205516.8,12.23,-1,-0.029837245,0.999838476,0,0.599903086,38,0.34,0.6,N4 S1 O17,de-protonated,0,-9999,C50 H30 O17 N4 S1,50,30,17,4,-9999,1,-9999,-9999
1111,989.12489,989.125360727,989.125523181,8680722,-9999,205516.8,12.23,-1,-0.164240537,0.995117389,0,0.597070433,25,0.641025641,0.897435897,N4 P1 O25,de-protonated,0,-9999,C39 H35 O25 N4 P1,39,35,25,4,1,-9999,-9999,-9999
1112,989.773826,989.774297076,989.774121092,12777225,-9999,312546.9,18.88,-1,0.177802112,0.497140088,0.590944388,0.534661808,10,0.015625,1.734375,S2 P1 O1,de-protonated,0,-9999,C64 H111 O1 P1 S2,64,111,1,-9999,1,2,-9999,-9999
1112,989.773826,989.774297076,989.774969245,12777225,-9999,312546.9,18.88,-1,-0.679113195,0.459861299,0.598596236,0.515355274,11,0.080645161,1.709677419,N2 S1 O5,de-protonated,0,-9999,C62 H106 O5 N2 S1,62,106,5,2,-9999,1,-9999,-9999
1112,989.773826,989.774297076,989.774589123,12777225,-9999,312546.9,18.88,-1,-0.295063871,0.492163357,0.590944388,0.53167577,16,0.03125,1.609375,N4 P1 O2,de-protonated,0,-9999,C64 H103 O2 N4 P1,64,103,2,4,1,-9999,-9999,-9999
1112,989.773826,989.774297076,989.774317796,12777225,-9999,312546.9,18.88,-1,-0.020934632,0.499960241,0.631293472,0.552493533,2,0.12962963,2.037037037,N4 S2 O7,de-protonated,0,-9999,C54 H110 O7 N4 S2,54,110,7,4,-9999,2,-9999,-9999
1112,989.773826,989.774297076,989.773448417,12777225,-9999,312546.9,18.88,-1,0.857427839,0.437558408,0.635633513,0.51678845,3,0.226415094,2,N4 O12,de-protonated,0,-9999,C53 H106 O12 N4,53,106,12,4,-9999,-9999,-9999,-9999
1113,989.844381,989.844852114,989.844368961,10188607,-9999,303223.1,14.68,-1,0.488110427,0.478845321,0.579826515,0.519237799,14,0.044776119,1.641791045,N2 O3,de-protonated,0,-9999,C67 H110 O3 N2,67,110,3,2,-9999,-9999,-9999,-9999
1113,989.844381,989.844852114,989.845371282,10188607,-9999,303223.1,14.68,-1,-0.524494287,0.475654907,0.618621811,0.532841669,0,0.105263158,2.087719298,N2 S1 P1 O6,de-protonated,0,-9999,C57 H119 O6 N2 P1 S1,57,119,6,2,1,1,-9999,-9999
1114,989.940898,989.941369166,989.942292099,9041802,-9999,222900.6,12.82,-1,-0.932310353,0.427046296,0.565637507,0.482482781,11,0.014084507,1.718309859,O1,de-protonated,0,-9999,C71 H122 O1,71,122,1,-9999,-9999,-9999,-9999,-9999
1114,989.940898,989.941369166,989.941640651,9041802,-9999,222900.6,12.82,-1,-0.274243205,0.493223029,0.594745702,0.533832098,2,0.047619048,2,N2 S1 O3,de-protonated,0,-9999,C63 H126 O3 N2 S1,63,126,3,2,-9999,1,-9999,-9999
1115,990.038636,990.039107218,990.038288574,9484245,-9999,278768.3,13.54,-1,0.826881751,0.883324603,0,0.529994762,35,0.456521739,0.565217391,N1 S1 P1 O21,de-protonated,0,-9999,C46 H26 O21 N1 P1 S1,46,26,21,1,1,1,-9999,-9999
1115,990.038636,990.039107218,990.040006107,9484245,-9999,278768.3,13.54,-1,-0.907931438,0.861073581,0,0.516644148,35,0.444444444,0.555555556,N3 S2 O20,de-protonated,0,-9999,C45 H25 O20 N3 S2,45,25,20,3,-9999,2,-9999,-9999
1115,990.038636,990.039107218,990.039136727,9484245,-9999,278768.3,13.54,-1,-0.029805465,0.99983882,0,0.599903292,36,0.568181818,0.477272727,N3 O25,de-protonated,0,-9999,C44 H21 O25 N3,44,21,25,3,-9999,-9999,-9999,-9999
1116,991.770442,991.770914151,991.77014139,10976524,-9999,288811.4,15.96,-1,0.77917292,0.447845679,0.558800271,0.492227516,24,0.01369863,1.369863014,O1,de-protonated,0,-9999,C73 H100 O1,73,100,1,-9999,-9999,-9999,-9999,-9999
1116,991.770442,991.770914151,991.771143712,10976524,-9999,288811.4,15.96,-1,-0.231465863,0.495162862,0.594745702,0.534995998,10,0.063492063,1.73015873,S1 P1 O4,de-protonated,0,-9999,C63 H109 O4 P1 S1,63,109,4,-9999,1,1,-9999,-9999
1116,991.770442,991.770914151,991.770492263,10976524,-9999,288811.4,15.96,-1,0.425388252,0.483849555,0.627012296,0.541114651,1,0.109090909,2.054545455,N2 S2 P1 O6,de-protonated,0,-9999,C55 H113 O6 N2 P1 S2,55,113,6,2,1,2,-9999,-9999
1116,991.770442,991.770914151,991.771340416,10976524,-9999,288811.4,15.96,-1,-0.429802351,0.483518256,0.635633513,0.544364359,2,0.188679245,2.037735849,N4 S1 O10,de-protonated,0,-9999,C53 H108 O10 N4 S1,53,108,10,4,-9999,1,-9999,-9999
1117,991.817269,991.817741176,991.818273353,11713840,-9999,258588.5,17.15,-1,-0.536567294,0.474550582,0.606448844,0.527309887,5,0.166666667,1.866666667,O10,de-protonated,0,-9999,C60 H112 O10,60,112,10,-9999,-9999,-9999,-9999,-9999
1117,991.817269,991.817741176,991.81710884,11713840,-9999,258588.5,17.15,-1,0.637552708,0.464450053,0.587191358,0.513546575,14,0.015384615,1.661538462,N4 S1 O1,de-protonated,0,-9999,C65 H108 O1 N4 S1,65,108,1,4,-9999,1,-9999,-9999
1117,991.817269,991.817741176,991.818111162,11713840,-9999,258588.5,17.15,-1,-0.373038073,0.487533093,0.627012296,0.543324774,0,0.072727273,2.127272727,N4 S2 P1 O4,de-protonated,0,-9999,C55 H117 O4 N4 P1 S2,55,117,4,4,1,2,-9999,-9999
1117,991.817269,991.817741176,991.817241782,11713840,-9999,258588.5,17.15,-1,0.503514087,0.477520008,0.631293472,0.539029393,1,0.166666667,2.092592593,N4 P1 O9,de-protonated,0,-9999,C54 H113 O9 N4 P1,54,113,9,4,1,-9999,-9999,-9999
1118,992.47299,992.473462529,992.472806686,9436967,-9999,261602.3,13.46,-1,0.660817159,0.923822903,0,0.554293742,22,0.120689655,1.310344828,N1 S2 P1 O7,de-protonated,0,-9999,C58 H76 O7 N1 P1 S2,58,76,7,1,1,2,-9999,-9999
1118,992.47299,992.473462529,992.474306288,9436967,-9999,261602.3,13.46,-1,-0.850156809,0.438545272,0.590944388,0.499504918,32,0.140625,1.046875,N1 O9,de-protonated,0,-9999,C64 H67 O9 N1,64,67,9,1,-9999,-9999,-9999,-9999
1118,992.47299,992.473462529,992.474167903,9436967,-9999,261602.3,13.46,-1,-0.710723142,0.912420153,0,0.547452092,5,0.511627907,1.837209302,N1 S1 O22,de-protonated,0,-9999,C43 H79 O22 N1 S1,43,79,22,1,-9999,1,-9999,-9999
1118,992.47299,992.473462529,992.473654839,9436967,-9999,261602.3,13.46,-1,-0.193768478,0.993210441,0,0.595926265,23,0.196428571,1.267857143,N3 S1 O11,de-protonated,0,-9999,C56 H71 O11 N3 S1,56,71,11,3,-9999,1,-9999,-9999
1118,992.47299,992.473462529,992.473787781,9436967,-9999,261602.3,13.46,-1,-0.327718317,0.980701192,0,0.588420715,10,0.422222222,1.688888889,N3 P1 O19,de-protonated,0,-9999,C45 H76 O19 N3 P1,45,76,19,3,1,-9999,-9999,-9999
1119,993.341055,993.341527996,993.341792514,8749504,-9999,187852.1,12.34,-1,-0.266290778,0.987215754,0,0.592329452,34,0.096774194,0.951612903,S2 P1 O6,de-protonated,0,-9999,C62 H59 O6 P1 S2,62,59,6,-9999,1,2,-9999,-9999
1119,993.341055,993.341527996,993.340923134,8749504,-9999,187852.1,12.34,-1,0.608916936,0.934935708,0,0.560961425,35,0.180327869,0.901639344,P1 O11,de-protonated,0,-9999,C61 H55 O11 P1,61,55,11,-9999,1,-9999,-9999,-9999
1119,993.341055,993.341527996,993.340651808,8749504,-9999,187852.1,12.34,-1,0.882062231,0.868338896,0,0.521003338,21,0.31372549,1.215686275,S2 O16,de-protonated,0,-9999,C51 H62 O16 S2,51,62,16,-9999,-9999,2,-9999,-9999
1119,993.341055,993.341527996,993.34078475,8749504,-9999,187852.1,12.34,-1,0.748229161,0.90340576,0,0.542043456,8,0.6,1.675,S1 P1 O24,de-protonated,0,-9999,C40 H67 O24 P1 S1,40,67,24,-9999,1,1,-9999,-9999
1119,993.341055,993.341527996,993.342502283,8749504,-9999,187852.1,12.34,-1,-0.980816281,0.83983172,0,0.503899032,8,0.58974359,1.692307692,N2 S2 O23,de-protonated,0,-9999,C39 H66 O23 N2 S2,39,66,23,2,-9999,2,-9999,-9999
1119,993.341055,993.341527996,993.342260545,8749504,-9999,187852.1,12.34,-1,-0.737458213,0.906032691,0,0.543619614,40,0.112903226,0.822580645,N4 P1 O7,de-protonated,0,-9999,C62 H51 O7 N4 P1,62,51,7,4,1,-9999,-9999,-9999
1119,993.341055,993.341527996,993.341989218,8749504,-9999,187852.1,12.34,-1,-0.464313654,0.961637221,0,0.576982333,26,0.230769231,1.115384615,N4 S2 O12,de-protonated,0,-9999,C52 H58 O12 N4 S2,52,58,12,4,-9999,2,-9999,-9999
1119,993.341055,993.341527996,993.341119839,8749504,-9999,187852.1,12.34,-1,0.410893713,0.969829843,0,0.581897906,27,0.333333333,1.058823529,N4 O17,de-protonated,0,-9999,C51 H54 O17 N4,51,54,17,4,-9999,-9999,-9999,-9999
1119,993.341055,993.341527996,993.34212216,8749504,-9999,187852.1,12.34,-1,-0.598146364,0.937143797,0,0.562286278,13,0.487804878,1.536585366,N4 S1 P1 O20,de-protonated,0,-9999,C41 H63 O20 N4 P1 S1,41,63,20,4,1,1,-9999,-9999
1120,993.459304,993.45977706,993.45919125,16482842,-9999,265779.2,24.89,-1,0.589666248,0.469429088,0.587191358,0.516533996,31,0.076923077,1.076923077,S2 O5,de-protonated,0,-9999,C65 H70 O5 S2,65,70,5,-9999,-9999,2,-9999,-9999
1120,993.459304,993.45977706,993.459324192,16482842,-9999,265779.2,24.89,-1,0.455849186,0.481498607,0.631293472,0.541416553,18,0.240740741,1.388888889,S1 P1 O13,de-protonated,0,-9999,C54 H75 O13 P1 S1,54,75,13,-9999,1,1,-9999,-9999
1120,993.459304,993.45977706,993.458811128,16482842,-9999,265779.2,24.89,-1,0.972291818,0.421186333,0.579826515,0.484642406,36,0.029850746,1,N2 S1 P1 O2,de-protonated,0,-9999,C67 H67 O2 N2 P1 S1,67,67,2,2,1,1,-9999,-9999
1120,993.459304,993.45977706,993.460172345,16482842,-9999,265779.2,24.89,-1,-0.397887663,0.485841347,0.640033642,0.547518265,19,0.326923077,1.346153846,N2 O17,de-protonated,0,-9999,C52 H70 O17 N2,52,70,17,2,-9999,-9999,-9999,-9999
1120,993.459304,993.45977706,993.460528661,16482842,-9999,265779.2,24.89,-1,-0.756548594,0.450677984,0.583485697,0.503801069,36,0.015151515,1,N4 S2 O1,de-protonated,0,-9999,C66 H66 O1 N4 S2,66,66,1,4,-9999,2,-9999,-9999
1120,993.459304,993.45977706,993.459659281,16482842,-9999,265779.2,24.89,-1,0.118554088,0.498726487,0.587191358,0.534112436,37,0.092307692,0.953846154,N4 O6,de-protonated,0,-9999,C65 H62 O6 N4,65,62,6,4,-9999,-9999,-9999,-9999
1120,993.459304,993.45977706,993.460661603,16482842,-9999,265779.2,24.89,-1,-0.890365296,0.43301163,0.627012296,0.510611896,23,0.163636364,1.290909091,N4 S1 P1 O9,de-protonated,0,-9999,C55 H71 O9 N4 P1 S1,55,71,9,4,1,1,-9999,-9999
1120,993.459304,993.45977706,993.459520897,16482842,-9999,265779.2,24.89,-1,0.257849594,0.494004302,0.677556332,0.567425114,10,0.431818182,1.681818182,N4 S1 O19,de-protonated,0,-9999,C44 H74 O19 N4 S1,44,74,19,4,-9999,1,-9999,-9999
1121,993.555731,993.556204112,993.555593561,10895971,-9999,282027.3,15.82,-1,0.614511209,0.46688768,0.606448844,0.522712146,20,0.166666667,1.366666667,S1 O10,de-protonated,0,-9999,C60 H82 O10 S1,60,82,10,-9999,-9999,1,-9999,-9999
1121,993.555731,993.556204112,993.556595882,10895971,-9999,282027.3,15.82,-1,-0.394311257,0.972182349,0,0.58330941,6,0.26,1.82,S2 P1 O13,de-protonated,0,-9999,C50 H91 O13 P1 S2,50,91,13,-9999,1,2,-9999,-9999
1121,993.555731,993.556204112,993.555726502,10895971,-9999,282027.3,15.82,-1,0.480707128,0.958937821,0,0.575362693,7,0.367346939,1.775510204,P1 O18,de-protonated,0,-9999,C49 H87 O18 P1,49,87,18,-9999,1,-9999,-9999,-9999
1121,993.555731,993.556204112,993.556082818,10895971,-9999,282027.3,15.82,-1,0.122080375,0.498649706,0.594745702,0.537088104,24,0.031746032,1.317460317,N2 S2 P1 O2,de-protonated,0,-9999,C63 H83 O2 N2 P1 S2,63,83,2,2,1,2,-9999,-9999
1121,993.555731,993.556204112,993.555213438,10895971,-9999,282027.3,15.82,-1,0.997099664,0.41746905,0.598596236,0.489919925,25,0.112903226,1.274193548,N2 P1 O7,de-protonated,0,-9999,C62 H79 O7 N2 P1,62,79,7,2,1,-9999,-9999,-9999
1121,993.555731,993.556204112,993.556930971,10895971,-9999,282027.3,15.82,-1,-0.731573046,0.453727556,0.602496955,0.513235316,25,0.098360656,1.278688525,N4 S1 O6,de-protonated,0,-9999,C61 H78 O6 N4 S1,61,78,6,4,-9999,1,-9999,-9999
1121,993.555731,993.556204112,993.557063913,10895971,-9999,282027.3,15.82,-1,-0.865376768,0.872944989,0,0.523766993,12,0.28,1.66,N4 P1 O14,de-protonated,0,-9999,C50 H83 O14 N4 P1,50,83,14,4,1,-9999,-9999,-9999
1122,994.475674,994.476147607,994.475840917,15041825,-9999,238583.5,22.55,-1,0.308393651,0.491445537,0.565637507,0.521122325,40,0.028169014,0.929577465,N1 P1 O2,de-protonated,0,-9999,C71 H66 O2 N1 P1,71,66,2,1,1,-9999,-9999,-9999
1122,994.475674,994.476147607,994.475569591,15041825,-9999,238583.5,22.55,-1,0.581227144,0.470271505,0.602496955,0.523161685,26,0.114754098,1.196721311,N1 S2 O7,de-protonated,0,-9999,C61 H73 O7 N1 S2,61,73,7,1,-9999,2,-9999,-9999
1122,994.475674,994.476147607,994.475702532,15041825,-9999,238583.5,22.55,-1,0.447546847,0.482154333,0.649019222,0.548900289,13,0.3,1.56,N1 S1 P1 O15,de-protonated,0,-9999,C50 H78 O15 N1 P1 S1,50,78,15,1,1,1,-9999,-9999
1122,994.475674,994.476147607,994.475189468,15041825,-9999,238583.5,22.55,-1,0.963461658,0.422494672,0.594745702,0.491395084,31,0.063492063,1.111111111,N3 S1 P1 O4,de-protonated,0,-9999,C63 H70 O4 N3 P1 S1,63,70,4,3,1,1,-9999,-9999
1122,994.475674,994.476147607,994.476550686,15041825,-9999,238583.5,22.55,-1,-0.405317455,0.485315552,0.658260696,0.55449361,14,0.395833333,1.520833333,N3 O19,de-protonated,0,-9999,C48 H73 O19 N3,48,73,19,3,-9999,-9999,-9999,-9999
1123,995.301733,995.302207052,995.302429624,8652692,-9999,264894.5,12.18,-1,-0.223623332,0.990967266,0,0.59458036,35,0.166666667,0.883333333,S1 P1 O10,de-protonated,0,-9999,C60 H53 O10 P1 S1,60,53,10,-9999,1,1,-9999,-9999
1123,995.301733,995.302207052,995.301288918,8652692,-9999,264894.5,12.18,-1,0.922467593,0.856926509,0,0.514155906,22,0.408163265,1.142857143,S1 O20,de-protonated,0,-9999,C49 H56 O20 S1,49,56,20,-9999,-9999,1,-9999,-9999
1123,995.301733,995.302207052,995.30229124,8652692,-9999,264894.5,12.18,-1,-0.084585775,0.998702622,0,0.599221573,8,0.58974359,1.666666667,S2 P1 O23,de-protonated,0,-9999,C39 H65 O23 P1 S2,39,65,23,-9999,1,2,-9999,-9999
1123,995.301733,995.302207052,995.301778176,8652692,-9999,264894.5,12.18,-1,0.4309003,0.966870708,0,0.580122425,26,0.230769231,1.096153846,N2 S2 P1 O12,de-protonated,0,-9999,C52 H57 O12 N2 P1 S2,52,57,12,2,1,2,-9999,-9999
1123,995.301733,995.302207052,995.302626329,8652692,-9999,264894.5,12.18,-1,-0.421256133,0.968313587,0,0.580988152,27,0.32,1.04,N4 S1 O16,de-protonated,0,-9999,C50 H52 O16 N4 S1,50,52,16,4,-9999,1,-9999,-9999
1123,995.301733,995.302207052,995.302759271,8652692,-9999,264894.5,12.18,-1,-0.554825213,0.945675744,0,0.567405447,14,0.615384615,1.461538462,N4 P1 O24,de-protonated,0,-9999,C39 H57 O24 N4 P1,39,57,24,4,1,-9999,-9999,-9999
1124,996.126228,996.126702495,996.127364562,40208900,-9999,368795,63.4,-1,-0.664640198,0.461486942,0.644495114,0.534690211,35,0.333333333,0.68627451,N1 S2 O17,de-protonated,0,-9999,C51 H35 O17 N1 S2,51,35,17,1,-9999,2,-9999,-9999
1124,996.126228,996.126702495,996.126495182,40208900,-9999,368795,63.4,-1,0.208119734,0.496085783,0.649019222,0.557259159,36,0.44,0.62,N1 O22,de-protonated,0,-9999,C50 H31 O22 N1,50,31,22,1,-9999,-9999,-9999,-9999
1124,996.126228,996.126702495,996.127497503,40208900,-9999,368795,63.4,-1,-0.798098657,0.445426512,0.698017357,0.54646285000000006,22,0.625,1,N1 S1 P1 O25,de-protonated,0,-9999,C40 H40 O25 N1 P1 S1,40,40,25,1,1,1,-9999,-9999
1124,996.126228,996.126702495,996.126984439,40208900,-9999,368795,63.4,-1,-0.283039987,0.328522996,0.576557625,0.427736848,40,0.264150943,0.603773585,N3 S1 P1 O14,de-protonated,0,-9999,C53 H32 O14 N3 P1 S1,53,32,14,3,1,1,-9999,-9999
1124,996.126228,996.126702495,996.125843733,40208900,-9999,368795,63.4,-1,0.86210218,0.436920727,0.68763467,0.537206304,27,0.571428571,0.833333333,N3 S1 O24,de-protonated,0,-9999,C42 H35 O24 N3 S1,42,35,24,3,-9999,1,-9999,-9999
1125,996.129808,996.130282497,996.129866485,22252038,-9999,421270.4,34.26,-1,0.417628467,0.484424211,0.662980834,0.55584686,31,0.468085106,0.744680851,N1 S1 O22,de-protonated,0,-9999,C47 H35 O22 N1 S1,47,35,22,1,-9999,1,-9999,-9999
1125,996.129808,996.130282497,996.130868807,22252038,-9999,421270.4,34.26,-1,-0.588586731,0.469537441,0.714192896,0.567399623,17,0.675675676,1.189189189,N1 S2 P1 O25,de-protonated,0,-9999,C37 H44 O25 N1 P1 S2,37,44,25,1,1,2,-9999,-9999
1125,996.129808,996.130282497,996.130355742,22252038,-9999,421270.4,34.26,-1,-0.073529695,0.499509729,0.649019222,0.559313526,35,0.28,0.72,N3 S2 P1 O14,de-protonated,0,-9999,C50 H36 O14 N3 P1 S2,50,36,14,3,1,2,-9999,-9999
1125,996.129808,996.130282497,996.129486363,22252038,-9999,421270.4,34.26,-1,0.799228132,0.445280722,0.653607294,0.52861135,36,0.387755102,0.653061224,N3 P1 O19,de-protonated,0,-9999,C49 H32 O19 N3 P1,49,32,19,3,1,-9999,-9999,-9999
1126,996.935444,996.935918931,996.936220918,15731814,-9999,259621.9,23.67,-1,-0.302914679,0.491744295,0.598596236,0.534485072,0,0.080645161,2.048387097,N1 S1 O5,de-protonated,0,-9999,C62 H127 O5 N1 S1,62,127,5,1,-9999,1,-9999,-9999
1126,996.935444,996.935918931,996.934945702,15731814,-9999,259621.9,23.67,-1,0.976221065,0.420601625,0.692787115,0.529475821,36,0.609756098,0.365853659,N2 S1 P1 O25,de-protonated,0,-9999,C41 H15 O25 N2 P1 S1,41,15,25,2,1,1,-9999,-9999
1126,996.935444,996.935918931,996.935840795,15731814,-9999,259621.9,23.67,-1,0.078376061,0.499443008,0.590944388,0.53604356,5,0.03125,1.9375,N3 P1 O2,de-protonated,0,-9999,C64 H124 O2 N3 P1,64,124,2,3,1,-9999,-9999,-9999
1126,996.935444,996.935918931,996.936663235,15731814,-9999,259621.9,23.67,-1,-0.746591206,0.451903601,0.698017357,0.550349104,36,0.6,0.35,N4 S2 O24,de-protonated,0,-9999,C40 H14 O24 N4 S2,40,14,24,4,-9999,2,-9999,-9999
1127,996.955308,996.955782942,996.956726519,12061813,-9999,213762.8,17.71,-1,-0.946457482,0.849983429,0,0.509990058,40,0.543478261,0.326086957,P1 O25,de-protonated,0,-9999,C46 H15 O25 P1,46,15,25,-9999,1,-9999,-9999,-9999
1128,996.98242,996.982894956,996.983596172,8907913,-9999,239356.8,12.59,-1,-0.703337208,0.914150901,0,0.54849054,39,0.510638298,0.382978723,S1 O24,de-protonated,0,-9999,C47 H18 O24 S1,47,18,24,-9999,-9999,1,-9999,-9999
1128,996.98242,996.982894956,996.982564601,8907913,-9999,239356.8,12.59,-1,0.331355384,0.980274729,0,0.588164837,35,0.56097561,0.463414634,N4 S1 P1 O23,de-protonated,0,-9999,C41 H19 O23 N4 P1 S1,41,19,23,4,1,1,-9999,-9999
1129,997.102068,997.102543021,997.103137936,8916195,-9999,328364.2,12.61,-1,-0.596643819,0.937449114,0,0.562469468,35,0.31372549,0.68627451,S2 P1 O16,de-protonated,0,-9999,C51 H35 O16 P1 S2,51,35,16,-9999,1,2,-9999,-9999
1129,997.102068,997.102543021,997.102268556,8916195,-9999,328364.2,12.61,-1,0.275262082,0.986345851,0,0.591807511,36,0.42,0.62,P1 O21,de-protonated,0,-9999,C50 H31 O21 P1,50,31,21,-9999,1,-9999,-9999,-9999
1129,997.102068,997.102543021,997.101617108,8916195,-9999,328364.2,12.61,-1,0.928604578,0.855161983,0,0.51309719,27,0.547619048,0.833333333,N2 S1 P1 O23,de-protonated,0,-9999,C42 H35 O23 N2 P1 S1,42,35,23,2,1,1,-9999,-9999
1129,997.102068,997.102543021,997.103334641,8916195,-9999,328364.2,12.61,-1,-0.793919633,0.891929105,0,0.535157463,27,0.536585366,0.829268293,N4 S2 O22,de-protonated,0,-9999,C41 H34 O22 N4 S2,41,34,22,4,-9999,2,-9999,-9999
1130,997.832385,997.832860414,997.833350047,13078279,-9999,303189.1,19.36,-1,-0.490695918,0.47862549,0.579826515,0.5191059,11,0.014925373,1.71641791,S1 P1 O1,de-protonated,0,-9999,C67 H115 O1 P1 S1,67,115,1,-9999,1,1,-9999,-9999
1130,997.832385,997.832860414,997.832698598,13078279,-9999,303189.1,19.36,-1,0.162167394,0.497619791,0.610452919,0.542753042,2,0.050847458,2.016949153,N2 S2 P1 O3,de-protonated,0,-9999,C59 H119 O3 N2 P1 S2,59,119,3,2,1,2,-9999,-9999
1130,997.832385,997.832860414,997.833546751,13078279,-9999,303189.1,19.36,-1,-0.687827388,0.458868439,0.618621811,0.522769788,3,0.122807018,2,N4 S1 O7,de-protonated,0,-9999,C57 H114 O7 N4 S1,57,114,7,4,-9999,1,-9999,-9999
1131,999.641181,999.641657387,999.642571893,15373388,-9999,285854.6,23.09,-1,-0.914832412,0.429555247,0.576212942,0.488218325,25,0.058823529,1.308823529,P1 O4,de-protonated,0,-9999,C68 H89 O4 P1,68,89,4,-9999,1,-9999,-9999,-9999
1131,999.641181,999.641657387,999.642300567,15373388,-9999,285854.6,23.09,-1,-0.643409413,0.463818242,0.614510218,0.524095033,11,0.155172414,1.655172414,S2 O9,de-protonated,0,-9999,C58 H96 O9 S2,58,96,9,-9999,-9999,2,-9999,-9999
1131,999.641181,999.641657387,999.641431187,15373388,-9999,285854.6,23.09,-1,0.226281742,0.495376116,0.618621811,0.544674394,12,0.245614035,1.614035088,O14,de-protonated,0,-9999,C57 H92 O14,57,92,14,-9999,-9999,-9999,-9999,-9999
1131,999.641181,999.641657387,999.640918123,15373388,-9999,285854.6,23.09,-1,0.739530407,0.452764836,0.569119254,0.499306603,30,0.042857143,1.2,N2 O3,de-protonated,0,-9999,C70 H84 O3 N2,70,84,3,2,-9999,-9999,-9999,-9999
1131,999.641181,999.641657387,999.641920444,15373388,-9999,285854.6,23.09,-1,-0.263150974,0.493756786,0.606448844,0.53883361,16,0.1,1.55,N2 S1 P1 O6,de-protonated,0,-9999,C60 H93 O6 N2 P1 S1,60,93,6,2,1,1,-9999,-9999
1131,999.641181,999.641657387,999.640779738,15373388,-9999,285854.6,23.09,-1,0.877964667,0.434737964,0.653607294,0.522285696,3,0.326530612,1.959183673,N2 S1 O16,de-protonated,0,-9999,C49 H96 O16 N2 S1,49,96,16,2,-9999,1,-9999,-9999
1131,999.641181,999.641657387,999.641268995,15373388,-9999,285854.6,23.09,-1,0.388531313,0.486490427,0.640033642,0.547907713,7,0.153846154,1.865384615,N4 S2 P1 O8,de-protonated,0,-9999,C52 H97 O8 N4 P1 S2,52,97,8,4,1,2,-9999,-9999
1132,1000.624358,1000.624834917,1000.624933705,21862180,-9999,189754.7,33.62,-1,-0.098727123,0.332744325,0.49029038,0.395762747,30,0.057142857,1.185714286,N1 O4,de-protonated,0,-9999,C70 H83 O4 N1,70,83,4,1,-9999,-9999,-9999,-9999
1132,1000.624358,1000.624834917,1000.624795321,21862180,-9999,189754.7,33.62,-1,0.039570885,0.499857959,0.653607294,0.561357693,3,0.346938776,1.93877551,N1 S1 O17,de-protonated,0,-9999,C49 H95 O17 N1 S1,49,95,17,1,-9999,1,-9999,-9999
1132,1000.624358,1000.624834917,1000.624282257,21862180,-9999,189754.7,33.62,-1,0.552315058,0.473076367,0.598596236,0.52328431500000006,21,0.096774194,1.403225806,N3 S1 O6,de-protonated,0,-9999,C62 H87 O6 N3 S1,62,87,6,3,-9999,1,-9999,-9999
1132,1000.624358,1000.624834917,1000.625284578,21862180,-9999,189754.7,33.62,-1,-0.44938075,0.482010451,0.640033642,0.545219727,7,0.173076923,1.846153846,N3 S2 P1 O9,de-protonated,0,-9999,C52 H96 O9 N3 P1 S2,52,96,9,3,1,2,-9999,-9999
1132,1000.624358,1000.624834917,1000.624415199,21862180,-9999,189754.7,33.62,-1,0.419456214,0.484289747,0.644495114,0.548371894,8,0.274509804,1.803921569,N3 P1 O14,de-protonated,0,-9999,C51 H92 O14 N3 P1,51,92,14,3,1,-9999,-9999,-9999
1133,1000.672976,1000.673452943,1000.674206374,20404038,-9999,211323.9,31.25,-1,-0.752923945,0.451125622,0.576212942,0.50116055,24,0.044117647,1.352941176,N1 P1 O3,de-protonated,0,-9999,C68 H92 O3 N1 P1,68,92,3,1,1,-9999,-9999,-9999
1133,1000.672976,1000.673452943,1000.673935048,20404038,-9999,211323.9,31.25,-1,-0.481780722,0.479379021,0.614510218,0.5334315,10,0.137931034,1.706896552,N1 S2 O8,de-protonated,0,-9999,C58 H99 O8 N1 S2,58,99,8,1,-9999,2,-9999,-9999
1133,1000.672976,1000.673452943,1000.673065668,20404038,-9999,211323.9,31.25,-1,0.387013973,0.486594315,0.618621811,0.539405313,11,0.22807017500000001,1.666666667,N1 O13,de-protonated,0,-9999,C57 H95 O13 N1,57,95,13,1,-9999,-9999,-9999,-9999
1133,1000.672976,1000.673452943,1000.672552604,20404038,-9999,211323.9,31.25,-1,0.899733591,0.43169601,0.569119254,0.486665308,29,0.028571429,1.242857143,N3 O2,de-protonated,0,-9999,C70 H87 O2 N3,70,87,2,3,-9999,-9999,-9999,-9999
1133,1000.672976,1000.673452943,1000.673554926,20404038,-9999,211323.9,31.25,-1,-0.101914246,0.499058578,0.606448844,0.542014684,15,0.083333333,1.6,N3 S1 P1 O5,de-protonated,0,-9999,C60 H96 O5 N3 P1 S1,60,96,5,3,1,1,-9999,-9999
1134,1001.506365,1001.506842391,1001.506806693,10688940,-9999,195062.3,15.48,-1,0.035644585,0.499884745,0.565637507,0.52618585,37,0.042253521,1,P1 O3,de-protonated,0,-9999,C71 H71 O3 P1,71,71,3,-9999,1,-9999,-9999,-9999
1134,1001.506365,1001.506842391,1001.506535367,10688940,-9999,195062.3,15.48,-1,0.306562607,0.491545956,0.602496955,0.535926355,23,0.131147541,1.278688525,S2 O8,de-protonated,0,-9999,C61 H78 O8 S2,61,78,8,-9999,-9999,2,-9999,-9999
1134,1001.506365,1001.506842391,1001.506668309,10688940,-9999,195062.3,15.48,-1,0.173820834,0.994532767,0,0.59671966,10,0.32,1.66,S1 P1 O16,de-protonated,0,-9999,C50 H83 O16 P1 S1,50,83,16,-9999,1,1,-9999,-9999
1134,1001.506365,1001.506842391,1001.506155244,10688940,-9999,195062.3,15.48,-1,0.686113581,0.459064533,0.594745702,0.513337,28,0.079365079,1.19047619,N2 S1 P1 O5,de-protonated,0,-9999,C63 H75 O5 N2 P1 S1,63,75,5,2,1,1,-9999,-9999
1134,1001.506365,1001.506842391,1001.50601686,10688940,-9999,195062.3,15.48,-1,0.824290009,0.884010765,0,0.530406459,1,0.428571429,2.071428571,N2 S2 P1 O18,de-protonated,0,-9999,C42 H87 O18 N2 P1 S2,42,87,18,2,1,2,-9999,-9999
1134,1001.506365,1001.506842391,1001.507516462,10688940,-9999,195062.3,15.48,-1,-0.673055803,0.921090485,0,0.552654291,11,0.416666667,1.625,N2 O20,de-protonated,0,-9999,C48 H78 O20 N2,48,78,20,2,-9999,-9999,-9999,-9999
1134,1001.506365,1001.506842391,1001.507003398,10688940,-9999,195062.3,15.48,-1,-0.160763924,0.497660715,0.602496955,0.539595211,29,0.14754098399999999,1.147540984,N4 O9,de-protonated,0,-9999,C61 H70 O9 N4,61,70,9,4,-9999,-9999,-9999,-9999
1134,1001.506365,1001.506842391,1001.506865013,10688940,-9999,195062.3,15.48,-1,-0.022587729,0.999907428,0,0.599944457,2,0.55,2.05,N4 S1 O22,de-protonated,0,-9999,C40 H82 O22 N4 S1,40,82,22,4,-9999,1,-9999,-9999
1135,1002.54092,1002.541397948,1002.541812478,25468066,-9999,310608.4,39.47,-1,-0.4134787,0.323151638,0.499512996,0.393696181,31,0.029411765,1.147058824,N1 S1 P1 O2,de-protonated,0,-9999,C68 H78 O2 N1 P1 S1,68,78,2,1,1,1,-9999,-9999
1135,1002.54092,1002.541397948,1002.540671772,25468066,-9999,310608.4,39.47,-1,0.724336044,0.454595831,0.618621811,0.520206223,18,0.210526316,1.421052632,N1 S1 O12,de-protonated,0,-9999,C57 H81 O12 N1 S1,57,81,12,1,-9999,1,-9999,-9999
1135,1002.54092,1002.541397948,1002.541674094,25468066,-9999,310608.4,39.47,-1,-0.275445164,0.493163903,0.662980834,0.561090675,4,0.319148936,1.914893617,N1 S2 P1 O15,de-protonated,0,-9999,C47 H90 O15 N1 P1 S2,47,90,15,1,1,2,-9999,-9999
1135,1002.54092,1002.541397948,1002.540804714,25468066,-9999,310608.4,39.47,-1,0.591731141,0.469221347,0.667769153,0.54864047,5,0.434782609,1.869565217,N1 P1 O20,de-protonated,0,-9999,C46 H86 O20 N1 P1,46,86,20,1,1,-9999,-9999,-9999
1135,1002.54092,1002.541397948,1002.541161029,25468066,-9999,310608.4,39.47,-1,0.236318471,0.494958954,0.606448844,0.53955491,22,0.066666667,1.366666667,N3 S2 P1 O4,de-protonated,0,-9999,C60 H82 O4 N3 P1 S2,60,82,4,3,1,2,-9999,-9999
1136,1003.230807,1003.23128532,1003.2311013569999,13475479,-9999,246490,20,-1,0.183370555,0.496958703,0.635633513,0.552428627,30,0.301886792,0.905660377,S2 O16,de-protonated,0,-9999,C53 H48 O16 S2,53,48,16,-9999,-9999,2,-9999,-9999
1136,1003.230807,1003.23128532,1003.231234298,13475479,-9999,246490,20,-1,0.050856983,0.499765403,0.68763467,0.57491311,17,0.571428571,1.261904762,S1 P1 O24,de-protonated,0,-9999,C42 H53 O24 P1 S1,42,53,24,-9999,1,1,-9999,-9999
1136,1003.230807,1003.23128532,1003.230721234,13475479,-9999,246490,20,-1,0.562269029,0.47212498,0.627012296,0.534079906,35,0.236363636,0.818181818,N2 S1 P1 O13,de-protonated,0,-9999,C55 H45 O13 N2 P1 S1,55,45,13,2,1,1,-9999,-9999
1136,1003.230807,1003.23128532,1003.231569387,13475479,-9999,246490,20,-1,-0.283152579,0.492778794,0.635633513,0.549920682,36,0.320754717,0.754716981,N4 O17,de-protonated,0,-9999,C53 H40 O17 N4,53,40,17,4,-9999,-9999,-9999,-9999
1137,1003.26144,1003.261918336,1003.261613639,8658605,-9999,217669,12.18,-1,0.30370638,0.98340289,0,0.590041734,38,0.163934426,0.786885246,S2 O10,de-protonated,0,-9999,C61 H48 O10 S2,61,48,10,-9999,-9999,2,-9999,-9999
1137,1003.26144,1003.261918336,1003.261746581,8658605,-9999,217669,12.18,-1,0.171196822,0.994696153,0,0.596817692,25,0.36,1.06,S1 P1 O18,de-protonated,0,-9999,C50 H53 O18 P1 S1,50,53,18,-9999,1,1,-9999,-9999
1137,1003.26144,1003.261918336,1003.261095132,8658605,-9999,217669,12.18,-1,0.820528083,0.885003843,0,0.531002306,16,0.476190476,1.357142857,N2 S2 P1 O20,de-protonated,0,-9999,C42 H57 O20 N2 P1 S2,42,57,20,2,1,2,-9999,-9999
1137,1003.26144,1003.261918336,1003.262594734,8658605,-9999,217669,12.18,-1,-0.674198311,0.920833265,0,0.552499959,26,0.458333333,1,N2 O22,de-protonated,0,-9999,C48 H48 O22 N2,48,48,22,2,-9999,-9999,-9999,-9999
1137,1003.26144,1003.261918336,1003.261943285,8658605,-9999,217669,12.18,-1,-0.024868149,0.999887794,0,0.599932676,17,0.6,1.3,N4 S1 O24,de-protonated,0,-9999,C40 H52 O24 N4 S1,40,52,24,4,-9999,1,-9999,-9999
1138,1004.119327,1004.119805798,1004.119695724,10199322,-9999,204220.6,14.68,-1,0.109622115,0.997821905,0,0.598693143,29,0.533333333,0.777777778,N1 S1 O24,de-protonated,0,-9999,C45 H35 O24 N1 S1,45,35,24,1,-9999,1,-9999,-9999
1138,1004.119327,1004.119805798,1004.120184982,10199322,-9999,204220.6,14.68,-1,-0.377627729,0.974456818,0,0.584674091,33,0.333333333,0.75,N3 S2 P1 O16,de-protonated,0,-9999,C48 H36 O16 N3 P1 S2,48,36,16,3,1,2,-9999,-9999
1138,1004.119327,1004.119805798,1004.119315602,10199322,-9999,204220.6,14.68,-1,0.488185256,0.957677947,0,0.574606768,34,0.446808511,0.680851064,N3 P1 O21,de-protonated,0,-9999,C47 H32 O21 N3 P1,47,32,21,3,1,-9999,-9999,-9999
1139,1004.195883,1004.196361839,1004.196978752,24551762,-9999,328828.1,37.98,-1,-0.614334766,0.466906049,0.627012296,0.530948547,35,0.218181818,0.8,N1 S2 P1 O12,de-protonated,0,-9999,C55 H44 O12 N1 P1 S2,55,44,12,1,1,2,-9999,-9999
1139,1004.195883,1004.196361839,1004.196109372,24551762,-9999,328828.1,37.98,-1,0.251411803,0.494298264,0.631293472,0.549096347,36,0.314814815,0.740740741,N1 P1 O17,de-protonated,0,-9999,C54 H40 O17 N1 P1,54,40,17,1,1,-9999,-9999,-9999
1139,1004.195883,1004.196361839,1004.195838046,24551762,-9999,328828.1,37.98,-1,0.521604347,0.475915899,0.677556332,0.556572072,22,0.5,1.068181818,N1 S2 O22,de-protonated,0,-9999,C44 H47 O22 N1 S2,44,47,22,1,-9999,2,-9999,-9999
1139,1004.195883,1004.196361839,1004.195457924,24551762,-9999,328828.1,37.98,-1,0.900138939,0.431638866,0.667769153,0.526090981,27,0.413043478,0.956521739,N3 S1 P1 O19,de-protonated,0,-9999,C46 H44 O19 N3 P1 S1,46,44,19,3,1,1,-9999,-9999
1140,1004.199073,1004.199551841,1004.199480676,17342804,-9999,428767.8,26.28,-1,0.070867544,0.499544571,0.644495114,0.557524788,31,0.333333333,0.862745098,N1 S1 P1 O17,de-protonated,0,-9999,C51 H44 O17 N1 P1 S1,51,44,17,1,1,1,-9999,-9999
1140,1004.199073,1004.199551841,1004.198829227,17342804,-9999,428767.8,26.28,-1,0.719592386,0.455161169,0.6825583,0.546120021,22,0.441860465,1.11627907,N3 S2 P1 O19,de-protonated,0,-9999,C43 H48 O19 N3 P1 S2,43,48,19,3,1,2,-9999,-9999
1140,1004.199073,1004.199551841,1004.200328829,17342804,-9999,428767.8,26.28,-1,-0.773738065,0.448532035,0.653607294,0.530562139,32,0.428571429,0.795918367,N3 O21,de-protonated,0,-9999,C49 H39 O21 N3,49,39,21,3,-9999,-9999,-9999,-9999
1141,1005.05976,1005.060239304,1005.060801122,16425919,-9999,263675.4,24.79,-1,-0.558989227,0.472440124,0.6825583,0.556487394,30,0.534883721,0.697674419,N2 S2 O23,de-protonated,0,-9999,C43 H30 O23 N2 S2,43,30,23,2,-9999,2,-9999,-9999
1141,1005.05976,1005.060239304,1005.060421,16425919,-9999,263675.4,24.79,-1,-0.180780813,0.497043748,0.672627142,0.567277106,35,0.444444444,0.6,N4 S1 P1 O20,de-protonated,0,-9999,C45 H27 O20 N4 P1 S1,45,27,20,4,1,1,-9999,-9999
1142,1005.108252,1005.10873133,1005.108223316,11707362,-9999,253632.9,17.13,-1,0.505431934,0.477352378,0.635633513,0.540664832,37,0.283018868,0.660377358,S2 P1 O15,de-protonated,0,-9999,C53 H35 O15 P1 S2,53,35,15,-9999,1,2,-9999,-9999
1142,1005.108252,1005.10873133,1005.10907147,11707362,-9999,253632.9,17.13,-1,-0.338410414,0.489717308,0.644495114,0.551628431,38,0.37254902,0.588235294,N2 S1 O19,de-protonated,0,-9999,C51 H30 O19 N2 S1,51,30,19,2,-9999,1,-9999,-9999
1142,1005.108252,1005.10873133,1005.108420021,11707362,-9999,253632.9,17.13,-1,0.309727087,0.982744088,0,0.589646453,29,0.488372093,0.790697674,N4 S2 O21,de-protonated,0,-9999,C43 H34 O21 N4 S2,43,34,21,4,-9999,2,-9999,-9999
1143,1005.208328,1005.208807384,1005.20799693,12723241,-9999,337042.1,18.78,-1,0.806255158,0.444370136,0.672627142,0.535672938,21,0.444444444,1.133333333,S2 P1 O20,de-protonated,0,-9999,C45 H51 O20 P1 S2,45,51,20,-9999,1,2,-9999,-9999
1143,1005.208328,1005.208807384,1005.209496532,12723241,-9999,337042.1,18.78,-1,-0.68557621,0.459125935,0.644495114,0.533273607,31,0.431372549,0.823529412,O22,de-protonated,0,-9999,C51 H42 O22,51,42,22,-9999,-9999,-9999,-9999,-9999
1143,1005.208328,1005.208807384,1005.208845083,12723241,-9999,337042.1,18.78,-1,-0.037503686,0.99974482,0,0.599846892,22,0.558139535,1.069767442,N2 S1 O24,de-protonated,0,-9999,C43 H46 O24 N2 S1,43,46,24,2,-9999,1,-9999,-9999
1143,1005.208328,1005.208807384,1005.208332019,12723241,-9999,337042.1,18.78,-1,0.472902181,0.48011687,0.622788794,0.53718564,40,0.232142857,0.678571429,N4 S1 O13,de-protonated,0,-9999,C56 H38 O13 N4 S1,56,38,13,4,-9999,1,-9999,-9999
1143,1005.208328,1005.208807384,1005.209334341,12723241,-9999,337042.1,18.78,-1,-0.524225521,0.475679235,0.667769153,0.552515202,26,0.347826087,1.02173913,N4 S2 P1 O16,de-protonated,0,-9999,C46 H47 O16 N4 P1 S2,46,47,16,4,1,2,-9999,-9999
1143,1005.208328,1005.208807384,1005.208464961,12723241,-9999,337042.1,18.78,-1,0.340649223,0.489582237,0.672627142,0.562800199,27,0.466666667,0.955555556,N4 P1 O21,de-protonated,0,-9999,C45 H43 O21 N4 P1,45,43,21,4,1,-9999,-9999,-9999
1144,1006.028547,1006.029026826,1006.02983189,12691059,-9999,246245.3,18.72,-1,-0.800239144,0.445150088,0.653607294,0.52853297,40,0.448979592,0.448979592,N1 P1 O22,de-protonated,0,-9999,C49 H22 O22 N1 P1,49,22,22,1,1,-9999,-9999,-9999
1144,1006.028547,1006.029026826,1006.029180441,12691059,-9999,246245.3,18.72,-1,-0.152695145,0.995778314,0,0.597466988,31,0.585365854,0.634146341,N3 S1 P1 O24,de-protonated,0,-9999,C41 H26 O24 N3 P1 S1,41,26,24,3,1,1,-9999,-9999
1145,1006.050094,1006.050573837,1006.050961258,21538434,-9999,215350.9,33.09,-1,-0.385090744,0.486725441,0.667769153,0.559142925,35,0.52173913,0.565217391,N1 P1 O24,de-protonated,0,-9999,C46 H26 O24 N1 P1,46,26,24,1,1,-9999,-9999,-9999
1145,1006.050094,1006.050573837,1006.050176868,21538434,-9999,215350.9,33.09,-1,0.394582205,0.486072322,0.653607294,0.553086311,39,0.367346939,0.510204082,N3 S2 O18,de-protonated,0,-9999,C49 H25 O18 N3 S2,49,25,18,3,-9999,2,-9999,-9999
1146,1006.943455,1006.943935318,1006.944447758,18262268,-9999,244169.7,27.77,-1,-0.508905429,0.477047305,0.677556332,0.557250916,37,0.568181818,0.386363636,S1 P1 O25,de-protonated,0,-9999,C44 H17 O25 P1 S1,44,17,25,-9999,1,1,-9999,-9999
1146,1006.943455,1006.943935318,1006.94368908,18262268,-9999,244169.7,27.77,-1,0.244539785,0.494604038,0.572644131,0.525820075,11,0.014492754,1.753623188,N3 O1,de-protonated,0,-9999,C69 H121 O1 N3,69,121,1,3,-9999,-9999,-9999,-9999
1147,1007.093998,1007.094478399,1007.0948607,11315559,-9999,211766.7,16.49,-1,-0.379607766,0.487095874,0.644495114,0.55005557,38,0.450980392,0.549019608,O23,de-protonated,0,-9999,C51 H28 O23,51,28,23,-9999,-9999,-9999,-9999,-9999
1147,1007.093998,1007.094478399,1007.094209252,11315559,-9999,211766.7,16.49,-1,0.26725171,0.987123919,0,0.592274352,29,0.581395349,0.744186047,N2 S1 O25,de-protonated,0,-9999,C43 H32 O25 N2 S1,43,32,25,2,-9999,1,-9999,-9999
1147,1007.093998,1007.094478399,1007.094698509,11315559,-9999,211766.7,16.49,-1,-0.21855909,0.99137,0,0.594822,33,0.369565217,0.717391304,N4 S2 P1 O17,de-protonated,0,-9999,C46 H33 O17 N4 P1 S2,46,33,17,4,1,2,-9999,-9999
1147,1007.093998,1007.094478399,1007.093829129,11315559,-9999,211766.7,16.49,-1,0.644696801,0.927357406,0,0.556414443,34,0.488888889,0.644444444,N4 P1 O22,de-protonated,0,-9999,C45 H29 O22 N4 P1,45,29,22,4,1,-9999,-9999,-9999
1148,1007.81824,1007.818720789,1007.818548135,9530213,-9999,263942.3,13.59,-1,0.171314392,0.497344443,0.583485697,0.531800945,14,0.075757576,1.636363636,N2 O5,de-protonated,0,-9999,C66 H108 O5 N2,66,108,5,2,-9999,-9999,-9999,-9999
1148,1007.81824,1007.818720789,1007.819550457,9530213,-9999,263942.3,13.59,-1,-0.823230486,0.884290806,0,0.530574483,0,0.142857143,2.089285714,N2 S1 P1 O8,de-protonated,0,-9999,C56 H117 O8 N2 P1 S1,56,117,8,2,1,1,-9999,-9999
1148,1007.81824,1007.818720789,1007.817896687,9530213,-9999,263942.3,13.59,-1,0.817709731,0.885745585,0,0.531447351,5,0.120689655,1.931034483,N4 S1 O7,de-protonated,0,-9999,C58 H112 O7 N4 S1,58,112,7,4,-9999,1,-9999,-9999
1149,1007.871645,1007.872125818,1007.871843556,15412107,-9999,293612.1,23.14,-1,0.280057083,0.492934705,0.572644131,0.524818475,12,0.028985507,1.695652174,P1 O2,de-protonated,0,-9999,C69 H117 O2 P1,69,117,2,-9999,1,-9999,-9999,-9999
1149,1007.871645,1007.872125818,1007.871192107,15412107,-9999,293612.1,23.14,-1,0.926418312,0.427895755,0.602496955,0.497736235,3,0.06557377,1.983606557,N2 S1 P1 O4,de-protonated,0,-9999,C61 H121 O4 N2 P1 S1,61,121,4,2,1,1,-9999,-9999
1149,1007.871645,1007.872125818,1007.872909641,15412107,-9999,293612.1,23.14,-1,-0.77769995,0.448032068,0.606448844,0.511398778,3,0.05,2,N4 S2 O3,de-protonated,0,-9999,C60 H120 O3 N4 S2,60,120,3,4,-9999,2,-9999,-9999
1149,1007.871645,1007.872125818,1007.872040261,15412107,-9999,293612.1,23.14,-1,0.08488891,0.499346656,0.610452919,0.543789161,4,0.13559322,1.966101695,N4 O8,de-protonated,0,-9999,C59 H116 O8 N4,59,116,8,4,-9999,-9999,-9999,-9999
1150,1008.687884,1008.688365257,1008.687533963,9727431,-9999,274270.6,13.91,-1,0.824134159,0.442025987,0.569119254,0.492863294,26,0.057142857,1.3,N1 O4,de-protonated,0,-9999,C70 H91 O4 N1,70,91,4,1,-9999,-9999,-9999,-9999
1150,1008.687884,1008.688365257,1008.688536285,9727431,-9999,274270.6,13.91,-1,-0.169554567,0.497398579,0.606448844,0.541018685,12,0.116666667,1.666666667,N1 S1 P1 O7,de-protonated,0,-9999,C60 H100 O7 N1 P1 S1,60,100,7,1,1,1,-9999,-9999
1150,1008.687884,1008.688365257,1008.687884836,9727431,-9999,274270.6,13.91,-1,0.47628304,0.959674779,0,0.575804867,3,0.173076923,2,N3 S2 P1 O9,de-protonated,0,-9999,C52 H104 O9 N3 P1 S2,52,104,9,3,1,2,-9999,-9999
1151,1008.737554,1008.738035284,1008.73903723,11726313,-9999,249764.3,17.15,-1,-0.993265437,0.41804753100000003,0.631293472,0.503345908,2,0.240740741,1.981481481,N1 S1 O13,de-protonated,0,-9999,C54 H107 O13 N1 S1,54,107,13,1,-9999,1,-9999,-9999
1151,1008.737554,1008.738035284,1008.738524165,11726313,-9999,249764.3,17.15,-1,-0.484646278,0.479138196,0.579826515,0.519413524,20,0.029850746,1.47761194,N3 S1 O2,de-protonated,0,-9999,C67 H99 O2 N3 S1,67,99,2,3,-9999,1,-9999,-9999
1151,1008.737554,1008.738035284,1008.738657107,11726313,-9999,249764.3,17.15,-1,-0.616436276,0.466686975,0.622788794,0.529127703,7,0.178571429,1.857142857,N3 P1 O10,de-protonated,0,-9999,C56 H104 O10 N3 P1,56,104,10,3,1,-9999,-9999,-9999
1152,1009.715132,1009.71561381,1009.714677662,17019024,-9999,249667.3,25.62,-1,0.927141033,0.427791759,0.587191358,0.491551599,15,0.061538462,1.569230769,S2 O4,de-protonated,0,-9999,C65 H102 O4 S2,65,102,4,-9999,-9999,2,-9999,-9999
1152,1009.715132,1009.71561381,1009.714810604,17019024,-9999,249667.3,25.62,-1,0.795478259,0.445764137,0.631293472,0.519975871,2,0.222222222,1.981481481,S1 P1 O12,de-protonated,0,-9999,C54 H107 O12 P1 S1,54,107,12,-9999,1,1,-9999,-9999
1152,1009.715132,1009.71561381,1009.716528137,17019024,-9999,249667.3,25.62,-1,-0.90552827,0.430877377,0.635633513,0.512779832,2,0.20754717,2,N2 S2 O11,de-protonated,0,-9999,C53 H106 O11 N2 S2,53,106,11,2,-9999,2,-9999,-9999
1152,1009.715132,1009.71561381,1009.715658757,17019024,-9999,249667.3,25.62,-1,-0.044514503,0.499820258,0.640033642,0.555905612,3,0.307692308,1.961538462,N2 O16,de-protonated,0,-9999,C52 H102 O16 N2,52,102,16,2,-9999,-9999,-9999,-9999
1152,1009.715132,1009.71561381,1009.715145693,17019024,-9999,249667.3,25.62,-1,0.463613189,0.480875321,0.587191358,0.523401736,21,0.076923077,1.446153846,N4 O5,de-protonated,0,-9999,C65 H94 O5 N4,65,94,5,4,-9999,-9999,-9999,-9999
1152,1009.715132,1009.71561381,1009.716148014,17019024,-9999,249667.3,25.62,-1,-0.529063878,0.475239579,0.627012296,0.535948665,7,0.145454545,1.872727273,N4 S1 P1 O8,de-protonated,0,-9999,C55 H103 O8 N4 P1 S1,55,103,8,4,1,1,-9999,-9999
1153,1009.735783,1009.736264821,1009.736078356,9777311,-9999,241223.9,13.92,-1,0.184666874,0.496915684,0.562198102,0.523028651,24,0.013888889,1.375,P1 O1,de-protonated,0,-9999,C72 H99 O1 P1,72,99,1,-9999,1,-9999,-9999,-9999
1153,1009.735783,1009.736264821,1009.73580703,9777311,-9999,241223.9,13.92,-1,0.453376975,0.481695031,0.598596236,0.528455513,10,0.096774194,1.709677419,S2 O6,de-protonated,0,-9999,C62 H106 O6 S2,62,106,6,-9999,-9999,2,-9999,-9999
1153,1009.735783,1009.736264821,1009.735426908,9777311,-9999,241223.9,13.92,-1,0.82983469,0.44127042,0.590944388,0.501140007,15,0.046875,1.609375,N2 S1 P1 O3,de-protonated,0,-9999,C64 H103 O3 N2 P1 S1,64,103,3,2,1,1,-9999,-9999
1153,1009.735783,1009.736264821,1009.737144441,9777311,-9999,241223.9,13.92,-1,-0.871137166,0.435681001,0.594745702,0.499306881,15,0.031746032,1.619047619,N4 S2 O2,de-protonated,0,-9999,C63 H102 O2 N4 S2,63,102,2,4,-9999,2,-9999,-9999
1153,1009.735783,1009.736264821,1009.736275061,9777311,-9999,241223.9,13.92,-1,-0.01014095,0.49999067,0.598596236,0.539432897,16,0.112903226,1.580645161,N4 O7,de-protonated,0,-9999,C62 H98 O7 N4,62,98,7,4,-9999,-9999,-9999,-9999
1154,1009.765157,1009.765638837,1009.765449933,9269427,-9999,217347.9,13.1,-1,0.187077174,0.496834902,0.572644131,0.527158593,19,0.072463768,1.47826087,O5,de-protonated,0,-9999,C69 H102 O5,69,102,5,-9999,-9999,-9999,-9999,-9999
1154,1009.765157,1009.765638837,1009.766452255,9269427,-9999,217347.9,13.1,-1,-0.805550166,0.888923534,0,0.53335412,5,0.13559322,1.881355932,S1 P1 O8,de-protonated,0,-9999,C59 H111 O8 P1 S1,59,111,8,-9999,1,1,-9999,-9999
1154,1009.765157,1009.765638837,1009.764798484,9269427,-9999,217347.9,13.1,-1,0.832226226,0.440952275,0.602496955,0.505570147,10,0.114754098,1.737704918,N2 S1 O7,de-protonated,0,-9999,C61 H106 O7 N2 S1,61,106,7,2,-9999,1,-9999,-9999
1155,1010.63465,1010.635132305,1010.634786634,15905547,-9999,235140.6,23.82,-1,0.342033641,0.489498285,0.627012296,0.544503889,8,0.163636364,1.781818182,N1 S2 P1 O9,de-protonated,0,-9999,C55 H98 O9 N1 P1 S2,55,98,9,1,1,2,-9999,-9999
1155,1010.63465,1010.635132305,1010.635634787,15905547,-9999,235140.6,23.82,-1,-0.497194099,0.478068308,0.635633513,0.54109439,9,0.245283019,1.754716981,N3 S1 O13,de-protonated,0,-9999,C53 H93 O13 N3 S1,53,93,13,3,-9999,1,-9999,-9999
1156,1014.254374,1014.254858254,1014.254099707,20069530,-9999,234337,30.54,-1,0.747886577,0.45174489,0.614510218,0.516851021,35,0.172413793,0.862068966,N1 S2 P1 O10,de-protonated,0,-9999,C58 H50 O10 N1 P1 S2,58,50,10,1,1,2,-9999,-9999
1156,1014.254374,1014.254858254,1014.255460924,20069530,-9999,234337,30.54,-1,-0.594199801,0.468972154,0.6825583,0.554406612,18,0.581395349,1.23255814,N1 S1 O25,de-protonated,0,-9999,C43 H53 O25 N1 S1,43,53,25,1,-9999,1,-9999,-9999
1156,1014.254374,1014.254858254,1014.25494786,20069530,-9999,234337,30.54,-1,-0.088346765,0.499292384,0.622788794,0.548690948,36,0.25,0.803571429,N3 S1 O14,de-protonated,0,-9999,C56 H45 O14 N3 S1,56,45,14,3,-9999,1,-9999,-9999
1156,1014.254374,1014.254858254,1014.255080801,20069530,-9999,234337,30.54,-1,-0.219420023,0.495651087,0.672627142,0.566441509,23,0.488888889,1.111111111,N3 P1 O22,de-protonated,0,-9999,C45 H50 O22 N3 P1,45,50,22,3,1,-9999,-9999,-9999
1157,1014.332242,1014.332726295,1014.33174163,10763470,-9999,313818.6,15.51,-1,0.970752498,0.421414976,0.594745702,0.490747266,38,0.158730159,0.841269841,N1 S1 O10,de-protonated,0,-9999,C63 H53 O10 N1 S1,63,53,10,1,-9999,1,-9999,-9999
1157,1014.332242,1014.332726295,1014.332743952,10763470,-9999,313818.6,15.51,-1,-0.017407037,0.499972511,0.635633513,0.554236912,24,0.245283019,1.169811321,N1 S2 P1 O13,de-protonated,0,-9999,C53 H62 O13 N1 P1 S2,53,62,13,1,1,2,-9999,-9999
1157,1014.332242,1014.332726295,1014.331874572,10763470,-9999,313818.6,15.51,-1,0.839689024,0.879910207,0,0.527946124,25,0.346153846,1.115384615,N1 P1 O18,de-protonated,0,-9999,C52 H58 O18 N1 P1,52,58,18,1,1,-9999,-9999,-9999
1157,1014.332242,1014.332726295,1014.333592105,10763470,-9999,313818.6,15.51,-1,-0.853574904,0.876164238,0,0.525698543,25,0.333333333,1.117647059,N3 S1 O17,de-protonated,0,-9999,C51 H57 O17 N3 S1,51,57,17,3,-9999,1,-9999,-9999
1157,1014.332242,1014.332726295,1014.333725047,10763470,-9999,313818.6,15.51,-1,-0.984637899,0.838687893,0,0.503212736,12,0.625,1.55,N3 P1 O25,de-protonated,0,-9999,C40 H62 O25 N3 P1,40,62,25,3,1,-9999,-9999,-9999
1158,1014.336639,1014.337123298,1014.337614857,11680977,-9999,335266.7,16.99,-1,-0.484611163,0.479141155,0.622788794,0.536600211,29,0.267857143,1.017857143,N1 S1 O15,de-protonated,0,-9999,C56 H57 O15 N1 S1,56,57,15,1,-9999,1,-9999,-9999
1158,1014.336639,1014.337123298,1014.337747799,11680977,-9999,335266.7,16.99,-1,-0.615673687,0.933533093,0,0.560119856,16,0.511111111,1.377777778,N1 P1 O23,de-protonated,0,-9999,C45 H62 O23 N1 P1,45,62,23,1,1,-9999,-9999,-9999
1158,1014.336639,1014.337123298,1014.338104115,11680977,-9999,335266.7,16.99,-1,-0.966952417,0.421978399,0.610452919,0.497368207,33,0.118644068,0.983050847,N3 S2 P1 O7,de-protonated,0,-9999,C59 H58 O7 N3 P1 S2,59,58,7,3,1,2,-9999,-9999
1158,1014.336639,1014.337123298,1014.337234735,11680977,-9999,335266.7,16.99,-1,-0.109861698,0.498906192,0.614510218,0.545147803,34,0.206896552,0.931034483,N3 P1 O12,de-protonated,0,-9999,C58 H54 O12 N3 P1,58,54,12,3,1,-9999,-9999,-9999
1158,1014.336639,1014.337123298,1014.336963408,11680977,-9999,335266.7,16.99,-1,0.157629422,0.995501686,0,0.597301012,20,0.354166667,1.270833333,N3 S2 O17,de-protonated,0,-9999,C48 H61 O17 N3 S2,48,61,17,3,-9999,2,-9999,-9999
1158,1014.336639,1014.337123298,1014.33709635,11680977,-9999,335266.7,16.99,-1,0.026566729,0.999871943,0,0.599923166,7,0.675675676,1.783783784,N3 S1 P1 O25,de-protonated,0,-9999,C37 H66 O25 N3 P1 S1,37,66,25,3,1,1,-9999,-9999
1159,1014.35727,1014.357754309,1014.358744225,12106975,-9999,337663.9,17.68,-1,-0.975903536,0.420648934,0.635633513,0.506642766,24,0.320754717,1.150943396,N1 S1 O17,de-protonated,0,-9999,C53 H61 O17 N1 S1,53,61,17,1,-9999,1,-9999,-9999
1159,1014.35727,1014.357754309,1014.358364103,12106975,-9999,337663.9,17.68,-1,-0.601162062,0.468264497,0.627012296,0.531763616,29,0.254545455,1.054545455,N3 P1 O14,de-protonated,0,-9999,C55 H58 O14 N3 P1,55,58,14,3,1,-9999,-9999,-9999
1159,1014.35727,1014.357754309,1014.358092777,12106975,-9999,337663.9,17.68,-1,-0.333676646,0.980000188,0,0.588000113,15,0.422222222,1.444444444,N3 S2 O19,de-protonated,0,-9999,C45 H65 O19 N3 S2,45,65,19,3,-9999,2,-9999,-9999
1159,1014.35727,1014.357754309,1014.357223397,12106975,-9999,337663.9,17.68,-1,0.523397726,0.951508182,0,0.570904909,16,0.545454545,1.386363636,N3 O24,de-protonated,0,-9999,C44 H61 O24 N3,44,61,24,3,-9999,-9999,-9999,-9999
1160,1015.213166,1015.21365077,1015.213476234,14827285,-9999,277589.3,22.07,-1,0.171920526,0.497325668,0.6825583,0.571418721,18,0.511627907,1.23255814,S2 P1 O22,de-protonated,0,-9999,C43 H53 O22 P1 S2,43,53,22,-9999,1,2,-9999,-9999
1160,1015.213166,1015.21365077,1015.212963169,14827285,-9999,277589.3,22.07,-1,0.677296596,0.460066949,0.622788794,0.525155687,36,0.196428571,0.803571429,N2 S2 P1 O11,de-protonated,0,-9999,C56 H45 O11 N2 P1 S2,56,45,11,2,1,2,-9999,-9999
1160,1015.213166,1015.21365077,1015.213811323,14827285,-9999,277589.3,22.07,-1,-0.158146869,0.497736086,0.631293472,0.55115904,37,0.277777778,0.740740741,N4 S1 O15,de-protonated,0,-9999,C54 H40 O15 N4 S1,54,40,15,4,-9999,1,-9999,-9999
1160,1015.213166,1015.21365077,1015.213944264,14827285,-9999,277589.3,22.07,-1,-0.28909632,0.492474764,0.6825583,0.568508179,24,0.534883721,1.046511628,N4 P1 O23,de-protonated,0,-9999,C43 H45 O23 N4 P1,43,45,23,4,1,-9999,-9999,-9999
1161,1015.262952,1015.263436796,1015.264115563,12402486,-9999,326043.1,18.16,-1,-0.668561211,0.461049419,0.614510218,0.522433739,35,0.25862069,0.827586207,S1 O15,de-protonated,0,-9999,C58 H48 O15 S1,58,48,15,-9999,-9999,1,-9999,-9999
1161,1015.262952,1015.263436796,1015.264248504,12402486,-9999,326043.1,18.16,-1,-0.799504107,0.445245075,0.662980834,0.532339379,22,0.489361702,1.127659574,P1 O23,de-protonated,0,-9999,C47 H53 O23 P1,47,53,23,-9999,1,-9999,-9999,-9999
1161,1015.262952,1015.263436796,1015.26373544,12402486,-9999,326043.1,18.16,-1,-0.2941538,0.492211246,0.606448844,0.537906285,40,0.2,0.75,N2 P1 O12,de-protonated,0,-9999,C60 H45 O12 N2 P1,60,45,12,2,1,-9999,-9999,-9999
1161,1015.262952,1015.263436796,1015.263464114,12402486,-9999,326043.1,18.16,-1,-0.026906835,0.499934322,0.649019222,0.559568282,26,0.34,1.04,N2 S2 O17,de-protonated,0,-9999,C50 H52 O17 N2 S2,50,52,17,2,-9999,2,-9999,-9999
1161,1015.262952,1015.263436796,1015.262594734,12402486,-9999,326043.1,18.16,-1,0.829403494,0.441327709,0.653607294,0.526239543,27,0.448979592,0.979591837,N2 O22,de-protonated,0,-9999,C49 H48 O22 N2,49,48,22,2,-9999,-9999,-9999,-9999
1161,1015.262952,1015.263436796,1015.263597056,12402486,-9999,326043.1,18.16,-1,-0.157849899,0.995489122,0,0.597293473,13,0.641025641,1.461538462,N2 S1 P1 O25,de-protonated,0,-9999,C39 H57 O25 N2 P1 S1,39,57,25,2,1,1,-9999,-9999
1161,1015.262952,1015.263436796,1015.263083991,12402486,-9999,326043.1,18.16,-1,0.347501056,0.48916355500000003,0.640033642,0.54951159,31,0.269230769,0.942307692,N4 S1 P1 O14,de-protonated,0,-9999,C52 H49 O14 N4 P1 S1,52,49,14,4,1,1,-9999,-9999
1162,1016.225053,1016.225538314,1016.226350329,35897772,-9999,300608,56.11,-1,-0.799048841,0.445303875,0.635633513,0.52143573,31,0.301886792,0.886792453,N1 S2 O16,de-protonated,0,-9999,C53 H47 O16 N1 S2,53,47,16,1,-9999,2,-9999,-9999
1162,1016.225053,1016.225538314,1016.225480949,35897772,-9999,300608,56.11,-1,0.056449463,0.499710987,0.640033642,0.555840049,32,0.403846154,0.826923077,N1 O21,de-protonated,0,-9999,C52 H43 O21 N1,52,43,21,1,-9999,-9999,-9999,-9999
1162,1016.225053,1016.225538314,1016.226483271,35897772,-9999,300608,56.11,-1,-0.929867734,0.427398898,0.68763467,0.531493207,18,0.571428571,1.238095238,N1 S1 P1 O24,de-protonated,0,-9999,C42 H52 O24 N1 P1 S1,42,52,24,1,1,1,-9999,-9999
1162,1016.225053,1016.225538314,1016.225970206,35897772,-9999,300608,56.11,-1,-0.424995995,0.322585894,0.565425266,0.419721643,36,0.236363636,0.8,N3 S1 P1 O13,de-protonated,0,-9999,C55 H44 O13 N3 P1 S1,55,44,13,3,1,1,-9999,-9999
1162,1016.225053,1016.225538314,1016.2248295,35897772,-9999,300608,56.11,-1,0.697497288,0.457754432,0.677556332,0.545675192,23,0.522727273,1.068181818,N3 S1 O23,de-protonated,0,-9999,C44 H47 O23 N3 S1,44,47,23,3,-9999,1,-9999,-9999
1163,1016.984669,1016.985154723,1016.9846588,22037402,-9999,213251.7,33.72,-1,0.487640509,0.478885162,0.672627142,0.556381954,38,0.555555556,0.4,N2 S1 O25,de-protonated,0,-9999,C45 H18 O25 N2 S1,45,18,25,2,-9999,1,-9999,-9999
1163,1016.984669,1016.985154723,1016.985553893,22037402,-9999,213251.7,33.72,-1,-0.39250319,0.486216666,0.576212942,0.522215177,7,0.029411765,1.867647059,N3 O2,de-protonated,0,-9999,C68 H127 O2 N3,68,127,2,3,-9999,-9999,-9999,-9999
1164,1017.031776,1017.032261749,1017.031835381,12239800,-9999,346981,17.89,-1,0.419226959,0.484306643,0.579826515,0.52251459200000006,1,0.059701493,2.014925373,N1 O4,de-protonated,0,-9999,C67 H135 O4 N1,67,135,4,1,-9999,-9999,-9999,-9999
1164,1017.031776,1017.032261749,1017.031429546,12239800,-9999,346981,17.89,-1,0.818266554,0.442799596,0.662980834,0.530872091,36,0.404255319,0.574468085,N2 S2 P1 O19,de-protonated,0,-9999,C47 H27 O19 N2 P1 S2,47,27,19,2,1,2,-9999,-9999
1164,1017.031776,1017.032261749,1017.032277699,12239800,-9999,346981,17.89,-1,-0.015683245,0.999955371,0,0.599973223,37,0.511111111,0.488888889,N4 S1 O23,de-protonated,0,-9999,C45 H22 O23 N4 S1,45,22,23,4,-9999,1,-9999,-9999
1165,1017.035465,1017.035950751,1017.035452298,19645370,-9999,284420.7,29.85,-1,0.490103652,0.478675941,0.640033642,0.543219021,40,0.326923077,0.519230769,S2 P1 O17,de-protonated,0,-9999,C52 H27 O17 P1 S2,52,27,17,-9999,1,2,-9999,-9999
1165,1017.035465,1017.035950751,1017.035649002,19645370,-9999,284420.7,29.85,-1,0.296693926,0.492077224,0.68763467,0.570300202,32,0.547619048,0.619047619,N4 S2 O23,de-protonated,0,-9999,C42 H26 O23 N4 S2,42,26,23,4,-9999,2,-9999,-9999
1166,1017.117385,1017.117870795,1017.118587326,8700911,-9999,355378.5,12.17,-1,-0.704471674,0.913886024,0,0.548331614,39,0.365384615,0.596153846,N2 P1 O19,de-protonated,0,-9999,C52 H31 O19 N2 P1,52,31,19,2,1,-9999,-9999,-9999
1166,1017.117385,1017.117870795,1017.118316,8700911,-9999,355378.5,12.17,-1,-0.437712179,0.965833222,0,0.579499933,25,0.571428571,0.904761905,N2 S2 O24,de-protonated,0,-9999,C42 H38 O24 N2 S2,42,38,24,2,-9999,2,-9999,-9999
1166,1017.117385,1017.117870795,1017.117935877,8700911,-9999,355378.5,12.17,-1,-0.063987225,0.999257359,0,0.599554415,30,0.477272727,0.795454545,N4 S1 P1 O21,de-protonated,0,-9999,C44 H35 O21 N4 P1 S1,44,35,21,4,1,1,-9999,-9999
1167,1017.169034,1017.169519822,1017.16995765,9028625,-9999,328739.5,12.7,-1,-0.430437321,0.966940671,0,0.580164403,28,0.425531915,0.893617021,N2 S2 O20,de-protonated,0,-9999,C47 H42 O20 N2 S2,47,42,20,2,-9999,2,-9999,-9999
1167,1017.169034,1017.169519822,1017.169088271,9028625,-9999,328739.5,12.7,-1,0.424267669,0.967866303,0,0.580719782,29,0.543478261,0.826086957,N2 O25,de-protonated,0,-9999,C46 H38 O25 N2,46,38,25,2,-9999,-9999,-9999,-9999
1167,1017.169034,1017.169519822,1017.169577528,9028625,-9999,328739.5,12.7,-1,-0.056731339,0.999416188,0,0.599649713,33,0.346938776,0.795918367,N4 S1 P1 O17,de-protonated,0,-9999,C49 H39 O17 N4 P1 S1,49,39,17,4,1,1,-9999,-9999
1168,1017.217355,1017.217840848,1017.217379845,9323568,-9999,214173.4,13.18,-1,0.453201015,0.963417947,0,0.578050768,35,0.210526316,0.824561404,S2 P1 O12,de-protonated,0,-9999,C57 H47 O12 P1 S2,57,47,12,-9999,1,2,-9999,-9999
1168,1017.217355,1017.217840848,1017.218227998,9323568,-9999,214173.4,13.18,-1,-0.380596032,0.974058955,0,0.584435373,36,0.290909091,0.763636364,N2 S1 O16,de-protonated,0,-9999,C55 H42 O16 N2 S1,55,42,16,2,-9999,1,-9999,-9999
1168,1017.217355,1017.217840848,1017.218360939,9323568,-9999,214173.4,13.18,-1,-0.51128742,0.953674008,0,0.572204405,23,0.545454545,1.068181818,N2 P1 O24,de-protonated,0,-9999,C44 H47 O24 N2 P1,44,47,24,2,1,-9999,-9999,-9999
1168,1017.217355,1017.217840848,1017.218717255,9323568,-9999,214173.4,13.18,-1,-0.861571417,0.873986524,0,0.524391914,40,0.137931034,0.74137931,N4 S2 P1 O8,de-protonated,0,-9999,C58 H43 O8 N4 P1 S2,58,43,8,4,1,2,-9999,-9999
1168,1017.217355,1017.217840848,1017.217576549,9323568,-9999,214173.4,13.18,-1,0.259825887,0.987825211,0,0.592695127,27,0.382978723,0.978723404,N4 S2 O18,de-protonated,0,-9999,C47 H46 O18 N4 S2,47,46,18,4,-9999,2,-9999,-9999
1169,1019.017289,1019.017775817,1019.017218776,28690606,-9999,230908.4,44.46,-1,0.546645351,0.473611514,0.662980834,0.549359242,36,0.489361702,0.531914894,S1 P1 O23,de-protonated,0,-9999,C47 H25 O23 P1 S1,47,25,23,-9999,1,1,-9999,-9999
1170,1019.04737,1019.047856834,1019.047485446,13011137,-9999,265553.6,19.13,-1,0.364445899,0.488093964,0.579826515,0.524786984,0,0.059701493,2.044776119,N1 O4,de-protonated,0,-9999,C67 H137 O4 N1,67,137,4,1,-9999,-9999,-9999,-9999
1170,1019.04737,1019.047856834,1019.04707961,13011137,-9999,265553.6,19.13,-1,0.762696182,0.449914878,0.662980834,0.535141261,35,0.404255319,0.617021277,N2 S2 P1 O19,de-protonated,0,-9999,C47 H29 O19 N2 P1 S2,47,29,19,2,1,2,-9999,-9999
1170,1019.04737,1019.047856834,1019.047927763,13011137,-9999,265553.6,19.13,-1,-0.06960404,0.499560659,0.672627142,0.568787252,36,0.511111111,0.533333333,N4 S1 O23,de-protonated,0,-9999,C45 H24 O23 N4 S1,45,24,23,4,-9999,1,-9999,-9999
1171,1020.902952,1020.903439832,1020.903478038,17943882,-9999,254858.7,27.1,-1,-0.037423011,0.499872958,0.569119254,0.527571477,12,0.014285714,1.714285714,N1 P1 O1,de-protonated,0,-9999,C70 H120 O1 N1 P1,70,120,1,1,1,-9999,-9999,-9999
1171,1020.902952,1020.903439832,1020.902826589,17943882,-9999,254858.7,27.1,-1,0.600687335,0.468312977,0.598596236,0.520426281,3,0.048387097,2,N3 S1 P1 O3,de-protonated,0,-9999,C62 H124 O3 N3 P1 S1,62,124,3,3,1,1,-9999,-9999
1172,1020.935196,1020.93568385,1020.936220918,10341727,-9999,250844.9,14.82,-1,-0.526054209,0.475513491,0.590944388,0.52168585,2,0.078125,1.984375,N1 S1 O5,de-protonated,0,-9999,C64 H127 O5 N1 S1,64,127,5,1,-9999,1,-9999,-9999
1172,1020.935196,1020.93568385,1020.934945702,10341727,-9999,250844.9,14.82,-1,0.723011508,0.909507978,0,0.545704787,38,0.581395349,0.348837209,N2 S1 P1 O25,de-protonated,0,-9999,C43 H15 O25 N2 P1 S1,43,15,25,2,1,1,-9999,-9999
1172,1020.935196,1020.93568385,1020.935840795,10341727,-9999,250844.9,14.82,-1,-0.153726874,0.497860597,0.583485697,0.532110637,7,0.03030303,1.878787879,N3 P1 O2,de-protonated,0,-9999,C66 H124 O2 N3 P1,66,124,2,3,1,-9999,-9999,-9999
1172,1020.935196,1020.93568385,1020.936663235,10341727,-9999,250844.9,14.82,-1,-0.959300769,0.846216875,0,0.507730125,38,0.571428571,0.333333333,N4 S2 O24,de-protonated,0,-9999,C42 H14 O24 N4 S2,42,14,24,4,-9999,2,-9999,-9999
1173,1020.985832,1020.986319877,1020.986967475,15617406,-9999,159882.9,23.34,-1,-0.63428644,0.464800273,0.667769153,0.545987825,36,0.52173913,0.47826087,S2 O24,de-protonated,0,-9999,C46 H22 O24 S2,46,22,24,-9999,-9999,2,-9999,-9999
1173,1020.985832,1020.986319877,1020.985935904,15617406,-9999,159882.9,23.34,-1,0.376080608,0.487331509,0.698017357,0.571605848,32,0.575,0.575,N4 S2 P1 O23,de-protonated,0,-9999,C40 H23 O23 N4 P1 S2,40,23,23,4,1,2,-9999,-9999
1174,1021.669739,1021.670227245,1021.670049944,25284388,-9999,234255.9,38.96,-1,0.173540167,0.331516787,0.513784664,0.404423938,17,0.046153846,1.523076923,S2 P1 O3,de-protonated,0,-9999,C65 H99 O3 P1 S2,65,99,3,-9999,1,2,-9999,-9999
1174,1021.669739,1021.670227245,1021.670898098,25284388,-9999,234255.9,38.96,-1,-0.656622773,0.462374823,0.594745702,0.515323175,18,0.111111111,1.492063492,N2 S1 O7,de-protonated,0,-9999,C63 H94 O7 N2 S1,63,94,7,2,-9999,1,-9999,-9999
1174,1021.669739,1021.670227245,1021.671031039,25284388,-9999,234255.9,38.96,-1,-0.786744543,0.446883241,0.640033642,0.524143401,5,0.288461538,1.903846154,N2 P1 O15,de-protonated,0,-9999,C52 H99 O15 N2 P1,52,99,15,2,1,-9999,-9999,-9999
1174,1021.669739,1021.670227245,1021.670517975,25284388,-9999,234255.9,38.96,-1,-0.284563226,0.328471462,0.513784664,0.402596743,23,0.061538462,1.4,N4 P1 O4,de-protonated,0,-9999,C65 H91 O4 N4 P1,65,91,4,4,1,-9999,-9999,-9999
1174,1021.669739,1021.670227245,1021.670246649,25284388,-9999,234255.9,38.96,-1,-0.018992134,0.499967277,0.627012296,0.550785284,9,0.163636364,1.781818182,N4 S2 O9,de-protonated,0,-9999,C55 H98 O9 N4 S2,55,98,9,4,-9999,2,-9999,-9999
1174,1021.669739,1021.670227245,1021.669377269,25284388,-9999,234255.9,38.96,-1,0.831948368,0.440989273,0.631293472,0.517110953,10,0.259259259,1.740740741,N4 O14,de-protonated,0,-9999,C54 H94 O14 N4,54,94,14,4,-9999,-9999,-9999,-9999
1175,1021.720258,1021.720746272,1021.720822215,15880002,-9999,218324.6,23.77,-1,-0.074328313,0.499499027,0.572644131,0.528757068,21,0.057971014,1.434782609,P1 O4,de-protonated,0,-9999,C69 H99 O4 P1,69,99,4,-9999,1,-9999,-9999,-9999
1175,1021.720258,1021.720746272,1021.720550889,15880002,-9999,218324.6,23.77,-1,0.191229759,0.4966933,0.610452919,0.542197148,7,0.152542373,1.796610169,S2 O9,de-protonated,0,-9999,C59 H106 O9 S2,59,106,9,-9999,-9999,2,-9999,-9999
1175,1021.720258,1021.720746272,1021.720170766,15880002,-9999,218324.6,23.77,-1,0.563271541,0.472028326,0.602496955,0.524215778,12,0.098360656,1.68852459,N2 S1 P1 O6,de-protonated,0,-9999,C61 H103 O6 N2 P1 S1,61,103,6,2,1,1,-9999,-9999
1175,1021.720258,1021.720746272,1021.72101892,15880002,-9999,218324.6,23.77,-1,-0.266850999,0.493581127,0.610452919,0.540329844,13,0.169491525,1.661016949,N4 O10,de-protonated,0,-9999,C59 H98 O10 N4,59,98,10,4,-9999,-9999,-9999,-9999
1176,1021.824218,1021.824706328,1021.82383419,15748994,-9999,266004.5,23.55,-1,0.853511169,0.438090767,0.572644131,0.491912113,13,0.014492754,1.652173913,S2 O1,de-protonated,0,-9999,C69 H114 O1 S2,69,114,1,-9999,-9999,2,-9999,-9999
1176,1021.824218,1021.824706328,1021.823967132,15748994,-9999,266004.5,23.55,-1,0.723408679,0.454706589,0.614510218,0.51862804,0,0.155172414,2.051724138,S1 P1 O9,de-protonated,0,-9999,C58 H119 O9 P1 S1,58,119,9,-9999,1,1,-9999,-9999
1176,1021.824218,1021.824706328,1021.825684665,15748994,-9999,266004.5,23.55,-1,-0.957439932,0.423382354,0.618621811,0.501478137,0,0.140350877,2.070175439,N2 S2 O8,de-protonated,0,-9999,C57 H118 O8 N2 S2,57,118,8,2,-9999,2,-9999,-9999
1176,1021.824218,1021.824706328,1021.824815285,15748994,-9999,266004.5,23.55,-1,-0.106629671,0.498969538,0.622788794,0.54849724,1,0.232142857,2.035714286,N2 O13,de-protonated,0,-9999,C56 H114 O13 N2,56,114,13,2,-9999,-9999,-9999,-9999
1176,1021.824218,1021.824706328,1021.824302221,15748994,-9999,266004.5,23.55,-1,0.395476409,0.486010017,0.572644131,0.520663663,19,0.028985507,1.536231884,N4 O2,de-protonated,0,-9999,C69 H106 O2 N4,69,106,2,4,-9999,-9999,-9999,-9999
1176,1021.824218,1021.824706328,1021.825304543,15748994,-9999,266004.5,23.55,-1,-0.585436856,0.469852608,0.610452919,0.526092732,5,0.084745763,1.949152542,N4 S1 P1 O5,de-protonated,0,-9999,C59 H115 O5 N4 P1 S1,59,115,5,4,1,1,-9999,-9999
1177,1021.875983,1021.876471356,1021.875608783,32853922,-9999,194329,51.18,-1,0.84410817,0.292907666,0.523600568,0.385184827,3,0.079365079,1.952380952,S1 P1 O5,de-protonated,0,-9999,C63 H123 O5 P1 S1,63,123,5,-9999,1,1,-9999,-9999
1177,1021.875983,1021.876471356,1021.877326316,32853922,-9999,194329,51.18,-1,-0.8366557,0.293574143,0.528601492,0.387585082,3,0.064516129,1.967741935,N2 S2 O4,de-protonated,0,-9999,C62 H122 O4 N2 S2,62,122,4,2,-9999,2,-9999,-9999
1177,1021.875983,1021.876471356,1021.876456936,32853922,-9999,194329,51.18,-1,0.014111667,0.333321289,0.533665548,0.413458992,4,0.14754098399999999,1.93442623,N2 O9,de-protonated,0,-9999,C61 H118 O9 N2,61,118,9,2,-9999,-9999,-9999,-9999
1177,1021.875983,1021.876471356,1021.876946193,32853922,-9999,194329,51.18,-1,-0.464671379,0.320526412,0.51866191,0.399780611,8,0.015625,1.859375,N4 S1 P1 O1,de-protonated,0,-9999,C64 H119 O1 N4 P1 S1,64,119,1,4,1,1,-9999,-9999
1178,1022.58952,1022.59000874,1022.589156595,9261396,-9999,423553.9,13.07,-1,0.833321686,0.440806317,0.587191358,0.499360333,24,0.076923077,1.323076923,N1 S1 P1 O5,de-protonated,0,-9999,C65 H86 O5 N1 P1 S1,65,86,5,1,1,1,-9999,-9999
1178,1022.58952,1022.59000874,1022.590517812,9261396,-9999,423553.9,13.07,-1,-0.497825563,0.956027615,0,0.573616569,7,0.4,1.78,N1 O20,de-protonated,0,-9999,C50 H89 O20 N1,50,89,20,1,-9999,-9999,-9999,-9999
1178,1022.58952,1022.59000874,1022.590874128,9261396,-9999,423553.9,13.07,-1,-0.846269356,0.439070355,0.590944388,0.499819968,24,0.0625,1.328125,N3 S2 O4,de-protonated,0,-9999,C64 H85 O4 N3 S2,64,85,4,3,-9999,2,-9999,-9999
1178,1022.58952,1022.59000874,1022.590004748,9261396,-9999,423553.9,13.07,-1,0.003904351,0.499998617,0.594745702,0.537897451,25,0.142857143,1.285714286,N3 O9,de-protonated,0,-9999,C63 H81 O9 N3,63,81,9,3,-9999,-9999,-9999,-9999
1178,1022.58952,1022.59000874,1022.5910070690001,9261396,-9999,423553.9,13.07,-1,-0.976274036,0.841187464,0,0.504712478,11,0.226415094,1.698113208,N3 S1 P1 O12,de-protonated,0,-9999,C53 H90 O12 N3 P1 S1,53,90,12,3,1,1,-9999,-9999
1179,1022.593482,1022.593970742,1022.59489688,11260247,-9999,349999.8,16.3,-1,-0.905673586,0.4308568,0.572644131,0.487571732,28,0.028985507,1.231884058,N1 S2 O2,de-protonated,0,-9999,C69 H85 O2 N1 S2,69,85,2,1,-9999,2,-9999,-9999
1179,1022.593482,1022.593970742,1022.5940275,11260247,-9999,349999.8,16.3,-1,-0.055503275,0.499720591,0.576212942,0.530317532,29,0.102941176,1.191176471,N1 O7,de-protonated,0,-9999,C68 H81 O7 N1,68,81,7,1,-9999,-9999,-9999,-9999
1179,1022.593482,1022.593970742,1022.593889115,11260247,-9999,349999.8,16.3,-1,0.079823587,0.998844512,0,0.599306707,2,0.425531915,1.978723404,N1 S1 O20,de-protonated,0,-9999,C47 H93 O20 N1 S1,47,93,20,1,-9999,1,-9999,-9999
1179,1022.593482,1022.593970742,1022.593376051,11260247,-9999,349999.8,16.3,-1,0.581552136,0.47023926,0.606448844,0.524723094,20,0.15,1.416666667,N3 S1 O9,de-protonated,0,-9999,C60 H85 O9 N3 S1,60,85,9,3,-9999,1,-9999,-9999
1179,1022.593482,1022.593970742,1022.594378373,11260247,-9999,349999.8,16.3,-1,-0.398623585,0.485789676,0.649019222,0.551081494,6,0.24,1.88,N3 S2 P1 O12,de-protonated,0,-9999,C50 H94 O12 N3 P1 S2,50,94,12,3,1,2,-9999,-9999
1179,1022.593482,1022.593970742,1022.593508993,11260247,-9999,349999.8,16.3,-1,0.451547588,0.963679488,0,0.578207693,7,0.346938776,1.836734694,N3 P1 O17,de-protonated,0,-9999,C49 H90 O17 N3 P1,49,90,17,3,1,-9999,-9999,-9999
1180,1022.643155,1022.643643769,1022.644169549,42389876,-9999,227158.8,66.59,-1,-0.51413716,0.317722826,0.504211037,0.39231811,22,0.014925373,1.402985075,N1 S2 P1 O1,de-protonated,0,-9999,C67 H94 O1 N1 P1 S2,67,94,1,1,1,2,-9999,-9999
1180,1022.643155,1022.643643769,1022.643300169,42389876,-9999,227158.8,66.59,-1,0.335992522,0.326574817,0.508967985,0.399532084,23,0.090909091,1.363636364,N1 P1 O6,de-protonated,0,-9999,C66 H90 O6 N1 P1,66,90,6,1,1,-9999,-9999,-9999
1180,1022.643155,1022.643643769,1022.643028842,42389876,-9999,227158.8,66.59,-1,0.601311155,0.312166176,0.55996373,0.411285198,9,0.196428571,1.732142857,N1 S2 O11,de-protonated,0,-9999,C56 H97 O11 N1 S2,56,97,11,1,-9999,2,-9999,-9999
1180,1022.643155,1022.643643769,1022.64264872,42389876,-9999,227158.8,66.59,-1,0.973017488,0.280718976,0.549245293,0.388129503,14,0.137931034,1.620689655,N3 S1 P1 O8,de-protonated,0,-9999,C58 H94 O8 N3 P1 S1,58,94,8,3,1,1,-9999,-9999
1181,1023.722127,1023.72261635,1023.722085518,25351166,-9999,275200.2,39.06,-1,0.518531121,0.317461344,0.508967985,0.394064001,15,0.03030303,1.590909091,S2 P1 O2,de-protonated,0,-9999,C66 H105 O2 P1 S2,66,105,2,-9999,1,2,-9999,-9999
1181,1023.722127,1023.72261635,1023.72358512,25351166,-9999,275200.2,39.06,-1,-0.946319987,0.283341189,0.481293734,0.362522207,25,0.055555556,1.333333333,O4,de-protonated,0,-9999,C72 H96 O4,72,96,4,-9999,-9999,-9999,-9999,-9999
1181,1023.722127,1023.72261635,1023.722933671,25351166,-9999,275200.2,39.06,-1,-0.309968058,0.49135873,0.590944388,0.531192993,16,0.09375,1.5625,N2 S1 O6,de-protonated,0,-9999,C64 H100 O6 N2 S1,64,100,6,2,-9999,1,-9999,-9999
1181,1023.722127,1023.72261635,1023.723066613,25351166,-9999,275200.2,39.06,-1,-0.439829045,0.482753864,0.635633513,0.543905723,3,0.264150943,1.981132075,N2 P1 O14,de-protonated,0,-9999,C53 H105 O14 N2 P1,53,105,14,2,1,-9999,-9999,-9999
1181,1023.722127,1023.72261635,1023.722553549,25351166,-9999,275200.2,39.06,-1,0.061345831,0.333105795,0.508967985,0.403450671,21,0.045454545,1.46969697,N4 P1 O3,de-protonated,0,-9999,C66 H97 O3 N4 P1,66,97,3,4,1,-9999,-9999,-9999
1181,1023.722127,1023.72261635,1023.722282223,25351166,-9999,275200.2,39.06,-1,0.326384681,0.490428217,0.622788794,0.543372448,7,0.142857143,1.857142857,N4 S2 O8,de-protonated,0,-9999,C56 H104 O8 N4 S2,56,104,8,4,-9999,2,-9999,-9999
1182,1024.698779,1024.699268876,1024.698707046,15554114,-9999,191780.9,23.24,-1,0.54828789,0.473456986,0.590944388,0.520451947,16,0.078125,1.5625,N1 S1 P1 O5,de-protonated,0,-9999,C64 H100 O5 N1 P1 S1,64,100,5,1,1,1,-9999,-9999
1182,1024.698779,1024.699268876,1024.699555199,15554114,-9999,191780.9,23.24,-1,-0.279421686,0.492966502,0.598596236,0.535218396,17,0.14516129,1.532258065,N3 O9,de-protonated,0,-9999,C62 H95 O9 N3,62,95,9,3,-9999,-9999,-9999,-9999
1183,1024.730493,1024.730982893,1024.731721252,9254485,-9999,196726.7,13.06,-1,-0.720538899,0.455048606,0.576212942,0.50351434,20,0.058823529,1.470588235,N1 P1 O4,de-protonated,0,-9999,C68 H100 O4 N1 P1,68,100,4,1,1,-9999,-9999,-9999
1183,1024.730493,1024.730982893,1024.731449926,9254485,-9999,196726.7,13.06,-1,-0.455761269,0.963011217,0,0.57780673,6,0.155172414,1.844827586,N1 S2 O9,de-protonated,0,-9999,C58 H107 O9 N1 S2,58,107,9,1,-9999,2,-9999,-9999
1183,1024.730493,1024.730982893,1024.730580546,9254485,-9999,196726.7,13.06,-1,0.392636827,0.972414819,0,0.583448892,7,0.245614035,1.807017544,N1 O14,de-protonated,0,-9999,C57 H103 O14 N1,57,103,14,1,-9999,-9999,-9999,-9999
1183,1024.730493,1024.730982893,1024.730067482,9254485,-9999,196726.7,13.06,-1,0.893319365,0.432597836,0.569119254,0.487206403,25,0.042857143,1.357142857,N3 O3,de-protonated,0,-9999,C70 H95 O3 N3,70,95,3,3,-9999,-9999,-9999,-9999
1183,1024.730493,1024.730982893,1024.731069803,9254485,-9999,196726.7,13.06,-1,-0.084812873,0.99869565,0,0.59921739,11,0.1,1.733333333,N3 S1 P1 O6,de-protonated,0,-9999,C60 H104 O6 N3 P1 S1,60,104,6,3,1,1,-9999,-9999
1184,1025.470356,1025.470846291,1025.470421184,9148423,-9999,249770.5,12.89,-1,0.41454849,0.484649554,0.562198102,0.515668973,40,0.055555556,0.930555556,P1 O4,de-protonated,0,-9999,C72 H67 O4 P1,72,67,4,-9999,1,-9999,-9999,-9999
1184,1025.470356,1025.470846291,1025.470149858,9148423,-9999,249770.5,12.89,-1,0.679135687,0.45985875,0.598596236,0.515353745,26,0.14516129,1.193548387,S2 O9,de-protonated,0,-9999,C62 H74 O9 S2,62,74,9,-9999,-9999,2,-9999,-9999
1184,1025.470356,1025.470846291,1025.470282799,9148423,-9999,249770.5,12.89,-1,0.54949583,0.94668616,0,0.568011696,13,0.333333333,1.549019608,S1 P1 O17,de-protonated,0,-9999,C51 H79 O17 P1 S1,51,79,17,-9999,1,1,-9999,-9999
1184,1025.470356,1025.470846291,1025.471130953,9148423,-9999,249770.5,12.89,-1,-0.27759097,0.986115447,0,0.591669268,14,0.428571429,1.510204082,N2 O21,de-protonated,0,-9999,C49 H74 O21 N2,49,74,21,2,-9999,-9999,-9999,-9999
1184,1025.470356,1025.470846291,1025.471487268,9148423,-9999,249770.5,12.89,-1,-0.625056039,0.465781665,0.594745702,0.51736728,31,0.079365079,1.111111111,N4 S2 O5,de-protonated,0,-9999,C63 H70 O5 N4 S2,63,70,5,4,-9999,2,-9999,-9999
1184,1025.470356,1025.470846291,1025.470617888,9148423,-9999,249770.5,12.89,-1,0.222729662,0.495519497,0.598596236,0.536750193,32,0.161290323,1.064516129,N4 O10,de-protonated,0,-9999,C62 H66 O10 N4,62,66,10,4,-9999,-9999,-9999,-9999
1184,1025.470356,1025.470846291,1025.47162021,9148423,-9999,249770.5,12.89,-1,-0.754695557,0.901814088,0,0.541088453,18,0.25,1.442307692,N4 S1 P1 O13,de-protonated,0,-9999,C52 H75 O13 N4 P1 S1,52,75,13,4,1,1,-9999,-9999
1184,1025.470356,1025.470846291,1025.470479504,9148423,-9999,249770.5,12.89,-1,0.357676951,0.977054116,0,0.586232469,5,0.56097561,1.902439024,N4 S1 O23,de-protonated,0,-9999,C41 H78 O23 N4 S1,41,78,23,4,-9999,1,-9999,-9999
1185,1026.556241,1026.556731876,1026.555927913,9542269,-9999,272515,13.52,-1,0.783164593,0.447339194,0.594745702,0.506301797,24,0.142857143,1.285714286,N1 S1 O9,de-protonated,0,-9999,C63 H81 O9 N1 S1,63,81,9,1,-9999,1,-9999,-9999
1185,1026.556241,1026.556731876,1026.556930235,9542269,-9999,272515,13.52,-1,-0.193227808,0.99324815,0,0.59594889,10,0.226415094,1.698113208,N1 S2 P1 O12,de-protonated,0,-9999,C53 H90 O12 N1 P1 S2,53,90,12,1,1,2,-9999,-9999
1185,1026.556241,1026.556731876,1026.556060855,9542269,-9999,272515,13.52,-1,0.653661841,0.925400863,0,0.555240518,11,0.326923077,1.653846154,N1 P1 O17,de-protonated,0,-9999,C52 H86 O17 N1 P1,52,86,17,1,1,-9999,-9999,-9999
1185,1026.556241,1026.556731876,1026.556417171,9542269,-9999,272515,13.52,-1,0.306563672,0.491545897,0.583485697,0.528321817,28,0.015151515,1.242424242,N3 S2 P1 O1,de-protonated,0,-9999,C66 H82 O1 N3 P1 S2,66,82,1,3,1,2,-9999,-9999
1186,1026.637771,1026.638261919,1026.639084168,13294251,-9999,205748,19.58,-1,-0.800913087,0.445062936,0.583485697,0.500432041,21,0.03030303,1.424242424,N1 S2 P1 O2,de-protonated,0,-9999,C66 H94 O2 N1 P1 S2,66,94,2,1,1,2,-9999,-9999
1186,1026.637771,1026.638261919,1026.638214788,13294251,-9999,205748,19.58,-1,0.045908277,0.499808829,0.587191358,0.53476184,22,0.107692308,1.384615385,N1 P1 O7,de-protonated,0,-9999,C65 H90 O7 N1 P1,65,90,7,1,1,-9999,-9999,-9999
1186,1026.637771,1026.638261919,1026.637943462,13294251,-9999,205748,19.58,-1,0.310194411,0.491346215,0.627012296,0.545612647,8,0.218181818,1.763636364,N1 S2 O12,de-protonated,0,-9999,C55 H97 O12 N1 S2,55,97,12,1,-9999,2,-9999,-9999
1186,1026.637771,1026.638261919,1026.637430398,13294251,-9999,205748,19.58,-1,0.809946703,0.443889333,0.576212942,0.496818777,26,0.014705882,1.308823529,N3 S2 O1,de-protonated,0,-9999,C68 H89 O1 N3 S2,68,89,1,3,-9999,2,-9999,-9999
1186,1026.637771,1026.638261919,1026.63756334,13294251,-9999,205748,19.58,-1,0.680454229,0.459709192,0.618621811,0.52327424,13,0.157894737,1.649122807,N3 S1 P1 O9,de-protonated,0,-9999,C57 H94 O9 N3 P1 S1,57,94,9,3,1,1,-9999,-9999
1187,1027.329312,1027.329803292,1027.330361906,27122742,-9999,259113.5,41.92,-1,-0.543753285,0.473882592,0.606448844,0.526909093,34,0.166666667,0.933333333,N2 S2 O10,de-protonated,0,-9999,C60 H56 O10 N2 S2,60,56,10,2,-9999,2,-9999,-9999
1187,1027.329312,1027.329803292,1027.329492526,27122742,-9999,259113.5,41.92,-1,0.302498481,0.491766778,0.610452919,0.539241234,35,0.254237288,0.881355932,N2 O15,de-protonated,0,-9999,C59 H52 O15 N2,59,52,15,2,-9999,-9999,-9999,-9999
1187,1027.329312,1027.329803292,1027.330494848,27122742,-9999,259113.5,41.92,-1,-0.673158241,0.460533719,0.653607294,0.537763149,21,0.367346939,1.244897959,N2 S1 P1 O18,de-protonated,0,-9999,C49 H61 O18 N2 P1 S1,49,61,18,2,1,1,-9999,-9999
1187,1027.329312,1027.329803292,1027.329981783,27122742,-9999,259113.5,41.92,-1,-0.173743336,0.497268814,0.598596236,0.537799783,39,0.112903226,0.85483871,N4 S1 P1 O7,de-protonated,0,-9999,C62 H53 O7 N4 P1 S1,62,53,7,4,1,1,-9999,-9999
1187,1027.329312,1027.329803292,1027.328841077,27122742,-9999,259113.5,41.92,-1,0.936617617,0.426422984,0.644495114,0.513651836,26,0.333333333,1.098039216,N4 S1 O17,de-protonated,0,-9999,C51 H56 O17 N4 S1,51,56,17,4,-9999,1,-9999,-9999
1187,1027.329312,1027.329803292,1027.329843399,27122742,-9999,259113.5,41.92,-1,-0.039040342,0.499861742,0.692787115,0.577031891,12,0.487804878,1.585365854,N4 S2 P1 O20,de-protonated,0,-9999,C41 H65 O20 N4 P1 S2,41,65,20,4,1,2,-9999,-9999
1187,1027.329312,1027.329803292,1027.328974019,27122742,-9999,259113.5,41.92,-1,0.807212278,0.444245638,0.698017357,0.545754325,13,0.625,1.525,N4 P1 O25,de-protonated,0,-9999,C40 H61 O25 N4 P1,40,61,25,4,1,-9999,-9999,-9999
1188,1027.433476,1027.433967348,1027.434429598,12295282,-9999,246519.7,17.97,-1,-0.449906938,0.481969067,0.579826515,0.521112046,36,0.119402985,0.970149254,P1 O8,de-protonated,0,-9999,C67 H65 O8 P1,67,65,8,-9999,1,-9999,-9999,-9999
1188,1027.433476,1027.433967348,1027.434158271,12295282,-9999,246519.7,17.97,-1,-0.18582574600000001,0.496876973,0.618621811,0.545574908,22,0.22807017500000001,1.263157895,S2 O13,de-protonated,0,-9999,C57 H72 O13 S2,57,72,13,-9999,-9999,2,-9999,-9999
1188,1027.433476,1027.433967348,1027.433288892,12295282,-9999,246519.7,17.97,-1,0.660340831,0.461964199,0.622788794,0.526294037,23,0.321428571,1.214285714,O18,de-protonated,0,-9999,C56 H68 O18,56,68,18,-9999,-9999,-9999,-9999,-9999
1188,1027.433476,1027.433967348,1027.434291213,12295282,-9999,246519.7,17.97,-1,-0.315217675,0.491066208,0.667769153,0.561747386,9,0.456521739,1.673913043,S1 P1 O21,de-protonated,0,-9999,C46 H77 O21 P1 S1,46,77,21,-9999,1,1,-9999,-9999
1188,1027.433476,1027.433967348,1027.433645207,12295282,-9999,246519.7,17.97,-1,0.313539014,0.491160262,0.569119254,0.522343859,40,0.028571429,0.914285714,N2 S2 O2,de-protonated,0,-9999,C70 H64 O2 N2 S2,70,64,2,2,-9999,2,-9999,-9999
1188,1027.433476,1027.433967348,1027.433778149,12295282,-9999,246519.7,17.97,-1,0.184146955,0.496932974,0.610452919,0.542340952,27,0.169491525,1.169491525,N2 S1 P1 O10,de-protonated,0,-9999,C59 H69 O10 N2 P1 S1,59,69,10,2,1,1,-9999,-9999
1188,1027.433476,1027.433967348,1027.433639764,12295282,-9999,246519.7,17.97,-1,0.318836389,0.981723612,0,0.589034167,0,0.605263158,2.131578947,N2 S2 P1 O23,de-protonated,0,-9999,C38 H81 O23 N2 P1 S2,38,81,23,2,1,2,-9999,-9999
1188,1027.433476,1027.433967348,1027.4331267,12295282,-9999,246519.7,17.97,-1,0.818201652,0.442808129,0.644495114,0.523482923,18,0.235294118,1.431372549,N4 S2 P1 O12,de-protonated,0,-9999,C51 H73 O12 N4 P1 S2,51,73,12,4,1,2,-9999,-9999
1188,1027.433476,1027.433967348,1027.434626302,12295282,-9999,246519.7,17.97,-1,-0.641358926,0.464040004,0.618621811,0.525872727,28,0.245614035,1.122807018,N4 O14,de-protonated,0,-9999,C57 H64 O14 N4,57,64,14,4,-9999,-9999,-9999,-9999
1189,1028.313163,1028.313654821,1028.314377489,50781796,-9999,223603.9,80.14,-1,-0.702769102,0.304761137,0.538793609,0.398374126,34,0.183333333,0.916666667,N1 S2 O11,de-protonated,0,-9999,C60 H55 O11 N1 S2,60,55,11,1,-9999,2,-9999,-9999
1189,1028.313163,1028.313654821,1028.313508109,50781796,-9999,223603.9,80.14,-1,0.142672733,0.332104444,0.543986559,0.41685729,35,0.271186441,0.86440678,N1 O16,de-protonated,0,-9999,C59 H51 O16 N1,59,51,16,1,-9999,-9999,-9999,-9999
1189,1028.313163,1028.313654821,1028.314510431,50781796,-9999,223603.9,80.14,-1,-0.832050207,0.293983809,0.599686074,0.416264715,21,0.387755102,1.224489796,N1 S1 P1 O19,de-protonated,0,-9999,C49 H60 O19 N1 P1 S1,49,60,19,1,1,1,-9999,-9999
1189,1028.313163,1028.313654821,1028.313997366,50781796,-9999,223603.9,80.14,-1,-0.333113283,0.326688996,0.528601492,0.407453994,39,0.129032258,0.838709677,N3 S1 P1 O8,de-protonated,0,-9999,C62 H52 O8 N3 P1 S1,62,52,8,3,1,1,-9999,-9999
1189,1028.313163,1028.313654821,1028.31285666,50781796,-9999,223603.9,80.14,-1,0.776184965,0.298815657,0.587975334,0.414479528,26,0.352941176,1.078431373,N3 S1 O18,de-protonated,0,-9999,C51 H55 O18 N3 S1,51,55,18,3,-9999,1,-9999,-9999
1189,1028.313163,1028.313654821,1028.313858982,50781796,-9999,223603.9,80.14,-1,-0.19853921,0.496436603,0.692787115,0.574976808,12,0.512195122,1.56097561,N3 S2 P1 O21,de-protonated,0,-9999,C41 H64 O21 N3 P1 S2,41,64,21,3,1,2,-9999,-9999
1190,1028.365113,1028.365604849,1028.366019139,24501888,-9999,276084.5,37.69,-1,-0.402862638,0.485490288,0.587191358,0.526170716,37,0.107692308,0.907692308,N1 S2 O7,de-protonated,0,-9999,C65 H59 O7 N1 S2,65,59,7,1,-9999,2,-9999,-9999
1190,1028.365113,1028.365604849,1028.36514976,24501888,-9999,276084.5,37.69,-1,0.442536994,0.482544609,0.590944388,0.525904521,38,0.1875,0.859375,N1 O12,de-protonated,0,-9999,C64 H55 O12 N1,64,55,12,1,-9999,-9999,-9999,-9999
1190,1028.365113,1028.365604849,1028.366152081,24501888,-9999,276084.5,37.69,-1,-0.53213729,0.474958417,0.631293472,0.537492439,24,0.277777778,1.185185185,N1 S1 P1 O15,de-protonated,0,-9999,C54 H64 O15 N1 P1 S1,54,64,15,1,1,1,-9999,-9999
1190,1028.365113,1028.365604849,1028.365011375,24501888,-9999,276084.5,37.69,-1,0.577104477,0.470679168,0.6825583,0.555430821,11,0.581395349,1.558139535,N1 S1 O25,de-protonated,0,-9999,C43 H67 O25 N1 S1,43,67,25,1,-9999,1,-9999,-9999
1190,1028.365113,1028.365604849,1028.365500633,24501888,-9999,276084.5,37.69,-1,0.101342083,0.499069109,0.667769153,0.566549126,15,0.369565217,1.47826087,N3 S2 P1 O17,de-protonated,0,-9999,C46 H68 O17 N3 P1 S2,46,68,17,3,1,2,-9999,-9999
1190,1028.365113,1028.365604849,1028.364631253,24501888,-9999,276084.5,37.69,-1,0.946742568,0.424950096,0.672627142,0.524020914,16,0.488888889,1.422222222,N3 P1 O22,de-protonated,0,-9999,C45 H64 O22 N3 P1,45,64,22,3,1,-9999,-9999,-9999
1191,1028.369204,1028.369695851,1028.369523385,9068161,-9999,422804.5,12.76,-1,0.167709078,0.994909514,0,0.596945708,19,0.294117647,1.333333333,N1 S2 P1 O15,de-protonated,0,-9999,C51 H68 O15 N1 P1 S2,51,68,15,1,1,2,-9999,-9999
1191,1028.369204,1028.369695851,1028.36901032,9068161,-9999,422804.5,12.76,-1,0.66661981,0.461266318,0.590944388,0.51313754600000006,37,0.0625,0.9375,N3 S2 P1 O4,de-protonated,0,-9999,C64 H60 O4 N3 P1 S2,64,60,4,3,1,2,-9999,-9999
1191,1028.369204,1028.369695851,1028.370371538,9068161,-9999,422804.5,12.76,-1,-0.657045637,0.924656441,0,0.554793865,20,0.387755102,1.285714286,N3 S1 O19,de-protonated,0,-9999,C49 H63 O19 N3 S1,49,63,19,3,-9999,1,-9999,-9999
1192,1028.552943,1028.55343495,1028.554091239,16146152,-9999,278654.9,24.19,-1,-0.638069331,0.464394519,0.558800271,0.50215682,37,0.02739726,1.04109589,N1 P1 O2,de-protonated,0,-9999,C73 H76 O2 N1 P1,73,76,2,1,1,-9999,-9999,-9999
1192,1028.552943,1028.55343495,1028.553819913,16146152,-9999,278654.9,24.19,-1,-0.374275661,0.487451284,0.594745702,0.530369051,23,0.111111111,1.317460317,N1 S2 O7,de-protonated,0,-9999,C63 H83 O7 N1 S2,63,83,7,1,-9999,2,-9999,-9999
1192,1028.552943,1028.55343495,1028.552950533,16146152,-9999,278654.9,24.19,-1,0.470969636,0.480275804,0.598596236,0.527603977,24,0.193548387,1.274193548,N1 O12,de-protonated,0,-9999,C62 H79 O12 N1,62,79,12,1,-9999,-9999,-9999,-9999
1192,1028.552943,1028.55343495,1028.553952855,16146152,-9999,278654.9,24.19,-1,-0.503526713,0.477518906,0.640033642,0.5425248,10,0.288461538,1.692307692,N1 S1 P1 O15,de-protonated,0,-9999,C52 H88 O15 N1 P1 S1,52,88,15,1,1,1,-9999,-9999
1192,1028.552943,1028.55343495,1028.55343979,16146152,-9999,278654.9,24.19,-1,-0.004705775,0.499997991,0.587191358,0.534875338,28,0.061538462,1.230769231,N3 S1 P1 O4,de-protonated,0,-9999,C65 H80 O4 N3 P1 S1,65,80,4,3,1,1,-9999,-9999
1192,1028.552943,1028.55343495,1028.553301406,16146152,-9999,278654.9,24.19,-1,0.129837014,0.498472937,0.677556332,0.570106295,1,0.386363636,2.090909091,N3 S2 P1 O17,de-protonated,0,-9999,C44 H92 O17 N3 P1 S2,44,92,17,3,1,2,-9999,-9999
1192,1028.552943,1028.55343495,1028.552432026,16146152,-9999,278654.9,24.19,-1,0.975083163,0.420771114,0.6825583,0.525485989,2,0.511627907,2.046511628,N3 P1 O22,de-protonated,0,-9999,C43 H88 O22 N3 P1,43,88,22,3,1,-9999,-9999,-9999
1193,1029.29969,1029.300182352,1029.300894995,9158791,-9999,207219.4,12.9,-1,-0.692356237,0.916696597,0,0.550017958,30,0.303571429,0.964285714,S1 O17,de-protonated,0,-9999,C56 H54 O17 S1,56,54,17,-9999,-9999,1,-9999,-9999
1193,1029.29969,1029.300182352,1029.301027937,9158791,-9999,207219.4,12.9,-1,-0.821513436,0.884744059,0,0.530846436,17,0.555555556,1.311111111,P1 O25,de-protonated,0,-9999,C45 H59 O25 P1,45,59,25,-9999,1,-9999,-9999,-9999
1193,1029.29969,1029.300182352,1029.300514873,9158791,-9999,207219.4,12.9,-1,-0.323054705,0.981241401,0,0.588744841,35,0.24137931,0.879310345,N2 P1 O14,de-protonated,0,-9999,C58 H51 O14 N2 P1,58,51,14,2,1,-9999,-9999,-9999
1193,1029.29969,1029.300182352,1029.300243547,9158791,-9999,207219.4,12.9,-1,-0.059452249,0.999358863,0,0.599615318,21,0.395833333,1.208333333,N2 S2 O19,de-protonated,0,-9999,C48 H58 O19 N2 S2,48,58,19,2,-9999,2,-9999,-9999
1193,1029.29969,1029.300182352,1029.299374167,9158791,-9999,207219.4,12.9,-1,0.785180362,0.894165316,0,0.53649919,22,0.510638298,1.14893617,N2 O24,de-protonated,0,-9999,C47 H54 O24 N2,47,54,24,2,-9999,-9999,-9999,-9999
1193,1029.29969,1029.300182352,1029.299730482,9158791,-9999,207219.4,12.9,-1,0.439007242,0.965634263,0,0.579380558,39,0.131147541,0.819672131,N4 S2 O8,de-protonated,0,-9999,C61 H50 O8 N4 S2,61,50,8,4,-9999,2,-9999,-9999
1193,1029.29969,1029.300182352,1029.299863424,9158791,-9999,207219.4,12.9,-1,0.30984975,0.982730536,0,0.589638322,26,0.32,1.1,N4 S1 P1 O16,de-protonated,0,-9999,C50 H55 O16 N4 P1 S1,50,55,16,4,1,1,-9999,-9999
1194,1031.223689,1031.224182388,1031.223646994,16966812,-9999,286325.3,25.51,-1,0.519182697,0.476133598,0.662980834,0.550872492,22,0.425531915,1.127659574,S2 P1 O20,de-protonated,0,-9999,C47 H53 O20 P1 S2,47,53,20,-9999,1,2,-9999,-9999
1194,1031.223689,1031.224182388,1031.225146596,16966812,-9999,286325.3,25.51,-1,-0.935012474,0.426655497,0.635633513,0.510246703,32,0.41509434,0.830188679,O22,de-protonated,0,-9999,C53 H44 O22,53,44,22,-9999,-9999,-9999,-9999,-9999
1194,1031.223689,1031.224182388,1031.224495148,16966812,-9999,286325.3,25.51,-1,-0.30328963,0.491724015,0.672627142,0.564085266,23,0.533333333,1.066666667,N2 S1 O24,de-protonated,0,-9999,C45 H48 O24 N2 S1,45,48,24,2,-9999,1,-9999,-9999
1194,1031.223689,1031.224182388,1031.224984405,16966812,-9999,286325.3,25.51,-1,-0.777732365,0.448027969,0.658260696,0.53212106,27,0.333333333,1.020833333,N4 S2 P1 O16,de-protonated,0,-9999,C48 H49 O16 N4 P1 S2,48,49,16,4,1,2,-9999,-9999
1194,1031.223689,1031.224182388,1031.224115025,16966812,-9999,286325.3,25.51,-1,0.065323166,0.499613019,0.662980834,0.564960145,28,0.446808511,0.957446809,N4 P1 O21,de-protonated,0,-9999,C47 H45 O21 N4 P1,47,45,21,4,1,-9999,-9999,-9999
1195,1031.227141,1031.22763439,1031.2285179,16114846,-9999,284559.9,24.14,-1,-0.856754659,0.437650035,0.649019222,0.522197709,27,0.44,0.96,S1 O22,de-protonated,0,-9999,C50 H48 O22 S1,50,48,22,-9999,-9999,1,-9999,-9999
1195,1031.227141,1031.22763439,1031.228137777,16114846,-9999,284559.9,24.14,-1,-0.488143505,0.478842515,0.640033642,0.543318966,32,0.365384615,0.865384615,N2 P1 O19,de-protonated,0,-9999,C52 H45 O19 N2 P1,52,45,19,2,1,-9999,-9999,-9999
1195,1031.227141,1031.22763439,1031.227866451,16114846,-9999,284559.9,24.14,-1,-0.225033831,0.495426742,0.68763467,0.572309913,18,0.571428571,1.238095238,N2 S2 O24,de-protonated,0,-9999,C42 H52 O24 N2 S2,42,52,24,2,-9999,2,-9999,-9999
1195,1031.227141,1031.22763439,1031.227353387,16114846,-9999,284559.9,24.14,-1,0.272493831,0.493308633,0.627012296,0.546790098,36,0.236363636,0.8,N4 S2 O13,de-protonated,0,-9999,C55 H44 O13 N4 S2,55,44,13,4,-9999,2,-9999,-9999
1195,1031.227141,1031.22763439,1031.227486328,16114846,-9999,284559.9,24.14,-1,0.143577789,0.498133249,0.677556332,0.569902482,23,0.477272727,1.113636364,N4 S1 P1 O21,de-protonated,0,-9999,C44 H49 O21 N4 P1 S1,44,49,21,4,1,1,-9999,-9999
1196,1033.103324,1033.1038184,1033.103137936,15722618,-9999,302654.6,23.5,-1,0.658659971,0.462150076,0.631293472,0.529807434,38,0.296296296,0.648148148,S2 P1 O16,de-protonated,0,-9999,C54 H35 O16 P1 S2,54,35,16,-9999,1,2,-9999,-9999
1196,1033.103324,1033.1038184,1033.103986089,15722618,-9999,302654.6,23.5,-1,-0.162316175,0.497615432,0.640033642,0.554582716,39,0.384615385,0.576923077,N2 S1 O20,de-protonated,0,-9999,C52 H30 O20 N2 S1,52,30,20,2,-9999,1,-9999,-9999
1196,1033.103324,1033.1038184,1033.103334641,15722618,-9999,302654.6,23.5,-1,0.468258282,0.480497778,0.677556332,0.559321199,30,0.5,0.772727273,N4 S2 O22,de-protonated,0,-9999,C44 H34 O22 N4 S2,44,34,22,4,-9999,2,-9999,-9999
1197,1033.990917,1033.991411878,1033.991732304,13986370,-9999,354859.4,20.7,-1,-0.309892357,0.491362914,0.667769153,0.56192541,37,0.52173913,0.47826087,N1 S1 P1 O24,de-protonated,0,-9999,C46 H22 O24 N1 P1 S1,46,22,24,1,1,1,-9999,-9999
1198,1033.995953,1033.99644788,1033.9959987,26569284,-9999,259008.1,41.02,-1,0.434411996,0.322112583,0.508967985,0.396854744,1,0.015151515,2.045454545,N2 S1 P1 O1,de-protonated,0,-9999,C66 H135 O1 N2 P1 S1,66,135,1,2,1,1,-9999,-9999
1198,1033.995953,1033.99644788,1033.996846853,26569284,-9999,259008.1,41.02,-1,-0.385855049,0.324448936,0.51866191,0.402134126,2,0.078125,2.03125,N4 O5,de-protonated,0,-9999,C64 H130 O5 N4,64,130,5,4,-9999,-9999,-9999,-9999
1199,1034.046431,1034.046925907,1034.047151093,8841822,-9999,293630.1,12.39,-1,-0.217771358,0.495715915,0.576212942,0.527914726,0,0.073529412,2.029411765,O5,de-protonated,0,-9999,C68 H138 O5,68,138,5,-9999,-9999,-9999,-9999,-9999
1199,1034.046431,1034.046925907,1034.046745258,8841822,-9999,293630.1,12.39,-1,0.174701761,0.994477364,0,0.596686419,35,0.416666667,0.625,N1 S2 P1 O20,de-protonated,0,-9999,C48 H30 O20 N1 P1 S2,48,30,20,1,1,2,-9999,-9999
1199,1034.046431,1034.046925907,1034.047593411,8841822,-9999,293630.1,12.39,-1,-0.645524816,0.927177659,0,0.556306595,36,0.52173913,0.543478261,N3 S1 O24,de-protonated,0,-9999,C46 H25 O24 N3 S1,46,25,24,3,-9999,1,-9999,-9999
1200,1034.344205,1034.344700068,1034.343702559,14363382,-9999,220337.5,21.3,-1,0.964387857,0.422357811,0.653607294,0.514857604,18,0.346938776,1.346938776,N1 S2 P1 O17,de-protonated,0,-9999,C49 H66 O17 N1 P1 S2,49,66,17,1,1,2,-9999,-9999
1200,1034.344205,1034.344700068,1034.345202161,14363382,-9999,220337.5,21.3,-1,-0.485421446,0.479072825,0.627012296,0.538248613,28,0.345454545,1.036363636,N1 O19,de-protonated,0,-9999,C55 H57 O19 N1,55,57,19,1,-9999,-9999,-9999,-9999
1200,1034.344205,1034.344700068,1034.345691418,14363382,-9999,220337.5,21.3,-1,-0.958432661,0.423236268,0.614510218,0.499745848,32,0.189655172,1,N3 S1 P1 O11,de-protonated,0,-9999,C58 H58 O11 N3 P1 S1,58,58,11,3,1,1,-9999,-9999
1200,1034.344205,1034.344700068,1034.344550712,14363382,-9999,220337.5,21.3,-1,0.144396117,0.49811195,0.662980834,0.564059503,19,0.446808511,1.29787234,N3 S1 O21,de-protonated,0,-9999,C47 H61 O21 N3 S1,47,61,21,3,-9999,1,-9999,-9999
1200,1034.344205,1034.344700068,1034.345553034,14363382,-9999,220337.5,21.3,-1,-0.824643429,0.883917292,0,0.530350375,5,0.648648649,1.891891892,N3 S2 P1 O24,de-protonated,0,-9999,C37 H70 O24 N3 P1 S2,37,70,24,3,1,2,-9999,-9999
1201,1035.937207,1035.937702925,1035.937223975,47115792,-9999,238891.6,74.21,-1,0.462334716,0.320652415,0.508967985,0.395978643,7,0.03030303,1.878787879,N4 S1 O2,de-protonated,0,-9999,C66 H124 O2 N4 S1,66,124,2,4,-9999,1,-9999,-9999
1202,1035.989089,1035.989584953,1035.990030139,9137706,-9999,278021.6,12.86,-1,-0.429720255,0.483524447,0.583485697,0.523508947,1,0.106060606,2,O7,de-protonated,0,-9999,C66 H132 O7,66,132,7,-9999,-9999,-9999,-9999,-9999
1202,1035.989089,1035.989584953,1035.989624303,9137706,-9999,278021.6,12.86,-1,-0.037983257,0.999738253,0,0.599842952,36,0.47826087,0.52173913,N1 S2 P1 O22,de-protonated,0,-9999,C46 H24 O22 N1 P1 S2,46,24,22,1,1,2,-9999,-9999
1203,1036.287096,1036.287592114,1036.286581605,12070587,-9999,168164.9,17.6,-1,0.975124644,0.420764938,0.662980834,0.517651296,19,0.404255319,1.276595745,N1 S2 P1 O19,de-protonated,0,-9999,C47 H60 O19 N1 P1 S2,47,60,19,1,1,2,-9999,-9999
1203,1036.287096,1036.287592114,1036.288081207,12070587,-9999,168164.9,17.6,-1,-0.471966507,0.480193895,0.635633513,0.542369743,29,0.396226415,0.962264151,N1 O21,de-protonated,0,-9999,C53 H51 O21 N1,53,51,21,1,-9999,-9999,-9999,-9999
1203,1036.287096,1036.287592114,1036.288570464,12070587,-9999,168164.9,17.6,-1,-0.944090906,0.425336873,0.622788794,0.504317642,33,0.232142857,0.928571429,N3 S1 P1 O13,de-protonated,0,-9999,C56 H52 O13 N3 P1 S1,56,52,13,3,1,1,-9999,-9999
1203,1036.287096,1036.287592114,1036.287429758,12070587,-9999,168164.9,17.6,-1,0.156670254,0.995556142,0,0.597333685,20,0.511111111,1.222222222,N3 S1 O23,de-protonated,0,-9999,C45 H55 O23 N3 S1,45,55,23,3,-9999,1,-9999,-9999
1204,1037.045471,1037.045967522,1037.046410905,11137066,-9999,299614,16.09,-1,-0.42754425,0.967376272,0,0.580425763,34,0.4375,0.645833333,S2 P1 O21,de-protonated,0,-9999,C48 H31 O21 P1 S2,48,31,21,-9999,1,2,-9999,-9999
1204,1037.045471,1037.045967522,1037.046878936,11137066,-9999,299614,16.09,-1,-0.878855044,0.869229181,0,0.521537508,40,0.458333333,0.479166667,N4 P1 O22,de-protonated,0,-9999,C48 H23 O22 N4 P1,48,23,22,4,1,-9999,-9999,-9999
1205,1037.888175,1037.888671975,1037.889150847,13005244,-9999,348740.2,19.11,-1,-0.461389765,0.973898336,0.963530761,0.969751306,2,0.046875,1.984375,S2 P1 O3,de-protonated,0,-9999,C64 H127 O3 P1 S2,64,127,3,-9999,1,2,-9999,-9999
1205,1037.888175,1037.888671975,1037.888281467,13005244,-9999,348740.2,19.11,-1,0.376252864,0.48732005,0.594745702,0.530290311,3,0.126984127,1.952380952,P1 O8,de-protonated,0,-9999,C63 H123 O8 P1,63,123,8,-9999,1,-9999,-9999,-9999
1205,1037.888175,1037.888671975,1037.889618877,13005244,-9999,348740.2,19.11,-1,-0.91233409,0.927337751,0.963530761,0.941814955,8,0.0625,1.859375,N4 P1 O4,de-protonated,0,-9999,C64 H119 O4 N4 P1,64,119,4,4,1,-9999,-9999,-9999
1206,1037.994862,1037.9953590330001,1037.995784225,10088942,-9999,219130.9,14.4,-1,-0.409627774,0.485006325,0.576212942,0.521488972,5,0.058823529,1.911764706,N2 O4,de-protonated,0,-9999,C68 H130 O4 N2,68,130,4,2,-9999,-9999,-9999,-9999
1206,1037.994862,1037.9953590330001,1037.995378389,10088942,-9999,219130.9,14.4,-1,-0.018647735,0.999936905,0,0.599962143,40,0.395833333,0.458333333,N3 S2 P1 O19,de-protonated,0,-9999,C48 H22 O19 N3 P1 S2,48,22,19,3,1,2,-9999,-9999
1207,1038.045123,1038.04562006,1038.046530782,24965638,-9999,244803.5,38.43,-1,-0.877342653,0.434824098,0.649019222,0.520502148,39,0.46,0.5,N1 S1 O23,de-protonated,0,-9999,C50 H25 O23 N1 S1,50,25,23,1,-9999,1,-9999,-9999
1207,1038.045123,1038.04562006,1038.045879334,24965638,-9999,244803.5,38.43,-1,-0.249771058,0.494372023,0.68763467,0.571677082,30,0.595238095,0.69047619,N3 S2 O25,de-protonated,0,-9999,C42 H29 O25 N3 S2,42,29,25,3,-9999,2,-9999,-9999
1208,1038.098683,1038.099180089,1038.099174755,12202527,-9999,211254.3,17.81,-1,0.005138327,0.999995209,0,0.599997126,28,0.488888889,0.844444444,N1 S2 P1 O22,de-protonated,0,-9999,C45 H38 O22 N1 P1 S2,45,38,22,1,1,2,-9999,-9999
1209,1038.237936,1038.238433164,1038.238843565,26047072,-9999,200677.1,40.17,-1,-0.395286288,0.486023275,0.622788794,0.540729483,33,0.232142857,0.892857143,N1 S2 P1 O13,de-protonated,0,-9999,C56 H50 O13 N1 P1 S2,56,50,13,1,1,2,-9999,-9999
1209,1038.237936,1038.238433164,1038.237974185,26047072,-9999,200677.1,40.17,-1,0.442074267,0.482580451,0.627012296,0.540353189,34,0.327272727,0.836363636,N1 P1 O18,de-protonated,0,-9999,C55 H46 O18 N1 P1,55,46,18,1,1,-9999,-9999,-9999
1209,1038.237936,1038.238433164,1038.237702859,26047072,-9999,200677.1,40.17,-1,0.703407755,0.45706722,0.672627142,0.543291189,20,0.511111111,1.177777778,N1 S2 O23,de-protonated,0,-9999,C45 H53 O23 N1 S2,45,53,23,1,-9999,2,-9999,-9999
1210,1038.83443,1038.834927485,1038.83512715,22475638,-9999,288074.8,34.41,-1,-0.192201194,0.496659732,0.587191358,0.532872383,8,0.061538462,1.8,N1 S2 O4,de-protonated,0,-9999,C65 H117 O4 N1 S2,65,117,4,1,-9999,2,-9999,-9999
1210,1038.83443,1038.834927485,1038.83425777,22475638,-9999,288074.8,34.41,-1,0.644678892,0.463680646,0.590944388,0.514586143,9,0.140625,1.765625,N1 O9,de-protonated,0,-9999,C64 H113 O9 N1,64,113,9,1,-9999,-9999,-9999,-9999
1210,1038.83443,1038.834927485,1038.834747028,22475638,-9999,288074.8,34.41,-1,0.17371114000000001,0.497269823,0.579826515,0.53029250000000006,13,0.014925373,1.701492537,N3 S1 P1 O1,de-protonated,0,-9999,C67 H114 O1 N3 P1 S1,67,114,1,3,1,1,-9999,-9999
1211,1038.83966,1038.840157488,1038.840130997,32338808,-9999,204001,50.34,-1,0.025500135,0.499941009,0.618621811,0.54741333,0,0.245614035,2.052631579,N1 O14,de-protonated,0,-9999,C57 H117 O14 N1,57,117,14,1,-9999,-9999,-9999,-9999
1211,1038.83966,1038.840157488,1038.839617933,32338808,-9999,204001,50.34,-1,0.519382207,0.317410465,0.49029038,0.386562431,18,0.042857143,1.557142857,N3 O3,de-protonated,0,-9999,C70 H109 O3 N3,70,109,3,3,-9999,-9999,-9999,-9999
1211,1038.83966,1038.840157488,1038.840620254,32338808,-9999,204001,50.34,-1,-0.445464663,0.321544689,0.538793609,0.408444257,4,0.1,1.966666667,N3 S1 P1 O6,de-protonated,0,-9999,C60 H118 O6 N3 P1 S1,60,118,6,3,1,1,-9999,-9999
1212,1038.892301,1038.892798516,1038.892505682,10449809,-9999,282606.3,14.98,-1,0.281871327,0.985687058,0.963530761,0.976824539,2,0.046875,1.984375,13C1 S2 P1 O3,de-protonated,1,1205,C63 H127 O3 P1 S2 13C1,63,127,3,-9999,1,2,1,-9999
1212,1038.892301,1038.892798516,1038.892642028,10449809,-9999,282606.3,14.98,-1,0.150629991,0.497945751,0.594745702,0.536665731,2,0.079365079,1.984126984,N1 S2 O5,de-protonated,0,-9999,C63 H125 O5 N1 S2,63,125,5,1,-9999,2,-9999,-9999
1212,1038.892301,1038.892798516,1038.891772648,10449809,-9999,282606.3,14.98,-1,0.987464033,0.418920082,0.598596236,0.490790544,3,0.161290323,1.951612903,N1 O10,de-protonated,0,-9999,C62 H121 O10 N1,62,121,10,1,-9999,-9999,-9999,-9999
1212,1038.892301,1038.892798516,1038.892261905,10449809,-9999,282606.3,14.98,-1,0.516522193,0.476371715,0.587191358,0.520699572,7,0.030769231,1.876923077,N3 S1 P1 O2,de-protonated,0,-9999,C65 H122 O2 N3 P1 S1,65,122,2,3,1,1,-9999,-9999
1212,1038.892301,1038.892798516,1038.892973713,10449809,-9999,282606.3,14.98,-1,-0.168637814,0.994853124,0.963530761,0.982324179,8,0.0625,1.859375,13C1 N4 P1 O4,de-protonated,1,1205,C63 H119 O4 N4 P1 13C1,63,119,4,4,1,-9999,1,-9999
1213,1038.943716,1038.944213544,1038.944283678,8696744,-9999,306742.6,12.15,-1,-0.067505616,0.499586739,0.576212942,0.53023722,5,0.014705882,1.897058824,N1 S2 O1,de-protonated,0,-9999,C68 H129 O1 N1 S2,68,129,1,1,-9999,2,-9999,-9999
1213,1038.943716,1038.944213544,1038.943414298,8696744,-9999,306742.6,12.15,-1,0.769286647,0.449091392,0.579826515,0.501385441,6,0.089552239,1.865671642,N1 O6,de-protonated,0,-9999,C67 H125 O6 N1,67,125,6,1,-9999,-9999,-9999,-9999
1214,1039.052795,1039.053292602,1039.052570826,10810331,-9999,246825.9,15.56,-1,0.694648165,0.458083995,0.569119254,0.502498099,3,0.042857143,1.957142857,N1 O3,de-protonated,0,-9999,C70 H137 O3 N1,70,137,3,1,-9999,-9999,-9999,-9999
1214,1039.052795,1039.053292602,1039.053013144,10810331,-9999,246825.9,15.56,-1,0.268954931,0.986960353,0,0.592176212,39,0.458333333,0.5,N4 S1 O22,de-protonated,0,-9999,C48 H24 O22 N4 S1,48,24,22,4,-9999,1,-9999,-9999
1214,1039.052795,1039.053292602,1039.054015465,10810331,-9999,246825.9,15.56,-1,-0.695693542,0.915926407,0,0.549555844,25,0.657894737,0.868421053,N4 S2 P1 O25,de-protonated,0,-9999,C38 H33 O25 N4 P1 S2,38,33,25,4,1,2,-9999,-9999
1215,1040.197536,1040.198034218,1040.197826905,10941923,-9999,199845.5,15.77,-1,0.199301545,0.496409284,0.622788794,0.546961088,39,0.285714286,0.696428571,N3 S1 O16,de-protonated,0,-9999,C56 H39 O16 N3 S1,56,39,16,3,-9999,1,-9999,-9999
1215,1040.197536,1040.198034218,1040.198829227,10941923,-9999,199845.5,15.77,-1,-0.764285196,0.899433679,0,0.539660208,25,0.413043478,1.043478261,N3 S2 P1 O19,de-protonated,0,-9999,C46 H48 O19 N3 P1 S2,46,48,19,3,1,2,-9999,-9999
1215,1040.197536,1040.198034218,1040.197959847,10941923,-9999,199845.5,15.77,-1,0.071497260000000007,0.99907289,0,0.599443734,26,0.533333333,0.977777778,N3 P1 O24,de-protonated,0,-9999,C45 H44 O24 N3 P1,45,44,24,3,1,-9999,-9999,-9999
1216,1040.79926,1040.799758542,1040.79940689,10548975,-9999,289680.7,15.14,-1,0.337867521,0.489749934,0.569119254,0.521497662,18,0.042857143,1.542857143,N1 P1 O3,de-protonated,0,-9999,C70 H108 O3 N1 P1,70,108,3,1,1,-9999,-9999,-9999
1216,1040.79926,1040.799758542,1040.799135564,10548975,-9999,289680.7,15.14,-1,0.598557834,0.468530035,0.606448844,0.523697559,4,0.133333333,1.916666667,N1 S2 O8,de-protonated,0,-9999,C60 H115 O8 N1 S2,60,115,8,1,-9999,2,-9999,-9999
1216,1040.79926,1040.799758542,1040.798755441,10548975,-9999,289680.7,15.14,-1,0.963779972,0.422447646,0.598596236,0.492907082,9,0.080645161,1.806451613,N3 S1 P1 O5,de-protonated,0,-9999,C62 H112 O5 N3 P1 S1,62,112,5,3,1,1,-9999,-9999
1217,1040.903228,1040.903726598,1040.904540666,13104925,-9999,410104.4,19.27,-1,-0.782077258,0.447477361,0.576212942,0.498971593,11,0.029411765,1.764705882,N3 P1 O2,de-protonated,0,-9999,C68 H120 O2 N3 P1,68,120,2,3,1,-9999,-9999,-9999
1218,1040.907457,1040.907955601,1040.908292092,31258398,-9999,279195.2,48.59,-1,-0.323267031,0.327072323,0.523600568,0.405683621,1,0.079365079,2.015873016,N1 S2 O5,de-protonated,0,-9999,C63 H127 O5 N1 S2,63,127,5,1,-9999,2,-9999,-9999
1218,1040.907457,1040.907955601,1040.907422712,31258398,-9999,279195.2,48.59,-1,0.51194614,0.31785246,0.528601492,0.402152073,2,0.161290323,1.983870968,N1 O10,de-protonated,0,-9999,C62 H123 O10 N1,62,123,10,1,-9999,-9999,-9999,-9999
1218,1040.907457,1040.907955601,1040.907016876,31258398,-9999,279195.2,48.59,-1,0.901832884,0.431399864,0.68763467,0.533893787,37,0.595238095,0.357142857,N2 S2 P1 O25,de-protonated,0,-9999,C42 H15 O25 N2 P1 S2,42,15,25,2,1,2,-9999,-9999
1218,1040.907457,1040.907955601,1040.907911969,31258398,-9999,279195.2,48.59,-1,0.041916472,0.333227082,0.513784664,0.405450115,6,0.030769231,1.907692308,N3 S1 P1 O2,de-protonated,0,-9999,C65 H124 O2 N3 P1 S1,65,124,2,3,1,1,-9999,-9999
1219,1040.95811,1040.958608628,1040.959064363,16774965,-9999,386615.1,25.2,-1,-0.437802842,0.482909656,0.579826515,0.521676399,5,0.089552239,1.895522388,N1 O6,de-protonated,0,-9999,C67 H127 O6 N1,67,127,6,1,-9999,-9999,-9999,-9999
1219,1040.95811,1040.958608628,1040.958658527,16774965,-9999,386615.1,25.2,-1,-0.04793581,0.499791573,0.662980834,0.565067277,40,0.446808511,0.404255319,N2 S2 P1 O21,de-protonated,0,-9999,C47 H19 O21 N2 P1 S2,47,19,21,2,1,2,-9999,-9999
1220,1040.96208,1040.96257863,1040.962435666,27785014,-9999,332328.1,42.98,-1,0.13733827,0.332194467,0.51866191,0.406781444,0,0.09375,2.046875,N1 S1 O6,de-protonated,0,-9999,C64 H131 O6 N1 S1,64,131,6,1,-9999,1,-9999,-9999
1220,1040.96208,1040.96257863,1040.962055544,27785014,-9999,332328.1,42.98,-1,0.502502947,0.318405436,0.508967985,0.394630455,5,0.045454545,1.939393939,N3 P1 O3,de-protonated,0,-9999,C66 H128 O3 N3 P1,66,128,3,3,1,-9999,-9999,-9999
1220,1040.96208,1040.96257863,1040.962877984,27785014,-9999,332328.1,42.98,-1,-0.287573703,0.492553232,0.68763467,0.570585807,36,0.595238095,0.428571429,N4 S2 O25,de-protonated,0,-9999,C42 H18 O25 N4 S2,42,18,25,4,-9999,2,-9999,-9999
1221,1041.756484,1041.756983058,1041.756148552,24049810,-9999,300838.4,36.95,-1,0.801056621,0.296696245,0.49029038,0.374133899,18,0.028571429,1.514285714,S2 O2,de-protonated,0,-9999,C70 H106 O2 S2,70,106,2,-9999,-9999,2,-9999,-9999
1221,1041.756484,1041.756983058,1041.756281494,24049810,-9999,300838.4,36.95,-1,0.673443436,0.460501628,0.610452919,0.520482144,5,0.169491525,1.881355932,S1 P1 O10,de-protonated,0,-9999,C59 H111 O10 P1 S1,59,111,10,-9999,1,1,-9999,-9999
1221,1041.756484,1041.756983058,1041.757999027,24049810,-9999,300838.4,36.95,-1,-0.975244837,0.420747041,0.614510218,0.498252312,5,0.155172414,1.896551724,N2 S2 O9,de-protonated,0,-9999,C58 H110 O9 N2 S2,58,110,9,2,-9999,2,-9999,-9999
1221,1041.756484,1041.756983058,1041.757129647,24049810,-9999,300838.4,36.95,-1,-0.14071345,0.498206856,0.618621811,0.546372838,6,0.245614035,1.859649123,N2 O14,de-protonated,0,-9999,C57 H106 O14 N2,57,106,14,2,-9999,-9999,-9999,-9999
1221,1041.756484,1041.756983058,1041.756616583,24049810,-9999,300838.4,36.95,-1,0.351785632,0.325931797,0.49029038,0.39167523,24,0.042857143,1.4,N4 O3,de-protonated,0,-9999,C70 H98 O3 N4,70,98,3,4,-9999,-9999,-9999,-9999
1221,1041.756484,1041.756983058,1041.757618904,24049810,-9999,300838.4,36.95,-1,-0.610359433,0.467318693,0.606448844,0.522970754,10,0.1,1.783333333,N4 S1 P1 O6,de-protonated,0,-9999,C60 H107 O6 N4 P1 S1,60,107,6,4,1,1,-9999,-9999
1222,1041.917258,1041.917757144,1041.917079672,9558231,-9999,190535.6,13.54,-1,0.650216602,0.463077732,0.579826515,0.509777245,5,0.044776119,1.895522388,S1 P1 O3,de-protonated,0,-9999,C67 H127 O3 P1 S1,67,127,3,-9999,1,1,-9999,-9999
1222,1041.917258,1041.917757144,1041.918797205,9558231,-9999,190535.6,13.54,-1,-0.998217193,0.417300177,0.583485697,0.483774385,5,0.03030303,1.909090909,N2 S2 O2,de-protonated,0,-9999,C66 H126 O2 N2 S2,66,126,2,2,-9999,2,-9999,-9999
1222,1041.917258,1041.917757144,1041.917927826,9558231,-9999,190535.6,13.54,-1,-0.163814618,0.497571309,0.587191358,0.533419329,6,0.107692308,1.876923077,N2 O7,de-protonated,0,-9999,C65 H122 O7 N2,65,122,7,2,-9999,-9999,-9999,-9999
1223,1042.214291,1042.214790304,1042.21513074,8829271,-9999,298170.2,12.36,-1,-0.326646675,0.980825984,0,0.588495591,33,0.314814815,0.851851852,N1 S1 P1 O17,de-protonated,0,-9999,C54 H46 O17 N1 P1 S1,54,46,17,1,1,1,-9999,-9999
1223,1042.214291,1042.214790304,1042.214479292,8829271,-9999,298170.2,12.36,-1,0.298415133,0.983971551,0,0.59038293,24,0.413043478,1.086956522,N3 S2 P1 O19,de-protonated,0,-9999,C46 H50 O19 N3 P1 S2,46,50,19,3,1,2,-9999,-9999
1224,1042.219126,1042.219625307,1042.220001645,10942809,-9999,308015.1,15.77,-1,-0.361093315,0.488309437,0.618621811,0.540434387,38,0.333333333,0.719298246,N1 O19,de-protonated,0,-9999,C57 H41 O19 N1,57,41,19,1,-9999,-9999,-9999,-9999
1224,1042.219126,1042.219625307,1042.219350197,10942809,-9999,308015.1,15.77,-1,0.263965551,0.987436639,0,0.592461983,29,0.428571429,0.918367347,N3 S1 O21,de-protonated,0,-9999,C49 H45 O21 N3 S1,49,45,21,3,-9999,1,-9999,-9999
1224,1042.219126,1042.219625307,1042.220352518,10942809,-9999,308015.1,15.77,-1,-0.697752249,0.915449771,0,0.549269863,15,0.615384615,1.384615385,N3 S2 P1 O24,de-protonated,0,-9999,C39 H54 O24 N3 P1 S2,39,54,24,3,1,2,-9999,-9999
1225,1042.821934,1042.822433631,1042.821799561,11254360,-9999,270773.5,16.28,-1,0.608032936,0.467559112,0.590944388,0.516913223,7,0.046875,1.84375,N1 S2 P1 O3,de-protonated,0,-9999,C64 H118 O3 N1 P1 S2,64,118,3,1,1,2,-9999,-9999
1225,1042.821934,1042.822433631,1042.823299163,11254360,-9999,270773.5,16.28,-1,-0.829988983,0.441249916,0.569119254,0.492397651,17,0.071428571,1.557142857,N1 O5,de-protonated,0,-9999,C70 H109 O5 N1,70,109,5,1,-9999,-9999,-9999,-9999
1225,1042.821934,1042.822433631,1042.822647714,11254360,-9999,270773.5,16.28,-1,-0.205292021,0.496191022,0.598596236,0.537153108,8,0.112903226,1.822580645,N3 S1 O7,de-protonated,0,-9999,C62 H113 O7 N3 S1,62,113,7,3,-9999,1,-9999,-9999
1226,1042.983085,1042.983584718,1042.98420457,10828444,-9999,198468.6,15.59,-1,-0.594306607,0.937922704,0,0.562753623,34,0.533333333,0.555555556,S2 P1 O24,de-protonated,0,-9999,C45 H25 O24 P1 S2,45,25,24,-9999,1,2,-9999,-9999
1226,1042.983085,1042.983584718,1042.9825508,10828444,-9999,198468.6,15.59,-1,0.991308892,0.83668434,0,0.502010604,39,0.489361702,0.425531915,N2 S2 O23,de-protonated,0,-9999,C47 H20 O23 N2 S2,47,20,23,2,-9999,2,-9999,-9999
1227,1043.728836,1043.729336119,1043.7286705,38075348,-9999,279423.2,59.6,-1,0.637731726,0.309620542,0.468208839,0.373055861,28,0.04,1.28,O3,de-protonated,0,-9999,C75 H96 O3,75,96,3,-9999,-9999,-9999,-9999,-9999
1227,1043.728836,1043.729336119,1043.729672822,38075348,-9999,279423.2,59.6,-1,-0.322595708,0.327098056,0.513784664,0.401772699,14,0.092307692,1.615384615,S1 P1 O6,de-protonated,0,-9999,C65 H105 O6 P1 S1,65,105,6,-9999,1,1,-9999,-9999
1227,1043.728836,1043.729336119,1043.728532116,38075348,-9999,279423.2,59.6,-1,0.770318423,0.299307978,0.570956251,0.407967287,1,0.296296296,2,S1 O16,de-protonated,0,-9999,C54 H108 O16 S1,54,108,16,-9999,-9999,1,-9999,-9999
1227,1043.728836,1043.729336119,1043.729021373,38075348,-9999,279423.2,59.6,-1,0.301559083,0.327878277,0.554570712,0.418555251,5,0.140350877,1.912280702,N2 S2 P1 O8,de-protonated,0,-9999,C57 H109 O8 N2 P1 S2,57,109,8,2,1,2,-9999,-9999
1227,1043.728836,1043.729336119,1043.729869527,38075348,-9999,279423.2,59.6,-1,-0.511058674,0.317904825,0.565425266,0.416913002,6,0.218181818,1.890909091,N4 S1 O12,de-protonated,0,-9999,C55 H104 O12 N4 S1,55,104,12,4,-9999,1,-9999,-9999
1228,1043.889556,1043.890056206,1043.889330295,12155924,-9999,265508.6,17.73,-1,0.6953909,0.457998188,0.598596236,0.514237408,1,0.14516129,2,S1 O9,de-protonated,0,-9999,C62 H124 O9 S1,62,124,9,-9999,-9999,1,-9999,-9999
1228,1043.889556,1043.890056206,1043.889819552,12155924,-9999,265508.6,17.73,-1,0.226703802,0.495358931,0.587191358,0.532091902,5,0.015384615,1.923076923,N2 S2 P1 O1,de-protonated,0,-9999,C65 H125 O1 N2 P1 S2,65,125,1,2,1,2,-9999,-9999
1228,1043.889556,1043.890056206,1043.890667705,12155924,-9999,265508.6,17.73,-1,-0.585788721,0.469817475,0.594745702,0.519788765,6,0.079365079,1.904761905,N4 S1 O5,de-protonated,0,-9999,C63 H120 O5 N4 S1,63,120,5,4,-9999,1,-9999,-9999
1229,1043.943696,1043.944196235,1043.943473869,26213418,-9999,260509.1,40.44,-1,0.691959107,0.458394022,0.594745702,0.512934694,0,0.158730159,2.031746032,O10,de-protonated,0,-9999,C63 H128 O10,63,128,10,-9999,-9999,-9999,-9999,-9999
1229,1043.943696,1043.944196235,1043.943963126,26213418,-9999,260509.1,40.44,-1,0.223296319,0.330331182,0.508967985,0.401785903,4,0.03030303,1.954545455,N2 S1 P1 O2,de-protonated,0,-9999,C66 H129 O2 N2 P1 S1,66,129,2,2,1,1,-9999,-9999
1229,1043.943696,1043.944196235,1043.944811279,26213418,-9999,260509.1,40.44,-1,-0.589154062,0.312987012,0.51866191,0.395256971,5,0.09375,1.9375,N4 O6,de-protonated,0,-9999,C64 H124 O6 N4,64,124,6,4,-9999,-9999,-9999,-9999
1230,1044.689722,1044.690222637,1044.690905267,12647768,-9999,226785.7,18.53,-1,-0.653427769,0.462726119,0.569119254,0.505283373,24,0.057142857,1.357142857,N1 S1 O4,de-protonated,0,-9999,C70 H95 O4 N1 S1,70,95,4,1,-9999,1,-9999,-9999
1230,1044.689722,1044.690222637,1044.691038208,12647768,-9999,226785.7,18.53,-1,-0.780682277,0.447654401,0.610452919,0.512773808,11,0.203389831,1.694915254,N1 P1 O12,de-protonated,0,-9999,C59 H100 O12 N1 P1,59,100,12,1,1,-9999,-9999,-9999
1230,1044.689722,1044.690222637,1044.690525144,12647768,-9999,226785.7,18.53,-1,-0.289566643,0.492450445,0.562198102,0.520349508,29,0.013888889,1.277777778,N3 P1 O1,de-protonated,0,-9999,C72 H92 O1 N3 P1,72,92,1,3,1,-9999,-9999,-9999
1230,1044.689722,1044.690222637,1044.690253818,12647768,-9999,226785.7,18.53,-1,-0.029847477,0.499919183,0.598596236,0.539390004,15,0.096774194,1.596774194,N3 S2 O6,de-protonated,0,-9999,C62 H99 O6 N3 S2,62,99,6,3,-9999,2,-9999,-9999
1230,1044.689722,1044.690222637,1044.689384438,12647768,-9999,226785.7,18.53,-1,0.802342318,0.444877929,0.602496955,0.507925539,16,0.180327869,1.557377049,N3 O11,de-protonated,0,-9999,C61 H95 O11 N3,61,95,11,3,-9999,-9999,-9999,-9999
1230,1044.689722,1044.690222637,1044.69038676,12647768,-9999,226785.7,18.53,-1,-0.157102143,0.497765831,0.644495114,0.556457544,2,0.274509804,2.039215686,N3 S1 P1 O14,de-protonated,0,-9999,C51 H104 O14 N3 P1 S1,51,104,14,3,1,1,-9999,-9999
1231,1044.907134,1044.907634754,1044.906849341,14122415,-9999,265452.5,20.91,-1,0.751658009,0.451281561,0.572644131,0.499826589,9,0.014492754,1.797101449,N1 S1 P1 O1,de-protonated,0,-9999,C69 H124 O1 N1 P1 S1,69,124,1,1,1,1,-9999,-9999
1231,1044.907134,1044.907634754,1044.907697494,14122415,-9999,265452.5,20.91,-1,-0.060044124,0.499673019,0.579826515,0.531734417,10,0.074626866,1.776119403,N3 O5,de-protonated,0,-9999,C67 H119 O5 N3,67,119,5,3,-9999,-9999,-9999,-9999
1232,1046.11714,1046.117641405,1046.118646896,25018250,-9999,176604.4,38.51,-1,-0.961163924,0.422833825,0.649019222,0.513307984,35,0.46,0.68,N1 P1 O23,de-protonated,0,-9999,C50 H34 O23 N1 P1,50,34,23,1,1,-9999,-9999,-9999
1232,1046.11714,1046.117641405,1046.117862506,25018250,-9999,176604.4,38.51,-1,-0.211353903,0.495963681,0.635633513,0.551831614,39,0.320754717,0.622641509,N3 S2 O17,de-protonated,0,-9999,C53 H33 O17 N3 S2,53,33,17,3,-9999,2,-9999,-9999
1232,1046.11714,1046.117641405,1046.116993126,25018250,-9999,176604.4,38.51,-1,0.619700072,0.46634546,0.640033642,0.535820733,40,0.423076923,0.557692308,N3 O22,de-protonated,0,-9999,C52 H29 O22 N3,52,29,22,3,-9999,-9999,-9999,-9999
1232,1046.11714,1046.117641405,1046.117995448,25018250,-9999,176604.4,38.51,-1,-0.338434885,0.489715837,0.68763467,0.56888337,26,0.595238095,0.904761905,N3 S1 P1 O25,de-protonated,0,-9999,C42 H38 O25 N3 P1 S1,42,38,25,3,1,1,-9999,-9999
1233,1046.782747,1046.783248763,1046.782697653,16679047,-9999,335306.5,25.04,-1,0.526479972,0.475474827,0.572644131,0.514342549,16,0.028985507,1.579710145,N1 S2 O2,de-protonated,0,-9999,C69 H109 O2 N1 S2,69,109,2,1,-9999,2,-9999,-9999
1233,1046.782747,1046.783248763,1046.782830595,16679047,-9999,335306.5,25.04,-1,0.399479609,0.485729458,0.614510218,0.537241762,3,0.172413793,1.965517241,N1 S1 P1 O10,de-protonated,0,-9999,C58 H114 O10 N1 P1 S1,58,114,10,1,1,1,-9999,-9999
1233,1046.782747,1046.783248763,1046.783678748,16679047,-9999,335306.5,25.04,-1,-0.410767557,0.484924042,0.622788794,0.540069943,4,0.25,1.946428571,N3 O14,de-protonated,0,-9999,C56 H109 O14 N3,56,109,14,3,-9999,-9999,-9999,-9999
1234,1048.106607,1048.107109476,1048.10702304,10105457,-9999,157521.9,14.42,-1,0.082468616,0.998766715,0,0.599260029,34,0.42,0.7,N1 S2 O21,de-protonated,0,-9999,C50 H35 O21 N1 S2,50,35,21,1,-9999,2,-9999,-9999
1234,1048.106607,1048.107109476,1048.106642917,10105457,-9999,157521.9,14.42,-1,0.445144069,0.964684045,0,0.578810427,39,0.346153846,0.615384615,N3 S1 P1 O18,de-protonated,0,-9999,C52 H32 O18 N3 P1 S1,52,32,18,3,1,1,-9999,-9999
1235,1048.609303,1048.609805746,1048.610546944,11010854,-9999,213892.1,15.88,-1,-0.706837825,0.456666223,0.565637507,0.500254737,29,0.028169014,1.225352113,N1 S2 O2,de-protonated,0,-9999,C71 H87 O2 N1 S2,71,87,2,1,-9999,2,-9999,-9999
1235,1048.609303,1048.609805746,1048.609677564,11010854,-9999,213892.1,15.88,-1,0.122240215,0.498646172,0.569119254,0.526835405,30,0.1,1.185714286,N1 O7,de-protonated,0,-9999,C70 H83 O7 N1,70,83,7,1,-9999,-9999,-9999,-9999
1235,1048.609303,1048.609805746,1048.610679886,11010854,-9999,213892.1,15.88,-1,-0.833616656,0.440766991,0.606448844,0.507039732,16,0.166666667,1.533333333,N1 S1 P1 O10,de-protonated,0,-9999,C60 H92 O10 N1 P1 S1,60,92,10,1,1,1,-9999,-9999
1235,1048.609303,1048.609805746,1048.60953918,11010854,-9999,213892.1,15.88,-1,0.254209686,0.988342798,0,0.593005679,3,0.408163265,1.93877551,N1 S1 O20,de-protonated,0,-9999,C49 H95 O20 N1 S1,49,95,20,1,-9999,1,-9999,-9999
1235,1048.609303,1048.609805746,1048.609026116,11010854,-9999,213892.1,15.88,-1,0.743490598,0.452282601,0.598596236,0.510808055,21,0.14516129,1.403225806,N3 S1 O9,de-protonated,0,-9999,C62 H87 O9 N3 S1,62,87,9,3,-9999,1,-9999,-9999
1235,1048.609303,1048.609805746,1048.610028437,11010854,-9999,213892.1,15.88,-1,-0.21236746,0.495925034,0.640033642,0.553568477,7,0.230769231,1.846153846,N3 S2 P1 O12,de-protonated,0,-9999,C52 H96 O12 N3 P1 S2,52,96,12,3,1,2,-9999,-9999
1235,1048.609303,1048.609805746,1048.609159057,11010854,-9999,213892.1,15.88,-1,0.616711399,0.466658247,0.644495114,0.537792994,8,0.333333333,1.803921569,N3 P1 O17,de-protonated,0,-9999,C51 H92 O17 N3 P1,51,92,17,3,1,-9999,-9999,-9999
1236,1048.66483,1048.665332776,1048.664690518,14975802,-9999,274172.5,22.28,-1,0.612453349,0.467101631,0.562198102,0.505140219,28,0.041666667,1.263888889,N1 S1 O3,de-protonated,0,-9999,C72 H91 O3 N1 S1,72,91,3,1,-9999,1,-9999,-9999
1236,1048.66483,1048.665332776,1048.66569284,14975802,-9999,274172.5,22.28,-1,-0.343353846,0.489417924,0.598596236,0.533089249,14,0.096774194,1.612903226,N1 S2 P1 O6,de-protonated,0,-9999,C62 H100 O6 N1 P1 S2,62,100,6,1,1,2,-9999,-9999
1236,1048.66483,1048.665332776,1048.66482346,14975802,-9999,274172.5,22.28,-1,0.485680897,0.479050924,0.602496955,0.528429337,15,0.180327869,1.573770492,N1 P1 O11,de-protonated,0,-9999,C61 H96 O11 N1 P1,61,96,11,1,1,-9999,-9999,-9999
1236,1048.66483,1048.665332776,1048.664552134,14975802,-9999,274172.5,22.28,-1,0.744415962,0.452169622,0.644495114,0.529099819,1,0.31372549,2.019607843,N1 S2 O16,de-protonated,0,-9999,C51 H103 O16 N1 S2,51,103,16,1,-9999,2,-9999,-9999
1237,1050.103055,1050.103558551,1050.10404566,36570412,-9999,265300,57.17,-1,-0.463867603,0.480854732,0.653607294,0.549955757,34,0.489795918,0.673469388,N1 S1 O24,de-protonated,0,-9999,C49 H33 O24 N1 S1,49,33,24,1,-9999,1,-9999,-9999
1237,1050.103055,1050.103558551,1050.104534917,36570412,-9999,265300,57.17,-1,-0.929780383,0.427411496,0.640033642,0.512460354,38,0.307692308,0.653846154,N3 S2 P1 O16,de-protonated,0,-9999,C52 H34 O16 N3 P1 S2,52,34,16,3,1,2,-9999,-9999
1237,1050.103055,1050.103558551,1050.103665537,36570412,-9999,265300,57.17,-1,-0.101882062,0.499059172,0.644495114,0.557233549,39,0.411764706,0.588235294,N3 P1 O21,de-protonated,0,-9999,C51 H30 O21 N3 P1,51,30,21,3,1,-9999,-9999,-9999
1238,1050.607561,1050.608064822,1050.607569564,36046296,-9999,260398.6,56.32,-1,0.4714017,0.320160215,0.49029038,0.388212281,29,0.071428571,1.214285714,N1 S1 O5,de-protonated,0,-9999,C70 H85 O5 N1 S1,70,85,5,1,-9999,1,-9999,-9999
1238,1050.607561,1050.608064822,1050.608571886,36046296,-9999,260398.6,56.32,-1,-0.482637796,0.319538086,0.538793609,0.407240295,15,0.133333333,1.566666667,N1 S2 P1 O8,de-protonated,0,-9999,C60 H94 O8 N1 P1 S2,60,94,8,1,1,2,-9999,-9999
1238,1050.607561,1050.608064822,1050.607702506,36046296,-9999,260398.6,56.32,-1,0.344863704,0.326217103,0.543986559,0.413324886,16,0.220338983,1.525423729,N1 P1 O13,de-protonated,0,-9999,C59 H90 O13 N1 P1,59,90,13,1,1,-9999,-9999,-9999
1238,1050.607561,1050.608064822,1050.607431179,36046296,-9999,260398.6,56.32,-1,0.603120257,0.468064171,0.653607294,0.54228142,2,0.367346939,1.979591837,N1 S2 O18,de-protonated,0,-9999,C49 H97 O18 N1 S2,49,97,18,1,-9999,2,-9999,-9999
1238,1050.607561,1050.608064822,1050.607189441,36046296,-9999,260398.6,56.32,-1,0.833214091,0.29388044,0.481293734,0.368845757,34,0.027777778,1.138888889,N3 P1 O2,de-protonated,0,-9999,C72 H82 O2 N3 P1,72,82,2,3,1,-9999,-9999,-9999
1238,1050.607561,1050.608064822,1050.607051057,36046296,-9999,260398.6,56.32,-1,0.964932743,0.422277254,0.644495114,0.511164398,7,0.294117647,1.843137255,N3 S1 P1 O15,de-protonated,0,-9999,C51 H94 O15 N3 P1 S1,51,94,15,3,1,1,-9999,-9999
1239,1050.664004,1050.664507852,1050.665084441,10520042,-9999,183762.1,15.09,-1,-0.548784615,0.473410173,0.576212942,0.514531281,23,0.088235294,1.367647059,N1 S1 O6,de-protonated,0,-9999,C68 H93 O6 N1 S1,68,93,6,1,-9999,1,-9999,-9999
1239,1050.664004,1050.664507852,1050.665217383,10520042,-9999,183762.1,15.09,-1,-0.675315554,0.460290691,0.618621811,0.523623139,10,0.245614035,1.719298246,N1 P1 O14,de-protonated,0,-9999,C57 H98 O14 N1 P1,57,98,14,1,1,-9999,-9999,-9999
1239,1050.664004,1050.664507852,1050.664704319,10520042,-9999,183762.1,15.09,-1,-0.186992399,0.49683776,0.569119254,0.525750358,28,0.042857143,1.285714286,N3 P1 O3,de-protonated,0,-9999,C70 H90 O3 N3 P1,70,90,3,3,1,-9999,-9999,-9999
1239,1050.664004,1050.664507852,1050.664432993,10520042,-9999,183762.1,15.09,-1,0.071250005,0.499539644,0.606448844,0.542303324,14,0.133333333,1.616666667,N3 S2 O8,de-protonated,0,-9999,C60 H97 O8 N3 S2,60,97,8,3,-9999,2,-9999,-9999
1239,1050.664004,1050.664507852,1050.663563613,10520042,-9999,183762.1,15.09,-1,0.898707968,0.431840517,0.610452919,0.503285478,15,0.220338983,1.576271186,N3 O13,de-protonated,0,-9999,C59 H93 O13 N3,59,93,13,3,-9999,-9999,-9999,-9999
1239,1050.664004,1050.664507852,1050.664565934,10520042,-9999,183762.1,15.09,-1,-0.055281091,0.999445647,0,0.599667388,1,0.326530612,2.0816326530000002,N3 S1 P1 O16,de-protonated,0,-9999,C49 H102 O16 N3 P1 S1,49,102,16,3,1,1,-9999,-9999
1240,1050.717501,1050.718004881,1050.717728414,9930236,-9999,234105.7,14.13,-1,0.263122736,0.493758118,0.594745702,0.534153151,12,0.079365079,1.682539683,N1 S2 P1 O5,de-protonated,0,-9999,C63 H106 O5 N1 P1 S2,63,106,5,1,1,2,-9999,-9999
1240,1050.717501,1050.718004881,1050.718576567,9930236,-9999,234105.7,14.13,-1,-0.544089977,0.473851099,0.602496955,0.525309441,13,0.14754098399999999,1.655737705,N3 S1 O9,de-protonated,0,-9999,C61 H101 O9 N3 S1,61,101,9,3,-9999,1,-9999,-9999
1240,1050.717501,1050.718004881,1050.718709508,9930236,-9999,234105.7,14.13,-1,-0.670614476,0.921638893,0,0.552983336,0,0.34,2.12,N3 P1 O17,de-protonated,0,-9999,C50 H106 O17 N3 P1,50,106,17,3,1,-9999,-9999,-9999
1241,1050.772378,1050.772881911,1050.771871988,12387854,-9999,283631.6,18.1,-1,0.961125055,0.422839558,0.590944388,0.49008149,11,0.09375,1.71875,N1 S1 P1 O6,de-protonated,0,-9999,C64 H110 O6 N1 P1 S1,64,110,6,1,1,1,-9999,-9999
1241,1050.772378,1050.772881911,1050.773589521,12387854,-9999,283631.6,18.1,-1,-0.673418017,0.460504488,0.594745702,0.514200974,11,0.079365079,1.73015873,N3 S2 O5,de-protonated,0,-9999,C63 H109 O5 N3 S2,63,109,5,3,-9999,2,-9999,-9999
1241,1050.772378,1050.772881911,1050.772720141,12387854,-9999,283631.6,18.1,-1,0.153953371,0.497854301,0.598596236,0.538151075,12,0.161290323,1.693548387,N3 O10,de-protonated,0,-9999,C62 H105 O10 N3,62,105,10,3,-9999,-9999,-9999,-9999
1242,1051.748326,1051.748830436,1051.748873638,9226060,-9999,276430.5,12.99,-1,-0.04107596,0.9996939,0,0.59981634,7,0.2,1.8,S1 O12,de-protonated,0,-9999,C60 H108 O12 S1,60,108,12,-9999,-9999,1,-9999,-9999
1242,1051.748326,1051.748830436,1051.748360574,9226060,-9999,276430.5,12.99,-1,0.446744367,0.482217122,0.558800271,0.512850382,25,0.01369863,1.369863014,N2 S1 O1,de-protonated,0,-9999,C73 H100 O1 N2 S1,73,100,1,2,-9999,1,-9999,-9999
1242,1051.748326,1051.748830436,1051.749362895,9226060,-9999,276430.5,12.99,-1,-0.506260296,0.477279796,0.594745702,0.524266158,11,0.063492063,1.73015873,N2 S2 P1 O4,de-protonated,0,-9999,C63 H109 O4 N2 P1 S2,63,109,4,2,1,2,-9999,-9999
1242,1051.748326,1051.748830436,1051.748493515,9226060,-9999,276430.5,12.99,-1,0.320343626,0.490776008,0.598596236,0.533904099,12,0.14516129,1.693548387,N2 P1 O9,de-protonated,0,-9999,C62 H105 O9 N2 P1,62,105,9,2,1,-9999,-9999,-9999
1242,1051.748326,1051.748830436,1051.747842067,9226060,-9999,276430.5,12.99,-1,0.939740084,0.851939803,0,0.511163882,3,0.203703704,2.018518519,N4 S1 P1 O11,de-protonated,0,-9999,C54 H109 O11 N4 P1 S1,54,109,11,4,1,1,-9999,-9999
1243,1052.10595,1052.106454629,1052.107430764,19761086,-9999,190419.9,30.01,-1,-0.92779031,0.427698284,0.677556332,0.527641503,29,0.545454545,0.818181818,N3 S1 P1 O24,de-protonated,0,-9999,C44 H36 O24 N3 P1 S1,44,36,24,3,1,1,-9999,-9999
1244,1052.724826,1052.725330962,1052.726364545,12650622,-9999,306984.5,18.53,-1,-0.981815835,0.419766414,0.610452919,0.496041016,7,0.169491525,1.813559322,N1 S2 O10,de-protonated,0,-9999,C59 H107 O10 N1 S2,59,107,10,1,-9999,2,-9999,-9999
1244,1052.724826,1052.725330962,1052.725495165,12650622,-9999,306984.5,18.53,-1,-0.155979451,0.497797579,0.614510218,0.544482635,8,0.25862069,1.775862069,N1 O15,de-protonated,0,-9999,C58 H103 O15 N1,58,103,15,1,-9999,-9999,-9999,-9999
1244,1052.724826,1052.725330962,1052.724982101,12650622,-9999,306984.5,18.53,-1,0.331388265,0.490135426,0.565637507,0.520336259,26,0.056338028,1.338028169,N3 O4,de-protonated,0,-9999,C71 H95 O4 N3,71,95,4,3,-9999,-9999,-9999,-9999
1244,1052.724826,1052.725330962,1052.725984423,12650622,-9999,306984.5,18.53,-1,-0.620732179,0.46623714,0.602496955,0.520741066,12,0.114754098,1.704918033,N3 S1 P1 O7,de-protonated,0,-9999,C61 H104 O7 N3 P1 S1,61,104,7,3,1,1,-9999,-9999
1245,1052.833244,1052.83374902,1052.834651693,18778272,-9999,262409.8,28.42,-1,-0.857374169,0.437565715,0.602496955,0.503538211,5,0.196721311,1.885245902,N1 O12,de-protonated,0,-9999,C61 H115 O12 N1,61,115,12,1,-9999,-9999,-9999,-9999
1245,1052.833244,1052.83374902,1052.834138629,18778272,-9999,262409.8,28.42,-1,-0.370057324,0.487729074,0.555443265,0.514814751,23,0.013513514,1.445945946,N3 O1,de-protonated,0,-9999,C74 H107 O1 N3,74,107,1,3,-9999,-9999,-9999,-9999
1246,1053.59073,1053.591235428,1053.59197907,12650884,-9999,318402.5,18.53,-1,-0.705816001,0.456785848,0.583485697,0.507465788,24,0.136363636,1.303030303,S1 O9,de-protonated,0,-9999,C66 H86 O9 S1,66,86,9,-9999,-9999,1,-9999,-9999
1246,1053.59073,1053.591235428,1053.592112012,12650884,-9999,318402.5,18.53,-1,-0.831995416,0.440983009,0.627012296,0.515394724,11,0.309090909,1.654545455,P1 O17,de-protonated,0,-9999,C55 H91 O17 P1,55,91,17,-9999,1,-9999,-9999,-9999
1246,1053.59073,1053.591235428,1053.591598947,12650884,-9999,318402.5,18.53,-1,-0.345028906,0.489315536,0.576212942,0.524074498,29,0.088235294,1.220588235,N2 P1 O6,de-protonated,0,-9999,C68 H83 O6 N2 P1,68,83,6,2,1,-9999,-9999,-9999
1246,1053.59073,1053.591235428,1053.591327621,12650884,-9999,318402.5,18.53,-1,-0.087503945,0.499305811,0.614510218,0.545387574,15,0.189655172,1.551724138,N2 S2 O11,de-protonated,0,-9999,C58 H90 O11 N2 S2,58,90,11,2,-9999,2,-9999,-9999
1246,1053.59073,1053.591235428,1053.590458241,12650884,-9999,318402.5,18.53,-1,0.737655193,0.452992462,0.618621811,0.519244201,16,0.280701754,1.50877193,N2 O16,de-protonated,0,-9999,C57 H86 O16 N2,57,86,16,2,-9999,-9999,-9999,-9999
1246,1053.59073,1053.591235428,1053.591460563,12650884,-9999,318402.5,18.53,-1,-0.213683515,0.495874581,0.662980834,0.562717082,2,0.404255319,2.021276596,N2 S1 P1 O19,de-protonated,0,-9999,C47 H95 O19 N2 P1 S1,47,95,19,2,1,1,-9999,-9999
1246,1053.59073,1053.591235428,1053.590947499,12650884,-9999,318402.5,18.53,-1,0.273283596,0.493270053,0.606448844,0.538541569,20,0.133333333,1.45,N4 S1 P1 O8,de-protonated,0,-9999,C60 H87 O8 N4 P1 S1,60,87,8,4,1,1,-9999,-9999
1247,1053.594284,1053.59478943,1053.595621699,21760390,-9999,316517.5,33.24,-1,-0.789932709,0.297650553,0.476878192,0.369341608,33,0.054794521,1.136986301,P1 O4,de-protonated,0,-9999,C73 H83 O4 P1,73,83,4,-9999,1,-9999,-9999,-9999
1247,1053.594284,1053.59478943,1053.595350373,21760390,-9999,316517.5,33.24,-1,-0.532408845,0.474933504,0.594745702,0.522858383,19,0.142857143,1.428571429,S2 O9,de-protonated,0,-9999,C63 H90 O9 S2,63,90,9,-9999,-9999,2,-9999,-9999
1247,1053.594284,1053.59478943,1053.594480993,21760390,-9999,316517.5,33.24,-1,0.292746774,0.492285003,0.598596236,0.534809497,20,0.225806452,1.387096774,O14,de-protonated,0,-9999,C62 H86 O14,62,86,14,-9999,-9999,-9999,-9999,-9999
1247,1053.594284,1053.59478943,1053.595483315,21760390,-9999,316517.5,33.24,-1,-0.658587878,0.462158039,0.640033642,0.53330828,6,0.326923077,1.826923077,S1 P1 O17,de-protonated,0,-9999,C52 H95 O17 P1 S1,52,95,17,-9999,1,1,-9999,-9999
1247,1053.594284,1053.59478943,1053.593967929,21760390,-9999,316517.5,33.24,-1,0.779712737,0.298518201,0.468208839,0.366394457,38,0.04,1.04,N2 O3,de-protonated,0,-9999,C75 H78 O3 N2,75,78,3,2,-9999,-9999,-9999,-9999
1247,1053.594284,1053.59478943,1053.594970251,21760390,-9999,316517.5,33.24,-1,-0.171622843,0.497334897,0.587191358,0.533277481,24,0.092307692,1.338461538,N2 S1 P1 O6,de-protonated,0,-9999,C65 H87 O6 N2 P1 S1,65,87,6,2,1,1,-9999,-9999
1247,1053.594284,1053.59478943,1053.593829545,21760390,-9999,316517.5,33.24,-1,0.91105798,0.430092738,0.631293472,0.510573031,11,0.296296296,1.666666667,N2 S1 O16,de-protonated,0,-9999,C54 H90 O16 N2 S1,54,90,16,2,-9999,1,-9999,-9999
1247,1053.594284,1053.59478943,1053.594318802,21760390,-9999,316517.5,33.24,-1,0.446687788,0.482221545,0.618621811,0.536781651,15,0.140350877,1.596491228,N4 S2 P1 O8,de-protonated,0,-9999,C57 H91 O8 N4 P1 S2,57,91,8,4,1,2,-9999,-9999
1247,1053.594284,1053.59478943,1053.595818404,21760390,-9999,316517.5,33.24,-1,-0.976630807,0.420540563,0.594745702,0.490222618,25,0.158730159,1.301587302,N4 O10,de-protonated,0,-9999,C63 H82 O10 N4,63,82,10,4,-9999,-9999,-9999,-9999
1248,1054.118638,1054.119143712,1054.119709525,11110944,-9999,269349.7,16.04,-1,-0.536763334,0.949064928,0,0.569438957,33,0.510638298,0.723404255,N3 P1 O24,de-protonated,0,-9999,C47 H34 O24 N3 P1,47,34,24,3,1,-9999,-9999,-9999
1249,1055.775099,1055.775605604,1055.775302862,60165104,-9999,224666.8,95.28,-1,0.286748729,0.328397053,0.554570712,0.418866516,0,0.175438596,2.052631579,S2 P1 O10,de-protonated,0,-9999,C57 H117 O10 P1 S2,57,117,10,-9999,1,2,-9999,-9999
1249,1055.775099,1055.775605604,1055.776289399,60165104,-9999,224666.8,95.28,-1,-0.647670705,0.308903638,0.463953528,0.370923594,28,0.013157895,1.315789474,N2 O1,de-protonated,0,-9999,C76 H100 O1 N2,76,100,1,2,-9999,-9999,-9999,-9999
1249,1055.775099,1055.775605604,1055.776151015,60165104,-9999,224666.8,95.28,-1,-0.516597143,0.317576682,0.565425266,0.416716115,1,0.254545455,2.036363636,N2 S1 O14,de-protonated,0,-9999,C55 H112 O14 N2 S1,55,112,14,2,-9999,1,-9999,-9999
1249,1055.775099,1055.775605604,1055.77563795,60165104,-9999,224666.8,95.28,-1,-0.030637848,0.333276564,0.499512996,0.399771137,19,0.044117647,1.529411765,N4 S1 O3,de-protonated,0,-9999,C68 H104 O3 N4 S1,68,104,3,4,-9999,1,-9999,-9999
1249,1055.775099,1055.775605604,1055.776640272,60165104,-9999,224666.8,95.28,-1,-0.980006807,0.280024543,0.549245293,0.387712843,5,0.103448276,1.948275862,N4 S2 P1 O6,de-protonated,0,-9999,C58 H113 O6 N4 P1 S2,58,113,6,4,1,2,-9999,-9999
1249,1055.775099,1055.775605604,1055.775770892,60165104,-9999,224666.8,95.28,-1,-0.156556371,0.331854195,0.554570712,0.420940802,6,0.192982456,1.912280702,N4 P1 O11,de-protonated,0,-9999,C57 H109 O11 N4 P1,57,109,11,4,1,-9999,-9999,-9999
1250,1056.138791,1056.1392978,1056.140251721,14175314,-9999,224634.2,20.99,-1,-0.903214995,0.431204625,0.635633513,0.51297618,35,0.320754717,0.754716981,N1 S2 P1 O17,de-protonated,0,-9999,C53 H40 O17 N1 P1 S2,53,40,17,1,1,2,-9999,-9999
1250,1056.138791,1056.1392978,1056.139382341,14175314,-9999,224634.2,20.99,-1,-0.080047997,0.499419005,0.640033642,0.55566486,36,0.423076923,0.692307692,N1 P1 O22,de-protonated,0,-9999,C52 H36 O22 N1 P1,52,36,22,1,1,-9999,-9999,-9999
1250,1056.138791,1056.1392978,1056.138597951,14175314,-9999,224634.2,20.99,-1,0.662648415,0.461708366,0.627012296,0.527829938,40,0.290909091,0.636363636,N3 S2 O16,de-protonated,0,-9999,C55 H35 O16 N3 S2,55,35,16,3,-9999,2,-9999,-9999
1250,1056.138791,1056.1392978,1056.138730893,14175314,-9999,224634.2,20.99,-1,0.536773079,0.474531563,0.677556332,0.555741471,27,0.545454545,0.909090909,N3 S1 P1 O24,de-protonated,0,-9999,C44 H40 O24 N3 P1 S1,44,40,24,3,1,1,-9999,-9999
1251,1058.621725,1058.622233136,1058.622170801,17436348,-9999,281034.8,26.25,-1,0.058883573,0.499685533,0.562198102,0.52469056,31,0.055555556,1.194444444,N1 P1 O4,de-protonated,0,-9999,C72 H86 O4 N1 P1,72,86,4,1,1,-9999,-9999,-9999
1251,1058.621725,1058.622233136,1058.621899474,17436348,-9999,281034.8,26.25,-1,0.315184879,0.49106805,0.598596236,0.534079324,17,0.14516129,1.5,N1 S2 O9,de-protonated,0,-9999,C62 H93 O9 N1 S2,62,93,9,1,-9999,2,-9999,-9999
1251,1058.621725,1058.622233136,1058.622032416,17436348,-9999,281034.8,26.25,-1,0.189604863,0.496749074,0.644495114,0.55584749,4,0.333333333,1.921568627,N1 S1 P1 O17,de-protonated,0,-9999,C51 H98 O17 N1 P1 S1,51,98,17,1,1,1,-9999,-9999
1251,1058.621725,1058.622233136,1058.621519352,17436348,-9999,281034.8,26.25,-1,0.674258102,0.460409897,0.590944388,0.512623693,22,0.09375,1.40625,N3 S1 P1 O6,de-protonated,0,-9999,C64 H90 O6 N3 P1 S1,64,90,6,3,1,1,-9999,-9999
1251,1058.621725,1058.622233136,1058.622880569,17436348,-9999,281034.8,26.25,-1,-0.611580664,0.467192174,0.653607294,0.541758222,5,0.428571429,1.897959184,N3 O21,de-protonated,0,-9999,C49 H93 O21 N3,49,93,21,3,-9999,-9999,-9999,-9999
1252,1058.626027,1058.626535138,1058.625542104,13307582,-9999,383345.3,19.58,-1,0.938041274,0.426216533,0.572644131,0.484787572,26,0.057971014,1.304347826,N1 S1 P1 O4,de-protonated,0,-9999,C69 H90 O4 N1 P1 S1,69,90,4,1,1,1,-9999,-9999
1252,1058.626027,1058.626535138,1058.626903321,13307582,-9999,383345.3,19.58,-1,-0.347792945,0.489145542,0.631293472,0.546004714,9,0.351851852,1.722222222,N1 O19,de-protonated,0,-9999,C54 H93 O19 N1,54,93,19,1,-9999,-9999,-9999,-9999
1252,1058.626027,1058.626535138,1058.627259637,13307582,-9999,383345.3,19.58,-1,-0.684375527,0.459262987,0.576212942,0.506042969,26,0.044117647,1.308823529,N3 S2 O3,de-protonated,0,-9999,C68 H89 O3 N3 S2,68,89,3,3,-9999,2,-9999,-9999
1252,1058.626027,1058.626535138,1058.626390257,13307582,-9999,383345.3,19.58,-1,0.136857803,0.498303612,0.579826515,0.530912773,27,0.119402985,1.268656716,N3 O8,de-protonated,0,-9999,C67 H85 O8 N3,67,85,8,3,-9999,-9999,-9999,-9999
1252,1058.626027,1058.626535138,1058.627392579,13307582,-9999,383345.3,19.58,-1,-0.809954781,0.443888279,0.618621811,0.513781692,13,0.192982456,1.649122807,N3 S1 P1 O11,de-protonated,0,-9999,C57 H94 O11 N3 P1 S1,57,94,11,3,1,1,-9999,-9999
1252,1058.626027,1058.626535138,1058.626251873,13307582,-9999,383345.3,19.58,-1,0.267578582,0.493546304,0.667769153,0.563235443,0,0.456521739,2.108695652,N3 S1 O21,de-protonated,0,-9999,C46 H97 O21 N3 S1,46,97,21,3,-9999,1,-9999,-9999
1253,1058.679652,1058.680160167,1058.679685678,10817226,-9999,308554,15.56,-1,0.448189603,0.482103967,0.569119254,0.516910082,25,0.071428571,1.342857143,N1 P1 O5,de-protonated,0,-9999,C70 H94 O5 N1 P1,70,94,5,1,1,-9999,-9999,-9999
1253,1058.679652,1058.680160167,1058.679414352,10817226,-9999,308554,15.56,-1,0.704477085,0.45694238,0.606448844,0.516744966,11,0.166666667,1.683333333,N1 S2 O10,de-protonated,0,-9999,C60 H101 O10 N1 S2,60,101,10,1,-9999,2,-9999,-9999
1254,1058.787443,1058.787951225,1058.788842206,10948323,-9999,277938,15.77,-1,-0.841509434,0.439710856,0.558800271,0.487346622,22,0.02739726,1.452054795,N1 P1 O2,de-protonated,0,-9999,C73 H106 O2 N1 P1,73,106,2,1,1,-9999,-9999,-9999
1254,1058.787443,1058.787951225,1058.78857088,10948323,-9999,277938,15.77,-1,-0.585248705,0.469871387,0.594745702,0.519821113,8,0.111111111,1.793650794,N1 S2 O7,de-protonated,0,-9999,C63 H113 O7 N1 S2,63,113,7,1,-9999,2,-9999,-9999
1254,1058.787443,1058.787951225,1058.7877015,10948323,-9999,277938,15.77,-1,0.235859587,0.494978414,0.598596236,0.536425543,9,0.193548387,1.758064516,N1 O12,de-protonated,0,-9999,C62 H109 O12 N1,62,109,12,1,-9999,-9999,-9999,-9999
1254,1058.787443,1058.787951225,1058.787188436,10948323,-9999,277938,15.77,-1,0.720437014,0.455060728,0.552126353,0.493886978,27,0.013333333,1.346666667,N3 O1,de-protonated,0,-9999,C75 H101 O1 N3,75,101,1,3,-9999,-9999,-9999,-9999
1254,1058.787443,1058.787951225,1058.788190757,10948323,-9999,277938,15.77,-1,-0.22623233,0.495378126,0.587191358,0.532103419,13,0.061538462,1.692307692,N3 S1 P1 O4,de-protonated,0,-9999,C65 H110 O4 N3 P1 S1,65,110,4,3,1,1,-9999,-9999
1254,1058.787443,1058.787951225,1058.787050051,10948323,-9999,277938,15.77,-1,0.851138017,0.438412458,0.631293472,0.515564863,0,0.259259259,2.092592593,N3 S1 O14,de-protonated,0,-9999,C54 H113 O14 N3 S1,54,113,14,3,-9999,1,-9999,-9999
1255,1059.835877,1059.83638579,1059.836112951,34607056,-9999,256924.7,53.99,-1,0.257434332,0.329348989,0.468208839,0.384892929,20,0.013333333,1.493333333,S1 O1,de-protonated,0,-9999,C75 H112 O1 S1,75,112,1,-9999,-9999,1,-9999,-9999
1255,1059.835877,1059.83638579,1059.837115273,34607056,-9999,256924.7,53.99,-1,-0.688297653,0.305876373,0.513784664,0.38903969,6,0.061538462,1.861538462,S2 P1 O4,de-protonated,0,-9999,C65 H121 O4 P1 S2,65,121,4,-9999,1,2,-9999,-9999
1255,1059.835877,1059.83638579,1059.836245893,34607056,-9999,256924.7,53.99,-1,0.131998195,0.332281172,0.51866191,0.406833467,7,0.140625,1.828125,P1 O9,de-protonated,0,-9999,C64 H117 O9 P1,64,117,9,-9999,1,-9999,-9999,-9999
1255,1059.835877,1059.83638579,1059.835461503,34607056,-9999,256924.7,53.99,-1,0.872104128,0.290365176,0.504211037,0.375903521,11,0.044776119,1.731343284,N2 S2 O3,de-protonated,0,-9999,C67 H116 O3 N2 S2,67,116,3,2,-9999,2,-9999,-9999
1256,1060.197429,1060.197937984,1060.197552123,25694236,-9999,353775.2,39.59,-1,0.363951851,0.488125836,0.635633513,0.547128907,33,0.396226415,0.811320755,N1 S1 O21,de-protonated,0,-9999,C53 H43 O21 N1 S1,53,43,21,1,-9999,1,-9999,-9999
1256,1060.197429,1060.197937984,1060.198554445,25694236,-9999,353775.2,39.59,-1,-0.581457819,0.470248619,0.6825583,0.555172492,19,0.558139535,1.209302326,N1 S2 P1 O24,de-protonated,0,-9999,C43 H52 O24 N1 P1 S2,43,52,24,1,1,2,-9999,-9999
1256,1060.197429,1060.197937984,1060.198041381,25694236,-9999,353775.2,39.59,-1,-0.097525637,0.499137842,0.622788794,0.548598223,37,0.232142857,0.785714286,N3 S2 P1 O13,de-protonated,0,-9999,C56 H44 O13 N3 P1 S2,56,44,13,3,1,2,-9999,-9999
1256,1060.197429,1060.197937984,1060.197172001,25694236,-9999,353775.2,39.59,-1,0.72249144,0.454816024,0.627012296,0.523694533,38,0.327272727,0.727272727,N3 P1 O18,de-protonated,0,-9999,C55 H40 O18 N3 P1,55,40,18,3,1,-9999,-9999,-9999
1256,1060.197429,1060.197937984,1060.196900675,25694236,-9999,353775.2,39.59,-1,0.978412161,0.4202749,0.672627142,0.521215797,24,0.511111111,1.044444444,N3 S2 O23,de-protonated,0,-9999,C45 H47 O23 N3 S2,45,47,23,3,-9999,2,-9999,-9999
1257,1060.201774,1060.202282987,1060.203045228,16289821,-9999,172345.5,24.4,-1,-0.718957612,0.455236591,0.658260696,0.536446233,29,0.479166667,0.916666667,N3 P1 O23,de-protonated,0,-9999,C48 H44 O23 N3 P1,48,44,23,3,1,-9999,-9999,-9999
1258,1060.826318,1060.826827323,1060.827339172,21467296,-9999,201762.2,32.76,-1,-0.482499682,0.479318722,0.572644131,0.516648885,16,0.043478261,1.608695652,N3 S1 O3,de-protonated,0,-9999,C69 H111 O3 N3 S1,69,111,3,3,-9999,1,-9999,-9999
1258,1060.826318,1060.826827323,1060.827472113,21467296,-9999,201762.2,32.76,-1,-0.60781852,0.46758123,0.614510218,0.526352825,3,0.189655172,2,N3 P1 O11,de-protonated,0,-9999,C58 H116 O11 N3 P1,58,116,11,3,1,-9999,-9999,-9999
1259,1061.764145,1061.764654828,1061.763735856,8769881,-9999,189684.9,12.25,-1,0.865514302,0.436453642,0.572644131,0.490929837,17,0.086956522,1.536231884,S1 O6,de-protonated,0,-9999,C69 H106 O6 S1,69,106,6,-9999,-9999,1,-9999,-9999
1259,1061.764145,1061.764654828,1061.764738177,8769881,-9999,189684.9,12.25,-1,-0.07850129,0.998882456,0,0.599329474,3,0.152542373,1.949152542,S2 P1 O9,de-protonated,0,-9999,C59 H115 O9 P1 S2,59,115,9,-9999,1,2,-9999,-9999
1259,1061.764145,1061.764654828,1061.763868798,8769881,-9999,189684.9,12.25,-1,0.740305817,0.905341152,0,0.543204691,4,0.24137931,1.913793103,P1 O14,de-protonated,0,-9999,C58 H111 O14 P1,58,111,14,-9999,1,-9999,-9999,-9999
1259,1061.764145,1061.764654828,1061.765586331,8769881,-9999,189684.9,12.25,-1,-0.877315185,0.869655802,0,0.521793481,4,0.22807017500000001,1.929824561,N2 S1 O13,de-protonated,0,-9999,C57 H110 O13 N2 S1,57,110,13,2,-9999,1,-9999,-9999
1259,1061.764145,1061.764654828,1061.765073266,8769881,-9999,189684.9,12.25,-1,-0.394097369,0.486106048,0.569119254,0.519311331,22,0.028571429,1.457142857,N4 S1 O2,de-protonated,0,-9999,C70 H102 O2 N4 S1,70,102,2,4,-9999,1,-9999,-9999
1259,1061.764145,1061.764654828,1061.765206208,8769881,-9999,189684.9,12.25,-1,-0.519305538,0.952245154,0,0.571347092,9,0.169491525,1.813559322,N4 P1 O10,de-protonated,0,-9999,C59 H107 O10 N4 P1,59,107,10,4,1,-9999,-9999,-9999
1260,1061.818105,1061.818614857,1061.81874881,23302500,-9999,272135.2,35.73,-1,-0.126154502,0.332372139,0.485764205,0.393728965,15,0.028169014,1.605633803,S2 O2,de-protonated,0,-9999,C71 H114 O2 S2,71,114,2,-9999,-9999,2,-9999,-9999
1260,1061.818105,1061.818614857,1061.81787943,23302500,-9999,272135.2,35.73,-1,0.692610917,0.305545976,0.49029038,0.379443738,16,0.1,1.571428571,O7,de-protonated,0,-9999,C70 H110 O7,70,110,7,-9999,-9999,-9999,-9999,-9999
1260,1061.818105,1061.818614857,1061.818881752,23302500,-9999,272135.2,35.73,-1,-0.251356375,0.494300764,0.606448844,0.539159996,2,0.166666667,1.983333333,S1 P1 O10,de-protonated,0,-9999,C60 H119 O10 P1 S1,60,119,10,-9999,1,1,-9999,-9999
1260,1061.818105,1061.818614857,1061.817717239,23302500,-9999,272135.2,35.73,-1,0.845359773,0.439192956,0.587191358,0.498392317,11,0.015384615,1.769230769,N4 S2 P1 O1,de-protonated,0,-9999,C65 H115 O1 N4 P1 S2,65,115,1,4,1,2,-9999,-9999
1260,1061.818105,1061.818614857,1061.81921684,23302500,-9999,272135.2,35.73,-1,-0.566936307,0.314449138,0.485764205,0.382975165,21,0.042253521,1.492957746,N4 O3,de-protonated,0,-9999,C71 H106 O3 N4,71,106,3,4,-9999,-9999,-9999,-9999
1261,1061.874977,1061.875486887,1061.876263687,12292462,-9999,269153.9,17.94,-1,-0.731535338,0.453732098,0.572644131,0.501296911,9,0.043478261,1.768115942,S2 O3,de-protonated,0,-9999,C69 H122 O3 S2,69,122,3,-9999,-9999,2,-9999,-9999
1261,1061.874977,1061.875486887,1061.875394307,12292462,-9999,269153.9,17.94,-1,0.087185237,0.499310856,0.576212942,0.53007169,10,0.117647059,1.735294118,O8,de-protonated,0,-9999,C68 H118 O8,68,118,8,-9999,-9999,-9999,-9999,-9999
1261,1061.874977,1061.875486887,1061.874742859,12292462,-9999,269153.9,17.94,-1,0.700674485,0.45738561,0.606448844,0.517010904,1,0.166666667,2.033333333,N2 S1 O10,de-protonated,0,-9999,C60 H122 O10 N2 S1,60,122,10,2,-9999,1,-9999,-9999
1261,1061.874977,1061.875486887,1061.875232116,12292462,-9999,269153.9,17.94,-1,0.239925728,0.494804691,0.594745702,0.534781095,5,0.031746032,1.952380952,N4 S2 P1 O2,de-protonated,0,-9999,C63 H123 O2 N4 P1 S2,63,123,2,4,1,2,-9999,-9999
1262,1062.64935,1062.649860304,1062.6498283,14684669,-9999,241046.9,21.81,-1,0.030117207,0.499917716,0.587191358,0.534827173,20,0.138461538,1.430769231,N1 S1 O9,de-protonated,0,-9999,C65 H93 O9 N1 S1,65,93,9,1,-9999,1,-9999,-9999
1262,1062.64935,1062.649860304,1062.650830622,14684669,-9999,241046.9,21.81,-1,-0.913110428,0.429800655,0.627012296,0.508685311,6,0.218181818,1.854545455,N1 S2 P1 O12,de-protonated,0,-9999,C55 H102 O12 N1 P1 S2,55,102,12,1,1,2,-9999,-9999
1262,1062.64935,1062.649860304,1062.649961242,14684669,-9999,241046.9,21.81,-1,-0.094986768,0.499182111,0.631293472,0.552026655,7,0.314814815,1.814814815,N1 P1 O17,de-protonated,0,-9999,C54 H98 O17 N1 P1,54,98,17,1,1,-9999,-9999,-9999
1262,1062.64935,1062.649860304,1062.650317557,14684669,-9999,241046.9,21.81,-1,-0.430295176,0.483481069,0.576212942,0.520573818,24,0.014705882,1.382352941,N3 S2 P1 O1,de-protonated,0,-9999,C68 H94 O1 N3 P1 S2,68,94,1,3,1,2,-9999,-9999
1262,1062.64935,1062.649860304,1062.649448178,14684669,-9999,241046.9,21.81,-1,0.387829275,0.486538542,0.579826515,0.523853731,25,0.089552239,1.343283582,N3 P1 O6,de-protonated,0,-9999,C67 H90 O6 N3 P1,67,90,6,3,1,-9999,-9999,-9999
1262,1062.64935,1062.649860304,1062.649176851,14684669,-9999,241046.9,21.81,-1,0.643159323,0.463845322,0.618621811,0.525755918,11,0.192982456,1.701754386,N3 S2 O11,de-protonated,0,-9999,C57 H97 O11 N3 S2,57,97,11,3,-9999,2,-9999,-9999
1263,1063.702025,1063.702535871,1063.701743996,12489395,-9999,200527.8,18.26,-1,0.744451397,0.951434707,0.973468143,0.960248081,13,0.09375,1.640625,S2 P1 O6,de-protonated,0,-9999,C64 H105 O6 P1 S2,64,105,6,-9999,1,2,-9999,-9999
1263,1063.702025,1063.702535871,1063.703243598,12489395,-9999,200527.8,18.26,-1,-0.665343088,0.46140867,0.569119254,0.504492904,23,0.114285714,1.371428571,O8,de-protonated,0,-9999,C70 H96 O8,70,96,8,-9999,-9999,-9999,-9999,-9999
1263,1063.702025,1063.702535871,1063.70259215,12489395,-9999,200527.8,18.26,-1,-0.052908511,0.95641234,0.965816295,0.960173922,14,0.161290323,1.612903226,N2 S1 O10,de-protonated,0,-9999,C62 H100 O10 N2 S1,62,100,10,2,-9999,1,-9999,-9999
1263,1063.702025,1063.702535871,1063.703594471,12489395,-9999,200527.8,18.26,-1,-0.995202541,0.417755453,0.640033642,0.506666729,0,0.25,2.096153846,N2 S2 P1 O13,de-protonated,0,-9999,C52 H109 O13 N2 P1 S2,52,109,13,2,1,2,-9999,-9999
1263,1063.702025,1063.702535871,1063.702725091,12489395,-9999,200527.8,18.26,-1,-0.177888658,0.938159654,0.919917418,0.93086276,1,0.352941176,2.058823529,N2 P1 O18,de-protonated,0,-9999,C51 H105 O18 N2 P1,51,105,18,2,1,-9999,-9999,-9999
1263,1063.702025,1063.702535871,1063.703081407,12489395,-9999,200527.8,18.26,-1,-0.512865178,0.476697217,0.587191358,0.520894874,18,0.030769231,1.553846154,N4 S2 P1 O2,de-protonated,0,-9999,C65 H101 O2 N4 P1 S2,65,101,2,4,1,2,-9999,-9999
1263,1063.702025,1063.702535871,1063.702212027,12489395,-9999,200527.8,18.26,-1,0.304449493,0.980681384,0.973468143,0.977796088,19,0.109375,1.515625,N4 P1 O7,de-protonated,0,-9999,C64 H97 O7 N4 P1,64,97,7,4,1,-9999,-9999,-9999
1263,1063.702025,1063.702535871,1063.701940701,12489395,-9999,200527.8,18.26,-1,0.559526815,0.97157081,0.93311906,0.95619011,5,0.222222222,1.925925926,N4 S2 O12,de-protonated,0,-9999,C54 H104 O12 N4 S2,54,104,12,4,-9999,2,-9999,-9999
1264,1063.757874,1063.758384901,1063.758256552,21205692,-9999,227751.6,32.34,-1,0.120655705,0.332453997,0.481293734,0.391989892,21,0.055555556,1.444444444,S1 O4,de-protonated,0,-9999,C72 H104 O4 S1,72,104,4,-9999,-9999,1,-9999,-9999
1264,1063.757874,1063.758384901,1063.759258874,21205692,-9999,227751.6,32.34,-1,-0.821589181,0.44236204,0.598596236,0.504855719,7,0.112903226,1.822580645,S2 P1 O7,de-protonated,0,-9999,C62 H113 O7 P1 S2,62,113,7,-9999,1,2,-9999,-9999
1264,1063.757874,1063.758384901,1063.758389494,21205692,-9999,227751.6,32.34,-1,-0.004317924,0.499998308,0.602496955,0.540997767,8,0.196721311,1.786885246,P1 O12,de-protonated,0,-9999,C61 H109 O12 P1,61,109,12,-9999,1,-9999,-9999,-9999
1264,1063.757874,1063.758384901,1063.75787643,21205692,-9999,227751.6,32.34,-1,0.477995071,0.319796777,0.472516812,0.380884791,26,0.013513514,1.364864865,N2 P1 O1,de-protonated,0,-9999,C74 H101 O1 N2 P1,74,101,1,2,1,-9999,-9999,-9999
1264,1063.757874,1063.758384901,1063.757605104,21205692,-9999,227751.6,32.34,-1,0.73305909,0.453548403,0.590944388,0.508506797,12,0.09375,1.6875,N2 S2 O6,de-protonated,0,-9999,C64 H108 O6 N2 S2,64,108,6,2,-9999,2,-9999,-9999
1264,1063.757874,1063.758384901,1063.758586198,21205692,-9999,227751.6,32.34,-1,-0.18923252,0.496761788,0.644495114,0.555855119,0,0.352941176,2.117647059,N4 O18,de-protonated,0,-9999,C51 H108 O18 N4,51,108,18,4,-9999,-9999,-9999,-9999
1265,1064.700466,1064.700977408,1064.701863874,24646480,-9999,255774.1,37.9,-1,-0.832595208,0.293935419,0.508967985,0.379948445,18,0.121212121,1.5,N1 S1 O8,de-protonated,0,-9999,C66 H99 O8 N1 S1,66,99,8,1,-9999,1,-9999,-9999
1265,1064.700466,1064.700977408,1064.701996816,24646480,-9999,255774.1,37.9,-1,-0.957457958,0.423379702,0.627012296,0.504832739,5,0.290909091,1.890909091,N1 P1 O16,de-protonated,0,-9999,C55 H104 O16 N1 P1,55,104,16,1,1,-9999,-9999,-9999
1265,1064.700466,1064.700977408,1064.701483751,24646480,-9999,255774.1,37.9,-1,-0.475572879,0.319930831,0.499512996,0.391763697,23,0.073529412,1.411764706,N3 P1 O5,de-protonated,0,-9999,C68 H96 O5 N3 P1,68,96,5,3,1,-9999,-9999,-9999
1265,1064.700466,1064.700977408,1064.701212425,24646480,-9999,255774.1,37.9,-1,-0.220735158,0.495599029,0.614510218,0.543163505,9,0.172413793,1.775862069,N3 S2 O10,de-protonated,0,-9999,C58 H103 O10 N3 S2,58,103,10,3,-9999,2,-9999,-9999
1265,1064.700466,1064.700977408,1064.700343045,24646480,-9999,255774.1,37.9,-1,0.595813539,0.46880877,0.618621811,0.528733986,10,0.263157895,1.736842105,N3 O15,de-protonated,0,-9999,C57 H99 O15 N3,57,99,15,3,-9999,-9999,-9999,-9999
1266,1064.704683,1064.70519441,1064.705098832,9638737,-9999,465907.1,13.66,-1,0.089770303,0.998538827,0.973468143,0.988510553,13,0.09375,1.640625,13C1 S2 P1 O6,de-protonated,1,1263,C63 H105 O6 P1 S2 13C1,63,105,6,-9999,1,2,1,-9999
1266,1064.704683,1064.70519441,1064.705506503,9638737,-9999,465907.1,13.66,-1,-0.293126013,0.492265157,0.558800271,0.518879203,27,0.04109589,1.315068493,N1 P1 O3,de-protonated,0,-9999,C73 H96 O3 N1 P1,73,96,3,1,1,-9999,-9999,-9999
1266,1064.704683,1064.70519441,1064.705235177,9638737,-9999,465907.1,13.66,-1,-0.038289208,0.49986701,0.594745702,0.537818487,13,0.126984127,1.634920635,N1 S2 O8,de-protonated,0,-9999,C63 H103 O8 N1 S2,63,103,8,1,-9999,2,-9999,-9999
1266,1064.704683,1064.70519441,1064.704365797,9638737,-9999,465907.1,13.66,-1,0.778256553,0.447961668,0.598596236,0.508215495,14,0.209677419,1.596774194,N1 O13,de-protonated,0,-9999,C62 H99 O13 N1,62,99,13,1,-9999,-9999,-9999,-9999
1266,1064.704683,1064.70519441,1064.705368119,9638737,-9999,465907.1,13.66,-1,-0.163151662,0.99518176,0,0.597109056,0,0.307692308,2.076923077,N1 S1 P1 O16,de-protonated,0,-9999,C52 H108 O16 N1 P1 S1,52,108,16,1,1,1,-9999,-9999
1266,1064.704683,1064.70519441,1064.705946985,9638737,-9999,465907.1,13.66,-1,-0.706837669,0.913332482,0.965816295,0.934326007,14,0.161290323,1.612903226,13C1 N2 S1 O10,de-protonated,1,1263,C61 H100 O10 N2 S1 13C1,61,100,10,2,-9999,1,1,-9999
1266,1064.704683,1064.70519441,1064.706079926,9638737,-9999,465907.1,13.66,-1,-0.831699956,0.882044686,0.919917418,0.897193779,1,0.352941176,2.058823529,13C1 N2 P1 O18,de-protonated,1,1263,C50 H105 O18 N2 P1 13C1,50,105,18,2,1,-9999,1,-9999
1266,1064.704683,1064.70519441,1064.704855055,9638737,-9999,465907.1,13.66,-1,0.318732274,0.490867718,0.587191358,0.529397174,18,0.076923077,1.538461538,N3 S1 P1 O5,de-protonated,0,-9999,C65 H100 O5 N3 P1 S1,65,100,5,3,1,1,-9999,-9999
1266,1064.704683,1064.70519441,1064.706216272,9638737,-9999,465907.1,13.66,-1,-0.959759232,0.846081794,0,0.507649076,1,0.4,2.06,N3 O20,de-protonated,0,-9999,C50 H103 O20 N3,50,103,20,3,-9999,-9999,-9999,-9999
1266,1064.704683,1064.70519441,1064.705566862,9638737,-9999,465907.1,13.66,-1,-0.349816665,0.978040514,0.973468143,0.976211566,19,0.109375,1.515625,13C1 N4 P1 O7,de-protonated,1,1263,C63 H97 O7 N4 P1 13C1,63,97,7,4,1,-9999,1,-9999
1266,1064.704683,1064.70519441,1064.705295536,9638737,-9999,465907.1,13.66,-1,-0.094979889,0.998364458,0.93311906,0.972266299,5,0.222222222,1.925925926,13C1 N4 S2 O12,de-protonated,1,1263,C53 H104 O12 N4 S2 13C1,53,104,12,4,-9999,2,1,-9999
1267,1064.756505,1064.757016438,1064.756876828,41161560,-9999,222704.5,64.58,-1,0.131119637,0.33229511,0.499512996,0.399182264,16,0.058823529,1.573529412,N1 S2 O4,de-protonated,0,-9999,C68 H107 O4 N1 S2,68,107,4,1,-9999,2,-9999,-9999
1267,1064.756505,1064.757016438,1064.756007448,41161560,-9999,222704.5,64.58,-1,0.947625933,0.283214056,0.504211037,0.371612849,17,0.134328358,1.537313433,N1 O9,de-protonated,0,-9999,C67 H103 O9 N1,67,103,9,1,-9999,-9999,-9999,-9999
1267,1064.756505,1064.757016438,1064.75700977,41161560,-9999,222704.5,64.58,-1,0.006263218,0.333330961,0.554570712,0.421826861,3,0.210526316,1.964912281,N1 S1 P1 O12,de-protonated,0,-9999,C57 H112 O12 N1 P1 S1,57,112,12,1,1,1,-9999,-9999
1267,1064.756505,1064.757016438,1064.756496705,41161560,-9999,222704.5,64.58,-1,0.488123864,0.319229454,0.49029038,0.387653825,21,0.014285714,1.485714286,N3 S1 P1 O1,de-protonated,0,-9999,C70 H104 O1 N3 P1 S1,70,104,1,3,1,1,-9999,-9999
1267,1064.756505,1064.757016438,1064.757857923,41161560,-9999,222704.5,64.58,-1,-0.790305851,0.297618708,0.565425266,0.404741331,4,0.290909091,1.945454545,N3 O16,de-protonated,0,-9999,C55 H107 O16 N3,55,107,16,3,-9999,-9999,-9999,-9999
1268,1065.924841,1065.925353067,1065.925321881,54268928,-9999,273535.6,85.75,-1,0.029257517,0.333281564,0.494873046,0.397918157,7,0.072463768,1.826086957,S1 O5,de-protonated,0,-9999,C69 H126 O5 S1,69,126,5,-9999,-9999,1,-9999,-9999
1268,1065.924841,1065.925353067,1065.924941758,54268928,-9999,273535.6,85.75,-1,0.385870367,0.32444824,0.485764205,0.388974626,12,0.028169014,1.732394366,N2 P1 O2,de-protonated,0,-9999,C71 H123 O2 N2 P1,71,123,2,2,1,-9999,-9999,-9999
1268,1065.924841,1065.925353067,1065.92429031,54268928,-9999,273535.6,85.75,-1,0.997029093,0.278319807,0.523600568,0.376432111,3,0.063492063,2.015873016,N4 S1 P1 O4,de-protonated,0,-9999,C63 H127 O4 N4 P1 S1,63,127,4,4,1,1,-9999,-9999
1269,1065.929231,1065.92974307,1065.928693184,21959680,-9999,384976.3,33.56,-1,0.984948973,0.41929733,0.583485697,0.484972677,2,0.075757576,1.96969697,S2 O5,de-protonated,0,-9999,C66 H130 O5 S2,66,130,5,-9999,-9999,2,-9999,-9999
1269,1065.929231,1065.92974307,1065.930030595,21959680,-9999,384976.3,33.56,-1,-0.269741109,0.493442256,0.579826515,0.52799596,7,0.014925373,1.880597015,N4 S2 O1,de-protonated,0,-9999,C67 H126 O1 N4 S2,67,126,1,4,-9999,2,-9999,-9999
1269,1065.929231,1065.92974307,1065.929161215,21959680,-9999,384976.3,33.56,-1,0.54586622,0.47368467,0.583485697,0.517605081,8,0.090909091,1.848484848,N4 O6,de-protonated,0,-9999,C66 H122 O6 N4,66,122,6,4,-9999,-9999,-9999,-9999
1270,1066.704132,1066.704644487,1066.7056291,17667170,-9999,241627.7,26.62,-1,-0.923041541,0.428380914,0.610452919,0.501209716,8,0.186440678,1.779661017,N1 S2 O11,de-protonated,0,-9999,C59 H105 O11 N1 S2,59,105,11,1,-9999,2,-9999,-9999
1270,1066.704132,1066.704644487,1066.70475972,17667170,-9999,241627.7,26.62,-1,-0.108027771,0.498942367,0.614510218,0.545169508,9,0.275862069,1.74137931,N1 O16,de-protonated,0,-9999,C58 H101 O16 N1,58,101,16,1,-9999,-9999,-9999,-9999
1270,1066.704132,1066.704644487,1066.704246656,17667170,-9999,241627.7,26.62,-1,0.372952966,0.487538709,0.565637507,0.518778228,27,0.070422535,1.309859155,N3 O5,de-protonated,0,-9999,C71 H93 O5 N3,71,93,5,3,-9999,-9999,-9999,-9999
1270,1066.704132,1066.704644487,1066.705248978,17667170,-9999,241627.7,26.62,-1,-0.566689897,0.471697614,0.602496955,0.52401735,13,0.131147541,1.672131148,N3 S1 P1 O8,de-protonated,0,-9999,C61 H102 O8 N3 P1 S1,61,102,8,3,1,1,-9999,-9999
1270,1066.704132,1066.704644487,1066.704108272,17667170,-9999,241627.7,26.62,-1,0.502683864,0.477592394,0.649019222,0.546163125,0,0.36,2.1,N3 S1 O18,de-protonated,0,-9999,C50 H105 O18 N3 S1,50,105,18,3,-9999,1,-9999,-9999
1271,1068.418705,1068.41921841,1068.418448636,19502368,-9999,205384.9,29.59,-1,0.720479145,0.455055716,0.587191358,0.507909973,33,0.138461538,1.030769231,N1 S2 O9,de-protonated,0,-9999,C65 H67 O9 N1 S2,65,67,9,1,-9999,2,-9999,-9999
1271,1068.418705,1068.41921841,1068.418581578,19502368,-9999,205384.9,29.59,-1,0.596050547,0.468784741,0.631293472,0.533788233,20,0.314814815,1.333333333,N1 S1 P1 O17,de-protonated,0,-9999,C54 H72 O17 N1 P1 S1,54,72,17,1,1,1,-9999,-9999
1271,1068.418705,1068.41921841,1068.419429731,19502368,-9999,205384.9,29.59,-1,-0.197789074,0.496463384,0.640033642,0.553891487,21,0.403846154,1.288461538,N3 O21,de-protonated,0,-9999,C52 H67 O21 N3,52,67,21,3,-9999,-9999,-9999,-9999
1272,1068.773584,1068.774097601,1068.773192142,37360964,-9999,226218.5,58.44,-1,0.847194806,0.292630343,0.472516812,0.364584931,24,0.027027027,1.405405405,N1 P1 O2,de-protonated,0,-9999,C74 H104 O2 N1 P1,74,104,2,1,1,-9999,-9999,-9999
1272,1068.773584,1068.774097601,1068.774909675,37360964,-9999,226218.5,58.44,-1,-0.759817558,0.300181875,0.476878192,0.370860402,24,0.01369863,1.410958904,N3 S1 O1,de-protonated,0,-9999,C73 H103 O1 N3 S1,73,103,1,3,-9999,1,-9999,-9999
1272,1068.773584,1068.774097601,1068.775042616,37360964,-9999,226218.5,58.44,-1,-0.884204472,0.289247645,0.528601492,0.384989184,11,0.14516129,1.741935484,N3 P1 O9,de-protonated,0,-9999,C62 H108 O9 N3 P1,62,108,9,3,1,-9999,-9999,-9999
1273,1068.884788,1068.885301661,1068.884579267,51123532,-9999,243880.8,80.67,-1,0.67583875,0.306821102,0.523600568,0.393532888,3,0.142857143,1.952380952,N1 S1 O9,de-protonated,0,-9999,C63 H123 O9 N1 S1,63,123,9,1,-9999,1,-9999,-9999
1273,1068.884788,1068.885301661,1068.885068524,51123532,-9999,243880.8,80.67,-1,0.218111633,0.330468383,0.508967985,0.401868224,7,0.015151515,1.878787879,N3 S2 P1 O1,de-protonated,0,-9999,C66 H124 O1 N3 P1 S2,66,124,1,3,1,2,-9999,-9999
1274,1068.995606,1068.99611972,1068.996483331,10327383,-9999,325411.8,14.77,-1,-0.340142625,0.979225751,0,0.587535451,40,0.48,0.46,S1 P1 O24,de-protonated,0,-9999,C50 H23 O24 P1 S1,50,23,24,-9999,1,1,-9999,-9999
1274,1068.995606,1068.99611972,1068.996726976,10327383,-9999,325411.8,14.77,-1,-0.568061216,0.471564447,0.587191358,0.517815212,0,0.046153846,2.092307692,N3 S1 P1 O3,de-protonated,0,-9999,C65 H136 O3 N3 P1 S1,65,136,3,3,1,1,-9999,-9999
1275,1069.000326,1069.000839723,1068.999854635,11736408,-9999,290926.4,17.04,-1,0.921504289,0.857202749,0,0.514321649,35,0.510638298,0.574468085,S2 P1 O24,de-protonated,0,-9999,C47 H27 O24 P1 S2,47,27,24,-9999,1,2,-9999,-9999
1275,1069.000326,1069.000839723,1069.000749728,11736408,-9999,290926.4,17.04,-1,0.084186059,0.499357423,0.569119254,0.527262156,4,0.014285714,1.942857143,N1 S1 P1 O1,de-protonated,0,-9999,C70 H136 O1 N1 P1 S1,70,136,1,1,1,1,-9999,-9999
1275,1069.000326,1069.000839723,1069.001597881,11736408,-9999,290926.4,17.04,-1,-0.709220838,0.456386693,0.576212942,0.504317193,5,0.073529412,1.926470588,N3 O5,de-protonated,0,-9999,C68 H131 O5 N3,68,131,5,3,-9999,-9999,-9999,-9999
1275,1069.000326,1069.000839723,1069.001192045,11736408,-9999,290926.4,17.04,-1,-0.329581082,0.49024167,0.658260696,0.55744928,40,0.416666667,0.479166667,N4 S2 P1 O20,de-protonated,0,-9999,C48 H23 O20 N4 P1 S2,48,23,20,4,1,2,-9999,-9999
1276,1071.073846,1071.074360839,1071.075388558,28579322,-9999,240454.8,44.25,-1,-0.959521147,0.423075974,0.640033642,0.509859041,37,0.423076923,0.615384615,S2 O22,de-protonated,0,-9999,C52 H32 O22 S2,52,32,22,-9999,-9999,2,-9999,-9999
1276,1071.073846,1071.074360839,1071.074356987,28579322,-9999,240454.8,44.25,-1,0.003596123,0.499998827,0.667769153,0.567106957,33,0.456521739,0.717391304,N4 S2 P1 O21,de-protonated,0,-9999,C46 H33 O21 N4 P1 S2,46,33,21,4,1,2,-9999,-9999
1277,1072.088337,1072.088852385,1072.088395595,16733750,-9999,172940,25.12,-1,0.426074628,0.483798249,0.644495114,0.548076995,37,0.470588235,0.607843137,N1 S1 O24,de-protonated,0,-9999,C51 H31 O24 N1 S1,51,31,24,1,-9999,1,-9999,-9999
1277,1072.088337,1072.088852385,1072.089290688,16733750,-9999,172940,25.12,-1,-0.408830989,0.485063719,0.555443265,0.513215537,6,0.013513514,1.891891892,N2 O1,de-protonated,0,-9999,C74 H140 O1 N2,74,140,1,2,-9999,-9999,-9999,-9999
1279,1074.006865,1074.007381418,1074.006549583,11228810,-9999,236177.4,16.22,-1,0.774515155,0.448434128,0.569119254,0.496708179,2,0.028571429,1.971428571,S2 O2,de-protonated,0,-9999,C70 H138 O2 S2,70,138,2,-9999,-9999,2,-9999,-9999
1279,1074.006865,1074.007381418,1074.007017614,11228810,-9999,236177.4,16.22,-1,0.338734937,0.489697782,0.569119254,0.521466371,8,0.042857143,1.857142857,N4 O3,de-protonated,0,-9999,C70 H130 O3 N4,70,130,3,4,-9999,-9999,-9999,-9999
1281,1075.080508,1075.081024996,1075.081536567,18192042,-9999,239177.2,27.47,-1,-0.475844466,0.479873747,0.649019222,0.547531937,36,0.44,0.64,N2 S2 O22,de-protonated,0,-9999,C50 H32 O22 N2 S2,50,32,22,2,-9999,2,-9999,-9999
1282,1075.195231,1075.195748057,1075.194715847,32315052,-9999,266094.7,50.28,-1,0.960021556,0.282001495,0.549245293,0.388899014,37,0.293103448,0.75862069,S2 O17,de-protonated,0,-9999,C58 H44 O17 S2,58,44,17,-9999,-9999,2,-9999,-9999
1282,1075.195231,1075.195748057,1075.194848789,32315052,-9999,266094.7,50.28,-1,0.836377123,0.440398456,0.662980834,0.529431407,24,0.531914894,1.042553191,S1 P1 O25,de-protonated,0,-9999,C47 H49 O25 P1 S1,47,49,25,-9999,1,1,-9999,-9999
1282,1075.195231,1075.195748057,1075.196566322,32315052,-9999,266094.7,50.28,-1,-0.761037276,0.450121281,0.667769153,0.53718043,24,0.52173913,1.043478261,N2 S2 O24,de-protonated,0,-9999,C46 H48 O24 N2 S2,46,48,24,2,-9999,2,-9999,-9999
1282,1075.195231,1075.195748057,1075.1961862,32315052,-9999,266094.7,50.28,-1,-0.407499721,0.485159378,0.658260696,0.554399905,29,0.4375,0.9375,N4 S1 P1 O21,de-protonated,0,-9999,C48 H45 O21 N4 P1 S1,48,45,21,4,1,1,-9999,-9999
1283,1076.764658,1076.765175902,1076.765390362,10081989,-9999,248208.1,14.37,-1,-0.199170823,0.496413976,0.539245612,0.51354663,31,0.012658228,1.253164557,N1 O1,de-protonated,0,-9999,C79 H99 O1 N1,79,99,1,1,-9999,-9999,-9999,-9999
1283,1076.764658,1076.765175902,1076.765251978,10081989,-9999,248208.1,14.37,-1,-0.070652186,0.499547333,0.614510218,0.545532487,4,0.24137931,1.913793103,N1 S1 O14,de-protonated,0,-9999,C58 H111 O14 N1 S1,58,111,14,1,-9999,1,-9999,-9999
1283,1076.764658,1076.765175902,1076.764738914,10081989,-9999,248208.1,14.37,-1,0.40583464,0.485278611,0.565637507,0.517422169,22,0.042253521,1.450704225,N3 S1 O3,de-protonated,0,-9999,C71 H103 O3 N3 S1,71,103,3,3,-9999,1,-9999,-9999
1283,1076.764658,1076.765175902,1076.765741235,10081989,-9999,248208.1,14.37,-1,-0.525028934,0.475606481,0.602496955,0.526362671,8,0.098360656,1.836065574,N3 S2 P1 O6,de-protonated,0,-9999,C61 H112 O6 N3 P1 S2,61,112,6,3,1,2,-9999,-9999
1283,1076.764658,1076.765175902,1076.764871855,10081989,-9999,248208.1,14.37,-1,0.282370561,0.492818339,0.606448844,0.538270541,9,0.183333333,1.8,N3 P1 O11,de-protonated,0,-9999,C60 H108 O11 N3 P1,60,108,11,3,1,-9999,-9999,-9999
1284,1077.066638,1077.067156065,1077.068220891,10213063,-9999,222928.7,14.58,-1,-0.98863379,0.418744412,0.558800271,0.474766756,5,0.04109589,1.904109589,N1 O3,de-protonated,0,-9999,C73 H139 O3 N1,73,139,3,1,-9999,-9999,-9999,-9999
1284,1077.066638,1077.067156065,1077.067815055,10213063,-9999,222928.7,14.58,-1,-0.611837423,0.934331093,0,0.560598656,40,0.339622642,0.58490566,N2 S2 P1 O18,de-protonated,0,-9999,C53 H31 O18 N2 P1 S2,53,31,18,2,1,2,-9999,-9999
1284,1077.066638,1077.067156065,1077.066294227,10213063,-9999,222928.7,14.58,-1,0.800171872,0.890317568,0,0.534190541,32,0.568181818,0.704545455,N4 S1 P1 O25,de-protonated,0,-9999,C44 H31 O25 N4 P1 S1,44,31,25,4,1,1,-9999,-9999
1285,1077.239422,1077.239940158,1077.241011136,85071560,-9999,235217.4,135.5,-1,-0.99418634,0.278605815,0.565425266,0.393333595,31,0.345454545,0.927272727,S1 P1 O19,de-protonated,0,-9999,C55 H51 O19 P1 S1,55,51,19,-9999,1,1,-9999,-9999
1285,1077.239422,1077.239940158,1077.239357366,85071560,-9999,235217.4,135.5,-1,0.541005095,0.316092663,0.554570712,0.411483883,36,0.315789474,0.807017544,N2 S1 O18,de-protonated,0,-9999,C57 H46 O18 N2 S1,57,46,18,2,-9999,1,-9999,-9999
1285,1077.239422,1077.239940158,1077.240359687,85071560,-9999,235217.4,135.5,-1,-0.389448478,0.243213723,0.579952989,0.377909429,22,0.446808511,1.170212766,N2 S2 P1 O21,de-protonated,0,-9999,C47 H55 O21 N2 P1 S2,47,55,21,2,1,2,-9999,-9999
1285,1077.239422,1077.239940158,1077.239846623,85071560,-9999,235217.4,135.5,-1,0.086828046,0.249658243,0.514011606,0.355399588,40,0.166666667,0.783333333,N4 S2 P1 O10,de-protonated,0,-9999,C60 H47 O10 N4 P1 S2,60,47,10,4,1,2,-9999,-9999
1286,1077.296712,1077.297230189,1077.297523692,9852617,-9999,294159.7,14,-1,-0.272444022,0.493311063,0.594745702,0.533884918,39,0.26984127,0.793650794,O17,de-protonated,0,-9999,C63 H50 O17,63,50,17,-9999,-9999,-9999,-9999,-9999
1286,1077.296712,1077.297230189,1077.296872243,9852617,-9999,294159.7,14,-1,0.332262554,0.980167655,0,0.588100593,30,0.345454545,0.981818182,N2 S1 O19,de-protonated,0,-9999,C55 H54 O19 N2 S1,55,54,19,2,-9999,1,-9999,-9999
1286,1077.296712,1077.297230189,1077.297874565,9852617,-9999,294159.7,14,-1,-0.598141151,0.937144858,0,0.562286915,16,0.488888889,1.4,N2 S2 P1 O22,de-protonated,0,-9999,C45 H63 O22 N2 P1 S2,45,63,22,2,1,2,-9999,-9999
1286,1077.296712,1077.297230189,1077.297361501,9852617,-9999,294159.7,14,-1,-0.121890153,0.498653905,0.614510218,0.54499643,34,0.189655172,0.948275862,N4 S2 P1 O11,de-protonated,0,-9999,C58 H55 O11 N4 P1 S2,58,55,11,4,1,2,-9999,-9999
1286,1077.296712,1077.297230189,1077.296492121,9852617,-9999,294159.7,14,-1,0.685111235,0.459179033,0.618621811,0.522956144,35,0.280701754,0.894736842,N4 P1 O16,de-protonated,0,-9999,C57 H51 O16 N4 P1,57,51,16,4,1,-9999,-9999,-9999
1286,1077.296712,1077.297230189,1077.296220795,9852617,-9999,294159.7,14,-1,0.93696986,0.852743847,0,0.511646308,21,0.446808511,1.234042553,N4 S2 O21,de-protonated,0,-9999,C47 H58 O21 N4 S2,47,58,21,4,-9999,2,-9999,-9999
1287,1078.093025,1078.093543617,1078.094089374,12703435,-9999,241350.8,18.61,-1,-0.506223843,0.477282992,0.662980834,0.551562129,30,0.489361702,0.808510638,N1 S2 P1 O23,de-protonated,0,-9999,C47 H38 O23 N1 P1 S2,47,38,23,1,1,2,-9999,-9999
1288,1078.323034,1078.323552741,1078.324287268,10999498,-9999,256625.8,15.85,-1,-0.681174671,0.459627373,0.606448844,0.518355961,33,0.233333333,0.966666667,N1 S1 P1 O14,de-protonated,0,-9999,C60 H58 O14 N1 P1 S1,60,58,14,1,1,1,-9999,-9999
1288,1078.323034,1078.323552741,1078.323146562,10999498,-9999,256625.8,15.85,-1,0.376676361,0.974583712,0,0.584750227,20,0.489795918,1.244897959,N1 S1 O24,de-protonated,0,-9999,C49 H61 O24 N1 S1,49,61,24,1,-9999,1,-9999,-9999
1288,1078.323034,1078.323552741,1078.322633498,10999498,-9999,256625.8,15.85,-1,0.852475001,0.438231305,0.598596236,0.502377278,38,0.209677419,0.85483871,N3 S1 O13,de-protonated,0,-9999,C62 H53 O13 N3 S1,62,53,13,3,-9999,1,-9999,-9999
1288,1078.323034,1078.323552741,1078.32363582,10999498,-9999,256625.8,15.85,-1,-0.077044135,0.499461768,0.640033642,0.555690518,24,0.307692308,1.192307692,N3 S2 P1 O16,de-protonated,0,-9999,C52 H62 O16 N3 P1 S2,52,62,16,3,1,2,-9999,-9999
1288,1078.323034,1078.323552741,1078.32276644,10999498,-9999,256625.8,15.85,-1,0.72918924,0.908028656,0,0.544817193,25,0.411764706,1.137254902,N3 P1 O21,de-protonated,0,-9999,C51 H58 O21 N3 P1,51,58,21,3,1,-9999,-9999,-9999
1289,1078.871754,1078.872273036,1078.872571832,12900040,-9999,175958.1,18.92,-1,-0.276951634,0.493089443,0.565637507,0.522108669,14,0.056338028,1.661971831,N1 P1 O4,de-protonated,0,-9999,C71 H118 O4 N1 P1,71,118,4,1,1,-9999,-9999,-9999
1289,1078.871754,1078.872273036,1078.872300506,12900040,-9999,175958.1,18.92,-1,-0.02546118,0.499941189,0.602496955,0.540963496,0,0.14754098399999999,2.049180328,N1 S2 O9,de-protonated,0,-9999,C61 H125 O9 N1 S2,61,125,9,1,-9999,2,-9999,-9999
1289,1078.871754,1078.872273036,1078.871431126,12900040,-9999,175958.1,18.92,-1,0.780362223,0.447694985,0.606448844,0.511196529,1,0.233333333,2.016666667,N1 O14,de-protonated,0,-9999,C60 H121 O14 N1,60,121,14,1,-9999,-9999,-9999,-9999
1289,1078.871754,1078.872273036,1078.871920383,12900040,-9999,175958.1,18.92,-1,0.326872126,0.490399882,0.594745702,0.53213821,5,0.095238095,1.936507937,N3 S1 P1 O6,de-protonated,0,-9999,C63 H122 O6 N3 P1 S1,63,122,6,3,1,1,-9999,-9999
1290,1079.17406,1079.174579199,1079.174374326,11212486,-9999,222821.2,16.2,-1,0.189842894,0.496740933,0.635633513,0.552297965,32,0.396226415,0.830188679,S2 O21,de-protonated,0,-9999,C53 H44 O21 S2,53,44,21,-9999,-9999,2,-9999,-9999
1290,1079.17406,1079.174579199,1079.173994203,11212486,-9999,222821.2,16.2,-1,0.542077654,0.474039064,0.627012296,0.535228357,37,0.327272727,0.745454545,N2 S1 P1 O18,de-protonated,0,-9999,C55 H41 O18 N2 P1 S1,55,41,18,2,1,1,-9999,-9999
1290,1079.17406,1079.174579199,1079.174842356,11212486,-9999,222821.2,16.2,-1,-0.243850257,0.494634262,0.635633513,0.551033962,38,0.41509434,0.679245283,N4 O22,de-protonated,0,-9999,C53 H36 O22 N4,53,36,22,4,-9999,-9999,-9999,-9999
1291,1079.290112,1079.290631262,1079.290544786,33855172,-9999,183382.9,52.77,-1,0.080122268,0.332945285,0.538793609,0.415284614,33,0.216666667,0.95,S2 P1 O13,de-protonated,0,-9999,C60 H57 O13 P1 S2,60,57,13,-9999,1,2,-9999,-9999
1291,1079.290112,1079.290631262,1079.289675407,33855172,-9999,183382.9,52.77,-1,0.885633485,0.289114938,0.543986559,0.391063586,34,0.305084746,0.898305085,P1 O18,de-protonated,0,-9999,C59 H53 O18 P1,59,53,18,-9999,1,-9999,-9999,-9999
1291,1079.290112,1079.290631262,1079.29139294,33855172,-9999,183382.9,52.77,-1,-0.705720409,0.304531354,0.549245293,0.40241693,34,0.293103448,0.896551724,N2 S1 O17,de-protonated,0,-9999,C58 H52 O17 N2 S1,58,52,17,2,-9999,1,-9999,-9999
1291,1079.290112,1079.290631262,1079.291525881,33855172,-9999,183382.9,52.77,-1,-0.828895319,0.441395197,0.662980834,0.530029452,21,0.531914894,1.212765957,N2 P1 O25,de-protonated,0,-9999,C47 H57 O25 N2 P1,47,57,25,2,1,-9999,-9999,-9999
1291,1079.290112,1079.290631262,1079.291012817,33855172,-9999,183382.9,52.77,-1,-0.353524155,0.325859288,0.538793609,0.411033016,39,0.233333333,0.816666667,N4 P1 O14,de-protonated,0,-9999,C60 H49 O14 N4 P1,60,49,14,4,1,-9999,-9999,-9999
1291,1079.290112,1079.290631262,1079.290741491,33855172,-9999,183382.9,52.77,-1,-0.102131223,0.499054569,0.649019222,0.55904043,25,0.38,1.12,N4 S2 O19,de-protonated,0,-9999,C50 H56 O19 N4 S2,50,56,19,4,-9999,2,-9999,-9999
1291,1079.290112,1079.290631262,1079.289872111,33855172,-9999,183382.9,52.77,-1,0.7033797,0.457070493,0.653607294,0.535685213,26,0.489795918,1.06122449,N4 O24,de-protonated,0,-9999,C49 H52 O24 N4,49,52,24,4,-9999,-9999,-9999,-9999
1292,1080.3766659999999,1080.377185847,1080.376322842,9262776,-9999,261583,13.05,-1,0.798799852,0.445336022,0.602496955,0.508200395,31,0.213114754,1.049180328,N1 S1 P1 O13,de-protonated,0,-9999,C61 H64 O13 N1 P1 S1,61,64,13,1,1,1,-9999,-9999
1292,1080.3766659999999,1080.377185847,1080.378040375,9262776,-9999,261583,13.05,-1,-0.790953315,0.892690275,0,0.535614165,31,0.2,1.05,N3 S2 O12,de-protonated,0,-9999,C60 H63 O12 N3 S2,60,63,12,3,-9999,2,-9999,-9999
1292,1080.3766659999999,1080.377185847,1080.377170995,9262776,-9999,261583,13.05,-1,0.013746382,0.999965713,0,0.599979428,32,0.288135593,1,N3 O17,de-protonated,0,-9999,C59 H59 O17 N3,59,59,17,3,-9999,-9999,-9999,-9999
1292,1080.3766659999999,1080.377185847,1080.378173317,9262776,-9999,261583,13.05,-1,-0.914004325,0.859346604,0,0.515607962,18,0.408163265,1.387755102,N3 S1 P1 O20,de-protonated,0,-9999,C49 H68 O20 N3 P1 S1,49,68,20,3,1,1,-9999,-9999
1293,1081.048119,1081.048639208,1081.047879369,8902317,-9999,240878.3,12.47,-1,0.702872545,0.457129645,0.576212942,0.504762964,0,0.102941176,2.044117647,N1 O7,de-protonated,0,-9999,C68 H139 O7 N1,68,139,7,1,-9999,-9999,-9999,-9999
1294,1081.464761,1081.465281432,1081.46612365,23205540,-9999,270584.1,35.57,-1,-0.7787738,0.447896211,0.579826515,0.500668332,33,0.164179104,1.059701493,P1 O11,de-protonated,0,-9999,C67 H71 O11 P1,67,71,11,-9999,1,-9999,-9999,-9999
1294,1081.464761,1081.465281432,1081.465852324,23205540,-9999,270584.1,35.57,-1,-0.527886591,0.475346892,0.618621811,0.532656859,19,0.280701754,1.368421053,S2 O16,de-protonated,0,-9999,C57 H78 O16 S2,57,78,16,-9999,-9999,2,-9999,-9999
1294,1081.464761,1081.465281432,1081.464982944,23205540,-9999,270584.1,35.57,-1,0.276003895,0.493136333,0.622788794,0.544997318,20,0.375,1.321428571,O21,de-protonated,0,-9999,C56 H74 O21,56,74,21,-9999,-9999,-9999,-9999,-9999
1294,1081.464761,1081.465281432,1081.465985265,23205540,-9999,270584.1,35.57,-1,-0.65081386,0.463012445,0.667769153,0.544915128,6,0.52173913,1.804347826,S1 P1 O24,de-protonated,0,-9999,C46 H83 O24 P1 S1,46,83,24,-9999,1,1,-9999,-9999
1294,1081.464761,1081.465281432,1081.465339259,23205540,-9999,270584.1,35.57,-1,-0.053471036,0.333160448,0.49029038,0.396012421,37,0.071428571,1,N2 S2 O5,de-protonated,0,-9999,C70 H70 O5 N2 S2,70,70,5,2,-9999,2,-9999,-9999
1294,1081.464761,1081.465281432,1081.464469879,23205540,-9999,270584.1,35.57,-1,0.750420213,0.300955888,0.494873046,0.378522751,38,0.144927536,0.956521739,N2 O10,de-protonated,0,-9999,C69 H66 O10 N2,69,66,10,2,-9999,-9999,-9999,-9999
1294,1081.464761,1081.465281432,1081.465472201,23205540,-9999,270584.1,35.57,-1,-0.176398422,0.497184939,0.610452919,0.542492131,24,0.220338983,1.271186441,N2 S1 P1 O13,de-protonated,0,-9999,C59 H75 O13 N2 P1 S1,59,75,13,2,1,1,-9999,-9999
1294,1081.464761,1081.465281432,1081.464331495,23205540,-9999,270584.1,35.57,-1,0.878380544,0.43468035,0.658260696,0.524112488,11,0.479166667,1.625,N2 S1 O23,de-protonated,0,-9999,C48 H78 O23 N2 S1,48,78,23,2,-9999,1,-9999,-9999
1294,1081.464761,1081.465281432,1081.464820752,23205540,-9999,270584.1,35.57,-1,0.425977682,0.4838055,0.644495114,0.548081346,15,0.294117647,1.549019608,N4 S2 P1 O15,de-protonated,0,-9999,C51 H79 O15 N4 P1 S2,51,79,15,4,1,2,-9999,-9999
1294,1081.464761,1081.465281432,1081.466320354,23205540,-9999,270584.1,35.57,-1,-0.960660497,0.422908061,0.618621811,0.501193561,25,0.298245614,1.228070175,N4 O17,de-protonated,0,-9999,C57 H70 O17 N4,57,70,17,4,-9999,-9999,-9999,-9999
1295,1082.324778,1082.325298895,1082.324942173,25073296,-9999,244438.8,38.59,-1,0.329588908,0.490241211,0.594745702,0.532043007,36,0.19047619,0.904761905,N1 S2 O12,de-protonated,0,-9999,C63 H57 O12 N1 S2,63,57,12,1,-9999,2,-9999,-9999
1295,1082.324778,1082.325298895,1082.325075115,25073296,-9999,244438.8,38.59,-1,0.206759107,0.496136598,0.640033642,0.553695416,23,0.384615385,1.192307692,N1 S1 P1 O20,de-protonated,0,-9999,C52 H62 O20 N1 P1 S1,52,62,20,1,1,1,-9999,-9999
1295,1082.324778,1082.325298895,1082.324423666,25073296,-9999,244438.8,38.59,-1,0.808657023,0.444057497,0.677556332,0.537457031,14,0.5,1.5,N3 S2 P1 O22,de-protonated,0,-9999,C44 H66 O22 N3 P1 S2,44,66,22,3,1,2,-9999,-9999
1295,1082.324778,1082.325298895,1082.325923268,25073296,-9999,244438.8,38.59,-1,-0.576880393,0.470701253,0.649019222,0.542028441,24,0.48,1.14,N3 O24,de-protonated,0,-9999,C50 H57 O24 N3,50,57,24,3,-9999,-9999,-9999,-9999
1296,1083.361059,1083.361580453,1083.360599406,8836725,-9999,255471.7,12.36,-1,0.905558653,0.430873075,0.576212942,0.489009022,39,0.132352941,0.882352941,S2 O9,de-protonated,0,-9999,C68 H60 O9 S2,68,60,9,-9999,-9999,2,-9999,-9999
1296,1083.361059,1083.361580453,1083.360732348,8836725,-9999,255471.7,12.36,-1,0.782846203,0.894759335,0,0.536855601,26,0.298245614,1.140350877,S1 P1 O17,de-protonated,0,-9999,C57 H65 O17 P1 S1,57,65,17,-9999,1,1,-9999,-9999
1296,1083.361059,1083.361580453,1083.362449881,8836725,-9999,255471.7,12.36,-1,-0.802527542,0.889707867,0,0.53382472,26,0.285714286,1.142857143,N2 S2 O16,de-protonated,0,-9999,C56 H64 O16 N2 S2,56,64,16,2,-9999,2,-9999,-9999
1296,1083.361059,1083.361580453,1083.361580501,8836725,-9999,255471.7,12.36,-1,-4.4615e-5,1,0,0.6,27,0.381818182,1.090909091,N2 O21,de-protonated,0,-9999,C55 H60 O21 N2,55,60,21,2,-9999,-9999,-9999,-9999
1296,1083.361059,1083.361580453,1083.362582823,8836725,-9999,255471.7,12.36,-1,-0.925239574,0.856130499,0,0.513678299,13,0.533333333,1.533333333,N2 S1 P1 O24,de-protonated,0,-9999,C45 H69 O24 N2 P1 S1,45,69,24,2,1,1,-9999,-9999
1296,1083.361059,1083.361580453,1083.362069759,8836725,-9999,255471.7,12.36,-1,-0.451654805,0.963662555,0,0.578197533,31,0.224137931,1.051724138,N4 S1 P1 O13,de-protonated,0,-9999,C58 H61 O13 N4 P1 S1,58,61,13,4,1,1,-9999,-9999
1296,1083.361059,1083.361580453,1083.360929053,8836725,-9999,255471.7,12.36,-1,0.60127731,0.936505445,0,0.561903267,18,0.489361702,1.361702128,N4 S1 O23,de-protonated,0,-9999,C47 H64 O23 N4 S1,47,64,23,4,-9999,1,-9999,-9999
1297,1083.533289,1083.533810546,1083.534284745,24811120,-9999,219487.7,38.16,-1,-0.43764096,0.321948049,0.476878192,0.383920106,34,0.02739726,1.109589041,S2 P1 O2,de-protonated,0,-9999,C73 H81 O2 P1 S2,73,81,2,-9999,1,2,-9999,-9999
1297,1083.533289,1083.533810546,1083.533415365,24811120,-9999,219487.7,38.16,-1,0.364714996,0.325384391,0.481293734,0.387748128,35,0.097222222,1.069444444,P1 O7,de-protonated,0,-9999,C72 H77 O7 P1,72,77,7,-9999,1,-9999,-9999,-9999
1297,1083.533289,1083.533810546,1083.533144039,24811120,-9999,219487.7,38.16,-1,0.615123818,0.466823869,0.598596236,0.519532816,21,0.193548387,1.35483871,S2 O12,de-protonated,0,-9999,C62 H84 O12 S2,62,84,12,-9999,-9999,2,-9999,-9999
1297,1083.533289,1083.533810546,1083.53327698,24811120,-9999,219487.7,38.16,-1,0.492430945,0.478477375,0.644495114,0.544884471,8,0.392156863,1.745098039,S1 P1 O20,de-protonated,0,-9999,C51 H89 O20 P1 S1,51,89,20,-9999,1,1,-9999,-9999
1297,1083.533289,1083.533810546,1083.532763916,24811120,-9999,219487.7,38.16,-1,0.965941779,0.422127997,0.590944388,0.489654553,26,0.140625,1.265625,N2 S1 P1 O9,de-protonated,0,-9999,C64 H81 O9 N2 P1 S1,64,81,9,2,1,1,-9999,-9999
1297,1083.533289,1083.533810546,1083.534125134,24811120,-9999,219487.7,38.16,-1,-0.290334977,0.492410634,0.653607294,0.556889298,9,0.489795918,1.714285714,N2 O24,de-protonated,0,-9999,C49 H84 O24 N2,49,84,24,2,-9999,-9999,-9999,-9999
1297,1083.533289,1083.533810546,1083.534752775,24811120,-9999,219487.7,38.16,-1,-0.869588753,0.290596088,0.476878192,0.365108929,40,0.04109589,1,N4 P1 O3,de-protonated,0,-9999,C73 H73 O3 N4 P1,73,73,3,4,1,-9999,-9999,-9999
1297,1083.533289,1083.533810546,1083.534481449,24811120,-9999,219487.7,38.16,-1,-0.619180549,0.466399925,0.594745702,0.517738236,26,0.126984127,1.26984127,N4 S2 O8,de-protonated,0,-9999,C63 H80 O8 N4 S2,63,80,8,4,-9999,2,-9999,-9999
1297,1083.533289,1083.533810546,1083.533612069,24811120,-9999,219487.7,38.16,-1,0.183175116,0.496965163,0.598596236,0.537617592,27,0.209677419,1.225806452,N4 O13,de-protonated,0,-9999,C62 H76 O13 N4,62,76,13,4,-9999,-9999,-9999,-9999
1297,1083.533289,1083.533810546,1083.534614391,24811120,-9999,219487.7,38.16,-1,-0.74187312,0.452479811,0.640033642,0.527501343,13,0.307692308,1.634615385,N4 S1 P1 O16,de-protonated,0,-9999,C52 H85 O16 N4 P1 S1,52,85,16,4,1,1,-9999,-9999
1298,1085.24417,1085.244692467,1085.244442746,15799864,-9999,253292.4,23.61,-1,0.230105232,0.495219291,0.610452919,0.541312742,38,0.288135593,0.779661017,N2 S1 O17,de-protonated,0,-9999,C59 H46 O17 N2 S1,59,46,17,2,-9999,1,-9999,-9999
1298,1085.24417,1085.244692467,1085.245445068,15799864,-9999,253292.4,23.61,-1,-0.693484758,0.458218248,0.653607294,0.536373866,24,0.408163265,1.12244898,N2 S2 P1 O20,de-protonated,0,-9999,C49 H55 O20 N2 P1 S2,49,55,20,2,1,2,-9999,-9999
1298,1085.24417,1085.244692467,1085.244575688,15799864,-9999,253292.4,23.61,-1,0.107605877,0.498950603,0.658260696,0.56267464,25,0.520833333,1.0625,N2 P1 O25,de-protonated,0,-9999,C48 H51 O25 N2 P1,48,51,25,2,1,-9999,-9999,-9999
1298,1085.24417,1085.244692467,1085.243791298,15799864,-9999,253292.4,23.61,-1,0.830384022,0.441197404,0.644495114,0.522516488,29,0.37254902,0.980392157,N4 S2 O19,de-protonated,0,-9999,C51 H50 O19 N4 S2,51,50,19,4,-9999,2,-9999,-9999
1299,1085.301924,1085.302446498,1085.303478452,9344566,-9999,289606.5,13.18,-1,-0.950844135,0.424350393,0.583485697,0.488004515,40,0.166666667,0.818181818,S2 O11,de-protonated,0,-9999,C66 H54 O11 S2,66,54,11,-9999,-9999,2,-9999,-9999
1299,1085.301924,1085.302446498,1085.301957624,9344566,-9999,289606.5,13.18,-1,0.450449849,0.963852641,0,0.578311585,32,0.315789474,0.947368421,N2 S1 O18,de-protonated,0,-9999,C57 H54 O18 N2 S1,57,54,18,2,-9999,1,-9999,-9999
1299,1085.301924,1085.302446498,1085.302959945,9344566,-9999,289606.5,13.18,-1,-0.4730914,0.960202554,0,0.576121532,18,0.446808511,1.340425532,N2 S2 P1 O21,de-protonated,0,-9999,C47 H63 O21 N2 P1 S2,47,63,21,2,1,2,-9999,-9999
1299,1085.301924,1085.302446498,1085.302446881,9344566,-9999,289606.5,13.18,-1,-3.53124e-4,0.999999977,0,0.599999986,36,0.166666667,0.916666667,N4 S2 P1 O10,de-protonated,0,-9999,C60 H55 O10 N4 P1 S2,60,55,10,4,1,2,-9999,-9999
1299,1085.301924,1085.302446498,1085.301577501,9344566,-9999,289606.5,13.18,-1,0.800695992,0.890182033,0,0.53410922,37,0.254237288,0.86440678,N4 P1 O15,de-protonated,0,-9999,C59 H51 O15 N4 P1,59,51,15,4,1,-9999,-9999,-9999
1300,1085.608389,1085.608911663,1085.608949288,16061995,-9999,259291.4,24.03,-1,-0.034658612,0.499891032,0.545609971,0.518178608,37,0.064935065,1.064935065,O5,de-protonated,0,-9999,C77 H82 O5,77,82,5,-9999,-9999,-9999,-9999,-9999
1300,1085.608389,1085.608911663,1085.60995161,16061995,-9999,259291.4,24.03,-1,-0.957938252,0.423309035,0.579826515,0.485916027,23,0.119402985,1.358208955,S1 P1 O8,de-protonated,0,-9999,C67 H91 O8 P1 S1,67,91,8,-9999,1,1,-9999,-9999
1300,1085.608389,1085.608911663,1085.608810904,16061995,-9999,259291.4,24.03,-1,0.09281311,0.499219086,0.622788794,0.548646969,10,0.321428571,1.678571429,S1 O18,de-protonated,0,-9999,C56 H94 O18 S1,56,94,18,-9999,-9999,1,-9999,-9999
1300,1085.608389,1085.608911663,1085.60829784,16061995,-9999,259291.4,24.03,-1,0.565418468,0.471820826,0.572644131,0.512150148,28,0.101449275,1.246376812,N2 S1 O7,de-protonated,0,-9999,C69 H86 O7 N2 S1,69,86,7,2,-9999,1,-9999,-9999
1300,1085.608389,1085.608911663,1085.609300161,16061995,-9999,259291.4,24.03,-1,-0.357862281,0.488515303,0.610452919,0.537290349,14,0.169491525,1.610169492,N2 S2 P1 O10,de-protonated,0,-9999,C59 H95 O10 N2 P1 S2,59,95,10,2,1,2,-9999,-9999
1300,1085.608389,1085.608911663,1085.608430781,16061995,-9999,259291.4,24.03,-1,0.442960129,0.482511804,0.614510218,0.53531117,15,0.25862069,1.568965517,N2 P1 O15,de-protonated,0,-9999,C58 H91 O15 N2 P1,58,91,15,2,1,-9999,-9999,-9999
1300,1085.608389,1085.608911663,1085.608159455,16061995,-9999,259291.4,24.03,-1,0.692890343,0.45828677,0.658260696,0.53827634,1,0.416666667,2.041666667,N2 S2 O20,de-protonated,0,-9999,C48 H98 O20 N2 S2,48,98,20,2,-9999,2,-9999,-9999
1300,1085.608389,1085.608911663,1085.607917717,16061995,-9999,259291.4,24.03,-1,0.915565817,0.429450629,0.565637507,0.48392538,33,0.056338028,1.169014085,N4 P1 O4,de-protonated,0,-9999,C71 H83 O4 N4 P1,71,83,4,4,1,-9999,-9999,-9999
1301,1086.70844,1086.708963255,1086.708345499,9999875,-9999,172146.2,14.24,-1,0.568465126,0.94305034,0,0.565830204,2,0.236363636,2,N1 S2 P1 O13,de-protonated,0,-9999,C55 H110 O13 N1 P1 S2,55,110,13,1,1,2,-9999,-9999
1301,1086.70844,1086.708963255,1086.709845101,9999875,-9999,172146.2,14.24,-1,-0.811482529,0.443688807,0.602496955,0.507212066,12,0.245901639,1.655737705,N1 O15,de-protonated,0,-9999,C61 H101 O15 N1,61,101,15,1,-9999,-9999,-9999,-9999
1301,1086.70844,1086.708963255,1086.709332037,9999875,-9999,172146.2,14.24,-1,-0.339356434,0.489660337,0.555443265,0.515973509,30,0.054054054,1.256756757,N3 O4,de-protonated,0,-9999,C74 H93 O4 N3,74,93,4,3,-9999,-9999,-9999,-9999
1301,1086.70844,1086.708963255,1086.709193652,9999875,-9999,172146.2,14.24,-1,-0.212013826,0.991877077,0,0.595126246,3,0.320754717,1.981132075,N3 S1 O17,de-protonated,0,-9999,C53 H105 O17 N3 S1,53,105,17,3,-9999,1,-9999,-9999
1302,1087.810147,1087.810670848,1087.810900525,53548504,-9999,241770.8,84.58,-1,-0.211136555,0.330647963,0.494873046,0.396337996,12,0.043478261,1.695652174,S2 P1 O3,de-protonated,0,-9999,C69 H117 O3 P1 S2,69,117,3,-9999,1,2,-9999,-9999
1302,1087.810147,1087.810670848,1087.810031145,53548504,-9999,241770.8,84.58,-1,0.5880652,0.313059817,0.499512996,0.387641089,13,0.117647059,1.661764706,P1 O8,de-protonated,0,-9999,C68 H113 O8 P1,68,113,8,-9999,1,-9999,-9999,-9999
1302,1087.810147,1087.810670848,1087.811748678,53548504,-9999,241770.8,84.58,-1,-0.990823842,0.278943438,0.504211037,0.369050478,13,0.104477612,1.671641791,N2 S1 O7,de-protonated,0,-9999,C67 H112 O7 N2 S1,67,112,7,2,-9999,1,-9999,-9999
1302,1087.810147,1087.810670848,1087.811368555,53548504,-9999,241770.8,84.58,-1,-0.641386288,0.309358033,0.494873046,0.383564038,18,0.057971014,1.579710145,N4 P1 O4,de-protonated,0,-9999,C69 H109 O4 N4 P1,69,109,4,4,1,-9999,-9999,-9999
1302,1087.810147,1087.810670848,1087.811097229,53548504,-9999,241770.8,84.58,-1,-0.391962481,0.324169393,0.543986559,0.412096259,4,0.152542373,1.966101695,N4 S2 O9,de-protonated,0,-9999,C59 H116 O9 N4 S2,59,116,9,4,-9999,2,-9999,-9999
1302,1087.810147,1087.810670848,1087.810227849,53548504,-9999,241770.8,84.58,-1,0.407238986,0.323452053,0.549245293,0.413769349,5,0.24137931,1.931034483,N4 O14,de-protonated,0,-9999,C58 H112 O14 N4,58,112,14,4,-9999,-9999,-9999,-9999
1303,1088.680673,1088.681197316,1088.680734506,35526072,-9999,197207.8,55.47,-1,0.42511149,0.322580147,0.485764205,0.38785377,25,0.084507042,1.338028169,N1 S1 O6,de-protonated,0,-9999,C71 H95 O6 N1 S1,71,95,6,1,-9999,1,-9999,-9999
1303,1088.680673,1088.681197316,1088.681736827,35526072,-9999,197207.8,55.47,-1,-0.495563481,0.318805834,0.533665548,0.40474972,11,0.14754098399999999,1.704918033,N1 S2 P1 O9,de-protonated,0,-9999,C61 H104 O9 N1 P1 S2,61,104,9,1,1,2,-9999,-9999
1303,1088.680673,1088.681197316,1088.680867448,35526072,-9999,197207.8,55.47,-1,0.302998766,0.3278265,0.538793609,0.412213343,12,0.233333333,1.666666667,N1 P1 O14,de-protonated,0,-9999,C60 H100 O14 N1 P1,60,100,14,1,1,-9999,-9999,-9999
1303,1088.680673,1088.681197316,1088.680354383,35526072,-9999,197207.8,55.47,-1,0.774270616,0.298976631,0.476878192,0.370137255,30,0.04109589,1.260273973,N3 P1 O3,de-protonated,0,-9999,C73 H92 O3 N3 P1,73,92,3,3,1,-9999,-9999,-9999
1303,1088.680673,1088.681197316,1088.680215999,35526072,-9999,197207.8,55.47,-1,0.901382816,0.431463396,0.640033642,0.514891494,3,0.307692308,2,N3 S1 P1 O16,de-protonated,0,-9999,C52 H104 O16 N3 P1 S1,52,104,16,3,1,1,-9999,-9999
1304,1089.89807,1089.898594972,1089.899321608,11933063,-9999,410219.6,17.36,-1,-0.666700019,0.461257368,0.565637507,0.503009423,9,0.014084507,1.788732394,S2 P1 O1,de-protonated,0,-9999,C71 H127 O1 P1 S2,71,127,1,-9999,1,2,-9999,-9999
1304,1089.89807,1089.898594972,1089.898452228,11933063,-9999,410219.6,17.36,-1,0.130969974,0.498446212,0.569119254,0.526715429,10,0.085714286,1.757142857,P1 O6,de-protonated,0,-9999,C70 H123 O6 P1,70,123,6,-9999,1,-9999,-9999,-9999
1304,1089.89807,1089.898594972,1089.897800779,11933063,-9999,410219.6,17.36,-1,0.728685434,0.454074839,0.598596236,0.511883398,1,0.129032258,2.048387097,N2 S1 P1 O8,de-protonated,0,-9999,C62 H127 O8 N2 P1 S1,62,127,8,2,1,1,-9999,-9999
1304,1089.89807,1089.898594972,1089.899518312,11933063,-9999,410219.6,17.36,-1,-0.847179371,0.438947597,0.602496955,0.50436734,1,0.114754098,2.06557377,N4 S2 O7,de-protonated,0,-9999,C61 H126 O7 N4 S2,61,126,7,4,-9999,2,-9999,-9999
1304,1089.89807,1089.898594972,1089.898648932,11933063,-9999,410219.6,17.36,-1,-0.049509666,0.499777665,0.606448844,0.542446137,2,0.2,2.033333333,N4 O12,de-protonated,0,-9999,C60 H122 O12 N4,60,122,12,4,-9999,-9999,-9999,-9999
1305,1089.902507,1089.903031974,1089.903541064,21370246,-9999,312077.7,32.61,-1,-0.467096382,0.48059254,0.583485697,0.521749803,5,0.075757576,1.909090909,N2 S2 O5,de-protonated,0,-9999,C66 H126 O5 N2 S2,66,126,5,2,-9999,2,-9999,-9999
1305,1089.902507,1089.903031974,1089.902671684,21370246,-9999,312077.7,32.61,-1,0.330570682,0.490183561,0.587191358,0.52898668,6,0.153846154,1.876923077,N2 O10,de-protonated,0,-9999,C65 H122 O10 N2,65,122,10,2,-9999,-9999,-9999,-9999
1305,1089.902507,1089.903031974,1089.9031609420001,21370246,-9999,312077.7,32.61,-1,-0.118329302,0.498731306,0.576212942,0.52972396,10,0.029411765,1.808823529,N4 S1 P1 O2,de-protonated,0,-9999,C68 H123 O2 N4 P1 S1,68,123,2,4,1,1,-9999,-9999
1306,1092.059737,1092.060263135,1092.05964433,9901364,-9999,198654.7,14.08,-1,0.56664095,0.471702362,0.555443265,0.505198723,5,0.027027027,1.905405405,P1 O2,de-protonated,0,-9999,C74 H141 O2 P1,74,141,2,-9999,1,-9999,-9999,-9999
1306,1092.059737,1092.060263135,1092.06046677,9901364,-9999,198654.7,14.08,-1,-0.186468004,0.993710832,0,0.596226499,36,0.48,0.62,N1 S2 O24,de-protonated,0,-9999,C50 H31 O24 N1 S2,50,31,24,1,-9999,2,-9999,-9999
1307,1092.802092,1092.802618535,1092.803433098,10048794,-9999,224452.8,14.32,-1,-0.745388419,0.452050772,0.555443265,0.49340777,20,0.013513514,1.5,N1 S2 O1,de-protonated,0,-9999,C74 H111 O1 N1 S2,74,111,1,1,-9999,2,-9999,-9999
1307,1092.802092,1092.802618535,1092.802563718,10048794,-9999,224452.8,14.32,-1,0.050161711,0.499771772,0.558800271,0.523383172,21,0.082191781,1.465753425,N1 O6,de-protonated,0,-9999,C73 H107 O6 N1,73,107,6,1,-9999,-9999,-9999,-9999
1307,1092.802092,1092.802618535,1092.80356604,10048794,-9999,224452.8,14.32,-1,-0.86704032,0.43624431,0.594745702,0.499644867,7,0.142857143,1.841269841,N1 S1 P1 O9,de-protonated,0,-9999,C63 H116 O9 N1 P1 S1,63,116,9,1,1,1,-9999,-9999
1307,1092.802092,1092.802618535,1092.801912269,10048794,-9999,224452.8,14.32,-1,0.646288699,0.46350583,0.587191358,0.512980041,12,0.123076923,1.707692308,N3 S1 O8,de-protonated,0,-9999,C65 H111 O8 N3 S1,65,111,8,3,-9999,1,-9999,-9999
1308,1092.996036,1092.996562639,1092.997378424,9557267,-9999,223256.2,13.52,-1,-0.746374228,0.451930164,0.552126353,0.49200864,11,0.013333333,1.76,N1 P1 O1,de-protonated,0,-9999,C75 H132 O1 N1 P1,75,132,1,1,1,-9999,-9999,-9999
1308,1092.996036,1092.996562639,1092.996726976,9557267,-9999,223256.2,13.52,-1,-0.150353968,0.497953257,0.579826515,0.530702561,2,0.044776119,2.029850746,N3 S1 P1 O3,de-protonated,0,-9999,C67 H136 O3 N3 P1 S1,67,136,3,3,1,1,-9999,-9999
1309,1093.796425,1093.79695207,1093.796964537,9622777,-9999,248385.2,13.63,-1,-0.011397859,0.499988214,0.555443265,0.522170235,20,0.027027027,1.5,S1 P1 O2,de-protonated,0,-9999,C74 H111 O2 P1 S1,74,111,2,-9999,1,1,-9999,-9999
1309,1093.796425,1093.79695207,1093.796313088,9622777,-9999,248385.2,13.63,-1,0.584187136,0.46997724,0.583485697,0.515380623,11,0.060606061,1.742424242,N2 S2 P1 O4,de-protonated,0,-9999,C66 H115 O4 N2 P1 S2,66,115,4,2,1,2,-9999,-9999
1309,1093.796425,1093.79695207,1093.79781269,9622777,-9999,248385.2,13.63,-1,-0.786818281,0.446873832,0.562198102,0.49300354,21,0.083333333,1.472222222,N2 O6,de-protonated,0,-9999,C72 H106 O6 N2,72,106,6,2,-9999,-9999,-9999,-9999
1309,1093.796425,1093.79695207,1093.797161242,9622777,-9999,248385.2,13.63,-1,-0.191234208,0.496693147,0.590944388,0.534393643,12,0.125,1.71875,N4 S1 O8,de-protonated,0,-9999,C64 H110 O8 N4 S1,64,110,8,4,-9999,1,-9999,-9999
1310,1094.223012,1094.2235393,1094.224160795,9508075,-9999,483608.5,13.44,-1,-0.567977933,0.943145086,0,0.565887052,27,0.5,0.98,N1 S1 O25,de-protonated,0,-9999,C50 H49 O25 N1 S1,50,49,25,1,-9999,1,-9999,-9999
1310,1094.223012,1094.2235393,1094.223780673,9508075,-9999,483608.5,13.44,-1,-0.22058802,0.991209737,0,0.594725842,32,0.423076923,0.884615385,N3 P1 O22,de-protonated,0,-9999,C52 H46 O22 N3 P1,52,46,22,3,1,-9999,-9999,-9999
1311,1094.228175,1094.228702303,1094.228672804,66065644,-9999,250254.1,104.8,-1,0.026958033,0.333289381,0.549245293,0.419671746,35,0.25862069,0.862068966,N1 S2 P1 O15,de-protonated,0,-9999,C58 H50 O15 N1 P1 S2,58,50,15,1,1,2,-9999,-9999
1311,1094.228175,1094.228702303,1094.227803425,66065644,-9999,250254.1,104.8,-1,0.821472567,0.29491828,0.554570712,0.398779253,36,0.350877193,0.807017544,N1 P1 O20,de-protonated,0,-9999,C57 H46 O20 N1 P1,57,46,20,1,1,-9999,-9999,-9999
1311,1094.228175,1094.228702303,1094.229520958,66065644,-9999,250254.1,104.8,-1,-0.74815649,0.301141195,0.55996373,0.404670209,36,0.339285714,0.803571429,N3 S1 O19,de-protonated,0,-9999,C56 H45 O19 N3 S1,56,45,19,3,-9999,1,-9999,-9999
1312,1096.030511,1096.031039273,1096.030229269,10429626,-9999,138808.5,14.93,-1,0.739033979,0.905650281,0,0.543390169,36,0.531914894,0.574468085,N3 S2 O25,de-protonated,0,-9999,C47 H27 O25 N3 S2,47,27,25,3,-9999,2,-9999,-9999
1312,1096.030511,1096.031039273,1096.031124362,10429626,-9999,138808.5,14.93,-1,-0.077634117,0.499453498,0.569119254,0.527319801,5,0.028571429,1.942857143,N4 S1 O2,de-protonated,0,-9999,C70 H136 O2 N4 S1,70,136,2,4,-9999,1,-9999,-9999
1313,1096.342088,1096.342616441,1096.343094161,34477236,-9999,285330.9,53.78,-1,-0.435739726,0.322045065,0.538793609,0.408744483,32,0.283333333,0.983333333,N1 S1 O17,de-protonated,0,-9999,C60 H59 O17 N1 S1,60,59,17,1,-9999,1,-9999,-9999
1313,1096.342088,1096.342616441,1096.343227102,34477236,-9999,285330.9,53.78,-1,-0.556998898,0.47263057,0.653607294,0.54502126,19,0.510204082,1.306122449,N1 P1 O25,de-protonated,0,-9999,C49 H64 O25 N1 P1,49,64,25,1,1,-9999,-9999,-9999
1313,1096.342088,1096.342616441,1096.343583418,34477236,-9999,285330.9,53.78,-1,-0.882002325,0.289451849,0.523600568,0.383111336,36,0.142857143,0.952380952,N3 S2 P1 O9,de-protonated,0,-9999,C63 H60 O9 N3 P1 S2,63,60,9,3,1,2,-9999,-9999
1313,1096.342088,1096.342616441,1096.342714038,34477236,-9999,285330.9,53.78,-1,-0.089021178,0.332854365,0.528601492,0.411153216,37,0.225806452,0.903225806,N3 P1 O14,de-protonated,0,-9999,C62 H56 O14 N3 P1,62,56,14,3,1,-9999,-9999,-9999
1313,1096.342088,1096.342616441,1096.342442712,34477236,-9999,285330.9,53.78,-1,0.158461839,0.49772708,0.640033642,0.554649704,23,0.365384615,1.211538462,N3 S2 O19,de-protonated,0,-9999,C52 H63 O19 N3 S2,52,63,19,3,-9999,2,-9999,-9999
1313,1096.342088,1096.342616441,1096.341573332,34477236,-9999,285330.9,53.78,-1,0.951444637,0.424262445,0.644495114,0.512355513,24,0.470588235,1.156862745,N3 O24,de-protonated,0,-9999,C51 H59 O24 N3,51,59,24,3,-9999,-9999,-9999,-9999
1314,1096.347015,1096.347543443,1096.34760617,24253620,-9999,300530.4,37.26,-1,-0.057214461,0.333135402,0.499512996,0.399686439,40,0.102941176,0.882352941,N1 S2 P1 O7,de-protonated,0,-9999,C68 H60 O7 N1 P1 S2,68,60,7,1,1,2,-9999,-9999
1314,1096.347015,1096.347543443,1096.346465464,24253620,-9999,300530.4,37.26,-1,0.983246744,0.419552303,0.618621811,0.499180106,27,0.298245614,1.105263158,N1 S2 O17,de-protonated,0,-9999,C57 H63 O17 N1 S2,57,63,17,1,-9999,2,-9999,-9999
1314,1096.347015,1096.347543443,1096.346598406,24253620,-9999,300530.4,37.26,-1,0.861987773,0.436936365,0.667769153,0.52926948,14,0.543478261,1.47826087,N1 S1 P1 O25,de-protonated,0,-9999,C46 H68 O25 N1 P1 S1,46,68,25,1,1,1,-9999,-9999
1314,1096.347015,1096.347543443,1096.348587265,24253620,-9999,300530.4,37.26,-1,-0.952089372,0.424167978,0.627012296,0.505305705,28,0.345454545,1.090909091,N3 P1 O19,de-protonated,0,-9999,C55 H60 O19 N3 P1,55,60,19,3,1,-9999,-9999,-9999
1314,1096.347015,1096.347543443,1096.348315939,24253620,-9999,300530.4,37.26,-1,-0.704607894,0.456927098,0.672627142,0.543207115,14,0.533333333,1.488888889,N3 S2 O24,de-protonated,0,-9999,C45 H67 O24 N3 S2,45,67,24,3,-9999,2,-9999,-9999
1315,1096.4045840000001,1096.405112474,1096.405121048,10081458,-9999,237909.8,14.37,-1,-0.007819517,0.499994453,0.583485697,0.533390951,34,0.121212121,1.03030303,N1 S2 P1 O8,de-protonated,0,-9999,C66 H68 O8 N1 P1 S2,66,68,8,1,1,2,-9999,-9999
1315,1096.4045840000001,1096.405112474,1096.404251668,10081458,-9999,237909.8,14.37,-1,0.785117816,0.447090626,0.587191358,0.503130919,35,0.2,0.984615385,N1 P1 O13,de-protonated,0,-9999,C65 H64 O13 N1 P1,65,64,13,1,1,-9999,-9999,-9999
1315,1096.4045840000001,1096.405112474,1096.405969201,10081458,-9999,237909.8,14.37,-1,-0.781395353,0.447563934,0.590944388,0.504916115,35,0.1875,0.984375,N3 S1 O12,de-protonated,0,-9999,C64 H63 O12 N3 S1,64,63,12,3,-9999,1,-9999,-9999
1315,1096.4045840000001,1096.405112474,1096.406102142,10081458,-9999,237909.8,14.37,-1,-0.902647529,0.862569623,0,0.517541774,22,0.377358491,1.283018868,N3 P1 O20,de-protonated,0,-9999,C53 H68 O20 N3 P1,53,68,20,3,1,-9999,-9999,-9999
1315,1096.4045840000001,1096.405112474,1096.405830816,10081458,-9999,237909.8,14.37,-1,-0.655179021,0.925067491,0,0.555040494,8,0.581395349,1.744186047,N3 S2 O25,de-protonated,0,-9999,C43 H75 O25 N3 S2,43,75,25,3,-9999,2,-9999,-9999
1316,1097.226398,1097.226926917,1097.227469072,11949218,-9999,230053.2,17.39,-1,-0.494113892,0.478333251,0.618621811,0.534448675,35,0.368421053,0.824561404,P1 O21,de-protonated,0,-9999,C57 H47 O21 P1,57,47,21,-9999,1,-9999,-9999,-9999
1316,1097.226398,1097.226926917,1097.226684681,11949218,-9999,230053.2,17.39,-1,0.22077031,0.495597634,0.606448844,0.539938118,39,0.25,0.766666667,N2 S2 O15,de-protonated,0,-9999,C60 H46 O15 N2 S2,60,46,15,2,-9999,2,-9999,-9999
1316,1097.226398,1097.226926917,1097.226817623,11949218,-9999,230053.2,17.39,-1,0.099608707,0.499100652,0.653607294,0.560903309,26,0.469387755,1.040816327,N2 S1 P1 O23,de-protonated,0,-9999,C49 H51 O23 N2 P1 S1,49,51,23,2,1,1,-9999,-9999
1316,1097.226398,1097.226926917,1097.226166175,11949218,-9999,230053.2,17.39,-1,0.693332012,0.916471721,0,0.549883033,17,0.609756098,1.341463415,N4 S2 P1 O25,de-protonated,0,-9999,C41 H55 O25 N4 P1 S2,41,55,25,4,1,2,-9999,-9999
0,112.985564,112.98556311,-9999,12027151,-9999,2574828.2,25.89,-1,-9999,-9999,-9999,-9999,-9999,-9999,-9999,unassigned,N/A,-9999,-9999,N/A,-9999,-9999,-9999,-9999,-9999,-9999,-9999,-9999
1,114.895347,114.895347138,-9999,14669412,-9999,2527572.1,32.02,-1,-9999,-9999,-9999,-9999,-9999,-9999,-9999,unassigned,N/A,-9999,-9999,N/A,-9999,-9999,-9999,-9999,-9999,-9999,-9999,-9999
2,114.895549,114.895549138,-9999,48756644,-9999,2413378.5,111.07,-1,-9999,-9999,-9999,-9999,-9999,-9999,-9999,unassigned,N/A,-9999,-9999,N/A,-9999,-9999,-9999,-9999,-9999,-9999,-9999,-9999
3,114.895749,114.895749138,-9999,8812548,-9999,2426348.3,18.44,-1,-9999,-9999,-9999,-9999,-9999,-9999,-9999,unassigned,N/A,-9999,-9999,N/A,-9999,-9999,-9999,-9999,-9999,-9999,-9999,-9999
5,116.89259,116.892591213,-9999,8376918.5,-9999,2618562,17.43,-1,-9999,-9999,-9999,-9999,-9999,-9999,-9999,unassigned,N/A,-9999,-9999,N/A,-9999,-9999,-9999,-9999,-9999,-9999,-9999,-9999
6,116.893293,116.893294213,-9999,7494038.5,-9999,2870010.3,15.38,-1,-9999,-9999,-9999,-9999,-9999,-9999,-9999,unassigned,N/A,-9999,-9999,N/A,-9999,-9999,-9999,-9999,-9999,-9999,-9999,-9999
7,116.89349,116.893491213,-9999,20223574,-9999,2426570.8,44.9,-1,-9999,-9999,-9999,-9999,-9999,-9999,-9999,unassigned,N/A,-9999,-9999,N/A,-9999,-9999,-9999,-9999,-9999,-9999,-9999,-9999
8,117.019303,117.019304281,-9999,13305416,-9999,2476966.9,28.86,-1,-9999,-9999,-9999,-9999,-9999,-9999,-9999,unassigned,N/A,-9999,-9999,N/A,-9999,-9999,-9999,-9999,-9999,-9999,-9999,-9999
10,118.890552,118.890554288,-9999,13871966,-9999,2247922,30.17,-1,-9999,-9999,-9999,-9999,-9999,-9999,-9999,unassigned,N/A,-9999,-9999,N/A,-9999,-9999,-9999,-9999,-9999,-9999,-9999,-9999
11,121.029258,121.02926144,-9999,8857528,-9999,2492604.7,18.55,-1,-9999,-9999,-9999,-9999,-9999,-9999,-9999,unassigned,N/A,-9999,-9999,N/A,-9999,-9999,-9999,-9999,-9999,-9999,-9999,-9999
13,122.906858,122.90686245,-9999,19685938,-9999,2265377.4,43.66,-1,-9999,-9999,-9999,-9999,-9999,-9999,-9999,unassigned,N/A,-9999,-9999,N/A,-9999,-9999,-9999,-9999,-9999,-9999,-9999,-9999
15,128.891872,128.891879672,-9999,7153536.5,-9999,2567218.7,14.6,-1,-9999,-9999,-9999,-9999,-9999,-9999,-9999,unassigned,N/A,-9999,-9999,N/A,-9999,-9999,-9999,-9999,-9999,-9999,-9999,-9999
16,128.892129,128.892136672,-9999,33791360,-9999,2061356.8,76.37,-1,-9999,-9999,-9999,-9999,-9999,-9999,-9999,unassigned,N/A,-9999,-9999,N/A,-9999,-9999,-9999,-9999,-9999,-9999,-9999,-9999
18,129.055181,129.05518876,-9999,62053748,-9999,2244278.3,141.92,-1,-9999,-9999,-9999,-9999,-9999,-9999,-9999,unassigned,N/A,-9999,-9999,N/A,-9999,-9999,-9999,-9999,-9999,-9999,-9999,-9999
19,129.055436,129.05544376,-9999,223051120,-9999,2190904.9,515.29,-1,-9999,-9999,-9999,-9999,-9999,-9999,-9999,unassigned,N/A,-9999,-9999,N/A,-9999,-9999,-9999,-9999,-9999,-9999,-9999,-9999
21,129.055951,129.05595876,-9999,105450864,-9999,1902140.8,242.56,-1,-9999,-9999,-9999,-9999,-9999,-9999,-9999,unassigned,N/A,-9999,-9999,N/A,-9999,-9999,-9999,-9999,-9999,-9999,-9999,-9999
22,130.05879,130.0587983,-9999,12940594,-9999,2168423.3,28.02,-1,-9999,-9999,-9999,-9999,-9999,-9999,-9999,unassigned,N/A,-9999,-9999,N/A,-9999,-9999,-9999,-9999,-9999,-9999,-9999,-9999
24,130.059322,130.0593303,-9999,6539057.5,-9999,2284356.4,13.17,-1,-9999,-9999,-9999,-9999,-9999,-9999,-9999,unassigned,N/A,-9999,-9999,N/A,-9999,-9999,-9999,-9999,-9999,-9999,-9999,-9999
25,130.88891,130.888918747,-9999,8825098,-9999,2280012.7,18.47,-1,-9999,-9999,-9999,-9999,-9999,-9999,-9999,unassigned,N/A,-9999,-9999,N/A,-9999,-9999,-9999,-9999,-9999,-9999,-9999,-9999
26,130.889178,130.889186747,-9999,33879304,-9999,2017732.7,76.58,-1,-9999,-9999,-9999,-9999,-9999,-9999,-9999,unassigned,N/A,-9999,-9999,N/A,-9999,-9999,-9999,-9999,-9999,-9999,-9999,-9999
27,130.889456,130.889464747,-9999,6305290,-9999,1862588.7,12.63,-1,-9999,-9999,-9999,-9999,-9999,-9999,-9999,unassigned,N/A,-9999,-9999,N/A,-9999,-9999,-9999,-9999,-9999,-9999,-9999,-9999
29,131.059936,131.059944839,-9999,7699203.5,-9999,2188567.7,15.86,-1,-9999,-9999,-9999,-9999,-9999,-9999,-9999,unassigned,N/A,-9999,-9999,N/A,-9999,-9999,-9999,-9999,-9999,-9999,-9999,-9999
30,131.070812,131.070820845,-9999,73313536,-9999,2183413.5,168.03,-1,-9999,-9999,-9999,-9999,-9999,-9999,-9999,unassigned,N/A,-9999,-9999,N/A,-9999,-9999,-9999,-9999,-9999,-9999,-9999,-9999
31,131.071079,131.071087845,-9999,236199168,-9999,2142181.4,545.78,-1,-9999,-9999,-9999,-9999,-9999,-9999,-9999,unassigned,N/A,-9999,-9999,N/A,-9999,-9999,-9999,-9999,-9999,-9999,-9999,-9999
33,131.071617,131.071625845,-9999,136756480,-9999,1912877.7,315.16,-1,-9999,-9999,-9999,-9999,-9999,-9999,-9999,unassigned,N/A,-9999,-9999,N/A,-9999,-9999,-9999,-9999,-9999,-9999,-9999,-9999
34,132.074428,132.074437385,-9999,15818987,-9999,2209449.5,34.69,-1,-9999,-9999,-9999,-9999,-9999,-9999,-9999,unassigned,N/A,-9999,-9999,N/A,-9999,-9999,-9999,-9999,-9999,-9999,-9999,-9999
36,132.074975,132.074984385,-9999,7477483.5,-9999,2377019.2,15.35,-1,-9999,-9999,-9999,-9999,-9999,-9999,-9999,unassigned,N/A,-9999,-9999,N/A,-9999,-9999,-9999,-9999,-9999,-9999,-9999,-9999
37,132.886223,132.886232822,-9999,13339882,-9999,1998588.5,28.94,-1,-9999,-9999,-9999,-9999,-9999,-9999,-9999,unassigned,N/A,-9999,-9999,N/A,-9999,-9999,-9999,-9999,-9999,-9999,-9999,-9999
38,132.886729,132.886738822,-9999,6195434,-9999,2223091.5,12.37,-1,-9999,-9999,-9999,-9999,-9999,-9999,-9999,unassigned,N/A,-9999,-9999,N/A,-9999,-9999,-9999,-9999,-9999,-9999,-9999,-9999
39,132.920907,132.920916841,-9999,6956266.5,-9999,2283715.8,14.14,-1,-9999,-9999,-9999,-9999,-9999,-9999,-9999,unassigned,N/A,-9999,-9999,N/A,-9999,-9999,-9999,-9999,-9999,-9999,-9999,-9999
41,136.877479,136.877490971,-9999,16225784,-9999,1911479.1,35.64,-1,-9999,-9999,-9999,-9999,-9999,-9999,-9999,unassigned,N/A,-9999,-9999,N/A,-9999,-9999,-9999,-9999,-9999,-9999,-9999,-9999
42,137.024097,137.02410905,-9999,12967435,-9999,2190329,28.08,-1,-9999,-9999,-9999,-9999,-9999,-9999,-9999,unassigned,N/A,-9999,-9999,N/A,-9999,-9999,-9999,-9999,-9999,-9999,-9999,-9999
44,137.024689,137.02470105,-9999,6195211.5,-9999,2051826.5,12.37,-1,-9999,-9999,-9999,-9999,-9999,-9999,-9999,unassigned,N/A,-9999,-9999,N/A,-9999,-9999,-9999,-9999,-9999,-9999,-9999,-9999
46,138.875439,138.875452046,-9999,15908682,-9999,1954518.1,34.9,-1,-9999,-9999,-9999,-9999,-9999,-9999,-9999,unassigned,N/A,-9999,-9999,N/A,-9999,-9999,-9999,-9999,-9999,-9999,-9999,-9999
49,140.917427,140.917441145,-9999,27767116,-9999,1829720.8,62.4,-1,-9999,-9999,-9999,-9999,-9999,-9999,-9999,unassigned,N/A,-9999,-9999,N/A,-9999,-9999,-9999,-9999,-9999,-9999,-9999,-9999
54,144.045135,144.045150829,-9999,19340752,-9999,2070553.5,42.78,-1,-9999,-9999,-9999,-9999,-9999,-9999,-9999,unassigned,N/A,-9999,-9999,N/A,-9999,-9999,-9999,-9999,-9999,-9999,-9999,-9999
56,144.045795,144.045810829,-9999,11412943,-9999,2009519.8,24.43,-1,-9999,-9999,-9999,-9999,-9999,-9999,-9999,unassigned,N/A,-9999,-9999,N/A,-9999,-9999,-9999,-9999,-9999,-9999,-9999,-9999
57,144.869347,144.869363273,-9999,46557008,-9999,1996161.4,105.61,-1,-9999,-9999,-9999,-9999,-9999,-9999,-9999,unassigned,N/A,-9999,-9999,N/A,-9999,-9999,-9999,-9999,-9999,-9999,-9999,-9999
58,144.869675,144.869691273,-9999,215394128,-9999,1679902.3,495.81,-1,-9999,-9999,-9999,-9999,-9999,-9999,-9999,unassigned,N/A,-9999,-9999,N/A,-9999,-9999,-9999,-9999,-9999,-9999,-9999,-9999
59,144.87002,144.870036273,-9999,20102992,-9999,2020746.6,44.47,-1,-9999,-9999,-9999,-9999,-9999,-9999,-9999,unassigned,N/A,-9999,-9999,N/A,-9999,-9999,-9999,-9999,-9999,-9999,-9999,-9999
61,145.050276,145.05029237,-9999,9678762,-9999,1910299.1,20.38,-1,-9999,-9999,-9999,-9999,-9999,-9999,-9999,unassigned,N/A,-9999,-9999,N/A,-9999,-9999,-9999,-9999,-9999,-9999,-9999,-9999
63,145.050945,145.05096137,-9999,6276010,-9999,2114494.4,12.51,-1,-9999,-9999,-9999,-9999,-9999,-9999,-9999,unassigned,N/A,-9999,-9999,N/A,-9999,-9999,-9999,-9999,-9999,-9999,-9999,-9999
64,145.086667,145.08668339,-9999,28637116,-9999,2010439,64.19,-1,-9999,-9999,-9999,-9999,-9999,-9999,-9999,unassigned,N/A,-9999,-9999,N/A,-9999,-9999,-9999,-9999,-9999,-9999,-9999,-9999
66,145.087339,145.08735539,-9999,15517628,-9999,1886970.6,33.87,-1,-9999,-9999,-9999,-9999,-9999,-9999,-9999,unassigned,N/A,-9999,-9999,N/A,-9999,-9999,-9999,-9999,-9999,-9999,-9999,-9999
68,146.866385,146.866402348,-9999,40364928,-9999,1966558.8,91.13,-1,-9999,-9999,-9999,-9999,-9999,-9999,-9999,unassigned,N/A,-9999,-9999,N/A,-9999,-9999,-9999,-9999,-9999,-9999,-9999,-9999
69,146.866723,146.866740348,-9999,190753664,-9999,1680917.4,438.07,-1,-9999,-9999,-9999,-9999,-9999,-9999,-9999,unassigned,N/A,-9999,-9999,N/A,-9999,-9999,-9999,-9999,-9999,-9999,-9999,-9999
70,146.867078,146.867095348,-9999,17755008,-9999,2018196.8,38.97,-1,-9999,-9999,-9999,-9999,-9999,-9999,-9999,unassigned,N/A,-9999,-9999,N/A,-9999,-9999,-9999,-9999,-9999,-9999,-9999,-9999
71,148.86342,148.863438422,-9999,14375018,-9999,2062695.2,31.11,-1,-9999,-9999,-9999,-9999,-9999,-9999,-9999,unassigned,N/A,-9999,-9999,N/A,-9999,-9999,-9999,-9999,-9999,-9999,-9999,-9999
72,148.863768,148.863786423,-9999,72798312,-9999,1732737.3,165.64,-1,-9999,-9999,-9999,-9999,-9999,-9999,-9999,unassigned,N/A,-9999,-9999,N/A,-9999,-9999,-9999,-9999,-9999,-9999,-9999,-9999
73,148.864125,148.864143423,-9999,8245354.5,-9999,1805920.1,17,-1,-9999,-9999,-9999,-9999,-9999,-9999,-9999,unassigned,N/A,-9999,-9999,N/A,-9999,-9999,-9999,-9999,-9999,-9999,-9999,-9999
77,150.886263,150.886282511,-9999,17180182,-9999,1996209.9,37.49,-1,-9999,-9999,-9999,-9999,-9999,-9999,-9999,unassigned,N/A,-9999,-9999,N/A,-9999,-9999,-9999,-9999,-9999,-9999,-9999,-9999
78,150.886624,150.886643512,-9999,109524504,-9999,1692038.3,249.73,-1,-9999,-9999,-9999,-9999,-9999,-9999,-9999,unassigned,N/A,-9999,-9999,N/A,-9999,-9999,-9999,-9999,-9999,-9999,-9999,-9999
79,150.887008,150.887027512,-9999,10889239,-9999,1266698.1,23.04,-1,-9999,-9999,-9999,-9999,-9999,-9999,-9999,unassigned,N/A,-9999,-9999,N/A,-9999,-9999,-9999,-9999,-9999,-9999,-9999,-9999
80,151.039683,151.039702594,-9999,6469259.5,-9999,2078222.4,12.88,-1,-9999,-9999,-9999,-9999,-9999,-9999,-9999,unassigned,N/A,-9999,-9999,N/A,-9999,-9999,-9999,-9999,-9999,-9999,-9999,-9999
82,152.883298,152.883318586,-9999,18906198,-9999,1936952.5,41.38,-1,-9999,-9999,-9999,-9999,-9999,-9999,-9999,unassigned,N/A,-9999,-9999,N/A,-9999,-9999,-9999,-9999,-9999,-9999,-9999,-9999
83,152.883668,152.883688587,-9999,102825048,-9999,1692483.8,233.87,-1,-9999,-9999,-9999,-9999,-9999,-9999,-9999,unassigned,N/A,-9999,-9999,N/A,-9999,-9999,-9999,-9999,-9999,-9999,-9999,-9999
84,152.884056,152.884076587,-9999,13945942,-9999,1524742.6,30,-1,-9999,-9999,-9999,-9999,-9999,-9999,-9999,unassigned,N/A,-9999,-9999,N/A,-9999,-9999,-9999,-9999,-9999,-9999,-9999,-9999
85,153.018938,153.018958659,-9999,25775304,-9999,1865153.1,57.13,-1,-9999,-9999,-9999,-9999,-9999,-9999,-9999,unassigned,N/A,-9999,-9999,N/A,-9999,-9999,-9999,-9999,-9999,-9999,-9999,-9999
87,153.019688,153.01970866,-9999,13935816,-9999,1900644.4,29.98,-1,-9999,-9999,-9999,-9999,-9999,-9999,-9999,unassigned,N/A,-9999,-9999,N/A,-9999,-9999,-9999,-9999,-9999,-9999,-9999,-9999
90,154.880339,154.880360661,-9999,7815982,-9999,2135212.6,15.9,-1,-9999,-9999,-9999,-9999,-9999,-9999,-9999,unassigned,N/A,-9999,-9999,N/A,-9999,-9999,-9999,-9999,-9999,-9999,-9999,-9999
91,154.880713,154.880734662,-9999,38535984,-9999,1783678.7,86.23,-1,-9999,-9999,-9999,-9999,-9999,-9999,-9999,unassigned,N/A,-9999,-9999,N/A,-9999,-9999,-9999,-9999,-9999,-9999,-9999,-9999
92,154.881106,154.881127662,-9999,6615855,-9999,1831201.2,13.16,-1,-9999,-9999,-9999,-9999,-9999,-9999,-9999,unassigned,N/A,-9999,-9999,N/A,-9999,-9999,-9999,-9999,-9999,-9999,-9999,-9999
93,154.932699,154.93272069,-9999,7297886,-9999,2114236.2,14.72,-1,-9999,-9999,-9999,-9999,-9999,-9999,-9999,unassigned,N/A,-9999,-9999,N/A,-9999,-9999,-9999,-9999,-9999,-9999,-9999,-9999
94,154.933074,154.93309569,-9999,41960288,-9999,1642539.5,94.07,-1,-9999,-9999,-9999,-9999,-9999,-9999,-9999,unassigned,N/A,-9999,-9999,N/A,-9999,-9999,-9999,-9999,-9999,-9999,-9999,-9999
97,157.006154,157.006176806,-9999,6857492,-9999,1817717.3,13.68,-1,-9999,-9999,-9999,-9999,-9999,-9999,-9999,unassigned,N/A,-9999,-9999,N/A,-9999,-9999,-9999,-9999,-9999,-9999,-9999,-9999
101,158.988556,158.988579873,-9999,8694520,-9999,1699805.1,17.83,-1,-9999,-9999,-9999,-9999,-9999,-9999,-9999,unassigned,N/A,-9999,-9999,N/A,-9999,-9999,-9999,-9999,-9999,-9999,-9999,-9999
102,159.06585,159.065873914,-9999,16221001,-9999,1797355.9,34.99,-1,-9999,-9999,-9999,-9999,-9999,-9999,-9999,unassigned,N/A,-9999,-9999,N/A,-9999,-9999,-9999,-9999,-9999,-9999,-9999,-9999
104,159.066669,159.066692915,-9999,7684938,-9999,1789531.5,15.53,-1,-9999,-9999,-9999,-9999,-9999,-9999,-9999,unassigned,N/A,-9999,-9999,N/A,-9999,-9999,-9999,-9999,-9999,-9999,-9999,-9999
105,159.102246,159.102269934,-9999,6710127.5,-9999,1984012.9,13.31,-1,-9999,-9999,-9999,-9999,-9999,-9999,-9999,unassigned,N/A,-9999,-9999,N/A,-9999,-9999,-9999,-9999,-9999,-9999,-9999,-9999
107,159.84513,159.845154334,-9999,9019014,-9999,1818453.3,18.53,-1,-9999,-9999,-9999,-9999,-9999,-9999,-9999,unassigned,N/A,-9999,-9999,N/A,-9999,-9999,-9999,-9999,-9999,-9999,-9999,-9999
109,160.842011,160.84203587,-9999,31333060,-9999,1672113.3,69.29,-1,-9999,-9999,-9999,-9999,-9999,-9999,-9999,unassigned,N/A,-9999,-9999,N/A,-9999,-9999,-9999,-9999,-9999,-9999,-9999,-9999
112,161.842171,161.842196409,-9999,9273121,-9999,1827142.3,19.06,-1,-9999,-9999,-9999,-9999,-9999,-9999,-9999,unassigned,N/A,-9999,-9999,N/A,-9999,-9999,-9999,-9999,-9999,-9999,-9999,-9999
114,162.838638,162.838663945,-9999,6554516.5,-9999,1821887.2,12.89,-1,-9999,-9999,-9999,-9999,-9999,-9999,-9999,unassigned,N/A,-9999,-9999,N/A,-9999,-9999,-9999,-9999,-9999,-9999,-9999,-9999
115,162.839062,162.839087945,-9999,27214740,-9999,1640697.9,59.78,-1,-9999,-9999,-9999,-9999,-9999,-9999,-9999,unassigned,N/A,-9999,-9999,N/A,-9999,-9999,-9999,-9999,-9999,-9999,-9999,-9999
116,162.842002,162.842027947,-9999,30925720,-9999,1786311.5,68.21,-1,-9999,-9999,-9999,-9999,-9999,-9999,-9999,unassigned,N/A,-9999,-9999,N/A,-9999,-9999,-9999,-9999,-9999,-9999,-9999,-9999
117,162.842421,162.842446947,-9999,206300064,-9999,1545192.5,466.3,-1,-9999,-9999,-9999,-9999,-9999,-9999,-9999,unassigned,N/A,-9999,-9999,N/A,-9999,-9999,-9999,-9999,-9999,-9999,-9999,-9999
118,162.842851,162.842876947,-9999,16110489,-9999,1700943.3,34.58,-1,-9999,-9999,-9999,-9999,-9999,-9999,-9999,unassigned,N/A,-9999,-9999,N/A,-9999,-9999,-9999,-9999,-9999,-9999,-9999,-9999
119,162.982365,162.982391023,-9999,20411450,-9999,1635888.1,44.34,-1,-9999,-9999,-9999,-9999,-9999,-9999,-9999,unassigned,N/A,-9999,-9999,N/A,-9999,-9999,-9999,-9999,-9999,-9999,-9999,-9999
122,164.836116,164.83614302,-9999,8631497,-9999,1638358.1,17.56,-1,-9999,-9999,-9999,-9999,-9999,-9999,-9999,unassigned,N/A,-9999,-9999,N/A,-9999,-9999,-9999,-9999,-9999,-9999,-9999,-9999
123,164.837862,164.837889021,-9999,81128648,-9999,1591351.4,181.75,-1,-9999,-9999,-9999,-9999,-9999,-9999,-9999,unassigned,N/A,-9999,-9999,N/A,-9999,-9999,-9999,-9999,-9999,-9999,-9999,-9999
124,164.839036,164.839063022,-9999,32648396,-9999,1777582.1,71.95,-1,-9999,-9999,-9999,-9999,-9999,-9999,-9999,unassigned,N/A,-9999,-9999,N/A,-9999,-9999,-9999,-9999,-9999,-9999,-9999,-9999
125,164.839466,164.839493022,-9999,207776976,-9999,1588483.4,468.6,-1,-9999,-9999,-9999,-9999,-9999,-9999,-9999,unassigned,N/A,-9999,-9999,N/A,-9999,-9999,-9999,-9999,-9999,-9999,-9999,-9999
126,164.839901,164.839928022,-9999,19205326,-9999,1714917,41.51,-1,-9999,-9999,-9999,-9999,-9999,-9999,-9999,unassigned,N/A,-9999,-9999,N/A,-9999,-9999,-9999,-9999,-9999,-9999,-9999,-9999
128,165.031935,165.031962126,-9999,7187893,-9999,1871590,14.29,-1,-9999,-9999,-9999,-9999,-9999,-9999,-9999,unassigned,N/A,-9999,-9999,N/A,-9999,-9999,-9999,-9999,-9999,-9999,-9999,-9999
129,165.032366,165.032393126,-9999,48688564,-9999,1576311.6,108.28,-1,-9999,-9999,-9999,-9999,-9999,-9999,-9999,unassigned,N/A,-9999,-9999,N/A,-9999,-9999,-9999,-9999,-9999,-9999,-9999,-9999
132,166.834473,166.834501096,-9999,10339928,-9999,1842486.9,21.37,-1,-9999,-9999,-9999,-9999,-9999,-9999,-9999,unassigned,N/A,-9999,-9999,N/A,-9999,-9999,-9999,-9999,-9999,-9999,-9999,-9999
133,166.834912,166.834940096,-9999,72119896,-9999,1557906.6,160.97,-1,-9999,-9999,-9999,-9999,-9999,-9999,-9999,unassigned,N/A,-9999,-9999,N/A,-9999,-9999,-9999,-9999,-9999,-9999,-9999,-9999
134,166.835423,166.835451097,-9999,8814169,-9999,1451127.9,17.92,-1,-9999,-9999,-9999,-9999,-9999,-9999,-9999,unassigned,N/A,-9999,-9999,N/A,-9999,-9999,-9999,-9999,-9999,-9999,-9999,-9999
135,166.836074,166.836102097,-9999,9238106,-9999,1908078.8,18.88,-1,-9999,-9999,-9999,-9999,-9999,-9999,-9999,unassigned,N/A,-9999,-9999,N/A,-9999,-9999,-9999,-9999,-9999,-9999,-9999,-9999
136,166.836513,166.836541097,-9999,65271388,-9999,1576400.5,145.5,-1,-9999,-9999,-9999,-9999,-9999,-9999,-9999,unassigned,N/A,-9999,-9999,N/A,-9999,-9999,-9999,-9999,-9999,-9999,-9999,-9999
137,167.011618,167.011646191,-9999,6701877,-9999,1500556.4,13.15,-1,-9999,-9999,-9999,-9999,-9999,-9999,-9999,unassigned,N/A,-9999,-9999,N/A,-9999,-9999,-9999,-9999,-9999,-9999,-9999,-9999
138,167.029413,167.029441201,-9999,14505803,-9999,1590337.9,30.78,-1,-9999,-9999,-9999,-9999,-9999,-9999,-9999,unassigned,N/A,-9999,-9999,N/A,-9999,-9999,-9999,-9999,-9999,-9999,-9999,-9999
140,167.047575,167.047603211,-9999,33421154,-9999,1789750.3,73.53,-1,-9999,-9999,-9999,-9999,-9999,-9999,-9999,unassigned,N/A,-9999,-9999,N/A,-9999,-9999,-9999,-9999,-9999,-9999,-9999,-9999
141,167.048014,167.048042211,-9999,237336416,-9999,1500495.9,534.31,-1,-9999,-9999,-9999,-9999,-9999,-9999,-9999,unassigned,N/A,-9999,-9999,N/A,-9999,-9999,-9999,-9999,-9999,-9999,-9999,-9999
142,167.048466,167.048494211,-9999,17811298,-9999,1643805.2,38.25,-1,-9999,-9999,-9999,-9999,-9999,-9999,-9999,unassigned,N/A,-9999,-9999,N/A,-9999,-9999,-9999,-9999,-9999,-9999,-9999,-9999
145,168.051373,168.051401751,-9999,16833616,-9999,1560658.5,35.96,-1,-9999,-9999,-9999,-9999,-9999,-9999,-9999,unassigned,N/A,-9999,-9999,N/A,-9999,-9999,-9999,-9999,-9999,-9999,-9999,-9999
146,168.831962,168.831991171,-9999,23109684,-9999,1548841.9,50.1,-1,-9999,-9999,-9999,-9999,-9999,-9999,-9999,unassigned,N/A,-9999,-9999,N/A,-9999,-9999,-9999,-9999,-9999,-9999,-9999,-9999
147,168.832469,168.832498172,-9999,8937524,-9999,1479957.3,18.15,-1,-9999,-9999,-9999,-9999,-9999,-9999,-9999,unassigned,N/A,-9999,-9999,N/A,-9999,-9999,-9999,-9999,-9999,-9999,-9999,-9999
148,168.83356,168.833589172,-9999,6217781.5,-9999,1817142.9,12.02,-1,-9999,-9999,-9999,-9999,-9999,-9999,-9999,unassigned,N/A,-9999,-9999,N/A,-9999,-9999,-9999,-9999,-9999,-9999,-9999,-9999
149,168.836218,168.836247174,-9999,26918970,-9999,1571114.6,58.69,-1,-9999,-9999,-9999,-9999,-9999,-9999,-9999,unassigned,N/A,-9999,-9999,N/A,-9999,-9999,-9999,-9999,-9999,-9999,-9999,-9999
150,168.948721,168.948750234,-9999,11231433,-9999,1604089.2,23.32,-1,-9999,-9999,-9999,-9999,-9999,-9999,-9999,unassigned,N/A,-9999,-9999,N/A,-9999,-9999,-9999,-9999,-9999,-9999,-9999,-9999
151,168.989337,168.989366256,-9999,28082430,-9999,1520872.9,61.31,-1,-9999,-9999,-9999,-9999,-9999,-9999,-9999,unassigned,N/A,-9999,-9999,N/A,-9999,-9999,-9999,-9999,-9999,-9999,-9999,-9999
152,169.044609,169.044638286,-9999,11354437,-9999,1882686.3,23.6,-1,-9999,-9999,-9999,-9999,-9999,-9999,-9999,unassigned,N/A,-9999,-9999,N/A,-9999,-9999,-9999,-9999,-9999,-9999,-9999,-9999
153,169.045065,169.045094286,-9999,80904520,-9999,1470735.7,180.39,-1,-9999,-9999,-9999,-9999,-9999,-9999,-9999,unassigned,N/A,-9999,-9999,N/A,-9999,-9999,-9999,-9999,-9999,-9999,-9999,-9999
156,170.833105,170.833135249,-9999,15993431,-9999,1208664.8,33.97,-1,-9999,-9999,-9999,-9999,-9999,-9999,-9999,unassigned,N/A,-9999,-9999,N/A,-9999,-9999,-9999,-9999,-9999,-9999,-9999,-9999
157,170.83327,170.833300249,-9999,24570456,-9999,1441876.6,53.26,-1,-9999,-9999,-9999,-9999,-9999,-9999,-9999,unassigned,N/A,-9999,-9999,N/A,-9999,-9999,-9999,-9999,-9999,-9999,-9999,-9999
158,171.065788,171.065818374,-9999,10525577,-9999,1705783.3,21.67,-1,-9999,-9999,-9999,-9999,-9999,-9999,-9999,unassigned,N/A,-9999,-9999,N/A,-9999,-9999,-9999,-9999,-9999,-9999,-9999,-9999
160,171.066723,171.066753374,-9999,7510922.5,-9999,1776216.6,14.89,-1,-9999,-9999,-9999,-9999,-9999,-9999,-9999,unassigned,N/A,-9999,-9999,N/A,-9999,-9999,-9999,-9999,-9999,-9999,-9999,-9999
164,172.83016,172.830191324,-9999,12358830,-9999,1388022.5,25.73,-1,-9999,-9999,-9999,-9999,-9999,-9999,-9999,unassigned,N/A,-9999,-9999,N/A,-9999,-9999,-9999,-9999,-9999,-9999,-9999,-9999
165,172.831922,172.831953324,-9999,8514737,-9999,1710321.3,17.1,-1,-9999,-9999,-9999,-9999,-9999,-9999,-9999,unassigned,N/A,-9999,-9999,N/A,-9999,-9999,-9999,-9999,-9999,-9999,-9999,-9999
167,173.08142900000001,173.081460459,-9999,9037311,-9999,1803071,18.28,-1,-9999,-9999,-9999,-9999,-9999,-9999,-9999,unassigned,N/A,-9999,-9999,N/A,-9999,-9999,-9999,-9999,-9999,-9999,-9999,-9999
169,173.082388,173.082419459,-9999,7532032,-9999,1718922.3,14.9,-1,-9999,-9999,-9999,-9999,-9999,-9999,-9999,unassigned,N/A,-9999,-9999,N/A,-9999,-9999,-9999,-9999,-9999,-9999,-9999,-9999
172,174.828968,174.829000399,-9999,8931125,-9999,1514221.5,18.03,-1,-9999,-9999,-9999,-9999,-9999,-9999,-9999,unassigned,N/A,-9999,-9999,N/A,-9999,-9999,-9999,-9999,-9999,-9999,-9999,-9999
176,176.8941,176.894133511,-9999,20908602,-9999,1539763.4,44.78,-1,-9999,-9999,-9999,-9999,-9999,-9999,-9999,unassigned,N/A,-9999,-9999,N/A,-9999,-9999,-9999,-9999,-9999,-9999,-9999,-9999
178,178.891137,178.891171586,-9999,6292729.5,-9999,1398708.5,12.04,-1,-9999,-9999,-9999,-9999,-9999,-9999,-9999,unassigned,N/A,-9999,-9999,N/A,-9999,-9999,-9999,-9999,-9999,-9999,-9999,-9999
187,183.060704,183.060740831,-9999,12090247,-9999,1423386,24.83,-1,-9999,-9999,-9999,-9999,-9999,-9999,-9999,unassigned,N/A,-9999,-9999,N/A,-9999,-9999,-9999,-9999,-9999,-9999,-9999,-9999
194,190.909742,190.909783056,-9999,7484730.5,-9999,1526937.3,14.5,-1,-9999,-9999,-9999,-9999,-9999,-9999,-9999,unassigned,N/A,-9999,-9999,N/A,-9999,-9999,-9999,-9999,-9999,-9999,-9999,-9999
202,195.810859,195.810902694,-9999,35573204,-9999,1390958.9,76.01,-1,-9999,-9999,-9999,-9999,-9999,-9999,-9999,unassigned,N/A,-9999,-9999,N/A,-9999,-9999,-9999,-9999,-9999,-9999,-9999,-9999
203,197.022182,197.022226346,-9999,9200551,-9999,1349691.2,18.16,-1,-9999,-9999,-9999,-9999,-9999,-9999,-9999,unassigned,N/A,-9999,-9999,N/A,-9999,-9999,-9999,-9999,-9999,-9999,-9999,-9999
205,197.807907,197.807951769,-9999,44685148,-9999,1346378,95.68,-1,-9999,-9999,-9999,-9999,-9999,-9999,-9999,unassigned,N/A,-9999,-9999,N/A,-9999,-9999,-9999,-9999,-9999,-9999,-9999,-9999
209,199.804954,199.804999844,-9999,22601866,-9999,1420125.8,47.39,-1,-9999,-9999,-9999,-9999,-9999,-9999,-9999,unassigned,N/A,-9999,-9999,N/A,-9999,-9999,-9999,-9999,-9999,-9999,-9999,-9999
212,201.802011,201.802057919,-9999,6682964.5,-9999,1233561.3,12.54,-1,-9999,-9999,-9999,-9999,-9999,-9999,-9999,unassigned,N/A,-9999,-9999,N/A,-9999,-9999,-9999,-9999,-9999,-9999,-9999,-9999
213,202.828287,202.828334471,-9999,10145198,-9999,1438709.4,20.08,-1,-9999,-9999,-9999,-9999,-9999,-9999,-9999,unassigned,N/A,-9999,-9999,N/A,-9999,-9999,-9999,-9999,-9999,-9999,-9999,-9999
215,204.825334,204.825382546,-9999,13104587,-9999,1320547.2,26.44,-1,-9999,-9999,-9999,-9999,-9999,-9999,-9999,unassigned,N/A,-9999,-9999,N/A,-9999,-9999,-9999,-9999,-9999,-9999,-9999,-9999
218,208.845223,208.84527371,-9999,7607443,-9999,1529205.7,14.47,-1,-9999,-9999,-9999,-9999,-9999,-9999,-9999,unassigned,N/A,-9999,-9999,N/A,-9999,-9999,-9999,-9999,-9999,-9999,-9999,-9999
221,210.842265,210.842316785,-9999,7998224.5,-9999,1218064.6,15.32,-1,-9999,-9999,-9999,-9999,-9999,-9999,-9999,unassigned,N/A,-9999,-9999,N/A,-9999,-9999,-9999,-9999,-9999,-9999,-9999,-9999
222,212.979154,212.979206935,-9999,22090078,-9999,1238555.9,45.83,-1,-9999,-9999,-9999,-9999,-9999,-9999,-9999,unassigned,N/A,-9999,-9999,N/A,-9999,-9999,-9999,-9999,-9999,-9999,-9999,-9999
241,236.96585,236.965915847,-9999,8045507,-9999,1237412.9,15.25,-1,-9999,-9999,-9999,-9999,-9999,-9999,-9999,unassigned,N/A,-9999,-9999,N/A,-9999,-9999,-9999,-9999,-9999,-9999,-9999,-9999
246,241.066173,241.066241054,-9999,6583493.5,-9999,1347777.4,12.09,-1,-9999,-9999,-9999,-9999,-9999,-9999,-9999,unassigned,N/A,-9999,-9999,N/A,-9999,-9999,-9999,-9999,-9999,-9999,-9999,-9999
252,243.133457,243.133526167,-9999,281179392,-9999,1113434.1,601.22,-1,-9999,-9999,-9999,-9999,-9999,-9999,-9999,unassigned,N/A,-9999,-9999,N/A,-9999,-9999,-9999,-9999,-9999,-9999,-9999,-9999
255,244.136807,244.136876707,-9999,46101748,-9999,1105835.8,96.88,-1,-9999,-9999,-9999,-9999,-9999,-9999,-9999,unassigned,N/A,-9999,-9999,N/A,-9999,-9999,-9999,-9999,-9999,-9999,-9999,-9999
261,249.10763,249.107702383,-9999,21443702,-9999,1126878.5,43.9,-1,-9999,-9999,-9999,-9999,-9999,-9999,-9999,unassigned,N/A,-9999,-9999,N/A,-9999,-9999,-9999,-9999,-9999,-9999,-9999,-9999
264,250.981491,250.981564392,-9999,20706326,-9999,1118434.9,42.25,-1,-9999,-9999,-9999,-9999,-9999,-9999,-9999,unassigned,N/A,-9999,-9999,N/A,-9999,-9999,-9999,-9999,-9999,-9999,-9999,-9999
271,255.081806,255.081881599,-9999,15946508,-9999,1070773.5,32.07,-1,-9999,-9999,-9999,-9999,-9999,-9999,-9999,unassigned,N/A,-9999,-9999,N/A,-9999,-9999,-9999,-9999,-9999,-9999,-9999,-9999
285,262.783925,262.784004745,-9999,9523440,-9999,1130333.3,18.27,-1,-9999,-9999,-9999,-9999,-9999,-9999,-9999,unassigned,N/A,-9999,-9999,N/A,-9999,-9999,-9999,-9999,-9999,-9999,-9999,-9999
291,264.780967,264.78104782,-9999,6959230.5,-9999,1101683.8,12.81,-1,-9999,-9999,-9999,-9999,-9999,-9999,-9999,unassigned,N/A,-9999,-9999,N/A,-9999,-9999,-9999,-9999,-9999,-9999,-9999,-9999
292,264.997146,264.997226936,-9999,7975027.5,-9999,1068991.2,14.98,-1,-9999,-9999,-9999,-9999,-9999,-9999,-9999,unassigned,N/A,-9999,-9999,N/A,-9999,-9999,-9999,-9999,-9999,-9999,-9999,-9999
294,265.102525,265.102605993,-9999,6738030.5,-9999,1217589.3,12.34,-1,-9999,-9999,-9999,-9999,-9999,-9999,-9999,unassigned,N/A,-9999,-9999,N/A,-9999,-9999,-9999,-9999,-9999,-9999,-9999,-9999
297,267.118188,267.118270078,-9999,7680024.5,-9999,1097664.1,14.32,-1,-9999,-9999,-9999,-9999,-9999,-9999,-9999,unassigned,N/A,-9999,-9999,N/A,-9999,-9999,-9999,-9999,-9999,-9999,-9999,-9999
299,268.800865,268.800947984,-9999,8335336,-9999,1096361.7,15.71,-1,-9999,-9999,-9999,-9999,-9999,-9999,-9999,unassigned,N/A,-9999,-9999,N/A,-9999,-9999,-9999,-9999,-9999,-9999,-9999,-9999
301,269.097458,269.097541143,-9999,25423842,-9999,1054068.3,52.05,-1,-9999,-9999,-9999,-9999,-9999,-9999,-9999,unassigned,N/A,-9999,-9999,N/A,-9999,-9999,-9999,-9999,-9999,-9999,-9999,-9999
311,275.036268,275.03635434,-9999,29388852,-9999,988816,60.36,-1,-9999,-9999,-9999,-9999,-9999,-9999,-9999,unassigned,N/A,-9999,-9999,N/A,-9999,-9999,-9999,-9999,-9999,-9999,-9999,-9999
315,277.033318,277.033405415,-9999,8040630.5,-9999,1114863.3,15.06,-1,-9999,-9999,-9999,-9999,-9999,-9999,-9999,unassigned,N/A,-9999,-9999,N/A,-9999,-9999,-9999,-9999,-9999,-9999,-9999,-9999
318,277.102557,277.102644452,-9999,7565500,-9999,980830.1,14.05,-1,-9999,-9999,-9999,-9999,-9999,-9999,-9999,unassigned,N/A,-9999,-9999,N/A,-9999,-9999,-9999,-9999,-9999,-9999,-9999,-9999
324,279.056655,279.056743504,-9999,12349811,-9999,1033130.4,24.15,-1,-9999,-9999,-9999,-9999,-9999,-9999,-9999,unassigned,N/A,-9999,-9999,N/A,-9999,-9999,-9999,-9999,-9999,-9999,-9999,-9999
327,280.149811,280.149900093,-9999,13136368,-9999,1032519,25.82,-1,-9999,-9999,-9999,-9999,-9999,-9999,-9999,unassigned,N/A,-9999,-9999,N/A,-9999,-9999,-9999,-9999,-9999,-9999,-9999,-9999
328,281.09744,281.097529603,-9999,7713384.5,-9999,1092992.1,14.33,-1,-9999,-9999,-9999,-9999,-9999,-9999,-9999,unassigned,N/A,-9999,-9999,N/A,-9999,-9999,-9999,-9999,-9999,-9999,-9999,-9999
331,283.113097,283.113187688,-9999,14922639,-9999,1069340.6,29.6,-1,-9999,-9999,-9999,-9999,-9999,-9999,-9999,unassigned,N/A,-9999,-9999,N/A,-9999,-9999,-9999,-9999,-9999,-9999,-9999,-9999
343,291.118185,291.118279997,-9999,32209392,-9999,973575,66.06,-1,-9999,-9999,-9999,-9999,-9999,-9999,-9999,unassigned,N/A,-9999,-9999,N/A,-9999,-9999,-9999,-9999,-9999,-9999,-9999,-9999
352,293.206597,293.206693121,-9999,80837640,-9999,933459.4,168.42,-1,-9999,-9999,-9999,-9999,-9999,-9999,-9999,unassigned,N/A,-9999,-9999,N/A,-9999,-9999,-9999,-9999,-9999,-9999,-9999,-9999
354,294.209951,294.210047661,-9999,12565781,-9999,996765.2,24.49,-1,-9999,-9999,-9999,-9999,-9999,-9999,-9999,unassigned,N/A,-9999,-9999,N/A,-9999,-9999,-9999,-9999,-9999,-9999,-9999,-9999
367,303.154558,303.154659476,-9999,7620586,-9999,956324.2,14.02,-1,-9999,-9999,-9999,-9999,-9999,-9999,-9999,unassigned,N/A,-9999,-9999,N/A,-9999,-9999,-9999,-9999,-9999,-9999,-9999,-9999
373,306.879686,306.879789481,-9999,9211146,-9999,927415.2,17.32,-1,-9999,-9999,-9999,-9999,-9999,-9999,-9999,unassigned,N/A,-9999,-9999,N/A,-9999,-9999,-9999,-9999,-9999,-9999,-9999,-9999
376,307.185855,307.185958646,-9999,7761273,-9999,979682.4,14.28,-1,-9999,-9999,-9999,-9999,-9999,-9999,-9999,unassigned,N/A,-9999,-9999,N/A,-9999,-9999,-9999,-9999,-9999,-9999,-9999,-9999
400,321.237881,321.23799221,-9999,48865992,-9999,878001.3,100.23,-1,-9999,-9999,-9999,-9999,-9999,-9999,-9999,unassigned,N/A,-9999,-9999,N/A,-9999,-9999,-9999,-9999,-9999,-9999,-9999,-9999
401,321.256449,321.25656022,-9999,8086225,-9999,861476.5,14.91,-1,-9999,-9999,-9999,-9999,-9999,-9999,-9999,unassigned,N/A,-9999,-9999,N/A,-9999,-9999,-9999,-9999,-9999,-9999,-9999,-9999
404,322.241224,322.24133575,-9999,9815134,-9999,983963.8,18.48,-1,-9999,-9999,-9999,-9999,-9999,-9999,-9999,unassigned,N/A,-9999,-9999,N/A,-9999,-9999,-9999,-9999,-9999,-9999,-9999,-9999
407,323.180763,323.180875256,-9999,16295386,-9999,887490.4,32,-1,-9999,-9999,-9999,-9999,-9999,-9999,-9999,unassigned,N/A,-9999,-9999,N/A,-9999,-9999,-9999,-9999,-9999,-9999,-9999,-9999
409,324.103254,324.103366752,-9999,9389902,-9999,938643.3,17.59,-1,-9999,-9999,-9999,-9999,-9999,-9999,-9999,unassigned,N/A,-9999,-9999,N/A,-9999,-9999,-9999,-9999,-9999,-9999,-9999,-9999
412,325.160021,325.160134321,-9999,14575865,-9999,878871.4,28.41,-1,-9999,-9999,-9999,-9999,-9999,-9999,-9999,unassigned,N/A,-9999,-9999,N/A,-9999,-9999,-9999,-9999,-9999,-9999,-9999,-9999
414,325.1964,325.196513341,-9999,6744328,-9999,975987.8,12.07,-1,-9999,-9999,-9999,-9999,-9999,-9999,-9999,unassigned,N/A,-9999,-9999,N/A,-9999,-9999,-9999,-9999,-9999,-9999,-9999,-9999
419,328.958766,328.958881366,-9999,8556272,-9999,910346.9,15.84,-1,-9999,-9999,-9999,-9999,-9999,-9999,-9999,unassigned,N/A,-9999,-9999,N/A,-9999,-9999,-9999,-9999,-9999,-9999,-9999,-9999
421,329.152846,329.15296147,-9999,9580349,-9999,1668115.2,17.98,-1,-9999,-9999,-9999,-9999,-9999,-9999,-9999,unassigned,N/A,-9999,-9999,N/A,-9999,-9999,-9999,-9999,-9999,-9999,-9999,-9999
426,331.149454,331.149570545,-9999,31830614,-9999,834239.5,64.19,-1,-9999,-9999,-9999,-9999,-9999,-9999,-9999,unassigned,N/A,-9999,-9999,N/A,-9999,-9999,-9999,-9999,-9999,-9999,-9999,-9999
428,332.152762,332.152879085,-9999,6820834.5,-9999,833227.3,12.18,-1,-9999,-9999,-9999,-9999,-9999,-9999,-9999,unassigned,N/A,-9999,-9999,N/A,-9999,-9999,-9999,-9999,-9999,-9999,-9999,-9999
433,335.107976,335.108094676,-9999,20445278,-9999,838600,40.51,-1,-9999,-9999,-9999,-9999,-9999,-9999,-9999,unassigned,N/A,-9999,-9999,N/A,-9999,-9999,-9999,-9999,-9999,-9999,-9999,-9999
450,342.974399,342.97452191,-9999,10044329,-9999,825206.3,18.8,-1,-9999,-9999,-9999,-9999,-9999,-9999,-9999,unassigned,N/A,-9999,-9999,N/A,-9999,-9999,-9999,-9999,-9999,-9999,-9999,-9999
468,349.19638,349.19650626,-9999,7760831,-9999,935372,14.07,-1,-9999,-9999,-9999,-9999,-9999,-9999,-9999,unassigned,N/A,-9999,-9999,N/A,-9999,-9999,-9999,-9999,-9999,-9999,-9999,-9999
476,351.212017,351.212144345,-9999,9522743,-9999,915723.1,17.64,-1,-9999,-9999,-9999,-9999,-9999,-9999,-9999,unassigned,N/A,-9999,-9999,N/A,-9999,-9999,-9999,-9999,-9999,-9999,-9999,-9999
482,356.990067,356.990197455,-9999,7238897,-9999,873518.2,12.93,-1,-9999,-9999,-9999,-9999,-9999,-9999,-9999,unassigned,N/A,-9999,-9999,N/A,-9999,-9999,-9999,-9999,-9999,-9999,-9999,-9999
496,363.303412,363.303545853,-9999,11393989,-9999,812619,21.4,-1,-9999,-9999,-9999,-9999,-9999,-9999,-9999,unassigned,N/A,-9999,-9999,N/A,-9999,-9999,-9999,-9999,-9999,-9999,-9999,-9999
544,388.925466,388.925613645,-9999,9385025,-9999,739705.2,17.09,-1,-9999,-9999,-9999,-9999,-9999,-9999,-9999,unassigned,N/A,-9999,-9999,N/A,-9999,-9999,-9999,-9999,-9999,-9999,-9999,-9999
563,397.726394,397.726546383,-9999,9108587,-9999,749668.7,16.44,-1,-9999,-9999,-9999,-9999,-9999,-9999,-9999,unassigned,N/A,-9999,-9999,N/A,-9999,-9999,-9999,-9999,-9999,-9999,-9999,-9999
564,397.863858,397.864010457,-9999,13712524,-9999,737049.3,25.76,-1,-9999,-9999,-9999,-9999,-9999,-9999,-9999,unassigned,N/A,-9999,-9999,N/A,-9999,-9999,-9999,-9999,-9999,-9999,-9999,-9999
565,397.898168,397.898320475,-9999,36961428,-9999,663629.2,72.79,-1,-9999,-9999,-9999,-9999,-9999,-9999,-9999,unassigned,N/A,-9999,-9999,N/A,-9999,-9999,-9999,-9999,-9999,-9999,-9999,-9999
566,397.932608,397.932760494,-9999,9747613,-9999,749957.4,17.73,-1,-9999,-9999,-9999,-9999,-9999,-9999,-9999,unassigned,N/A,-9999,-9999,N/A,-9999,-9999,-9999,-9999,-9999,-9999,-9999,-9999
567,397.966972,397.967124512,-9999,8510629,-9999,638662.2,15.23,-1,-9999,-9999,-9999,-9999,-9999,-9999,-9999,unassigned,N/A,-9999,-9999,N/A,-9999,-9999,-9999,-9999,-9999,-9999,-9999,-9999
568,398.035756,398.035908549,-9999,17120438,-9999,703981.4,32.65,-1,-9999,-9999,-9999,-9999,-9999,-9999,-9999,unassigned,N/A,-9999,-9999,N/A,-9999,-9999,-9999,-9999,-9999,-9999,-9999,-9999
576,402.941143,402.94129819,-9999,8020331,-9999,754431.7,14.24,-1,-9999,-9999,-9999,-9999,-9999,-9999,-9999,unassigned,N/A,-9999,-9999,N/A,-9999,-9999,-9999,-9999,-9999,-9999,-9999,-9999
583,405.350327,405.350483487,-9999,11568075,-9999,699407.3,21.41,-1,-9999,-9999,-9999,-9999,-9999,-9999,-9999,unassigned,N/A,-9999,-9999,N/A,-9999,-9999,-9999,-9999,-9999,-9999,-9999,-9999
588,408.766844,408.767002326,-9999,7718718.5,-9999,763914.7,13.55,-1,-9999,-9999,-9999,-9999,-9999,-9999,-9999,unassigned,N/A,-9999,-9999,N/A,-9999,-9999,-9999,-9999,-9999,-9999,-9999,-9999
594,409.31173,409.311888619,-9999,16320462,-9999,1470112.6,30.87,-1,-9999,-9999,-9999,-9999,-9999,-9999,-9999,unassigned,N/A,-9999,-9999,N/A,-9999,-9999,-9999,-9999,-9999,-9999,-9999,-9999
596,410.764777,410.764936401,-9999,7391568,-9999,688091.1,12.9,-1,-9999,-9999,-9999,-9999,-9999,-9999,-9999,unassigned,N/A,-9999,-9999,N/A,-9999,-9999,-9999,-9999,-9999,-9999,-9999,-9999
617,423.07376,423.073926027,-9999,23140012,-9999,656134.6,44.35,-1,-9999,-9999,-9999,-9999,-9999,-9999,-9999,unassigned,N/A,-9999,-9999,N/A,-9999,-9999,-9999,-9999,-9999,-9999,-9999,-9999
692,462.963041,462.963228499,-9999,8635110,-9999,670368.7,15.1,-1,-9999,-9999,-9999,-9999,-9999,-9999,-9999,unassigned,N/A,-9999,-9999,N/A,-9999,-9999,-9999,-9999,-9999,-9999,-9999,-9999
766,494.934016,494.934220709,-9999,8854937,-9999,611715.6,15.24,-1,-9999,-9999,-9999,-9999,-9999,-9999,-9999,unassigned,N/A,-9999,-9999,N/A,-9999,-9999,-9999,-9999,-9999,-9999,-9999,-9999
1110,988.001441,988.001911122,-9999,18772394,-9999,204937.7,28.62,-1,-9999,-9999,-9999,-9999,-9999,-9999,-9999,unassigned,N/A,-9999,-9999,N/A,-9999,-9999,-9999,-9999,-9999,-9999,-9999,-9999
1278,1072.931847,1072.932362839,-9999,8664672,-9999,199680.7,12.08,-1,-9999,-9999,-9999,-9999,-9999,-9999,-9999,unassigned,N/A,-9999,-9999,N/A,-9999,-9999,-9999,-9999,-9999,-9999,-9999,-9999
1280,1075.0232,1075.023716965,-9999,9524904,-9999,279486.4,13.47,-1,-9999,-9999,-9999,-9999,-9999,-9999,-9999,unassigned,N/A,-9999,-9999,N/A,-9999,-9999,-9999,-9999,-9999,-9999,-9999,-9999
