Index,Mass,Calibrated_Mass,Calculated_Mass,Peak_Height,Peak_Area,Resolving_Power,S_N,Ion_Charge,Error_ppm,Error_Score,Isotopologue_Similarity,Confidence_Score,DBE,OtoC_ratio,HtoC_ratio,Heteroatom_Class,Ion_Type,Is_Isotopologue,Mono_Isotopic_Index,Molecular_Formula,C,H,O,N,P,S,13C,34S
11,121.02948,121.029496827,121.02950298,19304222,-9999,2238470.8,42.75,-1,-0.050844374,0.999531038,0,0.599718623,5,0.285714286,0.857142857,O2,de-protonated,0,-9999,C7 H6 O2,7,6,2,-9999,-9999,-9999,-9999,-9999
15,127.040046,127.040064671,127.040067664,9077007,-9999,2111950.3,19.05,-1,-0.023564423,0.99989925,0,0.59993955,3,0.5,1.333333333,O3,de-protonated,0,-9999,C6 H8 O3,6,8,3,-9999,-9999,-9999,-9999,-9999
16,127.07643,127.076448682,127.076453174,7586059.5,-9999,2358416.6,15.59,-1,-0.035347328,0.999773318,0,0.599863991,2,0.285714286,1.714285714,O2,de-protonated,0,-9999,C7 H12 O2,7,12,2,-9999,-9999,-9999,-9999,-9999
17,128.035289,128.035307976,128.035316636,8948397,-9999,2185980.3,18.75,-1,-0.067641338,0.999170153,0,0.599502092,3,0.6,1.4,N1 O3,de-protonated,0,-9999,C5 H7 O3 N1,5,7,3,1,-9999,-9999,-9999,-9999
20,129.019307,129.019326278,129.019332219,9599578,-9999,2274234.6,20.26,-1,-0.046051147,0.999615274,0,0.599769165,3,0.8,1.2,O4,de-protonated,0,-9999,C5 H6 O4,5,6,4,-9999,-9999,-9999,-9999,-9999
23,129.05569,129.055709289,129.055717729,111389272,-9999,2048908.1,256.2,-1,-0.065395597,0.999607146,0.996289988,0.998280283,2,0.5,1.666666667,O3,de-protonated,0,-9999,C6 H10 O3,6,10,3,-9999,-9999,-9999,-9999,-9999
25,130.059052,130.059071597,130.059072564,6761749,-9999,2204901.2,13.68,-1,-0.007434383,0.999989971,0.996289988,0.998509978,2,0.5,1.666666667,13C1 O3,de-protonated,1,23,C5 H10 O3 13C1,5,10,3,-9999,-9999,-9999,1,-9999
28,131.034956,131.034975896,131.034982284,35064296,-9999,2106532.1,79.29,-1,-0.048746803,0.999568925,0,0.599741355,2,0.8,1.6,O4,de-protonated,0,-9999,C5 H8 O4,5,8,4,-9999,-9999,-9999,-9999,-9999
31,131.071346,131.071365907,131.071367793,280287712,-9999,2046271.3,647.69,-1,-0.014386985,0.999767372,0.994366031,0.997606836,1,0.5,2,O3,de-protonated,0,-9999,C6 H12 O3,6,12,3,-9999,-9999,-9999,-9999,-9999
34,132.074696,132.074716215,132.074722628,16409038,-9999,1854900.3,36.04,-1,-0.048555535,0.999572301,0.994366031,0.997489793,1,0.5,2,13C1 O3,de-protonated,1,31,C5 H12 O3 13C1,5,12,3,-9999,-9999,-9999,1,-9999
39,135.04513,135.045151127,135.045153045,12510753,-9999,2054055,27.01,-1,-0.014203056,0.999963398,0,0.599978039,5,0.25,1,O2,de-protonated,0,-9999,C8 H8 O2,8,8,2,-9999,-9999,-9999,-9999,-9999
43,137.02439,137.024411734,137.0244176,54352624,-9999,1881883.6,123.99,-1,-0.042809279,0.999667526,0,0.599800516,5,0.428571429,0.857142857,O3,de-protonated,0,-9999,C7 H6 O3,7,6,3,-9999,-9999,-9999,-9999,-9999
44,138.019642,138.019664039,138.019666572,14553995,-9999,2085988.8,31.74,-1,-0.018350776,0.999938899,0,0.599963339,5,0.5,0.833333333,N1 O3,de-protonated,0,-9999,C6 H5 O3 N1,6,5,3,1,-9999,-9999,-9999,-9999
52,141.019311,141.01933396,141.019332219,6585935,-9999,1907843.8,13.27,-1,0.012339984,0.99997237,0,0.599983422,4,0.666666667,1,O4,de-protonated,0,-9999,C6 H6 O4,6,6,4,-9999,-9999,-9999,-9999,-9999
53,143.034961,143.034984578,143.034982284,8251661,-9999,1851718.9,17.1,-1,0.016038932,0.999953324,0,0.599971994,3,0.666666667,1.333333333,O4,de-protonated,0,-9999,C6 H8 O4,6,8,4,-9999,-9999,-9999,-9999,-9999
54,143.071341,143.071364589,143.071367793,18854172,-9999,1828559.2,41.64,-1,-0.022394837,0.999909002,0,0.599945401,2,0.428571429,1.714285714,O3,de-protonated,0,-9999,C7 H12 O3,7,12,3,-9999,-9999,-9999,-9999,-9999
55,144.04546,144.045483888,144.045487397,33964728,-9999,1746863.8,76.61,-1,-0.024362687,0.999892309,0,0.599935385,7,0.111111111,0.777777778,N1 O1,de-protonated,0,-9999,C9 H7 O1 N1,9,7,1,1,-9999,-9999,-9999,-9999
61,145.050606,145.050630196,145.050632348,40977556,-9999,1775316,92.67,-1,-0.014835655,0.999960065,0,0.599976039,2,0.666666667,1.666666667,O4,de-protonated,0,-9999,C6 H10 O4,6,10,4,-9999,-9999,-9999,-9999,-9999
63,145.086996,145.087020208,145.087017858,46134436,-9999,1715788.4,104.58,-1,0.016196443,0.999952403,0,0.599971442,1,0.428571429,2,O3,de-protonated,0,-9999,C7 H14 O3,7,14,3,-9999,-9999,-9999,-9999,-9999
64,146.045853,146.045877502,146.04588132,8421020,-9999,1824928.6,17.43,-1,-0.02614777,0.99987595,0,0.59992557,2,0.8,1.8,N1 O4,de-protonated,0,-9999,C5 H9 O4 N1,5,9,4,1,-9999,-9999,-9999,-9999
75,149.024388,149.024413416,149.0244176,23805384,-9999,1717592.6,52.8,-1,-0.028077639,0.999856964,0,0.599914179,6,0.375,0.75,O3,de-protonated,0,-9999,C8 H6 O3,8,6,3,-9999,-9999,-9999,-9999,-9999
76,149.060779,149.060804427,149.060803109,12191200,-9999,1789294,26.07,-1,0.008839086,0.999985824,0,0.599991494,5,0.222222222,1.111111111,O2,de-protonated,0,-9999,C9 H10 O2,9,10,2,-9999,-9999,-9999,-9999,-9999
77,150.001884,150.001909715,150.001908507,17367160,-9999,1832414.2,37.91,-1,0.008054478,0.999988229,0,0.599992937,6,0.142857143,0.714285714,N1 S1 O1,de-protonated,0,-9999,C7 H5 O1 N1 S1,7,5,1,1,-9999,1,-9999,-9999
82,151.040044,151.040070034,151.040067664,47985536,-9999,1741953.1,108.24,-1,0.015689215,0.999955337,0,0.599973202,5,0.375,1,O3,de-protonated,0,-9999,C8 H8 O3,8,8,3,-9999,-9999,-9999,-9999,-9999
88,153.019308,153.019334641,153.019332219,137460160,-9999,1639213.8,313.17,-1,0.015827011,0.999945233,0.996725121,0.998657188,5,0.571428571,0.857142857,O4,de-protonated,0,-9999,C7 H6 O4,7,6,4,-9999,-9999,-9999,-9999,-9999
90,153.055692,153.055718652,153.055717729,7407073.5,-9999,1621160,15,-1,0.006034741,0.999993392,0,0.599996035,4,0.375,1.25,O3,de-protonated,0,-9999,C8 H10 O3,8,10,3,-9999,-9999,-9999,-9999,-9999
91,153.092076,153.092102664,153.092103238,6441472.5,-9999,1846221.6,12.78,-1,-0.003752876,0.999997444,0,0.599998467,3,0.222222222,1.555555556,O2,de-protonated,0,-9999,C9 H14 O2,9,14,2,-9999,-9999,-9999,-9999,-9999
92,154.022663,154.022689949,154.022687054,9888041,-9999,1457811.7,20.64,-1,0.018793357,0.999935916,0.996725121,0.998651598,5,0.571428571,0.857142857,13C1 O4,de-protonated,1,88,C6 H6 O4 13C1,6,6,4,-9999,-9999,-9999,1,-9999
98,155.03496,155.03498726,155.034982284,8548542,-9999,1752092.6,17.57,-1,0.032094637,0.999813113,0,0.599887868,4,0.571428571,1.142857143,O4,de-protonated,0,-9999,C7 H8 O4,7,8,4,-9999,-9999,-9999,-9999,-9999
99,155.07134,155.071367271,155.071367793,17809632,-9999,1711521.3,38.76,-1,-0.003368752,0.999997941,0,0.599998764,3,0.375,1.5,O3,de-protonated,0,-9999,C8 H12 O3,8,12,3,-9999,-9999,-9999,-9999,-9999
101,157.050608,157.050635878,157.050632348,22378570,-9999,1649157.9,49.11,-1,0.022475191,0.999908348,0,0.599945009,3,0.571428571,1.428571429,O4,de-protonated,0,-9999,C7 H10 O4,7,10,4,-9999,-9999,-9999,-9999,-9999
102,157.086988,157.087015889,157.087017858,9392238,-9999,1670305.9,19.46,-1,-0.012530925,0.999971509,0,0.599982905,2,0.375,1.75,O3,de-protonated,0,-9999,C8 H14 O3,8,14,3,-9999,-9999,-9999,-9999,-9999
103,157.123373,157.1234009,157.123403367,6838418.5,-9999,1477552.6,13.63,-1,-0.015698696,0.999955283,0,0.59997317,1,0.222222222,2,O2,de-protonated,0,-9999,C9 H18 O2,9,18,2,-9999,-9999,-9999,-9999,-9999
106,159.066252,159.066280496,159.066282413,57806940,-9999,1637566.3,129.74,-1,-0.012047223,0.999973666,0,0.599984199,2,0.571428571,1.714285714,O4,de-protonated,0,-9999,C7 H12 O4,7,12,4,-9999,-9999,-9999,-9999,-9999
107,159.102637,159.102665508,159.102667922,17342596,-9999,1660853.1,37.53,-1,-0.015175697,0.999958213,0,0.599974928,1,0.375,2,O3,de-protonated,0,-9999,C8 H16 O3,8,16,3,-9999,-9999,-9999,-9999,-9999
109,161.024402,161.024431097,161.0244176,6505645,-9999,1634331.5,12.8,-1,0.083822156,0.998725926,0,0.599235556,7,0.333333333,0.666666667,O3,de-protonated,0,-9999,C9 H6 O3,9,6,3,-9999,-9999,-9999,-9999,-9999
110,161.081908,161.081937115,161.081932477,6170861.5,-9999,1912852.9,12.04,-1,0.028790609000000002,0.999849609,0,0.599909765,1,0.571428571,2,O4,de-protonated,0,-9999,C7 H14 O4,7,14,4,-9999,-9999,-9999,-9999,-9999
111,162.077154,162.07718342,162.077181449,10091858,-9999,1612379.7,20.91,-1,0.0121596,0.999973172,0,0.599983903,1,0.666666667,2.166666667,N1 O4,de-protonated,0,-9999,C6 H13 O4 N1,6,13,4,1,-9999,-9999,-9999,-9999
118,163.040035,163.040064716,163.040067664,16212395,-9999,1680835.6,34.8,-1,-0.018085366,0.999940653,0,0.599964392,6,0.333333333,0.888888889,O3,de-protonated,0,-9999,C9 H8 O3,9,8,3,-9999,-9999,-9999,-9999,-9999
124,165.019304,165.019334323,165.019332219,20323042,-9999,1640100.6,44.02,-1,0.012746996,0.999970518,0,0.599982311,6,0.5,0.75,O4,de-protonated,0,-9999,C8 H6 O4,8,6,4,-9999,-9999,-9999,-9999,-9999
126,165.055687,165.055717334,165.055717729,12825359,-9999,1517250.6,27.04,-1,-0.002391233,0.999998962,0,0.599999377,5,0.333333333,1.111111111,O3,de-protonated,0,-9999,C9 H10 O3,9,10,3,-9999,-9999,-9999,-9999,-9999
127,166.014555,166.014585628,166.014581192,21315494,-9999,1582555.7,46.16,-1,0.026724454,0.999870418,0,0.599922251,6,0.571428571,0.714285714,N1 O4,de-protonated,0,-9999,C7 H5 O4 N1,7,5,4,1,-9999,-9999,-9999,-9999
135,167.034953,167.034983941,167.034982284,14587040,-9999,1710262.6,30.96,-1,0.009922787,0.999982134,0,0.599989281,5,0.5,1,O4,de-protonated,0,-9999,C8 H8 O4,8,8,4,-9999,-9999,-9999,-9999,-9999
138,167.071343,167.071373952,167.071367793,8056014,-9999,1816884.3,16.2,-1,0.036866085,0.999753422,0,0.599852053,4,0.333333333,1.333333333,O3,de-protonated,0,-9999,C9 H12 O3,9,12,3,-9999,-9999,-9999,-9999,-9999
146,169.050592,169.05062356,169.050632348,8519343,-9999,1405097.4,17.2,-1,-0.051987967,0.99950971,0,0.599705826,4,0.5,1.25,O4,de-protonated,0,-9999,C8 H10 O4,8,10,4,-9999,-9999,-9999,-9999,-9999
147,169.086982,169.087013571,169.087017858,10211038,-9999,1627822.4,21.02,-1,-0.025352532,0.99988338,0,0.599930028,3,0.333333333,1.555555556,O3,de-protonated,0,-9999,C9 H14 O3,9,14,3,-9999,-9999,-9999,-9999,-9999
152,171.066254,171.066286178,171.066282413,74811648,-9999,1494862.3,166.18,-1,0.0220111,0.499956047,0.920364685,0.668119502,3,0.5,1.5,O4,de-protonated,0,-9999,C8 H12 O4,8,12,4,-9999,-9999,-9999,-9999,-9999
153,171.102639,171.102671189,171.102667922,10299699,-9999,1702095.7,21.16,-1,0.019094794,0.999933844,0,0.599960306,2,0.333333333,1.777777778,O3,de-protonated,0,-9999,C9 H16 O3,9,16,3,-9999,-9999,-9999,-9999,-9999
158,173.045518,173.045550785,173.045546968,9370465,-9999,1592160.6,19.02,-1,0.022060641,0.999911698,0,0.599947019,3,0.714285714,1.428571429,O5,de-protonated,0,-9999,C7 H10 O5,7,10,5,-9999,-9999,-9999,-9999,-9999
159,173.081902,173.081934796,173.081932477,38974356,-9999,1506432,85.4,-1,0.013400061,0.999967419,0,0.599980452,2,0.5,1.75,O4,de-protonated,0,-9999,C8 H14 O4,8,14,4,-9999,-9999,-9999,-9999,-9999
160,173.118287,173.118319808,173.118317987,20661188,-9999,1423568.1,44.34,-1,0.01051952,0.999979921,0,0.599987953,1,0.333333333,2,O3,de-protonated,0,-9999,C9 H18 O3,9,18,3,-9999,-9999,-9999,-9999,-9999
163,175.06118,175.061213404,175.061197032,6477343,-9999,1642457.5,12.52,-1,0.093518448,0.998414363,0,0.599048618,2,0.714285714,1.714285714,O5,de-protonated,0,-9999,C7 H12 O5,7,12,5,-9999,-9999,-9999,-9999,-9999
165,177.055687,177.055721016,177.055717729,9459941,-9999,1552360.4,19.16,-1,0.018564646,0.999937466,0,0.59996248,6,0.3,1,O3,de-protonated,0,-9999,C10 H10 O3,10,10,3,-9999,-9999,-9999,-9999,-9999
167,179.03494800000001,179.034982623,179.034982284,8584111,-9999,1531959.1,17.15,-1,0.001894124,0.999999349,0,0.599999609,6,0.444444444,0.888888889,O4,de-protonated,0,-9999,C9 H8 O4,9,8,4,-9999,-9999,-9999,-9999,-9999
168,179.071332,179.071366634,179.071367793,17372130,-9999,1415888,36.75,-1,-0.006472686,0.999992398,0,0.599995439,5,0.3,1.2,O3,de-protonated,0,-9999,C10 H12 O3,10,12,3,-9999,-9999,-9999,-9999,-9999
169,180.022129,180.022163926,180.021989048,6754583,-9999,1518294.9,13.06,-1,0.971427311,0.842629544,0,0.505577726,6,0.25,1,N1 P1 O2,de-protonated,0,-9999,C8 H8 O2 N1 P1,8,8,2,1,1,-9999,-9999,-9999
171,181.050592,181.050627241,181.050632348,6536891.5,-9999,1636579.1,12.54,-1,-0.028207222,0.999855641,0,0.599913385,5,0.444444444,1.111111111,O4,de-protonated,0,-9999,C9 H10 O4,9,10,4,-9999,-9999,-9999,-9999,-9999
172,181.06366,181.063695245,181.063519508,11235022,-9999,1471674.8,22.99,-1,0.970584822,0.842879735,0,0.505727841,0,0.666666667,2.5,P1 O4,de-protonated,0,-9999,C6 H15 O4 P1,6,15,4,-9999,1,-9999,-9999,-9999
174,185.081898,185.081934478,185.081932477,12543191,-9999,1531308.2,25.82,-1,0.010811269,0.999978792,0,0.599987275,3,0.444444444,1.555555556,O4,de-protonated,0,-9999,C9 H14 O4,9,14,4,-9999,-9999,-9999,-9999,-9999
175,187.01671,187.016747072,187.016569314,21151584,-9999,1438539.2,44.79,-1,0.950489637,0.848804588,0,0.509282753,4,0.571428571,1.285714286,P1 O4,de-protonated,0,-9999,C7 H9 O4 P1,7,9,4,-9999,1,-9999,-9999,-9999
176,187.061171,187.061208085,187.061197032,8372126,-9999,1277588.8,16.51,-1,0.059088214,0.999366688,0,0.599620013,3,0.625,1.5,O5,de-protonated,0,-9999,C8 H12 O5,8,12,5,-9999,-9999,-9999,-9999,-9999
177,187.097551,187.097588097,187.097582542,29106128,-9999,1437864.6,62.38,-1,0.02968998,0.999840067,0,0.59990404,2,0.444444444,1.777777778,O4,de-protonated,0,-9999,C9 H16 O4,9,16,4,-9999,-9999,-9999,-9999,-9999
179,189.07681,189.076847704,189.076847097,10005116,-9999,1497301.9,20.06,-1,0.003210656,0.99999813,0,0.599998878,2,0.625,1.75,O5,de-protonated,0,-9999,C8 H14 O5,8,14,5,-9999,-9999,-9999,-9999,-9999
181,190.957473,190.957511281,190.95734036,9553020,-9999,1398211.2,19.06,-1,0.89507362,0.864703292,0,0.518821975,4,0.8,1,S1 P1 O4,de-protonated,0,-9999,C5 H5 O4 P1 S1,5,5,4,-9999,1,1,-9999,-9999
182,191.056071,191.056109311,191.056111652,9135362,-9999,1573620.6,18.14,-1,-0.012251907,0.999972763,0,0.599983658,2,0.857142857,1.714285714,O6,de-protonated,0,-9999,C7 H12 O6,7,12,6,-9999,-9999,-9999,-9999,-9999
183,193.086977,193.087015934,193.087017858,8216475.5,-9999,1541814.7,16.05,-1,-0.009961617,0.999981994,0,0.599989197,5,0.272727273,1.272727273,O3,de-protonated,0,-9999,C11 H14 O3,11,14,3,-9999,-9999,-9999,-9999,-9999
184,193.100048,193.100086938,193.099905017,20635564,-9999,1317822.1,43.37,-1,0.942108083,0.851251225,0,0.510750735,0,0.375,2.375,P1 O3,de-protonated,0,-9999,C8 H19 O3 P1,8,19,3,-9999,1,-9999,-9999,-9999
185,194.082228,194.082267239,194.08226683,39978168,-9999,1356330.8,85.91,-1,0.002110905,0.999999191,0,0.599999515,5,0.3,1.3,N1 O3,de-protonated,0,-9999,C10 H13 O3 N1,10,13,3,1,-9999,-9999,-9999,-9999
191,199.061159,199.061199767,199.061197032,8256827.5,-9999,1457085.6,16.03,-1,0.013738346,0.999965754,0,0.599979452,4,0.555555556,1.333333333,O5,de-protonated,0,-9999,C9 H12 O5,9,12,5,-9999,-9999,-9999,-9999,-9999
194,201.07681,201.076851385,201.076847097,10798736,-9999,1406016.1,21.51,-1,0.021328781,0.999917459,0,0.599950476,3,0.555555556,1.555555556,O5,de-protonated,0,-9999,C9 H14 O5,9,14,5,-9999,-9999,-9999,-9999,-9999
195,201.113198,201.113239397,201.113232606,9152186,-9999,1448356.9,17.92,-1,0.03376475,0.999793159,0,0.599875896,2,0.4,1.8,O4,de-protonated,0,-9999,C10 H18 O4,10,18,4,-9999,-9999,-9999,-9999,-9999
199,207.042909,207.042952216,207.042784063,6766496.5,-9999,1642197.1,12.66,-1,0.812165299,0.887199136,0,0.532319482,2,0.714285714,1.857142857,P1 O5,de-protonated,0,-9999,C7 H13 O5 P1,7,13,5,-9999,1,-9999,-9999,-9999
200,207.079297,207.079340227,207.079169572,7729092,-9999,1488718.7,14.75,-1,0.824104032,0.88405994,0,0.530435964,1,0.5,2.125,P1 O4,de-protonated,0,-9999,C8 H17 O4 P1,8,17,4,-9999,1,-9999,-9999,-9999
202,209.154662,209.154705864,209.154703496,7640943.5,-9999,1393700.8,14.54,-1,0.011321388,0.999976743,0,0.599986046,3,0.153846154,1.692307692,O2,de-protonated,0,-9999,C13 H22 O2,13,22,2,-9999,-9999,-9999,-9999,-9999
206,215.128839,215.128884697,215.128882671,6924843,-9999,1236928.7,12.94,-1,0.00941831,0.999983905,0,0.599990343,2,0.363636364,1.818181818,O4,de-protonated,0,-9999,C11 H20 O4,11,20,4,-9999,-9999,-9999,-9999,-9999
207,217.108108,217.108154304,217.108147226,7372629.5,-9999,1348053.7,13.91,-1,0.032602603,0.999807151,0,0.599884291,2,0.5,1.8,O5,de-protonated,0,-9999,C10 H18 O5,10,18,5,-9999,-9999,-9999,-9999,-9999
209,221.058573,221.058620516,221.058434127,6621241.5,-9999,1442316.2,12.26,-1,0.84316432,0.878976953,0,0.527386172,2,0.625,1.875,P1 O5,de-protonated,0,-9999,C8 H15 O5 P1,8,15,5,-9999,1,-9999,-9999,-9999
211,223.074215,223.074263134,223.074084192,11480084,-9999,1311430.4,22.72,-1,0.802166395,0.88980143,0,0.533880858,1,0.625,2.125,P1 O5,de-protonated,0,-9999,C8 H17 O5 P1,8,17,5,-9999,1,-9999,-9999,-9999
212,227.128826,227.128875378,227.128882671,7225995.5,-9999,1321629.8,13.52,-1,-0.032105957,0.999812982,0,0.599887789,3,0.333333333,1.666666667,O4,de-protonated,0,-9999,C12 H20 O4,12,20,4,-9999,-9999,-9999,-9999,-9999
213,229.108117,229.108166986,229.108147226,7263519.5,-9999,1250387.7,13.6,-1,0.08624729,0.998651187,0,0.599190712,3,0.454545455,1.636363636,O5,de-protonated,0,-9999,C11 H18 O5,11,18,5,-9999,-9999,-9999,-9999,-9999
214,229.144488,229.144537997,229.144532735,8320298.5,-9999,1306466.9,15.88,-1,0.02296265,0.99990433,0,0.599942598,2,0.333333333,1.833333333,O4,de-protonated,0,-9999,C12 H22 O4,12,22,4,-9999,-9999,-9999,-9999,-9999
215,231.123749,231.123799604,231.12379729,8783715,-9999,1194942.2,16.87,-1,0.010011532,0.999981813,0,0.599989088,2,0.454545455,1.818181818,O5,de-protonated,0,-9999,C11 H20 O5,11,20,5,-9999,-9999,-9999,-9999,-9999
216,233.154649,233.154700227,233.154703496,30292308,-9999,1168927.4,63.09,-1,-0.014019686,0.999964337,0,0.599978602,5,0.133333333,1.466666667,O2,de-protonated,0,-9999,C15 H22 O2,15,22,2,-9999,-9999,-9999,-9999,-9999
217,235.074213,235.074264816,235.074084192,8219356,-9999,1157839.5,15.63,-1,0.768371372,0.89841218,0,0.539047308,2,0.555555556,1.888888889,P1 O5,de-protonated,0,-9999,C9 H17 O5 P1,9,17,5,-9999,1,-9999,-9999,-9999
218,235.146982,235.147033838,235.146855211,12720874,-9999,1146059.8,25.31,-1,0.75964368,0.900588797,0,0.540353278,0,0.272727273,2.272727273,P1 O3,de-protonated,0,-9999,C11 H25 O3 P1,11,25,3,-9999,1,-9999,-9999,-9999
220,237.089853,237.089905434,237.089734256,9051183,-9999,1221237.7,17.39,-1,0.72199729,0.909749869,0,0.545849921,1,0.555555556,2.111111111,P1 O5,de-protonated,0,-9999,C9 H19 O5 P1,9,19,5,-9999,1,-9999,-9999,-9999
221,238.962891,238.962944009,238.963080645,8437035,-9999,1270379.3,16.07,-1,-0.571786429,0.942402529,0,0.565441517,12,0.076923077,0.307692308,S2 O1,de-protonated,0,-9999,C13 H4 O1 S2,13,4,1,-9999,-9999,2,-9999,-9999
222,239.069112,239.069165042,239.068998811,7327031.5,-9999,1250663.9,13.69,-1,0.695323457,0.916011966,0,0.54960718,1,0.75,2.125,P1 O6,de-protonated,0,-9999,C8 H17 O6 P1,8,17,6,-9999,1,-9999,-9999,-9999
223,239.128823,239.12887606,239.128882671,25099582,-9999,1162067.4,51.84,-1,-0.027644204,0.999861346,0,0.599916808,4,0.307692308,1.538461538,O4,de-protonated,0,-9999,C13 H20 O4,13,20,4,-9999,-9999,-9999,-9999,-9999
224,241.071701,241.071754656,241.071761716,6770180,-9999,1209937,12.47,-1,-0.029286725,0.999844381,0,0.599906629,5,0.545454545,1.272727273,O6,de-protonated,0,-9999,C11 H14 O6,11,14,6,-9999,-9999,-9999,-9999,-9999
225,241.136403,241.136456676,241.136290527,1100381696,-9999,1094351,2355.82,-1,0.689027098,0.609789418,0.987220728,0.760761942,3,0.153846154,1.769230769,P1 O2,de-protonated,0,-9999,C13 H23 O2 P1,13,23,2,-9999,1,-9999,-9999,-9999
226,241.144476,241.144529678,241.144532735,7536138.5,-9999,1186805.3,14.11,-1,-0.012675281,0.999970848,0,0.599982509,3,0.307692308,1.692307692,O4,de-protonated,0,-9999,C13 H22 O4,13,22,4,-9999,-9999,-9999,-9999,-9999
227,242.139764,242.139817984,242.139645362,146439776,-9999,1106919.3,311.75,-1,0.712903517,0.607937601,0.987220728,0.759650852,3,0.153846154,1.769230769,13C1 P1 O2,de-protonated,1,225,C12 H23 O2 P1 13C1,12,23,2,-9999,1,-9999,1,-9999
227,242.139764,242.139817984,242.139781707,146439776,-9999,1106919.3,311.75,-1,0.149816708,0.497967829,0.885121231,0.65282919,3,0.333333333,1.75,N1 O4,de-protonated,0,-9999,C12 H21 O4 N1,12,21,4,1,-9999,-9999,-9999,-9999
228,242.176109,242.176162995,242.176167217,23379548,-9999,1116856.6,48.06,-1,-0.017431997,0.999944864,0,0.599966918,2,0.230769231,1.923076923,N1 O3,de-protonated,0,-9999,C13 H25 O3 N1,13,25,3,1,-9999,-9999,-9999,-9999
229,243.033208,243.033262258,243.033268207,14106261,-9999,1177497.6,28.19,-1,-0.024477191,0.999891294,0,0.599934776,5,0.5,1.2,S1 O5,de-protonated,0,-9999,C10 H12 O5 S1,10,12,5,-9999,-9999,1,-9999,-9999
231,243.160131,243.160185297,243.160182799,17972892,-9999,1267548,36.48,-1,0.010270509,0.99998086,0,0.599988516,2,0.307692308,1.846153846,O4,de-protonated,0,-9999,C13 H24 O4,13,24,4,-9999,-9999,-9999,-9999,-9999
233,245.103013,245.103067893,245.103061845,8896248,-9999,1130252.4,17,-1,0.024674132,0.999889538,0,0.599933723,3,0.545454545,1.636363636,O6,de-protonated,0,-9999,C11 H18 O6,11,18,6,-9999,-9999,-9999,-9999,-9999
234,245.139388,245.139442904,245.139447355,7393017,-9999,1130208,13.78,-1,-0.01815491,0.999940196,0,0.599964118,2,0.416666667,1.833333333,O5,de-protonated,0,-9999,C12 H22 O5,12,22,5,-9999,-9999,-9999,-9999,-9999
235,247.074206,247.074261498,247.074084192,7704360,-9999,1094397.1,14.45,-1,0.71762224,0.910790159,0,0.546474096,3,0.5,1.7,P1 O5,de-protonated,0,-9999,C10 H17 O5 P1,10,17,5,-9999,1,-9999,-9999,-9999
236,247.110589,247.110644509,247.110469701,62127912,-9999,1091120.2,130.86,-1,0.707406977,0.91969809,0.984815114,0.945744899,2,0.363636364,1.909090909,P1 O4,de-protonated,0,-9999,C11 H21 O4 P1,11,21,4,-9999,1,-9999,-9999,-9999
237,248.11393,248.113985817,248.113824536,8593201,-9999,1249368,16.35,-1,0.650025974,0.926197118,0.984815114,0.949644316,2,0.363636364,1.909090909,13C1 P1 O4,de-protonated,1,236,C10 H21 O4 P1 13C1,10,21,4,-9999,1,-9999,1,-9999
237,248.11393,248.113985817,248.113960882,8593201,-9999,1249368,16.35,-1,0.10049741,0.998169096,0,0.598901457,2,0.6,1.9,N1 O6,de-protonated,0,-9999,C10 H19 O6 N1,10,19,6,1,-9999,-9999,-9999,-9999
238,249.089858,249.089914116,249.089734256,8380208.5,-9999,1223824.2,15.89,-1,0.722068338,0.909732933,0,0.54583976,2,0.5,1.9,P1 O5,de-protonated,0,-9999,C10 H19 O5 P1,10,19,5,-9999,1,-9999,-9999,-9999
240,249.126232,249.126288127,249.126119766,8929073,-9999,1171725.2,17.07,-1,0.675808784,0.920470071,0,0.552282043,1,0.363636364,2.090909091,P1 O4,de-protonated,0,-9999,C11 H23 O4 P1,11,23,4,-9999,1,-9999,-9999,-9999
241,249.149558,249.149614134,249.149618115,18988848,-9999,1120222.5,38.59,-1,-0.015978364,0.999953676,0,0.599972205,5,0.2,1.466666667,O3,de-protonated,0,-9999,C15 H22 O3,15,22,3,-9999,-9999,-9999,-9999,-9999
243,251.069108,251.069164723,251.068998811,10919703,-9999,1158504.4,21.29,-1,0.660822107,0.923821807,0,0.554293084,2,0.666666667,1.888888889,P1 O6,de-protonated,0,-9999,C9 H17 O6 P1,9,17,6,-9999,1,-9999,-9999,-9999
244,251.105494,251.105550735,251.105384321,9297686,-9999,1215289.9,17.82,-1,0.66272477,0.923399777,0,0.554039866,1,0.5,2.1,P1 O5,de-protonated,0,-9999,C10 H21 O5 P1,10,21,5,-9999,1,-9999,-9999,-9999
245,251.141881,251.141937746,251.14176983,6803221.5,-9999,1112267.7,12.5,-1,0.668608699,0.922088213,0,0.553252928,0,0.363636364,2.272727273,P1 O4,de-protonated,0,-9999,C11 H25 O4 P1,11,25,4,-9999,1,-9999,-9999,-9999
246,252.978541,252.978598309,252.978730709,9527012,-9999,1135701.3,18.31,-1,-0.52336507,0.951514084,0,0.57090845,12,0.071428571,0.428571429,S2 O1,de-protonated,0,-9999,C14 H6 O1 S2,14,6,1,-9999,-9999,2,-9999,-9999
247,253.084762,253.084819342,253.084648876,17202912,-9999,1147512.3,34.7,-1,0.673552896,0.920978616,0,0.55258717,1,0.666666667,2.111111111,P1 O6,de-protonated,0,-9999,C9 H19 O6 P1,9,19,6,-9999,1,-9999,-9999,-9999
248,253.144477,253.14453436,253.144532735,31751902,-9999,1060382.1,65.77,-1,0.006419609,0.999992522,0,0.599995513,4,0.285714286,1.571428571,O4,de-protonated,0,-9999,C14 H22 O4,14,22,4,-9999,-9999,-9999,-9999,-9999
249,255.123741,255.123798967,255.12379729,6880913,-9999,1029886.7,12.66,-1,0.006574171,0.999992158,0,0.599995295,4,0.384615385,1.538461538,O5,de-protonated,0,-9999,C13 H20 O5,13,20,5,-9999,-9999,-9999,-9999,-9999
250,257.048854,257.048912558,257.048918271,14196277,-9999,1080443.6,28.23,-1,-0.022225955,0.99991037,0,0.599946222,5,0.454545455,1.272727273,S1 O5,de-protonated,0,-9999,C11 H14 O5 S1,11,14,5,-9999,-9999,1,-9999,-9999
251,257.131315,257.131373583,257.131205146,26639920,-9999,1072554,54.75,-1,0.655063207,0.925092962,0,0.555055777,3,0.230769231,1.769230769,P1 O3,de-protonated,0,-9999,C13 H23 O3 P1,13,23,3,-9999,1,-9999,-9999,-9999
252,259.110582,259.110641191,259.110469701,8846791,-9999,1077502.5,16.83,-1,0.661838681,0.923596448,0,0.554157869,3,0.333333333,1.75,P1 O4,de-protonated,0,-9999,C12 H21 O4 P1,12,21,4,-9999,1,-9999,-9999,-9999
254,259.129886,259.129945196,259.129945299,6888902,-9999,1228249.6,12.66,-1,-3.95655e-4,0.999999972,0,0.599999983,3,0.454545455,1.818181818,N2 O5,de-protonated,0,-9999,C11 H20 O5 N2,11,20,5,2,-9999,-9999,-9999,-9999
256,261.126229,261.126288809,261.126119766,13909333,-9999,1042404.6,27.56,-1,0.647362595,0.926778011,0,0.556066807,2,0.333333333,1.916666667,P1 O4,de-protonated,0,-9999,C12 H23 O4 P1,12,23,4,-9999,1,-9999,-9999,-9999
257,261.162611,261.16267082,261.162505275,89750864,-9999,1038092.4,188.87,-1,0.633877725,0.924714984,0.969822947,0.942758169,1,0.230769231,2.076923077,P1 O3,de-protonated,0,-9999,C13 H27 O3 P1,13,27,3,-9999,1,-9999,-9999,-9999
258,262.165978,262.166038128,262.16586011,16268570,-9999,1086350.5,32.58,-1,0.679027631,0.919741991,0.969822947,0.939774374,1,0.230769231,2.076923077,13C1 P1 O3,de-protonated,1,257,C12 H27 O3 P1 13C1,12,27,3,-9999,1,-9999,1,-9999
258,262.165978,262.166038128,262.165996456,16268570,-9999,1086350.5,32.58,-1,0.158953654,0.995425963,0,0.597255578,1,0.416666667,2.083333333,N1 O5,de-protonated,0,-9999,C12 H25 O5 N1,12,25,5,1,-9999,-9999,-9999,-9999
260,262.975941,262.976001376,262.975967805,14499052,-9999,1102566.6,28.82,-1,0.127661528,0.997047214,0,0.598228329,9,0.083333333,0.75,S2 P1 O1,de-protonated,0,-9999,C12 H9 O1 P1 S2,12,9,1,-9999,1,2,-9999,-9999
261,263.069128,263.069188405,263.068998811,10206439,-9999,1167590.3,19.69,-1,0.720699189,0.910059064,0,0.546035438,3,0.6,1.7,P1 O6,de-protonated,0,-9999,C10 H17 O6 P1,10,17,6,-9999,1,-9999,-9999,-9999
262,263.10549,263.105550416,263.105384321,23100646,-9999,1057929.1,47.11,-1,0.631288564,0.930240724,0,0.558144434,2,0.454545455,1.909090909,P1 O5,de-protonated,0,-9999,C11 H21 O5 P1,11,21,5,-9999,1,-9999,-9999,-9999
263,263.141864,263.141924427,263.14176983,7183587,-9999,1356224.2,13.26,-1,0.587505473,0.93929159,0,0.563574954,1,0.333333333,2.083333333,P1 O4,de-protonated,0,-9999,C12 H25 O4 P1,12,25,4,-9999,1,-9999,-9999,-9999
265,263.178257,263.178317439,263.178155339,18414816,-9999,1072892.1,37.15,-1,0.615928953,0.933479841,0,0.560087905,0,0.230769231,2.230769231,P1 O3,de-protonated,0,-9999,C13 H29 O3 P1,13,29,3,-9999,1,-9999,-9999,-9999
266,264.137126,264.137186733,264.137018802,6786220.5,-9999,1117062.5,12.41,-1,0.635769959,0.92928279,0,0.557569674,1,0.363636364,2.181818182,N1 P1 O4,de-protonated,0,-9999,C11 H24 O4 N1 P1,11,24,4,1,1,-9999,-9999,-9999
269,265.084752,265.084813023,265.084648876,12106874,-9999,1042135.9,23.73,-1,0.619226949,0.932790125,0,0.559674075,2,0.6,1.9,P1 O6,de-protonated,0,-9999,C10 H19 O6 P1,10,19,6,-9999,1,-9999,-9999,-9999
270,265.121145,265.121206035,265.121034385,19577976,-9999,1055069.7,39.62,-1,0.64743778,0.926761641,0,0.556056984,1,0.454545455,2.090909091,P1 O5,de-protonated,0,-9999,C11 H23 O5 P1,11,23,5,-9999,1,-9999,-9999,-9999
271,265.147827,265.147888043,265.147904038,16268407,-9999,1060362.3,32.58,-1,-0.060326858,0.999339866,0,0.59960392,0,0.333333333,2.166666667,S1 O4,de-protonated,0,-9999,C12 H26 O4 S1,12,26,4,-9999,-9999,1,-9999,-9999
273,267.10040299999997,267.100464642,267.10029894,23886874,-9999,1053501.7,48.68,-1,0.620371865,0.932549945,0,0.559529967,1,0.6,2.1,P1 O6,de-protonated,0,-9999,C10 H21 O6 P1,10,21,6,-9999,1,-9999,-9999,-9999
275,269.079676,269.079738249,269.079563495,11598794,-9999,1045823.6,22.6,-1,0.649449738,0.926322968,0,0.555793781,1,0.777777778,2.111111111,P1 O7,de-protonated,0,-9999,C9 H19 O7 P1,9,19,7,-9999,1,-9999,-9999,-9999
277,269.102999,269.103061256,269.103061845,7142345.5,-9999,973601.3,13.14,-1,-0.00218865,0.999999131,0,0.599999478,5,0.461538462,1.384615385,O6,de-protonated,0,-9999,C13 H18 O6,13,18,6,-9999,-9999,-9999,-9999,-9999
278,269.131129,269.131191265,269.131205146,17169352,-9999,1119270.4,34.43,-1,-0.051577824,0.999517414,0,0.599710448,4,0.214285714,1.642857143,P1 O3,de-protonated,0,-9999,C14 H23 O3 P1,14,23,3,-9999,1,-9999,-9999,-9999
279,269.139387,269.139449267,269.139447355,15014856,-9999,997435.1,29.85,-1,0.007107251,0.999990835,0,0.599994501,4,0.357142857,1.571428571,O5,de-protonated,0,-9999,C14 H22 O5,14,22,5,-9999,-9999,-9999,-9999,-9999
281,271.064501,271.064563858,271.064568336,8731537,-9999,1038286.3,16.52,-1,-0.016518364,0.999950492,0,0.599970295,5,0.416666667,1.333333333,S1 O5,de-protonated,0,-9999,C12 H16 O5 S1,12,16,5,-9999,-9999,1,-9999,-9999
282,271.146945,271.147007883,271.146855211,14334863,-9999,1047524.1,28.41,-1,0.563063145,0.944096861,0,0.566458117,3,0.214285714,1.785714286,P1 O3,de-protonated,0,-9999,C14 H25 O3 P1,14,25,3,-9999,1,-9999,-9999,-9999
284,273.089829,273.089892479,273.089734256,8534900,-9999,1074885.5,16.07,-1,0.579381457,0.940908655,0,0.564545193,4,0.416666667,1.583333333,P1 O5,de-protonated,0,-9999,C12 H19 O5 P1,12,19,5,-9999,1,-9999,-9999,-9999
285,273.126231,273.126294491,273.126119766,9862004,-9999,1048508,18.88,-1,0.639722582,0.928433089,0,0.557059853,3,0.307692308,1.769230769,P1 O4,de-protonated,0,-9999,C13 H23 O4 P1,13,23,4,-9999,1,-9999,-9999,-9999
286,273.134285,273.134348493,273.134361974,7453555.5,-9999,1154174.4,13.78,-1,-0.049356926,0.999558069,0,0.599734842,3,0.461538462,1.692307692,O6,de-protonated,0,-9999,C13 H22 O6,13,22,6,-9999,-9999,-9999,-9999,-9999
288,275.105489,275.105553098,275.105384321,30243706,-9999,997063.5,62.06,-1,0.613499745,0.933985834,0,0.5603915,3,0.416666667,1.75,P1 O5,de-protonated,0,-9999,C12 H21 O5 P1,12,21,5,-9999,1,-9999,-9999,-9999
291,277.084732,277.084796705,277.084648876,8280997,-9999,1048226.7,15.53,-1,0.53351644,0.949663549,0,0.569798129,3,0.545454545,1.727272727,P1 O6,de-protonated,0,-9999,C11 H19 O6 P1,11,19,6,-9999,1,-9999,-9999,-9999
293,277.121134,277.121198716,277.121034385,17742758,-9999,975523.1,35.57,-1,0.592993723,0.938188024,0,0.562912814,2,0.416666667,1.916666667,P1 O5,de-protonated,0,-9999,C12 H23 O5 P1,12,23,5,-9999,1,-9999,-9999,-9999
294,277.157523,277.157587727,277.157419895,7650215.5,-9999,1013035.8,14.2,-1,0.605550623,0.935629512,0,0.561377707,1,0.307692308,2.076923077,P1 O4,de-protonated,0,-9999,C13 H27 O4 P1,13,27,4,-9999,1,-9999,-9999,-9999
295,277.184214,277.184278736,277.184289548,39943080,-9999,1015191.4,82.6,-1,-0.039006767,0.999723959,0,0.599834375,0,0.214285714,2.142857143,S1 O3,de-protonated,0,-9999,C14 H30 O3 S1,14,30,3,-9999,-9999,1,-9999,-9999
296,277.193891,277.193955739,277.193805404,7248808.5,-9999,1098125.3,13.34,-1,0.542344934,0.948028268,0,0.568816961,0,0.214285714,2.214285714,P1 O3,de-protonated,0,-9999,C14 H31 O3 P1,14,31,3,-9999,1,-9999,-9999,-9999
297,278.152774,278.152839033,278.152668867,59079628,-9999,989086.9,123.14,-1,0.611771935,0.9347674,0.992689632,0.957936293,1,0.333333333,2.166666667,N1 P1 O4,de-protonated,0,-9999,C12 H26 O4 N1 P1,12,26,4,1,1,-9999,-9999,-9999
299,279.100401,279.100466324,279.10029894,19741690,-9999,986487.6,39.73,-1,0.599724092,0.936822485,0,0.562093491,2,0.545454545,1.909090909,P1 O6,de-protonated,0,-9999,C11 H21 O6 P1,11,21,6,-9999,1,-9999,-9999,-9999
300,279.136788,279.136853335,279.13668445,16940028,-9999,994184.7,33.8,-1,0.605026127,0.935737312,0,0.561442387,1,0.416666667,2.083333333,P1 O5,de-protonated,0,-9999,C12 H25 O5 P1,12,25,5,-9999,1,-9999,-9999,-9999
301,279.156128,279.156193341,279.156023702,8223740.5,-9999,1130089.6,15.38,-1,0.6076844,0.935190123,0.992689632,0.958189926,1,0.333333333,2.166666667,13C1 N1 P1 O4,de-protonated,1,297,C11 H26 O4 N1 P1 13C1,11,26,4,1,1,-9999,1,-9999
301,279.156128,279.156193341,279.156160047,8223740.5,-9999,1130089.6,15.38,-1,0.1192635,0.997422441,0,0.598453465,1,0.545454545,2.181818182,N2 O6,de-protonated,0,-9999,C11 H24 O6 N2,11,24,6,2,-9999,-9999,-9999,-9999
303,281.116061,281.116126942,281.115949005,24706166,-9999,995406.5,50.22,-1,0.632967034,0.929882616,0,0.55792957,1,0.545454545,2.090909091,P1 O6,de-protonated,0,-9999,C11 H23 O6 P1,11,23,6,-9999,1,-9999,-9999,-9999
305,283.095323,283.095389549,283.09521356,6941971.5,-9999,995715.1,12.67,-1,0.621661046,0.932279045,0,0.559367427,1,0.7,2.1,P1 O7,de-protonated,0,-9999,C10 H21 O7 P1,10,21,7,-9999,1,-9999,-9999,-9999
307,285.085861,285.08592816,285.085711504,8478166,-9999,1086309.6,15.88,-1,0.759966443,0.900508652,0,0.540305191,1,0.875,2.375,N2 P1 O7,de-protonated,0,-9999,C8 H19 O7 N2 P1,8,19,7,2,1,-9999,-9999,-9999
308,285.089832,285.089899161,285.089734256,38043096,-9999,983119.9,78.25,-1,0.578431183,0.941096514,0,0.564657908,5,0.384615385,1.461538462,P1 O5,de-protonated,0,-9999,C13 H19 O5 P1,13,19,5,-9999,1,-9999,-9999,-9999
309,285.097903,285.097970164,285.097976465,7740887.5,-9999,1140540.4,14.33,-1,-0.022101951,0.999911367,0,0.59994682,5,0.538461538,1.384615385,O7,de-protonated,0,-9999,C13 H18 O7,13,18,7,-9999,-9999,-9999,-9999,-9999
310,285.126023,285.126090172,285.126119766,19496410,-9999,1058576.6,39.12,-1,-0.103790751,0.99804725,0,0.59882835,4,0.285714286,1.642857143,P1 O4,de-protonated,0,-9999,C14 H23 O4 P1,14,23,4,-9999,1,-9999,-9999,-9999
311,285.134272,285.134339175,285.134361974,7159259.5,-9999,1027784.2,13.1,-1,-0.079960244,0.998840555,0,0.599304333,4,0.428571429,1.571428571,O6,de-protonated,0,-9999,C14 H22 O6,14,22,6,-9999,-9999,-9999,-9999,-9999
312,286.09321,286.093277469,286.093225437,7224902,-9999,988942.9,13.24,-1,0.181870591,0.994016212,0,0.596409727,5,0.583333333,1.416666667,N1 O7,de-protonated,0,-9999,C12 H17 O7 N1,12,17,7,1,-9999,-9999,-9999,-9999
315,287.105499,287.10556678,287.105384321,6831806.5,-9999,1009894.8,12.41,-1,0.635511417,0.929338213,0,0.557602928,4,0.384615385,1.615384615,P1 O5,de-protonated,0,-9999,C13 H21 O5 P1,13,21,5,-9999,1,-9999,-9999,-9999
316,287.141868,287.141935791,287.14176983,22101700,-9999,1031022.3,44.62,-1,0.577974281,0.941186742,0,0.564712045,3,0.285714286,1.785714286,P1 O4,de-protonated,0,-9999,C14 H25 O4 P1,14,25,4,-9999,1,-9999,-9999,-9999
317,287.149927,287.149994793,287.150012039,8847044,-9999,1016148.1,16.66,-1,-0.060057318,0.99934575,0,0.59960745,3,0.428571429,1.714285714,O6,de-protonated,0,-9999,C14 H24 O6,14,24,6,-9999,-9999,-9999,-9999,-9999
318,289.121132,289.121200398,289.121034385,110657480,-9999,943893.3,231.43,-1,0.57419792,0.945574772,0.987838568,0.96248029,3,0.384615385,1.769230769,P1 O5,de-protonated,0,-9999,C13 H23 O5 P1,13,23,5,-9999,1,-9999,-9999,-9999
319,289.15754,289.157608409,289.157419895,7454669.5,-9999,1060016,13.72,-1,0.651944248,0.925777484,0,0.55546649,2,0.285714286,1.928571429,P1 O4,de-protonated,0,-9999,C14 H27 O4 P1,14,27,4,-9999,1,-9999,-9999,-9999
320,290.124476,290.124544706,290.12438922,17334360,-9999,984224.4,34.56,-1,0.535926877,0.949219454,0.987838568,0.9646671,3,0.384615385,1.769230769,13C1 P1 O5,de-protonated,1,318,C12 H23 O5 P1 13C1,12,23,5,-9999,1,-9999,1,-9999
320,290.124476,290.124544706,290.124525566,17334360,-9999,984224.4,34.56,-1,0.065971113,0.999210613,0,0.599526368,3,0.583333333,1.75,N1 O7,de-protonated,0,-9999,C12 H21 O7 N1,12,21,7,1,-9999,-9999,-9999,-9999
321,291.100398,291.100467005,291.10029894,11944173,-9999,1009650.6,23.19,-1,0.577343398,0.941311225,0,0.564786735,3,0.5,1.75,P1 O6,de-protonated,0,-9999,C12 H21 O6 P1,12,21,6,-9999,1,-9999,-9999,-9999
323,291.136776,291.136845016,291.13668445,10641650,-9999,1003395.4,20.44,-1,0.551516368,0.946304101,0,0.56778246,2,0.384615385,1.923076923,P1 O5,de-protonated,0,-9999,C13 H25 O5 P1,13,25,5,-9999,1,-9999,-9999,-9999
324,291.199857,291.199926036,291.199939612,14680316,-9999,1017093.6,28.96,-1,-0.046622433,0.999605672,0,0.599763403,0,0.2,2.133333333,S1 O3,de-protonated,0,-9999,C15 H32 O3 S1,15,32,3,-9999,-9999,1,-9999,-9999
325,291.209551,291.209620039,291.209455468,423526656,-9999,934702.6,891.44,-1,0.565126823,0.943729316,0.989470503,0.962025791,0,0.2,2.2,P1 O3,de-protonated,0,-9999,C15 H33 O3 P1,15,33,3,-9999,1,-9999,-9999,-9999
326,292.13202,292.132089322,292.131933422,7930257,-9999,1072622.5,14.69,-1,0.533662277,0.949636731,0,0.569782039,2,0.416666667,2,N1 P1 O5,de-protonated,0,-9999,C12 H24 O5 N1 P1,12,24,5,1,1,-9999,-9999,-9999
327,292.212906,292.212975347,292.212810303,74809760,-9999,958923.9,155.46,-1,0.564804256,0.943760522,0.989470503,0.962044514,0,0.2,2.2,13C1 P1 O3,de-protonated,1,325,C14 H33 O3 P1 13C1,14,33,3,-9999,1,-9999,1,-9999
327,292.212906,292.212975347,292.212946649,74809760,-9999,958923.9,155.46,-1,0.098207213,0.49912576,0.86849267,0.646872524,0,0.357142857,2.214285714,N1 O5,de-protonated,0,-9999,C14 H31 O5 N1,14,31,5,1,-9999,-9999,-9999,-9999
328,293.079696,293.079765612,293.079563495,7127599.5,-9999,948275.2,13,-1,0.689631793,0.917323081,0,0.550393848,3,0.636363636,1.727272727,P1 O7,de-protonated,0,-9999,C11 H19 O7 P1,11,19,7,-9999,1,-9999,-9999,-9999
329,293.116036,293.116105624,293.115949005,13550133,-9999,943885.5,26.52,-1,0.534323651,0.949515029,0,0.569709018,2,0.5,1.916666667,P1 O6,de-protonated,0,-9999,C12 H23 O6 P1,12,23,6,-9999,1,-9999,-9999,-9999
330,293.152428,293.152497635,293.152334514,9683516,-9999,969964.1,18.38,-1,0.556436297,0.945368588,0,0.567221153,1,0.384615385,2.076923077,P1 O5,de-protonated,0,-9999,C13 H27 O5 P1,13,27,5,-9999,1,-9999,-9999,-9999
331,293.175751,293.175820642,293.175832864,67011136,-9999,951471.8,139.05,-1,-0.041688378,0.999251413,0.981733953,0.992244429,5,0.235294118,1.529411765,O4,de-protonated,0,-9999,C17 H26 O4,17,26,4,-9999,-9999,-9999,-9999,-9999
333,294.179094,294.17916395,294.179187699,14074607,-9999,961723.1,27.62,-1,-0.080730606,0.99881812,0.981733953,0.991984453,5,0.235294118,1.529411765,13C1 O4,de-protonated,1,331,C16 H26 O4 13C1,16,26,4,-9999,-9999,-9999,1,-9999
335,295.095299,295.095369231,295.09521356,9831317,-9999,975697.6,18.69,-1,0.527527778,0.950759111,0,0.570455467,2,0.636363636,1.909090909,P1 O7,de-protonated,0,-9999,C11 H21 O7 P1,11,21,7,-9999,1,-9999,-9999,-9999
336,295.131679,295.131749242,295.131599069,8438684,-9999,1045997.2,15.76,-1,0.508833126,0.95410735,0,0.57246441,1,0.5,2.083333333,P1 O6,de-protonated,0,-9999,C12 H25 O6 P1,12,25,6,-9999,1,-9999,-9999,-9999
338,297.110967,297.111037849,297.110863624,8234264,-9999,999084.9,15.33,-1,0.586396869,0.939513417,0,0.56370805,1,0.636363636,2.090909091,P1 O7,de-protonated,0,-9999,C11 H23 O7 P1,11,23,7,-9999,1,-9999,-9999,-9999
339,297.152902,297.152972862,297.152989419,181962016,-9999,933467.1,381,-1,-0.055717576,0.999095429,0.986979659,0.994249121,4,0.1875,1.625,S1 O3,de-protonated,0,-9999,C16 H26 O3 S1,16,26,3,-9999,-9999,1,-9999,-9999
340,298.156252,298.15632317,298.156344254,34702828,-9999,938752.5,71.04,-1,-0.070714179,0.998980835,0.986979659,0.994180364,4,0.1875,1.625,13C1 S1 O3,de-protonated,1,339,C15 H26 O3 S1 13C1,15,26,3,-9999,-9999,1,1,-9999
340,298.156252,298.15632317,298.156100477,34702828,-9999,938752.5,71.04,-1,0.746900763,0.451865694,0.844689208,0.608995099,9,0.117647059,1.235294118,N3 O2,de-protonated,0,-9999,C17 H21 O2 N3,17,21,2,3,-9999,-9999,-9999,-9999
341,299.105472,299.105543461,299.105384321,10340017,-9999,970658.3,19.71,-1,0.53205463,0.949931996,0,0.569959197,5,0.357142857,1.5,P1 O5,de-protonated,0,-9999,C14 H21 O5 P1,14,21,5,-9999,1,-9999,-9999,-9999
342,299.148689,299.148760474,299.148785248,7046842.5,-9999,1040579.1,12.8,-1,-0.082814731,0.998868592,0.986979659,0.994113018,4,0.1875,1.625,34S1 O3,de-protonated,1,339,C16 H26 O3 34S1,16,26,3,-9999,-9999,-9999,-9999,1
343,301.121139,301.12121108,301.121034385,9939048,-9999,1045694.7,18.87,-1,0.586788506,0.939435094,0,0.563661057,4,0.357142857,1.642857143,P1 O5,de-protonated,0,-9999,C14 H23 O5 P1,14,23,5,-9999,1,-9999,-9999,-9999
344,303.100393,303.100465687,303.10029894,6867504,-9999,1041537.8,12.42,-1,0.550136368,0.946565177,0,0.567939106,4,0.461538462,1.615384615,P1 O6,de-protonated,0,-9999,C13 H21 O6 P1,13,21,6,-9999,1,-9999,-9999,-9999
345,303.136778,303.136850698,303.13668445,16697912,-9999,961910.7,33.06,-1,0.548426895,0.946887778,0,0.568132667,3,0.357142857,1.785714286,P1 O5,de-protonated,0,-9999,C14 H25 O5 P1,14,25,5,-9999,1,-9999,-9999,-9999
347,305.116039,305.116112305,305.115949005,16010263,-9999,951056.2,31.62,-1,0.535207841,0.949352116,0,0.569611269,3,0.461538462,1.769230769,P1 O6,de-protonated,0,-9999,C13 H23 O6 P1,13,23,6,-9999,1,-9999,-9999,-9999
349,305.152417,305.152490316,305.152334514,12053536,-9999,946325.8,23.31,-1,0.510572071,0.953800508,0,0.572280305,2,0.357142857,1.928571429,P1 O5,de-protonated,0,-9999,C14 H27 O5 P1,14,27,5,-9999,1,-9999,-9999,-9999
350,305.188804,305.188877328,305.188720024,43191336,-9999,920558.5,88.7,-1,0.515432133,0.476468958,0.860410506,0.630045577,1,0.266666667,2.066666667,P1 O4,de-protonated,0,-9999,C15 H31 O4 P1,15,31,4,-9999,1,-9999,-9999,-9999
352,307.13168,307.131753924,307.131599069,11636243,-9999,938099.5,22.38,-1,0.504195589,0.954921014,0,0.572952608,2,0.461538462,1.923076923,P1 O6,de-protonated,0,-9999,C13 H25 O6 P1,13,25,6,-9999,1,-9999,-9999,-9999
353,307.168066,307.168139935,307.167984579,8343068.5,-9999,1000264.3,15.48,-1,0.505769543,0.954645618,0,0.572787371,1,0.357142857,2.071428571,P1 O5,de-protonated,0,-9999,C14 H29 O5 P1,14,29,5,-9999,1,-9999,-9999,-9999
355,307.204451,307.204524946,307.204370088,10522150,-9999,932574.2,20.04,-1,0.50408796,0.954939818,0,0.572963891,0,0.266666667,2.2,P1 O4,de-protonated,0,-9999,C15 H33 O4 P1,15,33,4,-9999,1,-9999,-9999,-9999
356,308.199696,308.199770251,308.19961906,15257385,-9999,860539.9,29.96,-1,0.490562484,0.957273722,0,0.574364233,0,0.285714286,2.285714286,N1 P1 O4,de-protonated,0,-9999,C14 H32 O4 N1 P1,14,32,4,1,1,-9999,-9999,-9999
357,309.110912,309.110986531,309.110863624,8638491,-9999,860296.8,16.1,-1,0.397613093,0.971721204,0,0.583032723,2,0.583333333,1.916666667,P1 O7,de-protonated,0,-9999,C12 H23 O7 P1,12,23,7,-9999,1,-9999,-9999,-9999
358,309.147336,309.147410542,309.147249134,8802341,-9999,922178.8,16.44,-1,0.522108322,0.951740957,0,0.571044574,1,0.461538462,2.076923077,P1 O6,de-protonated,0,-9999,C13 H27 O6 P1,13,27,6,-9999,1,-9999,-9999,-9999
359,309.170649,309.170723549,309.170747484,67211304,-9999,894664.6,138.79,-1,-0.077414426,0.999169142,0.990031396,0.995514044,5,0.294117647,1.529411765,O5,de-protonated,0,-9999,C17 H26 O5,17,26,5,-9999,-9999,-9999,-9999,-9999
360,310.17401,310.174084857,310.174102319,13308218,-9999,893056.2,25.88,-1,-0.056295833000000003,0.999425114,0.990031396,0.995667627,5,0.294117647,1.529411765,13C1 O5,de-protonated,1,359,C16 H26 O5 13C1,16,26,5,-9999,-9999,-9999,1,-9999
361,311.14183,311.141905154,311.14176983,10310211,-9999,937648.2,19.6,-1,0.434926731,0.966259292,0,0.579755575,5,0.25,1.5625,P1 O4,de-protonated,0,-9999,C16 H25 O4 P1,16,25,4,-9999,1,-9999,-9999,-9999
363,311.168545,311.168620162,311.168639483,357732928,-9999,890026.9,747.37,-1,-0.062091832,0.999286435,0.9925708,0.996600181,4,0.176470588,1.647058824,S1 O3,de-protonated,0,-9999,C17 H28 O3 S1,17,28,3,-9999,-9999,1,-9999,-9999
364,312.1719,312.17197547,312.171994318,68195168,-9999,879474.8,140.85,-1,-0.060377826,0.999299123,0.9925708,0.996607794,4,0.176470588,1.647058824,13C1 S1 O3,de-protonated,1,363,C16 H28 O3 S1 13C1,16,28,3,-9999,-9999,1,1,-9999
364,312.1719,312.17197547,312.171750541,68195168,-9999,879474.8,140.85,-1,0.72052847,0.455049847,0.837042051,0.607846729,9,0.111111111,1.277777778,N3 O2,de-protonated,0,-9999,C18 H23 O2 N3,18,23,2,3,-9999,-9999,-9999,-9999
365,313.164339,313.164414775,313.164435313,17634428,-9999,920273.4,34.94,-1,-0.065583152,0.999259495,0.9925708,0.996584017,4,0.176470588,1.647058824,34S1 O3,de-protonated,1,363,C17 H28 O3 34S1,17,28,3,-9999,-9999,-9999,-9999,1
368,317.225186,317.22526302,317.225105533,18241826,-9999,878143.4,36.12,-1,0.496453609,0.956264275,0,0.573758565,1,0.176470588,2.058823529,P1 O3,de-protonated,0,-9999,C17 H35 O3 P1,17,35,3,-9999,1,-9999,-9999,-9999
369,319.131673,319.131750605,319.131599069,23731044,-9999,892255.8,47.58,-1,0.474838779,0.959914008,0,0.575948405,3,0.428571429,1.785714286,P1 O6,de-protonated,0,-9999,C14 H25 O6 P1,14,25,6,-9999,1,-9999,-9999,-9999
370,319.240426,319.240503639,319.240755597,22322054,-9999,1426018.3,44.64,-1,-0.789243293,0.893128073,0,0.535876844,0,0.176470588,2.176470588,P1 O3,de-protonated,0,-9999,C17 H37 O3 P1,17,37,3,-9999,1,-9999,-9999,-9999
371,319.240831,319.240908639,319.240755597,305830784,-9999,858601.4,637,-1,0.479392109,0.959677588,0.986967313,0.970593478,0,0.176470588,2.176470588,P1 O3,de-protonated,0,-9999,C17 H37 O3 P1,17,37,3,-9999,1,-9999,-9999,-9999
372,320.244184,320.244261947,320.244110432,61906108,-9999,860402.8,127.34,-1,0.473121154,0.960197648,0.986967313,0.970905514,0,0.176470588,2.176470588,13C1 P1 O3,de-protonated,1,371,C16 H37 O3 P1 13C1,16,37,3,-9999,1,-9999,1,-9999
372,320.244184,320.244261947,320.244246778,61906108,-9999,860402.8,127.34,-1,0.047365857,0.499796499,0.85247738,0.640868852,0,0.3125,2.1875,N1 O5,de-protonated,0,-9999,C16 H35 O5 N1,16,35,5,1,-9999,-9999,-9999,-9999
374,321.110911,321.110989213,321.110863624,7765450,-9999,886012.1,14.22,-1,0.39110539,0.972626619,0,0.583575971,3,0.538461538,1.769230769,P1 O7,de-protonated,0,-9999,C13 H23 O7 P1,13,23,7,-9999,1,-9999,-9999,-9999
375,321.128726,321.128804218,321.128488747,9002448,-9999,962529.6,16.81,-1,0.982381372,0.839363631,0,0.503618178,16,0.041666667,0.75,O1,de-protonated,0,-9999,C24 H18 O1,24,18,1,-9999,-9999,-9999,-9999,-9999
376,321.147306,321.147384224,321.147249134,14736853,-9999,891442.9,28.79,-1,0.420648179,0.968403521,0,0.581042113,2,0.428571429,1.928571429,P1 O6,de-protonated,0,-9999,C14 H27 O6 P1,14,27,6,-9999,1,-9999,-9999,-9999
377,321.183706,321.183784235,321.183634643,6782433,-9999,897176.2,12.17,-1,0.465751698,0.961403876,0,0.576842326,1,0.333333333,2.066666667,P1 O5,de-protonated,0,-9999,C15 H31 O5 P1,15,31,5,-9999,1,-9999,-9999,-9999
380,322.106188,322.106266518,322.106112597,13360899,-9999,858309.4,25.84,-1,0.477859127,0.959412953,0,0.575647772,3,0.583333333,1.833333333,N1 P1 O7,de-protonated,0,-9999,C12 H22 O7 N1 P1,12,22,7,1,1,-9999,-9999,-9999
383,323.126584,323.126662831,323.126513689,12427334,-9999,893403.8,23.9,-1,0.461559613,0.962082249,0,0.577249349,2,0.538461538,1.923076923,P1 O7,de-protonated,0,-9999,C13 H25 O7 P1,13,25,7,-9999,1,-9999,-9999,-9999
384,323.162972,323.163050842,323.162899198,52666448,-9999,836599.3,107.75,-1,0.469249295,0.960325278,0.998303367,0.975516514,1,0.428571429,2.071428571,P1 O6,de-protonated,0,-9999,C14 H29 O6 P1,14,29,6,-9999,1,-9999,-9999,-9999
385,324.166329,324.16640815,324.166254033,7856530,-9999,830259.3,14.37,-1,0.475424958,0.959816993,0.998303367,0.975211543,1,0.428571429,2.071428571,13C1 P1 O6,de-protonated,1,384,C13 H29 O6 P1 13C1,13,29,6,-9999,1,-9999,1,-9999
385,324.166329,324.16640815,324.166390379,7856530,-9999,830259.3,14.37,-1,0.054820945,0.999454834,0,0.599672901,1,0.615384615,2.076923077,N1 O8,de-protonated,0,-9999,C13 H27 O8 N1,13,27,8,1,-9999,-9999,-9999,-9999
386,325.142242,325.142321449,325.142163753,10011340,-9999,879809.4,18.86,-1,0.485006624,0.958215639,0,0.574929384,1,0.538461538,2.076923077,P1 O7,de-protonated,0,-9999,C13 H27 O7 P1,13,27,7,-9999,1,-9999,-9999,-9999
387,325.160026,325.160105455,325.159788876,19915474,-9999,892146.7,39.5,-1,0.973609161,0.841980946,0,0.505188567,14,0.041666667,0.916666667,O1,de-protonated,0,-9999,C24 H22 O1,24,22,1,-9999,-9999,-9999,-9999,-9999
389,325.184185,325.184264462,325.184289548,326279904,-9999,843938.4,677.88,-1,-0.07714216,0.999134949,0.989319752,0.99520887,4,0.166666667,1.666666667,S1 O3,de-protonated,0,-9999,C18 H30 O3 S1,18,30,3,-9999,-9999,1,-9999,-9999
391,326.187537,326.18761677,326.187644383,67544096,-9999,838178,138.74,-1,-0.08465267,0.99906154,0.989319752,0.995164825,4,0.166666667,1.666666667,13C1 S1 O3,de-protonated,1,389,C17 H30 O3 S1 13C1,17,30,3,-9999,-9999,1,1,-9999
391,326.187537,326.18761677,326.187400606,67544096,-9999,838178,138.74,-1,0.662699555,0.914960545,0.926084805,0.919410249,9,0.105263158,1.315789474,N3 O2,de-protonated,0,-9999,C19 H25 O2 N3,19,25,2,3,-9999,-9999,-9999,-9999
393,326.988353,326.988433016,326.988640489,8193315,-9999,897622.9,15.07,-1,-0.634496201,0.929555655,0,0.557733393,13,0.25,0.5625,S1 P1 O4,de-protonated,0,-9999,C16 H9 O4 P1 S1,16,9,4,-9999,1,1,-9999,-9999
394,327.179994,327.180074075,327.180085377,16000353,-9999,898530.3,31.34,-1,-0.034545788,0.99942251,0.989319752,0.995381407,4,0.166666667,1.666666667,34S1 O3,de-protonated,1,389,C18 H30 O3 34S1,18,30,3,-9999,-9999,-9999,-9999,1
395,327.190916,327.190996078,327.190755441,7218533,-9999,901920.2,13.04,-1,0.735463986,0.906515714,0.926084805,0.914343351,9,0.105263158,1.315789474,13C1 N3 O2,de-protonated,1,391,C18 H25 O2 N3 13C1,18,25,2,3,-9999,-9999,1,-9999
398,329.152411,329.15249168,329.152334514,226666480,-9999,840095.2,470.31,-1,0.477485856,0.959224119,0.993714888,0.973020426,4,0.3125,1.6875,P1 O5,de-protonated,0,-9999,C16 H27 O5 P1,16,27,5,-9999,1,-9999,-9999,-9999
400,330.155767,330.155847988,330.155689349,41199924,-9999,853031.6,83.85,-1,0.480495579,0.958973203,0.993714888,0.972869877,4,0.3125,1.6875,13C1 P1 O5,de-protonated,1,398,C15 H27 O5 P1 13C1,15,27,5,-9999,1,-9999,1,-9999
400,330.155767,330.155847988,330.155825695,41199924,-9999,853031.6,83.85,-1,0.067521841,0.499586541,0.860410506,0.643916127,4,0.466666667,1.666666667,N1 O7,de-protonated,0,-9999,C15 H25 O7 N1,15,25,7,1,-9999,-9999,-9999,-9999
402,331.095312,331.095393276,331.09521356,6842989,-9999,797250.1,12.22,-1,0.542792251,0.947944774,0,0.568766864,5,0.5,1.5,P1 O7,de-protonated,0,-9999,C14 H21 O7 P1,14,21,7,-9999,1,-9999,-9999,-9999
403,331.131689,331.131770287,331.131599069,8079993.5,-9999,1036459.5,14.79,-1,0.517068524,0.952645817,0,0.57158749,4,0.4,1.666666667,P1 O6,de-protonated,0,-9999,C15 H25 O6 P1,15,25,6,-9999,1,-9999,-9999,-9999
406,333.11093,333.111011894,333.110863624,198880528,-9999,825648.6,411.16,-1,0.445106644,0.96444982,0.991589204,0.975305573,4,0.5,1.642857143,P1 O7,de-protonated,0,-9999,C14 H23 O7 P1,14,23,7,-9999,1,-9999,-9999,-9999
407,333.220073,333.220154928,333.220020152,7679282.5,-9999,849273.8,13.96,-1,0.404463376,0.970752919,0,0.582451751,1,0.235294118,2.058823529,P1 O4,de-protonated,0,-9999,C17 H35 O4 P1,17,35,4,-9999,1,-9999,-9999,-9999
408,334.114286,334.114368202,334.11421845900003,32353886,-9999,829167.1,65.21,-1,0.448177944,0.964209762,0.991589204,0.975161539,4,0.5,1.642857143,13C1 P1 O7,de-protonated,1,406,C13 H23 O7 P1 13C1,13,23,7,-9999,1,-9999,1,-9999
408,334.114286,334.114368202,334.114354805,32353886,-9999,829167.1,65.21,-1,0.040097061,0.999708314,0,0.599824988,4,0.692307692,1.615384615,N1 O9,de-protonated,0,-9999,C13 H21 O9 N1,13,21,9,1,-9999,-9999,-9999,-9999
409,335.107981,335.108063507,335.107753302,63418284,-9999,831555.8,129.75,-1,0.925685668,0.854048749,0.946186813,0.890903974,17,0.083333333,0.666666667,O2,de-protonated,0,-9999,C24 H16 O2,24,16,2,-9999,-9999,-9999,-9999,-9999
410,335.126577,335.126659513,335.126513689,10514354,-9999,917539.2,19.84,-1,0.435130626,0.96622819,0,0.579736914,3,0.5,1.785714286,P1 O7,de-protonated,0,-9999,C14 H25 O7 P1,14,25,7,-9999,1,-9999,-9999,-9999
411,336.111341,336.111423815,336.111108138,11391229,-9999,828437.2,21.66,-1,0.939204932,0.852095254,0.946186813,0.889731878,17,0.083333333,0.666666667,13C1 O2,de-protonated,1,409,C23 H16 O2 13C1,23,16,2,-9999,-9999,-9999,1,-9999
412,336.158208,336.158290829,336.15814817,40251660,-9999,837148.5,81.62,-1,0.424379925,0.967849573,0,0.580709744,2,0.428571429,2,N1 P1 O6,de-protonated,0,-9999,C14 H28 O6 N1 P1,14,28,6,1,1,-9999,-9999,-9999
413,337.142216,337.142299131,337.142163753,13185625,-9999,825131.1,25.39,-1,0.401545025,0.971167331,0,0.582700399,2,0.5,1.928571429,P1 O7,de-protonated,0,-9999,C14 H27 O7 P1,14,27,7,-9999,1,-9999,-9999,-9999
414,337.178601,337.178684142,337.178549263,6910565,-9999,899611.8,12.36,-1,0.400024177,0.971382175,0,0.582829305,1,0.4,2.066666667,P1 O6,de-protonated,0,-9999,C15 H31 O6 P1,15,31,6,-9999,1,-9999,-9999,-9999
415,338.155255,338.155338442,338.155037849,15217582,-9999,837890.8,29.61,-1,0.888921709,0.866426974,0,0.519856184,15,0.041666667,0.875,N1 O1,de-protonated,0,-9999,C24 H21 O1 N1,24,21,1,1,-9999,-9999,-9999,-9999
416,339.108398,339.108481734,339.108541149,7116015,-9999,873767.8,12.78,-1,-0.175208051,0.994445398,0,0.596667239,7,0.5,1.25,O8,de-protonated,0,-9999,C16 H20 O8,16,20,8,-9999,-9999,-9999,-9999,-9999
416,339.108398,339.108481734,339.108378958,7116015,-9999,873767.8,12.78,-1,0.303079457,0.983470771,0,0.590082463,2,0.181818182,2.272727273,N4 S2 P1 O2,de-protonated,0,-9999,C11 H25 O2 N4 P1 S2,11,25,2,4,1,2,-9999,-9999
417,339.121473,339.121556738,339.121428308,9630964,-9999,962036.8,18.01,-1,0.378713594,0.974311614,0,0.584586969,2,0.615384615,1.923076923,P1 O8,de-protonated,0,-9999,C13 H25 O8 P1,13,25,8,-9999,1,-9999,-9999,-9999
418,339.157862,339.157945749,339.157813818,8877312,-9999,902558.9,16.44,-1,0.388997994,0.972916796,0,0.583750077,1,0.5,2.071428571,P1 O7,de-protonated,0,-9999,C14 H29 O7 P1,14,29,7,-9999,1,-9999,-9999,-9999
420,339.199823,339.199906762,339.199939612,181843216,-9999,817082.7,375.77,-1,-0.096844967,0.997336892,0.991120661,0.994850399,4,0.157894737,1.684210526,S1 O3,de-protonated,0,-9999,C19 H32 O3 S1,19,32,3,-9999,-9999,1,-9999,-9999
421,340.203174,340.20325807,340.203294447,39761504,-9999,814223.9,80.31,-1,-0.10692737,0.997212863,0.991120661,0.994775982,4,0.157894737,1.684210526,13C1 S1 O3,de-protonated,1,420,C18 H32 O3 S1 13C1,18,32,3,-9999,-9999,1,1,-9999
421,340.203174,340.20325807,340.20305067,39761504,-9999,814223.9,80.31,-1,0.609635499,0.46739359,0.822155738,0.609298449,9,0.1,1.35,N3 O2,de-protonated,0,-9999,C20 H27 O2 N3,20,27,2,3,-9999,-9999,-9999,-9999
422,341.137154,341.137238357,341.137078373,10098587,-9999,817250.8,18.91,-1,0.468972348,0.960878866,0,0.576527319,1,0.615384615,2.076923077,P1 O8,de-protonated,0,-9999,C13 H27 O8 P1,13,27,8,-9999,1,-9999,-9999,-9999
423,341.195599,341.195683375,341.195735442,7903150,-9999,869144.7,14.36,-1,-0.152601826,0.996498162,0.991120661,0.994347162,4,0.157894737,1.684210526,34S1 O3,de-protonated,1,420,C19 H32 O3 34S1,19,32,3,-9999,-9999,-9999,-9999,1
426,343.168045,343.16812998,343.167984579,8862277,-9999,880711.1,16.35,-1,0.42370268,0.967950444,0,0.580770267,4,0.294117647,1.705882353,P1 O5,de-protonated,0,-9999,C17 H29 O5 P1,17,29,5,-9999,1,-9999,-9999,-9999
427,345.147314,345.147399587,345.147249134,208583904,-9999,802469.4,429.78,-1,0.435910572,0.967823958,0.993999793,0.978294292,4,0.375,1.6875,P1 O6,de-protonated,0,-9999,C16 H27 O6 P1,16,27,6,-9999,1,-9999,-9999,-9999
428,346.150661,346.150746895,346.150603969,37830188,-9999,809399.4,76.31,-1,0.412901481,0.969538827,0.993999793,0.979323213,4,0.375,1.6875,13C1 P1 O6,de-protonated,1,427,C15 H27 O6 P1 13C1,15,27,6,-9999,1,-9999,1,-9999
428,346.150661,346.150746895,346.150740314,37830188,-9999,809399.4,76.31,-1,0.019010437,0.999934427,0,0.599960656,4,0.533333333,1.666666667,N1 O8,de-protonated,0,-9999,C15 H25 O8 N1,15,25,8,1,-9999,-9999,-9999,-9999
429,347.075734,347.075820179,347.075741418,7462752,-9999,871694.7,13.45,-1,0.226926388,0.990699711,0,0.594419827,0,0.545454545,2.272727273,S2 P1 O6,de-protonated,0,-9999,C11 H25 O6 P1 S2,11,25,6,-9999,1,2,-9999,-9999
430,347.090205,347.090291183,347.090128179,7798628.5,-9999,772201.4,14.14,-1,0.469629214,0.960771379,0,0.576462827,5,0.571428571,1.5,P1 O8,de-protonated,0,-9999,C14 H21 O8 P1,14,21,8,-9999,1,-9999,-9999,-9999
431,347.14436,347.1444462,347.144138812,58834808,-9999,812873.3,119.79,-1,0.885476333,0.868750461,0.950226437,0.901340852,17,0.038461538,0.769230769,O1,de-protonated,0,-9999,C26 H20 O1,26,20,1,-9999,-9999,-9999,-9999,-9999
432,347.162976,347.163062205,347.162899198,10747773,-9999,812635.5,20.25,-1,0.469541218,0.960785786,0,0.576471472,3,0.375,1.8125,P1 O6,de-protonated,0,-9999,C16 H29 O6 P1,16,29,6,-9999,1,-9999,-9999,-9999
433,347.19936,347.199446217,347.199284708,8044425,-9999,919274.8,14.65,-1,0.465176947,0.961497218,0,0.576898331,2,0.294117647,1.941176471,P1 O5,de-protonated,0,-9999,C17 H33 O5 P1,17,33,5,-9999,1,-9999,-9999,-9999
434,347.27214,347.272226239,347.272055726,7937953.5,-9999,851597.8,14.43,-1,0.4910062,0.957198074,0,0.574318844,0,0.157894737,2.157894737,P1 O3,de-protonated,0,-9999,C19 H41 O3 P1,19,41,3,-9999,1,-9999,-9999,-9999
435,348.147712,348.147798508,348.147493647,12026053,-9999,889129.1,22.89,-1,0.875665309,0.870112305,0.950226437,0.902157958,17,0.038461538,0.769230769,13C1 O1,de-protonated,1,431,C25 H20 O1 13C1,25,20,1,-9999,-9999,-9999,1,-9999
436,349.055009,349.055095786,349.055005973,48349684,-9999,811679.8,98.08,-1,0.257302673,0.988059115,0,0.592835469,0,0.7,2.3,S2 P1 O7,de-protonated,0,-9999,C10 H23 O7 P1 S2,10,23,7,-9999,1,2,-9999,-9999
437,349.105837,349.105923802,349.105778244,76464640,-9999,791014.2,156.28,-1,0.416944146,0.966101711,0.996652799,0.978322146,4,0.571428571,1.642857143,P1 O8,de-protonated,0,-9999,C14 H23 O8 P1,14,23,8,-9999,1,-9999,-9999,-9999
438,349.142224,349.142310813,349.142163753,9962000,-9999,845186.8,18.62,-1,0.421202133,0.96832158,0,0.580992948,3,0.466666667,1.8,P1 O7,de-protonated,0,-9999,C15 H27 O7 P1,15,27,7,-9999,1,-9999,-9999,-9999
439,349.214997,349.215083835,349.214934772,18317864,-9999,839691.8,35.92,-1,0.42685188,0.967480113,0,0.580488068,1,0.294117647,2.058823529,P1 O5,de-protonated,0,-9999,C17 H35 O5 P1,17,35,5,-9999,1,-9999,-9999,-9999
440,350.054579,350.054666093,350.054745728,9151295,-9999,871952.2,16.88,-1,-0.227494103,0.990653337,0,0.594392002,10,0.428571429,1,N3 P1 O6,de-protonated,0,-9999,C14 H14 O6 N3 P1,14,14,6,3,1,-9999,-9999,-9999
441,350.109205,350.109292109,350.109133079,11240273,-9999,865732.3,21.19,-1,0.454230878,0.963254595,0.996652799,0.976613876,4,0.571428571,1.642857143,13C1 P1 O8,de-protonated,1,437,C13 H23 O8 P1 13C1,13,23,8,-9999,1,-9999,1,-9999
441,350.109205,350.109292109,350.109269425,11240273,-9999,865732.3,21.19,-1,0.064793369,0.999238536,0,0.599543121,4,0.769230769,1.615384615,N1 O10,de-protonated,0,-9999,C13 H21 O10 N1,13,21,10,1,-9999,-9999,-9999,-9999
442,351.052105,351.052192399,351.051895651,14861449,-9999,797732.5,28.65,-1,0.845309168,0.878399549,0,0.52703973,13,0.1,0.8,S2 O2,de-protonated,0,-9999,C20 H16 O2 S2,20,16,2,-9999,-9999,2,-9999,-9999
442,351.052105,351.052192399,351.052363682,14861449,-9999,797732.5,28.65,-1,-0.487913719,0.957724005,0,0.574634403,19,0.15,0.4,N4 O3,de-protonated,0,-9999,C20 H8 O3 N4,20,8,3,4,-9999,-9999,-9999,-9999
443,351.102887,351.102974414,351.102667922,25347226,-9999,810589.7,50.28,-1,0.872941803,0.435432256,0.793917021,0.578826162,17,0.125,0.666666667,O3,de-protonated,0,-9999,C24 H16 O3,24,16,3,-9999,-9999,-9999,-9999,-9999
444,351.121474,351.12156142,351.121428308,7242912,-9999,868065.4,12.94,-1,0.379104059,0.974259304,0,0.584555582,3,0.571428571,1.785714286,P1 O8,de-protonated,0,-9999,C14 H25 O8 P1,14,25,8,-9999,1,-9999,-9999,-9999
445,351.157866,351.157953431,351.157813818,7840940,-9999,872643.5,14.17,-1,0.397580143,0.971725824,0,0.583035494,2,0.466666667,1.933333333,P1 O7,de-protonated,0,-9999,C15 H29 O7 P1,15,29,7,-9999,1,-9999,-9999,-9999
446,353.137151,353.137239038,353.137078373,14239546,-9999,770125.2,27.37,-1,0.454966439,0.963137713,0,0.577882628,2,0.571428571,1.928571429,P1 O8,de-protonated,0,-9999,C14 H27 O8 P1,14,27,8,-9999,1,-9999,-9999,-9999
447,355.140768,355.140856653,355.140710658,7219661.5,-9999,870399.4,12.89,-1,0.411091927,0.969801172,0,0.581880703,5,0.166666667,1.555555556,S2 O3,de-protonated,0,-9999,C18 H28 O3 S2,18,28,3,-9999,-9999,2,-9999,-9999
447,355.140768,355.140856653,355.141178688,7219661.5,-9999,870399.4,12.89,-1,-0.906780712,0.86139991,0,0.516839946,11,0.222222222,1.111111111,N4 O4,de-protonated,0,-9999,C18 H20 O4 N4,18,20,4,4,-9999,-9999,-9999,-9999
449,357.138706,357.138795266,357.139070688,7842908.5,-9999,795686.5,14.17,-1,-0.771189532,0.897705177,0,0.538623106,10,0.111111111,1.222222222,N4 S1 O2,de-protonated,0,-9999,C18 H22 O2 N4 S1,18,22,2,4,-9999,1,-9999,-9999
451,359.126543,359.126632876,359.126513689,6967013,-9999,815086.8,12.37,-1,0.331880609,0.980212771,0,0.588127662,5,0.4375,1.5625,P1 O7,de-protonated,0,-9999,C16 H25 O7 P1,16,25,7,-9999,1,-9999,-9999,-9999
452,359.162971,359.163060887,359.162899198,11292401,-9999,768169,21.29,-1,0.45018278,0.963894709,0,0.578336825,4,0.352941176,1.705882353,P1 O6,de-protonated,0,-9999,C17 H29 O6 P1,17,29,6,-9999,1,-9999,-9999,-9999
454,361.142213,361.142303494,361.142163753,17650036,-9999,795390.3,34.26,-1,0.386942036,0.973198462,0,0.583919077,4,0.4375,1.6875,P1 O7,de-protonated,0,-9999,C16 H27 O7 P1,16,27,7,-9999,1,-9999,-9999,-9999
455,361.178582,361.178672506,361.178549263,8876416,-9999,663434.2,16.24,-1,0.341224285,0.979094809,0,0.587456885,3,0.352941176,1.823529412,P1 O6,de-protonated,0,-9999,C17 H31 O6 P1,17,31,6,-9999,1,-9999,-9999,-9999
456,361.287749,361.287839539,361.287705791,7238051,-9999,844561.4,12.87,-1,0.370198967,0.97543959,0,0.585263754,0,0.15,2.15,P1 O3,de-protonated,0,-9999,C20 H43 O3 P1,20,43,3,-9999,1,-9999,-9999,-9999
457,363.070664,363.070755086,363.070656038,14750692,-9999,765575,28.3,-1,0.272807514,0.986586646,0,0.591951987,0,0.636363636,2.272727273,S2 P1 O7,de-protonated,0,-9999,C11 H25 O7 P1 S2,11,25,7,-9999,1,2,-9999,-9999
458,363.085078,363.08516909,363.084909857,7320552.5,-9999,882614.8,13.04,-1,0.713973862,0.911653731,0,0.546992239,18,0.04,0.64,S1 O1,de-protonated,0,-9999,C25 H16 O1 S1,25,16,1,-9999,-9999,1,-9999,-9999
458,363.085078,363.08516909,363.085042799,7320552.5,-9999,882614.8,13.04,-1,0.347828719,0.978286667,0,0.586972,5,0.642857143,1.5,P1 O9,de-protonated,0,-9999,C14 H21 O9 P1,14,21,9,-9999,1,-9999,-9999,-9999
459,363.121473,363.121564102,363.121428308,7369716,-9999,784506.3,13.14,-1,0.373960915,0.974944228,0,0.584966537,4,0.533333333,1.666666667,P1 O8,de-protonated,0,-9999,C15 H25 O8 P1,15,25,8,-9999,1,-9999,-9999,-9999
460,363.157873,363.157964113,363.157813818,19043328,-9999,752470.3,37.12,-1,0.413855998,0.969400007,0,0.581640004,3,0.4375,1.8125,P1 O7,de-protonated,0,-9999,C16 H29 O7 P1,16,29,7,-9999,1,-9999,-9999,-9999
461,363.194233,363.194324124,363.194199327,11605004,-9999,802354,21.84,-1,0.343609135,0.9788047,0,0.58728282,2,0.352941176,1.941176471,P1 O6,de-protonated,0,-9999,C17 H33 O6 P1,17,33,6,-9999,1,-9999,-9999,-9999
463,365.13711,365.13720172,365.137078373,8509053,-9999,858235.2,15.48,-1,0.337810584,0.979506705,0,0.587704023,3,0.533333333,1.8,P1 O8,de-protonated,0,-9999,C15 H27 O8 P1,15,27,8,-9999,1,-9999,-9999,-9999
464,365.173505,365.173596731,365.173463882,7157384.5,-9999,782046.1,12.7,-1,0.363796932,0.976271643,0,0.585762986,2,0.4375,1.9375,P1 O7,de-protonated,0,-9999,C16 H31 O7 P1,16,31,7,-9999,1,-9999,-9999,-9999
465,365.20989,365.209981742,365.209849392,12342932,-9999,833825.7,23.36,-1,0.362396576,0.976451802,0,0.585871081,1,0.352941176,2.058823529,P1 O6,de-protonated,0,-9999,C17 H35 O6 P1,17,35,6,-9999,1,-9999,-9999,-9999
466,365.246299,365.246390754,365.246234901,14931616,-9999,758666.3,28.67,-1,0.426705615,0.96750203,0,0.580501218,0,0.277777778,2.166666667,P1 O5,de-protonated,0,-9999,C18 H39 O5 P1,18,39,5,-9999,1,-9999,-9999,-9999
467,366.950238,366.950330276,366.950540902,9656514,-9999,845826.4,17.84,-1,-0.57399036,0.941970822,0,0.565182493,11,0.428571429,0.642857143,S2 P1 O6,de-protonated,0,-9999,C14 H9 O6 P1 S2,14,9,6,-9999,1,2,-9999,-9999
468,367.152791,367.152883338,367.152728437,15587586,-9999,812782.6,30.02,-1,0.421898352,0.968218452,0,0.580931071,2,0.533333333,1.933333333,P1 O8,de-protonated,0,-9999,C15 H29 O8 P1,15,29,8,-9999,1,-9999,-9999,-9999
469,370.127289,370.127382251,370.127109023,12082357,-9999,720027.2,22.82,-1,0.73820084,0.90585255,0,0.54351153,15,0.041666667,0.875,N1 S1 O1,de-protonated,0,-9999,C24 H21 O1 N1 S1,24,21,1,1,-9999,1,-9999,-9999
469,370.127289,370.127382251,370.127241965,12082357,-9999,720027.2,22.82,-1,0.379022123,0.974270285,0,0.584562171,2,0.692307692,2,N1 P1 O9,de-protonated,0,-9999,C13 H26 O9 N1 P1,13,26,9,1,1,-9999,-9999,-9999
470,372.303738,372.303831919,372.303690208,78962528,-9999,758029.2,159.53,-1,0.380632835,0.975611667,0.998600069,0.984807028,1,0.095238095,2.095238095,N1 P1 O2,de-protonated,0,-9999,C21 H44 O2 N1 P1,21,44,2,1,1,-9999,-9999,-9999
471,373.101868,373.101962164,373.10162255,9494623,-9999,799573.2,17.43,-1,0.910243829,0.860416944,0,0.516250166,15,0.090909091,0.818181818,N2 S1 O2,de-protonated,0,-9999,C22 H18 O2 N2 S1,22,18,2,2,-9999,1,-9999,-9999
471,373.101868,373.101962164,373.101755492,9494623,-9999,799573.2,17.43,-1,0.553928564,0.94584635,0,0.56750781,2,0.909090909,2.090909091,N2 P1 O10,de-protonated,0,-9999,C11 H23 O10 N2 P1,11,23,10,2,1,-9999,-9999,-9999
472,373.307084,373.307178227,373.307045043,17768608,-9999,758988.2,34.35,-1,0.356767365,0.977169331,0.998600069,0.985741626,1,0.095238095,2.095238095,13C1 N1 P1 O2,de-protonated,1,470,C20 H44 O2 N1 P1 13C1,20,44,2,1,1,-9999,1,-9999
472,373.307084,373.307178227,373.307181388,17768608,-9999,758988.2,34.35,-1,-0.008469832,0.999986983,0,0.59999219,1,0.2,2.1,N2 O4,de-protonated,0,-9999,C20 H42 O4 N2,20,42,4,2,-9999,-9999,-9999,-9999
475,375.099796,375.099890777,375.099647492,9036497,-9999,771008,16.49,-1,0.648587584,0.926511087,0,0.555906652,1,0.727272727,2.272727273,N2 S1 P1 O8,de-protonated,0,-9999,C11 H25 O8 N2 P1 S1,11,25,8,2,1,1,-9999,-9999
476,375.157849,375.157943794,375.157813818,8905443,-9999,856914,16.22,-1,0.346458718,0.978455524,0,0.587073314,4,0.411764706,1.705882353,P1 O7,de-protonated,0,-9999,C17 H29 O7 P1,17,29,7,-9999,1,-9999,-9999,-9999
477,376.985132,376.985227355,376.98501166,38266140,-9999,737214.6,76.28,-1,0.572158172,0.942329814,0,0.565397888,8,0.818181818,1,N2 S1 P1 O9,de-protonated,0,-9999,C11 H11 O9 N2 P1 S1,11,11,9,2,1,1,-9999,-9999
478,377.137096,377.137191402,377.137078373,7619915,-9999,782725.6,13.59,-1,0.299702244,0.983834112,0,0.590300467,4,0.5,1.6875,P1 O8,de-protonated,0,-9999,C16 H27 O8 P1,16,27,8,-9999,1,-9999,-9999,-9999
479,377.173506,377.173601413,377.173463882,63825240,-9999,741959.8,128.56,-1,0.364635009,0.974740381,0.994300146,0.982564287,3,0.411764706,1.823529412,P1 O7,de-protonated,0,-9999,C17 H31 O7 P1,17,31,7,-9999,1,-9999,-9999,-9999
481,378.176869,378.176964721,378.176818717,12248717,-9999,778003.8,23.06,-1,0.38607183,0.973317255,0.994300146,0.981710411,3,0.411764706,1.823529412,13C1 P1 O7,de-protonated,1,479,C16 H31 O7 P1 13C1,16,31,7,-9999,1,-9999,1,-9999
481,378.176869,378.176964721,378.176955063,12248717,-9999,778003.8,23.06,-1,0.025537771,0.99988167,0,0.599929002,3,0.5625,1.8125,N1 O9,de-protonated,0,-9999,C16 H29 O9 N1,16,29,9,1,-9999,-9999,-9999,-9999
482,379.152739,379.15283502,379.152728437,8308666.5,-9999,778378,15,-1,0.281107772,0.985763943,0,0.591458366,3,0.5,1.8125,P1 O8,de-protonated,0,-9999,C16 H29 O8 P1,16,29,8,-9999,1,-9999,-9999,-9999
483,379.170564,379.170660026,379.17035356,20965312,-9999,734273.6,40.89,-1,0.808252108,0.888220505,0,0.532932303,16,0.074074074,0.888888889,O2,de-protonated,0,-9999,C27 H24 O2,27,24,2,-9999,-9999,-9999,-9999,-9999
484,379.189162,379.189258031,379.189113947,8415174,-9999,819173.2,15.22,-1,0.379980854,0.974141654,0,0.584484993,2,0.411764706,1.941176471,P1 O7,de-protonated,0,-9999,C17 H33 O7 P1,17,33,7,-9999,1,-9999,-9999,-9999
486,381.168427,381.168523639,381.168378502,23980582,-9999,738643.7,47.05,-1,0.380768056,0.974035807,0,0.584421484,2,0.5,1.9375,P1 O8,de-protonated,0,-9999,C16 H31 O8 P1,16,31,8,-9999,1,-9999,-9999,-9999
487,381.204802,381.20489865,381.204764011,8948273,-9999,741807.1,16.3,-1,0.353192208,0.977619476,0,0.586571686,1,0.411764706,2.058823529,P1 O7,de-protonated,0,-9999,C17 H35 O7 P1,17,35,7,-9999,1,-9999,-9999,-9999
488,383.16547,383.165567251,383.16526818,7449735,-9999,814608.2,13.18,-1,0.780528275,0.895347861,0,0.537208717,15,0.115384615,0.923076923,O3,de-protonated,0,-9999,C26 H24 O3,26,24,3,-9999,-9999,-9999,-9999,-9999
489,383.172043,383.172140253,383.172010787,23325834,-9999,737394.6,45.51,-1,0.337881418,0.979498198,0,0.587698919,5,0.15,1.6,S2 O3,de-protonated,0,-9999,C20 H32 O3 S2,20,32,3,-9999,-9999,2,-9999,-9999
489,383.172043,383.172140253,383.172478817,23325834,-9999,737394.6,45.51,-1,-0.883581067,0.867916469,0,0.520749882,11,0.2,1.2,N4 O4,de-protonated,0,-9999,C20 H24 O4 N4,20,24,4,4,-9999,-9999,-9999,-9999
491,385.169148,385.169245866,385.169033406,7876326.5,-9999,658608.3,14.05,-1,0.551600872,0.946288095,0,0.567772857,5,0.315789474,1.578947368,S1 O6,de-protonated,0,-9999,C19 H30 O6 S1,19,30,6,-9999,-9999,1,-9999,-9999
492,385.169996,385.170093866,385.170370817,21327590,-9999,737724.9,41.44,-1,-0.719034241,0.910454978,0,0.546272987,10,0.1,1.3,N4 S1 O2,de-protonated,0,-9999,C20 H26 O2 N4 S1,20,26,2,4,-9999,1,-9999,-9999
493,385.178595,385.178692869,385.178549263,8195817.5,-9999,750782,14.7,-1,0.372830271,0.975093608,0,0.585056165,5,0.315789474,1.631578947,P1 O6,de-protonated,0,-9999,C19 H31 O6 P1,19,31,6,-9999,1,-9999,-9999,-9999
495,387.167061,387.167159479,387.166925406,7950655.5,-9999,681694.7,14.2,-1,0.604578567,0.935829235,0,0.561497541,4,0.210526316,1.684210526,S2 O4,de-protonated,0,-9999,C19 H32 O4 S2,19,32,4,-9999,-9999,2,-9999,-9999
495,387.167061,387.167159479,387.167393437,7950655.5,-9999,681694.7,14.2,-1,-0.604280808,0.935890358,0,0.561534215,10,0.263157895,1.263157895,N4 O5,de-protonated,0,-9999,C19 H24 O5 N4,19,24,5,4,-9999,-9999,-9999,-9999
496,387.19423,387.194328487,387.194199327,9826632,-9999,808338.4,18.02,-1,0.333579818,0.980011677,0,0.588007006,4,0.315789474,1.736842105,P1 O6,de-protonated,0,-9999,C19 H33 O6 P1,19,33,6,-9999,1,-9999,-9999,-9999
497,387.209501,387.209599492,387.209455468,8466764,-9999,739807,15.25,-1,0.371952605,0.975209268,0,0.585125561,8,0.130434783,1.434782609,P1 O3,de-protonated,0,-9999,C23 H33 O3 P1,23,33,3,-9999,1,-9999,-9999,-9999
497,387.209501,387.209599492,387.209652173,8466764,-9999,739807,15.25,-1,-0.136052715,0.99664695699999994,0,0.597988174,0,0.692307692,2.461538462,N4 O9,de-protonated,0,-9999,C13 H32 O9 N4,13,32,9,4,-9999,-9999,-9999,-9999
499,389.096748,389.096847071,389.097188618,13349760,-9999,809395.5,25.19,-1,-0.877794795,0.869522983,0,0.52171379,24,0.033333333,0.466666667,O1,de-protonated,0,-9999,C30 H14 O1,30,14,1,-9999,-9999,-9999,-9999,-9999
499,389.096748,389.096847071,389.09653717,13349760,-9999,809395.5,25.19,-1,0.796463508,0.891274586,0,0.534764752,15,0.136363636,0.818181818,N2 S1 O3,de-protonated,0,-9999,C22 H18 O3 N2 S1,22,18,3,2,-9999,1,-9999,-9999
500,389.209916,389.210015106,389.209849392,11056034,-9999,783699.7,20.52,-1,0.425770658,0.96764196,0,0.580585176,3,0.315789474,1.842105263,P1 O6,de-protonated,0,-9999,C19 H35 O6 P1,19,35,6,-9999,1,-9999,-9999,-9999
502,391.094743,391.094842684,391.09521356,12105168,-9999,764474.8,22.65,-1,-0.948300896,0.849444907,0,0.509666944,10,0.368421053,1.105263158,P1 O7,de-protonated,0,-9999,C19 H21 O7 P1,19,21,7,-9999,1,-9999,-9999,-9999
502,391.094743,391.094842684,391.094562111,12105168,-9999,764474.8,22.65,-1,0.717403834,0.910841957,0,0.546505174,1,0.818181818,2.272727273,N2 S1 P1 O9,de-protonated,0,-9999,C11 H25 O9 N2 P1 S1,11,25,9,2,1,1,-9999,-9999
503,391.152734,391.152833702,391.152728437,8132065.5,-9999,831360.7,14.56,-1,0.269113399,0.986945084,0,0.59216705,4,0.470588235,1.705882353,P1 O8,de-protonated,0,-9999,C17 H29 O8 P1,17,29,8,-9999,1,-9999,-9999,-9999
504,391.189147,391.189246713,391.189113947,9008620,-9999,775781.3,16.35,-1,0.339391505,0.979316445,0,0.587589867,3,0.388888889,1.833333333,P1 O7,de-protonated,0,-9999,C18 H33 O7 P1,18,33,7,-9999,1,-9999,-9999,-9999
505,393.132012,393.132112309,393.131860051,7100455.5,-9999,777770,12.46,-1,0.641663368,0.928014234,0,0.55680854,17,0.037037037,0.814814815,S1 O1,de-protonated,0,-9999,C27 H22 O1 S1,27,22,1,-9999,-9999,1,-9999,-9999
505,393.132012,393.132112309,393.131992992,7100455.5,-9999,777770,12.46,-1,0.303502603,0.983424969,0,0.590054982,4,0.5625,1.6875,P1 O9,de-protonated,0,-9999,C16 H27 O9 P1,16,27,9,-9999,1,-9999,-9999,-9999
506,393.168409,393.16850932,393.168378502,15464498,-9999,767010.1,29.49,-1,0.332728692,0.980112527,0,0.588067516,3,0.470588235,1.823529412,P1 O8,de-protonated,0,-9999,C17 H31 O8 P1,17,31,8,-9999,1,-9999,-9999,-9999
507,393.241186,393.241286343,393.24114952,9943111,-9999,811925.9,18.25,-1,0.347934159,0.978273645,0,0.586964187,1,0.315789474,2.052631579,P1 O6,de-protonated,0,-9999,C19 H39 O6 P1,19,39,6,-9999,1,-9999,-9999,-9999
508,393.277587,393.277687354,393.27753503,17791058,-9999,717989.4,34.23,-1,0.387318962,0.973146929,0,0.583888157,0,0.25,2.15,P1 O5,de-protonated,0,-9999,C20 H43 O5 P1,20,43,5,-9999,1,-9999,-9999,-9999
509,395.184062,395.184162939,395.184028566,16824958,-9999,716059.2,32.11,-1,0.340024756,0.979239996,0,0.587543997,2,0.470588235,1.941176471,P1 O8,de-protonated,0,-9999,C17 H33 O8 P1,17,33,8,-9999,1,-9999,-9999,-9999
510,397.163332,397.163433546,397.16316018,8387770,-9999,734845,15.01,-1,0.68829703,0.917629262,0,0.550577557,15,0.037037037,0.962962963,S1 O1,de-protonated,0,-9999,C27 H26 O1 S1,27,26,1,-9999,-9999,1,-9999,-9999
510,397.163332,397.163433546,397.163293121,8387770,-9999,734845,15.01,-1,0.353568661,0.977572281,0,0.586543369,2,0.5625,1.9375,P1 O9,de-protonated,0,-9999,C16 H31 O9 P1,16,31,9,-9999,1,-9999,-9999,-9999
514,398.000675,398.000776803,398.000982276,6905258.5,-9999,718809.4,12.01,-1,-0.516264317,0.952789474,0,0.571673684,10,0.533333333,0.866666667,N1 S2 O8,de-protonated,0,-9999,C15 H13 O8 N1 S2,15,13,8,1,-9999,2,-9999,-9999
514,398.000675,398.000776803,398.000602154,6905258.5,-9999,718809.4,12.01,-1,0.438815454,0.965663762,0,0.579398257,15,0.294117647,0.588235294,N3 S1 P1 O5,de-protonated,0,-9999,C17 H10 O5 N3 P1 S1,17,10,5,3,1,1,-9999,-9999
516,398.06937,398.069471824,398.069730543,10321342,-9999,890670.3,18.93,-1,-0.649934696,0.926217059,0,0.555730236,4,0.666666667,1.75,N3 S2 O8,de-protonated,0,-9999,C12 H21 O8 N3 S2,12,21,8,3,-9999,2,-9999,-9999
517,401.173471,401.173573776,401.173463882,9437490,-9999,765917,17.14,-1,0.273931292,0.986476663,0,0.591885998,5,0.368421053,1.631578947,P1 O7,de-protonated,0,-9999,C19 H31 O7 P1,19,31,7,-9999,1,-9999,-9999,-9999
519,403.189146,403.189249395,403.189113947,38929256,-9999,704265.6,76.91,-1,0.335941424,0.979262121,0.971531326,0.976169803,4,0.368421053,1.736842105,P1 O7,de-protonated,0,-9999,C19 H33 O7 P1,19,33,7,-9999,1,-9999,-9999,-9999
520,403.33476,403.334863439,403.334655984,8266642.5,-9999,704715.5,14.76,-1,0.514350049,0.95313061,0,0.571878366,0,0.130434783,2.130434783,P1 O3,de-protonated,0,-9999,C23 H49 O3 P1,23,49,3,-9999,1,-9999,-9999,-9999
521,404.192504,404.192607702,404.192468782,9667714,-9999,749812,17.6,-1,0.343699354,0.978793688,0.971531326,0.975888743,4,0.368421053,1.736842105,13C1 P1 O7,de-protonated,1,519,C18 H33 O7 P1 13C1,18,33,7,-9999,1,-9999,1,-9999
521,404.192504,404.192607702,404.192605127,9667714,-9999,749812,17.6,-1,0.0063709,0.999992635,0,0.59999558099999994,4,0.5,1.722222222,N1 O9,de-protonated,0,-9999,C18 H31 O9 N1,18,31,9,1,-9999,-9999,-9999,-9999
522,405.168406,405.168510002,405.168378502,7988625,-9999,642128.8,14.2,-1,0.324556578,0.981068245,0,0.588640947,4,0.444444444,1.722222222,P1 O8,de-protonated,0,-9999,C18 H31 O8 P1,18,31,8,-9999,1,-9999,-9999,-9999
523,405.186211,405.186315007,405.186003625,14189974,-9999,704445.1,26.77,-1,0.768492772,0.898381766,0,0.539029059,17,0.068965517,0.896551724,O2,de-protonated,0,-9999,C29 H26 O2,29,26,2,-9999,-9999,-9999,-9999,-9999
524,405.204804,405.204908013,405.204764011,12027291,-9999,731211.6,22.38,-1,0.35538052,0.977344461,0,0.586406677,3,0.368421053,1.842105263,P1 O7,de-protonated,0,-9999,C19 H35 O7 P1,19,35,7,-9999,1,-9999,-9999,-9999
526,407.184092,407.18419662,407.184028566,8685501,-9999,668841.9,15.61,-1,0.41272253800000003,0.969564818,0,0.581738891,3,0.444444444,1.833333333,P1 O8,de-protonated,0,-9999,C18 H33 O8 P1,18,33,8,-9999,1,-9999,-9999,-9999
527,407.220436,407.220540631,407.220414076,10209223,-9999,770316.8,18.7,-1,0.310779671,0.98262763,0,0.589576578,2,0.368421053,1.947368421,P1 O7,de-protonated,0,-9999,C19 H37 O7 P1,19,37,7,-9999,1,-9999,-9999,-9999
529,409.163303,409.163408228,409.16316018,9406938,-9999,753419,16.99,-1,0.606232188,0.935489309,0,0.561293585,16,0.035714286,0.928571429,S1 O1,de-protonated,0,-9999,C28 H26 O1 S1,28,26,1,-9999,-9999,1,-9999,-9999
529,409.163303,409.163408228,409.163293121,9406938,-9999,753419,16.99,-1,0.281320807,0.985742512,0,0.591445507,3,0.529411765,1.823529412,P1 O9,de-protonated,0,-9999,C17 H31 O9 P1,17,31,9,-9999,1,-9999,-9999,-9999
530,409.311053,409.311158273,409.31120414,324471296,-9999,679244.7,652.46,-1,-0.112060557,0.997649169,0.993293559,0.995906925,8,0.071428571,1.5,O2,de-protonated,0,-9999,C28 H42 O2,28,42,2,-9999,-9999,-9999,-9999,-9999
531,410.314406,410.314511581,410.314558976,96013072,-9999,686259.4,191.67,-1,-0.115508642,0.997601821,0.993293559,0.995878516,8,0.071428571,1.5,13C1 O2,de-protonated,1,530,C27 H42 O2 13C1,27,42,2,-9999,-9999,-9999,1,-9999
533,411.157816,411.157921839,411.157813818,7547894,-9999,743158.5,13.23,-1,0.26272558,0.987553658,0,0.592532195,7,0.35,1.45,P1 O7,de-protonated,0,-9999,C20 H29 O7 P1,20,29,7,-9999,1,-9999,-9999,-9999
534,411.178971,411.179076846,411.178810244,7326715.5,-9999,781468.2,12.79,-1,0.648384179,0.926555438,0,0.555933263,15,0.035714286,1,S1 O1,de-protonated,0,-9999,C28 H28 O1 S1,28,28,1,-9999,-9999,1,-9999,-9999
534,411.178971,411.179076846,411.178943186,7326715.5,-9999,781468.2,12.79,-1,0.325065541,0.981009389,0,0.588605634,2,0.529411765,1.941176471,P1 O9,de-protonated,0,-9999,C17 H33 O9 P1,17,33,9,-9999,1,-9999,-9999,-9999
535,411.203319,411.203424853,411.203310915,7040002,-9999,806197.6,12.21,-1,0.277084164,0.986165747,0,0.591699448,5,0.136363636,1.636363636,S2 O3,de-protonated,0,-9999,C22 H36 O3 S2,22,36,3,-9999,-9999,2,-9999,-9999
535,411.203319,411.203424853,411.203778946,7040002,-9999,806197.6,12.21,-1,-0.861112525,0.874111897,0,0.524467138,11,0.181818182,1.272727273,N4 O4,de-protonated,0,-9999,C22 H28 O4 N4,22,28,4,4,-9999,-9999,-9999,-9999
536,411.317761,411.317866889,411.317913811,12684321,-9999,723205.4,23.59,-1,-0.114077485,0.997621646,0.993293559,0.995890411,8,0.071428571,1.5,13C2 O2,de-protonated,1,530,C26 H42 O2 13C2,26,42,2,-9999,-9999,-9999,2,-9999
537,413.201289,413.201395466,413.201670946,7204377.5,-9999,743475.4,12.54,-1,-0.666694924,0.922515873,0,0.553509524,10,0.090909091,1.363636364,N4 S1 O2,de-protonated,0,-9999,C22 H30 O2 N4 S1,22,30,2,4,-9999,1,-9999,-9999
538,417.168398,417.168505684,417.168378502,8196659,-9999,682202.8,14.54,-1,0.304869041,0.983276642,0,0.589965985,5,0.421052632,1.631578947,P1 O8,de-protonated,0,-9999,C19 H31 O8 P1,19,31,8,-9999,1,-9999,-9999,-9999
539,419.184046,419.184154302,419.184028566,68949056,-9999,659238.2,137.08,-1,0.299953401,0.983912429,0.978881306,0.98189998,4,0.421052632,1.736842105,P1 O8,de-protonated,0,-9999,C19 H33 O8 P1,19,33,8,-9999,1,-9999,-9999,-9999
540,419.220412,419.220520313,419.220414076,10146891,-9999,675551.9,18.47,-1,0.253416767,0.988414984,0,0.59304899,3,0.35,1.85,P1 O7,de-protonated,0,-9999,C20 H37 O7 P1,20,37,7,-9999,1,-9999,-9999,-9999
541,420.1874,420.18750861,420.187383401,16340295,-9999,694993.4,30.96,-1,0.297982386,0.984017631,0.978881306,0.981963101,4,0.421052632,1.736842105,13C1 P1 O8,de-protonated,1,539,C18 H33 O8 P1 13C1,18,33,8,-9999,1,-9999,1,-9999
541,420.1874,420.18750861,420.187519747,16340295,-9999,694993.4,30.96,-1,-0.026505263,0.999872535,0,0.599923521,4,0.555555556,1.722222222,N1 O10,de-protonated,0,-9999,C18 H31 O10 N1,18,31,10,1,-9999,-9999,-9999,-9999
542,421.155057,421.155165907,421.155114676,72029760,-9999,674223.6,143.29,-1,0.121644044,0.997025199,0.99720471,0.997097004,9,0.263157895,1.368421053,N4 S1 O5,de-protonated,0,-9999,C19 H26 O5 N4 S1,19,26,5,4,-9999,1,-9999,-9999
543,421.163288,421.163396909,421.16316018,7910979.5,-9999,705285.8,13.96,-1,0.562085099,0.944285392,0,0.566571235,17,0.034482759,0.896551724,S1 O1,de-protonated,0,-9999,C29 H26 O1 S1,29,26,1,-9999,-9999,1,-9999,-9999
543,421.163288,421.163396909,421.163293121,7910979.5,-9999,705285.8,13.96,-1,0.246431273,0.989041404,0,0.593424843,4,0.5,1.722222222,P1 O9,de-protonated,0,-9999,C18 H31 O9 P1,18,31,9,-9999,1,-9999,-9999,-9999
544,421.181107,421.181215915,421.180918244,23238216,-9999,667502.2,44.88,-1,0.706751543,0.456676329,0.761234226,0.578499488,17,0.103448276,0.896551724,O3,de-protonated,0,-9999,C29 H26 O3,29,26,3,-9999,-9999,-9999,-9999,-9999
545,421.199665,421.19977392,421.199678631,14669389,-9999,689119.9,27.59,-1,0.226233832,0.990756129,0,0.594453677,3,0.421052632,1.842105263,P1 O8,de-protonated,0,-9999,C19 H35 O8 P1,19,35,8,-9999,1,-9999,-9999,-9999
546,422.158417,422.158526214,422.158409152,15095620,-9999,699318.5,28.3,-1,0.277295548,0.986144778,0,0.591686867,17,0.035714286,0.892857143,N1 S1 O1,de-protonated,0,-9999,C28 H25 O1 N1 S1,28,25,1,1,-9999,1,-9999,-9999
546,422.158417,422.158526214,422.158542094,15095620,-9999,699318.5,28.3,-1,-0.037614026,0.999743317,0,0.59984599,4,0.529411765,1.764705882,N1 P1 O9,de-protonated,0,-9999,C17 H30 O9 N1 P1,17,30,9,1,1,-9999,-9999,-9999
546,422.158417,422.158526214,422.158469511,15095620,-9999,699318.5,28.3,-1,0.134318701,0.996731743,0.99720471,0.99692093,9,0.263157895,1.368421053,13C1 N4 S1 O5,de-protonated,1,542,C18 H26 O5 N4 S1 13C1,18,26,5,4,-9999,1,1,-9999
547,423.073761,423.073870495,423.07349305,69539888,-9999,667009.6,137.54,-1,0.892150669,0.432761659,0.800793265,0.579974301,20,0.217391304,0.52173913,N4 O5,de-protonated,0,-9999,C23 H12 O5 N4,23,12,5,4,-9999,-9999,-9999,-9999
548,423.15211,423.152219519,423.151940591,24877124,-9999,669499,47.93,-1,0.659168329,0.916359561,0.989605482,0.945657929,17,0.071428571,0.892857143,P1 O2,de-protonated,0,-9999,C28 H25 O2 P1,28,25,2,-9999,1,-9999,-9999,-9999
548,423.15211,423.152219519,423.152137295,24877124,-9999,669499,47.93,-1,0.194312779,0.993172374,0,0.595903424,9,0.444444444,1.333333333,N4 O8,de-protonated,0,-9999,C18 H24 O8 N4,18,24,8,4,-9999,-9999,-9999,-9999
549,423.178917,423.179026528,423.178810244,7895114.5,-9999,601731.4,13.86,-1,0.51109242,0.953708507,0,0.572225104,16,0.034482759,0.965517241,S1 O1,de-protonated,0,-9999,C29 H28 O1 S1,29,28,1,-9999,-9999,1,-9999,-9999
549,423.178917,423.179026528,423.178943186,7895114.5,-9999,601731.4,13.86,-1,0.196942106,0.992987003,0,0.595792202,3,0.5,1.833333333,P1 O9,de-protonated,0,-9999,C18 H33 O9 P1,18,33,9,-9999,1,-9999,-9999,-9999
550,423.215292,423.215401539,423.215328695,7034964,-9999,733471.9,12.13,-1,0.172119386,0.994638989,0,0.596783394,2,0.421052632,1.947368421,P1 O8,de-protonated,0,-9999,C19 H37 O8 P1,19,37,8,-9999,1,-9999,-9999,-9999
551,424.073317,424.073426802,424.073767096,17635632,-9999,707704.6,33.4,-1,-0.802440183,0.889730502,0,0.533838301,10,0.352941176,1.176470588,N3 S1 P1 O6,de-protonated,0,-9999,C17 H20 O6 N3 P1 S1,17,20,6,3,1,1,-9999,-9999
552,424.077072,424.077181803,424.076787526,7395633,-9999,725394,12.85,-1,0.929730022,0.854837518,0,0.512902511,28,0.03125,0.34375,N1 O1,de-protonated,0,-9999,C32 H11 O1 N1,32,11,1,1,-9999,-9999,-9999,-9999
552,424.077072,424.077181803,424.077138399,7395633,-9999,725394,12.85,-1,0.102349307,0.998101061,0,0.598860637,5,0.428571429,1.714285714,N3 S2 P1 O6,de-protonated,0,-9999,C14 H24 O6 N3 P1 S2,14,24,6,3,1,2,-9999,-9999
553,424.155494,424.155603827,424.155295426,7100741,-9999,705371.9,12.26,-1,0.727094851,0.908531319,0.989605482,0.940960984,17,0.071428571,0.892857143,13C1 P1 O2,de-protonated,1,548,C27 H25 O2 P1 13C1,27,25,2,-9999,1,-9999,1,-9999
553,424.155494,424.155603827,424.155431772,7100741,-9999,705371.9,12.26,-1,0.405642598,0.970584666,0,0.5823508,17,0.148148148,0.851851852,N1 O4,de-protonated,0,-9999,C27 H23 O4 N1,27,23,4,1,-9999,-9999,-9999,-9999
554,425.070777,425.070887108,425.07104996100003,26057264,-9999,597470.3,50.3,-1,-0.383119022,0.973718461,0,0.584231076,0,0.833333333,2.25,S2 P1 O10,de-protonated,0,-9999,C12 H27 O10 P1 S2,12,27,10,-9999,1,2,-9999,-9999
555,425.218964,425.219074153,425.21896098,19438164,-9999,696303.6,37.02,-1,0.266153558,0.987228842,0,0.592337305,5,0.130434783,1.652173913,S2 O3,de-protonated,0,-9999,C23 H38 O3 S2,23,38,3,-9999,-9999,2,-9999,-9999
555,425.218964,425.219074153,425.219429011,19438164,-9999,696303.6,37.02,-1,-0.834527038,0.881291103,0,0.528774662,11,0.173913043,1.304347826,N4 O4,de-protonated,0,-9999,C23 H30 O4 N4,23,30,4,4,-9999,-9999,-9999,-9999
556,426.070317,426.070427415,426.070656774,7117614,-9999,704005.8,12.29,-1,-0.538312736,0.948778122,0,0.569266873,23,0.037037037,0.481481481,N3 S1 O1,de-protonated,0,-9999,C27 H13 O1 N3 S1,27,13,1,3,-9999,1,-9999,-9999
556,426.070317,426.070427415,426.070789716,7117614,-9999,704005.8,12.29,-1,-0.850330508,0.877043537,0,0.526226122,10,0.5625,1.125,N3 P1 O9,de-protonated,0,-9999,C16 H18 O9 N3 P1,16,18,9,3,1,-9999,-9999,-9999
557,426.981919,426.982029694,426.98203428,34610196,-9999,668108.5,67.46,-1,-0.010739367,0.999979073,0,0.599987444,12,0.857142857,0.642857143,N2 P1 O12,de-protonated,0,-9999,C14 H9 O12 N2 P1,14,9,12,2,1,-9999,-9999,-9999
558,427.21692,427.217030766,427.21732101,21503058,-9999,662183.3,41.16,-1,-0.679382209,0.919661612,0,0.551796967,10,0.086956522,1.391304348,N4 S1 O2,de-protonated,0,-9999,C23 H32 O2 N4 S1,23,32,2,4,-9999,1,-9999,-9999
559,432.194538,432.194650294,432.19453368,10871097,-9999,687143.3,19.82,-1,0.269818018,0.986877082,0,0.592126249,9,0.217391304,1.391304348,N1 P1 O5,de-protonated,0,-9999,C23 H32 O5 N1 P1,23,32,5,1,1,-9999,-9999,-9999
560,433.163292,433.163404591,433.16316018,9183788,-9999,684284.1,16.44,-1,0.564247433,0.943868186,0,0.566320912,18,0.033333333,0.866666667,S1 O1,de-protonated,0,-9999,C30 H26 O1 S1,30,26,1,-9999,-9999,1,-9999,-9999
560,433.163292,433.163404591,433.163293121,9183788,-9999,684284.1,16.44,-1,0.257338221,0.988055836,0,0.592833501,5,0.473684211,1.631578947,P1 O9,de-protonated,0,-9999,C19 H31 O9 P1,19,31,9,-9999,1,-9999,-9999,-9999
561,433.199682,433.199794602,433.199678631,8888885,-9999,704940.3,15.84,-1,0.267708615,0.987080141,0,0.592248084,4,0.4,1.75,P1 O8,de-protonated,0,-9999,C20 H35 O8 P1,20,35,8,-9999,1,-9999,-9999,-9999
562,435.17895,435.179063209,435.178810244,13181988,-9999,670398.7,24.46,-1,0.58129015,0.940530509,0,0.564318306,17,0.033333333,0.933333333,S1 O1,de-protonated,0,-9999,C30 H28 O1 S1,30,28,1,-9999,-9999,1,-9999,-9999
562,435.17895,435.179063209,435.178943186,13181988,-9999,670398.7,24.46,-1,0.275802466,0.986292557,0,0.591775534,4,0.473684211,1.736842105,P1 O9,de-protonated,0,-9999,C19 H33 O9 P1,19,33,9,-9999,1,-9999,-9999,-9999
563,435.215341,435.21545422,435.215328695,15950893,-9999,635724,30.01,-1,0.288421001,0.985019232,0,0.591011539,3,0.4,1.85,P1 O8,de-protonated,0,-9999,C20 H37 O8 P1,20,37,8,-9999,1,-9999,-9999,-9999
564,436.17416,436.174273515,436.174059216,10396957,-9999,663721.9,18.87,-1,0.491313701,0.957145612,0,0.574287367,17,0.034482759,0.931034483,N1 S1 O1,de-protonated,0,-9999,C29 H27 O1 N1 S1,29,27,1,1,-9999,1,-9999,-9999
564,436.17416,436.174273515,436.174192158,10396957,-9999,663721.9,18.87,-1,0.186523097,0.993707127,0,0.596224276,4,0.5,1.777777778,N1 P1 O9,de-protonated,0,-9999,C18 H32 O9 N1 P1,18,32,9,1,1,-9999,-9999,-9999
567,437.089398,437.089511795,437.089143114,45950464,-9999,661174,89.7,-1,0.84349135,0.439444492,0.793917021,0.581233504,20,0.208333333,0.583333333,N4 O5,de-protonated,0,-9999,C24 H14 O5 N4,24,14,5,4,-9999,-9999,-9999,-9999
568,437.194617,437.194730828,437.194460309,12084763,-9999,632977.7,22.13,-1,0.61876153,0.932887651,0,0.559732591,16,0.033333333,1,S1 O1,de-protonated,0,-9999,C30 H30 O1 S1,30,30,1,-9999,-9999,1,-9999,-9999
568,437.194617,437.194730828,437.19459325,12084763,-9999,632977.7,22.13,-1,0.314682261,0.982192518,0,0.589315511,3,0.473684211,1.842105263,P1 O9,de-protonated,0,-9999,C19 H35 O9 P1,19,35,9,-9999,1,-9999,-9999,-9999
569,437.267388,437.26750185,437.267364269,11052589,-9999,644891.9,20.07,-1,0.314638184,0.982197462,0,0.589318477,1,0.333333333,2.047619048,P1 O7,de-protonated,0,-9999,C21 H43 O7 P1,21,43,7,-9999,1,-9999,-9999,-9999
570,438.088954,438.089068102,438.088927903,9864954,-9999,594758.4,17.7,-1,0.320024364,0.981588428,0,0.588953057,6,0.933333333,1.4,N1 O14,de-protonated,0,-9999,C15 H21 O14 N1,15,21,14,1,-9999,-9999,-9999,-9999
570,438.088954,438.089068102,438.08941716,9864954,-9999,594758.4,17.7,-1,-0.796773914,0.891194611,0,0.534716766,10,0.333333333,1.222222222,N3 S1 P1 O6,de-protonated,0,-9999,C18 H22 O6 N3 P1 S1,18,22,6,3,1,1,-9999,-9999
572,439.086393,439.086507408,439.086700025,17147890,-9999,592115.1,32.23,-1,-0.438676918,0.965685062,0,0.579411037,0,0.769230769,2.230769231,S2 P1 O10,de-protonated,0,-9999,C13 H29 O10 P1 S2,13,29,10,-9999,1,2,-9999,-9999
573,439.210244,439.210358446,439.210110373,7882768.5,-9999,620782.7,13.75,-1,0.564816365,0.94375818,0,0.566254908,15,0.033333333,1.066666667,S1 O1,de-protonated,0,-9999,C30 H32 O1 S1,30,32,1,-9999,-9999,1,-9999,-9999
573,439.210244,439.210358446,439.210243315,7882768.5,-9999,620782.7,13.75,-1,0.262132611,0.987609428,0,0.592565657,2,0.473684211,1.947368421,P1 O9,de-protonated,0,-9999,C19 H37 O9 P1,19,37,9,-9999,1,-9999,-9999,-9999
574,439.246652,439.246766457,439.246628824,10790937,-9999,661261.3,19.55,-1,0.313339111,0.982342861,0,0.589405717,1,0.4,2.05,P1 O8,de-protonated,0,-9999,C20 H41 O8 P1,20,41,8,-9999,1,-9999,-9999,-9999
577,447.134143,447.134259877,447.134379231,9809854,-9999,686603.3,17.59,-1,-0.266929996,0.987154701,0,0.592292821,11,0.3,1.2,N4 S1 O6,de-protonated,0,-9999,C20 H24 O6 N4 S1,20,24,6,4,-9999,1,-9999,-9999
578,447.178894,447.179010891,447.178810244,7483337,-9999,657436.7,12.94,-1,0.448694789,0.964128666,0,0.5784772,18,0.032258065,0.903225806,S1 O1,de-protonated,0,-9999,C31 H28 O1 S1,31,28,1,-9999,-9999,1,-9999,-9999
578,447.178894,447.179010891,447.178943186,7483337,-9999,657436.7,12.94,-1,0.151404875,0.995849211,0,0.597509527,5,0.45,1.65,P1 O9,de-protonated,0,-9999,C20 H33 O9 P1,20,33,9,-9999,1,-9999,-9999,-9999
579,447.215254,447.215370902,447.215328695,7638994,-9999,645613.4,13.26,-1,0.094377081,0.998385136,0,0.599031081,4,0.380952381,1.761904762,P1 O8,de-protonated,0,-9999,C21 H37 O8 P1,21,37,8,-9999,1,-9999,-9999,-9999
581,449.173451,449.173568503,449.173463882,900673984,-9999,618475,1795.03,-1,0.232918062,0.742888739,0.983031206,0.838945726,9,0.304347826,1.347826087,P1 O7,de-protonated,0,-9999,C23 H31 O7 P1,23,31,7,-9999,1,-9999,-9999,-9999
582,449.194556,449.194673509,449.194460309,9155005,-9999,700903,16.28,-1,0.474629089,0.959948685,0,0.575969211,17,0.032258065,0.967741935,S1 O1,de-protonated,0,-9999,C31 H30 O1 S1,31,30,1,-9999,-9999,1,-9999,-9999
582,449.194556,449.194673509,449.19459325,9155005,-9999,700903,16.28,-1,0.178673183,0.994224158,0,0.596534495,4,0.45,1.75,P1 O9,de-protonated,0,-9999,C20 H35 O9 P1,20,35,9,-9999,1,-9999,-9999,-9999
583,449.231,449.23111752,449.23097876,7254470,-9999,672944.8,12.49,-1,0.308885329,0.982836947,0,0.589702168,3,0.380952381,1.857142857,P1 O8,de-protonated,0,-9999,C21 H39 O8 P1,21,39,8,-9999,1,-9999,-9999,-9999
584,450.175976,450.17609381,450.176303614,17904304,-9999,1279224.5,33.74,-1,-0.466048115,0.961355695,0,0.576813417,0,0.785714286,2.357142857,N3 S1 O11,de-protonated,0,-9999,C14 H33 O11 N3 S1,14,33,11,3,-9999,1,-9999,-9999
585,450.176807,450.176924811,450.176818717,243479216,-9999,625357.7,483.8,-1,0.235670459,0.742830814,0.983031206,0.838910971,9,0.304347826,1.347826087,13C1 P1 O7,de-protonated,1,581,C22 H31 O7 P1 13C1,22,31,7,-9999,1,-9999,1,-9999
585,450.176807,450.176924811,450.176955063,243479216,-9999,625357.7,483.8,-1,-0.06720078,0.665969834,0.897113478,0.758427292,9,0.409090909,1.318181818,N1 O9,de-protonated,0,-9999,C22 H29 O9 N1,22,29,9,1,-9999,-9999,-9999,-9999
586,450.189817,450.189934815,450.189709281,8942260,-9999,694708.1,15.85,-1,0.500975265,0.955482047,0,0.573289228,17,0.033333333,0.966666667,N1 S1 O1,de-protonated,0,-9999,C30 H29 O1 N1 S1,30,29,1,1,-9999,1,-9999,-9999
586,450.189817,450.189934815,450.189842222,8942260,-9999,694708.1,15.85,-1,0.20567363,0.992353805,0,0.595412283,4,0.473684211,1.789473684,N1 P1 O9,de-protonated,0,-9999,C19 H34 O9 N1 P1,19,34,9,1,1,-9999,-9999,-9999
587,451.170502,451.170620116,451.17035356,299316128,-9999,614410.5,595.2,-1,0.590808319,0.940837532,0.937522192,0.939511396,22,0.060606061,0.727272727,O2,de-protonated,0,-9999,C33 H24 O2,33,24,2,-9999,-9999,-9999,-9999,-9999
588,451.171324,451.171442116,451.171355882,22229928,-9999,1182988.3,42.37,-1,0.191133257,0.993393252,0,0.596035951,8,0.217391304,1.434782609,S1 P1 O5,de-protonated,0,-9999,C23 H33 O5 P1 S1,23,33,5,-9999,1,1,-9999,-9999
588,451.171324,451.171442116,451.171552586,22229928,-9999,1182988.3,42.37,-1,-0.244852848,0.989180578,0,0.593508347,0,0.846153846,2.461538462,N4 S1 O11,de-protonated,0,-9999,C13 H32 O11 N4 S1,13,32,11,4,-9999,1,-9999,-9999
589,451.180154,451.180272118,451.180173552,29045674,-9999,631752.7,55.96,-1,0.218462923,0.743181992,0.983031206,0.839121677,9,0.304347826,1.347826087,13C2 P1 O7,de-protonated,1,581,C21 H31 O7 P1 13C2,21,31,7,-9999,1,-9999,2,-9999
589,451.180154,451.180272118,451.180309898,29045674,-9999,631752.7,55.96,-1,-0.083734772,0.665819053,0.897113478,0.758336823,9,0.409090909,1.318181818,13C1 N1 O9,de-protonated,1,585,C21 H29 O9 N1 13C1,21,29,9,1,-9999,-9999,1,-9999
590,451.210224,451.210342128,451.210110373,11645873,-9999,670951.6,21.25,-1,0.51362926,0.953258762,0,0.571955257,16,0.032258065,1.032258065,S1 O1,de-protonated,0,-9999,C31 H32 O1 S1,31,32,1,-9999,-9999,1,-9999,-9999
590,451.210224,451.210342128,451.210243315,11645873,-9999,670951.6,21.25,-1,0.218995439,0.991335656,0,0.594801393,3,0.45,1.85,P1 O9,de-protonated,0,-9999,C20 H37 O9 P1,20,37,9,-9999,1,-9999,-9999,-9999
591,452.173858,452.173976423,452.173708395,79901856,-9999,611240.6,157.43,-1,0.592754418,0.940706797,0.937522192,0.939432955,22,0.060606061,0.727272727,13C1 O2,de-protonated,1,587,C32 H24 O2 13C1,32,24,2,-9999,-9999,-9999,1,-9999
593,453.177196,453.177314731,453.17706323,10843547,-9999,573382.2,19.52,-1,0.554972312,0.943177265,0.937522192,0.940915236,22,0.060606061,0.727272727,13C2 O2,de-protonated,1,587,C31 H24 O2 13C2,31,24,2,-9999,-9999,-9999,2,-9999
593,453.177196,453.177314731,453.17749009,10843547,-9999,573382.2,19.52,-1,-0.386954232,0.973196795,0,0.583918077,7,0.217391304,1.47826087,S2 O5,de-protonated,0,-9999,C23 H34 O5 S2,23,34,5,-9999,-9999,2,-9999,-9999
593,453.177196,453.177314731,453.177109968,10843547,-9999,573382.2,19.52,-1,0.45184006,0.963633289,0,0.578179974,12,0.08,1.24,N2 S1 P1 O2,de-protonated,0,-9999,C25 H31 O2 N2 P1 S1,25,31,2,2,1,1,-9999,-9999
594,453.189491,453.189609735,453.189374928,12170654,-9999,668941,22.15,-1,0.518120829,0.952457537,0,0.571474522,16,0.066666667,1,S1 O2,de-protonated,0,-9999,C30 H30 O2 S1,30,30,2,-9999,-9999,1,-9999,-9999
594,453.189491,453.189609735,453.18950787,12170654,-9999,668941,22.15,-1,0.224773793,0.990874513,0,0.594524708,3,0.526315789,1.842105263,P1 O10,de-protonated,0,-9999,C19 H35 O10 P1,19,35,10,-9999,1,-9999,-9999,-9999
595,453.225835,453.225953746,453.225760437,7812519,-9999,693292.4,13.51,-1,0.426517361,0.967530228,0,0.580518137,15,0.032258065,1.096774194,S1 O1,de-protonated,0,-9999,C31 H34 O1 S1,31,34,1,-9999,-9999,1,-9999,-9999
595,453.225835,453.225953746,453.225893379,7812519,-9999,693292.4,13.51,-1,0.133193902,0.996786164,0,0.598071698,2,0.45,1.95,P1 O9,de-protonated,0,-9999,C20 H39 O9 P1,20,39,9,-9999,1,-9999,-9999,-9999
596,455.205183,455.205302353,455.205024993,7935892.5,-9999,642475.8,13.76,-1,0.609309661,0.934854549,0,0.560912729,15,0.066666667,1.066666667,S1 O2,de-protonated,0,-9999,C30 H32 O2 S1,30,32,2,-9999,-9999,1,-9999,-9999
596,455.205183,455.205302353,455.205157934,7935892.5,-9999,642475.8,13.76,-1,0.317261541,0.981902074,0,0.589141244,2,0.526315789,1.947368421,P1 O10,de-protonated,0,-9999,C19 H37 O10 P1,19,37,10,-9999,1,-9999,-9999,-9999
597,459.303322,459.303442611,459.303355855,16448408,-9999,586170.8,30.63,-1,0.188885122,0.993547257,0,0.596128354,7,0.107142857,1.607142857,P1 O3,de-protonated,0,-9999,C28 H45 O3 P1,28,45,3,-9999,1,-9999,-9999,-9999
598,461.194589,461.194710191,461.194460309,9469301,-9999,618104,16.79,-1,0.541815769,0.94812696,0,0.568876176,18,0.03125,0.9375,S1 O1,de-protonated,0,-9999,C32 H30 O1 S1,32,30,1,-9999,-9999,1,-9999,-9999
598,461.194589,461.194710191,461.19459325,9469301,-9999,618104,16.79,-1,0.253560434,0.988401921,0,0.593041153,5,0.428571429,1.666666667,P1 O9,de-protonated,0,-9999,C21 H35 O9 P1,21,35,9,-9999,1,-9999,-9999,-9999
599,461.230997,461.231118202,461.23097876,7355773.5,-9999,582671.6,12.6,-1,0.302326877,0.983552079,0,0.590131248,4,0.363636364,1.772727273,P1 O8,de-protonated,0,-9999,C22 H39 O8 P1,22,39,8,-9999,1,-9999,-9999,-9999
600,461.282612,461.282733218,461.28262041,8666507,-9999,573465.5,15.2,-1,0.244552281,0.98920698,0,0.593524188,7,0.148148148,1.592592593,P1 O4,de-protonated,0,-9999,C27 H43 O4 P1,27,43,4,-9999,1,-9999,-9999,-9999
601,463.173848,463.173969798,463.173724864,7929706,-9999,603638.6,13.74,-1,0.528817925,0.950524031,0,0.570314419,18,0.064516129,0.903225806,S1 O2,de-protonated,0,-9999,C31 H28 O2 S1,31,28,2,-9999,-9999,1,-9999,-9999
601,463.173848,463.173969798,463.173857805,7929706,-9999,603638.6,13.74,-1,0.241794385,0.989447758,0,0.593668655,5,0.5,1.65,P1 O10,de-protonated,0,-9999,C20 H33 O10 P1,20,33,10,-9999,1,-9999,-9999,-9999
602,463.210186,463.210307809,463.210110373,9994099,-9999,605423.2,17.83,-1,0.426235012,0.967572498,0,0.580543499,17,0.03125,1,S1 O1,de-protonated,0,-9999,C32 H32 O1 S1,32,32,1,-9999,-9999,1,-9999,-9999
602,463.210186,463.210307809,463.210243315,9994099,-9999,605423.2,17.83,-1,0.139234047,0.996488593,0,0.597893156,4,0.428571429,1.761904762,P1 O9,de-protonated,0,-9999,C21 H37 O9 P1,21,37,9,-9999,1,-9999,-9999,-9999
603,463.246655,463.246776821,463.246628824,8732540,-9999,578113.5,15.33,-1,0.319476638,0.981650816,0,0.588990489,3,0.363636364,1.863636364,P1 O8,de-protonated,0,-9999,C22 H41 O8 P1,22,41,8,-9999,1,-9999,-9999,-9999
604,465.119959,465.120081395,465.119975213,10469721,-9999,590466,18.78,-1,0.228290701,0.990588075,0,0.594352845,14,0.153846154,1,S2 O4,de-protonated,0,-9999,C26 H26 O4 S2,26,26,4,-9999,-9999,2,-9999,-9999
604,465.119959,465.120081395,465.120108154,10469721,-9999,590466,18.78,-1,-0.05753173,0.999399603,0,0.599639762,1,0.8,2.066666667,S1 P1 O12,de-protonated,0,-9999,C15 H31 O12 P1 S1,15,31,12,-9999,1,1,-9999,-9999
604,465.119959,465.120081395,465.120443243,10469721,-9999,590466,18.78,-1,-0.777966417,0.895996739,0,0.537598044,20,0.192307692,0.692307692,N4 O5,de-protonated,0,-9999,C26 H18 O5 N4,26,18,5,4,-9999,-9999,-9999,-9999
605,465.168364,465.16848641,465.168378502,161431904,-9999,601752.9,318.09,-1,0.231977003,0.989989199,0.997794375,0.993111269,9,0.347826087,1.347826087,P1 O8,de-protonated,0,-9999,C23 H31 O8 P1,23,31,8,-9999,1,-9999,-9999,-9999
606,465.189503,465.189625417,465.189374928,8995179,-9999,612355.2,15.85,-1,0.538465699,0.948749767,0,0.56924986,17,0.064516129,0.967741935,S1 O2,de-protonated,0,-9999,C31 H30 O2 S1,31,30,2,-9999,-9999,1,-9999,-9999
606,465.189503,465.189625417,465.18950787,8995179,-9999,612355.2,15.85,-1,0.252685819,0.988481333,0,0.5930888,4,0.5,1.75,P1 O10,de-protonated,0,-9999,C20 H35 O10 P1,20,35,10,-9999,1,-9999,-9999,-9999
607,465.225912,465.226034428,465.225760437,10371444,-9999,633592.7,18.58,-1,0.588940608,0.939003882,0,0.563402329,16,0.03125,1.0625,S1 O1,de-protonated,0,-9999,C32 H34 O1 S1,32,34,1,-9999,-9999,1,-9999,-9999
607,465.225912,465.226034428,465.225893379,10371444,-9999,633592.7,18.58,-1,0.303183065,0.983459562,0,0.590075737,3,0.428571429,1.857142857,P1 O9,de-protonated,0,-9999,C21 H39 O9 P1,21,39,9,-9999,1,-9999,-9999,-9999
608,465.304211,465.304333452,465.304404683,7414152.5,-9999,672669.8,12.72,-1,-0.153084958,0.995756777,0,0.597454066,5,0.148148148,1.703703704,S1 O4,de-protonated,0,-9999,C27 H46 O4 S1,27,46,4,-9999,-9999,1,-9999,-9999
608,465.304211,465.304333452,465.30402456,7414152.5,-9999,672669.8,12.72,-1,0.663848577,0.923150025,0,0.553890015,10,0.034482759,1.482758621,N2 P1 O1,de-protonated,0,-9999,C29 H43 O1 N2 P1,29,43,1,2,1,-9999,-9999,-9999
609,466.171722,466.171844718,466.171733337,40714856,-9999,615498.9,78.74,-1,0.238927253,0.98969524,0.997794375,0.992934894,9,0.347826087,1.347826087,13C1 P1 O8,de-protonated,1,605,C22 H31 O8 P1 13C1,22,31,8,-9999,1,-9999,1,-9999
609,466.171722,466.171844718,466.171869682,40714856,-9999,615498.9,78.74,-1,-0.053552112,0.499739886,0.807789663,0.622959797,9,0.454545455,1.318181818,N1 O10,de-protonated,0,-9999,C22 H29 O10 N1,22,29,10,1,-9999,-9999,-9999,-9999
611,467.023218,467.023340979,467.023097446,11502401,-9999,649664.3,20.82,-1,0.521459017,0.951857979,0,0.571114787,21,0.269230769,0.461538462,S1 O7,de-protonated,0,-9999,C26 H12 O7 S1,26,12,7,-9999,-9999,1,-9999,-9999
612,467.117869,467.117992008,467.118000154,8135513,-9999,541493,14.15,-1,-0.017438667,0.999944822,0,0.599966893,0,0.666666667,2.2,S2 P1 O10,de-protonated,0,-9999,C15 H33 O10 P1 S2,15,33,10,-9999,1,2,-9999,-9999
612,467.117869,467.117992008,467.118335243,8135513,-9999,541493,14.15,-1,-0.734792042,0.906678229,0,0.544006937,19,0.115384615,0.769230769,N4 S1 O3,de-protonated,0,-9999,C26 H20 O3 N4 S1,26,20,3,4,-9999,1,-9999,-9999
613,467.165413,467.165536023,467.16526818,48841572,-9999,602968.4,94.86,-1,0.57333661,0.945380235,0.930646418,0.939486708,22,0.090909091,0.727272727,O3,de-protonated,0,-9999,C33 H24 O3,33,24,3,-9999,-9999,-9999,-9999,-9999
614,467.205162,467.205285035,467.205024993,9864047,-9999,583246,17.57,-1,0.55659178,0.945338903,0,0.567203342,16,0.064516129,1.032258065,S1 O2,de-protonated,0,-9999,C31 H32 O2 S1,31,32,2,-9999,-9999,1,-9999,-9999
614,467.205162,467.205285035,467.205157934,9864047,-9999,583246,17.57,-1,0.272044828,0.986661038,0,0.591996623,3,0.5,1.85,P1 O10,de-protonated,0,-9999,C20 H37 O10 P1,20,37,10,-9999,1,-9999,-9999,-9999
615,467.265851,467.265974054,467.265911173,14615423,-9999,627358.2,26.99,-1,0.13457084,0.996719482,0,0.598031689,5,0.115384615,1.692307692,S2 O3,de-protonated,0,-9999,C26 H44 O3 S2,26,44,3,-9999,-9999,2,-9999,-9999
615,467.265851,467.265974054,467.266379204,14615423,-9999,627358.2,26.99,-1,-0.867064916,0.872481868,0,0.523489121,11,0.153846154,1.384615385,N4 O4,de-protonated,0,-9999,C26 H36 O4 N4,26,36,4,4,-9999,-9999,-9999,-9999
616,468.168752,468.168875331,468.168623015,11732071,-9999,636937.6,21.28,-1,0.538941951,0.948661439,0.930646418,0.94145543,22,0.090909091,0.727272727,13C1 O3,de-protonated,1,613,C32 H24 O3 13C1,32,24,3,-9999,-9999,-9999,1,-9999
618,469.021173,469.021296592,469.020989446,10192195,-9999,654377.5,18.22,-1,0.65486764,0.925135964,0,0.555081578,20,0.192307692,0.538461538,S2 O5,de-protonated,0,-9999,C26 H14 O5 S2,26,14,5,-9999,-9999,2,-9999,-9999
618,469.021173,469.021296592,469.021122387,10192195,-9999,654377.5,18.22,-1,0.371422373,0.975279017,0,0.58516741,7,0.866666667,1.266666667,S1 P1 O13,de-protonated,0,-9999,C15 H19 O13 P1 S1,15,19,13,-9999,1,1,-9999,-9999
619,469.263844,469.263967667,469.264271204,13731202,-9999,565749.3,25.24,-1,-0.646835968,0.926892631,0,0.556135579,10,0.076923077,1.461538462,N4 S1 O2,de-protonated,0,-9999,C26 H38 O2 N4 S1,26,38,2,4,-9999,1,-9999,-9999
620,473.282412,473.2825369,473.28262041,75319704,-9999,591181.2,146.27,-1,-0.176449921,0.995682958,0.98629897,0.991929363,8,0.142857143,1.535714286,P1 O4,de-protonated,0,-9999,C28 H43 O4 P1,28,43,4,-9999,1,-9999,-9999,-9999
620,473.282412,473.2825369,473.282817115,75319704,-9999,591181.2,146.27,-1,-0.59206707,0.943100095,0.944212707,0.94354514,0,0.555555556,2.333333333,N4 O10,de-protonated,0,-9999,C18 H42 O10 N4,18,42,10,4,-9999,-9999,-9999,-9999
621,474.285789,474.285914207,474.285975245,21088930,-9999,604283.6,39.53,-1,-0.128694317,0.996999317,0.98629897,0.992719178,8,0.142857143,1.535714286,13C1 P1 O4,de-protonated,1,620,C27 H43 O4 P1 13C1,27,43,4,-9999,1,-9999,1,-9999
621,474.285789,474.285914207,474.286111591,21088930,-9999,604283.6,39.53,-1,-0.416169744,0.969062263,0,0.581437358,8,0.222222222,1.518518519,N1 O6,de-protonated,0,-9999,C27 H41 O6 N1,27,41,6,1,-9999,-9999,-9999,-9999
621,474.285789,474.285914207,474.28617195,21088930,-9999,604283.6,39.53,-1,-0.543432246,0.947825208,0.944212707,0.946380208,0,0.555555556,2.333333333,13C1 N4 O10,de-protonated,1,620,C17 H42 O10 N4 13C1,17,42,10,4,-9999,-9999,1,-9999
622,475.298241,475.298366518,475.298270475,21056428,-9999,619941.6,39.47,-1,0.202069589,0.496309222,0.767553728,0.604807024,7,0.142857143,1.607142857,P1 O4,de-protonated,0,-9999,C28 H45 O4 P1,28,45,4,-9999,1,-9999,-9999,-9999
624,477.262289,477.262415121,477.262278889,7228854.5,-9999,621157.5,12.25,-1,0.285444906,0.98532453,0,0.591194718,3,0.347826087,1.869565217,P1 O8,de-protonated,0,-9999,C23 H43 O8 P1,23,43,8,-9999,1,-9999,-9999,-9999
625,479.147631,479.147757699,479.147510115,19189678,-9999,587647,35.79,-1,0.516717491,0.476354274,0.73113591,0.578266928,23,0.029411765,0.705882353,S1 O1,de-protonated,0,-9999,C34 H24 O1 S1,34,24,1,-9999,-9999,1,-9999,-9999
625,479.147631,479.147757699,479.147643057,19189678,-9999,587647,35.79,-1,0.239262722,0.989666433,0,0.59379986,10,0.391304348,1.260869565,P1 O9,de-protonated,0,-9999,C23 H29 O9 P1,23,29,9,-9999,1,-9999,-9999,-9999
626,479.241503,479.241629728,479.241410502,10407879,-9999,615261.5,18.51,-1,0.457443649,0.962742796,0,0.577645678,16,0.03030303,1.090909091,S1 O1,de-protonated,0,-9999,C33 H36 O1 S1,33,36,1,-9999,-9999,1,-9999,-9999
626,479.241503,479.241629728,479.241543444,10407879,-9999,615261.5,18.51,-1,0.18004326,0.9941355,0,0.5964813,3,0.409090909,1.863636364,P1 O9,de-protonated,0,-9999,C22 H41 O9 P1,22,41,9,-9999,1,-9999,-9999,-9999
627,480.200358,480.200485022,480.200273965,8769737,-9999,661518.8,15.28,-1,0.439519265,0.965555451,0,0.579333271,17,0.064516129,1,N1 S1 O2,de-protonated,0,-9999,C31 H31 O2 N1 S1,31,31,2,1,-9999,1,-9999,-9999
627,480.200358,480.200485022,480.200406907,8769737,-9999,661518.8,15.28,-1,0.162672793,0.995209935,0,0.597125961,4,0.5,1.8,N1 P1 O10,de-protonated,0,-9999,C20 H36 O10 N1 P1,20,36,10,1,1,-9999,-9999,-9999
629,481.163265,481.163392317,481.16316018,327111104,-9999,589658.3,641.82,-1,0.482451413,0.478795486,0.890340699,0.643413571,22,0.029411765,0.764705882,S1 O1,de-protonated,0,-9999,C34 H26 O1 S1,34,26,1,-9999,-9999,1,-9999,-9999
629,481.163265,481.163392317,481.163293121,327111104,-9999,589658.3,641.82,-1,0.206158944,0.99201018,0.984288866,0.988921654,9,0.391304348,1.347826087,P1 O9,de-protonated,0,-9999,C23 H31 O9 P1,23,31,9,-9999,1,-9999,-9999,-9999
630,481.220807,481.220934335,481.220675057,11571676,-9999,598522.3,20.8,-1,0.5387925,0.948689164,0,0.569213499,16,0.0625,1.0625,S1 O2,de-protonated,0,-9999,C32 H34 O2 S1,32,34,2,-9999,-9999,1,-9999,-9999
630,481.220807,481.220934335,481.220807999,11571676,-9999,598522.3,20.8,-1,0.262533038,0.98757178,0,0.592543068,3,0.476190476,1.857142857,P1 O10,de-protonated,0,-9999,C21 H39 O10 P1,21,39,10,-9999,1,-9999,-9999,-9999
631,481.293538,481.293665357,481.293579017,7852527,-9999,626033.6,13.48,-1,0.179391495,0.994177759,0,0.596506656,1,0.347826087,2.043478261,P1 O8,de-protonated,0,-9999,C23 H47 O8 P1,23,47,8,-9999,1,-9999,-9999,-9999
632,482.166626,482.166753625,482.166515015,88953560,-9999,583865.1,173.1,-1,0.494871803,0.478268198,0.890340699,0.643097199,22,0.029411765,0.764705882,13C1 S1 O1,de-protonated,1,629,C33 H26 O1 S1 13C1,33,26,1,-9999,-9999,1,1,-9999
632,482.166626,482.166753625,482.166647956,88953560,-9999,583865.1,173.1,-1,0.219154276,0.99167862,0.984288866,0.988722719,9,0.391304348,1.347826087,13C1 P1 O9,de-protonated,1,629,C22 H31 O9 P1 13C1,22,31,9,-9999,1,-9999,1,-9999
632,482.166626,482.166753625,482.166784302,88953560,-9999,583865.1,173.1,-1,-0.063622668,0.999095285,0.91490254,0.965418187,9,0.5,1.318181818,N1 O11,de-protonated,0,-9999,C22 H29 O11 N1,22,29,11,1,-9999,-9999,-9999,-9999
634,483.160316,483.16044393,483.160182799,108614632,-9999,583267.2,211.79,-1,0.540464035,0.633021642,0.916297911,0.746332149,22,0.121212121,0.727272727,O4,de-protonated,0,-9999,C33 H24 O4,33,24,4,-9999,-9999,-9999,-9999,-9999
635,483.169974,483.170101933,483.170002791,10671082,-9999,607372.7,19.03,-1,0.205189984,0.992034103,0.984288866,0.988936008,9,0.391304348,1.347826087,13C2 P1 O9,de-protonated,1,629,C21 H31 O9 P1 13C2,21,31,9,-9999,1,-9999,2,-9999
635,483.169974,483.170101933,483.170139137,10671082,-9999,607372.7,19.03,-1,-0.076999739,0.998924776,0.91490254,0.965315882,9,0.5,1.318181818,13C1 N1 O11,de-protonated,1,632,C21 H29 O11 N1 13C1,21,29,11,1,-9999,-9999,1,-9999
635,483.169974,483.170101933,483.169916587,10671082,-9999,607372.7,19.03,-1,0.383604647,0.973652678,0,0.584191607,12,0.038461538,1.269230769,N2 S2 P1 O1,de-protonated,0,-9999,C26 H33 O1 N2 P1 S2,26,33,1,2,1,2,-9999,-9999
636,484.163665,484.163793238,484.163537635,29119736,-9999,592867,55.33,-1,0.527927952,0.633790834,0.916297911,0.746793664,22,0.121212121,0.727272727,13C1 O4,de-protonated,1,634,C32 H24 O4 13C1,32,24,4,-9999,-9999,-9999,1,-9999
637,489.139989,489.140118765,489.140235201,8157765.5,-9999,574632.5,13.96,-1,-0.238042476,0.989771027,0,0.593862616,12,0.458333333,1.083333333,O11,de-protonated,0,-9999,C24 H26 O11,24,26,11,-9999,-9999,-9999,-9999,-9999
637,489.139989,489.140118765,489.14007301,8157765.5,-9999,574632.5,13.96,-1,0.093542075,0.998413562,0,0.599048137,7,0.263157895,1.631578947,N4 S2 P1 O5,de-protonated,0,-9999,C19 H31 O5 N4 P1 S2,19,31,5,4,1,2,-9999,-9999
638,489.225839,489.225968791,489.225760437,11033181,-9999,582718.2,19.58,-1,0.425884455,0.967624944,0,0.580574966,18,0.029411765,1,S1 O1,de-protonated,0,-9999,C34 H34 O1 S1,34,34,1,-9999,-9999,1,-9999,-9999
638,489.225839,489.225968791,489.225893379,11033181,-9999,582718.2,19.58,-1,0.154145391,0.995697914,0,0.597418749,5,0.391304348,1.695652174,P1 O9,de-protonated,0,-9999,C23 H39 O9 P1,23,39,9,-9999,1,-9999,-9999,-9999
639,491.205105,491.205235398,491.205024993,8756348,-9999,597552.3,15.13,-1,0.428346159,0.967255806,0,0.580353483,18,0.060606061,0.96969697,S1 O2,de-protonated,0,-9999,C33 H32 O2 S1,33,32,2,-9999,-9999,1,-9999,-9999
639,491.205105,491.205235398,491.205157934,8756348,-9999,597552.3,15.13,-1,0.157702041,0.99549755,0,0.59729853,5,0.454545455,1.681818182,P1 O10,de-protonated,0,-9999,C22 H37 O10 P1,22,37,10,-9999,1,-9999,-9999,-9999
640,491.241519,491.24164941,491.241410502,9329798,-9999,623808.4,16.25,-1,0.486334423,0.957991421,0,0.574794853,17,0.029411765,1.058823529,S1 O1,de-protonated,0,-9999,C34 H36 O1 S1,34,36,1,-9999,-9999,1,-9999,-9999
640,491.241519,491.24164941,491.241543444,9329798,-9999,623808.4,16.25,-1,0.215710335,0.991592562,0,0.594955537,4,0.391304348,1.782608696,P1 O9,de-protonated,0,-9999,C23 H41 O9 P1,23,41,9,-9999,1,-9999,-9999,-9999
641,493.122888,493.123018987,493.123403367,11083403,-9999,618599.8,19.67,-1,-0.779480766,0.895613379,0,0.537368028,29,0.054054054,0.486486486,O2,de-protonated,0,-9999,C37 H18 O2,37,18,2,-9999,-9999,-9999,-9999,-9999
641,493.122888,493.123018987,493.123264983,11083403,-9999,618599.8,19.67,-1,-0.49885251,0.955850079,0,0.573510047,2,0.9375,1.875,S1 O15,de-protonated,0,-9999,C16 H30 O15 S1,16,30,15,-9999,-9999,1,-9999,-9999
641,493.122888,493.123018987,493.122751918,11083403,-9999,618599.8,19.67,-1,0.541586188,0.948169751,0,0.568901851,20,0.137931034,0.75862069,N2 S1 O4,de-protonated,0,-9999,C29 H22 O4 N2 S1,29,22,4,2,-9999,1,-9999,-9999
641,493.122888,493.123018987,493.12288486,11083403,-9999,618599.8,19.67,-1,0.271994559,0.986665934,0,0.591999561,7,0.666666667,1.5,N2 P1 O12,de-protonated,0,-9999,C18 H27 O12 N2 P1,18,27,12,2,1,-9999,-9999,-9999
642,493.22078,493.220911017,493.220675057,10051238,-9999,580537.7,17.66,-1,0.478406031,0.959321914,0,0.575593148,17,0.060606061,1.03030303,S1 O2,de-protonated,0,-9999,C33 H34 O2 S1,33,34,2,-9999,-9999,1,-9999,-9999
642,493.22078,493.220911017,493.220807999,10051238,-9999,580537.7,17.66,-1,0.208867943,0.992115401,0,0.59526924,4,0.454545455,1.772727273,P1 O10,de-protonated,0,-9999,C22 H39 O10 P1,22,39,10,-9999,1,-9999,-9999,-9999
643,493.257109,493.257240028,493.257060566,20340400,-9999,567197.6,37.75,-1,0.363829645,0.488133713,0.73113591,0.585334592,16,0.029411765,1.117647059,S1 O1,de-protonated,0,-9999,C34 H38 O1 S1,34,38,1,-9999,-9999,1,-9999,-9999
643,493.257109,493.257240028,493.257193508,20340400,-9999,567197.6,37.75,-1,0.094311471,0.998387378,0,0.599032427,3,0.391304348,1.869565217,P1 O9,de-protonated,0,-9999,C23 H43 O9 P1,23,43,9,-9999,1,-9999,-9999,-9999
645,495.120891,495.1210226,495.121428308,11034801,-9999,572299.5,19.58,-1,-0.819412446,0.88529769,0,0.531178614,15,0.307692308,0.961538462,P1 O8,de-protonated,0,-9999,C26 H25 O8 P1,26,25,8,-9999,1,-9999,-9999,-9999
645,495.120891,495.1210226,495.121156982,11034801,-9999,572299.5,19.58,-1,-0.271413367,0.986722478,0,0.592033487,1,0.8125,2,S2 O13,de-protonated,0,-9999,C16 H32 O13 S2,16,32,13,-9999,-9999,2,-9999,-9999
645,495.120891,495.1210226,495.120643918,11034801,-9999,572299.5,19.58,-1,0.764827228,0.899298424,0,0.539579054,19,0.068965517,0.827586207,N2 S2 O2,de-protonated,0,-9999,C29 H24 O2 N2 S2,29,24,2,2,-9999,2,-9999,-9999
645,495.120891,495.1210226,495.12077686,11034801,-9999,572299.5,19.58,-1,0.496323384,0.956286708,0,0.573772025,6,0.555555556,1.611111111,N2 S1 P1 O10,de-protonated,0,-9999,C18 H29 O10 N2 P1 S1,18,29,10,2,1,1,-9999,-9999
646,495.142519,495.142650606,495.142424735,35020984,-9999,583822.5,66.41,-1,0.4561751,0.963737934,0.928175854,0.949513102,23,0.058823529,0.705882353,S1 O2,de-protonated,0,-9999,C34 H24 O2 S1,34,24,2,-9999,-9999,1,-9999,-9999
646,495.142519,495.142650606,495.142557676,35020984,-9999,583822.5,66.41,-1,0.18768315,0.993942422,0.997833209,0.995498737,10,0.434782609,1.260869565,P1 O10,de-protonated,0,-9999,C23 H29 O10 P1,23,29,10,-9999,1,-9999,-9999,-9999
647,495.236411,495.236542635,495.236325121,10952913,-9999,576005.7,19.42,-1,0.439211909,0.96560277,0,0.579361662,16,0.060606061,1.090909091,S1 O2,de-protonated,0,-9999,C33 H36 O2 S1,33,36,2,-9999,-9999,1,-9999,-9999
647,495.236411,495.236542635,495.236458063,10952913,-9999,576005.7,19.42,-1,0.170770872,0.994722444,0,0.596833466,3,0.454545455,1.863636364,P1 O10,de-protonated,0,-9999,C22 H41 O10 P1,22,41,10,-9999,1,-9999,-9999,-9999
648,495.303341,495.303472656,495.303355855,9838820,-9999,543645.3,17.24,-1,0.235816222,0.989960503,0,0.593976302,10,0.096774194,1.451612903,P1 O3,de-protonated,0,-9999,C31 H45 O3 P1,31,45,3,-9999,1,-9999,-9999,-9999
648,495.303341,495.303472656,495.30355256,9838820,-9999,543645.3,17.24,-1,-0.161323139,0.995288902,0,0.597173341,2,0.428571429,2.095238095,N4 O9,de-protonated,0,-9999,C21 H44 O9 N4,21,44,9,4,-9999,-9999,-9999,-9999
649,496.145869,496.146000914,496.14577957,8593868,-9999,585634.6,14.81,-1,0.446127766,0.964530592,0.928175854,0.949988697,23,0.058823529,0.705882353,13C1 S1 O2,de-protonated,1,646,C33 H24 O2 S1 13C1,33,24,2,-9999,-9999,1,1,-9999
649,496.145869,496.146000914,496.145912512,8593868,-9999,585634.6,14.81,-1,0.17817879,0.994255985,0.997833209,0.995686875,10,0.434782609,1.260869565,13C1 P1 O10,de-protonated,1,646,C22 H29 O10 P1 13C1,22,29,10,-9999,1,-9999,1,-9999
649,496.145869,496.146000914,496.146048857,8593868,-9999,585634.6,14.81,-1,-0.096630704,0.998307159,0,0.59898429500000006,10,0.545454545,1.227272727,N1 O12,de-protonated,0,-9999,C22 H27 O12 N1,22,27,12,1,-9999,-9999,-9999,-9999
649,496.145869,496.146000914,496.145535793,8593868,-9999,585634.6,14.81,-1,0.937469502,0.852598948,0,0.511559369,28,0.028571429,0.542857143,N3 O1,de-protonated,0,-9999,C35 H19 O1 N3,35,19,1,3,-9999,-9999,-9999,-9999
650,497.092476,497.092608205,497.092179329,25977552,-9999,536311.6,48.75,-1,0.8627691,0.873659076,0,0.524195445,1,0.8,2.066666667,S2 P1 O12,de-protonated,0,-9999,C15 H31 O12 P1 S2,15,31,12,-9999,1,2,-9999,-9999
650,497.092476,497.092608205,497.092514418,25977552,-9999,536311.6,48.75,-1,0.18867082,0.496780922,0.780512821,0.610273681,20,0.192307692,0.692307692,N4 S1 O5,de-protonated,0,-9999,C26 H18 O5 N4 S1,26,18,5,4,-9999,1,-9999,-9999
650,497.092476,497.092608205,497.09264736,25977552,-9999,536311.6,48.75,-1,-0.078767767,0.99887486,0,0.599324916,7,0.866666667,1.533333333,N4 P1 O13,de-protonated,0,-9999,C15 H23 O13 N4 P1,15,23,13,4,1,-9999,-9999,-9999
651,497.139579,497.139711219,497.139447355,12444382,-9999,604878.1,22.33,-1,0.530765573,0.95016817,0,0.570100902,23,0.151515152,0.666666667,O5,de-protonated,0,-9999,C33 H22 O5,33,22,5,-9999,-9999,-9999,-9999,-9999
651,497.139579,497.139711219,497.139798228,12444382,-9999,604878.1,22.33,-1,-0.175018006,0.994457408,0,0.596674445,0,0.666666667,2.333333333,N2 S2 P1 O10,de-protonated,0,-9999,C15 H35 O10 N2 P1 S2,15,35,10,2,1,2,-9999,-9999
652,497.158158,497.158290225,497.158074799,36004580,-9999,583451.6,68.33,-1,0.43331408,0.969417809,0.964668151,0.967517946,22,0.058823529,0.764705882,S1 O2,de-protonated,0,-9999,C34 H26 O2 S1,34,26,2,-9999,-9999,1,-9999,-9999
652,497.158158,497.158290225,497.158207741,36004580,-9999,583451.6,68.33,-1,0.165910695,0.99606202,0.965674493,0.983907009,9,0.434782609,1.347826087,P1 O10,de-protonated,0,-9999,C23 H31 O10 P1,23,31,10,-9999,1,-9999,-9999,-9999
653,498.161493,498.161625533,498.161429634,10970103,-9999,592949.5,19.45,-1,0.393242713,0.972330809,0.964668151,0.969265746,22,0.058823529,0.764705882,13C1 S1 O2,de-protonated,1,652,C33 H26 O2 S1 13C1,33,26,2,-9999,-9999,1,1,-9999
653,498.161493,498.161625533,498.161562576,10970103,-9999,592949.5,19.45,-1,0.12637792,0.997106209,0.965674493,0.984533523,9,0.434782609,1.347826087,13C1 P1 O10,de-protonated,1,652,C22 H31 O10 P1 13C1,22,31,10,-9999,1,-9999,1,-9999
653,498.161493,498.161625533,498.161698922,10970103,-9999,592949.5,19.45,-1,-0.147319631,0.99606975,0,0.59764185,9,0.545454545,1.318181818,N1 O12,de-protonated,0,-9999,C22 H29 O12 N1,22,29,12,1,-9999,-9999,-9999,-9999
653,498.161493,498.161625533,498.161185857,10970103,-9999,592949.5,19.45,-1,0.882596366,0.868190399,0,0.52091424,27,0.028571429,0.6,N3 O1,de-protonated,0,-9999,C35 H21 O1 N3,35,21,1,3,-9999,-9999,-9999,-9999
654,499.089455,499.089587817,499.089340333,9856247,-9999,587738.7,17.27,-1,0.495871492,0.95636451,0,0.573818706,28,0.057142857,0.485714286,P1 O2,de-protonated,0,-9999,C35 H17 O2 P1,35,17,2,-9999,1,-9999,-9999,-9999
654,499.089455,499.089587817,499.089537038,9856247,-9999,587738.7,17.27,-1,0.101744641,0.998123411,0,0.598874047,20,0.32,0.64,N4 O8,de-protonated,0,-9999,C25 H16 O8 N4,25,16,8,4,-9999,-9999,-9999,-9999
655,499.155221,499.155353838,499.155097419,10478857,-9999,576469.1,18.49,-1,0.513704968,0.953245309,0,0.571947186,22,0.151515152,0.727272727,O5,de-protonated,0,-9999,C33 H24 O5,33,24,5,-9999,-9999,-9999,-9999,-9999
658,504.96068,504.960814619,504.961105586,9022279,-9999,599876.7,15.64,-1,-0.576218184,0.941532949,0,0.56491977,20,0.291666667,0.458333333,S2 P1 O7,de-protonated,0,-9999,C24 H11 O7 P1 S2,24,11,7,-9999,1,2,-9999,-9999
658,504.96068,504.960814619,504.961302291,9022279,-9999,599876.7,15.64,-1,-0.965761651,0.844309297,0,0.506585578,12,0.928571429,0.714285714,N4 S2 O13,de-protonated,0,-9999,C14 H10 O13 N4 S2,14,10,13,4,-9999,2,-9999,-9999
659,504.978405,504.978539624,504.978863651,11086668,-9999,595552.9,19.67,-1,-0.641664625,0.928013962,0,0.556808377,20,0.375,0.458333333,S1 P1 O9,de-protonated,0,-9999,C24 H11 O9 P1 S1,24,11,9,-9999,1,1,-9999,-9999
659,504.978405,504.978539624,504.978212202,11086668,-9999,595552.9,19.67,-1,0.648387592,0.926554695,0,0.555932817,11,0.6875,0.9375,N2 S2 P1 O11,de-protonated,0,-9999,C16 H15 O11 N2 P1 S2,16,15,11,2,1,2,-9999,-9999
660,505.134996,505.135130672,505.13514982,7646070.5,-9999,638325.2,12.96,-1,-0.03790742,0.999739297,0,0.599843578,12,0.5,1.083333333,O12,de-protonated,0,-9999,C24 H26 O12,24,26,12,-9999,-9999,-9999,-9999,-9999
660,505.134996,505.135130672,505.134636756,7646070.5,-9999,638325.2,12.96,-1,0.977790561,0.840735277,0,0.504441166,30,0.027027027,0.486486486,N2 O1,de-protonated,0,-9999,C37 H18 O1 N2,37,18,1,2,-9999,-9999,-9999,-9999
660,505.134996,505.135130672,505.134987629,7646070.5,-9999,638325.2,12.96,-1,0.283177692,0.985555046,0,0.591333027,7,0.315789474,1.631578947,N4 S2 P1 O6,de-protonated,0,-9999,C19 H31 O6 N4 P1 S2,19,31,6,4,1,2,-9999,-9999
661,506.976334,506.976469237,506.976755651,19819888,-9999,545419,36.73,-1,-0.564944674,0.943733357,0,0.566240014,19,0.291666667,0.541666667,S2 P1 O7,de-protonated,0,-9999,C24 H13 O7 P1 S2,24,13,7,-9999,1,2,-9999,-9999
661,506.976334,506.976469237,506.976952355,19819888,-9999,545419,36.73,-1,-0.95293939,0.848086733,0,0.50885204,11,0.928571429,0.857142857,N4 S2 O13,de-protonated,0,-9999,C14 H12 O13 N4 S2,14,12,13,4,-9999,2,-9999,-9999
662,507.236415,507.236550317,507.236325121,8482231,-9999,554184.4,14.59,-1,0.443965357,0.964867506,0,0.578920504,17,0.058823529,1.058823529,S1 O2,de-protonated,0,-9999,C34 H36 O2 S1,34,36,2,-9999,-9999,1,-9999,-9999
662,507.236415,507.236550317,507.236458063,8482231,-9999,554184.4,14.59,-1,0.181874991,0.994015924,0,0.596409554,4,0.434782609,1.782608696,P1 O10,de-protonated,0,-9999,C23 H41 O10 P1,23,41,10,-9999,1,-9999,-9999,-9999
664,509.194507,509.194642918,509.194460309,7253966.5,-9999,619488.8,12.09,-1,0.358623421,0.976933931,0,0.586160359,22,0.027777778,0.833333333,S1 O1,de-protonated,0,-9999,C36 H30 O1 S1,36,30,1,-9999,-9999,1,-9999,-9999
664,509.194507,509.194642918,509.19459325,7253966.5,-9999,619488.8,12.09,-1,0.09754096,0.998275143,0,0.598965086,9,0.36,1.4,P1 O9,de-protonated,0,-9999,C25 H35 O9 P1,25,35,9,-9999,1,-9999,-9999,-9999
665,509.252067,509.252202935,509.251975186,9809886,-9999,572445.7,17.04,-1,0.447223222,0.964359335,0,0.578615601,16,0.058823529,1.117647059,S1 O2,de-protonated,0,-9999,C34 H38 O2 S1,34,38,2,-9999,-9999,1,-9999,-9999
665,509.252067,509.252202935,509.252108128,9809886,-9999,572445.7,17.04,-1,0.186170224,0.99373084,0,0.596238504,3,0.434782609,1.869565217,P1 O10,de-protonated,0,-9999,C23 H43 O10 P1,23,43,10,-9999,1,-9999,-9999,-9999
666,509.312814,509.312949954,509.312861367,8368110.5,-9999,569620.1,14.25,-1,0.173934772,0.994525617,0,0.59671537,5,0.103448276,1.724137931,S2 O3,de-protonated,0,-9999,C29 H50 O3 S2,29,50,3,-9999,-9999,2,-9999,-9999
666,509.312814,509.312949954,509.313329397,8368110.5,-9999,569620.1,14.25,-1,-0.745009823,0.904194115,0,0.542516469,11,0.137931034,1.448275862,N4 O4,de-protonated,0,-9999,C29 H42 O4 N4,29,42,4,4,-9999,-9999,-9999,-9999
667,511.108159,511.108295505,511.107829393,17101272,-9999,579426.2,31.17,-1,0.911962938,0.859928021,0,0.515956812,1,0.75,2.0625,S2 P1 O12,de-protonated,0,-9999,C16 H33 O12 P1 S2,16,33,12,-9999,1,2,-9999,-9999
667,511.108159,511.108295505,511.108164482,17101272,-9999,579426.2,31.17,-1,0.256349804,0.988146868,0,0.592888121,20,0.185185185,0.740740741,N4 S1 O5,de-protonated,0,-9999,C27 H20 O5 N4 S1,27,20,5,4,-9999,1,-9999,-9999
667,511.108159,511.108295505,511.108297424,17101272,-9999,579426.2,31.17,-1,-0.003755079,0.999997441,0,0.599998465,7,0.8125,1.5625,N4 P1 O13,de-protonated,0,-9999,C16 H25 O13 N4 P1,16,25,13,4,1,-9999,-9999,-9999
668,511.137412,511.137548514,511.137339354,42103264,-9999,548109.6,79.6,-1,0.4092039,0.967884225,0.945408892,0.958894092,23,0.088235294,0.705882353,S1 O3,de-protonated,0,-9999,C34 H24 O3 S1,34,24,3,-9999,-9999,1,-9999,-9999
668,511.137412,511.137548514,511.137472296,42103264,-9999,548109.6,79.6,-1,0.149113823,0.995087263,0.984933753,0.991025859,10,0.47826087,1.260869565,P1 O11,de-protonated,0,-9999,C23 H29 O11 P1,23,29,11,-9999,1,-9999,-9999,-9999
669,512.140782,512.140918822,512.140694189,11481840,-9999,591640.4,20.28,-1,0.438614163,0.965694709,0.945408892,0.957580382,23,0.088235294,0.705882353,13C1 S1 O3,de-protonated,1,668,C33 H24 O3 S1 13C1,33,24,3,-9999,-9999,1,1,-9999
669,512.140782,512.140918822,512.140827131,11481840,-9999,591640.4,20.28,-1,0.179033631,0.994200898,0.984933753,0.99049404,10,0.47826087,1.260869565,13C1 P1 O11,de-protonated,1,668,C22 H29 O11 P1 13C1,22,29,11,-9999,1,-9999,1,-9999
669,512.140782,512.140918822,512.140963477,11481840,-9999,591640.4,20.28,-1,-0.087193158,0.998621461,0,0.599172876,10,0.590909091,1.227272727,N1 O13,de-protonated,0,-9999,C22 H27 O13 N1,22,27,13,1,-9999,-9999,-9999,-9999
669,512.140782,512.140918822,512.140450412,11481840,-9999,591640.4,20.28,-1,0.914610556,0.859173766,0,0.51550426,28,0.057142857,0.542857143,N3 O2,de-protonated,0,-9999,C35 H19 O2 N3,35,19,2,3,-9999,-9999,-9999,-9999
671,513.105155,513.105292117,513.104990398,9745398,-9999,586371.9,16.92,-1,0.588027426,0.939187023,0,0.563512214,28,0.055555556,0.527777778,P1 O2,de-protonated,0,-9999,C36 H19 O2 P1,36,19,2,-9999,1,-9999,-9999,-9999
671,513.105155,513.105292117,513.105187102,9745398,-9999,586371.9,16.92,-1,0.204666254,0.992428239,0,0.595456943,20,0.307692308,0.692307692,N4 O8,de-protonated,0,-9999,C26 H18 O8 N4,26,18,8,4,-9999,-9999,-9999,-9999
672,513.134473,513.134610126,513.134361974,13415422,-9999,563128,24.03,-1,0.483600924,0.958452401,0,0.575071441,23,0.181818182,0.666666667,O6,de-protonated,0,-9999,C33 H22 O6,33,22,6,-9999,-9999,-9999,-9999,-9999
672,513.134473,513.134610126,513.134712847,13415422,-9999,563128,24.03,-1,-0.200182654,0.992755161,0,0.595653097,0,0.733333333,2.333333333,N2 S2 P1 O11,de-protonated,0,-9999,C15 H35 O11 N2 P1 S2,15,35,11,2,1,2,-9999,-9999
673,517.257134,517.257272391,517.257060566,7387220,-9999,601720.9,12.35,-1,0.409515678,0.970028811,0,0.582017287,18,0.027777778,1.055555556,S1 O1,de-protonated,0,-9999,C36 H38 O1 S1,36,38,1,-9999,-9999,1,-9999,-9999
673,517.257134,517.257272391,517.257193508,7387220,-9999,601720.9,12.35,-1,0.152502753,0.995788923,0,0.597473354,5,0.36,1.72,P1 O9,de-protonated,0,-9999,C25 H43 O9 P1,25,43,9,-9999,1,-9999,-9999,-9999
674,519.200109,519.200247987,519.199939612,8100442.5,-9999,537148.2,13.73,-1,0.593943118,0.937996213,0,0.562797728,19,0.088235294,0.941176471,S1 O3,de-protonated,0,-9999,C34 H32 O3 S1,34,32,3,-9999,-9999,1,-9999,-9999
674,519.200109,519.200247987,519.200072554,8100442.5,-9999,537148.2,13.73,-1,0.337891903,0.979496939,0,0.587698163,6,0.47826087,1.608695652,P1 O11,de-protonated,0,-9999,C23 H37 O11 P1,23,37,11,-9999,1,-9999,-9999,-9999
675,519.236387,519.236525999,519.236325121,9550436,-9999,559811.6,16.54,-1,0.386870104,0.973208291,0,0.583924975,18,0.057142857,1.028571429,S1 O2,de-protonated,0,-9999,C35 H36 O2 S1,35,36,2,-9999,-9999,1,-9999,-9999
675,519.236387,519.236525999,519.236458063,9550436,-9999,559811.6,16.54,-1,0.130836886,0.996898728,0,0.598139237,5,0.416666667,1.708333333,P1 O10,de-protonated,0,-9999,C24 H41 O10 P1,24,41,10,-9999,1,-9999,-9999,-9999
676,519.272788,519.27292701,519.272710631,8714862,-9999,571195.1,14.92,-1,0.416695938,0.968985206,0,0.581391124,17,0.027777778,1.111111111,S1 O1,de-protonated,0,-9999,C36 H40 O1 S1,36,40,1,-9999,-9999,1,-9999,-9999
676,519.272788,519.27292701,519.272843573,8714862,-9999,571195.1,14.92,-1,0.160680652,0.995326265,0,0.597195759,4,0.36,1.8,P1 O9,de-protonated,0,-9999,C25 H45 O9 P1,25,45,9,-9999,1,-9999,-9999,-9999
677,519.320404,519.320543024,519.320462471,31226490,-9999,533751.4,58.52,-1,0.15511244800000001,0.996086547,0.962657599,0.982714968,3,0.28,1.96,N2 P1 O7,de-protonated,0,-9999,C25 H49 O7 N2 P1,25,49,7,2,1,-9999,-9999,-9999
678,520.32375,520.323889332,520.323817306,10419077,-9999,574060.9,18.22,-1,0.13842501,0.996529211,0.962657599,0.98298056599999994,3,0.28,1.96,13C1 N2 P1 O7,de-protonated,1,677,C24 H49 O7 N2 P1 13C1,24,49,7,2,1,-9999,1,-9999
678,520.32375,520.323889332,520.323953652,10419077,-9999,574060.9,18.22,-1,-0.123614894,0.997231188,0,0.598338713,3,0.375,1.958333333,N3 O9,de-protonated,0,-9999,C24 H47 O9 N3,24,47,9,3,-9999,-9999,-9999,-9999
679,521.215584,521.215723606,521.215589677,8092785,-9999,569876.7,13.71,-1,0.25695534,0.988091139,0,0.592854683,18,0.088235294,1,S1 O3,de-protonated,0,-9999,C34 H34 O3 S1,34,34,3,-9999,-9999,1,-9999,-9999
679,521.215584,521.215723606,521.215722618,8092785,-9999,569876.7,13.71,-1,0.001894416,0.999999349,0,0.599999609,5,0.47826087,1.695652174,P1 O11,de-protonated,0,-9999,C23 H39 O11 P1,23,39,11,-9999,1,-9999,-9999,-9999
680,521.252045,521.252184617,521.251975186,9272443,-9999,547373.7,16,-1,0.401784503,0.971133431,0,0.582680059,17,0.057142857,1.085714286,S1 O2,de-protonated,0,-9999,C35 H38 O2 S1,35,38,2,-9999,-9999,1,-9999,-9999
680,521.252045,521.252184617,521.252108128,9272443,-9999,547373.7,16,-1,0.146741345,0.996100484,0,0.597660291,4,0.416666667,1.791666667,P1 O10,de-protonated,0,-9999,C24 H43 O10 P1,24,43,10,-9999,1,-9999,-9999,-9999
681,521.317406,521.317545637,521.317352149,10878092,-9999,585757.5,19.11,-1,0.371151349,0.975314633,0,0.58518878,16,0.057142857,1.2,N2 O2,de-protonated,0,-9999,C35 H42 O2 N2,35,42,2,2,-9999,-9999,-9999,-9999
682,523.231292,523.231432224,523.231239741,8683139,-9999,560038.4,14.85,-1,0.367873866,0.975743373,0,0.585446024,17,0.088235294,1.058823529,S1 O3,de-protonated,0,-9999,C34 H36 O3 S1,34,36,3,-9999,-9999,1,-9999,-9999
682,523.231292,523.231432224,523.231372683,8683139,-9999,560038.4,14.85,-1,0.113795487,0.997653104,0,0.598591863,4,0.47826087,1.782608696,P1 O11,de-protonated,0,-9999,C23 H41 O11 P1,23,41,11,-9999,1,-9999,-9999,-9999
683,523.31932,523.319460251,523.319399843,9617050,-9999,543921.3,16.66,-1,0.115433111,0.997585152,0,0.598551091,6,0.206896552,1.689655172,P1 O6,de-protonated,0,-9999,C29 H49 O6 P1,29,49,6,-9999,1,-9999,-9999,-9999
684,525.189466,525.189606825,525.189374928,17465474,-9999,548560.8,31.86,-1,0.441548969,0.482621096,0.719752637,0.577473713,22,0.055555556,0.833333333,S1 O2,de-protonated,0,-9999,C36 H30 O2 S1,36,30,2,-9999,-9999,1,-9999,-9999
684,525.189466,525.189606825,525.18950787000006,17465474,-9999,548560.8,31.86,-1,0.188417887,0.993579039,0,0.596147423,9,0.4,1.4,P1 O10,de-protonated,0,-9999,C25 H35 O10 P1,25,35,10,-9999,1,-9999,-9999,-9999
685,526.148284,526.148425119,526.148238391,16155003,-9999,557217.7,29.33,-1,0.354896461,0.977405435,0,0.586443261,23,0.088235294,0.735294118,N1 S1 O3,de-protonated,0,-9999,C34 H25 O3 N1 S1,34,25,3,1,-9999,1,-9999,-9999
685,526.148284,526.148425119,526.148371333,16155003,-9999,557217.7,29.33,-1,0.102226711,0.998105603,0,0.598863362,10,0.47826087,1.304347826,N1 P1 O11,de-protonated,0,-9999,C23 H30 O11 N1 P1,23,30,11,1,1,-9999,-9999,-9999
688,527.285938,527.286079468,527.286171161,7447201,-9999,533811.4,12.46,-1,-0.173896736,0.994528004,0,0.596716803,6,0.37037037,1.62962963,O10,de-protonated,0,-9999,C27 H44 O10,27,44,10,-9999,-9999,-9999,-9999,-9999
688,527.285938,527.286079468,527.28600897,7447201,-9999,533811.4,12.46,-1,0.133699709,0.996761748,0,0.598057049,1,0.181818182,2.227272727,N4 S2 P1 O4,de-protonated,0,-9999,C22 H49 O4 N4 P1 S2,22,49,4,4,1,2,-9999,-9999
689,527.314219,527.314360477,527.314314462,10945192,-9999,550409.3,19.23,-1,0.087261945,0.998619286,0,0.599171572,5,0.25,1.75,P1 O7,de-protonated,0,-9999,C28 H49 O7 P1,28,49,7,-9999,1,-9999,-9999,-9999
690,533.251982,533.252125299,533.251975186,9537673,-9999,541245.3,16.45,-1,0.281504086,0.985724062,0,0.591434437,18,0.055555556,1.055555556,S1 O2,de-protonated,0,-9999,C36 H38 O2 S1,36,38,2,-9999,-9999,1,-9999,-9999
690,533.251982,533.252125299,533.252108128,9537673,-9999,541245.3,16.45,-1,0.032200303,0.999811881,0,0.599887129,5,0.4,1.72,P1 O10,de-protonated,0,-9999,C25 H43 O10 P1,25,43,10,-9999,1,-9999,-9999,-9999
691,535.267744,535.267887917,535.26762525,8383100,-9999,525753.7,14.22,-1,0.490720125,0.957246853,0,0.574348112,17,0.055555556,1.111111111,S1 O2,de-protonated,0,-9999,C36 H40 O2 S1,36,40,2,-9999,-9999,1,-9999,-9999
691,535.267744,535.267887917,535.267758192,8383100,-9999,525753.7,14.22,-1,0.242355091,0.989399022,0,0.593639413,4,0.4,1.8,P1 O10,de-protonated,0,-9999,C25 H45 O10 P1,25,45,10,-9999,1,-9999,-9999,-9999
692,539.138183,539.138328104,539.138127201,8212008.5,-9999,591596.4,13.88,-1,0.372638897,0.975118849,0,0.58507131,15,0.321428571,1,S1 O9,de-protonated,0,-9999,C28 H28 O9 S1,28,28,9,-9999,-9999,1,-9999,-9999
692,539.138183,539.138328104,539.138616458,8212008.5,-9999,591596.4,13.88,-1,-0.534841141,0.94941971,0,0.569651826,19,0.032258065,0.935483871,N2 S2 P1 O1,de-protonated,0,-9999,C31 H29 O1 N2 P1 S2,31,29,1,2,1,2,-9999,-9999
694,540.9911,540.991245673,540.991617869,10981346,-9999,523333.5,19.23,-1,-0.68798853,0.917699959,0,0.550619976,31,0.028571429,0.314285714,S2 P1 O1,de-protonated,0,-9999,C35 H11 O1 P1 S2,35,11,1,-9999,1,2,-9999,-9999
695,541.184332,541.184477732,541.184289548,25923600,-9999,529290.7,48.07,-1,0.347727327,0.977473542,0.998421786,0.98585284,22,0.083333333,0.833333333,S1 O3,de-protonated,0,-9999,C36 H30 O3 S1,36,30,3,-9999,-9999,1,-9999,-9999
695,541.184332,541.184477732,541.184422489,25923600,-9999,529290.7,48.07,-1,0.102077654,0.997843152,0.93417299,0.972375087,9,0.44,1.4,P1 O11,de-protonated,0,-9999,C25 H35 O11 P1,25,35,11,-9999,1,-9999,-9999,-9999
696,542.187694,542.18784004,542.187644383,10014971,-9999,557606,17.36,-1,0.360866455,0.976647899,0.998421786,0.985357454,22,0.083333333,0.833333333,13C1 S1 O3,de-protonated,1,695,C35 H30 O3 S1 13C1,35,30,3,-9999,-9999,1,1,-9999
696,542.187694,542.18784004,542.187777324,10014971,-9999,557606,17.36,-1,0.11567137,0.997575186,0.93417299,0.972214307,9,0.44,1.4,13C1 P1 O11,de-protonated,1,695,C24 H35 O11 P1 13C1,24,35,11,-9999,1,-9999,1,-9999
696,542.187694,542.18784004,542.18791367,10014971,-9999,557606,17.36,-1,-0.135801656,0.9966593,0,0.59799558,9,0.541666667,1.375,N1 O13,de-protonated,0,-9999,C24 H33 O13 N1,24,33,13,1,-9999,-9999,-9999,-9999
696,542.187694,542.18784004,542.187400606,10014971,-9999,557606,17.36,-1,0.810484037,0.887638417,0,0.53258305,27,0.054054054,0.675675676,N3 O2,de-protonated,0,-9999,C37 H25 O2 N3,37,25,2,3,-9999,-9999,-9999,-9999
697,543.18144,543.181586345,543.181312168,7885283.5,-9999,600922.3,13.25,-1,0.504762284,0.954821949,0,0.572893169,22,0.171428571,0.8,O6,de-protonated,0,-9999,C35 H28 O6,35,28,6,-9999,-9999,-9999,-9999,-9999
698,547.267673,547.267820599,547.26762525,11736460,-9999,567476.1,20.68,-1,0.356951935,0.977145975,0,0.586287585,18,0.054054054,1.081081081,S1 O2,de-protonated,0,-9999,C37 H40 O2 S1,37,40,2,-9999,-9999,1,-9999,-9999
698,547.267673,547.267820599,547.267758192,11736460,-9999,567476.1,20.68,-1,0.11403286,0.997643315,0,0.598585989,5,0.384615385,1.730769231,P1 O10,de-protonated,0,-9999,C26 H45 O10 P1,26,45,10,-9999,1,-9999,-9999,-9999
699,548.972817,548.972965122,548.972912347,7747339,-9999,536359.7,12.98,-1,0.096134096,0.998324499,0,0.5989947,17,0.75,0.5,N2 S1 O15,de-protonated,0,-9999,C20 H10 O15 N2 S1,20,10,15,2,-9999,1,-9999,-9999
699,548.972817,548.972965122,548.973401604,7747339,-9999,536359.7,12.98,-1,-0.795088312,0.891628613,0,0.534977168,21,0.304347826,0.47826087,N4 S2 P1 O7,de-protonated,0,-9999,C23 H11 O7 N4 P1 S2,23,11,7,4,1,2,-9999,-9999
699,548.972817,548.972965122,548.972532224,7747339,-9999,536359.7,12.98,-1,0.788559553,0.893302918,0,0.535981751,22,0.545454545,0.318181818,N4 P1 O12,de-protonated,0,-9999,C22 H7 O12 N4 P1,22,7,12,4,1,-9999,-9999,-9999
700,549.246939,549.247087206,549.246889806,8017736,-9999,564193.8,13.5,-1,0.359401902,0.976834852,0,0.586100911,18,0.083333333,1.055555556,S1 O3,de-protonated,0,-9999,C36 H38 O3 S1,36,38,3,-9999,-9999,1,-9999,-9999
700,549.246939,549.247087206,549.247022747,8017736,-9999,564193.8,13.5,-1,0.117358209,0.997504037,0,0.598502422,5,0.44,1.72,P1 O11,de-protonated,0,-9999,C25 H43 O11 P1,25,43,11,-9999,1,-9999,-9999,-9999
701,549.283288,549.283436217,549.283275315,9361232,-9999,565020.2,16.1,-1,0.292931145,0.984550716,0,0.59073043,17,0.054054054,1.135135135,S1 O2,de-protonated,0,-9999,C37 H42 O2 S1,37,42,2,-9999,-9999,1,-9999,-9999
701,549.283288,549.283436217,549.283408257,9361232,-9999,565020.2,16.1,-1,0.050903502,0.999529947,0,0.599717968,4,0.384615385,1.807692308,P1 O10,de-protonated,0,-9999,C26 H47 O10 P1,26,47,10,-9999,1,-9999,-9999,-9999
702,551.298952,551.299100835,551.298925379,7510286,-9999,555887.1,12.52,-1,0.318259527,0.981789081,0,0.589073449,16,0.054054054,1.189189189,S1 O2,de-protonated,0,-9999,C37 H44 O2 S1,37,44,2,-9999,-9999,1,-9999,-9999
702,551.298952,551.299100835,551.299058321,7510286,-9999,555887.1,12.52,-1,0.077116775,0.998921507,0,0.599352904,3,0.384615385,1.884615385,P1 O10,de-protonated,0,-9999,C26 H49 O10 P1,26,49,10,-9999,1,-9999,-9999,-9999
703,555.272745,555.272895055,555.272710631,11885674,-9999,513186.5,20.89,-1,0.332131946,0.980183088,0,0.588109853,20,0.025641026,1.025641026,S1 O1,de-protonated,0,-9999,C39 H40 O1 S1,39,40,1,-9999,-9999,1,-9999,-9999
703,555.272745,555.272895055,555.272843573,11885674,-9999,513186.5,20.89,-1,0.092714917,0.998441473,0,0.599064884,7,0.321428571,1.607142857,P1 O9,de-protonated,0,-9999,C28 H45 O9 P1,28,45,9,-9999,1,-9999,-9999,-9999
704,556.122531,556.122681315,556.122417566,8953119,-9999,572766.1,15.25,-1,0.474265587,0.960008767,0,0.57600526,24,0.147058824,0.676470588,N1 S1 O5,de-protonated,0,-9999,C34 H23 O5 N1 S1,34,23,5,1,-9999,1,-9999,-9999
704,556.122531,556.122681315,556.122550507,8953119,-9999,572766.1,15.25,-1,0.235214333,0.99001143,0,0.594006858,11,0.565217391,1.217391304,N1 P1 O13,de-protonated,0,-9999,C23 H28 O13 N1 P1,23,28,13,1,1,-9999,-9999,-9999
705,556.961527,556.961677573,556.961893433,23010768,-9999,513166.4,42.28,-1,-0.387566868,0.973113009,0,0.583867806,14,0.65,0.75,S2 P1 O13,de-protonated,0,-9999,C20 H15 O13 P1 S2,20,15,13,-9999,1,2,-9999,-9999
707,558.958613,558.958764185,558.958916053,7462770,-9999,505350.6,12.38,-1,-0.271696373,0.986694959,0,0.592016975,14,0.842105263,0.684210526,S1 P1 O16,de-protonated,0,-9999,C19 H13 O16 P1 S1,19,13,16,-9999,1,1,-9999,-9999
709,561.28324,561.283391899,561.283275315,7446866,-9999,491120.2,12.35,-1,0.207709427,0.992202283,0,0.59532137,18,0.052631579,1.105263158,S1 O2,de-protonated,0,-9999,C38 H42 O2 S1,38,42,2,-9999,-9999,1,-9999,-9999
709,561.28324,561.283391899,561.283408257,7446866,-9999,491120.2,12.35,-1,-0.029143749,0.999845897,0,0.599907538,5,0.37037037,1.740740741,P1 O10,de-protonated,0,-9999,C27 H47 O10 P1,27,47,10,-9999,1,-9999,-9999,-9999
711,562.988472,562.988624422,562.988562411,491758240,-9999,496545,943.61,-1,0.110145455,0.399269667,0.865770173,0.58586987,17,0.714285714,0.571428571,N2 S1 O15,de-protonated,0,-9999,C21 H12 O15 N2 S1,21,12,15,2,-9999,1,-9999,-9999
711,562.988472,562.988624422,562.989051669,491758240,-9999,496545,943.61,-1,-0.758889923,0.112596982,0.689957736,0.343541284,21,0.291666667,0.541666667,N4 S2 P1 O7,de-protonated,0,-9999,C24 H13 O7 N4 P1 S2,24,13,7,4,1,2,-9999,-9999
711,562.988472,562.988624422,562.988182289,491758240,-9999,496545,943.61,-1,0.785332917,0.358751328,0.871277672,0.563761866,22,0.52173913,0.391304348,N4 P1 O12,de-protonated,0,-9999,C23 H9 O12 N4 P1,23,9,12,4,1,-9999,-9999,-9999
712,563.262523,563.262675506,563.26253987,7922404,-9999,531416.8,13.26,-1,0.240804176,0.989533557,0,0.593720134,18,0.081081081,1.081081081,S1 O3,de-protonated,0,-9999,C37 H40 O3 S1,37,40,3,-9999,-9999,1,-9999,-9999
712,563.262523,563.262675506,563.262672812,7922404,-9999,531416.8,13.26,-1,0.004783278,0.999995849,0,0.599997509,5,0.423076923,1.730769231,P1 O11,de-protonated,0,-9999,C26 H45 O11 P1,26,45,11,-9999,1,-9999,-9999,-9999
713,563.991815,563.99196773,563.992346145,62235512,-9999,491356.9,117.7,-1,-0.670957842,0.460780931,0.736963647,0.571254017,29,0.090909091,0.363636364,N1 S2 P1 O3,de-protonated,0,-9999,C33 H12 O3 N1 P1 S2,33,12,3,1,1,2,-9999,-9999
713,563.991815,563.99196773,563.991917246,62235512,-9999,491356.9,117.7,-1,0.089510844,0.399418902,0.865770173,0.58595941,17,0.714285714,0.571428571,13C1 N2 S1 O15,de-protonated,1,711,C20 H12 O15 N2 S1 13C1,20,12,15,2,-9999,1,1,-9999
713,563.991815,563.99196773,563.991537124,62235512,-9999,491356.9,117.7,-1,0.763497117,0.359852079,0.871277672,0.564422316,22,0.52173913,0.391304348,13C1 N4 P1 O12,de-protonated,1,711,C22 H9 O12 N4 P1 13C1,22,9,12,4,1,-9999,1,-9999
714,564.985523,564.985676035,564.985585031,154117184,-9999,494770.4,294.38,-1,0.161072229,0.996717042,0.930634818,0.970284153,17,0.9,0.5,N2 O18,de-protonated,0,-9999,C20 H10 O18 N2,20,10,18,2,-9999,-9999,-9999,-9999
714,564.985523,564.985676035,564.986074288,154117184,-9999,494770.4,294.38,-1,-0.704891467,0.304595974,0.773094277,0.491995295,21,0.434782609,0.47826087,N4 S1 P1 O10,de-protonated,0,-9999,C23 H11 O10 N4 P1 S1,23,11,10,4,1,1,-9999,-9999
715,565.278238,565.278391124,565.278189934,8184952.5,-9999,538587.9,13.77,-1,0.355913155,0.977277277,0,0.586366366,17,0.081081081,1.135135135,S1 O3,de-protonated,0,-9999,C37 H42 O3 S1,37,42,3,-9999,-9999,1,-9999,-9999
715,565.278238,565.278391124,565.278322876,8184952.5,-9999,538587.9,13.77,-1,0.120733825,0.99735858,0,0.598415148,4,0.423076923,1.807692308,P1 O11,de-protonated,0,-9999,C26 H47 O11 P1,26,47,11,-9999,1,-9999,-9999,-9999
716,565.988844,565.988997342,565.989368765,18752774,-9999,526041.3,34.09,-1,-0.656235362,0.462417497,0.742885034,0.574604512,29,0.1875,0.3125,N1 S1 P1 O6,de-protonated,0,-9999,C32 H10 O6 N1 P1 S1,32,10,6,1,1,1,-9999,-9999
716,565.988844,565.988997342,565.988939866,18752774,-9999,526041.3,34.09,-1,0.101550114,0.998130573,0.930634818,0.971132271,17,0.9,0.5,13C1 N2 O18,de-protonated,1,714,C19 H10 O18 N2 13C1,19,10,18,2,-9999,-9999,1,-9999
716,565.988844,565.988997342,565.988717316,18752774,-9999,526041.3,34.09,-1,0.494756226,0.956556249,0,0.573933749,20,0.333333333,0.583333333,N3 S2 P1 O8,de-protonated,0,-9999,C24 H14 O8 N3 P1 S2,24,14,8,3,1,2,-9999,-9999
718,571.30406,571.304214973,571.30401076,7940368.5,-9999,494488.5,13.29,-1,0.357451329,0.977082721,0,0.586249633,19,0.025,1.1,S1 O1,de-protonated,0,-9999,C40 H44 O1 S1,40,44,1,-9999,-9999,1,-9999,-9999
718,571.30406,571.304214973,571.304143701,7940368.5,-9999,494488.5,13.29,-1,0.124752549,0.997180062,0,0.598308037,6,0.310344828,1.689655172,P1 O9,de-protonated,0,-9999,C29 H49 O9 P1,29,49,9,-9999,1,-9999,-9999,-9999
719,576.967739,576.967895711,576.967826966,51686712,-9999,490385.7,97.41,-1,0.119147778,0.997629514,0.947618098,0.977624948,18,0.761904762,0.476190476,N2 S1 O16,de-protonated,0,-9999,C21 H10 O16 N2 S1,21,10,16,2,-9999,1,-9999,-9999
719,576.967739,576.967895711,576.968316224,51686712,-9999,490385.7,97.41,-1,-0.728831902,0.907113402,0.926625729,0.914918333,22,0.333333333,0.458333333,N4 S2 P1 O8,de-protonated,0,-9999,C24 H11 O8 N4 P1 S2,24,11,8,4,1,2,-9999,-9999
719,576.967739,576.967895711,576.967446844,51686712,-9999,490385.7,97.41,-1,0.777976222,0.897367057,0.933501973,0.911821023,23,0.565217391,0.304347826,N4 P1 O13,de-protonated,0,-9999,C23 H7 O13 N4 P1,23,7,13,4,1,-9999,-9999,-9999
720,577.278238,577.278394806,577.278189934,7490930.5,-9999,496126.8,12.43,-1,0.354892339,0.977405953,0,0.586443572,18,0.078947368,1.105263158,S1 O3,de-protonated,0,-9999,C38 H42 O3 S1,38,42,3,-9999,-9999,1,-9999,-9999
720,577.278238,577.278394806,577.278322876,7490930.5,-9999,496126.8,12.43,-1,0.124601729,0.997186866,0,0.59831212,5,0.407407407,1.740740741,P1 O11,de-protonated,0,-9999,C27 H47 O11 P1,27,47,11,-9999,1,-9999,-9999,-9999
721,577.971088,577.971245019,577.9716107,7908850,-9999,552880.4,13.23,-1,-0.632697655,0.929940144,0,0.557964086,30,0.121212121,0.303030303,N1 S2 P1 O4,de-protonated,0,-9999,C33 H10 O4 N1 P1 S2,33,10,4,1,1,2,-9999,-9999
721,577.971088,577.971245019,577.971181801,7908850,-9999,552880.4,13.23,-1,0.109377767,0.997831594,0.947618098,0.977746195,18,0.761904762,0.476190476,13C1 N2 S1 O16,de-protonated,1,719,C20 H10 O16 N2 S1 13C1,20,10,16,2,-9999,1,1,-9999
721,577.971088,577.971245019,577.971671059,7908850,-9999,552880.4,13.23,-1,-0.737129818,0.906112304,0.926625729,0.914317674,22,0.333333333,0.458333333,13C1 N4 S2 P1 O8,de-protonated,1,719,C23 H11 O8 N4 P1 S2 13C1,23,11,8,4,1,2,1,-9999
721,577.971088,577.971245019,577.970801679,7908850,-9999,552880.4,13.23,-1,0.767062481,0.898739855,0.933501973,0.912644702,23,0.565217391,0.304347826,13C1 N4 P1 O13,de-protonated,1,719,C22 H7 O13 N4 P1 13C1,22,7,13,4,1,-9999,1,-9999
722,578.96476500000006,578.964922323,578.964849586,17608360,-9999,521708.1,31.88,-1,0.125633331,0.997140159,0,0.598284096,18,0.95,0.4,N2 O19,de-protonated,0,-9999,C20 H8 O19 N2,20,8,19,2,-9999,-9999,-9999,-9999
722,578.96476500000006,578.964922323,578.965338844,17608360,-9999,521708.1,31.88,-1,-0.719421422,0.910362975,0,0.546217785,22,0.47826087,0.391304348,N4 S1 P1 O11,de-protonated,0,-9999,C23 H9 O11 N4 P1 S1,23,9,11,4,1,1,-9999,-9999
723,578.983405,578.983562329,578.983477031,7466667,-9999,538189.4,12.38,-1,0.147324397,0.996069496,0,0.597641697,17,0.761904762,0.571428571,N2 S1 O16,de-protonated,0,-9999,C21 H12 O16 N2 S1,21,12,16,2,-9999,1,-9999,-9999
723,578.983405,578.983562329,578.983966288,7466667,-9999,538189.4,12.38,-1,-0.697703187,0.915461144,0,0.549276686,21,0.333333333,0.541666667,N4 S2 P1 O8,de-protonated,0,-9999,C24 H13 O8 N4 P1 S2,24,13,8,4,1,2,-9999,-9999
723,578.983405,578.983562329,578.983096908,7466667,-9999,538189.4,12.38,-1,0.803859239,0.889362587,0,0.533617552,22,0.565217391,0.391304348,N4 P1 O13,de-protonated,0,-9999,C23 H9 O13 N4 P1,23,9,13,4,1,-9999,-9999,-9999
725,584.009697,584.009855871,584.010026132,7516721.5,-9999,261735.5,12.46,-1,-0.291537179,0.984696274,0,0.590817765,15,0.8,0.75,N3 S1 O16,de-protonated,0,-9999,C20 H15 O16 N3 S1,20,15,16,3,-9999,1,-9999,-9999
727,589.314626,589.314786499,589.314575444,8385997.5,-9999,518186,14.12,-1,0.358136543,0.976995794,0,0.586197476,18,0.05,1.15,S1 O2,de-protonated,0,-9999,C40 H46 O2 S1,40,46,2,-9999,-9999,1,-9999,-9999
727,589.314626,589.314786499,589.314708386,8385997.5,-9999,518186,14.12,-1,0.132549474,0.996817138,0,0.598090283,5,0.344827586,1.75862069,P1 O10,de-protonated,0,-9999,C29 H51 O10 P1,29,51,10,-9999,1,-9999,-9999,-9999
728,590.007414,590.007574711,590.007996209,61847108,-9999,480500.8,116.77,-1,-0.71439341,0.455777303,0.725399619,0.563626229,30,0.085714286,0.4,N1 S2 P1 O3,de-protonated,0,-9999,C35 H14 O3 N1 P1 S2,35,14,3,1,1,2,-9999,-9999
729,591.010784,591.010945019,591.01148739,8369903.5,-9999,518675.9,14.09,-1,-0.917699041,0.858291994,0,0.514975197,30,0.147058824,0.352941176,N2 S2 O5,de-protonated,0,-9999,C34 H12 O5 N2 S2,34,12,5,2,-9999,2,-9999,-9999
731,595.231269,595.231431314,595.231239741,21051828,-9999,484777.1,38.44,-1,0.321846468,0.490690071,0.698017357,0.573620986,23,0.075,0.9,S1 O3,de-protonated,0,-9999,C40 H36 O3 S1,40,36,3,-9999,-9999,1,-9999,-9999
731,595.231269,595.231431314,595.231372683,21051828,-9999,484777.1,38.44,-1,0.098501767,0.499120513,0.761234226,0.603965998,10,0.379310345,1.413793103,P1 O11,de-protonated,0,-9999,C29 H41 O11 P1,29,41,11,-9999,1,-9999,-9999,-9999
731,595.231269,595.231431314,595.231569387,21051828,-9999,484777.1,38.44,-1,-0.231965432,0.990284123,0,0.594170474,2,0.894736842,2.105263158,N4 O17,de-protonated,0,-9999,C19 H40 O17 N4,19,40,17,4,-9999,-9999,-9999,-9999
732,605.351494,605.351659419,605.351748799,7405598,-9999,526226.8,12.24,-1,-0.14765037,0.996052117,0,0.59763127,8,0.205882353,1.588235294,S1 O7,de-protonated,0,-9999,C34 H54 O7 S1,34,54,7,-9999,-9999,1,-9999,-9999
732,605.351494,605.351659419,605.351368677,7405598,-9999,526226.8,12.24,-1,0.480286533,0.959008152,0,0.575404891,13,0.111111111,1.416666667,N2 P1 O4,de-protonated,0,-9999,C36 H51 O4 N2 P1,36,51,4,2,1,-9999,-9999,-9999
733,606.937943,606.938108906,606.937786685,59228440,-9999,468603.1,111.74,-1,0.530896689,0.475072085,0.780512821,0.597248379,23,0.538461538,0.346153846,S1 P1 O14,de-protonated,0,-9999,C26 H9 O14 P1 S1,26,9,14,-9999,1,1,-9999,-9999
735,608.93588,608.936046519,608.935678684,55951952,-9999,462775.6,105.45,-1,0.604061368,0.467967694,0.780512821,0.592985744,22,0.461538462,0.423076923,S2 P1 O12,de-protonated,0,-9999,C26 H11 O12 P1 S2,26,11,12,-9999,1,2,-9999,-9999
736,611.226155,611.226322221,611.226154361,14189492,-9999,467212,25.26,-1,0.274629638,0.986408095,0,0.591844857,23,0.1,0.9,S1 O4,de-protonated,0,-9999,C40 H36 O4 S1,40,36,4,-9999,-9999,1,-9999,-9999
736,611.226155,611.226322221,611.226287302,14189492,-9999,467212,25.26,-1,0.057129557,0.999407966,0,0.599644779,10,0.413793103,1.413793103,P1 O12,de-protonated,0,-9999,C29 H41 O12 P1,29,41,12,-9999,1,-9999,-9999,-9999
736,611.226155,611.226322221,611.225774238,14189492,-9999,467212,25.26,-1,0.89653179,0.432146748,0.68763467,0.534341917,28,0.023809524,0.785714286,N2 P1 O1,de-protonated,0,-9999,C42 H33 O1 N2 P1,42,33,1,2,1,-9999,-9999,-9999
736,611.226155,611.226322221,611.226484007,14189492,-9999,467212,25.26,-1,-0.264689779,0.987368043,0,0.592420826,2,0.947368421,2.105263158,N4 O18,de-protonated,0,-9999,C19 H40 O18 N4,19,40,18,4,-9999,-9999,-9999,-9999
737,619.336362,619.33653171,619.336886581,19351680,-9999,481281.2,35.17,-1,-0.572986473,0.942167645,0,0.565300587,0,0.481481481,2.074074074,S1 O13,de-protonated,0,-9999,C27 H56 O13 S1,27,56,13,-9999,-9999,1,-9999,-9999
737,619.336362,619.33653171,619.336373517,19351680,-9999,481281.2,35.17,-1,0.255422737,0.992095649,0.999648961,0.995116974,18,0.05,1.2,N2 S1 O2,de-protonated,0,-9999,C40 H48 O2 N2 S1,40,48,2,2,-9999,1,-9999,-9999
737,619.336362,619.33653171,619.336506459,19351680,-9999,481281.2,35.17,-1,0.040770827,0.999698431,0,0.599819058,5,0.344827586,1.827586207,N2 P1 O10,de-protonated,0,-9999,C29 H53 O10 N2 P1,29,53,10,2,1,-9999,-9999,-9999
738,620.339651,620.339821018,620.339728352,8358165,-9999,462785.1,14.06,-1,0.149378368,0.995959358,0.999648961,0.997435199,18,0.05,1.2,13C1 N2 S1 O2,de-protonated,1,737,C39 H48 O2 N2 S1 13C1,39,48,2,2,-9999,1,1,-9999
738,620.339651,620.339821018,620.33999764,8358165,-9999,462785.1,14.06,-1,-0.284718082,0.985398623,0,0.591239174,5,0.428571429,1.821428571,N3 O12,de-protonated,0,-9999,C28 H51 O12 N3,28,51,12,3,-9999,-9999,-9999,-9999
739,633.352,633.35217401,633.352536646,11538524,-9999,484683.4,20.16,-1,-0.572565871,0.942250019,0,0.565350011,0,0.464285714,2.071428571,S1 O13,de-protonated,0,-9999,C28 H58 O13 S1,28,58,13,-9999,-9999,1,-9999,-9999
739,633.352,633.35217401,633.352023582,11538524,-9999,484683.4,20.16,-1,0.237511206,0.989816402,0,0.593889841,18,0.048780488,1.219512195,N2 S1 O2,de-protonated,0,-9999,C41 H50 O2 N2 S1,41,50,2,2,-9999,1,-9999,-9999
739,633.352,633.35217401,633.352156523,11538524,-9999,484683.4,20.16,-1,0.0276094,0.999861695,0,0.599917017,5,0.333333333,1.833333333,N2 P1 O10,de-protonated,0,-9999,C30 H55 O10 N2 P1,30,55,10,2,1,-9999,-9999,-9999
740,635.009485,635.009659518,635.009691779,7934272,-9999,499678.6,13.24,-1,-0.050803951,0.999531783,0,0.59971907,18,0.708333333,0.666666667,N2 S1 O17,de-protonated,0,-9999,C24 H16 O17 N2 S1,24,16,17,2,-9999,1,-9999,-9999
740,635.009485,635.009659518,635.010181037,7934272,-9999,499678.6,13.24,-1,-0.821275575,0.884806792,0,0.530884075,22,0.333333333,0.62962963,N4 S2 P1 O9,de-protonated,0,-9999,C27 H17 O9 N4 P1 S2,27,17,9,4,1,2,-9999,-9999
740,635.009485,635.009659518,635.009311657,7934272,-9999,499678.6,13.24,-1,0.547805382,0.947004845,0,0.568202907,23,0.538461538,0.5,N4 P1 O14,de-protonated,0,-9999,C26 H13 O14 N4 P1,26,13,14,4,1,-9999,-9999,-9999
741,635.361935,635.362109626,635.362313484,7672176.5,-9999,505193.5,12.74,-1,-0.320851699,0.981493996,0,0.588896398,8,0.228571429,1.6,S1 O8,de-protonated,0,-9999,C35 H56 O8 S1,35,56,8,-9999,-9999,1,-9999,-9999
741,635.361935,635.362109626,635.361933361,7672176.5,-9999,505193.5,12.74,-1,0.277425248,0.986131904,0,0.591679143,13,0.135135135,1.432432432,N2 P1 O5,de-protonated,0,-9999,C37 H53 O5 N2 P1,37,53,5,2,1,-9999,-9999,-9999
742,649.439017,649.439195945,649.439121055,10000561,-9999,440016.4,17.18,-1,0.115315651,0.997590059,0,0.598554035,11,0.097560976,1.536585366,P1 O4,de-protonated,0,-9999,C41 H63 O4 P1,41,63,4,-9999,1,-9999,-9999,-9999
742,649.439017,649.439195945,649.439317759,10000561,-9999,440016.4,17.18,-1,-0.18756794,0.993636653,0,0.596181992,3,0.322580645,2,N4 O10,de-protonated,0,-9999,C31 H62 O10 N4,31,62,10,4,-9999,-9999,-9999,-9999
743,653.301076,653.30125613,653.301247855,9591445,-9999,470072.9,16.39,-1,0.012667028,0.999970886,0,0.599982532,22,0.022727273,1.068181818,S1 P1 O1,de-protonated,0,-9999,C44 H47 O1 P1 S1,44,47,1,-9999,1,1,-9999,-9999
743,653.301076,653.30125613,653.301444559,9591445,-9999,470072.9,16.39,-1,-0.288425973,0.98501872,0,0.591011232,14,0.205882353,1.352941176,N4 S1 O7,de-protonated,0,-9999,C34 H46 O7 N4 S1,34,46,7,4,-9999,1,-9999,-9999
743,653.301076,653.30125613,653.301577501,9591445,-9999,470072.9,16.39,-1,-0.491918045,0.957042419,0,0.574225451,1,0.652173913,2.217391304,N4 P1 O15,de-protonated,0,-9999,C23 H51 O15 N4 P1,23,51,15,4,1,-9999,-9999,-9999
744,659.05632,659.056501896,659.056981032,19717458,-9999,446977.8,35.8,-1,-0.727001973,0.454276791,0.662980834,0.537758408,40,0.021276596,0.340425532,S2 O1,de-protonated,0,-9999,C47 H16 O1 S2,47,16,1,-9999,-9999,2,-9999,-9999
744,659.05632,659.056501896,659.057113973,19717458,-9999,446977.8,35.8,-1,-0.928716863,0.427564811,0.719752637,0.544439942,27,0.25,0.583333333,S1 P1 O9,de-protonated,0,-9999,C36 H21 O9 P1 S1,36,21,9,-9999,1,1,-9999,-9999
744,659.05632,659.056501896,659.055973267,19717458,-9999,446977.8,35.8,-1,0.802099663,0.889818714,0,0.533891228,14,0.76,0.96,S1 O19,de-protonated,0,-9999,C25 H24 O19 S1,25,24,19,-9999,-9999,1,-9999,-9999
744,659.05632,659.056501896,659.056462525,19717458,-9999,446977.8,35.8,-1,0.059738773,0.99935267,0,0.599611602,18,0.392857143,0.892857143,N2 S2 P1 O11,de-protonated,0,-9999,C28 H25 O11 N2 P1 S2,28,25,11,2,1,2,-9999,-9999
745,671.267125,671.267310642,671.267761648,71819984,-9999,422089.7,135.67,-1,-0.671871587,0.614142707,0.937194733,0.743363517,9,0.322580645,1.548387097,N2 S2 O10,de-protonated,0,-9999,C31 H48 O10 N2 S2,31,48,10,2,-9999,2,-9999,-9999
745,671.267125,671.267310642,671.266892268,71819984,-9999,422089.7,135.67,-1,0.623260492,0.932278995,0.98857387,0.954796945,10,0.5,1.466666667,N2 O15,de-protonated,0,-9999,C30 H44 O15 N2,30,44,15,2,-9999,-9999,-9999,-9999
745,671.267125,671.267310642,671.267381526,71819984,-9999,422089.7,135.67,-1,-0.105596098,0.997937966,0.993371842,0.996111517,14,0.212121212,1.363636364,N4 S1 P1 O7,de-protonated,0,-9999,C33 H45 O7 N4 P1 S1,33,45,7,4,1,1,-9999,-9999
746,672.270478,672.27066395,672.270676002,24765244,-9999,436030.8,45.47,-1,-0.017926681,0.499970845,0.68763467,0.575036375,22,0.071428571,1.047619048,N1 S1 P1 O3,de-protonated,0,-9999,C42 H44 O3 N1 P1 S1,42,44,3,1,1,1,-9999,-9999
746,672.270478,672.27066395,672.271116483,24765244,-9999,436030.8,45.47,-1,-0.673140585,0.614047607,0.937194733,0.743306457,9,0.322580645,1.548387097,13C1 N2 S2 O10,de-protonated,1,745,C30 H48 O10 N2 S2 13C1,30,48,10,2,-9999,2,1,-9999
746,672.270478,672.27066395,672.270247103,24765244,-9999,436030.8,45.47,-1,0.620058525,0.932615715,0.98857387,0.954998977,10,0.5,1.466666667,13C1 N2 O15,de-protonated,1,745,C29 H44 O15 N2 13C1,29,44,15,2,-9999,-9999,1,-9999
746,672.270478,672.27066395,672.270024553,24765244,-9999,436030.8,45.47,-1,0.951101603,0.424312689,0.73113591,0.547041978,13,0.147058824,1.411764706,N3 S2 P1 O5,de-protonated,0,-9999,C34 H48 O5 N3 P1 S2,34,48,5,3,1,2,-9999,-9999
746,672.270478,672.27066395,672.270736361,24765244,-9999,436030.8,45.47,-1,-0.107710255,0.997897137,0.993371842,0.996087019,14,0.212121212,1.363636364,13C1 N4 S1 P1 O7,de-protonated,1,745,C32 H45 O7 N4 P1 S1 13C1,32,45,7,4,1,1,1,-9999
747,673.264176,673.264362255,673.263936115,20931498,-9999,429599.9,38.13,-1,0.632946853,0.932558199,0.968005988,0.946737315,8,0.28125,1.59375,S2 P1 O9,de-protonated,0,-9999,C32 H51 O9 P1 S2,32,51,9,-9999,1,2,-9999,-9999
747,673.264176,673.264362255,673.264784268,20931498,-9999,429599.9,38.13,-1,-0.626815616,0.928653853,0.955873087,0.939541546,9,0.433333333,1.533333333,N2 S1 O13,de-protonated,0,-9999,C30 H46 O13 N2 S1,30,46,13,2,-9999,1,-9999,-9999
747,673.264176,673.264362255,673.264271204,20931498,-9999,429599.9,38.13,-1,0.135238677,0.997236386,0.971667278,0.987008743,27,0.046511628,0.88372093,N4 S1 O2,de-protonated,0,-9999,C43 H38 O2 N4 S1,43,38,2,4,-9999,1,-9999,-9999
747,673.264176,673.264362255,673.264404145,20931498,-9999,429599.9,38.13,-1,-0.062219776,0.998968367,0.968005988,0.986583415,14,0.3125,1.34375,N4 P1 O10,de-protonated,0,-9999,C32 H43 O10 N4 P1,32,43,10,4,1,-9999,-9999,-9999
747,673.264176,673.264362255,673.264132819,20931498,-9999,429599.9,38.13,-1,0.34078126,0.979148488,0,0.587489093,0,0.681818182,2.272727273,N4 S2 O15,de-protonated,0,-9999,C22 H50 O15 N4 S2,22,50,15,4,-9999,2,-9999,-9999
748,674.267514,674.267700563,674.26729095,8512534,-9999,477360.1,14.32,-1,0.607493578,0.935229471,0.968005988,0.948340078,8,0.28125,1.59375,13C1 S2 P1 O9,de-protonated,1,747,C31 H51 O9 P1 S2 13C1,31,51,9,-9999,1,2,1,-9999
748,674.267514,674.267700563,674.267698622,8512534,-9999,477360.1,14.32,-1,0.002879078,0.999998496,0,0.599999098,22,0.146341463,1.024390244,N1 P1 O6,de-protonated,0,-9999,C41 H42 O6 N1 P1,41,42,6,1,1,-9999,-9999,-9999
748,674.267514,674.267700563,674.267427295,8512534,-9999,477360.1,14.32,-1,0.405280484,0.970636382,0,0.582381829,8,0.35483871,1.580645161,N1 S2 O11,de-protonated,0,-9999,C31 H49 O11 N1 S2,31,49,11,1,-9999,2,-9999,-9999
748,674.267514,674.267700563,674.268139103,8512534,-9999,477360.1,14.32,-1,-0.650394251,0.926116636,0.955873087,0.938019217,9,0.433333333,1.533333333,13C1 N2 S1 O13,de-protonated,1,747,C29 H46 O13 N2 S1 13C1,29,46,13,2,-9999,1,1,-9999
748,674.267514,674.267700563,674.267047173,8512534,-9999,477360.1,14.32,-1,0.969037345,0.843338911,0,0.506003346,13,0.242424242,1.393939394,N3 S1 P1 O8,de-protonated,0,-9999,C33 H46 O8 N3 P1 S1,33,46,8,3,1,1,-9999,-9999
748,674.267514,674.267700563,674.267626039,8512534,-9999,477360.1,14.32,-1,0.110526038,0.997785877,0.971667278,0.987338437,27,0.046511628,0.88372093,13C1 N4 S1 O2,de-protonated,1,747,C42 H38 O2 N4 S1 13C1,42,38,2,4,-9999,1,1,-9999
748,674.267514,674.267700563,674.26775898,8512534,-9999,477360.1,14.32,-1,-0.08663858,0.998638929,0.968005988,0.986385753,14,0.3125,1.34375,13C1 N4 P1 O10,de-protonated,1,747,C31 H43 O10 N4 P1 13C1,31,43,10,4,1,-9999,1,-9999
749,675.085405,675.085591814,675.085912179,7873646.5,-9999,412063.6,13.1,-1,-0.474554589,0.959961003,0,0.575976602,30,0.097560976,0.609756098,S2 P1 O4,de-protonated,0,-9999,C41 H25 O4 P1 S2,41,25,4,-9999,1,2,-9999,-9999
749,675.085405,675.085591814,675.085042799,7873646.5,-9999,412063.6,13.1,-1,0.813252727,0.886914643,0,0.532148786,31,0.225,0.525,P1 O9,de-protonated,0,-9999,C40 H21 O9 P1,40,21,9,-9999,1,-9999,-9999,-9999
749,675.085405,675.085591814,675.086108883,7873646.5,-9999,412063.6,13.1,-1,-0.76593134,0.899022677,0,0.539413606,22,0.322580645,0.774193548,N4 S2 O10,de-protonated,0,-9999,C31 H24 O10 N4 S2,31,24,10,4,-9999,2,-9999,-9999
749,675.085405,675.085591814,675.085239504,7873646.5,-9999,412063.6,13.1,-1,0.521875226,0.951782982,0,0.571069789,23,0.5,0.666666667,N4 O15,de-protonated,0,-9999,C30 H20 O15 N4,30,20,15,4,-9999,-9999,-9999,-9999
749,675.085405,675.085591814,675.086241825,7873646.5,-9999,412063.6,13.1,-1,-0.96285674,0.845168025,0,0.507100815,9,0.9,1.45,N4 S1 P1 O18,de-protonated,0,-9999,C20 H29 O18 N4 P1 S1,20,29,18,4,1,1,-9999,-9999
750,715.216564,715.216763126,715.216985921,20378616,-9999,393292.2,36.95,-1,-0.311507026,0.491273466,0.719752637,0.582665134,15,0.25,1.25,S2 P1 O9,de-protonated,0,-9999,C36 H45 O9 P1 S2,36,45,9,-9999,1,2,-9999,-9999
750,715.216564,715.216763126,715.216116542,20378616,-9999,393292.2,36.95,-1,0.904041084,0.43108783,0.725399619,0.548812545,16,0.4,1.171428571,P1 O14,de-protonated,0,-9999,C35 H41 O14 P1,35,41,14,-9999,1,-9999,-9999,-9999
750,715.216564,715.216763126,715.21732101,20378616,-9999,393292.2,36.95,-1,-0.78002031,0.447738326,0.662980834,0.533835329,34,0.042553191,0.680851064,N4 S1 O2,de-protonated,0,-9999,C47 H32 O2 N4 S1,47,32,2,4,-9999,1,-9999,-9999
750,715.216564,715.216763126,715.217453952,20378616,-9999,393292.2,36.95,-1,-0.965896124,0.422134752,0.719752637,0.541181906,21,0.277777778,1.027777778,N4 P1 O10,de-protonated,0,-9999,C36 H37 O10 N4 P1,36,37,10,4,1,-9999,-9999,-9999
750,715.216564,715.216763126,715.217182626,20378616,-9999,393292.2,36.95,-1,-0.586534575,0.939485883,0,0.56369153,7,0.576923077,1.692307692,N4 S2 O15,de-protonated,0,-9999,C26 H44 O15 N4 S2,26,44,15,4,-9999,2,-9999,-9999
750,715.216564,715.216763126,715.216313246,20378616,-9999,393292.2,36.95,-1,0.629012867,0.930724953,0,0.558434972,8,0.8,1.6,N4 O20,de-protonated,0,-9999,C25 H40 O20 N4,25,40,20,4,-9999,-9999,-9999,-9999
751,717.214479,717.214678739,717.214008541,19788982,-9999,395653.5,35.61,-1,0.934446339,0.426737439,0.725399619,0.546202311,15,0.342857143,1.228571429,S1 P1 O12,de-protonated,0,-9999,C35 H43 O12 P1 S1,35,43,12,-9999,1,1,-9999,-9999
751,717.214479,717.214678739,717.214856694,19788982,-9999,395653.5,35.61,-1,-0.248119743,0.49444578,0.736963647,0.591452927,16,0.484848485,1.151515152,N2 O16,de-protonated,0,-9999,C33 H38 O16 N2,33,38,16,2,-9999,-9999,-9999,-9999
751,717.214479,717.214678739,717.21434363,19788982,-9999,395653.5,35.61,-1,0.467237008,0.480581082,0.667769153,0.55545631,34,0.108695652,0.652173913,N4 O5,de-protonated,0,-9999,C46 H30 O5 N4,46,30,5,4,-9999,-9999,-9999,-9999
751,717.214479,717.214678739,717.215345952,19788982,-9999,395653.5,35.61,-1,-0.930281985,0.427339144,0.719752637,0.544304542,20,0.222222222,1.083333333,N4 S1 P1 O8,de-protonated,0,-9999,C36 H39 O8 N4 P1 S1,36,39,8,4,1,1,-9999,-9999
751,717.214479,717.214678739,717.214205246,19788982,-9999,395653.5,35.61,-1,0.660184239,0.923963065,0,0.554377839,7,0.72,1.68,N4 S1 O18,de-protonated,0,-9999,C25 H42 O18 N4 S1,25,42,18,4,-9999,1,-9999,-9999
752,725.372391,725.372593242,725.37287816800006,8026058,-9999,411804.4,13.26,-1,-0.392798564,0.972392405,0,0.583435443,13,0.219512195,1.414634146,S1 O9,de-protonated,0,-9999,C41 H58 O9 S1,41,58,9,-9999,-9999,1,-9999,-9999
752,725.372391,725.372593242,725.373011109,8026058,-9999,411804.4,13.26,-1,-0.576072102,0.941561707,0,0.564937024,0,0.566666667,2.1,P1 O17,de-protonated,0,-9999,C30 H63 O17 P1,30,63,17,-9999,1,-9999,-9999,-9999
752,725.372391,725.372593242,725.372498045,8026058,-9999,411804.4,13.26,-1,0.131238909,0.99687967,0,0.598127802,18,0.139534884,1.279069767,N2 P1 O6,de-protonated,0,-9999,C43 H55 O6 N2 P1,43,55,6,2,1,-9999,-9999,-9999
752,725.372391,725.372593242,725.372226719,8026058,-9999,411804.4,13.26,-1,0.505289893,0.954729626,0,0.572837775,4,0.333333333,1.878787879,N2 S2 O11,de-protonated,0,-9999,C33 H62 O11 N2 S2,33,62,11,2,-9999,2,-9999,-9999
753,726.354807,726.355009544,726.355372922,7895082,-9999,447292.8,13.01,-1,-0.500276295,0.955603387,0,0.573362032,5,0.53125,1.78125,N1 O17,de-protonated,0,-9999,C32 H57 O17 N1,32,57,17,1,-9999,-9999,-9999,-9999
753,726.354807,726.355009544,726.355729238,7895082,-9999,447292.8,13.01,-1,-0.990828551,0.836828896,0,0.502097338,22,0.02173913,1.152173913,N3 S2 O1,de-protonated,0,-9999,C46 H53 O1 N3 S2,46,53,1,3,-9999,2,-9999,-9999
753,726.354807,726.355009544,726.354859858,7895082,-9999,447292.8,13.01,-1,0.206078163,0.992323813,0,0.595394288,23,0.133333333,1.088888889,N3 O6,de-protonated,0,-9999,C45 H49 O6 N3,45,49,6,3,-9999,-9999,-9999,-9999
754,739.387907,739.388113542,739.388528232,8305988,-9999,428657.2,13.79,-1,-0.560855132,0.944522072,0,0.566713243,13,0.214285714,1.428571429,S1 O9,de-protonated,0,-9999,C42 H60 O9 S1,42,60,9,-9999,-9999,1,-9999,-9999
754,739.387907,739.388113542,739.388661174,8305988,-9999,428657.2,13.79,-1,-0.740654556,0.905256314,0,0.543153788,0,0.548387097,2.096774194,P1 O17,de-protonated,0,-9999,C31 H65 O17 P1,31,65,17,-9999,1,-9999,-9999,-9999
754,739.387907,739.388113542,739.388148109,8305988,-9999,428657.2,13.79,-1,-0.046751264,0.99960349,0,0.599762094,18,0.136363636,1.295454545,N2 P1 O6,de-protonated,0,-9999,C44 H57 O6 N2 P1,44,57,6,2,1,-9999,-9999,-9999
754,739.387907,739.388113542,739.387876783,8305988,-9999,428657.2,13.79,-1,0.320209239,0.981567347,0,0.588940408,4,0.323529412,1.882352941,N2 S2 O11,de-protonated,0,-9999,C34 H64 O11 N2 S2,34,64,11,2,-9999,2,-9999,-9999
754,739.387907,739.388113542,739.387496661,8305988,-9999,428657.2,13.79,-1,0.834314013,0.881347953,0,0.528808772,9,0.222222222,1.694444444,N4 S1 P1 O8,de-protonated,0,-9999,C36 H61 O8 N4 P1 S1,36,61,8,4,1,1,-9999,-9999
755,742.997233,742.99744065,742.998078267,7421628.5,-9999,394895.6,12.11,-1,-0.858169084,0.87491491,0,0.524948946,32,0.416666667,0.361111111,N2 P1 O15,de-protonated,0,-9999,C36 H13 O15 N2 P1,36,13,15,2,1,-9999,-9999,-9999
755,742.997233,742.99744065,742.997806941,7421628.5,-9999,394895.6,12.11,-1,-0.492991792,0.95685879,0,0.574115274,18,0.769230769,0.769230769,N2 S2 O20,de-protonated,0,-9999,C26 H20 O20 N2 S2,26,20,20,2,-9999,2,-9999,-9999
755,742.997233,742.99744065,742.997293877,7421628.5,-9999,394895.6,12.11,-1,0.197541001,0.992944436,0,0.595766662,36,0.230769231,0.307692308,N4 S2 O9,de-protonated,0,-9999,C39 H12 O9 N4 S2,39,12,9,4,-9999,2,-9999,-9999
755,742.997233,742.99744065,742.997426819,7421628.5,-9999,394895.6,12.11,-1,0.018614734,0.999937128,0,0.599962277,23,0.607142857,0.607142857,N4 S1 P1 O17,de-protonated,0,-9999,C28 H17 O17 N4 P1 S1,28,17,17,4,1,1,-9999,-9999
756,748.035532,748.035741195,748.035392727,8650967,-9999,451369.8,14.44,-1,0.465844316,0.961388825,0,0.576833295,24,0.382352941,0.705882353,N1 S2 P1 O13,de-protonated,0,-9999,C34 H24 O13 N1 P1 S2,34,24,13,1,1,2,-9999,-9999
756,748.035532,748.035741195,748.03624088,8650967,-9999,451369.8,14.44,-1,-0.667995889,0.922225266,0,0.55333516,25,0.53125,0.59375,N3 S1 O17,de-protonated,0,-9999,C32 H19 O17 N3 S1,32,19,17,3,-9999,1,-9999,-9999
757,758.327825,758.328037353,758.327582481,16975200,-9999,311659.7,30.25,-1,0.599836135,0.468399819,0.635633513,0.535293297,32,0.075471698,0.849056604,N1 O4,de-protonated,0,-9999,C53 H45 O4 N1,53,45,4,1,-9999,-9999,-9999,-9999
757,758.327825,758.328037353,758.328584802,16975200,-9999,311659.7,30.25,-1,-0.721915704,0.454884657,0.6825583,0.545954114,18,0.162790698,1.255813953,N1 S1 P1 O7,de-protonated,0,-9999,C43 H54 O7 N1 P1 S1,43,54,7,1,1,1,-9999,-9999
757,758.327825,758.328037353,758.327444096,16975200,-9999,311659.7,30.25,-1,0.782322624,0.894892391,0,0.536935435,5,0.53125,1.78125,N1 S1 O17,de-protonated,0,-9999,C32 H57 O17 N1 S1,32,57,17,1,-9999,1,-9999,-9999
757,758.327825,758.328037353,758.327933354,16975200,-9999,311659.7,30.25,-1,0.137142998,0.498296547,0.725399619,0.589137775,9,0.257142857,1.657142857,N3 S2 P1 O9,de-protonated,0,-9999,C35 H58 O9 N3 P1 S2,35,58,9,3,1,2,-9999,-9999
758,801.310637,801.31086254,801.31027791,7818573.5,-9999,194903.4,12.71,-1,0.729593374,0.907931527,0,0.544758916,24,0.1875,1.041666667,S1 O9,de-protonated,0,-9999,C48 H50 O9 S1,48,50,9,-9999,-9999,1,-9999,-9999
758,801.310637,801.31086254,801.311280231,7818573.5,-9999,194903.4,12.71,-1,-0.521259267,0.951893953,0,0.571136372,10,0.315789474,1.552631579,S2 P1 O12,de-protonated,0,-9999,C38 H59 O12 P1 S2,38,59,12,-9999,1,2,-9999,-9999
758,801.310637,801.31086254,801.310410851,7818573.5,-9999,194903.4,12.71,-1,0.563687846,0.94397629,0,0.566385774,11,0.459459459,1.486486486,P1 O17,de-protonated,0,-9999,C37 H55 O17 P1,37,55,17,-9999,1,-9999,-9999,-9999
758,801.310637,801.31086254,801.310767167,7818573.5,-9999,194903.4,12.71,-1,0.119021637,0.997432871,0,0.598459723,28,0.019607843,1,N2 S2 P1 O1,de-protonated,0,-9999,C51 H51 O1 N2 P1 S2,51,51,1,2,1,2,-9999,-9999
758,801.310637,801.31086254,801.31161532,7818573.5,-9999,194903.4,12.71,-1,-0.939434592,0.85202855,0,0.51121713,29,0.102040816,0.93877551,N4 S1 O5,de-protonated,0,-9999,C49 H46 O5 N4 S1,49,46,5,4,-9999,1,-9999,-9999
758,801.310637,801.31086254,801.311476936,7818573.5,-9999,194903.4,12.71,-1,-0.766737328,0.898821187,0,0.539292712,2,0.642857143,2.071428571,N4 S2 O18,de-protonated,0,-9999,C28 H58 O18 N4 S2,28,58,18,4,-9999,2,-9999,-9999
758,801.310637,801.31086254,801.310607556,7818573.5,-9999,194903.4,12.71,-1,0.318209252,0.981794781,0,0.589076869,3,0.851851852,2,N4 O23,de-protonated,0,-9999,C27 H54 O23 N4,27,54,23,4,-9999,-9999,-9999,-9999
759,807.178199,807.178426341,807.178943186,8741225,-9999,347590.8,14.44,-1,-0.64031061,0.928306296,0,0.556983778,35,0.18,0.66,P1 O9,de-protonated,0,-9999,C50 H33 O9 P1,50,33,9,-9999,1,-9999,-9999,-9999
759,807.178199,807.178426341,807.17867186,8741225,-9999,347590.8,14.44,-1,-0.304169436,0.983352665,0,0.590011599,21,0.35,1,S2 O14,de-protonated,0,-9999,C40 H40 O14 S2,40,40,14,-9999,-9999,2,-9999,-9999
759,807.178199,807.178426341,807.17780248,8741225,-9999,347590.8,14.44,-1,0.772891408,0.897277238,0,0.538366343,22,0.487179487,0.923076923,O19,de-protonated,0,-9999,C39 H36 O19,39,36,19,-9999,-9999,-9999,-9999,-9999
759,807.178199,807.178426341,807.178804801,8741225,-9999,347590.8,14.44,-1,-0.468868619,0.960895827,0,0.576537496,8,0.75862069,1.551724138,S1 P1 O22,de-protonated,0,-9999,C29 H45 O22 P1 S1,29,45,22,-9999,1,1,-9999,-9999
759,807.178199,807.178426341,807.178158795,8741225,-9999,347590.8,14.44,-1,0.331457393,0.980262703,0,0.588157622,39,0.056603774,0.603773585,N2 S2 O3,de-protonated,0,-9999,C53 H32 O3 N2 S2,53,32,3,2,-9999,2,-9999,-9999
759,807.178199,807.178426341,807.178291737,8741225,-9999,347590.8,14.44,-1,0.166758001,0.994966942,0,0.596980165,26,0.261904762,0.880952381,N2 S1 P1 O11,de-protonated,0,-9999,C42 H37 O11 N2 P1 S1,42,37,11,2,1,1,-9999,-9999
759,807.178199,807.178426341,807.177640288,8741225,-9999,347590.8,14.44,-1,0.973827915,0.841915864,0,0.505149518,17,0.382352941,1.205882353,N4 S2 P1 O13,de-protonated,0,-9999,C34 H41 O13 N4 P1 S2,34,41,13,4,1,2,-9999,-9999
759,807.178199,807.178426341,807.17913989,8741225,-9999,347590.8,14.44,-1,-0.884004177,0.867798699,0,0.520679219,27,0.375,0.8,N4 O15,de-protonated,0,-9999,C40 H32 O15 N4,40,32,15,4,-9999,-9999,-9999,-9999
761,815.07808,815.078309764,815.078243342,14362459,-9999,341539.8,24.34,-1,0.081492524,0.49939786,0.667769153,0.566746377,35,0.239130435,0.543478261,S1 P1 O11,de-protonated,0,-9999,C46 H25 O11 P1 S1,46,25,11,-9999,1,1,-9999,-9999
761,815.07808,815.078309764,815.078104957,14362459,-9999,341539.8,24.34,-1,0.251273114,0.988609035,0,0.593165421,8,0.96,1.48,S2 P1 O24,de-protonated,0,-9999,C25 H37 O24 P1 S2,25,37,24,-9999,1,2,-9999,-9999
761,815.07808,815.078309764,815.077591893,14362459,-9999,341539.8,24.34,-1,0.880740031,0.868706209,0,0.521223725,26,0.342105263,0.763157895,N2 S2 P1 O13,de-protonated,0,-9999,C38 H29 O13 N2 P1 S2,38,29,13,2,1,2,-9999,-9999
761,815.07808,815.078309764,815.079091495,14362459,-9999,341539.8,24.34,-1,-0.959085314,0.423140171,0.677556332,0.524906635,36,0.340909091,0.454545455,N2 O15,de-protonated,0,-9999,C44 H20 O15 N2,44,20,15,2,-9999,-9999,-9999,-9999
761,815.07808,815.078309764,815.078440046,14362459,-9999,341539.8,24.34,-1,-0.159839471,0.995374958,0,0.597224975,27,0.472222222,0.666666667,N4 S1 O17,de-protonated,0,-9999,C36 H24 O17 N4 S1,36,24,17,4,-9999,1,-9999,-9999
762,818.487416,818.48764681,818.488242275,9513493,-9999,360870,15.47,-1,-0.727517713,0.908429924,0,0.545057955,10,0.222222222,1.622222222,N1 S1 O10,de-protonated,0,-9999,C45 H73 O10 N1 S1,45,73,10,1,-9999,1,-9999,-9999
762,818.487416,818.48764681,818.487862152,9513493,-9999,360870,15.47,-1,-0.263097578,0.987518608,0,0.592511165,15,0.14893617,1.489361702,N3 P1 O7,de-protonated,0,-9999,C47 H70 O7 N3 P1,47,70,7,3,1,-9999,-9999,-9999
762,818.487416,818.48764681,818.487590826,9513493,-9999,360870,15.47,-1,0.068399309,0.999151459,0,0.599490875,1,0.324324324,2.0810810810000002,N3 S2 O12,de-protonated,0,-9999,C37 H77 O12 N3 S2,37,77,12,3,-9999,2,-9999,-9999
763,820.389272,820.389503394,820.388862585,7883686.5,-9999,254884.7,12.48,-1,0.781104175,0.895201766,0,0.537121059,21,0.163265306,1.204081633,N1 S1 O8,de-protonated,0,-9999,C49 H59 O8 N1 S1,49,59,8,1,-9999,1,-9999,-9999
763,820.389272,820.389503394,820.389864906,7883686.5,-9999,254884.7,12.48,-1,-0.440659313,0.965379664,0,0.579227799,7,0.282051282,1.743589744,N1 S2 P1 O11,de-protonated,0,-9999,C39 H68 O11 N1 P1 S2,39,68,11,1,1,2,-9999,-9999
763,820.389272,820.389503394,820.388995526,7883686.5,-9999,254884.7,12.48,-1,0.61905686,0.932825774,0,0.559695464,8,0.421052632,1.684210526,N1 P1 O16,de-protonated,0,-9999,C38 H64 O16 N1 P1,38,64,16,1,1,-9999,-9999,-9999
764,834.043519,834.043754583,834.044300185,16234486,-9999,287610.2,27.75,-1,-0.654164388,0.462645255,0.662980834,0.542779486,40,0.276595745,0.382978723,N1 P1 O13,de-protonated,0,-9999,C47 H18 O13 N1 P1,47,18,13,1,1,-9999,-9999,-9999
764,834.043519,834.043754583,834.044028859,16234486,-9999,287610.2,27.75,-1,-0.328850648,0.490284453,0.714192896,0.57984783,26,0.486486486,0.675675676,N1 S2 O18,de-protonated,0,-9999,C37 H25 O18 N1 S2,37,25,18,1,-9999,2,-9999,-9999
764,834.043519,834.043754583,834.043159479,16234486,-9999,287610.2,27.75,-1,0.713516973,0.455880812,0.719752637,0.561429542,27,0.638888889,0.583333333,N1 O23,de-protonated,0,-9999,C36 H21 O23 N1,36,21,23,1,-9999,-9999,-9999,-9999
764,834.043519,834.043754583,834.043648736,16234486,-9999,287610.2,27.75,-1,0.126907747,0.498540965,0.703327172,0.580455448,31,0.384615385,0.564102564,N3 S1 P1 O15,de-protonated,0,-9999,C39 H22 O15 N3 P1 S1,39,22,15,3,1,1,-9999,-9999
765,835.308154,835.308389971,835.308876222,9451828,-9999,362044.6,15.35,-1,-0.582121485,0.940365466,0,0.56421928,6,0.727272727,1.696969697,O24,de-protonated,0,-9999,C33 H56 O24,33,56,24,-9999,-9999,-9999,-9999,-9999
765,835.308154,835.308389971,835.308363158,9451828,-9999,362044.6,15.35,-1,0.032099531,0.999813056,0,0.599887834,24,0.282608696,1.043478261,N2 O13,de-protonated,0,-9999,C46 H48 O13 N2,46,48,13,2,-9999,-9999,-9999,-9999
765,835.308154,835.308389971,835.308852415,9451828,-9999,362044.6,15.35,-1,-0.553620785,0.945904854,0,0.567542913,28,0.102040816,1,N4 S1 P1 O5,de-protonated,0,-9999,C49 H49 O5 N4 P1 S1,49,49,5,4,1,1,-9999,-9999
765,835.308154,835.308389971,835.307711709,9451828,-9999,362044.6,15.35,-1,0.811990213,0.887244915,0,0.532346949,15,0.394736842,1.368421053,N4 S1 O15,de-protonated,0,-9999,C38 H52 O15 N4 S1,38,52,15,4,-9999,1,-9999,-9999
765,835.308154,835.308389971,835.308714031,9451828,-9999,362044.6,15.35,-1,-0.387952272,0.973060236,0,0.583836142,1,0.642857143,2.178571429,N4 S2 P1 O18,de-protonated,0,-9999,C28 H61 O18 N4 P1 S2,28,61,18,4,1,2,-9999,-9999
765,835.308154,835.308389971,835.307844651,9451828,-9999,362044.6,15.35,-1,0.652837107,0.925581809,0,0.555349085,2,0.851851852,2.111111111,N4 P1 O23,de-protonated,0,-9999,C27 H57 O23 N4 P1,27,57,23,4,1,-9999,-9999,-9999
766,851.280185,851.280425871,851.28015955,9472662,-9999,253339.4,15.38,-1,0.312847654,0.982397716,0,0.58943863,15,0.45,1.3,S1 O18,de-protonated,0,-9999,C40 H52 O18 S1,40,52,18,-9999,-9999,1,-9999,-9999
766,851.280185,851.280425871,851.281161872,9472662,-9999,253339.4,15.38,-1,-0.864579921,0.873163365,0,0.523898019,1,0.7,2.033333333,S2 P1 O21,de-protonated,0,-9999,C30 H61 O21 P1 S2,30,61,21,-9999,1,2,-9999,-9999
766,851.280185,851.280425871,851.279646486,9472662,-9999,253339.4,15.38,-1,0.915545501,0.858907055,0,0.515344233,33,0.132075472,0.830188679,N2 S1 O7,de-protonated,0,-9999,C53 H44 O7 N2 S1,53,44,7,2,-9999,1,-9999,-9999
766,851.280185,851.280425871,851.280648808,9472662,-9999,253339.4,15.38,-1,-0.261883493,0.987632821,0,0.592579693,19,0.23255814,1.23255814,N2 S2 P1 O10,de-protonated,0,-9999,C43 H53 O10 N2 P1 S2,43,53,10,2,1,2,-9999,-9999
766,851.280185,851.280425871,851.279779428,9472662,-9999,253339.4,15.38,-1,0.759378451,0.900654636,0,0.540392782,20,0.357142857,1.166666667,N2 P1 O15,de-protonated,0,-9999,C42 H49 O15 N2 P1,42,49,15,2,1,-9999,-9999,-9999
767,853.407665,853.407906524,853.408475831,8817960,-9999,323669.5,14.18,-1,-0.667097356,0.922426029,0,0.553455617,33,0.032786885,0.950819672,S1 O2,de-protonated,0,-9999,C61 H58 O2 S1,61,58,2,-9999,-9999,1,-9999,-9999
767,853.407665,853.407906524,853.408608772,8817960,-9999,323669.5,14.18,-1,-0.8228746,0.884384808,0,0.530630885,20,0.2,1.26,P1 O10,de-protonated,0,-9999,C50 H63 O10 P1,50,63,10,-9999,1,-9999,-9999,-9999
767,853.407665,853.407906524,853.408337446,8817960,-9999,323669.5,14.18,-1,-0.504942463,0.95479043,0,0.572874258,6,0.375,1.75,S2 O15,de-protonated,0,-9999,C40 H70 O15 S2,40,70,15,-9999,-9999,2,-9999,-9999
767,853.407665,853.407906524,853.407468066,8817960,-9999,323669.5,14.18,-1,0.513773056,0.953233209,0,0.571939925,7,0.512820513,1.692307692,O20,de-protonated,0,-9999,C39 H66 O20,39,66,20,-9999,-9999,-9999,-9999,-9999
767,853.407665,853.407906524,853.407824382,8817960,-9999,323669.5,14.18,-1,0.096251921,0.998320393,0,0.598992236,24,0.075471698,1.169811321,N2 S2 O4,de-protonated,0,-9999,C53 H62 O4 N2 S2,53,62,4,2,-9999,2,-9999,-9999
767,853.407665,853.407906524,853.407957324,8817960,-9999,323669.5,14.18,-1,-0.059525561,0.999357281,0,0.599614369,11,0.285714286,1.595238095,N2 S1 P1 O12,de-protonated,0,-9999,C42 H67 O12 N2 P1 S1,42,67,12,2,1,1,-9999,-9999
767,853.407665,853.407906524,853.407444259,8817960,-9999,323669.5,14.18,-1,0.541669358,0.948154251,0,0.568892551,29,0.018181818,1.072727273,N4 S1 P1 O1,de-protonated,0,-9999,C55 H59 O1 N4 P1 S1,55,59,1,4,1,1,-9999,-9999
767,853.407665,853.407906524,853.407305875,8817960,-9999,323669.5,14.18,-1,0.703824643,0.914037137,0,0.548422282,2,0.411764706,2.088235294,N4 S2 P1 O14,de-protonated,0,-9999,C34 H71 O14 N4 P1 S2,34,71,14,4,1,2,-9999,-9999
768,863.377245,863.377489583,863.377569625,21486100,-9999,314177.5,37.35,-1,-0.092708069,0.997026779,0.987892955,0.993373249,31,0.086206897,0.965517241,S1 O5,de-protonated,0,-9999,C58 H56 O5 S1,58,56,5,-9999,-9999,1,-9999,-9999
768,863.377245,863.377489583,863.377702567,21486100,-9999,314177.5,37.35,-1,-0.246686702,0.985894932,0.963636429,0.976991531,18,0.276595745,1.29787234,P1 O13,de-protonated,0,-9999,C47 H61 O13 P1,47,61,13,-9999,1,-9999,-9999,-9999
768,863.377245,863.377489583,863.37743124,21486100,-9999,314177.5,37.35,-1,0.067574574,0.999584128,0.912424366,0.964720223,4,0.486486486,1.837837838,S2 O18,de-protonated,0,-9999,C37 H68 O18 S2,37,68,18,-9999,-9999,2,-9999,-9999
768,863.377245,863.377489583,863.377189502,21486100,-9999,314177.5,37.35,-1,0.34756588,0.981891317,0.979831582,0.981067423,36,0.033333333,0.883333333,N2 P1 O2,de-protonated,0,-9999,C60 H53 O2 N2 P1,60,53,2,2,1,-9999,-9999,-9999
768,863.377245,863.377489583,863.376918176,21486100,-9999,314177.5,37.35,-1,0.661827529,0.930388603,0.977598041,0.949272378,22,0.14,1.2,N2 S2 O7,de-protonated,0,-9999,C50 H60 O7 N2 S2,50,60,7,2,-9999,2,-9999,-9999
768,863.377245,863.377489583,863.377051118,21486100,-9999,314177.5,37.35,-1,0.507848664,0.959557643,0.923290091,0.945050622,9,0.384615385,1.666666667,N2 S1 P1 O15,de-protonated,0,-9999,C39 H65 O15 N2 P1 S1,39,65,15,2,1,1,-9999,-9999
768,863.377245,863.377489583,863.377899271,21486100,-9999,314177.5,37.35,-1,-0.474517923,0.954489536,0.912424366,0.937663468,10,0.513513514,1.621621622,N4 O19,de-protonated,0,-9999,C37 H60 O19 N4,37,60,19,4,-9999,-9999,-9999,-9999
769,864.380545,864.380789891,864.38092446,12802933,-9999,350679.9,21.46,-1,-0.155682889,0.995611855,0.987892955,0.992524295,31,0.086206897,0.965517241,13C1 S1 O5,de-protonated,1,768,C57 H56 O5 S1 13C1,57,56,5,-9999,-9999,1,1,-9999
769,864.380545,864.380789891,864.381057402,12802933,-9999,350679.9,21.46,-1,-0.309482777,0.982771065,0.963636429,0.97511721,18,0.276595745,1.29787234,13C1 P1 O13,de-protonated,1,768,C46 H61 O13 P1 13C1,46,61,13,-9999,1,-9999,1,-9999
769,864.380545,864.380789891,864.380786075,12802933,-9999,350679.9,21.46,-1,0.004413691,0.999996465,0.912424366,0.964967626,4,0.486486486,1.837837838,13C1 S2 O18,de-protonated,1,768,C36 H68 O18 S2 13C1,36,68,18,-9999,-9999,2,1,-9999
769,864.380545,864.380789891,864.381193747,12802933,-9999,350679.9,21.46,-1,-0.467220565,0.480582422,0.667769153,0.555457114,18,0.326086957,1.282608696,N1 O15,de-protonated,0,-9999,C46 H59 O15 N1,46,59,15,1,-9999,-9999,-9999,-9999
769,864.380545,864.380789891,864.380544337,12802933,-9999,350679.9,21.46,-1,0.284079971,0.985463521,0.979831582,0.983210746,36,0.033333333,0.883333333,13C1 N2 P1 O2,de-protonated,1,768,C59 H53 O2 N2 P1 13C1,59,53,2,2,1,-9999,1,-9999
769,864.380545,864.380789891,864.380273011,12802933,-9999,350679.9,21.46,-1,0.597976812,0.937178284,0.977598041,0.953346187,22,0.14,1.2,13C1 N2 S2 O7,de-protonated,1,768,C49 H60 O7 N2 S2 13C1,49,60,7,2,-9999,2,1,-9999
769,864.380545,864.380789891,864.380405953,12802933,-9999,350679.9,21.46,-1,0.444176693,0.964834646,0.923290091,0.948216824,9,0.384615385,1.666666667,13C1 N2 S1 P1 O15,de-protonated,1,768,C38 H65 O15 N2 P1 S1 13C1,38,65,15,2,1,1,1,-9999
769,864.380545,864.380789891,864.380680683,12802933,-9999,350679.9,21.46,-1,0.126341995,0.498553926,0.610452919,0.543313523,36,0.06779661,0.86440678,N3 O4,de-protonated,0,-9999,C59 H51 O4 N3,59,51,4,3,-9999,-9999,-9999,-9999
769,864.380545,864.380789891,864.380542299,12802933,-9999,350679.9,21.46,-1,0.286438667,0.985222928,0,0.591133757,9,0.447368421,1.657894737,N3 S1 O17,de-protonated,0,-9999,C38 H63 O17 N3 S1,38,63,17,3,-9999,1,-9999,-9999
769,864.380545,864.380789891,864.381254106,12802933,-9999,350679.9,21.46,-1,-0.537049523,0.949012008,0.912424366,0.934376951,10,0.513513514,1.621621622,13C1 N4 O19,de-protonated,1,768,C36 H60 O19 N4 13C1,36,60,19,4,-9999,-9999,1,-9999
770,890.093362,890.093614779,890.093361835,8668307,-9999,272310.3,13.12,-1,0.284177738,0.985453587,0,0.591272152,36,0.326086957,0.543478261,N3 S1 O15,de-protonated,0,-9999,C46 H25 O15 N3 S1,46,25,15,3,-9999,1,-9999,-9999
770,890.093362,890.093614779,890.094364156,8668307,-9999,272310.3,13.12,-1,-0.841907232,0.879314861,0,0.527588917,22,0.5,0.944444444,N3 S2 P1 O18,de-protonated,0,-9999,C36 H34 O18 N3 P1 S2,36,34,18,3,1,2,-9999,-9999
770,890.093362,890.093614779,890.09349477599994,8668307,-9999,272310.3,13.12,-1,0.134820655,0.996707311,0,0.598024387,23,0.657142857,0.857142857,N3 P1 O23,de-protonated,0,-9999,C35 H30 O23 N3 P1,35,30,23,3,1,-9999,-9999,-9999
771,890.869478,890.869731018,890.869855433,8848893,-9999,270286.7,13.43,-1,-0.139656466,0.996467293,0,0.597880376,6,0.032786885,1.852459016,N1 O2,de-protonated,0,-9999,C61 H113 O2 N1,61,113,2,1,-9999,-9999,-9999,-9999
772,896.547044,896.547298759,896.547946686,9228453,-9999,264513.9,14.09,-1,-0.722690639,0.909584535,0,0.545750721,21,0.033898305,1.338983051,N1 S2 O2,de-protonated,0,-9999,C59 H79 O2 N1 S2,59,79,2,1,-9999,2,-9999,-9999
772,896.547044,896.547298759,896.547077306,9228453,-9999,264513.9,14.09,-1,0.247006618,0.988990457,0,0.593394274,22,0.120689655,1.293103448,N1 O7,de-protonated,0,-9999,C58 H75 O7 N1,58,75,7,1,-9999,-9999,-9999,-9999
772,896.547044,896.547298759,896.548079628,9228453,-9999,264513.9,14.09,-1,-0.870972295,0.871407415,0,0.522844449,8,0.208333333,1.75,N1 S1 P1 O10,de-protonated,0,-9999,C48 H84 O10 N1 P1 S1,48,84,10,1,1,1,-9999,-9999
772,896.547044,896.547298759,896.546425858,9228453,-9999,264513.9,14.09,-1,0.973626927,0.84197566,0,0.505185396,13,0.18,1.58,N3 S1 O9,de-protonated,0,-9999,C50 H79 O9 N3 S1,50,79,9,3,-9999,1,-9999,-9999
772,896.547044,896.547298759,896.546558799,9228453,-9999,264513.9,14.09,-1,0.825344768,0.883731714,0,0.530239028,0,0.435897436,2.153846154,N3 P1 O17,de-protonated,0,-9999,C39 H84 O17 N3 P1,39,84,17,3,1,-9999,-9999,-9999
773,902.294602,902.294858523,902.294568275,10099711,-9999,267169.1,15.59,-1,0.321677746,0.490699739,0.602496955,0.535418625,40,0.081967213,0.737704918,N1 S1 O5,de-protonated,0,-9999,C61 H45 O5 N1 S1,61,45,5,1,-9999,1,-9999,-9999
773,902.294602,902.294858523,902.295570596,10099711,-9999,267169.1,15.59,-1,-0.789179888,0.893144292,0,0.535886575,26,0.156862745,1.058823529,N1 S2 P1 O8,de-protonated,0,-9999,C51 H54 O8 N1 P1 S2,51,54,8,1,1,2,-9999,-9999
773,902.294602,902.294858523,902.294701216,10099711,-9999,267169.1,15.59,-1,0.174340327,0.994500129,0,0.596700077,27,0.26,1,N1 P1 O13,de-protonated,0,-9999,C50 H50 O13 N1 P1,50,50,13,1,1,-9999,-9999,-9999
773,902.294602,902.294858523,902.29442989,10099711,-9999,267169.1,15.59,-1,0.475047278,0.959879513,0,0.575927708,13,0.45,1.425,N1 S2 O18,de-protonated,0,-9999,C40 H57 O18 N1 S2,40,57,18,1,-9999,2,-9999,-9999
773,902.294602,902.294858523,902.294049768,10099711,-9999,267169.1,15.59,-1,0.896332003,0.86434967,0,0.518609802,18,0.357142857,1.285714286,N3 S1 P1 O15,de-protonated,0,-9999,C42 H54 O15 N3 P1 S1,42,54,15,3,1,1,-9999,-9999
774,903.856167,903.856424002,903.857242319,13180718,-9999,216421.2,20.92,-1,-0.905361535,0.430900984,0.610452919,0.502721758,2,0.050847458,1.966101695,S1 O3,de-protonated,0,-9999,C59 H116 O3 S1,59,116,3,-9999,-9999,1,-9999,-9999
775,907.555971,907.556229137,907.556201959,9774820,-9999,302915.7,15.02,-1,0.029946287,0.999837294,0,0.599902376,4,0.212765957,1.893617021,S2 P1 O10,de-protonated,0,-9999,C47 H89 O10 P1 S2,47,89,10,-9999,1,2,-9999,-9999
775,907.555971,907.556229137,907.555332579,9774820,-9999,302915.7,15.02,-1,0.987882255,0.837714581,0,0.502628748,5,0.326086957,1.847826087,P1 O15,de-protonated,0,-9999,C46 H85 O15 P1,46,85,15,-9999,1,-9999,-9999,-9999
775,907.555971,907.556229137,907.557050112,9774820,-9999,302915.7,15.02,-1,-0.904599035,0.862017805,0,0.517210683,5,0.311111111,1.866666667,N2 S1 O14,de-protonated,0,-9999,C45 H84 O14 N2 S1,45,84,14,2,-9999,1,-9999,-9999
775,907.555971,907.556229137,907.556537048,9774820,-9999,302915.7,15.02,-1,-0.339274711,0.97933053,0,0.587598318,23,0.051724138,1.310344828,N4 S1 O3,de-protonated,0,-9999,C58 H76 O3 N4 S1,58,76,3,4,-9999,1,-9999,-9999
775,907.555971,907.556229137,907.55666999,9774820,-9999,302915.7,15.02,-1,-0.485757778,0.958088865,0,0.574853319,10,0.234042553,1.723404255,N4 P1 O11,de-protonated,0,-9999,C47 H81 O11 N4 P1,47,81,11,4,1,-9999,-9999,-9999
776,910.512466,910.512725044,910.512226426,13299001,-9999,243801.7,21.12,-1,0.547623483,0.473519542,0.587191358,0.518988268,32,0.015384615,1.076923077,N1 P1 O1,de-protonated,0,-9999,C65 H70 O1 N1 P1,65,70,1,1,1,-9999,-9999,-9999
776,910.512466,910.512725044,910.5119551,13299001,-9999,243801.7,21.12,-1,0.845616614,0.439158347,0.627012296,0.514299926,18,0.109090909,1.4,N1 S2 O6,de-protonated,0,-9999,C55 H77 O6 N1 S2,55,77,6,1,-9999,2,-9999,-9999
776,910.512466,910.512725044,910.512088042,13299001,-9999,243801.7,21.12,-1,0.699608841,0.457509468,0.677556332,0.545528214,5,0.318181818,1.863636364,N1 S1 P1 O14,de-protonated,0,-9999,C44 H82 O14 N1 P1 S1,44,82,14,1,1,1,-9999,-9999
776,910.512466,910.512725044,910.512936195,13299001,-9999,243801.7,21.12,-1,-0.2319032,0.99028931,0,0.594173586,6,0.428571429,1.833333333,N3 O18,de-protonated,0,-9999,C42 H77 O18 N3,42,77,18,3,-9999,-9999,-9999,-9999
777,928.7497,928.749964639,928.750348696,15849402,-9999,342846.3,25.51,-1,-0.413520236,0.484724436,0.602496955,0.531833444,11,0.016393443,1.704918033,N1 S1 P1 O1,de-protonated,0,-9999,C61 H104 O1 N1 P1 S1,61,104,1,1,1,1,-9999,-9999
777,928.7497,928.749964639,928.749697248,15849402,-9999,342846.3,25.51,-1,0.28790493,0.492536196,0.635633513,0.549775123,2,0.056603774,2.037735849,N3 S2 P1 O3,de-protonated,0,-9999,C53 H108 O3 N3 P1 S2,53,108,3,3,1,2,-9999,-9999
778,928.753391,928.75365564,928.75372,14997436,-9999,307275.2,24.03,-1,-0.069296359,0.499564533,0.614510218,0.545542807,6,0.017241379,1.862068966,N1 S2 P1 O1,de-protonated,0,-9999,C58 H108 O1 N1 P1 S2,58,108,1,1,1,2,-9999,-9999
778,928.753391,928.75365564,928.75285062,14997436,-9999,307275.2,24.03,-1,0.866775933,0.436280597,0.618621811,0.509217082,7,0.105263158,1.824561404,N1 P1 O6,de-protonated,0,-9999,C57 H104 O6 N1 P1,57,104,6,1,1,-9999,-9999,-9999
778,928.753391,928.75365564,928.754568153,14997436,-9999,307275.2,24.03,-1,-0.982511906,0.419662284,0.622788794,0.500912888,7,0.089285714,1.839285714,N3 S1 O5,de-protonated,0,-9999,C56 H103 O5 N3 S1,56,103,5,3,-9999,1,-9999,-9999
779,929.681739,929.682003925,929.681720307,11590159,-9999,276693.2,18.14,-1,0.305070235,0.491627374,0.583485697,0.528370703,22,0.045454545,1.363636364,O3,de-protonated,0,-9999,C66 H90 O3,66,90,3,-9999,-9999,-9999,-9999,-9999
779,929.681739,929.682003925,929.682722629,11590159,-9999,276693.2,18.14,-1,-0.773063069,0.448617016,0.622788794,0.518285728,8,0.107142857,1.767857143,S1 P1 O6,de-protonated,0,-9999,C56 H99 O6 P1 S1,56,99,6,-9999,1,1,-9999,-9999
779,929.681739,929.682003925,929.6812018,11590159,-9999,276693.2,18.14,-1,0.862795945,0.873651733,0,0.52419104,0,0.276595745,2.106382979,N2 P1 O13,de-protonated,0,-9999,C47 H99 O13 N2 P1,47,99,13,2,1,-9999,-9999,-9999
779,929.681739,929.682003925,929.682919333,11590159,-9999,276693.2,18.14,-1,-0.984645248,0.83868569,0,0.503211414,0,0.260869565,2.130434783,N4 S1 O12,de-protonated,0,-9999,C46 H98 O12 N4 S1,46,98,12,4,-9999,1,-9999,-9999
780,938.280206,938.280473563,938.280314455,11743312,-9999,286296.9,17.3,-1,0.169574426,0.497397972,0.649019222,0.558046472,25,0.22,1.08,N1 S2 P1 O11,de-protonated,0,-9999,C50 H54 O11 N1 P1 S2,50,54,11,1,1,2,-9999,-9999
780,938.280206,938.280473563,938.281162608,11743312,-9999,286296.9,17.3,-1,-0.73436924,0.906780426,0,0.544068256,26,0.3125,1.020833333,N3 S1 O15,de-protonated,0,-9999,C48 H49 O15 N3 S1,48,49,15,3,-9999,1,-9999,-9999
780,938.280206,938.280473563,938.28129555,11743312,-9999,286296.9,17.3,-1,-0.876055569,0.87000438,0,0.522002628,13,0.621621622,1.459459459,N3 P1 O23,de-protonated,0,-9999,C37 H54 O23 N3 P1,37,54,23,3,1,-9999,-9999,-9999
781,938.926218,938.926485762,938.927370311,9007626,-9999,256358.5,12.85,-1,-0.942084673,0.851258038,0,0.510754823,4,0.047619048,1.920634921,N1 O3,de-protonated,0,-9999,C63 H121 O3 N1,63,121,3,1,-9999,-9999,-9999,-9999
781,938.926218,938.926485762,938.926964475,9007626,-9999,256358.5,12.85,-1,-0.509851631,0.953927747,0,0.572356648,39,0.418604651,0.302325581,N2 S2 P1 O18,de-protonated,0,-9999,C43 H13 O18 N2 P1 S2,43,13,18,2,1,2,-9999,-9999
782,944.576497,944.576766495,944.577589589,9601375,-9999,245383.3,13.81,-1,-0.871388267,0.435646412,0.569119254,0.489035549,34,0.014285714,1.071428571,N1 O1,de-protonated,0,-9999,C70 H75 O1 N1,70,75,1,1,-9999,-9999,-9999,-9999
782,944.576497,944.576766495,944.577451204,9601375,-9999,245383.3,13.81,-1,-0.724884336,0.909060585,0,0.545436351,7,0.285714286,1.775510204,N1 S1 O14,de-protonated,0,-9999,C49 H87 O14 N1 S1,49,87,14,1,-9999,1,-9999,-9999
782,944.576497,944.576766495,944.57693814,9601375,-9999,245383.3,13.81,-1,-0.18171643,0.497013161,0.598596236,0.537646391,25,0.048387097,1.274193548,N3 S1 O3,de-protonated,0,-9999,C62 H79 O3 N3 S1,62,79,3,3,-9999,1,-9999,-9999
782,944.576497,944.576766495,944.577071082,9601375,-9999,245383.3,13.81,-1,-0.322458472,0.981309929,0,0.588785957,12,0.215686275,1.647058824,N3 P1 O11,de-protonated,0,-9999,C51 H84 O11 N3 P1,51,84,11,3,1,-9999,-9999,-9999
783,946.287962,946.28823202,946.287768817,11453975,-9999,251583,16.82,-1,0.48949488,0.47872774,0.610452919,0.531417811,36,0.118644068,0.830508475,N1 S2 O7,de-protonated,0,-9999,C59 H49 O7 N1 S2,59,49,7,1,-9999,2,-9999,-9999
783,946.287962,946.28823202,946.287901759,11453975,-9999,251583,16.82,-1,0.349007197,0.978140907,0,0.586884544,23,0.3125,1.125,N1 S1 P1 O15,de-protonated,0,-9999,C48 H54 O15 N1 P1 S1,48,54,15,1,1,1,-9999,-9999
783,946.287962,946.28823202,946.288749912,11453975,-9999,251583,16.82,-1,-0.547287371,0.947102325,0,0.568261395,24,0.413043478,1.065217391,N3 O19,de-protonated,0,-9999,C46 H49 O19 N3,46,49,19,3,-9999,-9999,-9999,-9999
784,948.882149,948.882419816,948.881697221,16321869,-9999,241199.2,24.74,-1,0.761522896,0.450060896,0.610452919,0.514217705,2,0.016949153,2.033898305,N3 S1 P1 O1,de-protonated,0,-9999,C59 H120 O1 N3 P1 S1,59,120,1,3,1,1,-9999,-9999
785,950.956756,950.957027453,950.956336052,10294043,-9999,405595.6,14.93,-1,0.727058659,0.908539995,0,0.545123997,35,0.536585366,0.390243902,N2 S2 O22,de-protonated,0,-9999,C41 H16 O22 N2 S2,41,16,22,2,-9999,2,-9999,-9999
786,950.960764,950.961035454,950.960358804,27530014,-9999,298796,42.97,-1,0.711544137,0.456113428,0.667769153,0.540775718,39,0.434782609,0.347826087,S2 O20,de-protonated,0,-9999,C46 H16 O20 S2,46,16,20,-9999,-9999,2,-9999,-9999
786,950.960764,950.961035454,950.961829156,27530014,-9999,298796,42.97,-1,-0.834630747,0.440631711,0.719752637,0.552280082,31,0.666666667,0.472222222,N4 S1 P1 O24,de-protonated,0,-9999,C36 H17 O24 N4 P1 S1,36,17,24,4,1,1,-9999,-9999
787,951.850614,951.850885727,951.851502034,9704861,-9999,302857,13.97,-1,-0.647482921,0.463375906,0.610452919,0.522206711,2,0.101694915,1.983050847,P1 O6,de-protonated,0,-9999,C59 H117 O6 P1,59,117,6,-9999,1,-9999,-9999,-9999
788,952.163329,952.163600823,952.164537917,20354686,-9999,184542.6,31.29,-1,-0.984172925,0.419413608,0.698017357,0.530855107,20,0.55,1.075,N1 S2 O22,de-protonated,0,-9999,C40 H43 O22 N1 S2,40,43,22,1,-9999,2,-9999,-9999
788,952.163329,952.163600823,952.164024853,20354686,-9999,184542.6,31.29,-1,-0.445333259,0.482327278,0.635633513,0.543649772,38,0.20754717,0.660377358,N3 S2 O11,de-protonated,0,-9999,C53 H35 O11 N3 S2,53,35,11,3,-9999,2,-9999,-9999
788,952.163329,952.163600823,952.163155473,20354686,-9999,184542.6,31.29,-1,0.467724002,0.480541379,0.640033642,0.544338284,39,0.307692308,0.596153846,N3 O16,de-protonated,0,-9999,C52 H31 O16 N3,52,31,16,3,-9999,-9999,-9999,-9999
788,952.163329,952.163600823,952.164157795,20354686,-9999,184542.6,31.29,-1,-0.584953796,0.46990081,0.68763467,0.556994354,25,0.452380952,0.952380952,N3 S1 P1 O19,de-protonated,0,-9999,C42 H40 O19 N3 P1 S1,42,40,19,3,1,1,-9999,-9999
789,953.807302,953.807574327,953.807983451,10427168,-9999,257162.6,15.14,-1,-0.428937529,0.483583416,0.594745702,0.52804833,12,0.063492063,1.682539683,N2 O4,de-protonated,0,-9999,C63 H106 O4 N2,63,106,4,2,-9999,-9999,-9999,-9999
789,953.807302,953.807574327,953.807332003,10427168,-9999,257162.6,15.14,-1,0.254060367,0.494178204,0.627012296,0.547311841,3,0.109090909,2,N4 S1 O6,de-protonated,0,-9999,C55 H110 O6 N4 S1,55,110,6,4,-9999,1,-9999,-9999
790,955.863065,955.863337958,955.864041777,13869294,-9999,159382.9,20.74,-1,-0.736317195,0.453154593,0.572644131,0.500950408,14,0.014492754,1.623188406,O1,de-protonated,0,-9999,C69 H112 O1,69,112,1,-9999,-9999,-9999,-9999,-9999
790,955.863065,955.863337958,955.863390328,13869294,-9999,159382.9,20.74,-1,-0.054788635,0.499727738,0.602496955,0.540835425,5,0.049180328,1.901639344,N2 S1 O3,de-protonated,0,-9999,C61 H116 O3 N2 S1,61,116,3,2,-9999,1,-9999,-9999
791,958.783743,958.784016854,958.78441173,14854451,-9999,312320.7,22.34,-1,-0.41185095,0.484845631,0.583485697,0.524301658,15,0.015151515,1.590909091,N1 S1 O1,de-protonated,0,-9999,C66 H105 O1 N1 S1,66,105,1,1,-9999,1,-9999,-9999
791,958.783743,958.784016854,958.784544672,14854451,-9999,312320.7,22.34,-1,-0.550507414,0.473247519,0.627012296,0.53475343,2,0.163636364,2,N1 P1 O9,de-protonated,0,-9999,C55 H110 O9 N1 P1,55,110,9,1,1,-9999,-9999,-9999
791,958.783743,958.784016854,958.783760282,14854451,-9999,312320.7,22.34,-1,0.267601956,0.493545183,0.614510218,0.541931197,6,0.051724138,1.879310345,N3 S2 O3,de-protonated,0,-9999,C58 H109 O3 N3 S2,58,109,3,3,-9999,2,-9999,-9999
792,960.04749,960.047764242,960.047199488,9170120,-9999,281929.5,13.09,-1,0.58825655,0.939141095,0,0.56348465700000006,35,0.477272727,0.522727273,N3 S1 O21,de-protonated,0,-9999,C44 H23 O21 N3 S1,44,23,21,3,-9999,1,-9999,-9999
792,960.04749,960.047764242,960.048201809,9170120,-9999,281929.5,13.09,-1,-0.455776643,0.963008769,0,0.577805261,21,0.705882353,0.941176471,N3 S2 P1 O24,de-protonated,0,-9999,C34 H32 O24 N3 P1 S2,34,32,24,3,1,2,-9999,-9999
793,960.94784,960.948114518,960.947210663,9629525,-9999,358837.2,13.83,-1,0.940587949,0.851693392,0,0.511016035,37,0.581395349,0.325581395,S1 O25,de-protonated,0,-9999,C43 H14 O25 S1,43,14,25,-9999,-9999,1,-9999,-9999
793,960.94784,960.948114518,960.948105756,9629525,-9999,358837.2,13.83,-1,0.009118469,0.499992457,0.583485697,0.533389753,6,0.03030303,1.863636364,N1 O2,de-protonated,0,-9999,C66 H123 O2 N1,66,123,2,1,-9999,-9999,-9999,-9999
794,963.812205,963.812480397,963.812614602,9484144,-9999,316259.8,13.59,-1,-0.13924378,0.498244052,0.594745702,0.536844712,8,0.031746032,1.793650794,S1 P1 O2,de-protonated,0,-9999,C63 H113 O2 P1 S1,63,113,2,-9999,1,1,-9999,-9999
794,963.812205,963.812480397,963.812811306,9484144,-9999,316259.8,13.59,-1,-0.343333683,0.978838307,0,0.587302984,0,0.150943396,2.113207547,N4 S1 O8,de-protonated,0,-9999,C53 H112 O8 N4 S1,53,112,8,4,-9999,1,-9999,-9999
795,964.219952,964.220227522,964.219822197,16005271,-9999,210328.7,24.2,-1,0.420365095,0.484222678,0.635633513,0.544787012,33,0.245283019,0.830188679,N1 S1 P1 O13,de-protonated,0,-9999,C53 H44 O13 N1 P1 S1,53,44,13,1,1,1,-9999,-9999
795,964.219952,964.220227522,964.220670351,16005271,-9999,210328.7,24.2,-1,-0.459260859,0.481225918,0.644495114,0.546533597,34,0.333333333,0.764705882,N3 O17,de-protonated,0,-9999,C51 H39 O17 N3,51,39,17,3,-9999,-9999,-9999,-9999
796,965.503214,965.503489916,965.503164064,17284150,-9999,229853.9,26.28,-1,0.337494356,0.48977233,0.602496955,0.53486218,25,0.131147541,1.213114754,S1 O8,de-protonated,0,-9999,C61 H74 O8 S1,61,74,8,-9999,-9999,1,-9999,-9999
796,965.503214,965.503489916,965.504166385,17284150,-9999,229853.9,26.28,-1,-0.700638853,0.457389754,0.644495114,0.532231898,11,0.215686275,1.62745098,S2 P1 O11,de-protonated,0,-9999,C51 H83 O11 P1 S2,51,83,11,-9999,1,2,-9999,-9999
796,965.503214,965.503489916,965.503297005,17284150,-9999,229853.9,26.28,-1,0.199802672,0.49639127,0.649019222,0.557442451,12,0.32,1.58,P1 O16,de-protonated,0,-9999,C50 H79 O16 P1,50,79,16,-9999,1,-9999,-9999,-9999
796,965.503214,965.503489916,965.502783941,17284150,-9999,229853.9,26.28,-1,0.731198708,0.453772639,0.594745702,0.510161864,30,0.079365079,1.126984127,N2 P1 O5,de-protonated,0,-9999,C63 H71 O5 N2 P1,63,71,5,2,1,-9999,-9999,-9999
796,965.503214,965.503489916,965.502645557,17284150,-9999,229853.9,26.28,-1,0.874527711,0.435213352,0.68763467,0.536181879,3,0.428571429,1.976190476,N2 S1 P1 O18,de-protonated,0,-9999,C42 H83 O18 N2 P1 S1,42,83,18,2,1,1,-9999,-9999
796,965.503214,965.503489916,965.50436309,17284150,-9999,229853.9,26.28,-1,-0.904371078,0.431041153,0.692787115,0.535739538,3,0.414634146,2,N4 S2 O17,de-protonated,0,-9999,C41 H82 O17 N4 S2,41,82,17,4,-9999,2,-9999,-9999
796,965.503214,965.503489916,965.50349371,17284150,-9999,229853.9,26.28,-1,-0.00392992,0.499998599,0.698017357,0.579206102,4,0.55,1.95,N4 O22,de-protonated,0,-9999,C40 H78 O22 N4,40,78,22,4,-9999,-9999,-9999,-9999
797,965.77352,965.773795998,965.774121092,12352762,-9999,260700.1,18.26,-1,-0.336614466,0.489825044,0.598596236,0.533333521,8,0.016129032,1.790322581,S2 P1 O1,de-protonated,0,-9999,C62 H111 O1 P1 S2,62,111,1,-9999,1,2,-9999,-9999
797,965.77352,965.773795998,965.773251712,12352762,-9999,260700.1,18.26,-1,0.563575693,0.471998973,0.602496955,0.524198166,9,0.098360656,1.754098361,P1 O6,de-protonated,0,-9999,C61 H107 O6 P1,61,107,6,-9999,1,-9999,-9999,-9999
797,965.77352,965.773795998,965.774589123,12352762,-9999,260700.1,18.26,-1,-0.821231164,0.442409251,0.598596236,0.504884045,14,0.032258065,1.661290323,N4 P1 O2,de-protonated,0,-9999,C62 H103 O2 N4 P1,62,103,2,4,1,-9999,-9999,-9999
797,965.77352,965.773795998,965.774317796,12352762,-9999,260700.1,18.26,-1,-0.540289818,0.474205538,0.640033642,0.540536779,0,0.134615385,2.115384615,N4 S2 O7,de-protonated,0,-9999,C52 H110 O7 N4 S2,52,110,7,4,-9999,2,-9999,-9999
797,965.77352,965.773795998,965.773448417,12352762,-9999,260700.1,18.26,-1,0.359899975,0.488385677,0.644495114,0.550829452,1,0.235294118,2.078431373,N4 O12,de-protonated,0,-9999,C51 H106 O12 N4,51,106,12,4,-9999,-9999,-9999,-9999
798,967.553182,967.553458544,967.552697714,12042748,-9999,286886.8,17.75,-1,0.786345231,0.446934178,0.583485697,0.501554786,27,0.03030303,1.212121212,S2 O2,de-protonated,0,-9999,C66 H80 O2 S2,66,80,2,-9999,-9999,2,-9999,-9999
798,967.553182,967.553458544,967.552830656,12042748,-9999,286886.8,17.75,-1,0.648945153,0.463216546,0.627012296,0.528734846,14,0.181818182,1.545454545,S1 P1 O10,de-protonated,0,-9999,C55 H85 O10 P1 S1,55,85,10,-9999,1,1,-9999,-9999
798,967.553182,967.553458544,967.553678809,12042748,-9999,286886.8,17.75,-1,-0.227650884,0.495320255,0.635633513,0.551445558,15,0.264150943,1.509433962,N2 O14,de-protonated,0,-9999,C53 H80 O14 N2,53,80,14,2,-9999,-9999,-9999,-9999
798,967.553182,967.553458544,967.553165745,12042748,-9999,286886.8,17.75,-1,0.302618822,0.491760281,0.583485697,0.528450447,33,0.045454545,1.090909091,N4 O3,de-protonated,0,-9999,C66 H72 O3 N4,66,72,3,4,-9999,-9999,-9999,-9999
798,967.553182,967.553458544,967.554168066,12042748,-9999,286886.8,17.75,-1,-0.73331481,0.453517545,0.622788794,0.521226045,19,0.107142857,1.446428571,N4 S1 P1 O6,de-protonated,0,-9999,C56 H81 O6 N4 P1 S1,56,81,6,4,1,1,-9999,-9999
798,967.553182,967.553458544,967.55302736,12042748,-9999,286886.8,17.75,-1,0.445644029,0.964606093,0,0.578763656,6,0.355555556,1.866666667,N4 S1 O16,de-protonated,0,-9999,C45 H84 O16 N4 S1,45,84,16,4,-9999,1,-9999,-9999
799,967.558218,967.558494546,967.558842267,12796415,-9999,321615.5,18.98,-1,-0.359379627,0.488418845,0.572644131,0.522108959,32,0.028985507,1.115942029,P1 O2,de-protonated,0,-9999,C69 H77 O2 P1,69,77,2,-9999,1,-9999,-9999,-9999
799,967.558218,967.558494546,967.558570941,12796415,-9999,321615.5,18.98,-1,-0.078956228,0.499434736,0.610452919,0.543842009,18,0.118644068,1.423728814,S2 O7,de-protonated,0,-9999,C59 H84 O7 S2,59,84,7,-9999,-9999,2,-9999,-9999
799,967.558218,967.558494546,967.557701561,12796415,-9999,321615.5,18.98,-1,0.819573957,0.442627584,0.614510218,0.511380638,19,0.206896552,1.379310345,O12,de-protonated,0,-9999,C58 H80 O12,58,80,12,-9999,-9999,-9999,-9999,-9999
799,967.558218,967.558494546,967.558703883,12796415,-9999,321615.5,18.98,-1,-0.216355353,0.49577121,0.658260696,0.560767005,5,0.3125,1.854166667,S1 P1 O15,de-protonated,0,-9999,C48 H89 O15 P1 S1,48,89,15,-9999,1,1,-9999,-9999
799,967.558218,967.558494546,967.558190818,12796415,-9999,321615.5,18.98,-1,0.313911605,0.491139428,0.602496955,0.535682439,23,0.06557377,1.327868852,N2 S1 P1 O4,de-protonated,0,-9999,C61 H81 O4 N2 P1 S1,61,81,4,2,1,1,-9999,-9999
799,967.558218,967.558494546,967.55753937,12796415,-9999,321615.5,18.98,-1,0.987203743,0.418959153,0.635633513,0.505628897,14,0.113207547,1.603773585,N4 S2 P1 O6,de-protonated,0,-9999,C53 H85 O6 N4 P1 S2,53,85,6,4,1,2,-9999,-9999
799,967.558218,967.558494546,967.559038971,12796415,-9999,321615.5,18.98,-1,-0.562679282,0.472085445,0.610452919,0.527432435,24,0.13559322,1.288135593,N4 O8,de-protonated,0,-9999,C59 H76 O8 N4,59,76,8,4,-9999,-9999,-9999,-9999
800,969.309741,969.310018083,969.31027791,10798825,-9999,331307.2,15.73,-1,-0.268052784,0.493523558,0.598596236,0.535552629,38,0.14516129,0.806451613,S1 O9,de-protonated,0,-9999,C62 H50 O9 S1,62,50,9,-9999,-9999,1,-9999,-9999
800,969.309741,969.310018083,969.310410851,10798825,-9999,331307.2,15.73,-1,-0.40520358,0.970647359,0,0.582388416,25,0.333333333,1.078431373,P1 O17,de-protonated,0,-9999,C51 H55 O17 P1,51,55,17,-9999,1,-9999,-9999,-9999
800,969.309741,969.310018083,969.310139525,10798825,-9999,331307.2,15.73,-1,-0.125286927,0.997155886,0,0.598293532,11,0.536585366,1.512195122,S2 O22,de-protonated,0,-9999,C41 H62 O22 S2,41,62,22,-9999,-9999,2,-9999,-9999
800,969.309741,969.310018083,969.309626461,10798825,-9999,331307.2,15.73,-1,0.404021945,0.485407892,0.631293472,0.543762124,29,0.203703704,1,N2 S2 O11,de-protonated,0,-9999,C54 H54 O11 N2 S2,54,54,11,2,-9999,2,-9999,-9999
800,969.309741,969.310018083,969.309759403,10798825,-9999,331307.2,15.73,-1,0.266870965,0.987160345,0,0.592296207,16,0.441860465,1.372093023,N2 S1 P1 O19,de-protonated,0,-9999,C43 H59 O19 N2 P1 S1,43,59,19,2,1,1,-9999,-9999
800,969.309741,969.310018083,969.309246339,10798825,-9999,331307.2,15.73,-1,0.796180253,0.445673773,0.622788794,0.516519781,34,0.142857143,0.910714286,N4 S1 P1 O8,de-protonated,0,-9999,C56 H51 O8 N4 P1 S1,56,51,8,4,1,1,-9999,-9999
800,969.309741,969.310018083,969.309107954,10798825,-9999,331307.2,15.73,-1,0.938946414,0.852170327,0,0.511302196,7,0.6,1.8,N4 S2 P1 O21,de-protonated,0,-9999,C35 H63 O21 N4 P1 S2,35,63,21,4,1,2,-9999,-9999
800,969.309741,969.310018083,969.310607556,10798825,-9999,331307.2,15.73,-1,-0.608135859,0.935096986,0,0.561058192,17,0.56097561,1.317073171,N4 O23,de-protonated,0,-9999,C41 H54 O23 N4,41,54,23,4,-9999,-9999,-9999,-9999
801,970.874286,970.874563563,970.874940814,14175047,-9999,288130.6,21.22,-1,-0.388567314,0.486487958,0.572644131,0.520950427,14,0.014492754,1.637681159,N1 O1,de-protonated,0,-9999,C69 H113 O1 N1,69,113,1,1,-9999,-9999,-9999,-9999
801,970.874286,970.874563563,970.874289365,14175047,-9999,288130.6,21.22,-1,0.282424218,0.492815629,0.602496955,0.53668816,5,0.049180328,1.918032787,N3 S1 O3,de-protonated,0,-9999,C61 H117 O3 N3 S1,61,117,3,3,-9999,1,-9999,-9999
802,972.634516,972.634794103,972.634392711,18247724,-9999,181932.6,27.84,-1,0.412686023,0.48478506,0.622788794,0.539986554,10,0.107142857,1.714285714,N1 S2 P1 O6,de-protonated,0,-9999,C56 H96 O6 N1 P1 S2,56,96,6,1,1,2,-9999,-9999
802,972.634516,972.634794103,972.635240864,18247724,-9999,181932.6,27.84,-1,-0.459330005,0.481220372,0.631293472,0.541249612,11,0.185185185,1.685185185,N3 S1 O10,de-protonated,0,-9999,C54 H91 O10 N3 S1,54,91,10,3,-9999,1,-9999,-9999
803,973.609999,973.610277403,973.610524981,18436830,-9999,302294.9,28.15,-1,-0.254288887,0.494167788,0.644495114,0.554298718,7,0.333333333,1.764705882,O17,de-protonated,0,-9999,C51 H90 O17,51,90,17,-9999,-9999,-9999,-9999,-9999
803,973.609999,973.610277403,973.610881297,18436830,-9999,302294.9,28.15,-1,-0.620262128,0.466286491,0.587191358,0.514648438,24,0.015384615,1.323076923,N2 S2 O1,de-protonated,0,-9999,C65 H86 O1 N2 S2,65,86,1,2,-9999,2,-9999,-9999
803,973.609999,973.610277403,973.610011917,18436830,-9999,302294.9,28.15,-1,0.272681987,0.493299452,0.590944388,0.532357426,25,0.09375,1.28125,N2 O6,de-protonated,0,-9999,C64 H82 O6 N2,64,82,6,2,-9999,-9999,-9999,-9999
803,973.609999,973.610277403,973.611014238,18436830,-9999,302294.9,28.15,-1,-0.756807058,0.450645999,0.631293472,0.522904988,11,0.166666667,1.685185185,N2 S1 P1 O9,de-protonated,0,-9999,C54 H91 O9 N2 P1 S1,54,91,9,2,1,1,-9999,-9999
803,973.609999,973.610277403,973.609360468,18436830,-9999,302294.9,28.15,-1,0.941789007,0.425672038,0.622788794,0.504518741,16,0.142857143,1.535714286,N4 S1 O8,de-protonated,0,-9999,C56 H86 O8 N4 S1,56,86,8,4,-9999,1,-9999,-9999
803,973.609999,973.610277403,973.61036279,18436830,-9999,302294.9,28.15,-1,-0.087701416,0.499302677,0.667769153,0.566689267,2,0.239130435,2.065217391,N4 S2 P1 O11,de-protonated,0,-9999,C46 H95 O11 N4 P1 S2,46,95,11,4,1,2,-9999,-9999
803,973.609999,973.610277403,973.60949341,18436830,-9999,302294.9,28.15,-1,0.805243651,0.444501587,0.672627142,0.535751809,3,0.355555556,2.022222222,N4 P1 O16,de-protonated,0,-9999,C45 H91 O16 N4 P1,45,91,16,4,1,-9999,-9999,-9999
804,974.028665,974.028943531,974.028117813,10900486,-9999,326759.7,15.89,-1,0.847735447,0.877745074,0,0.526647044,31,0.547619048,0.619047619,N1 S1 P1 O23,de-protonated,0,-9999,C42 H26 O23 N1 P1 S1,42,26,23,1,1,1,-9999,-9999
804,974.028665,974.028943531,974.029835346,10900486,-9999,326759.7,15.89,-1,-0.915592979,0.858893506,0,0.515336103,31,0.536585366,0.609756098,N3 S2 O22,de-protonated,0,-9999,C41 H25 O22 N3 S2,41,25,22,3,-9999,2,-9999,-9999
805,975.981929,975.98220813,975.982230248,13490530,-9999,353753.3,20.1,-1,-0.022661905,0.999906819,0,0.599944092,32,0.615384615,0.512820513,N3 S1 P1 O24,de-protonated,0,-9999,C39 H20 O24 N3 P1 S1,39,20,24,3,1,1,-9999,-9999
805,975.981929,975.98220813,975.983125341,13490530,-9999,353753.3,20.1,-1,-0.939781214,0.425963927,0.598596236,0.495016851,1,0.016129032,2.080645161,N4 P1 O1,de-protonated,0,-9999,C62 H129 O1 N4 P1,62,129,1,4,1,-9999,-9999,-9999
806,975.985661,975.985940132,975.986253,22370660,-9999,346852.7,34.55,-1,-0.320566474,0.490763289,0.677556332,0.565480506,36,0.5,0.454545455,N1 S1 P1 O22,de-protonated,0,-9999,C44 H20 O22 N1 P1 S1,44,20,22,1,1,1,-9999,-9999
806,975.985661,975.985940132,975.985601551,22370660,-9999,346852.7,34.55,-1,0.346911069,0.48919992,0.719752637,0.581421007,27,0.666666667,0.666666667,N3 S2 P1 O24,de-protonated,0,-9999,C36 H24 O24 N3 P1 S2,36,24,24,3,1,2,-9999,-9999
807,976.029537,976.029816145,976.030500595,12671363,-9999,457035.1,18.77,-1,-0.701259161,0.457317589,0.662980834,0.539582887,40,0.425531915,0.425531915,N3 P1 O20,de-protonated,0,-9999,C47 H20 O20 N3 P1,47,20,20,3,1,-9999,-9999,-9999
807,976.029537,976.029816145,976.030229269,12671363,-9999,457035.1,18.77,-1,-0.423269851,0.968014833,0,0.5808089,26,0.675675676,0.72972973,N3 S2 O25,de-protonated,0,-9999,C37 H27 O25 N3 S2,37,27,25,3,-9999,2,-9999,-9999
808,976.032981,976.033260146,976.033871899,17521030,-9999,349623,26.66,-1,-0.626773938,0.465599949,0.677556332,0.550382502,35,0.454545455,0.545454545,N3 S1 P1 O20,de-protonated,0,-9999,C44 H24 O20 N3 P1 S1,44,24,20,3,1,1,-9999,-9999
809,976.172305,976.172584189,976.173051452,10738151,-9999,230218.9,15.62,-1,-0.478668334,0.959278216,0,0.57556693,36,0.365384615,0.673076923,N1 O19,de-protonated,0,-9999,C52 H35 O19 N1,52,35,19,1,-9999,-9999,-9999,-9999
809,976.172305,976.172584189,976.173540709,10738151,-9999,230218.9,15.62,-1,-0.979867245,0.420057661,0.627012296,0.502839515,40,0.2,0.654545455,N3 S1 P1 O11,de-protonated,0,-9999,C55 H36 O11 N3 P1 S1,55,36,11,3,1,1,-9999,-9999
809,976.172305,976.172584189,976.172400003,10738151,-9999,230218.9,15.62,-1,0.188681376,0.993561126,0,0.596136675,27,0.477272727,0.886363636,N3 S1 O21,de-protonated,0,-9999,C44 H39 O21 N3 S1,44,39,21,3,-9999,1,-9999,-9999
809,976.172305,976.172584189,976.173402325,10738151,-9999,230218.9,15.62,-1,-0.838105245,0.880334563,0,0.528200738,13,0.705882353,1.411764706,N3 S2 P1 O24,de-protonated,0,-9999,C34 H48 O24 N3 P1 S2,34,48,24,3,1,2,-9999,-9999
810,977.483871,977.484150591,977.484536619,13426042,-9999,252238.8,19.99,-1,-0.39491959,0.48604883,0.602496955,0.53262808,27,0.180327869,1.147540984,O11,de-protonated,0,-9999,C61 H70 O11,61,70,11,-9999,-9999,-9999,-9999,-9999
810,977.483871,977.484150591,977.484398235,13426042,-9999,252238.8,19.99,-1,-0.253347637,0.988421267,0,0.59305276,0,0.6,2.05,S1 O24,de-protonated,0,-9999,C40 H82 O24 S1,40,82,24,-9999,-9999,1,-9999,-9999
810,977.483871,977.484150591,977.485025876,13426042,-9999,252238.8,19.99,-1,-0.895446088,0.43229933,0.590944388,0.495757353,31,0.046875,1.109375,N2 S1 P1 O3,de-protonated,0,-9999,C64 H71 O3 N2 P1 S1,64,71,3,2,1,1,-9999,-9999
810,977.483871,977.484150591,977.48388517,13426042,-9999,252238.8,19.99,-1,0.271534796,0.493355337,0.635633513,0.550266607,18,0.245283019,1.396226415,N2 S1 O13,de-protonated,0,-9999,C53 H74 O13 N2 S1,53,74,13,2,-9999,1,-9999,-9999
810,977.483871,977.484150591,977.484887492,13426042,-9999,252238.8,19.99,-1,-0.753874277,0.451008423,0.6825583,0.543628374,4,0.372093023,1.930232558,N2 S2 P1 O16,de-protonated,0,-9999,C43 H83 O16 N2 P1 S2,43,83,16,2,1,2,-9999,-9999
810,977.483871,977.484150591,977.484018112,13426042,-9999,252238.8,19.99,-1,0.135530765,0.996672592,0,0.598003555,5,0.5,1.880952381,N2 P1 O21,de-protonated,0,-9999,C42 H79 O21 N2 P1,42,79,21,2,1,-9999,-9999,-9999
810,977.483871,977.484150591,977.483372106,13426042,-9999,252238.8,19.99,-1,0.79641778,0.445643183,0.583485697,0.500780189,36,0.03030303,1,N4 S1 O2,de-protonated,0,-9999,C66 H66 O2 N4 S1,66,66,2,4,-9999,1,-9999,-9999
810,977.483871,977.484150591,977.484374428,13426042,-9999,252238.8,19.99,-1,-0.228992369,0.495265203,0.622788794,0.546274639,22,0.089285714,1.339285714,N4 S2 P1 O5,de-protonated,0,-9999,C56 H75 O5 N4 P1 S2,56,75,5,4,1,2,-9999,-9999
810,977.483871,977.484150591,977.483505048,13426042,-9999,252238.8,19.99,-1,0.660413607,0.461956142,0.627012296,0.527978603,23,0.181818182,1.290909091,N4 P1 O10,de-protonated,0,-9999,C55 H71 O10 N4 P1,55,71,10,4,1,-9999,-9999,-9999
810,977.483871,977.484150591,977.483233722,13426042,-9999,252238.8,19.99,-1,0.93799007,0.426223962,0.672627142,0.524785234,9,0.333333333,1.733333333,N4 S2 O15,de-protonated,0,-9999,C45 H78 O15 N4 S2,45,78,15,4,-9999,2,-9999,-9999
811,977.762289,977.762568677,977.763355733,37969468,-9999,231863.2,59.92,-1,-0.804956207,0.296359279,0.51866191,0.385280331,15,0.046875,1.609375,N2 P1 O3,de-protonated,0,-9999,C64 H103 O3 N2 P1,64,103,3,2,1,-9999,-9999,-9999
811,977.762289,977.762568677,977.763084407,37969468,-9999,231863.2,59.92,-1,-0.527459597,0.31692384,0.570956251,0.418536805,1,0.148148148,2.037037037,N2 S2 O8,de-protonated,0,-9999,C54 H110 O8 N2 S2,54,110,8,2,-9999,2,-9999,-9999
811,977.762289,977.762568677,977.762215027,37969468,-9999,231863.2,59.92,-1,0.361692589,0.488271061,0.635633513,0.547216042,2,0.245283019,2,N2 O13,de-protonated,0,-9999,C53 H106 O13 N2,53,106,13,2,-9999,-9999,-9999,-9999
811,977.762289,977.762568677,977.761701963,37969468,-9999,231863.2,59.92,-1,0.886426208,0.289041255,0.508967985,0.377011947,20,0.03030303,1.484848485,N4 O2,de-protonated,0,-9999,C66 H98 O2 N4,66,98,2,4,-9999,-9999,-9999,-9999
811,977.762289,977.762568677,977.762704285,37969468,-9999,231863.2,59.92,-1,-0.138692141,0.332171942,0.55996373,0.423288657,6,0.089285714,1.910714286,N4 S1 P1 O5,de-protonated,0,-9999,C56 H107 O5 N4 P1 S1,56,107,5,4,1,1,-9999,-9999
812,979.220177,979.220457124,979.219487845,11110955,-9999,167788.7,16.22,-1,0.989848698,0.418561819,0.631293472,0.50365448,33,0.259259259,0.833333333,S1 P1 O14,de-protonated,0,-9999,C54 H45 O14 P1 S1,54,45,14,-9999,1,1,-9999,-9999
812,979.220177,979.220457124,979.221205378,11110955,-9999,167788.7,16.22,-1,-0.764131639,0.449735992,0.635633513,0.524095,33,0.245283019,0.830188679,N2 S2 O13,de-protonated,0,-9999,C53 H44 O13 N2 S2,53,44,13,2,-9999,2,-9999,-9999
812,979.220177,979.220457124,979.220335998,11110955,-9999,167788.7,16.22,-1,0.123696333,0.498613772,0.640033642,0.55518172,34,0.346153846,0.769230769,N2 O18,de-protonated,0,-9999,C52 H40 O18 N2,52,40,18,2,-9999,-9999,-9999,-9999
812,979.220177,979.220457124,979.22133832,11110955,-9999,167788.7,16.22,-1,-0.899894233,0.863346732,0,0.518008039,20,0.5,1.166666667,N2 S1 P1 O21,de-protonated,0,-9999,C42 H49 O21 N2 P1 S1,42,49,21,2,1,1,-9999,-9999
812,979.220177,979.220457124,979.220825255,11110955,-9999,167788.7,16.22,-1,-0.375943174,0.487340649,0.627012296,0.543209307,38,0.181818182,0.745454545,N4 S1 P1 O10,de-protonated,0,-9999,C55 H41 O10 N4 P1 S1,55,41,10,4,1,1,-9999,-9999
812,979.220177,979.220457124,979.219684549,11110955,-9999,167788.7,16.22,-1,0.788969684,0.893198054,0,0.535918832,25,0.454545455,1,N4 S1 O20,de-protonated,0,-9999,C44 H44 O20 N4 S1,44,44,20,4,-9999,1,-9999,-9999
812,979.220177,979.220457124,979.220686871,11110955,-9999,167788.7,16.22,-1,-0.234622244,0.990061403,0,0.594036842,11,0.676470588,1.558823529,N4 S2 P1 O23,de-protonated,0,-9999,C34 H53 O23 N4 P1 S2,34,53,23,4,1,2,-9999,-9999
813,980.343725,980.344005469,980.344889771,13329711,-9999,446540.7,19.83,-1,-0.902032278,0.43137171,0.590944388,0.495200781,38,0.078125,0.859375,N1 S2 O5,de-protonated,0,-9999,C64 H55 O5 N1 S2,64,55,5,1,-9999,2,-9999,-9999
813,980.343725,980.344005469,980.344020392,13329711,-9999,446540.7,19.83,-1,-0.015222069,0.499978979,0.594745702,0.537885668,39,0.158730159,0.80952381,N1 O10,de-protonated,0,-9999,C63 H51 O10 N1,63,51,10,1,-9999,-9999,-9999,-9999
813,980.343725,980.344005469,980.343882007,13329711,-9999,446540.7,19.83,-1,0.125936998,0.997126338,0,0.598275803,12,0.547619048,1.5,N1 S1 O23,de-protonated,0,-9999,C42 H63 O23 N1 S1,42,63,23,1,-9999,1,-9999,-9999
813,980.343725,980.344005469,980.343368943,13329711,-9999,446540.7,19.83,-1,0.649288643,0.463179067,0.627012296,0.528712359,30,0.218181818,1,N3 S1 O12,de-protonated,0,-9999,C55 H55 O12 N3 S1,55,55,12,3,-9999,1,-9999,-9999
813,980.343725,980.344005469,980.344371264,13329711,-9999,446540.7,19.83,-1,-0.373129887,0.487527032,0.672627142,0.561567076,16,0.333333333,1.422222222,N3 S2 P1 O15,de-protonated,0,-9999,C45 H64 O15 N3 P1 S2,45,64,15,3,1,2,-9999,-9999
813,980.343725,980.344005469,980.343501885,13329711,-9999,446540.7,19.83,-1,0.51368126,0.476624761,0.677556332,0.556997389,17,0.454545455,1.363636364,N3 P1 O20,de-protonated,0,-9999,C44 H60 O20 N3 P1,44,60,20,3,1,-9999,-9999,-9999
813,980.343725,980.344005469,980.343230558,13329711,-9999,446540.7,19.83,-1,0.790447898,0.892819748,0,0.535691849,3,0.735294118,1.970588235,N3 S2 O25,de-protonated,0,-9999,C34 H67 O25 N3 S2,34,67,25,3,-9999,2,-9999,-9999
814,980.347394,980.34767447,980.347391695,22046000,-9999,291075.1,34.01,-1,0.288443611,0.492508451,0.606448844,0.538084608,34,0.166666667,0.916666667,N1 S1 O10,de-protonated,0,-9999,C60 H55 O10 N1 S1,60,55,10,1,-9999,1,-9999,-9999
814,980.347394,980.34767447,980.348394016,22046000,-9999,291075.1,34.01,-1,-0.733970355,0.453438399,0.649019222,0.531670728,20,0.26,1.28,N1 S2 P1 O13,de-protonated,0,-9999,C50 H64 O13 N1 P1 S2,50,64,13,1,1,2,-9999,-9999
814,980.347394,980.34767447,980.347524637,22046000,-9999,291075.1,34.01,-1,0.152836833,0.497885246,0.653607294,0.560174065,21,0.367346939,1.224489796,N1 P1 O18,de-protonated,0,-9999,C49 H60 O18 N1 P1,49,60,18,1,1,-9999,-9999,-9999
814,980.347394,980.34767447,980.34725331,22046000,-9999,291075.1,34.01,-1,0.429602235,0.483533344,0.703327172,0.571450875,7,0.58974359,1.717948718,N1 S2 O23,de-protonated,0,-9999,C39 H67 O23 N1 S2,39,67,23,1,-9999,2,-9999,-9999
814,980.347394,980.34767447,980.347880952,22046000,-9999,291075.1,34.01,-1,-0.210621569,0.495991492,0.594745702,0.535493176,38,0.031746032,0.888888889,N3 S2 P1 O2,de-protonated,0,-9999,C63 H56 O2 N3 P1 S2,63,56,2,3,1,2,-9999,-9999
814,980.347394,980.34767447,980.347011572,22046000,-9999,291075.1,34.01,-1,0.676186548,0.460192387,0.598596236,0.515553926,39,0.112903226,0.838709677,N3 P1 O7,de-protonated,0,-9999,C62 H52 O7 N3 P1,62,52,7,3,1,-9999,-9999,-9999
814,980.347394,980.34767447,980.346740246,22046000,-9999,291075.1,34.01,-1,0.952952239,0.424041482,0.640033642,0.510438346,25,0.230769231,1.134615385,N3 S2 O12,de-protonated,0,-9999,C52 H59 O12 N3 S2,52,59,12,3,-9999,2,-9999,-9999
814,980.347394,980.34767447,980.346873188,22046000,-9999,291075.1,34.01,-1,0.817345282,0.44292068,0.692787115,0.542867254,12,0.487804878,1.56097561,N3 S1 P1 O20,de-protonated,0,-9999,C41 H64 O20 N3 P1 S1,41,64,20,3,1,1,-9999,-9999
815,980.393708,980.393988484,980.39416244,23160144,-9999,190510.5,35.83,-1,-0.177435083,0.497151849,0.598596236,0.537729604,32,0.064516129,1.032258065,N1 S2 P1 O4,de-protonated,0,-9999,C62 H64 O4 N1 P1 S2,62,64,4,1,1,2,-9999,-9999
815,980.393708,980.393988484,980.39329306,23160144,-9999,190510.5,35.83,-1,0.7093312,0.456373729,0.602496955,0.51482302,33,0.14754098399999999,0.983606557,N1 P1 O9,de-protonated,0,-9999,C61 H60 O9 N1 P1,61,60,9,1,1,-9999,-9999,-9999
815,980.393708,980.393988484,980.393021734,23160144,-9999,190510.5,35.83,-1,0.986083835,0.419127183,0.644495114,0.509274355,19,0.274509804,1.31372549,N1 S2 O14,de-protonated,0,-9999,C51 H67 O14 N1 S2,51,67,14,1,-9999,2,-9999,-9999
815,980.393708,980.393988484,980.393154676,23160144,-9999,190510.5,35.83,-1,0.850483275,0.438501095,0.698017357,0.5423076,6,0.55,1.8,N1 S1 P1 O22,de-protonated,0,-9999,C40 H72 O22 N1 P1 S1,40,72,22,1,1,1,-9999,-9999
815,980.393708,980.393988484,980.394872209,23160144,-9999,190510.5,35.83,-1,-0.901397064,0.431461385,0.703327172,0.5402077,6,0.538461538,1.820512821,N3 S2 O21,de-protonated,0,-9999,C39 H71 O21 N3 S2,39,71,21,3,-9999,2,-9999,-9999
816,980.963031,980.963311659,980.962681279,10872533,-9999,216394.2,15.83,-1,0.642613215,0.927808847,0,0.556685308,39,0.404255319,0.404255319,S2 P1 O19,de-protonated,0,-9999,C47 H19 O19 P1 S2,47,19,19,-9999,1,2,-9999,-9999
816,980.963031,980.963311659,980.963529432,10872533,-9999,216394.2,15.83,-1,-0.221999678,0.991097374,0,0.594658424,40,0.511111111,0.311111111,N2 S1 O23,de-protonated,0,-9999,C45 H14 O23 N2 S1,45,14,23,2,-9999,1,-9999,-9999
816,980.963031,980.963311659,980.962877984,10872533,-9999,216394.2,15.83,-1,0.442091237,0.965158274,0,0.579094964,31,0.675675676,0.486486486,N4 S2 O25,de-protonated,0,-9999,C37 H18 O25 N4 S2,37,18,25,4,-9999,2,-9999,-9999
817,981.010274,981.010554673,981.00981092,12216054,-9999,170584.2,18.02,-1,0.758150202,0.900959291,0,0.540575575,34,0.568181818,0.5,S1 O25,de-protonated,0,-9999,C44 H22 O25 S1,44,22,25,-9999,-9999,1,-9999,-9999
817,981.010274,981.010554673,981.010706013,12216054,-9999,170584.2,18.02,-1,-0.154269676,0.497845495,0.579826515,0.530637903,3,0.029850746,1.955223881,N1 O2,de-protonated,0,-9999,C67 H131 O2 N1,67,131,2,1,-9999,-9999,-9999,-9999
817,981.010274,981.010554673,981.010300178,12216054,-9999,170584.2,18.02,-1,0.259421778,0.493931411,0.662980834,0.56155118,38,0.361702128,0.489361702,N2 S2 P1 O17,de-protonated,0,-9999,C47 H23 O17 N2 P1 S2,47,23,17,2,1,2,-9999,-9999
817,981.010274,981.010554673,981.011148331,12216054,-9999,170584.2,18.02,-1,-0.605148815,0.935712103,0,0.561427262,39,0.466666667,0.4,N4 S1 O21,de-protonated,0,-9999,C45 H18 O21 N4 S1,45,18,21,4,-9999,1,-9999,-9999
818,981.194274,981.19455473,981.195381097,25225076,-9999,185855.8,39.18,-1,-0.842204323,0.439617518,0.622788794,0.512886029,38,0.267857143,0.696428571,P1 O15,de-protonated,0,-9999,C56 H39 O15 P1,56,39,15,-9999,1,-9999,-9999,-9999
818,981.194274,981.19455473,981.19510977,25225076,-9999,185855.8,39.18,-1,-0.565678351,0.471795661,0.667769153,0.550185058,24,0.434782609,1,S2 O20,de-protonated,0,-9999,C46 H46 O20 S2,46,46,20,-9999,-9999,2,-9999,-9999
818,981.194274,981.19455473,981.194240391,25225076,-9999,185855.8,39.18,-1,0.320363722,0.490774861,0.672627142,0.563515773,25,0.555555556,0.933333333,O25,de-protonated,0,-9999,C45 H42 O25,45,42,25,-9999,-9999,-9999,-9999,-9999
818,981.194274,981.19455473,981.194729648,25225076,-9999,185855.8,39.18,-1,-0.178270741,0.497125036,0.658260696,0.5615793,29,0.354166667,0.895833333,N2 S1 P1 O17,de-protonated,0,-9999,C48 H43 O17 N2 P1 S1,48,43,17,2,1,1,-9999,-9999
818,981.194274,981.19455473,981.194078199,25225076,-9999,185855.8,39.18,-1,0.485663722,0.479052374,0.698017357,0.566638367,20,0.475,1.175,N4 S2 P1 O19,de-protonated,0,-9999,C40 H47 O19 N4 P1 S2,40,47,19,4,1,2,-9999,-9999
819,981.287485,981.287765758,981.288140777,11790259,-9999,207577.3,17.33,-1,-0.38217024,0.973846755,0,0.584308053,18,0.568181818,1.227272727,O25,de-protonated,0,-9999,C44 H54 O25,44,54,25,-9999,-9999,-9999,-9999,-9999
819,981.287485,981.287765758,981.288497093,11790259,-9999,207577.3,17.33,-1,-0.745280054,0.452064022,0.614510218,0.517042501,35,0.155172414,0.862068966,N2 S2 O9,de-protonated,0,-9999,C58 H50 O9 N2 S2,58,50,9,2,-9999,2,-9999,-9999
819,981.287485,981.287765758,981.287627713,11790259,-9999,207577.3,17.33,-1,0.140677536,0.49820777,0.618621811,0.546373386,36,0.245614035,0.807017544,N2 O14,de-protonated,0,-9999,C57 H46 O14 N2,57,46,14,2,-9999,-9999,-9999,-9999
819,981.287485,981.287765758,981.288630035,11790259,-9999,207577.3,17.33,-1,-0.880756637,0.868701598,0,0.521220959,22,0.361702128,1.170212766,N2 S1 P1 O17,de-protonated,0,-9999,C47 H55 O17 N2 P1 S1,47,55,17,2,1,1,-9999,-9999
819,981.287485,981.287765758,981.28811697,11790259,-9999,207577.3,17.33,-1,-0.357909382,0.488512315,0.606448844,0.535686927,40,0.1,0.783333333,N4 S1 P1 O6,de-protonated,0,-9999,C60 H47 O6 N4 P1 S1,60,47,6,4,1,1,-9999,-9999
819,981.287485,981.287765758,981.286976264,11790259,-9999,207577.3,17.33,-1,0.804549357,0.44459174,0.653607294,0.528197962,27,0.326530612,1.020408163,N4 S1 O16,de-protonated,0,-9999,C49 H50 O16 N4 S1,49,50,16,4,-9999,1,-9999,-9999
819,981.287485,981.287765758,981.287978586,11790259,-9999,207577.3,17.33,-1,-0.216886173,0.991501046,0,0.594900628,13,0.487179487,1.512820513,N4 S2 P1 O19,de-protonated,0,-9999,C39 H59 O19 N4 P1 S2,39,59,19,4,1,2,-9999,-9999
819,981.287485,981.287765758,981.287109206,11790259,-9999,207577.3,17.33,-1,0.669072354,0.921984449,0,0.553190669,14,0.631578947,1.447368421,N4 P1 O24,de-protonated,0,-9999,C38 H55 O24 N4 P1,38,55,24,4,1,-9999,-9999,-9999
820,982.09235,982.092631005,982.093087053,17066454,-9999,288042.4,25.91,-1,-0.46436272,0.480814635,0.653607294,0.549931699,36,0.408163265,0.591836735,N1 S1 O20,de-protonated,0,-9999,C49 H29 O20 N1 S1,49,29,20,1,-9999,1,-9999,-9999
820,982.09235,982.092631005,982.09357631,17066454,-9999,288042.4,25.91,-1,-0.962540424,0.422630714,0.640033642,0.509591885,40,0.230769231,0.576923077,N3 S2 P1 O12,de-protonated,0,-9999,C52 H30 O12 N3 P1 S2,52,30,12,3,1,2,-9999,-9999
820,982.09235,982.092631005,982.092435604,17066454,-9999,288042.4,25.91,-1,0.198964228,0.496421385,0.692787115,0.574967677,27,0.536585366,0.804878049,N3 S2 O22,de-protonated,0,-9999,C41 H33 O22 N3 S2,41,33,22,3,-9999,2,-9999,-9999
821,982.896925,982.897206252,982.897514821,20540404,-9999,263415.9,31.56,-1,-0.313937969,0.491137953,0.725399619,0.584842619,32,0.714285714,0.371428571,N4 S2 P1 O25,de-protonated,0,-9999,C35 H13 O25 N4 P1 S2,35,13,25,4,1,2,-9999,-9999
822,982.94234,982.942621266,982.941945834,20081684,-9999,209707.9,30.81,-1,0.687153231,0.458945624,0.667769153,0.542475036,39,0.434782609,0.369565217,S2 P1 O20,de-protonated,0,-9999,C46 H17 O20 P1 S2,46,17,20,-9999,1,2,-9999,-9999
823,982.992545,982.992826281,982.992066656,13904949,-9999,263428.3,20.77,-1,0.772768238,0.448654117,0.68763467,0.544246338,34,0.547619048,0.5,N2 S1 P1 O23,de-protonated,0,-9999,C42 H21 O23 N2 P1 S1,42,21,23,2,1,1,-9999,-9999
823,982.992545,982.992826281,982.993784189,13904949,-9999,263428.3,20.77,-1,-0.974480213,0.841721741,0,0.505033045,34,0.536585366,0.487804878,N4 S2 O22,de-protonated,0,-9999,C41 H20 O22 N4 S2,41,20,22,4,-9999,2,-9999,-9999
824,983.792757,983.793038527,983.792927985,9039438,-9999,656440.6,12.85,-1,0.112363419,0.997711735,0,0.598627041,7,0.064516129,1.806451613,S2 O4,de-protonated,0,-9999,C62 H112 O4 S2,62,112,4,-9999,-9999,2,-9999,-9999
824,983.792757,983.793038527,983.792058605,9039438,-9999,656440.6,12.85,-1,0.996066393,0.835250167,0,0.5011501,8,0.14754098399999999,1.770491803,O9,de-protonated,0,-9999,C61 H108 O9,61,108,9,-9999,-9999,-9999,-9999,-9999
824,983.792757,983.793038527,983.792547862,9039438,-9999,656440.6,12.85,-1,0.498748296,0.477934055,0.590944388,0.523138188,12,0.015625,1.703125,N2 S1 P1 O1,de-protonated,0,-9999,C64 H109 O1 N2 P1 S1,64,109,1,2,1,1,-9999,-9999
824,983.792757,983.793038527,983.793396015,9039438,-9999,656440.6,12.85,-1,-0.363377427,0.976325683,0,0.58579541,13,0.080645161,1.677419355,N4 O5,de-protonated,0,-9999,C62 H104 O5 N4,62,104,5,4,-9999,-9999,-9999,-9999
825,983.796728,983.797009528,983.797418767,41381456,-9999,269842.6,65.47,-1,-0.415979029,0.323030056,0.504211037,0.395502449,17,0.044776119,1.552238806,N2 O3,de-protonated,0,-9999,C67 H104 O3 N2,67,104,3,2,-9999,-9999,-9999,-9999
825,983.796728,983.797009528,983.796767318,41381456,-9999,269842.6,65.47,-1,0.246198802,0.329687319,0.543986559,0.415407015,8,0.084745763,1.830508475,N4 S1 O5,de-protonated,0,-9999,C59 H108 O5 N4 S1,59,108,5,4,-9999,1,-9999,-9999
826,984.467484,984.467765734,984.467721305,12349457,-9999,247404.2,18.23,-1,0.04512946,0.499815259,0.622788794,0.549004673,20,0.142857143,1.357142857,N1 S2 P1 O8,de-protonated,0,-9999,C56 H76 O8 N1 P1 S2,56,76,8,1,1,2,-9999,-9999
826,984.467484,984.467765734,984.466851925,12349457,-9999,247404.2,18.23,-1,0.928226649,0.427635439,0.627012296,0.507386182,21,0.236363636,1.309090909,N1 P1 O13,de-protonated,0,-9999,C55 H72 O13 N1 P1,55,72,13,1,1,-9999,-9999,-9999
826,984.467484,984.467765734,984.468569459,12349457,-9999,247404.2,18.23,-1,-0.816404605,0.443044209,0.631293472,0.518343914,21,0.222222222,1.314814815,N3 S1 O12,de-protonated,0,-9999,C54 H71 O12 N3 S1,54,71,12,3,-9999,1,-9999,-9999
826,984.467484,984.467765734,984.4687024,12349457,-9999,247404.2,18.23,-1,-0.951443556,0.848525207,0,0.509115124,8,0.465116279,1.76744186,N3 P1 O20,de-protonated,0,-9999,C43 H76 O20 N3 P1,43,76,20,3,1,-9999,-9999,-9999
827,984.742211,984.742492818,984.742679859,29323464,-9999,217201.4,45.85,-1,-0.189938813,0.49673765,0.610452919,0.542223757,9,0.13559322,1.762711864,N1 P1 O8,de-protonated,0,-9999,C59 H104 O8 N1 P1,59,104,8,1,1,-9999,-9999,-9999
827,984.742211,984.742492818,984.741895469,29323464,-9999,217201.4,45.85,-1,0.6066052,0.311804173,0.528601492,0.398523101,13,0.032258065,1.661290323,N3 S2 O2,de-protonated,0,-9999,C62 H103 O2 N3 S2,62,103,2,3,-9999,2,-9999,-9999
827,984.742211,984.742492818,984.74202841,29323464,-9999,217201.4,45.85,-1,0.471603538,0.480223737,0.644495114,0.545932288,0,0.196078431,2.117647059,N3 S1 P1 O10,de-protonated,0,-9999,C51 H108 O10 N3 P1 S1,51,108,10,3,1,1,-9999,-9999
828,984.749163,984.74944482,984.748553086,23883980,-9999,305595.1,37,-1,0.905545385,0.430874954,0.640033642,0.514538429,0,0.25,2.076923077,N1 P1 O13,de-protonated,0,-9999,C52 H108 O13 N1 P1,52,108,13,1,1,-9999,-9999,-9999
828,984.749163,984.74944482,984.750270619,23883980,-9999,305595.1,37,-1,-0.838586754,0.440102805,0.644495114,0.521859729,0,0.235294118,2.098039216,N3 S1 O12,de-protonated,0,-9999,C51 H107 O12 N3 S1,51,107,12,3,-9999,1,-9999,-9999
829,986.227162,986.227444274,986.227670483,16168094,-9999,181985.6,24.44,-1,-0.229367966,0.495249732,0.610452919,0.541331007,40,0.203389831,0.694915254,N1 S1 O12,de-protonated,0,-9999,C59 H41 O12 N1 S1,59,41,12,1,-9999,1,-9999,-9999
829,986.227162,986.227444274,986.227803425,16168094,-9999,181985.6,24.44,-1,-0.364166132,0.488112017,0.658260696,0.556171489,27,0.416666667,0.958333333,N1 P1 O20,de-protonated,0,-9999,C48 H46 O20 N1 P1,48,46,20,1,1,-9999,-9999,-9999
829,986.227162,986.227444274,986.227532098,16168094,-9999,181985.6,24.44,-1,-0.089051058,0.499281065,0.70871839,0.583055995,13,0.657894737,1.394736842,N1 S2 O25,de-protonated,0,-9999,C38 H53 O25 N1 S2,38,53,25,1,-9999,2,-9999,-9999
829,986.227162,986.227444274,986.227019034,16168094,-9999,181985.6,24.44,-1,0.431178255,0.483414335,0.644495114,0.547846647,31,0.274509804,0.882352941,N3 S2 O14,de-protonated,0,-9999,C51 H45 O14 N3 S2,51,45,14,3,-9999,2,-9999,-9999
829,986.227162,986.227444274,986.227151976,16168094,-9999,181985.6,24.44,-1,0.296379911,0.492093852,0.698017357,0.574463254,18,0.55,1.25,N3 S1 P1 O22,de-protonated,0,-9999,C40 H50 O22 N3 P1 S1,40,50,22,3,1,1,-9999,-9999
830,987.99658,987.996862817,987.997044072,8550690,-9999,320806.8,12.05,-1,-0.183457247,0.993911671,0,0.596347002,1,0.03030303,2.015151515,P1 O2,de-protonated,0,-9999,C66 H133 O2 P1,66,133,2,-9999,1,-9999,-9999,-9999
830,987.99658,987.996862817,987.997486389,8550690,-9999,320806.8,12.05,-1,-0.631148112,0.930270653,0,0.558162392,37,0.477272727,0.454545455,N3 S1 P1 O21,de-protonated,0,-9999,C44 H20 O21 N3 P1 S1,44,20,21,3,1,1,-9999,-9999
831,988.229555,988.229837888,988.229066728,9533881,-9999,273382.2,13.65,-1,0.78034594,0.895394098,0,0.537236459,21,0.4,1.155555556,N1 S2 P1 O18,de-protonated,0,-9999,C45 H52 O18 N1 P1 S2,45,52,18,1,1,2,-9999,-9999
831,988.229555,988.229837888,988.230566329,9533881,-9999,273382.2,13.65,-1,-0.737116757,0.90611547,0,0.543669282,31,0.392156863,0.843137255,N1 O20,de-protonated,0,-9999,C51 H43 O20 N1,51,43,20,1,-9999,-9999,-9999,-9999
831,988.229555,988.229837888,988.229914881,9533881,-9999,273382.2,13.65,-1,-0.077909633,0.998899229,0,0.599339537,22,0.511627907,1.093023256,N3 S1 O22,de-protonated,0,-9999,C43 H47 O22 N3 S1,43,47,22,3,-9999,1,-9999,-9999
832,989.140909,989.141192168,989.140311292,16776197,-9999,337417.7,25.43,-1,0.890547001,0.432986206,0.6825583,0.532815043,23,0.488372093,1,S2 P1 O21,de-protonated,0,-9999,C43 H43 O21 P1 S2,43,43,21,-9999,1,2,-9999,-9999
832,989.140909,989.141192168,989.141810894,16776197,-9999,337417.7,25.43,-1,-0.625517904,0.465732852,0.653607294,0.540882629,33,0.469387755,0.693877551,O23,de-protonated,0,-9999,C49 H34 O23,49,34,23,-9999,-9999,-9999,-9999,-9999
832,989.140909,989.141192168,989.141159445,16776197,-9999,337417.7,25.43,-1,0.033082,0.499900719,0.692787115,0.577055278,24,0.609756098,0.926829268,N2 S1 O25,de-protonated,0,-9999,C41 H38 O25 N2 S1,41,38,25,2,-9999,1,-9999,-9999
832,989.140909,989.141192168,989.141648702,16776197,-9999,337417.7,25.43,-1,-0.461546213,0.481042204,0.677556332,0.559647855,28,0.386363636,0.886363636,N4 S2 P1 O17,de-protonated,0,-9999,C44 H39 O17 N4 P1 S2,44,39,17,4,1,2,-9999,-9999
832,989.140909,989.141192168,989.140779322,16776197,-9999,337417.7,25.43,-1,0.417377684,0.484442617,0.6825583,0.56368889,29,0.511627907,0.813953488,N4 P1 O22,de-protonated,0,-9999,C43 H35 O22 N4 P1,43,35,22,4,1,-9999,-9999,-9999
833,989.769974,989.770257361,989.770749789,15269272,-9999,352239.4,22.98,-1,-0.497517209,0.478040429,0.579826515,0.518754863,15,0.014925373,1.597014925,S1 P1 O1,de-protonated,0,-9999,C67 H107 O1 P1 S1,67,107,1,-9999,1,1,-9999,-9999
833,989.769974,989.770257361,989.769609083,15269272,-9999,352239.4,22.98,-1,0.654978737,0.462555768,0.622788794,0.526648979,2,0.196428571,1.964285714,S1 O11,de-protonated,0,-9999,C56 H110 O11 S1,56,110,11,-9999,-9999,1,-9999,-9999
833,989.769974,989.770257361,989.77009834,15269272,-9999,352239.4,22.98,-1,0.160664278,0.497663607,0.610452919,0.542779332,6,0.050847458,1.881355932,N2 S2 P1 O3,de-protonated,0,-9999,C59 H111 O3 N2 P1 S2,59,111,3,2,1,2,-9999,-9999
833,989.769974,989.770257361,989.770946493,15269272,-9999,352239.4,22.98,-1,-0.696254496,0.457898324,0.618621811,0.522187719,7,0.122807018,1.859649123,N4 S1 O7,de-protonated,0,-9999,C57 H106 O7 N4 S1,57,106,7,4,-9999,1,-9999,-9999
834,993.57152,993.571804527,993.570849702,9570025,-9999,176771,13.7,-1,0.961003539,0.422857478,0.590944388,0.490092242,24,0.109375,1.28125,S1 O7,de-protonated,0,-9999,C64 H82 O7 S1,64,82,7,-9999,-9999,1,-9999,-9999
834,993.57152,993.571804527,993.571852024,9570025,-9999,176771,13.7,-1,-0.047803787,0.999585439,0,0.599751263,10,0.185185185,1.685185185,S2 P1 O10,de-protonated,0,-9999,C54 H91 O10 P1 S2,54,91,10,-9999,1,2,-9999,-9999
834,993.57152,993.571804527,993.570982644,9570025,-9999,176771,13.7,-1,0.827201466,0.883239846,0,0.529943908,11,0.283018868,1.641509434,P1 O15,de-protonated,0,-9999,C53 H87 O15 P1,53,87,15,-9999,1,-9999,-9999,-9999
834,993.57152,993.571804527,993.572700177,9570025,-9999,176771,13.7,-1,-0.901443515,0.862909658,0,0.517745795,11,0.269230769,1.653846154,N2 S1 O14,de-protonated,0,-9999,C52 H86 O14 N2 S1,52,86,14,2,-9999,1,-9999,-9999
834,993.57152,993.571804527,993.572187112,9570025,-9999,176771,13.7,-1,-0.385060514,0.486727497,0.587191358,0.526913041,29,0.046153846,1.2,N4 S1 O3,de-protonated,0,-9999,C65 H78 O3 N4 S1,65,78,3,4,-9999,1,-9999,-9999
834,993.57152,993.571804527,993.572320054,9570025,-9999,176771,13.7,-1,-0.518862227,0.952324678,0,0.571394807,16,0.203703704,1.537037037,N4 P1 O11,de-protonated,0,-9999,C54 H83 O11 N4 P1,54,83,11,4,1,-9999,-9999,-9999
834,993.57152,993.571804527,993.572048728,9570025,-9999,176771,13.7,-1,-0.245780854,0.989098859,0,0.593459315,2,0.363636364,2.045454545,N4 S2 O16,de-protonated,0,-9999,C44 H90 O16 N4 S2,44,90,16,4,-9999,2,-9999,-9999
834,993.57152,993.571804527,993.571179348,9570025,-9999,176771,13.7,-1,0.629224051,0.93068008,0,0.558408048,3,0.488372093,2,N4 O21,de-protonated,0,-9999,C43 H86 O21 N4,43,86,21,4,-9999,-9999,-9999,-9999
835,994.346751,994.347035765,994.347785618,12060868,-9999,311754.2,17.75,-1,-0.754115575,0.450978646,0.618621811,0.518035912,30,0.22807017500000001,1,N1 S1 O13,de-protonated,0,-9999,C57 H57 O13 N1 S1,57,57,13,1,-9999,1,-9999,-9999
835,994.346751,994.347035765,994.34791856,12060868,-9999,311754.2,17.75,-1,-0.887812873,0.866736754,0,0.520042052,17,0.456521739,1.347826087,N1 P1 O21,de-protonated,0,-9999,C46 H62 O21 N1 P1,46,62,21,1,1,-9999,-9999,-9999
835,994.346751,994.347035765,994.347405496,12060868,-9999,311754.2,17.75,-1,-0.37183245,0.487612541,0.610452919,0.536748692,35,0.169491525,0.915254237,N3 P1 O10,de-protonated,0,-9999,C59 H54 O10 N3 P1,59,54,10,3,1,-9999,-9999,-9999
835,994.346751,994.347035765,994.347134169,12060868,-9999,311754.2,17.75,-1,-0.098963902,0.499112248,0.653607294,0.560910266,21,0.306122449,1.244897959,N3 S2 O15,de-protonated,0,-9999,C49 H61 O15 N3 S2,49,61,15,3,-9999,2,-9999,-9999
835,994.346751,994.347035765,994.346264789,12060868,-9999,311754.2,17.75,-1,0.775359073,0.448327714,0.658260696,0.532300907,22,0.416666667,1.1875,N3 O20,de-protonated,0,-9999,C48 H57 O20 N3,48,57,20,3,-9999,-9999,-9999,-9999
835,994.346751,994.347035765,994.347267111,12060868,-9999,311754.2,17.75,-1,-0.232661375,0.990226023,0,0.594135614,8,0.605263158,1.736842105,N3 S1 P1 O23,de-protonated,0,-9999,C38 H66 O23 N3 P1 S1,38,66,23,3,1,1,-9999,-9999
836,994.491367,994.491651809,994.490825732,9423132,-9999,335104,13.46,-1,0.830653481,0.441161574,0.587191358,0.499573488,30,0.061538462,1.123076923,N1 S2 O4,de-protonated,0,-9999,C65 H73 O4 N1 S2,65,73,4,1,-9999,2,-9999,-9999
836,994.491367,994.491651809,994.490958674,9423132,-9999,335104,13.46,-1,0.696975202,0.915629811,0,0.549377887,17,0.222222222,1.444444444,N1 S1 P1 O12,de-protonated,0,-9999,C54 H78 O12 N1 P1 S1,54,78,12,1,1,1,-9999,-9999
836,994.491367,994.491651809,994.491806827,9423132,-9999,335104,13.46,-1,-0.15587623,0.995600973,0,0.597360584,18,0.307692308,1.403846154,N3 O16,de-protonated,0,-9999,C52 H73 O16 N3,52,73,16,3,-9999,-9999,-9999,-9999
837,996.137281,996.137566314,996.136880418,18648318,-9999,376330.8,28.47,-1,0.688556297,0.458784914,0.644495114,0.533068994,35,0.333333333,0.705882353,N1 S1 P1 O17,de-protonated,0,-9999,C51 H36 O17 N1 P1 S1,51,36,17,1,1,1,-9999,-9999
837,996.137281,996.137566314,996.137728571,18648318,-9999,376330.8,28.47,-1,-0.162885958,0.497598701,0.653607294,0.560002138,36,0.428571429,0.632653061,N3 O21,de-protonated,0,-9999,C49 H31 O21 N3,49,31,21,3,-9999,-9999,-9999,-9999
838,996.140967,996.141252315,996.141751323,25201920,-9999,340450.2,39.13,-1,-0.50094047,0.477744045,0.631293472,0.539163816,40,0.351851852,0.574074074,N1 O19,de-protonated,0,-9999,C54 H31 O19 N1,54,31,19,1,-9999,-9999,-9999,-9999
838,996.140967,996.141252315,996.141099874,25201920,-9999,340450.2,39.13,-1,0.153031496,0.497879867,0.667769153,0.565835581,31,0.456521739,0.760869565,N3 S1 O21,de-protonated,0,-9999,C46 H35 O21 N3 S1,46,35,21,3,-9999,1,-9999,-9999
838,996.140967,996.141252315,996.142102196,25201920,-9999,340450.2,39.13,-1,-0.853172088,0.438136772,0.719752637,0.550783118,17,0.666666667,1.222222222,N3 S2 P1 O24,de-protonated,0,-9999,C36 H44 O24 N3 P1 S2,36,44,24,3,1,2,-9999,-9999
839,996.145886,996.146171317,996.146124948,53316868,-9999,296043.7,84.87,-1,0.046548263,0.499803463,0.692787115,0.576996923,21,0.536585366,1.073170732,N1 S2 P1 O22,de-protonated,0,-9999,C41 H44 O22 N1 P1 S2,41,44,22,1,1,2,-9999,-9999
839,996.145886,996.146171317,996.145611884,53316868,-9999,296043.7,84.87,-1,0.561597738,0.314793076,0.570956251,0.417258346,39,0.203703704,0.666666667,N3 S2 P1 O11,de-protonated,0,-9999,C54 H36 O11 N3 P1 S2,54,36,11,3,1,2,-9999,-9999
840,996.972676,996.972961571,996.972226304,9522927,-9999,289405.4,13.62,-1,0.737499106,0.453011388,0.587191358,0.506683376,4,0.015384615,1.969230769,N3 P1 O1,de-protonated,0,-9999,C65 H128 O1 N3 P1,65,128,1,3,1,-9999,-9999,-9999
840,996.972676,996.972961571,996.973048744,9522927,-9999,289405.4,13.62,-1,-0.087438597,0.998613694,0,0.599168217,35,0.56097561,0.43902439,N4 S2 O23,de-protonated,0,-9999,C41 H18 O23 N4 S2,41,18,23,4,-9999,2,-9999,-9999
841,997.118894,997.119179615,997.118394077,17796934,-9999,286260.6,27.08,-1,0.787808179,0.446747462,0.627012296,0.518853395,39,0.236363636,0.636363636,S2 P1 O13,de-protonated,0,-9999,C55 H35 O13 P1 S2,55,35,13,-9999,1,2,-9999,-9999
841,997.118894,997.119179615,997.119242231,17796934,-9999,286260.6,27.08,-1,-0.062796044,0.499642371,0.635633513,0.554038828,40,0.320754717,0.566037736,N2 S1 O17,de-protonated,0,-9999,C53 H30 O17 N2 S1,53,30,17,2,-9999,1,-9999,-9999
841,997.118894,997.119179615,997.119375172,17796934,-9999,286260.6,27.08,-1,-0.196121828,0.496522549,0.68763467,0.572967397,27,0.595238095,0.833333333,N2 P1 O25,de-protonated,0,-9999,C42 H35 O25 N2 P1,42,35,25,2,1,-9999,-9999,-9999
841,997.118894,997.119179615,997.118590782,17796934,-9999,286260.6,27.08,-1,0.590535109,0.469341753,0.672627142,0.550655908,31,0.422222222,0.755555556,N4 S2 O19,de-protonated,0,-9999,C45 H34 O19 N4 S2,45,34,19,4,-9999,2,-9999,-9999
842,997.947015,997.947300869,997.946726031,9965869,-9999,234761.6,14.34,-1,0.576021127,0.47078587,0.587191358,0.517348065,4,0.030769231,1.938461538,N2 S1 O2,de-protonated,0,-9999,C65 H126 O2 N2 S1,65,126,2,2,-9999,1,-9999,-9999
843,1000.63591,1000.636196694,1000.636680159,15626040,-9999,147496.4,23.55,-1,-0.483156979,0.479263522,0.622788794,0.536673631,12,0.25,1.625,N1 O14,de-protonated,0,-9999,C56 H91 O14 N1,56,91,14,1,-9999,-9999,-9999,-9999
843,1000.63591,1000.636196694,1000.636167095,15626040,-9999,147496.4,23.55,-1,0.029580837,0.49992062,0.572644131,0.529010024,30,0.043478261,1.202898551,N3 O3,de-protonated,0,-9999,C69 H83 O3 N3,69,83,3,3,-9999,-9999,-9999,-9999
843,1000.63591,1000.636196694,1000.637169416,15626040,-9999,147496.4,23.55,-1,-0.972102551,0.421214459,0.610452919,0.496909843,16,0.101694915,1.559322034,N3 S1 P1 O6,de-protonated,0,-9999,C59 H92 O6 N3 P1 S1,59,92,6,3,1,1,-9999,-9999
843,1000.63591,1000.636196694,1000.63602871,15626040,-9999,147496.4,23.55,-1,0.16787731,0.497449661,0.658260696,0.561774075,3,0.333333333,1.979166667,N3 S1 O16,de-protonated,0,-9999,C48 H95 O16 N3 S1,48,95,16,3,-9999,1,-9999,-9999
844,1000.687957,1000.68824371,1000.68919119,16725846,-9999,145898.6,25.34,-1,-0.946826592,0.424937828,0.598596236,0.494401192,14,0.080645161,1.596774194,N1 S2 O5,de-protonated,0,-9999,C62 H99 O5 N1 S2,62,99,5,1,-9999,2,-9999,-9999
844,1000.687957,1000.68824371,1000.68832181,16725846,-9999,145898.6,25.34,-1,-0.078045546,0.499447694,0.602496955,0.540667398,15,0.163934426,1.557377049,N1 O10,de-protonated,0,-9999,C61 H95 O10 N1,61,95,10,1,-9999,-9999,-9999,-9999
844,1000.687957,1000.68824371,1000.688811067,16725846,-9999,145898.6,25.34,-1,-0.566966084,0.471670817,0.590944388,0.519380245,19,0.03125,1.5,N3 S1 P1 O2,de-protonated,0,-9999,C64 H96 O2 N3 P1 S1,64,96,2,3,1,1,-9999,-9999
844,1000.687957,1000.68824371,1000.687670361,16725846,-9999,145898.6,25.34,-1,0.572955409,0.471086865,0.635633513,0.536905525,6,0.226415094,1.867924528,N3 S1 O12,de-protonated,0,-9999,C53 H99 O12 N3 S1,53,99,12,3,-9999,1,-9999,-9999
845,1001.473278,1001.473564951,1001.473792487,13703438,-9999,234998.3,20.42,-1,-0.227200929,0.49533865,0.579826515,0.529133796,33,0.059701493,1.059701493,S1 P1 O4,de-protonated,0,-9999,C67 H71 O4 P1 S1,67,71,4,-9999,1,1,-9999,-9999
845,1001.473278,1001.473564951,1001.472651781,13703438,-9999,234998.3,20.42,-1,0.91182745,0.429983289,0.622788794,0.507105491,20,0.25,1.321428571,S1 O14,de-protonated,0,-9999,C56 H74 O14 S1,56,74,14,-9999,-9999,1,-9999,-9999
845,1001.473278,1001.473564951,1001.473654103,13703438,-9999,234998.3,20.42,-1,-0.089020161,0.499281564,0.667769153,0.566676599,6,0.369565217,1.804347826,S2 P1 O17,de-protonated,0,-9999,C46 H83 O17 P1 S2,46,83,17,-9999,1,2,-9999,-9999
845,1001.473278,1001.473564951,1001.472784723,13703438,-9999,234998.3,20.42,-1,0.779081105,0.447857305,0.672627142,0.53776524,7,0.488888889,1.755555556,P1 O22,de-protonated,0,-9999,C45 H79 O22 P1,45,79,22,-9999,1,-9999,-9999,-9999
845,1001.473278,1001.473564951,1001.473141038,13703438,-9999,234998.3,20.42,-1,0.423289339,0.484005967,0.610452919,0.534584748,24,0.101694915,1.271186441,N2 S2 P1 O6,de-protonated,0,-9999,C59 H75 O6 N2 P1 S2,59,75,6,2,1,2,-9999,-9999
845,1001.473278,1001.473564951,1001.474502256,13703438,-9999,234998.3,20.42,-1,-0.935924493,0.42652342,0.677556332,0.526936584,7,0.477272727,1.772727273,N2 S1 O21,de-protonated,0,-9999,C44 H78 O21 N2 S1,44,78,21,2,-9999,1,-9999,-9999
845,1001.473278,1001.473564951,1001.473989192,13703438,-9999,234998.3,20.42,-1,-0.423615861,0.483981682,0.618621811,0.537837734,25,0.175438596,1.228070175,N4 S1 O10,de-protonated,0,-9999,C57 H70 O10 N4 S1,57,70,10,4,-9999,1,-9999,-9999
845,1001.473278,1001.473564951,1001.474122133,13703438,-9999,234998.3,20.42,-1,-0.556361851,0.472691399,0.667769153,0.550722501,12,0.391304348,1.630434783,N4 P1 O18,de-protonated,0,-9999,C46 H75 O18 N4 P1,46,75,18,4,1,-9999,-9999,-9999
846,1002.363917,1002.364204225,1002.363256235,10525437,-9999,209536.7,15.25,-1,0.945754945,0.425094239,0.606448844,0.497636081,31,0.116666667,1.033333333,N1 S2 P1 O7,de-protonated,0,-9999,C60 H62 O7 N1 P1 S2,60,62,7,1,1,2,-9999,-9999
846,1002.363917,1002.364204225,1002.364617452,10525437,-9999,209536.7,15.25,-1,-0.41225259400000003,0.969633025,0,0.581779815,14,0.488888889,1.444444444,N1 S1 O22,de-protonated,0,-9999,C45 H65 O22 N1 S1,45,65,22,1,-9999,1,-9999,-9999
846,1002.363917,1002.364204225,1002.364104388,10525437,-9999,209536.7,15.25,-1,0.099601369,0.499100785,0.614510218,0.545264558,32,0.189655172,0.982758621,N3 S1 O11,de-protonated,0,-9999,C58 H57 O11 N3 S1,58,57,11,3,-9999,1,-9999,-9999
846,1002.363917,1002.364204225,1002.365106709,10525437,-9999,209536.7,15.25,-1,-0.900355327,0.863216706,0,0.517930024,18,0.291666667,1.375,N3 S2 P1 O14,de-protonated,0,-9999,C48 H66 O14 N3 P1 S2,48,66,14,3,1,2,-9999,-9999
846,1002.363917,1002.364204225,1002.364237329,10525437,-9999,209536.7,15.25,-1,-0.03302681,0.999802101,0,0.59988126,19,0.404255319,1.319148936,N3 P1 O19,de-protonated,0,-9999,C47 H62 O19 N3 P1,47,62,19,3,1,-9999,-9999,-9999
846,1002.363917,1002.364204225,1002.363966003,10525437,-9999,209536.7,15.25,-1,0.237659448,0.989803751,0,0.59388225,5,0.648648649,1.864864865,N3 S2 O24,de-protonated,0,-9999,C37 H69 O24 N3 S2,37,69,24,3,-9999,2,-9999,-9999
847,1002.558359,1002.558646284,1002.559570543,28744552,-9999,262199.7,44.89,-1,-0.921898842,0.285696543,0.499512996,0.371223124,31,0.058823529,1.147058824,N1 P1 O4,de-protonated,0,-9999,C68 H78 O4 N1 P1,68,78,4,1,1,-9999,-9999,-9999
847,1002.558359,1002.558646284,1002.559299217,28744552,-9999,262199.7,44.89,-1,-0.651265564,0.462963035,0.614510218,0.523581908,17,0.155172414,1.465517241,N1 S2 O9,de-protonated,0,-9999,C58 H85 O9 N1 S2,58,85,9,1,-9999,2,-9999,-9999
847,1002.558359,1002.558646284,1002.558429837,28744552,-9999,262199.7,44.89,-1,0.21589517,0.495789104,0.618621811,0.544922187,18,0.245614035,1.421052632,N1 O14,de-protonated,0,-9999,C57 H81 O14 N1,57,81,14,1,-9999,-9999,-9999,-9999
847,1002.558359,1002.558646284,1002.559432158,28744552,-9999,262199.7,44.89,-1,-0.783867821,0.447249757,0.662980834,0.533542187,4,0.361702128,1.914893617,N1 S1 P1 O17,de-protonated,0,-9999,C47 H90 O17 N1 P1 S1,47,90,17,1,1,1,-9999,-9999
847,1002.558359,1002.558646284,1002.557916772,28744552,-9999,262199.7,44.89,-1,0.727650503,0.302799358,0.49029038,0.377795767,36,0.042857143,1.042857143,N3 O3,de-protonated,0,-9999,C70 H73 O3 N3,70,73,3,3,-9999,-9999,-9999,-9999
847,1002.558359,1002.558646284,1002.558919094,28744552,-9999,262199.7,44.89,-1,-0.272113511,0.493327174,0.606448844,0.538575842,22,0.1,1.366666667,N3 S1 P1 O6,de-protonated,0,-9999,C60 H82 O6 N3 P1 S1,60,82,6,3,1,1,-9999,-9999
847,1002.558359,1002.558646284,1002.557778388,28744552,-9999,262199.7,44.89,-1,0.86568198,0.436430653,0.653607294,0.52330131,9,0.326530612,1.734693878,N3 S1 O16,de-protonated,0,-9999,C49 H85 O16 N3 S1,49,85,16,3,-9999,1,-9999,-9999
848,1003.245602,1003.245889495,1003.246357498,11082976,-9999,238041.9,16.15,-1,-0.46648845,0.480642035,0.618621811,0.535833945,34,0.22807017500000001,0.842105263,S2 O13,de-protonated,0,-9999,C57 H48 O13 S2,57,48,13,-9999,-9999,2,-9999,-9999
848,1003.245602,1003.245889495,1003.245488118,11082976,-9999,238041.9,16.15,-1,0.400078582,0.485687251,0.622788794,0.540527868,35,0.321428571,0.785714286,O18,de-protonated,0,-9999,C56 H44 O18,56,44,18,-9999,-9999,-9999,-9999,-9999
848,1003.245602,1003.245889495,1003.24649044,11082976,-9999,238041.9,16.15,-1,-0.59899992,0.936970058,0,0.562182035,21,0.456521739,1.152173913,S1 P1 O21,de-protonated,0,-9999,C46 H53 O21 P1 S1,46,53,21,-9999,1,1,-9999,-9999
848,1003.245602,1003.245889495,1003.245977375,11082976,-9999,238041.9,16.15,-1,-0.087595983,0.499304351,0.610452919,0.543763778,39,0.169491525,0.762711864,N2 S1 P1 O10,de-protonated,0,-9999,C59 H45 O10 N2 P1 S1,59,45,10,2,1,1,-9999,-9999
848,1003.245602,1003.245889495,1003.245838991,11082976,-9999,238041.9,16.15,-1,0.050340714,0.999540281,0,0.599724168,12,0.605263158,1.5,N2 S2 P1 O23,de-protonated,0,-9999,C38 H57 O23 N2 P1 S2,38,57,23,2,1,2,-9999,-9999
848,1003.245602,1003.245889495,1003.245325927,11082976,-9999,238041.9,16.15,-1,0.561745316,0.944350822,0,0.566610493,30,0.235294118,0.960784314,N4 S2 P1 O12,de-protonated,0,-9999,C51 H49 O12 N4 P1 S2,51,49,12,4,1,2,-9999,-9999
848,1003.245602,1003.245889495,1003.246825529,11082976,-9999,238041.9,16.15,-1,-0.933004186,0.426946023,0.618621811,0.503616338,40,0.245614035,0.701754386,N4 O14,de-protonated,0,-9999,C57 H40 O14 N4,57,40,14,4,-9999,-9999,-9999,-9999
849,1004.192519,1004.192806786,1004.193607449,44080864,-9999,225957.8,69.84,-1,-0.797319713,0.297017976,0.549245293,0.397908903,40,0.206896552,0.689655172,N1 S1 P1 O12,de-protonated,0,-9999,C58 H40 O12 N1 P1 S1,58,40,12,1,1,1,-9999,-9999
849,1004.192519,1004.192806786,1004.192466743,44080864,-9999,225957.8,69.84,-1,0.338623006,0.489704519,0.662980834,0.559015045,27,0.468085106,0.914893617,N1 S1 O22,de-protonated,0,-9999,C47 H43 O22 N1 S1,47,43,22,1,-9999,1,-9999,-9999
849,1004.192519,1004.192806786,1004.193469065,44080864,-9999,225957.8,69.84,-1,-0.65951328,0.462055763,0.714192896,0.562910616,13,0.675675676,1.405405405,N1 S2 P1 O25,de-protonated,0,-9999,C37 H52 O25 N1 P1 S2,37,52,25,1,1,2,-9999,-9999
849,1004.192519,1004.192806786,1004.192956,44080864,-9999,225957.8,69.84,-1,-0.14859164,0.332000574,0.59379359,0.436717781,31,0.28,0.88,N3 S2 P1 O14,de-protonated,0,-9999,C50 H44 O14 N3 P1 S2,50,44,14,3,1,2,-9999,-9999
849,1004.192519,1004.192806786,1004.19208662,44080864,-9999,225957.8,69.84,-1,0.7171588,0.455450027,0.653607294,0.534712934,32,0.387755102,0.816326531,N3 P1 O19,de-protonated,0,-9999,C49 H40 O19 N3 P1,49,40,19,3,1,-9999,-9999,-9999
849,1004.192519,1004.192806786,1004.191815294,44080864,-9999,225957.8,69.84,-1,0.987352552,0.418936817,0.703327172,0.532692959,18,0.615384615,1.205128205,N3 S2 O24,de-protonated,0,-9999,C39 H47 O24 N3 S2,39,47,24,3,-9999,2,-9999,-9999
850,1005.074196,1005.074484056,1005.074339731,26943670,-9999,243770.9,41.96,-1,0.143596855,0.498132754,0.658260696,0.562183931,34,0.4375,0.645833333,S1 P1 O21,de-protonated,0,-9999,C48 H31 O21 P1 S1,48,31,21,-9999,1,1,-9999,-9999
850,1005.074196,1005.074484056,1005.073688282,26943670,-9999,243770.9,41.96,-1,0.791757066,0.446242123,0.698017357,0.546952217,25,0.575,0.875,N2 S2 P1 O23,de-protonated,0,-9999,C40 H35 O23 N2 P1 S2,40,35,23,2,1,2,-9999,-9999
850,1005.074196,1005.074484056,1005.075187884,26943670,-9999,243770.9,41.96,-1,-0.700273635,0.457432219,0.667769153,0.541566992,35,0.543478261,0.565217391,N2 O25,de-protonated,0,-9999,C46 H26 O25 N2,46,26,25,2,-9999,-9999,-9999,-9999
851,1005.125218,1005.125506072,1005.125981381,12984529,-9999,212833,19.25,-1,-0.472885469,0.480118247,0.635633513,0.542324354,37,0.320754717,0.660377358,S1 P1 O17,de-protonated,0,-9999,C53 H35 O17 P1 S1,53,35,17,-9999,1,1,-9999,-9999
851,1005.125218,1005.125506072,1005.125329933,12984529,-9999,212833,19.25,-1,0.17524104,0.497221656,0.672627142,0.56738385,28,0.422222222,0.866666667,N2 S2 P1 O19,de-protonated,0,-9999,C45 H39 O19 N2 P1 S2,45,39,19,2,1,2,-9999,-9999
851,1005.125218,1005.125506072,1005.126178086,12984529,-9999,212833,19.25,-1,-0.668586667,0.922093143,0,0.553255886,29,0.534883721,0.790697674,N4 S1 O23,de-protonated,0,-9999,C43 H34 O23 N4 S1,43,34,23,4,-9999,1,-9999,-9999
852,1005.223409,1005.223697102,1005.223253071,17834246,-9999,250906.5,27.14,-1,0.441723341,0.482607609,0.653607294,0.551007483,25,0.346938776,1.040816327,S2 P1 O17,de-protonated,0,-9999,C49 H51 O17 P1 S2,49,51,17,-9999,1,2,-9999,-9999
852,1005.223409,1005.223697102,1005.224101224,17834246,-9999,250906.5,27.14,-1,-0.40202239,0.485549869,0.662980834,0.556522255,26,0.446808511,0.978723404,N2 S1 O21,de-protonated,0,-9999,C47 H46 O21 N2 S1,47,46,21,2,-9999,1,-9999,-9999
852,1005.223409,1005.223697102,1005.224590482,17834246,-9999,250906.5,27.14,-1,-0.888736661,0.433239345,0.649019222,0.519551296,30,0.26,0.94,N4 S2 P1 O13,de-protonated,0,-9999,C50 H47 O13 N4 P1 S2,50,47,13,4,1,2,-9999,-9999
852,1005.223409,1005.223697102,1005.223721102,17834246,-9999,250906.5,27.14,-1,-0.023875358,0.499948287,0.653607294,0.56141189,31,0.367346939,0.87755102,N4 P1 O18,de-protonated,0,-9999,C49 H43 O18 N4 P1,49,43,18,4,1,-9999,-9999,-9999
852,1005.223409,1005.223697102,1005.223449776,17834246,-9999,250906.5,27.14,-1,0.246040901,0.494537953,0.703327172,0.57805364,17,0.58974359,1.282051282,N4 S2 O23,de-protonated,0,-9999,C39 H50 O23 N4 S2,39,50,23,4,-9999,2,-9999,-9999
853,1005.227573,1005.227861103,1005.228123976,9314567,-9999,359440.1,13.27,-1,-0.261506132,0.987668216,0,0.59260093,30,0.365384615,0.884615385,S1 O19,de-protonated,0,-9999,C52 H46 O19 S1,52,46,19,-9999,-9999,1,-9999,-9999
853,1005.227573,1005.227861103,1005.228613234,9314567,-9999,359440.1,13.27,-1,-0.748218523,0.903408369,0,0.542045021,34,0.2,0.854545455,N2 S2 P1 O11,de-protonated,0,-9999,C55 H47 O11 N2 P1 S2,55,47,11,2,1,2,-9999,-9999
853,1005.227573,1005.227861103,1005.227743854,9314567,-9999,359440.1,13.27,-1,0.11663944,0.997534479,0,0.598520687,35,0.296296296,0.796296296,N2 P1 O16,de-protonated,0,-9999,C54 H43 O16 N2 P1,54,43,16,2,1,-9999,-9999,-9999
853,1005.227573,1005.227861103,1005.227472528,9314567,-9999,359440.1,13.27,-1,0.386554658,0.973251375,0,0.583950825,21,0.477272727,1.136363636,N2 S2 O21,de-protonated,0,-9999,C44 H50 O21 N2 S2,44,50,21,2,-9999,2,-9999,-9999
853,1005.227573,1005.227861103,1005.226959464,9314567,-9999,359440.1,13.27,-1,0.896951283,0.864175515,0,0.518505309,39,0.175438596,0.736842105,N4 S2 O10,de-protonated,0,-9999,C57 H42 O10 N4 S2,57,42,10,4,-9999,2,-9999,-9999
853,1005.227573,1005.227861103,1005.227092405,9314567,-9999,359440.1,13.27,-1,0.76470072,0.899329999,0,0.539597999,26,0.391304348,1.02173913,N4 S1 P1 O18,de-protonated,0,-9999,C46 H47 O18 N4 P1 S1,46,47,18,4,1,1,-9999,-9999
854,1006.025498,1006.025786348,1006.026678518,22389418,-9999,247360,34.55,-1,-0.886825409,0.433506197,0.672627142,0.529154575,35,0.422222222,0.577777778,N3 S2 P1 O19,de-protonated,0,-9999,C45 H26 O19 N3 P1 S2,45,26,19,3,1,2,-9999,-9999
854,1006.025498,1006.025786348,1006.025809138,22389418,-9999,247360,34.55,-1,-0.022653644,0.499953444,0.677556332,0.570994599,36,0.545454545,0.5,N3 P1 O24,de-protonated,0,-9999,C44 H22 O24 N3 P1,44,22,24,3,1,-9999,-9999,-9999
855,1006.065239,1006.06552736,1006.066217399,21799616,-9999,329046,33.59,-1,-0.685878619,0.459091386,0.649019222,0.53506252,39,0.42,0.52,N1 P1 O21,de-protonated,0,-9999,C50 H26 O21 N1 P1,50,26,21,1,1,-9999,-9999,-9999
855,1006.065239,1006.06552736,1006.065565951,21799616,-9999,329046,33.59,-1,-0.038357965,0.499866532,0.68763467,0.574973787,30,0.547619048,0.714285714,N3 S1 P1 O23,de-protonated,0,-9999,C42 H30 O23 N3 P1 S1,42,30,23,3,1,1,-9999,-9999
856,1006.069071,1006.069359361,1006.069588703,10068674,-9999,424515.6,14.5,-1,-0.227957842,0.990615372,0,0.594369223,34,0.446808511,0.638297872,N1 S1 P1 O21,de-protonated,0,-9999,C47 H30 O21 N1 P1 S1,47,30,21,1,1,1,-9999,-9999
856,1006.069071,1006.069359361,1006.068937254,10068674,-9999,424515.6,14.5,-1,0.419560938,0.968564052,0,0.581138431,25,0.58974359,0.871794872,N3 S2 P1 O23,de-protonated,0,-9999,C39 H34 O23 N3 P1 S2,39,34,23,3,1,2,-9999,-9999
857,1006.960577,1006.960865635,1006.959947543,10585232,-9999,274723.7,15.34,-1,0.911745903,0.429994891,0.594745702,0.495895215,1,0.015873016,2.063492063,N3 S1 P1 O1,de-protonated,0,-9999,C63 H130 O1 N3 P1 S1,63,130,1,3,1,1,-9999,-9999
858,1007.112406,1007.112694681,1007.113488145,14656734,-9999,271713.9,21.96,-1,-0.787858966,0.446740975,0.640033642,0.524058042,37,0.384615385,0.615384615,S1 O20,de-protonated,0,-9999,C52 H32 O20 S1,52,32,20,-9999,-9999,1,-9999,-9999
858,1007.112406,1007.112694681,1007.112836696,14656734,-9999,271713.9,21.96,-1,-0.141011719,0.49819926,0.677556332,0.569942089,28,0.5,0.818181818,N2 S2 O22,de-protonated,0,-9999,C44 H36 O22 N2 S2,44,36,22,2,-9999,2,-9999,-9999
858,1007.112406,1007.112694681,1007.112456574,14656734,-9999,271713.9,21.96,-1,0.236426237,0.494954379,0.667769153,0.564080289,33,0.413043478,0.717391304,N4 S1 P1 O19,de-protonated,0,-9999,C46 H33 O19 N4 P1 S1,46,33,19,4,1,1,-9999,-9999
859,1007.814326,1007.814614897,1007.814328679,11380293,-9999,321574.6,16.63,-1,0.283998801,0.492735883,0.565637507,0.521896533,18,0.014084507,1.535211268,P1 O1,de-protonated,0,-9999,C71 H109 O1 P1,71,109,1,-9999,1,-9999,-9999,-9999
859,1007.814326,1007.814614897,1007.814057353,11380293,-9999,321574.6,16.63,-1,0.553221318,0.472990372,0.602496955,0.524793005,4,0.098360656,1.901639344,S2 O6,de-protonated,0,-9999,C61 H116 O6 S2,61,116,6,-9999,-9999,2,-9999,-9999
859,1007.814326,1007.814614897,1007.81367723,11380293,-9999,321574.6,16.63,-1,0.93039692,0.427322562,0.594745702,0.494291818,9,0.047619048,1.793650794,N2 S1 P1 O3,de-protonated,0,-9999,C63 H113 O3 N2 P1 S1,63,113,3,2,1,1,-9999,-9999
859,1007.814326,1007.814614897,1007.815394763,11380293,-9999,321574.6,16.63,-1,-0.773818601,0.448521892,0.598596236,0.50855163,9,0.032258065,1.806451613,N4 S2 O2,de-protonated,0,-9999,C62 H112 O2 N4 S2,62,112,2,4,-9999,2,-9999,-9999
859,1007.814326,1007.814614897,1007.814525383,11380293,-9999,321574.6,16.63,-1,0.088819489,0.499284797,0.602496955,0.54056966,10,0.114754098,1.770491803,N4 O7,de-protonated,0,-9999,C61 H108 O7 N4,61,108,7,4,-9999,-9999,-9999,-9999
860,1007.860494,1007.860782911,1007.859958718,17114716,-9999,278607.4,25.96,-1,0.817765185,0.442865505,0.598596236,0.505157797,3,0.080645161,1.951612903,S1 P1 O5,de-protonated,0,-9999,C62 H121 O5 P1 S1,62,121,5,-9999,1,1,-9999,-9999
860,1007.860494,1007.860782911,1007.861676251,17114716,-9999,278607.4,25.96,-1,-0.886371886,0.433569458,0.602496955,0.501140457,3,0.06557377,1.967213115,N2 S2 O4,de-protonated,0,-9999,C61 H120 O4 N2 S2,61,120,4,2,-9999,2,-9999,-9999
860,1007.860494,1007.860782911,1007.860806871,17114716,-9999,278607.4,25.96,-1,-0.023773506,0.499948727,0.606448844,0.542548774,4,0.15,1.933333333,N2 O9,de-protonated,0,-9999,C60 H116 O9 N2,60,116,9,2,-9999,-9999,-9999,-9999
860,1007.860494,1007.860782911,1007.861296129,17114716,-9999,278607.4,25.96,-1,-0.509214647,0.477020055,0.594745702,0.524110314,8,0.015873016,1.857142857,N4 S1 P1 O1,de-protonated,0,-9999,C63 H117 O1 N4 P1 S1,63,117,1,4,1,1,-9999,-9999
861,1007.953918,1007.95420694,1007.954301422,11822732,-9999,216621.1,17.35,-1,-0.093737227,0.998406941,0,0.599044165,32,0.615384615,0.512820513,N3 S2 P1 O24,de-protonated,0,-9999,C39 H20 O24 N3 P1 S2,39,20,24,3,1,2,-9999,-9999
861,1007.953918,1007.95420694,1007.955196515,11822732,-9999,216621.1,17.35,-1,-0.981765692,0.419773913,0.598596236,0.491302843,1,0.016129032,2.080645161,N4 S1 P1 O1,de-protonated,0,-9999,C62 H129 O1 N4 P1 S1,62,129,1,4,1,1,-9999,-9999
862,1009.702208,1009.702497476,1009.70306415,12757495,-9999,252190.1,18.71,-1,-0.561228758,0.472225112,0.576212942,0.513820244,20,0.029411765,1.455882353,S1 P1 O2,de-protonated,0,-9999,C68 H99 O2 P1 S1,68,99,2,-9999,1,1,-9999,-9999
862,1009.702208,1009.702497476,1009.701923444,12757495,-9999,252190.1,18.71,-1,0.568515935,0.471520228,0.618621811,0.530360861,7,0.210526316,1.789473684,S1 O12,de-protonated,0,-9999,C57 H102 O12 S1,57,102,12,-9999,-9999,1,-9999,-9999
862,1009.702208,1009.702497476,1009.702412702,12757495,-9999,252190.1,18.71,-1,0.083959672,0.499360872,0.606448844,0.542196061,11,0.066666667,1.716666667,N2 S2 P1 O4,de-protonated,0,-9999,C60 H103 O4 N2 P1 S2,60,103,4,2,1,2,-9999,-9999
862,1009.702208,1009.702497476,1009.701543322,12757495,-9999,252190.1,18.71,-1,0.944986327,0.425206347,0.610452919,0.499304976,12,0.152542373,1.677966102,N2 P1 O9,de-protonated,0,-9999,C59 H99 O9 N2 P1,59,99,9,2,1,-9999,-9999,-9999
862,1009.702208,1009.702497476,1009.703260855,12757495,-9999,252190.1,18.71,-1,-0.756042806,0.45074055,0.614510218,0.516248417,12,0.137931034,1.689655172,N4 S1 O8,de-protonated,0,-9999,C58 H98 O8 N4 S1,58,98,8,4,-9999,1,-9999,-9999
863,1009.708229,1009.708518478,1009.707935056,12757498,-9999,349254.5,18.71,-1,0.57781291,0.470609297,0.565637507,0.508620581,25,0.056338028,1.323943662,O4,de-protonated,0,-9999,C71 H94 O4,71,94,4,-9999,-9999,-9999,-9999,-9999
863,1009.708229,1009.708518478,1009.708937377,12757498,-9999,349254.5,18.71,-1,-0.41487136,0.484626005,0.602496955,0.531774385,11,0.114754098,1.68852459,S1 P1 O7,de-protonated,0,-9999,C61 H103 O7 P1 S1,61,103,7,-9999,1,1,-9999,-9999
863,1009.708229,1009.708518478,1009.708285928,12757498,-9999,349254.5,18.71,-1,0.230313412,0.495210679,0.635633513,0.551379813,2,0.169811321,2.018867925,N2 S2 P1 O9,de-protonated,0,-9999,C53 H107 O9 N2 P1 S2,53,107,9,2,1,2,-9999,-9999
863,1009.708229,1009.708518478,1009.709134082,12757498,-9999,349254.5,18.71,-1,-0.609684303,0.467388543,0.644495114,0.538231171,3,0.254901961,2,N4 S1 O13,de-protonated,0,-9999,C51 H102 O13 N4 S1,51,102,13,4,-9999,1,-9999,-9999
864,1009.712133,1009.712422479,1009.71230868,8989180,-9999,375283.5,12.63,-1,0.112703943,0.99769786,0,0.598618716,6,0.120689655,1.844827586,S2 P1 O7,de-protonated,0,-9999,C58 H107 O7 P1 S2,58,107,7,-9999,1,2,-9999,-9999
864,1009.712133,1009.712422479,1009.711439301,8989180,-9999,375283.5,12.63,-1,0.973722184,0.841947321,0,0.505168393,7,0.210526316,1.807017544,P1 O12,de-protonated,0,-9999,C57 H103 O12 P1,57,103,12,-9999,1,-9999,-9999,-9999
864,1009.712133,1009.712422479,1009.713156834,8989180,-9999,375283.5,12.63,-1,-0.727290327,0.908484453,0,0.545090672,7,0.196428571,1.821428571,N2 S1 O11,de-protonated,0,-9999,C56 H102 O11 N2 S1,56,102,11,2,-9999,1,-9999,-9999
864,1009.712133,1009.712422479,1009.712776711,8989180,-9999,375283.5,12.63,-1,-0.350824611,0.977915196,0,0.586749117,12,0.137931034,1.706896552,N4 P1 O8,de-protonated,0,-9999,C58 H99 O8 N4 P1,58,99,8,4,1,-9999,-9999,-9999
865,1009.758907,1009.759196493,1009.759438322,10889747,-9999,237156.6,15.7,-1,-0.239491083,0.4948234,0.627012296,0.547698958,1,0.236363636,2,S1 O13,de-protonated,0,-9999,C55 H110 O13 S1,55,110,13,-9999,-9999,1,-9999,-9999
865,1009.758907,1009.759196493,1009.758925258,10889747,-9999,237156.6,15.7,-1,0.26861448,0.493496564,0.576212942,0.526583115,19,0.029411765,1.5,N2 S1 O2,de-protonated,0,-9999,C68 H102 O2 N2 S1,68,102,2,2,-9999,1,-9999,-9999
865,1009.758907,1009.759196493,1009.759927579,10889747,-9999,237156.6,15.7,-1,-0.724019355,0.454633667,0.614510218,0.518584287,5,0.086206897,1.913793103,N2 S2 P1 O5,de-protonated,0,-9999,C58 H111 O5 N2 P1 S2,58,111,5,2,1,2,-9999,-9999
865,1009.758907,1009.759196493,1009.759058199,10889747,-9999,237156.6,15.7,-1,0.136957562,0.498301142,0.618621811,0.54642941,6,0.175438596,1.877192982,N2 P1 O10,de-protonated,0,-9999,C57 H107 O10 N2 P1,57,107,10,2,1,-9999,-9999,-9999
865,1009.758907,1009.759196493,1009.758273809,10889747,-9999,237156.6,15.7,-1,0.913767753,0.429707015,0.606448844,0.500403747,10,0.066666667,1.766666667,N4 S2 O4,de-protonated,0,-9999,C60 H106 O4 N4 S2,60,106,4,4,-9999,2,-9999,-9999
866,1010.649972,1010.650261767,1010.650042775,27241416,-9999,263169.4,42.07,-1,0.21668381,0.495758416,0.610452919,0.541636217,12,0.101694915,1.661016949,N1 S2 P1 O6,de-protonated,0,-9999,C59 H98 O6 N1 P1 S2,59,98,6,1,1,2,-9999,-9999
866,1010.649972,1010.650261767,1010.650890928,27241416,-9999,263169.4,42.07,-1,-0.622531156,0.466047966,0.618621811,0.527077504,13,0.175438596,1.631578947,N3 S1 O10,de-protonated,0,-9999,C57 H93 O10 N3 S1,57,93,10,3,-9999,1,-9999,-9999
866,1010.649972,1010.650261767,1010.65102387,27241416,-9999,263169.4,42.07,-1,-0.754071762,0.450984053,0.667769153,0.537698093,0,0.391304348,2.130434783,N3 P1 O18,de-protonated,0,-9999,C46 H98 O18 N3 P1,46,98,18,3,1,-9999,-9999,-9999
867,1014.266654,1014.266944876,1014.267345762,11268724,-9999,233734.1,16.3,-1,-0.395246394,0.972052113,0,0.583231268,27,0.44,0.98,N1 O22,de-protonated,0,-9999,C50 H49 O22 N1,50,49,22,1,-9999,-9999,-9999,-9999
867,1014.266654,1014.266944876,1014.267835019,11268724,-9999,233734.1,16.3,-1,-0.877621108,0.434785544,0.635633513,0.515124732,31,0.264150943,0.943396226,N3 S1 P1 O14,de-protonated,0,-9999,C53 H50 O14 N3 P1 S1,53,50,14,3,1,1,-9999,-9999
867,1014.266654,1014.266944876,1014.266694313,11268724,-9999,233734.1,16.3,-1,0.247038743,0.988987609,0,0.593392566,18,0.571428571,1.261904762,N3 S1 O24,de-protonated,0,-9999,C42 H53 O24 N3 S1,42,53,24,3,-9999,1,-9999,-9999
868,1014.321523,1014.321813893,1014.322358716,11326093,-9999,175031.3,16.4,-1,-0.537129673,0.474498591,0.640033642,0.540712611,25,0.346153846,1.096153846,N1 S1 O18,de-protonated,0,-9999,C52 H57 O18 N1 S1,52,57,18,1,-9999,1,-9999,-9999
868,1014.321523,1014.321813893,1014.321978593,11326093,-9999,175031.3,16.4,-1,-0.162374591,0.497613719,0.631293472,0.55108562,30,0.277777778,1,N3 P1 O15,de-protonated,0,-9999,C54 H54 O15 N3 P1,54,54,15,3,1,-9999,-9999,-9999
868,1014.321523,1014.321813893,1014.321707267,11326093,-9999,175031.3,16.4,-1,0.105120538,0.997996941,0,0.598798165,16,0.454545455,1.386363636,N3 S2 O20,de-protonated,0,-9999,C44 H61 O20 N3 S2,44,61,20,3,-9999,2,-9999,-9999
868,1014.321523,1014.321813893,1014.320837887,11326093,-9999,175031.3,16.4,-1,0.96222603,0.845354244,0,0.507212546,17,0.581395349,1.325581395,N3 O25,de-protonated,0,-9999,C43 H57 O25 N3,43,57,25,3,-9999,-9999,-9999,-9999
869,1014.371765,1014.372055909,1014.371498443,9908900,-9999,255588.3,14.11,-1,0.54956748,0.473336317,0.602496955,0.525000572,32,0.14754098399999999,1,N1 S2 O9,de-protonated,0,-9999,C61 H61 O9 N1 S2,61,61,9,1,-9999,2,-9999,-9999
869,1014.371765,1014.372055909,1014.371631385,9908900,-9999,255588.3,14.11,-1,0.418509198,0.968718972,0,0.581231383,19,0.34,1.32,N1 S1 P1 O17,de-protonated,0,-9999,C50 H66 O17 N1 P1 S1,50,66,17,1,1,1,-9999,-9999
869,1014.371765,1014.372055909,1014.371118321,9908900,-9999,255588.3,14.11,-1,0.924304814,0.428199556,0.594745702,0.494818014,37,0.095238095,0.920634921,N3 S1 P1 O6,de-protonated,0,-9999,C63 H58 O6 N3 P1 S1,63,58,6,3,1,1,-9999,-9999
869,1014.371765,1014.372055909,1014.372479538,9908900,-9999,255588.3,14.11,-1,-0.417626977,0.96884864,0,0.581309184,20,0.4375,1.270833333,N3 O21,de-protonated,0,-9999,C48 H61 O21 N3,48,61,21,3,-9999,-9999,-9999,-9999
870,1014.376032,1014.37632291,1014.37650229,10023590,-9999,248428.5,14.3,-1,-0.176837695,0.994341882,0,0.596605129,24,0.358490566,1.150943396,N1 O19,de-protonated,0,-9999,C53 H61 O19 N1,53,61,19,1,-9999,-9999,-9999,-9999
870,1014.376032,1014.37632291,1014.376991547,10023590,-9999,248428.5,14.3,-1,-0.659160607,0.92418951,0,0.554513706,28,0.196428571,1.107142857,N3 S1 P1 O11,de-protonated,0,-9999,C56 H62 O11 N3 P1 S1,56,62,11,3,1,1,-9999,-9999
870,1014.376032,1014.37632291,1014.375850841,10023590,-9999,248428.5,14.3,-1,0.465378466,0.961464503,0,0.576878702,15,0.466666667,1.444444444,N3 S1 O21,de-protonated,0,-9999,C45 H65 O21 N3 S1,45,65,21,3,-9999,1,-9999,-9999
870,1014.376032,1014.37632291,1014.376853163,10023590,-9999,248428.5,14.3,-1,-0.522737601,0.951627418,0,0.570976451,1,0.685714286,2.114285714,N3 S2 P1 O24,de-protonated,0,-9999,C35 H74 O24 N3 P1 S2,35,74,24,3,1,2,-9999,-9999
871,1015.233205,1015.233496173,1015.23360328,8926251,-9999,314960,12.52,-1,-0.105499993,0.997982469,0,0.598789481,27,0.42,0.96,S1 O21,de-protonated,0,-9999,C50 H48 O21 S1,50,48,21,-9999,-9999,1,-9999,-9999
871,1015.233205,1015.233496173,1015.234092537,8926251,-9999,314960,12.52,-1,-0.587415742,0.939309559,0,0.563585735,31,0.245283019,0.924528302,N2 S2 P1 O13,de-protonated,0,-9999,C53 H49 O13 N2 P1 S2,53,49,13,2,1,2,-9999,-9999
871,1015.233205,1015.233496173,1015.233223158,8926251,-9999,314960,12.52,-1,0.268918881,0.986963826,0,0.592178296,32,0.346153846,0.865384615,N2 P1 O18,de-protonated,0,-9999,C52 H45 O18 N2 P1,52,45,18,2,1,-9999,-9999,-9999
871,1015.233205,1015.233496173,1015.232951831,8926251,-9999,314960,12.52,-1,0.536174029,0.949173818,0,0.569504291,18,0.547619048,1.238095238,N2 S2 O23,de-protonated,0,-9999,C42 H52 O23 N2 S2,42,52,23,2,-9999,2,-9999,-9999
871,1015.233205,1015.233496173,1015.232571709,8926251,-9999,314960,12.52,-1,0.910593383,0.860317581,0,0.516190548,23,0.454545455,1.113636364,N4 S1 P1 O20,de-protonated,0,-9999,C44 H49 O20 N4 P1 S1,44,49,20,4,1,1,-9999,-9999
872,1015.279446,1015.279737187,1015.279371704,18330688,-9999,280141.9,27.69,-1,0.359982867,0.488380389,0.598596236,0.532466728,39,0.193548387,0.774193548,S1 O12,de-protonated,0,-9999,C62 H48 O12 S1,62,48,12,-9999,-9999,1,-9999,-9999
872,1015.279446,1015.279737187,1015.280374026,18330688,-9999,280141.9,27.69,-1,-0.627253749,0.465549119,0.640033642,0.535342928,25,0.288461538,1.096153846,S2 P1 O15,de-protonated,0,-9999,C52 H57 O15 P1 S2,52,57,15,-9999,1,2,-9999,-9999
872,1015.279446,1015.279737187,1015.279504646,18330688,-9999,280141.9,27.69,-1,0.229041804,0.495263168,0.644495114,0.554955946,26,0.392156863,1.039215686,P1 O20,de-protonated,0,-9999,C51 H53 O20 P1,51,53,20,-9999,1,-9999,-9999,-9999
872,1015.279446,1015.279737187,1015.27923332,18330688,-9999,280141.9,27.69,-1,0.496284759,0.47814668,0.692787115,0.564002854,12,0.609756098,1.463414634,S2 O25,de-protonated,0,-9999,C41 H60 O25 S2,41,60,25,-9999,-9999,2,-9999,-9999
872,1015.279446,1015.279737187,1015.278853197,18330688,-9999,280141.9,27.69,-1,0.87068703,0.435742988,0.6825583,0.534469113,17,0.511627907,1.325581395,N2 S1 P1 O22,de-protonated,0,-9999,C43 H57 O22 N2 P1 S1,43,57,22,2,1,1,-9999,-9999
872,1015.279446,1015.279737187,1015.28057073,18330688,-9999,280141.9,27.69,-1,-0.820997599,0.442440043,0.68763467,0.540517894,17,0.5,1.333333333,N4 S2 O21,de-protonated,0,-9999,C42 H56 O21 N4 S2,42,56,21,4,-9999,2,-9999,-9999
873,1016.241296,1016.241587482,1016.24160647,12531181,-9999,228745.7,18.34,-1,-0.018684425,0.499968328,0.618621811,0.547429721,35,0.22807017500000001,0.824561404,N1 S2 O13,de-protonated,0,-9999,C57 H47 O13 N1 S2,57,47,13,1,-9999,2,-9999,-9999
873,1016.241296,1016.241587482,1016.24073709,12531181,-9999,228745.7,18.34,-1,0.836801703,0.440341692,0.622788794,0.513320533,36,0.321428571,0.767857143,N1 O18,de-protonated,0,-9999,C56 H43 O18 N1,56,43,18,1,-9999,-9999,-9999,-9999
873,1016.241296,1016.241587482,1016.241739412,12531181,-9999,228745.7,18.34,-1,-0.149501456,0.497976355,0.667769153,0.565893474,22,0.456521739,1.130434783,N1 S1 P1 O21,de-protonated,0,-9999,C46 H52 O21 N1 P1 S1,46,52,21,1,1,1,-9999,-9999
873,1016.241296,1016.241587482,1016.241226348,12531181,-9999,228745.7,18.34,-1,0.355363097,0.488673329,0.610452919,0.537385165,40,0.169491525,0.745762712,N3 S1 P1 O10,de-protonated,0,-9999,C59 H44 O10 N3 P1 S1,59,44,10,3,1,1,-9999,-9999
873,1016.241296,1016.241587482,1016.241087963,12531181,-9999,228745.7,18.34,-1,0.491535981,0.957107671,0,0.574264602,13,0.605263158,1.473684211,N3 S2 P1 O23,de-protonated,0,-9999,C38 H56 O23 N3 P1 S2,38,56,23,3,1,2,-9999,-9999
873,1016.241296,1016.241587482,1016.242587565,12531181,-9999,228745.7,18.34,-1,-0.984098484,0.838849517,0,0.50330971,23,0.568181818,1.068181818,N3 O25,de-protonated,0,-9999,C44 H47 O25 N3,44,47,25,3,-9999,-9999,-9999,-9999
874,1016.998648,1016.998939715,1016.998441053,17282874,-9999,393441.8,26,-1,0.490326916,0.478656929,0.587191358,0.522070701,2,0.030769231,2.030769231,N3 P1 O2,de-protonated,0,-9999,C65 H132 O2 N3 P1,65,132,2,3,1,-9999,-9999,-9999
874,1016.998648,1016.998939715,1016.999263493,17282874,-9999,393441.8,26,-1,-0.318366347,0.490888483,0.692787115,0.571647936,33,0.585365854,0.536585366,N4 S2 O24,de-protonated,0,-9999,C41 H22 O24 N4 S2,41,22,24,4,-9999,2,-9999,-9999
875,1017.04887,1017.04916173,1017.049567733,27637584,-9999,296168.6,42.7,-1,-0.399196917,0.485749358,0.672627142,0.560500471,31,0.533333333,0.666666667,S2 O24,de-protonated,0,-9999,C45 H30 O24 S2,45,30,24,-9999,-9999,2,-9999,-9999
875,1017.04887,1017.04916173,1017.049187611,27637584,-9999,296168.6,42.7,-1,-0.025446687,0.499941256,0.662980834,0.565157087,36,0.446808511,0.574468085,N2 S1 P1 O21,de-protonated,0,-9999,C47 H27 O21 N2 P1 S1,47,27,21,2,1,1,-9999,-9999
875,1017.04887,1017.04916173,1017.048536162,27637584,-9999,296168.6,42.7,-1,0.615081902,0.466828237,0.703327172,0.561427811,27,0.58974359,0.794871795,N4 S2 P1 O23,de-protonated,0,-9999,C39 H31 O23 N4 P1 S2,39,31,23,4,1,2,-9999,-9999
875,1017.04887,1017.04916173,1017.050035764,27637584,-9999,296168.6,42.7,-1,-0.859381222,0.437292233,0.672627142,0.531426196,37,0.555555556,0.488888889,N4 O25,de-protonated,0,-9999,C45 H22 O25 N4,45,22,25,4,-9999,-9999,-9999,-9999
876,1017.159278,1017.159569764,1017.158724261,17872768,-9999,266486.4,26.95,-1,0.831239758,0.441083588,0.658260696,0.527954431,28,0.4375,0.875,S2 O21,de-protonated,0,-9999,C48 H42 O21 S2,48,42,21,-9999,-9999,2,-9999,-9999
876,1017.159278,1017.159569764,1017.160061672,17872768,-9999,266486.4,26.95,-1,-0.483608989,0.479225522,0.653607294,0.548978231,33,0.346938776,0.775510204,N4 S2 O17,de-protonated,0,-9999,C49 H38 O17 N4 S2,49,38,17,4,-9999,2,-9999,-9999
876,1017.159278,1017.159569764,1017.159192292,17872768,-9999,266486.4,26.95,-1,0.371104272,0.487660408,0.658260696,0.555900523,34,0.458333333,0.708333333,N4 O22,de-protonated,0,-9999,C48 H34 O22 N4,48,34,22,4,-9999,-9999,-9999,-9999
876,1017.159278,1017.159569764,1017.160194613,17872768,-9999,266486.4,26.95,-1,-0.614307836,0.466908852,0.70871839,0.563632667,20,0.657894737,1.131578947,N4 S1 P1 O25,de-protonated,0,-9999,C38 H43 O25 N4 P1 S1,38,43,25,4,1,1,-9999,-9999
877,1018.877493,1018.877785291,1018.878312117,9362018,-9999,174058.1,13.23,-1,-0.517064643,0.476323255,0.569119254,0.513441655,13,0.014285714,1.671428571,N1 S1 O1,de-protonated,0,-9999,C70 H117 O1 N1 S1,70,117,1,1,-9999,1,-9999,-9999
877,1018.877493,1018.877785291,1018.878445059,9362018,-9999,174058.1,13.23,-1,-0.647543075,0.926738712,0,0.556043227,0,0.152542373,2.06779661,N1 P1 O9,de-protonated,0,-9999,C59 H122 O9 N1 P1,59,122,9,1,1,-9999,-9999,-9999
877,1018.877493,1018.877785291,1018.877660668,9362018,-9999,174058.1,13.23,-1,0.122313732,0.498644546,0.598596236,0.538625222,4,0.048387097,1.951612903,N3 S2 O3,de-protonated,0,-9999,C62 H121 O3 N3 S2,62,121,3,3,-9999,2,-9999,-9999
877,1018.877493,1018.877785291,1018.876791288,9362018,-9999,174058.1,13.23,-1,0.975586653,0.420696136,0.602496955,0.493416464,5,0.131147541,1.918032787,N3 O8,de-protonated,0,-9999,C61 H117 O8 N3,61,117,8,3,-9999,-9999,-9999,-9999
878,1018.988253,1018.988545325,1018.988043904,15579793,-9999,278378.6,23.25,-1,0.492077138,0.478507617,0.698017357,0.566311513,33,0.625,0.525,N4 S1 P1 O25,de-protonated,0,-9999,C40 H21 O25 N4 P1 S1,40,21,25,4,1,1,-9999,-9999
879,1019.033526,1019.033818339,1019.034192451,29112996,-9999,252788,45.08,-1,-0.367123873,0.487920487,0.649019222,0.55235998100000006,40,0.38,0.48,N2 S2 O19,de-protonated,0,-9999,C50 H24 O19 N2 S2,50,24,19,2,-9999,2,-9999,-9999
880,1019.084793,1019.085085355,1019.085967043,12155577,-9999,247576.1,17.73,-1,-0.865175705,0.873000104,0,0.523800062,30,0.522727273,0.75,N2 S1 P1 O23,de-protonated,0,-9999,C44 H33 O23 N2 P1 S1,44,33,23,2,1,1,-9999,-9999
880,1019.084793,1019.085085355,1019.084313273,12155577,-9999,247576.1,17.73,-1,0.757623142,0.901089904,0,0.540653942,35,0.47826087,0.608695652,N4 S1 O22,de-protonated,0,-9999,C46 H28 O22 N4 S1,46,28,22,4,-9999,1,-9999,-9999
880,1019.084793,1019.085085355,1019.085315594,12155577,-9999,247576.1,17.73,-1,-0.225927836,0.990781002,0,0.594468601,21,0.694444444,1.027777778,N4 S2 P1 O25,de-protonated,0,-9999,C36 H37 O25 N4 P1 S2,36,37,25,4,1,2,-9999,-9999
881,1019.091267,1019.091559357,1019.091707328,10107580,-9999,255658.7,14.43,-1,-0.14519937,0.996181851,0,0.597709111,34,0.416666667,0.666666667,N2 S2 O20,de-protonated,0,-9999,C48 H32 O20 N2 S2,48,32,20,2,-9999,2,-9999,-9999
881,1019.091267,1019.091559357,1019.090837948,10107580,-9999,255658.7,14.43,-1,0.707894104,0.913084831,0,0.547850898,35,0.531914894,0.595744681,N2 O25,de-protonated,0,-9999,C47 H28 O25 N2,47,28,25,2,-9999,-9999,-9999,-9999
881,1019.091267,1019.091559357,1019.091327206,10107580,-9999,255658.7,14.43,-1,0.227802003,0.990628139,0,0.594376883,39,0.34,0.58,N4 S1 P1 O17,de-protonated,0,-9999,C50 H29 O17 N4 P1 S1,50,29,17,4,1,1,-9999,-9999
882,1020.918324,1020.918616917,1020.918462853,9223600,-9999,272201.2,13,-1,0.150907592,0.497938188,0.590944388,0.535140668,2,0.046875,1.984375,N1 S2 O3,de-protonated,0,-9999,C64 H127 O3 N1 S2,64,127,3,1,-9999,2,-9999,-9999
884,1020.980912,1020.981204936,1020.982122283,17939914,-9999,267128.6,27.06,-1,-0.89849447,0.431870584,0.587191358,0.493998893,1,0.061538462,2.030769231,N1 P1 O4,de-protonated,0,-9999,C65 H132 O4 N1 P1,65,132,4,1,1,-9999,-9999,-9999
884,1020.980912,1020.981204936,1020.980468513,17939914,-9999,267128.6,27.06,-1,0.721290477,0.45495914,0.579826515,0.50490609,6,0.044776119,1.895522388,N3 O3,de-protonated,0,-9999,C67 H127 O3 N3,67,127,3,3,-9999,-9999,-9999,-9999
885,1021.685056,1021.685349152,1021.684436706,10419941,-9999,176402.7,14.93,-1,0.893080663,0.432631308,0.576212942,0.490063962,22,0.073529412,1.397058824,P1 O5,de-protonated,0,-9999,C68 H95 O5 P1,68,95,5,-9999,1,-9999,-9999,-9999
885,1021.685056,1021.685349152,1021.686154239,10419941,-9999,176402.7,14.93,-1,-0.787997784,0.446723243,0.579826515,0.499964552,22,0.059701493,1.402985075,N2 S1 O4,de-protonated,0,-9999,C67 H94 O4 N2 S1,67,94,4,2,-9999,1,-9999,-9999
885,1021.685056,1021.685349152,1021.686287181,10419941,-9999,176402.7,14.93,-1,-0.918117594,0.429086169,0.622788794,0.506567219,9,0.214285714,1.767857143,N2 P1 O12,de-protonated,0,-9999,C56 H99 O12 N2 P1,56,99,12,2,1,-9999,-9999,-9999
885,1021.685056,1021.685349152,1021.685774116,10419941,-9999,176402.7,14.93,-1,-0.415943842,0.484547658,0.572644131,0.519786247,27,0.014492754,1.31884058,N4 P1 O1,de-protonated,0,-9999,C69 H91 O1 N4 P1,69,91,1,4,1,-9999,-9999,-9999
885,1021.685056,1021.685349152,1021.68550279,10419941,-9999,176402.7,14.93,-1,-0.150376751,0.497952638,0.610452919,0.542952751,13,0.101694915,1.661016949,N4 S2 O6,de-protonated,0,-9999,C59 H98 O6 N4 S2,59,98,6,4,-9999,2,-9999,-9999
885,1021.685056,1021.685349152,1021.68463341,10419941,-9999,176402.7,14.93,-1,0.700550934,0.457399978,0.614510218,0.520244074,14,0.189655172,1.620689655,N4 O11,de-protonated,0,-9999,C58 H94 O11 N4,58,94,11,4,-9999,-9999,-9999,-9999
885,1021.685056,1021.685349152,1021.685635732,10419941,-9999,176402.7,14.93,-1,-0.280496726,0.985825326,0,0.591495195,0,0.291666667,2.145833333,N4 S1 P1 O14,de-protonated,0,-9999,C48 H103 O14 N4 P1 S1,48,103,14,4,1,1,-9999,-9999
886,1021.735887,1021.736180168,1021.736078356,12304122,-9999,243982.9,17.97,-1,0.099645663,0.499099986,0.558800271,0.5229801,25,0.01369863,1.356164384,P1 O1,de-protonated,0,-9999,C73 H99 O1 P1,73,99,1,-9999,1,-9999,-9999,-9999
886,1021.735887,1021.736180168,1021.73580703,12304122,-9999,243982.9,17.97,-1,0.365199817,0.488045248,0.594745702,0.530725429,11,0.095238095,1.682539683,S2 O6,de-protonated,0,-9999,C63 H106 O6 S2,63,106,6,-9999,-9999,2,-9999,-9999
886,1021.735887,1021.736180168,1021.735426908,12304122,-9999,243982.9,17.97,-1,0.737236108,0.453043269,0.587191358,0.506702505,16,0.046153846,1.584615385,N2 S1 P1 O3,de-protonated,0,-9999,C65 H103 O3 N2 P1 S1,65,103,3,2,1,1,-9999,-9999
886,1021.735887,1021.736180168,1021.737144441,12304122,-9999,243982.9,17.97,-1,-0.943758183,0.425385353,0.590944388,0.491608967,16,0.03125,1.59375,N4 S2 O2,de-protonated,0,-9999,C64 H102 O2 N4 S2,64,102,2,4,-9999,2,-9999,-9999
886,1021.735887,1021.736180168,1021.736275061,12304122,-9999,243982.9,17.97,-1,-0.092874182,0.499218059,0.594745702,0.537429116,17,0.111111111,1.555555556,N4 O7,de-protonated,0,-9999,C63 H98 O7 N4,63,98,7,4,-9999,-9999,-9999,-9999
887,1021.740216,1021.740509169,1021.740810877,10567420,-9999,375984.7,15.17,-1,-0.295288041,0.492151539,0.627012296,0.546095842,3,0.290909091,1.927272727,O16,de-protonated,0,-9999,C55 H106 O16,55,106,16,-9999,-9999,-9999,-9999,-9999
887,1021.740216,1021.740509169,1021.740297813,10567420,-9999,375984.7,15.17,-1,0.206859226,0.496132871,0.576212942,0.528164899,21,0.073529412,1.441176471,N2 O5,de-protonated,0,-9999,C68 H98 O5 N2,68,98,5,2,-9999,-9999,-9999,-9999
887,1021.740216,1021.740509169,1021.741300135,10567420,-9999,375984.7,15.17,-1,-0.774134502,0.448482097,0.614510218,0.514893345,7,0.137931034,1.844827586,N2 S1 P1 O8,de-protonated,0,-9999,C58 H107 O8 N2 P1 S1,58,107,8,2,1,1,-9999,-9999
887,1021.740216,1021.740509169,1021.739646364,10567420,-9999,375984.7,15.17,-1,0.844447106,0.439315876,0.606448844,0.506169063,12,0.116666667,1.7,N4 S1 O7,de-protonated,0,-9999,C60 H102 O7 N4 S1,60,102,7,4,-9999,1,-9999,-9999
888,1021.838125,1021.838418199,1021.838220952,17399586,-9999,203797.6,26.19,-1,0.193032206,0.496630883,0.562198102,0.522857771,18,0.041666667,1.527777778,O3,de-protonated,0,-9999,C72 H110 O3,72,110,3,-9999,-9999,-9999,-9999,-9999
888,1021.838125,1021.838418199,1021.839223273,17399586,-9999,203797.6,26.19,-1,-0.787867499,0.446739885,0.598596236,0.507482426,4,0.096774194,1.919354839,S1 P1 O6,de-protonated,0,-9999,C62 H119 O6 P1 S1,62,119,6,-9999,1,1,-9999,-9999
888,1021.838125,1021.838418199,1021.837569503,17399586,-9999,203797.6,26.19,-1,0.830558977,0.441174141,0.590944388,0.50108224,9,0.078125,1.78125,N2 S1 O5,de-protonated,0,-9999,C64 H114 O5 N2 S1,64,114,5,2,-9999,1,-9999,-9999
889,1021.843137,1021.843430201,1021.844094178,11714341,-9999,366352.9,17.02,-1,-0.649783612,0.463125031,0.587191358,0.512751562,9,0.123076923,1.753846154,O8,de-protonated,0,-9999,C65 H114 O8,65,114,8,-9999,-9999,-9999,-9999,-9999
889,1021.843137,1021.843430201,1021.84344273,11714341,-9999,366352.9,17.02,-1,-0.012261043,0.499986361,0.618621811,0.547440541,0,0.175438596,2.070175439,N2 S1 O10,de-protonated,0,-9999,C57 H118 O10 N2 S1,57,118,10,2,-9999,1,-9999,-9999
889,1021.843137,1021.843430201,1021.843931987,11714341,-9999,366352.9,17.02,-1,-0.491059545,0.478594487,0.606448844,0.52973623,4,0.033333333,1.983333333,N4 S2 P1 O2,de-protonated,0,-9999,C60 H119 O2 N4 P1 S2,60,119,2,4,1,2,-9999,-9999
889,1021.843137,1021.843430201,1021.843062607,11714341,-9999,366352.9,17.02,-1,0.35973592,0.488396139,0.610452919,0.537218851,5,0.118644068,1.949152542,N4 P1 O7,de-protonated,0,-9999,C59 H115 O7 N4 P1,59,115,7,4,1,-9999,-9999,-9999
890,1021.891726,1021.892019216,1021.892582457,35438392,-9999,279725.2,55.28,-1,-0.551174515,0.315456276,0.508967985,0.39286096,7,0.015151515,1.848484848,N2 S2 O1,de-protonated,0,-9999,C66 H122 O1 N2 S2,66,122,1,2,-9999,2,-9999,-9999
890,1021.891726,1021.892019216,1021.891713077,35438392,-9999,279725.2,55.28,-1,0.299580393,0.327949049,0.513784664,0.402283295,8,0.092307692,1.815384615,N2 O6,de-protonated,0,-9999,C65 H118 O6 N2,65,118,6,2,-9999,-9999,-9999,-9999
891,1021.895966,1021.896259217,1021.895735829,12500794,-9999,398004.5,18.29,-1,0.512173604,0.476758538,0.569119254,0.513702824,12,0.057142857,1.685714286,O4,de-protonated,0,-9999,C70 H118 O4,70,118,4,-9999,-9999,-9999,-9999,-9999
892,1022.609081,1022.609374436,1022.609283641,15384660,-9999,297784.7,22.94,-1,0.088787469,0.499285312,0.562198102,0.524450428,33,0.055555556,1.125,N1 O4,de-protonated,0,-9999,C72 H81 O4 N1,72,81,4,1,-9999,-9999,-9999,-9999
892,1022.609081,1022.609374436,1022.610285963,15384660,-9999,297784.7,22.94,-1,-0.891372523,0.432870651,0.598596236,0.499160885,19,0.112903226,1.451612903,N1 S1 P1 O7,de-protonated,0,-9999,C62 H90 O7 N1 P1 S1,62,90,7,1,1,1,-9999,-9999
892,1022.609081,1022.609374436,1022.609145257,15384660,-9999,297784.7,22.94,-1,0.224112331,0.49546395,0.644495114,0.555076415,6,0.333333333,1.823529412,N1 S1 O17,de-protonated,0,-9999,C51 H93 O17 N1 S1,51,93,17,1,-9999,1,-9999,-9999
892,1022.609081,1022.609374436,1022.608632192,15384660,-9999,297784.7,22.94,-1,0.725833468,0.454416746,0.590944388,0.509027803,24,0.09375,1.328125,N3 S1 O6,de-protonated,0,-9999,C64 H85 O6 N3 S1,64,85,6,3,-9999,1,-9999,-9999
892,1022.609081,1022.609374436,1022.609634514,15384660,-9999,297784.7,22.94,-1,-0.254327772,0.494166015,0.631293472,0.549016998,10,0.166666667,1.740740741,N3 S2 P1 O9,de-protonated,0,-9999,C54 H94 O9 N3 P1 S2,54,94,9,3,1,2,-9999,-9999
892,1022.609081,1022.609374436,1022.608765134,15384660,-9999,297784.7,22.94,-1,0.59583084,0.468807016,0.635633513,0.535537615,11,0.264150943,1.698113208,N3 P1 O14,de-protonated,0,-9999,C53 H90 O14 N3 P1,53,90,14,3,1,-9999,-9999,-9999
893,1022.655819,1022.65611245,1022.655916002,14139495,-9999,298431.9,20.93,-1,0.192096077,0.496663373,0.635633513,0.552251429,4,0.20754717,1.924528302,N1 S2 P1 O11,de-protonated,0,-9999,C53 H102 O11 N1 P1 S2,53,102,11,1,1,2,-9999,-9999
893,1022.655819,1022.65611245,1022.65690254,14139495,-9999,298431.9,20.93,-1,-0.772585027,0.448677166,0.562198102,0.494085541,32,0.027777778,1.180555556,N3 O2,de-protonated,0,-9999,C72 H85 O2 N3,72,85,2,3,-9999,-9999,-9999,-9999
893,1022.655819,1022.65611245,1022.656764155,14139495,-9999,298431.9,20.93,-1,-0.637266582,0.464480794,0.644495114,0.536486522,5,0.294117647,1.901960784,N3 S1 O15,de-protonated,0,-9999,C51 H97 O15 N3 S1,51,97,15,3,-9999,1,-9999,-9999
894,1022.660394,1022.660687452,1022.660786907,33865832,-9999,269494.3,52.74,-1,-0.097251775,0.499142673,0.622788794,0.548601122,9,0.232142857,1.732142857,N1 S1 O13,de-protonated,0,-9999,C56 H97 O13 N1 S1,56,97,13,1,-9999,1,-9999,-9999
894,1022.660394,1022.660687452,1022.660273843,33865832,-9999,269494.3,52.74,-1,0.404443864,0.32358523300000003,0.494873046,0.392100358,27,0.028985507,1.289855072,N3 S1 O2,de-protonated,0,-9999,C69 H89 O2 N3 S1,69,89,2,3,-9999,1,-9999,-9999
894,1022.660394,1022.660687452,1022.661276165,33865832,-9999,269494.3,52.74,-1,-0.575667565,0.313880437,0.543986559,0.405922886,13,0.084745763,1.661016949,N3 S2 P1 O5,de-protonated,0,-9999,C59 H98 O5 N3 P1 S2,59,98,5,3,1,2,-9999,-9999
894,1022.660394,1022.660687452,1022.660406785,33865832,-9999,269494.3,52.74,-1,0.274447843,0.328808654,0.549245293,0.416983309,14,0.172413793,1.620689655,N3 P1 O10,de-protonated,0,-9999,C58 H94 O10 N3 P1,58,94,10,3,1,-9999,-9999,-9999
894,1022.660394,1022.660687452,1022.660135459,33865832,-9999,269494.3,52.74,-1,0.539762022,0.47425459,0.658260696,0.547857032,0,0.3125,2.104166667,N3 S2 O15,de-protonated,0,-9999,C48 H101 O15 N3 S2,48,101,15,3,-9999,2,-9999,-9999
895,1023.74231,1023.742603784,1023.742212565,9749005,-9999,187576.1,13.85,-1,0.38214595,0.486925018,0.558800271,0.515675119,24,0.01369863,1.369863014,S1 O1,de-protonated,0,-9999,C73 H100 O1 S1,73,100,1,-9999,-9999,1,-9999,-9999
895,1023.74231,1023.742603784,1023.743214886,9749005,-9999,187576.1,13.85,-1,-0.596929631,0.468695544,0.594745702,0.519115607,10,0.063492063,1.73015873,S2 P1 O4,de-protonated,0,-9999,C63 H109 O4 P1 S2,63,109,4,-9999,1,2,-9999,-9999
895,1023.74231,1023.742603784,1023.742345506,9749005,-9999,187576.1,13.85,-1,0.252287318,0.494258713,0.598596236,0.535993722,11,0.14516129,1.693548387,P1 O9,de-protonated,0,-9999,C62 H105 O9 P1,62,105,9,-9999,1,-9999,-9999,-9999
895,1023.74231,1023.742603784,1023.741694058,9749005,-9999,187576.1,13.85,-1,0.888628348,0.866508958,0,0.519905375,2,0.203703704,2.018518519,N2 S1 P1 O11,de-protonated,0,-9999,C54 H109 O11 N2 P1 S1,54,109,11,2,1,1,-9999,-9999
895,1023.74231,1023.742603784,1023.743411591,9749005,-9999,187576.1,13.85,-1,-0.789071891,0.893171915,0,0.535903149,2,0.188679245,2.037735849,N4 S2 O10,de-protonated,0,-9999,C53 H108 O10 N4 S2,53,108,10,4,-9999,2,-9999,-9999
895,1023.74231,1023.742603784,1023.742542211,9749005,-9999,187576.1,13.85,-1,0.060144731,0.999343845,0,0.599606307,3,0.288461538,2,N4 O15,de-protonated,0,-9999,C52 H104 O15 N4,52,104,15,4,-9999,-9999,-9999,-9999
896,1024.720751,1024.721045084,1024.721825273,11993986,-9999,253450.7,17.47,-1,-0.76136688,0.450080299,0.569119254,0.497695881,25,0.014285714,1.371428571,N3 P1 O1,de-protonated,0,-9999,C70 H96 O1 N3 P1,70,96,1,3,1,-9999,-9999,-9999
896,1024.720751,1024.721045084,1024.721553947,11993986,-9999,253450.7,17.47,-1,-0.496586704,0.478120671,0.606448844,0.529451941,11,0.1,1.716666667,N3 S2 O6,de-protonated,0,-9999,C60 H103 O6 N3 S2,60,103,6,3,-9999,2,-9999,-9999
896,1024.720751,1024.721045084,1024.720684567,11993986,-9999,253450.7,17.47,-1,0.351819551,0.488895578,0.610452919,0.537518514,12,0.186440678,1.677966102,N3 O11,de-protonated,0,-9999,C59 H99 O11 N3,59,99,11,3,-9999,-9999,-9999,-9999
897,1026.631412,1026.63170667,1026.632341561,10585669,-9999,280452.3,15.19,-1,-0.618421456,0.466479436,0.562198102,0.504766902,31,0.027777778,1.194444444,N1 P1 O2,de-protonated,0,-9999,C72 H86 O2 N1 P1,72,86,2,1,1,-9999,-9999,-9999
897,1026.631412,1026.63170667,1026.632070235,10585669,-9999,280452.3,15.19,-1,-0.354133987,0.488750659,0.598596236,0.53268889,17,0.112903226,1.5,N1 S2 O7,de-protonated,0,-9999,C62 H93 O7 N1 S2,62,93,7,1,-9999,2,-9999,-9999
897,1026.631412,1026.63170667,1026.631200855,10585669,-9999,280452.3,15.19,-1,0.492693541,0.478454916,0.602496955,0.528071732,18,0.196721311,1.459016393,N1 O12,de-protonated,0,-9999,C61 H89 O12 N1,61,89,12,1,-9999,-9999,-9999,-9999
897,1026.631412,1026.63170667,1026.632203177,10585669,-9999,280452.3,15.19,-1,-0.483626986,0.958448017,0,0.57506881,4,0.294117647,1.921568627,N1 S1 P1 O15,de-protonated,0,-9999,C51 H98 O15 N1 P1 S1,51,98,15,1,1,1,-9999,-9999
897,1026.631412,1026.63170667,1026.630687791,10585669,-9999,280452.3,15.19,-1,0.99244920700000006,0.418170494,0.555443265,0.473079603,36,0.013513514,1.094594595,N3 O1,de-protonated,0,-9999,C74 H81 O1 N3,74,81,1,3,-9999,-9999,-9999,-9999
897,1026.631412,1026.63170667,1026.631690113,10585669,-9999,280452.3,15.19,-1,0.016127704,0.499976403,0.590944388,0.536363597,22,0.0625,1.40625,N3 S1 P1 O4,de-protonated,0,-9999,C64 H90 O4 N3 P1 S1,64,90,4,3,1,1,-9999,-9999
898,1027.343418,1027.343712888,1027.343900514,17712966,-9999,293147,26.69,-1,-0.182631873,0.496983082,0.587191358,0.533066393,38,0.123076923,0.876923077,S1 P1 O8,de-protonated,0,-9999,C65 H57 O8 P1 S1,65,57,8,-9999,1,1,-9999,-9999
898,1027.343418,1027.343712888,1027.342759808,17712966,-9999,293147,26.69,-1,0.927714027,0.427709268,0.631293472,0.50914295,25,0.333333333,1.111111111,S1 O18,de-protonated,0,-9999,C54 H60 O18 S1,54,60,18,-9999,-9999,1,-9999,-9999
898,1027.343418,1027.343712888,1027.34376213,17712966,-9999,293147,26.69,-1,-0.047930705,0.499791618,0.677556332,0.570897503,11,0.477272727,1.568181818,S2 P1 O21,de-protonated,0,-9999,C44 H69 O21 P1 S2,44,69,21,-9999,1,2,-9999,-9999
898,1027.343418,1027.343712888,1027.343249065,17712966,-9999,293147,26.69,-1,0.451478062,0.481845233,0.618621811,0.536555864,29,0.175438596,1.070175439,N2 S2 P1 O10,de-protonated,0,-9999,C57 H61 O10 N2 P1 S2,57,61,10,2,1,2,-9999,-9999
898,1027.343418,1027.343712888,1027.344610283,17712966,-9999,293147,26.69,-1,-0.873508725,0.435354036,0.68763467,0.53626629,12,0.595238095,1.523809524,N2 S1 O25,de-protonated,0,-9999,C42 H64 O25 N2 S1,42,64,25,2,-9999,1,-9999,-9999
898,1027.343418,1027.343712888,1027.344097219,17712966,-9999,293147,26.69,-1,-0.374100782,0.487462859,0.627012296,0.543282634,30,0.254545455,1.018181818,N4 S1 O14,de-protonated,0,-9999,C55 H56 O14 N4 S1,55,56,14,4,-9999,1,-9999,-9999
898,1027.343418,1027.343712888,1027.34423016,17712966,-9999,293147,26.69,-1,-0.503504031,0.477520885,0.677556332,0.557535064,17,0.5,1.386363636,N4 P1 O22,de-protonated,0,-9999,C44 H61 O22 N4 P1,44,61,22,4,1,-9999,-9999,-9999
899,1028.329511,1028.329806191,1028.32963363,31705250,-9999,265104.7,49.25,-1,0.167806939,0.331634529,0.51866191,0.406445481,38,0.125,0.859375,N1 S2 O8,de-protonated,0,-9999,C64 H55 O8 N1 S2,64,55,8,1,-9999,2,-9999,-9999
899,1028.329511,1028.329806191,1028.329766572,31705250,-9999,265104.7,49.25,-1,0.038527639,0.499865349,0.635633513,0.554172615,25,0.301886792,1.132075472,N1 S1 P1 O16,de-protonated,0,-9999,C53 H60 O16 N1 P1 S1,53,60,16,1,1,1,-9999,-9999
899,1028.329511,1028.329806191,1028.329115123,31705250,-9999,265104.7,49.25,-1,0.672029788,0.460660583,0.672627142,0.545447207,16,0.4,1.422222222,N3 S2 P1 O18,de-protonated,0,-9999,C45 H64 O18 N3 P1 S2,45,64,18,3,1,2,-9999,-9999
899,1028.329511,1028.329806191,1028.330614725,31705250,-9999,265104.7,49.25,-1,-0.786258856,0.446945194,0.644495114,0.525965162,26,0.392156863,1.078431373,N3 O20,de-protonated,0,-9999,C51 H55 O20 N3,51,55,20,3,-9999,-9999,-9999,-9999
900,1028.378932,1028.379227206,1028.378906299,16107699,-9999,302414.9,24.1,-1,0.312051413,0.491243207,0.598596236,0.534184419,32,0.112903226,1.032258065,N1 S2 P1 O7,de-protonated,0,-9999,C62 H64 O7 N1 P1 S2,62,64,7,1,1,2,-9999,-9999
900,1028.378932,1028.379227206,1028.379754452,16107699,-9999,302414.9,24.1,-1,-0.512695896,0.476712234,0.606448844,0.528606878,33,0.183333333,0.983333333,N3 S1 O11,de-protonated,0,-9999,C60 H59 O11 N3 S1,60,59,11,3,-9999,1,-9999,-9999
900,1028.378932,1028.379227206,1028.379887394,16107699,-9999,302414.9,24.1,-1,-0.641968807,0.463974108,0.653607294,0.539827382,20,0.387755102,1.306122449,N3 P1 O19,de-protonated,0,-9999,C49 H64 O19 N3 P1,49,64,19,3,1,-9999,-9999,-9999
900,1028.378932,1028.379227206,1028.379616068,16107699,-9999,302414.9,24.1,-1,-0.378130452,0.487194821,0.703327172,0.573647761,6,0.615384615,1.820512821,N3 S2 O24,de-protonated,0,-9999,C39 H71 O24 N3 S2,39,71,24,3,-9999,2,-9999,-9999
901,1028.543429,1028.543724257,1028.544575383,10160365,-9999,274076.7,14.51,-1,-0.827505508,0.441579611,0.558800271,0.488467875,37,0.02739726,1.02739726,N1 S1 O2,de-protonated,0,-9999,C73 H75 O2 N1 S1,73,75,2,1,-9999,1,-9999,-9999
901,1028.543429,1028.543724257,1028.544708325,10160365,-9999,274076.7,14.51,-1,-0.956757662,0.423482695,0.598596236,0.493528112,24,0.161290323,1.290322581,N1 P1 O10,de-protonated,0,-9999,C62 H80 O10 N1 P1,62,80,10,1,1,-9999,-9999,-9999
901,1028.543429,1028.543724257,1028.544436998,10160365,-9999,274076.7,14.51,-1,-0.69296167,0.9165571,0,0.54993426,10,0.288461538,1.673076923,N1 S2 O15,de-protonated,0,-9999,C52 H87 O15 N1 S2,52,87,15,1,-9999,2,-9999,-9999
901,1028.543429,1028.543724257,1028.543567619,10160365,-9999,274076.7,14.51,-1,0.152291069,0.995800581,0,0.597480349,11,0.392156863,1.62745098,N1 O20,de-protonated,0,-9999,C51 H83 O20 N1,51,83,20,1,-9999,-9999,-9999,-9999
901,1028.543429,1028.543724257,1028.543923934,10160365,-9999,274076.7,14.51,-1,-0.194136212,0.496592367,0.587191358,0.532831963,28,0.061538462,1.215384615,N3 S2 O4,de-protonated,0,-9999,C65 H79 O4 N3 S2,65,79,4,3,-9999,2,-9999,-9999
901,1028.543429,1028.543724257,1028.543054554,10160365,-9999,274076.7,14.51,-1,0.65111737,0.462979248,0.590944388,0.514165304,29,0.140625,1.171875,N3 O9,de-protonated,0,-9999,C64 H75 O9 N3,64,75,9,3,-9999,-9999,-9999,-9999
901,1028.543429,1028.543724257,1028.544056876,10160365,-9999,274076.7,14.51,-1,-0.32338853,0.98120298,0,0.588721788,15,0.222222222,1.555555556,N3 S1 P1 O12,de-protonated,0,-9999,C54 H84 O12 N3 P1 S1,54,84,12,3,1,1,-9999,-9999
901,1028.543429,1028.543724257,1028.54291617,10160365,-9999,274076.7,14.51,-1,0.785661606,0.894042674,0,0.536425605,2,0.511627907,2.023255814,N3 S1 O22,de-protonated,0,-9999,C43 H87 O22 N3 S1,43,87,22,3,-9999,1,-9999,-9999
902,1028.548835,1028.549130258,1028.549440845,14207215,-9999,251351.9,21.03,-1,-0.301966147,0.491795491,0.677556332,0.566099828,2,0.568181818,1.977272727,N1 O25,de-protonated,0,-9999,C44 H87 O25 N1,44,87,25,1,-9999,-9999,-9999,-9999
902,1028.548835,1028.549130258,1028.550068487,14207215,-9999,251351.9,21.03,-1,-0.912185922,0.429932278,0.576212942,0.488444543,33,0.058823529,1.117647059,N3 P1 O4,de-protonated,0,-9999,C68 H76 O4 N3 P1,68,76,4,3,1,-9999,-9999,-9999
902,1028.548835,1028.549130258,1028.549797161,14207215,-9999,251351.9,21.03,-1,-0.648391292,0.463276944,0.614510218,0.523770254,19,0.155172414,1.431034483,N3 S2 O9,de-protonated,0,-9999,C58 H83 O9 N3 S2,58,83,9,3,-9999,2,-9999,-9999
902,1028.548835,1028.549130258,1028.548927781,14207215,-9999,251351.9,21.03,-1,0.196857079,0.496496518,0.618621811,0.545346635,20,0.245614035,1.385964912,N3 O14,de-protonated,0,-9999,C57 H79 O14 N3,57,79,14,3,-9999,-9999,-9999,-9999
902,1028.548835,1028.549130258,1028.549930103,14207215,-9999,251351.9,21.03,-1,-0.777642814,0.448039292,0.662980834,0.534015909,6,0.361702128,1.872340426,N3 S1 P1 O17,de-protonated,0,-9999,C47 H88 O17 N3 P1 S1,47,88,17,3,1,1,-9999,-9999
903,1029.480801,1029.481096544,1029.480320618,9013808,-9999,245238.5,12.66,-1,0.753706199,0.451029159,0.587191358,0.505494039,29,0.107692308,1.138461538,S2 O7,de-protonated,0,-9999,C65 H74 O7 S2,65,74,7,-9999,-9999,2,-9999,-9999
903,1029.480801,1029.481096544,1029.48045356,9013808,-9999,245238.5,12.66,-1,0.624571324,0.93166572,0,0.558999432,16,0.277777778,1.462962963,S1 P1 O15,de-protonated,0,-9999,C54 H79 O15 P1 S1,54,79,15,-9999,1,1,-9999,-9999
903,1029.480801,1029.481096544,1029.481301713,9013808,-9999,245238.5,12.66,-1,-0.199293761,0.992819127,0,0.595691476,17,0.365384615,1.423076923,N2 O19,de-protonated,0,-9999,C52 H74 O19 N2,52,74,19,2,-9999,-9999,-9999,-9999
903,1029.480801,1029.481096544,1029.481658029,9013808,-9999,245238.5,12.66,-1,-0.545405366,0.473727897,0.583485697,0.517631017,34,0.045454545,1.060606061,N4 S2 O3,de-protonated,0,-9999,C66 H70 O3 N4 S2,66,70,3,4,-9999,2,-9999,-9999
903,1029.480801,1029.481096544,1029.480788649,9013808,-9999,245238.5,12.66,-1,0.299077994,0.491950421,0.587191358,0.530046796,35,0.123076923,1.015384615,N4 O8,de-protonated,0,-9999,C65 H66 O8 N4,65,66,8,4,-9999,-9999,-9999,-9999
903,1029.480801,1029.481096544,1029.481790971,9013808,-9999,245238.5,12.66,-1,-0.674539906,0.920756289,0,0.552453773,21,0.2,1.363636364,N4 S1 P1 O11,de-protonated,0,-9999,C55 H75 O11 N4 P1 S1,55,75,11,4,1,1,-9999,-9999
903,1029.480801,1029.481096544,1029.480650265,9013808,-9999,245238.5,12.66,-1,0.433499629,0.966476605,0,0.579885963,8,0.477272727,1.772727273,N4 S1 O21,de-protonated,0,-9999,C44 H78 O21 N4 S1,44,78,21,4,-9999,1,-9999,-9999
904,1029.533141,1029.53343656,1029.534464193,10078785,-9999,213047.7,14.37,-1,-0.998152435,0.417309966,0.583485697,0.483780259,28,0.121212121,1.181818182,S1 O8,de-protonated,0,-9999,C66 H78 O8 S1,66,78,8,-9999,-9999,1,-9999,-9999
904,1029.533141,1029.53343656,1029.534325808,10078785,-9999,213047.7,14.37,-1,-0.863737983,0.873393939,0,0.524036363,1,0.466666667,2,S2 O21,de-protonated,0,-9999,C45 H90 O21 S2,45,90,21,-9999,-9999,2,-9999,-9999
904,1029.533141,1029.53343656,1029.53408407,10078785,-9999,213047.7,14.37,-1,-0.628934799,0.465370769,0.576212942,0.509707638,33,0.073529412,1.102941176,N2 P1 O5,de-protonated,0,-9999,C68 H75 O5 N2 P1,68,75,5,2,1,-9999,-9999,-9999
904,1029.533141,1029.53343656,1029.533812744,10078785,-9999,213047.7,14.37,-1,-0.365392227,0.4880328,0.614510218,0.538623767,19,0.172413793,1.413793103,N2 S2 O10,de-protonated,0,-9999,C58 H82 O10 N2 S2,58,82,10,2,-9999,2,-9999,-9999
904,1029.533141,1029.53343656,1029.532943364,10078785,-9999,213047.7,14.37,-1,0.479048505,0.479607422,0.618621811,0.535213178,20,0.263157895,1.368421053,N2 O15,de-protonated,0,-9999,C57 H78 O15 N2,57,78,15,2,-9999,-9999,-9999,-9999
904,1029.533141,1029.53343656,1029.533945686,10078785,-9999,213047.7,14.37,-1,-0.494520248,0.956596768,0,0.573958061,6,0.382978723,1.85106383,N2 S1 P1 O18,de-protonated,0,-9999,C47 H87 O18 N2 P1 S1,47,87,18,2,1,1,-9999,-9999
904,1029.533141,1029.53343656,1029.5324303,10078785,-9999,213047.7,14.37,-1,0.9773956,0.420426544,0.569119254,0.479903628,38,0.057142857,1,N4 O4,de-protonated,0,-9999,C70 H70 O4 N4,70,70,4,4,-9999,-9999,-9999,-9999
904,1029.533141,1029.53343656,1029.533432621,10078785,-9999,213047.7,14.37,-1,0.003825877,0.499998672,0.606448844,0.542578741,24,0.116666667,1.316666667,N4 S1 P1 O7,de-protonated,0,-9999,C60 H79 O7 N4 P1 S1,60,79,7,4,1,1,-9999,-9999
905,1030.521745,1030.522040864,1030.521470956,11225998,-9999,217735.1,16.22,-1,0.553028038,0.473008723,0.587191358,0.518681777,28,0.092307692,1.2,N1 S1 P1 O6,de-protonated,0,-9999,C65 H78 O6 N1 P1 S1,65,78,6,1,1,1,-9999,-9999
905,1030.521745,1030.522040864,1030.521332572,11225998,-9999,217735.1,16.22,-1,0.687313959,0.917854455,0,0.550712673,1,0.431818182,2.045454545,N1 S2 P1 O19,de-protonated,0,-9999,C44 H90 O19 N1 P1 S2,44,90,19,1,1,2,-9999,-9999
905,1030.521745,1030.522040864,1030.522832174,11225998,-9999,217735.1,16.22,-1,-0.767872509,0.89853712,0,0.539122272,11,0.42,1.62,N1 O21,de-protonated,0,-9999,C50 H81 O21 N1,50,81,21,1,-9999,-9999,-9999,-9999
905,1030.521745,1030.522040864,1030.522319109,11225998,-9999,217735.1,16.22,-1,-0.270004732,0.493429517,0.594745702,0.533955991,29,0.158730159,1.158730159,N3 O10,de-protonated,0,-9999,C63 H73 O10 N3,63,73,10,3,-9999,-9999,-9999,-9999
905,1030.521745,1030.522040864,1030.522180725,11225998,-9999,217735.1,16.22,-1,-0.135719032,0.996663357,0,0.597998014,2,0.547619048,2.023809524,N3 S1 O23,de-protonated,0,-9999,C42 H85 O23 N3 S1,42,85,23,3,-9999,1,-9999,-9999
906,1031.235983,1031.236279083,1031.235531832,10726522,-9999,165894.3,15.42,-1,0.724616448,0.454562318,0.631293472,0.52525478,31,0.314814815,0.907407407,S1 P1 O17,de-protonated,0,-9999,C54 H49 O17 P1 S1,54,49,17,-9999,1,1,-9999,-9999
906,1031.235983,1031.236279083,1031.237249365,10726522,-9999,165894.3,15.42,-1,-0.940891935,0.851605009,0,0.510963006,31,0.301886792,0.905660377,N2 S2 O16,de-protonated,0,-9999,C53 H48 O16 N2 S2,53,48,16,2,-9999,2,-9999,-9999
906,1031.235983,1031.236279083,1031.236379986,10726522,-9999,165894.3,15.42,-1,-0.097846569,0.998264327,0,0.598958596,32,0.403846154,0.846153846,N2 O21,de-protonated,0,-9999,C52 H44 O21 N2,52,44,21,2,-9999,-9999,-9999,-9999
906,1031.235983,1031.236279083,1031.236869243,10726522,-9999,165894.3,15.42,-1,-0.572283933,0.471152603,0.627012296,0.53349648,36,0.236363636,0.818181818,N4 S1 P1 O13,de-protonated,0,-9999,C55 H45 O13 N4 P1 S1,55,45,13,4,1,1,-9999,-9999
906,1031.235983,1031.236279083,1031.2357285370001,10726522,-9999,165894.3,15.42,-1,0.533869923,0.949598536,0,0.569759122,23,0.522727273,1.090909091,N4 S1 O23,de-protonated,0,-9999,C44 H48 O23 N4 S1,44,48,23,4,-9999,1,-9999,-9999
907,1033.12105,1033.121346661,1033.120896001,28397270,-9999,222135.5,43.92,-1,0.436212479,0.483031467,0.631293472,0.542336269,38,0.333333333,0.648148148,S1 P1 O18,de-protonated,0,-9999,C54 H35 O18 P1 S1,54,35,18,-9999,1,1,-9999,-9999
907,1033.12105,1033.121346661,1033.121744154,28397270,-9999,222135.5,43.92,-1,-0.384749372,0.486748651,0.640033642,0.548062647,39,0.423076923,0.576923077,N2 O22,de-protonated,0,-9999,C52 H30 O22 N2,52,30,22,2,-9999,-9999,-9999,-9999
907,1033.12105,1033.121346661,1033.121092705,28397270,-9999,222135.5,43.92,-1,0.245814105,0.494547963,0.677556332,0.56775131,30,0.545454545,0.772727273,N4 S1 O24,de-protonated,0,-9999,C44 H34 O24 N4 S1,44,34,24,4,-9999,1,-9999,-9999
908,1034.008169,1034.008465933,1034.00826366,30724072,-9999,236220.6,47.67,-1,0.195620042,0.331026839,0.485764205,0.392921785,5,0.014084507,1.887323944,S1 O1,de-protonated,0,-9999,C71 H134 O1 S1,71,134,1,-9999,-9999,1,-9999,-9999
909,1034.012339,1034.012635934,1034.011634964,16863210,-9999,263294,25.31,-1,0.968045876,0.421816425,0.576212942,0.483575032,0,0.014705882,2.029411765,S2 O1,de-protonated,0,-9999,C68 H138 O1 S2,68,138,1,-9999,-9999,2,-9999,-9999
909,1034.012339,1034.012635934,1034.012102994,16863210,-9999,263294,25.31,-1,0.515409876,0.476470941,0.576212942,0.516367742,6,0.029411765,1.911764706,N4 O2,de-protonated,0,-9999,C68 H130 O2 N4,68,130,2,4,-9999,-9999,-9999,-9999
910,1034.337831,1034.338128034,1034.337829332,16257101,-9999,176686,24.34,-1,0.28878565,0.492490807,0.622788794,0.544610002,27,0.214285714,1.107142857,N1 S2 P1 O12,de-protonated,0,-9999,C56 H62 O12 N1 P1 S2,56,62,12,1,1,2,-9999,-9999
910,1034.337831,1034.338128034,1034.338677486,16257101,-9999,176686,24.34,-1,-0.531210192,0.475043384,0.631293472,0.537543419,28,0.296296296,1.055555556,N3 S1 O16,de-protonated,0,-9999,C54 H57 O16 N3 S1,54,57,16,3,-9999,1,-9999,-9999
910,1034.337831,1034.338128034,1034.338810427,16257101,-9999,176686,24.34,-1,-0.659738348,0.46203087,0.6825583,0.550241842,15,0.558139535,1.441860465,N3 P1 O24,de-protonated,0,-9999,C43 H62 O24 N3 P1,43,62,24,3,1,-9999,-9999,-9999
911,1035.948013,1035.948310528,1035.947771403,11588141,-9999,426551.6,16.81,-1,0.520417601,0.476022698,0.562198102,0.51049286,11,0.041666667,1.722222222,O3,de-protonated,0,-9999,C72 H124 O3,72,124,3,-9999,-9999,-9999,-9999,-9999
911,1035.948013,1035.948310528,1035.949216042,11588141,-9999,426551.6,16.81,-1,-0.874090797,0.870547377,0,0.522328426,33,0.625,0.5,N3 S2 P1 O25,de-protonated,0,-9999,C40 H20 O25 N3 P1 S2,40,20,25,3,1,2,-9999,-9999
912,1035.952944,1035.95324153,1035.95364463,40030764,-9999,255412.5,62.68,-1,-0.389109884,0.324300475,0.513784664,0.400094151,2,0.123076923,1.969230769,O8,de-protonated,0,-9999,C65 H128 O8,65,128,8,-9999,-9999,-9999,-9999,-9999
912,1035.952944,1035.95324153,1035.953238794,40030764,-9999,255412.5,62.68,-1,0.002640889,0.499999367,0.672627142,0.569050477,37,0.511111111,0.444444444,N1 S2 P1 O23,de-protonated,0,-9999,C45 H20 O23 N1 P1 S2,45,20,23,1,1,2,-9999,-9999
913,1035.957802,1035.958099531,1035.959004792,8704559,-9999,485699.9,12.15,-1,-0.873838471,0.435308524,0.565637507,0.487440117,11,0.028169014,1.746478873,N2 O2,de-protonated,0,-9999,C71 H124 O2 N2,71,124,2,2,-9999,-9999,-9999,-9999
913,1035.957802,1035.958099531,1035.958353344,8704559,-9999,485699.9,12.15,-1,-0.245002274,0.98916744,0,0.593500464,2,0.063492063,2.031746032,N4 S1 O4,de-protonated,0,-9999,C63 H128 O4 N4 S1,63,128,4,4,-9999,1,-9999,-9999
914,1037.005339,1037.005636853,1037.006654092,9769821,-9999,292841.3,13.87,-1,-0.980938327,0.839795235,0,0.503877141,40,0.44,0.46,S1 P1 O22,de-protonated,0,-9999,C50 H23 O22 P1 S1,50,23,22,-9999,1,1,-9999,-9999
914,1037.005339,1037.005636853,1037.006002644,9769821,-9999,292841.3,13.87,-1,-0.352737488,0.977676419,0,0.586605852,31,0.571428571,0.642857143,N2 S2 P1 O24,de-protonated,0,-9999,C42 H27 O24 N2 P1 S2,42,27,24,2,1,2,-9999,-9999
915,1037.06119,1037.06148787,1037.061667046,10654573,-9999,289782.6,15.3,-1,-0.172773137,0.994598298,0,0.596758979,38,0.346153846,0.596153846,S2 P1 O18,de-protonated,0,-9999,C52 H31 O18 P1 S2,52,31,18,-9999,1,2,-9999,-9999
915,1037.06119,1037.06148787,1037.060797666,10654573,-9999,289782.6,15.3,-1,0.6655381,0.922773882,0,0.553664329,39,0.450980392,0.529411765,P1 O23,de-protonated,0,-9999,C51 H27 O23 P1,51,27,23,-9999,1,-9999,-9999,-9999
915,1037.06119,1037.06148787,1037.062515199,10654573,-9999,289782.6,15.3,-1,-0.990614888,0.836893183,0,0.50213591,39,0.44,0.52,N2 S1 O22,de-protonated,0,-9999,C50 H26 O22 N2 S1,50,26,22,2,-9999,1,-9999,-9999
915,1037.06119,1037.06148787,1037.061863751,10654573,-9999,289782.6,15.3,-1,-0.362447893,0.976445212,0,0.585867127,30,0.571428571,0.714285714,N4 S2 O24,de-protonated,0,-9999,C42 H30 O24 N4 S2,42,30,24,4,-9999,2,-9999,-9999
916,1037.904604,1037.904902129,1037.90590659,10097753,-9999,223087.3,14.4,-1,-0.967776845,0.421856288,0.555443265,0.475291079,16,0.027027027,1.594594595,O2,de-protonated,0,-9999,C74 H118 O2,74,118,2,-9999,-9999,-9999,-9999,-9999
916,1037.904604,1037.904902129,1037.905255141,10097753,-9999,223087.3,14.4,-1,-0.340120277,0.489614226,0.583485697,0.527162815,7,0.060606061,1.848484848,N2 S1 O4,de-protonated,0,-9999,C66 H122 O4 N2 S1,66,122,4,2,-9999,1,-9999,-9999
916,1037.904604,1037.904902129,1037.904875019,10097753,-9999,223087.3,14.4,-1,0.026119828,0.499938108,0.576212942,0.530448041,12,0.014705882,1.75,N4 P1 O1,de-protonated,0,-9999,C68 H119 O1 N4 P1,68,119,1,4,1,-9999,-9999,-9999
917,1038.008957,1038.009255161,1038.010145273,12014710,-9999,274108.1,17.49,-1,-0.857517965,0.437546136,0.653607294,0.523970599,40,0.489795918,0.428571429,N1 S1 O24,de-protonated,0,-9999,C49 H21 O24 N1 S1,49,21,24,1,-9999,1,-9999,-9999
917,1038.008957,1038.009255161,1038.008671384,12014710,-9999,274108.1,17.49,-1,0.562400295,0.472112333,0.587191358,0.518143943,0,0.061538462,2.076923077,N2 P1 O4,de-protonated,0,-9999,C65 H135 O4 N2 P1,65,135,4,2,1,-9999,-9999,-9999
918,1038.064374,1038.064672178,1038.065158227,26072196,-9999,170057.5,40.16,-1,-0.4682262,0.480500397,0.644495114,0.546098284,38,0.392156863,0.568627451,N1 S2 O20,de-protonated,0,-9999,C51 H29 O20 N1 S2,51,29,20,1,-9999,2,-9999,-9999
918,1038.064374,1038.064672178,1038.064288847,26072196,-9999,170057.5,40.16,-1,0.369274398,0.487780303,0.649019222,0.552275871,39,0.5,0.5,N1 O25,de-protonated,0,-9999,C50 H25 O25 N1,50,25,25,1,-9999,-9999,-9999,-9999
919,1038.232976,1038.233274229,1038.233951433,32724148,-9999,155961.9,50.89,-1,-0.652265288,0.462853576,0.649019222,0.537319834,30,0.4,0.92,N3 P1 O20,de-protonated,0,-9999,C50 H46 O20 N3 P1,50,46,20,3,1,-9999,-9999,-9999
919,1038.232976,1038.233274229,1038.233680107,32724148,-9999,155961.9,50.89,-1,-0.390931073,0.486325339,0.698017357,0.571002146,16,0.625,1.325,N3 S2 O25,de-protonated,0,-9999,C40 H53 O25 N3 S2,40,53,25,3,-9999,2,-9999,-9999
920,1038.849978,1038.850276419,1038.850383291,27514204,-9999,306744.8,42.49,-1,-0.102875919,0.33269383,0.494873046,0.397565516,12,0.014492754,1.695652174,N1 S2 O1,de-protonated,0,-9999,C69 H117 O1 N1 S2,69,117,1,1,-9999,2,-9999,-9999
920,1038.849978,1038.850276419,1038.849513912,27514204,-9999,306744.8,42.49,-1,0.733991952,0.302290527,0.499512996,0.381179515,13,0.088235294,1.661764706,N1 O6,de-protonated,0,-9999,C68 H113 O6 N1,68,113,6,1,-9999,-9999,-9999,-9999
921,1038.854544,1038.85484242,1038.855387138,41801052,-9999,292034.9,65.53,-1,-0.524344575,0.317112307,0.533665548,0.403733603,4,0.180327869,1.918032787,N1 O11,de-protonated,0,-9999,C61 H117 O11 N1,61,117,11,1,-9999,-9999,-9999,-9999
921,1038.854544,1038.85484242,1038.855876396,41801052,-9999,292034.9,65.53,-1,-0.995302197,0.278493611,0.51866191,0.374560931,8,0.046875,1.84375,N3 S1 P1 O3,de-protonated,0,-9999,C64 H118 O3 N3 P1 S1,64,118,3,3,1,1,-9999,-9999
922,1039.069475,1039.069773486,1039.070303178,13784470,-9999,286676.7,20.35,-1,-0.509774847,0.476970649,0.658260696,0.549486668,33,0.479166667,0.666666667,S2 O23,de-protonated,0,-9999,C48 H32 O23 S2,48,32,23,-9999,-9999,2,-9999,-9999
922,1039.069475,1039.069773486,1039.069923055,13784470,-9999,286676.7,20.35,-1,-0.143945447,0.498123695,0.649019222,0.558481905,38,0.4,0.58,N2 S1 P1 O20,de-protonated,0,-9999,C50 H29 O20 N2 P1 S1,50,29,20,2,1,1,-9999,-9999
922,1039.069475,1039.069773486,1039.069271607,13784470,-9999,286676.7,20.35,-1,0.483008505,0.479275997,0.68763467,0.562619466,29,0.523809524,0.785714286,N4 S2 P1 O22,de-protonated,0,-9999,C42 H33 O22 N4 P1 S2,42,33,22,4,1,2,-9999,-9999
922,1039.069475,1039.069773486,1039.070771209,13784470,-9999,286676.7,20.35,-1,-0.960206545,0.422974979,0.658260696,0.517089266,39,0.5,0.5,N4 O24,de-protonated,0,-9999,C48 H24 O24 N4,48,24,24,4,-9999,-9999,-9999,-9999
923,1040.189555,1040.18985383,1040.189964819,12900029,-9999,241758,18.92,-1,-0.10670147,0.498968151,0.631293472,0.551898279,34,0.314814815,0.796296296,N1 S2 O17,de-protonated,0,-9999,C54 H43 O17 N1 S2,54,43,17,1,-9999,2,-9999,-9999
923,1040.189555,1040.18985383,1040.18909544,12900029,-9999,241758,18.92,-1,0.729088658,0.454026411,0.635633513,0.526669252,35,0.41509434,0.735849057,N1 O22,de-protonated,0,-9999,C53 H39 O22 N1,53,39,22,1,-9999,-9999,-9999,-9999
923,1040.189555,1040.18985383,1040.190097761,12900029,-9999,241758,18.92,-1,-0.234506682,0.990071143,0,0.594042686,21,0.581395349,1.11627907,N1 S1 P1 O25,de-protonated,0,-9999,C43 H48 O25 N1 P1 S1,43,48,25,1,1,1,-9999,-9999
923,1040.189555,1040.18985383,1040.189584697,12900029,-9999,241758,18.92,-1,0.258734298,0.493963338,0.622788794,0.545493521,39,0.25,0.714285714,N3 S1 P1 O14,de-protonated,0,-9999,C56 H40 O14 N3 P1 S1,56,40,14,3,1,1,-9999,-9999
924,1040.813125,1040.813424021,1040.814391705,11687774,-9999,266170.8,16.96,-1,-0.929737532,0.427417676,0.590944388,0.492828361,8,0.078125,1.796875,N1 S2 O5,de-protonated,0,-9999,C64 H115 O5 N1 S2,64,115,5,1,-9999,2,-9999,-9999
924,1040.813125,1040.813424021,1040.813522325,11687774,-9999,266170.8,16.96,-1,-0.094449516,0.499191329,0.594745702,0.537413078,9,0.158730159,1.761904762,N1 O10,de-protonated,0,-9999,C63 H111 O10 N1,63,111,10,1,-9999,-9999,-9999,-9999
924,1040.813125,1040.813424021,1040.814011583,11687774,-9999,266170.8,16.96,-1,-0.564521305,0.471907622,0.583485697,0.516538852,13,0.03030303,1.696969697,N3 S1 P1 O2,de-protonated,0,-9999,C66 H112 O2 N3 P1 S1,66,112,2,3,1,1,-9999,-9999
924,1040.813125,1040.813424021,1040.812870877,11687774,-9999,266170.8,16.96,-1,0.531454176,0.475021036,0.627012296,0.53581754,0,0.218181818,2.090909091,N3 S1 O12,de-protonated,0,-9999,C55 H115 O12 N3 S1,55,115,12,3,-9999,1,-9999,-9999
925,1040.920809,1040.921108054,1040.92017693,51959672,-9999,227294.2,81.91,-1,0.89452018,0.288286235,0.49029038,0.369087893,10,0.028571429,1.757142857,N1 S1 O2,de-protonated,0,-9999,C70 H123 O2 N1 S1,70,123,2,1,-9999,1,-9999,-9999
926,1040.977765,1040.978064072,1040.977691807,28366728,-9999,285492,43.86,-1,0.357610131,0.32568753,0.499512996,0.395217716,4,0.044117647,1.926470588,N1 S1 O3,de-protonated,0,-9999,C68 H131 O3 N1 S1,68,131,3,1,-9999,1,-9999,-9999
926,1040.977765,1040.978064072,1040.978134125,28366728,-9999,285492,43.86,-1,-0.067295709,0.499589304,0.667769153,0.566861244,40,0.47826087,0.391304348,N4 S2 O22,de-protonated,0,-9999,C46 H18 O22 N4 S2,46,18,22,4,-9999,2,-9999,-9999
927,1041.766992,1041.767291314,1041.768166332,10934349,-9999,219993.6,15.75,-1,-0.839935477,0.439922059,0.583485697,0.497347515,14,0.106060606,1.621212121,P1 O7,de-protonated,0,-9999,C66 H107 O7 P1,66,107,7,-9999,1,-9999,-9999,-9999
927,1041.766992,1041.767291314,1041.767895006,10934349,-9999,219993.6,15.75,-1,-0.579487893,0.470443799,0.622788794,0.531381797,0,0.214285714,2.035714286,S2 O12,de-protonated,0,-9999,C56 H114 O12 S2,56,114,12,-9999,-9999,2,-9999,-9999
927,1041.766992,1041.767291314,1041.767025626,10934349,-9999,219993.6,15.75,-1,0.255035897,0.494133674,0.627012296,0.547285123,1,0.309090909,2,O17,de-protonated,0,-9999,C55 H110 O17,55,110,17,-9999,-9999,-9999,-9999,-9999
927,1041.766992,1041.767291314,1041.767381941,10934349,-9999,219993.6,15.75,-1,-0.086994116,0.499313872,0.572644131,0.528645975,18,0.014492754,1.536231884,N2 S2 O1,de-protonated,0,-9999,C69 H106 O1 N2 S2,69,106,1,2,-9999,2,-9999,-9999
927,1041.766992,1041.767291314,1041.766512561,10934349,-9999,219993.6,15.75,-1,0.747530496,0.45178854,0.576212942,0.501558301,19,0.088235294,1.5,N2 O6,de-protonated,0,-9999,C68 H102 O6 N2,68,102,6,2,-9999,-9999,-9999,-9999
927,1041.766992,1041.767291314,1041.767514883,10934349,-9999,219993.6,15.75,-1,-0.21460581,0.495839041,0.614510218,0.543307512,5,0.155172414,1.913793103,N2 S1 P1 O9,de-protonated,0,-9999,C58 H111 O9 N2 P1 S1,58,111,9,2,1,1,-9999,-9999
928,1041.773399,1041.773698316,1041.773906617,16242767,-9999,232807.4,24.31,-1,-0.199948487,0.49638602,0.569119254,0.525479314,18,0.057142857,1.514285714,S1 O4,de-protonated,0,-9999,C70 H106 O4 S1,70,106,4,-9999,-9999,1,-9999,-9999
928,1041.773399,1041.773698316,1041.774039558,16242767,-9999,232807.4,24.31,-1,-0.327559368,0.490359863,0.610452919,0.538397085,5,0.203389831,1.881355932,P1 O12,de-protonated,0,-9999,C59 H111 O12 P1,59,111,12,-9999,1,-9999,-9999,-9999
928,1041.773399,1041.773698316,1041.773526494,16242767,-9999,232807.4,24.31,-1,0.164931628,0.497538157,0.562198102,0.523402135,23,0.013888889,1.430555556,N2 P1 O1,de-protonated,0,-9999,C72 H103 O1 N2 P1,72,103,1,2,1,-9999,-9999,-9999
928,1041.773399,1041.773698316,1041.773255168,16242767,-9999,232807.4,24.31,-1,0.425378134,0.483850311,0.598596236,0.529748681,9,0.096774194,1.774193548,N2 S2 O6,de-protonated,0,-9999,C62 H110 O6 N2 S2,62,110,6,2,-9999,2,-9999,-9999
928,1041.773399,1041.773698316,1041.772875046,16242767,-9999,232807.4,24.31,-1,0.790258705,0.446434098,0.590944388,0.504238214,14,0.046875,1.671875,N4 S1 P1 O3,de-protonated,0,-9999,C64 H107 O3 N4 P1 S1,64,107,3,4,1,1,-9999,-9999
929,1041.935563,1041.935862365,1041.934837737,10229879,-9999,228815.3,14.61,-1,0.98338992,0.419530868,0.579826515,0.483649127,5,0.074626866,1.895522388,P1 O5,de-protonated,0,-9999,C67 H127 O5 P1,67,127,5,-9999,1,-9999,-9999,-9999
929,1041.935563,1041.935862365,1041.93655527,10229879,-9999,228815.3,14.61,-1,-0.66501633,0.461445066,0.583485697,0.510261318,5,0.060606061,1.909090909,N2 S1 O4,de-protonated,0,-9999,C66 H126 O4 N2 S1,66,126,4,2,-9999,1,-9999,-9999
929,1041.935563,1041.935862365,1041.936175148,10229879,-9999,228815.3,14.61,-1,-0.300193343,0.491890761,0.576212942,0.525619633,10,0.014705882,1.808823529,N4 P1 O1,de-protonated,0,-9999,C68 H123 O1 N4 P1,68,123,1,4,1,-9999,-9999,-9999
930,1042.155399,1042.155698433,1042.156095034,9148589,-9999,189579.3,12.87,-1,-0.380558554,0.974063997,0,0.584438398,31,0.489361702,0.808510638,N3 P1 O23,de-protonated,0,-9999,C47 H38 O23 N3 P1,47,38,23,3,1,-9999,-9999,-9999
931,1042.210595,1042.21089445,1042.211759437,15423674,-9999,198087.9,22.99,-1,-0.829953332,0.441254654,0.618621811,0.512201517,38,0.298245614,0.736842105,N1 P1 O17,de-protonated,0,-9999,C57 H42 O17 N1 P1,57,42,17,1,1,-9999,-9999,-9999
931,1042.210595,1042.21089445,1042.211488111,15423674,-9999,198087.9,22.99,-1,-0.569616598,0.471413063,0.662980834,0.548040171,24,0.468085106,1.042553191,N1 S2 O22,de-protonated,0,-9999,C47 H49 O22 N1 S2,47,49,22,1,-9999,2,-9999,-9999
931,1042.210595,1042.21089445,1042.211107988,15423674,-9999,198087.9,22.99,-1,-0.204889816,0.496205876,0.653607294,0.559166443,29,0.387755102,0.93877551,N3 S1 P1 O19,de-protonated,0,-9999,C49 H46 O19 N3 P1 S1,49,46,19,3,1,1,-9999,-9999
932,1043.746212,1043.746511921,1043.747430887,45341224,-9999,267045,71.24,-1,-0.880448555,0.28959571,0.513784664,0.379271291,14,0.123076923,1.615384615,P1 O8,de-protonated,0,-9999,C65 H105 O8 P1,65,105,8,-9999,1,-9999,-9999,-9999
932,1043.746212,1043.746511921,1043.747159561,45341224,-9999,267045,71.24,-1,-0.620494869,0.310841373,0.565425266,0.41267493,0,0.236363636,2.036363636,S2 O13,de-protonated,0,-9999,C55 H112 O13 S2,55,112,13,-9999,-9999,2,-9999,-9999
932,1043.746212,1043.746511921,1043.746290181,45341224,-9999,267045,71.24,-1,0.212446372,0.330614678,0.570956251,0.426751307,1,0.333333333,2,O18,de-protonated,0,-9999,C54 H108 O18,54,108,18,-9999,-9999,-9999,-9999,-9999
932,1043.746212,1043.746511921,1043.746646496,45341224,-9999,267045,71.24,-1,-0.128935032,0.332329366,0.499512996,0.399202818,18,0.029411765,1.529411765,N2 S2 O2,de-protonated,0,-9999,C68 H104 O2 N2 S2,68,104,2,2,-9999,2,-9999,-9999
932,1043.746212,1043.746511921,1043.745777117,45341224,-9999,267045,71.24,-1,0.704007028,0.304664851,0.504211037,0.384483325,19,0.104477612,1.492537313,N2 O7,de-protonated,0,-9999,C67 H100 O7 N2,67,100,7,2,-9999,-9999,-9999,-9999
932,1043.746212,1043.746511921,1043.746779438,45341224,-9999,267045,71.24,-1,-0.25630473,0.32938367,0.554570712,0.419458487,5,0.175438596,1.912280702,N2 S1 P1 O10,de-protonated,0,-9999,C57 H109 O10 N2 P1 S1,57,109,10,2,1,1,-9999,-9999
933,1043.906674,1043.90697397,1043.907957739,12982862,-9999,246644.9,19.05,-1,-0.942390763,0.425584474,0.594745702,0.493248965,0,0.095238095,2.031746032,S2 O6,de-protonated,0,-9999,C63 H128 O6 S2,63,128,6,-9999,-9999,2,-9999,-9999
933,1043.906674,1043.90697397,1043.907088359,12982862,-9999,246644.9,19.05,-1,-0.109578091,0.498911826,0.598596236,0.53878559,1,0.177419355,2,O11,de-protonated,0,-9999,C62 H124 O11,62,124,11,-9999,-9999,-9999,-9999,-9999
933,1043.906674,1043.90697397,1043.907577617,12982862,-9999,246644.9,19.05,-1,-0.578256839,0.470565475,0.587191358,0.517215828,5,0.046153846,1.923076923,N2 S1 P1 O3,de-protonated,0,-9999,C65 H125 O3 N2 P1 S1,65,125,3,2,1,1,-9999,-9999
934,1043.957214,1043.957513986,1043.958324174,19618394,-9999,248918.6,29.75,-1,-0.776073931,0.448237504,0.662980834,0.534134836,39,0.468085106,0.425531915,N1 S2 P1 O22,de-protonated,0,-9999,C47 H20 O22 N1 P1 S2,47,20,22,1,1,2,-9999,-9999
934,1043.957214,1043.957513986,1043.957698439,19618394,-9999,248918.6,29.75,-1,-0.176686546,0.497175762,0.602496955,0.539304239,0,0.098360656,2.114754098,N4 P1 O6,de-protonated,0,-9999,C61 H129 O6 N4 P1,61,129,6,4,1,-9999,-9999,-9999
935,1043.961203,1043.961502987,1043.961721191,22305370,-9999,210442.5,34.09,-1,-0.209015381,0.496052155,0.583485697,0.531025572,4,0.060606061,1.954545455,N2 P1 O4,de-protonated,0,-9999,C66 H129 O4 N2 P1,66,129,4,2,1,-9999,-9999,-9999
936,1044.923727,1044.924027282,1044.924607406,13867830,-9999,235916.3,20.48,-1,-0.555182254,0.472803871,0.572644131,0.512739975,9,0.043478261,1.797101449,N1 P1 O3,de-protonated,0,-9999,C69 H124 O3 N1 P1,69,124,3,1,1,-9999,-9999,-9999
936,1044.923727,1044.924027282,1044.923955957,13867830,-9999,235916.3,20.48,-1,0.068258633,0.499577472,0.602496955,0.540745265,0,0.081967213,2.098360656,N3 S1 P1 O5,de-protonated,0,-9999,C61 H128 O5 N3 P1 S1,61,128,5,3,1,1,-9999,-9999
937,1045.722352,1045.722652527,1045.723191197,12475366,-9999,268312.2,18.23,-1,-0.515116898,0.476497045,0.542409123,0.502861876,32,0.012820513,1.205128205,O1,de-protonated,0,-9999,C78 H94 O1,78,94,1,-9999,-9999,-9999,-9999,-9999
937,1045.722352,1045.722652527,1045.723052812,12475366,-9999,268312.2,18.23,-1,-0.382783239,0.48688195,0.618621811,0.539577894,5,0.245614035,1.859649123,S1 O14,de-protonated,0,-9999,C57 H106 O14 S1,57,106,14,-9999,-9999,1,-9999,-9999
937,1045.722352,1045.722652527,1045.722539748,12475366,-9999,268312.2,18.23,-1,0.107847913,0.498945882,0.569119254,0.527015231,23,0.042857143,1.4,N2 S1 O3,de-protonated,0,-9999,C70 H98 O3 N2 S1,70,98,3,2,-9999,1,-9999,-9999
937,1045.722352,1045.722652527,1045.72354207,12475366,-9999,268312.2,18.23,-1,-0.850647969,0.438478804,0.606448844,0.50566682,9,0.1,1.783333333,N2 S2 P1 O6,de-protonated,0,-9999,C60 H107 O6 N2 P1 S2,60,107,6,2,1,2,-9999,-9999
937,1045.722352,1045.722652527,1045.72267269,12475366,-9999,268312.2,18.23,-1,-0.019281151,0.499966273,0.610452919,0.544160931,10,0.186440678,1.745762712,N2 P1 O11,de-protonated,0,-9999,C59 H103 O11 N2 P1,59,103,11,2,1,-9999,-9999,-9999
937,1045.722352,1045.722652527,1045.7218883,12475366,-9999,268312.2,18.23,-1,0.7308135,0.453819011,0.598596236,0.511729901,14,0.080645161,1.64516129,N4 S2 O5,de-protonated,0,-9999,C62 H102 O5 N4 S2,62,102,5,4,-9999,2,-9999,-9999
937,1045.722352,1045.722652527,1045.722021241,12475366,-9999,268312.2,18.23,-1,0.603684278,0.468006367,0.644495114,0.538601866,1,0.254901961,2.098039216,N4 S1 P1 O13,de-protonated,0,-9999,C51 H107 O13 N4 P1 S1,51,107,13,4,1,1,-9999,-9999
938,1046.113818,1046.114118647,1046.114624144,9026619,-9999,233476.2,12.67,-1,-0.483213944,0.958517469,0,0.575110482,31,0.555555556,0.755555556,N3 P1 O25,de-protonated,0,-9999,C45 H34 O25 N3 P1,45,34,25,3,1,-9999,-9999,-9999
939,1046.907456,1046.907756891,1046.907243264,12934371,-9999,296328.5,18.97,-1,0.490613273,0.478632533,0.587191358,0.522056063,4,0.061538462,1.938461538,N1 S1 P1 O4,de-protonated,0,-9999,C65 H126 O4 N1 P1 S1,65,126,4,1,1,1,-9999,-9999
939,1046.907456,1046.907756891,1046.908091417,12934371,-9999,296328.5,18.97,-1,-0.319537678,0.490821934,0.594745702,0.532391441,5,0.126984127,1.920634921,N3 O8,de-protonated,0,-9999,C63 H121 O8 N3,63,121,8,3,-9999,-9999,-9999,-9999
939,1046.907456,1046.907756891,1046.907685582,12934371,-9999,296328.5,18.97,-1,0.06811399,0.99915852,0,0.599495112,40,0.534883721,0.302325581,N4 S2 P1 O23,de-protonated,0,-9999,C43 H13 O23 N4 P1 S2,43,13,23,4,1,2,-9999,-9999
940,1047.877055,1047.877356188,1047.878371688,9985450,-9999,298729.8,14.22,-1,-0.969100327,0.421660116,0.576212942,0.483481246,9,0.073529412,1.764705882,S1 O5,de-protonated,0,-9999,C68 H120 O5 S1,68,120,5,-9999,-9999,1,-9999,-9999
940,1047.877055,1047.877356188,1047.877991565,9985450,-9999,298729.8,14.22,-1,-0.606346118,0.46773293,0.569119254,0.50828746,14,0.028571429,1.671428571,N2 P1 O2,de-protonated,0,-9999,C70 H117 O2 N2 P1,70,117,2,2,1,-9999,-9999,-9999
940,1047.877055,1047.877356188,1047.877720239,9985450,-9999,298729.8,14.22,-1,-0.347417056,0.489168736,0.606448844,0.53608078,0,0.116666667,2.066666667,N2 S2 O7,de-protonated,0,-9999,C60 H124 O7 N2 S2,60,124,7,2,-9999,2,-9999,-9999
940,1047.877055,1047.877356188,1047.876850859,9985450,-9999,298729.8,14.22,-1,0.482241092,0.479340419,0.610452919,0.531785419,1,0.203389831,2.033898305,N2 O12,de-protonated,0,-9999,C59 H120 O12 N2,59,120,12,2,-9999,-9999,-9999,-9999
940,1047.877055,1047.877356188,1047.876337795,9985450,-9999,298729.8,14.22,-1,0.971864227,0.421249869,0.562198102,0.477629162,19,0.013888889,1.555555556,N4 O1,de-protonated,0,-9999,C72 H112 O1 N4,72,112,1,4,-9999,-9999,-9999,-9999
940,1047.877055,1047.877356188,1047.877340116,9985450,-9999,298729.8,14.22,-1,0.015337604,0.499978658,0.598596236,0.53942569,5,0.064516129,1.951612903,N4 S1 P1 O4,de-protonated,0,-9999,C62 H121 O4 N4 P1 S1,62,121,4,4,1,1,-9999,-9999
941,1048.681211,1048.681512435,1048.680948981,12377674,-9999,224347.4,18.07,-1,0.537297771,0.474483041,0.583485697,0.518084104,18,0.045454545,1.515151515,N1 S2 P1 O3,de-protonated,0,-9999,C66 H100 O3 N1 P1 S2,66,100,3,1,1,2,-9999,-9999
941,1048.681211,1048.681512435,1048.682448583,12377674,-9999,224347.4,18.07,-1,-0.892689598,0.432686133,0.562198102,0.48449092,28,0.069444444,1.263888889,N1 O5,de-protonated,0,-9999,C72 H91 O5 N1,72,91,5,1,-9999,-9999,-9999,-9999
941,1048.681211,1048.681512435,1048.682310198,12377674,-9999,224347.4,18.07,-1,-0.760729418,0.450159546,0.644495114,0.527893773,1,0.352941176,2.019607843,N1 S1 O18,de-protonated,0,-9999,C51 H103 O18 N1 S1,51,103,18,1,-9999,1,-9999,-9999
941,1048.681211,1048.681512435,1048.681797134,12377674,-9999,224347.4,18.07,-1,-0.271482955,0.493357857,0.590944388,0.532392469,19,0.109375,1.484375,N3 S1 O7,de-protonated,0,-9999,C64 H95 O7 N3 S1,64,95,7,3,-9999,1,-9999,-9999
941,1048.681211,1048.681512435,1048.681930076,12377674,-9999,224347.4,18.07,-1,-0.398253227,0.485815691,0.635633513,0.54574282,6,0.283018868,1.886792453,N3 P1 O15,de-protonated,0,-9999,C53 H100 O15 N3 P1,53,100,15,3,1,-9999,-9999,-9999
942,1050.096746,1050.097047869,1050.097520984,21454680,-9999,190574.1,32.71,-1,-0.450543926,0.481918909,0.658260696,0.552455624,34,0.4375,0.6875,N3 S2 O21,de-protonated,0,-9999,C48 H33 O21 N3 S2,48,33,21,3,-9999,2,-9999,-9999
943,1050.623398,1050.623700031,1050.622825705,50454456,-9999,167590.2,79.48,-1,0.832197463,0.293970737,0.472516812,0.365389167,33,0.027027027,1.148648649,N1 S1 O2,de-protonated,0,-9999,C74 H85 O2 N1 S1,74,85,2,1,-9999,1,-9999,-9999
943,1050.623398,1050.623700031,1050.623828027,50454456,-9999,167590.2,79.48,-1,-0.121828524,0.332436842,0.51866191,0.406926869,19,0.078125,1.46875,N1 S2 P1 O5,de-protonated,0,-9999,C64 H94 O5 N1 P1 S2,64,94,5,1,1,2,-9999,-9999
943,1050.623398,1050.623700031,1050.622958647,50454456,-9999,167590.2,79.48,-1,0.705661259,0.304535967,0.523600568,0.392161807,20,0.158730159,1.428571429,N1 P1 O10,de-protonated,0,-9999,C63 H90 O10 N1 P1,63,90,10,1,1,-9999,-9999,-9999
943,1050.623398,1050.623700031,1050.622687321,50454456,-9999,167590.2,79.48,-1,0.963914155,0.281618546,0.576557625,0.399594178,6,0.283018868,1.830188679,N1 S2 O15,de-protonated,0,-9999,C53 H97 O15 N1 S2,53,97,15,1,-9999,2,-9999,-9999
943,1050.623398,1050.623700031,1050.62467618,50454456,-9999,167590.2,79.48,-1,-0.929113072,0.285005139,0.528601492,0.38244368,20,0.14516129,1.435483871,N3 S1 O9,de-protonated,0,-9999,C62 H89 O9 N3 S1,62,89,9,3,-9999,1,-9999,-9999
944,1050.681505,1050.681807049,1050.681342904,11755459,-9999,260228.6,17.07,-1,0.441755696,0.482605106,0.598596236,0.529001558,13,0.096774194,1.64516129,N1 S2 P1 O6,de-protonated,0,-9999,C62 H102 O6 N1 P1 S2,62,102,6,1,1,2,-9999,-9999
944,1050.681505,1050.681807049,1050.682842506,11755459,-9999,260228.6,17.07,-1,-0.985508986,0.419213384,0.576212942,0.482013207,23,0.117647059,1.367647059,N1 O8,de-protonated,0,-9999,C68 H93 O8 N1,68,93,8,1,-9999,-9999,-9999,-9999
944,1050.681505,1050.681807049,1050.682191057,11755459,-9999,260228.6,17.07,-1,-0.365485116,0.488026788,0.606448844,0.53539561,14,0.166666667,1.616666667,N3 S1 O10,de-protonated,0,-9999,C60 H97 O10 N3 S1,60,97,10,3,-9999,1,-9999,-9999
944,1050.681505,1050.681807049,1050.682323999,11755459,-9999,260228.6,17.07,-1,-0.492014019,0.47851301,0.653607294,0.548550724,1,0.367346939,2.0816326530000002,N3 P1 O18,de-protonated,0,-9999,C49 H102 O18 N3 P1,49,102,18,3,1,-9999,-9999,-9999
945,1051.705935,1051.706237363,1051.706614902,13836408,-9999,259222.9,20.43,-1,-0.358977168,0.488444467,0.583485697,0.526460959,17,0.121212121,1.515151515,S1 O8,de-protonated,0,-9999,C66 H100 O8 S1,66,100,8,-9999,-9999,1,-9999,-9999
945,1051.705935,1051.706237363,1051.706747843,13836408,-9999,259222.9,20.43,-1,-0.485382825,0.479076085,0.627012296,0.538250569,4,0.290909091,1.909090909,P1 O16,de-protonated,0,-9999,C55 H105 O16 P1,55,105,16,-9999,1,-9999,-9999,-9999
945,1051.705935,1051.706237363,1051.706234779,13836408,-9999,259222.9,20.43,-1,0.002456825,0.499999452,0.576212942,0.530484848,22,0.073529412,1.426470588,N2 P1 O5,de-protonated,0,-9999,C68 H97 O5 N2 P1,68,97,5,2,1,-9999,-9999,-9999
945,1051.705935,1051.706237363,1051.705963453,13836408,-9999,259222.9,20.43,-1,0.260443534,0.493883808,0.614510218,0.542134372,8,0.172413793,1.793103448,N2 S2 O10,de-protonated,0,-9999,C58 H104 O10 N2 S2,58,104,10,2,-9999,2,-9999,-9999
945,1051.705935,1051.706237363,1051.70558333,13836408,-9999,259222.9,20.43,-1,0.621877975,0.466116707,0.606448844,0.522249562,13,0.116666667,1.683333333,N4 S1 P1 O7,de-protonated,0,-9999,C60 H101 O7 N4 P1 S1,60,101,7,4,1,1,-9999,-9999
946,1051.711414,1051.711716365,1051.712488128,9461881,-9999,345874.7,13.37,-1,-0.733816285,0.906914011,0,0.544148407,8,0.220338983,1.762711864,S1 O13,de-protonated,0,-9999,C59 H104 O13 S1,59,104,13,-9999,-9999,1,-9999,-9999
946,1051.711414,1051.711716365,1051.711975064,9461881,-9999,345874.7,13.37,-1,-0.245979419,0.494540667,0.562198102,0.521603641,26,0.027777778,1.333333333,N2 S1 O2,de-protonated,0,-9999,C72 H96 O2 N2 S1,72,96,2,2,-9999,1,-9999,-9999
946,1051.711414,1051.711716365,1051.712108006,9461881,-9999,345874.7,13.37,-1,-0.372384446,0.487576196,0.602496955,0.533544499,13,0.163934426,1.655737705,N2 P1 O10,de-protonated,0,-9999,C61 H101 O10 N2 P1,61,101,10,2,1,-9999,-9999,-9999
946,1051.711414,1051.711716365,1051.7109673,9461881,-9999,345874.7,13.37,-1,0.712234466,0.912064183,0,0.54723851,0,0.4,2.08,N2 O20,de-protonated,0,-9999,C50 H104 O20 N2,50,104,20,2,-9999,-9999,-9999,-9999
946,1051.711414,1051.711716365,1051.711323615,9461881,-9999,345874.7,13.37,-1,0.373438196,0.487506671,0.590944388,0.528881758,17,0.0625,1.5625,N4 S2 O4,de-protonated,0,-9999,C64 H100 O4 N4 S2,64,100,4,4,-9999,2,-9999,-9999
946,1051.711414,1051.711716365,1051.711456557,9461881,-9999,345874.7,13.37,-1,0.247033012,0.988988117,0,0.59339287,4,0.226415094,1.981132075,N4 S1 P1 O12,de-protonated,0,-9999,C53 H105 O12 N4 P1 S1,53,105,12,4,1,1,-9999,-9999
947,1052.099622,1052.099924484,1052.099568678,53469372,-9999,221034.8,84.35,-1,0.338186607,0.489730764,0.68763467,0.568892327,24,0.595238095,0.952380952,N1 S2 P1 O25,de-protonated,0,-9999,C42 H40 O25 N1 P1 S2,42,40,25,1,1,2,-9999,-9999
948,1052.738304,1052.73860668,1052.738249383,10084647,-9999,194891.1,14.37,-1,0.339397305,0.489657873,0.583485697,0.527189003,16,0.106060606,1.560606061,N1 S1 O7,de-protonated,0,-9999,C66 H103 O7 N1 S1,66,103,7,1,-9999,1,-9999,-9999
948,1052.738304,1052.73860668,1052.739251705,10084647,-9999,194891.1,14.37,-1,-0.612711148,0.934149724,0,0.560489834,2,0.178571429,2,N1 S2 P1 O10,de-protonated,0,-9999,C56 H112 O10 N1 P1 S2,56,112,10,1,1,2,-9999,-9999
948,1052.738304,1052.73860668,1052.738382325,10084647,-9999,194891.1,14.37,-1,0.213115431,0.991792794,0,0.595075676,3,0.272727273,1.963636364,N1 P1 O15,de-protonated,0,-9999,C55 H108 O15 N1 P1,55,108,15,1,1,-9999,-9999,-9999
948,1052.738304,1052.73860668,1052.737869261,10084647,-9999,194891.1,14.37,-1,0.700477361,0.457408533,0.576212942,0.504930297,21,0.058823529,1.470588235,N3 P1 O4,de-protonated,0,-9999,C68 H100 O4 N3 P1,68,100,4,3,1,-9999,-9999,-9999
948,1052.738304,1052.73860668,1052.737597935,10084647,-9999,194891.1,14.37,-1,0.958211435,0.423268831,0.614510218,0.499765386,7,0.155172414,1.844827586,N3 S2 O9,de-protonated,0,-9999,C58 H107 O9 N3 S2,58,107,9,3,-9999,2,-9999,-9999
949,1052.742565,1052.742867681,1052.741892013,11526440,-9999,268144,16.7,-1,0.926787809,0.427842593,0.558800271,0.480225664,25,0.02739726,1.369863014,N1 P1 O2,de-protonated,0,-9999,C73 H100 O2 N1 P1,73,100,2,1,1,-9999,-9999,-9999
949,1052.742565,1052.742867681,1052.743609546,11526440,-9999,268144,16.7,-1,-0.704696454,0.45691675,0.562198102,0.499029291,25,0.013888889,1.375,N3 S1 O1,de-protonated,0,-9999,C72 H99 O1 N3 S1,72,99,1,3,-9999,1,-9999,-9999
949,1052.742565,1052.742867681,1052.743742487,11526440,-9999,268144,16.7,-1,-0.830977552,0.441118471,0.602496955,0.505669865,12,0.14754098399999999,1.704918033,N3 P1 O9,de-protonated,0,-9999,C61 H104 O9 N3 P1,61,104,9,3,1,-9999,-9999,-9999
950,1052.850373,1052.850675714,1052.850777215,16343353,-9999,181786.3,24.47,-1,-0.096405364,0.499157519,0.583485697,0.53288879,8,0.060606061,1.803030303,N1 S2 O4,de-protonated,0,-9999,C66 H119 O4 N1 S2,66,119,4,1,-9999,2,-9999,-9999
950,1052.850373,1052.850675714,1052.849907835,16343353,-9999,181786.3,24.47,-1,0.729334164,0.453996915,0.587191358,0.507274692,9,0.138461538,1.769230769,N1 O9,de-protonated,0,-9999,C65 H115 O9 N1,65,115,9,1,-9999,-9999,-9999,-9999
950,1052.850373,1052.850675714,1052.850397092,16343353,-9999,181786.3,24.47,-1,0.264635943,0.493686574,0.576212942,0.526697121,13,0.014705882,1.705882353,N3 S1 P1 O1,de-protonated,0,-9999,C68 H116 O1 N3 P1 S1,68,116,1,3,1,1,-9999,-9999
951,1053.609799,1053.610101947,1053.610877841,37478836,-9999,217214.4,58.56,-1,-0.736413872,0.302095257,0.459750141,0.365157211,37,0.012987013,1.077922078,P1 O1,de-protonated,0,-9999,C77 H83 O1 P1,77,83,1,-9999,1,-9999,-9999,-9999
951,1053.609799,1053.610101947,1053.610606515,37478836,-9999,217214.4,58.56,-1,-0.478893723,0.319746884,0.504211037,0.393532545,23,0.089552239,1.343283582,S2 O6,de-protonated,0,-9999,C67 H90 O6 S2,67,90,6,-9999,-9999,2,-9999,-9999
951,1053.609799,1053.610101947,1053.609737135,37478836,-9999,217214.4,58.56,-1,0.346249993,0.326160398,0.508967985,0.399283433,24,0.166666667,1.303030303,O11,de-protonated,0,-9999,C66 H86 O11,66,86,11,-9999,-9999,-9999,-9999,-9999
951,1053.609799,1053.610101947,1053.610739456,37478836,-9999,217214.4,58.56,-1,-0.605070936,0.311909368,0.55996373,0.411131113,10,0.25,1.696428571,S1 P1 O14,de-protonated,0,-9999,C56 H95 O14 P1 S1,56,95,14,-9999,1,1,-9999,-9999
951,1053.609799,1053.610101947,1053.610226392,37478836,-9999,217214.4,58.56,-1,-0.118112926,0.332490624,0.494873046,0.397443593,28,0.043478261,1.260869565,N2 S1 P1 O3,de-protonated,0,-9999,C69 H87 O3 N2 P1 S1,69,87,3,2,1,1,-9999,-9999
951,1053.609799,1053.610101947,1053.609085686,37478836,-9999,217214.4,58.56,-1,0.964552278,0.28155567,0.549245293,0.388631519,15,0.224137931,1.551724138,N2 S1 O13,de-protonated,0,-9999,C58 H90 O13 N2 S1,58,90,13,2,-9999,1,-9999,-9999
951,1053.609799,1053.610101947,1053.610088008,37478836,-9999,217214.4,58.56,-1,0.013230173,0.49998412,0.658260696,0.56329475,1,0.333333333,2.0625,N2 S2 P1 O16,de-protonated,0,-9999,C48 H99 O16 N2 P1 S2,48,99,16,2,1,2,-9999,-9999
951,1053.609799,1053.610101947,1053.609218628,37478836,-9999,217214.4,58.56,-1,0.838374701,0.440131203,0.662980834,0.529271056,2,0.446808511,2.021276596,N2 P1 O21,de-protonated,0,-9999,C47 H95 O21 N2 P1,47,95,21,2,1,-9999,-9999,-9999
951,1053.609799,1053.610101947,1053.609574943,37478836,-9999,217214.4,58.56,-1,0.500188785,0.318539523,0.533665548,0.404589933,19,0.081967213,1.491803279,N4 S2 P1 O5,de-protonated,0,-9999,C61 H91 O5 N4 P1 S2,61,91,5,4,1,2,-9999,-9999
951,1053.609799,1053.610101947,1053.611074545,37478836,-9999,217214.4,58.56,-1,-0.923109276,0.285580796,0.504211037,0.373032893,29,0.104477612,1.223880597,N4 O7,de-protonated,0,-9999,C67 H82 O7 N4,67,82,7,4,-9999,-9999,-9999,-9999
951,1053.609799,1053.610101947,1053.610936161,37478836,-9999,217214.4,58.56,-1,-0.791766389,0.446240928,0.667769153,0.534852218,2,0.434782609,2.043478261,N4 S1 O20,de-protonated,0,-9999,C46 H94 O20 N4 S1,46,94,20,4,-9999,1,-9999,-9999
952,1055.147694,1055.147997419,1055.147504672,11330208,-9999,151713,16.38,-1,0.466992961,0.961201928,0,0.576721157,31,0.44,0.82,S1 P1 O22,de-protonated,0,-9999,C50 H41 O22 P1 S1,50,41,22,-9999,1,1,-9999,-9999
952,1055.147694,1055.147997419,1055.148842083,11330208,-9999,151713,16.38,-1,-0.800516504,0.445114228,0.644495114,0.524866582,36,0.352941176,0.725490196,N4 S1 P1 O18,de-protonated,0,-9999,C51 H37 O18 N4 P1 S1,51,37,18,4,1,1,-9999,-9999
953,1055.625184,1055.625487565,1055.626527905,11535078,-9999,149876.7,16.71,-1,-0.985518806,0.419211912,0.545609971,0.469771136,36,0.012987013,1.103896104,P1 O1,de-protonated,0,-9999,C77 H85 O1 P1,77,85,1,-9999,1,-9999,-9999,-9999
953,1055.625184,1055.625487565,1055.626256579,11535078,-9999,149876.7,16.71,-1,-0.72849044,0.45409825,0.579826515,0.504389556,22,0.089552239,1.373134328,S2 O6,de-protonated,0,-9999,C67 H92 O6 S2,67,92,6,-9999,-9999,2,-9999,-9999
953,1055.625184,1055.625487565,1055.625387199,11535078,-9999,149876.7,16.71,-1,0.095077511,0.499180548,0.583485697,0.532902608,23,0.166666667,1.333333333,O11,de-protonated,0,-9999,C66 H88 O11,66,88,11,-9999,-9999,-9999,-9999,-9999
953,1055.625184,1055.625487565,1055.626389521,11535078,-9999,149876.7,16.71,-1,-0.854426694,0.437966488,0.622788794,0.511895411,9,0.25,1.732142857,S1 P1 O14,de-protonated,0,-9999,C56 H97 O14 P1 S1,56,97,14,-9999,1,1,-9999,-9999
953,1055.625184,1055.625487565,1055.625876457,11535078,-9999,149876.7,16.71,-1,-0.36839862,0.487837485,0.572644131,0.521760143,27,0.043478261,1.289855072,N2 S1 P1 O3,de-protonated,0,-9999,C69 H89 O3 N2 P1 S1,69,89,3,2,1,1,-9999,-9999
953,1055.625184,1055.625487565,1055.624735751,11535078,-9999,149876.7,16.71,-1,0.712199031,0.456036268,0.614510218,0.519425848,14,0.224137931,1.586206897,N2 S1 O13,de-protonated,0,-9999,C58 H92 O13 N2 S1,58,92,13,2,-9999,1,-9999,-9999
953,1055.625184,1055.625487565,1055.625738072,11535078,-9999,149876.7,16.71,-1,-0.237306345,0.989833872,0,0.593900323,0,0.333333333,2.104166667,N2 S2 P1 O16,de-protonated,0,-9999,C48 H101 O16 N2 P1 S2,48,101,16,2,1,2,-9999,-9999
953,1055.625184,1055.625487565,1055.624868692,11535078,-9999,149876.7,16.71,-1,0.586262414,0.939540296,0,0.563724178,1,0.446808511,2.063829787,N2 P1 O21,de-protonated,0,-9999,C47 H97 O21 N2 P1,47,97,21,2,1,-9999,-9999,-9999
953,1055.625184,1055.625487565,1055.625225008,11535078,-9999,149876.7,16.71,-1,0.248722329,0.494418921,0.602496955,0.537650134,18,0.081967213,1.524590164,N4 S2 P1 O5,de-protonated,0,-9999,C61 H93 O5 N4 P1 S2,61,93,5,4,1,2,-9999,-9999
954,1055.785594,1055.785897615,1055.786185378,10183421,-9999,315034.2,14.53,-1,-0.272558256,0.49330549,0.555443265,0.5181606,23,0.054054054,1.405405405,O4,de-protonated,0,-9999,C74 H104 O4,74,104,4,-9999,-9999,-9999,-9999,-9999
954,1055.785594,1055.785897615,1055.785533929,10183421,-9999,315034.2,14.53,-1,0.344469049,0.48934981,0.583485697,0.527004165,14,0.090909091,1.636363636,N2 S1 O6,de-protonated,0,-9999,C66 H108 O6 N2 S1,66,108,6,2,-9999,1,-9999,-9999
954,1055.785594,1055.785897615,1055.786536251,10183421,-9999,315034.2,14.53,-1,-0.604891367,0.935764996,0,0.561458998,0,0.160714286,2.089285714,N2 S2 P1 O9,de-protonated,0,-9999,C56 H117 O9 N2 P1 S2,56,117,9,2,1,2,-9999,-9999
954,1055.785594,1055.785897615,1055.785666871,10183421,-9999,315034.2,14.53,-1,0.218551659,0.991370584,0,0.59482235,1,0.254545455,2.054545455,N2 P1 O14,de-protonated,0,-9999,C55 H113 O14 N2 P1,55,113,14,2,1,-9999,-9999,-9999
954,1055.785594,1055.785897615,1055.785153807,10183421,-9999,315034.2,14.53,-1,0.704506931,0.456938893,0.576212942,0.504648513,19,0.044117647,1.544117647,N4 P1 O3,de-protonated,0,-9999,C68 H105 O3 N4 P1,68,105,3,4,1,-9999,-9999,-9999
954,1055.785594,1055.785897615,1055.784882481,10183421,-9999,315034.2,14.53,-1,0.961497115,0.422784679,0.614510218,0.499474894,5,0.137931034,1.931034483,N4 S2 O8,de-protonated,0,-9999,C58 H112 O8 N4 S2,58,112,8,4,-9999,2,-9999,-9999
955,1055.792766,1055.793069617,1055.792927985,45277948,-9999,240147.8,71.13,-1,0.13414782,0.33224668,0.499512996,0.399153207,13,0.058823529,1.647058824,S2 O4,de-protonated,0,-9999,C68 H112 O4 S2,68,112,4,-9999,-9999,2,-9999,-9999
955,1055.792766,1055.793069617,1055.792058605,45277948,-9999,240147.8,71.13,-1,0.957586469,0.282240531,0.504211037,0.371028733,14,0.134328358,1.611940299,O9,de-protonated,0,-9999,C67 H108 O9,67,108,9,-9999,-9999,-9999,-9999,-9999
955,1055.792766,1055.793069617,1055.793060926,45277948,-9999,240147.8,71.13,-1,0.008231338,0.333329235,0.554570712,0.421825826,0,0.210526316,2.052631579,S1 P1 O12,de-protonated,0,-9999,C57 H117 O12 P1 S1,57,117,12,-9999,1,1,-9999,-9999
955,1055.792766,1055.793069617,1055.792547862,45277948,-9999,240147.8,71.13,-1,0.494183105,0.318884876,0.49029038,0.387447078,18,0.014285714,1.557142857,N2 S1 P1 O1,de-protonated,0,-9999,C70 H109 O1 N2 P1 S1,70,109,1,2,1,1,-9999,-9999
955,1055.792766,1055.793069617,1055.793909079,45277948,-9999,240147.8,71.13,-1,-0.795100799,0.297208467,0.565425266,0.404495187,1,0.290909091,2.036363636,N2 O16,de-protonated,0,-9999,C55 H112 O16 N2,55,112,16,2,-9999,-9999,-9999,-9999
955,1055.792766,1055.793069617,1055.793396015,45277948,-9999,240147.8,71.13,-1,-0.309149813,0.327602599,0.499512996,0.396366758,19,0.073529412,1.529411765,N4 O5,de-protonated,0,-9999,C68 H104 O5 N4,68,104,5,4,-9999,-9999,-9999,-9999
956,1056.130356,1056.13065972,1056.129866485,12378926,-9999,239710.4,18.07,-1,0.751077437,0.451353006,0.640033642,0.52682526,36,0.423076923,0.673076923,N1 S1 O22,de-protonated,0,-9999,C52 H35 O22 N1 S1,52,35,22,1,-9999,1,-9999,-9999
956,1056.130356,1056.13065972,1056.130868807,12378926,-9999,239710.4,18.07,-1,-0.197973843,0.992913593,0,0.595748156,22,0.595238095,1.047619048,N1 S2 P1 O25,de-protonated,0,-9999,C42 H44 O25 N1 P1 S2,42,44,25,1,1,2,-9999,-9999
956,1056.130356,1056.13065972,1056.130355742,12378926,-9999,239710.4,18.07,-1,0.28782239,0.492540443,0.627012296,0.546329184,40,0.254545455,0.654545455,N3 S2 P1 O14,de-protonated,0,-9999,C55 H36 O14 N3 P1 S2,55,36,14,3,1,2,-9999,-9999
957,1056.612202,1056.612505868,1056.612261021,8676208,-9999,260330.5,12.1,-1,0.231728408,0.495151936,0.548848821,0.51663069,36,0.013157895,1.092105263,N1 S1 O1,de-protonated,0,-9999,C76 H83 O1 N1 S1,76,83,1,1,-9999,1,-9999,-9999
957,1056.612202,1056.612505868,1056.613263343,8676208,-9999,260330.5,12.1,-1,-0.716889092,0.455481992,0.583485697,0.506683474,22,0.060606061,1.393939394,N1 S2 P1 O4,de-protonated,0,-9999,C66 H92 O4 N1 P1 S2,66,92,4,1,1,2,-9999,-9999
957,1056.612202,1056.612505868,1056.612393963,8676208,-9999,260330.5,12.1,-1,0.105909553,0.99796679,0,0.598780074,23,0.138461538,1.353846154,N1 P1 O9,de-protonated,0,-9999,C65 H88 O9 N1 P1,65,88,9,1,1,-9999,-9999,-9999
957,1056.612202,1056.612505868,1056.612122637,8676208,-9999,260330.5,12.1,-1,0.362698381,0.97641303,0,0.585847818,9,0.254545455,1.727272727,N1 S2 O14,de-protonated,0,-9999,C55 H95 O14 N1 S2,55,95,14,1,-9999,2,-9999,-9999
957,1056.612202,1056.612505868,1056.611609572,8676208,-9999,260330.5,12.1,-1,0.848273621,0.438799858,0.576212942,0.493765092,27,0.044117647,1.279411765,N3 S2 O3,de-protonated,0,-9999,C68 H87 O3 N3 S2,68,87,3,3,-9999,2,-9999,-9999
957,1056.612202,1056.612505868,1056.611742514,8676208,-9999,260330.5,12.1,-1,0.722454612,0.909640831,0,0.545784499,14,0.192982456,1.614035088,N3 S1 P1 O11,de-protonated,0,-9999,C57 H92 O11 N3 P1 S1,57,92,11,3,1,1,-9999,-9999
958,1057.817359,1057.817663238,1057.817091584,10150928,-9999,222546,14.48,-1,0.540409462,0.474194413,0.542409123,0.501480297,26,0.012820513,1.358974359,O1,de-protonated,0,-9999,C78 H106 O1,78,106,1,-9999,-9999,-9999,-9999,-9999
958,1057.817359,1057.817663238,1057.818093905,10150928,-9999,222546,14.48,-1,-0.407127877,0.485186045,0.576212942,0.521596804,12,0.058823529,1.691176471,S1 P1 O4,de-protonated,0,-9999,C68 H115 O4 P1 S1,68,115,4,-9999,1,1,-9999,-9999
958,1057.817359,1057.817663238,1057.817442457,10150928,-9999,222546,14.48,-1,0.208714128,0.496063482,0.606448844,0.540217627,3,0.1,1.983333333,N2 S2 P1 O6,de-protonated,0,-9999,C60 H119 O6 N2 P1 S2,60,119,6,2,1,2,-9999,-9999
958,1057.817359,1057.817663238,1057.81829061,10150928,-9999,222546,14.48,-1,-0.593080807,0.46908522,0.614510218,0.527255219,4,0.172413793,1.965517241,N4 S1 O10,de-protonated,0,-9999,C58 H114 O10 N4 S1,58,114,10,4,-9999,1,-9999,-9999
959,1058.636762,1058.637066489,1058.637426942,18769014,-9999,218836,28.38,-1,-0.340487194,0.326394694,0.463953528,0.381418227,35,0.013157895,1.131578947,N1 P1 O1,de-protonated,0,-9999,C76 H86 O1 N1 P1,76,86,1,1,1,-9999,-9999,-9999
959,1058.636762,1058.637066489,1058.637155616,18769014,-9999,218836,28.38,-1,-0.084189684,0.499357368,0.583485697,0.5330087,21,0.090909091,1.409090909,N1 S2 O6,de-protonated,0,-9999,C66 H93 O6 N1 S2,66,93,6,1,-9999,2,-9999,-9999
959,1058.636762,1058.637066489,1058.636286236,18769014,-9999,218836,28.38,-1,0.737036461,0.453067466,0.587191358,0.506717023,22,0.169230769,1.369230769,N1 O11,de-protonated,0,-9999,C65 H89 O11 N1,65,89,11,1,-9999,-9999,-9999,-9999
959,1058.636762,1058.637066489,1058.637288557,18769014,-9999,218836,28.38,-1,-0.20976784,0.496023792,0.627012296,0.548419194,8,0.254545455,1.781818182,N1 S1 P1 O14,de-protonated,0,-9999,C55 H98 O14 N1 P1 S1,55,98,14,1,1,1,-9999,-9999
959,1058.636762,1058.637066489,1058.636775493,18769014,-9999,218836,28.38,-1,0.27487822,0.493191823,0.576212942,0.526400271,26,0.044117647,1.323529412,N3 S1 P1 O3,de-protonated,0,-9999,C68 H90 O3 N3 P1 S1,68,90,3,3,1,1,-9999,-9999
960,1058.694348,1058.694652507,1058.694941819,10003581,-9999,283573.4,14.24,-1,-0.273272515,0.493270595,0.555443265,0.518139663,29,0.027027027,1.27027027,N1 P1 O2,de-protonated,0,-9999,C74 H94 O2 N1 P1,74,94,2,1,1,-9999,-9999,-9999
960,1058.694348,1058.694652507,1058.694670493,10003581,-9999,283573.4,14.24,-1,-0.016988911,0.499973816,0.590944388,0.536362045,15,0.109375,1.578125,N1 S2 O7,de-protonated,0,-9999,C64 H101 O7 N1 S2,64,101,7,1,-9999,2,-9999,-9999
960,1058.694348,1058.694652507,1058.693801113,10003581,-9999,283573.4,14.24,-1,0.804192675,0.444638032,0.594745702,0.5046811,16,0.19047619,1.53968254,N1 O12,de-protonated,0,-9999,C63 H97 O12 N1,63,97,12,1,-9999,-9999,-9999,-9999
960,1058.694348,1058.694652507,1058.694803435,10003581,-9999,283573.4,14.24,-1,-0.142560254,0.996319132,0,0.597791479,2,0.283018868,2,N1 S1 P1 O15,de-protonated,0,-9999,C53 H106 O15 N1 P1 S1,53,106,15,1,1,1,-9999,-9999
960,1058.694348,1058.694652507,1058.694290371,10003581,-9999,283573.4,14.24,-1,0.34205951,0.48949671300000003,0.583485697,0.527092307,20,0.060606061,1.484848485,N3 S1 P1 O4,de-protonated,0,-9999,C66 H98 O4 N3 P1 S1,66,98,4,3,1,1,-9999,-9999
960,1058.694348,1058.694652507,1058.695651588,10003581,-9999,283573.4,14.24,-1,-0.943690444,0.850790444,0,0.510474266,3,0.37254902,1.980392157,N3 O19,de-protonated,0,-9999,C51 H101 O19 N3,51,101,19,3,-9999,-9999,-9999,-9999
961,1058.807651,1058.807955542,1058.808830868,8905867,-9999,296673.2,12.47,-1,-0.826708498,0.883370522,0,0.530022313,4,0.237288136,1.915254237,N1 O14,de-protonated,0,-9999,C59 H113 O14 N1,59,113,14,1,-9999,-9999,-9999,-9999
961,1058.807651,1058.807955542,1058.808317804,8905867,-9999,296673.2,12.47,-1,-0.342141256,0.489491746,0.562198102,0.518574288,22,0.041666667,1.458333333,N3 O3,de-protonated,0,-9999,C72 H105 O3 N3,72,105,3,3,-9999,-9999,-9999,-9999
962,1059.844048,1059.84435286,1059.845357481,10347780,-9999,319743.4,14.8,-1,-0.947894614,0.424781828,0.587191358,0.48974564,6,0.092307692,1.846153846,S2 O6,de-protonated,0,-9999,C65 H120 O6 S2,65,120,6,-9999,-9999,2,-9999,-9999
962,1059.844048,1059.84435286,1059.844488102,10347780,-9999,319743.4,14.8,-1,-0.127605359,0.498524904,0.590944388,0.535492698,7,0.171875,1.8125,O11,de-protonated,0,-9999,C64 H116 O11,64,116,11,-9999,-9999,-9999,-9999,-9999
962,1059.844048,1059.84435286,1059.844977359,10347780,-9999,319743.4,14.8,-1,-0.58923635,0.469472259,0.579826515,0.513613961,11,0.044776119,1.746268657,N2 S1 P1 O3,de-protonated,0,-9999,C67 H117 O3 N2 P1 S1,67,117,3,2,1,1,-9999,-9999
962,1059.844048,1059.84435286,1059.843323589,10347780,-9999,319743.4,14.8,-1,0.97115401,0.42135536,0.572644131,0.481870868,16,0.028985507,1.623188406,N4 S1 O2,de-protonated,0,-9999,C69 H112 O2 N4 S1,69,112,2,4,-9999,1,-9999,-9999
962,1059.844048,1059.84435286,1059.84432591,10347780,-9999,319743.4,14.8,-1,0.025427785,0.499941344,0.610452919,0.544145974,2,0.084745763,2.050847458,N4 S2 P1 O5,de-protonated,0,-9999,C59 H121 O5 N4 P1 S2,59,121,5,4,1,2,-9999,-9999
962,1059.844048,1059.84435286,1059.84345653,10347780,-9999,319743.4,14.8,-1,0.845718638,0.439144597,0.614510218,0.509290846,3,0.172413793,2.017241379,N4 P1 O10,de-protonated,0,-9999,C58 H117 O10 N4 P1,58,117,10,4,1,-9999,-9999,-9999
963,1059.848593,1059.848897861,1059.849000111,19653892,-9999,320364.8,29.81,-1,-0.096475811,0.499156288,0.562198102,0.524373014,15,0.013888889,1.625,S1 P1 O1,de-protonated,0,-9999,C72 H117 O1 P1 S1,72,117,1,-9999,1,1,-9999,-9999
963,1059.848593,1059.848897861,1059.847859405,19653892,-9999,320364.8,29.81,-1,0.979816328,0.420065266,0.602496955,0.493037942,2,0.180327869,1.967213115,S1 O11,de-protonated,0,-9999,C61 H120 O11 S1,61,120,11,-9999,-9999,1,-9999,-9999
963,1059.848593,1059.848897861,1059.848348662,19653892,-9999,320364.8,29.81,-1,0.518186294,0.476222906,0.590944388,0.522111499,6,0.046875,1.890625,N2 S2 P1 O3,de-protonated,0,-9999,C64 H121 O3 N2 P1 S2,64,121,3,2,1,2,-9999,-9999
963,1059.848593,1059.848897861,1059.849848264,19653892,-9999,320364.8,29.81,-1,-0.896733592,0.432118372,0.569119254,0.486918725,16,0.071428571,1.6,N2 O5,de-protonated,0,-9999,C70 H112 O5 N2,70,112,5,2,-9999,-9999,-9999,-9999
963,1059.848593,1059.848897861,1059.849196815,19653892,-9999,320364.8,29.81,-1,-0.282072471,0.492833385,0.598596236,0.535138526,7,0.112903226,1.870967742,N4 S1 O7,de-protonated,0,-9999,C62 H116 O7 N4 S1,62,116,7,4,-9999,1,-9999,-9999
964,1059.855798,1059.856102863,1059.856590871,16409861,-9999,175475,24.57,-1,-0.460446626,0.481130702,0.590944388,0.525056177,6,0.078125,1.875,N2 S2 O5,de-protonated,0,-9999,C64 H120 O5 N2 S2,64,120,5,2,-9999,2,-9999,-9999
964,1059.855798,1059.856102863,1059.855721491,16409861,-9999,175475,24.57,-1,0.359834335,0.488389863,0.594745702,0.530932198,7,0.158730159,1.841269841,N2 O10,de-protonated,0,-9999,C63 H116 O10 N2,63,116,10,2,-9999,-9999,-9999,-9999
964,1059.855798,1059.856102863,1059.856210748,16409861,-9999,175475,24.57,-1,-0.101791988,0.499060833,0.583485697,0.532830779,11,0.03030303,1.772727273,N4 S1 P1 O2,de-protonated,0,-9999,C66 H117 O2 N4 P1 S1,66,117,2,4,1,1,-9999,-9999
965,1060.188187,1060.188491965,1060.189309915,9692458,-9999,545730.4,13.74,-1,-0.771512686,0.897623977,0,0.538574386,33,0.358490566,0.830188679,N1 S1 P1 O19,de-protonated,0,-9999,C53 H44 O19 N1 P1 S1,53,44,19,1,1,1,-9999,-9999
965,1060.188187,1060.188491965,1060.187656145,9692458,-9999,545730.4,13.74,-1,0.788370599,0.893351217,0,0.53601073,38,0.327272727,0.709090909,N3 S1 O18,de-protonated,0,-9999,C55 H39 O18 N3 S1,55,39,18,3,-9999,1,-9999,-9999
965,1060.188187,1060.188491965,1060.188658466,9692458,-9999,545730.4,13.74,-1,-0.157048296,0.995534718,0,0.597320831,24,0.466666667,1.066666667,N3 S2 P1 O21,de-protonated,0,-9999,C45 H48 O21 N3 P1 S2,45,48,21,3,1,2,-9999,-9999
966,1060.193001,1060.193305967,1060.192681218,65791276,-9999,247615.7,104.22,-1,0.589278407,0.312978691,0.59379359,0.425304651,28,0.38,0.96,N1 S2 P1 O19,de-protonated,0,-9999,C50 H48 O19 N1 P1 S2,50,48,19,1,1,2,-9999,-9999
966,1060.193001,1060.193305967,1060.19418082,65791276,-9999,247615.7,104.22,-1,-0.825182038,0.294591594,0.55996373,0.400740449,38,0.375,0.696428571,N1 O21,de-protonated,0,-9999,C56 H39 O21 N1,56,39,21,1,-9999,-9999,-9999,-9999
966,1060.193001,1060.193305967,1060.193529371,65791276,-9999,247615.7,104.22,-1,-0.210720504,0.330658493,0.605653763,0.440656601,29,0.479166667,0.895833333,N3 S1 O23,de-protonated,0,-9999,C48 H43 O23 N3 S1,48,43,23,3,-9999,1,-9999,-9999
967,1060.199642,1060.199946969,1060.200923427,11035947,-9999,318996.4,15.91,-1,-0.921012024,0.857343834,0,0.514406301,28,0.42,0.94,N1 S2 O21,de-protonated,0,-9999,C50 H47 O21 N1 S2,50,47,21,1,-9999,2,-9999,-9999
967,1060.199642,1060.199946969,1060.200543304,11035947,-9999,318996.4,15.91,-1,-0.562474035,0.472105227,0.640033642,0.539276593,33,0.346153846,0.846153846,N3 S1 P1 O18,de-protonated,0,-9999,C52 H44 O18 N3 P1 S1,52,44,18,3,1,1,-9999,-9999
968,1060.619677,1060.619982098,1060.6200628,13002073,-9999,258115.3,19.08,-1,-0.07608997,0.499475011,0.562198102,0.524564247,30,0.027777778,1.222222222,N1 S1 P1 O2,de-protonated,0,-9999,C72 H88 O2 N1 P1 S1,72,88,2,1,1,1,-9999,-9999
968,1060.619677,1060.619982098,1060.618922094,13002073,-9999,258115.3,19.08,-1,0.999419734,0.417118322,0.602496955,0.491269775,17,0.196721311,1.491803279,N1 S1 O12,de-protonated,0,-9999,C61 H91 O12 N1 S1,61,91,12,1,-9999,1,-9999,-9999
968,1060.619677,1060.619982098,1060.619924416,13002073,-9999,258115.3,19.08,-1,0.054385063,0.499731733,0.644495114,0.557637086,3,0.294117647,1.960784314,N1 S2 P1 O15,de-protonated,0,-9999,C51 H100 O15 N1 P1 S2,51,100,15,1,1,2,-9999,-9999
968,1060.619677,1060.619982098,1060.619055036,13002073,-9999,258115.3,19.08,-1,0.874076085,0.43527572,0.649019222,0.520773121,4,0.4,1.92,N1 P1 O20,de-protonated,0,-9999,C50 H96 O20 N1 P1,50,96,20,1,1,-9999,-9999,-9999
968,1060.619677,1060.619982098,1060.619411352,13002073,-9999,258115.3,19.08,-1,0.538125292,0.474406429,0.590944388,0.521021613,21,0.0625,1.4375,N3 S2 P1 O4,de-protonated,0,-9999,C64 H92 O4 N3 P1 S2,64,92,4,3,1,2,-9999,-9999
968,1060.619677,1060.619982098,1060.620910953,13002073,-9999,258115.3,19.08,-1,-0.875765987,0.435042233,0.569119254,0.488673042,31,0.085714286,1.185714286,N3 O6,de-protonated,0,-9999,C70 H83 O6 N3,70,83,6,3,-9999,-9999,-9999,-9999
968,1060.619677,1060.619982098,1060.620772569,13002073,-9999,258115.3,19.08,-1,-0.745291163,0.452062664,0.653607294,0.532680516,4,0.387755102,1.93877551,N3 S1 O19,de-protonated,0,-9999,C49 H95 O19 N3 S1,49,95,19,3,-9999,1,-9999,-9999
969,1060.844869,1060.845174167,1060.844249083,11855217,-9999,250805.9,17.23,-1,0.87202591,0.435558546,0.565637507,0.48759013,15,0.014084507,1.633802817,N1 S1 P1 O1,de-protonated,0,-9999,C71 H116 O1 N1 P1 S1,71,116,1,1,1,1,-9999,-9999
969,1060.844869,1060.845174167,1060.845097236,11855217,-9999,250805.9,17.23,-1,0.072518129,0.499523119,0.572644131,0.528771524,16,0.072463768,1.608695652,N3 O5,de-protonated,0,-9999,C69 H111 O5 N3,69,111,5,3,-9999,-9999,-9999,-9999
969,1060.844869,1060.845174167,1060.846099558,11855217,-9999,250805.9,17.23,-1,-0.872314183,0.435518807,0.610452919,0.505492452,2,0.13559322,2.033898305,N3 S1 P1 O8,de-protonated,0,-9999,C59 H120 O8 N3 P1 S1,59,120,8,3,1,1,-9999,-9999
970,1061.777539,1061.777844453,1061.778340548,14378448,-9999,228793.7,21.3,-1,-0.46723075,0.480581592,0.587191358,0.523225498,12,0.076923077,1.692307692,N2 S2 O5,de-protonated,0,-9999,C65 H110 O5 N2 S2,65,110,5,2,-9999,2,-9999,-9999
970,1061.777539,1061.777844453,1061.777471169,14378448,-9999,228793.7,21.3,-1,0.351565549,0.488911427,0.590944388,0.529724612,13,0.15625,1.65625,N2 O10,de-protonated,0,-9999,C64 H106 O10 N2,64,106,10,2,-9999,-9999,-9999,-9999
970,1061.777539,1061.777844453,1061.777960426,14378448,-9999,228793.7,21.3,-1,-0.109225257,0.498918815,0.579826515,0.531281895,17,0.029850746,1.597014925,N4 S1 P1 O2,de-protonated,0,-9999,C67 H107 O2 N4 P1 S1,67,107,2,4,1,1,-9999,-9999
970,1061.777539,1061.777844453,1061.77681972,14378448,-9999,228793.7,21.3,-1,0.965111538,0.422250814,0.622788794,0.502466006,4,0.214285714,1.964285714,N4 S1 O12,de-protonated,0,-9999,C56 H110 O12 N4 S1,56,110,12,4,-9999,1,-9999,-9999
971,1061.784676,1061.784981455,1061.784865224,10085841,-9999,271708,14.37,-1,0.109467796,0.498914013,0.583485697,0.532742687,12,0.121212121,1.666666667,S1 O8,de-protonated,0,-9999,C66 H110 O8 S1,66,110,8,-9999,-9999,1,-9999,-9999
971,1061.784676,1061.784981455,1061.784485101,10085841,-9999,271708,14.37,-1,0.467471296,0.480561986,0.576212942,0.518822368,17,0.073529412,1.573529412,N2 P1 O5,de-protonated,0,-9999,C68 H107 O5 N2 P1,68,107,5,2,1,-9999,-9999,-9999
971,1061.784676,1061.784981455,1061.784213775,10085841,-9999,271708,14.37,-1,0.723009364,0.454754245,0.614510218,0.518656634,3,0.172413793,1.965517241,N2 S2 O10,de-protonated,0,-9999,C58 H114 O10 N2 S2,58,114,10,2,-9999,2,-9999,-9999
972,1061.839074,1061.839379472,1061.839878178,21456342,-9999,196907.1,32.71,-1,-0.46966217,0.480382991,0.576212942,0.518714971,10,0.058823529,1.735294118,S2 O4,de-protonated,0,-9999,C68 H118 O4 S2,68,118,4,-9999,-9999,2,-9999,-9999
972,1061.839074,1061.839379472,1061.839008798,21456342,-9999,196907.1,32.71,-1,0.349086675,0.48906553,0.579826515,0.525369924,11,0.134328358,1.701492537,O9,de-protonated,0,-9999,C67 H114 O9,67,114,9,-9999,-9999,-9999,-9999,-9999
972,1061.839074,1061.839379472,1061.839498055,21456342,-9999,196907.1,32.71,-1,-0.111677425,0.498869779,0.569119254,0.526969569,15,0.014285714,1.642857143,N2 S1 P1 O1,de-protonated,0,-9999,C70 H115 O1 N2 P1 S1,70,115,1,2,1,1,-9999,-9999
972,1061.839074,1061.839379472,1061.838357349,21456342,-9999,196907.1,32.71,-1,0.962597105,0.422622346,0.610452919,0.497754575,2,0.186440678,2,N2 S1 O11,de-protonated,0,-9999,C59 H118 O11 N2 S1,59,118,11,2,-9999,1,-9999,-9999
972,1061.839074,1061.839379472,1061.838846607,21456342,-9999,196907.1,32.71,-1,0.501832439,0.477666516,0.598596236,0.526038404,6,0.048387097,1.919354839,N4 S2 P1 O3,de-protonated,0,-9999,C62 H119 O3 N4 P1 S2,62,119,3,4,1,2,-9999,-9999
972,1061.839074,1061.839379472,1061.840346209,21456342,-9999,196907.1,32.71,-1,-0.910435053,0.430181295,0.576212942,0.488593954,16,0.073529412,1.617647059,N4 O5,de-protonated,0,-9999,C68 H110 O5 N4,68,110,5,4,-9999,-9999,-9999,-9999
973,1062.661136,1062.661441724,1062.661713138,10528293,-9999,272099.8,15.09,-1,-0.255409511,0.494116575,0.562198102,0.521349186,29,0.083333333,1.236111111,N1 O6,de-protonated,0,-9999,C72 H89 O6 N1,72,89,6,1,-9999,-9999,-9999,-9999
973,1062.661136,1062.661441724,1062.661574754,10528293,-9999,272099.8,15.09,-1,-0.125185178,0.997160497,0,0.598296298,2,0.37254902,1.980392157,N1 S1 O19,de-protonated,0,-9999,C51 H101 O19 N1 S1,51,101,19,1,-9999,1,-9999,-9999
973,1062.661136,1062.661441724,1062.661061689,10528293,-9999,272099.8,15.09,-1,0.357625573,0.488530316,0.590944388,0.529495945,20,0.125,1.453125,N3 S1 O8,de-protonated,0,-9999,C64 H93 O8 N3 S1,64,93,8,3,-9999,1,-9999,-9999
973,1062.661136,1062.661441724,1062.662064011,10528293,-9999,272099.8,15.09,-1,-0.5855924,0.939674158,0,0.563804495,6,0.203703704,1.888888889,N3 S2 P1 O11,de-protonated,0,-9999,C54 H102 O11 N3 P1 S2,54,102,11,3,1,2,-9999,-9999
973,1062.661136,1062.661441724,1062.661194631,10528293,-9999,272099.8,15.09,-1,0.23252288,0.990237599,0,0.594142559,7,0.301886792,1.849056604,N3 P1 O16,de-protonated,0,-9999,C53 H98 O16 N3 P1,53,98,16,3,1,-9999,-9999,-9999
974,1062.665263,1062.665568725,1062.665084441,9365029,-9999,327959.1,13.21,-1,0.455725934,0.481508423,0.572644131,0.517962706,24,0.086956522,1.347826087,N1 S1 O6,de-protonated,0,-9999,C69 H93 O6 N1 S1,69,93,6,1,-9999,1,-9999,-9999
974,1062.665263,1062.665568725,1062.666086763,9365029,-9999,327959.1,13.21,-1,-0.487488562,0.957796073,0,0.574677644,10,0.152542373,1.728813559,N1 S2 P1 O9,de-protonated,0,-9999,C59 H102 O9 N1 P1 S2,59,102,9,1,1,2,-9999,-9999
974,1062.665263,1062.665568725,1062.665217383,9365029,-9999,327959.1,13.21,-1,0.330623702,0.980360885,0,0.588216531,11,0.24137931,1.689655172,N1 P1 O14,de-protonated,0,-9999,C58 H98 O14 N1 P1,58,98,14,1,1,-9999,-9999,-9999
974,1062.665263,1062.665568725,1062.664704319,9365029,-9999,327959.1,13.21,-1,0.813433018,0.443433724,0.565637507,0.492315237,29,0.042253521,1.267605634,N3 P1 O3,de-protonated,0,-9999,C71 H90 O3 N3 P1,71,90,3,3,1,-9999,-9999,-9999
974,1062.665263,1062.665568725,1062.664565934,9365029,-9999,327959.1,13.21,-1,0.943657124,0.850800152,0,0.510480091,2,0.32,2.04,N3 S1 P1 O16,de-protonated,0,-9999,C50 H102 O16 N3 P1 S1,50,102,16,3,1,1,-9999,-9999
975,1063.771433,1063.771739065,1063.771143712,19850886,-9999,306253.6,30.12,-1,0.559662565,0.472375559,0.572644131,0.512482987,16,0.057971014,1.579710145,S1 P1 O4,de-protonated,0,-9999,C69 H109 O4 P1 S1,69,109,4,-9999,1,1,-9999,-9999
975,1063.771433,1063.771739065,1063.771991865,19850886,-9999,306253.6,30.12,-1,-0.237645177,0.983140338,0.848724041,0.929373819,17,0.119402985,1.552238806,N2 O8,de-protonated,0,-9999,C67 H104 O8 N2,67,104,8,2,-9999,-9999,-9999,-9999
975,1063.771433,1063.771739065,1063.771340416,19850886,-9999,306253.6,30.12,-1,0.374750082,0.90834788,0.818097637,0.872247783,8,0.169491525,1.830508475,N4 S1 O10,de-protonated,0,-9999,C59 H108 O10 N4 S1,59,108,10,4,-9999,1,-9999,-9999
976,1063.776117,1063.776423066,1063.776883997,15820423,-9999,309234.9,23.62,-1,-0.433296421,0.483253747,0.558800271,0.513472357,20,0.01369863,1.479452055,S2 O1,de-protonated,0,-9999,C73 H108 O1 S2,73,108,1,-9999,-9999,2,-9999,-9999
976,1063.776117,1063.776423066,1063.776014617,15820423,-9999,309234.9,23.62,-1,0.383961612,0.486802137,0.562198102,0.516960523,21,0.083333333,1.444444444,O6,de-protonated,0,-9999,C72 H104 O6,72,104,6,-9999,-9999,-9999,-9999,-9999
976,1063.776117,1063.776423066,1063.777016939,15820423,-9999,309234.9,23.62,-1,-0.558267792,0.472509225,0.598596236,0.522944029,7,0.14516129,1.822580645,S1 P1 O9,de-protonated,0,-9999,C62 H113 O9 P1 S1,62,113,9,-9999,1,1,-9999,-9999
976,1063.776117,1063.776423066,1063.775363168,15820423,-9999,309234.9,23.62,-1,0.996354936,0.417581521,0.590944388,0.486926668,12,0.125,1.6875,N2 S1 O8,de-protonated,0,-9999,C64 H108 O8 N2 S1,64,108,8,2,-9999,1,-9999,-9999
976,1063.776117,1063.776423066,1063.777352028,15820423,-9999,309234.9,23.62,-1,-0.873266727,0.43538743,0.558800271,0.484752566,26,0.02739726,1.369863014,N4 O2,de-protonated,0,-9999,C73 H100 O2 N4,73,100,2,4,-9999,-9999,-9999,-9999
977,1064.286924,1064.287230223,1064.287507836,8775345,-9999,338758.1,12.26,-1,-0.260843838,0.987730216,0,0.59263813,38,0.193548387,0.838709677,N1 S1 P1 O12,de-protonated,0,-9999,C62 H52 O12 N1 P1 S1,62,52,12,1,1,1,-9999,-9999
977,1064.286924,1064.287230223,1064.28636713,8775345,-9999,338758.1,12.26,-1,0.810959549,0.887514246,0,0.532508547,25,0.431372549,1.078431373,N1 S1 O22,de-protonated,0,-9999,C51 H55 O22 N1 S1,51,55,22,1,-9999,1,-9999,-9999
977,1064.286924,1064.287230223,1064.287369451,8775345,-9999,338758.1,12.26,-1,-0.130818435,0.996899601,0,0.59813976,11,0.609756098,1.56097561,N1 S2 P1 O25,de-protonated,0,-9999,C41 H64 O25 N1 P1 S2,41,64,25,1,1,2,-9999,-9999
977,1064.286924,1064.287230223,1064.286856387,8775345,-9999,338758.1,12.26,-1,0.351254776,0.977861608,0,0.586716965,29,0.259259259,1.037037037,N3 S2 P1 O14,de-protonated,0,-9999,C54 H56 O14 N3 P1 S2,54,56,14,3,1,2,-9999,-9999
978,1064.711154,1064.711460353,1064.71224911,12281554,-9999,350149.9,17.92,-1,-0.740816979,0.452608395,0.579826515,0.503495643,17,0.044776119,1.552238806,N1 S2 P1 O3,de-protonated,0,-9999,C67 H104 O3 N1 P1 S2,67,104,3,1,1,2,-9999,-9999
978,1064.711154,1064.711460353,1064.71137973,12281554,-9999,350149.9,17.92,-1,0.075722829,0.499480062,0.583485697,0.533082316,18,0.121212121,1.515151515,N1 P1 O8,de-protonated,0,-9999,C66 H100 O8 N1 P1,66,100,8,1,1,-9999,-9999,-9999
978,1064.711154,1064.711460353,1064.711108404,12281554,-9999,350149.9,17.92,-1,0.330558322,0.490184288,0.622788794,0.54322609,4,0.232142857,1.910714286,N1 S2 O13,de-protonated,0,-9999,C56 H107 O13 N1 S2,56,107,13,1,-9999,2,-9999,-9999
978,1064.711154,1064.711460353,1064.71059534,12281554,-9999,350149.9,17.92,-1,0.812439898,0.443563661,0.572644131,0.495195849,22,0.028985507,1.434782609,N3 S2 O2,de-protonated,0,-9999,C69 H99 O2 N3 S2,69,99,2,3,-9999,2,-9999,-9999
978,1064.711154,1064.711460353,1064.710728281,12281554,-9999,350149.9,17.92,-1,0.687577967,0.458897003,0.614510218,0.521142289,9,0.172413793,1.793103448,N3 S1 P1 O10,de-protonated,0,-9999,C58 H104 O10 N3 P1 S1,58,104,10,3,1,1,-9999,-9999
979,1064.715912,1064.716218355,1064.717120015,38069972,-9999,278353.9,59.51,-1,-0.84685463,0.292660943,0.49029038,0.371712718,22,0.071428571,1.414285714,N1 S1 O5,de-protonated,0,-9999,C70 H99 O5 N1 S1,70,99,5,1,-9999,1,-9999,-9999
979,1064.715912,1064.716218355,1064.717252957,38069972,-9999,278353.9,59.51,-1,-0.971715589,0.280847968,0.543986559,0.386103404,9,0.220338983,1.762711864,N1 P1 O13,de-protonated,0,-9999,C59 H104 O13 N1 P1,59,104,13,1,1,-9999,-9999,-9999
979,1064.715912,1064.716218355,1064.716739893,38069972,-9999,278353.9,59.51,-1,-0.489837421,0.319132401,0.481293734,0.383996934,27,0.027777778,1.333333333,N3 P1 O2,de-protonated,0,-9999,C72 H96 O2 N3 P1,72,96,2,3,1,-9999,-9999,-9999
979,1064.715912,1064.716218355,1064.716468566,38069972,-9999,278353.9,59.51,-1,-0.235003355,0.33000975,0.528601492,0.409446447,13,0.112903226,1.661290323,N3 S2 O7,de-protonated,0,-9999,C62 H103 O7 N3 S2,62,103,7,3,-9999,2,-9999,-9999
979,1064.715912,1064.716218355,1064.715599187,38069972,-9999,278353.9,59.51,-1,0.58153363,0.313494064,0.533665548,0.401562658,14,0.196721311,1.62295082,N3 O12,de-protonated,0,-9999,C61 H99 O12 N3,61,99,12,3,-9999,-9999,-9999,-9999
979,1064.715912,1064.716218355,1064.716601508,38069972,-9999,278353.9,59.51,-1,-0.359864467,0.488387941,0.644495114,0.55083081,0,0.294117647,2.117647059,N3 S1 P1 O15,de-protonated,0,-9999,C51 H108 O15 N3 P1 S1,51,108,15,3,1,1,-9999,-9999
980,1064.771021,1064.771327371,1064.772132969,15017687,-9999,217759.1,22.33,-1,-0.756591621,0.45067266,0.562198102,0.495282837,20,0.013888889,1.486111111,N1 S2 O1,de-protonated,0,-9999,C72 H107 O1 N1 S2,72,107,1,1,-9999,2,-9999,-9999
980,1064.771021,1064.771327371,1064.771263589,15017687,-9999,217759.1,22.33,-1,0.059902251,0.499674562,0.565637507,0.52605974,21,0.084507042,1.450704225,N1 O6,de-protonated,0,-9999,C71 H103 O6 N1,71,103,6,1,-9999,-9999,-9999,-9999
980,1064.771021,1064.771327371,1064.772265911,15017687,-9999,217759.1,22.33,-1,-0.881446141,0.434255049,0.602496955,0.501551811,7,0.14754098399999999,1.836065574,N1 S1 P1 O9,de-protonated,0,-9999,C61 H112 O9 N1 P1 S1,61,112,9,1,1,1,-9999,-9999
980,1064.771021,1064.771327371,1064.770612141,15017687,-9999,217759.1,22.33,-1,0.671722968,0.460695047,0.594745702,0.514315309,12,0.126984127,1.698412698,N3 S1 O8,de-protonated,0,-9999,C63 H107 O8 N3 S1,63,107,8,3,-9999,1,-9999,-9999
981,1064.775426,1064.775732373,1064.775637214,26470104,-9999,280955.4,40.8,-1,0.089369651,0.499275915,0.614510218,0.545369636,2,0.155172414,2,N1 S2 P1 O9,de-protonated,0,-9999,C58 H116 O9 N1 P1 S2,58,116,9,1,1,2,-9999,-9999
981,1064.775426,1064.775732373,1064.774767834,26470104,-9999,280955.4,40.8,-1,0.905861527,0.430830185,0.618621811,0.505946835,3,0.245614035,1.964912281,N1 P1 O14,de-protonated,0,-9999,C57 H112 O14 N1 P1,57,112,14,1,1,-9999,-9999,-9999
981,1064.775426,1064.775732373,1064.7753467,26470104,-9999,280955.4,40.8,-1,0.362210374,0.976475707,0.848724041,0.925375041,17,0.119402985,1.552238806,13C1 N2 O8,de-protonated,1,975,C66 H104 O8 N2 13C1,66,104,8,2,-9999,-9999,1,-9999
981,1064.775426,1064.775732373,1064.776485367,26470104,-9999,280955.4,40.8,-1,-0.707185549,0.456625482,0.622788794,0.523090807,3,0.232142857,1.982142857,N3 S1 O13,de-protonated,0,-9999,C56 H111 O13 N3 S1,56,111,13,3,-9999,1,-9999,-9999
981,1064.775426,1064.775732373,1064.774695251,26470104,-9999,280955.4,40.8,-1,0.97402893,0.841856051,0.818097637,0.832352686,8,0.169491525,1.830508475,13C1 N4 S1 O10,de-protonated,1,975,C58 H108 O10 N4 S1 13C1,58,108,10,4,-9999,1,1,-9999
982,1065.941259,1065.94156573,1065.940578022,27846444,-9999,220772.1,43.02,-1,0.926607234,0.285245717,0.476878192,0.361898707,11,0.02739726,1.726027397,S1 O2,de-protonated,0,-9999,C73 H126 O2 S1,73,126,2,-9999,-9999,1,-9999,-9999
982,1065.941259,1065.94156573,1065.942048374,27846444,-9999,220772.1,43.02,-1,-0.452786341,0.321161208,0.523600568,0.402136952,3,0.095238095,2.015873016,N4 P1 O6,de-protonated,0,-9999,C63 H127 O6 N4 P1,63,127,6,4,1,-9999,-9999,-9999
983,1065.945461,1065.945767732,1065.946451249,18966316,-9999,251010,28.7,-1,-0.641230363,0.464053889,0.583485697,0.511826612,2,0.106060606,1.96969697,S1 O7,de-protonated,0,-9999,C66 H130 O7 S1,66,130,7,-9999,-9999,1,-9999,-9999
983,1065.945461,1065.945767732,1065.946071126,18966316,-9999,251010,28.7,-1,-0.284624822,0.492704058,0.576212942,0.526107612,7,0.058823529,1.867647059,N2 P1 O4,de-protonated,0,-9999,C68 H127 O4 N2 P1,68,127,4,2,1,-9999,-9999,-9999
984,1068.408721,1068.409028487,1068.409337048,22472638,-9999,327063.3,34.35,-1,-0.288803737,0.492489874,0.590944388,0.531871679,34,0.1875,1,N1 P1 O12,de-protonated,0,-9999,C64 H64 O12 N1 P1,64,64,12,1,1,-9999,-9999,-9999
984,1068.408721,1068.409028487,1068.409065722,22472638,-9999,327063.3,34.35,-1,-0.034850368,0.499889823,0.631293472,0.552451283,20,0.314814815,1.314814815,N1 S2 O17,de-protonated,0,-9999,C54 H71 O17 N1 S2,54,71,17,1,-9999,2,-9999,-9999
984,1068.408721,1068.409028487,1068.408196342,22472638,-9999,327063.3,34.35,-1,0.778864692,0.447884705,0.635633513,0.522984228,21,0.41509434,1.264150943,N1 O22,de-protonated,0,-9999,C53 H67 O22 N1,53,67,22,1,-9999,-9999,-9999,-9999
984,1068.408721,1068.409028487,1068.409198664,22472638,-9999,327063.3,34.35,-1,-0.159279964,0.497703603,0.6825583,0.571645482,7,0.581395349,1.76744186,N1 S1 P1 O25,de-protonated,0,-9999,C43 H76 O25 N1 P1 S1,43,76,25,1,1,1,-9999,-9999
984,1068.408721,1068.409028487,1068.408552658,22472638,-9999,327063.3,34.35,-1,0.445363152,0.482324948,0.579826515,0.521325575,38,0.089552239,0.940298507,N3 S2 O6,de-protonated,0,-9999,C67 H63 O6 N3 S2,67,63,6,3,-9999,2,-9999,-9999
984,1068.408721,1068.409028487,1068.408685599,22472638,-9999,327063.3,34.35,-1,0.320933437,0.490742327,0.622788794,0.543560914,25,0.25,1.214285714,N3 S1 P1 O14,de-protonated,0,-9999,C56 H68 O14 N3 P1 S1,56,68,14,3,1,1,-9999,-9999
985,1068.412631,1068.412938489,1068.412708351,13232062,-9999,395400.5,19.45,-1,0.215401098,0.495808275,0.602496955,0.538483747,29,0.196721311,1.114754098,N1 S1 P1 O12,de-protonated,0,-9999,C61 H68 O12 N1 P1 S1,61,68,12,1,1,1,-9999,-9999
985,1068.412631,1068.412938489,1068.412569967,13232062,-9999,395400.5,19.45,-1,0.344924527,0.97864386,0,0.587186316,2,0.625,2,N1 S2 P1 O25,de-protonated,0,-9999,C40 H80 O25 N1 P1 S2,40,80,25,1,1,2,-9999,-9999
985,1068.412631,1068.412938489,1068.412056903,13232062,-9999,395400.5,19.45,-1,0.825136655,0.441893397,0.635633513,0.519389444,20,0.264150943,1.358490566,N3 S2 P1 O14,de-protonated,0,-9999,C53 H72 O14 N3 P1 S2,53,72,14,3,1,2,-9999,-9999
985,1068.412631,1068.412938489,1068.413556505,13232062,-9999,395400.5,19.45,-1,-0.578442585,0.470547131,0.610452919,0.526509446,30,0.271186441,1.06779661,N3 O16,de-protonated,0,-9999,C59 H63 O16 N3,59,63,16,3,-9999,-9999,-9999,-9999
986,1068.784246,1068.784553603,1068.784805653,24569808,-9999,330634.3,37.73,-1,-0.235829238,0.329986467,0.485764205,0.392297562,19,0.056338028,1.507042254,N1 S1 O4,de-protonated,0,-9999,C71 H107 O4 N1 S1,71,107,4,1,-9999,1,-9999,-9999
986,1068.784246,1068.784553603,1068.784938595,24569808,-9999,330634.3,37.73,-1,-0.360215065,0.48836557,0.606448844,0.53559888,6,0.2,1.866666667,N1 P1 O12,de-protonated,0,-9999,C60 H112 O12 N1 P1,60,112,12,1,1,-9999,-9999,-9999
986,1068.784246,1068.784553603,1068.784425531,24569808,-9999,330634.3,37.73,-1,0.119829416,0.332465984,0.476878192,0.390230867,24,0.01369863,1.424657534,N3 P1 O1,de-protonated,0,-9999,C73 H104 O1 N3 P1,73,104,1,3,1,-9999,-9999,-9999
986,1068.784246,1068.784553603,1068.784154205,24569808,-9999,330634.3,37.73,-1,0.373693764,0.487489781,0.594745702,0.530392149,10,0.095238095,1.761904762,N3 S2 O6,de-protonated,0,-9999,C63 H111 O6 N3 S2,63,111,6,3,-9999,2,-9999,-9999
987,1068.789364,1068.789671604,1068.79067888,51374032,-9999,229104.1,80.96,-1,-0.942444508,0.283717767,0.51866191,0.377695424,10,0.140625,1.734375,N1 S1 O9,de-protonated,0,-9999,C64 H111 O9 N1 S1,64,111,9,1,-9999,1,-9999,-9999
987,1068.789364,1068.789671604,1068.790298758,51374032,-9999,229104.1,80.96,-1,-0.58678806,0.313145061,0.508967985,0.391474231,15,0.090909091,1.636363636,N3 P1 O6,de-protonated,0,-9999,C66 H108 O6 N3 P1,66,108,6,3,1,-9999,-9999,-9999
987,1068.789364,1068.789671604,1068.790027431,51374032,-9999,229104.1,80.96,-1,-0.332925286,0.326696418,0.55996373,0.420003343,1,0.196428571,2.053571429,N3 S2 O11,de-protonated,0,-9999,C56 H115 O11 N3 S2,56,115,11,3,-9999,2,-9999,-9999
987,1068.789364,1068.789671604,1068.789158052,51374032,-9999,229104.1,80.96,-1,0.480499489,0.319657516,0.565425266,0.417964616,2,0.290909091,2.018181818,N3 O16,de-protonated,0,-9999,C55 H111 O16 N3,55,111,16,3,-9999,-9999,-9999,-9999
988,1068.899867,1068.900174638,1068.899835408,19916758,-9999,144045.1,30.23,-1,0.317363644,0.490945265,0.579826515,0.526497765,7,0.089552239,1.835820896,N1 S1 O6,de-protonated,0,-9999,C67 H123 O6 N1 S1,67,123,6,1,-9999,1,-9999,-9999
988,1068.899867,1068.900174638,1068.899455286,19916758,-9999,144045.1,30.23,-1,0.672984221,0.460553294,0.572644131,0.505389629,12,0.043478261,1.739130435,N3 P1 O3,de-protonated,0,-9999,C69 H120 O3 N3 P1,69,120,3,3,1,-9999,-9999,-9999
989,1068.904419,1068.90472664,1068.905328512,21751766,-9999,216700.4,33.19,-1,-0.563074101,0.472047374,0.598596236,0.522666919,3,0.129032258,2,N3 P1 O8,de-protonated,0,-9999,C62 H124 O8 N3 P1,62,124,8,3,1,-9999,-9999,-9999
990,1069.014772,1069.015079673,1069.015110776,26798042,-9999,245805.2,41.33,-1,-0.029094686,0.499923208,0.644495114,0.55775197,39,0.411764706,0.529411765,S2 P1 O21,de-protonated,0,-9999,C51 H27 O21 P1 S2,51,27,21,-9999,1,2,-9999,-9999
990,1069.014772,1069.015079673,1069.015958929,26798042,-9999,245805.2,41.33,-1,-0.822490836,0.44224307,0.653607294,0.52678876,40,0.510204082,0.448979592,N2 S1 O25,de-protonated,0,-9999,C49 H22 O25 N2 S1,49,22,25,2,-9999,1,-9999,-9999
990,1069.014772,1069.015079673,1069.014485041,26798042,-9999,245805.2,41.33,-1,0.556244007,0.315135097,0.513784664,0.394594924,0,0.076923077,2.092307692,N3 P1 O5,de-protonated,0,-9999,C65 H136 O5 N3 P1,65,136,5,3,1,-9999,-9999,-9999
991,1069.475488,1069.475795815,1069.475235238,10069999,-9999,170518.5,14.35,-1,0.524160534,0.475685115,0.579826515,0.517341675,31,0.119402985,1.104477612,S2 O8,de-protonated,0,-9999,C67 H74 O8 S2,67,74,8,-9999,-9999,2,-9999,-9999
991,1069.475488,1069.475795815,1069.47536818,10069999,-9999,170518.5,14.35,-1,0.399854913,0.971406038,0,0.582843623,18,0.285714286,1.410714286,S1 P1 O16,de-protonated,0,-9999,C56 H79 O16 P1 S1,56,79,16,-9999,1,1,-9999,-9999
991,1069.475488,1069.475795815,1069.474855116,10069999,-9999,170518.5,14.35,-1,0.879589853,0.434512705,0.572644131,0.489765275,36,0.072463768,1.028985507,N2 S1 P1 O5,de-protonated,0,-9999,C69 H71 O5 N2 P1 S1,69,71,5,2,1,1,-9999,-9999
991,1069.475488,1069.475795815,1069.476216333,10069999,-9999,170518.5,14.35,-1,-0.393200132,0.972336717,0,0.58340203,19,0.37037037,1.37037037,N2 O20,de-protonated,0,-9999,C54 H74 O20 N2,54,74,20,2,-9999,-9999,-9999,-9999
991,1069.475488,1069.475795815,1069.476572649,10069999,-9999,170518.5,14.35,-1,-0.726368234,0.454352719,0.576212942,0.503096808,36,0.058823529,1.029411765,N4 S2 O4,de-protonated,0,-9999,C68 H70 O4 N4 S2,68,70,4,4,-9999,2,-9999,-9999
991,1069.475488,1069.475795815,1069.475703269,10069999,-9999,170518.5,14.35,-1,0.086534047,0.499321105,0.579826515,0.531523269,37,0.134328358,0.985074627,N4 O9,de-protonated,0,-9999,C67 H66 O9 N4,67,66,9,4,-9999,-9999,-9999,-9999
991,1069.475488,1069.475795815,1069.47670559,10069999,-9999,170518.5,14.35,-1,-0.850673544,0.438475342,0.618621811,0.510533929,23,0.210526316,1.315789474,N4 S1 P1 O12,de-protonated,0,-9999,C57 H75 O12 N4 P1 S1,57,75,12,4,1,1,-9999,-9999
991,1069.475488,1069.475795815,1069.475564884,10069999,-9999,170518.5,14.35,-1,0.215928721,0.991575602,0,0.594945361,10,0.47826087,1.695652174,N4 S1 O22,de-protonated,0,-9999,C46 H78 O22 N4 S1,46,78,22,4,-9999,1,-9999,-9999
992,1070.922233,1070.922541259,1070.922499405,12175399,-9999,146155.9,17.74,-1,0.039081409,0.499861451,0.565637507,0.526171873,10,0.014084507,1.774647887,N1 S1 P1 O1,de-protonated,0,-9999,C71 H126 O1 N1 P1 S1,71,126,1,1,1,1,-9999,-9999
992,1070.922233,1070.922541259,1070.921847957,12175399,-9999,146155.9,17.74,-1,0.647387894,0.463386251,0.594745702,0.515930031,1,0.047619048,2.063492063,N3 S2 P1 O3,de-protonated,0,-9999,C63 H130 O3 N3 P1 S2,63,130,3,3,1,2,-9999,-9999
992,1070.922233,1070.922541259,1070.923347559,12175399,-9999,146155.9,17.74,-1,-0.752901701,0.451128364,0.572644131,0.499734671,11,0.072463768,1.753623188,N3 O5,de-protonated,0,-9999,C69 H121 O5 N3,69,121,5,3,-9999,-9999,-9999,-9999
993,1071.088257,1071.08856531,1071.088275718,14149677,-9999,229755.2,20.93,-1,0.270371391,0.493411778,0.653607294,0.557489984,32,0.448979592,0.755102041,S2 P1 O22,de-protonated,0,-9999,C49 H37 O22 P1 S2,49,37,22,-9999,1,2,-9999,-9999
993,1071.088257,1071.08856531,1071.089613128,14149677,-9999,229755.2,20.93,-1,-0.978273788,0.420295548,0.649019222,0.511785017,37,0.36,0.66,N4 S2 P1 O18,de-protonated,0,-9999,C50 H33 O18 N4 P1 S2,50,33,18,4,1,2,-9999,-9999
993,1071.088257,1071.08856531,1071.088743749,14149677,-9999,229755.2,20.93,-1,-0.166595928,0.497488348,0.653607294,0.559935926,38,0.469387755,0.591836735,N4 P1 O23,de-protonated,0,-9999,C49 H29 O23 N4 P1,49,29,23,4,1,-9999,-9999,-9999
994,1071.093292,1071.093600311,1071.093146623,19228718,-9999,236583.1,29.12,-1,0.42357474,0.483984742,0.640033642,0.546404302,37,0.461538462,0.615384615,S1 O24,de-protonated,0,-9999,C52 H32 O24 S1,52,32,24,-9999,-9999,1,-9999,-9999
994,1071.093292,1071.093600311,1071.094041716,19228718,-9999,236583.1,29.12,-1,-0.41210666,0.323218064,0.468208839,0.381214374,6,0.013333333,1.88,N1 O1,de-protonated,0,-9999,C75 H141 O1 N1,75,141,1,1,-9999,-9999,-9999,-9999
995,1072.104047,1072.104355621,1072.104654058,9398348,-9999,362013.8,13.26,-1,-0.278365533,0.986038398,0,0.591623039,27,0.533333333,0.888888889,N1 S2 P1 O24,de-protonated,0,-9999,C45 H40 O24 N1 P1 S2,45,40,24,1,1,2,-9999,-9999
996,1072.890644,1072.890952863,1072.891378724,9889888,-9999,174269.7,14.06,-1,-0.396929195,0.485908509,0.572644131,0.520602757,11,0.101449275,1.724637681,N1 O7,de-protonated,0,-9999,C69 H119 O7 N1,69,119,7,1,-9999,-9999,-9999,-9999
996,1072.890644,1072.890952863,1072.890727276,9889888,-9999,174269.7,14.06,-1,0.210260712,0.49600516,0.602496955,0.538601878,2,0.14754098399999999,2.016393443,N3 S1 O9,de-protonated,0,-9999,C61 H123 O9 N3 S1,61,123,9,3,-9999,1,-9999,-9999
997,1075.042526,1075.042835523,1075.043433525,14641285,-9999,310603.5,21.72,-1,-0.556258532,0.472701259,0.649019222,0.543228444,37,0.48,0.58,S1 P1 O24,de-protonated,0,-9999,C50 H29 O24 P1 S1,50,29,24,-9999,1,1,-9999,-9999
998,1075.095993,1075.096302539,1075.096792709,10381446,-9999,309155.7,14.85,-1,-0.455930445,0.962984267,0,0.57779056,40,0.351851852,0.592592593,N2 S2 O19,de-protonated,0,-9999,C54 H32 O19 N2 S2,54,32,19,2,-9999,2,-9999,-9999
999,1075.215165,1075.215474576,1075.215845215,15870088,-9999,198137.4,23.7,-1,-0.344711825,0.489334954,0.627012296,0.544405891,32,0.345454545,0.872727273,S2 O19,de-protonated,0,-9999,C55 H48 O19 S2,55,48,19,-9999,-9999,2,-9999,-9999
999,1075.215165,1075.215474576,1075.214975835,15870088,-9999,198137.4,23.7,-1,0.463851662,0.480856023,0.631293472,0.541031002,33,0.444444444,0.814814815,O24,de-protonated,0,-9999,C54 H44 O24,54,44,24,-9999,-9999,-9999,-9999,-9999
999,1075.215165,1075.215474576,1075.215465093,15870088,-9999,198137.4,23.7,-1,0.008819538,0.499992943,0.618621811,0.54744449,37,0.280701754,0.789473684,N2 S1 P1 O16,de-protonated,0,-9999,C57 H45 O16 N2 P1 S1,57,45,16,2,1,1,-9999,-9999
999,1075.215165,1075.215474576,1075.214813644,15870088,-9999,198137.4,23.7,-1,0.614697245,0.466868308,0.653607294,0.541563902,28,0.367346939,1,N4 S2 P1 O18,de-protonated,0,-9999,C49 H49 O18 N4 P1 S2,49,49,18,4,1,2,-9999,-9999
999,1075.215165,1075.215474576,1075.216313246,15870088,-9999,198137.4,23.7,-1,-0.780001434,0.447740719,0.627012296,0.519449349,38,0.363636364,0.727272727,N4 O20,de-protonated,0,-9999,C55 H40 O20 N4,55,40,20,4,-9999,-9999,-9999,-9999
1000,1076.759371,1076.75968105,1076.759378751,18311316,-9999,248265.4,27.64,-1,0.280748197,0.49290004,0.587191358,0.530616567,13,0.138461538,1.646153846,N1 S1 O9,de-protonated,0,-9999,C65 H107 O9 N1 S1,65,107,9,1,-9999,1,-9999,-9999
1000,1076.759371,1076.75968105,1076.759511693,18311316,-9999,248265.4,27.64,-1,0.157283518,0.497760681,0.631293472,0.551173798,0,0.314814815,2.074074074,N1 P1 O17,de-protonated,0,-9999,C54 H112 O17 N1 P1,54,112,17,1,1,-9999,-9999,-9999
1000,1076.759371,1076.75968105,1076.759868009,18311316,-9999,248265.4,27.64,-1,-0.173631188,0.497272329,0.576212942,0.528848574,17,0.014705882,1.588235294,N3 S2 P1 O1,de-protonated,0,-9999,C68 H108 O1 N3 P1 S2,68,108,1,3,1,2,-9999,-9999
1000,1076.759371,1076.75968105,1076.758998629,18311316,-9999,248265.4,27.64,-1,0.633772994,0.464855186,0.579826515,0.510843718,18,0.089552239,1.552238806,N3 P1 O6,de-protonated,0,-9999,C67 H104 O6 N3 P1,67,104,6,3,1,-9999,-9999,-9999
1000,1076.759371,1076.75968105,1076.758727303,18311316,-9999,248265.4,27.64,-1,0.885757329,0.433655144,0.618621811,0.507641811,4,0.192982456,1.947368421,N3 S2 O11,de-protonated,0,-9999,C57 H111 O11 N3 S2,57,111,11,3,-9999,2,-9999,-9999
1001,1077.250594,1077.2509042,1077.250255666,8710294,-9999,321896.3,12.15,-1,0.602027301,0.936352104,0,0.561811262,17,0.533333333,1.311111111,S2 P1 O24,de-protonated,0,-9999,C45 H59 O24 P1 S2,45,59,24,-9999,1,2,-9999,-9999
1001,1077.250594,1077.2509042,1077.250590755,8710294,-9999,321896.3,12.15,-1,0.290967716,0.984755544,0,0.590853326,36,0.303571429,0.821428571,N4 S1 O17,de-protonated,0,-9999,C56 H46 O17 N4 S1,56,46,17,4,-9999,1,-9999,-9999
1001,1077.250594,1077.2509042,1077.251593077,8710294,-9999,321896.3,12.15,-1,-0.639475922,0.928486245,0,0.557091747,22,0.434782609,1.195652174,N4 S2 P1 O20,de-protonated,0,-9999,C46 H55 O20 N4 P1 S2,46,55,20,4,1,2,-9999,-9999
1001,1077.250594,1077.2509042,1077.250723697,8710294,-9999,321896.3,12.15,-1,0.167559334,0.994918577,0,0.596951146,23,0.555555556,1.133333333,N4 P1 O25,de-protonated,0,-9999,C45 H51 O25 N4 P1,45,51,25,4,1,-9999,-9999,-9999
1002,1077.2552,1077.255510202,1077.256267277,22341782,-9999,327791.3,34.14,-1,-0.702781451,0.457140266,0.610452919,0.518465327,35,0.271186441,0.86440678,S1 P1 O16,de-protonated,0,-9999,C59 H51 O16 P1 S1,59,51,16,-9999,1,1,-9999,-9999
1002,1077.2552,1077.255510202,1077.254613507,22341782,-9999,327791.3,34.14,-1,0.832388691,0.440930637,0.602496955,0.505557164,40,0.245901639,0.754098361,N2 S1 O15,de-protonated,0,-9999,C61 H46 O15 N2 S1,61,46,15,2,-9999,1,-9999,-9999
1002,1077.2552,1077.255510202,1077.255615829,22341782,-9999,327791.3,34.14,-1,-0.098051977,0.499128519,0.644495114,0.557275157,26,0.352941176,1.078431373,N2 S2 P1 O18,de-protonated,0,-9999,C51 H55 O18 N2 P1 S2,51,55,18,2,1,2,-9999,-9999
1002,1077.2552,1077.255510202,1077.254746449,22341782,-9999,327791.3,34.14,-1,0.708980703,0.456414896,0.649019222,0.533456627,27,0.46,1.02,N2 P1 O23,de-protonated,0,-9999,C50 H51 O23 N2 P1,50,51,23,2,1,-9999,-9999,-9999
1002,1077.2552,1077.255510202,1077.256463982,22341782,-9999,327791.3,34.14,-1,-0.885378964,0.433707878,0.653607294,0.521667644,27,0.448979592,1.020408163,N4 S1 O22,de-protonated,0,-9999,C49 H50 O22 N4 S1,49,50,22,4,-9999,1,-9999,-9999
1003,1077.259303,1077.259613203,1077.259638581,9496726,-9999,513226.4,13.42,-1,-0.023557723,0.999899307,0,0.599939584,30,0.285714286,0.982142857,S2 P1 O16,de-protonated,0,-9999,C56 H55 O16 P1 S2,56,55,16,-9999,1,2,-9999,-9999
1003,1077.259303,1077.259613203,1077.258769201,9496726,-9999,513226.4,13.42,-1,0.783472003,0.89460021,0,0.536760126,31,0.381818182,0.927272727,P1 O21,de-protonated,0,-9999,C55 H51 O21 P1,55,51,21,-9999,1,-9999,-9999,-9999
1003,1077.259303,1077.259613203,1077.260486734,9496726,-9999,513226.4,13.42,-1,-0.810881829,0.887534544,0,0.532520727,31,0.37037037,0.925925926,N2 S1 O20,de-protonated,0,-9999,C54 H50 O20 N2 S1,54,50,20,2,-9999,1,-9999,-9999
1003,1077.259303,1077.259613203,1077.260106611,9496726,-9999,513226.4,13.42,-1,-0.458021634,0.962650369,0,0.577590221,36,0.303571429,0.839285714,N4 P1 O17,de-protonated,0,-9999,C56 H47 O17 N4 P1,56,47,17,4,1,-9999,-9999,-9999
1003,1077.259303,1077.259613203,1077.259835285,9496726,-9999,513226.4,13.42,-1,-0.206154789,0.992318125,0,0.595390875,22,0.47826087,1.173913043,N4 S2 O22,de-protonated,0,-9999,C46 H54 O22 N4 S2,46,54,22,4,-9999,2,-9999,-9999
1004,1077.31479,1077.31510022,1077.316151136,17524886,-9999,183602.1,26.37,-1,-0.975495048,0.42070978,0.590944388,0.488803623,38,0.21875,0.84375,S1 O14,de-protonated,0,-9999,C64 H54 O14 S1,64,54,14,-9999,-9999,1,-9999,-9999
1004,1077.31479,1077.31510022,1077.315499688,17524886,-9999,183602.1,26.37,-1,-0.370799353,0.487680426,0.622788794,0.541723773,29,0.285714286,1.035714286,N2 S2 O16,de-protonated,0,-9999,C56 H58 O16 N2 S2,56,58,16,2,-9999,2,-9999,-9999
1004,1077.31479,1077.31510022,1077.314630308,17524886,-9999,183602.1,26.37,-1,0.436188247,0.48303332,0.627012296,0.54062491,30,0.381818182,0.981818182,N2 O21,de-protonated,0,-9999,C55 H54 O21 N2,55,54,21,2,-9999,-9999,-9999,-9999
1004,1077.31479,1077.31510022,1077.31563263,17524886,-9999,183602.1,26.37,-1,-0.494200218,0.478325846,0.672627142,0.556046364,16,0.533333333,1.4,N2 S1 P1 O24,de-protonated,0,-9999,C45 H63 O24 N2 P1 S1,45,63,24,2,1,1,-9999,-9999
1004,1077.31479,1077.31510022,1077.315119565,17524886,-9999,183602.1,26.37,-1,-0.017957021,0.499970746,0.614510218,0.545786535,34,0.224137931,0.948275862,N4 S1 P1 O13,de-protonated,0,-9999,C58 H55 O13 N4 P1 S1,58,55,13,4,1,1,-9999,-9999
1005,1078.33807,1078.338380534,1078.338402704,13199511,-9999,243463,19.4,-1,-0.020559086,0.499961654,0.635633513,0.554230398,24,0.396226415,1.150943396,N1 S1 O21,de-protonated,0,-9999,C53 H61 O21 N1 S1,53,61,21,1,-9999,1,-9999,-9999
1005,1078.33807,1078.338380534,1078.339405025,13199511,-9999,243463,19.4,-1,-0.950063818,0.84892924,0,0.509357544,10,0.558139535,1.627906977,N1 S2 P1 O24,de-protonated,0,-9999,C43 H70 O24 N1 P1 S2,43,70,24,1,1,2,-9999,-9999
1005,1078.33807,1078.338380534,1078.338891961,13199511,-9999,243463,19.4,-1,-0.474272983,0.480003772,0.622788794,0.537117781,28,0.232142857,1.107142857,N3 S2 P1 O13,de-protonated,0,-9999,C56 H62 O13 N3 P1 S2,56,62,13,3,1,2,-9999,-9999
1005,1078.33807,1078.338380534,1078.338022581,13199511,-9999,243463,19.4,-1,0.331948665,0.490102368,0.627012296,0.544866339,29,0.327272727,1.054545455,N3 P1 O18,de-protonated,0,-9999,C55 H58 O18 N3 P1,55,58,18,3,1,-9999,-9999,-9999
1005,1078.33807,1078.338380534,1078.337751255,13199511,-9999,243463,19.4,-1,0.583563941,0.470039304,0.672627142,0.551074439,15,0.511111111,1.444444444,N3 S2 O23,de-protonated,0,-9999,C45 H65 O23 N3 S2,45,65,23,3,-9999,2,-9999,-9999
1006,1078.864628,1078.864938695,1078.864058297,11528342,-9999,309316.3,16.7,-1,0.816041745,0.44309183,0.602496955,0.50685388,0,0.114754098,2.06557377,N1 S2 P1 O7,de-protonated,0,-9999,C61 H126 O7 N1 P1 S2,61,126,7,1,1,2,-9999,-9999
1006,1078.864628,1078.864938695,1078.865557899,11528342,-9999,309316.3,16.7,-1,-0.573939669,0.470990384,0.579826515,0.514524836,10,0.134328358,1.746268657,N1 O9,de-protonated,0,-9999,C67 H117 O9 N1,67,117,9,1,-9999,-9999,-9999,-9999
1006,1078.864628,1078.864938695,1078.86490645,11528342,-9999,309316.3,16.7,-1,0.029887837,0.499918964,0.610452919,0.544132546,1,0.186440678,2.050847458,N3 S1 O11,de-protonated,0,-9999,C59 H121 O11 N3 S1,59,121,11,3,-9999,1,-9999,-9999
1007,1079.193401,1079.193711796,1079.193469801,15919253,-9999,241806.4,23.78,-1,0.224237317,0.495458912,0.631293472,0.549792736,37,0.351851852,0.740740741,N4 S1 O19,de-protonated,0,-9999,C54 H40 O19 N4 S1,54,40,19,4,-9999,1,-9999,-9999
1007,1079.193401,1079.193711796,1079.194472122,15919253,-9999,241806.4,23.78,-1,-0.704531178,0.456936061,0.677556332,0.545184169,23,0.5,1.113636364,N4 S2 P1 O22,de-protonated,0,-9999,C44 H49 O22 N4 P1 S2,44,49,22,4,1,2,-9999,-9999
1008,1079.309767,1079.310077832,1079.310804775,16312468,-9999,212197.3,24.42,-1,-0.673524834,0.460492467,0.622788794,0.525410998,29,0.357142857,1.017857143,P1 O20,de-protonated,0,-9999,C56 H57 O20 P1,56,57,20,-9999,1,-9999,-9999,-9999
1008,1079.309767,1079.310077832,1079.310533448,16312468,-9999,212197.3,24.42,-1,-0.422136593,0.484091563,0.667769153,0.557562599,15,0.543478261,1.391304348,S2 O25,de-protonated,0,-9999,C46 H64 O25 S2,46,64,25,-9999,-9999,2,-9999,-9999
1008,1079.309767,1079.310077832,1079.310020384,16312468,-9999,212197.3,24.42,-1,0.053226393,0.49974304,0.610452919,0.544026991,33,0.237288136,0.949152542,N2 S2 O14,de-protonated,0,-9999,C59 H56 O14 N2 S2,59,56,14,2,-9999,2,-9999,-9999
1008,1079.309767,1079.310077832,1079.309151004,16312468,-9999,212197.3,24.42,-1,0.858723053,0.437381967,0.614510218,0.508233267,34,0.327586207,0.896551724,N2 O19,de-protonated,0,-9999,C58 H52 O19 N2,58,52,19,2,-9999,-9999,-9999,-9999
1008,1079.309767,1079.310077832,1079.310153326,16312468,-9999,212197.3,24.42,-1,-0.069946484,0.499556327,0.658260696,0.563038075,20,0.458333333,1.270833333,N2 S1 P1 O22,de-protonated,0,-9999,C48 H61 O22 N2 P1 S1,48,61,22,2,1,1,-9999,-9999
1008,1079.309767,1079.310077832,1079.309640262,16312468,-9999,212197.3,24.42,-1,0.405416836,0.485308457,0.602496955,0.532183856,38,0.180327869,0.868852459,N4 S1 P1 O11,de-protonated,0,-9999,C61 H53 O11 N4 P1 S1,61,53,11,4,1,1,-9999,-9999
1008,1079.309767,1079.310077832,1079.309501877,16312468,-9999,212197.3,24.42,-1,0.533632594,0.474821095,0.698017357,0.5640996,11,0.6,1.625,N4 S2 P1 O24,de-protonated,0,-9999,C40 H65 O24 N4 P1 S2,40,65,24,4,1,2,-9999,-9999
1009,1081.424888,1081.425199481,1081.426095511,10791044,-9999,249137.9,15.51,-1,-0.828563287,0.441439275,0.610452919,0.509044733,25,0.288135593,1.186440678,S1 O17,de-protonated,0,-9999,C59 H70 O17 S1,59,70,17,-9999,-9999,1,-9999,-9999
1009,1081.424888,1081.425199481,1081.426228453,10791044,-9999,249137.9,15.51,-1,-0.951495038,0.848510124,0,0.509106074,12,0.520833333,1.5625,P1 O25,de-protonated,0,-9999,C48 H75 O25 P1,48,75,25,-9999,1,-9999,-9999,-9999
1009,1081.424888,1081.425199481,1081.425715388,10791044,-9999,249137.9,15.51,-1,-0.477062301,0.479772712,0.602496955,0.528862409,30,0.229508197,1.098360656,N2 P1 O14,de-protonated,0,-9999,C61 H67 O14 N2 P1,61,67,14,2,1,-9999,-9999,-9999
1009,1081.424888,1081.425199481,1081.425444062,10791044,-9999,249137.9,15.51,-1,-0.226165643,0.990761675,0,0.594457005,16,0.37254902,1.450980392,N2 S2 O19,de-protonated,0,-9999,C51 H74 O19 N2 S2,51,74,19,2,-9999,2,-9999,-9999
1009,1081.424888,1081.425199481,1081.424574682,10791044,-9999,249137.9,15.51,-1,0.577755124,0.941229999,0,0.564737999,17,0.48,1.4,N2 O24,de-protonated,0,-9999,C50 H70 O24 N2,50,70,24,2,-9999,-9999,-9999,-9999
1009,1081.424888,1081.425199481,1081.424930998,10791044,-9999,249137.9,15.51,-1,0.248267783,0.494439187,0.590944388,0.533041268,34,0.125,1.03125,N4 S2 O8,de-protonated,0,-9999,C64 H66 O8 N4 S2,64,66,8,4,-9999,2,-9999,-9999
1009,1081.424888,1081.425199481,1081.42506394,10791044,-9999,249137.9,15.51,-1,0.125335767,0.498576836,0.635633513,0.553399507,21,0.301886792,1.339622642,N4 S1 P1 O16,de-protonated,0,-9999,C53 H71 O16 N4 P1 S1,53,71,16,4,1,1,-9999,-9999
1010,1081.480338,1081.480649498,1081.481379791,26306692,-9999,219781.4,40.53,-1,-0.675271051,0.306863807,0.485764205,0.378423966,37,0.112676056,1,P1 O8,de-protonated,0,-9999,C71 H71 O8 P1,71,71,8,-9999,1,-9999,-9999,-9999
1010,1081.480338,1081.480649498,1081.481108465,26306692,-9999,219781.4,40.53,-1,-0.424387356,0.483924233,0.602496955,0.531353322,23,0.213114754,1.278688525,S2 O13,de-protonated,0,-9999,C61 H78 O13 S2,61,78,13,-9999,-9999,2,-9999,-9999
1010,1081.480338,1081.480649498,1081.480239085,26306692,-9999,219781.4,40.53,-1,0.379491873,0.487103649,0.606448844,0.534841727,24,0.3,1.233333333,O18,de-protonated,0,-9999,C60 H74 O18,60,74,18,-9999,-9999,-9999,-9999,-9999
1010,1081.480338,1081.480649498,1081.481241407,26306692,-9999,219781.4,40.53,-1,-0.547312903,0.473548761,0.649019222,0.543736946,10,0.42,1.66,S1 P1 O21,de-protonated,0,-9999,C50 H83 O21 P1 S1,50,83,21,-9999,1,1,-9999,-9999
1010,1081.480338,1081.480649498,1081.480728342,26306692,-9999,219781.4,40.53,-1,-0.072904108,0.499518032,0.594745702,0.5376091,28,0.158730159,1.19047619,N2 S1 P1 O10,de-protonated,0,-9999,C63 H75 O10 N2 P1 S1,63,75,10,2,1,1,-9999,-9999
1010,1081.480338,1081.480649498,1081.479587636,26306692,-9999,219781.4,40.53,-1,0.981860087,0.419759795,0.640033642,0.507869334,15,0.384615385,1.5,N2 S1 O20,de-protonated,0,-9999,C52 H78 O20 N2 S1,52,78,20,2,-9999,1,-9999,-9999
1010,1081.480338,1081.480649498,1081.480589958,26306692,-9999,219781.4,40.53,-1,0.055054194,0.499725093,0.68763467,0.574888924,1,0.547619048,2.071428571,N2 S2 P1 O23,de-protonated,0,-9999,C42 H87 O23 N2 P1 S2,42,87,23,2,1,2,-9999,-9999
1010,1081.480338,1081.480649498,1081.480076894,26306692,-9999,219781.4,40.53,-1,0.52946356000000006,0.475203098,0.627012296,0.535926777,19,0.218181818,1.436363636,N4 S2 P1 O12,de-protonated,0,-9999,C55 H79 O12 N4 P1 S2,55,79,12,4,1,2,-9999,-9999
1010,1081.480338,1081.480649498,1081.481576495,26306692,-9999,219781.4,40.53,-1,-0.857155201,0.437595523,0.602496955,0.503556096,29,0.229508197,1.147540984,N4 O14,de-protonated,0,-9999,C61 H70 O14 N4,61,70,14,4,-9999,-9999,-9999,-9999
1011,1082.337796,1082.338107761,1082.337829332,8841337,-9999,308115.7,12.37,-1,0.257247374,0.988064217,0,0.59283853,31,0.2,1.033333333,N1 S2 P1 O12,de-protonated,0,-9999,C60 H62 O12 N1 P1 S2,60,62,12,1,1,2,-9999,-9999
1011,1082.337796,1082.338107761,1082.338677486,8841337,-9999,308115.7,12.37,-1,-0.526382931,0.950967284,0,0.57058037,32,0.275862069,0.982758621,N3 S1 O16,de-protonated,0,-9999,C58 H57 O16 N3 S1,58,57,16,3,-9999,1,-9999,-9999
1011,1082.337796,1082.338107761,1082.338810427,8841337,-9999,308115.7,12.37,-1,-0.649211068,0.926375066,0,0.55582504,19,0.510638298,1.319148936,N3 P1 O24,de-protonated,0,-9999,C47 H62 O24 N3 P1,47,62,24,3,1,-9999,-9999,-9999
1012,1083.552914,1083.553226134,1083.554273407,33351784,-9999,274293,51.9,-1,-0.966516331,0.281361975,0.543986559,0.386411809,16,0.237288136,1.491525424,S2 O14,de-protonated,0,-9999,C59 H88 O14 S2,59,88,14,-9999,-9999,2,-9999,-9999
1012,1083.552914,1083.553226134,1083.553404027,33351784,-9999,274293,51.9,-1,-0.1641756,0.33170708,0.549245293,0.418722365,17,0.327586207,1.448275862,O19,de-protonated,0,-9999,C58 H84 O19,58,84,19,-9999,-9999,-9999,-9999,-9999
1012,1083.552914,1083.553226134,1083.553760342,33351784,-9999,274293,51.9,-1,-0.493015363,0.318951585,0.481293734,0.383888445,34,0.041666667,1.111111111,N2 S2 O3,de-protonated,0,-9999,C72 H80 O3 N2 S2,72,80,3,2,-9999,2,-9999,-9999
1012,1083.552914,1083.553226134,1083.552890963,33351784,-9999,274293,51.9,-1,0.309326127,0.327596117,0.485764205,0.390863352,35,0.112676056,1.070422535,N2 O8,de-protonated,0,-9999,C71 H76 O8 N2,71,76,8,2,-9999,-9999,-9999,-9999
1012,1083.552914,1083.553226134,1083.553893284,33351784,-9999,274293,51.9,-1,-0.615705767,0.311175467,0.533665548,0.400171499,21,0.180327869,1.393442623,N2 S1 P1 O11,de-protonated,0,-9999,C61 H85 O11 N2 P1 S1,61,85,11,2,1,1,-9999,-9999
1012,1083.552914,1083.553226134,1083.552752578,33351784,-9999,274293,51.9,-1,0.437039773,0.482968153,0.649019222,0.549388581,8,0.42,1.76,N2 S1 O21,de-protonated,0,-9999,C50 H88 O21 N2 S1,50,88,21,2,-9999,1,-9999,-9999
1012,1083.552914,1083.553226134,1083.552239514,33351784,-9999,274293,51.9,-1,0.91054207,0.286777389,0.523600568,0.381506661,26,0.158730159,1.26984127,N4 S1 O10,de-protonated,0,-9999,C63 H80 O10 N4 S1,63,80,10,4,-9999,1,-9999,-9999
1012,1083.552914,1083.553226134,1083.553241835,33351784,-9999,274293,51.9,-1,-0.014490936,0.499980949,0.635633513,0.554241975,12,0.245283019,1.679245283,N4 S2 P1 O13,de-protonated,0,-9999,C53 H89 O13 N4 P1 S2,53,89,13,4,1,2,-9999,-9999
1012,1083.552914,1083.553226134,1083.552372456,33351784,-9999,274293,51.9,-1,0.787851322,0.446741951,0.640033642,0.524058627,13,0.346153846,1.634615385,N4 P1 O18,de-protonated,0,-9999,C52 H85 O18 N4 P1,52,85,18,4,1,-9999,-9999,-9999
1013,1084.585843,1084.586155451,1084.587048594,13592664,-9999,335611.9,20.03,-1,-0.823487219,0.442111487,0.569119254,0.492914594,28,0.042857143,1.257142857,N1 S2 P1 O3,de-protonated,0,-9999,C70 H88 O3 N1 P1 S2,70,88,3,1,1,2,-9999,-9999
1013,1084.585843,1084.586155451,1084.586179214,13592664,-9999,335611.9,20.03,-1,-0.021910387,0.499956448,0.572644131,0.529031521,29,0.115942029,1.217391304,N1 P1 O8,de-protonated,0,-9999,C69 H84 O8 N1 P1,69,84,8,1,1,-9999,-9999,-9999
1013,1084.585843,1084.586155451,1084.585907888,13592664,-9999,335611.9,20.03,-1,0.228255277,0.495295491,0.610452919,0.541358462,15,0.220338983,1.542372881,N1 S2 O13,de-protonated,0,-9999,C59 H91 O13 N1 S2,59,91,13,1,-9999,2,-9999,-9999
1013,1084.585843,1084.586155451,1084.58604083,13592664,-9999,335611.9,20.03,-1,0.105681544,0.498987763,0.658260696,0.562696936,2,0.4375,2,N1 S1 P1 O21,de-protonated,0,-9999,C48 H96 O21 N1 P1 S1,48,96,21,1,1,1,-9999,-9999
1013,1084.585843,1084.586155451,1084.585394824,13592664,-9999,335611.9,20.03,-1,0.701306426,0.457312088,0.562198102,0.499266493,33,0.027777778,1.152777778,N3 S2 O2,de-protonated,0,-9999,C72 H83 O2 N3 S2,72,83,2,3,-9999,2,-9999,-9999
1013,1084.585843,1084.586155451,1084.585527766,13592664,-9999,335611.9,20.03,-1,0.578732577,0.47051848,0.602496955,0.52330987,20,0.163934426,1.442622951,N3 S1 P1 O10,de-protonated,0,-9999,C61 H88 O10 N3 P1 S1,61,88,10,3,1,1,-9999,-9999
1013,1084.585843,1084.586155451,1084.586888983,13592664,-9999,335611.9,20.03,-1,-0.676324276,0.460176832,0.667769153,0.54321376,3,0.543478261,1.97826087,N3 O25,de-protonated,0,-9999,C46 H91 O25 N3,46,91,25,3,-9999,-9999,-9999,-9999
1014,1085.237185,1085.237497651,1085.23658066,9693261,-9999,323656.5,13.74,-1,0.84496811,0.878491436,0,0.527094862,33,0.315789474,0.877192982,S2 O18,de-protonated,0,-9999,C57 H50 O18 S2,57,50,18,-9999,-9999,2,-9999,-9999
1014,1085.237185,1085.237497651,1085.238431135,9693261,-9999,323656.5,13.74,-1,-0.860165325,0.874370527,0,0.524622316,20,0.555555556,1.2,N2 S2 O25,de-protonated,0,-9999,C45 H54 O25 N2 S2,45,54,25,2,-9999,2,-9999,-9999
1014,1085.237185,1085.237497651,1085.237918071,9693261,-9999,323656.5,13.74,-1,-0.387399123,0.973135963,0,0.583881578,38,0.24137931,0.793103448,N4 S2 O14,de-protonated,0,-9999,C58 H46 O14 N4 S2,58,46,14,4,-9999,2,-9999,-9999
1014,1085.237185,1085.237497651,1085.237048691,9693261,-9999,323656.5,13.74,-1,0.413697314,0.969423106,0,0.581653864,39,0.333333333,0.736842105,N4 O19,de-protonated,0,-9999,C57 H42 O19 N4,57,42,19,4,-9999,-9999,-9999,-9999
1014,1085.237185,1085.237497651,1085.238051012,9693261,-9999,323656.5,13.74,-1,-0.509899139,0.953919361,0,0.572351617,25,0.468085106,1.085106383,N4 S1 P1 O22,de-protonated,0,-9999,C47 H51 O22 N4 P1 S1,47,51,22,4,1,1,-9999,-9999
1015,1085.511245,1085.511557735,1085.512408594,11151432,-9999,268190.6,16.09,-1,-0.783831781,0.447254342,0.602496955,0.509351387,21,0.213114754,1.344262295,S2 O13,de-protonated,0,-9999,C61 H82 O13 S2,61,82,13,-9999,-9999,2,-9999,-9999
1015,1085.511245,1085.511557735,1085.511539214,11151432,-9999,268190.6,16.09,-1,0.017061767,0.49997359,0.606448844,0.542563692,22,0.3,1.3,O18,de-protonated,0,-9999,C60 H78 O18,60,78,18,-9999,-9999,-9999,-9999,-9999
1015,1085.511245,1085.511557735,1085.512541535,11151432,-9999,268190.6,16.09,-1,-0.906300772,0.861535928,0,0.516921557,8,0.42,1.74,S1 P1 O21,de-protonated,0,-9999,C50 H87 O21 P1 S1,50,87,21,-9999,1,1,-9999,-9999
1015,1085.511245,1085.511557735,1085.511895529,11151432,-9999,268190.6,16.09,-1,-0.311184867,0.491291348,0.555443265,0.516952115,39,0.027027027,1,N2 S2 O2,de-protonated,0,-9999,C74 H74 O2 N2 S2,74,74,2,2,-9999,2,-9999,-9999
1015,1085.511245,1085.511557735,1085.51102615,11151432,-9999,268190.6,16.09,-1,0.489709439,0.47870949,0.558800271,0.510745803,40,0.095890411,0.95890411,N2 O7,de-protonated,0,-9999,C73 H70 O7 N2,73,70,7,2,-9999,-9999,-9999,-9999
1015,1085.511245,1085.511557735,1085.512028471,11151432,-9999,268190.6,16.09,-1,-0.433653974,0.483226567,0.594745702,0.527834221,26,0.158730159,1.253968254,N2 S1 P1 O10,de-protonated,0,-9999,C63 H79 O10 N2 P1 S1,63,79,10,2,1,1,-9999,-9999
1015,1085.511245,1085.511557735,1085.510887765,11151432,-9999,268190.6,16.09,-1,0.617192728,0.46660796,0.640033642,0.535978233,13,0.384615385,1.576923077,N2 S1 O20,de-protonated,0,-9999,C52 H82 O20 N2 S1,52,82,20,2,-9999,1,-9999,-9999
1015,1085.511245,1085.511557735,1085.511377023,11151432,-9999,268190.6,16.09,-1,0.166476445,0.49749194,0.627012296,0.549300082,17,0.218181818,1.509090909,N4 S2 P1 O12,de-protonated,0,-9999,C55 H83 O12 N4 P1 S2,55,83,12,4,1,2,-9999,-9999
1015,1085.511245,1085.511557735,1085.510507643,11151432,-9999,268190.6,16.09,-1,0.967371516,0.421916332,0.631293472,0.505667188,18,0.314814815,1.462962963,N4 P1 O17,de-protonated,0,-9999,C54 H79 O17 N4 P1,54,79,17,4,1,-9999,-9999,-9999
1016,1085.627298,1085.62761077,1085.627576733,12544070,-9999,246800.4,18.34,-1,0.031352585,0.499910827,0.542409123,0.516910146,36,0.025641026,1.102564103,S1 O2,de-protonated,0,-9999,C78 H86 O2 S1,78,86,2,-9999,-9999,1,-9999,-9999
1016,1085.627298,1085.62761077,1085.628579055,12544070,-9999,246800.4,18.34,-1,-0.891911274,0.432795197,0.576212942,0.490162295,22,0.073529412,1.397058824,S2 P1 O5,de-protonated,0,-9999,C68 H95 O5 P1 S2,68,95,5,-9999,1,2,-9999,-9999
1016,1085.627298,1085.62761077,1085.627709675,12544070,-9999,246800.4,18.34,-1,-0.091103514,0.499247568,0.579826515,0.531479147,23,0.149253731,1.358208955,P1 O10,de-protonated,0,-9999,C67 H91 O10 P1,67,91,10,-9999,1,-9999,-9999,-9999
1016,1085.627298,1085.62761077,1085.627438349,12544070,-9999,246800.4,18.34,-1,0.158822129,0.497716756,0.618621811,0.546078778,9,0.263157895,1.719298246,S2 O15,de-protonated,0,-9999,C57 H98 O15 S2,57,98,15,-9999,-9999,2,-9999,-9999
1016,1085.627298,1085.62761077,1085.626568969,12544070,-9999,246800.4,18.34,-1,0.959631572,0.423059706,0.622788794,0.502951341,10,0.357142857,1.678571429,O20,de-protonated,0,-9999,C56 H94 O20,56,94,20,-9999,-9999,-9999,-9999,-9999
1016,1085.627298,1085.62761077,1085.626925284,12544070,-9999,246800.4,18.34,-1,0.631419409,0.465106419,0.569119254,0.506711553,27,0.057142857,1.285714286,N2 S2 O4,de-protonated,0,-9999,C70 H90 O4 N2 S2,70,90,4,2,-9999,2,-9999,-9999
1016,1085.627298,1085.62761077,1085.627058226,12544070,-9999,246800.4,18.34,-1,0.508963163,0.477042219,0.610452919,0.530406499,14,0.203389831,1.610169492,N2 S1 P1 O12,de-protonated,0,-9999,C59 H95 O12 N2 P1 S1,59,95,12,2,1,1,-9999,-9999
1016,1085.627298,1085.62761077,1085.626545162,12544070,-9999,246800.4,18.34,-1,0.981560773,0.419804558,0.562198102,0.476761976,32,0.013888889,1.208333333,N4 S1 P1 O1,de-protonated,0,-9999,C72 H87 O1 N4 P1 S1,72,87,1,4,1,1,-9999,-9999
1016,1085.627298,1085.62761077,1085.627906379,12544070,-9999,246800.4,18.34,-1,-0.272293101,0.493318422,0.618621811,0.543439778,15,0.280701754,1.578947368,N4 O16,de-protonated,0,-9999,C57 H90 O16 N4,57,90,16,4,-9999,-9999,-9999,-9999
1017,1087.376776,1087.377089307,1087.376643394,20047908,-9999,226435,30.44,-1,0.410081404,0.484973602,0.590944388,0.527361917,33,0.1875,1,S2 O12,de-protonated,0,-9999,C64 H64 O12 S2,64,64,12,-9999,-9999,2,-9999,-9999
1017,1087.376776,1087.377089307,1087.376776336,20047908,-9999,226435,30.44,-1,0.287822232,0.492540451,0.635633513,0.549777676,20,0.377358491,1.301886792,S1 P1 O20,de-protonated,0,-9999,C53 H69 O20 P1 S1,53,69,20,-9999,1,1,-9999,-9999
1017,1087.376776,1087.377089307,1087.376263272,20047908,-9999,226435,30.44,-1,0.759659272,0.450292463,0.583485697,0.503569757,38,0.136363636,0.924242424,N2 S1 P1 O9,de-protonated,0,-9999,C66 H61 O9 N2 P1 S1,66,61,9,2,1,1,-9999,-9999
1017,1087.376776,1087.377089307,1087.376124887,20047908,-9999,226435,30.44,-1,0.886923916,0.433492453,0.672627142,0.529146328,11,0.488888889,1.622222222,N2 S2 P1 O22,de-protonated,0,-9999,C45 H73 O22 N2 P1 S2,45,73,22,2,1,2,-9999,-9999
1017,1087.376776,1087.377089307,1087.377624489,20047908,-9999,226435,30.44,-1,-0.492176727,0.478499107,0.644495114,0.54489751,21,0.470588235,1.254901961,N2 O24,de-protonated,0,-9999,C51 H64 O24 N2,51,64,24,2,-9999,-9999,-9999,-9999
1017,1087.376776,1087.377089307,1087.377980805,20047908,-9999,226435,30.44,-1,-0.819859879,0.442589939,0.587191358,0.500430506,38,0.123076923,0.923076923,N4 S2 O8,de-protonated,0,-9999,C65 H60 O8 N4 S2,65,60,8,4,-9999,2,-9999,-9999
1017,1087.376776,1087.377089307,1087.377111425,20047908,-9999,226435,30.44,-1,-0.020340422,0.499962466,0.590944388,0.536355235,39,0.203125,0.875,N4 O13,de-protonated,0,-9999,C64 H56 O13 N4,64,56,13,4,-9999,-9999,-9999,-9999
1017,1087.376776,1087.377089307,1087.378113746,20047908,-9999,226435,30.44,-1,-0.94211875,0.42562406,0.631293472,0.507891825,25,0.296296296,1.203703704,N4 S1 P1 O16,de-protonated,0,-9999,C54 H65 O16 N4 P1 S1,54,65,16,4,1,1,-9999,-9999
1018,1087.768332,1087.768645427,1087.767772409,13461533,-9999,223286.1,19.82,-1,0.80257809,0.444847385,0.555443265,0.489085737,23,0.054054054,1.418918919,P1 O4,de-protonated,0,-9999,C74 H105 O4 P1,74,105,4,-9999,1,-9999,-9999,-9999
1018,1087.768332,1087.768645427,1087.769489942,13461533,-9999,223286.1,19.82,-1,-0.776372629,0.44819979,0.558800271,0.492439983,23,0.04109589,1.424657534,N2 S1 O3,de-protonated,0,-9999,C73 H104 O3 N2 S1,73,104,3,2,-9999,1,-9999,-9999
1018,1087.768332,1087.768645427,1087.769622883,13461533,-9999,223286.1,19.82,-1,-0.898587502,0.431857483,0.598596236,0.498552984,10,0.177419355,1.758064516,N2 P1 O11,de-protonated,0,-9999,C62 H109 O11 N2 P1,62,109,11,2,1,-9999,-9999,-9999
1018,1087.768332,1087.768645427,1087.768838493,13461533,-9999,223286.1,19.82,-1,-0.177487874,0.497150159,0.587191358,0.533166639,14,0.076923077,1.661538462,N4 S2 O5,de-protonated,0,-9999,C65 H108 O5 N4 S2,65,108,5,4,-9999,2,-9999,-9999
1018,1087.768332,1087.768645427,1087.767969113,13461533,-9999,223286.1,19.82,-1,0.621744812,0.466130713,0.590944388,0.516056183,15,0.15625,1.625,N4 O10,de-protonated,0,-9999,C64 H104 O10 N4,64,104,10,4,-9999,-9999,-9999,-9999
1018,1087.768332,1087.768645427,1087.768971435,13461533,-9999,223286.1,19.82,-1,-0.299702893,0.491917021,0.631293472,0.547667602,1,0.240740741,2.092592593,N4 S1 P1 O13,de-protonated,0,-9999,C54 H113 O13 N4 P1 S1,54,113,13,4,1,1,-9999,-9999
1019,1087.826713,1087.827026445,1087.827656268,88729624,-9999,220610.2,141.21,-1,-0.578972812,0.235247368,0.431982149,0.313941281,26,0.025316456,1.367088608,O2,de-protonated,0,-9999,C79 H108 O2,79,108,2,-9999,-9999,-9999,-9999,-9999
1019,1087.826713,1087.827026445,1087.827004819,88729624,-9999,220610.2,141.21,-1,0.019880039,0.249982073,0.469279594,0.337701081,17,0.056338028,1.577464789,N2 S1 O4,de-protonated,0,-9999,C71 H112 O4 N2 S1,71,112,4,2,-9999,1,-9999,-9999
1019,1087.826713,1087.827026445,1087.828007141,88729624,-9999,220610.2,141.21,-1,-0.901517106,0.215722221,0.509342386,0.333170287,3,0.114754098,1.983606557,N2 S2 P1 O7,de-protonated,0,-9999,C61 H121 O7 N2 P1 S2,61,121,7,2,1,2,-9999,-9999
1019,1087.826713,1087.827026445,1087.827137761,88729624,-9999,220610.2,141.21,-1,-0.10232847,0.332700611,0.538793609,0.41513781,4,0.2,1.95,N2 P1 O12,de-protonated,0,-9999,C60 H117 O12 N2 P1,60,117,12,2,1,-9999,-9999,-9999
1019,1087.826713,1087.827026445,1087.826624696,88729624,-9999,220610.2,141.21,-1,0.369313045,0.243888888,0.459629923,0.330185302,22,0.01369863,1.493150685,N4 P1 O1,de-protonated,0,-9999,C73 H109 O1 N4 P1,73,109,1,4,1,-9999,-9999,-9999
1019,1087.826713,1087.827026445,1087.82635337,88729624,-9999,220610.2,141.21,-1,0.618733607,0.233223375,0.500166084,0.340000459,8,0.095238095,1.841269841,N4 S2 O6,de-protonated,0,-9999,C63 H116 O6 N4 S2,63,116,6,4,-9999,2,-9999,-9999
1020,1088.421487,1088.421800628,1088.421165035,9316368,-9999,256264.2,13.13,-1,0.583958089,0.940000115,0,0.564000069,27,0.180327869,1.180327869,N1 S2 P1 O11,de-protonated,0,-9999,C61 H72 O11 N1 P1 S2,61,72,11,1,1,2,-9999,-9999
1020,1088.421487,1088.421800628,1088.422664637,9316368,-9999,256264.2,13.13,-1,-0.793818004,0.44597761,0.579826515,0.499517172,37,0.194029851,0.940298507,N1 O13,de-protonated,0,-9999,C67 H63 O13 N1,67,63,13,1,-9999,-9999,-9999,-9999
1020,1088.421487,1088.421800628,1088.422013188,9316368,-9999,256264.2,13.13,-1,-0.195292657,0.993103579,0,0.595862147,28,0.254237288,1.13559322,N3 S1 O15,de-protonated,0,-9999,C59 H67 O15 N3 S1,59,67,15,3,-9999,1,-9999,-9999
1020,1088.421487,1088.421800628,1088.42214613,9316368,-9999,256264.2,13.13,-1,-0.317434332,0.981882535,0,0.589129521,15,0.479166667,1.5,N3 P1 O23,de-protonated,0,-9999,C48 H72 O23 N3 P1,48,72,23,3,1,-9999,-9999,-9999
1021,1088.689597,1088.68991071,1088.690250362,20506634,-9999,329304.6,31.18,-1,-0.311982466,0.491247042,0.565637507,0.521003228,25,0.084507042,1.352112676,N1 P1 O6,de-protonated,0,-9999,C71 H96 O6 N1 P1,71,96,6,1,1,-9999,-9999,-9999
1021,1088.689597,1088.68991071,1088.689979036,20506634,-9999,329304.6,31.18,-1,-0.062759932,0.499642782,0.602496955,0.540784451,11,0.180327869,1.68852459,N1 S2 O11,de-protonated,0,-9999,C61 H103 O11 N1 S2,61,103,11,1,-9999,2,-9999,-9999
1021,1088.689597,1088.68991071,1088.689109656,20506634,-9999,329304.6,31.18,-1,0.735796614,0.45321761,0.606448844,0.514510104,12,0.266666667,1.65,N1 O16,de-protonated,0,-9999,C60 H99 O16 N1,60,99,16,1,-9999,-9999,-9999,-9999
1021,1088.689597,1088.68991071,1088.689598913,20506634,-9999,329304.6,31.18,-1,0.286396059,0.492613646,0.594745702,0.533466468,16,0.126984127,1.587301587,N3 S1 P1 O8,de-protonated,0,-9999,C63 H100 O8 N3 P1 S1,63,100,8,3,1,1,-9999,-9999
1022,1088.69293,1088.693243711,1088.692619344,11266058,-9999,709121.6,16.28,-1,0.573501668,0.471033337,0.542409123,0.499583651,34,0.038461538,1.166666667,N1 O3,de-protonated,0,-9999,C78 H91 O3 N1,78,91,3,1,-9999,-9999,-9999,-9999
1022,1088.69293,1088.693243711,1088.693621665,11266058,-9999,709121.6,16.28,-1,-0.347163389,0.489184375,0.576212942,0.523995802,20,0.088235294,1.470588235,N1 S1 P1 O6,de-protonated,0,-9999,C68 H100 O6 N1 P1 S1,68,100,6,1,1,1,-9999,-9999
1022,1088.69293,1088.693243711,1088.692480959,11266058,-9999,709121.6,16.28,-1,0.70061241,0.457392829,0.618621811,0.521884422,7,0.280701754,1.807017544,N1 S1 O16,de-protonated,0,-9999,C57 H103 O16 N1 S1,57,103,16,1,-9999,1,-9999,-9999
1022,1088.69293,1088.693243711,1088.692970217,11266058,-9999,709121.6,16.28,-1,0.251213263,0.494307215,0.606448844,0.539163867,11,0.133333333,1.733333333,N3 S2 P1 O8,de-protonated,0,-9999,C60 H104 O8 N3 P1 S2,60,104,8,3,1,2,-9999,-9999
1023,1088.696639,1088.696952712,1088.695990647,23848970,-9999,377156.2,36.57,-1,0.883685491,0.289295802,0.468208839,0.360861017,29,0.04,1.266666667,N1 S1 O3,de-protonated,0,-9999,C75 H95 O3 N1 S1,75,95,3,1,-9999,1,-9999,-9999
1023,1088.696639,1088.696952712,1088.696992969,23848970,-9999,377156.2,36.57,-1,-0.036977,0.499875968,0.587191358,0.534802124,15,0.092307692,1.6,N1 S2 P1 O6,de-protonated,0,-9999,C65 H104 O6 N1 P1 S2,65,104,6,1,1,2,-9999,-9999
1023,1088.696639,1088.696952712,1088.696123589,23848970,-9999,377156.2,36.57,-1,0.761574422,0.450054487,0.590944388,0.506410448,16,0.171875,1.5625,N1 P1 O11,de-protonated,0,-9999,C64 H100 O11 N1 P1,64,100,11,1,1,-9999,-9999,-9999
1023,1088.696639,1088.696952712,1088.697841122,23848970,-9999,377156.2,36.57,-1,-0.816029834,0.443093393,0.594745702,0.503754316,16,0.158730159,1.571428571,N3 S1 O10,de-protonated,0,-9999,C63 H99 O10 N3 S1,63,99,10,3,-9999,1,-9999,-9999
1023,1088.696639,1088.696952712,1088.697974064,23848970,-9999,377156.2,36.57,-1,-0.938140488,0.426202138,0.640033642,0.511734739,3,0.346153846,2,N3 P1 O18,de-protonated,0,-9999,C52 H104 O18 N3 P1,52,104,18,3,1,-9999,-9999,-9999
1024,1092.074935,1092.075249748,1092.075722911,19982280,-9999,286673.5,30.33,-1,-0.433269049,0.483255827,0.631293472,0.542470885,40,0.388888889,0.574074074,N1 S2 O21,de-protonated,0,-9999,C54 H31 O21 N1 S2,54,31,21,1,-9999,2,-9999,-9999
1024,1092.074935,1092.075249748,1092.074249022,19982280,-9999,286673.5,30.33,-1,0.916353555,0.429338194,0.569119254,0.485250618,0,0.014285714,2.071428571,N2 S1 P1 O1,de-protonated,0,-9999,C70 H145 O1 N2 P1 S1,70,145,1,2,1,1,-9999,-9999
1024,1092.074935,1092.075249748,1092.075097175,19982280,-9999,286673.5,30.33,-1,0.139709211,0.498232314,0.576212942,0.529424565,1,0.073529412,2.058823529,N4 O5,de-protonated,0,-9999,C68 H140 O5 N4,68,140,5,4,-9999,-9999,-9999,-9999
1025,1092.079742,1092.08005675,1092.080773698,12117960,-9999,369549.4,17.65,-1,-0.656497095,0.462388669,0.565637507,0.503688204,0,0.056338028,2.042253521,P1 O4,de-protonated,0,-9999,C71 H145 O4 P1,71,145,4,-9999,1,-9999,-9999,-9999
1025,1092.079742,1092.08005675,1092.079119927,12117960,-9999,369549.4,17.65,-1,0.85783384,0.437503121,0.558800271,0.486021981,5,0.04109589,1.917808219,N2 O3,de-protonated,0,-9999,C73 H140 O3 N2,73,140,3,2,-9999,-9999,-9999,-9999
1026,1092.137531,1092.137845768,1092.138730893,9578439,-9999,248522.7,13.56,-1,-0.810451127,0.887647009,0,0.532588205,30,0.510638298,0.85106383,N3 S1 P1 O24,de-protonated,0,-9999,C47 H40 O24 N3 P1 S1,47,40,24,3,1,1,-9999,-9999
1027,1092.955258,1092.955573018,1092.954848362,12085176,-9999,226822.6,17.6,-1,0.663024926,0.461666553,0.565637507,0.503254935,7,0.028169014,1.845070423,N1 S2 O2,de-protonated,0,-9999,C71 H131 O2 N1 S2,71,131,2,1,-9999,2,-9999,-9999
1028,1093.01289,1093.013205036,1093.01236324,10479543,-9999,182995.2,15.01,-1,0.770161993,0.448981598,0.572644131,0.498446611,1,0.043478261,2.014492754,N1 S2 O3,de-protonated,0,-9999,C69 H139 O3 N1 S2,69,139,3,1,-9999,2,-9999,-9999
1029,1094.008369,1094.008684342,1094.00826366,16344998,-9999,267840.3,24.47,-1,0.384531938,0.486763424,0.548848821,0.511597583,10,0.013157895,1.763157895,S1 O1,de-protonated,0,-9999,C76 H134 O1 S1,76,134,1,-9999,-9999,1,-9999,-9999
1029,1094.008369,1094.008684342,1094.007612212,16344998,-9999,267840.3,24.47,-1,0.980002137,0.420037511,0.576212942,0.482507684,1,0.044117647,2.029411765,N2 S2 O3,de-protonated,0,-9999,C68 H138 O3 N2 S2,68,138,3,2,-9999,2,-9999,-9999
1029,1094.008369,1094.008684342,1094.009734013,16344998,-9999,267840.3,24.47,-1,-0.959471474,0.423083292,0.583485697,0.487244254,2,0.075757576,2.045454545,N4 P1 O5,de-protonated,0,-9999,C66 H135 O5 N4 P1,66,135,5,4,1,-9999,-9999,-9999
1030,1094.244703,1094.245018414,1094.243928946,15361955,-9999,314721.2,22.88,-1,0.995635797,0.417690077,0.598596236,0.490052541,39,0.193548387,0.806451613,N1 S2 P1 O12,de-protonated,0,-9999,C62 H50 O12 N1 P1 S2,62,50,12,1,1,2,-9999,-9999
1030,1094.244703,1094.245018414,1094.244777099,15361955,-9999,314721.2,22.88,-1,0.220531331,0.495607117,0.606448844,0.539943808,40,0.266666667,0.75,N3 S1 O16,de-protonated,0,-9999,C60 H45 O16 N3 S1,60,45,16,3,-9999,1,-9999,-9999
1030,1094.244703,1094.245018414,1094.24577942,15361955,-9999,314721.2,22.88,-1,-0.695461986,0.457989972,0.649019222,0.534401672,26,0.38,1.08,N3 S2 P1 O19,de-protonated,0,-9999,C50 H54 O19 N3 P1 S2,50,54,19,3,1,2,-9999,-9999
1030,1094.244703,1094.245018414,1094.244910041,15361955,-9999,314721.2,22.88,-1,0.099039553,0.499110892,0.653607294,0.560909452,27,0.489795918,1.020408163,N3 P1 O24,de-protonated,0,-9999,C49 H50 O24 N3 P1,49,50,24,3,1,-9999,-9999,-9999
1031,1095.303056,1095.303371739,1095.303217471,13862803,-9999,173661.4,20.47,-1,0.140845085,0.498203506,0.606448844,0.541501641,33,0.266666667,0.95,S1 P1 O16,de-protonated,0,-9999,C60 H57 O16 P1 S1,60,57,16,-9999,1,1,-9999,-9999
1031,1095.303056,1095.303371739,1095.302566022,13862803,-9999,173661.4,20.47,-1,0.735611127,0.453240055,0.640033642,0.52795749,24,0.346153846,1.173076923,N2 S2 P1 O18,de-protonated,0,-9999,C52 H61 O18 N2 P1 S2,52,61,18,2,1,2,-9999,-9999
1031,1095.303056,1095.303371739,1095.304065624,13862803,-9999,173661.4,20.47,-1,-0.633509102,0.464883395,0.614510218,0.524734124,34,0.344827586,0.896551724,N2 O20,de-protonated,0,-9999,C58 H52 O20 N2,58,52,20,2,-9999,-9999,-9999,-9999
1031,1095.303056,1095.303371739,1095.303414175,13862803,-9999,173661.4,20.47,-1,-0.038743982,0.499863833,0.649019222,0.559525988,25,0.44,1.12,N4 S1 O22,de-protonated,0,-9999,C50 H56 O22 N4 S1,50,56,22,4,-9999,1,-9999,-9999
1031,1095.303056,1095.303371739,1095.304416497,13862803,-9999,173661.4,20.47,-1,-0.953851732,0.847819071,0,0.508691443,11,0.625,1.625,N4 S2 P1 O25,de-protonated,0,-9999,C40 H65 O25 N4 P1 S2,40,65,25,4,1,2,-9999,-9999
1032,1096.023733,1096.02404896,1096.023913725,22374282,-9999,254963.5,34.19,-1,0.12338689,0.332413793,0.463953528,0.385029687,9,0.013157895,1.789473684,S1 O1,de-protonated,0,-9999,C76 H136 O1 S1,76,136,1,-9999,-9999,1,-9999,-9999
1032,1096.023733,1096.02404896,1096.023262276,22374282,-9999,254963.5,34.19,-1,0.71776183,0.455378524,0.576212942,0.503712291,0,0.044117647,2.058823529,N2 S2 O3,de-protonated,0,-9999,C68 H140 O3 N2 S2,68,140,3,2,-9999,2,-9999,-9999
1033,1096.355029,1096.355345062,1096.355848379,10839942,-9999,401034.5,15.59,-1,-0.459081835,0.481240274,0.576212942,0.519229341,40,0.132352941,0.867647059,N1 S2 O9,de-protonated,0,-9999,C68 H59 O9 N1 S2,68,59,9,1,-9999,2,-9999,-9999
1033,1096.355029,1096.355345062,1096.35598132,10839942,-9999,401034.5,15.59,-1,-0.580339593,0.470359484,0.618621811,0.529664415,27,0.298245614,1.122807018,N1 S1 P1 O17,de-protonated,0,-9999,C57 H64 O17 N1 P1 S1,57,64,17,1,1,1,-9999,-9999
1033,1096.355029,1096.355345062,1096.35432755,10839942,-9999,401034.5,15.59,-1,0.928086359,0.42765564700000003,0.610452919,0.500774556,32,0.271186441,1,N3 S1 O16,de-protonated,0,-9999,C59 H59 O16 N3 S1,59,59,16,3,-9999,1,-9999,-9999
1033,1096.355029,1096.355345062,1096.355329872,10839942,-9999,401034.5,15.59,-1,0.013854902,0.99996517,0,0.599979102,18,0.387755102,1.387755102,N3 S2 P1 O19,de-protonated,0,-9999,C49 H68 O19 N3 P1 S2,49,68,19,3,1,2,-9999,-9999
1033,1096.355029,1096.355345062,1096.354460492,10839942,-9999,401034.5,15.59,-1,0.806828264,0.888591205,0,0.533154723,19,0.5,1.333333333,N3 P1 O24,de-protonated,0,-9999,C48 H64 O24 N3 P1,48,64,24,3,1,-9999,-9999,-9999
1034,1096.362816,1096.363132064,1096.364223529,28239750,-9999,252222.8,43.65,-1,-0.995531286,0.417705849,0.618621811,0.498072234,27,0.333333333,1.105263158,N1 S1 O19,de-protonated,0,-9999,C57 H63 O19 N1 S1,57,63,19,1,-9999,1,-9999,-9999
1034,1096.362816,1096.363132064,1096.363843406,28239750,-9999,252222.8,43.65,-1,-0.648819613,0.46323024,0.610452919,0.522119311,32,0.271186441,1.016949153,N3 P1 O16,de-protonated,0,-9999,C59 H60 O16 N3 P1,59,60,16,3,1,-9999,-9999,-9999
1034,1096.362816,1096.363132064,1096.36357208,28239750,-9999,252222.8,43.65,-1,-0.401341504,0.485598063,0.653607294,0.552801755,18,0.428571429,1.367346939,N3 S2 O21,de-protonated,0,-9999,C49 H67 O21 N3 S2,49,67,21,3,-9999,2,-9999,-9999
1035,1097.246276,1097.246592335,1097.246096516,9381757,-9999,267598.4,13.24,-1,0.451875387,0.963627707,0,0.578176624,34,0.310344828,0.879310345,S1 P1 O18,de-protonated,0,-9999,C58 H51 O18 P1 S1,58,51,18,-9999,1,1,-9999,-9999
1035,1097.246276,1097.246592335,1097.24694467,9381757,-9999,267598.4,13.24,-1,-0.321107903,0.981464705,0,0.588878823,35,0.392857143,0.821428571,N2 O22,de-protonated,0,-9999,C56 H46 O22 N2,56,46,22,2,-9999,-9999,-9999,-9999
1035,1097.246276,1097.246592335,1097.247433927,9381757,-9999,267598.4,13.24,-1,-0.767002947,0.898754749,0,0.539252849,39,0.237288136,0.796610169,N4 S1 P1 O14,de-protonated,0,-9999,C59 H47 O14 N4 P1 S1,59,47,14,4,1,1,-9999,-9999
1035,1097.246276,1097.246592335,1097.246293221,9381757,-9999,267598.4,13.24,-1,0.272604261,0.986606491,0,0.591963894,26,0.5,1.041666667,N4 S1 O24,de-protonated,0,-9999,C48 H50 O24 N4 S1,48,50,24,4,-9999,1,-9999,-9999
1036,1098.370618,1098.37093468,1098.371498443,19851126,-9999,238005.4,30.12,-1,-0.513271805,0.476661128,0.576212942,0.516481854,39,0.132352941,0.897058824,N1 S2 O9,de-protonated,0,-9999,C68 H61 O9 N1 S2,68,61,9,1,-9999,2,-9999,-9999
1036,1098.370618,1098.37093468,1098.370629063,19851126,-9999,238005.4,30.12,-1,0.278245558,0.493025173,0.579826515,0.52774571,40,0.208955224,0.850746269,N1 O14,de-protonated,0,-9999,C67 H57 O14 N1,67,57,14,1,-9999,-9999,-9999,-9999
1036,1098.370618,1098.37093468,1098.371631385,19851126,-9999,238005.4,30.12,-1,-0.634307033,0.464798069,0.618621811,0.526327566,26,0.298245614,1.157894737,N1 S1 P1 O17,de-protonated,0,-9999,C57 H66 O17 N1 P1 S1,57,66,17,1,1,1,-9999,-9999
1036,1098.370618,1098.37093468,1098.369977615,19851126,-9999,238005.4,30.12,-1,0.871350682,0.43565159,0.610452919,0.505572121,31,0.271186441,1.033898305,N3 S1 O16,de-protonated,0,-9999,C59 H61 O16 N3 S1,59,61,16,3,-9999,1,-9999,-9999
1036,1098.370618,1098.37093468,1098.370979936,19851126,-9999,238005.4,30.12,-1,-0.041202992,0.499846002,0.653607294,0.561350519,17,0.387755102,1.428571429,N3 S2 P1 O19,de-protonated,0,-9999,C49 H70 O19 N3 P1 S2,49,70,19,3,1,2,-9999,-9999
1036,1098.370618,1098.37093468,1098.370110556,19851126,-9999,238005.4,30.12,-1,0.750315118,0.451446751,0.658260696,0.534172329,18,0.5,1.375,N3 P1 O24,de-protonated,0,-9999,C48 H66 O24 N3 P1,48,66,24,3,1,-9999,-9999,-9999
0,112.985561,112.985575359,-9999,7348183,-9999,2440120.7,15.04,-1,-9999,-9999,-9999,-9999,-9999,-9999,-9999,unassigned,N/A,-9999,-9999,N/A,-9999,-9999,-9999,-9999,-9999,-9999,-9999,-9999
1,114.89535,114.895364945,-9999,11023084,-9999,2578130,23.56,-1,-9999,-9999,-9999,-9999,-9999,-9999,-9999,unassigned,N/A,-9999,-9999,N/A,-9999,-9999,-9999,-9999,-9999,-9999,-9999,-9999
2,114.89555,114.895564945,-9999,33356044,-9999,2409249,75.32,-1,-9999,-9999,-9999,-9999,-9999,-9999,-9999,unassigned,N/A,-9999,-9999,N/A,-9999,-9999,-9999,-9999,-9999,-9999,-9999,-9999
3,114.895755,114.895769945,-9999,6408939.5,-9999,2677082.7,12.86,-1,-9999,-9999,-9999,-9999,-9999,-9999,-9999,unassigned,N/A,-9999,-9999,N/A,-9999,-9999,-9999,-9999,-9999,-9999,-9999,-9999
4,116.892588,116.892603557,-9999,7769405.5,-9999,2494787.8,16.01,-1,-9999,-9999,-9999,-9999,-9999,-9999,-9999,unassigned,N/A,-9999,-9999,N/A,-9999,-9999,-9999,-9999,-9999,-9999,-9999,-9999
5,116.893291,116.893306558,-9999,6385149.5,-9999,2667044.9,12.81,-1,-9999,-9999,-9999,-9999,-9999,-9999,-9999,unassigned,N/A,-9999,-9999,N/A,-9999,-9999,-9999,-9999,-9999,-9999,-9999,-9999
6,116.89349,116.893505558,-9999,14856893,-9999,2339486.3,32.44,-1,-9999,-9999,-9999,-9999,-9999,-9999,-9999,unassigned,N/A,-9999,-9999,N/A,-9999,-9999,-9999,-9999,-9999,-9999,-9999,-9999
7,117.019104,117.019119596,-9999,6637871,-9999,2870627.7,13.39,-1,-9999,-9999,-9999,-9999,-9999,-9999,-9999,unassigned,N/A,-9999,-9999,N/A,-9999,-9999,-9999,-9999,-9999,-9999,-9999,-9999
8,117.019304,117.019319596,-9999,19993646,-9999,2258046.6,44.35,-1,-9999,-9999,-9999,-9999,-9999,-9999,-9999,unassigned,N/A,-9999,-9999,N/A,-9999,-9999,-9999,-9999,-9999,-9999,-9999,-9999
9,118.890552,118.89056817,-9999,9333828,-9999,2602297.9,19.64,-1,-9999,-9999,-9999,-9999,-9999,-9999,-9999,unassigned,N/A,-9999,-9999,N/A,-9999,-9999,-9999,-9999,-9999,-9999,-9999,-9999
10,121.02926,121.029276826,-9999,6624798,-9999,2453149.2,13.36,-1,-9999,-9999,-9999,-9999,-9999,-9999,-9999,unassigned,N/A,-9999,-9999,N/A,-9999,-9999,-9999,-9999,-9999,-9999,-9999,-9999
12,122.906631,122.906648402,-9999,11601175,-9999,2450880.4,24.9,-1,-9999,-9999,-9999,-9999,-9999,-9999,-9999,unassigned,N/A,-9999,-9999,N/A,-9999,-9999,-9999,-9999,-9999,-9999,-9999,-9999
13,122.906857,122.906874403,-9999,34104600,-9999,2240251.8,77.06,-1,-9999,-9999,-9999,-9999,-9999,-9999,-9999,unassigned,N/A,-9999,-9999,N/A,-9999,-9999,-9999,-9999,-9999,-9999,-9999,-9999
14,127.016719,127.016737663,-9999,14108434,-9999,2236483.5,30.71,-1,-9999,-9999,-9999,-9999,-9999,-9999,-9999,unassigned,N/A,-9999,-9999,N/A,-9999,-9999,-9999,-9999,-9999,-9999,-9999,-9999
18,128.891872,128.891891239,-9999,7113316,-9999,2087891.1,14.5,-1,-9999,-9999,-9999,-9999,-9999,-9999,-9999,unassigned,N/A,-9999,-9999,N/A,-9999,-9999,-9999,-9999,-9999,-9999,-9999,-9999
19,128.892132,128.892151239,-9999,25541220,-9999,2130253.4,57.21,-1,-9999,-9999,-9999,-9999,-9999,-9999,-9999,unassigned,N/A,-9999,-9999,N/A,-9999,-9999,-9999,-9999,-9999,-9999,-9999,-9999
21,129.055179,129.055198289,-9999,8814679,-9999,2495432.4,18.44,-1,-9999,-9999,-9999,-9999,-9999,-9999,-9999,unassigned,N/A,-9999,-9999,N/A,-9999,-9999,-9999,-9999,-9999,-9999,-9999,-9999
22,129.055437,129.055456289,-9999,32485976,-9999,2245284,73.31,-1,-9999,-9999,-9999,-9999,-9999,-9999,-9999,unassigned,N/A,-9999,-9999,N/A,-9999,-9999,-9999,-9999,-9999,-9999,-9999,-9999
24,129.055948,129.055967289,-9999,17234008,-9999,1983906.3,37.96,-1,-9999,-9999,-9999,-9999,-9999,-9999,-9999,unassigned,N/A,-9999,-9999,N/A,-9999,-9999,-9999,-9999,-9999,-9999,-9999,-9999
26,130.88918,130.889199852,-9999,25147884,-9999,2034491.6,56.3,-1,-9999,-9999,-9999,-9999,-9999,-9999,-9999,unassigned,N/A,-9999,-9999,N/A,-9999,-9999,-9999,-9999,-9999,-9999,-9999,-9999
27,131.034692,131.034711896,-9999,11671527,-9999,2253354.9,25.06,-1,-9999,-9999,-9999,-9999,-9999,-9999,-9999,unassigned,N/A,-9999,-9999,N/A,-9999,-9999,-9999,-9999,-9999,-9999,-9999,-9999
29,131.070812,131.070831907,-9999,20206054,-9999,2194898.6,44.85,-1,-9999,-9999,-9999,-9999,-9999,-9999,-9999,unassigned,N/A,-9999,-9999,N/A,-9999,-9999,-9999,-9999,-9999,-9999,-9999,-9999
30,131.07108,131.071099907,-9999,69450216,-9999,2174868.2,158.99,-1,-9999,-9999,-9999,-9999,-9999,-9999,-9999,unassigned,N/A,-9999,-9999,N/A,-9999,-9999,-9999,-9999,-9999,-9999,-9999,-9999
32,131.071618,131.071637908,-9999,41705960,-9999,1920195.2,94.68,-1,-9999,-9999,-9999,-9999,-9999,-9999,-9999,unassigned,N/A,-9999,-9999,N/A,-9999,-9999,-9999,-9999,-9999,-9999,-9999,-9999
33,132.030214,132.030234202,-9999,6534095,-9999,2030034.2,13.16,-1,-9999,-9999,-9999,-9999,-9999,-9999,-9999,unassigned,N/A,-9999,-9999,N/A,-9999,-9999,-9999,-9999,-9999,-9999,-9999,-9999
35,132.886224,132.886244464,-9999,9182669,-9999,2125569.5,19.29,-1,-9999,-9999,-9999,-9999,-9999,-9999,-9999,unassigned,N/A,-9999,-9999,N/A,-9999,-9999,-9999,-9999,-9999,-9999,-9999,-9999
36,132.920911,132.920931475,-9999,16552397,-9999,1930102.7,36.38,-1,-9999,-9999,-9999,-9999,-9999,-9999,-9999,unassigned,N/A,-9999,-9999,N/A,-9999,-9999,-9999,-9999,-9999,-9999,-9999,-9999
37,133.014227,133.014247504,-9999,13798862,-9999,2007311.5,29.99,-1,-9999,-9999,-9999,-9999,-9999,-9999,-9999,unassigned,N/A,-9999,-9999,N/A,-9999,-9999,-9999,-9999,-9999,-9999,-9999,-9999
38,134.917968,134.917989088,-9999,10774041,-9999,2178104.9,22.98,-1,-9999,-9999,-9999,-9999,-9999,-9999,-9999,unassigned,N/A,-9999,-9999,N/A,-9999,-9999,-9999,-9999,-9999,-9999,-9999,-9999
40,136.877192,136.877213689,-9999,8591067,-9999,2203241.9,17.92,-1,-9999,-9999,-9999,-9999,-9999,-9999,-9999,unassigned,N/A,-9999,-9999,N/A,-9999,-9999,-9999,-9999,-9999,-9999,-9999,-9999
41,136.87748,136.877501689,-9999,35107548,-9999,1937683.8,79.39,-1,-9999,-9999,-9999,-9999,-9999,-9999,-9999,unassigned,N/A,-9999,-9999,N/A,-9999,-9999,-9999,-9999,-9999,-9999,-9999,-9999
42,137.024099,137.024120734,-9999,16347887,-9999,1960000.7,35.9,-1,-9999,-9999,-9999,-9999,-9999,-9999,-9999,unassigned,N/A,-9999,-9999,N/A,-9999,-9999,-9999,-9999,-9999,-9999,-9999,-9999
45,138.874531,138.874553301,-9999,9744431,-9999,1900633.3,20.6,-1,-9999,-9999,-9999,-9999,-9999,-9999,-9999,unassigned,N/A,-9999,-9999,N/A,-9999,-9999,-9999,-9999,-9999,-9999,-9999,-9999
46,138.875135,138.875157302,-9999,8054831,-9999,2144305.7,16.68,-1,-9999,-9999,-9999,-9999,-9999,-9999,-9999,unassigned,N/A,-9999,-9999,N/A,-9999,-9999,-9999,-9999,-9999,-9999,-9999,-9999
47,138.875434,138.875456302,-9999,28550190,-9999,1845856.7,64.19,-1,-9999,-9999,-9999,-9999,-9999,-9999,-9999,unassigned,N/A,-9999,-9999,N/A,-9999,-9999,-9999,-9999,-9999,-9999,-9999,-9999
48,140.872491,140.872513914,-9999,10166820,-9999,1959162.2,21.57,-1,-9999,-9999,-9999,-9999,-9999,-9999,-9999,unassigned,N/A,-9999,-9999,N/A,-9999,-9999,-9999,-9999,-9999,-9999,-9999,-9999
49,140.917117,140.917139928,-9999,15162929,-9999,2074621.1,33.15,-1,-9999,-9999,-9999,-9999,-9999,-9999,-9999,unassigned,N/A,-9999,-9999,N/A,-9999,-9999,-9999,-9999,-9999,-9999,-9999,-9999
50,140.917431,140.917453928,-9999,64478768,-9999,1771244.5,147.46,-1,-9999,-9999,-9999,-9999,-9999,-9999,-9999,unassigned,N/A,-9999,-9999,N/A,-9999,-9999,-9999,-9999,-9999,-9999,-9999,-9999
51,140.91776,140.917782928,-9999,7253553,-9999,2000629.6,14.82,-1,-9999,-9999,-9999,-9999,-9999,-9999,-9999,unassigned,N/A,-9999,-9999,N/A,-9999,-9999,-9999,-9999,-9999,-9999,-9999,-9999
56,144.869348,144.869372141,-9999,59589692,-9999,1985283.8,135.66,-1,-9999,-9999,-9999,-9999,-9999,-9999,-9999,unassigned,N/A,-9999,-9999,N/A,-9999,-9999,-9999,-9999,-9999,-9999,-9999,-9999
57,144.869676,144.869700141,-9999,268543040,-9999,1679144.5,618.34,-1,-9999,-9999,-9999,-9999,-9999,-9999,-9999,unassigned,N/A,-9999,-9999,N/A,-9999,-9999,-9999,-9999,-9999,-9999,-9999,-9999
58,144.870023,144.870047141,-9999,25887802,-9999,2022114,57.81,-1,-9999,-9999,-9999,-9999,-9999,-9999,-9999,unassigned,N/A,-9999,-9999,N/A,-9999,-9999,-9999,-9999,-9999,-9999,-9999,-9999
59,144.972909,144.972933173,-9999,19121262,-9999,1737265.7,42.18,-1,-9999,-9999,-9999,-9999,-9999,-9999,-9999,unassigned,N/A,-9999,-9999,N/A,-9999,-9999,-9999,-9999,-9999,-9999,-9999,-9999
60,145.050277,145.050301196,-9999,10044564,-9999,2010881.6,21.21,-1,-9999,-9999,-9999,-9999,-9999,-9999,-9999,unassigned,N/A,-9999,-9999,N/A,-9999,-9999,-9999,-9999,-9999,-9999,-9999,-9999
62,145.086665,145.086689207,-9999,9063590,-9999,1970907.1,18.95,-1,-9999,-9999,-9999,-9999,-9999,-9999,-9999,unassigned,N/A,-9999,-9999,N/A,-9999,-9999,-9999,-9999,-9999,-9999,-9999,-9999
65,146.866386,146.866410753,-9999,49793132,-9999,1969180.8,112.82,-1,-9999,-9999,-9999,-9999,-9999,-9999,-9999,unassigned,N/A,-9999,-9999,N/A,-9999,-9999,-9999,-9999,-9999,-9999,-9999,-9999
66,146.866724,146.866748754,-9999,231778416,-9999,1673321.8,532.45,-1,-9999,-9999,-9999,-9999,-9999,-9999,-9999,unassigned,N/A,-9999,-9999,N/A,-9999,-9999,-9999,-9999,-9999,-9999,-9999,-9999
67,146.867079,146.867103754,-9999,21944430,-9999,1912436.8,48.61,-1,-9999,-9999,-9999,-9999,-9999,-9999,-9999,unassigned,N/A,-9999,-9999,N/A,-9999,-9999,-9999,-9999,-9999,-9999,-9999,-9999
68,146.936561,146.936585775,-9999,7127190,-9999,1718292,14.45,-1,-9999,-9999,-9999,-9999,-9999,-9999,-9999,unassigned,N/A,-9999,-9999,N/A,-9999,-9999,-9999,-9999,-9999,-9999,-9999,-9999
69,146.969962,146.969986785,-9999,7035049.5,-9999,1971044.1,14.23,-1,-9999,-9999,-9999,-9999,-9999,-9999,-9999,unassigned,N/A,-9999,-9999,N/A,-9999,-9999,-9999,-9999,-9999,-9999,-9999,-9999
70,147.029878,147.029902804,-9999,10631373,-9999,1994536.3,22.53,-1,-9999,-9999,-9999,-9999,-9999,-9999,-9999,unassigned,N/A,-9999,-9999,N/A,-9999,-9999,-9999,-9999,-9999,-9999,-9999,-9999
71,148.862565,148.862590366,-9999,7270745.5,-9999,1859574.9,14.75,-1,-9999,-9999,-9999,-9999,-9999,-9999,-9999,unassigned,N/A,-9999,-9999,N/A,-9999,-9999,-9999,-9999,-9999,-9999,-9999,-9999
72,148.86342,148.863445366,-9999,16434522,-9999,1957394.9,35.84,-1,-9999,-9999,-9999,-9999,-9999,-9999,-9999,unassigned,N/A,-9999,-9999,N/A,-9999,-9999,-9999,-9999,-9999,-9999,-9999,-9999
73,148.863768,148.863793366,-9999,82529624,-9999,1736307.7,187.96,-1,-9999,-9999,-9999,-9999,-9999,-9999,-9999,unassigned,N/A,-9999,-9999,N/A,-9999,-9999,-9999,-9999,-9999,-9999,-9999,-9999
74,148.864127,148.864152366,-9999,9162074,-9999,2059931.5,19.1,-1,-9999,-9999,-9999,-9999,-9999,-9999,-9999,unassigned,N/A,-9999,-9999,N/A,-9999,-9999,-9999,-9999,-9999,-9999,-9999,-9999
78,150.886265,150.886290987,-9999,43528972,-9999,1916638.3,98.01,-1,-9999,-9999,-9999,-9999,-9999,-9999,-9999,unassigned,N/A,-9999,-9999,N/A,-9999,-9999,-9999,-9999,-9999,-9999,-9999,-9999
79,150.886625,150.886650987,-9999,250295056,-9999,1690166,572.98,-1,-9999,-9999,-9999,-9999,-9999,-9999,-9999,unassigned,N/A,-9999,-9999,N/A,-9999,-9999,-9999,-9999,-9999,-9999,-9999,-9999
80,150.886994,150.887019987,-9999,26837772,-9999,1591603.7,59.66,-1,-9999,-9999,-9999,-9999,-9999,-9999,-9999,unassigned,N/A,-9999,-9999,N/A,-9999,-9999,-9999,-9999,-9999,-9999,-9999,-9999
81,151.039685,151.039711034,-9999,8358784.5,-9999,1981475.4,17.21,-1,-9999,-9999,-9999,-9999,-9999,-9999,-9999,unassigned,N/A,-9999,-9999,N/A,-9999,-9999,-9999,-9999,-9999,-9999,-9999,-9999
83,152.882935,152.882961599,-9999,10502479,-9999,2083873.2,22.09,-1,-9999,-9999,-9999,-9999,-9999,-9999,-9999,unassigned,N/A,-9999,-9999,N/A,-9999,-9999,-9999,-9999,-9999,-9999,-9999,-9999
84,152.883301,152.883327599,-9999,47495504,-9999,1911038.2,106.91,-1,-9999,-9999,-9999,-9999,-9999,-9999,-9999,unassigned,N/A,-9999,-9999,N/A,-9999,-9999,-9999,-9999,-9999,-9999,-9999,-9999
85,152.883669,152.8836956,-9999,234994000,-9999,1663895.5,536.79,-1,-9999,-9999,-9999,-9999,-9999,-9999,-9999,unassigned,N/A,-9999,-9999,N/A,-9999,-9999,-9999,-9999,-9999,-9999,-9999,-9999
86,152.884053,152.8840796,-9999,30234960,-9999,1604270.9,67.33,-1,-9999,-9999,-9999,-9999,-9999,-9999,-9999,unassigned,N/A,-9999,-9999,N/A,-9999,-9999,-9999,-9999,-9999,-9999,-9999,-9999
87,153.018938,153.018964641,-9999,27617730,-9999,1912176.1,61.33,-1,-9999,-9999,-9999,-9999,-9999,-9999,-9999,unassigned,N/A,-9999,-9999,N/A,-9999,-9999,-9999,-9999,-9999,-9999,-9999,-9999
89,153.019691,153.019717641,-9999,13666755,-9999,1833395.1,29.35,-1,-9999,-9999,-9999,-9999,-9999,-9999,-9999,unassigned,N/A,-9999,-9999,N/A,-9999,-9999,-9999,-9999,-9999,-9999,-9999,-9999
93,154.880336,154.880363212,-9999,15032367,-9999,1911938.3,32.41,-1,-9999,-9999,-9999,-9999,-9999,-9999,-9999,unassigned,N/A,-9999,-9999,N/A,-9999,-9999,-9999,-9999,-9999,-9999,-9999,-9999
94,154.880714,154.880741212,-9999,87900208,-9999,1695456.3,199.14,-1,-9999,-9999,-9999,-9999,-9999,-9999,-9999,unassigned,N/A,-9999,-9999,N/A,-9999,-9999,-9999,-9999,-9999,-9999,-9999,-9999
95,154.881109,154.881136212,-9999,11204656,-9999,1860479.6,23.65,-1,-9999,-9999,-9999,-9999,-9999,-9999,-9999,unassigned,N/A,-9999,-9999,N/A,-9999,-9999,-9999,-9999,-9999,-9999,-9999,-9999
96,154.932691,154.932718228,-9999,8317023.5,-9999,1697653.2,17.04,-1,-9999,-9999,-9999,-9999,-9999,-9999,-9999,unassigned,N/A,-9999,-9999,N/A,-9999,-9999,-9999,-9999,-9999,-9999,-9999,-9999
97,154.933075,154.933102228,-9999,49504352,-9999,1687697.5,111.29,-1,-9999,-9999,-9999,-9999,-9999,-9999,-9999,unassigned,N/A,-9999,-9999,N/A,-9999,-9999,-9999,-9999,-9999,-9999,-9999,-9999
100,156.877767,156.877794825,-9999,6966175,-9999,1541067.9,13.92,-1,-9999,-9999,-9999,-9999,-9999,-9999,-9999,unassigned,N/A,-9999,-9999,N/A,-9999,-9999,-9999,-9999,-9999,-9999,-9999,-9999
104,158.988562,158.988590473,-9999,17375244,-9999,1700326.3,37.61,-1,-9999,-9999,-9999,-9999,-9999,-9999,-9999,unassigned,N/A,-9999,-9999,N/A,-9999,-9999,-9999,-9999,-9999,-9999,-9999,-9999
105,159.065853,159.065881496,-9999,9836637,-9999,1966699.4,20.43,-1,-9999,-9999,-9999,-9999,-9999,-9999,-9999,unassigned,N/A,-9999,-9999,N/A,-9999,-9999,-9999,-9999,-9999,-9999,-9999,-9999
108,160.842012,160.842041041,-9999,36075492,-9999,1590956.6,80.04,-1,-9999,-9999,-9999,-9999,-9999,-9999,-9999,unassigned,N/A,-9999,-9999,N/A,-9999,-9999,-9999,-9999,-9999,-9999,-9999,-9999
112,162.838637,162.838666654,-9999,7071936,-9999,1484633.8,14.06,-1,-9999,-9999,-9999,-9999,-9999,-9999,-9999,unassigned,N/A,-9999,-9999,N/A,-9999,-9999,-9999,-9999,-9999,-9999,-9999,-9999
113,162.839065,162.839094654,-9999,33423552,-9999,1623736.6,73.85,-1,-9999,-9999,-9999,-9999,-9999,-9999,-9999,unassigned,N/A,-9999,-9999,N/A,-9999,-9999,-9999,-9999,-9999,-9999,-9999,-9999
114,162.842003,162.842032655,-9999,26214596,-9999,1879925.6,57.49,-1,-9999,-9999,-9999,-9999,-9999,-9999,-9999,unassigned,N/A,-9999,-9999,N/A,-9999,-9999,-9999,-9999,-9999,-9999,-9999,-9999
115,162.842422,162.842451655,-9999,165535936,-9999,1528500,373.6,-1,-9999,-9999,-9999,-9999,-9999,-9999,-9999,unassigned,N/A,-9999,-9999,N/A,-9999,-9999,-9999,-9999,-9999,-9999,-9999,-9999
116,162.842852,162.842881655,-9999,15708357,-9999,1747249.1,33.65,-1,-9999,-9999,-9999,-9999,-9999,-9999,-9999,unassigned,N/A,-9999,-9999,N/A,-9999,-9999,-9999,-9999,-9999,-9999,-9999,-9999
117,162.982365,162.982394698,-9999,25321832,-9999,1593311.8,55.46,-1,-9999,-9999,-9999,-9999,-9999,-9999,-9999,unassigned,N/A,-9999,-9999,N/A,-9999,-9999,-9999,-9999,-9999,-9999,-9999,-9999
119,164.836123,164.836153267,-9999,11649540,-9999,1608732.5,24.38,-1,-9999,-9999,-9999,-9999,-9999,-9999,-9999,unassigned,N/A,-9999,-9999,N/A,-9999,-9999,-9999,-9999,-9999,-9999,-9999,-9999
120,164.837864,164.837894267,-9999,63957512,-9999,1558720.2,142.8,-1,-9999,-9999,-9999,-9999,-9999,-9999,-9999,unassigned,N/A,-9999,-9999,N/A,-9999,-9999,-9999,-9999,-9999,-9999,-9999,-9999
121,164.839037,164.839067268,-9999,26274312,-9999,1780290.8,57.49,-1,-9999,-9999,-9999,-9999,-9999,-9999,-9999,unassigned,N/A,-9999,-9999,N/A,-9999,-9999,-9999,-9999,-9999,-9999,-9999,-9999
122,164.839468,164.839498268,-9999,165636624,-9999,1594538.6,372.99,-1,-9999,-9999,-9999,-9999,-9999,-9999,-9999,unassigned,N/A,-9999,-9999,N/A,-9999,-9999,-9999,-9999,-9999,-9999,-9999,-9999
123,164.839903,164.839933268,-9999,15829513,-9999,1695801.6,33.85,-1,-9999,-9999,-9999,-9999,-9999,-9999,-9999,unassigned,N/A,-9999,-9999,N/A,-9999,-9999,-9999,-9999,-9999,-9999,-9999,-9999
125,165.032369,165.032399327,-9999,17173234,-9999,1575964,36.89,-1,-9999,-9999,-9999,-9999,-9999,-9999,-9999,unassigned,N/A,-9999,-9999,N/A,-9999,-9999,-9999,-9999,-9999,-9999,-9999,-9999
128,166.834474,166.83450488,-9999,8145828.5,-9999,1897226.4,16.41,-1,-9999,-9999,-9999,-9999,-9999,-9999,-9999,unassigned,N/A,-9999,-9999,N/A,-9999,-9999,-9999,-9999,-9999,-9999,-9999,-9999
129,166.834911,166.83494188,-9999,58487716,-9999,1545410.7,130.11,-1,-9999,-9999,-9999,-9999,-9999,-9999,-9999,unassigned,N/A,-9999,-9999,N/A,-9999,-9999,-9999,-9999,-9999,-9999,-9999,-9999
130,166.835442,166.83547288,-9999,6546341.5,-9999,1858162.8,12.79,-1,-9999,-9999,-9999,-9999,-9999,-9999,-9999,unassigned,N/A,-9999,-9999,N/A,-9999,-9999,-9999,-9999,-9999,-9999,-9999,-9999
131,166.836073,166.83610388,-9999,7670694.5,-9999,2014245.1,15.33,-1,-9999,-9999,-9999,-9999,-9999,-9999,-9999,unassigned,N/A,-9999,-9999,N/A,-9999,-9999,-9999,-9999,-9999,-9999,-9999,-9999
132,166.836514,166.83654488,-9999,49378216,-9999,1560545.3,109.54,-1,-9999,-9999,-9999,-9999,-9999,-9999,-9999,unassigned,N/A,-9999,-9999,N/A,-9999,-9999,-9999,-9999,-9999,-9999,-9999,-9999
133,166.933319,166.93334991,-9999,6288416.5,-9999,1694989.9,12.21,-1,-9999,-9999,-9999,-9999,-9999,-9999,-9999,unassigned,N/A,-9999,-9999,N/A,-9999,-9999,-9999,-9999,-9999,-9999,-9999,-9999
134,167.011639,167.011669934,-9999,6978691,-9999,1488840.9,13.77,-1,-9999,-9999,-9999,-9999,-9999,-9999,-9999,unassigned,N/A,-9999,-9999,N/A,-9999,-9999,-9999,-9999,-9999,-9999,-9999,-9999
136,167.047578,167.047608945,-9999,9276592,-9999,1822300,18.96,-1,-9999,-9999,-9999,-9999,-9999,-9999,-9999,unassigned,N/A,-9999,-9999,N/A,-9999,-9999,-9999,-9999,-9999,-9999,-9999,-9999
137,167.048014,167.048044945,-9999,59323568,-9999,1504772.3,132,-1,-9999,-9999,-9999,-9999,-9999,-9999,-9999,unassigned,N/A,-9999,-9999,N/A,-9999,-9999,-9999,-9999,-9999,-9999,-9999,-9999
139,168.831961,168.831992493,-9999,21589396,-9999,1513818.2,46.66,-1,-9999,-9999,-9999,-9999,-9999,-9999,-9999,unassigned,N/A,-9999,-9999,N/A,-9999,-9999,-9999,-9999,-9999,-9999,-9999,-9999
140,168.83245,168.832481493,-9999,7497108.5,-9999,1162813.4,14.9,-1,-9999,-9999,-9999,-9999,-9999,-9999,-9999,unassigned,N/A,-9999,-9999,N/A,-9999,-9999,-9999,-9999,-9999,-9999,-9999,-9999
141,168.836217,168.836248494,-9999,42409368,-9999,1518668.1,93.57,-1,-9999,-9999,-9999,-9999,-9999,-9999,-9999,unassigned,N/A,-9999,-9999,N/A,-9999,-9999,-9999,-9999,-9999,-9999,-9999,-9999
142,168.948719,168.948750528,-9999,7263787,-9999,1587945.4,14.38,-1,-9999,-9999,-9999,-9999,-9999,-9999,-9999,unassigned,N/A,-9999,-9999,N/A,-9999,-9999,-9999,-9999,-9999,-9999,-9999,-9999
143,168.988878,168.988909541,-9999,6286943,-9999,1859062.7,12.17,-1,-9999,-9999,-9999,-9999,-9999,-9999,-9999,unassigned,N/A,-9999,-9999,N/A,-9999,-9999,-9999,-9999,-9999,-9999,-9999,-9999
144,168.989337,168.989368541,-9999,25665120,-9999,1447290.5,55.84,-1,-9999,-9999,-9999,-9999,-9999,-9999,-9999,unassigned,N/A,-9999,-9999,N/A,-9999,-9999,-9999,-9999,-9999,-9999,-9999,-9999
145,169.045065,169.045096558,-9999,21049000,-9999,1478552.4,45.44,-1,-9999,-9999,-9999,-9999,-9999,-9999,-9999,unassigned,N/A,-9999,-9999,N/A,-9999,-9999,-9999,-9999,-9999,-9999,-9999,-9999
148,170.83311,170.833142107,-9999,20805582,-9999,1240406.8,44.78,-1,-9999,-9999,-9999,-9999,-9999,-9999,-9999,unassigned,N/A,-9999,-9999,N/A,-9999,-9999,-9999,-9999,-9999,-9999,-9999,-9999
149,170.833269,170.833301107,-9999,36767696,-9999,1461223.2,80.66,-1,-9999,-9999,-9999,-9999,-9999,-9999,-9999,unassigned,N/A,-9999,-9999,N/A,-9999,-9999,-9999,-9999,-9999,-9999,-9999,-9999
150,171.021801,171.021833164,-9999,38996168,-9999,1493136.8,85.67,-1,-9999,-9999,-9999,-9999,-9999,-9999,-9999,unassigned,N/A,-9999,-9999,N/A,-9999,-9999,-9999,-9999,-9999,-9999,-9999,-9999
151,171.065785,171.065817178,-9999,10047746,-9999,1610462.8,20.59,-1,-9999,-9999,-9999,-9999,-9999,-9999,-9999,unassigned,N/A,-9999,-9999,N/A,-9999,-9999,-9999,-9999,-9999,-9999,-9999,-9999
154,172.830154,172.830186719,-9999,18027070,-9999,1445231.8,38.43,-1,-9999,-9999,-9999,-9999,-9999,-9999,-9999,unassigned,N/A,-9999,-9999,N/A,-9999,-9999,-9999,-9999,-9999,-9999,-9999,-9999
155,172.830324,172.830356719,-9999,10043966,-9999,1504472.4,20.53,-1,-9999,-9999,-9999,-9999,-9999,-9999,-9999,unassigned,N/A,-9999,-9999,N/A,-9999,-9999,-9999,-9999,-9999,-9999,-9999,-9999
156,172.831922,172.83195472,-9999,11711040,-9999,1562990.1,24.27,-1,-9999,-9999,-9999,-9999,-9999,-9999,-9999,unassigned,N/A,-9999,-9999,N/A,-9999,-9999,-9999,-9999,-9999,-9999,-9999,-9999
157,173.018848,173.018880777,-9999,14312253,-9999,1655529.9,30.1,-1,-9999,-9999,-9999,-9999,-9999,-9999,-9999,unassigned,N/A,-9999,-9999,N/A,-9999,-9999,-9999,-9999,-9999,-9999,-9999,-9999
161,174.82897,174.829003332,-9999,12709088,-9999,1465941.8,26.5,-1,-9999,-9999,-9999,-9999,-9999,-9999,-9999,unassigned,N/A,-9999,-9999,N/A,-9999,-9999,-9999,-9999,-9999,-9999,-9999,-9999
162,174.977926,174.977959378,-9999,7505324.5,-9999,1633189.3,14.83,-1,-9999,-9999,-9999,-9999,-9999,-9999,-9999,unassigned,N/A,-9999,-9999,N/A,-9999,-9999,-9999,-9999,-9999,-9999,-9999,-9999
164,176.894098,176.894131966,-9999,37685252,-9999,1475887,82.29,-1,-9999,-9999,-9999,-9999,-9999,-9999,-9999,unassigned,N/A,-9999,-9999,N/A,-9999,-9999,-9999,-9999,-9999,-9999,-9999,-9999
166,178.891146,178.891180579,-9999,11387622,-9999,1448037.9,23.4,-1,-9999,-9999,-9999,-9999,-9999,-9999,-9999,unassigned,N/A,-9999,-9999,N/A,-9999,-9999,-9999,-9999,-9999,-9999,-9999,-9999
170,180.948955,180.94899021,-9999,8801837,-9999,1609575.6,17.58,-1,-9999,-9999,-9999,-9999,-9999,-9999,-9999,unassigned,N/A,-9999,-9999,N/A,-9999,-9999,-9999,-9999,-9999,-9999,-9999,-9999
173,184.899417,184.899453422,-9999,7592920,-9999,1550354,14.84,-1,-9999,-9999,-9999,-9999,-9999,-9999,-9999,unassigned,N/A,-9999,-9999,N/A,-9999,-9999,-9999,-9999,-9999,-9999,-9999,-9999
178,189.013758,189.013795684,-9999,8305189.5,-9999,1489020.3,16.31,-1,-9999,-9999,-9999,-9999,-9999,-9999,-9999,unassigned,N/A,-9999,-9999,N/A,-9999,-9999,-9999,-9999,-9999,-9999,-9999,-9999
180,190.909744,190.909782266,-9999,9471036,-9999,1445649.1,18.88,-1,-9999,-9999,-9999,-9999,-9999,-9999,-9999,unassigned,N/A,-9999,-9999,N/A,-9999,-9999,-9999,-9999,-9999,-9999,-9999,-9999
186,195.097103,195.097142551,-9999,8464861,-9999,1309367.6,16.54,-1,-9999,-9999,-9999,-9999,-9999,-9999,-9999,unassigned,N/A,-9999,-9999,N/A,-9999,-9999,-9999,-9999,-9999,-9999,-9999,-9999
187,195.810857,195.81089677,-9999,30428528,-9999,1403565.3,64.7,-1,-9999,-9999,-9999,-9999,-9999,-9999,-9999,unassigned,N/A,-9999,-9999,N/A,-9999,-9999,-9999,-9999,-9999,-9999,-9999,-9999
188,197.022178,197.022218141,-9999,7852909,-9999,1304449.1,15.2,-1,-9999,-9999,-9999,-9999,-9999,-9999,-9999,unassigned,N/A,-9999,-9999,N/A,-9999,-9999,-9999,-9999,-9999,-9999,-9999,-9999
189,197.807906,197.807946383,-9999,39130944,-9999,1359131.9,83.51,-1,-9999,-9999,-9999,-9999,-9999,-9999,-9999,unassigned,N/A,-9999,-9999,N/A,-9999,-9999,-9999,-9999,-9999,-9999,-9999,-9999
190,198.915058,198.915098722,-9999,9292939,-9999,1507065.7,18.29,-1,-9999,-9999,-9999,-9999,-9999,-9999,-9999,unassigned,N/A,-9999,-9999,N/A,-9999,-9999,-9999,-9999,-9999,-9999,-9999,-9999
192,199.804951,199.804991995,-9999,20201656,-9999,1357387.4,42.13,-1,-9999,-9999,-9999,-9999,-9999,-9999,-9999,unassigned,N/A,-9999,-9999,N/A,-9999,-9999,-9999,-9999,-9999,-9999,-9999,-9999
193,201.01752,201.017561367,-9999,8054347,-9999,1446946.3,15.53,-1,-9999,-9999,-9999,-9999,-9999,-9999,-9999,unassigned,N/A,-9999,-9999,N/A,-9999,-9999,-9999,-9999,-9999,-9999,-9999,-9999
196,202.828289,202.828330923,-9999,18787926,-9999,1353946.7,38.91,-1,-9999,-9999,-9999,-9999,-9999,-9999,-9999,unassigned,N/A,-9999,-9999,N/A,-9999,-9999,-9999,-9999,-9999,-9999,-9999,-9999
197,204.825331,204.825373536,-9999,22058700,-9999,1357275.1,45.87,-1,-9999,-9999,-9999,-9999,-9999,-9999,-9999,unassigned,N/A,-9999,-9999,N/A,-9999,-9999,-9999,-9999,-9999,-9999,-9999,-9999
198,206.822372,206.822415148,-9999,11353799,-9999,1386775.9,22.62,-1,-9999,-9999,-9999,-9999,-9999,-9999,-9999,unassigned,N/A,-9999,-9999,N/A,-9999,-9999,-9999,-9999,-9999,-9999,-9999,-9999
201,208.84523,208.845273769,-9999,24823380,-9999,1353370.6,51.8,-1,-9999,-9999,-9999,-9999,-9999,-9999,-9999,unassigned,N/A,-9999,-9999,N/A,-9999,-9999,-9999,-9999,-9999,-9999,-9999,-9999
203,210.84227,210.842314382,-9999,25005370,-9999,1263725.2,52.19,-1,-9999,-9999,-9999,-9999,-9999,-9999,-9999,unassigned,N/A,-9999,-9999,N/A,-9999,-9999,-9999,-9999,-9999,-9999,-9999,-9999
204,212.839315,212.839359994,-9999,11289488,-9999,1317964.4,22.42,-1,-9999,-9999,-9999,-9999,-9999,-9999,-9999,unassigned,N/A,-9999,-9999,N/A,-9999,-9999,-9999,-9999,-9999,-9999,-9999,-9999
205,212.979161,212.979206037,-9999,22451196,-9999,1290612.1,46.59,-1,-9999,-9999,-9999,-9999,-9999,-9999,-9999,unassigned,N/A,-9999,-9999,N/A,-9999,-9999,-9999,-9999,-9999,-9999,-9999,-9999
208,220.146832,220.146879236,-9999,9217622,-9999,1303549.3,17.87,-1,-9999,-9999,-9999,-9999,-9999,-9999,-9999,unassigned,N/A,-9999,-9999,N/A,-9999,-9999,-9999,-9999,-9999,-9999,-9999,-9999
210,222.950204,222.950252096,-9999,8043482.5,-9999,1393318.7,15.31,-1,-9999,-9999,-9999,-9999,-9999,-9999,-9999,unassigned,N/A,-9999,-9999,N/A,-9999,-9999,-9999,-9999,-9999,-9999,-9999,-9999
219,236.965856,236.965908396,-9999,24722460,-9999,1140129.2,51.03,-1,-9999,-9999,-9999,-9999,-9999,-9999,-9999,unassigned,N/A,-9999,-9999,N/A,-9999,-9999,-9999,-9999,-9999,-9999,-9999,-9999
230,243.13346,243.133514289,-9999,312376992,-9999,1104986.5,667.31,-1,-9999,-9999,-9999,-9999,-9999,-9999,-9999,unassigned,N/A,-9999,-9999,N/A,-9999,-9999,-9999,-9999,-9999,-9999,-9999,-9999
232,244.136812,244.136866597,-9999,51445456,-9999,1119366.2,108.2,-1,-9999,-9999,-9999,-9999,-9999,-9999,-9999,unassigned,N/A,-9999,-9999,N/A,-9999,-9999,-9999,-9999,-9999,-9999,-9999,-9999
239,249.107639,249.107695122,-9999,21053232,-9999,1148693.4,43,-1,-9999,-9999,-9999,-9999,-9999,-9999,-9999,unassigned,N/A,-9999,-9999,N/A,-9999,-9999,-9999,-9999,-9999,-9999,-9999,-9999
242,250.981496,250.981552696,-9999,42434328,-9999,1108701.8,88.57,-1,-9999,-9999,-9999,-9999,-9999,-9999,-9999,unassigned,N/A,-9999,-9999,N/A,-9999,-9999,-9999,-9999,-9999,-9999,-9999,-9999
253,259.128385,259.128444196,-9999,9272774,-9999,1017797,17.74,-1,-9999,-9999,-9999,-9999,-9999,-9999,-9999,unassigned,N/A,-9999,-9999,N/A,-9999,-9999,-9999,-9999,-9999,-9999,-9999,-9999
255,260.786878,260.786937705,-9999,13245800,-9999,1119097,26.15,-1,-9999,-9999,-9999,-9999,-9999,-9999,-9999,unassigned,N/A,-9999,-9999,N/A,-9999,-9999,-9999,-9999,-9999,-9999,-9999,-9999
259,262.78392,262.783980318,-9999,24657144,-9999,1083794,50.42,-1,-9999,-9999,-9999,-9999,-9999,-9999,-9999,unassigned,N/A,-9999,-9999,N/A,-9999,-9999,-9999,-9999,-9999,-9999,-9999,-9999
264,263.159664,263.159724433,-9999,29293794,-9999,1041689.7,60.28,-1,-9999,-9999,-9999,-9999,-9999,-9999,-9999,unassigned,N/A,-9999,-9999,N/A,-9999,-9999,-9999,-9999,-9999,-9999,-9999,-9999
267,264.780985,264.78104593,-9999,13212810,-9999,1038988.8,26.08,-1,-9999,-9999,-9999,-9999,-9999,-9999,-9999,unassigned,N/A,-9999,-9999,N/A,-9999,-9999,-9999,-9999,-9999,-9999,-9999,-9999
268,264.997144,264.997204997,-9999,10665087,-9999,1092398.8,20.66,-1,-9999,-9999,-9999,-9999,-9999,-9999,-9999,unassigned,N/A,-9999,-9999,N/A,-9999,-9999,-9999,-9999,-9999,-9999,-9999,-9999
272,266.803824,266.803885551,-9999,20249638,-9999,1031637.1,40.96,-1,-9999,-9999,-9999,-9999,-9999,-9999,-9999,unassigned,N/A,-9999,-9999,N/A,-9999,-9999,-9999,-9999,-9999,-9999,-9999,-9999
274,268.800871,268.800933164,-9999,33160148,-9999,1016194.7,68.37,-1,-9999,-9999,-9999,-9999,-9999,-9999,-9999,unassigned,N/A,-9999,-9999,N/A,-9999,-9999,-9999,-9999,-9999,-9999,-9999,-9999
276,269.097461,269.097523255,-9999,8092617.5,-9999,1099695.1,15.16,-1,-9999,-9999,-9999,-9999,-9999,-9999,-9999,unassigned,N/A,-9999,-9999,N/A,-9999,-9999,-9999,-9999,-9999,-9999,-9999,-9999
280,270.797918,270.797980776,-9999,21314456,-9999,1072772.9,43.23,-1,-9999,-9999,-9999,-9999,-9999,-9999,-9999,unassigned,N/A,-9999,-9999,N/A,-9999,-9999,-9999,-9999,-9999,-9999,-9999,-9999
283,272.794958,272.795021389,-9999,8936310,-9999,1142874.6,16.92,-1,-9999,-9999,-9999,-9999,-9999,-9999,-9999,unassigned,N/A,-9999,-9999,N/A,-9999,-9999,-9999,-9999,-9999,-9999,-9999,-9999
287,275.036269,275.036333077,-9999,55507832,-9999,980843.2,115.57,-1,-9999,-9999,-9999,-9999,-9999,-9999,-9999,unassigned,N/A,-9999,-9999,N/A,-9999,-9999,-9999,-9999,-9999,-9999,-9999,-9999
289,276.035825,276.035889383,-9999,7191433,-9999,1055544.9,13.22,-1,-9999,-9999,-9999,-9999,-9999,-9999,-9999,unassigned,N/A,-9999,-9999,N/A,-9999,-9999,-9999,-9999,-9999,-9999,-9999,-9999
290,277.033337,277.033401689,-9999,14154659,-9999,1114351.4,27.97,-1,-9999,-9999,-9999,-9999,-9999,-9999,-9999,unassigned,N/A,-9999,-9999,N/A,-9999,-9999,-9999,-9999,-9999,-9999,-9999,-9999
292,277.102532,277.102596711,-9999,7895973.5,-9999,978627.1,14.72,-1,-9999,-9999,-9999,-9999,-9999,-9999,-9999,unassigned,N/A,-9999,-9999,N/A,-9999,-9999,-9999,-9999,-9999,-9999,-9999,-9999
298,278.848416,278.848481246,-9999,7195629,-9999,1016736.3,13.21,-1,-9999,-9999,-9999,-9999,-9999,-9999,-9999,unassigned,N/A,-9999,-9999,N/A,-9999,-9999,-9999,-9999,-9999,-9999,-9999,-9999
302,280.149824,280.149889645,-9999,20233270,-9999,1010374,40.77,-1,-9999,-9999,-9999,-9999,-9999,-9999,-9999,unassigned,N/A,-9999,-9999,N/A,-9999,-9999,-9999,-9999,-9999,-9999,-9999,-9999
304,281.133844,281.133909947,-9999,6782070.5,-9999,1048852.8,12.33,-1,-9999,-9999,-9999,-9999,-9999,-9999,-9999,unassigned,N/A,-9999,-9999,N/A,-9999,-9999,-9999,-9999,-9999,-9999,-9999,-9999
306,283.113099,283.113165555,-9999,9796885,-9999,1036227.1,18.7,-1,-9999,-9999,-9999,-9999,-9999,-9999,-9999,unassigned,N/A,-9999,-9999,N/A,-9999,-9999,-9999,-9999,-9999,-9999,-9999,-9999
313,287.083833,287.083900773,-9999,7478972,-9999,1033292.3,13.77,-1,-9999,-9999,-9999,-9999,-9999,-9999,-9999,unassigned,N/A,-9999,-9999,N/A,-9999,-9999,-9999,-9999,-9999,-9999,-9999,-9999
314,287.086885,287.086952774,-9999,12058300,-9999,913854.2,23.43,-1,-9999,-9999,-9999,-9999,-9999,-9999,-9999,unassigned,N/A,-9999,-9999,N/A,-9999,-9999,-9999,-9999,-9999,-9999,-9999,-9999
322,291.118186,291.118255011,-9999,35979504,-9999,963002.5,73.89,-1,-9999,-9999,-9999,-9999,-9999,-9999,-9999,unassigned,N/A,-9999,-9999,N/A,-9999,-9999,-9999,-9999,-9999,-9999,-9999,-9999
332,293.206602,293.206671651,-9999,141591104,-9999,930735.5,296.02,-1,-9999,-9999,-9999,-9999,-9999,-9999,-9999,unassigned,N/A,-9999,-9999,N/A,-9999,-9999,-9999,-9999,-9999,-9999,-9999,-9999
334,294.209955,294.210024959,-9999,21529332,-9999,958773,43.31,-1,-9999,-9999,-9999,-9999,-9999,-9999,-9999,unassigned,N/A,-9999,-9999,N/A,-9999,-9999,-9999,-9999,-9999,-9999,-9999,-9999
337,296.932575,296.932645795,-9999,8512757,-9999,922809.4,15.92,-1,-9999,-9999,-9999,-9999,-9999,-9999,-9999,unassigned,N/A,-9999,-9999,N/A,-9999,-9999,-9999,-9999,-9999,-9999,-9999,-9999
346,304.881723,304.881796233,-9999,6736861,-9999,1044581.2,12.14,-1,-9999,-9999,-9999,-9999,-9999,-9999,-9999,unassigned,N/A,-9999,-9999,N/A,-9999,-9999,-9999,-9999,-9999,-9999,-9999,-9999
348,305.133821,305.133894311,-9999,7244827,-9999,892189.2,13.21,-1,-9999,-9999,-9999,-9999,-9999,-9999,-9999,unassigned,N/A,-9999,-9999,N/A,-9999,-9999,-9999,-9999,-9999,-9999,-9999,-9999
351,306.879668,306.879741846,-9999,11316691,-9999,933776.3,21.71,-1,-9999,-9999,-9999,-9999,-9999,-9999,-9999,unassigned,N/A,-9999,-9999,N/A,-9999,-9999,-9999,-9999,-9999,-9999,-9999,-9999
354,307.185837,307.18591094,-9999,12930593,-9999,956957.3,25.09,-1,-9999,-9999,-9999,-9999,-9999,-9999,-9999,unassigned,N/A,-9999,-9999,N/A,-9999,-9999,-9999,-9999,-9999,-9999,-9999,-9999
362,311.168154,311.168229162,-9999,26055242,-9999,1718195.7,52.58,-1,-9999,-9999,-9999,-9999,-9999,-9999,-9999,unassigned,N/A,-9999,-9999,N/A,-9999,-9999,-9999,-9999,-9999,-9999,-9999,-9999
366,314.861475,314.861551295,-9999,6821477.5,-9999,1068926.2,12.26,-1,-9999,-9999,-9999,-9999,-9999,-9999,-9999,unassigned,N/A,-9999,-9999,N/A,-9999,-9999,-9999,-9999,-9999,-9999,-9999,-9999
367,314.943146,314.94322232,-9999,10778237,-9999,888723.8,20.52,-1,-9999,-9999,-9999,-9999,-9999,-9999,-9999,unassigned,N/A,-9999,-9999,N/A,-9999,-9999,-9999,-9999,-9999,-9999,-9999,-9999
373,320.742533,320.7426111,-9999,10313047,-9999,922694.1,19.55,-1,-9999,-9999,-9999,-9999,-9999,-9999,-9999,unassigned,N/A,-9999,-9999,N/A,-9999,-9999,-9999,-9999,-9999,-9999,-9999,-9999
378,321.23788,321.237958252,-9999,101490160,-9999,869105.2,210.05,-1,-9999,-9999,-9999,-9999,-9999,-9999,-9999,unassigned,N/A,-9999,-9999,N/A,-9999,-9999,-9999,-9999,-9999,-9999,-9999,-9999
379,321.256487,321.256565257,-9999,7552503.5,-9999,856255.7,13.78,-1,-9999,-9999,-9999,-9999,-9999,-9999,-9999,unassigned,N/A,-9999,-9999,N/A,-9999,-9999,-9999,-9999,-9999,-9999,-9999,-9999
381,322.241223,322.241301559,-9999,19750702,-9999,872943.3,39.16,-1,-9999,-9999,-9999,-9999,-9999,-9999,-9999,unassigned,N/A,-9999,-9999,N/A,-9999,-9999,-9999,-9999,-9999,-9999,-9999,-9999
382,322.739556,322.739634712,-9999,8232907,-9999,953278.2,15.16,-1,-9999,-9999,-9999,-9999,-9999,-9999,-9999,unassigned,N/A,-9999,-9999,N/A,-9999,-9999,-9999,-9999,-9999,-9999,-9999,-9999
388,325.183755,325.183834462,-9999,24486618,-9999,1591296.4,49.02,-1,-9999,-9999,-9999,-9999,-9999,-9999,-9999,unassigned,N/A,-9999,-9999,N/A,-9999,-9999,-9999,-9999,-9999,-9999,-9999,-9999
390,325.184605,325.184684462,-9999,23175898,-9999,1350324.8,46.29,-1,-9999,-9999,-9999,-9999,-9999,-9999,-9999,unassigned,N/A,-9999,-9999,N/A,-9999,-9999,-9999,-9999,-9999,-9999,-9999,-9999
392,326.759467,326.759546946,-9999,16196824,-9999,849742,31.75,-1,-9999,-9999,-9999,-9999,-9999,-9999,-9999,unassigned,N/A,-9999,-9999,N/A,-9999,-9999,-9999,-9999,-9999,-9999,-9999,-9999
396,328.756516,328.756596558,-9999,11741031,-9999,930681.2,22.46,-1,-9999,-9999,-9999,-9999,-9999,-9999,-9999,unassigned,N/A,-9999,-9999,N/A,-9999,-9999,-9999,-9999,-9999,-9999,-9999,-9999
397,328.958777,328.95885762,-9999,19687338,-9999,867338.7,39.02,-1,-9999,-9999,-9999,-9999,-9999,-9999,-9999,unassigned,N/A,-9999,-9999,N/A,-9999,-9999,-9999,-9999,-9999,-9999,-9999,-9999
399,329.15284,329.15292068,-9999,16820202,-9999,1477737.6,33.05,-1,-9999,-9999,-9999,-9999,-9999,-9999,-9999,unassigned,N/A,-9999,-9999,N/A,-9999,-9999,-9999,-9999,-9999,-9999,-9999,-9999
401,330.955882,330.955963233,-9999,7105087,-9999,995013.3,12.76,-1,-9999,-9999,-9999,-9999,-9999,-9999,-9999,unassigned,N/A,-9999,-9999,N/A,-9999,-9999,-9999,-9999,-9999,-9999,-9999,-9999
404,331.149457,331.149538292,-9999,63154816,-9999,831334,129.2,-1,-9999,-9999,-9999,-9999,-9999,-9999,-9999,unassigned,N/A,-9999,-9999,N/A,-9999,-9999,-9999,-9999,-9999,-9999,-9999,-9999
405,332.152785,332.1528666,-9999,11578318,-9999,883142.4,22.06,-1,-9999,-9999,-9999,-9999,-9999,-9999,-9999,unassigned,N/A,-9999,-9999,N/A,-9999,-9999,-9999,-9999,-9999,-9999,-9999,-9999
419,339.199346,339.199429762,-9999,13153550,-9999,1505415.7,25.32,-1,-9999,-9999,-9999,-9999,-9999,-9999,-9999,unassigned,N/A,-9999,-9999,N/A,-9999,-9999,-9999,-9999,-9999,-9999,-9999,-9999
424,342.85635,342.856434884,-9999,11729372,-9999,821782,22.28,-1,-9999,-9999,-9999,-9999,-9999,-9999,-9999,unassigned,N/A,-9999,-9999,N/A,-9999,-9999,-9999,-9999,-9999,-9999,-9999,-9999
425,342.974415,342.97449992,-9999,18020868,-9999,866332.9,35.31,-1,-9999,-9999,-9999,-9999,-9999,-9999,-9999,unassigned,N/A,-9999,-9999,N/A,-9999,-9999,-9999,-9999,-9999,-9999,-9999,-9999
448,356.990035,356.99012422,-9999,8670252,-9999,858392.4,15.88,-1,-9999,-9999,-9999,-9999,-9999,-9999,-9999,unassigned,N/A,-9999,-9999,N/A,-9999,-9999,-9999,-9999,-9999,-9999,-9999,-9999
450,358.887644,358.887733803,-9999,10538647,-9999,793475.5,19.73,-1,-9999,-9999,-9999,-9999,-9999,-9999,-9999,unassigned,N/A,-9999,-9999,N/A,-9999,-9999,-9999,-9999,-9999,-9999,-9999,-9999
453,360.894212,360.894302418,-9999,8098083.5,-9999,804738.2,14.64,-1,-9999,-9999,-9999,-9999,-9999,-9999,-9999,unassigned,N/A,-9999,-9999,N/A,-9999,-9999,-9999,-9999,-9999,-9999,-9999,-9999
462,363.303407,363.303498157,-9999,11277359,-9999,804854,21.17,-1,-9999,-9999,-9999,-9999,-9999,-9999,-9999,unassigned,N/A,-9999,-9999,N/A,-9999,-9999,-9999,-9999,-9999,-9999,-9999,-9999
473,374.30078,374.300874532,-9999,26468822,-9999,761285.2,52.15,-1,-9999,-9999,-9999,-9999,-9999,-9999,-9999,unassigned,N/A,-9999,-9999,N/A,-9999,-9999,-9999,-9999,-9999,-9999,-9999,-9999
474,374.909836,374.909930718,-9999,14639765,-9999,796525.2,27.95,-1,-9999,-9999,-9999,-9999,-9999,-9999,-9999,unassigned,N/A,-9999,-9999,N/A,-9999,-9999,-9999,-9999,-9999,-9999,-9999,-9999
480,377.319032,377.319127458,-9999,7292291.5,-9999,758025.7,12.92,-1,-9999,-9999,-9999,-9999,-9999,-9999,-9999,unassigned,N/A,-9999,-9999,N/A,-9999,-9999,-9999,-9999,-9999,-9999,-9999,-9999
485,380.698144,380.698240494,-9999,7408021.5,-9999,763113.9,13.15,-1,-9999,-9999,-9999,-9999,-9999,-9999,-9999,unassigned,N/A,-9999,-9999,N/A,-9999,-9999,-9999,-9999,-9999,-9999,-9999,-9999
490,384.718018,384.718115728,-9999,9072222,-9999,824426.6,16.48,-1,-9999,-9999,-9999,-9999,-9999,-9999,-9999,unassigned,N/A,-9999,-9999,N/A,-9999,-9999,-9999,-9999,-9999,-9999,-9999,-9999
494,386.715063,386.71516134,-9999,9752760,-9999,725503.4,17.87,-1,-9999,-9999,-9999,-9999,-9999,-9999,-9999,unassigned,N/A,-9999,-9999,N/A,-9999,-9999,-9999,-9999,-9999,-9999,-9999,-9999
498,388.925489,388.925588018,-9999,20673356,-9999,736875.7,40.1,-1,-9999,-9999,-9999,-9999,-9999,-9999,-9999,unassigned,N/A,-9999,-9999,N/A,-9999,-9999,-9999,-9999,-9999,-9999,-9999,-9999
501,390.92252,390.922619631,-9999,7034269.5,-9999,762270,12.33,-1,-9999,-9999,-9999,-9999,-9999,-9999,-9999,unassigned,N/A,-9999,-9999,N/A,-9999,-9999,-9999,-9999,-9999,-9999,-9999,-9999
511,397.863085,397.863186761,-9999,15007107,-9999,739532.8,28.43,-1,-9999,-9999,-9999,-9999,-9999,-9999,-9999,unassigned,N/A,-9999,-9999,N/A,-9999,-9999,-9999,-9999,-9999,-9999,-9999,-9999
512,397.897414,397.897515771,-9999,22347150,-9999,777545.1,43.3,-1,-9999,-9999,-9999,-9999,-9999,-9999,-9999,unassigned,N/A,-9999,-9999,N/A,-9999,-9999,-9999,-9999,-9999,-9999,-9999,-9999
513,397.931824,397.931925782,-9999,12058007,-9999,704190.5,22.45,-1,-9999,-9999,-9999,-9999,-9999,-9999,-9999,unassigned,N/A,-9999,-9999,N/A,-9999,-9999,-9999,-9999,-9999,-9999,-9999,-9999
515,398.034978,398.035079813,-9999,15711669,-9999,690280,29.86,-1,-9999,-9999,-9999,-9999,-9999,-9999,-9999,unassigned,N/A,-9999,-9999,N/A,-9999,-9999,-9999,-9999,-9999,-9999,-9999,-9999
518,402.941122,402.941225319,-9999,16876324,-9999,735294.4,32.21,-1,-9999,-9999,-9999,-9999,-9999,-9999,-9999,unassigned,N/A,-9999,-9999,N/A,-9999,-9999,-9999,-9999,-9999,-9999,-9999,-9999
525,405.350352,405.350456058,-9999,12977604,-9999,743829,24.31,-1,-9999,-9999,-9999,-9999,-9999,-9999,-9999,unassigned,N/A,-9999,-9999,N/A,-9999,-9999,-9999,-9999,-9999,-9999,-9999,-9999
528,408.766841,408.766946106,-9999,18581870,-9999,721277.8,35.49,-1,-9999,-9999,-9999,-9999,-9999,-9999,-9999,unassigned,N/A,-9999,-9999,N/A,-9999,-9999,-9999,-9999,-9999,-9999,-9999,-9999
532,410.76479,410.764895719,-9999,16550796,-9999,735071.6,31.39,-1,-9999,-9999,-9999,-9999,-9999,-9999,-9999,unassigned,N/A,-9999,-9999,N/A,-9999,-9999,-9999,-9999,-9999,-9999,-9999,-9999
565,436.659698,436.659811664,-9999,7677333.5,-9999,731570.1,13.34,-1,-9999,-9999,-9999,-9999,-9999,-9999,-9999,unassigned,N/A,-9999,-9999,N/A,-9999,-9999,-9999,-9999,-9999,-9999,-9999,-9999
566,436.798098,436.798211706,-9999,13002168,-9999,655714.5,23.96,-1,-9999,-9999,-9999,-9999,-9999,-9999,-9999,unassigned,N/A,-9999,-9999,N/A,-9999,-9999,-9999,-9999,-9999,-9999,-9999,-9999
571,438.796038,438.796152319,-9999,12920745,-9999,636482.3,23.8,-1,-9999,-9999,-9999,-9999,-9999,-9999,-9999,unassigned,N/A,-9999,-9999,N/A,-9999,-9999,-9999,-9999,-9999,-9999,-9999,-9999
575,442.676648,442.67676351,-9999,8366956.5,-9999,668890.4,14.71,-1,-9999,-9999,-9999,-9999,-9999,-9999,-9999,unassigned,N/A,-9999,-9999,N/A,-9999,-9999,-9999,-9999,-9999,-9999,-9999,-9999
576,444.673674,444.673790122,-9999,9006428,-9999,686342.5,15.98,-1,-9999,-9999,-9999,-9999,-9999,-9999,-9999,unassigned,N/A,-9999,-9999,N/A,-9999,-9999,-9999,-9999,-9999,-9999,-9999,-9999
580,447.397206,447.397322958,-9999,8343551,-9999,633210.1,14.66,-1,-9999,-9999,-9999,-9999,-9999,-9999,-9999,unassigned,N/A,-9999,-9999,N/A,-9999,-9999,-9999,-9999,-9999,-9999,-9999,-9999
592,452.887131,452.887249642,-9999,9598291,-9999,686930.7,17.05,-1,-9999,-9999,-9999,-9999,-9999,-9999,-9999,unassigned,N/A,-9999,-9999,N/A,-9999,-9999,-9999,-9999,-9999,-9999,-9999,-9999
610,466.902753,466.902875942,-9999,16630562,-9999,631840.4,30.99,-1,-9999,-9999,-9999,-9999,-9999,-9999,-9999,unassigned,N/A,-9999,-9999,N/A,-9999,-9999,-9999,-9999,-9999,-9999,-9999,-9999
617,468.899771,468.899894555,-9999,7144740,-9999,664538.9,12.18,-1,-9999,-9999,-9999,-9999,-9999,-9999,-9999,unassigned,N/A,-9999,-9999,N/A,-9999,-9999,-9999,-9999,-9999,-9999,-9999,-9999
623,476.97869,476.978816034,-9999,20630890,-9999,621338.5,38.63,-1,-9999,-9999,-9999,-9999,-9999,-9999,-9999,unassigned,N/A,-9999,-9999,N/A,-9999,-9999,-9999,-9999,-9999,-9999,-9999,-9999
628,480.918383,480.918510242,-9999,16077194,-9999,631582.6,29.67,-1,-9999,-9999,-9999,-9999,-9999,-9999,-9999,unassigned,N/A,-9999,-9999,N/A,-9999,-9999,-9999,-9999,-9999,-9999,-9999,-9999
633,482.915345,482.915472855,-9999,7230373.5,-9999,663187.2,12.25,-1,-9999,-9999,-9999,-9999,-9999,-9999,-9999,unassigned,N/A,-9999,-9999,N/A,-9999,-9999,-9999,-9999,-9999,-9999,-9999,-9999
644,494.934011,494.934142542,-9999,11362430,-9999,597887.9,20.22,-1,-9999,-9999,-9999,-9999,-9999,-9999,-9999,unassigned,N/A,-9999,-9999,N/A,-9999,-9999,-9999,-9999,-9999,-9999,-9999,-9999
656,500.635188,500.635321292,-9999,7464609,-9999,646696.8,12.6,-1,-9999,-9999,-9999,-9999,-9999,-9999,-9999,unassigned,N/A,-9999,-9999,N/A,-9999,-9999,-9999,-9999,-9999,-9999,-9999,-9999
657,502.632256,502.632389904,-9999,10397895,-9999,610576.6,18.33,-1,-9999,-9999,-9999,-9999,-9999,-9999,-9999,unassigned,N/A,-9999,-9999,N/A,-9999,-9999,-9999,-9999,-9999,-9999,-9999,-9999
663,508.974324,508.97445985,-9999,9334674,-9999,563721,16.12,-1,-9999,-9999,-9999,-9999,-9999,-9999,-9999,unassigned,N/A,-9999,-9999,N/A,-9999,-9999,-9999,-9999,-9999,-9999,-9999,-9999
670,512.853824,512.85396104,-9999,8344497.5,-9999,515724.3,14.2,-1,-9999,-9999,-9999,-9999,-9999,-9999,-9999,unassigned,N/A,-9999,-9999,N/A,-9999,-9999,-9999,-9999,-9999,-9999,-9999,-9999
686,526.86949,526.86963134,-9999,13763126,-9999,542142.3,24.69,-1,-9999,-9999,-9999,-9999,-9999,-9999,-9999,unassigned,N/A,-9999,-9999,N/A,-9999,-9999,-9999,-9999,-9999,-9999,-9999,-9999
687,526.975411,526.975552373,-9999,17695312,-9999,566364.8,32.31,-1,-9999,-9999,-9999,-9999,-9999,-9999,-9999,unassigned,N/A,-9999,-9999,N/A,-9999,-9999,-9999,-9999,-9999,-9999,-9999,-9999
693,540.885068,540.88521364,-9999,11079625,-9999,519283.4,19.42,-1,-9999,-9999,-9999,-9999,-9999,-9999,-9999,unassigned,N/A,-9999,-9999,N/A,-9999,-9999,-9999,-9999,-9999,-9999,-9999,-9999
706,558.593801,558.593952074,-9999,8593190,-9999,502340.2,14.55,-1,-9999,-9999,-9999,-9999,-9999,-9999,-9999,unassigned,N/A,-9999,-9999,N/A,-9999,-9999,-9999,-9999,-9999,-9999,-9999,-9999
708,560.590849,560.591000686,-9999,13410500,-9999,517438.4,23.82,-1,-9999,-9999,-9999,-9999,-9999,-9999,-9999,unassigned,N/A,-9999,-9999,N/A,-9999,-9999,-9999,-9999,-9999,-9999,-9999,-9999
710,562.587824,562.587976299,-9999,9937500,-9999,529824.4,17.14,-1,-9999,-9999,-9999,-9999,-9999,-9999,-9999,unassigned,N/A,-9999,-9999,N/A,-9999,-9999,-9999,-9999,-9999,-9999,-9999,-9999
717,570.7404,570.7405548,-9999,7973028.5,-9999,515585.3,13.36,-1,-9999,-9999,-9999,-9999,-9999,-9999,-9999,unassigned,N/A,-9999,-9999,N/A,-9999,-9999,-9999,-9999,-9999,-9999,-9999,-9999
724,582.871131,582.871289522,-9999,8778087,-9999,551173.9,14.88,-1,-9999,-9999,-9999,-9999,-9999,-9999,-9999,unassigned,N/A,-9999,-9999,N/A,-9999,-9999,-9999,-9999,-9999,-9999,-9999,-9999
726,584.86921,584.869369135,-9999,8450761,-9999,516545.5,14.25,-1,-9999,-9999,-9999,-9999,-9999,-9999,-9999,unassigned,N/A,-9999,-9999,N/A,-9999,-9999,-9999,-9999,-9999,-9999,-9999,-9999
730,592.724606,592.724767545,-9999,9287697,-9999,481742.2,15.85,-1,-9999,-9999,-9999,-9999,-9999,-9999,-9999,unassigned,N/A,-9999,-9999,N/A,-9999,-9999,-9999,-9999,-9999,-9999,-9999,-9999
734,607.941298,607.941464214,-9999,8176054,-9999,508273.2,13.72,-1,-9999,-9999,-9999,-9999,-9999,-9999,-9999,unassigned,N/A,-9999,-9999,N/A,-9999,-9999,-9999,-9999,-9999,-9999,-9999,-9999
760,811.933747,811.9339758,-9999,8733934,-9999,266144,14.04,-1,-9999,-9999,-9999,-9999,-9999,-9999,-9999,unassigned,N/A,-9999,-9999,N/A,-9999,-9999,-9999,-9999,-9999,-9999,-9999,-9999
883,1020.977002,1020.977294935,-9999,19250632,-9999,274046.7,29.17,-1,-9999,-9999,-9999,-9999,-9999,-9999,-9999,unassigned,N/A,-9999,-9999,N/A,-9999,-9999,-9999,-9999,-9999,-9999,-9999,-9999
