Index,Mass,Calibrated_Mass,Calculated_Mass,Peak_Height,Peak_Area,Resolving_Power,S_N,Ion_Charge,Error_ppm,Error_Score,Isotopologue_Similarity,Confidence_Score,DBE,OtoC_ratio,HtoC_ratio,Heteroatom_Class,Ion_Type,Is_Isotopologue,Mono_Isotopic_Index,Molecular_Formula,C,H,O,N,P,S,13C,18O,34S
8,121.029481,121.029481381,121.02950298,195875536,-9999,2215042.9,451.89,-1,-0.17846043,0.996096459,0.991439768,0.994233783,5,0.285714286,0.857142857,O2,de-protonated,0,-9999,C7 H6 O2,7,6,2,-9999,-9999,-9999,-9999,-9999,-9999
10,122.032844,122.032844854,122.032857815,16788032,-9999,2217039,36.91,-1,-0.10621509,0.997955054,0.991439768,0.995348939,5,0.285714286,0.857142857,13C1 O2,de-protonated,1,8,C6 H6 O2 13C1,6,6,2,-9999,-9999,-9999,1,-9999,-9999
13,123.045143,123.04514433,123.045153045,8455601,-9999,2301783.1,17.6,-1,-0.070824394,0.99909025,0,0.59945415,4,0.285714286,1.142857143,O2,de-protonated,0,-9999,C7 H8 O2,7,8,2,-9999,-9999,-9999,-9999,-9999,-9999
14,125.024394,125.024396262,125.0244176,11164841,-9999,2143793.8,23.88,-1,-0.170670737,0.994728615,0,0.596837169,4,0.5,1,O3,de-protonated,0,-9999,C6 H6 O3,6,6,3,-9999,-9999,-9999,-9999,-9999,-9999
15,125.060783,125.060785279,125.060803109,6631716,-9999,2006491.4,13.37,-1,-0.142572489,0.996318501,0,0.597791101,3,0.285714286,1.428571429,O2,de-protonated,0,-9999,C7 H10 O2,7,10,2,-9999,-9999,-9999,-9999,-9999,-9999
16,125.097172,125.097174296,125.097188618,7404191.5,-9999,2258888.1,15.16,-1,-0.114490587,0.99762438,0,0.598574628,2,0.125,1.75,O1,de-protonated,0,-9999,C8 H14 O1,8,14,1,-9999,-9999,-9999,-9999,-9999,-9999
18,127.040046,127.040049211,127.040067664,14120892,-9999,2074040.4,30.73,-1,-0.145258388,0.996178752,0,0.597707251,3,0.5,1.333333333,O3,de-protonated,0,-9999,C6 H8 O3,6,8,3,-9999,-9999,-9999,-9999,-9999,-9999
19,127.076431,127.076434228,127.076453174,10547640,-9999,2195639.5,22.45,-1,-0.149090232,0.9959749,0,0.59758494,2,0.285714286,1.714285714,O2,de-protonated,0,-9999,C7 H12 O2,7,12,2,-9999,-9999,-9999,-9999,-9999,-9999
23,129.05569,129.055694159,129.055717729,156303104,-9999,2018508.1,360.19,-1,-0.182628601,0.995447893,0.998661981,0.996733528,2,0.5,1.666666667,O3,de-protonated,0,-9999,C6 H10 O3,6,10,3,-9999,-9999,-9999,-9999,-9999,-9999
25,130.059051,130.059055632,130.059072564,9906368,-9999,2289282.3,20.96,-1,-0.130187151,0.996929406,0.998661981,0.997622436,2,0.5,1.666666667,13C1 O3,de-protonated,1,23,C5 H10 O3 13C1,5,10,3,-9999,-9999,-9999,1,-9999,-9999
28,131.034956,131.034961091,131.034982284,27360914,-9999,2138244.1,61.41,-1,-0.161732913,0.995264995,0,0.597158997,2,0.8,1.6,O4,de-protonated,0,-9999,C5 H8 O4,5,8,4,-9999,-9999,-9999,-9999,-9999,-9999
31,131.071347,131.071352108,131.071367793,202481296,-9999,2040386,467.2,-1,-0.119666783,0.996819078,0.991438995,0.994667045,1,0.5,2,O3,de-protonated,0,-9999,C6 H12 O3,6,12,3,-9999,-9999,-9999,-9999,-9999,-9999
33,132.074698,132.074703581,132.074722628,11191930,-9999,1888444.1,23.94,-1,-0.144218727,0.996233154,0.991438995,0.99431549,1,0.5,2,13C1 O3,de-protonated,1,31,C5 H12 O3 13C1,5,12,3,-9999,-9999,-9999,1,-9999,-9999
36,135.045133,135.045139979,135.045153045,47230668,-9999,1958017.4,107.45,-1,-0.096751392,0.998302931,0,0.598981759,5,0.25,1,O2,de-protonated,0,-9999,C8 H8 O2,8,8,2,-9999,-9999,-9999,-9999,-9999,-9999
42,137.02439,137.024397911,137.0244176,531832736,-9999,1838491.7,1230.37,-1,-0.143691286,0.99764937,0.997260881,0.997493974,5,0.428571429,0.857142857,O3,de-protonated,0,-9999,C7 H6 O3,7,6,3,-9999,-9999,-9999,-9999,-9999,-9999
44,138.019642,138.019650379,138.019666572,18708536,-9999,1914188.1,41.36,-1,-0.117323257,0.997505521,0,0.598503313,5,0.5,0.833333333,N1 O3,de-protonated,0,-9999,C6 H5 O3 N1,6,5,3,1,-9999,-9999,-9999,-9999,-9999
46,138.027754,138.027762383,138.027772435,38584376,-9999,1786874.1,87.41,-1,-0.072825693,0.999038135,0.997260881,0.998327234,5,0.428571429,0.857142857,13C1 O3,de-protonated,1,42,C6 H6 O3 13C1,6,6,3,-9999,-9999,-9999,1,-9999,-9999
48,139.003651,139.003659842,139.003682155,8284407.5,-9999,2005380.7,17.2,-1,-0.160518203,0.995335688,0,0.597201413,5,0.666666667,0.666666667,O4,de-protonated,0,-9999,C6 H4 O4,6,4,4,-9999,-9999,-9999,-9999,-9999,-9999
50,139.040049,139.040057859,139.040067664,27328768,-9999,1762137.6,61.33,-1,-0.070518072,0.999098099,0,0.59945886,4,0.428571429,1.142857143,O3,de-protonated,0,-9999,C7 H8 O3,7,8,3,-9999,-9999,-9999,-9999,-9999,-9999
51,139.076429,139.076437877,139.076453174,8122631,-9999,2105453.2,16.83,-1,-0.10999031,0.997807265,0,0.598684359,3,0.25,1.5,O2,de-protonated,0,-9999,C8 H12 O2,8,12,2,-9999,-9999,-9999,-9999,-9999,-9999
54,141.019307,141.019316791,141.019332219,22772478,-9999,1837149.2,50.77,-1,-0.109405179,0.997830508,0,0.598698305,4,0.666666667,1,O4,de-protonated,0,-9999,C6 H6 O4,6,6,4,-9999,-9999,-9999,-9999,-9999,-9999
55,141.055691,141.055700808,141.055717729,14334729,-9999,1861831.4,31.22,-1,-0.119955918,0.997392464,0,0.598435478,3,0.428571429,1.428571429,O3,de-protonated,0,-9999,C7 H10 O3,7,10,3,-9999,-9999,-9999,-9999,-9999,-9999
56,141.092076,141.092085825,141.092103238,9038612,-9999,2090827.3,18.95,-1,-0.123413644,0.997240184,0,0.59834411,2,0.25,1.75,O2,de-protonated,0,-9999,C8 H14 O2,8,14,2,-9999,-9999,-9999,-9999,-9999,-9999
57,143.025068,143.025078735,143.025086305,17743290,-9999,1883190.4,39.05,-1,-0.052926081,0.999491861,0,0.599695116,8,0.125,0.5,N2 O1,de-protonated,0,-9999,C8 H4 O1 N2,8,4,1,2,-9999,-9999,-9999,-9999,-9999
59,143.034965,143.03497574,143.034982284,42173888,-9999,1799122.5,95.57,-1,-0.045750126,0.999620287,0,0.599772172,3,0.666666667,1.333333333,O4,de-protonated,0,-9999,C6 H8 O4,6,8,4,-9999,-9999,-9999,-9999,-9999,-9999
60,143.071344,143.071354757,143.071367793,24937932,-9999,1836455.4,55.7,-1,-0.09111602,0.998494724,0,0.599096834,2,0.428571429,1.714285714,O3,de-protonated,0,-9999,C7 H12 O3,7,12,3,-9999,-9999,-9999,-9999,-9999,-9999
61,144.045461,144.045472216,144.045487397,15015787,-9999,1895267.8,32.74,-1,-0.105395073,0.997986476,0,0.598791886,7,0.111111111,0.777777778,N1 O1,de-protonated,0,-9999,C9 H7 O1 N1,9,7,1,1,-9999,-9999,-9999,-9999,-9999
67,145.050607,145.050618689,145.050632348,246262096,-9999,1723852.9,566.65,-1,-0.094170559,0.998769081,0.996379289,0.997813164,2,0.666666667,1.666666667,O4,de-protonated,0,-9999,C6 H10 O4,6,10,4,-9999,-9999,-9999,-9999,-9999,-9999
70,145.086999,145.087010706,145.087017858,48191836,-9999,1700101,109.29,-1,-0.049292613,0.99955922,0,0.599735532,1,0.428571429,2,O3,de-protonated,0,-9999,C7 H14 O3,7,14,3,-9999,-9999,-9999,-9999,-9999,-9999
72,146.024733,146.024745147,146.024751952,193981248,-9999,1693421.6,445.1,-1,-0.046602276,0.999182022,0.996896924,0.998267983,7,0.25,0.625,N1 O2,de-protonated,0,-9999,C8 H5 O2 N1,8,5,2,1,-9999,-9999,-9999,-9999,-9999
74,146.053965,146.053977161,146.053987183,14973783,-9999,1749242.5,32.52,-1,-0.068620211,0.999145971,0.996379289,0.998039299,2,0.666666667,1.666666667,13C1 O4,de-protonated,1,67,C5 H10 O4 13C1,5,10,4,-9999,-9999,-9999,1,-9999,-9999
78,147.008746,147.008758611,147.008767535,24026488,-9999,1704322.4,53.39,-1,-0.060709225,0.999331474,0,0.599598885,7,0.375,0.5,O3,de-protonated,0,-9999,C8 H4 O3,8,4,3,-9999,-9999,-9999,-9999,-9999,-9999
79,147.028082,147.02809462,147.028106787,16076164,-9999,1885358.2,35.06,-1,-0.082758641,0.998758031,0.996896924,0.998013588,7,0.25,0.625,13C1 N1 O2,de-protonated,1,72,C7 H5 O2 N1 13C1,7,5,2,1,-9999,-9999,1,-9999,-9999
81,147.045129,147.045141628,147.045153045,23727502,-9999,1714085.4,52.7,-1,-0.077642897,0.998906749,0,0.59934405,6,0.222222222,0.888888889,O2,de-protonated,0,-9999,C9 H8 O2,9,8,2,-9999,-9999,-9999,-9999,-9999,-9999
85,149.024393,149.024406559,149.0244176,52802180,-9999,1656955.5,119.48,-1,-0.074084616,0.999004609,0,0.599402765,6,0.375,0.75,O3,de-protonated,0,-9999,C8 H6 O3,8,6,3,-9999,-9999,-9999,-9999,-9999,-9999
86,149.060776,149.060789576,149.060803109,21402268,-9999,1608578.5,47.25,-1,-0.09078604,0.998505599,0,0.599103359,5,0.222222222,1.111111111,O2,de-protonated,0,-9999,C9 H10 O2,9,10,2,-9999,-9999,-9999,-9999,-9999,-9999
87,150.00189,150.001904019,150.001908507,6726967,-9999,1985504.1,13.46,-1,-0.029917863,0.999837602,0,0.599902561,6,0.142857143,0.714285714,N1 S1 O1,de-protonated,0,-9999,C7 H5 O1 N1 S1,7,5,1,1,-9999,1,-9999,-9999,-9999
92,151.040045,151.040059508,151.040067664,85162048,-9999,1703064.3,193.54,-1,-0.053999199,0.999450803,0.995731277,0.997962993,5,0.375,1,O3,de-protonated,0,-9999,C8 H8 O3,8,8,3,-9999,-9999,-9999,-9999,-9999,-9999
94,152.035288,152.035302977,152.035316636,21445462,-9999,1771551.2,47.15,-1,-0.089845894,0.998536367,0,0.59912182,5,0.428571429,1,N1 O3,de-protonated,0,-9999,C7 H7 O3 N1,7,7,3,1,-9999,-9999,-9999,-9999,-9999
95,152.043399,152.04341398,152.043422499,6941533,-9999,1982241.8,13.92,-1,-0.056028736,0.999430555,0.995731277,0.997950844,5,0.375,1,13C1 O3,de-protonated,1,92,C7 H8 O3 13C1,7,8,3,-9999,-9999,-9999,1,-9999,-9999
100,153.019309,153.01932444,153.019332219,133185160,-9999,1626217.4,303.2,-1,-0.05083964,0.999105471,0.994508788,0.997266798,5,0.571428571,0.857142857,O4,de-protonated,0,-9999,C7 H6 O4,7,6,4,-9999,-9999,-9999,-9999,-9999,-9999
102,153.055693,153.055708457,153.055717729,18603688,-9999,1703928.4,40.64,-1,-0.060577094,0.99933438,0,0.599600628,4,0.375,1.25,O3,de-protonated,0,-9999,C8 H10 O3,8,10,3,-9999,-9999,-9999,-9999,-9999,-9999
103,153.092073,153.092088474,153.092103238,7980743.5,-9999,1790403.5,16.3,-1,-0.096437994,0.998313898,0,0.598988339,3,0.222222222,1.555555556,O2,de-protonated,0,-9999,C9 H14 O2,9,14,2,-9999,-9999,-9999,-9999,-9999,-9999
104,154.014554,154.014569908,154.014581192,10537452,-9999,1506272.6,22.11,-1,-0.073260291,0.999026626,0,0.599415976,5,0.666666667,0.833333333,N1 O4,de-protonated,0,-9999,C6 H5 O4 N1,6,5,4,1,-9999,-9999,-9999,-9999,-9999
105,154.022658,154.022673912,154.022687054,10934771,-9999,1596537.4,23.02,-1,-0.085326444,0.998679817,0.994508788,0.997011405,5,0.571428571,0.857142857,13C1 O4,de-protonated,1,100,C6 H6 O4 13C1,6,6,4,-9999,-9999,-9999,1,-9999,-9999
109,154.998565,154.998581372,154.998596774,29304168,-9999,1640603.5,65.02,-1,-0.099374168,0.998209758,0,0.598925855,5,0.833333333,0.666666667,O5,de-protonated,0,-9999,C6 H4 O5,6,4,5,-9999,-9999,-9999,-9999,-9999,-9999
111,155.034959,155.034975389,155.034982284,37799308,-9999,1646527.9,84.45,-1,-0.044474315,0.999641165,0,0.599784699,4,0.571428571,1.142857143,O4,de-protonated,0,-9999,C7 H8 O4,7,8,4,-9999,-9999,-9999,-9999,-9999,-9999
112,155.071339,155.071355406,155.071367793,21808556,-9999,1679014.8,47.88,-1,-0.07988128,0.998842843,0,0.599305706,3,0.375,1.5,O3,de-protonated,0,-9999,C8 H12 O3,8,12,3,-9999,-9999,-9999,-9999,-9999,-9999
113,155.107721,155.107737423,155.107753302,8050125.5,-9999,1905606.2,16.42,-1,-0.102377366,0.998100021,0,0.598860013,2,0.222222222,1.777777778,O2,de-protonated,0,-9999,C9 H16 O2,9,16,2,-9999,-9999,-9999,-9999,-9999,-9999
114,156.066596,156.066612874,156.066616765,7674201,-9999,1757190.5,15.53,-1,-0.024931655,0.99988722,0,0.599932332,3,0.428571429,1.571428571,N1 O3,de-protonated,0,-9999,C7 H11 O3 N1,7,11,3,1,-9999,-9999,-9999,-9999,-9999
117,157.050607,157.050624338,157.050632348,100175136,-9999,1576808,226.62,-1,-0.051007133,0.999445028,0.98874443,0.995164789,3,0.571428571,1.428571429,O4,de-protonated,0,-9999,C7 H10 O4,7,10,4,-9999,-9999,-9999,-9999,-9999,-9999
119,157.086992,157.087009355,157.087017858,15275330,-9999,1611558.4,32.87,-1,-0.054128756,0.999468511,0,0.599681106,2,0.375,1.75,O3,de-protonated,0,-9999,C8 H14 O3,8,14,3,-9999,-9999,-9999,-9999,-9999,-9999
120,158.05396,158.05397781,158.053987183,8904982,-9999,1620148.7,18.29,-1,-0.059305439,0.999362024,0.98874443,0.995114986,3,0.571428571,1.428571429,13C1 O4,de-protonated,1,117,C6 H10 O4 13C1,6,10,4,-9999,-9999,-9999,1,-9999,-9999
121,158.082241,158.082258823,158.08226683,14598451,-9999,1776525.8,31.26,-1,-0.050648491,0.999534643,0,0.599720786,2,0.428571429,1.857142857,N1 O3,de-protonated,0,-9999,C7 H13 O3 N1,7,13,3,1,-9999,-9999,-9999,-9999,-9999
124,159.066252,159.066270286,159.066282413,285496640,-9999,1596807,648.15,-1,-0.076234458,0.999217912,0.997008514,0.998334153,2,0.571428571,1.714285714,O4,de-protonated,0,-9999,C7 H12 O4,7,12,4,-9999,-9999,-9999,-9999,-9999,-9999
126,159.102636,159.102654304,159.102667922,24511838,-9999,1604369.6,53.83,-1,-0.085596017,0.998671467,0,0.59920288,1,0.375,2,O3,de-protonated,0,-9999,C8 H16 O3,8,16,3,-9999,-9999,-9999,-9999,-9999,-9999
127,160.040383,160.040401745,160.040402017,6648144,-9999,1476021.1,13.12,-1,-0.001699047,0.999999476,0,0.599999686,7,0.222222222,0.777777778,N1 O2,de-protonated,0,-9999,C9 H7 O2 N1,9,7,2,1,-9999,-9999,-9999,-9999,-9999
128,160.06961,160.069628759,160.069637248,20629872,-9999,1640505.4,44.89,-1,-0.053033718,0.999489792,0.997008514,0.998497281,2,0.571428571,1.714285714,13C1 O4,de-protonated,1,124,C6 H12 O4 13C1,6,12,4,-9999,-9999,-9999,1,-9999,-9999
131,161.024391,161.024410208,161.0244176,49552784,-9999,1601097.1,110.61,-1,-0.045903728,0.999617733,0,0.59977064,7,0.333333333,0.666666667,O3,de-protonated,0,-9999,C9 H6 O3,9,6,3,-9999,-9999,-9999,-9999,-9999,-9999
132,161.035626,161.035645213,161.035650989,7130523.5,-9999,1773544.4,14.21,-1,-0.035865489,0.999766624,0,0.599859974,7,0.25,0.75,N2 O2,de-protonated,0,-9999,C8 H6 O2 N2,8,6,2,2,-9999,-9999,-9999,-9999,-9999
133,161.06078,161.060799225,161.060803109,8379831.5,-9999,1510033.4,17.05,-1,-0.024114132,0.999894495,0,0.599936697,6,0.2,1,O2,de-protonated,0,-9999,C10 H10 O2,10,10,2,-9999,-9999,-9999,-9999,-9999,-9999
134,161.081898,161.081917235,161.081932477,8537551,-9999,1708745.4,17.41,-1,-0.09462241,0.998376736,0,0.599026042,1,0.571428571,2,O4,de-protonated,0,-9999,C7 H14 O4,7,14,4,-9999,-9999,-9999,-9999,-9999,-9999
136,162.019634,162.019653677,162.019666572,86385144,-9999,1579082.1,193.86,-1,-0.079591124,0.999389379,0.997485525,0.998627837,7,0.375,0.625,N1 O3,de-protonated,0,-9999,C8 H5 O3 N1,8,5,3,1,-9999,-9999,-9999,-9999,-9999
143,163.022998,163.023018149,163.023021407,7218816,-9999,1864294.7,14.38,-1,-0.019985402,0.999927529,0.997485525,0.998950727,7,0.375,0.625,13C1 N1 O3,de-protonated,1,136,C7 H5 O3 N1 13C1,7,5,3,1,-9999,-9999,1,-9999,-9999
145,163.04004,163.040060157,163.040067664,50734740,-9999,1580412.2,113.03,-1,-0.04604542,0.99961537,0,0.599769222,6,0.333333333,0.888888889,O3,de-protonated,0,-9999,C9 H8 O3,9,8,3,-9999,-9999,-9999,-9999,-9999,-9999
147,163.076424,163.076444174,163.076453174,7378623,-9999,1790452.7,14.74,-1,-0.055185596,0.99944756,0,0.599668536,5,0.2,1.2,O2,de-protonated,0,-9999,C10 H12 O2,10,12,2,-9999,-9999,-9999,-9999,-9999,-9999
148,164.035286,164.035306625,164.035316636,19974960,-9999,1506671.3,43.19,-1,-0.061029256,0.99932441,0,0.599594646,6,0.375,0.875,N1 O3,de-protonated,0,-9999,C8 H7 O3 N1,8,7,3,1,-9999,-9999,-9999,-9999,-9999
156,165.019302,165.019323089,165.019332219,3654119424,-9999,1472806.3,8263.65,-1,-0.055330817,0.999546886,0.999163388,0.999393487,6,0.5,0.75,O4,de-protonated,0,-9999,C8 H6 O4,8,6,4,-9999,-9999,-9999,-9999,-9999,-9999
159,165.055688,165.055709106,165.055717729,44716032,-9999,1599830.3,99.16,-1,-0.052242215,0.999504904,0,0.599702942,5,0.333333333,1.111111111,O3,de-protonated,0,-9999,C9 H10 O3,9,10,3,-9999,-9999,-9999,-9999,-9999,-9999
161,166.022659,166.022680561,166.022687054,312636576,-9999,1485446.8,703.54,-1,-0.039111589,0.999616342,0.999163388,0.99943516,6,0.5,0.75,13C1 O4,de-protonated,1,156,C7 H6 O4 13C1,7,6,4,-9999,-9999,-9999,1,-9999,-9999
165,167.023545,167.023567032,167.023577213,30431628,-9999,1521365.3,66.68,-1,-0.060952359,0.999517251,0.999163388,0.999375706,6,0.5,0.75,O3 18O1,de-protonated,1,156,C8 H6 O3 18O1,8,6,3,-9999,-9999,-9999,-9999,1,-9999
166,167.026013,167.026035033,167.026041889,12773775,-9999,1582998.9,26.83,-1,-0.041048505,0.999609301,0.999163388,0.999430936,6,0.5,0.75,13C2 O4,de-protonated,1,156,C6 H6 O4 13C2,6,6,4,-9999,-9999,-9999,2,-9999,-9999
168,167.034952,167.034974038,167.034982284,36927900,-9999,1486289,81.34,-1,-0.049368589,0.999557861,0,0.599734716,5,0.5,1,O4,de-protonated,0,-9999,C8 H8 O4,8,8,4,-9999,-9999,-9999,-9999,-9999,-9999
170,167.071338,167.071360055,167.071367793,11000265,-9999,1590138.9,22.83,-1,-0.046318549,0.999610794,0,0.599766477,4,0.333333333,1.333333333,O3,de-protonated,0,-9999,C9 H12 O3,9,12,3,-9999,-9999,-9999,-9999,-9999,-9999
171,168.030202,168.030224506,168.030231256,9690765,-9999,1518301.8,19.83,-1,-0.040171249,0.999707234,0,0.59982434,5,0.571428571,1,N1 O4,de-protonated,0,-9999,C7 H7 O4 N1,7,7,4,1,-9999,-9999,-9999,-9999,-9999
176,169.014215,169.014237969,169.014246839,38454148,-9999,1442028.3,84.58,-1,-0.05247893,0.999500408,0,0.599700245,5,0.714285714,0.857142857,O5,de-protonated,0,-9999,C7 H6 O5,7,6,5,-9999,-9999,-9999,-9999,-9999,-9999
178,169.050599,169.050621986,169.050632348,34513844,-9999,1489325.9,75.71,-1,-0.061294711,0.999318522,0,0.599591113,4,0.5,1.25,O4,de-protonated,0,-9999,C8 H10 O4,8,10,4,-9999,-9999,-9999,-9999,-9999,-9999
179,169.086984,169.087007003,169.087017858,13722594,-9999,1585735.4,28.9,-1,-0.064192581,0.999252586,0,0.599551552,3,0.333333333,1.555555556,O3,de-protonated,0,-9999,C9 H14 O3,9,14,3,-9999,-9999,-9999,-9999,-9999,-9999
183,171.029867,171.029890918,171.029896903,8959456,-9999,1480490.7,18.13,-1,-0.034995711,0.999777805,0,0.599866683,4,0.714285714,1.142857143,O5,de-protonated,0,-9999,C7 H8 O5,7,8,5,-9999,-9999,-9999,-9999,-9999,-9999
185,171.066255,171.066278935,171.066282413,113610256,-9999,1475992.9,253.14,-1,-0.020328575,0.99996034600000006,0.989098255,0.99561551,3,0.5,1.5,O4,de-protonated,0,-9999,C8 H12 O4,8,12,4,-9999,-9999,-9999,-9999,-9999,-9999
186,171.102642,171.102665952,171.102667922,11085377,-9999,1523583.7,22.9,-1,-0.011512125,0.999975953,0,0.599985572,2,0.333333333,1.777777778,O3,de-protonated,0,-9999,C9 H16 O3,9,16,3,-9999,-9999,-9999,-9999,-9999,-9999
187,172.069612,172.069636407,172.069637248,11309904,-9999,1721204.5,23.4,-1,-0.004883432,0.999995673,0.989098255,0.995636706,3,0.5,1.5,13C1 O4,de-protonated,1,185,C7 H12 O4 13C1,7,12,4,-9999,-9999,-9999,1,-9999,-9999
188,172.097891,172.097915421,172.097916894,16216950,-9999,1499673,34.42,-1,-0.008561746,0.999986699,0,0.59999202,2,0.375,1.875,N1 O3,de-protonated,0,-9999,C8 H15 O3 N1,8,15,3,1,-9999,-9999,-9999,-9999,-9999
193,173.001065,173.001089846,173.00091925,68261944,-9999,1426644.1,150.92,-1,0.986098663,0.838249917,0,0.50294995,4,0.666666667,1.166666667,P1 O4,de-protonated,0,-9999,C6 H7 O4 P1,6,7,4,-9999,1,-9999,-9999,-9999,-9999
194,173.045518,173.045542867,173.045546968,18499704,-9999,1469531.8,39.44,-1,-0.023698612,0.999898099,0,0.59993886,3,0.714285714,1.428571429,O5,de-protonated,0,-9999,C7 H10 O5,7,10,5,-9999,-9999,-9999,-9999,-9999,-9999
196,173.081905,173.081929884,173.081932477,228300976,-9999,1439670.4,509.41,-1,-0.014982272,0.99983481,0.998113758,0.999146389,2,0.5,1.75,O4,de-protonated,0,-9999,C8 H14 O4,8,14,4,-9999,-9999,-9999,-9999,-9999,-9999
197,173.118292,173.118316901,173.118317987,15755482,-9999,1570711.5,33.3,-1,-0.006269597,0.999992868,0,0.599995721,1,0.333333333,2,O3,de-protonated,0,-9999,C9 H18 O3,9,18,3,-9999,-9999,-9999,-9999,-9999,-9999
198,174.085255,174.085280356,174.085287312,19246594,-9999,1549945.9,41.11,-1,-0.039956971,0.999710348,0.998113758,0.999071712,2,0.5,1.75,13C1 O4,de-protonated,1,196,C7 H14 O4 13C1,7,14,4,-9999,-9999,-9999,1,-9999,-9999
201,175.04004,175.040065806,175.040067664,10203939,-9999,1627798.3,20.86,-1,-0.010617294,0.999979546,0,0.599987728,7,0.3,0.8,O3,de-protonated,0,-9999,C10 H8 O3,10,8,3,-9999,-9999,-9999,-9999,-9999,-9999
202,175.061169,175.061194816,175.061197032,10167104,-9999,1461304.6,20.77,-1,-0.012661662,0.999970911,0,0.599982547,2,0.714285714,1.714285714,O5,de-protonated,0,-9999,C7 H12 O5,7,12,5,-9999,-9999,-9999,-9999,-9999,-9999
203,175.097557,175.097582833,175.097582542,8119154,-9999,1571182.6,16.19,-1,0.001663149,0.999999498,0,0.599999699,1,0.5,2,O4,de-protonated,0,-9999,C8 H16 O4,8,16,4,-9999,-9999,-9999,-9999,-9999,-9999
204,176.035289,176.035315274,176.035316636,6453379.5,-9999,1740948.9,12.42,-1,-0.007737966,0.999989136,0,0.599993481,7,0.333333333,0.777777778,N1 O3,de-protonated,0,-9999,C9 H7 O3 N1,9,7,3,1,-9999,-9999,-9999,-9999,-9999
206,177.019301,177.019327737,177.019332219,15998429,-9999,1460792.6,33.74,-1,-0.025318468,0.999883694,0,0.599930216,7,0.444444444,0.666666667,O4,de-protonated,0,-9999,C9 H6 O4,9,6,4,-9999,-9999,-9999,-9999,-9999,-9999
207,177.05569,177.055716755,177.055717729,15916560,-9999,1420387.2,33.56,-1,-0.005501538,0.999994508,0,0.599996705,6,0.3,1,O3,de-protonated,0,-9999,C10 H10 O3,10,10,3,-9999,-9999,-9999,-9999,-9999,-9999
208,178.050939,178.050966223,178.050966701,7306111.5,-9999,1443466,14.28,-1,-0.002683401,0.999998693,0,0.599999216,6,0.333333333,1,N1 O3,de-protonated,0,-9999,C9 H9 O3 N1,9,9,3,1,-9999,-9999,-9999,-9999,-9999
210,179.034952,179.034979686,179.034982284,207599840,-9999,1421410.4,460.59,-1,-0.014508252,0.999845327,0.993746666,0.997405863,6,0.444444444,0.888888889,O4,de-protonated,0,-9999,C9 H8 O4,9,8,4,-9999,-9999,-9999,-9999,-9999,-9999
211,179.071338,179.071365703,179.071367793,44202264,-9999,1406357.8,96.49,-1,-0.011669686,0.99997529,0,0.599985174,5,0.3,1.2,O3,de-protonated,0,-9999,C10 H12 O3,10,12,3,-9999,-9999,-9999,-9999,-9999,-9999
212,180.030188,180.030216155,180.030231256,10251869,-9999,1570936.3,20.84,-1,-0.083881436,0.998724124,0,0.599234475,6,0.5,0.875,N1 O4,de-protonated,0,-9999,C8 H7 O4 N1,8,7,4,1,-9999,-9999,-9999,-9999,-9999
213,180.038302,180.038330159,180.038337119,21782120,-9999,1482792.1,46.53,-1,-0.038659792,0.999728847,0.993746666,0.997335975,6,0.444444444,0.888888889,13C1 O4,de-protonated,1,210,C8 H8 O4 13C1,8,8,4,-9999,-9999,-9999,1,-9999,-9999
215,181.014212,181.014240618,181.014246839,416400320,-9999,1393431.2,923.32,-1,-0.034366862,0.999857692,0.990987292,0.996309532,6,0.625,0.75,O5,de-protonated,0,-9999,C8 H6 O5,8,6,5,-9999,-9999,-9999,-9999,-9999,-9999
216,181.050604,181.050632635,181.050632348,21545980,-9999,1424186.8,45.87,-1,0.001584581,0.999999544,0,0.599999727,5,0.444444444,1.111111111,O4,de-protonated,0,-9999,C9 H10 O4,9,10,4,-9999,-9999,-9999,-9999,-9999,-9999
217,181.063666,181.063694641,181.063519508,14459918,-9999,1377645,30.13,-1,0.967248778,0.843869022,0,0.506321413,0,0.666666667,2.5,P1 O4,de-protonated,0,-9999,C6 H15 O4 P1,6,15,4,-9999,1,-9999,-9999,-9999,-9999
218,181.086988,181.087016652,181.087017858,11772975,-9999,1508794.2,24.16,-1,-0.006656102,0.999991961,0,0.599995177,4,0.3,1.4,O3,de-protonated,0,-9999,C10 H14 O3,10,14,3,-9999,-9999,-9999,-9999,-9999,-9999
219,182.017569,182.01759809,182.017601674,40503632,-9999,1439671,88,-1,-0.019688471,0.999929666,0.990987292,0.996352717,6,0.625,0.75,13C1 O5,de-protonated,1,215,C7 H6 O5 13C1,7,6,5,-9999,-9999,-9999,1,-9999,-9999
220,183.029864,183.029893567,183.029896903,15826660,-9999,1488189.9,33.07,-1,-0.018229359,0.999939705,0,0.599963823,5,0.625,1,O5,de-protonated,0,-9999,C8 H8 O5,8,8,5,-9999,-9999,-9999,-9999,-9999,-9999
221,183.066242,183.066271584,183.066282413,26914584,-9999,1455763.2,57.64,-1,-0.059152036,0.999365319,0,0.599619192,4,0.444444444,1.333333333,O4,de-protonated,0,-9999,C9 H12 O4,9,12,4,-9999,-9999,-9999,-9999,-9999,-9999
222,183.102631,183.102660601,183.102667922,8777547,-9999,1603185.3,17.45,-1,-0.039982835,0.999709973,0,0.599825984,3,0.3,1.6,O3,de-protonated,0,-9999,C10 H16 O3,10,16,3,-9999,-9999,-9999,-9999,-9999,-9999
224,185.045513,185.045543516,185.045546968,14498298,-9999,1540667.4,30.12,-1,-0.01865565,0.999936852,0,0.599962111,4,0.625,1.25,O5,de-protonated,0,-9999,C8 H10 O5,8,10,5,-9999,-9999,-9999,-9999,-9999,-9999
225,185.081901,185.081931533,185.081932477,52369964,-9999,1451310.1,114.04,-1,-0.005102421,0.999995276,0,0.599997166,3,0.444444444,1.555555556,O4,de-protonated,0,-9999,C9 H14 O4,9,14,4,-9999,-9999,-9999,-9999,-9999,-9999
226,187.016714,187.016745444,187.016569314,19440832,-9999,1482643.7,40.94,-1,0.941783635,0.851345639,0,0.510807384,4,0.571428571,1.285714286,P1 O4,de-protonated,0,-9999,C7 H9 O4 P1,7,9,4,-9999,1,-9999,-9999,-9999,-9999
227,187.061164,187.061195465,187.061197032,31204606,-9999,1441976.4,66.94,-1,-0.008381062,0.999987255,0,0.599992353,3,0.625,1.5,O5,de-protonated,0,-9999,C8 H12 O5,8,12,5,-9999,-9999,-9999,-9999,-9999,-9999
229,187.097551,187.097582482,187.097582542,239265072,-9999,1411997.9,526.65,-1,-3.2065e-4,0.999999532,0.994200869,0.997680067,2,0.444444444,1.777777778,O4,de-protonated,0,-9999,C9 H16 O4,9,16,4,-9999,-9999,-9999,-9999,-9999,-9999
230,188.035286,188.035317923,188.035316636,7254600.5,-9999,1456490.7,14.01,-1,0.006842544,0.999991505,0,0.599994903,8,0.3,0.7,N1 O3,de-protonated,0,-9999,C10 H7 O3 N1,10,7,3,1,-9999,-9999,-9999,-9999,-9999
231,188.100905,188.100936954,188.100937377,24971940,-9999,1388993.4,53.16,-1,-0.002247469,0.999999083,0.994200869,0.997679798,2,0.444444444,1.777777778,13C1 O4,de-protonated,1,229,C8 H16 O4 13C1,8,16,4,-9999,-9999,-9999,1,-9999,-9999
233,189.019303,189.019335386,189.019332219,16314265,-9999,1392960.2,33.93,-1,0.016754579,0.999949066,0,0.599969439,8,0.4,0.6,O4,de-protonated,0,-9999,C10 H6 O4,10,6,4,-9999,-9999,-9999,-9999,-9999,-9999
234,189.030541,189.030573392,189.030565609,10530728,-9999,1421231.8,21.19,-1,0.041172915,0.999692454,0,0.599815472,8,0.333333333,0.666666667,N2 O3,de-protonated,0,-9999,C9 H6 O3 N2,9,6,3,2,-9999,-9999,-9999,-9999,-9999
235,189.040433,189.040465396,189.040461587,8056757.5,-9999,1580033,15.74,-1,0.020148205,0.999926344,0,0.599955806,3,0.857142857,1.428571429,O6,de-protonated,0,-9999,C7 H10 O6,7,10,6,-9999,-9999,-9999,-9999,-9999,-9999
236,189.07682,189.076852413,189.076847097,26972136,-9999,1429569.5,57.41,-1,0.028118749,0.999856545,0,0.599913927,2,0.625,1.75,O5,de-protonated,0,-9999,C8 H14 O5,8,14,5,-9999,-9999,-9999,-9999,-9999,-9999
238,190.014547,190.014579855,190.014581192,108328176,-9999,1408335.6,236.63,-1,-0.007035073,0.999807368,0.990873088,0.996233656,8,0.444444444,0.555555556,N1 O4,de-protonated,0,-9999,C9 H5 O4 N1,9,5,4,1,-9999,-9999,-9999,-9999,-9999
239,190.998561,190.998594318,190.998596774,31963690,-9999,1366924.6,68.4,-1,-0.012861186,0.999969987,0,0.599981992,8,0.555555556,0.444444444,O5,de-protonated,0,-9999,C9 H4 O5,9,4,5,-9999,-9999,-9999,-9999,-9999,-9999
240,191.017894,191.017927327,191.017936027,9366085,-9999,1393525.1,18.62,-1,-0.045542989,0.999623716,0.990873088,0.996123465,8,0.444444444,0.555555556,13C1 N1 O4,de-protonated,1,238,C8 H5 O4 N1 13C1,8,5,4,1,-9999,-9999,1,-9999,-9999
241,191.034946,191.034979335,191.034982284,42515036,-9999,1343155.3,91.64,-1,-0.015435345,0.999956771,0,0.599974062,7,0.4,0.8,O4,de-protonated,0,-9999,C10 H8 O4,10,8,4,-9999,-9999,-9999,-9999,-9999,-9999
242,193.014208,193.014242267,193.014246839,40420540,-9999,1385225.3,86.76,-1,-0.023687872,0.999898192,0,0.599938915,7,0.555555556,0.666666667,O5,de-protonated,0,-9999,C9 H6 O5,9,6,5,-9999,-9999,-9999,-9999,-9999,-9999
243,193.027272,193.027306273,193.027133998,8647886,-9999,1563020.2,16.98,-1,0.892488425,0.865428658,0,0.519257195,2,0.833333333,1.833333333,P1 O5,de-protonated,0,-9999,C6 H11 O5 P1,6,11,5,-9999,1,-9999,-9999,-9999,-9999
244,193.050596,193.050630284,193.050632348,49399020,-9999,1404133.2,106.47,-1,-0.010693142,0.999979253,0,0.599987552,6,0.4,1,O4,de-protonated,0,-9999,C10 H10 O4,10,10,4,-9999,-9999,-9999,-9999,-9999,-9999
245,193.063664,193.06369829,193.063519508,9233663,-9999,1412512.9,18.26,-1,0.926028201,0.855903733,0,0.51354224,1,0.571428571,2.142857143,P1 O4,de-protonated,0,-9999,C7 H15 O4 P1,7,15,4,-9999,1,-9999,-9999,-9999,-9999
246,193.086976,193.087010301,193.087017858,7542045.5,-9999,1462012.8,14.55,-1,-0.039135425,0.999722135,0,0.599833281,5,0.272727273,1.272727273,O3,de-protonated,0,-9999,C11 H14 O3,11,14,3,-9999,-9999,-9999,-9999,-9999,-9999
247,193.100044,193.100078307,193.099905017,9463087,-9999,1325593.1,18.77,-1,0.897411311,0.86404609,0,0.518427654,0,0.375,2.375,P1 O3,de-protonated,0,-9999,C8 H19 O3 P1,8,19,3,-9999,1,-9999,-9999,-9999,-9999
249,194.082227,194.08226177,194.08226683,24431168,-9999,1419579.8,51.64,-1,-0.026072681,0.999876662,0,0.599925997,5,0.3,1.3,N1 O3,de-protonated,0,-9999,C10 H13 O3 N1,10,13,3,1,-9999,-9999,-9999,-9999,-9999
250,195.029865,195.029900216,195.029896903,62951188,-9999,1387008.4,135.8,-1,0.016983445,0.999947665,0,0.599968599,6,0.555555556,0.888888889,O5,de-protonated,0,-9999,C9 H8 O5,9,8,5,-9999,-9999,-9999,-9999,-9999,-9999
251,195.042927,195.042962222,195.042784063,31575844,-9999,1381399.5,67.11,-1,0.913434758,0.859508916,0,0.51570535,1,0.833333333,2.166666667,P1 O5,de-protonated,0,-9999,C6 H13 O5 P1,6,13,5,-9999,1,-9999,-9999,-9999,-9999
252,195.066252,195.066287233,195.066282413,13717315,-9999,1466658.5,28.01,-1,0.024709847,0.999889218,0,0.599933531,5,0.4,1.2,O4,de-protonated,0,-9999,C10 H12 O4,10,12,4,-9999,-9999,-9999,-9999,-9999,-9999
253,195.07932,195.079355239,195.079169572,7761747.5,-9999,1471358.3,14.98,-1,0.951750205,0.848435357,0,0.509061214,0,0.571428571,2.428571429,P1 O4,de-protonated,0,-9999,C7 H17 O4 P1,7,17,4,-9999,1,-9999,-9999,-9999,-9999
255,197.00912,197.009156147,197.009161458,6582516.5,-9999,1329453.8,12.39,-1,-0.026958796,0.999868136,0,0.599920882,6,0.75,0.75,O6,de-protonated,0,-9999,C8 H6 O6,8,6,6,-9999,-9999,-9999,-9999,-9999,-9999
257,197.045511,197.045547164,197.045546968,13556002,-9999,1321142.8,27.66,-1,9.97996e-4,0.999999819,0,0.599999892,5,0.555555556,1.111111111,O5,de-protonated,0,-9999,C9 H10 O5,9,10,5,-9999,-9999,-9999,-9999,-9999,-9999
258,197.081895,197.081931182,197.081932477,20724048,-9999,1377891.1,43.35,-1,-0.006573774,0.999992159,0,0.599995295,4,0.4,1.4,O4,de-protonated,0,-9999,C10 H14 O4,10,14,4,-9999,-9999,-9999,-9999,-9999,-9999
261,199.061159,199.061196113,199.061197032,17785566,-9999,1435551.8,36.79,-1,-0.004616556,0.999996133,0,0.59999768,4,0.555555556,1.333333333,O5,de-protonated,0,-9999,C9 H12 O5,9,12,5,-9999,-9999,-9999,-9999,-9999,-9999
262,199.097544,199.09758113,199.097582542,42017548,-9999,1398699.1,89.67,-1,-0.007087979,0.999990884,0,0.59999453,3,0.4,1.6,O4,de-protonated,0,-9999,C10 H16 O4,10,16,4,-9999,-9999,-9999,-9999,-9999,-9999
264,200.995976,200.996014024,200.99583387,176499680,-9999,1310222.6,381.86,-1,0.896309797,0.865923122,0.994849958,0.917493856,5,0.714285714,1,P1 O5,de-protonated,0,-9999,C7 H7 O5 P1,7,7,5,-9999,1,-9999,-9999,-9999,-9999
265,201.032336,201.032374041,201.032219379,10423306,-9999,1318181,20.65,-1,0.769340862,0.89816919,0,0.538901514,4,0.5,1.375,P1 O4,de-protonated,0,-9999,C8 H11 O4 P1,8,11,4,-9999,1,-9999,-9999,-9999,-9999
266,201.040423,201.040461045,201.040461587,8121364,-9999,1362534.9,15.64,-1,-0.002697876,0.999998679,0,0.599999208,4,0.75,1.25,O6,de-protonated,0,-9999,C8 H10 O6,8,10,6,-9999,-9999,-9999,-9999,-9999,-9999
267,201.07681,201.076848062,201.076847097,28453950,-9999,1338067.4,59.87,-1,0.004801131,0.999995817,0,0.59999749,3,0.555555556,1.555555556,O5,de-protonated,0,-9999,C9 H14 O5,9,14,5,-9999,-9999,-9999,-9999,-9999,-9999
268,201.1132,201.113238079,201.113232606,56142952,-9999,1315392.8,120.09,-1,0.027214402,0.999865624,0,0.599919374,2,0.4,1.8,O4,de-protonated,0,-9999,C10 H18 O4,10,18,4,-9999,-9999,-9999,-9999,-9999,-9999
269,201.999329,201.999367496,201.999188705,12316774,-9999,1518432.8,24.77,-1,0.88511136,0.86749033,0.994849958,0.918434181,5,0.714285714,1,13C1 P1 O5,de-protonated,1,264,C6 H7 O5 P1 13C1,6,7,5,-9999,1,-9999,1,-9999,-9999
273,203.05607,203.056108994,203.056111652,8795405,-9999,1458017.8,17.1,-1,-0.01309003,0.999968909,0,0.599981346,3,0.75,1.5,O6,de-protonated,0,-9999,C8 H12 O6,8,12,6,-9999,-9999,-9999,-9999,-9999,-9999
274,203.092465,203.092504011,203.092497161,20247862,-9999,1407191.3,42.01,-1,0.03372735,0.999793617,0,0.59987617,2,0.555555556,1.777777778,O5,de-protonated,0,-9999,C9 H16 O5,9,16,5,-9999,-9999,-9999,-9999,-9999,-9999
276,205.014209,205.014248916,205.014246839,62700888,-9999,1312095.5,133.88,-1,0.010129541,0.999528126,0.983988007,0.993312078,8,0.5,0.6,O5,de-protonated,0,-9999,C10 H6 O5,10,6,5,-9999,-9999,-9999,-9999,-9999,-9999
277,205.050587,205.050626933,205.050632348,14056829,-9999,1233446.3,28.44,-1,-0.026410674,0.999873443,0,0.599924066,7,0.363636364,0.909090909,O4,de-protonated,0,-9999,C11 H10 O4,11,10,4,-9999,-9999,-9999,-9999,-9999,-9999
278,206.009446,206.009486384,206.009495811,8614240,-9999,1401207.5,16.65,-1,-0.04576007,0.99962012200000006,0,0.599772073,8,0.555555556,0.555555556,N1 O5,de-protonated,0,-9999,C9 H5 O5 N1,9,5,5,1,-9999,-9999,-9999,-9999,-9999
279,206.017576,206.017616388,206.017601674,8036712,-9999,1422294.9,15.39,-1,0.07142083,0.99907487,0.983988007,0.993040125,8,0.5,0.6,13C1 O5,de-protonated,1,276,C9 H6 O5 13C1,9,6,5,-9999,-9999,-9999,1,-9999,-9999
280,207.029853,207.029893864,207.029896903,38864228,-9999,1335281.6,82.21,-1,-0.014678699,0.999960905,0,0.599976543,7,0.5,0.8,O5,de-protonated,0,-9999,C10 H8 O5,10,8,5,-9999,-9999,-9999,-9999,-9999,-9999
281,207.042928,207.042968871,207.042784063,13559151,-9999,1395432.1,27.36,-1,0.892606116,0.865395668,0,0.519237401,2,0.714285714,1.857142857,P1 O5,de-protonated,0,-9999,C7 H13 O5 P1,7,13,5,-9999,1,-9999,-9999,-9999,-9999
282,207.066236,207.066276882,207.066282413,35816840,-9999,1320035.8,75.6,-1,-0.026711992,0.999870539,0,0.599922324,6,0.363636364,1.090909091,O4,de-protonated,0,-9999,C11 H12 O4,11,12,4,-9999,-9999,-9999,-9999,-9999,-9999
283,207.079301,207.079341888,207.079169572,8770963,-9999,1354846.7,16.98,-1,0.832123422,0.88193193,0,0.529159158,1,0.5,2.125,P1 O4,de-protonated,0,-9999,C8 H17 O4 P1,8,17,4,-9999,1,-9999,-9999,-9999,-9999
285,209.009124,209.009165796,209.009161458,905858240,-9999,1267958.6,1958.21,-1,0.020753486,0.99993603,0.994069942,0.997589595,7,0.666666667,0.666666667,O6,de-protonated,0,-9999,C9 H6 O6,9,6,6,-9999,-9999,-9999,-9999,-9999,-9999
286,209.045515,209.045556813,209.045546968,23334118,-9999,1356420.3,48.47,-1,0.047097149,0.999597602,0,0.599758561,6,0.5,1,O5,de-protonated,0,-9999,C10 H10 O5,10,10,5,-9999,-9999,-9999,-9999,-9999,-9999
287,209.058574,209.058615819,209.058434127,37915888,-9999,1297252.6,80.02,-1,0.86909685,0.871923564,0,0.523154138,1,0.714285714,2.142857143,P1 O5,de-protonated,0,-9999,C7 H15 O5 P1,7,15,5,-9999,1,-9999,-9999,-9999,-9999
288,209.081895,209.08193683,209.081932477,7814406.5,-9999,1501162.3,14.88,-1,0.020820663,0.999921345,0,0.599952807,5,0.363636364,1.272727273,O4,de-protonated,0,-9999,C11 H14 O4,11,14,4,-9999,-9999,-9999,-9999,-9999,-9999
289,209.094967,209.095008837,209.094819637,8244498.5,-9999,1303384,15.81,-1,0.904851723,0.861946292,0,0.517167775,0,0.5,2.375,P1 O4,de-protonated,0,-9999,C8 H19 O4 P1,8,19,4,-9999,1,-9999,-9999,-9999,-9999
290,210.012479,210.012521268,210.012516294,82563152,-9999,1280830.8,176.63,-1,0.023688641,0.999928141,0.994069942,0.997584862,7,0.666666667,0.666666667,13C1 O6,de-protonated,1,285,C8 H6 O6 13C1,8,6,6,-9999,-9999,-9999,1,-9999,-9999
292,211.013362,211.01340474,211.013406452,10212270,-9999,1424071.8,20.07,-1,-0.008113988,0.999958098,0.994069942,0.997602836,7,0.666666667,0.666666667,O5 18O1,de-protonated,1,285,C9 H6 O5 18O1,9,6,5,-9999,-9999,-9999,-9999,1,-9999
293,211.024768,211.024810745,211.024811523,11547575,-9999,1299067.3,22.96,-1,-0.003686586,0.999997534,0,0.59999852,6,0.666666667,0.888888889,O6,de-protonated,0,-9999,C9 H8 O6,9,8,6,-9999,-9999,-9999,-9999,-9999,-9999
295,211.061164,211.061206762,211.061197032,12481494,-9999,1314152.3,24.98,-1,0.046099529,0.999614466,0,0.599768679,5,0.5,1.2,O5,de-protonated,0,-9999,C10 H12 O5,10,12,5,-9999,-9999,-9999,-9999,-9999,-9999
296,211.097546,211.097588779,211.097582542,12239861,-9999,1244729.2,24.45,-1,0.02954841,0.999841588,0,0.599904953,4,0.363636364,1.454545455,O4,de-protonated,0,-9999,C11 H16 O4,11,16,4,-9999,-9999,-9999,-9999,-9999,-9999
298,213.076806,213.076849711,213.076847097,13392437,-9999,1344960.8,26.9,-1,0.012268771,0.999972688,0,0.599983613,4,0.5,1.4,O5,de-protonated,0,-9999,C10 H14 O5,10,14,5,-9999,-9999,-9999,-9999,-9999,-9999
299,213.113189,213.113232728,213.113232606,14170705,-9999,1316221.9,28.58,-1,5.72314e-4,0.999999941,0,0.599999964,3,0.363636364,1.636363636,O4,de-protonated,0,-9999,C11 H18 O4,11,18,4,-9999,-9999,-9999,-9999,-9999,-9999
300,214.014538,214.014582152,214.014581192,24141052,-9999,1324740.9,50.12,-1,0.004489519,0.999996343,0,0.599997806,10,0.363636364,0.454545455,N1 O4,de-protonated,0,-9999,C11 H5 O4 N1,11,5,4,1,-9999,-9999,-9999,-9999,-9999
301,215.011613,215.011657622,215.011483934,10133456,-9999,1355692.9,19.82,-1,0.807806614,0.888336544,0,0.533001926,5,0.625,1.125,P1 O5,de-protonated,0,-9999,C8 H9 O5 P1,8,9,5,-9999,1,-9999,-9999,-9999,-9999
302,215.034936,215.034980633,215.034982284,39313376,-9999,1274452.3,82.75,-1,-0.007678297,0.999989303,0,0.599993582,9,0.333333333,0.666666667,O4,de-protonated,0,-9999,C12 H8 O4,12,8,4,-9999,-9999,-9999,-9999,-9999,-9999
303,215.056063,215.056107643,215.056111652,9797615,-9999,1318752.6,19.1,-1,-0.018642656,0.99993694,0,0.599962164,4,0.666666667,1.333333333,O6,de-protonated,0,-9999,C9 H12 O6,9,12,6,-9999,-9999,-9999,-9999,-9999,-9999
304,215.092448,215.09249266,215.092497161,18333704,-9999,1290356.3,37.51,-1,-0.020927925,0.999920533,0,0.59995232,3,0.5,1.6,O5,de-protonated,0,-9999,C10 H16 O5,10,16,5,-9999,-9999,-9999,-9999,-9999,-9999
305,215.128834,215.128878677,215.128882671,32415778,-9999,1259513.6,67.88,-1,-0.018564041,0.99993747,0,0.599962482,2,0.363636364,1.818181818,O4,de-protonated,0,-9999,C11 H20 O4,11,20,4,-9999,-9999,-9999,-9999,-9999,-9999
306,217.063663,217.063708588,217.063519508,12281147,-9999,1306636.3,24.45,-1,0.871080764,0.871377538,0,0.522826523,3,0.444444444,1.666666667,P1 O4,de-protonated,0,-9999,C9 H15 O4 P1,9,15,4,-9999,1,-9999,-9999,-9999,-9999
307,217.071719,217.071764591,217.071761716,14034240,-9999,1269547,28.23,-1,0.013245199,0.999968168,0,0.599980901,3,0.666666667,1.555555556,O6,de-protonated,0,-9999,C9 H14 O6,9,14,6,-9999,-9999,-9999,-9999,-9999,-9999
308,217.108103,217.108148609,217.108147226,21013848,-9999,1274987.5,43.28,-1,0.006369802,0.999992638,0,0.599995583,2,0.5,1.8,O5,de-protonated,0,-9999,C10 H18 O5,10,18,5,-9999,-9999,-9999,-9999,-9999,-9999
309,219.029853,219.029899513,219.029896903,15632880,-9999,1309799.1,31.62,-1,0.011915575,0.999974238,0,0.599984543,8,0.454545455,0.727272727,O5,de-protonated,0,-9999,C11 H8 O5,11,8,5,-9999,-9999,-9999,-9999,-9999,-9999
310,219.066228,219.06627453,219.066282413,9677317,-9999,1334296.3,18.8,-1,-0.035981621,0.99976511,0,0.599859066,7,0.333333333,1,O4,de-protonated,0,-9999,C12 H12 O4,12,12,4,-9999,-9999,-9999,-9999,-9999,-9999
311,219.07931,219.079356537,219.079169572,8141324.5,-9999,1238308.5,15.49,-1,0.853409425,0.876209146,0,0.525725487,2,0.444444444,1.888888889,P1 O4,de-protonated,0,-9999,C9 H17 O4 P1,9,17,4,-9999,1,-9999,-9999,-9999,-9999
313,221.009118,221.009165445,221.009161458,14339639,-9999,1284433.8,28.83,-1,0.018037544,0.999940967,0,0.59996458,8,0.6,0.6,O6,de-protonated,0,-9999,C10 H6 O6,10,6,6,-9999,-9999,-9999,-9999,-9999,-9999
314,221.045502,221.045549462,221.045546968,17174090,-9999,1309429.5,34.94,-1,0.011283827,0.999976897,0,0.599986138,7,0.454545455,0.909090909,O5,de-protonated,0,-9999,C11 H10 O5,11,10,5,-9999,-9999,-9999,-9999,-9999,-9999
315,221.058564,221.058611468,221.058434127,17608274,-9999,1258586.4,35.87,-1,0.802235025,0.889783652,0,0.533870191,2,0.625,1.875,P1 O5,de-protonated,0,-9999,C8 H15 O5 P1,8,15,5,-9999,1,-9999,-9999,-9999,-9999
316,221.081879,221.081926479,221.081932477,15461981,-9999,1234125.2,31.25,-1,-0.027130152,0.999866454,0,0.599919873,6,0.333333333,1.166666667,O4,de-protonated,0,-9999,C12 H14 O4,12,14,4,-9999,-9999,-9999,-9999,-9999,-9999
317,221.094939,221.094986485,221.094819637,7626340.5,-9999,1286163.6,14.38,-1,0.754647221,0.901826026,0,0.541095616,1,0.444444444,2.111111111,P1 O4,de-protonated,0,-9999,C9 H19 O4 P1,9,19,4,-9999,1,-9999,-9999,-9999,-9999
318,222.090186,222.090233954,222.090068609,6582366.5,-9999,1355333.4,12.13,-1,0.744494736,0.904319998,0,0.542591999,1,0.5,2.25,N1 P1 O4,de-protonated,0,-9999,C8 H18 O4 N1 P1,8,18,4,1,1,-9999,-9999,-9999,-9999
320,223.024763,223.024811394,223.024811523,47870496,-9999,1199258.5,100.83,-1,-5.79159e-4,0.999999939,0,0.599999963,7,0.6,0.8,O6,de-protonated,0,-9999,C10 H8 O6,10,8,6,-9999,-9999,-9999,-9999,-9999,-9999
321,223.061146,223.061194411,223.061197032,17355314,-9999,1199755.8,35.26,-1,-0.011751887,0.999974941,0,0.599984965,6,0.454545455,1.090909091,O5,de-protonated,0,-9999,C11 H12 O5,11,12,5,-9999,-9999,-9999,-9999,-9999,-9999
322,223.074212,223.074260417,223.074084192,63992376,-9999,1218403.8,135.48,-1,0.789985045,0.89293826,0,0.535762956,1,0.625,2.125,P1 O5,de-protonated,0,-9999,C8 H17 O5 P1,8,17,5,-9999,1,-9999,-9999,-9999,-9999
325,225.004032,225.004081325,225.004076078,27407756,-9999,1197131.6,56.86,-1,0.023321491,0.999901316,0,0.59994079,7,0.777777778,0.666666667,O7,de-protonated,0,-9999,C9 H6 O7,9,6,7,-9999,-9999,-9999,-9999,-9999,-9999
326,225.040412,225.040461343,225.040461587,10204572,-9999,1280870.4,19.89,-1,-0.001087778,0.999999785,0,0.599999871,6,0.6,1,O6,de-protonated,0,-9999,C10 H10 O6,10,10,6,-9999,-9999,-9999,-9999,-9999,-9999
328,225.076805,225.07685436,225.076847097,12473771,-9999,1242506.5,24.77,-1,0.032268922,0.999811078,0,0.599886647,5,0.454545455,1.272727273,O5,de-protonated,0,-9999,C11 H14 O5,11,14,5,-9999,-9999,-9999,-9999,-9999,-9999
329,225.113181,225.113230377,225.113232606,9475514,-9999,1341188.3,18.33,-1,-0.009902747,0.999982207,0,0.599989324,4,0.333333333,1.5,O4,de-protonated,0,-9999,C12 H18 O4,12,18,4,-9999,-9999,-9999,-9999,-9999,-9999
330,227.056067,227.056117291,227.056111652,11155632,-9999,1278605.6,21.89,-1,0.024837831,0.999888067,0,0.59993284,5,0.6,1.2,O6,de-protonated,0,-9999,C10 H12 O6,10,12,6,-9999,-9999,-9999,-9999,-9999,-9999
331,227.092458,227.092508309,227.092497161,14227645,-9999,1239345.1,28.48,-1,0.049087318,0.999562883,0,0.59973773,4,0.454545455,1.454545455,O5,de-protonated,0,-9999,C11 H16 O5,11,16,5,-9999,-9999,-9999,-9999,-9999,-9999
332,227.128839,227.128889326,227.128882671,17856714,-9999,1254596.3,36.26,-1,0.02930115,0.999844228,0,0.599906537,3,0.333333333,1.666666667,O4,de-protonated,0,-9999,C12 H20 O4,12,20,4,-9999,-9999,-9999,-9999,-9999,-9999
333,229.027257,229.027308219,229.027133998,8067923,-9999,1334394.4,15.27,-1,0.760699672,0.900326485,0,0.540195891,5,0.555555556,1.222222222,P1 O5,de-protonated,0,-9999,C9 H11 O5 P1,9,11,5,-9999,1,-9999,-9999,-9999,-9999
334,229.050581,229.05063223,229.050632348,13810523,-9999,1255733.4,27.58,-1,-5.14886e-4,0.999999952,0,0.599999971,9,0.307692308,0.769230769,O4,de-protonated,0,-9999,C13 H10 O4,13,10,4,-9999,-9999,-9999,-9999,-9999,-9999
335,229.07171,229.07176124,229.071761716,13867873,-9999,1164422.7,27.71,-1,-0.002078165,0.999999216,0,0.59999953,4,0.6,1.4,O6,de-protonated,0,-9999,C10 H14 O6,10,14,6,-9999,-9999,-9999,-9999,-9999,-9999
336,229.108105,229.108156257,229.108147226,15367021,-9999,1263879.2,30.92,-1,0.039421267,0.999718062,0,0.599830837,3,0.454545455,1.636363636,O5,de-protonated,0,-9999,C11 H18 O5,11,18,5,-9999,-9999,-9999,-9999,-9999,-9999
337,229.144484,229.144535275,229.144532735,29408120,-9999,1157506.1,61.04,-1,0.011082561,0.999977714,0,0.599986628,2,0.333333333,1.833333333,O4,de-protonated,0,-9999,C12 H22 O4,12,22,4,-9999,-9999,-9999,-9999,-9999,-9999
338,230.009437,230.009488682,230.009495811,8309890.5,-9999,1250057.5,15.79,-1,-0.030996198,0.999825686,0,0.599895411,10,0.454545455,0.454545455,N1 O5,de-protonated,0,-9999,C11 H5 O5 N1,11,5,5,1,-9999,-9999,-9999,-9999,-9999
339,231.006523,231.006575151,231.006398554,11984289,-9999,1268596.9,23.67,-1,0.76447,0.899387573,0,0.539632544,5,0.75,1.125,P1 O6,de-protonated,0,-9999,C8 H9 O6 P1,8,9,6,-9999,1,-9999,-9999,-9999,-9999
340,231.029843,231.029895162,231.029896903,10468776,-9999,1293327,20.42,-1,-0.007537297,0.999989692,0,0.599993815,9,0.416666667,0.666666667,O5,de-protonated,0,-9999,C12 H8 O5,12,8,5,-9999,-9999,-9999,-9999,-9999,-9999
341,231.087356,231.087408189,231.087411781,17235384,-9999,1196223.6,34.93,-1,-0.015542507,0.999956168,0,0.599973701,3,0.6,1.6,O6,de-protonated,0,-9999,C10 H16 O6,10,16,6,-9999,-9999,-9999,-9999,-9999,-9999
342,231.123754,231.123806206,231.12379729,14769601,-9999,1165152.9,29.64,-1,0.038577187,0.999730005,0,0.599838003,2,0.454545455,1.818181818,O5,de-protonated,0,-9999,C11 H20 O5,11,20,5,-9999,-9999,-9999,-9999,-9999,-9999
343,232.025099,232.025151631,232.025145876,9674416,-9999,1239148.2,18.67,-1,0.024803169,0.99988838,0,0.599933028,9,0.454545455,0.636363636,N1 O5,de-protonated,0,-9999,C11 H7 O5 N1,11,7,5,1,-9999,-9999,-9999,-9999,-9999
344,233.009116,233.009169094,233.009161458,12418978,-9999,1261413.4,24.55,-1,0.03276806,0.999805189,0,0.599883114,9,0.545454545,0.545454545,O6,de-protonated,0,-9999,C11 H6 O6,11,6,6,-9999,-9999,-9999,-9999,-9999,-9999
345,233.045495,233.045548111,233.045546968,9559978,-9999,1220223.4,18.43,-1,0.004904762,0.999995635,0,0.599997381,8,0.416666667,0.833333333,O5,de-protonated,0,-9999,C12 H10 O5,12,10,5,-9999,-9999,-9999,-9999,-9999,-9999
346,233.058564,233.058617117,233.058434127,9928621,-9999,1133584.1,19.22,-1,0.785166243,0.894168914,0,0.536501348,3,0.555555556,1.666666667,P1 O5,de-protonated,0,-9999,C9 H15 O5 P1,9,15,5,-9999,1,-9999,-9999,-9999,-9999
347,233.081884,233.081937128,233.081932477,7511987,-9999,1445724.6,14.05,-1,0.019953552,0.99992776,0,0.599956656,7,0.307692308,1.076923077,O4,de-protonated,0,-9999,C13 H14 O4,13,14,4,-9999,-9999,-9999,-9999,-9999,-9999
348,233.103016,233.103069138,233.103061845,8449976,-9999,1294031.7,16.05,-1,0.031285303,0.999822419,0,0.599893452,2,0.6,1.8,O6,de-protonated,0,-9999,C10 H18 O6,10,18,6,-9999,-9999,-9999,-9999,-9999,-9999
349,233.154651,233.154704162,233.154703496,20742084,-9999,1201605.4,42.36,-1,0.002858044,0.999998518,0,0.599999111,5,0.133333333,1.466666667,O2,de-protonated,0,-9999,C15 H22 O2,15,22,2,-9999,-9999,-9999,-9999,-9999,-9999
350,234.004358,234.004411562,234.004410431,8274050.5,-9999,1238189.4,15.68,-1,0.004835599,0.999995757,0,0.599997454,9,0.6,0.5,N1 O6,de-protonated,0,-9999,C10 H5 O6 N1,10,5,6,1,-9999,-9999,-9999,-9999,-9999
351,235.02476,235.024814043,235.024811523,38502740,-9999,1180028.3,80.38,-1,0.010720691,0.999979146,0,0.599987487,8,0.545454545,0.727272727,O6,de-protonated,0,-9999,C11 H8 O6,11,8,6,-9999,-9999,-9999,-9999,-9999,-9999
352,235.061151,235.06120506,235.061197032,19415388,-9999,1225304.6,39.52,-1,0.034150294,0.999788409,0,0.599873046,7,0.416666667,1,O5,de-protonated,0,-9999,C12 H12 O5,12,12,5,-9999,-9999,-9999,-9999,-9999,-9999
353,235.074209,235.074263066,235.074084192,23150944,-9999,1177590.4,47.52,-1,0.760926013,0.900270223,0,0.540162134,2,0.555555556,1.888888889,P1 O5,de-protonated,0,-9999,C9 H17 O5 P1,9,17,5,-9999,1,-9999,-9999,-9999,-9999
354,235.097532,235.097586077,235.097582542,8618340,-9999,1198451.2,16.41,-1,0.015037095,0.999958973,0,0.599975384,6,0.307692308,1.230769231,O4,de-protonated,0,-9999,C13 H16 O4,13,16,4,-9999,-9999,-9999,-9999,-9999,-9999
355,235.146966,235.1470201,235.146855211,7749998,-9999,1254221.7,14.55,-1,0.701219392,0.914644434,0,0.54878666,0,0.272727273,2.272727273,P1 O3,de-protonated,0,-9999,C11 H25 O3 P1,11,25,3,-9999,1,-9999,-9999,-9999,-9999
357,237.004023,237.004077974,237.004076078,8999610,-9999,1199642.4,17.19,-1,0.008000803,0.999988385,0,0.599993031,8,0.7,0.6,O7,de-protonated,0,-9999,C10 H6 O7,10,6,7,-9999,-9999,-9999,-9999,-9999,-9999
357,237.004023,237.004077974,237.003913887,8999610,-9999,1199642.4,17.19,-1,0.692341111,0.91670008,0,0.550020048,3,0.2,2.2,N4 S2 P1 O1,de-protonated,0,-9999,C5 H11 O1 N4 P1 S2,5,11,1,4,1,2,-9999,-9999,-9999
358,237.040411,237.040465991,237.040461587,23839424,-9999,1198410.1,48.89,-1,0.018579115,0.999937369,0,0.599962421,7,0.545454545,0.909090909,O6,de-protonated,0,-9999,C11 H10 O6,11,10,6,-9999,-9999,-9999,-9999,-9999,-9999
359,237.053463,237.053517998,237.053348747,10265282,-9999,1225421.6,19.9,-1,0.713976735,0.911653052,0,0.546991831,2,0.75,1.875,P1 O6,de-protonated,0,-9999,C8 H15 O6 P1,8,15,6,-9999,1,-9999,-9999,-9999,-9999
361,237.076795,237.076850009,237.076847097,13165254,-9999,1207621.8,26.09,-1,0.012282006,0.999972629,0,0.599983578,6,0.416666667,1.166666667,O5,de-protonated,0,-9999,C12 H14 O5,12,14,5,-9999,-9999,-9999,-9999,-9999,-9999
362,237.089861,237.089916015,237.089734256,30540488,-9999,1146275.7,63.21,-1,0.766622648,0.898849867,0,0.53930992,1,0.555555556,2.111111111,P1 O5,de-protonated,0,-9999,C9 H19 O5 P1,9,19,5,-9999,1,-9999,-9999,-9999,-9999
363,238.9629,238.962955896,238.963080645,7042009.5,-9999,1219642,13.01,-1,-0.522041265,0.951753048,0,0.571051829,12,0.076923077,0.307692308,S2 O1,de-protonated,0,-9999,C13 H4 O1 S2,13,4,1,-9999,-9999,2,-9999,-9999,-9999
364,239.019675,239.019730923,239.019726143,14738401,-9999,1228291.6,29.45,-1,0.020000847,0.999927417,0,0.59995645,7,0.7,0.8,O7,de-protonated,0,-9999,C10 H8 O7,10,8,7,-9999,-9999,-9999,-9999,-9999,-9999
365,239.056063,239.05611894,239.056111652,16131046,-9999,1162437.2,32.43,-1,0.030488139,0.999831353,0,0.599898812,6,0.545454545,1.090909091,O6,de-protonated,0,-9999,C11 H12 O6,11,12,6,-9999,-9999,-9999,-9999,-9999,-9999
366,239.069125,239.069180946,239.068998811,10503144,-9999,1171775.2,20.4,-1,0.761850996,0.900040163,0,0.540024098,1,0.75,2.125,P1 O6,de-protonated,0,-9999,C8 H17 O6 P1,8,17,6,-9999,1,-9999,-9999,-9999,-9999
368,239.092456,239.092511957,239.092497161,11084779,-9999,1251807.6,21.65,-1,0.061884658,0.999305345,0,0.599583207,5,0.416666667,1.333333333,O5,de-protonated,0,-9999,C12 H16 O5,12,16,5,-9999,-9999,-9999,-9999,-9999,-9999
369,239.128827,239.128882974,239.128882671,28066800,-9999,1140041.3,57.92,-1,0.001270982,0.999999707,0,0.599999824,4,0.307692308,1.538461538,O4,de-protonated,0,-9999,C13 H20 O4,13,20,4,-9999,-9999,-9999,-9999,-9999,-9999
370,240.03016,240.030216399,240.030231256,7611485.5,-9999,1072580.2,14.23,-1,-0.061897304,0.999305062,0,0.599583037,11,0.307692308,0.538461538,N1 O4,de-protonated,0,-9999,C13 H7 O4 N1,13,7,4,1,-9999,-9999,-9999,-9999,-9999
371,240.99087,240.990926851,240.990748489,10085574,-9999,1283734.3,19.47,-1,0.740119215,0.905386533,0,0.54323192,7,0.666666667,0.777777778,P1 O6,de-protonated,0,-9999,C9 H7 O6 P1,9,7,6,-9999,1,-9999,-9999,-9999,-9999
372,241.03532,241.035376872,241.035376207,7505098.5,-9999,1179130.6,13.97,-1,0.002758797,0.999998619,0,0.599999171,6,0.7,1,O7,de-protonated,0,-9999,C10 H10 O7,10,10,7,-9999,-9999,-9999,-9999,-9999,-9999
373,241.05057300000001,241.050629879,241.050632348,41780428,-9999,1117112.5,87.03,-1,-0.010243251,0.499990481,0.86849267,0.647391356,10,0.285714286,0.714285714,O4,de-protonated,0,-9999,C14 H10 O4,14,10,4,-9999,-9999,-9999,-9999,-9999,-9999
374,241.071712,241.071768889,241.071761716,20169934,-9999,1158022,40.97,-1,0.029753583,0.999839381,0,0.599903628,5,0.545454545,1.272727273,O6,de-protonated,0,-9999,C11 H14 O6,11,14,6,-9999,-9999,-9999,-9999,-9999,-9999
375,241.108082,241.108138906,241.108147226,13362386,-9999,1140328.6,26.45,-1,-0.034505183,0.999783989,0,0.599870393,4,0.416666667,1.5,O5,de-protonated,0,-9999,C12 H18 O5,12,18,5,-9999,-9999,-9999,-9999,-9999,-9999
376,241.119325,241.119381911,241.119380615,6788307,-9999,1242413,12.44,-1,0.005377094,0.999994754,0,0.599996852,4,0.363636364,1.636363636,N2 O4,de-protonated,0,-9999,C11 H18 O4 N2,11,18,4,2,-9999,-9999,-9999,-9999,-9999
377,241.136408,241.13646492,241.136290527,851346624,-9999,1093190.6,1812.67,-1,0.723213386,0.605343404,0.986123952,0.757655623,3,0.153846154,1.769230769,P1 O2,de-protonated,0,-9999,C13 H23 O2 P1,13,23,2,-9999,1,-9999,-9999,-9999,-9999
378,241.144473,241.144529923,241.144532735,24954070,-9999,1154419,51.16,-1,-0.011659814,0.999975332,0,0.599985199,3,0.307692308,1.692307692,O4,de-protonated,0,-9999,C13 H22 O4,13,22,4,-9999,-9999,-9999,-9999,-9999,-9999
379,242.139766,242.139823392,242.139645362,112100656,-9999,1105263.9,236.92,-1,0.735237869,0.604380277,0.986123952,0.757077747,3,0.153846154,1.769230769,13C1 P1 O2,de-protonated,1,377,C12 H23 O2 P1 13C1,12,23,2,-9999,1,-9999,1,-9999,-9999
379,242.139766,242.139823392,242.139781707,112100656,-9999,1105263.9,236.92,-1,0.172151047,0.497318511,0.885121231,0.652439599,3,0.333333333,1.75,N1 O4,de-protonated,0,-9999,C12 H21 O4 N1,12,21,4,1,-9999,-9999,-9999,-9999,-9999
380,242.176108,242.176165409,242.176167217,13935925,-9999,1112767,27.68,-1,-0.007464094,0.999989891,0,0.599993935,2,0.230769231,1.923076923,N1 O3,de-protonated,0,-9999,C13 H25 O3 N1,13,25,3,1,-9999,-9999,-9999,-9999,-9999
381,243.033211,243.033268812,243.033268207,20186490,-9999,1138249.1,41,-1,0.002492338,0.999998873,0,0.599999324,5,0.5,1.2,S1 O5,de-protonated,0,-9999,C10 H12 O5 S1,10,12,5,-9999,-9999,1,-9999,-9999,-9999
382,243.042897,243.042954817,243.042784063,7509371,-9999,1108830.1,13.98,-1,0.702567786,0.914330347,0,0.548598208,5,0.5,1.3,P1 O5,de-protonated,0,-9999,C10 H13 O5 P1,10,13,5,-9999,1,-9999,-9999,-9999,-9999
383,243.050979,243.051036821,243.051026271,7411067.5,-9999,1210458.9,13.77,-1,0.043403829,0.999658229,0,0.599794937,5,0.7,1.2,O7,de-protonated,0,-9999,C10 H12 O7,10,12,7,-9999,-9999,-9999,-9999,-9999,-9999
384,243.087356,243.087413838,243.087411781,18826622,-9999,1095445.8,38.1,-1,0.008462466,0.999987006,0,0.599992204,4,0.545454545,1.454545455,O6,de-protonated,0,-9999,C11 H16 O6,11,16,6,-9999,-9999,-9999,-9999,-9999,-9999
385,243.123738,243.123795855,243.12379729,18154880,-9999,1157042.2,36.67,-1,-0.005902774,0.999993678,0,0.599996207,3,0.416666667,1.666666667,O5,de-protonated,0,-9999,C12 H20 O5,12,20,5,-9999,-9999,-9999,-9999,-9999,-9999
387,243.160124,243.160181872,243.160182799,36275588,-9999,1128688.9,75.29,-1,-0.003813646,0.999997361,0,0.599998417,2,0.307692308,1.846153846,O4,de-protonated,0,-9999,C13 H24 O4,13,24,4,-9999,-9999,-9999,-9999,-9999,-9999
389,244.985785,244.985843732,244.985663109,37815800,-9999,1130208.2,78.4,-1,0.737279275,0.906076074,0,0.543645645,6,0.875,0.875,P1 O7,de-protonated,0,-9999,C8 H7 O7 P1,8,7,7,-9999,1,-9999,-9999,-9999,-9999
390,245.058534,245.058592766,245.058434127,6764026,-9999,1257022.7,12.36,-1,0.647349266,0.926780913,0,0.556068548,4,0.5,1.5,P1 O5,de-protonated,0,-9999,C10 H15 O5 P1,10,15,5,-9999,1,-9999,-9999,-9999,-9999
391,245.066621,245.06667977,245.066676336,13780474,-9999,1160755.8,27.28,-1,0.014011347,0.999964379,0,0.599978627,4,0.7,1.4,O7,de-protonated,0,-9999,C10 H14 O7,10,14,7,-9999,-9999,-9999,-9999,-9999,-9999
392,245.103,245.103058787,245.103061845,19826172,-9999,1167219.9,40.14,-1,-0.012478469,0.999971747,0,0.599983048,3,0.545454545,1.636363636,O6,de-protonated,0,-9999,C11 H18 O6,11,18,6,-9999,-9999,-9999,-9999,-9999,-9999
393,245.139395,245.139453804,245.139447355,13542910,-9999,1202557,26.78,-1,0.026308583,0.99987442,0,0.599924652,2,0.416666667,1.833333333,O5,de-protonated,0,-9999,C12 H22 O5,12,22,5,-9999,-9999,-9999,-9999,-9999,-9999
395,247.024758,247.024817691,247.024811523,11871819,-9999,1097616.4,23.22,-1,0.024970869,0.999886865,0,0.599932119,9,0.5,0.666666667,O6,de-protonated,0,-9999,C12 H8 O6,12,8,6,-9999,-9999,-9999,-9999,-9999,-9999
396,247.061142,247.061201708,247.061197032,10716749,-9999,1111026,20.77,-1,0.0189273,0.999934999,0,0.599961,8,0.384615385,0.923076923,O5,de-protonated,0,-9999,C13 H12 O5,13,12,5,-9999,-9999,-9999,-9999,-9999,-9999
397,247.074205,247.074264715,247.074084192,13362765,-9999,1219957,26.4,-1,0.730642314,0.907679226,0,0.544607535,3,0.5,1.7,P1 O5,de-protonated,0,-9999,C10 H17 O5 P1,10,17,5,-9999,1,-9999,-9999,-9999,-9999
398,247.097535,247.097594726,247.097582542,7747149.5,-9999,1140327.9,14.45,-1,0.049308385,0.999558938,0,0.599735363,7,0.285714286,1.142857143,O4,de-protonated,0,-9999,C14 H16 O4,14,16,4,-9999,-9999,-9999,-9999,-9999,-9999
399,247.11059,247.110649732,247.110469701,72910416,-9999,1102502.2,153.04,-1,0.728542819,0.909192283,0.986450705,0.940095652,2,0.363636364,1.909090909,P1 O4,de-protonated,0,-9999,C11 H21 O4 P1,11,21,4,-9999,1,-9999,-9999,-9999,-9999
400,248.020002,248.02006216,248.020060495,8226406.5,-9999,1098118.6,15.47,-1,0.006712031,0.999991826,0,0.599995095,9,0.545454545,0.636363636,N1 O6,de-protonated,0,-9999,C11 H7 O6 N1,11,7,6,1,-9999,-9999,-9999,-9999,-9999
401,248.113943,248.114003204,248.113824536,9930345,-9999,1036776.1,19.1,-1,0.720104169,0.910200641,0.986450705,0.940700667,2,0.363636364,1.909090909,13C1 P1 O4,de-protonated,1,399,C10 H21 O4 P1 13C1,10,21,4,-9999,1,-9999,1,-9999,-9999
401,248.113943,248.114003204,248.113960882,9930345,-9999,1036776.1,19.1,-1,0.170575567,0.994734476,0,0.596840686,2,0.6,1.9,N1 O6,de-protonated,0,-9999,C10 H19 O6 N1,10,19,6,1,-9999,-9999,-9999,-9999,-9999
402,249.004018,249.004078623,249.004076078,58066552,-9999,1107833.8,121.47,-1,0.010220786,0.999975824,0.99385684,0.99752823,9,0.636363636,0.545454545,O7,de-protonated,0,-9999,C11 H6 O7,11,6,7,-9999,-9999,-9999,-9999,-9999,-9999
402,249.004018,249.004078623,249.003913887,58066552,-9999,1107833.8,121.47,-1,0.661581357,0.92365352,0,0.554192112,4,0.166666667,1.833333333,N4 S2 P1 O1,de-protonated,0,-9999,C6 H11 O1 N4 P1 S2,6,11,1,4,1,2,-9999,-9999,-9999
403,249.032158,249.032218636,249.032219379,6858361,-9999,1345600.1,12.56,-1,-0.002981929,0.999998387,0,0.599999032,8,0.333333333,0.916666667,P1 O4,de-protonated,0,-9999,C12 H11 O4 P1,12,11,4,-9999,1,-9999,-9999,-9999,-9999
404,249.040404,249.04046464,249.040461587,24708730,-9999,1065239.9,50.53,-1,0.01225823,0.999972735,0,0.599983641,8,0.5,0.833333333,O6,de-protonated,0,-9999,C12 H10 O6,12,10,6,-9999,-9999,-9999,-9999,-9999,-9999
405,249.053457,249.053517646,249.053348747,8988281,-9999,1053588.2,17.09,-1,0.678165424,0.919937299,0,0.551962379,3,0.666666667,1.666666667,P1 O6,de-protonated,0,-9999,C9 H15 O6 P1,9,15,6,-9999,1,-9999,-9999,-9999,-9999
407,249.076796,249.076856657,249.076847097,13182586,-9999,1080448.8,26.01,-1,0.038384042,0.999732701,0,0.599839621,7,0.384615385,1.076923077,O5,de-protonated,0,-9999,C13 H14 O5,13,14,5,-9999,-9999,-9999,-9999,-9999,-9999
408,249.089859,249.089919663,249.089734256,18138746,-9999,1147888.3,36.55,-1,0.744338806,0.904358092,0,0.542614855,2,0.5,1.9,P1 O5,de-protonated,0,-9999,C10 H19 O5 P1,10,19,5,-9999,1,-9999,-9999,-9999,-9999
410,249.113175,249.113235674,249.113232606,9717370,-9999,1201548.6,18.64,-1,0.012317094,0.999972473,0,0.599983484,6,0.285714286,1.285714286,O4,de-protonated,0,-9999,C14 H18 O4,14,18,4,-9999,-9999,-9999,-9999,-9999,-9999
411,249.126241,249.126301681,249.126119766,8103546.5,-9999,1220756.7,15.21,-1,0.730212199,0.907782717,0,0.54466963,1,0.363636364,2.090909091,P1 O4,de-protonated,0,-9999,C11 H23 O4 P1,11,23,4,-9999,1,-9999,-9999,-9999,-9999
412,249.149556,249.149616692,249.149618115,13477499,-9999,1156688.7,26.64,-1,-0.005714932,0.999994074,0,0.599996444,5,0.2,1.466666667,O3,de-protonated,0,-9999,C15 H22 O3,15,22,3,-9999,-9999,-9999,-9999,-9999,-9999
413,250.007373,250.007434095,250.007430913,7358083.5,-9999,1119400.2,13.59,-1,0.01272866,0.999970602,0.99385684,0.997525097,9,0.636363636,0.545454545,13C1 O7,de-protonated,1,402,C10 H6 O7 13C1,10,6,7,-9999,-9999,-9999,1,-9999,-9999
415,251.011605,251.011666568,251.011483934,8988295,-9999,1183539.9,17.05,-1,0.727592547,0.908411975,0,0.545047185,8,0.454545455,0.818181818,P1 O5,de-protonated,0,-9999,C11 H9 O5 P1,11,9,5,-9999,1,-9999,-9999,-9999,-9999
416,251.019667,251.019728572,251.019726143,30262918,-9999,1095157.3,62.2,-1,0.009678083,0.999983005,0,0.599989803,8,0.636363636,0.727272727,O7,de-protonated,0,-9999,C11 H8 O7,11,8,7,-9999,-9999,-9999,-9999,-9999,-9999
416,251.019667,251.019728572,251.019563951,30262918,-9999,1095157.3,62.2,-1,0.655808325,0.924929021,0,0.554957413,3,0.166666667,2.166666667,N4 S2 P1 O1,de-protonated,0,-9999,C6 H13 O1 N4 P1 S2,6,13,1,4,1,2,-9999,-9999,-9999
417,251.056049,251.056110589,251.056111652,26379910,-9999,1080541.9,53.96,-1,-0.004233452,0.999996748,0,0.599998049,7,0.5,1,O6,de-protonated,0,-9999,C12 H12 O6,12,12,6,-9999,-9999,-9999,-9999,-9999,-9999
418,251.069116,251.069177595,251.068998811,16795270,-9999,1133670.9,33.62,-1,0.712090095,0.912098215,0,0.547258929,2,0.666666667,1.888888889,P1 O6,de-protonated,0,-9999,C9 H17 O6 P1,9,17,6,-9999,1,-9999,-9999,-9999,-9999
420,251.092442,251.092503606,251.092497161,12707463,-9999,1055561.9,24.94,-1,0.025667623,0.999880464,0,0.599928278,6,0.384615385,1.230769231,O5,de-protonated,0,-9999,C13 H16 O5,13,16,5,-9999,-9999,-9999,-9999,-9999,-9999
421,251.105503,251.105564612,251.105384321,27821702,-9999,1103961.2,57.02,-1,0.717991477,0.910702561,0,0.546421537,1,0.5,2.1,P1 O5,de-protonated,0,-9999,C10 H21 O5 P1,10,21,5,-9999,1,-9999,-9999,-9999,-9999
422,251.128841,251.128902623,251.128882671,6772359,-9999,1100191.7,12.35,-1,0.079452158,0.998855235,0,0.599313141,5,0.285714286,1.428571429,O4,de-protonated,0,-9999,C14 H20 O4,14,20,4,-9999,-9999,-9999,-9999,-9999,-9999
423,251.141873,251.141934629,251.14176983,7394951,-9999,1119611,13.67,-1,0.656200266,0.924842723,0,0.554905634,0,0.363636364,2.272727273,P1 O4,de-protonated,0,-9999,C11 H25 O4 P1,11,25,4,-9999,1,-9999,-9999,-9999,-9999
424,252.998933,252.998995504,252.998990698,28182140,-9999,1118516.1,57.78,-1,0.018996067,0.999934526,0,0.599960716,8,0.8,0.6,O8,de-protonated,0,-9999,C10 H6 O8,10,6,8,-9999,-9999,-9999,-9999,-9999,-9999
424,252.998933,252.998995504,252.998828506,28182140,-9999,1118516.1,57.78,-1,0.660071498,0.923988019,0,0.554392812,3,0.4,2.2,N4 S2 P1 O2,de-protonated,0,-9999,C5 H11 O2 N4 P1 S2,5,11,2,4,1,2,-9999,-9999,-9999
425,253.035317,253.035379521,253.035376207,11667067,-9999,1180639,22.74,-1,0.013096046,0.999968881,0,0.599981329,7,0.636363636,0.909090909,O7,de-protonated,0,-9999,C11 H10 O7,11,10,7,-9999,-9999,-9999,-9999,-9999,-9999
425,253.035317,253.035379521,253.035214016,11667067,-9999,1180639,22.74,-1,0.654079289,0.925309201,0,0.555185521,2,0.166666667,2.5,N4 S2 P1 O1,de-protonated,0,-9999,C6 H15 O1 N4 P1 S2,6,15,1,4,1,2,-9999,-9999,-9999
426,253.071707,253.071769538,253.071761716,14829178,-9999,1140173.8,29.45,-1,0.030906423,0.999826694,0,0.599896016,6,0.5,1.166666667,O6,de-protonated,0,-9999,C12 H14 O6,12,14,6,-9999,-9999,-9999,-9999,-9999,-9999
427,253.084771,253.084833544,253.084648876,16713338,-9999,1106866.7,33.44,-1,0.729669395,0.907913252,0,0.544747951,1,0.666666667,2.111111111,P1 O6,de-protonated,0,-9999,C9 H19 O6 P1,9,19,6,-9999,1,-9999,-9999,-9999,-9999
429,253.108091,253.108153555,253.108147226,7956090,-9999,1220502.3,14.86,-1,0.025006386,0.999886543,0,0.599931926,5,0.384615385,1.384615385,O5,de-protonated,0,-9999,C13 H18 O5,13,18,5,-9999,-9999,-9999,-9999,-9999,-9999
430,253.144477,253.144539572,253.144532735,29001338,-9999,1073268.1,59.52,-1,0.027008674,0.999867648,0,0.599920589,4,0.285714286,1.571428571,O4,de-protonated,0,-9999,C14 H22 O4,14,22,4,-9999,-9999,-9999,-9999,-9999,-9999
431,255.029842,255.02990546,255.029896903,30951002,-9999,1052406.4,63.66,-1,0.033549995,0.999795782,0,0.599877469,11,0.357142857,0.571428571,O5,de-protonated,0,-9999,C14 H8 O5,14,8,5,-9999,-9999,-9999,-9999,-9999,-9999
432,255.050981,255.05104447,255.051026271,13248090,-9999,1040654.5,26.09,-1,0.071350988,0.999076678,0,0.599446007,6,0.636363636,1.090909091,O7,de-protonated,0,-9999,C11 H12 O7,11,12,7,-9999,-9999,-9999,-9999,-9999,-9999
434,255.087353,255.087416487,255.087411781,14091866,-9999,1122438.3,27.88,-1,0.018448241,0.999938248,0,0.599962949,5,0.5,1.333333333,O6,de-protonated,0,-9999,C12 H16 O6,12,16,6,-9999,-9999,-9999,-9999,-9999,-9999
435,255.123745,255.123808504,255.12379729,11216473,-9999,1182058.3,21.78,-1,0.043953936,0.999649512,0,0.599789707,4,0.384615385,1.538461538,O5,de-protonated,0,-9999,C13 H20 O5,13,20,5,-9999,-9999,-9999,-9999,-9999,-9999
436,255.160118,255.160181521,255.160182799,19826264,-9999,1118719.5,39.95,-1,-0.005010707,0.999995444,0,0.599997267,3,0.285714286,1.714285714,O4,de-protonated,0,-9999,C14 H24 O4,14,24,4,-9999,-9999,-9999,-9999,-9999,-9999
437,256.025088,256.025151928,256.025145876,8447557,-9999,1190447.5,15.87,-1,0.023640439,0.999898599,0,0.599939159,11,0.384615385,0.538461538,N1 O5,de-protonated,0,-9999,C13 H7 O5 N1,13,7,5,1,-9999,-9999,-9999,-9999,-9999
438,257.020331,257.020395397,257.020394848,7251501,-9999,1232166.6,13.34,-1,0.002135398,0.999999173,0,0.599999504,11,0.416666667,0.5,N2 O5,de-protonated,0,-9999,C12 H6 O5 N2,12,6,5,2,-9999,-9999,-9999,-9999,-9999
439,257.045485,257.045549408,257.045546968,15730220,-9999,1129779.6,31.28,-1,0.009494899,0.999983642,0,0.599990185,10,0.357142857,0.714285714,O5,de-protonated,0,-9999,C14 H10 O5,14,10,5,-9999,-9999,-9999,-9999,-9999,-9999
440,257.048857,257.04892141,257.048918271,30213676,-9999,1076586.4,61.94,-1,0.012211251,0.999972944,0,0.599983766,5,0.454545455,1.272727273,S1 O5,de-protonated,0,-9999,C11 H14 O5 S1,11,14,5,-9999,-9999,1,-9999,-9999,-9999
441,257.058551,257.058615415,257.058434127,24561196,-9999,1044217.2,49.98,-1,0.705237324,0.913707061,0,0.548224237,5,0.454545455,1.363636364,P1 O5,de-protonated,0,-9999,C11 H15 O5 P1,11,15,5,-9999,1,-9999,-9999,-9999,-9999
442,257.066617,257.066681418,257.066676336,12240428,-9999,1121464,23.9,-1,0.019771171,0.999929074,0,0.599957445,5,0.636363636,1.272727273,O7,de-protonated,0,-9999,C11 H14 O7,11,14,7,-9999,-9999,-9999,-9999,-9999,-9999
443,257.102997,257.103061436,257.103061845,18843178,-9999,1090636.1,37.87,-1,-0.001593585,0.999999539,0,0.599999724,4,0.5,1.5,O6,de-protonated,0,-9999,C12 H18 O6,12,18,6,-9999,-9999,-9999,-9999,-9999,-9999
444,257.131323,257.131387449,257.131205146,30508586,-9999,1056013.5,62.57,-1,0.708987298,0.912828244,0,0.547696946,3,0.230769231,1.769230769,P1 O3,de-protonated,0,-9999,C13 H23 O3 P1,13,23,3,-9999,1,-9999,-9999,-9999,-9999
445,257.139388,257.139452453,257.139447355,15615530,-9999,1079962.3,31.04,-1,0.019826071,0.99992868,0,0.599957208,3,0.384615385,1.692307692,O5,de-protonated,0,-9999,C13 H22 O5,13,22,5,-9999,-9999,-9999,-9999,-9999,-9999
446,257.175775,257.17583947,257.175832864,37717544,-9999,1091159.9,77.83,-1,0.025686097,0.999880292,0,0.599928175,2,0.285714286,1.857142857,O4,de-protonated,0,-9999,C14 H26 O4,14,26,4,-9999,-9999,-9999,-9999,-9999,-9999
447,258.004347,258.00441186,258.004410431,55346708,-9999,1053963,115.15,-1,0.005539206,0.999974855,0.994669817,0.997852839,11,0.5,0.416666667,N1 O6,de-protonated,0,-9999,C12 H5 O6 N1,12,5,6,1,-9999,-9999,-9999,-9999,-9999
448,259.007704,259.007769332,259.007765266,6809078.5,-9999,1262436.8,12.4,-1,0.015699849,0.999955277,0.994669817,0.997841093,11,0.5,0.416666667,13C1 N1 O6,de-protonated,1,447,C11 H5 O6 N1 13C1,11,5,6,1,-9999,-9999,1,-9999,-9999
449,259.024745,259.02481034,259.024811523,67995128,-9999,1044988,141.92,-1,-0.004566301,0.99995819,0.971496029,0.988573326,10,0.461538462,0.615384615,O6,de-protonated,0,-9999,C13 H8 O6,13,8,6,-9999,-9999,-9999,-9999,-9999,-9999
451,259.074206,259.074271363,259.074084192,7169525,-9999,1199299.1,13.16,-1,0.722463531,0.909638704,0,0.545783223,4,0.454545455,1.545454545,P1 O5,de-protonated,0,-9999,C11 H17 O5 P1,11,17,5,-9999,1,-9999,-9999,-9999,-9999
452,259.082255,259.082320367,259.0823264,13813237,-9999,1101490.4,27.23,-1,-0.023286511,0.999901612,0,0.599940967,4,0.636363636,1.454545455,O7,de-protonated,0,-9999,C11 H16 O7,11,16,7,-9999,-9999,-9999,-9999,-9999,-9999
453,259.110597,259.110662381,259.110469701,7144948,-9999,1162527.4,13.11,-1,0.743618574,0.904533966,0,0.542720379,3,0.333333333,1.75,P1 O4,de-protonated,0,-9999,C12 H21 O4 P1,12,21,4,-9999,1,-9999,-9999,-9999,-9999
454,259.118639,259.118704384,259.11871191,21661172,-9999,1065752.5,43.84,-1,-0.02904208,0.99984697,0,0.599908182,3,0.5,1.666666667,O6,de-protonated,0,-9999,C12 H20 O6,12,20,6,-9999,-9999,-9999,-9999,-9999,-9999
456,259.155037,259.155102401,259.155097419,9520627,-9999,1162087.2,18.14,-1,0.019225697,0.999932934,0,0.59995976,2,0.384615385,1.846153846,O5,de-protonated,0,-9999,C13 H24 O5,13,24,5,-9999,-9999,-9999,-9999,-9999,-9999
457,260.020002,260.020067809,260.020060495,8758746,-9999,1194834.9,16.53,-1,0.028126734,0.999856464,0,0.599913878,10,0.5,0.583333333,N1 O6,de-protonated,0,-9999,C12 H7 O6 N1,12,7,6,1,-9999,-9999,-9999,-9999,-9999
458,260.028106,260.028171812,260.028166358,12166618,-9999,1044022.1,23.74,-1,0.020976419,0.999920164,0.971496029,0.98855051,10,0.461538462,0.615384615,13C1 O6,de-protonated,1,449,C12 H8 O6 13C1,12,8,6,-9999,-9999,-9999,1,-9999,-9999
459,261.004,261.004066272,261.004076078,7751102,-9999,1130405.3,14.36,-1,-0.03757104,0.999743903,0,0.599846342,10,0.583333333,0.5,O7,de-protonated,0,-9999,C12 H6 O7,12,6,7,-9999,-9999,-9999,-9999,-9999,-9999
459,261.004,261.004066272,261.003913887,7751102,-9999,1130405.3,14.36,-1,0.583842338,0.940023171,0,0.564013903,5,0.142857143,1.571428571,N4 S2 P1 O1,de-protonated,0,-9999,C7 H11 O1 N4 P1 S2,7,11,1,4,1,2,-9999,-9999,-9999
460,261.040388,261.040454289,261.040461587,12256701,-9999,1072921.2,23.87,-1,-0.027958944,0.999858171,0,0.599914903,9,0.461538462,0.769230769,O6,de-protonated,0,-9999,C13 H10 O6,13,10,6,-9999,-9999,-9999,-9999,-9999,-9999
461,261.053473,261.053539295,261.053348747,6821308.5,-9999,1066798.7,12.39,-1,0.729920435,0.907852891,0,0.544711734,4,0.6,1.5,P1 O6,de-protonated,0,-9999,C10 H15 O6 P1,10,15,6,-9999,1,-9999,-9999,-9999,-9999
462,261.061527,261.061593299,261.061590955,7620028.5,-9999,1108323,14.08,-1,0.008976714,0.999985379,0,0.599991227,4,0.8,1.4,O8,de-protonated,0,-9999,C10 H14 O8,10,14,8,-9999,-9999,-9999,-9999,-9999,-9999
463,261.076785,261.076851306,261.076847097,9323964,-9999,1137027.7,17.68,-1,0.016123098,0.999952833,0,0.5999717,8,0.357142857,1,O5,de-protonated,0,-9999,C14 H14 O5,14,14,5,-9999,-9999,-9999,-9999,-9999,-9999
464,261.089853,261.089919312,261.089734256,15812028,-9999,1128130.2,31.38,-1,0.708782939,0.912876234,0,0.54772574,3,0.454545455,1.727272727,P1 O5,de-protonated,0,-9999,C11 H19 O5 P1,11,19,5,-9999,1,-9999,-9999,-9999,-9999
465,261.097915,261.097981316,261.097976465,8332731.5,-9999,1027311.1,15.59,-1,0.018580206,0.999937362,0,0.599962417,3,0.636363636,1.636363636,O7,de-protonated,0,-9999,C11 H18 O7,11,18,7,-9999,-9999,-9999,-9999,-9999,-9999
466,261.113157,261.113223323,261.113232606,9758139,-9999,1057767.7,18.6,-1,-0.035551093,0.999770697,0,0.599862418,7,0.266666667,1.2,O4,de-protonated,0,-9999,C15 H18 O4,15,18,4,-9999,-9999,-9999,-9999,-9999,-9999
467,261.126234,261.126300329,261.126119766,11003323,-9999,1070769.9,21.22,-1,0.691480903,0.916898102,0,0.550138861,2,0.333333333,1.916666667,P1 O4,de-protonated,0,-9999,C12 H23 O4 P1,12,23,4,-9999,1,-9999,-9999,-9999,-9999
468,261.134308,261.134374333,261.134361974,10806714,-9999,985383,20.81,-1,0.047328263,0.999593644,0,0.599756186,2,0.5,1.833333333,O6,de-protonated,0,-9999,C12 H22 O6,12,22,6,-9999,-9999,-9999,-9999,-9999,-9999
469,261.162617,261.162683347,261.162505275,16713146,-9999,1115863.2,33.28,-1,0.681841758,0.919103097,0,0.551461858,1,0.230769231,2.076923077,P1 O3,de-protonated,0,-9999,C13 H27 O3 P1,13,27,3,-9999,1,-9999,-9999,-9999,-9999
471,262.975939,262.9760062,262.975967805,18810250,-9999,1009277.7,37.71,-1,0.14600411,0.996139493,0,0.597683696,9,0.083333333,0.75,S2 P1 O1,de-protonated,0,-9999,C12 H9 O1 P1 S2,12,9,1,-9999,1,2,-9999,-9999,-9999
472,263.019657,263.019724221,263.019726143,14321032,-9999,1055692.4,28.23,-1,-0.007306745,0.999990313,0,0.599994188,9,0.583333333,0.666666667,O7,de-protonated,0,-9999,C12 H8 O7,12,8,7,-9999,-9999,-9999,-9999,-9999,-9999
472,263.019657,263.019724221,263.019563951,14321032,-9999,1055692.4,28.23,-1,0.609344451,0.934847358,0,0.560908415,4,0.142857143,1.857142857,N4 S2 P1 O1,de-protonated,0,-9999,C7 H13 O1 N4 P1 S2,7,13,1,4,1,2,-9999,-9999,-9999
473,263.056047,263.056114238,263.056111652,19842440,-9999,1078877.9,39.89,-1,0.009830457,0.999982465,0,0.599989479,8,0.461538462,0.923076923,O6,de-protonated,0,-9999,C13 H12 O6,13,12,6,-9999,-9999,-9999,-9999,-9999,-9999
474,263.06911,263.069177244,263.068998811,14361991,-9999,1087753.7,28.32,-1,0.678272779,0.919912992,0,0.551947795,3,0.6,1.7,P1 O6,de-protonated,0,-9999,C10 H17 O6 P1,10,17,6,-9999,1,-9999,-9999,-9999,-9999
475,263.092429,263.092496255,263.092497161,11715974,-9999,1036797.4,22.73,-1,-0.003444652,0.999997847,0,0.599998708,7,0.357142857,1.142857143,O5,de-protonated,0,-9999,C14 H16 O5,14,16,5,-9999,-9999,-9999,-9999,-9999,-9999
476,263.105494,263.105561261,263.105384321,33555848,-9999,1062688.8,68.85,-1,0.672507401,0.92121382,0,0.552728292,2,0.454545455,1.909090909,P1 O5,de-protonated,0,-9999,C11 H21 O5 P1,11,21,5,-9999,1,-9999,-9999,-9999,-9999
477,263.128819,263.128886272,263.128882671,11961734,-9999,1092812.7,23.25,-1,0.013687277,0.999966008,0,0.599979605,6,0.266666667,1.333333333,O4,de-protonated,0,-9999,C15 H20 O4,15,20,4,-9999,-9999,-9999,-9999,-9999,-9999
478,263.17827,263.178337295,263.178155339,10298756,-9999,1052153.5,19.74,-1,0.6913791,0.916921523,0,0.550152914,0,0.230769231,2.230769231,P1 O3,de-protonated,0,-9999,C13 H29 O3 P1,13,29,3,-9999,1,-9999,-9999,-9999,-9999
479,265.035307,265.03537517,265.035376207,14378332,-9999,978272.9,28.35,-1,-0.003914365,0.99999722,0,0.599998332,8,0.583333333,0.833333333,O7,de-protonated,0,-9999,C12 H10 O7,12,10,7,-9999,-9999,-9999,-9999,-9999,-9999
479,265.035307,265.03537517,265.035214016,14378332,-9999,978272.9,28.35,-1,0.608047068,0.935115308,0,0.561069185,3,0.142857143,2.142857143,N4 S2 P1 O1,de-protonated,0,-9999,C7 H15 O1 N4 P1 S2,7,15,1,4,1,2,-9999,-9999,-9999
480,265.050589,265.050657177,265.050632348,7193947.5,-9999,1213015,13.18,-1,0.093674399,0.998409074,0,0.599045444,12,0.25,0.625,O4,de-protonated,0,-9999,C16 H10 O4,16,10,4,-9999,-9999,-9999,-9999,-9999,-9999
481,265.071692,265.071760187,265.071761716,18367836,-9999,1036597.8,36.78,-1,-0.005770768,0.999993957,0,0.599996374,7,0.461538462,1.076923077,O6,de-protonated,0,-9999,C13 H14 O6,13,14,6,-9999,-9999,-9999,-9999,-9999,-9999
482,265.084755,265.084823193,265.084648876,15107419,-9999,1050049.7,29.89,-1,0.657589613,0.924536466,0,0.55472188,2,0.6,1.9,P1 O6,de-protonated,0,-9999,C10 H19 O6 P1,10,19,6,-9999,1,-9999,-9999,-9999,-9999
483,265.092808,265.092876197,265.092891084,7071067,-9999,1172050.9,12.92,-1,-0.056160644,0.999427871,0,0.599656723,2,0.8,1.8,O8,de-protonated,0,-9999,C10 H18 O8,10,18,8,-9999,-9999,-9999,-9999,-9999,-9999
485,265.108066,265.108134204,265.108147226,9831771,-9999,1103356.4,18.75,-1,-0.049119181,0.999562316,0,0.599737389,6,0.357142857,1.285714286,O5,de-protonated,0,-9999,C14 H18 O5,14,18,5,-9999,-9999,-9999,-9999,-9999,-9999
486,265.121143,265.12121121,265.121034385,27952474,-9999,1048770.6,57.01,-1,0.666958362,0.922457065,0,0.553474239,1,0.454545455,2.090909091,P1 O5,de-protonated,0,-9999,C11 H23 O5 P1,11,23,5,-9999,1,-9999,-9999,-9999,-9999
487,265.14784,265.147908222,265.147904038,11658586,-9999,1069437.3,22.61,-1,0.015780468,0.999954816,0,0.59997289,0,0.333333333,2.166666667,S1 O4,de-protonated,0,-9999,C12 H26 O4 S1,12,26,4,-9999,-9999,1,-9999,-9999,-9999
489,267.014591,267.014660101,267.014640762,8185151.5,-9999,1102802.8,15.23,-1,0.072427337,0.999048624,0,0.599429174,8,0.727272727,0.727272727,O8,de-protonated,0,-9999,C11 H8 O8,11,8,8,-9999,-9999,-9999,-9999,-9999,-9999
489,267.014591,267.014660101,267.014478571,8185151.5,-9999,1102802.8,15.23,-1,0.679852607,0.919554924,0,0.551732954,3,0.333333333,2.166666667,N4 S2 P1 O2,de-protonated,0,-9999,C6 H13 O2 N4 P1 S2,6,13,2,4,1,2,-9999,-9999,-9999
490,267.029828,267.029897108,267.029896903,18302272,-9999,1041203.9,36.54,-1,7.67861e-4,0.999999893,0,0.599999936,12,0.333333333,0.533333333,O5,de-protonated,0,-9999,C15 H8 O5,15,8,5,-9999,-9999,-9999,-9999,-9999,-9999
491,267.050966,267.051035118,267.051026271,16549183,-9999,1048122.3,32.85,-1,0.033128247,0.999800883,0,0.59988053,7,0.583333333,1,O7,de-protonated,0,-9999,C12 H12 O7,12,12,7,-9999,-9999,-9999,-9999,-9999,-9999
491,267.050966,267.051035118,267.05086408,16549183,-9999,1048122.3,32.85,-1,0.640470731,0.928271753,0,0.556963052,2,0.142857143,2.428571429,N4 S2 P1 O1,de-protonated,0,-9999,C7 H17 O1 N4 P1 S2,7,17,1,4,1,2,-9999,-9999,-9999
492,267.087344,267.087413135,267.087411781,12739903,-9999,1054717.9,24.83,-1,0.005072147,0.999995332,0,0.599997199,6,0.461538462,1.230769231,O6,de-protonated,0,-9999,C13 H16 O6,13,16,6,-9999,-9999,-9999,-9999,-9999,-9999
493,267.100406,267.100475142,267.10029894,22463806,-9999,1059423.4,45.31,-1,0.659682097,0.924074184,0,0.554444511,1,0.6,2.1,P1 O6,de-protonated,0,-9999,C10 H21 O6 P1,10,21,6,-9999,1,-9999,-9999,-9999,-9999
496,269.045474,269.045544057,269.045546968,15729976,-9999,1055631.8,31.12,-1,-0.010818194,0.999978765,0,0.599987259,11,0.333333333,0.666666667,O5,de-protonated,0,-9999,C15 H10 O5,15,10,5,-9999,-9999,-9999,-9999,-9999,-9999
497,269.066601,269.066671067,269.066676336,13296952,-9999,1087365.9,26,-1,-0.019581399,0.999930429,0,0.599958258,6,0.583333333,1.166666667,O7,de-protonated,0,-9999,C12 H14 O7,12,14,7,-9999,-9999,-9999,-9999,-9999,-9999
498,269.079681,269.079751073,269.079563495,11117880,-9999,1068404.6,21.41,-1,0.697109372,0.915598736,0,0.549359242,1,0.777777778,2.111111111,P1 O7,de-protonated,0,-9999,C9 H19 O7 P1,9,19,7,-9999,1,-9999,-9999,-9999,-9999
500,269.102992,269.103062084,269.103061845,12133688,-9999,1045584,23.55,-1,8.88428e-4,0.999999857,0,0.599999914,5,0.461538462,1.384615385,O6,de-protonated,0,-9999,C13 H18 O6,13,18,6,-9999,-9999,-9999,-9999,-9999,-9999
501,269.131131,269.131201098,269.131205146,10339640,-9999,1149946.7,19.77,-1,-0.01504298,0.999958941,0,0.599975364,4,0.214285714,1.642857143,P1 O3,de-protonated,0,-9999,C14 H23 O3 P1,14,23,3,-9999,1,-9999,-9999,-9999,-9999
502,269.139377,269.139447101,269.139447355,16385336,-9999,1048255.1,32.51,-1,-9.40567e-4,0.999999839,0,0.599999904,4,0.357142857,1.571428571,O5,de-protonated,0,-9999,C14 H22 O5,14,22,5,-9999,-9999,-9999,-9999,-9999,-9999
503,269.175764,269.175834119,269.175832864,29099320,-9999,1045319.2,59.28,-1,0.004661023,0.999996058,0,0.599997635,3,0.266666667,1.733333333,O4,de-protonated,0,-9999,C15 H26 O4,15,26,4,-9999,-9999,-9999,-9999,-9999,-9999
504,271.024728,271.024798989,271.024811523,6747467,-9999,978181,12.21,-1,-0.046246676,0.999612001,0,0.599767201,11,0.428571429,0.571428571,O6,de-protonated,0,-9999,C14 H8 O6,14,8,6,-9999,-9999,-9999,-9999,-9999,-9999
505,271.061136,271.061207006,271.061197032,7406923.5,-9999,1057524.6,13.6,-1,0.03679535,0.999754367,0,0.59985262,10,0.333333333,0.8,O5,de-protonated,0,-9999,C15 H12 O5,15,12,5,-9999,-9999,-9999,-9999,-9999,-9999
506,271.064502,271.064573008,271.064568336,15025484,-9999,1008306.5,29.64,-1,0.017235953,0.999946097,0,0.599967658,5,0.416666667,1.333333333,S1 O5,de-protonated,0,-9999,C12 H16 O5 S1,12,16,5,-9999,-9999,1,-9999,-9999,-9999
507,271.082259,271.082330016,271.0823264,14419276,-9999,1162165.1,28.36,-1,0.013337923,0.999967721,0,0.599980632,5,0.583333333,1.333333333,O7,de-protonated,0,-9999,C12 H16 O7,12,16,7,-9999,-9999,-9999,-9999,-9999,-9999
508,271.118644,271.118715033,271.11871191,17302860,-9999,951233.4,34.44,-1,0.011520609,0.999975918,0,0.599985551,4,0.461538462,1.538461538,O6,de-protonated,0,-9999,C13 H20 O6,13,20,6,-9999,-9999,-9999,-9999,-9999,-9999
509,271.146961,271.147032046,271.146855211,11912525,-9999,1003406.5,23.08,-1,0.652177663,0.925726351,0,0.555435811,3,0.214285714,1.785714286,P1 O3,de-protonated,0,-9999,C14 H25 O3 P1,14,25,3,-9999,1,-9999,-9999,-9999,-9999
510,271.155028,271.15509905,271.155097419,16794958,-9999,1073213.1,33.37,-1,0.006015855,0.999993433,0,0.59999606,3,0.357142857,1.714285714,O5,de-protonated,0,-9999,C14 H24 O5,14,24,5,-9999,-9999,-9999,-9999,-9999,-9999
511,271.19141,271.191481067,271.191482928,13706574,-9999,1061180.9,26.86,-1,-0.006862288,0.999991455,0,0.599994873,2,0.266666667,1.866666667,O4,de-protonated,0,-9999,C15 H28 O4,15,28,4,-9999,-9999,-9999,-9999,-9999,-9999
512,273.040385,273.040456938,273.040461587,16991616,-9999,998852.3,33.68,-1,-0.017029052,0.999947383,0,0.59996843,10,0.428571429,0.714285714,O6,de-protonated,0,-9999,C14 H10 O6,14,10,6,-9999,-9999,-9999,-9999,-9999,-9999
513,273.053465,273.053536944,273.053348747,8455552,-9999,994799.4,15.76,-1,0.689231492,0.917414957,0,0.550448974,5,0.545454545,1.363636364,P1 O6,de-protonated,0,-9999,C11 H15 O6 P1,11,15,6,-9999,1,-9999,-9999,-9999,-9999
514,273.061526,273.061597948,273.061590955,7529856.5,-9999,1005838.4,13.81,-1,0.025606939,0.999881028,0,0.599928617,5,0.727272727,1.272727273,O8,de-protonated,0,-9999,C11 H14 O8,11,14,8,-9999,-9999,-9999,-9999,-9999,-9999
515,273.07679,273.076861955,273.076847097,7824769,-9999,1067432.3,14.43,-1,0.054410203,0.999462971,0,0.599677782,9,0.333333333,0.933333333,O5,de-protonated,0,-9999,C15 H14 O5,15,14,5,-9999,-9999,-9999,-9999,-9999,-9999
516,273.089848,273.089919961,273.089734256,7996801.5,-9999,1020176.8,14.79,-1,0.680013638,0.919518387,0,0.551711032,4,0.416666667,1.583333333,P1 O5,de-protonated,0,-9999,C12 H19 O5 P1,12,19,5,-9999,1,-9999,-9999,-9999,-9999
517,273.097909,273.097980965,273.097976465,14321026,-9999,1069873.1,28.07,-1,0.016477779,0.999950735,0,0.599970441,4,0.583333333,1.5,O7,de-protonated,0,-9999,C12 H18 O7,12,18,7,-9999,-9999,-9999,-9999,-9999,-9999
518,273.126231,273.126302978,273.126119766,13698435,-9999,1059607.7,26.76,-1,0.670798239,0.921597671,0,0.552958603,3,0.307692308,1.769230769,P1 O4,de-protonated,0,-9999,C13 H23 O4 P1,13,23,4,-9999,1,-9999,-9999,-9999,-9999
519,273.134298,273.134369982,273.134361974,21382532,-9999,1058176.2,42.9,-1,0.029318273,0.999844046,0,0.599906428,3,0.461538462,1.692307692,O6,de-protonated,0,-9999,C13 H22 O6,13,22,6,-9999,-9999,-9999,-9999,-9999,-9999
520,273.170674,273.170745999,273.170747484,14517636,-9999,1021799.7,28.48,-1,-0.00543396,0.999994642,0,0.599996785,2,0.357142857,1.857142857,O5,de-protonated,0,-9999,C14 H26 O5,14,26,5,-9999,-9999,-9999,-9999,-9999,-9999
522,275.019658,275.019730869,275.019726143,23053786,-9999,1037758,46.41,-1,0.017187781,0.999946398,0,0.599967839,10,0.538461538,0.615384615,O7,de-protonated,0,-9999,C13 H8 O7,13,8,7,-9999,-9999,-9999,-9999,-9999,-9999
522,275.019658,275.019730869,275.019563951,23053786,-9999,1037758,46.41,-1,0.60693249,0.935345109,0,0.561207066,5,0.125,1.625,N4 S2 P1 O1,de-protonated,0,-9999,C8 H13 O1 N4 P1 S2,8,13,1,4,1,2,-9999,-9999,-9999
524,275.056051,275.056123887,275.056111652,10446300,-9999,1133496.2,19.94,-1,0.044480961,0.999641058,0,0.599784635,9,0.428571429,0.857142857,O6,de-protonated,0,-9999,C14 H12 O6,14,12,6,-9999,-9999,-9999,-9999,-9999,-9999
525,275.069096,275.069168893,275.068998811,9856476,-9999,1111687.1,18.7,-1,0.618322427,0.932979605,0,0.559787763,4,0.545454545,1.545454545,P1 O6,de-protonated,0,-9999,C11 H17 O6 P1,11,17,6,-9999,1,-9999,-9999,-9999,-9999
526,275.077161,275.077233897,275.07724102,10880477,-9999,1052782.8,20.85,-1,-0.025895863,0.999878329,0,0.599926997,4,0.727272727,1.454545455,O8,de-protonated,0,-9999,C11 H16 O8,11,16,8,-9999,-9999,-9999,-9999,-9999,-9999
527,275.092432,275.092504904,275.092497161,11838942,-9999,1032107.4,22.86,-1,0.028145209,0.999856275,0,0.599913765,8,0.333333333,1.066666667,O5,de-protonated,0,-9999,C15 H16 O5,15,16,5,-9999,-9999,-9999,-9999,-9999,-9999
528,275.105493,275.10556591,275.105384321,32769502,-9999,994481.9,66.81,-1,0.660071102,0.923988107,0,0.554392864,3,0.416666667,1.75,P1 O5,de-protonated,0,-9999,C12 H21 O5 P1,12,21,5,-9999,1,-9999,-9999,-9999,-9999
529,275.113563,275.113635914,275.113626529,9274847,-9999,1054878.8,17.48,-1,0.034111081,0.999788895,0,0.599873337,3,0.583333333,1.666666667,O7,de-protonated,0,-9999,C12 H20 O7,12,20,7,-9999,-9999,-9999,-9999,-9999,-9999
530,276.014905,276.014978338,276.014975115,10487319,-9999,1048036.4,20.02,-1,0.011677897,0.999975256,0,0.599985153,10,0.583333333,0.583333333,N1 O7,de-protonated,0,-9999,C12 H7 O7 N1,12,7,7,1,-9999,-9999,-9999,-9999,-9999
531,277.02723,277.027303815,277.027133998,11724385,-9999,965768.4,22.62,-1,0.612994247,0.93409091,0,0.560454546,9,0.384615385,0.846153846,P1 O5,de-protonated,0,-9999,C13 H11 O5 P1,13,11,5,-9999,1,-9999,-9999,-9999,-9999
533,277.035299,277.035372818,277.035376207,9381474,-9999,929110.1,17.7,-1,-0.01223184,0.999972852,0,0.599983711,9,0.538461538,0.769230769,O7,de-protonated,0,-9999,C13 H10 O7,13,10,7,-9999,-9999,-9999,-9999,-9999,-9999
533,277.035299,277.035372818,277.035214016,9381474,-9999,929110.1,17.7,-1,0.573221994,0.942121496,0,0.565272898,4,0.125,1.875,N4 S2 P1 O1,de-protonated,0,-9999,C8 H15 O1 N4 P1 S2,8,15,1,4,1,2,-9999,-9999,-9999
534,277.071689,277.071762835,277.071761716,14370405,-9999,1027732.7,28.17,-1,0.004039126,0.99999704,0,0.599998224,8,0.428571429,1,O6,de-protonated,0,-9999,C14 H14 O6,14,14,6,-9999,-9999,-9999,-9999,-9999,-9999
535,277.084751,277.084824842,277.084648876,12256870,-9999,1006350.3,23.74,-1,0.635061189,0.929434681,0,0.557660809,3,0.545454545,1.727272727,P1 O6,de-protonated,0,-9999,C11 H19 O6 P1,11,19,6,-9999,1,-9999,-9999,-9999,-9999
536,277.096,277.096073847,277.095882265,7636582.5,-9999,1067153.6,14.04,-1,0.691391406,0.916918692,0,0.550151215,3,0.5,1.9,N2 P1 O5,de-protonated,0,-9999,C10 H19 O5 N2 P1,10,19,5,2,1,-9999,-9999,-9999,-9999
538,277.10806,277.108133853,277.108147226,7972455.5,-9999,887037.6,14.74,-1,-0.048259502,0.999577499,0,0.599746499,7,0.333333333,1.2,O5,de-protonated,0,-9999,C15 H18 O5,15,18,5,-9999,-9999,-9999,-9999,-9999,-9999
539,277.121135,277.121208859,277.121034385,21087848,-9999,1024340.8,42.28,-1,0.629593073,0.930601638,0,0.558360983,2,0.416666667,1.916666667,P1 O5,de-protonated,0,-9999,C12 H23 O5 P1,12,23,5,-9999,1,-9999,-9999,-9999,-9999
540,277.144438,277.14451187,277.144532735,11806314,-9999,998713.1,22.79,-1,-0.075286807,0.998972059,0,0.599383235,6,0.25,1.375,O4,de-protonated,0,-9999,C16 H22 O4,16,22,4,-9999,-9999,-9999,-9999,-9999,-9999
541,277.15752,277.157593876,277.157419895,6891115.5,-9999,1191607.5,12.47,-1,0.627734452,0.930996321,0,0.558597793,1,0.307692308,2.076923077,P1 O4,de-protonated,0,-9999,C13 H27 O4 P1,13,27,4,-9999,1,-9999,-9999,-9999,-9999
542,277.184216,277.184289888,277.184289548,22152814,-9999,1048745.4,44.52,-1,0.001229247,0.999999726,0,0.599999835,0,0.214285714,2.142857143,S1 O3,de-protonated,0,-9999,C14 H30 O3 S1,14,30,3,-9999,-9999,1,-9999,-9999,-9999
543,278.152775,278.152849344,278.152668867,33720000,-9999,1018444.1,68.8,-1,0.648843534,0.926455262,0,0.555873157,1,0.333333333,2.166666667,N1 P1 O4,de-protonated,0,-9999,C12 H26 O4 N1 P1,12,26,4,1,1,-9999,-9999,-9999,-9999
544,279.01457,279.01464475,279.014640762,24856340,-9999,986026.7,50.03,-1,0.014292963,0.999962933,0,0.59997776,9,0.666666667,0.666666667,O8,de-protonated,0,-9999,C12 H8 O8,12,8,8,-9999,-9999,-9999,-9999,-9999,-9999
544,279.01457,279.01464475,279.014478571,24856340,-9999,986026.7,50.03,-1,0.595593737,0.937662093,0,0.562597256,4,0.285714286,1.857142857,N4 S2 P1 O2,de-protonated,0,-9999,C7 H13 O2 N4 P1 S2,7,13,2,4,1,2,-9999,-9999,-9999
545,279.050956,279.051030767,279.051026271,13625111,-9999,977831.1,26.52,-1,0.01611076,0.999952905,0,0.599971743,8,0.538461538,0.923076923,O7,de-protonated,0,-9999,C13 H12 O7,13,12,7,-9999,-9999,-9999,-9999,-9999,-9999
545,279.050956,279.051030767,279.05086408,13625111,-9999,977831.1,26.52,-1,0.597335739,0.937308599,0,0.562385159,3,0.125,2.125,N4 S2 P1 O1,de-protonated,0,-9999,C8 H17 O1 N4 P1 S2,8,17,1,4,1,2,-9999,-9999,-9999
546,279.064022,279.064096773,279.063913431,7874328.5,-9999,998159.6,14.49,-1,0.656990373,0.924668625,0,0.554801175,3,0.7,1.7,P1 O7,de-protonated,0,-9999,C10 H17 O7 P1,10,17,7,-9999,1,-9999,-9999,-9999,-9999
547,279.087344,279.087418784,279.087411781,15943451,-9999,1011962.4,31.38,-1,0.0250943,0.999885744,0,0.599931446,7,0.428571429,1.142857143,O6,de-protonated,0,-9999,C14 H16 O6,14,16,6,-9999,-9999,-9999,-9999,-9999,-9999
548,279.100406,279.10048079,279.10029894,25806620,-9999,980072.6,52.02,-1,0.651558177,0.925862023,0,0.555517214,2,0.545454545,1.909090909,P1 O6,de-protonated,0,-9999,C11 H21 O6 P1,11,21,6,-9999,1,-9999,-9999,-9999,-9999
549,279.123723,279.123797801,279.12379729,8627998,-9999,1087412.2,16.07,-1,0.001831725,0.999999391,0,0.599999635,6,0.333333333,1.333333333,O5,de-protonated,0,-9999,C15 H20 O5,15,20,5,-9999,-9999,-9999,-9999,-9999,-9999
550,279.13679,279.136864808,279.13668445,26183456,-9999,1004288.1,52.81,-1,0.646127396,0.927046727,0,0.556228036,1,0.416666667,2.083333333,P1 O5,de-protonated,0,-9999,C12 H25 O5 P1,12,25,5,-9999,1,-9999,-9999,-9999,-9999
553,281.030214,281.030289699,281.030290827,10545139,-9999,1057863.1,20.08,-1,-0.004012677,0.999997078,0,0.599998247,8,0.666666667,0.833333333,O8,de-protonated,0,-9999,C12 H10 O8,12,10,8,-9999,-9999,-9999,-9999,-9999,-9999
553,281.030214,281.030289699,281.030128635,10545139,-9999,1057863.1,20.08,-1,0.573118786,0.942141721,0,0.565285033,3,0.285714286,2.142857143,N4 S2 P1 O2,de-protonated,0,-9999,C7 H15 O2 N4 P1 S2,7,15,2,4,1,2,-9999,-9999,-9999
554,281.045464,281.045539706,281.045546968,7010293.5,-9999,896353.7,12.68,-1,-0.025838499,0.999878867,0,0.59992732,12,0.3125,0.625,O5,de-protonated,0,-9999,C16 H10 O5,16,10,5,-9999,-9999,-9999,-9999,-9999,-9999
555,281.066605,281.066680716,281.066676336,16353272,-9999,1022664.6,32.23,-1,0.015583835,0.999955935,0,0.599973561,7,0.538461538,1.076923077,O7,de-protonated,0,-9999,C13 H14 O7,13,14,7,-9999,-9999,-9999,-9999,-9999,-9999
555,281.066605,281.066680716,281.066514145,16353272,-9999,1022664.6,32.23,-1,0.592640597,0.938259299,0,0.56295558,2,0.125,2.375,N4 S2 P1 O1,de-protonated,0,-9999,C8 H19 O1 N4 P1 S2,8,19,1,4,1,2,-9999,-9999,-9999
556,281.079685,281.079760722,281.079563495,7956473.5,-9999,994982.8,14.66,-1,0.701675645,0.914538213,0,0.548722928,2,0.7,1.9,P1 O7,de-protonated,0,-9999,C10 H19 O7 P1,10,19,7,-9999,1,-9999,-9999,-9999,-9999
557,281.094921,281.094996729,281.094819637,14157819,-9999,1066096.4,27.64,-1,0.630010066,0.930512951,0,0.55830777,6,0.285714286,1.357142857,P1 O4,de-protonated,0,-9999,C14 H19 O4 P1,14,19,4,-9999,1,-9999,-9999,-9999,-9999
559,281.102998,281.103073733,281.103061845,11700220,-9999,956097.1,22.49,-1,0.042290105,0.99967554,0,0.599805324,6,0.428571429,1.285714286,O6,de-protonated,0,-9999,C14 H18 O6,14,18,6,-9999,-9999,-9999,-9999,-9999,-9999
560,281.116057,281.116132739,281.115949005,25200638,-9999,986539,50.75,-1,0.653589581,0.925416724,0,0.555250035,1,0.545454545,2.090909091,P1 O6,de-protonated,0,-9999,C11 H23 O6 P1,11,23,6,-9999,1,-9999,-9999,-9999,-9999
562,281.13938,281.13945575,281.139447355,8783873,-9999,1073876.5,16.39,-1,0.029862954,0.999838198,0,0.599902919,5,0.333333333,1.466666667,O5,de-protonated,0,-9999,C15 H22 O5,15,22,5,-9999,-9999,-9999,-9999,-9999,-9999
563,281.175785,281.175860767,281.175832864,6760453.5,-9999,1054514.3,12.16,-1,0.099238406,0.998214642,0,0.598928785,4,0.25,1.625,O4,de-protonated,0,-9999,C16 H26 O4,16,26,4,-9999,-9999,-9999,-9999,-9999,-9999
565,283.024743,283.024819638,283.024811523,24365306,-9999,996094.8,49,-1,0.028671716,0.999850848,0,0.599910509,12,0.4,0.533333333,O6,de-protonated,0,-9999,C15 H8 O6,15,8,6,-9999,-9999,-9999,-9999,-9999,-9999
566,283.045868,283.045944648,283.045940891,10397950,-9999,961031.2,19.77,-1,0.013272373,0.999968037,0,0.599980822,7,0.666666667,1,O8,de-protonated,0,-9999,C12 H12 O8,12,12,8,-9999,-9999,-9999,-9999,-9999,-9999
566,283.045868,283.045944648,283.0457787,10397950,-9999,961031.2,19.77,-1,0.586293927,0.939533997,0,0.563720398,2,0.285714286,2.428571429,N4 S2 P1 O2,de-protonated,0,-9999,C7 H17 O2 N4 P1 S2,7,17,2,4,1,2,-9999,-9999,-9999
567,283.082238,283.082314665,283.0823264,12036355,-9999,1077100.3,23.2,-1,-0.041456273,0.999688207,0,0.599812924,6,0.538461538,1.230769231,O7,de-protonated,0,-9999,C13 H16 O7,13,16,7,-9999,-9999,-9999,-9999,-9999,-9999
568,283.095312,283.095388671,283.09521356,8939781,-9999,1071569.1,16.72,-1,0.618558837,0.932930105,0,0.559758063,1,0.7,2.1,P1 O7,de-protonated,0,-9999,C10 H21 O7 P1,10,21,7,-9999,1,-9999,-9999,-9999,-9999
570,283.118639,283.118715682,283.11871191,10086664,-9999,1121424.7,19.12,-1,0.013323905,0.999967789,0,0.599980673,5,0.428571429,1.428571429,O6,de-protonated,0,-9999,C14 H20 O6,14,20,6,-9999,-9999,-9999,-9999,-9999,-9999
571,283.137285,283.137361691,283.137339354,7506186.5,-9999,998754.6,13.72,-1,0.078888974,0.998871397,0,0.599322838,4,0.2,1.6,S1 O3,de-protonated,0,-9999,C15 H24 O3 S1,15,24,3,-9999,-9999,1,-9999,-9999,-9999
572,283.155012,283.155088699,283.155097419,10266893,-9999,1010224.1,19.49,-1,-0.030795776,0.999827933,0,0.59989676,4,0.333333333,1.6,O5,de-protonated,0,-9999,C15 H24 O5,15,24,5,-9999,-9999,-9999,-9999,-9999,-9999
573,283.191408,283.191484716,283.191482928,70748432,-9999,976515.3,146.08,-1,0.006313049,0.999983207,0.987862088,0.995134759,3,0.25,1.75,O4,de-protonated,0,-9999,C16 H28 O4,16,28,4,-9999,-9999,-9999,-9999,-9999,-9999
574,284.019979,284.020056106,284.020060495,8432013,-9999,1041684.9,15.65,-1,-0.015452791,0.999956673,0,0.599974004,12,0.428571429,0.5,N1 O6,de-protonated,0,-9999,C14 H7 O6 N1,14,7,6,1,-9999,-9999,-9999,-9999,-9999
575,284.194764,284.194841189,284.194837763,11078055,-9999,975182.6,21.19,-1,0.012051748,0.999973646,0.987862088,0.995129023,3,0.25,1.75,13C1 O4,de-protonated,1,573,C15 H28 O4 13C1,15,28,4,-9999,-9999,-9999,1,-9999,-9999
576,285.003997,285.004074569,285.004076078,6736422.5,-9999,1047793.3,12.06,-1,-0.005293267,0.999994916,0,0.59999695,12,0.5,0.428571429,O7,de-protonated,0,-9999,C14 H6 O7,14,6,7,-9999,-9999,-9999,-9999,-9999,-9999
576,285.003997,285.004074569,285.003913887,6736422.5,-9999,1047793.3,12.06,-1,0.5637913,0.943956312,0,0.566373787,7,0.111111111,1.222222222,N4 S2 P1 O1,de-protonated,0,-9999,C9 H11 O1 N4 P1 S2,9,11,1,4,1,2,-9999,-9999,-9999
577,285.040389,285.040466587,285.040461587,108038704,-9999,972662.1,223.37,-1,0.017538486,0.999957432,0.991291833,0.996491192,11,0.4,0.666666667,O6,de-protonated,0,-9999,C15 H10 O6,15,10,6,-9999,-9999,-9999,-9999,-9999,-9999
578,285.061525,285.061602597,285.061590955,10349104,-9999,930559.1,19.6,-1,0.040837026,0.999697451,0,0.59981847,6,0.666666667,1.166666667,O8,de-protonated,0,-9999,C12 H14 O8,12,14,8,-9999,-9999,-9999,-9999,-9999,-9999
579,285.076788,285.076865604,285.076847097,6990386.5,-9999,1182262.1,12.59,-1,0.064919205,0.999235576,0,0.599541346,10,0.3125,0.875,O5,de-protonated,0,-9999,C16 H14 O5,16,14,5,-9999,-9999,-9999,-9999,-9999,-9999
580,285.080153,285.080230605,285.0802184,9038387,-9999,1114449.4,16.87,-1,0.042813305,0.999667464,0,0.599800478,5,0.384615385,1.384615385,S1 O5,de-protonated,0,-9999,C13 H18 O5 S1,13,18,5,-9999,-9999,1,-9999,-9999,-9999
581,285.08586,285.085937608,285.085711504,8489524,-9999,877830.8,15.72,-1,0.793107665,0.892137678,0,0.535282607,1,0.875,2.375,N2 P1 O7,de-protonated,0,-9999,C8 H19 O7 N2 P1,8,19,7,2,1,-9999,-9999,-9999,-9999
582,285.08984,285.08991761,285.089734256,12487221,-9999,1088464.5,24.06,-1,0.643143243,0.927694126,0,0.556616475,5,0.384615385,1.461538462,P1 O5,de-protonated,0,-9999,C13 H19 O5 P1,13,19,5,-9999,1,-9999,-9999,-9999,-9999
583,285.097899,285.097976614,285.097976465,16796214,-9999,1008041.7,33.05,-1,5.22066e-4,0.999999951,0,0.59999997,5,0.538461538,1.384615385,O7,de-protonated,0,-9999,C13 H18 O7,13,18,7,-9999,-9999,-9999,-9999,-9999,-9999
584,285.126037,285.126114627,285.126119766,57182780,-9999,1019651.8,117.29,-1,-0.018022812,0.999192848,0.989985421,0.995509877,4,0.285714286,1.642857143,P1 O4,de-protonated,0,-9999,C14 H23 O4 P1,14,23,4,-9999,1,-9999,-9999,-9999,-9999
586,285.134296,285.134373631,285.134361974,19532348,-9999,979622.8,38.76,-1,0.04088116,0.999696796,0,0.599818078,4,0.428571429,1.571428571,O6,de-protonated,0,-9999,C14 H22 O6,14,22,6,-9999,-9999,-9999,-9999,-9999,-9999
587,285.17068,285.170757648,285.170747484,22465090,-9999,992280.1,44.87,-1,0.035643209,0.999769507,0,0.599861704,3,0.333333333,1.733333333,O5,de-protonated,0,-9999,C15 H26 O5,15,26,5,-9999,-9999,-9999,-9999,-9999,-9999
588,285.207058,285.207135665,285.207132993,69896776,-9999,962676.6,143.81,-1,0.009369242,0.999990137,0.990249061,0.996093707,2,0.25,1.875,O4,de-protonated,0,-9999,C16 H30 O4,16,30,4,-9999,-9999,-9999,-9999,-9999,-9999
589,286.043742,286.043820059,286.043816422,18811604,-9999,984019.4,37.25,-1,0.012712806,0.999970676,0.991291833,0.996499138,11,0.4,0.666666667,13C1 O6,de-protonated,1,577,C14 H10 O6 13C1,14,10,6,-9999,-9999,-9999,1,-9999,-9999
590,286.12937,286.129448099,286.129474601,7908066,-9999,1019503.5,14.51,-1,-0.092620806,0.998444633,0.989985421,0.995060948,4,0.285714286,1.642857143,13C1 P1 O4,de-protonated,1,584,C13 H23 O4 P1 13C1,13,23,4,-9999,1,-9999,1,-9999,-9999
590,286.12937,286.129448099,286.129610946,7908066,-9999,1019503.5,14.51,-1,-0.569137748,0.942919416,0,0.56575165,4,0.461538462,1.615384615,N1 O6,de-protonated,0,-9999,C13 H21 O6 N1,13,21,6,1,-9999,-9999,-9999,-9999,-9999
591,286.210411,286.210489137,286.210487828,13044464,-9999,1035149.9,25.22,-1,0.004575011,0.999996202,0.990249061,0.996097346,2,0.25,1.875,13C1 O4,de-protonated,1,588,C15 H30 O4 13C1,15,30,4,-9999,-9999,-9999,1,-9999,-9999
592,287.056032,287.056110535,287.056111652,8661893,-9999,990527.2,16.08,-1,-0.003889316,0.999997255,0,0.599998353,10,0.4,0.8,O6,de-protonated,0,-9999,C15 H12 O6,15,12,6,-9999,-9999,-9999,-9999,-9999,-9999
593,287.07716,287.077238545,287.07724102,10193801,-9999,995945.1,19.28,-1,-0.008619863,0.999986518,0,0.599991911,5,0.666666667,1.333333333,O8,de-protonated,0,-9999,C12 H16 O8,12,16,8,-9999,-9999,-9999,-9999,-9999,-9999
595,287.105488,287.105566559,287.105384321,7244686,-9999,1103734.7,13.12,-1,0.634742218,0.92950299,0,0.557701794,4,0.384615385,1.615384615,P1 O5,de-protonated,0,-9999,C13 H21 O5 P1,13,21,5,-9999,1,-9999,-9999,-9999,-9999
596,287.113556,287.113634562,287.113626529,14502800,-9999,1070874.6,28.26,-1,0.027979224,0.999857965,0,0.599914779,4,0.538461538,1.538461538,O7,de-protonated,0,-9999,C13 H20 O7,13,20,7,-9999,-9999,-9999,-9999,-9999,-9999
597,287.141872,287.141950576,287.14176983,35163028,-9999,994021.6,71.36,-1,0.62946497,0.930628873,0,0.558377324,3,0.285714286,1.785714286,P1 O4,de-protonated,0,-9999,C14 H25 O4 P1,14,25,4,-9999,1,-9999,-9999,-9999,-9999
598,287.149946,287.15002458,287.150012039,18156438,-9999,982230.1,35.88,-1,0.043674024,0.999653961,0,0.599792377,3,0.428571429,1.714285714,O6,de-protonated,0,-9999,C14 H24 O6,14,24,6,-9999,-9999,-9999,-9999,-9999,-9999
599,287.186336,287.186414597,287.186397548,9915293,-9999,979085.6,18.69,-1,0.059364846,0.999360746,0,0.599616447,2,0.333333333,1.866666667,O5,de-protonated,0,-9999,C15 H28 O5,15,28,5,-9999,-9999,-9999,-9999,-9999,-9999
600,289.035313,289.035392467,289.035376207,7277819.5,-9999,1050156.9,13.19,-1,0.056256612,0.999425915,0,0.599655549,10,0.5,0.714285714,O7,de-protonated,0,-9999,C14 H10 O7,14,10,7,-9999,-9999,-9999,-9999,-9999,-9999
600,289.035313,289.035392467,289.035214016,7277819.5,-9999,1050156.9,13.19,-1,0.617403943,0.933171766,0,0.559903059,5,0.111111111,1.666666667,N4 S2 P1 O1,de-protonated,0,-9999,C9 H15 O1 N4 P1 S2,9,15,1,4,1,2,-9999,-9999,-9999
601,289.07166,289.071739484,289.071761716,8350979,-9999,1073276.6,15.43,-1,-0.076908547,0.99892732,0,0.599356392,9,0.4,0.933333333,O6,de-protonated,0,-9999,C15 H14 O6,15,14,6,-9999,-9999,-9999,-9999,-9999,-9999
602,289.084748,289.08482749,289.084648876,7261445.5,-9999,956677.4,13.16,-1,0.617862285,0.933075905,0,0.559845543,4,0.5,1.583333333,P1 O6,de-protonated,0,-9999,C12 H19 O6 P1,12,19,6,-9999,1,-9999,-9999,-9999,-9999
603,289.092824,289.092903494,289.092891084,8613127,-9999,1057775.9,15.98,-1,0.042926733,0.9996657,0,0.59979942,4,0.666666667,1.5,O8,de-protonated,0,-9999,C12 H18 O8,12,18,8,-9999,-9999,-9999,-9999,-9999,-9999
604,289.121136,289.121215508,289.121034385,107777296,-9999,947962.3,222.83,-1,0.626458331,0.930530359,0.986958995,0.953101813,3,0.384615385,1.769230769,P1 O5,de-protonated,0,-9999,C13 H23 O5 P1,13,23,5,-9999,1,-9999,-9999,-9999,-9999
605,289.129187,289.129266511,289.129276594,8817934,-9999,1030117.9,16.4,-1,-0.034871666,0.999779377,0,0.599867626,3,0.538461538,1.692307692,O7,de-protonated,0,-9999,C13 H22 O7,13,22,7,-9999,-9999,-9999,-9999,-9999,-9999
607,289.157523,289.157602525,289.157419895,12471572,-9999,942602.6,24.03,-1,0.631593889,0.930175642,0,0.558105385,2,0.285714286,1.928571429,P1 O4,de-protonated,0,-9999,C14 H27 O4 P1,14,27,4,-9999,1,-9999,-9999,-9999,-9999
608,290.124493,290.12457298,290.12438922,17010136,-9999,942848.3,33.49,-1,0.633381855,0.929793987,0.986958995,0.95265999,3,0.384615385,1.769230769,13C1 P1 O5,de-protonated,1,604,C12 H23 O5 P1 13C1,12,23,5,-9999,1,-9999,1,-9999,-9999
608,290.124493,290.12457298,290.124525566,17010136,-9999,942848.3,33.49,-1,0.163426046,0.995165579,0,0.597099347,3,0.583333333,1.75,N1 O7,de-protonated,0,-9999,C12 H21 O7 N1,12,21,7,1,-9999,-9999,-9999,-9999,-9999
609,291.014574,291.014654399,291.014640762,7007892,-9999,1055591.4,12.63,-1,0.046859307,0.999601655,0,0.599760993,10,0.615384615,0.615384615,O8,de-protonated,0,-9999,C13 H8 O8,13,8,8,-9999,-9999,-9999,-9999,-9999,-9999
609,291.014574,291.014654399,291.014478571,7007892,-9999,1055591.4,12.63,-1,0.604190126,0.935908967,0,0.56154538,5,0.25,1.625,N4 S2 P1 O2,de-protonated,0,-9999,C8 H13 O2 N4 P1 S2,8,13,2,4,1,2,-9999,-9999,-9999
610,291.050935,291.051015416,291.051026271,9662108,-9999,992837.5,18.16,-1,-0.037297546,0.999747617,0,0.59984857,9,0.5,0.857142857,O7,de-protonated,0,-9999,C14 H12 O7,14,12,7,-9999,-9999,-9999,-9999,-9999,-9999
610,291.050935,291.051015416,291.05086408,9662108,-9999,992837.5,18.16,-1,0.519963551,0.952127003,0,0.571276202,4,0.111111111,1.888888889,N4 S2 P1 O1,de-protonated,0,-9999,C9 H17 O1 N4 P1 S2,9,17,1,4,1,2,-9999,-9999,-9999
611,291.087323,291.087403433,291.087411781,11447972,-9999,1024427.1,21.89,-1,-0.028677675,0.999850786,0,0.599910472,8,0.4,1.066666667,O6,de-protonated,0,-9999,C15 H16 O6,15,16,6,-9999,-9999,-9999,-9999,-9999,-9999
612,291.100394,291.100474439,291.10029894,12832423,-9999,1030071.9,24.78,-1,0.602881115,0.936177332,0,0.561706399,3,0.5,1.75,P1 O6,de-protonated,0,-9999,C12 H21 O6 P1,12,21,6,-9999,1,-9999,-9999,-9999,-9999
614,291.123746,291.12382645,291.12379729,6811307.5,-9999,1083720.1,12.22,-1,0.100163867,0.998181218,0,0.598908731,7,0.3125,1.25,O5,de-protonated,0,-9999,C16 H20 O5,16,20,5,-9999,-9999,-9999,-9999,-9999,-9999
615,291.136791,291.136871456,291.13668445,21565102,-9999,955702.6,42.99,-1,0.64233285,0.927869498,0,0.556721699,2,0.384615385,1.923076923,P1 O5,de-protonated,0,-9999,C13 H25 O5 P1,13,25,5,-9999,1,-9999,-9999,-9999,-9999
616,291.209557,291.209637491,291.209455468,253398720,-9999,949072.8,526.58,-1,0.625055973,0.931920428,0.991795038,0.955870272,0,0.2,2.2,P1 O3,de-protonated,0,-9999,C15 H33 O3 P1,15,33,3,-9999,1,-9999,-9999,-9999,-9999
617,292.132024,292.132104925,292.131933422,12521353,-9999,1015159.8,24.04,-1,0.587073598,0.93937805,0,0.56362683,2,0.416666667,2,N1 P1 O5,de-protonated,0,-9999,C12 H24 O5 N1 P1,12,24,5,1,1,-9999,-9999,-9999,-9999
618,292.212911,292.212991963,292.212810303,43945884,-9999,942121.4,89.36,-1,0.621668335,0.932277512,0.991795038,0.956084522,0,0.2,2.2,13C1 P1 O3,de-protonated,1,616,C14 H33 O3 P1 13C1,14,33,3,-9999,1,-9999,1,-9999,-9999
618,292.212911,292.212991963,292.212946649,43945884,-9999,942121.4,89.36,-1,0.155071265,0.497823096,0.86849267,0.646090925,0,0.357142857,2.214285714,N1 O5,de-protonated,0,-9999,C14 H31 O5 N1,14,31,5,1,-9999,-9999,-9999,-9999,-9999
619,292.993835,292.993916331,292.993905317,13258829,-9999,1002028.9,25.58,-1,0.037588966,0.999743658,0,0.599846195,10,0.75,0.5,O9,de-protonated,0,-9999,C12 H6 O9,12,6,9,-9999,-9999,-9999,-9999,-9999,-9999
619,292.993835,292.993916331,292.993743126,13258829,-9999,1002028.9,25.58,-1,0.591154836,0.938558782,0,0.563135269,5,0.428571429,1.571428571,N4 S2 P1 O3,de-protonated,0,-9999,C7 H11 O3 N4 P1 S2,7,11,3,4,1,2,-9999,-9999,-9999
620,293.030227,293.030308348,293.030290827,11055189,-9999,1025559.4,21,-1,0.059792859,0.999351498,0,0.599610899,9,0.615384615,0.769230769,O8,de-protonated,0,-9999,C13 H10 O8,13,10,8,-9999,-9999,-9999,-9999,-9999,-9999
620,293.030227,293.030308348,293.030128635,11055189,-9999,1025559.4,21,-1,0.613290005,0.934029441,0,0.560417665,4,0.25,1.875,N4 S2 P1 O2,de-protonated,0,-9999,C8 H15 O2 N4 P1 S2,8,15,2,4,1,2,-9999,-9999,-9999
621,293.066608,293.066689365,293.066676336,17141854,-9999,944324.6,33.65,-1,0.0444571,0.999641443,0,0.599784866,8,0.5,1,O7,de-protonated,0,-9999,C14 H14 O7,14,14,7,-9999,-9999,-9999,-9999,-9999,-9999
621,293.066608,293.066689365,293.066514145,17141854,-9999,944324.6,33.65,-1,0.597885518,0.937196849,0,0.562318109,3,0.111111111,2.111111111,N4 S2 P1 O1,de-protonated,0,-9999,C9 H19 O1 N4 P1 S2,9,19,1,4,1,2,-9999,-9999,-9999
622,293.079666,293.079747371,293.079563495,11161697,-9999,957505.6,21.22,-1,0.62739097,0.931069151,0,0.558641491,3,0.636363636,1.727272727,P1 O7,de-protonated,0,-9999,C11 H19 O7 P1,11,19,7,-9999,1,-9999,-9999,-9999,-9999
623,293.102977,293.103058382,293.103061845,16748646,-9999,943935.8,32.83,-1,-0.0118161,0.999974666,0,0.5999848,7,0.4,1.2,O6,de-protonated,0,-9999,C15 H18 O6,15,18,6,-9999,-9999,-9999,-9999,-9999,-9999
624,293.116051,293.116132388,293.115949005,18206826,-9999,994954,35.86,-1,0.625633814,0.931441193,0,0.558864716,2,0.5,1.916666667,P1 O6,de-protonated,0,-9999,C12 H23 O6 P1,12,23,6,-9999,1,-9999,-9999,-9999,-9999
626,293.152438,293.152519405,293.152334514,23466098,-9999,943331.8,46.79,-1,0.63069949,0.930366212,0,0.558219727,1,0.384615385,2.076923077,P1 O5,de-protonated,0,-9999,C13 H27 O5 P1,13,27,5,-9999,1,-9999,-9999,-9999,-9999
628,293.175758,293.175839416,293.175832864,154046576,-9999,943876.7,318.22,-1,0.022349131,0.999954649,0.990755922,0.996275158,5,0.235294118,1.529411765,O4,de-protonated,0,-9999,C17 H26 O4,17,26,4,-9999,-9999,-9999,-9999,-9999,-9999
630,294.179106,294.179187888,294.179187699,26349924,-9999,961933.3,52.79,-1,6.44044e-4,0.999999925,0.990755922,0.996302324,5,0.235294118,1.529411765,13C1 O4,de-protonated,1,628,C16 H26 O4 13C1,16,26,4,-9999,-9999,-9999,1,-9999,-9999
632,295.045857,295.045939296,295.045940891,10089015,-9999,1033131.9,18.99,-1,-0.005404302,0.999994701,0,0.59999682,8,0.615384615,0.923076923,O8,de-protonated,0,-9999,C13 H12 O8,13,12,8,-9999,-9999,-9999,-9999,-9999,-9999
632,295.045857,295.045939296,295.0457787,10089015,-9999,1033131.9,18.99,-1,0.544311508,0.947660737,0,0.568596442,3,0.25,2.125,N4 S2 P1 O2,de-protonated,0,-9999,C8 H17 O2 N4 P1 S2,8,17,2,4,1,2,-9999,-9999,-9999
633,295.082256,295.082338314,295.0823264,12735040,-9999,988993.1,24.49,-1,0.040372689,0.999704291,0,0.599822574,7,0.5,1.142857143,O7,de-protonated,0,-9999,C14 H16 O7,14,16,7,-9999,-9999,-9999,-9999,-9999,-9999
633,295.082256,295.082338314,295.082164209,12735040,-9999,988993.1,24.49,-1,0.59002074,0.938786938,0,0.563272163,2,0.111111111,2.333333333,N4 S2 P1 O1,de-protonated,0,-9999,C9 H21 O1 N4 P1 S2,9,21,1,4,1,2,-9999,-9999,-9999
634,295.095315,295.09539732,295.09521356,13636163,-9999,922954.6,26.36,-1,0.62271374,0.932057479,0,0.559234488,2,0.636363636,1.909090909,P1 O7,de-protonated,0,-9999,C11 H21 O7 P1,11,21,7,-9999,1,-9999,-9999,-9999,-9999
635,295.097503,295.097585321,295.097582542,12456515,-9999,1015391,23.91,-1,0.009417746,0.999983907,0,0.599990344,11,0.222222222,0.888888889,O4,de-protonated,0,-9999,C18 H16 O4,18,16,4,-9999,-9999,-9999,-9999,-9999,-9999
636,295.11863,295.118712331,295.11871191,7615048.5,-9999,1070014.6,13.84,-1,0.001426678,0.999999631,0,0.599999778,6,0.4,1.333333333,O6,de-protonated,0,-9999,C15 H20 O6,15,20,6,-9999,-9999,-9999,-9999,-9999,-9999
637,295.131687,295.131769337,295.131599069,12472908,-9999,925908.5,23.94,-1,0.576920995,0.941394504,0,0.564836703,1,0.5,2.083333333,P1 O6,de-protonated,0,-9999,C12 H25 O6 P1,12,25,6,-9999,1,-9999,-9999,-9999,-9999
639,295.155038,295.155120348,295.155097419,7238225.5,-9999,935724.7,13.06,-1,0.077683997,0.998905592,0,0.599343355,5,0.3125,1.5,O5,de-protonated,0,-9999,C16 H24 O5,16,24,5,-9999,-9999,-9999,-9999,-9999,-9999
640,297.061513,297.061596245,297.061590955,11646006,-9999,965868.3,22.22,-1,0.017807279,0.999942464,0,0.599965479,7,0.615384615,1.076923077,O8,de-protonated,0,-9999,C13 H14 O8,13,14,8,-9999,-9999,-9999,-9999,-9999,-9999
640,297.061513,297.061596245,297.061428764,11646006,-9999,965868.3,22.22,-1,0.563793116,0.943955961,0,0.566373577,2,0.25,2.375,N4 S2 P1 O2,de-protonated,0,-9999,C8 H19 O2 N4 P1 S2,8,19,2,4,1,2,-9999,-9999,-9999
641,297.089817,297.089900259,297.089734256,13440061,-9999,966209.6,25.95,-1,0.558761556,0.944923879,0,0.566954327,6,0.357142857,1.357142857,P1 O5,de-protonated,0,-9999,C14 H19 O5 P1,14,19,5,-9999,1,-9999,-9999,-9999,-9999
642,297.097893,297.097976262,297.097976465,14259264,-9999,1027530.2,27.65,-1,-6.81143e-4,0.999999916,0,0.599999949,6,0.5,1.285714286,O7,de-protonated,0,-9999,C14 H18 O7,14,18,7,-9999,-9999,-9999,-9999,-9999,-9999
643,297.11097,297.111053269,297.110863624,11138115,-9999,980666.5,21.17,-1,0.638294465,0.928740611,0,0.557244367,1,0.636363636,2.090909091,P1 O7,de-protonated,0,-9999,C11 H23 O7 P1,11,23,7,-9999,1,-9999,-9999,-9999,-9999
644,297.13427,297.13435328,297.134361974,10499145,-9999,1013357.1,19.84,-1,-0.029261484,0.999844649,0,0.59990679,5,0.4,1.466666667,O6,de-protonated,0,-9999,C15 H22 O6,15,22,6,-9999,-9999,-9999,-9999,-9999,-9999
646,297.152908,297.152991288,297.152989419,184456272,-9999,930191.1,381.43,-1,0.006291612,0.99995281,0.975440319,0.990147814,4,0.1875,1.625,S1 O3,de-protonated,0,-9999,C16 H26 O3 S1,16,26,3,-9999,-9999,1,-9999,-9999,-9999
647,297.170664,297.170747297,297.170747484,18781266,-9999,926901.5,37.05,-1,-6.2863e-4,0.999999928,0,0.599999957,4,0.3125,1.625,O5,de-protonated,0,-9999,C16 H26 O5,16,26,5,-9999,-9999,-9999,-9999,-9999,-9999
648,298.156266,298.156349761,298.156344254,36246872,-9999,923615.9,73.36,-1,0.018469555,0.999934573,0.975440319,0.990136871,4,0.1875,1.625,13C1 S1 O3,de-protonated,1,646,C15 H26 O3 S1 13C1,15,26,3,-9999,-9999,1,1,-9999,-9999
648,298.156266,298.156349761,298.156100477,36246872,-9999,923615.9,73.36,-1,0.83608457,0.440437556,0.844689208,0.602138217,9,0.117647059,1.235294118,N3 O2,de-protonated,0,-9999,C17 H21 O2 N3,17,21,2,3,-9999,-9999,-9999,-9999,-9999
649,299.019645,299.019729167,299.019726143,64919108,-9999,923102.4,132.47,-1,0.010114938,0.999378088,0.988647587,0.995085887,12,0.466666667,0.533333333,O7,de-protonated,0,-9999,C15 H8 O7,15,8,7,-9999,-9999,-9999,-9999,-9999,-9999
649,299.019645,299.019729167,299.019563951,64919108,-9999,923102.4,132.47,-1,0.552525373,0.939076471,0.969363941,0.951191459,7,0.1,1.3,N4 S2 P1 O1,de-protonated,0,-9999,C10 H13 O1 N4 P1 S2,10,13,1,4,1,2,-9999,-9999,-9999
650,299.05603,299.056114184,299.056111652,15259212,-9999,958750.1,29.62,-1,0.008467788,0.99998699,0,0.599992194,11,0.375,0.75,O6,de-protonated,0,-9999,C16 H12 O6,16,12,6,-9999,-9999,-9999,-9999,-9999,-9999
651,299.069111,299.06919519,299.068998811,7042640,-9999,935365.7,12.61,-1,0.656634195,0.92474713,0,0.554848278,6,0.461538462,1.307692308,P1 O6,de-protonated,0,-9999,C13 H17 O6 P1,13,17,6,-9999,1,-9999,-9999,-9999,-9999
652,299.077168,299.077252194,299.07724102,12121682,-9999,953091.4,23.12,-1,0.037362368,0.999746739,0,0.599848044,6,0.615384615,1.230769231,O8,de-protonated,0,-9999,C13 H16 O8,13,16,8,-9999,-9999,-9999,-9999,-9999,-9999
653,299.095796,299.095880203,299.095868465,12039767,-9999,949044.7,22.95,-1,0.039246255,0.999720559,0,0.599832336,5,0.357142857,1.428571429,S1 O5,de-protonated,0,-9999,C14 H20 O5 S1,14,20,5,-9999,-9999,1,-9999,-9999,-9999
654,299.105482,299.105566207,299.105384321,12736090,-9999,896361.5,24.4,-1,0.608102401,0.935103891,0,0.561062334,5,0.357142857,1.5,P1 O5,de-protonated,0,-9999,C14 H21 O5 P1,14,21,5,-9999,1,-9999,-9999,-9999,-9999
655,299.11354,299.113624211,299.113626529,13522524,-9999,987370.4,26.03,-1,-0.007749545,0.999989103,0,0.599993462,5,0.5,1.428571429,O7,de-protonated,0,-9999,C14 H20 O7,14,20,7,-9999,-9999,-9999,-9999,-9999,-9999
656,299.148707,299.148791228,299.148785248,10851942,-9999,968060.7,20.49,-1,0.019988247,0.999931041,0.975440319,0.990134752,4,0.1875,1.625,34S1 O3,de-protonated,1,646,C16 H26 O3 34S1,16,26,3,-9999,-9999,-9999,-9999,-9999,1
657,299.149926,299.150010228,299.150012039,14210662,-9999,862831.8,27.45,-1,-0.0060512,0.99999335600000006,0,0.599996014,4,0.4,1.6,O6,de-protonated,0,-9999,C15 H24 O6,15,24,6,-9999,-9999,-9999,-9999,-9999,-9999
658,299.186317,299.186401246,299.186397548,65246832,-9999,916599.5,133.15,-1,0.01235873,0.999967226,0.999948048,0.999959555,3,0.3125,1.75,O5,de-protonated,0,-9999,C16 H28 O5,16,28,5,-9999,-9999,-9999,-9999,-9999,-9999
659,300.014886,300.014970636,300.014975115,9615191,-9999,969266.7,17.93,-1,-0.014929725,0.999959557,0,0.599975734,12,0.5,0.5,N1 O7,de-protonated,0,-9999,C14 H7 O7 N1,14,7,7,1,-9999,-9999,-9999,-9999,-9999
660,300.02302100000003,300.023105639,300.023080978,9549657,-9999,999761.6,17.8,-1,0.082199737,0.998774739,0.988647587,0.994723878,12,0.466666667,0.533333333,13C1 O7,de-protonated,1,649,C14 H8 O7 13C1,14,8,7,-9999,-9999,-9999,1,-9999,-9999
660,300.02302100000003,300.023105639,300.022918786,9549657,-9999,999761.6,17.8,-1,0.622796249,0.9320401,0.969363941,0.946969636,7,0.1,1.3,13C1 N4 S2 P1 O1,de-protonated,1,649,C9 H13 O1 N4 P1 S2 13C1,9,13,1,4,1,2,1,-9999,-9999
661,300.189672,300.189756718,300.189752383,11286408,-9999,964895,21.39,-1,0.014440221,0.999962165,0.999948048,0.999956518,3,0.3125,1.75,13C1 O5,de-protonated,1,658,C15 H28 O5 13C1,15,28,5,-9999,-9999,-9999,1,-9999,-9999
662,301.035299,301.035384116,301.035376207,21272696,-9999,931470.8,42.07,-1,0.026272464,0.999874764,0,0.599924859,11,0.466666667,0.666666667,O7,de-protonated,0,-9999,C15 H10 O7,15,10,7,-9999,-9999,-9999,-9999,-9999,-9999
662,301.035299,301.035384116,301.035214016,21272696,-9999,931470.8,42.07,-1,0.565051074,0.943712769,0,0.566227661,6,0.1,1.5,N4 S2 P1 O1,de-protonated,0,-9999,C10 H15 O1 N4 P1 S2,10,15,1,4,1,2,-9999,-9999,-9999
663,301.056432,301.056517126,301.056505575,6961279,-9999,841797.7,12.44,-1,0.038367644,0.999732929,0,0.599839758,6,0.75,1.166666667,O9,de-protonated,0,-9999,C12 H14 O9,12,14,9,-9999,-9999,-9999,-9999,-9999,-9999
664,301.071689,301.071774133,301.071761716,7567491,-9999,948865.7,13.69,-1,0.041241732,0.999691425,0,0.599814855,10,0.375,0.875,O6,de-protonated,0,-9999,C16 H14 O6,16,14,6,-9999,-9999,-9999,-9999,-9999,-9999
665,301.0928,301.092885143,301.092891084,9099401,-9999,939255.9,16.86,-1,-0.019732785,0.999929349,0,0.59995761,5,0.615384615,1.384615385,O8,de-protonated,0,-9999,C13 H18 O8,13,18,8,-9999,-9999,-9999,-9999,-9999,-9999
666,301.121181,301.121266156,301.121034385,8509585,-9999,1083786,15.64,-1,0.76969415,0.898080583,0,0.53884835,4,0.357142857,1.642857143,P1 O5,de-protonated,0,-9999,C14 H23 O5 P1,14,23,5,-9999,1,-9999,-9999,-9999,-9999
667,301.129195,301.12928016,301.129276594,14948500,-9999,965730.5,28.98,-1,0.011843355,0.999974549,0,0.59998473,4,0.5,1.571428571,O7,de-protonated,0,-9999,C14 H22 O7,14,22,7,-9999,-9999,-9999,-9999,-9999,-9999
668,301.16559,301.165675177,301.165662103,13768862,-9999,964565.9,26.53,-1,0.043411866,0.999658102,0,0.599794861,3,0.4,1.733333333,O6,de-protonated,0,-9999,C15 H26 O6,15,26,6,-9999,-9999,-9999,-9999,-9999,-9999
669,301.201965,301.202050194,301.202047612,37099688,-9999,938253.9,74.85,-1,0.008572107,0.499993334,0.85247738,0.640986952,2,0.3125,1.875,O5,de-protonated,0,-9999,C16 H30 O5,16,30,5,-9999,-9999,-9999,-9999,-9999,-9999
670,301.994167,301.994252567,301.99423967,16947600,-9999,1017818.4,33.12,-1,0.042707642,0.999669103,0,0.599801462,12,0.615384615,0.384615385,N1 O8,de-protonated,0,-9999,C13 H5 O8 N1,13,5,8,1,-9999,-9999,-9999,-9999,-9999
671,302.030532,302.030617584,302.030625179,6764953.5,-9999,966455.7,12.03,-1,-0.025145695,0.999885275,0,0.599931165,11,0.5,0.642857143,N1 O7,de-protonated,0,-9999,C14 H9 O7 N1,14,9,7,1,-9999,-9999,-9999,-9999,-9999
672,303.014553,303.014639048,303.014640762,34183868,-9999,964256.3,68.81,-1,-0.005658039,0.999994191,0,0.599996515,11,0.571428571,0.571428571,O8,de-protonated,0,-9999,C14 H8 O8,14,8,8,-9999,-9999,-9999,-9999,-9999,-9999
672,303.014553,303.014639048,303.014478571,34183868,-9999,964256.3,68.81,-1,0.529601298,0.95038104,0,0.570228624,6,0.222222222,1.444444444,N4 S2 P1 O2,de-protonated,0,-9999,C9 H13 O2 N4 P1 S2,9,13,2,4,1,2,-9999,-9999,-9999
673,303.050944,303.051030065,303.051026271,7617224.5,-9999,930321,13.79,-1,0.012517073,0.999971572,0,0.599982943,10,0.466666667,0.8,O7,de-protonated,0,-9999,C15 H12 O7,15,12,7,-9999,-9999,-9999,-9999,-9999,-9999
673,303.050944,303.051030065,303.05086408,7617224.5,-9999,930321,13.79,-1,0.547712155,0.947022395,0,0.568213437,5,0.1,1.7,N4 S2 P1 O1,de-protonated,0,-9999,C10 H17 O1 N4 P1 S2,10,17,1,4,1,2,-9999,-9999,-9999
674,303.087326,303.087412082,303.087411781,7887571,-9999,959836,14.35,-1,9.93403e-4,0.999999821,0,0.599999893,9,0.375,1,O6,de-protonated,0,-9999,C16 H16 O6,16,16,6,-9999,-9999,-9999,-9999,-9999,-9999
675,303.100392,303.100478088,303.10029894,8493783,-9999,1038058.4,15.61,-1,0.591050781,0.938579731,0,0.563147839,4,0.461538462,1.615384615,P1 O6,de-protonated,0,-9999,C13 H21 O6 P1,13,21,6,-9999,1,-9999,-9999,-9999,-9999
676,303.108438,303.108524092,303.108541149,10025690,-9999,1025795.5,18.78,-1,-0.056273683,0.999425567,0,0.59965534,4,0.615384615,1.538461538,O8,de-protonated,0,-9999,C13 H20 O8,13,20,8,-9999,-9999,-9999,-9999,-9999,-9999
677,303.136782,303.136868105,303.13668445,19815138,-9999,930046.5,39.05,-1,0.605850291,0.935567885,0,0.561340731,3,0.357142857,1.785714286,P1 O5,de-protonated,0,-9999,C14 H25 O5 P1,14,25,5,-9999,1,-9999,-9999,-9999,-9999
678,303.144859,303.144945109,303.144926658,9714404,-9999,955898.2,18.14,-1,0.060864487,0.999328052,0,0.599596831,3,0.5,1.714285714,O7,de-protonated,0,-9999,C14 H24 O7,14,24,7,-9999,-9999,-9999,-9999,-9999,-9999
679,305.066583,305.066670014,305.066676336,6921519.5,-9999,1069726.5,12.35,-1,-0.020724389,0.999922071,0,0.599953242,9,0.466666667,0.933333333,O7,de-protonated,0,-9999,C15 H14 O7,15,14,7,-9999,-9999,-9999,-9999,-9999,-9999
679,305.066583,305.066670014,305.066514145,6921519.5,-9999,1069726.5,12.35,-1,0.510934509,0.953736436,0,0.572241861,4,0.1,1.9,N4 S2 P1 O1,de-protonated,0,-9999,C10 H19 O1 N4 P1 S2,10,19,1,4,1,2,-9999,-9999,-9999
680,305.102988,305.103075031,305.103061845,9747771,-9999,951879.4,18.2,-1,0.043216435,0.999661173,0,0.599796704,8,0.375,1.125,O6,de-protonated,0,-9999,C16 H18 O6,16,18,6,-9999,-9999,-9999,-9999,-9999,-9999
681,305.116053,305.116140037,305.115949005,17521982,-9999,930219.7,34.3,-1,0.626096562,0.931343303,0,0.558805982,3,0.461538462,1.769230769,P1 O6,de-protonated,0,-9999,C13 H23 O6 P1,13,23,6,-9999,1,-9999,-9999,-9999,-9999
682,305.152425,305.152512054,305.152334514,23240010,-9999,935659.4,46.15,-1,0.581807177,0.940427889,0,0.564256733,2,0.357142857,1.928571429,P1 O5,de-protonated,0,-9999,C14 H27 O5 P1,14,27,5,-9999,1,-9999,-9999,-9999,-9999
683,305.188826,305.188913071,305.188720024,14409046,-9999,913481.4,27.86,-1,0.632551568,0.929971333,0,0.5579828,1,0.266666667,2.066666667,P1 O4,de-protonated,0,-9999,C15 H31 O4 P1,15,31,4,-9999,1,-9999,-9999,-9999,-9999
685,307.045868,307.045955945,307.045940891,9199521,-9999,892436.3,17,-1,0.04902942,0.999563914,0,0.599738348,9,0.571428571,0.857142857,O8,de-protonated,0,-9999,C14 H12 O8,14,12,8,-9999,-9999,-9999,-9999,-9999,-9999
685,307.045868,307.045955945,307.0457787,9199521,-9999,892436.3,17,-1,0.577261199,0.941327435,0,0.564796461,4,0.222222222,1.888888889,N4 S2 P1 O2,de-protonated,0,-9999,C9 H17 O2 N4 P1 S2,9,17,2,4,1,2,-9999,-9999,-9999
686,307.082248,307.082335962,307.0823264,10936237,-9999,992324.1,20.58,-1,0.031138424,0.999824083,0,0.59989445,8,0.466666667,1.066666667,O7,de-protonated,0,-9999,C15 H16 O7,15,16,7,-9999,-9999,-9999,-9999,-9999,-9999
686,307.082248,307.082335962,307.082164209,10936237,-9999,992324.1,20.58,-1,0.559307605,0.944819207,0,0.566891524,3,0.1,2.1,N4 S2 P1 O1,de-protonated,0,-9999,C10 H21 O1 N4 P1 S2,10,21,1,4,1,2,-9999,-9999,-9999
687,307.095308,307.095395969,307.09521356,10674097,-9999,979097.7,20.04,-1,0.593980725,0.937988609,0,0.562793166,3,0.583333333,1.75,P1 O7,de-protonated,0,-9999,C12 H21 O7 P1,12,21,7,-9999,1,-9999,-9999,-9999,-9999
688,307.11862,307.11870798,307.11871191,12607416,-9999,961040.1,24.03,-1,-0.012796904,0.999970286,0,0.599982172,7,0.375,1.25,O6,de-protonated,0,-9999,C16 H20 O6,16,20,6,-9999,-9999,-9999,-9999,-9999,-9999
689,307.131691,307.131778986,307.131599069,16474044,-9999,919053.3,32.01,-1,0.585795843,0.939633526,0,0.563780116,2,0.461538462,1.923076923,P1 O6,de-protonated,0,-9999,C13 H25 O6 P1,13,25,6,-9999,1,-9999,-9999,-9999,-9999
691,307.168064,307.168152003,307.167984579,11558856,-9999,1011739.7,21.87,-1,0.54505741,0.947521026,0,0.568512616,1,0.357142857,2.071428571,P1 O5,de-protonated,0,-9999,C14 H29 O5 P1,14,29,5,-9999,1,-9999,-9999,-9999,-9999
692,307.20446,307.20454802,307.204370088,8167380,-9999,970551.1,14.87,-1,0.579197389,0.940945065,0,0.564567039,0,0.266666667,2.2,P1 O4,de-protonated,0,-9999,C15 H33 O4 P1,15,33,4,-9999,1,-9999,-9999,-9999,-9999
693,309.040379,309.040467884,309.040461587,10158635,-9999,856398.1,18.98,-1,0.020375218,0.999924675,0,0.599954805,13,0.352941176,0.588235294,O6,de-protonated,0,-9999,C17 H10 O6,17,10,6,-9999,-9999,-9999,-9999,-9999,-9999
694,309.06151,309.061598894,309.061590955,11903538,-9999,946922.9,22.58,-1,0.025686316,0.99988029,0,0.599928174,8,0.571428571,1,O8,de-protonated,0,-9999,C14 H14 O8,14,14,8,-9999,-9999,-9999,-9999,-9999,-9999
694,309.06151,309.061598894,309.061428764,11903538,-9999,946922.9,22.58,-1,0.550473039,0.946501538,0,0.567900923,3,0.222222222,2.111111111,N4 S2 P1 O2,de-protonated,0,-9999,C9 H19 O2 N4 P1 S2,9,19,2,4,1,2,-9999,-9999,-9999
695,309.097885,309.097973911,309.097976465,11887166,-9999,953917.9,22.55,-1,-0.008261372,0.999987616,0,0.59999257,7,0.466666667,1.2,O7,de-protonated,0,-9999,C15 H18 O7,15,18,7,-9999,-9999,-9999,-9999,-9999,-9999
695,309.097885,309.097973911,309.097814273,11887166,-9999,953917.9,22.55,-1,0.516463557,0.952753902,0,0.571652341,2,0.1,2.3,N4 S2 P1 O1,de-protonated,0,-9999,C10 H23 O1 N4 P1 S2,10,23,1,4,1,2,-9999,-9999,-9999
696,309.110943,309.111031917,309.110863624,11772482,-9999,962485.7,22.31,-1,0.544442216,0.947636267,0,0.56858176,2,0.583333333,1.916666667,P1 O7,de-protonated,0,-9999,C12 H23 O7 P1,12,23,7,-9999,1,-9999,-9999,-9999,-9999
697,309.11901,309.119098921,309.119105833,8299077,-9999,1005487.6,15.14,-1,-0.022359307,0.999909291,0,0.599945575,2,0.75,1.833333333,O9,de-protonated,0,-9999,C12 H22 O9,12,22,9,-9999,-9999,-9999,-9999,-9999,-9999
698,309.134308,309.134396928,309.134361974,6939210,-9999,912050.5,12.34,-1,0.113071294,0.997682846,0,0.598609708,6,0.375,1.375,O6,de-protonated,0,-9999,C16 H22 O6,16,22,6,-9999,-9999,-9999,-9999,-9999,-9999
699,309.147349,309.147437935,309.147249134,13574734,-9999,907489.1,26.03,-1,0.61071477,0.934563807,0,0.560738284,1,0.461538462,2.076923077,P1 O6,de-protonated,0,-9999,C13 H27 O6 P1,13,27,6,-9999,1,-9999,-9999,-9999,-9999
700,309.170659,309.170747945,309.170747484,47686232,-9999,887252.2,96.4,-1,0.001494268,0.999697715,0.987108104,0.99466187,5,0.294117647,1.529411765,O5,de-protonated,0,-9999,C17 H26 O5,17,26,5,-9999,-9999,-9999,-9999,-9999,-9999
701,310.035626,310.035715353,310.03571056,7447414,-9999,995236.7,13.39,-1,0.015459711,0.999956634,0,0.599973981,13,0.375,0.5625,N1 O6,de-protonated,0,-9999,C16 H9 O6 N1,16,9,6,1,-9999,-9999,-9999,-9999,-9999
702,310.173995,310.174084418,310.174102319,9642917,-9999,855941,17.91,-1,-0.057712048,0.999395835,0.987108104,0.994480742,5,0.294117647,1.529411765,13C1 O5,de-protonated,1,700,C16 H26 O5 13C1,16,26,5,-9999,-9999,-9999,1,-9999,-9999
703,311.019636,311.019725816,311.019726143,33498306,-9999,910583.7,67.13,-1,-0.001050228,0.9999998,0,0.59999988,13,0.4375,0.5,O7,de-protonated,0,-9999,C16 H8 O7,16,8,7,-9999,-9999,-9999,-9999,-9999,-9999
703,311.019636,311.019725816,311.019563951,33498306,-9999,910583.7,67.13,-1,0.520432497,0.952042718,0,0.571225631,8,0.090909091,1.181818182,N4 S2 P1 O1,de-protonated,0,-9999,C11 H13 O1 N4 P1 S2,11,13,1,4,1,2,-9999,-9999,-9999
704,311.053836,311.053925832,311.05374267,7742669.5,-9999,981687.6,13.99,-1,0.588843027,0.939023464,0,0.563414078,3,0.9,1.7,P1 O9,de-protonated,0,-9999,C10 H17 O9 P1,10,17,9,-9999,1,-9999,-9999,-9999,-9999
705,311.056043,311.056132833,311.056111652,7955662.5,-9999,1043060,14.43,-1,0.068094294,0.999159007,0,0.599495404,12,0.352941176,0.705882353,O6,de-protonated,0,-9999,C17 H12 O6,17,12,6,-9999,-9999,-9999,-9999,-9999,-9999
706,311.077159,311.077248843,311.07724102,15164630,-9999,918352.5,29.31,-1,0.02514818,0.999885253,0,0.599931152,7,0.571428571,1.142857143,O8,de-protonated,0,-9999,C14 H16 O8,14,16,8,-9999,-9999,-9999,-9999,-9999,-9999
706,311.077159,311.077248843,311.077078829,15164630,-9999,918352.5,29.31,-1,0.546534502,0.947243856,0,0.568346313,2,0.222222222,2.333333333,N4 S2 P1 O2,de-protonated,0,-9999,C9 H21 O2 N4 P1 S2,9,21,2,4,1,2,-9999,-9999,-9999
707,311.092395,311.09248485,311.092497161,10831067,-9999,945974.7,20.36,-1,-0.039573733,0.999715877,0,0.599829526,11,0.277777778,0.888888889,O5,de-protonated,0,-9999,C18 H16 O5,18,16,5,-9999,-9999,-9999,-9999,-9999,-9999
708,311.113537,311.11362686,311.113626529,9782498,-9999,941225.8,18.2,-1,0.001063279,0.999999795,0,0.599999877,6,0.466666667,1.333333333,O7,de-protonated,0,-9999,C15 H20 O7,15,20,7,-9999,-9999,-9999,-9999,-9999,-9999
708,311.113537,311.11362686,311.11346433800003,9782498,-9999,941225.8,18.2,-1,0.522388612,0.9516904,0,0.57101424,1,0.1,2.5,N4 S2 P1 O1,de-protonated,0,-9999,C10 H25 O1 N4 P1 S2,10,25,1,4,1,2,-9999,-9999,-9999
709,311.126591,311.126680866,311.126513689,8922342,-9999,895143.2,16.43,-1,0.537329248,0.948960259,0,0.569376155,1,0.583333333,2.083333333,P1 O7,de-protonated,0,-9999,C12 H25 O7 P1,12,25,7,-9999,1,-9999,-9999,-9999,-9999
710,311.141846,311.141935873,311.14176983,15901932,-9999,934007.8,30.83,-1,0.53365791,0.949637534,0,0.56978252,5,0.25,1.5625,P1 O4,de-protonated,0,-9999,C16 H25 O4 P1,16,25,4,-9999,1,-9999,-9999,-9999,-9999
712,311.149933,311.150022877,311.150012039,12330222,-9999,947711.9,23.46,-1,0.034833948000000003,0.999779854,0,0.599867912,5,0.375,1.5,O6,de-protonated,0,-9999,C16 H24 O6,16,24,6,-9999,-9999,-9999,-9999,-9999,-9999
713,311.168549,311.168638886,311.168639483,420914432,-9999,888332.1,866.38,-1,-0.00191942,0.99992913,0.984508625,0.993760928,4,0.176470588,1.647058824,S1 O3,de-protonated,0,-9999,C17 H28 O3 S1,17,28,3,-9999,-9999,1,-9999,-9999,-9999
714,311.186307,311.186396894,311.186397548,7120122.5,-9999,982667.8,12.71,-1,-0.00210049,0.999999199,0,0.59999952,4,0.294117647,1.647058824,O5,de-protonated,0,-9999,C17 H28 O5,17,28,5,-9999,-9999,-9999,-9999,-9999,-9999
715,311.222711,311.222800911,311.222783057,13100295,-9999,957572.9,25.05,-1,0.057367723,0.999403021,0,0.599641812,3,0.222222222,1.777777778,O4,de-protonated,0,-9999,C18 H32 O4,18,32,4,-9999,-9999,-9999,-9999,-9999,-9999
716,312.171906,312.171996358,312.171994318,83863112,-9999,887531.7,171.03,-1,0.006534795,0.99992736,0.984508625,0.993759866,4,0.176470588,1.647058824,13C1 S1 O3,de-protonated,1,713,C16 H28 O3 S1 13C1,16,28,3,-9999,-9999,1,1,-9999,-9999
716,312.171906,312.171996358,312.171750541,83863112,-9999,887531.7,171.03,-1,0.787441143,0.446794332,0.837042051,0.60289342,9,0.111111111,1.277777778,N3 O2,de-protonated,0,-9999,C18 H23 O2 N3,18,23,2,3,-9999,-9999,-9999,-9999,-9999
717,312.972702,312.972792735,312.972990424,11994976,-9999,883030.6,22.76,-1,-0.631649231,0.930163843,0,0.558098306,13,0.266666667,0.466666667,S1 P1 O4,de-protonated,0,-9999,C15 H7 O4 P1 S1,15,7,4,-9999,1,1,-9999,-9999,-9999
718,313.035289,313.035379765,313.035376207,30418806,-9999,897902.3,60.77,-1,0.011365274,0.999976563,0,0.599985938,12,0.4375,0.625,O7,de-protonated,0,-9999,C16 H10 O7,16,10,7,-9999,-9999,-9999,-9999,-9999,-9999
718,313.035289,313.035379765,313.035214016,30418806,-9999,897902.3,60.77,-1,0.529490151,0.950401339,0,0.570240804,7,0.090909091,1.363636364,N4 S2 P1 O1,de-protonated,0,-9999,C11 H15 O1 N4 P1 S2,11,15,1,4,1,2,-9999,-9999,-9999
719,313.071667,313.071757782,313.071761716,7161730.5,-9999,907904.5,12.79,-1,-0.012567383,0.999971343,0,0.599982806,11,0.352941176,0.823529412,O6,de-protonated,0,-9999,C17 H14 O6,17,14,6,-9999,-9999,-9999,-9999,-9999,-9999
720,313.084739,313.084829788,313.084648876,9979783,-9999,893884.2,18.61,-1,0.577837627,0.941213716,0,0.56472823,6,0.428571429,1.357142857,P1 O6,de-protonated,0,-9999,C14 H19 O6 P1,14,19,6,-9999,1,-9999,-9999,-9999,-9999
721,313.0928,313.092890792,313.092891084,12306314,-9999,845791.5,23.41,-1,-9.34562e-4,0.999999842,0,0.599999905,6,0.571428571,1.285714286,O8,de-protonated,0,-9999,C14 H18 O8,14,18,8,-9999,-9999,-9999,-9999,-9999,-9999
722,313.111428,313.111518801,313.111518529,15017873,-9999,917076.6,29,-1,8.67276e-4,0.999999864,0,0.599999918,5,0.333333333,1.466666667,S1 O5,de-protonated,0,-9999,C15 H22 O5 S1,15,22,5,-9999,-9999,1,-9999,-9999,-9999
723,313.121121,313.121211805,313.121034385,7980948,-9999,942669.8,14.48,-1,0.566617529,0.943409267,0,0.56604556,5,0.333333333,1.533333333,P1 O5,de-protonated,0,-9999,C15 H23 O5 P1,15,23,5,-9999,1,-9999,-9999,-9999,-9999
724,313.129196,313.129286809,313.129276594,13625239,-9999,972729.2,26.13,-1,0.032622877,0.999806911,0,0.599884147,5,0.466666667,1.466666667,O7,de-protonated,0,-9999,C15 H22 O7,15,22,7,-9999,-9999,-9999,-9999,-9999,-9999
725,313.164348,313.164438825,313.164435313,22210466,-9999,880416,43.84,-1,0.011216552,0.99992359,0.984508625,0.993757604,4,0.176470588,1.647058824,34S1 O3,de-protonated,1,713,C17 H28 O3 34S1,17,28,3,-9999,-9999,-9999,-9999,-9999,1
726,313.16557,313.165660826,313.165662103,17033124,-9999,872959.3,33.16,-1,-0.004077872,0.999996983,0,0.59999819,4,0.375,1.625,O6,de-protonated,0,-9999,C16 H26 O6,16,26,6,-9999,-9999,-9999,-9999,-9999,-9999
727,313.17527,313.175360831,313.175349153,7145382.5,-9999,990762.9,12.76,-1,0.037286545,0.999866239,0.984508625,0.993723193,4,0.176470588,1.647058824,13C2 S1 O3,de-protonated,1,713,C15 H28 O3 S1 13C2,15,28,3,-9999,-9999,1,2,-9999,-9999
728,313.201953,313.202043843,313.202047612,10856368,-9999,894831.4,20.42,-1,-0.012034637,0.999973721,0,0.599984232,3,0.294117647,1.764705882,O5,de-protonated,0,-9999,C17 H30 O5,17,30,5,-9999,-9999,-9999,-9999,-9999,-9999
730,315.01455,315.014641696,315.014640762,9620013,-9999,932963.5,17.79,-1,0.002965978,0.999998404,0,0.599999042,12,0.533333333,0.533333333,O8,de-protonated,0,-9999,C15 H8 O8,15,8,8,-9999,-9999,-9999,-9999,-9999,-9999
730,315.01455,315.014641696,315.014478571,9620013,-9999,932963.5,17.79,-1,0.517835425,0.952508636,0,0.571505182,7,0.2,1.3,N4 S2 P1 O2,de-protonated,0,-9999,C10 H13 O2 N4 P1 S2,10,13,2,4,1,2,-9999,-9999,-9999
731,315.050923,315.051014714,315.051026271,8350265.5,-9999,896697,15.18,-1,-0.036685808,0.999755827,0,0.599853496,11,0.4375,0.75,O7,de-protonated,0,-9999,C16 H12 O7,16,12,7,-9999,-9999,-9999,-9999,-9999,-9999
731,315.050923,315.051014714,315.05086408,8350265.5,-9999,896697,15.18,-1,0.478124156,0.959368848,0,0.575621309,6,0.090909091,1.545454545,N4 S2 P1 O1,de-protonated,0,-9999,C11 H17 O1 N4 P1 S2,11,17,1,4,1,2,-9999,-9999,-9999
732,315.072115,315.072206724,315.072155639,6826561,-9999,894635.4,12.05,-1,0.162134334,0.995241518,0,0.597144911,6,0.692307692,1.230769231,O9,de-protonated,0,-9999,C13 H16 O9,13,16,9,-9999,-9999,-9999,-9999,-9999,-9999
733,315.087321,315.087412731,315.087411781,6875718.5,-9999,896899.4,12.15,-1,0.003014662,0.999998351,0,0.599999011,10,0.352941176,0.941176471,O6,de-protonated,0,-9999,C17 H16 O6,17,16,6,-9999,-9999,-9999,-9999,-9999,-9999
734,315.100379,315.100470737,315.10029894,10488395,-9999,909430.9,19.58,-1,0.545211983,0.947492052,0,0.568495231,5,0.428571429,1.5,P1 O6,de-protonated,0,-9999,C14 H21 O6 P1,14,21,6,-9999,1,-9999,-9999,-9999,-9999
735,315.108471,315.108562741,315.108541149,12970574,-9999,869502.2,24.68,-1,0.068521717,0.99914842,0,0.599489052,5,0.571428571,1.428571429,O8,de-protonated,0,-9999,C14 H20 O8,14,20,8,-9999,-9999,-9999,-9999,-9999,-9999
736,315.123713,315.123804748,315.12379729,14051923,-9999,905758.2,26.9,-1,0.02366582,0.999898381,0,0.599939029,9,0.277777778,1.111111111,O5,de-protonated,0,-9999,C18 H20 O5,18,20,5,-9999,-9999,-9999,-9999,-9999,-9999
737,315.136791,315.136882754,315.13668445,7326296,-9999,909647.4,13.08,-1,0.62926425,0.930671537,0,0.558402922,4,0.333333333,1.666666667,P1 O5,de-protonated,0,-9999,C15 H25 O5 P1,15,25,5,-9999,1,-9999,-9999,-9999,-9999
738,315.14484,315.144931758,315.144926658,15166043,-9999,942261.1,29.19,-1,0.016181597,0.99995249,0,0.599971494,4,0.466666667,1.6,O7,de-protonated,0,-9999,C15 H24 O7,15,24,7,-9999,-9999,-9999,-9999,-9999,-9999
739,315.181224,315.181315775,315.181312168,19212904,-9999,927074.8,37.5,-1,0.011445239,0.999976232,0,0.599985739,3,0.375,1.75,O6,de-protonated,0,-9999,C16 H28 O6,16,28,6,-9999,-9999,-9999,-9999,-9999,-9999
740,317.030182,317.030274645,317.030290827,9415933,-9999,920586.9,17.37,-1,-0.051040261,0.999527418,0,0.599716451,11,0.533333333,0.666666667,O8,de-protonated,0,-9999,C15 H10 O8,15,10,8,-9999,-9999,-9999,-9999,-9999,-9999
740,317.030182,317.030274645,317.030128635,9415933,-9999,920586.9,17.37,-1,0.460555663,0.962243871,0,0.577346323,6,0.2,1.5,N4 S2 P1 O2,de-protonated,0,-9999,C10 H15 O2 N4 P1 S2,10,15,2,4,1,2,-9999,-9999,-9999
741,317.066588,317.066680662,317.066676336,7355658.5,-9999,827935.6,13.14,-1,0.013645327,0.999966216,0,0.599979729,10,0.4375,0.875,O7,de-protonated,0,-9999,C16 H14 O7,16,14,7,-9999,-9999,-9999,-9999,-9999,-9999
741,317.066588,317.066680662,317.066514145,7355658.5,-9999,827935.6,13.14,-1,0.525182576,0.951185113,0,0.570711068,5,0.090909091,1.727272727,N4 S2 P1 O1,de-protonated,0,-9999,C11 H19 O1 N4 P1 S2,11,19,1,4,1,2,-9999,-9999,-9999
742,317.11605,317.116142686,317.115949005,12053788,-9999,907337.6,22.79,-1,0.610757177,0.934555023,0,0.560733014,4,0.428571429,1.642857143,P1 O6,de-protonated,0,-9999,C14 H23 O6 P1,14,23,6,-9999,1,-9999,-9999,-9999,-9999
743,317.124111,317.124203689,317.124191213,10431775,-9999,898024.7,19.46,-1,0.039341516,0.999719201,0,0.599831521,4,0.571428571,1.571428571,O8,de-protonated,0,-9999,C14 H22 O8,14,22,8,-9999,-9999,-9999,-9999,-9999,-9999
744,317.139357,317.139449697,317.139447355,8957221,-9999,930202.3,16.43,-1,0.007384869,0.999990105,0,0.599994063,8,0.277777778,1.222222222,O5,de-protonated,0,-9999,C18 H22 O5,18,22,5,-9999,-9999,-9999,-9999,-9999,-9999
745,317.152429,317.152521703,317.152334514,15396137,-9999,899887.9,29.66,-1,0.590216739,0.938747535,0,0.563248521,3,0.333333333,1.8,P1 O5,de-protonated,0,-9999,C15 H27 O5 P1,15,27,5,-9999,1,-9999,-9999,-9999,-9999
746,317.160489,317.160581707,317.160576723,8744236,-9999,899773.2,15.99,-1,0.015714188,0.999955195,0,0.599973117,3,0.466666667,1.733333333,O7,de-protonated,0,-9999,C15 H26 O7,15,26,7,-9999,-9999,-9999,-9999,-9999,-9999
747,317.196866,317.196958724,317.196962232,9342265,-9999,914971.4,17.22,-1,-0.011060337,0.999977803,0,0.599986682,2,0.375,1.875,O6,de-protonated,0,-9999,C16 H30 O6,16,30,6,-9999,-9999,-9999,-9999,-9999,-9999
748,317.225175,317.225267737,317.225105533,7777603.5,-9999,874279,14,-1,0.511321953,0.953667897,0,0.572200738,1,0.176470588,2.058823529,P1 O3,de-protonated,0,-9999,C17 H35 O3 P1,17,35,3,-9999,1,-9999,-9999,-9999,-9999
749,319.009472,319.009565577,319.009555382,8482765,-9999,883186.8,15.45,-1,0.031959226,0.999814687,0,0.599888812,11,0.642857143,0.571428571,O9,de-protonated,0,-9999,C14 H8 O9,14,8,9,-9999,-9999,-9999,-9999,-9999,-9999
749,319.009472,319.009565577,319.00939319,8482765,-9999,883186.8,15.45,-1,0.540381042,0.948394111,0,0.569036467,6,0.333333333,1.444444444,N4 S2 P1 O3,de-protonated,0,-9999,C9 H13 O3 N4 P1 S2,9,13,3,4,1,2,-9999,-9999,-9999
750,319.082218,319.082311611,319.0823264,8302567.5,-9999,872850.5,15.08,-1,-0.046349035,0.999610282,0,0.599766169,9,0.4375,1,O7,de-protonated,0,-9999,C16 H16 O7,16,16,7,-9999,-9999,-9999,-9999,-9999,-9999
750,319.082218,319.082311611,319.082164209,8302567.5,-9999,872850.5,15.08,-1,0.46195679,0.96201822,0,0.577210932,4,0.090909091,1.909090909,N4 S2 P1 O1,de-protonated,0,-9999,C11 H21 O1 N4 P1 S2,11,21,1,4,1,2,-9999,-9999,-9999
751,319.131677,319.131770634,319.131599069,40120312,-9999,886461.2,80.46,-1,0.537600177,0.948910114,0,0.569346068,3,0.428571429,1.785714286,P1 O6,de-protonated,0,-9999,C14 H25 O6 P1,14,25,6,-9999,1,-9999,-9999,-9999,-9999
752,319.154975,319.155068645,319.155097419,10080258,-9999,919197.3,18.73,-1,-0.090155567,0.998526267,0,0.59911576,7,0.277777778,1.333333333,O5,de-protonated,0,-9999,C18 H24 O5,18,24,5,-9999,-9999,-9999,-9999,-9999,-9999
753,319.168068,319.168161652,319.167984579,39137288,-9999,884018.1,78.44,-1,0.554795572,0.953137199,0.968578244,0.959313617,2,0.333333333,1.933333333,P1 O5,de-protonated,0,-9999,C15 H29 O5 P1,15,29,5,-9999,1,-9999,-9999,-9999,-9999
754,319.240835,319.240928686,319.240755597,170045472,-9999,859819.9,347.42,-1,0.542188099,0.948030367,0.98604116,0.963234684,0,0.176470588,2.176470588,P1 O3,de-protonated,0,-9999,C17 H37 O3 P1,17,37,3,-9999,1,-9999,-9999,-9999,-9999
755,320.13502,320.135114107,320.13509025,8868202,-9999,926963.2,16.24,-1,0.074521106,0.998992851,0,0.599395711,3,0.615384615,1.769230769,N1 O8,de-protonated,0,-9999,C13 H23 O8 N1,13,23,8,1,-9999,-9999,-9999,-9999,-9999
756,320.171396,320.171490124,320.171339414,8073591.5,-9999,947557.5,14.61,-1,0.470717381,0.960593011,0.968578244,0.963787104,2,0.333333333,1.933333333,13C1 P1 O5,de-protonated,1,753,C14 H29 O5 P1 13C1,14,29,5,-9999,1,-9999,1,-9999,-9999
756,320.171396,320.171490124,320.171475759,8073591.5,-9999,947557.5,14.61,-1,0.044865316,0.999634829,0,0.599780898,2,0.5,1.928571429,N1 O7,de-protonated,0,-9999,C14 H27 O7 N1,14,27,7,1,-9999,-9999,-9999,-9999,-9999
757,320.24419,320.244284158,320.244110432,34648468,-9999,865439.5,69.21,-1,0.542479237,0.948003206,0.98604116,0.963218387,0,0.176470588,2.176470588,13C1 P1 O3,de-protonated,1,754,C16 H37 O3 P1 13C1,16,37,3,-9999,1,-9999,1,-9999,-9999
757,320.24419,320.244284158,320.244246778,34648468,-9999,865439.5,69.21,-1,0.116723911,0.997530911,0,0.598518546,0,0.3125,2.1875,N1 O5,de-protonated,0,-9999,C16 H35 O5 N1,16,35,5,1,-9999,-9999,-9999,-9999,-9999
758,321.017063,321.017157522,321.016963238,8049328.5,-9999,881822.8,14.56,-1,0.605215269,0.935698447,0,0.561419068,10,0.5,0.785714286,P1 O7,de-protonated,0,-9999,C14 H11 O7 P1,14,11,7,-9999,1,-9999,-9999,-9999,-9999
759,321.061505,321.061599543,321.061590955,10588865,-9999,920460.7,19.78,-1,0.026747043,0.999870199,0,0.59992212,9,0.533333333,0.933333333,O8,de-protonated,0,-9999,C15 H14 O8,15,14,8,-9999,-9999,-9999,-9999,-9999,-9999
759,321.061505,321.061599543,321.061428764,10588865,-9999,920460.7,19.78,-1,0.531919324,0.94995681,0,0.569974086,4,0.2,1.9,N4 S2 P1 O2,de-protonated,0,-9999,C10 H19 O2 N4 P1 S2,10,19,2,4,1,2,-9999,-9999,-9999
760,321.097911,321.09800556,321.097976465,9663182,-9999,838630.3,17.88,-1,0.090611706,0.998511328,0,0.599106797,8,0.4375,1.125,O7,de-protonated,0,-9999,C16 H18 O7,16,18,7,-9999,-9999,-9999,-9999,-9999,-9999
760,321.097911,321.09800556,321.097814273,9663182,-9999,838630.3,17.88,-1,0.595726776,0.937635128,0,0.562581077,3,0.090909091,2.090909091,N4 S2 P1 O1,de-protonated,0,-9999,C11 H23 O1 N4 P1 S2,11,23,1,4,1,2,-9999,-9999,-9999
761,321.102716,321.102810562,321.102685179,11940560,-9999,973577.6,22.56,-1,0.390478383,0.972713109,0,0.583627865,8,0.214285714,1.285714286,N4 S1 O3,de-protonated,0,-9999,C14 H18 O3 N4 S1,14,18,3,4,-9999,1,-9999,-9999,-9999
762,321.110958,321.111052566,321.110863624,13071059,-9999,875754.9,24.88,-1,0.588400545,0.939112223,0,0.563467334,3,0.538461538,1.769230769,P1 O7,de-protonated,0,-9999,C13 H23 O7 P1,13,23,7,-9999,1,-9999,-9999,-9999,-9999
764,321.134238,321.134332577,321.134361974,7541468,-9999,883937,13.52,-1,-0.091541166,0.998480654,0,0.599088393,7,0.352941176,1.294117647,O6,de-protonated,0,-9999,C17 H22 O6,17,22,6,-9999,-9999,-9999,-9999,-9999,-9999
765,321.147333,321.147427583,321.147249134,24064736,-9999,859145.5,47.47,-1,0.555662801,0.945516155,0,0.567309693,2,0.428571429,1.928571429,P1 O6,de-protonated,0,-9999,C14 H27 O6 P1,14,27,6,-9999,1,-9999,-9999,-9999,-9999
767,321.183711,321.1838056,321.183634643,37663472,-9999,856154.7,75.41,-1,0.532272931,0.949891949,0,0.569935169,1,0.333333333,2.066666667,P1 O5,de-protonated,0,-9999,C15 H31 O5 P1,15,31,5,-9999,1,-9999,-9999,-9999,-9999
769,322.106208,322.106303035,322.106112597,19575878,-9999,831746.2,38.08,-1,0.591227849,0.93854408,0,0.563126448,3,0.583333333,1.833333333,N1 P1 O7,de-protonated,0,-9999,C12 H22 O7 N1 P1,12,22,7,1,1,-9999,-9999,-9999,-9999
771,323.040782,323.040877475,323.040855511,8222115,-9999,883964.5,14.85,-1,0.067991552,0.999161541,0,0.599496925,9,0.642857143,0.857142857,O9,de-protonated,0,-9999,C14 H12 O9,14,12,9,-9999,-9999,-9999,-9999,-9999,-9999
771,323.040782,323.040877475,323.040693319,8222115,-9999,883964.5,14.85,-1,0.570068672,0.942737988,0,0.565642793,4,0.333333333,1.888888889,N4 S2 P1 O3,de-protonated,0,-9999,C9 H17 O3 N4 P1 S2,9,17,3,4,1,2,-9999,-9999,-9999
772,323.077147,323.077242492,323.07724102,12268976,-9999,872864.7,23.13,-1,0.004555621,0.999996234,0,0.599997741,8,0.533333333,1.066666667,O8,de-protonated,0,-9999,C15 H16 O8,15,16,8,-9999,-9999,-9999,-9999,-9999,-9999
772,323.077147,323.077242492,323.077078829,12268976,-9999,872864.7,23.13,-1,0.506576164,0.954504182,0,0.572702509,3,0.2,2.1,N4 S2 P1 O2,de-protonated,0,-9999,C10 H21 O2 N4 P1 S2,10,21,2,4,1,2,-9999,-9999,-9999
773,323.090199,323.090294498,323.090128179,7828917.5,-9999,937211.9,14.05,-1,0.51477398,0.953055161,0,0.571833096,3,0.666666667,1.75,P1 O8,de-protonated,0,-9999,C12 H21 O8 P1,12,21,8,-9999,1,-9999,-9999,-9999,-9999
774,323.105469,323.105564505,323.105384321,9663931,-9999,908630.7,17.8,-1,0.55766415,0.945133964,0,0.567080378,7,0.3125,1.3125,P1 O5,de-protonated,0,-9999,C16 H21 O5 P1,16,21,5,-9999,1,-9999,-9999,-9999,-9999
775,323.113534,323.113629509,323.113626529,10630590,-9999,878549,19.78,-1,0.009221511,0.99998457,0,0.599990742,7,0.4375,1.25,O7,de-protonated,0,-9999,C16 H20 O7,16,20,7,-9999,-9999,-9999,-9999,-9999,-9999
775,323.113534,323.113629509,323.11346433800003,10630590,-9999,878549,19.78,-1,0.511185525,0.953692037,0,0.572215222,2,0.090909091,2.272727273,N4 S2 P1 O1,de-protonated,0,-9999,C11 H25 O1 N4 P1 S2,11,25,1,4,1,2,-9999,-9999,-9999
776,323.126592,323.126687515,323.126513689,16954818,-9999,894685.6,32.72,-1,0.537950819,0.948845182,0,0.569307109,2,0.538461538,1.923076923,P1 O7,de-protonated,0,-9999,C13 H25 O7 P1,13,25,7,-9999,1,-9999,-9999,-9999,-9999
778,323.162973,323.163068532,323.162899198,43759056,-9999,836929.5,87.56,-1,0.523989446,0.949955596,0.987352754,0.964914459,1,0.428571429,2.071428571,P1 O6,de-protonated,0,-9999,C14 H29 O6 P1,14,29,6,-9999,1,-9999,-9999,-9999,-9999
779,323.16858,323.168675535,323.168639483,8730067,-9999,898992.4,15.89,-1,0.111556455,0.997744447,0,0.598646668,5,0.166666667,1.555555556,S1 O3,de-protonated,0,-9999,C18 H28 O3 S1,18,28,3,-9999,-9999,1,-9999,-9999,-9999
782,324.166333,324.166429004,324.166254033,7370569.5,-9999,944664.9,13.11,-1,0.539757581,0.948510004,0.987352754,0.964047104,1,0.428571429,2.071428571,13C1 P1 O6,de-protonated,1,778,C13 H29 O6 P1 13C1,13,29,6,-9999,1,-9999,1,-9999,-9999
782,324.166333,324.166429004,324.166390379,7370569.5,-9999,944664.9,13.11,-1,0.119153541,0.997427186,0,0.598456311,1,0.615384615,2.076923077,N1 O8,de-protonated,0,-9999,C13 H27 O8 N1,13,27,8,1,-9999,-9999,-9999,-9999,-9999
784,325.03528,325.035376413,325.035376207,16332945,-9999,848118.9,31.44,-1,6.35393e-4,0.999999927,0,0.599999956,13,0.411764706,0.588235294,O7,de-protonated,0,-9999,C17 H10 O7,17,10,7,-9999,-9999,-9999,-9999,-9999,-9999
784,325.03528,325.035376413,325.035214016,16332945,-9999,848118.9,31.44,-1,0.499631573,0.955715174,0,0.573429104,8,0.083333333,1.25,N4 S2 P1 O1,de-protonated,0,-9999,C12 H15 O1 N4 P1 S2,12,15,1,4,1,2,-9999,-9999,-9999
785,325.056429,325.056525423,325.056505575,7223449,-9999,897120.6,12.81,-1,0.061061448,0.999323697,0,0.599594218,8,0.642857143,1,O9,de-protonated,0,-9999,C14 H14 O9,14,14,9,-9999,-9999,-9999,-9999,-9999,-9999
785,325.056429,325.056525423,325.056343384,7223449,-9999,897120.6,12.81,-1,0.560025222,0.944681511,0,0.566808907,3,0.333333333,2.111111111,N4 S2 P1 O3,de-protonated,0,-9999,C9 H19 O3 N4 P1 S2,9,19,3,4,1,2,-9999,-9999,-9999
786,325.092792,325.092888441,325.092891084,13334695,-9999,837825.8,25.31,-1,-0.008132482,0.999988,0,0.5999928,7,0.533333333,1.2,O8,de-protonated,0,-9999,C15 H18 O8,15,18,8,-9999,-9999,-9999,-9999,-9999,-9999
786,325.092792,325.092888441,325.092728893,13334695,-9999,837825.8,25.31,-1,0.490775412,0.957237428,0,0.574342457,2,0.2,2.3,N4 S2 P1 O2,de-protonated,0,-9999,C10 H23 O2 N4 P1 S2,10,23,2,4,1,2,-9999,-9999,-9999
787,325.105849,325.105945447,325.105778244,7403692,-9999,812296.5,13.17,-1,0.514302654,0.953139041,0,0.571883425,2,0.666666667,1.916666667,P1 O8,de-protonated,0,-9999,C12 H23 O8 P1,12,23,8,-9999,1,-9999,-9999,-9999,-9999
788,325.12919,325.129286458,325.129276594,7731380.5,-9999,879941.5,13.84,-1,0.030338615,0.999833003,0,0.599899802,6,0.4375,1.375,O7,de-protonated,0,-9999,C16 H22 O7,16,22,7,-9999,-9999,-9999,-9999,-9999,-9999
788,325.12919,325.129286458,325.129114402,7731380.5,-9999,879941.5,13.84,-1,0.529190694,0.950456012,0,0.570273607,1,0.090909091,2.454545455,N4 S2 P1 O1,de-protonated,0,-9999,C11 H27 O1 N4 P1 S2,11,27,1,4,1,2,-9999,-9999,-9999
789,325.14225,325.142346464,325.142163753,14006458,-9999,846949.8,26.68,-1,0.561940498,0.944313241,0,0.566587945,1,0.538461538,2.076923077,P1 O7,de-protonated,0,-9999,C13 H27 O7 P1,13,27,7,-9999,1,-9999,-9999,-9999,-9999
791,325.184192,325.184288484,325.184289548,422492352,-9999,841884.8,862.45,-1,-0.003272289,0.999984848,0.985366352,0.994137449,4,0.166666667,1.666666667,S1 O3,de-protonated,0,-9999,C18 H30 O3 S1,18,30,3,-9999,-9999,1,-9999,-9999,-9999
792,326.030532,326.030628882,326.030625179,11123210,-9999,878195.6,20.78,-1,0.011357287,0.999976596,0,0.599985957,13,0.4375,0.5625,N1 O7,de-protonated,0,-9999,C16 H9 O7 N1,16,9,7,1,-9999,-9999,-9999,-9999,-9999
793,326.187547,326.187643956,326.187644383,89700936,-9999,852161.9,181.55,-1,-0.001308617,0.999985256,0.985366352,0.994137694,4,0.166666667,1.666666667,13C1 S1 O3,de-protonated,1,791,C17 H30 O3 S1 13C1,17,30,3,-9999,-9999,1,1,-9999,-9999
793,326.187547,326.187643956,326.187400606,89700936,-9999,852161.9,181.55,-1,0.74604367,0.45197062,0.829532115,0.602995218,9,0.105263158,1.315789474,N3 O2,de-protonated,0,-9999,C19 H25 O2 N3,19,25,2,3,-9999,-9999,-9999,-9999,-9999
794,327.014546,327.014643345,327.014640762,25246590,-9999,893013.6,49.68,-1,0.0078991,0.999988678,0,0.599993207,13,0.5,0.5,O8,de-protonated,0,-9999,C16 H8 O8,16,8,8,-9999,-9999,-9999,-9999,-9999,-9999
794,327.014546,327.014643345,327.014478571,25246590,-9999,893013.6,49.68,-1,0.503875094,0.954976996,0,0.572986197,8,0.181818182,1.181818182,N4 S2 P1 O2,de-protonated,0,-9999,C11 H13 O2 N4 P1 S2,11,13,2,4,1,2,-9999,-9999,-9999
795,327.050911,327.051008362,327.051026271,8952717,-9999,865028.8,16.34,-1,-0.054759377,0.999456058,0,0.599673635,12,0.411764706,0.705882353,O7,de-protonated,0,-9999,C17 H12 O7,17,12,7,-9999,-9999,-9999,-9999,-9999,-9999
795,327.050911,327.051008362,327.05086408,8952717,-9999,865028.8,16.34,-1,0.441161407,0.965302111,0,0.579181267,7,0.083333333,1.416666667,N4 S2 P1 O1,de-protonated,0,-9999,C12 H17 O1 N4 P1 S2,12,17,1,4,1,2,-9999,-9999,-9999
796,327.07209,327.072187372,327.072155639,8207252.5,-9999,911674.7,14.82,-1,0.09702079,0.998293475,0,0.598976085,7,0.642857143,1.142857143,O9,de-protonated,0,-9999,C14 H16 O9,14,16,9,-9999,-9999,-9999,-9999,-9999,-9999
796,327.07209,327.072187372,327.071993448,8207252.5,-9999,911674.7,14.82,-1,0.592909613,0.938205004,0,0.562923002,2,0.333333333,2.333333333,N4 S2 P1 O3,de-protonated,0,-9999,C9 H21 O3 N4 P1 S2,9,21,3,4,1,2,-9999,-9999,-9999
797,327.087318,327.087415379,327.087411781,15629210,-9999,864706,30,-1,0.011002189,0.999978036,0,0.599986822,11,0.333333333,0.888888889,O6,de-protonated,0,-9999,C18 H16 O6,18,16,6,-9999,-9999,-9999,-9999,-9999,-9999
798,327.108459,327.108556389,327.108541149,15874978,-9999,847905.1,30.5,-1,0.04659178,0.99960619,0,0.599763714,6,0.533333333,1.333333333,O8,de-protonated,0,-9999,C15 H20 O8,15,20,8,-9999,-9999,-9999,-9999,-9999,-9999
798,327.108459,327.108556389,327.108378958,15874978,-9999,847905.1,30.5,-1,0.542425418,0.94801325,0,0.56880795,1,0.2,2.5,N4 S2 P1 O2,de-protonated,0,-9999,C10 H25 O2 N4 P1 S2,10,25,2,4,1,2,-9999,-9999,-9999
799,327.127071,327.127168398,327.127168593,25115562,-9999,868662.1,49.41,-1,-5.96953e-4,0.999999935,0,0.599999961,5,0.3125,1.5,S1 O5,de-protonated,0,-9999,C16 H24 O5 S1,16,24,5,-9999,-9999,1,-9999,-9999,-9999
800,327.136777,327.136874403,327.13668445,9444269,-9999,880765.6,17.35,-1,0.580653434,0.940656775,0,0.564394065,5,0.3125,1.5625,P1 O5,de-protonated,0,-9999,C16 H25 O5 P1,16,25,5,-9999,1,-9999,-9999,-9999,-9999
801,327.144839,327.144936407,327.144926658,11615152,-9999,901782.8,21.79,-1,0.029798244,0.999838898,0,0.599903339,5,0.4375,1.5,O7,de-protonated,0,-9999,C16 H24 O7,16,24,7,-9999,-9999,-9999,-9999,-9999,-9999
802,327.179987,327.180084423,327.180085377,20560830,-9999,859727.9,40.09,-1,-0.002916468,0.999984948,0.985366352,0.994137509,4,0.166666667,1.666666667,34S1 O3,de-protonated,1,791,C18 H30 O3 34S1,18,30,3,-9999,-9999,-9999,-9999,-9999,1
803,327.181199,327.181296424,327.181312168,14154686,-9999,831065.1,26.99,-1,-0.048119771,0.999579942,0,0.599747965,4,0.352941176,1.647058824,O6,de-protonated,0,-9999,C17 H28 O6,17,28,6,-9999,-9999,-9999,-9999,-9999,-9999
804,327.190896,327.190993428,327.190999218,8412098,-9999,963439.3,15.24,-1,-0.017694909,0.999971131,0.985366352,0.994129219,4,0.166666667,1.666666667,13C2 S1 O3,de-protonated,1,791,C16 H30 O3 S1 13C2,16,30,3,-9999,-9999,1,2,-9999,-9999
805,327.217594,327.217691441,327.217697677,20265932,-9999,849840.8,39.49,-1,-0.019057977,0.999934099,0,0.599960459,3,0.277777778,1.777777778,O5,de-protonated,0,-9999,C18 H32 O5,18,32,5,-9999,-9999,-9999,-9999,-9999,-9999
806,328.009814,328.009911814,328.009889734,7044345,-9999,927842.7,12.44,-1,0.067313296,0.999178179,0,0.599506908,13,0.533333333,0.466666667,N1 O8,de-protonated,0,-9999,C15 H7 O8 N1,15,7,8,1,-9999,-9999,-9999,-9999,-9999
808,329.030196,329.030294294,329.030290827,102153856,-9999,847878.6,207.03,-1,0.010538526,0.999935215,0.98433521,0.993695213,12,0.5,0.625,O8,de-protonated,0,-9999,C16 H10 O8,16,10,8,-9999,-9999,-9999,-9999,-9999,-9999
808,329.030196,329.030294294,329.030128635,102153856,-9999,847878.6,207.03,-1,0.503476156,0.635961311,0.925952542,0.751957803,7,0.181818182,1.363636364,N4 S2 P1 O2,de-protonated,0,-9999,C11 H15 O2 N4 P1 S2,11,15,2,4,1,2,-9999,-9999,-9999
809,329.066553,329.066651311,329.066676336,7356043.5,-9999,860329.8,13.07,-1,-0.076047631,0.998951189,0,0.599370713,11,0.411764706,0.823529412,O7,de-protonated,0,-9999,C17 H14 O7,17,14,7,-9999,-9999,-9999,-9999,-9999,-9999
809,329.066553,329.066651311,329.066514145,7356043.5,-9999,860329.8,13.07,-1,0.416835451,0.968964761,0,0.581378856,6,0.083333333,1.583333333,N4 S2 P1 O1,de-protonated,0,-9999,C12 H19 O1 N4 P1 S2,12,19,1,4,1,2,-9999,-9999,-9999
810,329.087718,329.087816321,329.087805704,6864532,-9999,856493.7,12.07,-1,0.032262398,0.999811155,0,0.599886693,6,0.642857143,1.285714286,O9,de-protonated,0,-9999,C14 H18 O9,14,18,9,-9999,-9999,-9999,-9999,-9999,-9999
811,329.116016,329.116114334,329.115949005,8052382.5,-9999,798710.1,14.5,-1,0.502344608,0.955243884,0,0.57314633,5,0.4,1.533333333,P1 O6,de-protonated,0,-9999,C15 H23 O6 P1,15,23,6,-9999,1,-9999,-9999,-9999,-9999
812,329.124099,329.124197338,329.124191213,12959394,-9999,852221.3,24.54,-1,0.018609807,0.999937162,0,0.599962297,5,0.533333333,1.466666667,O8,de-protonated,0,-9999,C15 H22 O8,15,22,8,-9999,-9999,-9999,-9999,-9999,-9999
813,329.152416,329.152514352,329.152334514,701415104,-9999,834727.6,1433.13,-1,0.54636528,0.70955479,0.99125886,0.822236418,4,0.3125,1.6875,P1 O5,de-protonated,0,-9999,C16 H27 O5 P1,16,27,5,-9999,1,-9999,-9999,-9999,-9999
814,329.160471,329.160569355,329.160576723,16727728,-9999,828806.5,32.25,-1,-0.022382058,0.999909106,0,0.599945464,4,0.4375,1.625,O7,de-protonated,0,-9999,C16 H26 O7,16,26,7,-9999,-9999,-9999,-9999,-9999,-9999
815,329.175747,329.175845363,329.175832864,8224437.5,-9999,763780.4,14.85,-1,0.037969403,0.999738444,0,0.599843066,8,0.2,1.3,O4,de-protonated,0,-9999,C20 H26 O4,20,26,4,-9999,-9999,-9999,-9999,-9999,-9999
816,329.196871,329.196969372,329.196962232,11648701,-9999,880601.1,21.86,-1,0.021690643,0.999914635,0,0.599948781,3,0.352941176,1.764705882,O6,de-protonated,0,-9999,C17 H30 O6,17,30,6,-9999,-9999,-9999,-9999,-9999,-9999
817,329.233253,329.23335139,329.233347741,8683211,-9999,871981.8,15.79,-1,0.011081107,0.99997772,0,0.599986632,2,0.277777778,1.888888889,O5,de-protonated,0,-9999,C18 H34 O5,18,34,5,-9999,-9999,-9999,-9999,-9999,-9999
818,330.033555,330.033653766,330.033645662,15515645,-9999,840280.9,29.77,-1,0.02455731,0.999890581,0.98433521,0.993668433,12,0.5,0.625,13C1 O8,de-protonated,1,808,C15 H10 O8 13C1,15,10,8,-9999,-9999,-9999,1,-9999,-9999
818,330.033555,330.033653766,330.03348347,15515645,-9999,840280.9,29.77,-1,0.515996337,0.635224866,0.925952542,0.751515936,7,0.181818182,1.363636364,13C1 N4 S2 P1 O2,de-protonated,1,808,C10 H15 O2 N4 P1 S2 13C1,10,15,2,4,1,2,1,-9999,-9999
819,330.155771,330.155869824,330.155689349,122077224,-9999,837264.1,247.79,-1,0.546634983,0.709542124,0.99125886,0.822228818,4,0.3125,1.6875,13C1 P1 O5,de-protonated,1,813,C15 H27 O5 P1 13C1,15,27,5,-9999,1,-9999,1,-9999,-9999
819,330.155771,330.155869824,330.155825695,122077224,-9999,837264.1,247.79,-1,0.133661217,0.498381805,0.860410506,0.643193285,4,0.466666667,1.666666667,N1 O7,de-protonated,0,-9999,C15 H25 O7 N1,15,25,7,1,-9999,-9999,-9999,-9999,-9999
820,331.045846,331.045945243,331.045940891,12468607,-9999,824664.3,23.44,-1,0.013145811,0.999968644,0,0.599981186,11,0.5,0.75,O8,de-protonated,0,-9999,C16 H12 O8,16,12,8,-9999,-9999,-9999,-9999,-9999,-9999
820,331.045846,331.045945243,331.0457787,12468607,-9999,824664.3,23.44,-1,0.503082075,0.955115376,0,0.573069225,6,0.181818182,1.545454545,N4 S2 P1 O2,de-protonated,0,-9999,C11 H17 O2 N4 P1 S2,11,17,2,4,1,2,-9999,-9999,-9999
821,331.08222,331.08231926,331.0823264,8389005,-9999,820900.6,15.12,-1,-0.021566721,0.999915608,0,0.599949365,10,0.411764706,0.941176471,O7,de-protonated,0,-9999,C17 H16 O7,17,16,7,-9999,-9999,-9999,-9999,-9999,-9999
821,331.08222,331.08231926,331.082164209,8389005,-9999,820900.6,15.12,-1,0.468315683,0.960986181,0,0.576591709,5,0.083333333,1.75,N4 S2 P1 O1,de-protonated,0,-9999,C12 H21 O1 N4 P1 S2,12,21,1,4,1,2,-9999,-9999,-9999
822,331.095295,331.095394266,331.09521356,10486162,-9999,850160.5,19.4,-1,0.545783259,0.947384907,0,0.568430944,5,0.5,1.5,P1 O7,de-protonated,0,-9999,C14 H21 O7 P1,14,21,7,-9999,1,-9999,-9999,-9999,-9999
823,331.118631,331.118730277,331.11871191,7823770.5,-9999,920361.6,13.97,-1,0.05547083,0.999441836,0,0.599665102,9,0.333333333,1.111111111,O6,de-protonated,0,-9999,C18 H20 O6,18,20,6,-9999,-9999,-9999,-9999,-9999,-9999
824,331.131672,331.131771283,331.131599069,13320608,-9999,864457.3,25.17,-1,0.520077211,0.952106581,0,0.571263948,4,0.4,1.666666667,P1 O6,de-protonated,0,-9999,C15 H25 O6 P1,15,25,6,-9999,1,-9999,-9999,-9999,-9999
825,331.139755,331.139854287,331.139841278,9945507,-9999,949063.1,18.3,-1,0.039286464,0.999719987,0,0.599831992,4,0.533333333,1.6,O8,de-protonated,0,-9999,C15 H24 O8,15,24,8,-9999,-9999,-9999,-9999,-9999,-9999
827,331.155008,331.155107294,331.155097419,8995241,-9999,825152.3,16.36,-1,0.029820479,0.999838658,0,0.599903195,8,0.263157895,1.263157895,O5,de-protonated,0,-9999,C19 H24 O5,19,24,5,-9999,-9999,-9999,-9999,-9999,-9999
828,331.159132,331.159231296,331.159044184,9634218,-9999,985343.3,17.66,-1,0.565021243,0.708665515,0.99125886,0.821702853,4,0.3125,1.6875,13C2 P1 O5,de-protonated,1,813,C14 H27 O5 P1 13C2,14,27,5,-9999,1,-9999,2,-9999,-9999
829,331.176146,331.176245304,331.176226787,11485617,-9999,849782.9,21.44,-1,0.055913113,0.999432902,0,0.599659741,3,0.4375,1.75,O7,de-protonated,0,-9999,C16 H28 O7,16,28,7,-9999,-9999,-9999,-9999,-9999,-9999
831,333.061502,333.061602192,333.061590955,7169152,-9999,938443.9,12.64,-1,0.033736233,0.999793509,0,0.599876105,10,0.5,0.875,O8,de-protonated,0,-9999,C16 H14 O8,16,14,8,-9999,-9999,-9999,-9999,-9999,-9999
831,333.061502,333.061602192,333.061428764,7169152,-9999,938443.9,12.64,-1,0.520707468,0.951993264,0,0.571195959,5,0.181818182,1.727272727,N4 S2 P1 O2,de-protonated,0,-9999,C11 H19 O2 N4 P1 S2,11,19,2,4,1,2,-9999,-9999,-9999
832,333.097877,333.097977209,333.097976465,7505038,-9999,872381,13.32,-1,0.002233625,0.999999095,0,0.599999457,9,0.411764706,1.058823529,O7,de-protonated,0,-9999,C17 H18 O7,17,18,7,-9999,-9999,-9999,-9999,-9999,-9999
832,333.097877,333.097977209,333.097814273,7505038,-9999,872381,13.32,-1,0.489151652,0.957513837,0,0.574508302,4,0.083333333,1.916666667,N4 S2 P1 O1,de-protonated,0,-9999,C12 H23 O1 N4 P1 S2,12,23,1,4,1,2,-9999,-9999,-9999
833,333.11094,333.111040215,333.110863624,116442256,-9999,821658.9,235.32,-1,0.530125597,0.948589151,0.983759363,0.962657236,4,0.5,1.642857143,P1 O7,de-protonated,0,-9999,C14 H23 O7 P1,14,23,7,-9999,1,-9999,-9999,-9999,-9999
834,333.147318,333.147418232,333.147249134,20694176,-9999,842973.5,40.2,-1,0.507578466,0.954328149,0,0.572596889,3,0.4,1.8,P1 O6,de-protonated,0,-9999,C15 H27 O6 P1,15,27,6,-9999,1,-9999,-9999,-9999,-9999
835,333.183739,333.183839249,333.183634643,10110127,-9999,931386.9,18.63,-1,0.61409428,0.93386215400000006,0,0.560317293,2,0.3125,1.9375,P1 O5,de-protonated,0,-9999,C16 H31 O5 P1,16,31,5,-9999,1,-9999,-9999,-9999,-9999
836,334.114301,334.114401687,334.11421845900003,20186642,-9999,840762.2,39.16,-1,0.548398812,0.946893071,0.983759363,0.961639587,4,0.5,1.642857143,13C1 P1 O7,de-protonated,1,833,C13 H23 O7 P1 13C1,13,23,7,-9999,1,-9999,1,-9999,-9999
836,334.114301,334.114401687,334.114354805,20186642,-9999,840762.2,39.16,-1,0.140317888,0.996433811,0,0.597860287,4,0.692307692,1.615384615,N1 O9,de-protonated,0,-9999,C13 H21 O9 N1,13,21,9,1,-9999,-9999,-9999,-9999,-9999
837,335.077128,335.077229141,335.07724102,8210304,-9999,863250.1,14.76,-1,-0.035452706,0.999771964,0,0.599863179,9,0.5,1,O8,de-protonated,0,-9999,C16 H16 O8,16,16,8,-9999,-9999,-9999,-9999,-9999,-9999
837,335.077128,335.077229141,335.077078829,8210304,-9999,863250.1,14.76,-1,0.448589129,0.964145252,0,0.578487151,4,0.181818182,1.909090909,N4 S2 P1 O2,de-protonated,0,-9999,C11 H21 O2 N4 P1 S2,11,21,2,4,1,2,-9999,-9999,-9999
838,335.107985,335.108086155,335.107753302,39045004,-9999,819026.4,77.59,-1,0.993270216,0.418046811,0.793917021,0.568394895,17,0.083333333,0.666666667,O2,de-protonated,0,-9999,C24 H16 O2,24,16,2,-9999,-9999,-9999,-9999,-9999,-9999
839,335.113526,335.113627158,335.113626529,8562574,-9999,862839.3,15.48,-1,0.001875151,0.999999362,0,0.599999617,8,0.411764706,1.176470588,O7,de-protonated,0,-9999,C17 H20 O7,17,20,7,-9999,-9999,-9999,-9999,-9999,-9999
839,335.113526,335.113627158,335.11346433800003,8562574,-9999,862839.3,15.48,-1,0.485864449,0.958070847,0,0.574842508,3,0.083333333,2.083333333,N4 S2 P1 O1,de-protonated,0,-9999,C12 H25 O1 N4 P1 S2,12,25,1,4,1,2,-9999,-9999,-9999
840,335.126571,335.126672164,335.126513689,15697811,-9999,898627.2,30.02,-1,0.472880996,0.960237232,0,0.576142339,3,0.5,1.785714286,P1 O7,de-protonated,0,-9999,C14 H25 O7 P1,14,25,7,-9999,1,-9999,-9999,-9999,-9999
841,335.141845,335.141946171,335.14176983,7481240.5,-9999,877999.4,13.27,-1,0.526167954,0.951006329,0,0.570603797,7,0.222222222,1.388888889,P1 O4,de-protonated,0,-9999,C18 H25 O4 P1,18,25,4,-9999,1,-9999,-9999,-9999,-9999
842,335.162966,335.163067181,335.162899198,25773984,-9999,827601.8,50.55,-1,0.501197305,0.955443469,0,0.573266081,2,0.4,1.933333333,P1 O6,de-protonated,0,-9999,C15 H29 O6 P1,15,29,6,-9999,1,-9999,-9999,-9999,-9999
843,335.178236,335.178337188,335.178155339,15763366,-9999,871900.3,30.15,-1,0.542543233,0.947991262,0,0.568794757,6,0.157894737,1.526315789,P1 O3,de-protonated,0,-9999,C19 H29 O3 P1,19,29,3,-9999,1,-9999,-9999,-9999,-9999
844,335.199378,335.199479198,335.199284708,7538606.5,-9999,949946.8,13.39,-1,0.58022359,0.940741948,0,0.564445169,1,0.3125,2.0625,P1 O5,de-protonated,0,-9999,C16 H33 O5 P1,16,33,5,-9999,1,-9999,-9999,-9999,-9999
845,336.158217,336.158318649,336.15814817,72468760,-9999,824175.8,145.71,-1,0.507139393,0.954631811,0.990652213,0.969039972,2,0.428571429,2,N1 P1 O6,de-protonated,0,-9999,C14 H28 O6 N1 P1,14,28,6,1,1,-9999,-9999,-9999,-9999
846,337.09281,337.092912089,337.092891084,11209341,-9999,853919.3,20.87,-1,0.062312181,0.999295718,0,0.599577431,8,0.5,1.125,O8,de-protonated,0,-9999,C16 H18 O8,16,18,8,-9999,-9999,-9999,-9999,-9999,-9999
846,337.09281,337.092912089,337.092728893,11209341,-9999,853919.3,20.87,-1,0.543459729,0.947820071,0,0.568692043,3,0.181818182,2.090909091,N4 S2 P1 O2,de-protonated,0,-9999,C11 H23 O2 N4 P1 S2,11,23,2,4,1,2,-9999,-9999,-9999
847,337.10585,337.105952096,337.105778244,10316418,-9999,856665,19.05,-1,0.51571813,0.952886925,0,0.571732155,3,0.615384615,1.769230769,P1 O8,de-protonated,0,-9999,C13 H23 O8 P1,13,23,8,-9999,1,-9999,-9999,-9999,-9999
848,337.121106,337.121208103,337.121034385,8301191.5,-9999,757123.3,14.94,-1,0.515296986,0.952962002,0,0.571777201,7,0.294117647,1.352941176,P1 O5,de-protonated,0,-9999,C17 H23 O5 P1,17,23,5,-9999,1,-9999,-9999,-9999,-9999
849,337.129146,337.129248106,337.129276594,8112778.5,-9999,898365.8,14.56,-1,-0.084499491,0.998705266,0,0.599223159,7,0.411764706,1.294117647,O7,de-protonated,0,-9999,C17 H22 O7,17,22,7,-9999,-9999,-9999,-9999,-9999,-9999
849,337.129146,337.129248106,337.129114402,8112778.5,-9999,898365.8,14.56,-1,0.396596058,0.971863633,0,0.58311818,2,0.083333333,2.25,N4 S2 P1 O1,de-protonated,0,-9999,C12 H27 O1 N4 P1 S2,12,27,1,4,1,2,-9999,-9999,-9999
850,337.142228,337.142330113,337.142163753,18270864,-9999,856617,35.26,-1,0.493439723,0.956782078,0,0.574069247,2,0.5,1.928571429,P1 O7,de-protonated,0,-9999,C14 H27 O7 P1,14,27,7,-9999,1,-9999,-9999,-9999,-9999
852,337.161571,337.161673122,337.161503005,11881111,-9999,880239.9,22.24,-1,0.504554285,0.954858321,0.990652213,0.969175878,2,0.428571429,2,13C1 N1 P1 O6,de-protonated,1,845,C13 H28 O6 N1 P1 13C1,13,28,6,1,1,-9999,1,-9999,-9999
852,337.161571,337.161673122,337.161639351,11881111,-9999,880239.9,22.24,-1,0.100161635,0.998181299,0,0.598908779,2,0.615384615,2,N2 O8,de-protonated,0,-9999,C13 H26 O8 N2,13,26,8,2,-9999,-9999,-9999,-9999,-9999
853,337.178611,337.17871313,337.178549263,19565214,-9999,836872.7,37.9,-1,0.48599507,0.958048779,0,0.574829268,1,0.4,2.066666667,P1 O6,de-protonated,0,-9999,C15 H31 O6 P1,15,31,6,-9999,1,-9999,-9999,-9999,-9999
854,338.155263,338.15536559,338.155037849,23514126,-9999,821240.9,45.94,-1,0.969203348,0.843289676,0,0.505973806,15,0.041666667,0.875,N1 O1,de-protonated,0,-9999,C24 H21 O1 N1,24,21,1,1,-9999,-9999,-9999,-9999,-9999
855,339.07206,339.072163021,339.072155639,7269735,-9999,844452.7,12.84,-1,0.021769943,0.99991401,0,0.599948406,8,0.6,1.066666667,O9,de-protonated,0,-9999,C15 H16 O9,15,16,9,-9999,-9999,-9999,-9999,-9999,-9999
855,339.07206,339.072163021,339.071993448,7269735,-9999,844452.7,12.84,-1,0.50010887,0.955632429,0,0.573379458,3,0.3,2.1,N4 S2 P1 O3,de-protonated,0,-9999,C10 H21 O3 N4 P1 S2,10,21,3,4,1,2,-9999,-9999,-9999
856,339.108419,339.108522038,339.108541149,10964341,-9999,792585.1,20.37,-1,-0.056355564,0.999423894,0,0.599654336,7,0.5,1.25,O8,de-protonated,0,-9999,C16 H20 O8,16,20,8,-9999,-9999,-9999,-9999,-9999,-9999
856,339.108419,339.108522038,339.108378958,10964341,-9999,792585.1,20.37,-1,0.421932001,0.968213464,0,0.580928079,2,0.181818182,2.272727273,N4 S2 P1 O2,de-protonated,0,-9999,C11 H25 O2 N4 P1 S2,11,25,2,4,1,2,-9999,-9999,-9999
857,339.121505,339.121608044,339.121428308,13864314,-9999,839647,26.28,-1,0.530004659,0.950307339,0,0.570184403,2,0.615384615,1.923076923,P1 O8,de-protonated,0,-9999,C13 H25 O8 P1,13,25,8,-9999,1,-9999,-9999,-9999,-9999
858,339.144807,339.144910055,339.144926658,7359874.5,-9999,928259.5,13.02,-1,-0.048955101,0.999565234,0,0.599739141,6,0.411764706,1.411764706,O7,de-protonated,0,-9999,C17 H24 O7,17,24,7,-9999,-9999,-9999,-9999,-9999,-9999
858,339.144807,339.144910055,339.144764467,7359874.5,-9999,928259.5,13.02,-1,0.429281154,0.96711508,0,0.580269048,1,0.083333333,2.416666667,N4 S2 P1 O1,de-protonated,0,-9999,C12 H29 O1 N4 P1 S2,12,29,1,4,1,2,-9999,-9999,-9999
859,339.157886,339.157989061,339.157813818,11373959,-9999,818625.2,21.2,-1,0.516702566,0.952711214,0,0.571626728,1,0.5,2.071428571,P1 O7,de-protonated,0,-9999,C14 H29 O7 P1,14,29,7,-9999,1,-9999,-9999,-9999,-9999
860,339.181187,339.181290072,339.181312168,8457616,-9999,890545.5,15.26,-1,-0.065142441,0.999230312,0,0.599538187,5,0.333333333,1.555555556,O6,de-protonated,0,-9999,C18 H28 O6,18,28,6,-9999,-9999,-9999,-9999,-9999,-9999
861,339.199834,339.199937081,339.199939612,192859536,-9999,807001.1,391.04,-1,-0.007461472,0.999981364,0.985094645,0.994026676,4,0.157894737,1.684210526,S1 O3,de-protonated,0,-9999,C19 H32 O3 S1,19,32,3,-9999,-9999,1,-9999,-9999,-9999
862,340.203188,340.203291554,340.203294447,43831056,-9999,827685.7,87.06,-1,-0.008505765,0.999980355,0.985094645,0.994026071,4,0.157894737,1.684210526,13C1 S1 O3,de-protonated,1,861,C18 H32 O3 S1 13C1,18,32,3,-9999,-9999,1,1,-9999,-9999
862,340.203188,340.203291554,340.20305067,43831056,-9999,827685.7,87.06,-1,0.708057175,0.456523288,0.822155738,0.602776268,9,0.1,1.35,N3 O2,de-protonated,0,-9999,C20 H27 O2 N3,20,27,2,3,-9999,-9999,-9999,-9999,-9999
863,341.030185,341.030288943,341.030290827,8564803,-9999,810002.2,15.43,-1,-0.005523598,0.999994464,0,0.599996678,13,0.470588235,0.588235294,O8,de-protonated,0,-9999,C17 H10 O8,17,10,8,-9999,-9999,-9999,-9999,-9999,-9999
863,341.030185,341.030288943,341.030128635,8564803,-9999,810002.2,15.43,-1,0.470068778,0.960699373,0,0.576419624,8,0.166666667,1.25,N4 S2 P1 O2,de-protonated,0,-9999,C12 H15 O2 N4 P1 S2,12,15,2,4,1,2,-9999,-9999,-9999
864,341.087708,341.08781197,341.087805704,10915929,-9999,871221.3,20.2,-1,0.018370501,0.999938767,0,0.59996326,7,0.6,1.2,O9,de-protonated,0,-9999,C15 H18 O9,15,18,9,-9999,-9999,-9999,-9999,-9999,-9999
864,341.087708,341.08781197,341.087643513,10915929,-9999,871221.3,20.2,-1,0.493882692,0.956706154,0,0.574023692,2,0.3,2.3,N4 S2 P1 O3,de-protonated,0,-9999,C10 H23 O3 N4 P1 S2,10,23,3,4,1,2,-9999,-9999,-9999
865,341.124081,341.124184987,341.124191213,11587686,-9999,833448.3,21.57,-1,-0.018252222,0.999939553,0,0.599963732,6,0.5,1.375,O8,de-protonated,0,-9999,C16 H22 O8,16,22,8,-9999,-9999,-9999,-9999,-9999,-9999
865,341.124081,341.124184987,341.124029022,11587686,-9999,833448.3,21.57,-1,0.457209233,0.962780252,0,0.577668151,1,0.181818182,2.454545455,N4 S2 P1 O2,de-protonated,0,-9999,C11 H27 O2 N4 P1 S2,11,27,2,4,1,2,-9999,-9999,-9999
866,341.137158,341.137261993,341.137078373,17600620,-9999,846346.4,33.78,-1,0.538259612,0.948787968,0,0.569272781,1,0.615384615,2.076923077,P1 O8,de-protonated,0,-9999,C13 H27 O8 P1,13,27,8,-9999,1,-9999,-9999,-9999,-9999
867,341.14271,341.142813996,341.142818658,19239022,-9999,858598.2,37.11,-1,-0.013666168,0.999966112,0,0.599979667,5,0.294117647,1.529411765,S1 O5,de-protonated,0,-9999,C17 H26 O5 S1,17,26,5,-9999,-9999,1,-9999,-9999,-9999
868,341.152392,341.152496,341.152334514,7483504.5,-9999,918120.2,13.23,-1,0.473355086,0.960159074,0,0.576095444,5,0.294117647,1.588235294,P1 O5,de-protonated,0,-9999,C17 H27 O5 P1,17,27,5,-9999,1,-9999,-9999,-9999,-9999
869,341.160479,341.160583004,341.160576723,13193332,-9999,816606.9,24.83,-1,0.018412179,0.999938489,0,0.599963094,5,0.411764706,1.529411765,O7,de-protonated,0,-9999,C17 H26 O7,17,26,7,-9999,-9999,-9999,-9999,-9999,-9999
870,341.179081,341.179185013,341.179204167,8810619,-9999,827921.9,15.92,-1,-0.056141593,0.999428259,0,0.599656956,4,0.222222222,1.666666667,S1 O4,de-protonated,0,-9999,C18 H30 O4 S1,18,30,4,-9999,-9999,1,-9999,-9999,-9999
871,341.195636,341.195740021,341.195735442,7803008.5,-9999,869413.6,13.88,-1,0.013420329,0.999973838,0.985094645,0.994022161,4,0.157894737,1.684210526,34S1 O3,de-protonated,1,861,C19 H32 O3 34S1,19,32,3,-9999,-9999,-9999,-9999,-9999,1
872,341.196849,341.196953021,341.196962232,12259457,-9999,824619.6,22.93,-1,-0.026995317,0.999867779,0,0.599920667,4,0.333333333,1.666666667,O6,de-protonated,0,-9999,C18 H30 O6,18,30,6,-9999,-9999,-9999,-9999,-9999,-9999
875,343.009447,343.009551875,343.009555382,33379104,-9999,820736,65.83,-1,-0.010224555,0.999981031,0,0.599988619,13,0.5625,0.5,O9,de-protonated,0,-9999,C16 H8 O9,16,8,9,-9999,-9999,-9999,-9999,-9999,-9999
875,343.009447,343.009551875,343.00939319,33379104,-9999,820736,65.83,-1,0.462623511,0.961910622,0,0.577146373,8,0.272727273,1.181818182,N4 S2 P1 O3,de-protonated,0,-9999,C11 H13 O3 N4 P1 S2,11,13,3,4,1,2,-9999,-9999,-9999
876,343.04583,343.045934892,343.045940891,17765166,-9999,842810.4,34.11,-1,-0.017488455,0.999944506,0,0.599966704,12,0.470588235,0.705882353,O8,de-protonated,0,-9999,C17 H12 O8,17,12,8,-9999,-9999,-9999,-9999,-9999,-9999
876,343.04583,343.045934892,343.0457787,17765166,-9999,842810.4,34.11,-1,0.455309455,0.96308314800000006,0,0.577849889,7,0.166666667,1.416666667,N4 S2 P1 O2,de-protonated,0,-9999,C12 H17 O2 N4 P1 S2,12,17,2,4,1,2,-9999,-9999,-9999
877,343.08223,343.082334909,343.0823264,7934778.5,-9999,837596.6,14.14,-1,0.024799998,0.999888408,0,0.599933045,11,0.388888889,0.888888889,O7,de-protonated,0,-9999,C18 H16 O7,18,16,7,-9999,-9999,-9999,-9999,-9999,-9999
877,343.08223,343.082334909,343.082164209,7934778.5,-9999,837596.6,14.14,-1,0.497547786,0.956075579,0,0.573645347,6,0.076923077,1.615384615,N4 S2 P1 O1,de-protonated,0,-9999,C13 H21 O1 N4 P1 S2,13,21,1,4,1,2,-9999,-9999,-9999
878,343.095305,343.095409915,343.09521356,8811327,-9999,909615.9,15.92,-1,0.572304766,0.942301128,0,0.565380677,6,0.466666667,1.4,P1 O7,de-protonated,0,-9999,C15 H21 O7 P1,15,21,7,-9999,1,-9999,-9999,-9999,-9999
879,343.103348,343.103452919,343.103455768,9966402,-9999,892879.8,18.27,-1,-0.008305594,0.999987483,0,0.59999249,6,0.6,1.333333333,O9,de-protonated,0,-9999,C15 H20 O9,15,20,9,-9999,-9999,-9999,-9999,-9999,-9999
879,343.103348,343.103452919,343.103293577,9966402,-9999,892879.8,18.27,-1,0.464413065,0.961621111,0,0.576972667,1,0.3,2.5,N4 S2 P1 O3,de-protonated,0,-9999,C10 H25 O3 N4 P1 S2,10,25,3,4,1,2,-9999,-9999,-9999
880,343.131671,343.131775932,343.131599069,9220941,-9999,921281.8,16.76,-1,0.515437212,0.95293701,0,0.571762206,5,0.375,1.5625,P1 O6,de-protonated,0,-9999,C16 H25 O6 P1,16,25,6,-9999,1,-9999,-9999,-9999,-9999
881,343.139745,343.139849936,343.139841278,12800848,-9999,833533.4,24.03,-1,0.025232003,0.999884487,0,0.599930692,5,0.5,1.5,O8,de-protonated,0,-9999,C16 H24 O8,16,24,8,-9999,-9999,-9999,-9999,-9999,-9999
882,343.168049,343.168153949,343.167984579,18551642,-9999,838140.7,35.71,-1,0.49355003,0.956763177,0,0.574057906,4,0.294117647,1.705882353,P1 O5,de-protonated,0,-9999,C17 H29 O5 P1,17,29,5,-9999,1,-9999,-9999,-9999,-9999
883,343.17612,343.176224953,343.176226787,14160733,-9999,848328.5,26.79,-1,-0.005344548,0.999994817,0,0.59999689,4,0.411764706,1.647058824,O7,de-protonated,0,-9999,C17 H28 O7,17,28,7,-9999,-9999,-9999,-9999,-9999,-9999
884,343.212525,343.21262997,343.212612296,11965290,-9999,843754.4,22.33,-1,0.051494801,0.999518966,0,0.599711379,3,0.333333333,1.777777778,O6,de-protonated,0,-9999,C18 H32 O6,18,32,6,-9999,-9999,-9999,-9999,-9999,-9999
885,345.025092,345.025197823,345.025205446,12686850,-9999,854307.6,23.8,-1,-0.022093312,0.999911436,0,0.599946862,12,0.5625,0.625,O9,de-protonated,0,-9999,C16 H10 O9,16,10,9,-9999,-9999,-9999,-9999,-9999,-9999
885,345.025092,345.025197823,345.025043255,12686850,-9999,854307.6,23.8,-1,0.447992352,0.964238861,0,0.578543317,7,0.272727273,1.363636364,N4 S2 P1 O3,de-protonated,0,-9999,C11 H15 O3 N4 P1 S2,11,15,3,4,1,2,-9999,-9999,-9999
886,345.061502,345.06160784,345.061590955,7968271,-9999,828721.2,14.21,-1,0.048933409,0.999565619,0,0.599739372,11,0.470588235,0.823529412,O8,de-protonated,0,-9999,C17 H14 O8,17,14,8,-9999,-9999,-9999,-9999,-9999,-9999
886,345.061502,345.06160784,345.061428764,7968271,-9999,828721.2,14.21,-1,0.518969537,0.952305433,0,0.57138326,6,0.166666667,1.583333333,N4 S2 P1 O2,de-protonated,0,-9999,C12 H19 O2 N4 P1 S2,12,19,2,4,1,2,-9999,-9999,-9999
887,345.097851,345.097956858,345.097976465,8156700,-9999,832309.5,14.59,-1,-0.056816327,0.999414438,0,0.599648663,10,0.388888889,1,O7,de-protonated,0,-9999,C18 H18 O7,18,18,7,-9999,-9999,-9999,-9999,-9999,-9999
887,345.097851,345.097956858,345.097814273,8156700,-9999,832309.5,14.59,-1,0.413170193,0.969499777,0,0.581699866,5,0.076923077,1.769230769,N4 S2 P1 O1,de-protonated,0,-9999,C13 H23 O1 N4 P1 S2,13,23,1,4,1,2,-9999,-9999,-9999
888,345.118996,345.119101868,345.119105833,8361508,-9999,810961.1,15.01,-1,-0.011489673,0.999976047,0,0.599985628,5,0.6,1.466666667,O9,de-protonated,0,-9999,C15 H22 O9,15,22,9,-9999,-9999,-9999,-9999,-9999,-9999
889,345.134259,345.134364875,345.134361974,7853609.5,-9999,933660.7,13.98,-1,0.008404231,0.999987184,0,0.59999231,9,0.315789474,1.157894737,O6,de-protonated,0,-9999,C19 H22 O6,19,22,6,-9999,-9999,-9999,-9999,-9999,-9999
890,345.147322,345.147427881,345.147249134,142530096,-9999,796488.4,287.54,-1,0.517886695,0.955479415,0.96094741,0.957666613,4,0.375,1.6875,P1 O6,de-protonated,0,-9999,C16 H27 O6 P1,16,27,6,-9999,1,-9999,-9999,-9999,-9999
891,345.155381,345.155486885,345.155491342,14358065,-9999,827287.6,27.19,-1,-0.012914551,0.999969737,0,0.599981842,4,0.5,1.625,O8,de-protonated,0,-9999,C16 H26 O8,16,26,8,-9999,-9999,-9999,-9999,-9999,-9999
892,345.183721,345.183826898,345.183634643,10270267,-9999,816654.2,18.89,-1,0.556964274,0.945267756,0,0.567160653,3,0.294117647,1.823529412,P1 O5,de-protonated,0,-9999,C17 H31 O5 P1,17,31,5,-9999,1,-9999,-9999,-9999,-9999
893,345.191781,345.191886902,345.191876852,11785790,-9999,897391.9,21.96,-1,0.029114986,0.999846201,0,0.599907721,3,0.411764706,1.764705882,O7,de-protonated,0,-9999,C17 H30 O7,17,30,7,-9999,-9999,-9999,-9999,-9999,-9999
894,345.228178,345.228283919,345.228262361,7263819.5,-9999,914672.2,12.78,-1,0.062445756,0.999292696,0,0.599575618,2,0.333333333,1.888888889,O6,de-protonated,0,-9999,C18 H34 O6,18,34,6,-9999,-9999,-9999,-9999,-9999,-9999
895,346.150665,346.150771353,346.150603969,32692122,-9999,801528.2,64.43,-1,0.483559477,0.958459372,0.96094741,0.959454587,4,0.375,1.6875,13C1 P1 O6,de-protonated,1,890,C15 H27 O6 P1 13C1,15,27,6,-9999,1,-9999,1,-9999,-9999
895,346.150665,346.150771353,346.150740314,32692122,-9999,801528.2,64.43,-1,0.089668405,0.99854214,0,0.599125284,4,0.533333333,1.666666667,N1 O8,de-protonated,0,-9999,C15 H25 O8 N1,15,25,8,1,-9999,-9999,-9999,-9999,-9999
896,347.040742,347.040848772,347.040855511,7485659.5,-9999,939317.4,13.23,-1,-0.019416666,0.999931595,0,0.599958957,11,0.5625,0.75,O9,de-protonated,0,-9999,C16 H12 O9,16,12,9,-9999,-9999,-9999,-9999,-9999,-9999
896,347.040742,347.040848772,347.040693319,7485659.5,-9999,939317.4,13.23,-1,0.44793869,0.964247273,0,0.578548364,6,0.272727273,1.545454545,N4 S2 P1 O3,de-protonated,0,-9999,C11 H17 O3 N4 P1 S2,11,17,3,4,1,2,-9999,-9999,-9999
897,347.077086,347.077192789,347.07724102,6945000.5,-9999,886115,12.13,-1,-0.138962203,0.996502268,0,0.597901361,10,0.470588235,0.941176471,O8,de-protonated,0,-9999,C17 H16 O8,17,16,8,-9999,-9999,-9999,-9999,-9999,-9999
897,347.077086,347.077192789,347.077078829,6945000.5,-9999,886115,12.13,-1,0.328344102,0.980628138,0,0.588376883,5,0.166666667,1.75,N4 S2 P1 O2,de-protonated,0,-9999,C12 H21 O2 N4 P1 S2,12,21,2,4,1,2,-9999,-9999,-9999
898,347.090221,347.090327795,347.090128179,11671789,-9999,838449.7,21.73,-1,0.575112856,0.941750385,0,0.565050231,5,0.571428571,1.5,P1 O8,de-protonated,0,-9999,C14 H21 O8 P1,14,21,8,-9999,1,-9999,-9999,-9999,-9999
899,347.126579,347.126685813,347.126513689,12114170,-9999,797414.3,22.63,-1,0.495853106,0.956367674,0,0.573820605,4,0.466666667,1.666666667,P1 O7,de-protonated,0,-9999,C15 H25 O7 P1,15,25,7,-9999,1,-9999,-9999,-9999,-9999
900,347.144373,347.144479821,347.144138812,43112704,-9999,818543.6,85.6,-1,0.982327189,0.419689922,0.780512821,0.564019081,17,0.038461538,0.769230769,O1,de-protonated,0,-9999,C26 H20 O1,26,20,1,-9999,-9999,-9999,-9999,-9999,-9999
901,347.149914,347.150020824,347.150012039,10017027,-9999,746662.1,18.37,-1,0.02530596,0.999883809,0,0.599930285,8,0.315789474,1.263157895,O6,de-protonated,0,-9999,C19 H24 O6,19,24,6,-9999,-9999,-9999,-9999,-9999,-9999
902,347.162956,347.16306283,347.162899198,11884808,-9999,820241.3,22.16,-1,0.471339346,0.96049089,0,0.576294534,3,0.375,1.8125,P1 O6,de-protonated,0,-9999,C16 H29 O6 P1,16,29,6,-9999,1,-9999,-9999,-9999,-9999
903,347.199354,347.199460847,347.199284708,16849172,-9999,846284.3,32.25,-1,0.507314748,0.954374496,0,0.572624697,2,0.294117647,1.941176471,P1 O5,de-protonated,0,-9999,C17 H33 O5 P1,17,33,5,-9999,1,-9999,-9999,-9999,-9999
904,347.272111,347.272217881,347.272055726,6928687,-9999,900750.4,12.1,-1,0.466939,0.961210717,0,0.57672643,0,0.157894737,2.157894737,P1 O3,de-protonated,0,-9999,C19 H41 O3 P1,19,41,3,-9999,1,-9999,-9999,-9999,-9999
905,348.129924,348.130031285,348.13000487,7035491,-9999,863350,12.31,-1,0.075877911,0.998955862,0,0.599373517,4,0.642857143,1.642857143,N1 O9,de-protonated,0,-9999,C14 H23 O9 N1,14,23,9,1,-9999,-9999,-9999,-9999,-9999
907,349.055029,349.05513672,349.055005973,49732524,-9999,788404.2,99.04,-1,0.374574788,0.974862943,0,0.584917766,0,0.7,2.3,S2 P1 O7,de-protonated,0,-9999,C10 H23 O7 P1 S2,10,23,7,-9999,1,2,-9999,-9999,-9999
907,349.055029,349.05513672,349.055474004,49732524,-9999,788404.2,99.04,-1,-0.966274618,0.84415748,0,0.506494488,6,0.8,1.5,N4 P1 O8,de-protonated,0,-9999,C10 H15 O8 N4 P1,10,15,8,4,1,-9999,-9999,-9999,-9999
908,349.105353,349.105460744,349.105778244,12147647,-9999,1309784.2,22.7,-1,-0.909466115,0.860637917,0,0.51638275,4,0.571428571,1.642857143,P1 O8,de-protonated,0,-9999,C14 H23 O8 P1,14,23,8,-9999,1,-9999,-9999,-9999,-9999
909,349.105848,349.105955744,349.105778244,172678080,-9999,787033.2,348.78,-1,0.508442908,0.954144108,0.99476636,0.970393009,4,0.571428571,1.642857143,P1 O8,de-protonated,0,-9999,C14 H23 O8 P1,14,23,8,-9999,1,-9999,-9999,-9999,-9999
910,349.142231,349.142338761,349.142163753,19782604,-9999,838553.8,38.21,-1,0.501251788,0.955434,0,0.5732604,3,0.466666667,1.8,P1 O7,de-protonated,0,-9999,C15 H27 O7 P1,15,27,7,-9999,1,-9999,-9999,-9999,-9999
911,349.157494,349.157601769,349.157419895,47307728,-9999,798834.7,94.12,-1,0.520894068,0.954437372,0.982596433,0.965700996,7,0.210526316,1.421052632,P1 O4,de-protonated,0,-9999,C19 H27 O4 P1,19,27,4,-9999,1,-9999,-9999,-9999,-9999
912,349.165523,349.165630772,349.165662103,8256469,-9999,861306.4,14.79,-1,-0.089730134,0.998540133,0,0.59912408,7,0.315789474,1.368421053,O6,de-protonated,0,-9999,C19 H26 O6,19,26,6,-9999,-9999,-9999,-9999,-9999,-9999
913,349.178623,349.178730779,349.178549263,14195673,-9999,846210.4,26.86,-1,0.519836958,0.952149744,0,0.571289846,2,0.375,1.9375,P1 O6,de-protonated,0,-9999,C16 H31 O6 P1,16,31,6,-9999,1,-9999,-9999,-9999,-9999
914,349.215012,349.215119796,349.214934772,11869158,-9999,881877.2,22.13,-1,0.529827553,0.950339705,0,0.570203823,1,0.294117647,2.058823529,P1 O5,de-protonated,0,-9999,C17 H35 O5 P1,17,35,5,-9999,1,-9999,-9999,-9999,-9999
915,350.054594,350.054702191,350.054745728,11607313,-9999,862527.2,21.52,-1,-0.124372308,0.997197201,0,0.598318321,10,0.428571429,1,N3 P1 O6,de-protonated,0,-9999,C14 H14 O6 N3 P1,14,14,6,3,1,-9999,-9999,-9999,-9999
916,350.109203,350.109311217,350.109133079,27352356,-9999,830665.5,53.4,-1,0.50880592,0.954112143,0.99476636,0.970373829,4,0.571428571,1.642857143,13C1 P1 O8,de-protonated,1,909,C13 H23 O8 P1 13C1,13,23,8,-9999,1,-9999,1,-9999,-9999
916,350.109203,350.109311217,350.109269425,27352356,-9999,830665.5,53.4,-1,0.119368389,0.997417911,0,0.598450747,4,0.769230769,1.615384615,N1 O10,de-protonated,0,-9999,C13 H21 O10 N1,13,21,10,1,-9999,-9999,-9999,-9999,-9999
917,350.160839,350.160947241,350.16077473,10943799,-9999,797534.8,20.18,-1,0.492663025,0.956915054,0.982596433,0.967187605,7,0.210526316,1.421052632,13C1 P1 O4,de-protonated,1,911,C18 H27 O4 P1 13C1,18,27,4,-9999,1,-9999,1,-9999,-9999
917,350.160839,350.160947241,350.160911075,10943799,-9999,797534.8,20.18,-1,0.103282934,0.998066293,0,0.598839776,7,0.333333333,1.388888889,N1 O6,de-protonated,0,-9999,C18 H25 O6 N1,18,25,6,1,-9999,-9999,-9999,-9999,-9999
918,351.052097,351.05220566,351.051895651,14524018,-9999,795058.7,27.43,-1,0.883086446,0.868054093,0,0.520832456,13,0.1,0.8,S2 O2,de-protonated,0,-9999,C20 H16 O2 S2,20,16,2,-9999,-9999,2,-9999,-9999,-9999
918,351.052097,351.05220566,351.052363682,14524018,-9999,795058.7,27.43,-1,-0.450136491,0.963901998,0,0.578341199,19,0.15,0.4,N4 O3,de-protonated,0,-9999,C20 H8 O3 N4,20,8,3,4,-9999,-9999,-9999,-9999,-9999
919,351.072032,351.07214067,351.072155639,7839353,-9999,828463,13.9,-1,-0.042639767,0.999670154,0,0.599802092,9,0.5625,1,O9,de-protonated,0,-9999,C16 H16 O9,16,16,9,-9999,-9999,-9999,-9999,-9999,-9999
919,351.072032,351.07214067,351.071993448,7839353,-9999,828463,13.9,-1,0.419349016,0.968595297,0,0.581157178,4,0.272727273,1.909090909,N4 S2 P1 O3,de-protonated,0,-9999,C11 H21 O3 N4 P1 S2,11,21,3,4,1,2,-9999,-9999,-9999
920,351.10289,351.102998684,351.102667922,55303812,-9999,792951.5,109.98,-1,0.94206721,0.855072742,0.933040155,0.886259707,17,0.125,0.666666667,O3,de-protonated,0,-9999,C24 H16 O3,24,16,3,-9999,-9999,-9999,-9999,-9999,-9999
921,351.108457,351.108565687,351.108541149,8355461.5,-9999,822680.9,14.94,-1,0.06988768,0.999114145,0,0.599468487,8,0.470588235,1.176470588,O8,de-protonated,0,-9999,C17 H20 O8,17,20,8,-9999,-9999,-9999,-9999,-9999,-9999
921,351.108457,351.108565687,351.108378958,8355461.5,-9999,822680.9,14.94,-1,0.531828639,0.949973438,0,0.569984063,3,0.166666667,2.083333333,N4 S2 P1 O2,de-protonated,0,-9999,C12 H25 O2 N4 P1 S2,12,25,2,4,1,2,-9999,-9999,-9999
922,351.12149899999997,351.121607693,351.121428308,13065866,-9999,836050.1,24.48,-1,0.510890867,0.953744153,0,0.572246492,3,0.571428571,1.785714286,P1 O8,de-protonated,0,-9999,C14 H25 O8 P1,14,25,8,-9999,1,-9999,-9999,-9999,-9999
923,351.13433,351.134438699,351.134379231,9633423,-9999,788059.6,17.53,-1,0.169360918,0.994809005,0,0.596885403,3,0.5,2,N4 S1 O6,de-protonated,0,-9999,C12 H24 O6 N4 S1,12,24,6,4,-9999,1,-9999,-9999,-9999
924,351.139283,351.139391702,351.139053431,7683728.5,-9999,939748.3,13.58,-1,0.963350812,0.845022092,0,0.507013255,16,0.08,0.8,O2,de-protonated,0,-9999,C25 H20 O2,25,20,2,-9999,-9999,-9999,-9999,-9999,-9999
926,351.157885,351.15799371,351.157813818,16440983,-9999,800504.6,31.31,-1,0.512283941,0.953497519,0,0.572098511,2,0.466666667,1.933333333,P1 O7,de-protonated,0,-9999,C15 H29 O7 P1,15,29,7,-9999,1,-9999,-9999,-9999,-9999
927,351.173136,351.173244717,351.173069959,46915228,-9999,798558.5,93,-1,0.497641798,0.96067437,0.990953902,0.972786183,6,0.210526316,1.526315789,P1 O4,de-protonated,0,-9999,C19 H29 O4 P1,19,29,4,-9999,1,-9999,-9999,-9999,-9999
928,351.194243,351.194351727,351.194199327,9854628,-9999,780733.5,17.98,-1,0.433948721,0.966408291,0,0.579844974,1,0.375,2.0625,P1 O6,de-protonated,0,-9999,C16 H33 O6 P1,16,33,6,-9999,1,-9999,-9999,-9999,-9999
929,352.106236,352.106345157,352.106022757,8937445,-9999,933116.9,16.12,-1,0.915632021,0.858882364,0.933040155,0.88854548,17,0.125,0.666666667,13C1 O3,de-protonated,1,920,C23 H16 O3 13C1,23,16,3,-9999,-9999,-9999,1,-9999,-9999
930,352.176471,352.17658019,352.176424794,10264574,-9999,827835.9,18.81,-1,0.441243706,0.965289392,0.990953902,0.975555196,6,0.210526316,1.526315789,13C1 P1 O4,de-protonated,1,927,C18 H29 O4 P1 13C1,18,29,4,-9999,1,-9999,1,-9999,-9999
930,352.176471,352.17658019,352.17656114,10264574,-9999,827835.9,18.81,-1,0.054092217,0.999469228,0,0.599681537,6,0.333333333,1.5,N1 O6,de-protonated,0,-9999,C18 H27 O6 N1,18,27,6,1,-9999,-9999,-9999,-9999,-9999
931,353.030197,353.030306592,353.030290827,8560937,-9999,772249.4,15.36,-1,0.044656474,0.99963822,0,0.599782932,14,0.444444444,0.555555556,O8,de-protonated,0,-9999,C18 H10 O8,18,10,8,-9999,-9999,-9999,-9999,-9999,-9999
931,353.030197,353.030306592,353.030128635,8560937,-9999,772249.4,15.36,-1,0.504082806,0.954940718,0,0.572964431,9,0.153846154,1.153846154,N4 S2 P1 O2,de-protonated,0,-9999,C13 H15 O2 N4 P1 S2,13,15,2,4,1,2,-9999,-9999,-9999
932,353.087705,353.087814619,353.087805704,9052477,-9999,896150.8,16.35,-1,0.025247966,0.99988434,0,0.599930604,8,0.5625,1.125,O9,de-protonated,0,-9999,C16 H18 O9,16,18,9,-9999,-9999,-9999,-9999,-9999,-9999
932,353.087705,353.087814619,353.087643513,9052477,-9999,896150.8,16.35,-1,0.484599453,0.958284284,0,0.57497057,3,0.272727273,2.090909091,N4 S2 P1 O3,de-protonated,0,-9999,C11 H23 O3 N4 P1 S2,11,23,3,4,1,2,-9999,-9999,-9999
933,353.124125,353.124234636,353.124191213,7192905.5,-9999,723538.7,12.59,-1,0.122966775,0.997260106,0,0.598356064,7,0.470588235,1.294117647,O8,de-protonated,0,-9999,C17 H22 O8,17,22,8,-9999,-9999,-9999,-9999,-9999,-9999
933,353.124125,353.124234636,353.124029022,7192905.5,-9999,723538.7,12.59,-1,0.582270976,0.940335766,0,0.564201459,2,0.166666667,2.25,N4 S2 P1 O2,de-protonated,0,-9999,C12 H27 O2 N4 P1 S2,12,27,2,4,1,2,-9999,-9999,-9999
934,353.137144,353.137253642,353.137078373,17686862,-9999,785930,33.83,-1,0.496320302,0.956287239,0,0.573772343,2,0.571428571,1.928571429,P1 O8,de-protonated,0,-9999,C14 H27 O8 P1,14,27,8,-9999,1,-9999,-9999,-9999,-9999
935,353.145194,353.145303646,353.145320581,9462097,-9999,822404.8,17.18,-1,-0.047956459,0.999582787,0,0.599749672,2,0.714285714,1.857142857,O10,de-protonated,0,-9999,C14 H26 O10,14,26,10,-9999,-9999,-9999,-9999,-9999,-9999
937,353.173535,353.173644659,353.173463882,8986971,-9999,814708,16.22,-1,0.511864283,0.95357188,0,0.572143128,1,0.466666667,2.066666667,P1 O7,de-protonated,0,-9999,C15 H31 O7 P1,15,31,7,-9999,1,-9999,-9999,-9999,-9999
938,353.188782,353.188891666,353.188720024,9486688,-9999,872299.7,17.23,-1,0.485980326,0.958051271,0,0.574830762,5,0.210526316,1.631578947,P1 O4,de-protonated,0,-9999,C19 H31 O4 P1,19,31,4,-9999,1,-9999,-9999,-9999,-9999
939,355.009434,355.009544523,355.009555382,19112922,-9999,830486,36.72,-1,-0.030586021,0.999830268,0,0.599898161,14,0.529411765,0.470588235,O9,de-protonated,0,-9999,C17 H8 O9,17,8,9,-9999,-9999,-9999,-9999,-9999,-9999
939,355.009434,355.009544523,355.00939319,19112922,-9999,830486,36.72,-1,0.426278862,0.967565935,0,0.580539561,9,0.25,1.083333333,N4 S2 P1 O3,de-protonated,0,-9999,C12 H13 O3 N4 P1 S2,12,13,3,4,1,2,-9999,-9999,-9999
940,355.045809,355.04591954,355.045940891,8872934,-9999,784459.4,15.99,-1,-0.060134631,0.999344065,0,0.599606439,13,0.444444444,0.666666667,O8,de-protonated,0,-9999,C18 H12 O8,18,12,8,-9999,-9999,-9999,-9999,-9999,-9999
940,355.045809,355.04591954,355.0457787,8872934,-9999,784459.4,15.99,-1,0.396683418,0.971851412,0,0.583110847,8,0.153846154,1.307692308,N4 S2 P1 O2,de-protonated,0,-9999,C13 H17 O2 N4 P1 S2,13,17,2,4,1,2,-9999,-9999,-9999
941,355.103351,355.103461568,355.103455768,7955449.5,-9999,857651.8,14.13,-1,0.01633079,0.99995161,0,0.599970966,7,0.5625,1.25,O9,de-protonated,0,-9999,C16 H20 O9,16,20,9,-9999,-9999,-9999,-9999,-9999,-9999
941,355.103351,355.103461568,355.103293577,7955449.5,-9999,857651.8,14.13,-1,0.47307488599999997,0.960205276,0,0.576123166,2,0.272727273,2.272727273,N4 S2 P1 O3,de-protonated,0,-9999,C11 H25 O3 N4 P1 S2,11,25,3,4,1,2,-9999,-9999,-9999
942,355.140754,355.140864585,355.140710658,8037382.5,-9999,766197.8,14.29,-1,0.433426814,0.966487675,0,0.579892605,5,0.166666667,1.555555556,S2 O3,de-protonated,0,-9999,C18 H28 O3 S2,18,28,3,-9999,-9999,2,-9999,-9999,-9999
942,355.140754,355.140864585,355.141178688,8037382.5,-9999,766197.8,14.29,-1,-0.884445854,0.867675718,0,0.520605431,11,0.222222222,1.111111111,N4 O4,de-protonated,0,-9999,C18 H20 O4 N4,18,20,4,4,-9999,-9999,-9999,-9999,-9999
943,355.152794,355.152904591,355.152728437,9110539,-9999,850303.1,16.47,-1,0.495993584,0.956343496,0,0.573806098,1,0.571428571,2.071428571,P1 O8,de-protonated,0,-9999,C14 H29 O8 P1,14,29,8,-9999,1,-9999,-9999,-9999,-9999
944,355.158352,355.158462593,355.158468722,40887308,-9999,788322.1,80.79,-1,-0.017256942,0.999968483,0.96871974,0.987468986,5,0.277777778,1.555555556,S1 O5,de-protonated,0,-9999,C18 H28 O5 S1,18,28,5,-9999,-9999,1,-9999,-9999,-9999
945,355.1761,355.176210602,355.176226787,10544147,-9999,798413.2,19.37,-1,-0.04556987,0.999623272,0,0.599773963,5,0.388888889,1.555555556,O7,de-protonated,0,-9999,C18 H28 O7,18,28,7,-9999,-9999,-9999,-9999,-9999,-9999
946,356.111659,356.111770042,356.111458958,9954646,-9999,816328,18.18,-1,0.873557186,0.870694697,0,0.522416818,15,0.043478261,0.826086957,N1 S1 O1,de-protonated,0,-9999,C23 H19 O1 N1 S1,23,19,1,1,-9999,1,-9999,-9999,-9999
946,356.111659,356.111770042,356.1115919,9954646,-9999,816328,18.18,-1,0.500242053,0.955609328,0,0.573365597,2,0.75,2,N1 P1 O9,de-protonated,0,-9999,C12 H24 O9 N1 P1,12,24,9,1,1,-9999,-9999,-9999,-9999
947,356.161715,356.161826066,356.161823557,9856359,-9999,917199.2,17.98,-1,0.007042577,0.999991001,0.96871974,0.987482496,5,0.277777778,1.555555556,13C1 S1 O5,de-protonated,1,944,C17 H28 O5 S1 13C1,17,28,5,-9999,-9999,1,1,-9999,-9999
947,356.161715,356.161826066,356.161579781,9856359,-9999,917199.2,17.98,-1,0.691498497,0.916894053,0,0.550136432,10,0.210526316,1.210526316,N3 O4,de-protonated,0,-9999,C19 H23 O4 N3,19,23,4,3,-9999,-9999,-9999,-9999,-9999
948,356.171372,356.17148307,356.171475759,15983978,-9999,817714.4,30.38,-1,0.020526554,0.999923551,0,0.599954131,5,0.411764706,1.588235294,N1 O7,de-protonated,0,-9999,C17 H27 O7 N1,17,27,7,1,-9999,-9999,-9999,-9999,-9999
949,357.025092,357.025203472,357.025205446,21128848,-9999,783644.5,40.79,-1,-0.00552889,0.999994453,0,0.599996672,13,0.529411765,0.588235294,O9,de-protonated,0,-9999,C17 H10 O9,17,10,9,-9999,-9999,-9999,-9999,-9999,-9999
949,357.025092,357.025203472,357.025043255,21128848,-9999,783644.5,40.79,-1,0.448756691,0.964118948,0,0.578471369,8,0.25,1.25,N4 S2 P1 O3,de-protonated,0,-9999,C12 H15 O3 N4 P1 S2,12,15,3,4,1,2,-9999,-9999,-9999
950,357.061476,357.061587489,357.061590955,7415452.5,-9999,746079.5,13.03,-1,-0.009707501,0.999982901,0,0.599989741,12,0.444444444,0.777777778,O8,de-protonated,0,-9999,C18 H14 O8,18,14,8,-9999,-9999,-9999,-9999,-9999,-9999
950,357.061476,357.061587489,357.061428764,7415452.5,-9999,746079.5,13.03,-1,0.444531785,0.964779401,0,0.57886764,7,0.153846154,1.461538462,N4 S2 P1 O2,de-protonated,0,-9999,C13 H19 O2 N4 P1 S2,13,19,2,4,1,2,-9999,-9999,-9999
951,357.11898,357.119091516,357.119105833,8758960,-9999,807070.9,15.75,-1,-0.040088913,0.999708433,0,0.59982506,6,0.5625,1.375,O9,de-protonated,0,-9999,C16 H22 O9,16,22,9,-9999,-9999,-9999,-9999,-9999,-9999
951,357.11898,357.119091516,357.118943642,8758960,-9999,807070.9,15.75,-1,0.414077203,0.969367794,0,0.581620676,1,0.272727273,2.454545455,N4 S2 P1 O3,de-protonated,0,-9999,C11 H27 O3 N4 P1 S2,11,27,3,4,1,2,-9999,-9999,-9999
952,357.138739,357.138850526,357.139070688,9594551,-9999,861185.8,17.45,-1,-0.616461103,0.933368766,0,0.56002126,10,0.111111111,1.222222222,N4 S1 O2,de-protonated,0,-9999,C18 H22 O2 N4 S1,18,22,2,4,-9999,1,-9999,-9999,-9999
953,357.147299,357.14741053,357.147249134,7317178,-9999,835226.6,12.84,-1,0.451903114,0.963623326,0,0.578173995,5,0.352941176,1.588235294,P1 O6,de-protonated,0,-9999,C17 H27 O6 P1,17,27,6,-9999,1,-9999,-9999,-9999,-9999
954,357.155363,357.155474533,357.155491342,11708093,-9999,836421.2,21.72,-1,-0.047062807,0.999598189,0,0.599758913,5,0.470588235,1.529411765,O8,de-protonated,0,-9999,C17 H26 O8,17,26,8,-9999,-9999,-9999,-9999,-9999,-9999
955,357.191778,357.191889551,357.191876852,13903561,-9999,779853.6,26.17,-1,0.035552465,0.999770679,0,0.599862408,4,0.388888889,1.666666667,O7,de-protonated,0,-9999,C18 H30 O7,18,30,7,-9999,-9999,-9999,-9999,-9999,-9999
956,357.228134,357.228245568,357.228262361,7112405.5,-9999,894096.8,12.42,-1,-0.047009674,0.999599095,0,0.599759457,3,0.315789474,1.789473684,O6,de-protonated,0,-9999,C19 H34 O6,19,34,6,-9999,-9999,-9999,-9999,-9999,-9999
957,359.040751,359.040863421,359.040855511,7629120.5,-9999,884187.4,13.47,-1,0.022032101,0.999911926,0,0.599947156,12,0.529411765,0.705882353,O9,de-protonated,0,-9999,C17 H12 O9,17,12,9,-9999,-9999,-9999,-9999,-9999,-9999
957,359.040751,359.040863421,359.040693319,7629120.5,-9999,884187.4,13.47,-1,0.473767341,0.960091051,0,0.576054631,7,0.25,1.416666667,N4 S2 P1 O3,de-protonated,0,-9999,C12 H17 O3 N4 P1 S2,12,17,3,4,1,2,-9999,-9999,-9999
958,359.077131,359.077243438,359.07724102,8628557,-9999,820628.9,15.49,-1,0.006734483,0.999991771,0,0.599995062,11,0.444444444,0.888888889,O8,de-protonated,0,-9999,C18 H16 O8,18,16,8,-9999,-9999,-9999,-9999,-9999,-9999
958,359.077131,359.077243438,359.077078829,8628557,-9999,820628.9,15.49,-1,0.458423941,0.96258597,0,0.577551582,6,0.153846154,1.615384615,N4 S2 P1 O2,de-protonated,0,-9999,C13 H21 O2 N4 P1 S2,13,21,2,4,1,2,-9999,-9999,-9999
959,359.113546,359.113658455,359.113626529,7522649,-9999,809236.3,13.25,-1,0.0889022,0.99856693,0,0.599140158,10,0.368421053,1.052631579,O7,de-protonated,0,-9999,C19 H20 O7,19,20,7,-9999,-9999,-9999,-9999,-9999,-9999
959,359.113546,359.113658455,359.11346433800003,7522649,-9999,809236.3,13.25,-1,0.54054593,0.948363441,0,0.569018064,5,0.071428571,1.785714286,N4 S2 P1 O1,de-protonated,0,-9999,C14 H25 O1 N4 P1 S2,14,25,1,4,1,2,-9999,-9999,-9999
960,359.12659,359.126702461,359.126513689,9111902,-9999,788187.4,16.47,-1,0.525643623,0.951101499,0,0.5706609,5,0.4375,1.5625,P1 O7,de-protonated,0,-9999,C16 H25 O7 P1,16,25,7,-9999,1,-9999,-9999,-9999,-9999
961,359.134654,359.134766465,359.134755897,9251168,-9999,906677,16.75,-1,0.029425912,0.999842899,0,0.599905739,5,0.5625,1.5,O9,de-protonated,0,-9999,C16 H24 O9,16,24,9,-9999,-9999,-9999,-9999,-9999,-9999
962,359.162959,359.163071479,359.162899198,12200298,-9999,812092.7,22.72,-1,0.479671849,0.959110836,0,0.575466502,4,0.352941176,1.705882353,P1 O6,de-protonated,0,-9999,C17 H29 O6 P1,17,29,6,-9999,1,-9999,-9999,-9999,-9999
963,359.171035,359.171147482,359.171141407,13003117,-9999,842942.5,24.34,-1,0.016915734,0.999948081,0,0.599968849,4,0.470588235,1.647058824,O8,de-protonated,0,-9999,C17 H28 O8,17,28,8,-9999,-9999,-9999,-9999,-9999,-9999
964,359.207426,359.207538499,359.207526916,12478841,-9999,832807.3,23.28,-1,0.032247163,0.999811333,0,0.5998868,3,0.388888889,1.777777778,O7,de-protonated,0,-9999,C18 H32 O7,18,32,7,-9999,-9999,-9999,-9999,-9999,-9999
965,361.092763,361.092876387,361.092891084,9440247,-9999,821066.2,17.07,-1,-0.040702645,0.999699438,0,0.599819663,10,0.444444444,1,O8,de-protonated,0,-9999,C18 H18 O8,18,18,8,-9999,-9999,-9999,-9999,-9999,-9999
965,361.092763,361.092876387,361.092728893,9440247,-9999,821066.2,17.07,-1,0.408465423,0.970180032,0,0.582108019,5,0.153846154,1.769230769,N4 S2 P1 O2,de-protonated,0,-9999,C13 H23 O2 N4 P1 S2,13,23,2,4,1,2,-9999,-9999,-9999
966,361.129201,361.129314404,361.129276594,11840515,-9999,799601,21.91,-1,0.104700365,0.998012906,0,0.598807744,9,0.368421053,1.157894737,O7,de-protonated,0,-9999,C19 H22 O7,19,22,7,-9999,-9999,-9999,-9999,-9999,-9999
966,361.129201,361.129314404,361.129114402,11840515,-9999,799601,21.91,-1,0.553823242,0.945866373,0,0.567519824,4,0.071428571,1.928571429,N4 S2 P1 O1,de-protonated,0,-9999,C14 H27 O1 N4 P1 S2,14,27,1,4,1,2,-9999,-9999,-9999
967,361.142224,361.14233741,361.142163753,19835912,-9999,796566.7,38.04,-1,0.480854756,0.958913122,0,0.575347873,4,0.4375,1.6875,P1 O7,de-protonated,0,-9999,C16 H27 O7 P1,16,27,7,-9999,1,-9999,-9999,-9999,-9999
968,361.15025,361.150363414,361.150405962,7703562.5,-9999,799606.9,13.57,-1,-0.117811814,0.997484729,0,0.598490837,4,0.5625,1.625,O9,de-protonated,0,-9999,C16 H26 O9,16,26,9,-9999,-9999,-9999,-9999,-9999,-9999
969,361.165571,361.165684421,361.165662103,7195663.5,-9999,901464.2,12.54,-1,0.061794738,0.999307362,0,0.599584417,8,0.3,1.3,O6,de-protonated,0,-9999,C20 H26 O6,20,26,6,-9999,-9999,-9999,-9999,-9999,-9999
970,361.178613,361.178726427,361.178549263,13003796,-9999,817123.3,24.26,-1,0.490518352,0.957281242,0,0.574368745,3,0.352941176,1.823529412,P1 O6,de-protonated,0,-9999,C17 H31 O6 P1,17,31,6,-9999,1,-9999,-9999,-9999,-9999
971,362.145522,362.145635883,362.145654934,7253337,-9999,858853.2,12.66,-1,-0.052607223,0.999497963,0,0.599698778,4,0.6,1.666666667,N1 O9,de-protonated,0,-9999,C15 H25 O9 N1,15,25,9,1,-9999,-9999,-9999,-9999,-9999
972,362.969499,362.96961327,362.969361596,14052973,-9999,796325.5,26.37,-1,0.693377603,0.916461208,0,0.549876725,8,0.9,0.9,N2 S1 P1 O9,de-protonated,0,-9999,C10 H9 O9 N2 P1 S1,10,9,9,2,1,1,-9999,-9999,-9999
973,363.07066,363.070774318,363.070656038,13987471,-9999,849068.6,26.24,-1,0.325777817,0.980926874,0,0.588556125,0,0.636363636,2.272727273,S2 P1 O7,de-protonated,0,-9999,C11 H25 O7 P1 S2,11,25,7,-9999,1,2,-9999,-9999,-9999
973,363.07066,363.070774318,363.071124068,13987471,-9999,849068.6,26.24,-1,-0.96331066,0.845033954,0,0.507020372,6,0.727272727,1.545454545,N4 P1 O8,de-protonated,0,-9999,C11 H17 O8 N4 P1,11,17,8,4,1,-9999,-9999,-9999,-9999
974,363.072013,363.072127319,363.072155639,7442063.5,-9999,732018.6,13.04,-1,-0.078003358,0.99889658,0,0.599337948,10,0.529411765,0.941176471,O9,de-protonated,0,-9999,C17 H16 O9,17,16,9,-9999,-9999,-9999,-9999,-9999,-9999
974,363.072013,363.072127319,363.071993448,7442063.5,-9999,732018.6,13.04,-1,0.368716082,0.975633544,0,0.585380127,5,0.25,1.75,N4 S2 P1 O3,de-protonated,0,-9999,C12 H21 O3 N4 P1 S2,12,21,3,4,1,2,-9999,-9999,-9999
975,363.085076,363.085190325,363.084909857,11660948,-9999,758233.9,21.55,-1,0.77245695,0.897386554,0,0.538431932,18,0.04,0.64,S1 O1,de-protonated,0,-9999,C25 H16 O1 S1,25,16,1,-9999,-9999,1,-9999,-9999,-9999
975,363.085076,363.085190325,363.085042799,11660948,-9999,758233.9,21.55,-1,0.406311785,0.970488981,0,0.582293388,5,0.642857143,1.5,P1 O9,de-protonated,0,-9999,C14 H21 O9 P1,14,21,9,-9999,1,-9999,-9999,-9999,-9999
976,363.108428,363.108542336,363.108541149,11120284,-9999,849774.2,20.46,-1,0.003268842,0.999998061,0,0.599998837,9,0.444444444,1.111111111,O8,de-protonated,0,-9999,C18 H20 O8,18,20,8,-9999,-9999,-9999,-9999,-9999,-9999
976,363.108428,363.108542336,363.108378958,11120284,-9999,849774.2,20.46,-1,0.449943554,0.963932371,0,0.578359422,4,0.153846154,1.923076923,N4 S2 P1 O2,de-protonated,0,-9999,C13 H25 O2 N4 P1 S2,13,25,2,4,1,2,-9999,-9999,-9999
977,363.121497,363.121611342,363.121428308,11595424,-9999,801374.8,21.41,-1,0.504055977,0.954945404,0,0.572967243,4,0.533333333,1.666666667,P1 O8,de-protonated,0,-9999,C15 H25 O8 P1,15,25,8,-9999,1,-9999,-9999,-9999,-9999
978,363.144826,363.144940353,363.144926658,8613544,-9999,745243.6,15.4,-1,0.037711468,0.999741985,0,0.599845191,8,0.368421053,1.263157895,O7,de-protonated,0,-9999,C19 H24 O7,19,24,7,-9999,-9999,-9999,-9999,-9999,-9999
978,363.144826,363.144940353,363.144764467,8613544,-9999,745243.6,15.4,-1,0.48434144,0.958327754,0,0.574996653,3,0.071428571,2.071428571,N4 S2 P1 O1,de-protonated,0,-9999,C14 H29 O1 N4 P1 S2,14,29,1,4,1,2,-9999,-9999,-9999
979,363.157872,363.157986359,363.157813818,27782828,-9999,779402.4,54.06,-1,0.475113829,0.9598685,0,0.5759211,3,0.4375,1.8125,P1 O7,de-protonated,0,-9999,C16 H29 O7 P1,16,29,7,-9999,1,-9999,-9999,-9999,-9999
980,363.181209,363.18132337,363.181312168,8826548,-9999,825536.4,15.83,-1,0.030845488,0.999827377,0,0.599896426,7,0.3,1.4,O6,de-protonated,0,-9999,C20 H28 O6,20,28,6,-9999,-9999,-9999,-9999,-9999,-9999
981,363.194256,363.194370376,363.194199327,19394232,-9999,788540,37.14,-1,0.470957622,0.96055358,0,0.576332148,2,0.352941176,1.941176471,P1 O6,de-protonated,0,-9999,C17 H33 O6 P1,17,33,6,-9999,1,-9999,-9999,-9999,-9999
982,364.161189,364.161303831,364.161304998,9433083,-9999,849425.3,17.05,-1,-0.003204888,0.999998136,0,0.599998882,3,0.6,1.8,N1 O9,de-protonated,0,-9999,C15 H27 O9 N1,15,27,9,1,-9999,-9999,-9999,-9999,-9999
983,365.087678,365.087793267,365.087805704,9810223,-9999,822832.2,17.81,-1,-0.034064318,0.999789473,0,0.599873684,9,0.529411765,1.058823529,O9,de-protonated,0,-9999,C17 H18 O9,17,18,9,-9999,-9999,-9999,-9999,-9999,-9999
983,365.087678,365.087793267,365.087643513,9810223,-9999,822832.2,17.81,-1,0.410188801,0.9699317,0,0.58195902,4,0.25,1.916666667,N4 S2 P1 O3,de-protonated,0,-9999,C12 H23 O3 N4 P1 S2,12,23,3,4,1,2,-9999,-9999,-9999
984,365.100763,365.100878274,365.100559922,16937266,-9999,782411.4,32.19,-1,0.871956626,0.871136191,0,0.522681715,17,0.04,0.72,S1 O1,de-protonated,0,-9999,C25 H18 O1 S1,25,18,1,-9999,-9999,1,-9999,-9999,-9999
984,365.100763,365.100878274,365.100692864,16937266,-9999,782411.4,32.19,-1,0.507832842,0.954283423,0,0.572570054,4,0.642857143,1.642857143,P1 O9,de-protonated,0,-9999,C14 H23 O9 P1,14,23,9,-9999,1,-9999,-9999,-9999,-9999
985,365.124082,365.124197285,365.124191213,8671547,-9999,812153.7,15.52,-1,0.016628094,0.999949832,0,0.599969899,8,0.444444444,1.222222222,O8,de-protonated,0,-9999,C18 H22 O8,18,22,8,-9999,-9999,-9999,-9999,-9999,-9999
985,365.124082,365.124197285,365.124029022,8671547,-9999,812153.7,15.52,-1,0.460836965,0.962198618,0,0.577319171,3,0.153846154,2.076923077,N4 S2 P1 O2,de-protonated,0,-9999,C13 H27 O2 N4 P1 S2,13,27,2,4,1,2,-9999,-9999,-9999
986,365.137148,365.137263291,365.137078373,16134463,-9999,774164.3,30.57,-1,0.506434189,0.954529091,0,0.572717455,3,0.533333333,1.8,P1 O8,de-protonated,0,-9999,C15 H27 O8 P1,15,27,8,-9999,1,-9999,-9999,-9999,-9999
987,365.152394,365.152509298,365.152334514,34664772,-9999,770493.4,67.94,-1,0.478659919,0.956425988,0.997244096,0.972753231,7,0.263157895,1.421052632,P1 O5,de-protonated,0,-9999,C19 H27 O5 P1,19,27,5,-9999,1,-9999,-9999,-9999,-9999
988,365.154913,365.155028299,365.154703496,8466757,-9999,736281.2,15.1,-1,0.889494917,0.866266726,0,0.519760036,16,0.076923077,0.846153846,O2,de-protonated,0,-9999,C26 H22 O2,26,22,2,-9999,-9999,-9999,-9999,-9999,-9999
989,365.160454,365.160569302,365.160576723,9269575,-9999,822237.2,16.72,-1,-0.020322317,0.999925065,0,0.599955039,7,0.368421053,1.368421053,O7,de-protonated,0,-9999,C19 H26 O7,19,26,7,-9999,-9999,-9999,-9999,-9999,-9999
989,365.160454,365.160569302,365.160414531,9269575,-9999,822237.2,16.72,-1,0.423842275,0.967929665,0,0.580757799,2,0.071428571,2.214285714,N4 S2 P1 O1,de-protonated,0,-9999,C14 H31 O1 N4 P1 S2,14,31,1,4,1,2,-9999,-9999,-9999
990,365.173543,365.173658308,365.173463882,15757643,-9999,773590.9,29.81,-1,0.532420073,0.949864948,0,0.569918969,2,0.4375,1.9375,P1 O7,de-protonated,0,-9999,C16 H31 O7 P1,16,31,7,-9999,1,-9999,-9999,-9999,-9999
991,365.196831,365.196946319,365.196962232,7819603,-9999,737658.7,13.8,-1,-0.043574117,0.999655542,0,0.599793325,6,0.3,1.5,O6,de-protonated,0,-9999,C20 H30 O6,20,30,6,-9999,-9999,-9999,-9999,-9999,-9999
992,365.209926,365.210041325,365.209849392,16626007,-9999,794907.1,31.56,-1,0.525542943,0.951119764,0,0.570671858,1,0.352941176,2.058823529,P1 O6,de-protonated,0,-9999,C17 H35 O6 P1,17,35,6,-9999,1,-9999,-9999,-9999,-9999
993,366.13238,366.132495759,366.132327345,7221896.5,-9999,818242.6,12.59,-1,0.45998175,0.962336117,0,0.57740167,3,0.571428571,1.857142857,N1 P1 O8,de-protonated,0,-9999,C14 H26 O8 N1 P1,14,26,8,1,1,-9999,-9999,-9999,-9999
994,366.155761,366.15587677,366.155689349,7262864,-9999,799391.7,12.67,-1,0.511861594,0.953572357,0.997244096,0.971041052,7,0.263157895,1.421052632,13C1 P1 O5,de-protonated,1,987,C18 H27 O5 P1 13C1,18,27,5,-9999,1,-9999,1,-9999,-9999
994,366.155761,366.15587677,366.155825695,7262864,-9999,799391.7,12.67,-1,0.139490925,0.996475648,0,0.597885389,7,0.388888889,1.388888889,N1 O7,de-protonated,0,-9999,C18 H25 O7 N1,18,25,7,1,-9999,-9999,-9999,-9999,-9999
995,367.066943,367.067059199,367.067070259,7500732.5,-9999,811492.2,13.15,-1,-0.030130384,0.999835287,0,0.599901172,9,0.625,1,O10,de-protonated,0,-9999,C16 H16 O10,16,16,10,-9999,-9999,-9999,-9999,-9999,-9999
995,367.066943,367.067059199,367.066908068,7500732.5,-9999,811492.2,13.15,-1,0.411727276,0.969709183,0,0.58182551,4,0.363636364,1.909090909,N4 S2 P1 O4,de-protonated,0,-9999,C11 H21 O4 N4 P1 S2,11,21,4,4,1,2,-9999,-9999,-9999
996,367.103334,367.103450216,367.103455768,9376713,-9999,777577.8,16.94,-1,-0.015124051,0.999958497,0,0.599975098,8,0.529411765,1.176470588,O9,de-protonated,0,-9999,C17 H20 O9,17,20,9,-9999,-9999,-9999,-9999,-9999,-9999
996,367.103334,367.103450216,367.103293577,9376713,-9999,777577.8,16.94,-1,0.426689821,0.967504396,0,0.580502638,3,0.25,2.083333333,N4 S2 P1 O3,de-protonated,0,-9999,C12 H25 O3 N4 P1 S2,12,25,3,4,1,2,-9999,-9999,-9999
997,367.116399,367.116515222,367.116209986,7730125,-9999,849198,13.62,-1,0.831443043,0.882113074,0,0.529267844,16,0.04,0.8,S1 O1,de-protonated,0,-9999,C25 H20 O1 S1,25,20,1,-9999,-9999,1,-9999,-9999,-9999
997,367.116399,367.116515222,367.116342928,7730125,-9999,849198,13.62,-1,0.469318493,0.960822241,0,0.576493345,3,0.642857143,1.785714286,P1 O9,de-protonated,0,-9999,C14 H25 O9 P1,14,25,9,-9999,1,-9999,-9999,-9999,-9999
998,367.131657,367.13177323,367.131599069,9040850,-9999,774670.9,16.26,-1,0.474381344,0.959989639,0,0.575993783,7,0.333333333,1.388888889,P1 O6,de-protonated,0,-9999,C18 H25 O6 P1,18,25,6,-9999,1,-9999,-9999,-9999,-9999
999,367.139725,367.139841233,367.139841278,7148500.5,-9999,910648.7,12.44,-1,-1.20692e-4,0.999999997,0,0.599999998,7,0.444444444,1.333333333,O8,de-protonated,0,-9999,C18 H24 O8,18,24,8,-9999,-9999,-9999,-9999,-9999,-9999
999,367.139725,367.139841233,367.139679086,7148500.5,-9999,910648.7,12.44,-1,0.441649401,0.965226657,0,0.579135994,2,0.153846154,2.230769231,N4 S2 P1 O2,de-protonated,0,-9999,C13 H29 O2 N4 P1 S2,13,29,2,4,1,2,-9999,-9999,-9999
1001,367.15279,367.15290624,367.152728437,19723224,-9999,761710.8,37.81,-1,0.484273316,0.958339229,0,0.575003537,2,0.533333333,1.933333333,P1 O8,de-protonated,0,-9999,C15 H29 O8 P1,15,29,8,-9999,1,-9999,-9999,-9999,-9999
1002,367.168055,367.168171247,367.167984579,27685854,-9999,760232,53.87,-1,0.508399895,0.954183647,0,0.572510188,6,0.263157895,1.526315789,P1 O5,de-protonated,0,-9999,C19 H29 O5 P1,19,29,5,-9999,1,-9999,-9999,-9999,-9999
1003,367.176093,367.176209251,367.176226787,7304160.5,-9999,841974.7,12.76,-1,-0.047760557,0.999586188,0,0.599751713,6,0.368421053,1.473684211,O7,de-protonated,0,-9999,C19 H28 O7,19,28,7,-9999,-9999,-9999,-9999,-9999,-9999
1003,367.176093,367.176209251,367.176064596,7304160.5,-9999,841974.7,12.76,-1,0.393965737,0.972230396,0,0.583338238,1,0.071428571,2.357142857,N4 S2 P1 O1,de-protonated,0,-9999,C14 H33 O1 N4 P1 S2,14,33,1,4,1,2,-9999,-9999,-9999
1004,367.189177,367.189293257,367.189113947,9688037,-9999,784717.8,17.56,-1,0.488331601,0.957653114,0,0.574591868,1,0.4375,2.0625,P1 O7,de-protonated,0,-9999,C16 H33 O7 P1,16,33,7,-9999,1,-9999,-9999,-9999,-9999
1005,368.171407,368.171523719,368.171475759,7681319.5,-9999,816052.1,13.52,-1,0.130264806,0.996925747,0,0.598155448,6,0.388888889,1.5,N1 O7,de-protonated,0,-9999,C18 H27 O7 N1,18,27,7,1,-9999,-9999,-9999,-9999,-9999
1006,369.025101,369.025218121,369.025205446,15513151,-9999,774865.6,29.31,-1,0.034346835,0.999785967,0,0.59987158,14,0.5,0.555555556,O9,de-protonated,0,-9999,C18 H10 O9,18,10,9,-9999,-9999,-9999,-9999,-9999,-9999
1006,369.025101,369.025218121,369.025043255,15513151,-9999,774865.6,29.31,-1,0.473859921,0.960075767,0,0.57604546,9,0.230769231,1.153846154,N4 S2 P1 O3,de-protonated,0,-9999,C13 H15 O3 N4 P1 S2,13,15,3,4,1,2,-9999,-9999,-9999
1007,369.118993,369.119110165,369.119105833,9434718,-9999,780257.9,17.05,-1,0.011736824,0.999975005,0,0.599985003,7,0.529411765,1.294117647,O9,de-protonated,0,-9999,C17 H22 O9,17,22,9,-9999,-9999,-9999,-9999,-9999,-9999
1007,369.118993,369.119110165,369.118943642,9434718,-9999,780257.9,17.05,-1,0.451138092,0.963744126,0,0.578246476,2,0.25,2.25,N4 S2 P1 O3,de-protonated,0,-9999,C12 H27 O3 N4 P1 S2,12,27,3,4,1,2,-9999,-9999,-9999
1008,369.155415,369.155532182,369.155491342,8935017,-9999,815743.2,16.04,-1,0.110631108,0.99778167,0,0.598669002,6,0.444444444,1.444444444,O8,de-protonated,0,-9999,C18 H26 O8,18,26,8,-9999,-9999,-9999,-9999,-9999,-9999
1008,369.155415,369.155532182,369.155329151,8935017,-9999,815743.2,16.04,-1,0.54998911,0.946593002,0,0.567955801,1,0.153846154,2.384615385,N4 S2 P1 O2,de-protonated,0,-9999,C13 H31 O2 N4 P1 S2,13,31,2,4,1,2,-9999,-9999,-9999
1010,369.183695,369.183812196,369.183634643,19789426,-9999,785055.6,37.94,-1,0.480932839,0.958900055,0,0.575340033,5,0.263157895,1.631578947,P1 O5,de-protonated,0,-9999,C19 H31 O5 P1,19,31,5,-9999,1,-9999,-9999,-9999,-9999
1011,369.191795,369.191912199,369.191876852,7476853.5,-9999,817899,13.1,-1,0.095743863,0.998338063,0,0.599002838,5,0.368421053,1.578947368,O7,de-protonated,0,-9999,C19 H30 O7,19,30,7,-9999,-9999,-9999,-9999,-9999,-9999
1011,369.191795,369.191912199,369.19171466,7476853.5,-9999,817899,13.1,-1,0.535058557,0.949379638,0,0.569627783,0,0.071428571,2.5,N4 S2 P1 O1,de-protonated,0,-9999,C14 H35 O1 N4 P1 S2,14,35,1,4,1,2,-9999,-9999,-9999
1012,370.127294,370.12741164,370.127109023,8763302,-9999,807792.4,15.7,-1,0.8176026,0.885773742,0,0.531464245,15,0.041666667,0.875,N1 S1 O1,de-protonated,0,-9999,C24 H21 O1 N1 S1,24,21,1,1,-9999,1,-9999,-9999,-9999
1012,370.127294,370.12741164,370.127241965,8763302,-9999,807792.4,15.7,-1,0.458423854,0.962585984,0,0.577551591,2,0.692307692,2,N1 P1 O9,de-protonated,0,-9999,C13 H26 O9 N1 P1,13,26,9,1,1,-9999,-9999,-9999,-9999
1013,371.004375,371.004493053,371.004470001,7174339.5,-9999,826563.5,12.44,-1,0.062132533,0.999299771,0,0.599579863,14,0.588235294,0.470588235,O10,de-protonated,0,-9999,C17 H8 O10,17,8,10,-9999,-9999,-9999,-9999,-9999,-9999
1013,371.004375,371.004493053,371.00430781,7174339.5,-9999,826563.5,12.44,-1,0.499300881,0.955772461,0,0.573463476,9,0.333333333,1.083333333,N4 S2 P1 O4,de-protonated,0,-9999,C12 H13 O4 N4 P1 S2,12,13,4,4,1,2,-9999,-9999,-9999
1014,371.040703,371.04082107,371.040855511,9099471,-9999,802283.4,16.31,-1,-0.092822127,0.998437869,0,0.599062721,13,0.5,0.666666667,O9,de-protonated,0,-9999,C18 H12 O9,18,12,9,-9999,-9999,-9999,-9999,-9999,-9999
1014,371.040703,371.04082107,371.040693319,9099471,-9999,802283.4,16.31,-1,0.344303282,0.978719897,0,0.587231938,8,0.230769231,1.307692308,N4 S2 P1 O3,de-protonated,0,-9999,C13 H17 O3 N4 P1 S2,13,17,3,4,1,2,-9999,-9999,-9999
1015,371.13462,371.134738114,371.134755897,7960814,-9999,863550.4,14.02,-1,-0.047916158,0.999583488,0,0.599750093,6,0.529411765,1.411764706,O9,de-protonated,0,-9999,C17 H24 O9,17,24,9,-9999,-9999,-9999,-9999,-9999,-9999
1015,371.13462,371.134738114,371.134593706,7960814,-9999,863550.4,14.02,-1,0.389098674,0.972902966,0,0.58374178,1,0.25,2.416666667,N4 S2 P1 O3,de-protonated,0,-9999,C12 H29 O3 N4 P1 S2,12,29,3,4,1,2,-9999,-9999,-9999
1016,371.162945,371.163063127,371.162899198,7272695,-9999,849664.6,12.64,-1,0.441663545,0.965224469,0,0.579134682,5,0.333333333,1.611111111,P1 O6,de-protonated,0,-9999,C18 H29 O6 P1,18,29,6,-9999,1,-9999,-9999,-9999,-9999
1017,371.171011,371.171129131,371.171141407,11041018,-9999,831120.6,20.21,-1,-0.033072537,0.999801552,0,0.599880931,5,0.444444444,1.555555556,O8,de-protonated,0,-9999,C18 H28 O8,18,28,8,-9999,-9999,-9999,-9999,-9999,-9999
1019,371.199351,371.199469144,371.199284708,8583427,-9999,815772.3,15.27,-1,0.496867631,0.956192919,0,0.573715752,4,0.263157895,1.736842105,P1 O5,de-protonated,0,-9999,C19 H33 O5 P1,19,33,5,-9999,1,-9999,-9999,-9999,-9999
1020,371.207404,371.207522148,371.207526916,9599237,-9999,848448.5,17.32,-1,-0.012844001,0.999970067,0,0.59998204,4,0.368421053,1.684210526,O7,de-protonated,0,-9999,C19 H32 O7,19,32,7,-9999,-9999,-9999,-9999,-9999,-9999
1021,372.303746,372.303864664,372.303690208,55704168,-9999,747657.1,109.95,-1,0.468586638,0.958887404,0.999943201,0.975309723,1,0.095238095,2.095238095,N1 P1 O2,de-protonated,0,-9999,C21 H44 O2 N1 P1,21,44,2,1,1,-9999,-9999,-9999,-9999
1022,373.019993,373.020112001,373.020120066,28572496,-9999,774403.9,55.44,-1,-0.021618658,0.999915201,0,0.59994912,13,0.588235294,0.588235294,O10,de-protonated,0,-9999,C17 H10 O10,17,10,10,-9999,-9999,-9999,-9999,-9999,-9999
1022,373.019993,373.020112001,373.019957874,28572496,-9999,774403.9,55.44,-1,0.413187371,0.96949728,0,0.581698368,8,0.333333333,1.25,N4 S2 P1 O4,de-protonated,0,-9999,C12 H15 O4 N4 P1 S2,12,15,4,4,1,2,-9999,-9999,-9999
1023,373.092812,373.092931036,373.092891084,7920487.5,-9999,740280.4,13.94,-1,0.107081601,0.997921587,0,0.598752952,11,0.421052632,0.947368421,O8,de-protonated,0,-9999,C19 H18 O8,19,18,8,-9999,-9999,-9999,-9999,-9999,-9999
1023,373.092812,373.092931036,373.092728893,7920487.5,-9999,740280.4,13.94,-1,0.541802877,0.948129363,0,0.568877618,6,0.142857143,1.642857143,N4 S2 P1 O2,de-protonated,0,-9999,C14 H23 O2 N4 P1 S2,14,23,2,4,1,2,-9999,-9999,-9999
1024,373.101872,373.10199104,373.10162255,37813100,-9999,753824.9,74,-1,0.987639256,0.418893776,0.807789663,0.574452131,15,0.090909091,0.818181818,N2 S1 O2,de-protonated,0,-9999,C22 H18 O2 N2 S1,22,18,2,2,-9999,1,-9999,-9999,-9999
1024,373.101872,373.10199104,373.101755492,37813100,-9999,753824.9,74,-1,0.631323963,0.93023318,0,0.558139908,2,0.909090909,2.090909091,N2 P1 O10,de-protonated,0,-9999,C11 H23 O10 N2 P1,11,23,10,2,1,-9999,-9999,-9999,-9999
1025,373.150279,373.150398063,373.150405962,10017658,-9999,761466.1,18.16,-1,-0.021168339,0.999918696,0,0.599951218,5,0.529411765,1.529411765,O9,de-protonated,0,-9999,C17 H26 O9,17,26,9,-9999,-9999,-9999,-9999,-9999,-9999
1026,373.178606,373.178725076,373.178549263,7183235,-9999,772331.9,12.46,-1,0.471124346,0.960526205,0,0.576315723,4,0.333333333,1.722222222,P1 O6,de-protonated,0,-9999,C18 H31 O6 P1,18,31,6,-9999,1,-9999,-9999,-9999,-9999
1027,373.186668,373.18678708,373.186791471,12499846,-9999,824357.3,23.14,-1,-0.011766748,0.999974878,0,0.599984927,4,0.444444444,1.666666667,O8,de-protonated,0,-9999,C18 H30 O8,18,30,8,-9999,-9999,-9999,-9999,-9999,-9999
1028,373.223042,373.223161097,373.22317698,7019409.5,-9999,819794.6,12.13,-1,-0.042557439,0.999671426,0,0.599802855,3,0.368421053,1.789473684,O7,de-protonated,0,-9999,C19 H34 O7,19,34,7,-9999,-9999,-9999,-9999,-9999,-9999
1029,373.30711,373.307229137,373.307045043,12647340,-9999,756917.1,23.44,-1,0.493143067,0.95683289,0.999943201,0.974077015,1,0.095238095,2.095238095,13C1 N1 P1 O2,de-protonated,1,1021,C20 H44 O2 N1 P1 13C1,20,44,2,1,1,-9999,1,-9999,-9999
1029,373.30711,373.307229137,373.307181388,12647340,-9999,756917.1,23.44,-1,0.12790582,0.997035919,0,0.598221552,1,0.2,2.1,N2 O4,de-protonated,0,-9999,C20 H42 O4 N2,20,42,4,2,-9999,-9999,-9999,-9999,-9999
1031,374.319439,374.319558613,374.319340272,6978802,-9999,840170.7,12.05,-1,0.58330122,0.9401309,0,0.56407854,0,0.095238095,2.19047619,N1 P1 O2,de-protonated,0,-9999,C21 H46 O2 N1 P1,21,46,2,1,1,-9999,-9999,-9999,-9999
1033,375.035681,375.03580095,375.03577013,7790040,-9999,803189.7,13.68,-1,0.082179352,0.998775347,0,0.599265208,12,0.588235294,0.705882353,O10,de-protonated,0,-9999,C17 H12 O10,17,12,10,-9999,-9999,-9999,-9999,-9999,-9999
1033,375.035681,375.03580095,375.035607939,7790040,-9999,803189.7,13.68,-1,0.514648536,0.953077492,0,0.571846495,7,0.333333333,1.416666667,N4 S2 P1 O4,de-protonated,0,-9999,C12 H17 O4 N4 P1 S2,12,17,4,4,1,2,-9999,-9999,-9999
1034,375.072055,375.072174967,375.072155639,8019427.5,-9999,774866.1,14.14,-1,0.051531335,0.999518283,0,0.59971097,11,0.5,0.888888889,O9,de-protonated,0,-9999,C18 H16 O9,18,16,9,-9999,-9999,-9999,-9999,-9999,-9999
1034,375.072055,375.072174967,375.071993448,8019427.5,-9999,774866.1,14.14,-1,0.483958553,0.958392225,0,0.575035335,6,0.230769231,1.615384615,N4 S2 P1 O3,de-protonated,0,-9999,C13 H21 O3 N4 P1 S2,13,21,3,4,1,2,-9999,-9999,-9999
1035,375.099827,375.099946981,375.10029894,40762860,-9999,738609.9,79.93,-1,-0.93830855,0.845523022,0.98399062,0.900910061,10,0.315789474,1.105263158,P1 O6,de-protonated,0,-9999,C19 H21 O6 P1,19,21,6,-9999,1,-9999,-9999,-9999,-9999
1035,375.099827,375.099946981,375.099647492,40762860,-9999,738609.9,79.93,-1,0.798424803,0.89076886,0,0.534461316,1,0.727272727,2.272727273,N2 S1 P1 O8,de-protonated,0,-9999,C11 H25 O8 N2 P1 S1,11,25,8,2,1,1,-9999,-9999,-9999
1036,375.121479,375.121598991,375.121428308,8429043,-9999,804819,14.96,-1,0.455005504,0.963131501,0,0.577878901,5,0.5,1.5625,P1 O8,de-protonated,0,-9999,C16 H25 O8 P1,16,25,8,-9999,1,-9999,-9999,-9999,-9999
1037,375.157853,375.157973008,375.157813818,12353023,-9999,750901.3,22.85,-1,0.424328326,0.967857264,0,0.580714358,4,0.411764706,1.705882353,P1 O7,de-protonated,0,-9999,C17 H29 O7 P1,17,29,7,-9999,1,-9999,-9999,-9999,-9999
1038,375.202324,375.202444029,375.202441536,7241229.5,-9999,773147.9,12.58,-1,0.006644895,0.999991988,0,0.599995193,3,0.444444444,1.777777778,O8,de-protonated,0,-9999,C18 H32 O8,18,32,8,-9999,-9999,-9999,-9999,-9999,-9999
1039,376.103163,376.103283453,376.103653775,7446317.5,-9999,790616.2,12.99,-1,-0.984629053,0.838690544,0.98399062,0.896810574,10,0.315789474,1.105263158,13C1 P1 O6,de-protonated,1,1035,C18 H21 O6 P1 13C1,18,21,6,-9999,1,-9999,1,-9999,-9999
1040,377.087666,377.087786916,377.087805704,7495783.5,-9999,753716.1,13.09,-1,-0.049823081,0.999549684,0,0.599729811,10,0.5,1,O9,de-protonated,0,-9999,C18 H18 O9,18,18,9,-9999,-9999,-9999,-9999,-9999,-9999
1040,377.087666,377.087786916,377.087643513,7495783.5,-9999,753716.1,13.09,-1,0.380292636,0.974099757,0,0.584459854,5,0.230769231,1.769230769,N4 S2 P1 O3,de-protonated,0,-9999,C13 H23 O3 N4 P1 S2,13,23,3,4,1,2,-9999,-9999,-9999
1041,377.12406,377.124180933,377.124191213,8601715,-9999,720874.6,15.31,-1,-0.027258645,0.999865187,0,0.599919112,9,0.421052632,1.157894737,O8,de-protonated,0,-9999,C19 H22 O8,19,22,8,-9999,-9999,-9999,-9999,-9999,-9999
1041,377.12406,377.124180933,377.124029022,8601715,-9999,720874.6,15.31,-1,0.402815583,0.970987256,0,0.582592354,4,0.142857143,1.928571429,N4 S2 P1 O2,de-protonated,0,-9999,C14 H27 O2 N4 P1 S2,14,27,2,4,1,2,-9999,-9999,-9999
1042,377.13713,377.13725094,377.137078373,14647415,-9999,745805.5,27.46,-1,0.457570199,0.962722568,0,0.577633541,4,0.5,1.6875,P1 O8,de-protonated,0,-9999,C16 H27 O8 P1,16,27,8,-9999,1,-9999,-9999,-9999,-9999
1043,377.160464,377.160584951,377.160576723,7544959,-9999,705239.3,13.18,-1,0.021815356,0.999913651,0,0.59994819,8,0.35,1.3,O7,de-protonated,0,-9999,C20 H26 O7,20,26,7,-9999,-9999,-9999,-9999,-9999,-9999
1043,377.160464,377.160584951,377.160414531,7544959,-9999,705239.3,13.18,-1,0.451848115,0.963632016,0,0.57817921,3,0.066666667,2.066666667,N4 S2 P1 O1,de-protonated,0,-9999,C15 H31 O1 N4 P1 S2,15,31,1,4,1,2,-9999,-9999,-9999
1044,377.173515,377.173635957,377.173463882,59244676,-9999,744830,117.06,-1,0.456221029,0.960955706,0.992467246,0.973560322,3,0.411764706,1.823529412,P1 O7,de-protonated,0,-9999,C17 H31 O7 P1,17,31,7,-9999,1,-9999,-9999,-9999,-9999
1045,378.140454,378.140575412,378.140569554,7971254.5,-9999,866424.9,14.04,-1,0.015492376,0.999956451,0,0.59997387,4,0.666666667,1.666666667,N1 O10,de-protonated,0,-9999,C15 H25 O10 N1,15,25,10,1,-9999,-9999,-9999,-9999,-9999
1046,378.176879,378.177000429,378.176818717,10273218,-9999,808772.2,18.67,-1,0.480494053,0.958973458,0.992467246,0.972370973,3,0.411764706,1.823529412,13C1 P1 O7,de-protonated,1,1044,C16 H31 O7 P1 13C1,16,31,7,-9999,1,-9999,1,-9999,-9999
1046,378.176879,378.177000429,378.176955063,10273218,-9999,808772.2,18.67,-1,0.11995996,0.997392288,0,0.598435373,3,0.5625,1.8125,N1 O9,de-protonated,0,-9999,C16 H29 O9 N1,16,29,9,1,-9999,-9999,-9999,-9999,-9999
1047,379.045815,379.045936838,379.045940891,9822934,-9999,721647.3,17.76,-1,-0.010692532,0.999979255,0,0.599987553,15,0.4,0.6,O8,de-protonated,0,-9999,C20 H12 O8,20,12,8,-9999,-9999,-9999,-9999,-9999,-9999
1047,379.045815,379.045936838,379.0457787,9822934,-9999,721647.3,17.76,-1,0.417201241,0.968911123,0,0.581346674,10,0.133333333,1.133333333,N4 S2 P1 O2,de-protonated,0,-9999,C15 H17 O2 N4 P1 S2,15,17,2,4,1,2,-9999,-9999,-9999
1048,379.079999,379.080120854,379.079824477,8209121,-9999,788850.1,14.52,-1,0.781833302,0.895016679,0,0.537010008,18,0.08,0.64,S1 O2,de-protonated,0,-9999,C25 H16 O2 S1,25,16,2,-9999,-9999,1,-9999,-9999,-9999
1048,379.079999,379.080120854,379.079957419,8209121,-9999,788850.1,14.52,-1,0.431137277,0.966834869,0,0.580100921,5,0.714285714,1.5,P1 O10,de-protonated,0,-9999,C14 H21 O10 P1,14,21,10,-9999,1,-9999,-9999,-9999,-9999
1049,379.103341,379.103462865,379.103455768,9159400,-9999,747593.2,16.43,-1,0.018719715,0.999936417,0,0.59996185,9,0.5,1.111111111,O9,de-protonated,0,-9999,C18 H20 O9,18,20,9,-9999,-9999,-9999,-9999,-9999,-9999
1049,379.103341,379.103462865,379.103293577,9159400,-9999,747593.2,16.43,-1,0.446548583,0.96446485,0,0.57867891,4,0.230769231,1.923076923,N4 S2 P1 O3,de-protonated,0,-9999,C13 H25 O3 N4 P1 S2,13,25,3,4,1,2,-9999,-9999,-9999
1050,379.116385,379.116506871,379.116209986,9290476,-9999,860173.6,16.69,-1,0.783097639,0.894695413,0,0.536817248,17,0.038461538,0.769230769,S1 O1,de-protonated,0,-9999,C26 H20 O1 S1,26,20,1,-9999,-9999,1,-9999,-9999,-9999
1050,379.116385,379.116506871,379.116342928,9290476,-9999,860173.6,16.69,-1,0.432435272,0.966638246,0,0.579982948,4,0.6,1.666666667,P1 O9,de-protonated,0,-9999,C15 H25 O9 P1,15,25,9,-9999,1,-9999,-9999,-9999,-9999
1051,379.139715,379.139836882,379.139841278,8807156,-9999,753396.6,15.72,-1,-0.011593397,0.999975612,0,0.599985367,8,0.421052632,1.263157895,O8,de-protonated,0,-9999,C19 H24 O8,19,24,8,-9999,-9999,-9999,-9999,-9999,-9999
1051,379.139715,379.139836882,379.139679086,8807156,-9999,753396.6,15.72,-1,0.4161944,0.969058654,0,0.581435192,3,0.142857143,2.071428571,N4 S2 P1 O2,de-protonated,0,-9999,C14 H29 O2 N4 P1 S2,14,29,2,4,1,2,-9999,-9999,-9999
1052,379.15277,379.152891888,379.152728437,16204536,-9999,787941.7,30.58,-1,0.431095557,0.96684118,0,0.580104708,3,0.5,1.8125,P1 O8,de-protonated,0,-9999,C16 H29 O8 P1,16,29,8,-9999,1,-9999,-9999,-9999,-9999
1053,379.170546,379.170667897,379.17035356,21005054,-9999,765196.3,40.23,-1,0.829011053,0.882759659,0,0.529655796,16,0.074074074,0.888888889,O2,de-protonated,0,-9999,C27 H24 O2,27,24,2,-9999,-9999,-9999,-9999,-9999,-9999
1054,379.176133,379.176254899,379.176226787,8463103,-9999,782523.6,15.03,-1,0.074140392,0.99900311,0,0.599401866,7,0.35,1.4,O7,de-protonated,0,-9999,C20 H28 O7,20,28,7,-9999,-9999,-9999,-9999,-9999,-9999
1054,379.176133,379.176254899,379.176064596,8463103,-9999,782523.6,15.03,-1,0.501887176,0.955323509,0,0.573194105,2,0.066666667,2.2,N4 S2 P1 O1,de-protonated,0,-9999,C15 H33 O1 N4 P1 S2,15,33,1,4,1,2,-9999,-9999,-9999
1055,379.189167,379.189288906,379.189113947,16597763,-9999,773483.2,31.37,-1,0.461402591,0.962107549,0,0.577264529,2,0.411764706,1.941176471,P1 O7,de-protonated,0,-9999,C17 H33 O7 P1,17,33,7,-9999,1,-9999,-9999,-9999,-9999
1056,380.184416,380.184538374,380.184362919,9643070,-9999,759135.2,17.4,-1,0.461500139,0.962091833,0,0.5772551,2,0.4375,2,N1 P1 O7,de-protonated,0,-9999,C16 H32 O7 N1 P1,16,32,7,1,1,-9999,-9999,-9999,-9999
1057,381.082566,381.082688797,381.082720324,8062298,-9999,789573.5,14.22,-1,-0.082729321,0.99875891000000006,0,0.599255346,9,0.588235294,1.058823529,O10,de-protonated,0,-9999,C17 H18 O10,17,18,10,-9999,-9999,-9999,-9999,-9999,-9999
1057,381.082566,381.082688797,381.082558132,8062298,-9999,789573.5,14.22,-1,0.342877449,0.978893913,0,0.587336348,4,0.333333333,1.916666667,N4 S2 P1 O4,de-protonated,0,-9999,C12 H23 O4 N4 P1 S2,12,23,4,4,1,2,-9999,-9999,-9999
1058,381.118972,381.119094814,381.119105833,8045925.5,-9999,738475.6,14.19,-1,-0.028912031,0.999848338,0,0.599909003,8,0.5,1.222222222,O9,de-protonated,0,-9999,C18 H22 O9,18,22,9,-9999,-9999,-9999,-9999,-9999,-9999
1058,381.118972,381.119094814,381.118943642,8045925.5,-9999,738475.6,14.19,-1,0.396654129,0.97185551,0,0.583113306,3,0.230769231,2.076923077,N4 S2 P1 O3,de-protonated,0,-9999,C13 H27 O3 N4 P1 S2,13,27,3,4,1,2,-9999,-9999,-9999
1059,381.132032,381.13215482,381.131860051,12748138,-9999,752597.3,23.64,-1,0.773405247,0.897147887,0,0.538288732,16,0.038461538,0.846153846,S1 O1,de-protonated,0,-9999,C26 H22 O1 S1,26,22,1,-9999,-9999,1,-9999,-9999,-9999
1059,381.132032,381.13215482,381.131992992,12748138,-9999,752597.3,23.64,-1,0.424597393,0.96781715,0,0.58069029,3,0.6,1.8,P1 O9,de-protonated,0,-9999,C15 H27 O9 P1,15,27,9,-9999,1,-9999,-9999,-9999,-9999
1060,381.14729,381.147412827,381.147249134,11076974,-9999,801627.1,20.28,-1,0.429475861,0.96708573900000006,0,0.580251444,7,0.315789474,1.421052632,P1 O6,de-protonated,0,-9999,C19 H27 O6 P1,19,27,6,-9999,1,-9999,-9999,-9999,-9999
1061,381.149852,381.149974828,381.149618115,7226735,-9999,666082.2,12.54,-1,0.935887148,0.853057659,0,0.511834596,16,0.115384615,0.846153846,O3,de-protonated,0,-9999,C26 H22 O3,26,22,3,-9999,-9999,-9999,-9999,-9999,-9999
1062,381.155376,381.155498831,381.155491342,9618801,-9999,790272.8,17.35,-1,0.01964778,0.999929957,0,0.599957974,7,0.421052632,1.368421053,O8,de-protonated,0,-9999,C19 H26 O8,19,26,8,-9999,-9999,-9999,-9999,-9999,-9999
1062,381.155376,381.155498831,381.155329151,9618801,-9999,790272.8,17.35,-1,0.445173336,0.964679484,0,0.578807691,2,0.142857143,2.214285714,N4 S2 P1 O2,de-protonated,0,-9999,C14 H31 O2 N4 P1 S2,14,31,2,4,1,2,-9999,-9999,-9999
1063,381.168419,381.168541837,381.168378502,28050806,-9999,721385.5,54.38,-1,0.428512538,0.967230785,0,0.580338471,2,0.5,1.9375,P1 O8,de-protonated,0,-9999,C16 H31 O8 P1,16,31,8,-9999,1,-9999,-9999,-9999,-9999
1064,381.191746,381.191868848,381.191876852,8988028,-9999,784210.9,16.08,-1,-0.020995647,0.999920017,0,0.59995201,6,0.35,1.5,O7,de-protonated,0,-9999,C20 H30 O7,20,30,7,-9999,-9999,-9999,-9999,-9999,-9999
1064,381.191746,381.191868848,381.19171466,8988028,-9999,784210.9,16.08,-1,0.404489274,0.970749229,0,0.582449537,1,0.066666667,2.333333333,N4 S2 P1 O1,de-protonated,0,-9999,C15 H35 O1 N4 P1 S2,15,35,1,4,1,2,-9999,-9999,-9999
1065,381.204787,381.204909854,381.204764011,11912577,-9999,737514.1,21.96,-1,0.382584932,0.973790718,0,0.584274431,1,0.411764706,2.058823529,P1 O7,de-protonated,0,-9999,C17 H35 O7 P1,17,35,7,-9999,1,-9999,-9999,-9999,-9999
1066,382.127292,382.127415289,382.127109023,8980131,-9999,754141.9,16,-1,0.801475936,0.889980217,0,0.53398813,16,0.04,0.84,N1 S1 O1,de-protonated,0,-9999,C25 H21 O1 N1 S1,25,21,1,1,-9999,1,-9999,-9999,-9999
1066,382.127292,382.127415289,382.127241965,8980131,-9999,754141.9,16,-1,0.45357654,0.963358423,0,0.578015054,3,0.642857143,1.857142857,N1 P1 O9,de-protonated,0,-9999,C14 H26 O9 N1 P1,14,26,9,1,1,-9999,-9999,-9999,-9999
1067,383.04068,383.040803719,383.040855511,7014338,-9999,847504.8,12.07,-1,-0.135212772,0.996688162,0,0.598012897,14,0.473684211,0.631578947,O9,de-protonated,0,-9999,C19 H12 O9,19,12,9,-9999,-9999,-9999,-9999,-9999,-9999
1067,383.04068,383.040803719,383.040693319,7014338,-9999,847504.8,12.07,-1,0.288218239,0.98504013,0,0.591024078,9,0.214285714,1.214285714,N4 S2 P1 O3,de-protonated,0,-9999,C14 H17 O3 N4 P1 S2,14,17,3,4,1,2,-9999,-9999,-9999
1068,383.061849,383.061972729,383.061984879,7038921,-9999,769312.9,12.11,-1,-0.031718394,0.999817469,0,0.599890481,9,0.6875,1,O11,de-protonated,0,-9999,C16 H16 O11,16,16,11,-9999,-9999,-9999,-9999,-9999,-9999
1068,383.061849,383.061972729,383.061822687,7038921,-9999,769312.9,12.11,-1,0.391689305,0.972545955,0,0.583527573,4,0.454545455,1.909090909,N4 S2 P1 O5,de-protonated,0,-9999,C11 H21 O5 N4 P1 S2,11,21,5,4,1,2,-9999,-9999,-9999
1069,383.098239,383.098362746,383.098370388,10520532,-9999,782039,19.08,-1,-0.019948743,0.999927795,0,0.599956677,8,0.588235294,1.176470588,O10,de-protonated,0,-9999,C17 H20 O10,17,20,10,-9999,-9999,-9999,-9999,-9999,-9999
1069,383.098239,383.098362746,383.098208197,10520532,-9999,782039,19.08,-1,0.403418747,0.970901583,0,0.58254095,3,0.333333333,2.083333333,N4 S2 P1 O4,de-protonated,0,-9999,C12 H25 O4 N4 P1 S2,12,25,4,4,1,2,-9999,-9999,-9999
1070,383.126557,383.126680759,383.126513689,8153053,-9999,737374.5,14.34,-1,0.436070419,0.966084657,0,0.579650794,7,0.388888889,1.388888889,P1 O7,de-protonated,0,-9999,C18 H25 O7 P1,18,25,7,-9999,1,-9999,-9999,-9999,-9999
1071,383.134649,383.134772763,383.134755897,7333855.5,-9999,837788.7,12.7,-1,0.044019652,0.999648463,0,0.599789078,7,0.5,1.333333333,O9,de-protonated,0,-9999,C18 H24 O9,18,24,9,-9999,-9999,-9999,-9999,-9999,-9999
1071,383.134649,383.134772763,383.134593706,7333855.5,-9999,837788.7,12.7,-1,0.467346963,0.961144242,0,0.576686545,2,0.230769231,2.230769231,N4 S2 P1 O3,de-protonated,0,-9999,C13 H29 O3 N4 P1 S2,13,29,3,4,1,2,-9999,-9999,-9999
1072,383.16295,383.163073776,383.162899198,22874088,-9999,735013.7,43.8,-1,0.455623238,0.963033199,0,0.57781992,6,0.315789474,1.526315789,P1 O6,de-protonated,0,-9999,C19 H29 O6 P1,19,29,6,-9999,1,-9999,-9999,-9999,-9999
1073,383.171003,383.17112678,383.171141407,10225643,-9999,757528,18.49,-1,-0.038172965,0.999735632,0,0.599841379,6,0.421052632,1.473684211,O8,de-protonated,0,-9999,C19 H28 O8,19,28,8,-9999,-9999,-9999,-9999,-9999,-9999
1073,383.171003,383.17112678,383.170979215,10225643,-9999,757528,18.49,-1,0.385114112,0.973447702,0,0.584068621,1,0.142857143,2.357142857,N4 S2 P1 O2,de-protonated,0,-9999,C14 H33 O2 N4 P1 S2,14,33,2,4,1,2,-9999,-9999,-9999
1074,383.172067,383.17219078,383.172010787,19630060,-9999,718167.8,37.31,-1,0.469746869,0.960752111,0,0.576451267,5,0.15,1.6,S2 O3,de-protonated,0,-9999,C20 H32 O3 S2,20,32,3,-9999,-9999,2,-9999,-9999,-9999
1074,383.172067,383.17219078,383.172478817,19630060,-9999,718167.8,37.31,-1,-0.751715777,0.902548899,0,0.541529339,11,0.2,1.2,N4 O4,de-protonated,0,-9999,C20 H24 O4 N4,20,24,4,4,-9999,-9999,-9999,-9999,-9999
1075,383.20736900000003,383.207492797,383.207526916,12158966,-9999,774488,22.36,-1,-0.089035333,0.998562638,0,0.599137583,5,0.35,1.6,O7,de-protonated,0,-9999,C20 H32 O7,20,32,7,-9999,-9999,-9999,-9999,-9999,-9999
1075,383.20736900000003,383.207492797,383.207364725,12158966,-9999,774488,22.36,-1,0.334211532,0.979936665,0,0.587961999,0,0.066666667,2.466666667,N4 S2 P1 O1,de-protonated,0,-9999,C15 H37 O1 N4 P1 S2,15,37,1,4,1,2,-9999,-9999,-9999
1076,385.019965,385.02008965,385.020120066,7948846.5,-9999,780586.7,13.93,-1,-0.078996939,0.998868307,0,0.599320984,14,0.555555556,0.555555556,O10,de-protonated,0,-9999,C18 H10 O10,18,10,10,-9999,-9999,-9999,-9999,-9999,-9999
1076,385.019965,385.02008965,385.019957874,7948846.5,-9999,780586.7,13.93,-1,0.342257373,0.978969375,0,0.587381625,9,0.307692308,1.153846154,N4 S2 P1 O4,de-protonated,0,-9999,C13 H15 O4 N4 P1 S2,13,15,4,4,1,2,-9999,-9999,-9999
1077,385.056423,385.056547667,385.056505575,7236153.5,-9999,815754.8,12.51,-1,0.109314868,0.997834084,0,0.598700451,13,0.473684211,0.736842105,O9,de-protonated,0,-9999,C19 H14 O9,19,14,9,-9999,-9999,-9999,-9999,-9999,-9999
1077,385.056423,385.056547667,385.056343384,7236153.5,-9999,815754.8,12.51,-1,0.530529452,0.950211375,0,0.570126825,8,0.214285714,1.357142857,N4 S2 P1 O3,de-protonated,0,-9999,C14 H19 O3 N4 P1 S2,14,19,3,4,1,2,-9999,-9999,-9999
1078,385.113933,385.114057695,385.114020452,9202252,-9999,768974.1,16.44,-1,0.096703991,0.998304592,0,0.598982755,7,0.588235294,1.294117647,O10,de-protonated,0,-9999,C17 H22 O10,17,22,10,-9999,-9999,-9999,-9999,-9999,-9999
1078,385.113933,385.114057695,385.113858261,9202252,-9999,768974.1,16.44,-1,0.517855665,0.952505013,0,0.571503008,2,0.333333333,2.25,N4 S2 P1 O4,de-protonated,0,-9999,C12 H27 O4 N4 P1 S2,12,27,4,4,1,2,-9999,-9999,-9999
1079,385.142218,385.142342708,385.142163753,11749973,-9999,748700.9,21.54,-1,0.464645356,0.961583456,0,0.576950074,6,0.388888889,1.5,P1 O7,de-protonated,0,-9999,C18 H27 O7 P1,18,27,7,-9999,1,-9999,-9999,-9999,-9999
1080,385.15029,385.150414712,385.150405962,8882775,-9999,762445.6,15.8,-1,0.022717949,0.999906358,0,0.599943815,6,0.5,1.444444444,O9,de-protonated,0,-9999,C18 H26 O9,18,26,9,-9999,-9999,-9999,-9999,-9999,-9999
1080,385.15029,385.150414712,385.15024377,8882775,-9999,762445.6,15.8,-1,0.443829804,0.964888575,0,0.578933145,1,0.230769231,2.384615385,N4 S2 P1 O3,de-protonated,0,-9999,C13 H31 O3 N4 P1 S2,13,31,3,4,1,2,-9999,-9999,-9999
1081,385.170025,385.170149721,385.170370817,18745950,-9999,723136.2,35.54,-1,-0.574021341,0.941964743,0,0.565178846,10,0.1,1.3,N4 S1 O2,de-protonated,0,-9999,C20 H26 O2 N4 S1,20,26,2,4,-9999,1,-9999,-9999,-9999
1082,385.178601,385.178725725,385.178549263,28609120,-9999,724297.4,55.28,-1,0.458131157,0.962632842,0,0.577579705,5,0.315789474,1.631578947,P1 O6,de-protonated,0,-9999,C19 H31 O6 P1,19,31,6,-9999,1,-9999,-9999,-9999,-9999
1083,385.186697,385.186821729,385.186791471,14109282,-9999,738039.4,26.26,-1,0.078553097,0.998880981,0,0.599328589,5,0.421052632,1.578947368,O8,de-protonated,0,-9999,C19 H30 O8,19,30,8,-9999,-9999,-9999,-9999,-9999,-9999
1083,385.186697,385.186821729,385.18662928,14109282,-9999,738039.4,26.26,-1,0.499625196,0.955716279,0,0.573429767,0,0.142857143,2.5,N4 S2 P1 O2,de-protonated,0,-9999,C14 H35 O2 N4 P1 S2,14,35,2,4,1,2,-9999,-9999,-9999
1084,385.22305,385.223174746,385.22317698,10816110,-9999,717794.7,19.67,-1,-0.005800851,0.999993894,0,0.599996337,4,0.35,1.7,O7,de-protonated,0,-9999,C20 H34 O7,20,34,7,-9999,-9999,-9999,-9999,-9999,-9999
1085,386.181928,386.182053197,386.182040443,7105433,-9999,784937.8,12.25,-1,0.033025626,0.999802115,0,0.599881269,5,0.444444444,1.611111111,N1 O8,de-protonated,0,-9999,C18 H29 O8 N1,18,29,8,1,-9999,-9999,-9999,-9999,-9999
1086,387.035626,387.035751599,387.03577013,10276003,-9999,774470.4,18.59,-1,-0.04787938,0.999584127,0,0.599750476,13,0.555555556,0.666666667,O10,de-protonated,0,-9999,C18 H12 O10,18,12,10,-9999,-9999,-9999,-9999,-9999,-9999
1086,387.035626,387.035751599,387.035607939,10276003,-9999,774470.4,18.59,-1,0.371181086,0.975310726,0,0.585186436,8,0.307692308,1.307692308,N4 S2 P1 O4,de-protonated,0,-9999,C13 H17 O4 N4 P1 S2,13,17,4,4,1,2,-9999,-9999,-9999
1087,387.108444,387.108569633,387.108541149,7081146,-9999,714354.6,12.2,-1,0.073582839,0.99901804,0,0.599410824,11,0.4,1,O8,de-protonated,0,-9999,C20 H20 O8,20,20,8,-9999,-9999,-9999,-9999,-9999,-9999
1087,387.108444,387.108569633,387.108378958,7081146,-9999,714354.6,12.2,-1,0.492564578,0.956931895,0,0.574159137,6,0.133333333,1.666666667,N4 S2 P1 O2,de-protonated,0,-9999,C15 H25 O2 N4 P1 S2,15,25,2,4,1,2,-9999,-9999,-9999
1088,387.157843,387.157968657,387.157813818,8670409,-9999,860176.6,15.38,-1,0.399937373,0.971394414,0,0.582836648,5,0.388888889,1.611111111,P1 O7,de-protonated,0,-9999,C18 H29 O7 P1,18,29,7,-9999,1,-9999,-9999,-9999,-9999
1089,387.165938,387.16606366,387.166056026,11357388,-9999,757636.6,20.75,-1,0.019718153,0.999929454,0,0.599957673,5,0.5,1.555555556,O9,de-protonated,0,-9999,C18 H28 O9,18,28,9,-9999,-9999,-9999,-9999,-9999,-9999
1090,387.175678,387.175803665,387.175438941,7081167,-9999,851042.7,12.2,-1,0.942012917,0.851278921,0,0.510767352,18,0.034482759,0.827586207,O1,de-protonated,0,-9999,C29 H24 O1,29,24,1,-9999,-9999,-9999,-9999,-9999,-9999
1091,387.194245,387.194370674,387.194199327,19336404,-9999,734013.4,36.72,-1,0.442534173,0.965089656,0,0.579053793,4,0.315789474,1.736842105,P1 O6,de-protonated,0,-9999,C19 H33 O6 P1,19,33,6,-9999,1,-9999,-9999,-9999,-9999
1092,387.20231,387.202435678,387.202441536,13634775,-9999,732368.1,25.31,-1,-0.015129112,0.999958469,0,0.599975081,4,0.421052632,1.684210526,O8,de-protonated,0,-9999,C19 H32 O8,19,32,8,-9999,-9999,-9999,-9999,-9999,-9999
1093,387.238709,387.238834695,387.238827045,7908578.5,-9999,779089.7,13.85,-1,0.019754618,0.999929193,0,0.599957516,3,0.35,1.8,O7,de-protonated,0,-9999,C20 H36 O7,20,36,7,-9999,-9999,-9999,-9999,-9999,-9999
1095,389.087724,389.087850565,389.087805704,7728929.5,-9999,814412.3,13.49,-1,0.115298262,0.997590784,0,0.598554471,11,0.473684211,0.947368421,O9,de-protonated,0,-9999,C19 H18 O9,19,18,9,-9999,-9999,-9999,-9999,-9999,-9999
1095,389.087724,389.087850565,389.087643513,7728929.5,-9999,814412.3,13.49,-1,0.532148685,0.949914743,0,0.569948846,6,0.214285714,1.642857143,N4 S2 P1 O3,de-protonated,0,-9999,C14 H23 O3 N4 P1 S2,14,23,3,4,1,2,-9999,-9999,-9999
1096,389.096759,389.096885569,389.097188618,12275492,-9999,748284.9,22.59,-1,-0.778851989,0.895772626,0,0.537463576,24,0.033333333,0.466666667,O1,de-protonated,0,-9999,C30 H14 O1,30,14,1,-9999,-9999,-9999,-9999,-9999,-9999
1096,389.096759,389.096885569,389.09653717,12275492,-9999,748284.9,22.59,-1,0.89540648,0.864609788,0,0.518765873,15,0.136363636,0.818181818,N2 S1 O3,de-protonated,0,-9999,C22 H18 O3 N2 S1,22,18,3,2,-9999,1,-9999,-9999,-9999
1097,389.173512,389.173638605,389.173463882,10276668,-9999,760107.2,18.59,-1,0.448959853,0.964087043,0,0.578452226,4,0.388888889,1.722222222,P1 O7,de-protonated,0,-9999,C18 H31 O7 P1,18,31,7,-9999,1,-9999,-9999,-9999,-9999
1098,389.209881,389.210007623,389.209849392,8818503,-9999,823001.9,15.67,-1,0.406544262,0.970455705,0,0.582273423,3,0.315789474,1.842105263,P1 O6,de-protonated,0,-9999,C19 H35 O6 P1,19,35,6,-9999,1,-9999,-9999,-9999,-9999
1099,389.217962,389.218088626,389.2180916,7737162,-9999,698888.4,13.51,-1,-0.007640074,0.999989409,0,0.599993645,3,0.421052632,1.789473684,O8,de-protonated,0,-9999,C19 H34 O8,19,34,8,-9999,-9999,-9999,-9999,-9999,-9999
1100,391.094744,391.09487151,391.09521356,11309456,-9999,818356.5,20.66,-1,-0.874595341,0.870408022,0,0.522244813,10,0.368421053,1.105263158,P1 O7,de-protonated,0,-9999,C19 H21 O7 P1,19,21,7,-9999,1,-9999,-9999,-9999,-9999
1100,391.094744,391.09487151,391.094562111,11309456,-9999,818356.5,20.66,-1,0.791109512,0.892650249,0,0.535590149,1,0.818181818,2.272727273,N2 S1 P1 O9,de-protonated,0,-9999,C11 H25 O9 N2 P1 S1,11,25,9,2,1,1,-9999,-9999,-9999
1101,391.152782,391.152909537,391.152728437,14029218,-9999,709950.4,26.1,-1,0.462990146,0.961851393,0,0.577110836,4,0.470588235,1.705882353,P1 O8,de-protonated,0,-9999,C17 H29 O8 P1,17,29,8,-9999,1,-9999,-9999,-9999,-9999
1102,391.189157,391.189284554,391.189113947,12997037,-9999,765989.3,24.03,-1,0.436125714,0.966076203,0,0.579645722,3,0.388888889,1.833333333,P1 O7,de-protonated,0,-9999,C18 H33 O7 P1,18,33,7,-9999,1,-9999,-9999,-9999,-9999
1103,391.225557,391.225684571,391.225499456,7066040,-9999,813330.9,12.16,-1,0.473168075,0.960189913,0,0.576113948,2,0.315789474,1.947368421,P1 O6,de-protonated,0,-9999,C19 H37 O6 P1,19,37,6,-9999,1,-9999,-9999,-9999,-9999
1104,393.08257,393.082698446,393.082720324,7386102,-9999,722884.7,12.8,-1,-0.055657283,0.999438078,0,0.599662847,10,0.555555556,1,O10,de-protonated,0,-9999,C18 H18 O10,18,18,10,-9999,-9999,-9999,-9999,-9999,-9999
1104,393.08257,393.082698446,393.082558132,7386102,-9999,722884.7,12.8,-1,0.356956601,0.977145384,0,0.58628723,5,0.307692308,1.769230769,N4 S2 P1 O4,de-protonated,0,-9999,C13 H23 O4 N4 P1 S2,13,23,4,4,1,2,-9999,-9999,-9999
1105,393.118978,393.119106463,393.119105833,9081857,-9999,682715.9,16.2,-1,0.001602243,0.999999534,0,0.599999721,9,0.473684211,1.157894737,O9,de-protonated,0,-9999,C19 H22 O9,19,22,9,-9999,-9999,-9999,-9999,-9999,-9999
1105,393.118978,393.119106463,393.118943642,9081857,-9999,682715.9,16.2,-1,0.41417796,0.969353115,0,0.581611869,4,0.214285714,1.928571429,N4 S2 P1 O3,de-protonated,0,-9999,C14 H27 O3 N4 P1 S2,14,27,3,4,1,2,-9999,-9999,-9999
1106,393.132036,393.132164469,393.131860051,15586309,-9999,694984.5,29.21,-1,0.774341156,0.896912114,0,0.538147269,17,0.037037037,0.814814815,S1 O1,de-protonated,0,-9999,C27 H22 O1 S1,27,22,1,-9999,-9999,1,-9999,-9999,-9999
1106,393.132036,393.132164469,393.131992992,15586309,-9999,694984.5,29.21,-1,0.436180347,0.966067849,0,0.579640709,4,0.5625,1.6875,P1 O9,de-protonated,0,-9999,C16 H27 O9 P1,16,27,9,-9999,1,-9999,-9999,-9999,-9999
1107,393.155378,393.15550648,393.155491342,8311820.5,-9999,781232.2,14.66,-1,0.038502977,0.999731042,0,0.599838625,8,0.4,1.3,O8,de-protonated,0,-9999,C20 H26 O8,20,26,8,-9999,-9999,-9999,-9999,-9999,-9999
1107,393.155378,393.15550648,393.155329151,8311820.5,-9999,781232.2,14.66,-1,0.451040527,0.963759519,0,0.578255711,3,0.133333333,2.066666667,N4 S2 P1 O2,de-protonated,0,-9999,C15 H31 O2 N4 P1 S2,15,31,2,4,1,2,-9999,-9999,-9999
1108,393.168432,393.168560486,393.168378502,22647824,-9999,717601,43.34,-1,0.462865891,0.961871471,0,0.577122882,3,0.470588235,1.823529412,P1 O8,de-protonated,0,-9999,C17 H31 O8 P1,17,31,8,-9999,1,-9999,-9999,-9999,-9999
1109,393.204802,393.204930503,393.204764011,10195996,-9999,708319.5,18.43,-1,0.423423157,0.967992034,0,0.58079522,2,0.388888889,1.944444444,P1 O7,de-protonated,0,-9999,C18 H35 O7 P1,18,35,7,-9999,1,-9999,-9999,-9999,-9999
1110,394.090921,394.09104992,394.090723514,8394029,-9999,770623,14.82,-1,0.828252705,0.882960988,0,0.529776593,18,0.08,0.68,N1 S1 O2,de-protonated,0,-9999,C25 H17 O2 N1 S1,25,17,2,1,-9999,1,-9999,-9999,-9999
1110,394.090921,394.09104992,394.090856455,8394029,-9999,770623,14.82,-1,0.490914658,0.957213686,0,0.574328211,5,0.714285714,1.571428571,N1 P1 O10,de-protonated,0,-9999,C14 H22 O10 N1 P1,14,22,10,1,1,-9999,-9999,-9999,-9999
1111,394.163675,394.163803955,394.163627474,9565508,-9999,698802,17.16,-1,0.447734173,0.964279323,0,0.578567594,3,0.5,1.875,N1 P1 O8,de-protonated,0,-9999,C16 H30 O8 N1 P1,16,30,8,1,1,-9999,-9999,-9999,-9999
1112,394.171809,394.171937958,394.171869682,7116102,-9999,705399.4,12.26,-1,0.173213438,0.994570806,0,0.596742483,3,0.625,1.8125,N1 O10,de-protonated,0,-9999,C16 H29 O10 N1,16,29,10,1,-9999,-9999,-9999,-9999,-9999
1113,395.040786,395.040915367,395.040855511,7059026,-9999,756586,12.09,-1,0.151520608,0.995842876,0,0.597505726,15,0.45,0.6,O9,de-protonated,0,-9999,C20 H12 O9,20,12,9,-9999,-9999,-9999,-9999,-9999,-9999
1113,395.040786,395.040915367,395.040693319,7059026,-9999,756586,12.09,-1,0.562089335,0.944284576,0,0.566570746,10,0.2,1.133333333,N4 S2 P1 O3,de-protonated,0,-9999,C15 H17 O3 N4 P1 S2,15,17,3,4,1,2,-9999,-9999,-9999
1114,395.098232,395.098361394,395.098370388,8975972,-9999,763098.3,15.9,-1,-0.022762781,0.999905988,0,0.599943593,9,0.555555556,1.111111111,O10,de-protonated,0,-9999,C18 H20 O10,18,20,10,-9999,-9999,-9999,-9999,-9999,-9999
1114,395.098232,395.098361394,395.098208197,8975972,-9999,763098.3,15.9,-1,0.387746108,0.973088472,0,0.583853083,4,0.307692308,1.923076923,N4 S2 P1 O4,de-protonated,0,-9999,C13 H25 O4 N4 P1 S2,13,25,4,4,1,2,-9999,-9999,-9999
1115,395.134648,395.134777412,395.134755897,8066671,-9999,674808.6,14.09,-1,0.054447893,0.999462227,0,0.599677336,8,0.473684211,1.263157895,O9,de-protonated,0,-9999,C19 H24 O9,19,24,9,-9999,-9999,-9999,-9999,-9999,-9999
1115,395.134648,395.134777412,395.134593706,8066671,-9999,674808.6,14.09,-1,0.464919012,0.961539073,0,0.576923444,3,0.214285714,2.071428571,N4 S2 P1 O3,de-protonated,0,-9999,C14 H29 O3 N4 P1 S2,14,29,3,4,1,2,-9999,-9999,-9999
1116,395.147699,395.147828418,395.147510115,13063795,-9999,752846.9,24.04,-1,0.805528442,0.888929179,0,0.533357507,16,0.037037037,0.888888889,S1 O1,de-protonated,0,-9999,C27 H24 O1 S1,27,24,1,-9999,-9999,1,-9999,-9999,-9999
1116,395.147699,395.147828418,395.147643057,13063795,-9999,752846.9,24.04,-1,0.469092582,0.960859201,0,0.576515521,3,0.5625,1.8125,P1 O9,de-protonated,0,-9999,C16 H29 O9 P1,16,29,9,-9999,1,-9999,-9999,-9999,-9999
1117,395.165433,395.165562426,395.16526818,7198328.5,-9999,844092.8,12.36,-1,0.744615456,0.904290501,0,0.542574301,16,0.111111111,0.888888889,O3,de-protonated,0,-9999,C27 H24 O3,27,24,3,-9999,-9999,-9999,-9999,-9999,-9999
1118,395.171043,395.171172429,395.171141407,8443514,-9999,756326.5,14.84,-1,0.07850279,0.998882413,0,0.599329448,7,0.4,1.4,O8,de-protonated,0,-9999,C20 H28 O8,20,28,8,-9999,-9999,-9999,-9999,-9999,-9999
1118,395.171043,395.171172429,395.170979215,8443514,-9999,756326.5,14.84,-1,0.488936124,0.957550463,0,0.574530278,2,0.133333333,2.2,N4 S2 P1 O2,de-protonated,0,-9999,C15 H33 O2 N4 P1 S2,15,33,2,4,1,2,-9999,-9999,-9999
1119,395.184067,395.184196435,395.184028566,19797630,-9999,718529.2,37.45,-1,0.424785886,0.967789035,0,0.580673421,2,0.470588235,1.941176471,P1 O8,de-protonated,0,-9999,C17 H33 O8 P1,17,33,8,-9999,1,-9999,-9999,-9999,-9999
1120,397.017573,397.017703298,397.017618142,16947378,-9999,697162,31.77,-1,0.214488491,0.991687141,0,0.595012285,19,0.217391304,0.434782609,S1 O5,de-protonated,0,-9999,C23 H10 O5 S1,23,10,5,-9999,-9999,1,-9999,-9999,-9999
1121,397.019939,397.020069299,397.020120066,7575731.5,-9999,641346.1,13.11,-1,-0.127869153,0.997037616,0,0.59822257,15,0.526315789,0.526315789,O10,de-protonated,0,-9999,C19 H10 O10,19,10,10,-9999,-9999,-9999,-9999,-9999,-9999
1121,397.019939,397.020069299,397.019957874,7575731.5,-9999,641346.1,13.11,-1,0.280652651,0.985809674,0,0.591485805,10,0.285714286,1.071428571,N4 S2 P1 O4,de-protonated,0,-9999,C14 H15 O4 N4 P1 S2,14,15,4,4,1,2,-9999,-9999,-9999
1122,397.113909,397.114039343,397.114020452,7575760,-9999,743922.7,13.11,-1,0.047570338,0.999589477,0,0.599753686,8,0.555555556,1.222222222,O10,de-protonated,0,-9999,C18 H22 O10,18,22,10,-9999,-9999,-9999,-9999,-9999,-9999
1122,397.113909,397.114039343,397.113858261,7575760,-9999,743922.7,13.11,-1,0.455995616,0.962973883,0,0.57778433,3,0.307692308,2.076923077,N4 S2 P1 O4,de-protonated,0,-9999,C13 H27 O4 N4 P1 S2,13,27,4,4,1,2,-9999,-9999,-9999
1123,397.142226,397.142356357,397.142163753,11458777,-9999,715265.5,20.84,-1,0.48497323,0.958221271,0,0.574932763,7,0.368421053,1.421052632,P1 O7,de-protonated,0,-9999,C19 H27 O7 P1,19,27,7,-9999,1,-9999,-9999,-9999,-9999
1124,397.163306,397.163436367,397.16316018,13555935,-9999,723912,25.02,-1,0.695399118,0.915994477,0,0.549596686,15,0.037037037,0.962962963,S1 O1,de-protonated,0,-9999,C27 H26 O1 S1,27,26,1,-9999,-9999,1,-9999,-9999,-9999
1124,397.163306,397.163436367,397.163293121,13555935,-9999,723912,25.02,-1,0.360670746,0.976672923,0,0.586003754,2,0.5625,1.9375,P1 O9,de-protonated,0,-9999,C16 H31 O9 P1,16,31,9,-9999,1,-9999,-9999,-9999,-9999
1125,397.171407,397.17153737,397.17153533,9279714,-9999,785830.9,16.51,-1,0.00513759,0.999995211,0,0.599997126,2,0.6875,1.875,O11,de-protonated,0,-9999,C16 H30 O11,16,30,11,-9999,-9999,-9999,-9999,-9999,-9999
1126,397.186644,397.186774378,397.186791471,12736743,-9999,756211.3,23.39,-1,-0.04303671,0.999663985,0,0.599798391,6,0.4,1.5,O8,de-protonated,0,-9999,C20 H30 O8,20,30,8,-9999,-9999,-9999,-9999,-9999,-9999
1126,397.186644,397.186774378,397.18662928,12736743,-9999,756211.3,23.39,-1,0.3653137,0.976075762,0,0.585645457,1,0.133333333,2.333333333,N4 S2 P1 O2,de-protonated,0,-9999,C15 H35 O2 N4 P1 S2,15,35,2,4,1,2,-9999,-9999,-9999
1131,398.069679,398.069809793,398.070001869,14670326,-9999,583876.2,27.24,-1,-0.482518447,0.958634293,0,0.575180576,18,0.136363636,0.636363636,N3 P1 O3,de-protonated,0,-9999,C22 H14 O3 N3 P1,22,14,3,3,1,-9999,-9999,-9999,-9999
1131,398.069679,398.069809793,398.069730543,14670326,-9999,583876.2,27.24,-1,0.199085825,0.99283405,0,0.59570043,4,0.666666667,1.75,N3 S2 O8,de-protonated,0,-9999,C12 H21 O8 N3 S2,12,21,8,3,-9999,2,-9999,-9999,-9999
1132,398.122181,398.122311818,398.122023642,10033670,-9999,757112.8,18.01,-1,0.72383696,0.909310904,0,0.545586542,16,0.08,0.84,N1 S1 O2,de-protonated,0,-9999,C25 H21 O2 N1 S1,25,21,2,1,-9999,1,-9999,-9999,-9999
1132,398.122181,398.122311818,398.122156584,10033670,-9999,757112.8,18.01,-1,0.38991476,0.972790744,0,0.583674446,3,0.714285714,1.857142857,N1 P1 O10,de-protonated,0,-9999,C14 H26 O10 N1 P1,14,26,10,1,1,-9999,-9999,-9999,-9999
1134,399.129511,399.129642292,399.129670517,7183164,-9999,691699.9,12.33,-1,-0.070715868,0.999093035,0,0.59945582100000006,7,0.555555556,1.333333333,O10,de-protonated,0,-9999,C18 H24 O10,18,24,10,-9999,-9999,-9999,-9999,-9999,-9999
1134,399.129511,399.129642292,399.129508326,7183164,-9999,691699.9,12.33,-1,0.335646766,0.979765734,0,0.587859441,2,0.307692308,2.230769231,N4 S2 P1 O4,de-protonated,0,-9999,C13 H29 O4 N4 P1 S2,13,29,4,4,1,2,-9999,-9999,-9999
1135,399.15782,399.157951305,399.157813818,10115909,-9999,786384.2,18.17,-1,0.344444378,0.978702639,0,0.587221583,6,0.368421053,1.526315789,P1 O7,de-protonated,0,-9999,C19 H29 O7 P1,19,29,7,-9999,1,-9999,-9999,-9999,-9999
1136,399.16592,399.166051309,399.166056026,11737927,-9999,677269.2,21.4,-1,-0.011817168,0.999974662,0,0.599984797,6,0.473684211,1.473684211,O9,de-protonated,0,-9999,C19 H28 O9,19,28,9,-9999,-9999,-9999,-9999,-9999,-9999
1136,399.16592,399.166051309,399.165893835,11737927,-9999,677269.2,21.4,-1,0.394508449,0.972154911,0,0.583292946,1,0.214285714,2.357142857,N4 S2 P1 O3,de-protonated,0,-9999,C14 H33 O3 N4 P1 S2,14,33,3,4,1,2,-9999,-9999,-9999
1137,399.202287,399.202418326,399.202441536,13261650,-9999,707023,24.43,-1,-0.058139031,0.999386865,0,0.599632119,5,0.4,1.6,O8,de-protonated,0,-9999,C20 H32 O8,20,32,8,-9999,-9999,-9999,-9999,-9999,-9999
1137,399.202287,399.202418326,399.202279344,13261650,-9999,707023,24.43,-1,0.348149532,0.978247034,0,0.58694822,0,0.133333333,2.466666667,N4 S2 P1 O2,de-protonated,0,-9999,C15 H37 O2 N4 P1 S2,15,37,2,4,1,2,-9999,-9999,-9999
1138,399.238701,399.238832343,399.238827045,9067357,-9999,738479.3,16.08,-1,0.013271625,0.999968041,0,0.599980825,4,0.333333333,1.714285714,O7,de-protonated,0,-9999,C21 H36 O7,21,36,7,-9999,-9999,-9999,-9999,-9999,-9999
1139,400.197564,400.197695795,400.197690508,11246724,-9999,720684.3,20.42,-1,0.013211137,0.999968332,0,0.599980999,5,0.421052632,1.631578947,N1 O8,de-protonated,0,-9999,C19 H31 O8 N1,19,31,8,1,-9999,-9999,-9999,-9999,-9999
1140,401.087651,401.087783214,401.087805704,7044501,-9999,757559.1,12.05,-1,-0.056072734,0.999429661,0,0.599657796,12,0.45,0.9,O9,de-protonated,0,-9999,C20 H18 O9,20,18,9,-9999,-9999,-9999,-9999,-9999,-9999
1140,401.087651,401.087783214,401.087643513,7044501,-9999,757559.1,12.05,-1,0.348306018,0.978227689,0,0.586936613,7,0.2,1.533333333,N4 S2 P1 O3,de-protonated,0,-9999,C15 H23 O3 N4 P1 S2,15,23,3,4,1,2,-9999,-9999,-9999
1141,401.173508,401.173640254,401.173463882,18341296,-9999,665660.6,34.55,-1,0.439640384,0.965536796,0,0.579322077,5,0.368421053,1.631578947,P1 O7,de-protonated,0,-9999,C19 H31 O7 P1,19,31,7,-9999,1,-9999,-9999,-9999,-9999
1142,401.181556,401.181688258,401.181706091,13721010,-9999,667944.2,25.35,-1,-0.044450296,0.999641553,0,0.599784932,5,0.473684211,1.578947368,O9,de-protonated,0,-9999,C19 H30 O9,19,30,9,-9999,-9999,-9999,-9999,-9999,-9999
1142,401.181556,401.181688258,401.181543899,13721010,-9999,667944.2,25.35,-1,0.359833812,0.976779793,0,0.586067876,0,0.214285714,2.5,N4 S2 P1 O3,de-protonated,0,-9999,C14 H35 O3 N4 P1 S2,14,35,3,4,1,2,-9999,-9999,-9999
1143,401.217931,401.218063275,401.2180916,12410301,-9999,724610.2,22.74,-1,-0.070597198,0.999096075,0,0.599457645,4,0.4,1.7,O8,de-protonated,0,-9999,C20 H34 O8,20,34,8,-9999,-9999,-9999,-9999,-9999,-9999
1145,403.103309,403.103442163,403.103455768,7192576,-9999,722598.7,12.35,-1,-0.03375241,0.99979331,0,0.599875986,11,0.45,1,O9,de-protonated,0,-9999,C20 H20 O9,20,20,9,-9999,-9999,-9999,-9999,-9999,-9999
1145,403.103309,403.103442163,403.103293577,7192576,-9999,722598.7,12.35,-1,0.368604324,0.975648132,0,0.585388879,6,0.2,1.666666667,N4 S2 P1 O3,de-protonated,0,-9999,C15 H25 O3 N4 P1 S2,15,25,3,4,1,2,-9999,-9999,-9999
1146,403.15277,403.152903186,403.152728437,8830991,-9999,723643.9,15.61,-1,0.433455208,0.966483358,0,0.579890015,5,0.444444444,1.611111111,P1 O8,de-protonated,0,-9999,C18 H29 O8 P1,18,29,8,-9999,1,-9999,-9999,-9999,-9999
1147,403.160829,403.16096219,403.160970646,7233553.5,-9999,693372.7,12.43,-1,-0.020974368,0.99992018,0,0.599952108,5,0.555555556,1.555555556,O10,de-protonated,0,-9999,C18 H28 O10,18,28,10,-9999,-9999,-9999,-9999,-9999,-9999
1148,403.189144,403.189277203,403.189113947,38936604,-9999,703972.9,75.55,-1,0.404912773,0.97117354,0.929001224,0.954304614,4,0.368421053,1.736842105,P1 O7,de-protonated,0,-9999,C19 H33 O7 P1,19,33,7,-9999,1,-9999,-9999,-9999,-9999
1149,403.197233,403.197366207,403.197356155,9576477,-9999,727455.3,17.09,-1,0.024930074,0.999887234,0,0.599932341,4,0.473684211,1.684210526,O9,de-protonated,0,-9999,C19 H32 O9,19,32,9,-9999,-9999,-9999,-9999,-9999,-9999
1150,403.233615,403.233748224,403.233741665,7307304,-9999,843967.7,12.58,-1,0.01626728,0.999951985,0,0.599971191,3,0.4,1.8,O8,de-protonated,0,-9999,C20 H36 O8,20,36,8,-9999,-9999,-9999,-9999,-9999,-9999
1151,404.192496,404.192629675,404.192468782,12394830,-9999,731255.6,22.7,-1,0.398062001,0.971658228,0.929001224,0.954595426,4,0.368421053,1.736842105,13C1 P1 O7,de-protonated,1,1148,C18 H33 O7 P1 13C1,18,33,7,-9999,1,-9999,1,-9999,-9999
1151,404.192496,404.192629675,404.192605127,12394830,-9999,731255.6,22.7,-1,0.060733529,0.999330939,0,0.599598564,4,0.5,1.722222222,N1 O9,de-protonated,0,-9999,C18 H31 O9 N1,18,31,9,1,-9999,-9999,-9999,-9999,-9999
1152,405.061479,405.061613084,405.061590955,12001881,-9999,726567.1,21.92,-1,0.054631228,0.9994586,0,0.59967516,16,0.363636364,0.636363636,O8,de-protonated,0,-9999,C22 H14 O8,22,14,8,-9999,-9999,-9999,-9999,-9999,-9999
1152,405.061479,405.061613084,405.061428764,12001881,-9999,726567.1,21.92,-1,0.455042937,0.963125548,0,0.577875329,11,0.117647059,1.117647059,N4 S2 P1 O2,de-protonated,0,-9999,C17 H19 O2 N4 P1 S2,17,19,2,4,1,2,-9999,-9999,-9999
1153,405.082584,405.082718094,405.082720324,9937503,-9999,706409.6,17.81,-1,-0.005502859,0.999994505,0,0.599996703,11,0.526315789,0.947368421,O10,de-protonated,0,-9999,C19 H18 O10,19,18,10,-9999,-9999,-9999,-9999,-9999,-9999
1153,405.082584,405.082718094,405.082558132,9937503,-9999,706409.6,17.81,-1,0.39488794,0.972102069,0,0.583261242,6,0.285714286,1.642857143,N4 S2 P1 O4,de-protonated,0,-9999,C14 H23 O4 N4 P1 S2,14,23,4,4,1,2,-9999,-9999,-9999
1154,405.11902,405.119154112,405.119105833,8667754,-9999,711462.8,15.28,-1,0.119171591,0.997426407,0,0.598455844,10,0.45,1.1,O9,de-protonated,0,-9999,C20 H22 O9,20,22,9,-9999,-9999,-9999,-9999,-9999,-9999
1154,405.11902,405.119154112,405.118943642,8667754,-9999,711462.8,15.28,-1,0.519526479,0.952205497,0,0.571323298,5,0.2,1.8,N4 S2 P1 O3,de-protonated,0,-9999,C15 H27 O3 N4 P1 S2,15,27,3,4,1,2,-9999,-9999,-9999
1155,405.132014,405.132148118,405.131860051,10855022,-9999,689651.1,19.64,-1,0.711044955,0.912344407,0,0.547406644,18,0.035714286,0.785714286,S1 O1,de-protonated,0,-9999,C28 H22 O1 S1,28,22,1,-9999,-9999,1,-9999,-9999,-9999
1155,405.132014,405.132148118,405.131992992,10855022,-9999,689651.1,19.64,-1,0.382900482,0.973748039,0,0.584248823,5,0.529411765,1.588235294,P1 O9,de-protonated,0,-9999,C17 H27 O9 P1,17,27,9,-9999,1,-9999,-9999,-9999,-9999
1156,405.168424,405.168558135,405.168378502,16884346,-9999,711848.9,31.64,-1,0.443354009,0.964962482,0,0.578977489,4,0.444444444,1.722222222,P1 O8,de-protonated,0,-9999,C18 H31 O8 P1,18,31,8,-9999,1,-9999,-9999,-9999,-9999
1157,405.186209,405.186343143,405.186003625,12149375,-9999,715240.3,22.21,-1,0.837932169,0.8803809,0,0.52822854,17,0.068965517,0.896551724,O2,de-protonated,0,-9999,C29 H26 O2,29,26,2,-9999,-9999,-9999,-9999,-9999,-9999
1158,405.204804,405.204938152,405.204764011,15540869,-9999,702901.6,28.97,-1,0.429760001,0.967042899,0,0.580225739,3,0.368421053,1.842105263,P1 O7,de-protonated,0,-9999,C19 H35 O7 P1,19,35,7,-9999,1,-9999,-9999,-9999,-9999
1159,406.135349,406.13548359,406.135484173,7635874.5,-9999,681036.1,13.23,-1,-0.001435855,0.999999626,0,0.599999776,5,0.6875,1.5625,N1 O11,de-protonated,0,-9999,C16 H25 O11 N1,16,25,11,1,-9999,-9999,-9999,-9999,-9999
1160,407.061878,407.062013026,407.061984879,7201983,-9999,732642.4,12.36,-1,0.069147936,0.999132791,0,0.599479674,11,0.611111111,0.888888889,O11,de-protonated,0,-9999,C18 H16 O11,18,16,11,-9999,-9999,-9999,-9999,-9999,-9999
1160,407.061878,407.062013026,407.061822687,7201983,-9999,732642.4,12.36,-1,0.467591937,0.9611043,0,0.57666258,6,0.384615385,1.615384615,N4 S2 P1 O5,de-protonated,0,-9999,C13 H21 O5 N4 P1 S2,13,21,5,4,1,2,-9999,-9999,-9999
1161,407.064443,407.064578027,407.064976059,7890111.5,-9999,666943.2,13.73,-1,-0.977809735,0.840729557,0,0.504437734,11,0.470588235,1,N2 P1 O8,de-protonated,0,-9999,C17 H17 O8 N2 P1,17,17,8,2,1,-9999,-9999,-9999,-9999
1161,407.064443,407.064578027,407.064191669,7890111.5,-9999,666943.2,13.73,-1,0.949133629,0.849201407,0,0.509520844,15,0.1,0.8,N4 S2 O2,de-protonated,0,-9999,C20 H16 O2 N4 S2,20,16,2,4,-9999,2,-9999,-9999,-9999
1162,407.098262,407.098397043,407.098370388,10773706,-9999,704689.4,19.47,-1,0.065476246,0.999222407,0,0.599533444,10,0.526315789,1.052631579,O10,de-protonated,0,-9999,C19 H20 O10,19,20,10,-9999,-9999,-9999,-9999,-9999,-9999
1162,407.098262,407.098397043,407.098208197,10773706,-9999,704689.4,19.47,-1,0.463884634,0.961706707,0,0.577024024,5,0.285714286,1.785714286,N4 S2 P1 O4,de-protonated,0,-9999,C14 H25 O4 N4 P1 S2,14,25,4,4,1,2,-9999,-9999,-9999
1163,407.13459,407.13472506,407.134755897,8856789,-9999,736421.7,15.66,-1,-0.075741448,0.998959613,0,0.599375768,9,0.45,1.2,O9,de-protonated,0,-9999,C20 H24 O9,20,24,9,-9999,-9999,-9999,-9999,-9999,-9999
1163,407.13459,407.13472506,407.134593706,8856789,-9999,736421.7,15.66,-1,0.322631277,0.98129008,0,0.588774048,4,0.2,1.933333333,N4 S2 P1 O3,de-protonated,0,-9999,C15 H29 O3 N4 P1 S2,15,29,3,4,1,2,-9999,-9999,-9999
1164,407.1477,407.147835067,407.147510115,14689497,-9999,675973.5,27.27,-1,0.798117015,0.890848287,0,0.534508972,17,0.035714286,0.857142857,S1 O1,de-protonated,0,-9999,C28 H24 O1 S1,28,24,1,-9999,-9999,1,-9999,-9999,-9999
1164,407.1477,407.147835067,407.147643057,14689497,-9999,675973.5,27.27,-1,0.471597045,0.960448542,0,0.576269125,4,0.529411765,1.705882353,P1 O9,de-protonated,0,-9999,C17 H29 O9 P1,17,29,9,-9999,1,-9999,-9999,-9999,-9999
1165,407.17099,407.171125077,407.171141407,8258784.5,-9999,687321.9,14.47,-1,-0.040103999,0.999708213,0,0.599824928,8,0.380952381,1.333333333,O8,de-protonated,0,-9999,C21 H28 O8,21,28,8,-9999,-9999,-9999,-9999,-9999,-9999
1165,407.17099,407.171125077,407.170979215,8258784.5,-9999,687321.9,14.47,-1,0.358233141,0.976983527,0,0.586190116,3,0.125,2.0625,N4 S2 P1 O2,de-protonated,0,-9999,C16 H33 O2 N4 P1 S2,16,33,2,4,1,2,-9999,-9999,-9999
1166,407.18407,407.184205084,407.184028566,19571940,-9999,717068.2,36.99,-1,0.433507661,0.966475383,0,0.57988523,3,0.444444444,1.833333333,P1 O8,de-protonated,0,-9999,C18 H33 O8 P1,18,33,8,-9999,1,-9999,-9999,-9999,-9999
1167,407.22042,407.220555101,407.220414076,10593519,-9999,677637.3,19.12,-1,0.34631161,0.978473617,0,0.58708417,2,0.368421053,1.947368421,P1 O7,de-protonated,0,-9999,C19 H37 O7 P1,19,37,7,-9999,1,-9999,-9999,-9999,-9999
1169,409.077503,409.077638975,409.077634943,8349482,-9999,679067.7,14.56,-1,0.009855971,0.999982374,0,0.599989425,10,0.611111111,1,O11,de-protonated,0,-9999,C18 H18 O11,18,18,11,-9999,-9999,-9999,-9999,-9999,-9999
1169,409.077503,409.077638975,409.077472752,8349482,-9999,679067.7,14.56,-1,0.406336693,0.970485416,0,0.58229125,5,0.384615385,1.769230769,N4 S2 P1 O5,de-protonated,0,-9999,C13 H23 O5 N4 P1 S2,13,23,5,4,1,2,-9999,-9999,-9999
1170,409.113923,409.114058992,409.114020452,8218421,-9999,794039.4,14.3,-1,0.094202715,0.998391093,0,0.599034656,9,0.526315789,1.157894737,O10,de-protonated,0,-9999,C19 H22 O10,19,22,10,-9999,-9999,-9999,-9999,-9999,-9999
1170,409.113923,409.114058992,409.113858261,8218421,-9999,794039.4,14.3,-1,0.490648208,0.957259112,0,0.574355467,4,0.285714286,1.928571429,N4 S2 P1 O4,de-protonated,0,-9999,C14 H27 O4 N4 P1 S2,14,27,4,4,1,2,-9999,-9999,-9999
1171,409.126924,409.127059998,409.12677467,15804217,-9999,710522.8,29.31,-1,0.697407134,0.915529754,0,0.549317852,17,0.074074074,0.814814815,S1 O2,de-protonated,0,-9999,C27 H22 O2 S1,27,22,2,-9999,-9999,1,-9999,-9999,-9999
1171,409.126924,409.127059998,409.126907612,15804217,-9999,710522.8,29.31,-1,0.372466828,0.975141534,0,0.58508492,4,0.625,1.6875,P1 O10,de-protonated,0,-9999,C16 H27 O10 P1,16,27,10,-9999,1,-9999,-9999,-9999,-9999
1172,409.163363,409.163499015,409.16316018,19310404,-9999,699122.4,36.25,-1,0.828118872,0.882996504,0,0.529797903,16,0.035714286,0.928571429,S1 O1,de-protonated,0,-9999,C28 H26 O1 S1,28,26,1,-9999,-9999,1,-9999,-9999,-9999
1172,409.163363,409.163499015,409.163293121,19310404,-9999,699122.4,36.25,-1,0.503207419,0.955093517,0,0.57305611,3,0.529411765,1.823529412,P1 O9,de-protonated,0,-9999,C17 H31 O9 P1,17,31,9,-9999,1,-9999,-9999,-9999,-9999
1173,409.199702,409.199838032,409.199678631,14575439,-9999,690514.1,26.88,-1,0.389545175,0.972841594,0,0.583704957,2,0.444444444,1.944444444,P1 O8,de-protonated,0,-9999,C18 H35 O8 P1,18,35,8,-9999,1,-9999,-9999,-9999,-9999
1174,409.311062,409.311198085,409.31120414,137832304,-9999,669489.5,270.77,-1,-0.014794583,0.999950488,0.999373372,0.999719642,8,0.071428571,1.5,O2,de-protonated,0,-9999,C28 H42 O2,28,42,2,-9999,-9999,-9999,-9999,-9999,-9999
1175,410.314415,410.314551557,410.314558976,41887912,-9999,685293.9,80.92,-1,-0.018079659,0.999940691,0.999373372,0.999713763,8,0.071428571,1.5,13C1 O2,de-protonated,1,1174,C27 H42 O2 13C1,27,42,2,-9999,-9999,-9999,1,-9999,-9999
1177,411.129553,411.129689941,411.129670517,7760288.5,-9999,787890.5,13.39,-1,0.047245472,0.999595064,0,0.599757038,8,0.526315789,1.263157895,O10,de-protonated,0,-9999,C19 H24 O10,19,24,10,-9999,-9999,-9999,-9999,-9999,-9999
1177,411.129553,411.129689941,411.129508326,7760288.5,-9999,787890.5,13.39,-1,0.441747288,0.965211513,0,0.579126908,3,0.285714286,2.071428571,N4 S2 P1 O4,de-protonated,0,-9999,C14 H29 O4 N4 P1 S2,14,29,4,4,1,2,-9999,-9999,-9999
1178,411.165915,411.166051958,411.166056026,9464236,-9999,656893.3,16.76,-1,-0.009894343,0.999982237,0,0.599989342,7,0.45,1.4,O9,de-protonated,0,-9999,C20 H28 O9,20,28,9,-9999,-9999,-9999,-9999,-9999,-9999
1178,411.165915,411.166051958,411.165893835,9464236,-9999,656893.3,16.76,-1,0.384572539,0.973521332,0,0.584112799,2,0.2,2.2,N4 S2 P1 O3,de-protonated,0,-9999,C15 H33 O3 N4 P1 S2,15,33,3,4,1,2,-9999,-9999,-9999
1179,411.17895,411.179086964,411.178810244,14133680,-9999,663704.2,26,-1,0.672992068,0.921104823,0,0.552662894,15,0.035714286,1,S1 O1,de-protonated,0,-9999,C28 H28 O1 S1,28,28,1,-9999,-9999,1,-9999,-9999,-9999
1179,411.17895,411.179086964,411.178943186,14133680,-9999,663704.2,26,-1,0.349673422,0.978058296,0,0.586834978,2,0.529411765,1.941176471,P1 O9,de-protonated,0,-9999,C17 H33 O9 P1,17,33,9,-9999,1,-9999,-9999,-9999,-9999
1180,411.202337,411.202473975,411.202441536,7375287,-9999,705576.2,12.63,-1,0.078889553,0.99887138,0,0.599322828,6,0.380952381,1.523809524,O8,de-protonated,0,-9999,C21 H32 O8,21,32,8,-9999,-9999,-9999,-9999,-9999,-9999
1180,411.202337,411.202473975,411.202279344,7375287,-9999,705576.2,12.63,-1,0.473321566,0.960164602,0,0.576098761,1,0.125,2.3125,N4 S2 P1 O2,de-protonated,0,-9999,C16 H37 O2 N4 P1 S2,16,37,2,4,1,2,-9999,-9999,-9999
1181,411.203321,411.203457976,411.203310915,7743927.5,-9999,679416,13.36,-1,0.357633721,0.977059598,0,0.586235759,5,0.136363636,1.636363636,S2 O3,de-protonated,0,-9999,C22 H36 O3 S2,22,36,3,-9999,-9999,2,-9999,-9999,-9999
1181,411.203321,411.203457976,411.203778946,7743927.5,-9999,679416,13.36,-1,-0.78056306,0.895339039,0,0.537203423,11,0.181818182,1.272727273,N4 O4,de-protonated,0,-9999,C22 H28 O4 N4,22,28,4,4,-9999,-9999,-9999,-9999,-9999
1182,413.014846,413.014983828,413.015034685,7318500.5,-9999,743281,12.51,-1,-0.123135627,0.997252587,0,0.598351552,15,0.578947368,0.526315789,O11,de-protonated,0,-9999,C19 H10 O11,19,10,11,-9999,-9999,-9999,-9999,-9999,-9999
1182,413.014846,413.014983828,413.014872494,7318500.5,-9999,743281,12.51,-1,0.269565268,0.986901494,0,0.592140897,10,0.357142857,1.071428571,N4 S2 P1 O5,de-protonated,0,-9999,C14 H15 O5 N4 P1 S2,14,15,5,4,1,2,-9999,-9999,-9999
1183,413.137077,413.137214886,413.137078373,7474186,-9999,755146,12.82,-1,0.330430407,0.980383616,0,0.588230169,7,0.421052632,1.421052632,P1 O8,de-protonated,0,-9999,C19 H27 O8 P1,19,27,8,-9999,1,-9999,-9999,-9999,-9999
1184,413.145166,413.14530389,413.145320581,8612877,-9999,728972.8,15.08,-1,-0.040401351,0.999703871,0,0.599822322,7,0.526315789,1.368421053,O10,de-protonated,0,-9999,C19 H26 O10,19,26,10,-9999,-9999,-9999,-9999,-9999,-9999
1184,413.145166,413.14530389,413.14515839,8612877,-9999,728972.8,15.08,-1,0.352175738,0.977746669,0,0.586648001,2,0.285714286,2.214285714,N4 S2 P1 O4,de-protonated,0,-9999,C14 H31 O4 N4 P1 S2,14,31,4,4,1,2,-9999,-9999,-9999
1185,413.181596,413.181733907,413.181706091,11742232,-9999,713455.2,21.27,-1,0.067321881,0.99917797,0,0.599506782,6,0.45,1.5,O9,de-protonated,0,-9999,C20 H30 O9,20,30,9,-9999,-9999,-9999,-9999,-9999,-9999
1185,413.181596,413.181733907,413.181543899,11742232,-9999,713455.2,21.27,-1,0.459864441,0.962354959,0,0.577412975,1,0.2,2.333333333,N4 S2 P1 O3,de-protonated,0,-9999,C15 H35 O3 N4 P1 S2,15,35,3,4,1,2,-9999,-9999,-9999
1186,413.201276,413.201413916,413.201670946,7228446,-9999,729263.8,12.34,-1,-0.62204418399999994,0.932198441,0,0.559319065,10,0.090909091,1.363636364,N4 S1 O2,de-protonated,0,-9999,C22 H30 O2 N4 S1,22,30,2,4,-9999,1,-9999,-9999,-9999
1187,413.217928,413.218065924,413.2180916,14527523,-9999,711293.9,26.78,-1,-0.062136867,0.999299674,0,0.599579804,5,0.380952381,1.619047619,O8,de-protonated,0,-9999,C21 H34 O8,21,34,8,-9999,-9999,-9999,-9999,-9999,-9999
1187,413.217928,413.218065924,413.217929409,14527523,-9999,711293.9,26.78,-1,0.330371077,0.98039059,0,0.588234354,0,0.125,2.4375,N4 S2 P1 O2,de-protonated,0,-9999,C16 H39 O2 N4 P1 S2,16,39,2,4,1,2,-9999,-9999,-9999
1188,415.152731,415.152869835,415.152728437,8457846,-9999,689747.3,14.77,-1,0.340591349,0.979171478,0,0.587502887,6,0.421052632,1.526315789,P1 O8,de-protonated,0,-9999,C19 H29 O8 P1,19,29,8,-9999,1,-9999,-9999,-9999,-9999
1189,415.160784,415.160922839,415.160970646,8031864.5,-9999,710616.2,13.92,-1,-0.115153578,0.99759682,0,0.598558092,6,0.526315789,1.473684211,O10,de-protonated,0,-9999,C19 H28 O10,19,28,10,-9999,-9999,-9999,-9999,-9999,-9999
1189,415.160784,415.160922839,415.160808454,8031864.5,-9999,710616.2,13.92,-1,0.275517478,0.986320676,0,0.591792406,1,0.285714286,2.357142857,N4 S2 P1 O4,de-protonated,0,-9999,C14 H33 O4 N4 P1 S2,14,33,4,4,1,2,-9999,-9999,-9999
1190,415.197233,415.197371856,415.197356155,12283524,-9999,714629.1,22.34,-1,0.037814635,0.999740572,0,0.599844343,5,0.45,1.6,O9,de-protonated,0,-9999,C20 H32 O9,20,32,9,-9999,-9999,-9999,-9999,-9999,-9999
1190,415.197233,415.197371856,415.197193964,12283524,-9999,714629.1,22.34,-1,0.428451514,0.967239963,0,0.580343978,0,0.2,2.466666667,N4 S2 P1 O3,de-protonated,0,-9999,C15 H37 O3 N4 P1 S2,15,37,3,4,1,2,-9999,-9999,-9999
1191,415.233621,415.233759873,415.233741665,10546831,-9999,740722,18.9,-1,0.043850761,0.999651155,0,0.599790693,4,0.380952381,1.714285714,O8,de-protonated,0,-9999,C21 H36 O8,21,36,8,-9999,-9999,-9999,-9999,-9999,-9999
1192,417.16842,417.168559784,417.168378502,12890339,-9999,675706.8,23.54,-1,0.434553118,0.966316249,0,0.579789749,5,0.421052632,1.631578947,P1 O8,de-protonated,0,-9999,C19 H31 O8 P1,19,31,8,-9999,1,-9999,-9999,-9999,-9999
1193,417.176451,417.176590787,417.17662071,8728805,-9999,742676.3,15.3,-1,-0.07172715,0.999066921,0,0.599440153,5,0.526315789,1.578947368,O10,de-protonated,0,-9999,C19 H30 O10,19,30,10,-9999,-9999,-9999,-9999,-9999,-9999
1193,417.176451,417.176590787,417.176458519,8728805,-9999,742676.3,15.3,-1,0.317056337,0.981925265,0,0.589155159,0,0.285714286,2.5,N4 S2 P1 O4,de-protonated,0,-9999,C14 H35 O4 N4 P1 S2,14,35,4,4,1,2,-9999,-9999,-9999
1194,417.204788,417.204927801,417.204764011,7483630,-9999,723932.3,12.84,-1,0.392588012,0.972421582,0,0.583452949,4,0.35,1.75,P1 O7,de-protonated,0,-9999,C20 H35 O7 P1,20,35,7,-9999,1,-9999,-9999,-9999,-9999
1195,417.212873,417.213012805,417.21300622,9285872,-9999,685996.3,16.4,-1,0.015783077,0.999954801,0,0.599972881,4,0.45,1.7,O9,de-protonated,0,-9999,C20 H34 O9,20,34,9,-9999,-9999,-9999,-9999,-9999,-9999
1196,419.147659,419.147799715,419.147510115,9016132,-9999,677613.8,15.87,-1,0.690926525,0.917025612,0,0.550215367,18,0.034482759,0.827586207,S1 O1,de-protonated,0,-9999,C29 H24 O1 S1,29,24,1,-9999,-9999,1,-9999,-9999,-9999
1196,419.147659,419.147799715,419.147643057,9016132,-9999,677613.8,15.87,-1,0.373754703,0.974971504,0,0.584982903,5,0.5,1.611111111,P1 O9,de-protonated,0,-9999,C18 H29 O9 P1,18,29,9,-9999,1,-9999,-9999,-9999,-9999
1197,419.184047,419.184187732,419.184028566,32060240,-9999,670939.9,61.47,-1,0.379704786,0.975689939,0.970592151,0.973650824,4,0.421052632,1.736842105,P1 O8,de-protonated,0,-9999,C19 H33 O8 P1,19,33,8,-9999,1,-9999,-9999,-9999,-9999
1198,419.220436,419.22057675,419.220414076,9024346,-9999,687545.3,15.89,-1,0.388039217,0.973048324,0,0.583828994,3,0.35,1.85,P1 O7,de-protonated,0,-9999,C20 H37 O7 P1,20,37,7,-9999,1,-9999,-9999,-9999,-9999
1199,420.187392,420.187533205,420.187383401,8008836,-9999,625230.8,13.88,-1,0.356515748,0.977201153,0.970592151,0.974557552,4,0.421052632,1.736842105,13C1 P1 O8,de-protonated,1,1197,C18 H33 O8 P1 13C1,18,33,8,-9999,1,-9999,1,-9999,-9999
1199,420.187392,420.187533205,420.187519747,8008836,-9999,625230.8,13.88,-1,0.03202808,0.999813888,0,0.599888333,4,0.555555556,1.722222222,N1 O10,de-protonated,0,-9999,C18 H31 O10 N1,18,31,10,1,-9999,-9999,-9999,-9999,-9999
1200,421.113889,421.114030641,421.114020452,7124385,-9999,733573,12.12,-1,0.024193999,0.999893795,0,0.599936277,10,0.5,1.1,O10,de-protonated,0,-9999,C20 H22 O10,20,22,10,-9999,-9999,-9999,-9999,-9999,-9999
1200,421.113889,421.114030641,421.113858261,7124385,-9999,733573,12.12,-1,0.409342411,0.970053784,0,0.582032271,5,0.266666667,1.8,N4 S2 P1 O4,de-protonated,0,-9999,C15 H27 O4 N4 P1 S2,15,27,4,4,1,2,-9999,-9999,-9999
1201,421.15507,421.15521166,421.155114676,41891244,-9999,664596.9,80.92,-1,0.23028244,0.990769833,0.988473999,0.989851499,9,0.263157895,1.368421053,N4 S1 O5,de-protonated,0,-9999,C19 H26 O5 N4 S1,19,26,5,4,-9999,1,-9999,-9999,-9999
1202,421.163334,421.163475664,421.16316018,15070640,-9999,725085.3,27.85,-1,0.749079092,0.903197175,0,0.541918305,17,0.034482759,0.896551724,S1 O1,de-protonated,0,-9999,C29 H26 O1 S1,29,26,1,-9999,-9999,1,-9999,-9999,-9999
1202,421.163334,421.163475664,421.163293121,15070640,-9999,725085.3,27.85,-1,0.433425207,0.966487919,0,0.579892751,4,0.5,1.722222222,P1 O9,de-protonated,0,-9999,C18 H31 O9 P1,18,31,9,-9999,1,-9999,-9999,-9999,-9999
1203,421.181113,421.181254673,421.180918244,10859958,-9999,695048.3,19.52,-1,0.798773477,0.890678853,0,0.534407312,17,0.103448276,0.896551724,O3,de-protonated,0,-9999,C29 H26 O3,29,26,3,-9999,-9999,-9999,-9999,-9999,-9999
1204,421.199716,421.199857681,421.199678631,18494908,-9999,689456.3,34.62,-1,0.425096629,0.96774266,0,0.580645596,3,0.421052632,1.842105263,P1 O8,de-protonated,0,-9999,C19 H35 O8 P1,19,35,8,-9999,1,-9999,-9999,-9999,-9999
1205,421.226411,421.226552694,421.226548284,8140227.5,-9999,759851.4,14.13,-1,0.010469497,0.999980112,0,0.599988067,2,0.35,1.9,S1 O7,de-protonated,0,-9999,C20 H38 O7 S1,20,38,7,-9999,-9999,1,-9999,-9999,-9999
1205,421.226411,421.226552694,421.226168161,8140227.5,-9999,759851.4,14.13,-1,0.91288856,0.859664503,0,0.515798702,7,0.181818182,1.590909091,N2 P1 O4,de-protonated,0,-9999,C22 H35 O4 N2 P1,22,35,4,2,1,-9999,-9999,-9999,-9999
1206,422.158421,422.158563133,422.158409152,9320163,-9999,705832.8,16.36,-1,0.364746347,0.976149123,0,0.585689474,17,0.035714286,0.892857143,N1 S1 O1,de-protonated,0,-9999,C28 H25 O1 N1 S1,28,25,1,1,-9999,1,-9999,-9999,-9999
1206,422.158421,422.158563133,422.158542094,9320163,-9999,705832.8,16.36,-1,0.049836745,0.999549437,0,0.599729662,4,0.529411765,1.764705882,N1 P1 O9,de-protonated,0,-9999,C17 H30 O9 N1 P1,17,30,9,1,1,-9999,-9999,-9999,-9999
1206,422.158421,422.158563133,422.158469511,9320163,-9999,705832.8,16.36,-1,0.221769488,0.991115744,0.988473999,0.990059046,9,0.263157895,1.368421053,13C1 N4 S1 O5,de-protonated,1,1201,C18 H26 O5 N4 S1 13C1,18,26,5,4,-9999,1,1,-9999,-9999
1207,423.073769,423.073911563,423.07349305,59979772,-9999,668495.1,115.94,-1,0.989221611,0.849821344,0.91764785,0.876951947,20,0.217391304,0.52173913,N4 O5,de-protonated,0,-9999,C23 H12 O5 N4,23,12,5,4,-9999,-9999,-9999,-9999,-9999
1208,423.129515,423.12965759,423.129670517,7608333.5,-9999,627410.5,13,-1,-0.030551405,0.999830652,0,0.599898391,9,0.5,1.2,O10,de-protonated,0,-9999,C20 H24 O10,20,24,10,-9999,-9999,-9999,-9999,-9999,-9999
1208,423.129515,423.12965759,423.129508326,7608333.5,-9999,627410.5,13,-1,0.352762266,0.977673318,0,0.586603991,4,0.266666667,1.933333333,N4 S2 P1 O4,de-protonated,0,-9999,C15 H29 O4 N4 P1 S2,15,29,4,4,1,2,-9999,-9999,-9999
1209,423.142551,423.142693596,423.142424735,8353809.5,-9999,618493.1,14.46,-1,0.635391477,0.929363918,0,0.557618351,17,0.071428571,0.857142857,S1 O2,de-protonated,0,-9999,C28 H24 O2 S1,28,24,2,-9999,-9999,1,-9999,-9999,-9999
1209,423.142551,423.142693596,423.142557676,8353809.5,-9999,618493.1,14.46,-1,0.321214111,0.981452556,0,0.588871534,4,0.588235294,1.705882353,P1 O10,de-protonated,0,-9999,C17 H29 O10 P1,17,29,10,-9999,1,-9999,-9999,-9999,-9999
1210,423.15212,423.1522626,423.151940591,14219284,-9999,636038.8,25.99,-1,0.760978065,0.900257283,0,0.54015437,17,0.071428571,0.892857143,P1 O2,de-protonated,0,-9999,C28 H25 O2 P1,28,25,2,-9999,1,-9999,-9999,-9999,-9999
1210,423.15212,423.1522626,423.152137295,14219284,-9999,636038.8,25.99,-1,0.296122467,0.984214945,0,0.590528967,9,0.444444444,1.333333333,N4 O8,de-protonated,0,-9999,C18 H24 O8 N4,18,24,8,4,-9999,-9999,-9999,-9999,-9999
1211,423.178968,423.179110613,423.178810244,14776349,-9999,703228.3,27.09,-1,0.709791879,0.912639191,0,0.547583515,16,0.034482759,0.965517241,S1 O1,de-protonated,0,-9999,C29 H28 O1 S1,29,28,1,-9999,-9999,1,-9999,-9999,-9999
1211,423.178968,423.179110613,423.178943186,14776349,-9999,703228.3,27.09,-1,0.395641503,0.971996999,0,0.583198199,3,0.5,1.833333333,P1 O9,de-protonated,0,-9999,C18 H33 O9 P1,18,33,9,-9999,1,-9999,-9999,-9999,-9999
1212,423.215343,423.21548563,423.215328695,11434024,-9999,697291.1,20.52,-1,0.370815789,0.975358695,0,0.585215217,2,0.421052632,1.947368421,P1 O8,de-protonated,0,-9999,C19 H37 O8 P1,19,37,8,-9999,1,-9999,-9999,-9999,-9999
1213,424.073327,424.073470034,424.073767096,14301488,-9999,716644.7,26.15,-1,-0.700495658,0.914812812,0,0.548887687,10,0.352941176,1.176470588,N3 S1 P1 O6,de-protonated,0,-9999,C17 H20 O6 N3 P1 S1,17,20,6,3,1,1,-9999,-9999,-9999
1214,424.077088,424.077231036,424.077138399,7936305,-9999,690229.1,13.64,-1,0.218442848,0.991379137,0,0.594827482,5,0.428571429,1.714285714,N3 S2 P1 O6,de-protonated,0,-9999,C14 H24 O6 N3 P1 S2,14,24,6,3,1,2,-9999,-9999,-9999
1214,424.077088,424.077231036,424.076847885,7936305,-9999,690229.1,13.64,-1,0.903493482,0.86233052,0.91764785,0.884457452,20,0.217391304,0.52173913,13C1 N4 O5,de-protonated,1,1207,C22 H12 O5 N4 13C1,22,12,5,4,-9999,-9999,1,-9999,-9999
1215,425.0708,425.070943504,425.07104996100003,25442914,-9999,608148.4,48.05,-1,-0.25044587,0.988683489,0,0.593210093,0,0.833333333,2.25,S2 P1 O10,de-protonated,0,-9999,C12 H27 O10 P1 S2,12,27,10,-9999,1,2,-9999,-9999,-9999
1216,425.145163,425.145306539,425.145320581,7993977.5,-9999,667833.3,13.75,-1,-0.033030668,0.999802055,0,0.599881233,8,0.5,1.3,O10,de-protonated,0,-9999,C20 H26 O10,20,26,10,-9999,-9999,-9999,-9999,-9999,-9999
1216,425.145163,425.145306539,425.14515839,7993977.5,-9999,667833.3,13.75,-1,0.348465678,0.978207943,0,0.586924766,3,0.266666667,2.066666667,N4 S2 P1 O4,de-protonated,0,-9999,C15 H31 O4 N4 P1 S2,15,31,4,4,1,2,-9999,-9999,-9999
1217,425.158209,425.158352545,425.158074799,8510078,-9999,699295.2,14.77,-1,0.653275767,0.925485591,0,0.555291355,16,0.071428571,0.928571429,S1 O2,de-protonated,0,-9999,C28 H26 O2 S1,28,26,2,-9999,-9999,1,-9999,-9999,-9999
1217,425.158209,425.158352545,425.158207741,8510078,-9999,699295.2,14.77,-1,0.340587891,0.979171897,0,0.587503138,3,0.588235294,1.823529412,P1 O10,de-protonated,0,-9999,C17 H31 O10 P1,17,31,10,-9999,1,-9999,-9999,-9999,-9999
1218,425.194606,425.194749562,425.194460309,9616009,-9999,714966.4,16.94,-1,0.680284617,0.919456888,0,0.551674133,15,0.034482759,1.034482759,S1 O1,de-protonated,0,-9999,C29 H30 O1 S1,29,30,1,-9999,-9999,1,-9999,-9999,-9999
1218,425.194606,425.194749562,425.19459325,9616009,-9999,714966.4,16.94,-1,0.367623491,0.975775976,0,0.585465586,2,0.5,1.944444444,P1 O9,de-protonated,0,-9999,C18 H35 O9 P1,18,35,9,-9999,1,-9999,-9999,-9999,-9999
1219,425.218939,425.219082573,425.21896098,12139152,-9999,669061,21.9,-1,0.285954616,0.98527246,0,0.591163476,5,0.130434783,1.652173913,S2 O3,de-protonated,0,-9999,C23 H38 O3 S2,23,38,3,-9999,-9999,2,-9999,-9999,-9999
1219,425.218939,425.219082573,425.219429011,12139152,-9999,669061,21.9,-1,-0.814726002,0.886528745,0,0.531917247,11,0.173913043,1.304347826,N4 O4,de-protonated,0,-9999,C23 H30 O4 N4,23,30,4,4,-9999,-9999,-9999,-9999,-9999
1220,427.088035,427.088179453,427.088199627,7396559,-9999,614380,12.58,-1,-0.047236191,0.999595223,0,0.599757134,9,0.666666667,1.111111111,O12,de-protonated,0,-9999,C18 H20 O12,18,20,12,-9999,-9999,-9999,-9999,-9999,-9999
1220,427.088035,427.088179453,427.088037436,7396559,-9999,614380,12.58,-1,0.332524673,0.980136664,0,0.588081999,4,0.461538462,1.923076923,N4 S2 P1 O6,de-protonated,0,-9999,C13 H25 O6 N4 P1 S2,13,25,6,4,1,2,-9999,-9999,-9999
1221,427.160832,427.160976487,427.160970646,7437541.5,-9999,651008.6,12.66,-1,0.013675285,0.999966067,0,0.59997964,7,0.5,1.4,O10,de-protonated,0,-9999,C20 H28 O10,20,28,10,-9999,-9999,-9999,-9999,-9999,-9999
1221,427.160832,427.160976487,427.160808454,7437541.5,-9999,651008.6,12.66,-1,0.393371477,0.972312939,0,0.583387763,2,0.266666667,2.2,N4 S2 P1 O4,de-protonated,0,-9999,C15 H33 O4 N4 P1 S2,15,33,4,4,1,2,-9999,-9999,-9999
1222,427.197181,427.197325504,427.197356155,10583281,-9999,687610.5,18.84,-1,-0.071748317,0.999066371,0,0.599439822,6,0.428571429,1.523809524,O9,de-protonated,0,-9999,C21 H32 O9,21,32,9,-9999,-9999,-9999,-9999,-9999,-9999
1222,427.197181,427.197325504,427.197193964,10583281,-9999,687610.5,18.84,-1,0.307915503,0.98294363,0,0.589766178,1,0.1875,2.3125,N4 S2 P1 O3,de-protonated,0,-9999,C16 H37 O3 N4 P1 S2,16,37,3,4,1,2,-9999,-9999,-9999
1223,427.216948,427.217092514,427.21732101,12418295,-9999,669564.3,22.45,-1,-0.534848437,0.949418366,0,0.569651019,10,0.086956522,1.391304348,N4 S1 O2,de-protonated,0,-9999,C23 H32 O2 N4 S1,23,32,2,4,-9999,1,-9999,-9999,-9999
1224,427.233591,427.233735522,427.233741665,13745404,-9999,741996.1,25.06,-1,-0.014378316,0.999962489,0,0.599977493,5,0.363636364,1.636363636,O8,de-protonated,0,-9999,C22 H36 O8,22,36,8,-9999,-9999,-9999,-9999,-9999,-9999
1224,427.233591,427.233735522,427.233579473,13745404,-9999,741996.1,25.06,-1,0.365253191,0.976083591,0,0.585650155,0,0.117647059,2.411764706,N4 S2 P1 O2,de-protonated,0,-9999,C17 H41 O2 N4 P1 S2,17,41,2,4,1,2,-9999,-9999,-9999
1225,429.176472,429.176617436,429.17662071,11419473,-9999,639867.8,20.48,-1,-0.007628756,0.99998944,0,0.599993664,6,0.5,1.5,O10,de-protonated,0,-9999,C20 H30 O10,20,30,10,-9999,-9999,-9999,-9999,-9999,-9999
1225,429.176472,429.176617436,429.176458519,11419473,-9999,639867.8,20.48,-1,0.370284165,0.975428424,0,0.585257054,1,0.266666667,2.333333333,N4 S2 P1 O4,de-protonated,0,-9999,C15 H35 O4 N4 P1 S2,15,35,4,4,1,2,-9999,-9999,-9999
1226,429.212859,429.213004453,429.21300622,17006428,-9999,668552.6,31.47,-1,-0.004115218,0.999996927,0,0.599998156,5,0.428571429,1.619047619,O9,de-protonated,0,-9999,C21 H34 O9,21,34,9,-9999,-9999,-9999,-9999,-9999,-9999
1226,429.212859,429.213004453,429.212844028,17006428,-9999,668552.6,31.47,-1,0.373765667,0.974970054,0,0.584982033,0,0.1875,2.4375,N4 S2 P1 O3,de-protonated,0,-9999,C16 H39 O3 N4 P1 S2,16,39,3,4,1,2,-9999,-9999,-9999
1227,429.249239,429.24938447,429.249391729,14122856,-9999,701766.3,25.8,-1,-0.01690982,0.999948118,0,0.599968871,4,0.363636364,1.727272727,O8,de-protonated,0,-9999,C22 H38 O8,22,38,8,-9999,-9999,-9999,-9999,-9999,-9999
1228,431.061861,431.062007324,431.061984879,8143252.5,-9999,701264.5,14.04,-1,0.052069266,0.999508176,0,0.599704905,13,0.55,0.8,O11,de-protonated,0,-9999,C20 H16 O11,20,16,11,-9999,-9999,-9999,-9999,-9999,-9999
1228,431.061861,431.062007324,431.061822687,8143252.5,-9999,701264.5,14.04,-1,0.428329306,0.967258339,0,0.580355004,8,0.333333333,1.4,N4 S2 P1 O5,de-protonated,0,-9999,C15 H21 O5 N4 P1 S2,15,21,5,4,1,2,-9999,-9999,-9999
1229,431.147657,431.147803364,431.147510115,9961903,-9999,639424.3,17.62,-1,0.68015916,0.91948536300000006,0,0.551691218,19,0.033333333,0.8,S1 O1,de-protonated,0,-9999,C30 H24 O1 S1,30,24,1,-9999,-9999,1,-9999,-9999,-9999
1229,431.147657,431.147803364,431.147643057,9961903,-9999,639424.3,17.62,-1,0.371815087,0.975227367,0,0.58513642,6,0.473684211,1.526315789,P1 O9,de-protonated,0,-9999,C19 H29 O9 P1,19,29,9,-9999,1,-9999,-9999,-9999,-9999
1230,431.155695,431.155841368,431.155885265,7455153.5,-9999,651518.2,12.69,-1,-0.101813542,0.998120871,0,0.598872523,6,0.578947368,1.473684211,O11,de-protonated,0,-9999,C19 H28 O11,19,28,11,-9999,-9999,-9999,-9999,-9999,-9999
1230,431.155695,431.155841368,431.155723074,7455153.5,-9999,651518.2,12.69,-1,0.274364495,0.986434148,0,0.591860489,1,0.357142857,2.357142857,N4 S2 P1 O5,de-protonated,0,-9999,C14 H33 O5 N4 P1 S2,14,33,5,4,1,2,-9999,-9999,-9999
1231,431.184049,431.184195381,431.184028566,8978874,-9999,686567.9,15.68,-1,0.386876526,0.973207414,0,0.583924448,5,0.4,1.65,P1 O8,de-protonated,0,-9999,C20 H33 O8 P1,20,33,8,-9999,1,-9999,-9999,-9999,-9999
1232,431.192098,431.192244385,431.192270775,12272061,-9999,680564.5,22.16,-1,-0.061201751,0.999320587,0,0.599592352,5,0.5,1.6,O10,de-protonated,0,-9999,C20 H32 O10,20,32,10,-9999,-9999,-9999,-9999,-9999,-9999
1232,431.192098,431.192244385,431.192108583,12272061,-9999,680564.5,22.16,-1,0.314944558,0.982163086,0,0.589297852,0,0.266666667,2.466666667,N4 S2 P1 O4,de-protonated,0,-9999,C15 H37 O4 N4 P1 S2,15,37,4,4,1,2,-9999,-9999,-9999
1233,431.2285,431.228646402,431.228656284,11174344,-9999,660098,20,-1,-0.022915769,0.99990472,0,0.599942832,4,0.428571429,1.714285714,O9,de-protonated,0,-9999,C21 H36 O9,21,36,9,-9999,-9999,-9999,-9999,-9999,-9999
1234,432.187354,432.187500854,432.187519747,8258286,-9999,624373.2,14.27,-1,-0.043715797,0.999653299,0,0.599791979,5,0.526315789,1.631578947,N1 O10,de-protonated,0,-9999,C19 H31 O10 N1,19,31,10,1,-9999,-9999,-9999,-9999,-9999
1235,433.056318,433.056465263,433.056505575,7906297,-9999,551086.7,13.58,-1,-0.093088226,0.998428907,0,0.599057344,17,0.391304348,0.608695652,O9,de-protonated,0,-9999,C23 H14 O9,23,14,9,-9999,-9999,-9999,-9999,-9999,-9999
1235,433.056318,433.056465263,433.056343384,7906297,-9999,551086.7,13.58,-1,0.281438824,0.985730633,0,0.59143838,12,0.166666667,1.055555556,N4 S2 P1 O3,de-protonated,0,-9999,C18 H19 O3 N4 P1 S2,18,19,3,4,1,2,-9999,-9999,-9999
1236,433.113865,433.11401229,433.114020452,8897547,-9999,680753.1,15.52,-1,-0.018846729,0.999935552,0,0.599961331,11,0.476190476,1.047619048,O10,de-protonated,0,-9999,C21 H22 O10,21,22,10,-9999,-9999,-9999,-9999,-9999,-9999
1236,433.113865,433.11401229,433.113858261,8897547,-9999,680753.1,15.52,-1,0.355630614,0.977312927,0,0.586387756,6,0.25,1.6875,N4 S2 P1 O4,de-protonated,0,-9999,C16 H27 O4 N4 P1 S2,16,27,4,4,1,2,-9999,-9999,-9999
1237,433.126903,433.127050296,433.12677467,7496718.5,-9999,647850.2,12.77,-1,0.636362218,0.929155758,0,0.557493455,19,0.068965517,0.75862069,S1 O2,de-protonated,0,-9999,C29 H22 O2 S1,29,22,2,-9999,-9999,1,-9999,-9999,-9999
1237,433.126903,433.127050296,433.126907612,7496718.5,-9999,647850.2,12.77,-1,0.329427201,0.980501381,0,0.588300828,6,0.555555556,1.5,P1 O10,de-protonated,0,-9999,C18 H27 O10 P1,18,27,10,-9999,1,-9999,-9999,-9999,-9999
1238,433.150215,433.150362307,433.150405962,7169045.5,-9999,650304.1,12.13,-1,-0.100784903,0.998158615,0,0.598895169,10,0.409090909,1.181818182,O9,de-protonated,0,-9999,C22 H26 O9,22,26,9,-9999,-9999,-9999,-9999,-9999,-9999
1238,433.150215,433.150362307,433.15024377,7169045.5,-9999,650304.1,12.13,-1,0.273660953,0.986503161,0,0.591901896,5,0.176470588,1.823529412,N4 S2 P1 O3,de-protonated,0,-9999,C17 H31 O3 N4 P1 S2,17,31,3,4,1,2,-9999,-9999,-9999
1239,433.163339,433.163486313,433.16316018,15303706,-9999,661892.9,28.12,-1,0.752911019,0.902254431,0,0.541352658,18,0.033333333,0.866666667,S1 O1,de-protonated,0,-9999,C30 H26 O1 S1,30,26,1,-9999,-9999,1,-9999,-9999,-9999
1239,433.163339,433.163486313,433.163293121,15303706,-9999,661892.9,28.12,-1,0.446001749,0.964550268,0,0.578730161,5,0.473684211,1.631578947,P1 O9,de-protonated,0,-9999,C19 H31 O9 P1,19,31,9,-9999,1,-9999,-9999,-9999,-9999
1240,433.199715,433.19986233,433.199678631,13960229,-9999,656267.1,25.48,-1,0.424052392,0.967898376,0,0.580739025,4,0.4,1.75,P1 O8,de-protonated,0,-9999,C20 H35 O8 P1,20,35,8,-9999,1,-9999,-9999,-9999,-9999
1241,435.056736,435.056884204,435.056899498,7997022.5,-9999,643510,13.75,-1,-0.035153951,0.999775791,0,0.599865474,12,0.631578947,0.842105263,O12,de-protonated,0,-9999,C19 H16 O12,19,16,12,-9999,-9999,-9999,-9999,-9999,-9999
1241,435.056736,435.056884204,435.056737307,7997022.5,-9999,643510,13.75,-1,0.337651043,0.979525858,0,0.587715515,7,0.428571429,1.5,N4 S2 P1 O6,de-protonated,0,-9999,C14 H21 O6 N4 P1 S2,14,21,6,4,1,2,-9999,-9999,-9999
1242,435.09311,435.093258221,435.093285008,8267369.5,-9999,677484.7,14.28,-1,-0.061564261,0.999312517,0,0.59958751,11,0.55,1,O11,de-protonated,0,-9999,C20 H20 O11,20,20,11,-9999,-9999,-9999,-9999,-9999,-9999
1242,435.09311,435.093258221,435.093122816,8267369.5,-9999,677484.7,14.28,-1,0.311209547,0.982579958,0,0.589547975,6,0.333333333,1.666666667,N4 S2 P1 O5,de-protonated,0,-9999,C15 H25 O5 N4 P1 S2,15,25,5,4,1,2,-9999,-9999,-9999
1243,435.129524,435.129672238,435.129670517,9545333,-9999,588729.2,16.8,-1,0.00395651,0.99999716,0,0.599998296,10,0.476190476,1.142857143,O10,de-protonated,0,-9999,C21 H24 O10,21,24,10,-9999,-9999,-9999,-9999,-9999,-9999
1243,435.129524,435.129672238,435.129508326,9545333,-9999,588729.2,16.8,-1,0.37669917,0.974580673,0,0.584748404,5,0.25,1.8125,N4 S2 P1 O4,de-protonated,0,-9999,C16 H29 O4 N4 P1 S2,16,29,4,4,1,2,-9999,-9999,-9999
1244,435.142591,435.142739245,435.142424735,8054393,-9999,720398.2,13.87,-1,0.722774632,0.909564497,0,0.545738698,18,0.068965517,0.827586207,S1 O2,de-protonated,0,-9999,C29 H24 O2 S1,29,24,2,-9999,-9999,1,-9999,-9999,-9999
1244,435.142591,435.142739245,435.142557676,8054393,-9999,720398.2,13.87,-1,0.417261361,0.968902303,0,0.581341382,5,0.555555556,1.611111111,P1 O10,de-protonated,0,-9999,C18 H29 O10 P1,18,29,10,-9999,1,-9999,-9999,-9999,-9999
1245,435.165837,435.165985256,435.166056026,7546496,-9999,621194.9,12.87,-1,-0.162629094,0.995212502,0,0.597127501,9,0.409090909,1.272727273,O9,de-protonated,0,-9999,C22 H28 O9,22,28,9,-9999,-9999,-9999,-9999,-9999,-9999
1245,435.165837,435.165985256,435.165893835,7546496,-9999,621194.9,12.87,-1,0.210082338,0.992023817,0,0.59521429,4,0.176470588,1.941176471,N4 S2 P1 O3,de-protonated,0,-9999,C17 H33 O3 N4 P1 S2,17,33,3,4,1,2,-9999,-9999,-9999
1246,435.178961,435.179109262,435.178810244,21153412,-9999,658629.7,39.61,-1,0.687114513,0.458950055,0.755017935,0.577377207,17,0.033333333,0.933333333,S1 O1,de-protonated,0,-9999,C30 H28 O1 S1,30,28,1,-9999,-9999,1,-9999,-9999,-9999
1246,435.178961,435.179109262,435.178943186,21153412,-9999,658629.7,39.61,-1,0.381626797,0.973920104,0,0.584352062,4,0.473684211,1.736842105,P1 O9,de-protonated,0,-9999,C19 H33 O9 P1,19,33,9,-9999,1,-9999,-9999,-9999,-9999
1247,435.215364,435.215512279,435.215328695,18630288,-9999,666375.2,34.65,-1,0.421822763,0.968229657,0,0.580937794,3,0.4,1.85,P1 O8,de-protonated,0,-9999,C20 H37 O8 P1,20,37,8,-9999,1,-9999,-9999,-9999,-9999
1248,436.174226,436.17437473,436.174059216,25675700,-9999,656612.3,48.5,-1,0.723367137,0.454711547,0.761234226,0.577320619,17,0.034482759,0.931034483,N1 S1 O1,de-protonated,0,-9999,C29 H27 O1 N1 S1,29,27,1,1,-9999,1,-9999,-9999,-9999
1248,436.174226,436.17437473,436.174192158,25675700,-9999,656612.3,48.5,-1,0.418576463,0.968709075,0,0.581225445,4,0.5,1.777777778,N1 P1 O9,de-protonated,0,-9999,C18 H32 O9 N1 P1,18,32,9,1,1,-9999,-9999,-9999,-9999
1249,437.08941600000003,437.089565161,437.089143114,33540302,-9999,642833.4,63.51,-1,0.965584749,0.42218082,0.793917021,0.570875301,20,0.208333333,0.583333333,N4 O5,de-protonated,0,-9999,C24 H14 O5 N4,24,14,5,4,-9999,-9999,-9999,-9999,-9999
1250,437.10882,437.10896917,437.108935072,7751891,-9999,778499.6,13.18,-1,0.078008483,0.998896435,0,0.599337861,10,0.55,1.1,O11,de-protonated,0,-9999,C20 H22 O11,20,22,11,-9999,-9999,-9999,-9999,-9999,-9999
1250,437.10882,437.10896917,437.108772881,7751891,-9999,778499.6,13.18,-1,0.449063361,0.964070782,0,0.578442469,5,0.333333333,1.8,N4 S2 P1 O5,de-protonated,0,-9999,C15 H27 O5 N4 P1 S2,15,27,5,4,1,2,-9999,-9999,-9999
1251,437.145163,437.145312187,437.145320581,8161502.5,-9999,658384.7,13.98,-1,-0.019201938000000002,0.999933099,0,0.59995986,9,0.476190476,1.238095238,O10,de-protonated,0,-9999,C21 H26 O10,21,26,10,-9999,-9999,-9999,-9999,-9999,-9999
1251,437.145163,437.145312187,437.14515839,8161502.5,-9999,658384.7,13.98,-1,0.35182202,0.977790848,0,0.586674509,4,0.25,1.9375,N4 S2 P1 O4,de-protonated,0,-9999,C16 H31 O4 N4 P1 S2,16,31,4,4,1,2,-9999,-9999,-9999
1252,437.158274,437.158423193,437.158074799,12142818,-9999,674761.4,21.75,-1,0.796952669,0.891148544,0,0.534689126,17,0.068965517,0.896551724,S1 O2,de-protonated,0,-9999,C29 H26 O2 S1,29,26,2,-9999,-9999,1,-9999,-9999,-9999
1252,437.158274,437.158423193,437.158207741,12142818,-9999,674761.4,21.75,-1,0.492848037,0.956883396,0,0.574130037,4,0.555555556,1.722222222,P1 O10,de-protonated,0,-9999,C18 H31 O10 P1,18,31,10,-9999,1,-9999,-9999,-9999,-9999
1253,437.176033,437.176182202,437.175832864,8440040,-9999,665293.1,14.52,-1,0.799078741,0.890600027,0,0.534360016,17,0.137931034,0.896551724,O4,de-protonated,0,-9999,C29 H26 O4,29,26,4,-9999,-9999,-9999,-9999,-9999,-9999
1254,437.194623,437.194772211,437.194460309,21416174,-9999,638526.2,39.85,-1,0.713417217,0.455892587,0.755017935,0.575542726,16,0.033333333,1,S1 O1,de-protonated,0,-9999,C30 H30 O1 S1,30,30,1,-9999,-9999,1,-9999,-9999,-9999
1254,437.194623,437.194772211,437.19459325,21416174,-9999,638526.2,39.85,-1,0.409337919,0.970054432,0,0.582032659,3,0.473684211,1.842105263,P1 O9,de-protonated,0,-9999,C19 H35 O9 P1,19,35,9,-9999,1,-9999,-9999,-9999,-9999
1255,437.231027,437.231176228,437.23097876,12290297,-9999,703347.1,22.03,-1,0.451633396,0.963665937,0,0.578199562,2,0.4,1.95,P1 O8,de-protonated,0,-9999,C20 H39 O8 P1,20,39,8,-9999,1,-9999,-9999,-9999,-9999
1256,438.088968,438.089117632,438.088927903,7809535.5,-9999,679425.7,13.29,-1,0.433082579,0.966539985,0,0.579923991,6,0.933333333,1.4,N1 O14,de-protonated,0,-9999,C15 H21 O14 N1,15,21,14,1,-9999,-9999,-9999,-9999,-9999
1256,438.088968,438.089117632,438.08941716,7809535.5,-9999,679425.7,13.29,-1,-0.683715825,0.918676407,0,0.551205844,10,0.333333333,1.222222222,N3 S1 P1 O6,de-protonated,0,-9999,C18 H22 O6 N3 P1 S1,18,22,6,3,1,1,-9999,-9999,-9999
1257,438.171284,438.17143367,438.171081836,8448536,-9999,676860,14.54,-1,0.802960821,0.889595575,0,0.533757345,17,0.142857143,0.892857143,N1 O4,de-protonated,0,-9999,C28 H25 O4 N1,28,25,4,1,-9999,-9999,-9999,-9999,-9999
1258,439.086396,439.086546101,439.086700025,11782960,-9999,586228.1,21.04,-1,-0.350555243,0.97794872,0,0.586769232,0,0.769230769,2.230769231,S2 P1 O10,de-protonated,0,-9999,C13 H29 O10 P1 S2,13,29,10,-9999,1,2,-9999,-9999,-9999
1259,439.124401,439.124551119,439.124585136,8129340,-9999,683952.5,13.91,-1,-0.077466523,0.998911708,0,0.599347025,9,0.55,1.2,O11,de-protonated,0,-9999,C20 H24 O11,20,24,11,-9999,-9999,-9999,-9999,-9999,-9999
1259,439.124401,439.124551119,439.124422945,8129340,-9999,683952.5,13.91,-1,0.291885098,0.984660007,0,0.590796004,4,0.333333333,1.933333333,N4 S2 P1 O5,de-protonated,0,-9999,C15 H29 O5 N4 P1 S2,15,29,5,4,1,2,-9999,-9999,-9999
1260,439.17384499999997,439.173995142,439.173724864,10505035,-9999,708648.5,18.55,-1,0.61542532,0.933584887,0,0.560150932,16,0.068965517,0.965517241,S1 O2,de-protonated,0,-9999,C29 H28 O2 S1,29,28,2,-9999,-9999,1,-9999,-9999,-9999
1260,439.17384499999997,439.173995142,439.173857805,10505035,-9999,708648.5,18.55,-1,0.312716474,0.982412344,0,0.589447407,3,0.555555556,1.833333333,P1 O10,de-protonated,0,-9999,C18 H33 O10 P1,18,33,10,-9999,1,-9999,-9999,-9999,-9999
1261,439.197181,439.197331153,439.197356155,8506194,-9999,641494.1,14.65,-1,-0.056926332,0.999412169,0,0.599647301,7,0.409090909,1.454545455,O9,de-protonated,0,-9999,C22 H32 O9,22,32,9,-9999,-9999,-9999,-9999,-9999,-9999
1261,439.197181,439.197331153,439.197193964,8506194,-9999,641494.1,14.65,-1,0.312364098,0.982451609,0,0.589470965,2,0.176470588,2.176470588,N4 S2 P1 O3,de-protonated,0,-9999,C17 H37 O3 N4 P1 S2,17,37,3,4,1,2,-9999,-9999,-9999
1262,439.210254,439.210404159,439.210110373,13470550,-9999,611982.7,24.34,-1,0.668897214,0.922023652,0,0.553214191,15,0.033333333,1.066666667,S1 O1,de-protonated,0,-9999,C30 H32 O1 S1,30,32,1,-9999,-9999,1,-9999,-9999,-9999
1262,439.210254,439.210404159,439.210243315,13470550,-9999,611982.7,24.34,-1,0.366213429,0.9759592,0,0.58557552,2,0.473684211,1.947368421,P1 O9,de-protonated,0,-9999,C19 H37 O9 P1,19,37,9,-9999,1,-9999,-9999,-9999,-9999
1263,439.233525,439.23367517,439.233741665,8530781,-9999,651239.2,14.7,-1,-0.151386676,0.995850207,0,0.597510124,6,0.347826087,1.565217391,O8,de-protonated,0,-9999,C23 H36 O8,23,36,8,-9999,-9999,-9999,-9999,-9999,-9999
1263,439.233525,439.23367517,439.233579473,8530781,-9999,651239.2,14.7,-1,0.217873127,0.991423854,0,0.594854312,1,0.111111111,2.277777778,N4 S2 P1 O2,de-protonated,0,-9999,C18 H41 O2 N4 P1 S2,18,41,2,4,1,2,-9999,-9999,-9999
1264,439.246668,439.246818177,439.246628824,9407329,-9999,692731.2,16.41,-1,0.431084653,0.966842829,0,0.580105698,1,0.4,2.05,P1 O8,de-protonated,0,-9999,C20 H41 O8 P1,20,41,8,-9999,1,-9999,-9999,-9999,-9999
1265,441.007359,441.007510005,441.007447381,9325948,-9999,669737.5,16.25,-1,0.142002173,0.996347842,0,0.597808705,20,0.291666667,0.416666667,S1 O7,de-protonated,0,-9999,C24 H10 O7 S1,24,10,7,-9999,-9999,1,-9999,-9999,-9999
1266,441.197608,441.197759095,441.197750078,8637878,-9999,682270.2,14.9,-1,0.020436647,0.99992422,0,0.599954532,2,0.666666667,1.888888889,O12,de-protonated,0,-9999,C18 H34 O12,18,34,12,-9999,-9999,-9999,-9999,-9999,-9999
1267,441.212834,441.212985102,441.21300622,10325434,-9999,744459.5,18.2,-1,-0.047862415,0.999584422,0,0.599750653,6,0.409090909,1.545454545,O9,de-protonated,0,-9999,C22 H34 O9,22,34,9,-9999,-9999,-9999,-9999,-9999,-9999
1267,441.212834,441.212985102,441.212844028,10325434,-9999,744459.5,18.2,-1,0.319740941,0.981620724,0,0.588972434,1,0.176470588,2.294117647,N4 S2 P1 O3,de-protonated,0,-9999,C17 H39 O3 N4 P1 S2,17,39,3,4,1,2,-9999,-9999,-9999
1268,441.24923,441.249381119,441.249391729,9293253,-9999,701809.1,16.18,-1,-0.024044764,0.999895101,0,0.59993706,5,0.347826087,1.652173913,O8,de-protonated,0,-9999,C23 H38 O8,23,38,8,-9999,-9999,-9999,-9999,-9999,-9999
1268,441.24923,441.249381119,441.249229538,9293253,-9999,701809.1,16.18,-1,0.343528288,0.978814567,0,0.58728874,0,0.111111111,2.388888889,N4 S2 P1 O2,de-protonated,0,-9999,C18 H43 O2 N4 P1 S2,18,43,2,4,1,2,-9999,-9999,-9999
1269,443.192115,443.192267034,443.192270775,9703446,-9999,666888.3,16.98,-1,-0.008440845,0.999987072,0,0.599992243,6,0.476190476,1.523809524,O10,de-protonated,0,-9999,C21 H32 O10,21,32,10,-9999,-9999,-9999,-9999,-9999,-9999
1269,443.192115,443.192267034,443.192108583,9703446,-9999,666888.3,16.98,-1,0.357520835,0.977073911,0,0.586244346,1,0.25,2.3125,N4 S2 P1 O4,de-protonated,0,-9999,C16 H37 O4 N4 P1 S2,16,37,4,4,1,2,-9999,-9999,-9999
1270,443.228491,443.228643051,443.228656284,13209634,-9999,677279.6,23.83,-1,-0.029856246,0.999838271,0,0.599902962,5,0.409090909,1.636363636,O9,de-protonated,0,-9999,C22 H36 O9,22,36,9,-9999,-9999,-9999,-9999,-9999,-9999
1270,443.228491,443.228643051,443.228494093,13209634,-9999,677279.6,23.83,-1,0.336075384,0.979714552,0,0.587828731,0,0.176470588,2.411764706,N4 S2 P1 O3,de-protonated,0,-9999,C17 H41 O3 N4 P1 S2,17,41,3,4,1,2,-9999,-9999,-9999
1271,443.264905,443.265057068,443.265041793,10080301,-9999,617391.3,17.72,-1,0.0344594,0.999784562,0,0.599870737,4,0.347826087,1.739130435,O8,de-protonated,0,-9999,C23 H40 O8,23,40,8,-9999,-9999,-9999,-9999,-9999,-9999
1272,445.077433,445.077585921,445.077634943,8106581,-9999,653940.2,13.86,-1,-0.110142101,0.997801216,0,0.598680729,13,0.523809524,0.857142857,O11,de-protonated,0,-9999,C21 H18 O11,21,18,11,-9999,-9999,-9999,-9999,-9999,-9999
1272,445.077433,445.077585921,445.077472752,8106581,-9999,653940.2,13.86,-1,0.254269315,0.988337361,0,0.593002417,8,0.3125,1.4375,N4 S2 P1 O5,de-protonated,0,-9999,C16 H23 O5 N4 P1 S2,16,23,5,4,1,2,-9999,-9999,-9999
1273,445.207752,445.207904983,445.207920839,11965053,-9999,613098.2,21.4,-1,-0.035616056,0.999769858,0,0.599861915,5,0.476190476,1.619047619,O10,de-protonated,0,-9999,C21 H34 O10,21,34,10,-9999,-9999,-9999,-9999,-9999,-9999
1273,445.207752,445.207904983,445.207758648,11965053,-9999,613098.2,21.4,-1,0.328688746,0.980587847,0,0.588352708,0,0.25,2.4375,N4 S2 P1 O4,de-protonated,0,-9999,C16 H39 O4 N4 P1 S2,16,39,4,4,1,2,-9999,-9999,-9999
1274,445.244147,445.2443,445.244306349,9360008,-9999,738152,16.31,-1,-0.014259066,0.999963108,0,0.599977865,4,0.409090909,1.727272727,O9,de-protonated,0,-9999,C22 H38 O9,22,38,9,-9999,-9999,-9999,-9999,-9999,-9999
1275,447.093084,447.09323787,447.093285008,8516794,-9999,644533.4,14.66,-1,-0.105430821,0.997985111,0,0.598791067,12,0.523809524,0.952380952,O11,de-protonated,0,-9999,C21 H20 O11,21,20,11,-9999,-9999,-9999,-9999,-9999,-9999
1275,447.093084,447.09323787,447.093122816,8516794,-9999,644533.4,14.66,-1,0.257337704,0.988055883,0,0.59283353,7,0.3125,1.5625,N4 S2 P1 O5,de-protonated,0,-9999,C16 H25 O5 N4 P1 S2,16,25,5,4,1,2,-9999,-9999,-9999
1276,447.178973,447.179126911,447.178810244,13440212,-9999,636504.1,24.27,-1,0.708142853,0.913026475,0,0.547815885,18,0.032258065,0.903225806,S1 O1,de-protonated,0,-9999,C31 H28 O1 S1,31,28,1,-9999,-9999,1,-9999,-9999,-9999
1276,447.178973,447.179126911,447.178943186,13440212,-9999,636504.1,24.27,-1,0.410852862,0.96983575,0,0.58190145,5,0.45,1.65,P1 O9,de-protonated,0,-9999,C20 H33 O9 P1,20,33,9,-9999,1,-9999,-9999,-9999,-9999
1277,447.215342,447.215495928,447.215328695,9344223,-9999,646655.9,16.28,-1,0.373941831,0.974946753,0,0.584968052,4,0.380952381,1.761904762,P1 O8,de-protonated,0,-9999,C21 H37 O8 P1,21,37,8,-9999,1,-9999,-9999,-9999,-9999
1278,449.051278,449.051432792,449.051420195,8804109,-9999,599550.3,15.22,-1,0.028053189,0.999857213,0,0.599914328,17,0.434782609,0.608695652,O10,de-protonated,0,-9999,C23 H14 O10,23,14,10,-9999,-9999,-9999,-9999,-9999,-9999
1278,449.051278,449.051432792,449.051258003,8804109,-9999,599550.3,15.22,-1,0.389239873,0.972883566,0,0.583730139,12,0.222222222,1.055555556,N4 S2 P1 O4,de-protonated,0,-9999,C18 H19 O4 N4 P1 S2,18,19,4,4,1,2,-9999,-9999,-9999
1279,449.072362,449.072516802,449.072549563,7190291,-9999,654983.1,12.07,-1,-0.072952156,0.999034793,0,0.599420876,12,0.6,0.9,O12,de-protonated,0,-9999,C20 H18 O12,20,18,12,-9999,-9999,-9999,-9999,-9999,-9999
1279,449.072362,449.072516802,449.072387371,7190291,-9999,654983.1,12.07,-1,0.288217497,0.985040206,0,0.591024124,7,0.4,1.533333333,N4 S2 P1 O6,de-protonated,0,-9999,C15 H23 O6 N4 P1 S2,15,23,6,4,1,2,-9999,-9999,-9999
1280,449.15818,449.158334842,449.158074799,11769645,-9999,605049.9,21.01,-1,0.578956633,0.940992672,0,0.564595603,18,0.066666667,0.866666667,S1 O2,de-protonated,0,-9999,C30 H26 O2 S1,30,26,2,-9999,-9999,1,-9999,-9999,-9999
1280,449.15818,449.158334842,449.158207741,11769645,-9999,605049.9,21.01,-1,0.282976721,0.985575393,0,0.591345236,5,0.526315789,1.631578947,P1 O10,de-protonated,0,-9999,C19 H31 O10 P1,19,31,10,-9999,1,-9999,-9999,-9999,-9999
1281,449.173466,449.173620849,449.173463882,522671936,-9999,620487.5,1018.28,-1,0.349457916,0.732931275,0.982106674,0.832601435,9,0.304347826,1.347826087,P1 O7,de-protonated,0,-9999,C23 H31 O7 P1,23,31,7,-9999,1,-9999,-9999,-9999,-9999
1282,449.194598,449.194752859,449.194460309,19879736,-9999,639796,36.84,-1,0.651278824,0.462961584,0.748902347,0.577337889,17,0.032258065,0.967741935,S1 O1,de-protonated,0,-9999,C31 H30 O1 S1,31,30,1,-9999,-9999,1,-9999,-9999,-9999
1282,449.194598,449.194752859,449.19459325,19879736,-9999,639796,36.84,-1,0.355322865,0.977351728,0,0.586411037,4,0.45,1.75,P1 O9,de-protonated,0,-9999,C20 H35 O9 P1,20,35,9,-9999,1,-9999,-9999,-9999,-9999
1283,449.230983,449.231137877,449.23097876,10393411,-9999,635777,18.33,-1,0.354198386,0.977493227,0,0.586495936,3,0.380952381,1.857142857,P1 O8,de-protonated,0,-9999,C21 H39 O8 P1,21,39,8,-9999,1,-9999,-9999,-9999,-9999
1284,450.176819,450.176974322,450.176818717,140728416,-9999,619779,272.73,-1,0.34565188,0.733048684,0.982106674,0.83267188,9,0.304347826,1.347826087,13C1 P1 O7,de-protonated,1,1281,C22 H31 O7 P1 13C1,22,31,7,-9999,1,-9999,1,-9999,-9999
1284,450.176819,450.176974322,450.176955063,140728416,-9999,619779,272.73,-1,0.042780608,0.99938077299999994,0.922540228,0.968644555,9,0.409090909,1.318181818,N1 O9,de-protonated,0,-9999,C22 H29 O9 N1,22,29,9,1,-9999,-9999,-9999,-9999,-9999
1285,450.189854,450.190009328,450.189709281,51861604,-9999,616413.9,99.27,-1,0.666490445,0.922816199,0.954016767,0.935296426,17,0.033333333,0.966666667,N1 S1 O1,de-protonated,0,-9999,C30 H29 O1 N1 S1,30,29,1,1,-9999,1,-9999,-9999,-9999
1285,450.189854,450.190009328,450.189842222,51861604,-9999,616413.9,99.27,-1,0.371188761,0.975416531,0.971469053,0.97383754,4,0.473684211,1.789473684,N1 P1 O9,de-protonated,0,-9999,C19 H34 O9 N1 P1,19,34,9,1,1,-9999,-9999,-9999,-9999
1286,451.124415,451.124570768,451.124585136,9099649,-9999,671978.2,15.8,-1,-0.031850739,0.999815943,0,0.599889566,10,0.523809524,1.142857143,O11,de-protonated,0,-9999,C21 H24 O11,21,24,11,-9999,-9999,-9999,-9999,-9999,-9999
1286,451.124415,451.124570768,451.124422945,9099649,-9999,671978.2,15.8,-1,0.327676071,0.980706119,0,0.588423671,5,0.3125,1.8125,N4 S2 P1 O5,de-protonated,0,-9999,C16 H29 O5 N4 P1 S2,16,29,5,4,1,2,-9999,-9999,-9999
1287,451.152618,451.152773781,451.152728437,10082698,-9999,649796,17.72,-1,0.100506462,0.998168766,0,0.59890126,9,0.363636364,1.318181818,P1 O8,de-protonated,0,-9999,C22 H29 O8 P1,22,29,8,-9999,1,-9999,-9999,-9999,-9999
1288,451.169683,451.169838789,451.169702112,14047631,-9999,1228375.6,25.46,-1,0.302940262,0.983485825,0,0.590091495,13,0.16,1.12,N2 S1 O4,de-protonated,0,-9999,C25 H28 O4 N2 S1,25,28,4,2,-9999,1,-9999,-9999,-9999
1288,451.169683,451.169838789,451.169835053,14047631,-9999,1228375.6,25.46,-1,0.008280114,0.99998756,0,0.599992536,0,0.857142857,2.357142857,N2 P1 O12,de-protonated,0,-9999,C14 H33 O12 N2 P1,14,33,12,2,1,-9999,-9999,-9999,-9999
1289,451.170517,451.17067279,451.17035356,177166736,-9999,614999.9,343.86,-1,0.707557972,0.609646878,0.920549469,0.734007915,22,0.060606061,0.727272727,O2,de-protonated,0,-9999,C33 H24 O2,33,24,2,-9999,-9999,-9999,-9999,-9999,-9999
1290,451.173849,451.174004791,451.173724864,14473616,-9999,590656.1,26.29,-1,0.620442666,0.93253508,0,0.559521048,17,0.066666667,0.933333333,S1 O2,de-protonated,0,-9999,C30 H28 O2 S1,30,28,2,-9999,-9999,1,-9999,-9999,-9999
1290,451.173849,451.174004791,451.173857805,14473616,-9999,590656.1,26.29,-1,0.325785052,0.980926035,0,0.588555621,4,0.526315789,1.736842105,P1 O10,de-protonated,0,-9999,C19 H33 O10 P1,19,33,10,-9999,1,-9999,-9999,-9999,-9999
1291,451.180186,451.180341794,451.180173552,18241938,-9999,616765.5,33.64,-1,0.37289252,0.732181365,0.982106674,0.832151488,9,0.304347826,1.347826087,13C2 P1 O7,de-protonated,1,1281,C21 H31 O7 P1 13C2,21,31,7,-9999,1,-9999,2,-9999,-9999
1291,451.180186,451.180341794,451.180309898,18241938,-9999,616765.5,33.64,-1,0.070694778,0.999093576,0.922540228,0.968472237,9,0.409090909,1.318181818,13C1 N1 O9,de-protonated,1,1284,C21 H29 O9 N1 13C1,21,29,9,1,-9999,-9999,1,-9999,-9999
1292,451.191673,451.191828799,451.191482928,7616917.5,-9999,677284.1,12.9,-1,0.766572713,0.898862353,0,0.539317412,17,0.133333333,0.933333333,O4,de-protonated,0,-9999,C30 H28 O4,30,28,4,-9999,-9999,-9999,-9999,-9999,-9999
1293,451.193208,451.1933638,451.193064116,12884374,-9999,641619.5,23.19,-1,0.664204319,0.923070892,0.954016767,0.935449242,17,0.033333333,0.966666667,13C1 N1 S1 O1,de-protonated,1,1285,C29 H29 O1 N1 S1 13C1,29,29,1,1,-9999,1,1,-9999,-9999
1293,451.193208,451.1933638,451.193197058,12884374,-9999,641619.5,23.19,-1,0.369559322,0.975523343,0.971469053,0.973901627,4,0.473684211,1.789473684,13C1 N1 P1 O9,de-protonated,1,1285,C18 H34 O9 N1 P1 13C1,18,34,9,1,1,-9999,1,-9999,-9999
1293,451.193208,451.1933638,451.193333403,12884374,-9999,641619.5,23.19,-1,0.067370303,0.999176787,0,0.599506072,4,0.611111111,1.777777778,N2 O11,de-protonated,0,-9999,C18 H32 O11 N2,18,32,11,2,-9999,-9999,-9999,-9999,-9999
1294,451.210265,451.210420808,451.210110373,21322140,-9999,646260.7,39.66,-1,0.688005906,0.90308205,0.978413646,0.933214688,16,0.032258065,1.032258065,S1 O1,de-protonated,0,-9999,C31 H32 O1 S1,31,32,1,-9999,-9999,1,-9999,-9999,-9999
1294,451.210265,451.210420808,451.210243315,21322140,-9999,646260.7,39.66,-1,0.393372034,0.972312862,0,0.583387717,3,0.45,1.85,P1 O9,de-protonated,0,-9999,C20 H37 O9 P1,20,37,9,-9999,1,-9999,-9999,-9999,-9999
1295,451.228007,451.228162817,451.227868438,7379360.5,-9999,701547.8,12.44,-1,0.652395061,0.925678714,0,0.555407228,16,0.096774194,1.032258065,O3,de-protonated,0,-9999,C31 H32 O3,31,32,3,-9999,-9999,-9999,-9999,-9999,-9999
1296,451.246647,451.246802825,451.246628824,8386982,-9999,663194.3,14.41,-1,0.385601257,0.973381388,0,0.584028833,2,0.380952381,1.952380952,P1 O8,de-protonated,0,-9999,C21 H41 O8 P1,21,41,8,-9999,1,-9999,-9999,-9999,-9999
1297,452.173867,452.174023262,452.173708395,48716480,-9999,627847,93.13,-1,0.696339514,0.610517983,0.920549469,0.734530578,22,0.060606061,0.727272727,13C1 O2,de-protonated,1,1289,C32 H24 O2 13C1,32,24,2,-9999,-9999,-9999,1,-9999,-9999
1297,452.173867,452.174023262,452.17446694,48716480,-9999,627847,93.13,-1,-0.981210378,0.419856949,0.793917021,0.569480978,13,0.166666667,1.166666667,N3 P1 O4,de-protonated,0,-9999,C24 H28 O4 N3 P1,24,28,4,3,1,-9999,-9999,-9999,-9999
1298,452.186906,452.187062268,452.186731901,15637186,-9999,641424.1,28.56,-1,0.730599429,0.907689546,0,0.544613728,17,0.137931034,0.931034483,N1 O4,de-protonated,0,-9999,C29 H27 O4 N1,29,27,4,1,-9999,-9999,-9999,-9999,-9999
1299,452.213674,452.213830281,452.213465208,7994058.5,-9999,632378.5,13.64,-1,0.807301235,0.888468122,0.978413646,0.924446331,16,0.032258065,1.032258065,13C1 S1 O1,de-protonated,1,1294,C30 H32 O1 S1 13C1,30,32,1,-9999,-9999,1,1,-9999,-9999
1299,452.213674,452.213830281,452.213734495,7994058.5,-9999,632378.5,13.64,-1,0.211813865,0.99189233,0,0.595135398,3,0.578947368,1.842105263,N1 O11,de-protonated,0,-9999,C19 H35 O11 N1,19,35,11,1,-9999,-9999,-9999,-9999,-9999
1299,452.213674,452.213830281,452.214223753,7994058.5,-9999,632378.5,13.64,-1,-0.87010136,0.871647209,0,0.522988325,7,0.136363636,1.636363636,N3 S1 P1 O3,de-protonated,0,-9999,C22 H36 O3 N3 P1 S1,22,36,3,3,1,1,-9999,-9999,-9999
1301,453.103659,453.1038157,453.103849692,8559576,-9999,665291.4,14.63,-1,-0.075020475,0.998979315,0,0.599387589,10,0.6,1.1,O12,de-protonated,0,-9999,C20 H22 O12,20,22,12,-9999,-9999,-9999,-9999,-9999,-9999
1301,453.103659,453.1038157,453.1036875,8559576,-9999,665291.4,14.63,-1,0.282935822,0.985579532,0,0.591347719,5,0.4,1.8,N4 S2 P1 O6,de-protonated,0,-9999,C15 H27 O6 N4 P1 S2,15,27,6,4,1,2,-9999,-9999,-9999
1302,453.140055,453.140211717,453.140235201,9378787,-9999,637210.6,16.21,-1,-0.051825641,0.999512766,0,0.59970766,9,0.523809524,1.238095238,O11,de-protonated,0,-9999,C21 H26 O11,21,26,11,-9999,-9999,-9999,-9999,-9999,-9999
1302,453.140055,453.140211717,453.14007301,9378787,-9999,637210.6,16.21,-1,0.306101921,0.98314226,0,0.589885356,4,0.3125,1.9375,N4 S2 P1 O5,de-protonated,0,-9999,C16 H31 O5 N4 P1 S2,16,31,5,4,1,2,-9999,-9999,-9999
1303,453.189501,453.18965774,453.189374928,16243697,-9999,628033,29.51,-1,0.624047735,0.931776245,0,0.559065747,16,0.066666667,1,S1 O2,de-protonated,0,-9999,C30 H30 O2 S1,30,30,2,-9999,-9999,1,-9999,-9999,-9999
1303,453.189501,453.18965774,453.18950787,16243697,-9999,628033,29.51,-1,0.330700668,0.980351831,0,0.588211099,3,0.526315789,1.842105263,P1 O10,de-protonated,0,-9999,C19 H35 O10 P1,19,35,10,-9999,1,-9999,-9999,-9999,-9999
1304,453.207249,453.207405748,453.207132993,7511031,-9999,695111.9,12.6,-1,0.601833902,0.936391661,0,0.561834997,16,0.133333333,1,O4,de-protonated,0,-9999,C30 H30 O4,30,30,4,-9999,-9999,-9999,-9999,-9999,-9999
1305,453.212839,453.212995751,453.21300622,9329657,-9999,638029,16.12,-1,-0.023098899,0.999903191,0,0.599941915,7,0.391304348,1.47826087,O9,de-protonated,0,-9999,C23 H34 O9,23,34,9,-9999,-9999,-9999,-9999,-9999,-9999
1305,453.212839,453.212995751,453.212844028,9329657,-9999,638029,16.12,-1,0.334771202,0.979870094,0,0.587922056,2,0.166666667,2.166666667,N4 S2 P1 O3,de-protonated,0,-9999,C18 H39 O3 N4 P1 S2,18,39,3,4,1,2,-9999,-9999,-9999
1306,453.225865,453.226021757,453.225760437,12557308,-9999,613690.6,22.37,-1,0.576577047,0.941462276,0,0.564877366,15,0.032258065,1.096774194,S1 O1,de-protonated,0,-9999,C31 H34 O1 S1,31,34,1,-9999,-9999,1,-9999,-9999,-9999
1306,453.225865,453.226021757,453.225893379,12557308,-9999,613690.6,22.37,-1,0.283253544,0.985547362,0,0.591328417,2,0.45,1.95,P1 O9,de-protonated,0,-9999,C20 H39 O9 P1,20,39,9,-9999,1,-9999,-9999,-9999,-9999
1307,453.249279,453.249435768,453.249391729,7756803.5,-9999,577999.9,13.07,-1,0.097163026,0.998288472,0,0.598973083,6,0.333333333,1.583333333,O8,de-protonated,0,-9999,C24 H38 O8,24,38,8,-9999,-9999,-9999,-9999,-9999,-9999
1307,453.249279,453.249435768,453.249229538,7756803.5,-9999,577999.9,13.07,-1,0.455004441,0.96313167,0,0.577879002,1,0.105263158,2.263157895,N4 S2 P1 O2,de-protonated,0,-9999,C19 H43 O2 N4 P1 S2,19,43,2,4,1,2,-9999,-9999,-9999
1308,455.119348,455.119505648,455.119499756,8683064,-9999,608389.3,14.87,-1,0.012946766,0.999969586,0,0.599981752,9,0.6,1.2,O12,de-protonated,0,-9999,C20 H24 O12,20,24,12,-9999,-9999,-9999,-9999,-9999,-9999
1308,455.119348,455.119505648,455.119337565,8683064,-9999,608389.3,14.87,-1,0.369317763,0.975554936,0,0.585332962,4,0.4,1.933333333,N4 S2 P1 O6,de-protonated,0,-9999,C15 H29 O6 N4 P1 S2,15,29,6,4,1,2,-9999,-9999,-9999
1309,455.155704,455.155861665,455.155885265,7970370.5,-9999,687007.2,13.49,-1,-0.051850171,0.999512305,0,0.599707383,8,0.523809524,1.333333333,O11,de-protonated,0,-9999,C21 H28 O11,21,28,11,-9999,-9999,-9999,-9999,-9999,-9999
1309,455.155704,455.155861665,455.155723074,7970370.5,-9999,687007.2,13.49,-1,0.304492314,0.9833176,0,0.58999056,3,0.3125,2.0625,N4 S2 P1 O5,de-protonated,0,-9999,C16 H33 O5 N4 P1 S2,16,33,5,4,1,2,-9999,-9999,-9999
1310,455.192132,455.192289683,455.192270775,9379406,-9999,613786.9,16.21,-1,0.041538244,0.999686973,0,0.599812184,7,0.454545455,1.454545455,O10,de-protonated,0,-9999,C22 H32 O10,22,32,10,-9999,-9999,-9999,-9999,-9999,-9999
1310,455.192132,455.192289683,455.192108583,9379406,-9999,613786.9,16.21,-1,0.397852278,0.971687658,0,0.583012595,2,0.235294118,2.176470588,N4 S2 P1 O4,de-protonated,0,-9999,C17 H37 O4 N4 P1 S2,17,37,4,4,1,2,-9999,-9999,-9999
1311,455.205167,455.205324689,455.205024993,14245458,-9999,643329.8,25.64,-1,0.658376263,0.924362821,0,0.554617692,15,0.066666667,1.066666667,S1 O2,de-protonated,0,-9999,C30 H32 O2 S1,30,32,2,-9999,-9999,1,-9999,-9999,-9999
1311,455.205167,455.205324689,455.205157934,14245458,-9999,643329.8,25.64,-1,0.366328128,0.975944321,0,0.585566593,2,0.526315789,1.947368421,P1 O10,de-protonated,0,-9999,C19 H37 O10 P1,19,37,10,-9999,1,-9999,-9999,-9999,-9999
1312,455.228459,455.2286167,455.228656284,12967513,-9999,644184.4,23.16,-1,-0.0869549,0.998628979,0,0.599177387,6,0.391304348,1.565217391,O9,de-protonated,0,-9999,C23 H36 O9,23,36,9,-9999,-9999,-9999,-9999,-9999,-9999
1312,455.228459,455.2286167,455.228494093,12967513,-9999,644184.4,23.16,-1,0.269330609,0.98692414,0,0.592154484,1,0.166666667,2.277777778,N4 S2 P1 O3,de-protonated,0,-9999,C18 H41 O3 N4 P1 S2,18,41,3,4,1,2,-9999,-9999,-9999
1313,455.264897,455.265054717,455.265041793,10493540,-9999,674168.1,18.37,-1,0.02838663,0.999853799,0,0.59991228,5,0.333333333,1.666666667,O8,de-protonated,0,-9999,C24 H40 O8,24,40,8,-9999,-9999,-9999,-9999,-9999,-9999
1313,455.264897,455.265054717,455.264879602,10493540,-9999,674168.1,18.37,-1,0.384643706,0.97351166200000006,0,0.584106997,0,0.105263158,2.368421053,N4 S2 P1 O2,de-protonated,0,-9999,C19 H45 O2 N4 P1 S2,19,45,2,4,1,2,-9999,-9999,-9999
1314,457.113874,457.114032587,457.114020452,8298640,-9999,620167.3,14.12,-1,0.026546582,0.999872137,0,0.599923282,13,0.434782609,0.956521739,O10,de-protonated,0,-9999,C23 H22 O10,23,22,10,-9999,-9999,-9999,-9999,-9999,-9999
1314,457.113874,457.114032587,457.113858261,8298640,-9999,620167.3,14.12,-1,0.381362634,0.973955723,0,0.584373434,8,0.222222222,1.5,N4 S2 P1 O4,de-protonated,0,-9999,C18 H27 O4 N4 P1 S2,18,27,4,4,1,2,-9999,-9999,-9999
1315,457.134999,457.135157597,457.13514982,7856278.5,-9999,596343.9,13.26,-1,0.017011816,0.99994749,0,0.599968494,8,0.6,1.3,O12,de-protonated,0,-9999,C20 H26 O12,20,26,12,-9999,-9999,-9999,-9999,-9999,-9999
1315,457.134999,457.135157597,457.134987629,7856278.5,-9999,596343.9,13.26,-1,0.371811464,0.975227844,0,0.585136706,3,0.4,2.066666667,N4 S2 P1 O6,de-protonated,0,-9999,C15 H31 O6 N4 P1 S2,15,31,6,4,1,2,-9999,-9999,-9999
1316,457.171331,457.171489614,457.17153533,7504033.5,-9999,694157.4,12.58,-1,-0.099996488,0.998187286,0,0.598912371,7,0.523809524,1.428571429,O11,de-protonated,0,-9999,C21 H30 O11,21,30,11,-9999,-9999,-9999,-9999,-9999,-9999
1316,457.171331,457.171489614,457.171373139,7504033.5,-9999,694157.4,12.58,-1,0.25477488,0.98829121,0,0.592974726,2,0.3125,2.1875,N4 S2 P1 O5,de-protonated,0,-9999,C16 H35 O5 N4 P1 S2,16,35,5,4,1,2,-9999,-9999,-9999
1317,457.207724,457.207882631,457.207920839,14770348,-9999,659911.2,26.65,-1,-0.083567596,0.998733648,0,0.599240189,6,0.454545455,1.545454545,O10,de-protonated,0,-9999,C22 H34 O10,22,34,10,-9999,-9999,-9999,-9999,-9999,-9999
1317,457.207724,457.207882631,457.207758648,14770348,-9999,659911.2,26.65,-1,0.271175545,0.986745581,0,0.592047349,1,0.235294118,2.294117647,N4 S2 P1 O4,de-protonated,0,-9999,C17 H39 O4 N4 P1 S2,17,39,4,4,1,2,-9999,-9999,-9999
1318,457.244134,457.244292649,457.244306349,17096888,-9999,645527.5,31.16,-1,-0.029962051,0.999837122,0,0.599902273,5,0.391304348,1.652173913,O9,de-protonated,0,-9999,C23 H38 O9,23,38,9,-9999,-9999,-9999,-9999,-9999,-9999
1318,457.244134,457.244292649,457.244144157,17096888,-9999,645527.5,31.16,-1,0.32475288,0.981045555,0,0.588627333,0,0.166666667,2.388888889,N4 S2 P1 O3,de-protonated,0,-9999,C18 H43 O3 N4 P1 S2,18,43,3,4,1,2,-9999,-9999,-9999
1319,457.280478,457.280636666,457.280691858,7790786,-9999,697842.8,13.14,-1,-0.120696587,0.997360207,0,0.598416124,4,0.333333333,1.75,O8,de-protonated,0,-9999,C24 H42 O8,24,42,8,-9999,-9999,-9999,-9999,-9999,-9999
1320,458.20303,458.2031891,458.203169811,14983639,-9999,591695.6,27.07,-1,0.042096079,0.99967851,0,0.599807106,6,0.476190476,1.571428571,N1 O10,de-protonated,0,-9999,C21 H33 O10 N1,21,33,10,1,-9999,-9999,-9999,-9999,-9999
1321,459.12951,459.129669536,459.129670517,7381741.5,-9999,680523.2,12.34,-1,-0.002136256,0.999999172,0,0.599999503,12,0.434782609,1.043478261,O10,de-protonated,0,-9999,C23 H24 O10,23,24,10,-9999,-9999,-9999,-9999,-9999,-9999
1321,459.12951,459.129669536,459.129508326,7381741.5,-9999,680523.2,12.34,-1,0.351122088,0.977878144,0,0.586726887,7,0.222222222,1.611111111,N4 S2 P1 O4,de-protonated,0,-9999,C18 H29 O4 N4 P1 S2,18,29,4,4,1,2,-9999,-9999,-9999
1322,459.165893,459.166052553,459.166056026,8446712,-9999,635463.8,14.41,-1,-0.007563804,0.999989619,0,0.599993772,11,0.375,1.166666667,O9,de-protonated,0,-9999,C24 H28 O9,24,28,9,-9999,-9999,-9999,-9999,-9999,-9999
1322,459.165893,459.166052553,459.165893835,8446712,-9999,635463.8,14.41,-1,0.345666545,0.97855287,0,0.587131722,6,0.157894737,1.736842105,N4 S2 P1 O3,de-protonated,0,-9999,C19 H33 O3 N4 P1 S2,19,33,3,4,1,2,-9999,-9999,-9999
1323,459.178948,459.179107559,459.178810244,7234300,-9999,635245.9,12.06,-1,0.647493431,0.926749522,0,0.556049713,19,0.03125,0.875,S1 O1,de-protonated,0,-9999,C32 H28 O1 S1,32,28,1,-9999,-9999,1,-9999,-9999,-9999
1323,459.178948,459.179107559,459.178943186,7234300,-9999,635245.9,12.06,-1,0.357972716,0.977016592,0,0.586209955,6,0.428571429,1.571428571,P1 O9,de-protonated,0,-9999,C21 H33 O9 P1,21,33,9,-9999,1,-9999,-9999,-9999,-9999
1324,459.186999,459.187158563,459.187185394,8504063,-9999,645813.8,14.52,-1,-0.058431872,0.999380675,0,0.599628405,6,0.523809524,1.523809524,O11,de-protonated,0,-9999,C21 H32 O11,21,32,11,-9999,-9999,-9999,-9999,-9999,-9999
1324,459.186999,459.187158563,459.187023203,8504063,-9999,645813.8,14.52,-1,0.294782205,0.984356388,0,0.590613833,1,0.3125,2.3125,N4 S2 P1 O5,de-protonated,0,-9999,C16 H37 O5 N4 P1 S2,16,37,5,4,1,2,-9999,-9999,-9999
1325,459.202269,459.20242857,459.202441536,17261316,-9999,636337.7,31.48,-1,-0.02823432,0.999855364,0,0.599913218,10,0.32,1.28,O8,de-protonated,0,-9999,C25 H32 O8,25,32,8,-9999,-9999,-9999,-9999,-9999,-9999
1325,459.202269,459.20242857,459.202279344,17261316,-9999,636337.7,31.48,-1,0.324968033,0.981020672,0,0.588612403,5,0.1,1.85,N4 S2 P1 O2,de-protonated,0,-9999,C20 H37 O2 N4 P1 S2,20,37,2,4,1,2,-9999,-9999,-9999
1326,459.223365,459.22352458,459.223570904,15491849,-9999,613421.5,28.05,-1,-0.100873302,0.998155386,0,0.598893232,5,0.454545455,1.636363636,O10,de-protonated,0,-9999,C22 H36 O10,22,36,10,-9999,-9999,-9999,-9999,-9999,-9999
1326,459.223365,459.22352458,459.223408712,15491849,-9999,613421.5,28.05,-1,0.252312774,0.988515122,0,0.593109073,0,0.235294118,2.411764706,N4 S2 P1 O4,de-protonated,0,-9999,C17 H41 O4 N4 P1 S2,17,41,4,4,1,2,-9999,-9999,-9999
1327,459.259844,459.260003597,459.259956413,12804884,-9999,664149.4,22.85,-1,0.102740122,0.998086545,0,0.598851927,4,0.391304348,1.739130435,O9,de-protonated,0,-9999,C23 H40 O9,23,40,9,-9999,-9999,-9999,-9999,-9999,-9999
1327,459.259844,459.260003597,459.26044567,12804884,-9999,664149.4,22.85,-1,-0.962575659,0.845251025,0,0.507150615,8,0.038461538,1.576923077,N2 S1 P1 O1,de-protonated,0,-9999,C26 H41 O1 N2 P1 S1,26,41,1,2,1,1,-9999,-9999,-9999
1328,459.303399,459.303558618,459.303355855,8053537.5,-9999,705840.4,13.64,-1,0.441457207,0.965256384,0,0.57915383,7,0.107142857,1.607142857,P1 O3,de-protonated,0,-9999,C28 H45 O3 P1,28,45,3,-9999,1,-9999,-9999,-9999,-9999
1329,460.182215,460.182375032,460.182434367,7578664.5,-9999,677738.9,12.72,-1,-0.128937745,0.996987971,0,0.598192783,6,0.55,1.55,N1 O11,de-protonated,0,-9999,C20 H31 O11 N1,20,31,11,1,-9999,-9999,-9999,-9999,-9999
1330,461.108804,461.108964468,461.108935072,8504638,-9999,595511.1,14.52,-1,0.063750208,0.999262848,0,0.599557709,12,0.5,1,O11,de-protonated,0,-9999,C22 H22 O11,22,22,11,-9999,-9999,-9999,-9999,-9999,-9999
1330,461.108804,461.108964468,461.109424329,8504638,-9999,595511.1,14.52,-1,-0.997293777,0.834879451,0,0.500927671,16,0.12,0.92,N2 S1 P1 O3,de-protonated,0,-9999,C25 H23 O3 N2 P1 S1,25,23,3,2,1,1,-9999,-9999,-9999
1330,461.108804,461.108964468,461.108772881,8504638,-9999,595511.1,14.52,-1,0.415492248,0.969161342,0,0.581496805,7,0.294117647,1.588235294,N4 S2 P1 O5,de-protonated,0,-9999,C17 H27 O5 N4 P1 S2,17,27,5,4,1,2,-9999,-9999,-9999
1331,461.14518,461.145340485,461.145320581,8037705,-9999,667397.3,13.61,-1,0.043161153,0.999662039,0,0.599797223,11,0.434782609,1.130434783,O10,de-protonated,0,-9999,C23 H26 O10,23,26,10,-9999,-9999,-9999,-9999,-9999,-9999
1331,461.14518,461.145340485,461.14515839,8037705,-9999,667397.3,13.61,-1,0.394875433,0.972103812,0,0.583262287,6,0.222222222,1.722222222,N4 S2 P1 O4,de-protonated,0,-9999,C18 H31 O4 N4 P1 S2,18,31,4,4,1,2,-9999,-9999,-9999
1332,461.158249,461.158409491,461.158074799,7382349,-9999,612224.7,12.34,-1,0.725763885,0.90885015,0,0.54531009,19,0.064516129,0.838709677,S1 O2,de-protonated,0,-9999,C31 H26 O2 S1,31,26,2,-9999,-9999,1,-9999,-9999,-9999
1332,461.158249,461.158409491,461.158207741,7382349,-9999,612224.7,12.34,-1,0.437485753,0.965867951,0,0.579520771,6,0.5,1.55,P1 O10,de-protonated,0,-9999,C20 H31 O10 P1,20,31,10,-9999,1,-9999,-9999,-9999,-9999
1333,461.194575,461.194735508,461.194460309,14312792,-9999,626568.8,25.77,-1,0.596710606,0.937435557,0,0.562461334,18,0.03125,0.9375,S1 O1,de-protonated,0,-9999,C32 H30 O1 S1,32,30,1,-9999,-9999,1,-9999,-9999,-9999
1333,461.194575,461.194735508,461.19459325,14312792,-9999,626568.8,25.77,-1,0.308455255,0.982884296,0,0.589730578,5,0.428571429,1.666666667,P1 O9,de-protonated,0,-9999,C21 H35 O9 P1,21,35,9,-9999,1,-9999,-9999,-9999,-9999
1334,461.202659,461.202819512,461.202835459,7472474,-9999,657614.4,12.52,-1,-0.03457652,0.999783095,0,0.599869857,5,0.523809524,1.619047619,O11,de-protonated,0,-9999,C21 H34 O11,21,34,11,-9999,-9999,-9999,-9999,-9999,-9999
1334,461.202659,461.202819512,461.202673267,7472474,-9999,657614.4,12.52,-1,0.317093871,0.981921024,0,0.589152614,0,0.3125,2.4375,N4 S2 P1 O5,de-protonated,0,-9999,C16 H39 O5 N4 P1 S2,16,39,5,4,1,2,-9999,-9999,-9999
1335,461.230985,461.231145525,461.23097876,11593058,-9999,601820.5,20.5,-1,0.361566531,0.976558277,0,0.585934966,4,0.363636364,1.772727273,P1 O8,de-protonated,0,-9999,C22 H39 O8 P1,22,39,8,-9999,1,-9999,-9999,-9999,-9999
1336,461.239073,461.239233529,461.239220968,8930661,-9999,603988.6,15.34,-1,0.027233162000000002,0.999865439,0,0.599919263,4,0.454545455,1.727272727,O10,de-protonated,0,-9999,C22 H38 O10,22,38,10,-9999,-9999,-9999,-9999,-9999,-9999
1337,462.197873,462.19803398,462.198084431,7587459.5,-9999,652122.4,12.74,-1,-0.109153435,0.99784047,0,0.598704282,5,0.55,1.65,N1 O11,de-protonated,0,-9999,C20 H33 O11 N1,20,33,11,1,-9999,-9999,-9999,-9999,-9999
1338,462.234269,462.234429998,462.23446994,8611470,-9999,636525.9,14.72,-1,-0.086412262,0.998646026,0,0.599187615,4,0.476190476,1.761904762,N1 O10,de-protonated,0,-9999,C21 H37 O10 N1,21,37,10,1,-9999,-9999,-9999,-9999,-9999
1339,463.030476,463.030637372,463.03068475,7284604,-9999,674624.5,12.15,-1,-0.102320033,0.998102146,0,0.598861288,18,0.47826087,0.52173913,O11,de-protonated,0,-9999,C23 H12 O11,23,12,11,-9999,-9999,-9999,-9999,-9999,-9999
1339,463.030476,463.030637372,463.030522558,7284604,-9999,674624.5,12.15,-1,0.247962088,0.988905594,0,0.593343356,13,0.277777778,0.944444444,N4 S2 P1 O5,de-protonated,0,-9999,C18 H17 O5 N4 P1 S2,18,17,5,4,1,2,-9999,-9999,-9999
1340,463.088007,463.088168399,463.088199627,7432077,-9999,634687.7,12.44,-1,-0.067433468,0.999175244,0,0.599505146,12,0.571428571,0.952380952,O12,de-protonated,0,-9999,C21 H20 O12,21,20,12,-9999,-9999,-9999,-9999,-9999,-9999
1340,463.088007,463.088168399,463.088037436,7432077,-9999,634687.7,12.44,-1,0.282805161,0.985592751,0,0.591355651,7,0.375,1.5625,N4 S2 P1 O6,de-protonated,0,-9999,C16 H25 O6 N4 P1 S2,16,25,6,4,1,2,-9999,-9999,-9999
1341,463.124427,463.124588417,463.124585136,7571352,-9999,620007.4,12.71,-1,0.007082653,0.999990898,0,0.599994539,11,0.5,1.090909091,O11,de-protonated,0,-9999,C22 H24 O11,22,24,11,-9999,-9999,-9999,-9999,-9999,-9999
1341,463.124427,463.124588417,463.124422945,7571352,-9999,620007.4,12.71,-1,0.357293791,0.977102684,0,0.58626161,6,0.294117647,1.705882353,N4 S2 P1 O5,de-protonated,0,-9999,C17 H29 O5 N4 P1 S2,17,29,5,4,1,2,-9999,-9999,-9999
1342,463.160781,463.160942434,463.160970646,8005538.5,-9999,639938.8,13.55,-1,-0.060912054,0.999327001,0,0.599596201,10,0.434782609,1.217391304,O10,de-protonated,0,-9999,C23 H28 O10,23,28,10,-9999,-9999,-9999,-9999,-9999,-9999
1342,463.160781,463.160942434,463.160808454,8005538.5,-9999,639938.8,13.55,-1,0.289271548,0.984931416,0,0.59095885,5,0.222222222,1.833333333,N4 S2 P1 O4,de-protonated,0,-9999,C18 H33 O4 N4 P1 S2,18,33,4,4,1,2,-9999,-9999,-9999
1343,463.173844,463.17400544,463.173724864,15067047,-9999,610040.5,27.23,-1,0.605768868,0.935584632,0,0.561350779,18,0.064516129,0.903225806,S1 O2,de-protonated,0,-9999,C31 H28 O2 S1,31,28,2,-9999,-9999,1,-9999,-9999,-9999
1343,463.173844,463.17400544,463.173857805,15067047,-9999,610040.5,27.23,-1,0.318745306,0.981733957,0,0.589040374,5,0.5,1.65,P1 O10,de-protonated,0,-9999,C20 H33 O10 P1,20,33,10,-9999,1,-9999,-9999,-9999,-9999
1344,463.21023,463.210391457,463.210110373,20408242,-9999,650228.1,37.57,-1,0.6068175,0.919550123,0.992532733,0.948743167,17,0.03125,1,S1 O1,de-protonated,0,-9999,C32 H32 O1 S1,32,32,1,-9999,-9999,1,-9999,-9999,-9999
1344,463.21023,463.210391457,463.210243315,20408242,-9999,650228.1,37.57,-1,0.319816484,0.981612118,0,0.588967271,4,0.428571429,1.761904762,P1 O9,de-protonated,0,-9999,C21 H37 O9 P1,21,37,9,-9999,1,-9999,-9999,-9999,-9999
1345,463.246612,463.246773474,463.246628824,12986300,-9999,667660.8,23.2,-1,0.312252779,0.982464004,0,0.589478402,3,0.363636364,1.863636364,P1 O8,de-protonated,0,-9999,C22 H41 O8 P1,22,41,8,-9999,1,-9999,-9999,-9999,-9999
1346,464.21365,464.213811929,464.213465208,7342300.5,-9999,637759.5,12.26,-1,0.74690051,0.90373145,0.992532733,0.939251963,17,0.03125,1,13C1 S1 O1,de-protonated,1,1344,C31 H32 O1 S1 13C1,31,32,1,-9999,-9999,1,1,-9999,-9999
1346,464.21365,464.213811929,464.213734495,7342300.5,-9999,637759.5,12.26,-1,0.16680662,0.994964014,0,0.596978408,4,0.55,1.75,N1 O11,de-protonated,0,-9999,C20 H35 O11 N1,20,35,11,1,-9999,-9999,-9999,-9999,-9999
1346,464.21365,464.213811929,464.214223753,7342300.5,-9999,637759.5,12.26,-1,-0.887140904,0.86692435,0,0.52015461,8,0.130434783,1.565217391,N3 S1 P1 O3,de-protonated,0,-9999,C23 H36 O3 N3 P1 S1,23,36,3,3,1,1,-9999,-9999,-9999
1347,465.103696,465.103858348,465.103849692,8120805,-9999,590073.5,13.77,-1,0.018612506,0.999937144,0,0.599962286,11,0.571428571,1.047619048,O12,de-protonated,0,-9999,C21 H22 O12,21,22,12,-9999,-9999,-9999,-9999,-9999,-9999
1347,465.103696,465.103858348,465.1036875,8120805,-9999,590073.5,13.77,-1,0.367333313,0.975813737,0,0.585488242,6,0.375,1.6875,N4 S2 P1 O6,de-protonated,0,-9999,C16 H27 O6 N4 P1 S2,16,27,6,4,1,2,-9999,-9999,-9999
1348,465.167492,465.167654378,465.167594111,17983992,-9999,1232758.5,32.87,-1,0.129559711,0.996958887,0,0.598175332,13,0.076923077,1.153846154,N2 S2 O2,de-protonated,0,-9999,C26 H30 O2 N2 S2,26,30,2,2,-9999,2,-9999,-9999,-9999
1348,465.167492,465.167654378,465.167727053,17983992,-9999,1232758.5,32.87,-1,-0.156233433,0.995580833,0,0.5973485,0,0.666666667,2.333333333,N2 S1 P1 O10,de-protonated,0,-9999,C15 H35 O10 N2 P1 S1,15,35,10,2,1,1,-9999,-9999,-9999
1349,465.16837399999997,465.168536379,465.168378502,256076288,-9999,604790.4,494,-1,0.339397499,0.981258913,0.995935893,0.987129705,9,0.347826087,1.347826087,P1 O8,de-protonated,0,-9999,C23 H31 O8 P1,23,31,8,-9999,1,-9999,-9999,-9999,-9999
1350,465.189482,465.189644389,465.189374928,18246142,-9999,638708.9,33.38,-1,0.579249237,0.94093481,0,0.564560886,17,0.064516129,0.967741935,S1 O2,de-protonated,0,-9999,C31 H30 O2 S1,31,30,2,-9999,-9999,1,-9999,-9999,-9999
1350,465.189482,465.189644389,465.18950787,18246142,-9999,638708.9,33.38,-1,0.293469346,0.984494337,0,0.590696602,4,0.5,1.75,P1 O10,de-protonated,0,-9999,C20 H35 O10 P1,20,35,10,-9999,1,-9999,-9999,-9999,-9999
1351,465.225902,465.226064406,465.225760437,16280073,-9999,622992.6,29.57,-1,0.653378232,0.925463108,0,0.555277865,16,0.03125,1.0625,S1 O1,de-protonated,0,-9999,C32 H34 O1 S1,32,34,1,-9999,-9999,1,-9999,-9999,-9999
1351,465.225902,465.226064406,465.225893379,16280073,-9999,622992.6,29.57,-1,0.36762067,0.975776344,0,0.585465806,3,0.428571429,1.857142857,P1 O9,de-protonated,0,-9999,C21 H39 O9 P1,21,39,9,-9999,1,-9999,-9999,-9999,-9999
1352,465.262253,465.262415423,465.262278889,9300500,-9999,628623,16.06,-1,0.293456879,0.984495644,0,0.590697386,2,0.363636364,1.954545455,P1 O8,de-protonated,0,-9999,C22 H43 O8 P1,22,43,8,-9999,1,-9999,-9999,-9999,-9999
1353,466.171727,466.171889851,466.171733337,62286628,-9999,602735.2,118.68,-1,0.335743707,0.98140506,0.995935893,0.987217394,9,0.347826087,1.347826087,13C1 P1 O8,de-protonated,1,1349,C22 H31 O8 P1 13C1,22,31,8,-9999,1,-9999,1,-9999,-9999
1353,466.171727,466.171889851,466.171869682,62286628,-9999,602735.2,118.68,-1,0.043264313,0.499830211,0.807789663,0.623013992,9,0.454545455,1.318181818,N1 O10,de-protonated,0,-9999,C22 H29 O10 N1,22,29,10,1,-9999,-9999,-9999,-9999,-9999
1355,467.023225,467.023388252,467.023097446,9710623,-9999,639406.5,16.85,-1,0.622680303,0.932064522,0,0.559238713,21,0.269230769,0.461538462,S1 O7,de-protonated,0,-9999,C26 H12 O7 S1,26,12,7,-9999,-9999,1,-9999,-9999,-9999
1356,467.155724,467.155887314,467.155885265,7941190,-9999,659240.1,13.42,-1,0.004385893,0.99999651,0,0.599997906,9,0.5,1.272727273,O11,de-protonated,0,-9999,C22 H28 O11,22,28,11,-9999,-9999,-9999,-9999,-9999,-9999
1356,467.155724,467.155887314,467.155723074,7941190,-9999,659240.1,13.42,-1,0.351574898,0.977821688,0,0.586693013,4,0.294117647,1.941176471,N4 S2 P1 O5,de-protonated,0,-9999,C17 H33 O5 N4 P1 S2,17,33,5,4,1,2,-9999,-9999,-9999
1357,467.165423,467.165586319,467.16526818,77294664,-9999,595287.4,147.74,-1,0.680998702,0.915091075,0.947444898,0.928032604,22,0.090909091,0.727272727,O3,de-protonated,0,-9999,C33 H24 O3,33,24,3,-9999,-9999,-9999,-9999,-9999,-9999
1358,467.175061,467.175224323,467.175088172,7302220,-9999,592025.4,12.18,-1,0.291435613,0.983055957,0.995935893,0.988207932,9,0.347826087,1.347826087,13C2 P1 O8,de-protonated,1,1349,C21 H31 O8 P1 13C2,21,31,8,-9999,1,-9999,2,-9999,-9999
1359,467.205151,467.205314338,467.205024993,16542805,-9999,615867.7,30.08,-1,0.619310489,0.932772613,0,0.559663568,16,0.064516129,1.032258065,S1 O2,de-protonated,0,-9999,C31 H32 O2 S1,31,32,2,-9999,-9999,1,-9999,-9999,-9999
1359,467.205151,467.205314338,467.205157934,16542805,-9999,615867.7,30.08,-1,0.334763519,0.979871009,0,0.587922605,3,0.5,1.85,P1 O10,de-protonated,0,-9999,C20 H37 O10 P1,20,37,10,-9999,1,-9999,-9999,-9999,-9999
1360,467.228471,467.228634349,467.228656284,8055899.5,-9999,628125,13.64,-1,-0.046948233,0.999600142,0,0.599760085,7,0.375,1.5,O9,de-protonated,0,-9999,C24 H36 O9,24,36,9,-9999,-9999,-9999,-9999,-9999,-9999
1360,467.228471,467.228634349,467.228494093,8055899.5,-9999,628125,13.64,-1,0.300186679,0.983782236,0,0.590269341,2,0.157894737,2.157894737,N4 S2 P1 O3,de-protonated,0,-9999,C19 H41 O3 N4 P1 S2,19,41,3,4,1,2,-9999,-9999,-9999
1361,467.241526,467.241689355,467.241410502,8596576,-9999,638889.4,14.69,-1,0.596806574,0.937416074,0,0.562449645,15,0.03125,1.125,S1 O1,de-protonated,0,-9999,C32 H36 O1 S1,32,36,1,-9999,-9999,1,-9999,-9999,-9999
1361,467.241526,467.241689355,467.241543444,8596576,-9999,638889.4,14.69,-1,0.312281769,0.982460776,0,0.589476466,2,0.428571429,1.952380952,P1 O9,de-protonated,0,-9999,C21 H41 O9 P1,21,41,9,-9999,1,-9999,-9999,-9999,-9999
1362,467.265904,467.266067366,467.265911173,9071719,-9999,620058.5,15.61,-1,0.334269711,0.97992975,0,0.58795785,5,0.115384615,1.692307692,S2 O3,de-protonated,0,-9999,C26 H44 O3 S2,26,44,3,-9999,-9999,2,-9999,-9999,-9999
1362,467.265904,467.266067366,467.266379204,9071719,-9999,620058.5,15.61,-1,-0.667366245,0.922365974,0,0.553419584,11,0.153846154,1.384615385,N4 O4,de-protonated,0,-9999,C26 H36 O4 N4,26,36,4,4,-9999,-9999,-9999,-9999,-9999
1363,468.168795,468.168958791,468.168623015,20606322,-9999,595668.4,37.95,-1,0.717212079,0.910887423,0.947444898,0.925510413,22,0.090909091,0.727272727,13C1 O3,de-protonated,1,1357,C32 H24 O3 13C1,32,24,3,-9999,-9999,-9999,1,-9999,-9999
1363,468.168795,468.168958791,468.16938156,20606322,-9999,595668.4,37.95,-1,-0.903024685,0.862463042,0,0.517477825,13,0.208333333,1.166666667,N3 P1 O5,de-protonated,0,-9999,C24 H28 O5 N3 P1,24,28,5,3,1,-9999,-9999,-9999,-9999
1364,469.021158,469.021322192,469.020989446,9727598,-9999,646717.1,16.88,-1,0.709449821,0.912719586,0,0.547631752,20,0.192307692,0.538461538,S2 O5,de-protonated,0,-9999,C26 H14 O5 S2,26,14,5,-9999,-9999,2,-9999,-9999,-9999
1364,469.021158,469.021322192,469.021122387,9727598,-9999,646717.1,16.88,-1,0.426004539,0.967606983,0,0.58056419,7,0.866666667,1.266666667,S1 P1 O13,de-protonated,0,-9999,C15 H19 O13 P1 S1,15,19,13,-9999,1,1,-9999,-9999,-9999
1365,469.207719,469.20788328,469.207920839,10186405,-9999,600464,17.77,-1,-0.08004761,0.998838021,0,0.599302813,7,0.434782609,1.47826087,O10,de-protonated,0,-9999,C23 H34 O10,23,34,10,-9999,-9999,-9999,-9999,-9999,-9999
1365,469.207719,469.20788328,469.207758648,10186405,-9999,600464,17.77,-1,0.265622968,0.987279386,0,0.592367632,2,0.222222222,2.166666667,N4 S2 P1 O4,de-protonated,0,-9999,C18 H39 O4 N4 P1 S2,18,39,4,4,1,2,-9999,-9999,-9999
1366,469.220821,469.220985286,469.220675057,8924841,-9999,641629.4,15.33,-1,0.66115875,0.923747211,0,0.554248326,15,0.064516129,1.096774194,S1 O2,de-protonated,0,-9999,C31 H34 O2 S1,31,34,2,-9999,-9999,1,-9999,-9999,-9999
1366,469.220821,469.220985286,469.220807999,8924841,-9999,641629.4,15.33,-1,0.377834107,0.974429251,0,0.584657551,2,0.5,1.95,P1 O10,de-protonated,0,-9999,C20 H39 O10 P1,20,39,10,-9999,1,-9999,-9999,-9999,-9999
1367,469.244155,469.244319297,469.244306349,10366640,-9999,638816.9,18.12,-1,0.027595069,0.999861839,0,0.599917103,6,0.375,1.583333333,O9,de-protonated,0,-9999,C24 H38 O9,24,38,9,-9999,-9999,-9999,-9999,-9999,-9999
1367,469.244155,469.244319297,469.244144157,10366640,-9999,638816.9,18.12,-1,0.37323888,0.975039672,0,0.585023803,1,0.157894737,2.263157895,N4 S2 P1 O3,de-protonated,0,-9999,C19 H43 O3 N4 P1 S2,19,43,3,4,1,2,-9999,-9999,-9999
1368,469.263839,469.264003307,469.264271204,8654518,-9999,559395.3,14.8,-1,-0.570887347,0.942578221,0,0.565546932,10,0.076923077,1.461538462,N4 S1 O2,de-protonated,0,-9999,C26 H38 O2 N4 S1,26,38,2,4,-9999,1,-9999,-9999,-9999
1369,469.280482,469.280646314,469.280691858,8810171,-9999,628489.6,15.1,-1,-0.097049423,0.998292469,0,0.598975481,5,0.32,1.68,O8,de-protonated,0,-9999,C25 H42 O8,25,42,8,-9999,-9999,-9999,-9999,-9999,-9999
1369,469.280482,469.280646314,469.280529667,8810171,-9999,628489.6,15.1,-1,0.248567545,0.988851652,0,0.593310991,0,0.1,2.35,N4 S2 P1 O2,de-protonated,0,-9999,C20 H47 O2 N4 P1 S2,20,47,2,4,1,2,-9999,-9999,-9999
1370,471.187027,471.187192212,471.187185394,7532780.5,-9999,659861.5,12.51,-1,0.014469076,0.999962014,0,0.599977208,7,0.5,1.454545455,O11,de-protonated,0,-9999,C22 H32 O11,22,32,11,-9999,-9999,-9999,-9999,-9999,-9999
1370,471.187027,471.187192212,471.187023203,7532780.5,-9999,659861.5,12.51,-1,0.358687665,0.976925763,0,0.586155458,2,0.294117647,2.176470588,N4 S2 P1 O5,de-protonated,0,-9999,C17 H37 O5 N4 P1 S2,17,37,5,4,1,2,-9999,-9999,-9999
1371,471.223371,471.223536229,471.223570904,14119159,-9999,593141.1,25.15,-1,-0.073584177,0.999018005,0,0.599410803,6,0.434782609,1.565217391,O10,de-protonated,0,-9999,C23 H36 O10,23,36,10,-9999,-9999,-9999,-9999,-9999,-9999
1371,471.223371,471.223536229,471.223408712,14119159,-9999,593141.1,25.15,-1,0.270607803,0.986800655,0,0.592080393,1,0.222222222,2.277777778,N4 S2 P1 O4,de-protonated,0,-9999,C18 H41 O4 N4 P1 S2,18,41,4,4,1,2,-9999,-9999,-9999
1372,471.259779,471.259944246,471.259956413,13463810,-9999,654913.9,23.9,-1,-0.025817619,0.999879063,0,0.599927438,5,0.375,1.666666667,O9,de-protonated,0,-9999,C24 H40 O9,24,40,9,-9999,-9999,-9999,-9999,-9999,-9999
1372,471.259779,471.259944246,471.259794222,13463810,-9999,654913.9,23.9,-1,0.318347802,0.98177907,0,0.589067442,0,0.157894737,2.368421053,N4 S2 P1 O3,de-protonated,0,-9999,C19 H45 O3 N4 P1 S2,19,45,3,4,1,2,-9999,-9999,-9999
1373,473.202636,473.202802161,473.202835459,8565565,-9999,630499.7,14.5,-1,-0.070367294,0.99910195,0,0.59946117,6,0.5,1.545454545,O11,de-protonated,0,-9999,C22 H34 O11,22,34,11,-9999,-9999,-9999,-9999,-9999,-9999
1373,473.202636,473.202802161,473.202673267,8565565,-9999,630499.7,14.5,-1,0.272385035,0.986627879,0,0.591976728,1,0.294117647,2.294117647,N4 S2 P1 O5,de-protonated,0,-9999,C17 H39 O5 N4 P1 S2,17,39,5,4,1,2,-9999,-9999,-9999
1374,473.239019,473.239185178,473.239220968,12743495,-9999,621660.1,22.51,-1,-0.075628191,0.99896272,0,0.599377632,5,0.434782609,1.652173913,O10,de-protonated,0,-9999,C23 H38 O10,23,38,10,-9999,-9999,-9999,-9999,-9999,-9999
1374,473.239019,473.239185178,473.239058777,12743495,-9999,621660.1,22.51,-1,0.267097783,0.987138651,0,0.592283191,0,0.222222222,2.388888889,N4 S2 P1 O4,de-protonated,0,-9999,C18 H43 O4 N4 P1 S2,18,43,4,4,1,2,-9999,-9999,-9999
1375,473.275449,473.275615195,473.275606477,9171794,-9999,654297.9,15.66,-1,0.018419653,0.999938439,0,0.599963064,4,0.375,1.75,O9,de-protonated,0,-9999,C24 H42 O9,24,42,9,-9999,-9999,-9999,-9999,-9999,-9999
1376,473.282431,473.282597198,473.28262041,43938644,-9999,589923.3,82.38,-1,-0.049044566,0.998154384,0.998825548,0.99842285,8,0.142857143,1.535714286,P1 O4,de-protonated,0,-9999,C28 H43 O4 P1,28,43,4,-9999,1,-9999,-9999,-9999,-9999
1376,473.282431,473.282597198,473.282817115,43938644,-9999,589923.3,82.38,-1,-0.464661769,0.954200918,0.931686129,0.945195002,0,0.555555556,2.333333333,N4 O10,de-protonated,0,-9999,C18 H42 O10 N4,18,42,10,4,-9999,-9999,-9999,-9999,-9999
1377,474.285745,474.285911671,474.285975245,13218938,-9999,659471.9,23.43,-1,-0.134043006,0.996745124,0.998825548,0.997577294,8,0.142857143,1.535714286,13C1 P1 O4,de-protonated,1,1376,C27 H43 O4 P1 13C1,27,43,4,-9999,1,-9999,1,-9999,-9999
1377,474.285745,474.285911671,474.286111591,13218938,-9999,659471.9,23.43,-1,-0.421518431,0.968274748,0,0.580964849,8,0.222222222,1.518518519,N1 O6,de-protonated,0,-9999,C27 H41 O6 N1,27,41,6,1,-9999,-9999,-9999,-9999,-9999
1377,474.285745,474.285911671,474.28617195,13218938,-9999,659471.9,23.43,-1,-0.548780933,0.94682104,0.931686129,0.940767076,0,0.555555556,2.333333333,13C1 N4 O10,de-protonated,1,1376,C17 H42 O10 N4 13C1,17,42,10,4,-9999,-9999,1,-9999,-9999
1378,475.12441,475.124577065,475.124585136,8131951,-9999,608005,13.66,-1,-0.016987251,0.999947641,0,0.599968585,12,0.47826087,1.043478261,O11,de-protonated,0,-9999,C23 H24 O11,23,24,11,-9999,-9999,-9999,-9999,-9999,-9999
1378,475.12441,475.124577065,475.124422945,8131951,-9999,608005,13.66,-1,0.324378757,0.981088787,0,0.588653272,7,0.277777778,1.611111111,N4 S2 P1 O5,de-protonated,0,-9999,C18 H29 O5 N4 P1 S2,18,29,5,4,1,2,-9999,-9999,-9999
1379,475.160828,475.160995083,475.160970646,10237306,-9999,610120.8,17.7,-1,0.051428325,0.999520206,0,0.599712124,11,0.416666667,1.166666667,O10,de-protonated,0,-9999,C24 H28 O10,24,28,10,-9999,-9999,-9999,-9999,-9999,-9999
1379,475.160828,475.160995083,475.161459903,10237306,-9999,610120.8,17.7,-1,-0.978237203,0.840602013,0,0.504361208,15,0.074074074,1.074074074,N2 S1 P1 O2,de-protonated,0,-9999,C27 H29 O2 N2 P1 S1,27,29,2,2,1,1,-9999,-9999,-9999
1379,475.160828,475.160995083,475.160808454,10237306,-9999,610120.8,17.7,-1,0.392768215,0.972396612,0,0.583437967,6,0.210526316,1.736842105,N4 S2 P1 O4,de-protonated,0,-9999,C19 H33 O4 N4 P1 S2,19,33,4,4,1,2,-9999,-9999,-9999
1380,475.197182,475.1973491,475.197356155,9319812,-9999,608606.7,15.94,-1,-0.014847524,0.999960001,0,0.599976,10,0.36,1.28,O9,de-protonated,0,-9999,C25 H32 O9,25,32,9,-9999,-9999,-9999,-9999,-9999,-9999
1380,475.197182,475.1973491,475.197193964,9319812,-9999,608606.7,15.94,-1,0.326466207,0.980846961,0,0.588508177,5,0.15,1.85,N4 S2 P1 O3,de-protonated,0,-9999,C20 H37 O3 N4 P1 S2,20,37,3,4,1,2,-9999,-9999,-9999
1381,475.210224,475.210391106,475.210110373,10548616,-9999,624063.9,18.3,-1,0.590755097,0.938639245,0,0.563183547,18,0.03030303,0.96969697,S1 O1,de-protonated,0,-9999,C33 H32 O1 S1,33,32,1,-9999,-9999,1,-9999,-9999,-9999
1381,475.210224,475.210391106,475.210243315,10548616,-9999,624063.9,18.3,-1,0.311001429,0.982603046,0,0.589561827,5,0.409090909,1.681818182,P1 O9,de-protonated,0,-9999,C22 H37 O9 P1,22,37,9,-9999,1,-9999,-9999,-9999,-9999
1382,475.246626,475.246793123,475.246628824,8295826.5,-9999,605012.4,13.98,-1,0.345712816,0.97854719,0,0.587128314,4,0.347826087,1.782608696,P1 O8,de-protonated,0,-9999,C23 H41 O8 P1,23,41,8,-9999,1,-9999,-9999,-9999,-9999
1383,475.298295,475.298462147,475.298270475,10859938,-9999,653231.6,18.9,-1,0.403267895,0.970923021,0,0.582553813,7,0.142857143,1.607142857,P1 O4,de-protonated,0,-9999,C28 H45 O4 P1,28,45,4,-9999,1,-9999,-9999,-9999,-9999
1384,477.18949,477.189658038,477.189374928,12138441,-9999,620452.6,21.35,-1,0.593285194,0.938129165,0,0.562877499,18,0.0625,0.9375,S1 O2,de-protonated,0,-9999,C32 H30 O2 S1,32,30,2,-9999,-9999,1,-9999,-9999,-9999
1384,477.18949,477.189658038,477.18950787,12138441,-9999,620452.6,21.35,-1,0.314691875,0.98219144,0,0.589314864,5,0.476190476,1.666666667,P1 O10,de-protonated,0,-9999,C21 H35 O10 P1,21,35,10,-9999,1,-9999,-9999,-9999,-9999
1385,477.195129,477.19529704,477.195248155,8402891,-9999,624141.3,14.18,-1,0.102442922,0.998097589,0,0.598858554,9,0.28,1.36,S1 O7,de-protonated,0,-9999,C25 H34 O7 S1,25,34,7,-9999,-9999,1,-9999,-9999,-9999
1385,477.195129,477.19529704,477.194868032,8402891,-9999,624141.3,14.18,-1,0.899020136,0.863593092,0,0.518155855,14,0.148148148,1.148148148,N2 P1 O4,de-protonated,0,-9999,C27 H31 O4 N2 P1,27,31,4,2,1,-9999,-9999,-9999,-9999
1386,477.225873,477.226041055,477.225760437,14956500,-9999,573878.4,26.76,-1,0.588017645,0.939188983,0,0.56351339,17,0.03030303,1.03030303,S1 O1,de-protonated,0,-9999,C33 H34 O1 S1,33,34,1,-9999,-9999,1,-9999,-9999,-9999
1386,477.225873,477.226041055,477.225893379,14956500,-9999,573878.4,26.76,-1,0.309445568,0.982775171,0,0.589665103,4,0.409090909,1.772727273,P1 O9,de-protonated,0,-9999,C22 H39 O9 P1,22,39,9,-9999,1,-9999,-9999,-9999,-9999
1387,477.26228,477.262448072,477.262278889,9910238,-9999,608123.7,17.07,-1,0.354486899,0.977456962,0,0.586474177,3,0.347826087,1.869565217,P1 O8,de-protonated,0,-9999,C23 H43 O8 P1,23,43,8,-9999,1,-9999,-9999,-9999,-9999
1388,479.147635,479.147803959,479.147510115,29981186,-9999,598556.8,55.59,-1,0.613264388,0.93679025,0.941815171,0.938800219,23,0.029411765,0.705882353,S1 O1,de-protonated,0,-9999,C34 H24 O1 S1,34,24,1,-9999,-9999,1,-9999,-9999,-9999
1388,479.147635,479.147803959,479.147643057,29981186,-9999,598556.8,55.59,-1,0.335809592,0.981265445,0.988527474,0.984170256,10,0.391304348,1.260869565,P1 O9,de-protonated,0,-9999,C23 H29 O9 P1,23,29,9,-9999,1,-9999,-9999,-9999,-9999
1389,479.155715,479.155883963,479.155885265,15596037,-9999,638296.3,27.98,-1,-0.00271793,0.99999866,0,0.599999196,10,0.47826087,1.217391304,O11,de-protonated,0,-9999,C23 H28 O11,23,28,11,-9999,-9999,-9999,-9999,-9999,-9999
1389,479.155715,479.155883963,479.155723074,15596037,-9999,638296.3,27.98,-1,0.335776054,0.979750302,0,0.587850181,5,0.277777778,1.833333333,N4 S2 P1 O5,de-protonated,0,-9999,C18 H33 O5 N4 P1 S2,18,33,5,4,1,2,-9999,-9999,-9999
1390,479.168724,479.168892969,479.168639483,7485960.5,-9999,647983.3,12.42,-1,0.529012024,0.95048862,0,0.570293172,18,0.096774194,0.903225806,S1 O3,de-protonated,0,-9999,C31 H28 O3 S1,31,28,3,-9999,-9999,1,-9999,-9999,-9999
1390,479.168724,479.168892969,479.168772425,7485960.5,-9999,647983.3,12.42,-1,0.251569486,0.988582302,0,0.593149381,5,0.55,1.65,P1 O11,de-protonated,0,-9999,C20 H33 O11 P1,20,33,11,-9999,1,-9999,-9999,-9999,-9999
1391,479.205127,479.205295986,479.205024993,15055379,-9999,613875.3,26.95,-1,0.56550692,0.943624525,0,0.566174715,17,0.0625,1,S1 O2,de-protonated,0,-9999,C32 H32 O2 S1,32,32,2,-9999,-9999,1,-9999,-9999,-9999
1391,479.205127,479.205295986,479.205157934,15055379,-9999,613875.3,26.95,-1,0.288085438,0.985053809,0,0.591032286,4,0.476190476,1.761904762,P1 O10,de-protonated,0,-9999,C21 H37 O10 P1,21,37,10,-9999,1,-9999,-9999,-9999,-9999
1392,479.241545,479.241714003,479.241410502,17922590,-9999,606852.4,32.45,-1,0.633295755,0.464906193,0.736963647,0.573729175,16,0.03030303,1.090909091,S1 O1,de-protonated,0,-9999,C33 H36 O1 S1,33,36,1,-9999,-9999,1,-9999,-9999,-9999
1392,479.241545,479.241714003,479.241543444,17922590,-9999,606852.4,32.45,-1,0.355895317,0.977279529,0,0.586367717,3,0.409090909,1.863636364,P1 O9,de-protonated,0,-9999,C22 H41 O9 P1,22,41,9,-9999,1,-9999,-9999,-9999,-9999
1393,479.277951,479.278120021,479.277928953,7617064.5,-9999,652057.5,12.67,-1,0.398657224,0.971574623,0,0.582944774,2,0.347826087,1.956521739,P1 O8,de-protonated,0,-9999,C23 H45 O8 P1,23,45,8,-9999,1,-9999,-9999,-9999,-9999
1394,480.150977,480.151146432,480.15086495,8002341.5,-9999,623151.2,13.41,-1,0.586235205,0.939545735,0.941815171,0.940453509,23,0.029411765,0.705882353,13C1 S1 O1,de-protonated,1,1388,C33 H24 O1 S1 13C1,33,24,1,-9999,-9999,1,1,-9999,-9999
1394,480.150977,480.151146432,480.150997892,8002341.5,-9999,623151.2,13.41,-1,0.309360204,0.982784591,0.988527474,0.985081744,10,0.391304348,1.260869565,13C1 P1 O9,de-protonated,1,1388,C22 H29 O9 P1 13C1,22,29,9,-9999,1,-9999,1,-9999,-9999
1394,480.150977,480.151146432,480.151134238,8002341.5,-9999,623151.2,13.41,-1,0.025396151,0.999882979,0,0.599929787,10,0.5,1.227272727,N1 O11,de-protonated,0,-9999,C22 H27 O11 N1,22,27,11,1,-9999,-9999,-9999,-9999,-9999
1394,480.150977,480.151146432,480.151623495,8002341.5,-9999,623151.2,13.41,-1,-0.993568148,0.836003825,0,0.501602295,14,0.12,1.12,N3 S1 P1 O3,de-protonated,0,-9999,C25 H28 O3 N3 P1 S1,25,28,3,3,1,1,-9999,-9999,-9999
1395,480.200406,480.200575455,480.200273965,22444852,-9999,599759,41.13,-1,0.62784235,0.465486718,0.748902347,0.578852969,17,0.064516129,1,N1 S1 O2,de-protonated,0,-9999,C31 H31 O2 N1 S1,31,31,2,1,-9999,1,-9999,-9999,-9999
1395,480.200406,480.200575455,480.200406907,22444852,-9999,599759,41.13,-1,0.350995826,0.977893874,0,0.586736325,4,0.5,1.8,N1 P1 O10,de-protonated,0,-9999,C20 H36 O10 N1 P1,20,36,10,1,1,-9999,-9999,-9999,-9999
1397,481.144695,481.144864899,481.144532735,8682565,-9999,623893.1,14.72,-1,0.690362903,0.917155163,0,0.550293098,23,0.121212121,0.666666667,O4,de-protonated,0,-9999,C33 H22 O4,33,22,4,-9999,-9999,-9999,-9999,-9999,-9999
1397,481.144695,481.144864899,481.144883608,8682565,-9999,623893.1,14.72,-1,-0.038883472,0.999725701,0,0.599835421,0,0.6,2.333333333,N2 S2 P1 O9,de-protonated,0,-9999,C15 H35 O9 N2 P1 S2,15,35,9,2,1,2,-9999,-9999,-9999
1398,481.163278,481.163447908,481.16316018,535788608,-9999,585271.3,1026.3,-1,0.597985253,0.562211356,0.898910915,0.696891179,22,0.029411765,0.764705882,S1 O1,de-protonated,0,-9999,C34 H26 O1 S1,34,26,1,-9999,-9999,1,-9999,-9999,-9999
1398,481.163278,481.163447908,481.163293121,535788608,-9999,585271.3,1026.3,-1,0.321692753,0.980331112,0.987648072,0.983257896,9,0.391304348,1.347826087,P1 O9,de-protonated,0,-9999,C23 H31 O9 P1,23,31,9,-9999,1,-9999,-9999,-9999,-9999
1399,481.184374,481.184543918,481.184289548,11877457,-9999,561400,20.85,-1,0.528633936,0.950557588,0,0.570334553,17,0.096774194,0.967741935,S1 O3,de-protonated,0,-9999,C31 H30 O3 S1,31,30,3,-9999,-9999,1,-9999,-9999,-9999
1399,481.184374,481.184543918,481.184422489,11877457,-9999,561400,20.85,-1,0.252353587,0.988511428,0,0.593106857,4,0.55,1.75,P1 O11,de-protonated,0,-9999,C20 H35 O11 P1,20,35,11,-9999,1,-9999,-9999,-9999,-9999
1400,481.220774,481.220943935,481.220675057,13499483,-9999,608678.6,23.96,-1,0.558741849,0.944927654,0,0.566956593,16,0.0625,1.0625,S1 O2,de-protonated,0,-9999,C32 H34 O2 S1,32,34,2,-9999,-9999,1,-9999,-9999,-9999
1400,481.220774,481.220943935,481.220807999,13499483,-9999,608678.6,23.96,-1,0.282482381,0.985625383,0,0.59137523,3,0.476190476,1.857142857,P1 O10,de-protonated,0,-9999,C21 H39 O10 P1,21,39,10,-9999,1,-9999,-9999,-9999,-9999
1401,482.166635,482.16680538,482.166515015,141000048,-9999,581350.9,268.65,-1,0.602210457,0.562038969,0.898910915,0.696787747,22,0.029411765,0.764705882,13C1 S1 O1,de-protonated,1,1398,C33 H26 O1 S1 13C1,33,26,1,-9999,-9999,1,1,-9999,-9999
1401,482.166635,482.16680538,482.166647956,141000048,-9999,581350.9,268.65,-1,0.326492901,0.980192638,0.987648072,0.983174811,9,0.391304348,1.347826087,13C1 P1 O9,de-protonated,1,1398,C22 H31 O9 P1 13C1,22,31,9,-9999,1,-9999,1,-9999,-9999
1401,482.166635,482.16680538,482.166784302,141000048,-9999,581350.9,268.65,-1,0.043715926,0.999690544,0.925845085,0.97015236,9,0.5,1.318181818,N1 O11,de-protonated,0,-9999,C22 H29 O11 N1,22,29,11,1,-9999,-9999,-9999,-9999,-9999
1401,482.166635,482.16680538,482.167273559,141000048,-9999,581350.9,268.65,-1,-0.970988717,0.280919936,0.760378351,0.472703302,13,0.12,1.2,N3 S1 P1 O3,de-protonated,0,-9999,C25 H30 O3 N3 P1 S1,25,30,3,3,1,1,-9999,-9999,-9999
1402,482.197523,482.197693395,482.197296585,8732022,-9999,598296.7,14.81,-1,0.822921095,0.884372529,0,0.530623517,17,0.166666667,0.966666667,N1 O5,de-protonated,0,-9999,C30 H29 O5 N1,30,29,5,1,-9999,-9999,-9999,-9999,-9999
1403,483.150635,483.150805844,483.150799885,7577225,-9999,579682,12.59,-1,0.012332917,0.999972402,0,0.599983441,9,0.545454545,1.272727273,O12,de-protonated,0,-9999,C22 H28 O12,22,28,12,-9999,-9999,-9999,-9999,-9999,-9999
1403,483.150635,483.150805844,483.150637694,7577225,-9999,579682,12.59,-1,0.34802808,0.978262042,0,0.586957225,4,0.352941176,1.941176471,N4 S2 P1 O6,de-protonated,0,-9999,C17 H33 O6 N4 P1 S2,17,33,6,4,1,2,-9999,-9999,-9999
1404,483.160329,483.160499848,483.160182799,178749072,-9999,579248.8,341.09,-1,0.65619791,0.618355595,0.920437825,0.739188487,22,0.121212121,0.727272727,O4,de-protonated,0,-9999,C33 H24 O4,33,24,4,-9999,-9999,-9999,-9999,-9999,-9999
1405,483.167538,483.167708852,483.167538115,8650382,-9999,569102.1,14.65,-1,0.353370026,0.97938097,0.987648072,0.982687811,9,0.391304348,1.347826087,P1 O8 18O1,de-protonated,1,1398,C23 H31 O8 P1 18O1,23,31,8,-9999,1,-9999,-9999,1,-9999
1405,483.167538,483.167708852,483.167393437,8650382,-9999,569102.1,14.65,-1,0.652806481,0.925588525,0,0.555353115,18,0.185185185,0.888888889,N4 O5,de-protonated,0,-9999,C27 H24 O5 N4,27,24,5,4,-9999,-9999,-9999,-9999,-9999
1406,483.169987,483.170157853,483.16986985,18873998,-9999,573610.4,34.27,-1,0.596069781,0.562289159,0.898910915,0.696937861,22,0.029411765,0.764705882,13C2 S1 O1,de-protonated,1,1398,C32 H26 O1 S1 13C2,32,26,1,-9999,-9999,1,2,-9999,-9999
1406,483.169987,483.170157853,483.170002791,18873998,-9999,573610.4,34.27,-1,0.320924783,0.980353084,0.987648072,0.983271079,9,0.391304348,1.347826087,13C2 P1 O9,de-protonated,1,1398,C21 H31 O9 P1 13C2,21,31,9,-9999,1,-9999,2,-9999,-9999
1406,483.169987,483.170157853,483.170139137,18873998,-9999,573610.4,34.27,-1,0.038735027,0.999727791,0.925845085,0.970174709,9,0.5,1.318181818,13C1 N1 O11,de-protonated,1,1401,C21 H29 O11 N1 13C1,21,29,11,1,-9999,-9999,1,-9999,-9999
1406,483.169987,483.170157853,483.169916587,18873998,-9999,573610.4,34.27,-1,0.499339467,0.955765778,0,0.573459467,12,0.038461538,1.269230769,N2 S2 P1 O1,de-protonated,0,-9999,C26 H33 O1 N2 P1 S2,26,33,1,2,1,2,-9999,-9999,-9999
1407,483.199986,483.200156867,483.199939612,7880343,-9999,677479.2,13.17,-1,0.449616571,0.963983819,0,0.578390291,16,0.096774194,1.032258065,S1 O3,de-protonated,0,-9999,C31 H32 O3 S1,31,32,3,-9999,-9999,1,-9999,-9999,-9999
1407,483.199986,483.200156867,483.200072554,7880343,-9999,677479.2,13.17,-1,0.174488736,0.994490787,0,0.596694472,3,0.55,1.85,P1 O11,de-protonated,0,-9999,C20 H37 O11 P1,20,37,11,-9999,1,-9999,-9999,-9999,-9999
1408,483.223405,483.223575878,483.223570904,10452638,-9999,614173.4,18.11,-1,0.010293815,0.999980773,0,0.599988464,7,0.416666667,1.5,O10,de-protonated,0,-9999,C24 H36 O10,24,36,10,-9999,-9999,-9999,-9999,-9999,-9999
1408,483.223405,483.223575878,483.223408712,10452638,-9999,614173.4,18.11,-1,0.345938423,0.978519484,0,0.587111691,2,0.210526316,2.157894737,N4 S2 P1 O4,de-protonated,0,-9999,C19 H41 O4 N4 P1 S2,19,41,4,4,1,2,-9999,-9999,-9999
1409,483.259751,483.259921895,483.259956413,10272424,-9999,567851,17.77,-1,-0.07142745,0.999074699,0,0.599444819,6,0.36,1.6,O9,de-protonated,0,-9999,C25 H40 O9,25,40,9,-9999,-9999,-9999,-9999,-9999,-9999
1409,483.259751,483.259921895,483.259794222,10272424,-9999,567851,17.77,-1,0.264191859,0.987415224,0,0.592449134,1,0.15,2.25,N4 S2 P1 O3,de-protonated,0,-9999,C20 H45 O3 N4 P1 S2,20,45,3,4,1,2,-9999,-9999,-9999
1410,483.296171,483.296341912,483.296341922,7741106.5,-9999,605942.6,12.91,-1,-2.1172e-5,1,0,0.6,5,0.307692308,1.692307692,O8,de-protonated,0,-9999,C26 H44 O8,26,44,8,-9999,-9999,-9999,-9999,-9999,-9999
1410,483.296171,483.296341912,483.296179731,7741106.5,-9999,605942.6,12.91,-1,0.335572893,0.979774549,0,0.58786473,0,0.095238095,2.333333333,N4 S2 P1 O2,de-protonated,0,-9999,C21 H49 O2 N4 P1 S2,21,49,2,4,1,2,-9999,-9999,-9999
1411,484.163672,484.16384332,484.163537635,49119148,-9999,577632.5,92.32,-1,0.631369186,0.620149028,0.920437825,0.740264547,22,0.121212121,0.727272727,13C1 O4,de-protonated,1,1404,C32 H24 O4 13C1,32,24,4,-9999,-9999,-9999,1,-9999,-9999
1411,484.163672,484.16384332,484.164296179,49119148,-9999,577632.5,92.32,-1,-0.935341091,0.426607917,0.793917021,0.573531559,13,0.25,1.166666667,N3 P1 O6,de-protonated,0,-9999,C24 H28 O6 N3 P1,24,28,6,3,1,-9999,-9999,-9999,-9999
1412,485.20263,485.20280181,485.202835459,10207448,-9999,648519,17.64,-1,-0.069350809,0.999127697,0,0.599476618,7,0.47826087,1.47826087,O11,de-protonated,0,-9999,C23 H34 O11,23,34,11,-9999,-9999,-9999,-9999,-9999,-9999
1412,485.20263,485.20280181,485.202673267,10207448,-9999,648519,17.64,-1,0.264924593,0.987345763,0,0.592407458,2,0.277777778,2.166666667,N4 S2 P1 O5,de-protonated,0,-9999,C18 H39 O5 N4 P1 S2,18,39,5,4,1,2,-9999,-9999,-9999
1413,485.23903,485.239201827,485.239220968,16941282,-9999,598253.2,30.56,-1,-0.039447398,0.999717688,0,0.599830613,6,0.416666667,1.583333333,O10,de-protonated,0,-9999,C24 H38 O10,24,38,10,-9999,-9999,-9999,-9999,-9999,-9999
1413,485.23903,485.239201827,485.239058777,16941282,-9999,598253.2,30.56,-1,0.294802949,0.984354204,0,0.590612522,1,0.210526316,2.263157895,N4 S2 P1 O4,de-protonated,0,-9999,C19 H43 O4 N4 P1 S2,19,43,4,4,1,2,-9999,-9999,-9999
1414,485.275413,485.275584844,485.275606477,15057133,-9999,605270.9,26.95,-1,-0.044580126,0.999639456,0,0.599783674,5,0.36,1.68,O9,de-protonated,0,-9999,C25 H42 O9,25,42,9,-9999,-9999,-9999,-9999,-9999,-9999
1414,485.275413,485.275584844,485.275444286,15057133,-9999,605270.9,26.95,-1,0.289645157,0.984892763,0,0.590935658,0,0.15,2.35,N4 S2 P1 O3,de-protonated,0,-9999,C20 H47 O3 N4 P1 S2,20,47,3,4,1,2,-9999,-9999,-9999
1415,487.124392,487.124564714,487.124585136,8930048,-9999,598717.9,15.19,-1,-0.041924126,0.999681131,0,0.599808678,13,0.458333333,1,O11,de-protonated,0,-9999,C24 H24 O11,24,24,11,-9999,-9999,-9999,-9999,-9999,-9999
1415,487.124392,487.124564714,487.124422945,8930048,-9999,598717.9,15.19,-1,0.291032539,0.984748803,0,0.590849282,8,0.263157895,1.526315789,N4 S2 P1 O5,de-protonated,0,-9999,C19 H29 O5 N4 P1 S2,19,29,5,4,1,2,-9999,-9999,-9999
1416,487.210217,487.210389755,487.210110373,8332057,-9999,566303.9,14.04,-1,0.573431426,0.942080445,0,0.565248267,19,0.029411765,0.941176471,S1 O1,de-protonated,0,-9999,C34 H32 O1 S1,34,32,1,-9999,-9999,1,-9999,-9999,-9999
1416,487.210217,487.210389755,487.210243315,8332057,-9999,566303.9,14.04,-1,0.300568102,0.983741333,0,0.5902448,6,0.391304348,1.608695652,P1 O9,de-protonated,0,-9999,C23 H37 O9 P1,23,37,9,-9999,1,-9999,-9999,-9999,-9999
1417,487.218284,487.218456758,487.218485523,11993883,-9999,595343.7,21.07,-1,-0.059038881,0.999367744,0,0.599620647,6,0.47826087,1.565217391,O11,de-protonated,0,-9999,C23 H36 O11,23,36,11,-9999,-9999,-9999,-9999,-9999,-9999
1417,487.218284,487.218456758,487.218323332,11993883,-9999,595343.7,21.07,-1,0.273853608,0.98648428,0,0.591890568,1,0.277777778,2.277777778,N4 S2 P1 O5,de-protonated,0,-9999,C18 H41 O5 N4 P1 S2,18,41,5,4,1,2,-9999,-9999,-9999
1418,487.254696,487.254868776,487.254871033,15680294,-9999,594056.7,28.14,-1,-0.004632163,0.999996107,0,0.599997664,5,0.416666667,1.666666667,O10,de-protonated,0,-9999,C24 H40 O10,24,40,10,-9999,-9999,-9999,-9999,-9999,-9999
1418,487.254696,487.254868776,487.254708841,15680294,-9999,594056.7,28.14,-1,0.328235486,0.980640827,0,0.588384496,0,0.210526316,2.368421053,N4 S2 P1 O4,de-protonated,0,-9999,C19 H45 O4 N4 P1 S2,19,45,4,4,1,2,-9999,-9999,-9999
1419,487.291089,487.291261793,487.291256542,11486000,-9999,606435.1,20.09,-1,0.010775357,0.999978933,0,0.59998736,4,0.36,1.76,O9,de-protonated,0,-9999,C25 H44 O9,25,44,9,-9999,-9999,-9999,-9999,-9999,-9999
1419,487.291089,487.291261793,487.291745799,11486000,-9999,606435.1,20.09,-1,-0.993258385,0.836097188,0,0.501658313,8,0.035714286,1.607142857,N2 S1 P1 O1,de-protonated,0,-9999,C28 H45 O1 N2 P1 S1,28,45,1,2,1,1,-9999,-9999,-9999
1420,488.213513,488.213686227,488.213734495,7529529,-9999,583374.8,12.5,-1,-0.098867655,0.998227945,0,0.598936767,6,0.5,1.590909091,N1 O11,de-protonated,0,-9999,C22 H35 O11 N1,22,35,11,1,-9999,-9999,-9999,-9999,-9999
1421,489.103684,489.103857646,489.103849692,7783736,-9999,575058.4,12.86,-1,0.016263082,0.99995201,0,0.599971206,13,0.52173913,0.956521739,O12,de-protonated,0,-9999,C23 H22 O12,23,22,12,-9999,-9999,-9999,-9999,-9999,-9999
1421,489.103684,489.103857646,489.104338949,7783736,-9999,575058.4,12.86,-1,-0.984049774,0.838864109,0,0.503318465,17,0.153846154,0.884615385,N2 S1 P1 O4,de-protonated,0,-9999,C26 H23 O4 N2 P1 S1,26,23,4,2,1,1,-9999,-9999,-9999
1421,489.103684,489.103857646,489.1036875,7783736,-9999,575058.4,12.86,-1,0.347872384,0.978281275,0,0.586968765,8,0.333333333,1.5,N4 S2 P1 O6,de-protonated,0,-9999,C18 H27 O6 N4 P1 S2,18,27,6,4,1,2,-9999,-9999,-9999
1422,489.140002,489.140175663,489.140235201,15222082,-9999,581060.2,26.99,-1,-0.121719527,0.997315331,0,0.598389199,12,0.458333333,1.083333333,O11,de-protonated,0,-9999,C24 H26 O11,24,26,11,-9999,-9999,-9999,-9999,-9999,-9999
1422,489.140002,489.140175663,489.14007301,15222082,-9999,581060.2,26.99,-1,0.209865062,0.992040241,0,0.595224145,7,0.263157895,1.631578947,N4 S2 P1 O5,de-protonated,0,-9999,C19 H31 O5 N4 P1 S2,19,31,5,4,1,2,-9999,-9999,-9999
1423,489.189466,489.189639686,489.189374928,9225553,-9999,620487.5,15.6,-1,0.541218166,0.948238313,0,0.568942988,19,0.060606061,0.909090909,S1 O2,de-protonated,0,-9999,C33 H30 O2 S1,33,30,2,-9999,-9999,1,-9999,-9999,-9999
1423,489.189466,489.189639686,489.18950787,9225553,-9999,620487.5,15.6,-1,0.269458858,0.986911766,0,0.592147059,6,0.454545455,1.590909091,P1 O10,de-protonated,0,-9999,C22 H35 O10 P1,22,35,10,-9999,1,-9999,-9999,-9999,-9999
1424,489.225864,489.226037703,489.225760437,16811356,-9999,595477.7,30.01,-1,0.5667444,0.943384653,0,0.566030792,18,0.029411765,1,S1 O1,de-protonated,0,-9999,C34 H34 O1 S1,34,34,1,-9999,-9999,1,-9999,-9999,-9999
1424,489.225864,489.226037703,489.225893379,16811356,-9999,595477.7,30.01,-1,0.295005297,0.984332887,0,0.590599732,5,0.391304348,1.695652174,P1 O9,de-protonated,0,-9999,C23 H39 O9 P1,23,39,9,-9999,1,-9999,-9999,-9999,-9999
1425,489.233979,489.234152707,489.234135588,9061725,-9999,595028.6,15.29,-1,0.03499257,0.999777844,0,0.599866707,5,0.47826087,1.652173913,O11,de-protonated,0,-9999,C23 H38 O11,23,38,11,-9999,-9999,-9999,-9999,-9999,-9999
1425,489.233979,489.234152707,489.234624845,9061725,-9999,595028.6,15.29,-1,-0.965053915,0.844518671,0,0.506711202,9,0.115384615,1.5,N2 S1 P1 O3,de-protonated,0,-9999,C26 H39 O3 N2 P1 S1,26,39,3,2,1,1,-9999,-9999,-9999
1425,489.233979,489.234152707,489.233973396,9061725,-9999,595028.6,15.29,-1,0.366513569,0.975920256,0,0.585552154,0,0.277777778,2.388888889,N4 S2 P1 O5,de-protonated,0,-9999,C18 H43 O5 N4 P1 S2,18,43,5,4,1,2,-9999,-9999,-9999
1426,489.262255,489.262428721,489.262278889,7947621.5,-9999,630829.5,13.17,-1,0.306240675,0.983127103,0,0.589876262,4,0.333333333,1.791666667,P1 O8,de-protonated,0,-9999,C24 H43 O8 P1,24,43,8,-9999,1,-9999,-9999,-9999,-9999
1427,489.270327,489.270500724,489.270521097,8029543.5,-9999,600728.1,13.33,-1,-0.041638887,0.999685454,0,0.599811273,4,0.416666667,1.75,O10,de-protonated,0,-9999,C24 H42 O10,24,42,10,-9999,-9999,-9999,-9999,-9999,-9999
1428,490.229175,490.229349176,490.22938456,10012282,-9999,606787.7,17.09,-1,-0.072178799,0.999055139,0,0.599433083,5,0.5,1.681818182,N1 O11,de-protonated,0,-9999,C22 H37 O11 N1,22,37,11,1,-9999,-9999,-9999,-9999,-9999
1429,491.155714,491.155888612,491.155885265,8374147.5,-9999,594981.3,13.98,-1,0.006813487,0.999991577,0,0.599994946,11,0.458333333,1.166666667,O11,de-protonated,0,-9999,C24 H28 O11,24,28,11,-9999,-9999,-9999,-9999,-9999,-9999
1429,491.155714,491.155888612,491.156374523,8374147.5,-9999,594981.3,13.98,-1,-0.989320084,0.837282568,0,0.502369541,15,0.111111111,1.074074074,N2 S1 P1 O3,de-protonated,0,-9999,C27 H29 O3 N2 P1 S1,27,29,3,2,1,1,-9999,-9999,-9999
1429,491.155714,491.155888612,491.155723074,8374147.5,-9999,594981.3,13.98,-1,0.337037331,0.979599454,0,0.587759672,6,0.263157895,1.736842105,N4 S2 P1 O5,de-protonated,0,-9999,C19 H33 O5 N4 P1 S2,19,33,5,4,1,2,-9999,-9999,-9999
1430,491.168727,491.168901618,491.168639483,7890823,-9999,605791.1,13.06,-1,0.533696064,0.949630517,0,0.56977831,19,0.09375,0.875,S1 O3,de-protonated,0,-9999,C32 H28 O3 S1,32,28,3,-9999,-9999,1,-9999,-9999,-9999
1430,491.168727,491.168901618,491.168772425,7890823,-9999,605791.1,13.06,-1,0.263031868,0.987524803,0,0.592514882,6,0.523809524,1.571428571,P1 O11,de-protonated,0,-9999,C21 H33 O11 P1,21,33,11,-9999,1,-9999,-9999,-9999,-9999
1431,491.205135,491.205309635,491.205024993,18450322,-9999,567647.9,33.13,-1,0.579478107,0.470444767,0.736963647,0.577052319,18,0.060606061,0.96969697,S1 O2,de-protonated,0,-9999,C33 H32 O2 S1,33,32,2,-9999,-9999,1,-9999,-9999,-9999
1431,491.205135,491.205309635,491.205157934,18450322,-9999,567647.9,33.13,-1,0.308833948,0.982842607,0,0.589705564,5,0.454545455,1.681818182,P1 O10,de-protonated,0,-9999,C22 H37 O10 P1,22,37,10,-9999,1,-9999,-9999,-9999,-9999
1432,491.210666,491.210840638,491.210898219,8898451,-9999,601241.2,14.98,-1,-0.1172238,0.997509743,0,0.598505846,9,0.269230769,1.384615385,S1 O7,de-protonated,0,-9999,C26 H36 O7 S1,26,36,7,-9999,-9999,1,-9999,-9999,-9999
1432,491.210666,491.210840638,491.210518097,8898451,-9999,601241.2,14.98,-1,0.656624604,0.924749244,0,0.554849546,14,0.142857143,1.178571429,N2 P1 O4,de-protonated,0,-9999,C28 H33 O4 N2 P1,28,33,4,2,1,-9999,-9999,-9999,-9999
1433,491.241507,491.241681652,491.241410502,18679708,-9999,560437.7,33.56,-1,0.55196961,0.473109113,0.73113591,0.576319832,17,0.029411765,1.058823529,S1 O1,de-protonated,0,-9999,C34 H36 O1 S1,34,36,1,-9999,-9999,1,-9999,-9999,-9999
1433,491.241507,491.241681652,491.241543444,18679708,-9999,560437.7,33.56,-1,0.281345504,0.985740027,0,0.591444016,4,0.391304348,1.782608696,P1 O9,de-protonated,0,-9999,C23 H41 O9 P1,23,41,9,-9999,1,-9999,-9999,-9999,-9999
1434,491.27789,491.278064669,491.277928953,8652710,-9999,623979.1,14.51,-1,0.276251727,0.986248173,0,0.591748904,3,0.333333333,1.875,P1 O8,de-protonated,0,-9999,C24 H45 O8 P1,24,45,8,-9999,1,-9999,-9999,-9999,-9999
1435,493.126861,493.12703654,493.12677467,7932342.5,-9999,728749.7,13.14,-1,0.531038856,0.950118143,0,0.570070886,24,0.058823529,0.647058824,S1 O2,de-protonated,0,-9999,C34 H22 O2 S1,34,22,2,-9999,-9999,1,-9999,-9999,-9999
1435,493.126861,493.12703654,493.126907612,7932342.5,-9999,728749.7,13.14,-1,0.261449429,0.98767353,0,0.592604118,11,0.434782609,1.173913043,P1 O10,de-protonated,0,-9999,C23 H27 O10 P1,23,27,10,-9999,1,-9999,-9999,-9999,-9999
1436,493.134948,493.135123544,493.13514982,7694776.5,-9999,594003.8,12.69,-1,-0.053285463,0.999484938,0,0.599690963,11,0.52173913,1.130434783,O12,de-protonated,0,-9999,C23 H26 O12,23,26,12,-9999,-9999,-9999,-9999,-9999,-9999
1436,493.134948,493.135123544,493.134636756,7694776.5,-9999,594003.8,12.69,-1,0.987128623,0.837940856,0,0.502764514,29,0.027777778,0.5,N2 O1,de-protonated,0,-9999,C36 H18 O1 N2,36,18,1,2,-9999,-9999,-9999,-9999,-9999
1436,493.134948,493.135123544,493.134987629,7694776.5,-9999,594003.8,12.69,-1,0.275612963,0.986311258,0,0.591786755,6,0.333333333,1.722222222,N4 S2 P1 O6,de-protonated,0,-9999,C18 H31 O6 N4 P1 S2,18,31,6,4,1,2,-9999,-9999,-9999
1437,493.184374,493.184549567,493.184289548,10144199,-9999,551011.6,17.34,-1,0.52722511,0.950814186,0,0.570488512,18,0.09375,0.9375,S1 O3,de-protonated,0,-9999,C32 H30 O3 S1,32,30,3,-9999,-9999,1,-9999,-9999,-9999
1437,493.184374,493.184549567,493.184422489,10144199,-9999,551011.6,17.34,-1,0.257667123,0.988025468,0,0.592815281,5,0.523809524,1.666666667,P1 O11,de-protonated,0,-9999,C21 H35 O11 P1,21,35,11,-9999,1,-9999,-9999,-9999,-9999
1438,493.20764,493.207815578,493.207920839,7399885.5,-9999,621902.2,12.13,-1,-0.213421991,0.991769263,0,0.595061558,9,0.4,1.36,O10,de-protonated,0,-9999,C25 H34 O10,25,34,10,-9999,-9999,-9999,-9999,-9999,-9999
1438,493.20764,493.207815578,493.207758648,7399885.5,-9999,621902.2,12.13,-1,0.115427855,0.997585372,0,0.598551223,4,0.2,1.95,N4 S2 P1 O4,de-protonated,0,-9999,C20 H39 O4 N4 P1 S2,20,39,4,4,1,2,-9999,-9999,-9999
1439,493.220796,493.220971584,493.220675057,18975186,-9999,586741.4,34.12,-1,0.601205407,0.468260069,0.736963647,0.5757415,17,0.060606061,1.03030303,S1 O2,de-protonated,0,-9999,C33 H34 O2 S1,33,34,2,-9999,-9999,1,-9999,-9999,-9999
1439,493.220796,493.220971584,493.220807999,18975186,-9999,586741.4,34.12,-1,0.331667285,0.980237947,0,0.588142768,4,0.454545455,1.772727273,P1 O10,de-protonated,0,-9999,C22 H39 O10 P1,22,39,10,-9999,1,-9999,-9999,-9999,-9999
1440,493.257138,493.257313601,493.257060566,24709596,-9999,565902.3,45.02,-1,0.512987475,0.476686366,0.73113591,0.578466184,16,0.029411765,1.117647059,S1 O1,de-protonated,0,-9999,C34 H38 O1 S1,34,38,1,-9999,-9999,1,-9999,-9999,-9999
1440,493.257138,493.257313601,493.257193508,24709596,-9999,565902.3,45.02,-1,0.24346926,0.989301852,0,0.593581111,3,0.391304348,1.869565217,P1 O9,de-protonated,0,-9999,C23 H43 O9 P1,23,43,9,-9999,1,-9999,-9999,-9999,-9999
1441,494.216012,494.216188052,494.215924029,14600941,-9999,568349.2,25.81,-1,0.534226448,0.949532925,0,0.569719755,17,0.0625,1.03125,N1 S1 O2,de-protonated,0,-9999,C32 H33 O2 N1 S1,32,33,2,1,-9999,1,-9999,-9999,-9999
1441,494.216012,494.216188052,494.216056971,14600941,-9999,568349.2,25.81,-1,0.265231139,0.987316649,0,0.592389989,4,0.476190476,1.80952381,N1 P1 O10,de-protonated,0,-9999,C21 H38 O10 N1 P1,21,38,10,1,1,-9999,-9999,-9999,-9999
1442,495.142514,495.142690489,495.142424735,48663540,-9999,575674,90.54,-1,0.536722041,0.9442017,0.932782531,0.939634033,23,0.058823529,0.705882353,S1 O2,de-protonated,0,-9999,C34 H24 O2 S1,34,24,2,-9999,-9999,1,-9999,-9999,-9999
1442,495.142514,495.142690489,495.142557676,48663540,-9999,575674,90.54,-1,0.26823007,0.984347063,0.997560114,0.989632283,10,0.434782609,1.260869565,P1 O10,de-protonated,0,-9999,C23 H29 O10 P1,23,29,10,-9999,1,-9999,-9999,-9999,-9999
1443,495.150702,495.150878492,495.150799885,9079800,-9999,538353.4,15.32,-1,0.15875464,0.995437383,0,0.59726243,10,0.52173913,1.217391304,O12,de-protonated,0,-9999,C23 H28 O12,23,28,12,-9999,-9999,-9999,-9999,-9999,-9999
1443,495.150702,495.150878492,495.151289142,9079800,-9999,538353.4,15.32,-1,-0.829342207,0.8826717,0,0.52960302,14,0.153846154,1.115384615,N2 S1 P1 O4,de-protonated,0,-9999,C26 H29 O4 N2 P1 S1,26,29,4,2,1,1,-9999,-9999,-9999
1443,495.150702,495.150878492,495.150637694,9079800,-9999,538353.4,15.32,-1,0.486314262,0.95799483,0,0.574796898,5,0.333333333,1.833333333,N4 S2 P1 O6,de-protonated,0,-9999,C18 H33 O6 N4 P1 S2,18,33,6,4,1,2,-9999,-9999,-9999
1444,495.200046,495.200222516,495.199939612,12798982,-9999,578010.6,22.39,-1,0.571291517,0.942499271,0,0.565499563,17,0.09375,1,S1 O3,de-protonated,0,-9999,C32 H32 O3 S1,32,32,3,-9999,-9999,1,-9999,-9999,-9999
1444,495.200046,495.200222516,495.200072554,12798982,-9999,578010.6,22.39,-1,0.302830721,0.983497666,0,0.5900986,4,0.523809524,1.761904762,P1 O11,de-protonated,0,-9999,C21 H37 O11 P1,21,37,11,-9999,1,-9999,-9999,-9999,-9999
1445,495.223272,495.223448527,495.223570904,7375884.5,-9999,577084.1,12.08,-1,-0.247114756,0.988980869,0,0.593388521,8,0.4,1.44,O10,de-protonated,0,-9999,C25 H36 O10,25,36,10,-9999,-9999,-9999,-9999,-9999,-9999
1445,495.223272,495.223448527,495.223408712,7375884.5,-9999,577084.1,12.08,-1,0.0803966,0.998827873,0,0.599296724,3,0.2,2.05,N4 S2 P1 O4,de-protonated,0,-9999,C20 H41 O4 N4 P1 S2,20,41,4,4,1,2,-9999,-9999,-9999
1446,495.236452,495.236628533,495.236325121,18811920,-9999,596910,33.81,-1,0.612659647,0.46708021,0.736963647,0.575033585,16,0.060606061,1.090909091,S1 O2,de-protonated,0,-9999,C33 H36 O2 S1,33,36,2,-9999,-9999,1,-9999,-9999,-9999
1446,495.236452,495.236628533,495.236458063,18811920,-9999,596910,33.81,-1,0.344218564,0.978730255,0,0.587238153,3,0.454545455,1.863636364,P1 O10,de-protonated,0,-9999,C22 H41 O10 P1,22,41,10,-9999,1,-9999,-9999,-9999,-9999
1447,495.272815,495.27299155,495.272710631,8653850,-9999,619538.1,14.51,-1,0.567200804,0.943296068,0,0.565977641,15,0.029411765,1.176470588,S1 O1,de-protonated,0,-9999,C34 H40 O1 S1,34,40,1,-9999,-9999,1,-9999,-9999,-9999
1447,495.272815,495.27299155,495.272843573,8653850,-9999,619538.1,14.51,-1,0.298779454,0.983932706,0,0.590359624,2,0.391304348,1.956521739,P1 O9,de-protonated,0,-9999,C23 H45 O9 P1,23,45,9,-9999,1,-9999,-9999,-9999,-9999
1448,496.145894,496.146070961,496.14577957,12291347,-9999,582419,21.42,-1,0.587309454,0.93933084,0.932782531,0.936711516,23,0.058823529,0.705882353,13C1 S1 O2,de-protonated,1,1442,C33 H24 O2 S1 13C1,33,24,2,-9999,-9999,1,1,-9999,-9999
1448,496.145894,496.146070961,496.145912512,12291347,-9999,582419,21.42,-1,0.31936044,0.981664038,0.997560114,0.988022468,10,0.434782609,1.260869565,13C1 P1 O10,de-protonated,1,1442,C22 H29 O10 P1 13C1,22,29,10,-9999,1,-9999,1,-9999,-9999
1448,496.145894,496.146070961,496.146048857,12291347,-9999,582419,21.42,-1,0.044550908,0.999639929,0,0.599783957,10,0.545454545,1.227272727,N1 O12,de-protonated,0,-9999,C22 H27 O12 N1,22,27,12,1,-9999,-9999,-9999,-9999,-9999
1448,496.145894,496.146070961,496.146538115,12291347,-9999,582419,21.42,-1,-0.941563746,0.851409614,0,0.510845768,14,0.16,1.12,N3 S1 P1 O4,de-protonated,0,-9999,C25 H28 O4 N3 P1 S1,25,28,4,3,1,1,-9999,-9999,-9999
1449,496.195281,496.195457984,496.195188584,9014561,-9999,597886.2,15.19,-1,0.542931131,0.947918839,0,0.568751303,17,0.096774194,1,N1 S1 O3,de-protonated,0,-9999,C31 H31 O3 N1 S1,31,31,3,1,-9999,1,-9999,-9999,-9999
1449,496.195281,496.195457984,496.195321526,9014561,-9999,597886.2,15.19,-1,0.27500881,0.986370794,0,0.591822476,4,0.55,1.8,N1 P1 O11,de-protonated,0,-9999,C20 H36 O11 N1 P1,20,36,11,1,1,-9999,-9999,-9999,-9999
1450,497.092506,497.092683407,497.093165866,15568417,-9999,545100.5,27.65,-1,-0.970562431,0.842886382,0,0.505731829,29,0.088235294,0.411764706,N2 O3,de-protonated,0,-9999,C34 H14 O3 N2,34,14,3,2,-9999,-9999,-9999,-9999,-9999
1450,497.092506,497.092683407,497.092514418,15568417,-9999,545100.5,27.65,-1,0.339954281,0.979248511,0,0.587549106,20,0.192307692,0.692307692,N4 S1 O5,de-protonated,0,-9999,C26 H18 O5 N4 S1,26,18,5,4,-9999,1,-9999,-9999,-9999
1450,497.092506,497.092683407,497.09264736,15568417,-9999,545100.5,27.65,-1,0.072515654,0.999046304,0,0.599427782,7,0.866666667,1.533333333,N4 P1 O13,de-protonated,0,-9999,C15 H23 O13 N4 P1,15,23,13,4,1,-9999,-9999,-9999,-9999
1451,497.139544,497.139721429,497.139447355,15601198,-9999,609281.1,27.71,-1,0.551302199,0.946344657,0,0.567806794,23,0.151515152,0.666666667,O5,de-protonated,0,-9999,C33 H22 O5,33,22,5,-9999,-9999,-9999,-9999,-9999,-9999
1451,497.139544,497.139721429,497.139798228,15601198,-9999,609281.1,27.71,-1,-0.154481395,0.995679179,0,0.597407508,0,0.666666667,2.333333333,N2 S2 P1 O10,de-protonated,0,-9999,C15 H35 O10 N2 P1 S2,15,35,10,2,1,2,-9999,-9999,-9999
1452,497.158182,497.158359437,497.158074799,61181492,-9999,577884.7,114.33,-1,0.572530647,0.939022925,0.965056997,0.949436554,22,0.058823529,0.764705882,S1 O2,de-protonated,0,-9999,C34 H26 O2 S1,34,26,2,-9999,-9999,1,-9999,-9999,-9999
1452,497.158182,497.158359437,497.158207741,61181492,-9999,577884.7,114.33,-1,0.305127225,0.981371657,0.965285648,0.974937253,9,0.434782609,1.347826087,P1 O10,de-protonated,0,-9999,C23 H31 O10 P1,23,31,10,-9999,1,-9999,-9999,-9999,-9999
1453,497.202622,497.202799458,497.202835459,7474752,-9999,663136.8,12.27,-1,-0.072405895,0.999049187,0,0.599429512,8,0.458333333,1.416666667,O11,de-protonated,0,-9999,C24 H34 O11,24,34,11,-9999,-9999,-9999,-9999,-9999,-9999
1453,497.202622,497.202799458,497.202673267,7474752,-9999,663136.8,12.27,-1,0.25380176,0.988379963,0,0.593027978,3,0.263157895,2.052631579,N4 S2 P1 O5,de-protonated,0,-9999,C19 H39 O5 N4 P1 S2,19,39,5,4,1,2,-9999,-9999,-9999
1454,497.215694,497.215871465,497.215589677,7966275.5,-9999,619251.4,13.2,-1,0.566731822,0.943387094,0,0.566032256,16,0.09375,1.0625,S1 O3,de-protonated,0,-9999,C32 H34 O3 S1,32,34,3,-9999,-9999,1,-9999,-9999,-9999
1454,497.215694,497.215871465,497.215722618,7966275.5,-9999,619251.4,13.2,-1,0.299359333,0.983870784,0,0.590322471,3,0.523809524,1.857142857,P1 O11,de-protonated,0,-9999,C21 H39 O11 P1,21,39,11,-9999,1,-9999,-9999,-9999,-9999
1455,497.239004,497.239181475,497.239220968,11963978,-9999,577280.9,20.8,-1,-0.079423824,0.99885605,0,0.59931363,7,0.4,1.52,O10,de-protonated,0,-9999,C25 H38 O10,25,38,10,-9999,-9999,-9999,-9999,-9999,-9999
1455,497.239004,497.239181475,497.239058777,11963978,-9999,577280.9,20.8,-1,0.246759959,0.989012313,0,0.593407388,2,0.2,2.15,N4 S2 P1 O4,de-protonated,0,-9999,C20 H43 O4 N4 P1 S2,20,43,4,4,1,2,-9999,-9999,-9999
1456,497.252123,497.252300482,497.251975186,8048206,-9999,623187.4,13.36,-1,0.654186834,0.925285579,0,0.555171348,15,0.060606061,1.151515152,S1 O2,de-protonated,0,-9999,C33 H38 O2 S1,33,38,2,-9999,-9999,1,-9999,-9999,-9999
1456,497.252123,497.252300482,497.252108128,8048206,-9999,623187.4,13.36,-1,0.386833886,0.97321324,0,0.583927944,2,0.454545455,1.954545455,P1 O10,de-protonated,0,-9999,C22 H43 O10 P1,22,43,10,-9999,1,-9999,-9999,-9999,-9999
1457,497.275482,497.275659493,497.275606477,9162325,-9999,637430.6,15.47,-1,0.106611264,0.997939786,0,0.598763872,6,0.346153846,1.615384615,O9,de-protonated,0,-9999,C26 H42 O9,26,42,9,-9999,-9999,-9999,-9999,-9999,-9999
1457,497.275482,497.275659493,497.276095735,9162325,-9999,637430.6,15.47,-1,-0.877263501,0.869670112,0,0.521802067,10,0.034482759,1.482758621,N2 S1 P1 O1,de-protonated,0,-9999,C29 H43 O1 N2 P1 S1,29,43,1,2,1,1,-9999,-9999,-9999
1457,497.275482,497.275659493,497.275444286,9162325,-9999,637430.6,15.47,-1,0.432771241,0.966587263,0,0.579952358,1,0.142857143,2.238095238,N4 S2 P1 O3,de-protonated,0,-9999,C21 H47 O3 N4 P1 S2,21,47,3,4,1,2,-9999,-9999,-9999
1458,498.161553,498.16173091,498.161429634,18681680,-9999,546943.4,33.56,-1,0.60477481,0.935788936,0.965056997,0.94749616,22,0.058823529,0.764705882,13C1 S1 O2,de-protonated,1,1452,C33 H26 O2 S1 13C1,33,26,2,-9999,-9999,1,1,-9999,-9999
1458,498.161553,498.16173091,498.161562576,18681680,-9999,546943.4,33.56,-1,0.337909961,0.97949477,0.965285648,0.973811121,9,0.434782609,1.347826087,13C1 P1 O10,de-protonated,1,1452,C22 H31 O10 P1 13C1,22,31,10,-9999,1,-9999,1,-9999,-9999
1458,498.161553,498.16173091,498.161698922,18681680,-9999,546943.4,33.56,-1,0.064212352,0.999252126,0,0.599551276,9,0.545454545,1.318181818,N1 O12,de-protonated,0,-9999,C22 H29 O12 N1,22,29,12,1,-9999,-9999,-9999,-9999,-9999
1458,498.161553,498.16173091,498.162188179,18681680,-9999,546943.4,33.56,-1,-0.917912332,0.858231023,0,0.514938614,13,0.16,1.2,N3 S1 P1 O4,de-protonated,0,-9999,C25 H30 O4 N3 P1 S1,25,30,4,3,1,1,-9999,-9999,-9999
1459,499.15525,499.155428378,499.155097419,18878572,-9999,567982.6,33.94,-1,0.663037344,0.461665173,0.736963647,0.571784563,22,0.151515152,0.727272727,O5,de-protonated,0,-9999,C33 H24 O5,33,24,5,-9999,-9999,-9999,-9999,-9999,-9999
1460,499.218292,499.218470407,499.218485523,9670781,-9999,633440.3,16.44,-1,-0.030279395,0.999833654,0,0.599900192,7,0.458333333,1.5,O11,de-protonated,0,-9999,C24 H36 O11,24,36,11,-9999,-9999,-9999,-9999,-9999,-9999
1460,499.218292,499.218470407,499.218323332,9670781,-9999,633440.3,16.44,-1,0.294611174,0.984374393,0,0.590624636,2,0.263157895,2.157894737,N4 S2 P1 O5,de-protonated,0,-9999,C19 H41 O5 N4 P1 S2,19,41,5,4,1,2,-9999,-9999,-9999
1461,499.254648,499.254826424,499.254871033,13848712,-9999,566588.3,24.38,-1,-0.089349694,0.998552477,0,0.599131486,6,0.4,1.6,O10,de-protonated,0,-9999,C25 H40 O10,25,40,10,-9999,-9999,-9999,-9999,-9999,-9999
1461,499.254648,499.254826424,499.254708841,13848712,-9999,566588.3,24.38,-1,0.235517178,0.989985822,0,0.593991493,1,0.2,2.25,N4 S2 P1 O4,de-protonated,0,-9999,C20 H45 O4 N4 P1 S2,20,45,4,4,1,2,-9999,-9999,-9999
1462,499.291014,499.291192441,499.291256542,10834066,-9999,604831.3,18.65,-1,-0.128382984,0.997013796,0,0.598208277,5,0.346153846,1.692307692,O9,de-protonated,0,-9999,C26 H44 O9,26,44,9,-9999,-9999,-9999,-9999,-9999,-9999
1462,499.291014,499.291192441,499.291094351,10834066,-9999,604831.3,18.65,-1,0.196460201,0.993021162,0,0.595812697,0,0.142857143,2.333333333,N4 S2 P1 O3,de-protonated,0,-9999,C21 H49 O3 N4 P1 S2,21,49,3,4,1,2,-9999,-9999,-9999
1463,501.233925,501.234104356,501.234135588,10130106,-9999,612524.1,17.31,-1,-0.062309541,0.999295777,0,0.599577466,6,0.458333333,1.583333333,O11,de-protonated,0,-9999,C24 H38 O11,24,38,11,-9999,-9999,-9999,-9999,-9999,-9999
1463,501.233925,501.234104356,501.233973396,10130106,-9999,612524.1,17.31,-1,0.261274511,0.987689916,0,0.59261395,1,0.263157895,2.263157895,N4 S2 P1 O5,de-protonated,0,-9999,C19 H43 O5 N4 P1 S2,19,43,5,4,1,2,-9999,-9999,-9999
1464,501.270289,501.27046837300003,501.270521097,14160580,-9999,571380.8,24.97,-1,-0.105180534,0.997994657,0,0.598796794,5,0.4,1.68,O10,de-protonated,0,-9999,C25 H42 O10,25,42,10,-9999,-9999,-9999,-9999,-9999,-9999
1464,501.270289,501.27046837300003,501.270358906,14160580,-9999,571380.8,24.97,-1,0.218380016,0.991384074,0,0.594830445,0,0.2,2.35,N4 S2 P1 O4,de-protonated,0,-9999,C20 H47 O4 N4 P1 S2,20,47,4,4,1,2,-9999,-9999,-9999
1465,501.306711,501.30689039,501.306906606,8852175,-9999,643940.5,14.88,-1,-0.032347661,0.999810155,0,0.599886093,4,0.346153846,1.769230769,O9,de-protonated,0,-9999,C26 H46 O9,26,46,9,-9999,-9999,-9999,-9999,-9999,-9999
1466,503.205149,503.205329284,503.205024993,9540842,-9999,588508.4,16.19,-1,0.604706524,0.93580296,0,0.561481776,19,0.058823529,0.941176471,S1 O2,de-protonated,0,-9999,C34 H32 O2 S1,34,32,2,-9999,-9999,1,-9999,-9999,-9999
1466,503.205149,503.205329284,503.205157934,9540842,-9999,588508.4,16.19,-1,0.340516445,0.979180543,0,0.587508326,6,0.434782609,1.608695652,P1 O10,de-protonated,0,-9999,C23 H37 O10 P1,23,37,10,-9999,1,-9999,-9999,-9999,-9999
1467,503.24152,503.241700301,503.241410502,8557812,-9999,671078.2,14.32,-1,0.575865035,0.941602459,0,0.564961476,18,0.028571429,1.028571429,S1 O1,de-protonated,0,-9999,C35 H36 O1 S1,35,36,1,-9999,-9999,1,-9999,-9999,-9999
1467,503.24152,503.241700301,503.241543444,8557812,-9999,671078.2,14.32,-1,0.311694065,0.982526151,0,0.589515691,5,0.375,1.708333333,P1 O9,de-protonated,0,-9999,C24 H41 O9 P1,24,41,9,-9999,1,-9999,-9999,-9999,-9999
1468,503.249615,503.249795305,503.249785652,8770807,-9999,616025.9,14.73,-1,0.019180779,0.999933247,0,0.599959948,5,0.458333333,1.666666667,O11,de-protonated,0,-9999,C24 H40 O11,24,40,11,-9999,-9999,-9999,-9999,-9999,-9999
1468,503.249615,503.249795305,503.250274909,8770807,-9999,616025.9,14.73,-1,-0.953014138,0.84806481,0,0.508838886,9,0.111111111,1.518518519,N2 S1 P1 O3,de-protonated,0,-9999,C27 H41 O3 N2 P1 S1,27,41,3,2,1,1,-9999,-9999,-9999
1468,503.249615,503.249795305,503.249623461,8770807,-9999,616025.9,14.73,-1,0.341468816,0.979065152,0,0.587439091,0,0.263157895,2.368421053,N4 S2 P1 O5,de-protonated,0,-9999,C19 H45 O5 N4 P1 S2,19,45,5,4,1,2,-9999,-9999,-9999
1469,504.244861,504.245041773,504.245034624,8001041,-9999,574282,13.26,-1,0.014177667,0.999963528,0,0.599978117,5,0.47826087,1.695652174,N1 O11,de-protonated,0,-9999,C23 H39 O11 N1,23,39,11,1,-9999,-9999,-9999,-9999,-9999
1469,504.244861,504.245041773,504.245523882,8001041,-9999,574282,13.26,-1,-0.956098386,0.847159219,0,0.508295532,9,0.115384615,1.538461538,N3 S1 P1 O3,de-protonated,0,-9999,C26 H40 O3 N3 P1 S1,26,40,3,3,1,1,-9999,-9999,-9999
1470,505.13494,505.135121192,505.13514982,13899534,-9999,562990.3,24.47,-1,-0.056674223,0.999417363,0,0.599650418,12,0.5,1.083333333,O12,de-protonated,0,-9999,C24 H26 O12,24,26,12,-9999,-9999,-9999,-9999,-9999,-9999
1470,505.13494,505.135121192,505.134636756,13899534,-9999,562990.3,24.47,-1,0.959023739,0.846298478,0,0.507779087,30,0.027027027,0.486486486,N2 O1,de-protonated,0,-9999,C37 H18 O1 N2,37,18,1,2,-9999,-9999,-9999,-9999,-9999
1470,505.13494,505.135121192,505.134987629,13899534,-9999,562990.3,24.47,-1,0.264410882,0.987394481,0,0.592436688,7,0.315789474,1.631578947,N4 S2 P1 O6,de-protonated,0,-9999,C19 H31 O6 N4 P1 S2,19,31,6,4,1,2,-9999,-9999,-9999
1471,505.184414,505.184595216,505.184289548,7362331.5,-9999,639615.4,12.05,-1,0.605062278,0.935729884,0,0.561437931,19,0.090909091,0.909090909,S1 O3,de-protonated,0,-9999,C33 H30 O3 S1,33,30,3,-9999,-9999,1,-9999,-9999,-9999
1471,505.184414,505.184595216,505.184422489,7362331.5,-9999,639615.4,12.05,-1,0.34190727,0.979011924,0,0.587407154,6,0.5,1.590909091,P1 O11,de-protonated,0,-9999,C22 H35 O11 P1,22,35,11,-9999,1,-9999,-9999,-9999,-9999
1472,505.220747,505.220928233,505.220675057,15406886,-9999,588616.8,27.34,-1,0.501119061,0.955457065,0,0.573274239,18,0.058823529,1,S1 O2,de-protonated,0,-9999,C34 H34 O2 S1,34,34,2,-9999,-9999,1,-9999,-9999,-9999
1472,505.220747,505.220928233,505.220807999,15406886,-9999,588616.8,27.34,-1,0.237983033,0.989776109,0,0.593865665,5,0.434782609,1.695652174,P1 O10,de-protonated,0,-9999,C23 H39 O10 P1,23,39,10,-9999,1,-9999,-9999,-9999,-9999
1473,505.257131,505.25731225,505.257060566,13621040,-9999,609581.4,23.94,-1,0.49812958,0.955975092,0,0.573585055,17,0.028571429,1.085714286,S1 O1,de-protonated,0,-9999,C35 H38 O1 S1,35,38,1,-9999,-9999,1,-9999,-9999,-9999
1473,505.257131,505.25731225,505.257193508,13621040,-9999,609581.4,23.94,-1,0.235012502,0.990028479,0,0.594017087,4,0.375,1.791666667,P1 O9,de-protonated,0,-9999,C24 H43 O9 P1,24,43,9,-9999,1,-9999,-9999,-9999,-9999
1474,505.268392,505.268573255,505.268426897,11851572,-9999,610553.8,20.58,-1,0.289663395,0.984890875,0,0.590934525,4,0.347826087,1.869565217,N2 P1 O8,de-protonated,0,-9999,C23 H43 O8 N2 P1,23,43,8,2,1,-9999,-9999,-9999,-9999
1475,506.260535,506.260716722,506.260684689,7542861,-9999,561919.4,12.39,-1,0.063274522,0.999273804,0,0.599564282,4,0.47826087,1.782608696,N1 O11,de-protonated,0,-9999,C23 H41 O11 N1,23,41,11,1,-9999,-9999,-9999,-9999,-9999
1475,506.260535,506.260716722,506.261173946,7542861,-9999,561919.4,12.39,-1,-0.90313848,0.862430878,0,0.517458527,8,0.115384615,1.615384615,N3 S1 P1 O3,de-protonated,0,-9999,C26 H42 O3 N3 P1 S1,26,42,3,3,1,1,-9999,-9999,-9999
1476,506.976394,506.976576059,506.976755651,9443608,-9999,576669.8,16,-1,-0.354240479,0.977487937,0,0.586492762,19,0.291666667,0.541666667,S2 P1 O7,de-protonated,0,-9999,C24 H13 O7 P1 S2,24,13,7,-9999,1,2,-9999,-9999,-9999
1476,506.976394,506.976576059,506.976952355,9443608,-9999,576669.8,16,-1,-0.742235277,0.90487137,0,0.542922822,11,0.928571429,0.857142857,N4 S2 O13,de-protonated,0,-9999,C14 H12 O13 N4 S2,14,12,13,4,-9999,2,-9999,-9999,-9999
1477,507.200032,507.200214164,507.199939612,12523864,-9999,596296.3,21.86,-1,0.541309834,0.948221239,0,0.568932744,18,0.090909091,0.96969697,S1 O3,de-protonated,0,-9999,C33 H32 O3 S1,33,32,3,-9999,-9999,1,-9999,-9999,-9999
1477,507.200032,507.200214164,507.200072554,12523864,-9999,596296.3,21.86,-1,0.27920064,0.985955094,0,0.591573056,5,0.5,1.681818182,P1 O11,de-protonated,0,-9999,C22 H37 O11 P1,22,37,11,-9999,1,-9999,-9999,-9999,-9999
1478,507.217814,507.217996173,507.217697677,7657820.5,-9999,554794.2,12.61,-1,0.588496708,0.939092938,0,0.563455763,18,0.151515152,0.96969697,O5,de-protonated,0,-9999,C33 H32 O5,33,32,5,-9999,-9999,-9999,-9999,-9999,-9999
1479,507.223375,507.223557175,507.223570904,8550750,-9999,528569.8,14.31,-1,-0.027065396,0.999867091,0,0.599920255,9,0.384615385,1.384615385,O10,de-protonated,0,-9999,C26 H36 O10,26,36,10,-9999,-9999,-9999,-9999,-9999,-9999
1479,507.223375,507.223557175,507.224060161,8550750,-9999,528569.8,14.31,-1,-0.991643726,0.836583547,0,0.501950128,13,0.068965517,1.275862069,N2 S1 P1 O2,de-protonated,0,-9999,C29 H37 O2 N2 P1 S1,29,37,2,2,1,1,-9999,-9999,-9999
1479,507.223375,507.223557175,507.223408712,8550750,-9999,528569.8,14.31,-1,0.292697696,0.98457514,0,0.590745084,4,0.19047619,1.952380952,N4 S2 P1 O4,de-protonated,0,-9999,C21 H41 O4 N4 P1 S2,21,41,4,4,1,2,-9999,-9999,-9999
1480,507.236437,507.236619182,507.236325121,17701218,-9999,595476.5,31.7,-1,0.579729975,0.470419845,0.73113591,0.574706271,17,0.058823529,1.058823529,S1 O2,de-protonated,0,-9999,C34 H36 O2 S1,34,36,2,-9999,-9999,1,-9999,-9999,-9999
1480,507.236437,507.236619182,507.236458063,17701218,-9999,595476.5,31.7,-1,0.317639573,0.981859313,0,0.589115588,4,0.434782609,1.782608696,P1 O10,de-protonated,0,-9999,C23 H41 O10 P1,23,41,10,-9999,1,-9999,-9999,-9999,-9999
1481,507.272798,507.272980199,507.272710631,12441964,-9999,565673.3,21.7,-1,0.531406209,0.95005086,0,0.570030516,16,0.028571429,1.142857143,S1 O1,de-protonated,0,-9999,C35 H40 O1 S1,35,40,1,-9999,-9999,1,-9999,-9999,-9999
1481,507.272798,507.272980199,507.272843573,12441964,-9999,565673.3,21.7,-1,0.269334619,0.986923753,0,0.592154252,3,0.375,1.875,P1 O9,de-protonated,0,-9999,C24 H45 O9 P1,24,45,9,-9999,1,-9999,-9999,-9999,-9999
1482,508.195272,508.195454633,508.195188584,16292466,-9999,557643.9,29.02,-1,0.52351658,0.9514867,0,0.57089201999999994,18,0.09375,0.96875,N1 S1 O3,de-protonated,0,-9999,C32 H31 O3 N1 S1,32,31,3,1,-9999,1,-9999,-9999,-9999
1482,508.195272,508.195454633,508.195321526,16292466,-9999,557643.9,29.02,-1,0.261920706,0.987629328,0,0.592577597,5,0.523809524,1.714285714,N1 P1 O11,de-protonated,0,-9999,C21 H36 O11 N1 P1,21,36,11,1,1,-9999,-9999,-9999,-9999
1483,509.121773,509.121956069,509.12168929,8559481,-9999,556390.8,14.18,-1,0.523998972,0.951399463,0,0.570839678,24,0.088235294,0.647058824,S1 O3,de-protonated,0,-9999,C34 H22 O3 S1,34,22,3,-9999,-9999,1,-9999,-9999,-9999
1483,509.121773,509.121956069,509.121822232,8559481,-9999,556390.8,14.18,-1,0.26287915,0.987539194,0,0.592523517,11,0.47826087,1.173913043,P1 O11,de-protonated,0,-9999,C23 H27 O11 P1,23,27,11,-9999,1,-9999,-9999,-9999,-9999
1484,509.21565,509.215833113,509.215589677,12049300,-9999,542618.7,20.75,-1,0.478062098,0.959379177,0,0.575627506,17,0.090909091,1.03030303,S1 O3,de-protonated,0,-9999,C33 H34 O3 S1,33,34,3,-9999,-9999,1,-9999,-9999,-9999
1484,509.21565,509.215833113,509.215722618,12049300,-9999,542618.7,20.75,-1,0.216990438,0.991492908,0,0.594895745,4,0.5,1.772727273,P1 O11,de-protonated,0,-9999,C22 H39 O11 P1,22,39,11,-9999,1,-9999,-9999,-9999,-9999
1485,509.252046,509.25222913,509.251975186,15801246,-9999,559166.6,27.81,-1,0.4986617,0.95588309,0,0.573529854,16,0.058823529,1.117647059,S1 O2,de-protonated,0,-9999,C34 H38 O2 S1,34,38,2,-9999,-9999,1,-9999,-9999,-9999
1485,509.252046,509.25222913,509.252108128,15801246,-9999,559166.6,27.81,-1,0.237608689,0.989808083,0,0.59388485,3,0.434782609,1.869565217,P1 O10,de-protonated,0,-9999,C23 H43 O10 P1,23,43,10,-9999,1,-9999,-9999,-9999,-9999
1486,509.288411,509.288594148,509.288360695,7830440,-9999,591554.6,12.81,-1,0.458389082,0.962591553,0,0.577554932,15,0.028571429,1.2,S1 O1,de-protonated,0,-9999,C35 H42 O1 S1,35,42,1,-9999,-9999,1,-9999,-9999,-9999
1486,509.288411,509.288594148,509.288493637,7830440,-9999,591554.6,12.81,-1,0.197354732,0.992957689,0,0.595774613,2,0.375,1.958333333,P1 O9,de-protonated,0,-9999,C24 H47 O9 P1,24,47,9,-9999,1,-9999,-9999,-9999,-9999
1487,510.210977,510.211160582,510.210838649,8379566,-9999,613177.2,13.85,-1,0.630980336,0.930306397,0,0.558183838,17,0.09375,1.03125,N1 S1 O3,de-protonated,0,-9999,C32 H33 O3 N1 S1,32,33,3,1,-9999,1,-9999,-9999,-9999
1487,510.210977,510.211160582,510.210971591,8379566,-9999,613177.2,13.85,-1,0.370417899,0.975410892,0,0.585246535,4,0.523809524,1.80952381,N1 P1 O11,de-protonated,0,-9999,C21 H38 O11 N1 P1,21,38,11,1,1,-9999,-9999,-9999,-9999
1488,511.108127,511.108311004,511.107829393,11607469,-9999,554424.7,19.92,-1,0.942288059,0.851198843,0,0.510719306,1,0.75,2.0625,S2 P1 O12,de-protonated,0,-9999,C16 H33 O12 P1 S2,16,33,12,-9999,1,2,-9999,-9999,-9999
1488,511.108127,511.108311004,511.108815931,11607469,-9999,554424.7,19.92,-1,-0.987904689,0.837707843,0,0.502624706,29,0.085714286,0.457142857,N2 O3,de-protonated,0,-9999,C35 H16 O3 N2,35,16,3,2,-9999,-9999,-9999,-9999,-9999
1488,511.108127,511.108311004,511.108164482,11607469,-9999,554424.7,19.92,-1,0.286674905,0.985198725,0,0.591119235,20,0.185185185,0.740740741,N4 S1 O5,de-protonated,0,-9999,C27 H20 O5 N4 S1,27,20,5,4,-9999,1,-9999,-9999,-9999
1488,511.108127,511.108311004,511.108297424,11607469,-9999,554424.7,19.92,-1,0.026570014,0.999871912,0,0.599923147,7,0.8125,1.5625,N4 P1 O13,de-protonated,0,-9999,C16 H25 O13 N4 P1,16,25,13,4,1,-9999,-9999,-9999,-9999
1489,511.137436,511.137620018,511.137339354,44015028,-9999,566208.2,80.91,-1,0.549096299,0.946376025,0.953340206,0.949161698,23,0.088235294,0.705882353,S1 O3,de-protonated,0,-9999,C34 H24 O3 S1,34,24,3,-9999,-9999,1,-9999,-9999,-9999
1489,511.137436,511.137620018,511.137472296,44015028,-9999,566208.2,80.91,-1,0.289006185,0.984720292,0.977002439,0.981633151,10,0.47826087,1.260869565,P1 O11,de-protonated,0,-9999,C23 H29 O11 P1,23,29,11,-9999,1,-9999,-9999,-9999,-9999
1490,511.23131,511.231494062,511.231239741,11181520,-9999,566757.5,19.12,-1,0.497467742,0.956089396,0,0.573653637,16,0.090909091,1.090909091,S1 O3,de-protonated,0,-9999,C33 H36 O3 S1,33,36,3,-9999,-9999,1,-9999,-9999,-9999
1490,511.23131,511.231494062,511.231372683,11181520,-9999,566757.5,19.12,-1,0.237425415,0.98982372,0,0.593894232,3,0.5,1.863636364,P1 O11,de-protonated,0,-9999,C22 H41 O11 P1,22,41,11,-9999,1,-9999,-9999,-9999,-9999
1491,511.254679,511.254863073,511.254871033,9199062,-9999,572742.5,15.39,-1,-0.015568475,0.999956022,0,0.599973613,7,0.384615385,1.538461538,O10,de-protonated,0,-9999,C26 H40 O10,26,40,10,-9999,-9999,-9999,-9999,-9999,-9999
1491,511.254679,511.254863073,511.25536029,9199062,-9999,572742.5,15.39,-1,-0.972541018,0.842298592,0,0.505379155,11,0.068965517,1.413793103,N2 S1 P1 O2,de-protonated,0,-9999,C29 H41 O2 N2 P1 S1,29,41,2,2,1,1,-9999,-9999,-9999
1491,511.254679,511.254863073,511.254708841,9199062,-9999,572742.5,15.39,-1,0.301673253,0.983622538,0,0.590173523,2,0.19047619,2.142857143,N4 S2 P1 O4,de-protonated,0,-9999,C21 H45 O4 N4 P1 S2,21,45,4,4,1,2,-9999,-9999,-9999
1492,511.291036,511.29122009,511.291256542,9952737,-9999,570418.7,16.81,-1,-0.071293404,0.999078167,0,0.5994469,6,0.333333333,1.62962963,O9,de-protonated,0,-9999,C27 H44 O9,27,44,9,-9999,-9999,-9999,-9999,-9999,-9999
1492,511.291036,511.29122009,511.291094351,9952737,-9999,570418.7,16.81,-1,0.24592573,0.989086074,0,0.593451645,1,0.136363636,2.227272727,N4 S2 P1 O3,de-protonated,0,-9999,C22 H49 O3 N4 P1 S2,22,49,3,4,1,2,-9999,-9999,-9999
1493,512.140793,512.14097749,512.140694189,12574418,-9999,599021.1,21.74,-1,0.553169993,0.945990492,0.953340206,0.948930377,23,0.088235294,0.705882353,13C1 S1 O3,de-protonated,1,1489,C33 H24 O3 S1 13C1,33,24,3,-9999,-9999,1,1,-9999,-9999
1493,512.140793,512.14097749,512.140827131,12574418,-9999,599021.1,21.74,-1,0.293589432,0.984481744,0.977002439,0.981490022,10,0.47826087,1.260869565,13C1 P1 O11,de-protonated,1,1489,C22 H29 O11 P1 13C1,22,29,11,-9999,1,-9999,1,-9999,-9999
1493,512.140793,512.14097749,512.140963477,12574418,-9999,599021.1,21.74,-1,0.027362612,0.999864156,0,0.599918494,10,0.590909091,1.227272727,N1 O13,de-protonated,0,-9999,C22 H27 O13 N1,22,27,13,1,-9999,-9999,-9999,-9999,-9999
1493,512.140793,512.14097749,512.141452734,12574418,-9999,599021.1,21.74,-1,-0.927954246,0.85534935,0,0.51320961,14,0.2,1.12,N3 S1 P1 O5,de-protonated,0,-9999,C25 H28 O5 N3 P1 S1,25,28,5,3,1,1,-9999,-9999,-9999
1494,512.955341,512.955525874,512.955154282,11886521,-9999,587338.5,20.44,-1,0.724413481,0.909173154,0,0.545503892,14,0.764705882,0.588235294,N2 S2 O13,de-protonated,0,-9999,C17 H10 O13 N2 S2,17,10,13,2,-9999,2,-9999,-9999,-9999
1495,513.134499,513.134683958,513.134361974,13901804,-9999,577329.1,24.24,-1,0.627484492,0.931049325,0,0.558629595,23,0.181818182,0.666666667,O6,de-protonated,0,-9999,C33 H22 O6,33,22,6,-9999,-9999,-9999,-9999,-9999,-9999
1495,513.134499,513.134683958,513.134712847,13901804,-9999,577329.1,24.24,-1,-0.056299183,0.999425046,0,0.599655028,0,0.733333333,2.333333333,N2 S2 P1 O11,de-protonated,0,-9999,C15 H35 O11 N2 P1 S2,15,35,11,2,1,2,-9999,-9999,-9999
1496,513.233934,513.234119005,513.234135588,12361736,-9999,565355.3,21.34,-1,-0.032310532,0.999810591,0,0.599886355,7,0.44,1.52,O11,de-protonated,0,-9999,C25 H38 O11,25,38,11,-9999,-9999,-9999,-9999,-9999,-9999
1496,513.233934,513.234119005,513.234624845,12361736,-9999,565355.3,21.34,-1,-0.985592541,0.838401714,0,0.503041028,11,0.107142857,1.392857143,N2 S1 P1 O3,de-protonated,0,-9999,C28 H39 O3 N2 P1 S1,28,39,3,2,1,1,-9999,-9999,-9999
1496,513.233934,513.234119005,513.233973396,12361736,-9999,565355.3,21.34,-1,0.283707762,0.985501311,0,0.591300787,2,0.25,2.15,N4 S2 P1 O5,de-protonated,0,-9999,C20 H43 O5 N4 P1 S2,20,43,5,4,1,2,-9999,-9999,-9999
1497,513.24693,513.247115011,513.246889806,7700492,-9999,559926.8,12.57,-1,0.438785727,0.965668333,0,0.579401,15,0.090909091,1.151515152,S1 O3,de-protonated,0,-9999,C33 H38 O3 S1,33,38,3,-9999,-9999,1,-9999,-9999,-9999
1497,513.24693,513.247115011,513.247022747,7700492,-9999,559926.8,12.57,-1,0.179764666,0.994153582,0,0.596492149,2,0.5,1.954545455,P1 O11,de-protonated,0,-9999,C22 H43 O11 P1,22,43,11,-9999,1,-9999,-9999,-9999,-9999
1498,513.270338,513.270523022,513.270521097,15441938,-9999,568521,27.14,-1,0.0037503,0.999997448,0,0.599998469,6,0.384615385,1.615384615,O10,de-protonated,0,-9999,C26 H42 O10,26,42,10,-9999,-9999,-9999,-9999,-9999,-9999
1498,513.270338,513.270523022,513.271010354,15441938,-9999,568521,27.14,-1,-0.949464165,0.849104715,0,0.509462829,10,0.068965517,1.482758621,N2 S1 P1 O2,de-protonated,0,-9999,C29 H43 O2 N2 P1 S1,29,43,2,2,1,1,-9999,-9999,-9999
1498,513.270338,513.270523022,513.270358906,15441938,-9999,568521,27.14,-1,0.319746203,0.981620124,0,0.588972074,1,0.19047619,2.238095238,N4 S2 P1 O4,de-protonated,0,-9999,C21 H47 O4 N4 P1 S2,21,47,4,4,1,2,-9999,-9999,-9999
1499,513.306747,513.306932039,513.306906606,10444829,-9999,571764.5,17.73,-1,0.049546786,0.999554664,0,0.599732798,5,0.333333333,1.703703704,O9,de-protonated,0,-9999,C27 H46 O9,27,46,9,-9999,-9999,-9999,-9999,-9999,-9999
1499,513.306747,513.306932039,513.307395864,10444829,-9999,571764.5,17.73,-1,-0.903600155,0.862300358,0,0.517380215,9,0.033333333,1.566666667,N2 S1 P1 O1,de-protonated,0,-9999,C30 H47 O1 N2 P1 S1,30,47,1,2,1,1,-9999,-9999,-9999
1499,513.306747,513.306932039,513.306744415,10444829,-9999,571764.5,17.73,-1,0.365520304,0.97604902,0,0.585629412,0,0.136363636,2.318181818,N4 S2 P1 O3,de-protonated,0,-9999,C22 H51 O3 N4 P1 S2,22,51,3,4,1,2,-9999,-9999,-9999
1500,515.249598,515.249783954,515.249785652,15049285,-9999,569496.1,26.4,-1,-0.003296436,0.999998028,0,0.599998817,6,0.44,1.6,O11,de-protonated,0,-9999,C25 H40 O11,25,40,11,-9999,-9999,-9999,-9999,-9999,-9999
1500,515.249598,515.249783954,515.250274909,15049285,-9999,569496.1,26.4,-1,-0.95284925,0.848113169,0,0.508867901,10,0.107142857,1.464285714,N2 S1 P1 O3,de-protonated,0,-9999,C28 H41 O3 N2 P1 S1,28,41,3,2,1,1,-9999,-9999,-9999
1500,515.249598,515.249783954,515.249623461,15049285,-9999,569496.1,26.4,-1,0.311485607,0.982549311,0,0.589529587,1,0.25,2.25,N4 S2 P1 O5,de-protonated,0,-9999,C20 H45 O5 N4 P1 S2,20,45,5,4,1,2,-9999,-9999,-9999
1501,515.285984,515.286169971,515.286171161,13378127,-9999,545314.5,23.25,-1,-0.002310775,0.999999031,0,0.599999419,5,0.384615385,1.692307692,O10,de-protonated,0,-9999,C26 H44 O10,26,44,10,-9999,-9999,-9999,-9999,-9999,-9999
1501,515.285984,515.286169971,515.286660419,13378127,-9999,545314.5,23.25,-1,-0.951796539,0.848421779,0,0.509053067,9,0.068965517,1.551724138,N2 S1 P1 O2,de-protonated,0,-9999,C29 H45 O2 N2 P1 S1,29,45,2,2,1,1,-9999,-9999,-9999
1501,515.285984,515.286169971,515.28600897,13378127,-9999,545314.5,23.25,-1,0.312449042,0.982442148,0,0.589465289,0,0.19047619,2.333333333,N4 S2 P1 O4,de-protonated,0,-9999,C21 H49 O4 N4 P1 S2,21,49,4,4,1,2,-9999,-9999,-9999
1502,515.322397,515.322582988,515.322556671,8610393,-9999,598721,14.28,-1,0.051069142,0.999526883,0,0.59971613,4,0.333333333,1.777777778,O9,de-protonated,0,-9999,C27 H48 O9,27,48,9,-9999,-9999,-9999,-9999,-9999,-9999
1502,515.322397,515.322582988,515.323045928,8610393,-9999,598721,14.28,-1,-0.898349633,0.863781956,0,0.518269174,8,0.033333333,1.633333333,N2 S1 P1 O1,de-protonated,0,-9999,C30 H49 O1 N2 P1 S1,30,49,1,2,1,1,-9999,-9999,-9999
1503,517.220718,517.220904882,517.220675057,9938037,-9999,557779.8,16.77,-1,0.44434514,0.964808444,0,0.578885066,19,0.057142857,0.971428571,S1 O2,de-protonated,0,-9999,C35 H34 O2 S1,35,34,2,-9999,-9999,1,-9999,-9999,-9999
1503,517.220718,517.220904882,517.220807999,9938037,-9999,557779.8,16.77,-1,0.187314125,0.993653809,0,0.596192285,6,0.416666667,1.625,P1 O10,de-protonated,0,-9999,C24 H39 O10 P1,24,39,10,-9999,1,-9999,-9999,-9999,-9999
1504,517.228812,517.228998885,517.229050207,9741431,-9999,555333.9,16.4,-1,-0.099224738,0.998215133,0,0.59892908,6,0.5,1.583333333,O12,de-protonated,0,-9999,C24 H38 O12,24,38,12,-9999,-9999,-9999,-9999,-9999,-9999
1504,517.228812,517.228998885,517.228537143,9741431,-9999,555333.9,16.4,-1,0.892724009,0.865362619,0,0.519217571,24,0.027027027,0.810810811,N2 O1,de-protonated,0,-9999,C37 H30 O1 N2,37,30,1,2,-9999,-9999,-9999,-9999,-9999
1504,517.228812,517.228998885,517.228888016,9741431,-9999,555333.9,16.4,-1,0.214352708,0.991697619,0,0.595018571,1,0.315789474,2.263157895,N4 S2 P1 O6,de-protonated,0,-9999,C19 H43 O6 N4 P1 S2,19,43,6,4,1,2,-9999,-9999,-9999
1505,517.25716,517.257346899,517.257060566,11707519,-9999,590180.2,20.11,-1,0.553558993,0.945916597,0,0.567549958,18,0.027777778,1.055555556,S1 O1,de-protonated,0,-9999,C36 H38 O1 S1,36,38,1,-9999,-9999,1,-9999,-9999,-9999
1505,517.25716,517.257346899,517.257193508,11707519,-9999,590180.2,20.11,-1,0.29654603,0.984170115,0,0.590502069,5,0.36,1.72,P1 O9,de-protonated,0,-9999,C25 H43 O9 P1,25,43,9,-9999,1,-9999,-9999,-9999,-9999
1506,517.265248,517.265434902,517.265435717,10347650,-9999,579495,17.55,-1,-0.001573883,0.999999551,0,0.59999973,5,0.44,1.68,O11,de-protonated,0,-9999,C25 H42 O11,25,42,11,-9999,-9999,-9999,-9999,-9999,-9999
1506,517.265248,517.265434902,517.265924974,10347650,-9999,579495,17.55,-1,-0.947426539,0.849700424,0,0.509820254,9,0.107142857,1.535714286,N2 S1 P1 O3,de-protonated,0,-9999,C28 H43 O3 N2 P1 S1,28,43,3,2,1,1,-9999,-9999,-9999
1506,517.265248,517.265434902,517.265273525,10347650,-9999,579495,17.55,-1,0.311981537,0.982494188,0,0.58949651300000006,0,0.25,2.35,N4 S2 P1 O5,de-protonated,0,-9999,C20 H47 O5 N4 P1 S2,20,47,5,4,1,2,-9999,-9999,-9999
1507,518.224052,518.224239354,518.224299179,7751058.5,-9999,570925.8,12.66,-1,-0.115443495,0.997584718,0,0.598550831,6,0.52173913,1.608695652,N1 O12,de-protonated,0,-9999,C23 H37 O12 N1,23,37,12,1,-9999,-9999,-9999,-9999,-9999
1507,518.224052,518.224239354,518.223786115,7751058.5,-9999,570925.8,12.66,-1,0.874600197,0.87040668,0,0.522244008,24,0.027777778,0.805555556,N3 O1,de-protonated,0,-9999,C36 H29 O1 N3,36,29,1,3,-9999,-9999,-9999,-9999,-9999
1508,518.260557,518.260744371,518.260684689,8283549,-9999,622780.4,13.66,-1,0.115158667,0.997596608,0,0.598557965,5,0.458333333,1.708333333,N1 O11,de-protonated,0,-9999,C24 H41 O11 N1,24,41,11,1,-9999,-9999,-9999,-9999,-9999
1508,518.260557,518.260744371,518.261173946,8283549,-9999,622780.4,13.66,-1,-0.82887772,0.882795067,0,0.52967704,9,0.111111111,1.555555556,N3 S1 P1 O3,de-protonated,0,-9999,C27 H42 O3 N3 P1 S1,27,42,3,3,1,1,-9999,-9999,-9999
1509,519.114233,519.114420773,519.114414376,8455824,-9999,546562.7,13.98,-1,0.012323416,0.999972444,0,0.599983467,13,0.541666667,1,O13,de-protonated,0,-9999,C24 H24 O13,24,24,13,-9999,-9999,-9999,-9999,-9999,-9999
1509,519.114233,519.114420773,519.114903633,8455824,-9999,546562.7,13.98,-1,-0.930160324,0.854713391,0,0.512828034,17,0.185185185,0.925925926,N2 S1 P1 O5,de-protonated,0,-9999,C27 H25 O5 N2 P1 S1,27,25,5,2,1,1,-9999,-9999,-9999
1509,519.114233,519.114420773,519.114252184,8455824,-9999,546562.7,13.98,-1,0.32476202,0.981044499,0,0.588626699,8,0.368421053,1.526315789,N4 S2 P1 O7,de-protonated,0,-9999,C19 H29 O7 N4 P1 S2,19,29,7,4,1,2,-9999,-9999,-9999
1510,519.199972,519.200159813,519.199939612,12527272,-9999,547574.4,21.65,-1,0.424116157,0.967888877,0,0.580733326,19,0.088235294,0.941176471,S1 O3,de-protonated,0,-9999,C34 H32 O3 S1,34,32,3,-9999,-9999,1,-9999,-9999,-9999
1510,519.199972,519.200159813,519.200072554,12527272,-9999,547574.4,21.65,-1,0.168064987,0.994887941,0,0.596932764,6,0.47826087,1.608695652,P1 O11,de-protonated,0,-9999,C23 H37 O11 P1,23,37,11,-9999,1,-9999,-9999,-9999,-9999
1511,519.236433,519.23662083,519.236325121,17573554,-9999,558498.3,31.14,-1,0.569507337,0.955977607,0.91640716,0.940149428,18,0.057142857,1.028571429,S1 O2,de-protonated,0,-9999,C35 H36 O2 S1,35,36,2,-9999,-9999,1,-9999,-9999,-9999
1511,519.236433,519.23662083,519.236458063,17573554,-9999,558498.3,31.14,-1,0.313474072,0.982327783,0,0.58939667,5,0.416666667,1.708333333,P1 O10,de-protonated,0,-9999,C24 H41 O10 P1,24,41,10,-9999,1,-9999,-9999,-9999,-9999
1512,519.272772,519.272959848,519.272710631,13067965,-9999,578286.5,22.66,-1,0.479934045,0.95906705,0,0.57544023,17,0.027777778,1.111111111,S1 O1,de-protonated,0,-9999,C36 H40 O1 S1,36,40,1,-9999,-9999,1,-9999,-9999,-9999
1512,519.272772,519.272959848,519.272843573,13067965,-9999,578286.5,22.66,-1,0.223918744,0.990943494,0,0.594566097,4,0.36,1.8,P1 O9,de-protonated,0,-9999,C25 H45 O9 P1,25,45,9,-9999,1,-9999,-9999,-9999,-9999
1513,519.309111,519.309298865,519.309229082,7587527.5,-9999,534564.3,12.35,-1,0.13437596500000001,0.996728961,0,0.598037376,3,0.307692308,1.884615385,P1 O8,de-protonated,0,-9999,C26 H49 O8 P1,26,49,8,-9999,1,-9999,-9999,-9999,-9999
1514,519.320402,519.32058987,519.320462471,36087500,-9999,545589,65.99,-1,0.245318089,0.987570275,0.977574956,0.983572148,3,0.28,1.96,N2 P1 O7,de-protonated,0,-9999,C25 H49 O7 N2 P1,25,49,7,2,1,-9999,-9999,-9999,-9999
1515,520.239708,520.239896303,520.239679957,9807824,-9999,578755.4,16.53,-1,0.415858516,0.969107796,0.91640716,0.948027542,18,0.057142857,1.028571429,13C1 S1 O2,de-protonated,1,1511,C34 H36 O2 S1 13C1,34,36,2,-9999,-9999,1,1,-9999,-9999
1515,520.239708,520.239896303,520.239949244,9807824,-9999,578755.4,16.53,-1,-0.101763136,0.99812273,0,0.598873638,5,0.52173913,1.695652174,N1 O12,de-protonated,0,-9999,C23 H39 O12 N1,23,39,12,1,-9999,-9999,-9999,-9999,-9999
1515,520.239708,520.239896303,520.23943618,9807824,-9999,578755.4,16.53,-1,0.884444679,0.867676045,0,0.520605627,23,0.027777778,0.861111111,N3 O1,de-protonated,0,-9999,C36 H31 O1 N3,36,31,1,3,-9999,-9999,-9999,-9999,-9999
1516,520.276107,520.27629532,520.276334753,8300507,-9999,606366,13.69,-1,-0.075793308,0.998958188,0,0.599374913,4,0.458333333,1.791666667,N1 O11,de-protonated,0,-9999,C24 H43 O11 N1,24,43,11,1,-9999,-9999,-9999,-9999,-9999
1517,520.323774,520.323962342,520.323817306,11102184,-9999,576716,18.96,-1,0.278741717,0.986000903,0.977574956,0.982630524,3,0.28,1.96,13C1 N2 P1 O7,de-protonated,1,1514,C24 H49 O7 N2 P1 13C1,24,49,7,2,1,-9999,1,-9999,-9999
1517,520.323774,520.323962342,520.323953652,11102184,-9999,576716,18.96,-1,0.016701776,0.999949386,0,0.599969632,3,0.375,1.958333333,N3 O9,de-protonated,0,-9999,C24 H47 O9 N3,24,47,9,3,-9999,-9999,-9999,-9999,-9999
1518,521.166258,521.166446739,521.166449949,7842008.5,-9999,590617.5,12.83,-1,-0.006160394,0.999993114,0,0.599995868,11,0.48,1.2,O12,de-protonated,0,-9999,C25 H30 O12,25,30,12,-9999,-9999,-9999,-9999,-9999,-9999
1518,521.166258,521.166446739,521.165936885,7842008.5,-9999,590617.5,12.83,-1,0.978294288,0.840584977,0,0.504350986,29,0.026315789,0.578947368,N2 O1,de-protonated,0,-9999,C38 H22 O1 N2,38,22,1,2,-9999,-9999,-9999,-9999,-9999
1518,521.166258,521.166446739,521.166939207,7842008.5,-9999,590617.5,12.83,-1,-0.944933195,0.85042819,0,0.510256914,15,0.142857143,1.107142857,N2 S1 P1 O4,de-protonated,0,-9999,C28 H31 O4 N2 P1 S1,28,31,4,2,1,1,-9999,-9999,-9999
1518,521.166258,521.166446739,521.166287758,7842008.5,-9999,590617.5,12.83,-1,0.30504801,0.983257167,0,0.5899543,6,0.3,1.75,N4 S2 P1 O6,de-protonated,0,-9999,C20 H35 O6 N4 P1 S2,20,35,6,4,1,2,-9999,-9999,-9999
1519,521.215636,521.215824762,521.215589677,12970215,-9999,609083.3,22.48,-1,0.451033061,0.963760696,0,0.578256418,18,0.088235294,1,S1 O3,de-protonated,0,-9999,C34 H34 O3 S1,34,34,3,-9999,-9999,1,-9999,-9999,-9999
1519,521.215636,521.215824762,521.215722618,12970215,-9999,609083.3,22.48,-1,0.195972087,0.993055677,0,0.595833406,5,0.47826087,1.695652174,P1 O11,de-protonated,0,-9999,C23 H39 O11 P1,23,39,11,-9999,1,-9999,-9999,-9999,-9999
1520,521.252057,521.252245779,521.251975186,17967346,-9999,564571.4,31.88,-1,0.519121788,0.957917172,0.97430171,0.964470987,17,0.057142857,1.085714286,S1 O2,de-protonated,0,-9999,C35 H38 O2 S1,35,38,2,-9999,-9999,1,-9999,-9999,-9999
1520,521.252057,521.252245779,521.252108128,17967346,-9999,564571.4,31.88,-1,0.264078601,0.987425943,0,0.592455566,4,0.416666667,1.791666667,P1 O10,de-protonated,0,-9999,C24 H43 O10 P1,24,43,10,-9999,1,-9999,-9999,-9999,-9999
1521,521.288381,521.288569796,521.288360695,11593979,-9999,559124.5,19.89,-1,0.40112349,0.971226956,0,0.582736174,16,0.027777778,1.166666667,S1 O1,de-protonated,0,-9999,C36 H42 O1 S1,36,42,1,-9999,-9999,1,-9999,-9999,-9999
1521,521.288381,521.288569796,521.288493637,11593979,-9999,559124.5,19.89,-1,0.146098134,0.996134529,0,0.597680717,3,0.36,1.88,P1 O9,de-protonated,0,-9999,C25 H47 O9 P1,25,47,9,-9999,1,-9999,-9999,-9999,-9999
1522,521.317467,521.31765581,521.317352149,11774212,-9999,523804.8,20.23,-1,0.582487168,0.940292802,0,0.564175681,16,0.057142857,1.2,N2 O2,de-protonated,0,-9999,C35 H42 O2 N2,35,42,2,2,-9999,-9999,-9999,-9999,-9999
1523,522.255377,522.255566252,522.255330021,7711247.5,-9999,607290.9,12.58,-1,0.452327568,0.96355622,0.97430171,0.967854416,17,0.057142857,1.085714286,13C1 S1 O2,de-protonated,1,1520,C34 H38 O2 S1 13C1,34,38,2,-9999,-9999,1,1,-9999,-9999
1523,522.255377,522.255566252,522.255599308,7711247.5,-9999,607290.9,12.58,-1,-0.063296337,0.999273303,0,0.599563982,4,0.52173913,1.782608696,N1 O12,de-protonated,0,-9999,C23 H41 O12 N1,23,41,12,1,-9999,-9999,-9999,-9999,-9999
1523,522.255377,522.255566252,522.255086244,7711247.5,-9999,607290.9,12.58,-1,0.919105234,0.857889838,0,0.514733903,22,0.027777778,0.916666667,N3 O1,de-protonated,0,-9999,C36 H33 O1 N3,36,33,1,3,-9999,-9999,-9999,-9999,-9999
1524,523.14552,523.145709671,523.145714505,9890573,-9999,544138.3,16.68,-1,-0.009240249,0.999984508,0,0.599990705,11,0.541666667,1.166666667,O13,de-protonated,0,-9999,C24 H28 O13,24,28,13,-9999,-9999,-9999,-9999,-9999,-9999
1524,523.14552,523.145709671,523.14520144,9890573,-9999,544138.3,16.68,-1,0.97148985,0.842610967,0,0.50556658,29,0.054054054,0.540540541,N2 O2,de-protonated,0,-9999,C37 H20 O2 N2,37,20,2,2,-9999,-9999,-9999,-9999,-9999
1524,523.14552,523.145709671,523.146203762,9890573,-9999,544138.3,16.68,-1,-0.944461306,0.85056578,0,0.510339468,15,0.185185185,1.074074074,N2 S1 P1 O5,de-protonated,0,-9999,C27 H29 O5 N2 P1 S1,27,29,5,2,1,1,-9999,-9999,-9999
1524,523.14552,523.145709671,523.145552313,9890573,-9999,544138.3,16.68,-1,0.300790731,0.983717436,0,0.590230462,6,0.368421053,1.736842105,N4 S2 P1 O7,de-protonated,0,-9999,C19 H33 O7 N4 P1 S2,19,33,7,4,1,2,-9999,-9999,-9999
1525,523.173875,523.174064684,523.173724864,9136918,-9999,603788.1,15.26,-1,0.6495361,0.926304113,0,0.555782468,23,0.055555556,0.777777778,S1 O2,de-protonated,0,-9999,C36 H28 O2 S1,36,28,2,-9999,-9999,1,-9999,-9999,-9999
1525,523.173875,523.174064684,523.173857805,9136918,-9999,603788.1,15.26,-1,0.395429717,0.972026548,0,0.583215929,10,0.4,1.32,P1 O10,de-protonated,0,-9999,C25 H33 O10 P1,25,33,10,-9999,1,-9999,-9999,-9999,-9999
1526,523.19493,523.195119694,523.194854232,7760667.5,-9999,584879.4,12.67,-1,0.507386626,0.954361866,0,0.572617119,18,0.121212121,0.96969697,S1 O4,de-protonated,0,-9999,C33 H32 O4 S1,33,32,4,-9999,-9999,1,-9999,-9999,-9999
1526,523.19493,523.195119694,523.194987173,7760667.5,-9999,584879.4,12.67,-1,0.253290542,0.988426455,0,0.593055873,5,0.545454545,1.681818182,P1 O12,de-protonated,0,-9999,C22 H37 O12 P1,22,37,12,-9999,1,-9999,-9999,-9999,-9999
1527,523.231305,523.231494711,523.231239741,13740838,-9999,557712.4,23.93,-1,0.487298589,0.957828257,0,0.574696954,17,0.088235294,1.058823529,S1 O3,de-protonated,0,-9999,C34 H36 O3 S1,34,36,3,-9999,-9999,1,-9999,-9999,-9999
1527,523.231305,523.231494711,523.231372683,13740838,-9999,557712.4,23.93,-1,0.23322018,0.990179248,0,0.594107549,4,0.47826087,1.782608696,P1 O11,de-protonated,0,-9999,C23 H41 O11 P1,23,41,11,-9999,1,-9999,-9999,-9999,-9999
1528,523.267677,523.267866728,523.26762525,15100720,-9999,541570.1,26.49,-1,0.461480139,0.962095055,0,0.577257033,16,0.057142857,1.142857143,S1 O2,de-protonated,0,-9999,C35 H40 O2 S1,35,40,2,-9999,-9999,1,-9999,-9999,-9999
1528,523.267677,523.267866728,523.267758192,15100720,-9999,541570.1,26.49,-1,0.207419404,0.992223959,0,0.595334375,3,0.416666667,1.875,P1 O10,de-protonated,0,-9999,C24 H45 O10 P1,24,45,10,-9999,1,-9999,-9999,-9999,-9999
1529,524.190192,524.190382162,524.190103204,8031288,-9999,515782.1,13.18,-1,0.532170243,0.949910788,0,0.569946473,18,0.125,0.96875,N1 S1 O4,de-protonated,0,-9999,C32 H31 O4 N1 S1,32,31,4,1,-9999,1,-9999,-9999,-9999
1529,524.190192,524.190382162,524.190236146,8031288,-9999,515782.1,13.18,-1,0.27855659,0.986019361,0,0.591611617,5,0.571428571,1.714285714,N1 P1 O12,de-protonated,0,-9999,C21 H36 O12 N1 P1,21,36,12,1,1,-9999,-9999,-9999,-9999
1530,524.226621,524.226811179,524.226488713,11496514,-9999,617711.5,19.7,-1,0.615127583,0.933646953,0,0.560188172,17,0.090909091,1.060606061,N1 S1 O3,de-protonated,0,-9999,C33 H35 O3 N1 S1,33,35,3,1,-9999,1,-9999,-9999,-9999
1530,524.226621,524.226811179,524.226621655,11496514,-9999,617711.5,19.7,-1,0.361531512,0.976562764,0,0.585937658,4,0.5,1.818181818,N1 P1 O11,de-protonated,0,-9999,C22 H40 O11 N1 P1,22,40,11,1,1,-9999,-9999,-9999,-9999
1531,525.112739,525.112929597,525.113232606,9284928,-9999,488777.2,15.54,-1,-0.577036557,0.941371726,0,0.564823035,29,0.108108108,0.486486486,O4,de-protonated,0,-9999,C37 H18 O4,37,18,4,-9999,-9999,-9999,-9999,-9999,-9999
1531,525.112739,525.112929597,525.112581157,9284928,-9999,488777.2,15.54,-1,0.663551323,0.923216121,0,0.553929672,20,0.206896552,0.75862069,N2 S1 O6,de-protonated,0,-9999,C29 H22 O6 N2 S1,29,22,6,2,-9999,1,-9999,-9999,-9999
1531,525.112739,525.112929597,525.112714099,9284928,-9999,488777.2,15.54,-1,0.410383166,0.969903632,0,0.581942179,7,0.777777778,1.5,N2 P1 O14,de-protonated,0,-9999,C18 H27 O14 N2 P1,18,27,14,2,1,-9999,-9999,-9999,-9999
1532,525.18947,525.189660633,525.189374928,28945750,-9999,549745.9,52.54,-1,0.544002948,0.953897102,0.985592391,0.966575217,22,0.055555556,0.833333333,S1 O2,de-protonated,0,-9999,C36 H30 O2 S1,36,30,2,-9999,-9999,1,-9999,-9999,-9999
1532,525.18947,525.189660633,525.18950787000006,28945750,-9999,549745.9,52.54,-1,0.290871839,0.987962843,0.947002386,0.97157866,9,0.4,1.4,P1 O10,de-protonated,0,-9999,C25 H35 O10 P1,25,35,10,-9999,1,-9999,-9999,-9999,-9999
1533,525.246933,525.24712366000006,525.246889806,9170278,-9999,587278.9,15.33,-1,0.445227211,0.964671088,0,0.578802653,16,0.088235294,1.117647059,S1 O3,de-protonated,0,-9999,C34 H38 O3 S1,34,38,3,-9999,-9999,1,-9999,-9999,-9999
1533,525.246933,525.24712366000006,525.247022747,9170278,-9999,587278.9,15.33,-1,0.192123845,0.993324822,0,0.595994893,3,0.47826087,1.869565217,P1 O11,de-protonated,0,-9999,C23 H43 O11 P1,23,43,11,-9999,1,-9999,-9999,-9999,-9999
1534,525.270331,525.270521671,525.270521097,10136941,-9999,562731,17.14,-1,0.001092222,0.999999784,0,0.59999987,7,0.37037037,1.555555556,O10,de-protonated,0,-9999,C27 H42 O10,27,42,10,-9999,-9999,-9999,-9999,-9999,-9999
1534,525.270331,525.270521671,525.271010354,10136941,-9999,562731,17.14,-1,-0.930345723,0.854659897,0,0.512795938,11,0.066666667,1.433333333,N2 S1 P1 O2,de-protonated,0,-9999,C30 H43 O2 N2 P1 S1,30,43,2,2,1,1,-9999,-9999,-9999
1534,525.270331,525.270521671,525.270358906,10136941,-9999,562731,17.14,-1,0.309869078,0.982728401,0,0.58963704,2,0.181818182,2.136363636,N4 S2 P1 O4,de-protonated,0,-9999,C22 H47 O4 N4 P1 S2,22,47,4,4,1,2,-9999,-9999,-9999
1535,525.306699,525.306889688,525.306906606,8187255,-9999,585545.9,13.48,-1,-0.032206922,0.999811804,0,0.599887082,6,0.321428571,1.642857143,O9,de-protonated,0,-9999,C28 H46 O9,28,46,9,-9999,-9999,-9999,-9999,-9999,-9999
1535,525.306699,525.306889688,525.307395864,8187255,-9999,585545.9,13.48,-1,-0.96358032,0.844954286,0,0.506972572,10,0.032258065,1.516129032,N2 S1 P1 O1,de-protonated,0,-9999,C31 H47 O1 N2 P1 S1,31,47,1,2,1,1,-9999,-9999,-9999
1535,525.306699,525.306889688,525.306744415,8187255,-9999,585545.9,13.48,-1,0.276548537,0.986218811,0,0.591731287,1,0.130434783,2.217391304,N4 S2 P1 O3,de-protonated,0,-9999,C23 H51 O3 N4 P1 S2,23,51,3,4,1,2,-9999,-9999,-9999
1536,526.148327,526.148518084,526.148238391,58109544,-9999,544520.4,107.43,-1,0.531586088,0.955431194,0.960354657,0.957400579,23,0.088235294,0.735294118,N1 S1 O3,de-protonated,0,-9999,C34 H25 O3 N1 S1,34,25,3,1,-9999,1,-9999,-9999,-9999
1536,526.148327,526.148518084,526.148371333,58109544,-9999,544520.4,107.43,-1,0.278916294,0.988738071,0.969987988,0.981238038,10,0.47826087,1.304347826,N1 P1 O11,de-protonated,0,-9999,C23 H30 O11 N1 P1,23,30,11,1,1,-9999,-9999,-9999,-9999
1537,526.192788,526.192979105,526.192729763,10481269,-9999,514707.5,17.79,-1,0.473860201,0.960075721,0.985592391,0.970282389,22,0.055555556,0.833333333,13C1 S1 O2,de-protonated,1,1532,C35 H30 O2 S1 13C1,35,30,2,-9999,-9999,1,1,-9999,-9999
1537,526.192788,526.192979105,526.192862705,10481269,-9999,514707.5,17.79,-1,0.221211786,0.991160174,0.947002386,0.973497059,9,0.4,1.4,13C1 P1 O10,de-protonated,1,1532,C24 H35 O10 P1 13C1,24,35,10,-9999,1,-9999,1,-9999,-9999
1537,526.192788,526.192979105,526.192999051,10481269,-9999,514707.5,17.79,-1,-0.037905402,0.999739325,0,0.599843595,9,0.5,1.375,N1 O12,de-protonated,0,-9999,C24 H33 O12 N1,24,33,12,1,-9999,-9999,-9999,-9999,-9999
1537,526.192788,526.192979105,526.192485986,10481269,-9999,514707.5,17.79,-1,0.937145068,0.852693042,0,0.511615825,27,0.027027027,0.675675676,N3 O1,de-protonated,0,-9999,C37 H25 O1 N3,37,25,1,3,-9999,-9999,-9999,-9999,-9999
1537,526.192788,526.192979105,526.193488308,10481269,-9999,514707.5,17.79,-1,-0.967710393,0.843732267,0,0.50623936,13,0.148148148,1.259259259,N3 S1 P1 O4,de-protonated,0,-9999,C27 H34 O4 N3 P1 S1,27,34,4,3,1,1,-9999,-9999,-9999
1538,527.110668,527.110859537,527.111124606,7778172,-9999,546001.5,12.7,-1,-0.502870739,0.95515222,0,0.573091332,28,0.054054054,0.540540541,S1 O2,de-protonated,0,-9999,C37 H20 O2 S1,37,20,2,-9999,-9999,1,-9999,-9999,-9999
1538,527.110668,527.110859537,527.111257548,7778172,-9999,546001.5,12.7,-1,-0.755078714,0.901719435,0,0.541031661,15,0.384615385,0.961538462,P1 O10,de-protonated,0,-9999,C26 H25 O10 P1,26,25,10,-9999,1,-9999,-9999,-9999,-9999
1538,527.110668,527.110859537,527.110986221,7778172,-9999,546001.5,12.7,-1,-0.240337109,0.989573907,0,0.593744344,1,0.9375,2,S2 O15,de-protonated,0,-9999,C16 H32 O15 S2,16,32,15,-9999,-9999,2,-9999,-9999,-9999
1538,527.110668,527.110859537,527.110473157,7778172,-9999,546001.5,12.7,-1,0.733015068,0.907107429,0,0.544264457,19,0.137931034,0.827586207,N2 S2 O4,de-protonated,0,-9999,C29 H24 O4 N2 S2,29,24,4,2,-9999,2,-9999,-9999,-9999
1538,527.110668,527.110859537,527.110606099,7778172,-9999,546001.5,12.7,-1,0.480806469,0.958921202,0,0.575352721,6,0.666666667,1.611111111,N2 S1 P1 O12,de-protonated,0,-9999,C18 H29 O12 N2 P1 S1,18,29,12,2,1,1,-9999,-9999,-9999
1539,527.151649,527.151840556,527.151593226,17280904,-9999,575586.4,30.59,-1,0.469182515,0.96084449,0.960354657,0.960648557,23,0.088235294,0.735294118,13C1 N1 S1 O3,de-protonated,1,1536,C33 H25 O3 N1 S1 13C1,33,25,3,1,-9999,1,1,-9999,-9999
1539,527.151649,527.151840556,527.151726168,17280904,-9999,575586.4,30.59,-1,0.216993656,0.991492656,0.969987988,0.982890789,10,0.47826087,1.304347826,13C1 N1 P1 O11,de-protonated,1,1536,C22 H30 O11 N1 P1 13C1,22,30,11,1,1,-9999,1,-9999,-9999
1539,527.151649,527.151840556,527.151862513,17280904,-9999,575586.4,30.59,-1,-0.041652209,0.999685253,0,0.599811152,10,0.590909091,1.272727273,N2 O13,de-protonated,0,-9999,C22 H28 O13 N2,22,28,13,2,-9999,-9999,-9999,-9999,-9999
1539,527.151649,527.151840556,527.151349449,17280904,-9999,575586.4,30.59,-1,0.931624686,0.427145339,0.725399619,0.546447051,28,0.057142857,0.571428571,N4 O2,de-protonated,0,-9999,C35 H20 O2 N4,35,20,2,4,-9999,-9999,-9999,-9999,-9999
1539,527.151649,527.151840556,527.152351771,17280904,-9999,575586.4,30.59,-1,-0.969765928,0.843122782,0,0.505873669,14,0.2,1.16,N4 S1 P1 O5,de-protonated,0,-9999,C25 H29 O5 N4 P1 S1,25,29,5,4,1,1,-9999,-9999,-9999
1540,527.186526,527.186717573,527.186397548,9056146,-9999,593129,15.11,-1,0.607042973,0.935322347,0,0.561193408,22,0.142857143,0.8,O5,de-protonated,0,-9999,C35 H28 O5,35,28,5,-9999,-9999,-9999,-9999,-9999,-9999
1541,527.249538,527.249729602,527.249785652,11792292,-9999,590248.9,20.26,-1,-0.106305818,0.997951563,0,0.598770938,7,0.423076923,1.538461538,O11,de-protonated,0,-9999,C26 H40 O11,26,40,11,-9999,-9999,-9999,-9999,-9999,-9999
1541,527.249538,527.249729602,527.249623461,11792292,-9999,590248.9,20.26,-1,0.201311875,0.992673496,0,0.595604097,2,0.238095238,2.142857143,N4 S2 P1 O5,de-protonated,0,-9999,C21 H45 O5 N4 P1 S2,21,45,5,4,1,2,-9999,-9999,-9999
1542,527.28594,527.28613162,527.286171161,15445934,-9999,571662.9,27.14,-1,-0.074991412,0.998980105,0,0.599388063,6,0.37037037,1.62962963,O10,de-protonated,0,-9999,C27 H44 O10,27,44,10,-9999,-9999,-9999,-9999,-9999,-9999
1542,527.28594,527.28613162,527.28600897,15445934,-9999,571662.9,27.14,-1,0.232605064,0.99023073,0,0.594138438,1,0.181818182,2.227272727,N4 S2 P1 O4,de-protonated,0,-9999,C22 H49 O4 N4 P1 S2,22,49,4,4,1,2,-9999,-9999,-9999
1543,527.322383,527.322574637,527.322556671,8613817,-9999,552096.9,14.28,-1,0.034069983,0.999789403,0,0.599873642,5,0.321428571,1.714285714,O9,de-protonated,0,-9999,C28 H48 O9,28,48,9,-9999,-9999,-9999,-9999,-9999,-9999
1543,527.322383,527.322574637,527.323045928,8613817,-9999,552096.9,14.28,-1,-0.893743376,0.865076724,0,0.519046034,9,0.032258065,1.580645161,N2 S1 P1 O1,de-protonated,0,-9999,C31 H49 O1 N2 P1 S1,31,49,1,2,1,1,-9999,-9999,-9999
1543,527.322383,527.322574637,527.32239448,8613817,-9999,552096.9,14.28,-1,0.341645268,0.979043738,0,0.587426243,0,0.130434783,2.304347826,N4 S2 P1 O3,de-protonated,0,-9999,C23 H53 O3 N4 P1 S2,23,53,3,4,1,2,-9999,-9999,-9999
1544,528.145369,528.145561024,528.145261011,18755748,-9999,530161.2,33.36,-1,0.568050742,0.471565466,0.736963647,0.577724738,23,0.181818182,0.696969697,N1 O6,de-protonated,0,-9999,C33 H23 O6 N1,33,23,6,1,-9999,-9999,-9999,-9999,-9999
1544,528.145369,528.145561024,528.145611884,18755748,-9999,530161.2,33.36,-1,-0.096298467,0.99831877,0,0.598991262,0,0.733333333,2.4,N3 S2 P1 O11,de-protonated,0,-9999,C15 H36 O11 N3 P1 S2,15,36,11,3,1,2,-9999,-9999,-9999
1545,529.228854,529.229046534,529.229050207,8155612,-9999,501533.4,13.41,-1,-0.006940474,0.99999126,0,0.599994756,7,0.48,1.52,O12,de-protonated,0,-9999,C25 H38 O12,25,38,12,-9999,-9999,-9999,-9999,-9999,-9999
1545,529.228854,529.229046534,529.228537143,8155612,-9999,501533.4,13.41,-1,0.962516406,0.845268519,0,0.507161112,25,0.026315789,0.789473684,N2 O1,de-protonated,0,-9999,C38 H30 O1 N2,38,30,1,2,-9999,-9999,-9999,-9999,-9999
1545,529.228854,529.229046534,529.229539465,8155612,-9999,501533.4,13.41,-1,-0.931411446,0.854352262,0,0.512611357,11,0.142857143,1.392857143,N2 S1 P1 O4,de-protonated,0,-9999,C28 H39 O4 N2 P1 S1,28,39,4,2,1,1,-9999,-9999,-9999
1545,529.228854,529.229046534,529.228888016,8155612,-9999,501533.4,13.41,-1,0.299526789,0.983852881,0,0.590311729,2,0.3,2.15,N4 S2 P1 O6,de-protonated,0,-9999,C20 H43 O6 N4 P1 S2,20,43,6,4,1,2,-9999,-9999,-9999
1546,529.265227,529.265419551,529.265435717,12677606,-9999,567578.2,21.92,-1,-0.030542951,0.999830746,0,0.599898448,6,0.423076923,1.615384615,O11,de-protonated,0,-9999,C26 H42 O11,26,42,11,-9999,-9999,-9999,-9999,-9999,-9999
1546,529.265227,529.265419551,529.265924974,12677606,-9999,567578.2,21.92,-1,-0.954950347,0.847496533,0,0.50849792,10,0.103448276,1.482758621,N2 S1 P1 O3,de-protonated,0,-9999,C29 H43 O3 N2 P1 S1,29,43,3,2,1,1,-9999,-9999,-9999
1546,529.265227,529.265419551,529.265273525,12677606,-9999,567578.2,21.92,-1,0.275903236,0.986282608,0,0.591769565,1,0.238095238,2.238095238,N4 S2 P1 O5,de-protonated,0,-9999,C21 H47 O5 N4 P1 S2,21,47,5,4,1,2,-9999,-9999,-9999
1547,529.301584,529.301776568,529.301821226,13840881,-9999,589473.7,24.11,-1,-0.084370698,0.998709207,0,0.599225524,5,0.37037037,1.703703704,O10,de-protonated,0,-9999,C27 H46 O10,27,46,10,-9999,-9999,-9999,-9999,-9999,-9999
1547,529.301584,529.301776568,529.301659035,13840881,-9999,589473.7,24.11,-1,0.222054407,0.991093004,0,0.594655802,0,0.181818182,2.318181818,N4 S2 P1 O4,de-protonated,0,-9999,C22 H51 O4 N4 P1 S2,22,51,4,4,1,2,-9999,-9999,-9999
1548,531.236426,531.236619479,531.236325121,8139805.5,-9999,541246.1,13.34,-1,0.554099327,0.945813878,0,0.567488327,19,0.055555556,1,S1 O2,de-protonated,0,-9999,C36 H36 O2 S1,36,36,2,-9999,-9999,1,-9999,-9999,-9999
1548,531.236426,531.236619479,531.236458063,8139805.5,-9999,541246.1,13.34,-1,0.303849553,0.983387369,0,0.590032421,6,0.4,1.64,P1 O10,de-protonated,0,-9999,C25 H41 O10 P1,25,41,10,-9999,1,-9999,-9999,-9999,-9999
1549,531.244415,531.244608483,531.244700272,7435296,-9999,532533.5,12.02,-1,-0.172780583,0.994597833,0,0.5967587,6,0.48,1.6,O12,de-protonated,0,-9999,C25 H40 O12,25,40,12,-9999,-9999,-9999,-9999,-9999,-9999
1549,531.244415,531.244608483,531.244187207,7435296,-9999,532533.5,12.02,-1,0.792997817,0.892165883,0,0.53529953,24,0.026315789,0.842105263,N2 O1,de-protonated,0,-9999,C38 H32 O1 N2,38,32,1,2,-9999,-9999,-9999,-9999,-9999
1549,531.244415,531.244608483,531.24453808,7435296,-9999,532533.5,12.02,-1,0.13252383,0.996818368,0,0.598091021,1,0.3,2.25,N4 S2 P1 O6,de-protonated,0,-9999,C20 H45 O6 N4 P1 S2,20,45,6,4,1,2,-9999,-9999,-9999
1550,531.272796,531.272989496,531.272710631,9090088,-9999,575570.2,15.12,-1,0.524900781,0.951236185,0,0.570741711,18,0.027027027,1.081081081,S1 O1,de-protonated,0,-9999,C37 H40 O1 S1,37,40,1,-9999,-9999,1,-9999,-9999,-9999
1550,531.272796,531.272989496,531.272843573,9090088,-9999,575570.2,15.12,-1,0.274668153,0.986404308,0,0.591842585,5,0.346153846,1.730769231,P1 O9,de-protonated,0,-9999,C26 H45 O9 P1,26,45,9,-9999,1,-9999,-9999,-9999,-9999
1551,531.280826,531.2810195,531.281085781,9172010,-9999,570130.4,15.27,-1,-0.124756896,0.997179865,0,0.598307919,5,0.423076923,1.692307692,O11,de-protonated,0,-9999,C26 H44 O11,26,44,11,-9999,-9999,-9999,-9999,-9999,-9999
1551,531.280826,531.2810195,531.28092359,9172010,-9999,570130.4,15.27,-1,0.180526622,0.994104062,0,0.596462437,0,0.238095238,2.333333333,N4 S2 P1 O5,de-protonated,0,-9999,C21 H49 O5 N4 P1 S2,21,49,5,4,1,2,-9999,-9999,-9999
1552,531.317202,531.317395517,531.31747129,7500853,-9999,569098.3,12.14,-1,-0.142613805,0.996316371,0,0.597789823,4,0.37037037,1.777777778,O10,de-protonated,0,-9999,C27 H48 O10,27,48,10,-9999,-9999,-9999,-9999,-9999,-9999
1553,532.239713,532.239906951,532.239949244,8000831,-9999,535301.4,13.08,-1,-0.079461246,0.998854973,0,0.599312984,6,0.5,1.625,N1 O12,de-protonated,0,-9999,C24 H39 O12 N1,24,39,12,1,-9999,-9999,-9999,-9999,-9999
1553,532.239713,532.239906951,532.23943618,8000831,-9999,535301.4,13.08,-1,0.884511309,0.867657488,0,0.520594493,24,0.027027027,0.837837838,N3 O1,de-protonated,0,-9999,C37 H31 O1 N3,37,31,1,3,-9999,-9999,-9999,-9999,-9999
1553,532.239713,532.239906951,532.240438501,8000831,-9999,535301.4,13.08,-1,-0.998702393,0.834453638,0,0.500672183,10,0.148148148,1.481481481,N3 S1 P1 O4,de-protonated,0,-9999,C27 H40 O4 N3 P1 S1,27,40,4,3,1,1,-9999,-9999,-9999
1554,533.215651,533.215845411,533.215589677,10090072,-9999,556289.7,17,-1,0.479607633,0.959121557,0,0.575472934,19,0.085714286,0.971428571,S1 O3,de-protonated,0,-9999,C35 H34 O3 S1,35,34,3,-9999,-9999,1,-9999,-9999,-9999
1554,533.215651,533.215845411,533.215722618,10090072,-9999,556289.7,17,-1,0.230286789,0.990423561,0,0.594254137,6,0.458333333,1.625,P1 O11,de-protonated,0,-9999,C24 H39 O11 P1,24,39,11,-9999,1,-9999,-9999,-9999,-9999
1555,533.252029,533.252223428,533.251975186,15873635,-9999,528516.9,27.85,-1,0.465524841,0.961440731,0,0.576864439,18,0.055555556,1.055555556,S1 O2,de-protonated,0,-9999,C36 H38 O2 S1,36,38,2,-9999,-9999,1,-9999,-9999,-9999
1555,533.252029,533.252223428,533.252108128,15873635,-9999,528516.9,27.85,-1,0.216221013,0.991552876,0,0.594931726,5,0.4,1.72,P1 O10,de-protonated,0,-9999,C25 H43 O10 P1,25,43,10,-9999,1,-9999,-9999,-9999,-9999
1556,533.288475,533.288669445,533.288360695,10614382,-9999,575439.4,17.98,-1,0.578954783,0.940993037,0,0.564595822,17,0.027027027,1.135135135,S1 O1,de-protonated,0,-9999,C37 H42 O1 S1,37,42,1,-9999,-9999,1,-9999,-9999,-9999
1556,533.288475,533.288669445,533.288493637,10614382,-9999,575439.4,17.98,-1,0.329667937,0.980473152,0,0.588283891,4,0.346153846,1.807692308,P1 O9,de-protonated,0,-9999,C26 H47 O9 P1,26,47,9,-9999,1,-9999,-9999,-9999,-9999
1557,534.255367,534.2555619,534.255599308,9680773,-9999,598565,16.23,-1,-0.07001906,0.999110813,0,0.599466488,5,0.5,1.708333333,N1 O12,de-protonated,0,-9999,C24 H41 O12 N1,24,41,12,1,-9999,-9999,-9999,-9999,-9999
1557,534.255367,534.2555619,534.255086244,9680773,-9999,598565,16.23,-1,0.890316606,0.866036884,0,0.519622131,23,0.027027027,0.891891892,N3 O1,de-protonated,0,-9999,C37 H33 O1 N3,37,33,1,3,-9999,-9999,-9999,-9999,-9999
1557,534.255367,534.2555619,534.256088566,9680773,-9999,598565,16.23,-1,-0.985792087,0.838341872,0,0.503005123,9,0.148148148,1.555555556,N3 S1 P1 O4,de-protonated,0,-9999,C27 H42 O4 N3 P1 S1,27,42,4,3,1,1,-9999,-9999,-9999
1558,535.23132,535.23151536,535.231239741,14694560,-9999,552559.3,25.63,-1,0.514952469,0.953023378,0,0.571814027,18,0.085714286,1.028571429,S1 O3,de-protonated,0,-9999,C35 H36 O3 S1,35,36,3,-9999,-9999,1,-9999,-9999,-9999
1558,535.23132,535.23151536,535.231372683,14694560,-9999,552559.3,25.63,-1,0.266570545,0.98718905,0,0.59231343,5,0.458333333,1.708333333,P1 O11,de-protonated,0,-9999,C24 H41 O11 P1,24,41,11,-9999,1,-9999,-9999,-9999,-9999
1559,535.267688,535.267883377,535.26762525,14301354,-9999,526793.7,24.89,-1,0.482238055,0.958681348,0,0.575208809,17,0.055555556,1.111111111,S1 O2,de-protonated,0,-9999,C36 H40 O2 S1,36,40,2,-9999,-9999,1,-9999,-9999,-9999
1559,535.267688,535.267883377,535.267758192,14301354,-9999,526793.7,24.89,-1,0.233873022,0.990124462,0,0.594074677,4,0.4,1.8,P1 O10,de-protonated,0,-9999,C25 H45 O10 P1,25,45,10,-9999,1,-9999,-9999,-9999,-9999
1560,535.304051,535.304246394,535.30401076,8829109,-9999,545982.9,14.63,-1,0.440187596,0.965452451,0,0.579271471,16,0.027027027,1.189189189,S1 O1,de-protonated,0,-9999,C37 H44 O1 S1,37,44,1,-9999,-9999,1,-9999,-9999,-9999
1560,535.304051,535.304246394,535.304143701,8829109,-9999,545982.9,14.63,-1,0.191839456,0.993344504,0,0.596006702,3,0.346153846,1.884615385,P1 O9,de-protonated,0,-9999,C26 H49 O9 P1,26,49,9,-9999,1,-9999,-9999,-9999,-9999
1561,536.27096100000006,536.271156849,536.271249373,7682509,-9999,569238.1,12.48,-1,-0.172531584,0.994613351,0,0.59676801,4,0.5,1.791666667,N1 O12,de-protonated,0,-9999,C24 H43 O12 N1,24,43,12,1,-9999,-9999,-9999,-9999,-9999
1561,536.27096100000006,536.271156849,536.270736309,7682509,-9999,569238.1,12.48,-1,0.784194426,0.894416394,0,0.536649836,22,0.027027027,0.945945946,N3 O1,de-protonated,0,-9999,C37 H35 O1 N3,37,35,1,3,-9999,-9999,-9999,-9999,-9999
1562,537.246952,537.247148309,537.246889806,15006440,-9999,555065.5,26.22,-1,0.481162419,0.958861625,0,0.575316975,17,0.085714286,1.085714286,S1 O3,de-protonated,0,-9999,C35 H38 O3 S1,35,38,3,-9999,-9999,1,-9999,-9999,-9999
1562,537.246952,537.247148309,537.247022747,15006440,-9999,555065.5,26.22,-1,0.233712385,0.990137956,0,0.594082774,4,0.458333333,1.791666667,P1 O11,de-protonated,0,-9999,C24 H43 O11 P1,24,43,11,-9999,1,-9999,-9999,-9999,-9999
1563,537.283396,537.283592326,537.283275315,11533043,-9999,504490.8,19.7,-1,0.590025473,0.938785987,0,0.563271592,16,0.055555556,1.166666667,S1 O2,de-protonated,0,-9999,C36 H42 O2 S1,36,42,2,-9999,-9999,1,-9999,-9999,-9999
1563,537.283396,537.283592326,537.283408257,11533043,-9999,504490.8,19.7,-1,0.34259217,0.978928647,0,0.587357188,3,0.4,1.88,P1 O10,de-protonated,0,-9999,C25 H47 O10 P1,25,47,10,-9999,1,-9999,-9999,-9999,-9999
1564,538.205811,538.20600776,538.205753268,8109055.5,-9999,566739,13.28,-1,0.472851746,0.960242052,0,0.576145231,18,0.121212121,1,N1 S1 O4,de-protonated,0,-9999,C33 H33 O4 N1 S1,33,33,4,1,-9999,1,-9999,-9999,-9999
1564,538.205811,538.20600776,538.20588621,8109055.5,-9999,566739,13.28,-1,0.225842569,0.990787928,0,0.594472757,5,0.545454545,1.727272727,N1 P1 O12,de-protonated,0,-9999,C22 H38 O12 N1 P1,22,38,12,1,1,-9999,-9999,-9999,-9999
1565,539.121854,539.122051191,539.122357995,10337546,-9999,557655.9,17.46,-1,-0.569080439,0.942930576,0,0.565758346,29,0.027027027,0.540540541,N2 S1 O1,de-protonated,0,-9999,C37 H20 O1 N2 S1,37,20,1,2,-9999,1,-9999,-9999,-9999
1565,539.121854,539.122051191,539.122490937,10337546,-9999,557655.9,17.46,-1,-0.8156694,0.886281359,0,0.531768816,16,0.346153846,0.961538462,N2 P1 O9,de-protonated,0,-9999,C26 H25 O9 N2 P1,26,25,9,2,1,-9999,-9999,-9999,-9999
1565,539.121854,539.122051191,539.122219611,10337546,-9999,557655.9,17.46,-1,-0.312395877,0.98244807,0,0.589468842,2,0.875,2,N2 S2 O14,de-protonated,0,-9999,C16 H32 O14 N2 S2,16,32,14,2,-9999,2,-9999,-9999,-9999
1565,539.121854,539.122051191,539.121706546,10337546,-9999,557655.9,17.46,-1,0.639270665,0.928530466,0,0.557118279,20,0.103448276,0.827586207,N4 S2 O3,de-protonated,0,-9999,C29 H24 O3 N4 S2,29,24,3,4,-9999,2,-9999,-9999,-9999
1565,539.121854,539.122051191,539.121839488,10337546,-9999,557655.9,17.46,-1,0.392681109,0.972408683,0,0.58344521,7,0.611111111,1.611111111,N4 S1 P1 O11,de-protonated,0,-9999,C18 H29 O11 N4 P1 S1,18,29,11,4,1,1,-9999,-9999,-9999
1566,539.226157,539.22635424,539.226154361,7462184.5,-9999,516505.1,12.06,-1,0.370678571,0.975376702,0,0.585226021,17,0.117647059,1.058823529,S1 O4,de-protonated,0,-9999,C34 H36 O4 S1,34,36,4,-9999,-9999,1,-9999,-9999,-9999
1566,539.226157,539.22635424,539.226287302,7462184.5,-9999,516505.1,12.06,-1,0.124136846,0.997207789,0,0.598324673,4,0.52173913,1.782608696,P1 O12,de-protonated,0,-9999,C23 H41 O12 P1,23,41,12,-9999,1,-9999,-9999,-9999,-9999
1567,539.262644,539.262841257,539.26253987,8027443,-9999,589855.4,13.12,-1,0.558888081,0.944899633,0,0.56693978,16,0.085714286,1.142857143,S1 O3,de-protonated,0,-9999,C35 H40 O3 S1,35,40,3,-9999,-9999,1,-9999,-9999,-9999
1567,539.262644,539.262841257,539.262672812,8027443,-9999,589855.4,13.12,-1,0.312362944,0.982451737,0,0.589471042,3,0.458333333,1.875,P1 O11,de-protonated,0,-9999,C24 H45 O11 P1,24,45,11,-9999,1,-9999,-9999,-9999,-9999
1568,539.285922,539.286119268,539.286171161,8830266,-9999,592940.8,14.63,-1,-0.09622562,0.99832131,0,0.598992786,7,0.357142857,1.571428571,O10,de-protonated,0,-9999,C28 H44 O10,28,44,10,-9999,-9999,-9999,-9999,-9999,-9999
1568,539.285922,539.286119268,539.28600897,8830266,-9999,592940.8,14.63,-1,0.204526322,0.99243855,0,0.59546313,2,0.173913043,2.130434783,N4 S2 P1 O4,de-protonated,0,-9999,C23 H49 O4 N4 P1 S2,23,49,4,4,1,2,-9999,-9999,-9999
1569,540.127599,540.127796665,540.127502946,9256496,-9999,538428.3,15.43,-1,0.54379471,0.947757436,0,0.568654462,24,0.117647059,0.676470588,N1 S1 O4,de-protonated,0,-9999,C34 H23 O4 N1 S1,34,23,4,1,-9999,1,-9999,-9999,-9999
1569,540.127599,540.127796665,540.127635888,9256496,-9999,538428.3,15.43,-1,0.297664364,0.984051454,0,0.590430872,11,0.52173913,1.217391304,N1 P1 O12,de-protonated,0,-9999,C23 H28 O12 N1 P1,23,28,12,1,1,-9999,-9999,-9999,-9999
1570,541.184363,541.184561162,541.184289548,37601124,-9999,526383.2,68.6,-1,0.50188878,0.960446493,0.955010445,0.958272074,22,0.083333333,0.833333333,S1 O3,de-protonated,0,-9999,C36 H30 O3 S1,36,30,3,-9999,-9999,1,-9999,-9999,-9999
1570,541.184363,541.184561162,541.184422489,37601124,-9999,526383.2,68.6,-1,0.256239069,0.990667563,0.977584331,0.98543427,9,0.44,1.4,P1 O11,de-protonated,0,-9999,C25 H35 O11 P1,25,35,11,-9999,1,-9999,-9999,-9999,-9999
1571,541.265159,541.2653572,541.265435717,11485052,-9999,536903.2,19.61,-1,-0.145061108,0.996189105,0,0.597713463,7,0.407407407,1.555555556,O11,de-protonated,0,-9999,C27 H42 O11,27,42,11,-9999,-9999,-9999,-9999,-9999,-9999
1571,541.265159,541.2653572,541.265273525,11485052,-9999,536903.2,19.61,-1,0.154591049,0.995673056,0,0.597403834,2,0.227272727,2.136363636,N4 S2 P1 O5,de-protonated,0,-9999,C22 H47 O5 N4 P1 S2,22,47,5,4,1,2,-9999,-9999,-9999
1572,541.301571,541.301769217,541.301821226,12648327,-9999,542123.3,21.79,-1,-0.096080914,0.998326351,0,0.598995811,6,0.357142857,1.642857143,O10,de-protonated,0,-9999,C28 H46 O10,28,46,10,-9999,-9999,-9999,-9999,-9999,-9999
1572,541.301571,541.301769217,541.302310483,12648327,-9999,542123.3,21.79,-1,-0.999933148,0.834081277,0,0.500448766,10,0.064516129,1.516129032,N2 S1 P1 O2,de-protonated,0,-9999,C31 H47 O2 N2 P1 S1,31,47,2,2,1,1,-9999,-9999,-9999
1572,541.301571,541.301769217,541.301659035,12648327,-9999,542123.3,21.79,-1,0.203551115,0.992510216,0,0.595506129,1,0.173913043,2.217391304,N4 S2 P1 O4,de-protonated,0,-9999,C23 H51 O4 N4 P1 S2,23,51,4,4,1,2,-9999,-9999,-9999
1573,541.337979,541.338177234,541.338206735,8486801,-9999,585900.7,13.98,-1,-0.054496403,0.999461268,0,0.599676761,5,0.310344828,1.724137931,O9,de-protonated,0,-9999,C29 H50 O9,29,50,9,-9999,-9999,-9999,-9999,-9999,-9999
1573,541.337979,541.338177234,541.338695993,8486801,-9999,585900.7,13.98,-1,-0.958287924,0.846515146,0,0.507909087,9,0.03125,1.59375,N2 S1 P1 O1,de-protonated,0,-9999,C32 H51 O1 N2 P1 S1,32,51,1,2,1,1,-9999,-9999,-9999
1573,541.337979,541.338177234,541.338044544,8486801,-9999,585900.7,13.98,-1,0.245115499,0.98915748,0,0.593494488,0,0.125,2.291666667,N4 S2 P1 O3,de-protonated,0,-9999,C24 H55 O3 N4 P1 S2,24,55,3,4,1,2,-9999,-9999,-9999
1574,542.143221,542.143419613,542.143153011,21381244,-9999,547518,38.17,-1,0.491757274,0.478534941,0.73113591,0.579575329,23,0.117647059,0.735294118,N1 S1 O4,de-protonated,0,-9999,C34 H25 O4 N1 S1,34,25,4,1,-9999,1,-9999,-9999,-9999
1574,542.143221,542.143419613,542.143285952,21381244,-9999,547518,38.17,-1,0.246542035,0.989031605,0,0.593418963,10,0.52173913,1.304347826,N1 P1 O12,de-protonated,0,-9999,C23 H30 O12 N1 P1,23,30,12,1,1,-9999,-9999,-9999,-9999
1575,542.187684,542.187882634,542.187644383,11567242,-9999,578695.8,19.76,-1,0.439426371,0.965569756,0.955010445,0.961346032,22,0.083333333,0.833333333,13C1 S1 O3,de-protonated,1,1570,C35 H30 O3 S1 13C1,35,30,3,-9999,-9999,1,1,-9999,-9999
1575,542.187684,542.187882634,542.187777324,11567242,-9999,578695.8,19.76,-1,0.194231267,0.993178081,0.977584331,0.986940581,9,0.44,1.4,13C1 P1 O11,de-protonated,1,1570,C24 H35 O11 P1 13C1,24,35,11,-9999,1,-9999,1,-9999,-9999
1575,542.187684,542.187882634,542.18791367,11567242,-9999,578695.8,19.76,-1,-0.057241779,0.999405638,0,0.599643383,9,0.541666667,1.375,N1 O13,de-protonated,0,-9999,C24 H33 O13 N1,24,33,13,1,-9999,-9999,-9999,-9999,-9999
1575,542.187684,542.187882634,542.187400606,11567242,-9999,578695.8,19.76,-1,0.889043988,0.866392795,0,0.519835677,27,0.054054054,0.675675676,N3 O2,de-protonated,0,-9999,C37 H25 O2 N3,37,25,2,3,-9999,-9999,-9999,-9999,-9999
1575,542.187684,542.187882634,542.188402927,11567242,-9999,578695.8,19.76,-1,-0.959616893,0.846123737,0,0.507674242,13,0.185185185,1.259259259,N3 S1 P1 O5,de-protonated,0,-9999,C27 H34 O5 N3 P1 S1,27,34,5,3,1,1,-9999,-9999,-9999
1576,543.181357,543.181556102,543.181312168,13074861,-9999,543294.9,22.59,-1,0.449084898,0.964067399,0,0.578440439,22,0.171428571,0.8,O6,de-protonated,0,-9999,C35 H28 O6,35,28,6,-9999,-9999,-9999,-9999,-9999,-9999
1577,543.244469,543.244668132,543.244700272,12861888,-9999,526110.1,22.19,-1,-0.059162928,0.999365085,0,0.599619051,7,0.461538462,1.538461538,O12,de-protonated,0,-9999,C26 H40 O12,26,40,12,-9999,-9999,-9999,-9999,-9999,-9999
1577,543.244469,543.244668132,543.244187207,12861888,-9999,526110.1,22.19,-1,0.885282004,0.867442778,0,0.520465667,25,0.025641026,0.820512821,N2 O1,de-protonated,0,-9999,C39 H32 O1 N2,39,32,1,2,-9999,-9999,-9999,-9999,-9999
1577,543.244469,543.244668132,543.245189529,12861888,-9999,526110.1,22.19,-1,-0.959782631,0.846074899,0,0.507644939,11,0.137931034,1.413793103,N2 S1 P1 O4,de-protonated,0,-9999,C29 H41 O4 N2 P1 S1,29,41,4,2,1,1,-9999,-9999,-9999
1577,543.244469,543.244668132,543.24453808,12861888,-9999,526110.1,22.19,-1,0.239397497,0.989654848,0,0.593792909,2,0.285714286,2.142857143,N4 S2 P1 O6,de-protonated,0,-9999,C21 H45 O6 N4 P1 S2,21,45,6,4,1,2,-9999,-9999,-9999
1578,543.280818,543.281017149,543.281085781,14434762,-9999,534145.5,25.14,-1,-0.126329056,0.997108444,0,0.598265066,6,0.407407407,1.62962963,O11,de-protonated,0,-9999,C27 H44 O11,27,44,11,-9999,-9999,-9999,-9999,-9999,-9999
1578,543.280818,543.281017149,543.28092359,14434762,-9999,534145.5,25.14,-1,0.172211354,0.994633274,0,0.596779965,1,0.227272727,2.227272727,N4 S2 P1 O5,de-protonated,0,-9999,C22 H49 O5 N4 P1 S2,22,49,5,4,1,2,-9999,-9999,-9999
1579,543.317258,543.317457166,543.31747129,12861909,-9999,519737.7,22.19,-1,-0.025996556,0.999877381,0,0.599926428,5,0.357142857,1.714285714,O10,de-protonated,0,-9999,C28 H48 O10,28,48,10,-9999,-9999,-9999,-9999,-9999,-9999
1579,543.317258,543.317457166,543.317960548,12861909,-9999,519737.7,22.19,-1,-0.926495661,0.855769254,0,0.513461553,9,0.064516129,1.580645161,N2 S1 P1 O2,de-protonated,0,-9999,C31 H49 O2 N2 P1 S1,31,49,2,2,1,1,-9999,-9999,-9999
1579,543.317258,543.317457166,543.317309099,12861909,-9999,519737.7,22.19,-1,0.272523891,0.986614334,0,0.5919686,0,0.173913043,2.304347826,N4 S2 P1 O4,de-protonated,0,-9999,C23 H53 O4 N4 P1 S2,23,53,4,4,1,2,-9999,-9999,-9999
1580,545.252063,545.252263077,545.251975186,8176653,-9999,528350,13.4,-1,0.527995985,0.950673858,0,0.570404315,19,0.054054054,1.027027027,S1 O2,de-protonated,0,-9999,C37 H38 O2 S1,37,38,2,-9999,-9999,1,-9999,-9999,-9999
1580,545.252063,545.252263077,545.252108128,8176653,-9999,528350,13.4,-1,0.284178862,0.985453473,0,0.591272084,6,0.384615385,1.653846154,P1 O10,de-protonated,0,-9999,C26 H43 O10 P1,26,43,10,-9999,1,-9999,-9999,-9999,-9999
1581,545.260047,545.260247081,545.260350336,11666448,-9999,549831.2,19.95,-1,-0.189369368,0.993514237,0,0.596108542,6,0.461538462,1.615384615,O12,de-protonated,0,-9999,C26 H42 O12,26,42,12,-9999,-9999,-9999,-9999,-9999,-9999
1581,545.260047,545.260247081,545.259837272,11666448,-9999,549831.2,19.95,-1,0.751584133,0.902581309,0,0.541548785,24,0.025641026,0.871794872,N2 O1,de-protonated,0,-9999,C39 H34 O1 N2,39,34,1,2,-9999,-9999,-9999,-9999,-9999
1581,545.260047,545.260247081,545.260188145,11666448,-9999,549831.2,19.95,-1,0.108087337,0.997882403,0,0.598729442,1,0.285714286,2.238095238,N4 S2 P1 O6,de-protonated,0,-9999,C21 H47 O6 N4 P1 S2,21,47,6,4,1,2,-9999,-9999,-9999
1582,545.296494,545.296694098,545.296735846,10765338,-9999,551614.5,18.26,-1,-0.076559786,0.998937022,0,0.599362213,5,0.407407407,1.703703704,O11,de-protonated,0,-9999,C27 H46 O11,27,46,11,-9999,-9999,-9999,-9999,-9999,-9999
1582,545.296494,545.296694098,545.297225103,10765338,-9999,551614.5,18.26,-1,-0.973790305,0.841927054,0,0.505156232,9,0.1,1.566666667,N2 S1 P1 O3,de-protonated,0,-9999,C30 H47 O3 N2 P1 S1,30,47,3,2,1,1,-9999,-9999,-9999
1582,545.296494,545.296694098,545.296573654,10765338,-9999,551614.5,18.26,-1,0.220877105,0.991186784,0,0.594712071,0,0.227272727,2.318181818,N4 S2 P1 O5,de-protonated,0,-9999,C22 H51 O5 N4 P1 S2,22,51,5,4,1,2,-9999,-9999,-9999
1583,546.255366,546.255566549,546.255599308,8586548,-9999,563655.9,14.17,-1,-0.059970604,0.999347638,0,0.599608583,6,0.48,1.64,N1 O12,de-protonated,0,-9999,C25 H41 O12 N1,25,41,12,1,-9999,-9999,-9999,-9999,-9999
1583,546.255366,546.255566549,546.255086244,8586548,-9999,563655.9,14.17,-1,0.879268649,0.869114499,0,0.521468699,24,0.026315789,0.868421053,N3 O1,de-protonated,0,-9999,C38 H33 O1 N3,38,33,1,3,-9999,-9999,-9999,-9999,-9999
1583,546.255366,546.255566549,546.256088566,8586548,-9999,563655.9,14.17,-1,-0.955626197,0.84729799,0,0.508378794,10,0.142857143,1.5,N3 S1 P1 O4,de-protonated,0,-9999,C28 H42 O4 N3 P1 S1,28,42,4,3,1,1,-9999,-9999,-9999
1584,547.231316,547.231517009,547.231239741,11634260,-9999,545833.5,19.89,-1,0.506673273,0.95448714,0,0.572692284,19,0.083333333,1,S1 O3,de-protonated,0,-9999,C36 H36 O3 S1,36,36,3,-9999,-9999,1,-9999,-9999,-9999
1584,547.231316,547.231517009,547.231372683,11634260,-9999,545833.5,19.89,-1,0.26373801,0.987458153,0,0.592474892,6,0.44,1.64,P1 O11,de-protonated,0,-9999,C25 H41 O11 P1,25,41,11,-9999,1,-9999,-9999,-9999,-9999
1585,547.267676,547.267877026,547.26762525,19187294,-9999,529942.4,34.05,-1,0.460058658,0.967728273,0.93310339899999994,0.953878323,18,0.054054054,1.081081081,S1 O2,de-protonated,0,-9999,C37 H40 O2 S1,37,40,2,-9999,-9999,1,-9999,-9999,-9999
1585,547.267676,547.267877026,547.267758192,19187294,-9999,529942.4,34.05,-1,0.217139558,0.991481261,0,0.594888757,5,0.384615385,1.730769231,P1 O10,de-protonated,0,-9999,C26 H45 O10 P1,26,45,10,-9999,1,-9999,-9999,-9999,-9999
1586,547.304098,547.304299043,547.30401076,9455209,-9999,564163.5,15.8,-1,0.526732855,0.950903699,0,0.570542219,17,0.026315789,1.157894737,S1 O1,de-protonated,0,-9999,C38 H44 O1 S1,38,44,1,-9999,-9999,1,-9999,-9999,-9999
1586,547.304098,547.304299043,547.304143701,9455209,-9999,564163.5,15.8,-1,0.283829889,0.985488917,0,0.59129335,4,0.333333333,1.814814815,P1 O9,de-protonated,0,-9999,C27 H49 O9 P1,27,49,9,-9999,1,-9999,-9999,-9999,-9999
1587,548.23465,548.234851481,548.234863863,7899003,-9999,492729.7,12.88,-1,-0.022586441,0.999907439,0,0.599944463,6,0.541666667,1.625,N1 O13,de-protonated,0,-9999,C24 H39 O13 N1,24,39,13,1,-9999,-9999,-9999,-9999,-9999
1587,548.23465,548.234851481,548.234350799,7899003,-9999,492729.7,12.88,-1,0.913261957,0.859558146,0,0.515734888,24,0.054054054,0.837837838,N3 O2,de-protonated,0,-9999,C37 H31 O2 N3,37,31,2,3,-9999,-9999,-9999,-9999,-9999
1587,548.23465,548.234851481,548.235353121,7899003,-9999,492729.7,12.88,-1,-0.915008529,0.85906026,0,0.515436156,10,0.185185185,1.481481481,N3 S1 P1 O5,de-protonated,0,-9999,C27 H40 O5 N3 P1 S1,27,40,5,3,1,1,-9999,-9999,-9999
1588,548.270991,548.271192498,548.270980085,10454918,-9999,510723.9,17.67,-1,0.387422352,0.973132785,0.93310339899999994,0.95712103,18,0.054054054,1.081081081,13C1 S1 O2,de-protonated,1,1585,C36 H40 O2 S1 13C1,36,40,2,-9999,-9999,1,1,-9999,-9999
1588,548.270991,548.271192498,548.271249373,10454918,-9999,510723.9,17.67,-1,-0.103734999,0.998049345,0,0.598829607,5,0.48,1.72,N1 O12,de-protonated,0,-9999,C25 H43 O12 N1,25,43,12,1,-9999,-9999,-9999,-9999,-9999
1588,548.270991,548.271192498,548.270736309,10454918,-9999,510723.9,17.67,-1,0.832051216,0.881951159,0,0.529170696,23,0.026315789,0.921052632,N3 O1,de-protonated,0,-9999,C38 H35 O1 N3,38,35,1,3,-9999,-9999,-9999,-9999,-9999
1588,548.270991,548.271192498,548.27173863,10454918,-9999,510723.9,17.67,-1,-0.99609779,0.835240687,0,0.501144412,9,0.142857143,1.571428571,N3 S1 P1 O4,de-protonated,0,-9999,C28 H44 O4 N3 P1 S1,28,44,4,3,1,1,-9999,-9999,-9999
1589,549.210492,549.21069394,549.210504296,8439963,-9999,548173.9,13.89,-1,0.345302931,0.978597482,0,0.587158489,19,0.114285714,0.971428571,S1 O4,de-protonated,0,-9999,C35 H34 O4 S1,35,34,4,-9999,-9999,1,-9999,-9999,-9999
1589,549.210492,549.21069394,549.210637238,8439963,-9999,548173.9,13.89,-1,0.103243206,0.998067779,0,0.598840667,6,0.5,1.625,P1 O12,de-protonated,0,-9999,C24 H39 O12 P1,24,39,12,-9999,1,-9999,-9999,-9999,-9999
1590,549.246955,549.247156957,549.246889806,15812773,-9999,522680.1,27.72,-1,0.486396585,0.957980911,0,0.574788546,18,0.083333333,1.055555556,S1 O3,de-protonated,0,-9999,C36 H38 O3 S1,36,38,3,-9999,-9999,1,-9999,-9999,-9999
1590,549.246955,549.247156957,549.247022747,15812773,-9999,522680.1,27.72,-1,0.244352861,0.98922448,0,0.593534688,5,0.44,1.72,P1 O11,de-protonated,0,-9999,C25 H43 O11 P1,25,43,11,-9999,1,-9999,-9999,-9999,-9999
1591,549.283339,549.283540974,549.283275315,15616176,-9999,536861.4,27.35,-1,0.483647692,0.479222267,0.714192896,0.573210519,17,0.054054054,1.135135135,S1 O2,de-protonated,0,-9999,C37 H42 O2 S1,37,42,2,-9999,-9999,1,-9999,-9999,-9999
1591,549.283339,549.283540974,549.283408257,15616176,-9999,536861.4,27.35,-1,0.241620002,0.989462893,0,0.593677736,4,0.384615385,1.807692308,P1 O10,de-protonated,0,-9999,C26 H47 O10 P1,26,47,10,-9999,1,-9999,-9999,-9999,-9999
1592,549.319759,549.319960992,549.319660824,9406651,-9999,578976.6,15.71,-1,0.546434806,0.947262584,0,0.56835755,16,0.026315789,1.210526316,S1 O1,de-protonated,0,-9999,C38 H46 O1 S1,38,46,1,-9999,-9999,1,-9999,-9999,-9999
1592,549.319759,549.319960992,549.319793766,9406651,-9999,578976.6,15.71,-1,0.304423133,0.983325116,0,0.58999507,3,0.333333333,1.888888889,P1 O9,de-protonated,0,-9999,C27 H51 O9 P1,27,51,9,-9999,1,-9999,-9999,-9999,-9999
1593,551.226226,551.226428889,551.226154361,8489709,-9999,521964,13.98,-1,0.498032264,0.955991907,0,0.573595144,18,0.114285714,1.028571429,S1 O4,de-protonated,0,-9999,C35 H36 O4 S1,35,36,4,-9999,-9999,1,-9999,-9999,-9999
1593,551.226226,551.226428889,551.226287302,8489709,-9999,521964,13.98,-1,0.256857633,0.98810014,0,0.592860084,5,0.5,1.708333333,P1 O12,de-protonated,0,-9999,C24 H41 O12 P1,24,41,12,-9999,1,-9999,-9999,-9999,-9999
1594,551.262557,551.262759906,551.26253987,14076664,-9999,524369.3,24.46,-1,0.39914949,0.97150539,0,0.582903234,17,0.083333333,1.111111111,S1 O3,de-protonated,0,-9999,C36 H40 O3 S1,36,40,3,-9999,-9999,1,-9999,-9999,-9999
1594,551.262557,551.262759906,551.262672812,14076664,-9999,524369.3,24.46,-1,0.157990802,0.995481084,0,0.59728865,4,0.44,1.8,P1 O11,de-protonated,0,-9999,C25 H45 O11 P1,25,45,11,-9999,1,-9999,-9999,-9999,-9999
1595,551.29902,551.299222923,551.298925379,9947907,-9999,548570.9,16.72,-1,0.539714414,0.948518024,0,0.569110815,16,0.054054054,1.189189189,S1 O2,de-protonated,0,-9999,C37 H44 O2 S1,37,44,2,-9999,-9999,1,-9999,-9999,-9999
1595,551.29902,551.299222923,551.299058321,9947907,-9999,548570.9,16.72,-1,0.298571608,0.983954873,0,0.590372924,3,0.384615385,1.884615385,P1 O10,de-protonated,0,-9999,C26 H49 O10 P1,26,49,10,-9999,1,-9999,-9999,-9999,-9999
1596,552.221434,552.221637358,552.221403333,9767955,-9999,533598.1,16.38,-1,0.423787788,0.967937776,0,0.580762666,18,0.117647059,1.029411765,N1 S1 O4,de-protonated,0,-9999,C34 H35 O4 N1 S1,34,35,4,1,-9999,1,-9999,-9999,-9999
1596,552.221434,552.221637358,552.221536275,9767955,-9999,533598.1,16.38,-1,0.183047835,0.993938732,0,0.596363239,5,0.52173913,1.739130435,N1 P1 O12,de-protonated,0,-9999,C23 H40 O12 N1 P1,23,40,12,1,1,-9999,-9999,-9999,-9999
1597,553.265209,553.265412849,553.265435717,8424775,-9999,569696.3,13.86,-1,-0.041332319,0.999690068,0,0.599814041,8,0.392857143,1.5,O11,de-protonated,0,-9999,C28 H42 O11,28,42,11,-9999,-9999,-9999,-9999,-9999,-9999
1597,553.265209,553.265412849,553.265924974,8424775,-9999,569696.3,13.86,-1,-0.925640041,0.856015363,0,0.513609218,12,0.096774194,1.387096774,N2 S1 P1 O3,de-protonated,0,-9999,C31 H43 O3 N2 P1 S1,31,43,3,2,1,1,-9999,-9999,-9999
1597,553.265209,553.265412849,553.265273525,8424775,-9999,569696.3,13.86,-1,0.251820588,0.988559629,0,0.593135777,3,0.217391304,2.043478261,N4 S2 P1 O5,de-protonated,0,-9999,C23 H47 O5 N4 P1 S2,23,47,5,4,1,2,-9999,-9999,-9999
1598,553.278232,553.278435855,553.278189934,9702730,-9999,516515.3,16.26,-1,0.444479018,0.964787613,0,0.578872568,16,0.083333333,1.166666667,S1 O3,de-protonated,0,-9999,C36 H42 O3 S1,36,42,3,-9999,-9999,1,-9999,-9999,-9999
1598,553.278232,553.278435855,553.278322876,9702730,-9999,516515.3,16.26,-1,0.204198885,0.99246265,0,0.59547759,3,0.44,1.88,P1 O11,de-protonated,0,-9999,C25 H47 O11 P1,25,47,11,-9999,1,-9999,-9999,-9999,-9999
1599,553.301577,553.301780866,553.301821226,7490897.5,-9999,567721.4,12.11,-1,-0.072943867,0.999035012,0,0.599421007,7,0.344827586,1.586206897,O10,de-protonated,0,-9999,C29 H46 O10,29,46,10,-9999,-9999,-9999,-9999,-9999,-9999
1599,553.301577,553.301780866,553.302310483,7490897.5,-9999,567721.4,12.11,-1,-0.957193408,0.846837231,0,0.508102339,11,0.0625,1.46875,N2 S1 P1 O2,de-protonated,0,-9999,C32 H47 O2 N2 P1 S1,32,47,2,2,1,1,-9999,-9999,-9999
1599,553.301577,553.301780866,553.301659035,7490897.5,-9999,567721.4,12.11,-1,0.220189753,0.99124131,0,0.594744786,2,0.166666667,2.125,N4 S2 P1 O4,de-protonated,0,-9999,C24 H51 O4 N4 P1 S2,24,51,4,4,1,2,-9999,-9999,-9999
1600,554.237133,554.237337306,554.237053397,7630437.5,-9999,526363.5,12.37,-1,0.512252079,0.953503166,0,0.5721019,17,0.117647059,1.088235294,N1 S1 O4,de-protonated,0,-9999,C34 H37 O4 N1 S1,34,37,4,1,-9999,1,-9999,-9999,-9999
1600,554.237133,554.237337306,554.237186339,7630437.5,-9999,526363.5,12.37,-1,0.272387629,0.986627626,0,0.591976576,4,0.52173913,1.826086957,N1 P1 O12,de-protonated,0,-9999,C23 H42 O12 N1 P1,23,42,12,1,1,-9999,-9999,-9999,-9999
1601,555.24446,555.244664781,555.244700272,7843726.5,-9999,522243,12.72,-1,-0.063919844,0.999258921,0,0.599555353,8,0.444444444,1.481481481,O12,de-protonated,0,-9999,C27 H40 O12,27,40,12,-9999,-9999,-9999,-9999,-9999,-9999
1601,555.24446,555.244664781,555.244187207,7843726.5,-9999,522243,12.72,-1,0.860113633,0.874384635,0,0.524630781,26,0.025,0.8,N2 O1,de-protonated,0,-9999,C40 H32 O1 N2,40,32,1,2,-9999,-9999,-9999,-9999,-9999
1601,555.24446,555.244664781,555.245189529,7843726.5,-9999,522243,12.72,-1,-0.945075283,0.850386751,0,0.510232051,12,0.133333333,1.366666667,N2 S1 P1 O4,de-protonated,0,-9999,C30 H41 O4 N2 P1 S1,30,41,4,2,1,1,-9999,-9999,-9999
1601,555.24446,555.244664781,555.24453808,7843726.5,-9999,522243,12.72,-1,0.228188062,0.990596497,0,0.594357898,3,0.272727273,2.045454545,N4 S2 P1 O6,de-protonated,0,-9999,C22 H45 O6 N4 P1 S2,22,45,6,4,1,2,-9999,-9999,-9999
1602,555.280812,555.281016798,555.281085781,11849625,-9999,521521.7,20.21,-1,-0.124231483,0.997203536,0,0.598322122,7,0.392857143,1.571428571,O11,de-protonated,0,-9999,C28 H44 O11,28,44,11,-9999,-9999,-9999,-9999,-9999,-9999
1602,555.280812,555.281016798,555.28092359,11849625,-9999,521521.7,20.21,-1,0.167857265,0.994900537,0,0.596940322,2,0.217391304,2.130434783,N4 S2 P1 O5,de-protonated,0,-9999,C23 H49 O5 N4 P1 S2,23,49,5,4,1,2,-9999,-9999,-9999
1603,555.317196,555.317400815,555.31747129,11702180,-9999,549587,19.94,-1,-0.126910496,0.997081804,0,0.598249082,6,0.344827586,1.655172414,O10,de-protonated,0,-9999,C29 H48 O10,29,48,10,-9999,-9999,-9999,-9999,-9999,-9999
1603,555.317196,555.317400815,555.317309099,11702180,-9999,549587,19.94,-1,0.165159113,0.995062756,0,0.597037654,1,0.166666667,2.208333333,N4 S2 P1 O4,de-protonated,0,-9999,C24 H53 O4 N4 P1 S2,24,53,4,4,1,2,-9999,-9999,-9999
1604,556.122476,556.122681194,556.122417566,19288210,-9999,490429.4,34.11,-1,0.474047113,0.480022429,0.73113591,0.580467821,24,0.147058824,0.676470588,N1 S1 O5,de-protonated,0,-9999,C34 H23 O5 N1 S1,34,23,5,1,-9999,1,-9999,-9999,-9999
1604,556.122476,556.122681194,556.122550507,19288210,-9999,490429.4,34.11,-1,0.234995859,0.990029884,0,0.59401793,11,0.565217391,1.217391304,N1 P1 O13,de-protonated,0,-9999,C23 H28 O13 N1 P1,23,28,13,1,1,-9999,-9999,-9999,-9999
1605,557.260131,557.260336729,557.260350336,10506721,-9999,516169.3,17.7,-1,-0.024417262,0.999891826,0,0.599935095,7,0.444444444,1.555555556,O12,de-protonated,0,-9999,C27 H42 O12,27,42,12,-9999,-9999,-9999,-9999,-9999,-9999
1605,557.260131,557.260336729,557.259837272,10506721,-9999,516169.3,17.7,-1,0.896273955,0.86436599,0,0.518619594,25,0.025,0.85,N2 O1,de-protonated,0,-9999,C40 H34 O1 N2,40,34,1,2,-9999,-9999,-9999,-9999,-9999
1605,557.260131,557.260336729,557.260839594,10506721,-9999,516169.3,17.7,-1,-0.902385537,0.862643642,0,0.517586185,11,0.133333333,1.433333333,N2 S1 P1 O4,de-protonated,0,-9999,C30 H43 O4 N2 P1 S1,30,43,4,2,1,1,-9999,-9999,-9999
1605,557.260131,557.260336729,557.260188145,10506721,-9999,516169.3,17.7,-1,0.266634081,0.987182982,0,0.592309789,2,0.272727273,2.136363636,N4 S2 P1 O6,de-protonated,0,-9999,C22 H47 O6 N4 P1 S2,22,47,6,4,1,2,-9999,-9999,-9999
1606,557.296436,557.296641746,557.296735846,14291436,-9999,523232.9,24.77,-1,-0.168849064,0.994840254,0,0.596904153,6,0.392857143,1.642857143,O11,de-protonated,0,-9999,C28 H46 O11,28,46,11,-9999,-9999,-9999,-9999,-9999,-9999
1606,557.296436,557.296641746,557.296573654,14291436,-9999,523232.9,24.77,-1,0.122183235,0.997294865,0,0.598376919,1,0.217391304,2.217391304,N4 S2 P1 O5,de-protonated,0,-9999,C23 H51 O5 N4 P1 S2,23,51,5,4,1,2,-9999,-9999,-9999
1607,557.332834,557.333039764,557.333121355,9851382,-9999,547741.5,16.48,-1,-0.146395836,0.99611879,0,0.597671274,5,0.344827586,1.724137931,O10,de-protonated,0,-9999,C29 H50 O10,29,50,10,-9999,-9999,-9999,-9999,-9999,-9999
1607,557.332834,557.333039764,557.332959164,9851382,-9999,547741.5,16.48,-1,0.144617469,0.996212335,0,0.597727401,0,0.166666667,2.291666667,N4 S2 P1 O4,de-protonated,0,-9999,C24 H55 O4 N4 P1 S2,24,55,4,4,1,2,-9999,-9999,-9999
1608,558.255329,558.255535198,558.255599308,7492358,-9999,515404.3,12.07,-1,-0.114840764,0.997609843,0,0.598565906,7,0.461538462,1.576923077,N1 O12,de-protonated,0,-9999,C26 H41 O12 N1,26,41,12,1,-9999,-9999,-9999,-9999,-9999
1608,558.255329,558.255535198,558.255086244,7492358,-9999,515404.3,12.07,-1,0.804208975,0.889271835,0,0.533563101,25,0.025641026,0.846153846,N3 O1,de-protonated,0,-9999,C39 H33 O1 N3,39,33,1,3,-9999,-9999,-9999,-9999,-9999
1608,558.255329,558.255535198,558.256088566,7492358,-9999,515404.3,12.07,-1,-0.991243733,0.836703952,0,0.502022371,11,0.137931034,1.448275862,N3 S1 P1 O4,de-protonated,0,-9999,C29 H42 O4 N3 P1 S1,29,42,4,3,1,1,-9999,-9999,-9999
1609,559.267663,559.267869674,559.26762525,9507888,-9999,495411.3,15.83,-1,0.437042998,0.965935813,0,0.579561488,19,0.052631579,1.052631579,S1 O2,de-protonated,0,-9999,C38 H40 O2 S1,38,40,2,-9999,-9999,1,-9999,-9999,-9999
1609,559.267663,559.267869674,559.267758192,9507888,-9999,495411.3,15.83,-1,0.199336129,0.992816085,0,0.595689651,6,0.37037037,1.666666667,P1 O10,de-protonated,0,-9999,C27 H45 O10 P1,27,45,10,-9999,1,-9999,-9999,-9999,-9999
1610,559.275763,559.275969678,559.276000401,10834995,-9999,523917.7,18.31,-1,-0.054932461,0.999452615,0,0.599671569,6,0.444444444,1.62962963,O12,de-protonated,0,-9999,C27 H44 O12,27,44,12,-9999,-9999,-9999,-9999,-9999,-9999
1610,559.275763,559.275969678,559.275487336,10834995,-9999,523917.7,18.31,-1,0.862440521,0.873748943,0,0.524249366,24,0.025,0.9,N2 O1,de-protonated,0,-9999,C40 H36 O1 N2,40,36,1,2,-9999,-9999,-9999,-9999,-9999
1610,559.275763,559.275969678,559.276489658,10834995,-9999,523917.7,18.31,-1,-0.929736484,0.854835654,0,0.512901392,10,0.133333333,1.5,N2 S1 P1 O4,de-protonated,0,-9999,C30 H45 O4 N2 P1 S1,30,45,4,2,1,1,-9999,-9999,-9999
1610,559.275763,559.275969678,559.275838209,10834995,-9999,523917.7,18.31,-1,0.235069913,0.990023631,0,0.594014178,1,0.272727273,2.227272727,N4 S2 P1 O6,de-protonated,0,-9999,C22 H49 O6 N4 P1 S2,22,49,6,4,1,2,-9999,-9999,-9999
1611,559.312116,559.312322695,559.31238591,9507901,-9999,573424.3,15.83,-1,-0.113022072,0.997684861,0,0.598610916,5,0.392857143,1.714285714,O11,de-protonated,0,-9999,C28 H48 O11,28,48,11,-9999,-9999,-9999,-9999,-9999,-9999
1611,559.312116,559.312322695,559.312875167,9507901,-9999,573424.3,15.83,-1,-0.987769135,0.837748552,0,0.502649131,9,0.096774194,1.580645161,N2 S1 P1 O3,de-protonated,0,-9999,C31 H49 O3 N2 P1 S1,31,49,3,2,1,1,-9999,-9999,-9999
1611,559.312116,559.312322695,559.312223719,9507901,-9999,573424.3,15.83,-1,0.17696142,0.994333985,0,0.596600391,0,0.217391304,2.304347826,N4 S2 P1 O5,de-protonated,0,-9999,C23 H53 O5 N4 P1 S2,23,53,5,4,1,2,-9999,-9999,-9999
1612,560.271057,560.271264147,560.271249373,9540952,-9999,500905.4,15.89,-1,0.02636921,0.99987384,0,0.599924304,6,0.461538462,1.653846154,N1 O12,de-protonated,0,-9999,C26 H43 O12 N1,26,43,12,1,-9999,-9999,-9999,-9999,-9999
1612,560.271057,560.271264147,560.270736309,9540952,-9999,500905.4,15.89,-1,0.942112672,0.85124989,0,0.510749934,24,0.025641026,0.897435897,N3 O1,de-protonated,0,-9999,C39 H35 O1 N3,39,35,1,3,-9999,-9999,-9999,-9999,-9999
1612,560.271057,560.271264147,560.27173863,9540952,-9999,500905.4,15.89,-1,-0.846880909,0.877975739,0,0.526785443,10,0.137931034,1.517241379,N3 S1 P1 O4,de-protonated,0,-9999,C29 H44 O4 N3 P1 S1,29,44,4,3,1,1,-9999,-9999,-9999
1613,561.246983,561.247190606,561.246889806,11867766,-9999,553183.6,20.24,-1,0.535950625,0.94921507,0,0.569529042,19,0.081081081,1.027027027,S1 O3,de-protonated,0,-9999,C37 H38 O3 S1,37,38,3,-9999,-9999,1,-9999,-9999,-9999
1613,561.246983,561.247190606,561.247022747,11867766,-9999,553183.6,20.24,-1,0.299082016,0.983900412,0,0.590340247,6,0.423076923,1.653846154,P1 O11,de-protonated,0,-9999,C26 H43 O11 P1,26,43,11,-9999,1,-9999,-9999,-9999,-9999
1614,561.283301,561.283508623,561.283275315,13981313,-9999,542631.5,24.19,-1,0.415669551,0.969135427,0,0.581481256,18,0.052631579,1.105263158,S1 O2,de-protonated,0,-9999,C38 H42 O2 S1,38,42,2,-9999,-9999,1,-9999,-9999,-9999
1614,561.283301,561.283508623,561.283408257,13981313,-9999,542631.5,24.19,-1,0.178816326,0.994214926,0,0.596528956,5,0.37037037,1.740740741,P1 O10,de-protonated,0,-9999,C27 H47 O10 P1,27,47,10,-9999,1,-9999,-9999,-9999,-9999
1615,561.319677,561.31988464,561.319660824,9410188,-9999,504274.9,15.65,-1,0.398732053,0.971564104,0,0.582938462,17,0.025641026,1.179487179,S1 O1,de-protonated,0,-9999,C39 H46 O1 S1,39,46,1,-9999,-9999,1,-9999,-9999,-9999
1615,561.319677,561.31988464,561.319793766,9410188,-9999,504274.9,15.65,-1,0.161894185,0.99525557,0,0.597153342,4,0.321428571,1.821428571,P1 O9,de-protonated,0,-9999,C28 H51 O9 P1,28,51,9,-9999,1,-9999,-9999,-9999,-9999
1616,562.250227,562.250435078,562.250513928,8640413,-9999,478100.3,14.21,-1,-0.140239158,0.996437805,0,0.597862683,6,0.52,1.64,N1 O13,de-protonated,0,-9999,C25 H41 O13 N1,25,41,13,1,-9999,-9999,-9999,-9999,-9999
1616,562.250227,562.250435078,562.250000864,8640413,-9999,478100.3,14.21,-1,0.772280499,0.897430937,0,0.538458562,24,0.052631579,0.868421053,N3 O2,de-protonated,0,-9999,C38 H33 O2 N3,38,33,2,3,-9999,-9999,-9999,-9999,-9999
1617,562.286649,562.286857096,562.286899437,9590696,-9999,547204.9,15.99,-1,-0.075302739,0.998971624,0,0.599382974,5,0.461538462,1.730769231,N1 O12,de-protonated,0,-9999,C26 H45 O12 N1,26,45,12,1,-9999,-9999,-9999,-9999,-9999
1617,562.286649,562.286857096,562.286386373,9590696,-9999,547204.9,15.99,-1,0.837157928,0.8805881,0,0.52835286,23,0.025641026,0.948717949,N3 O1,de-protonated,0,-9999,C39 H37 O1 N3,39,37,1,3,-9999,-9999,-9999,-9999,-9999
1617,562.286649,562.286857096,562.287388695,9590696,-9999,547204.9,15.99,-1,-0.945422402,0.8502855,0,0.5101713,9,0.137931034,1.586206897,N3 S1 P1 O4,de-protonated,0,-9999,C29 H46 O4 N3 P1 S1,29,46,4,3,1,1,-9999,-9999,-9999
1618,563.226166,563.226374538,563.226154361,8870075,-9999,583197.5,14.64,-1,0.390921438,0.972652007,0,0.583591204,19,0.111111111,1,S1 O4,de-protonated,0,-9999,C36 H36 O4 S1,36,36,4,-9999,-9999,1,-9999,-9999,-9999
1618,563.226166,563.226374538,563.226287302,8870075,-9999,583197.5,14.64,-1,0.154885256,0.995656607,0,0.597393964,6,0.48,1.64,P1 O12,de-protonated,0,-9999,C25 H41 O12 P1,25,41,12,-9999,1,-9999,-9999,-9999,-9999
1619,563.262546,563.262754555,563.26253987,15128774,-9999,517454.9,26.34,-1,0.381145448,0.973984989,0,0.584390994,18,0.081081081,1.081081081,S1 O3,de-protonated,0,-9999,C37 H40 O3 S1,37,40,3,-9999,-9999,1,-9999,-9999,-9999
1619,563.262546,563.262754555,563.262672812,15128774,-9999,517454.9,26.34,-1,0.145124517,0.996185779,0,0.597711467,5,0.423076923,1.730769231,P1 O11,de-protonated,0,-9999,C26 H45 O11 P1,26,45,11,-9999,1,-9999,-9999,-9999,-9999
1620,563.298959,563.299167572,563.298925379,13998289,-9999,524780.4,24.22,-1,0.429954209,0.967013602,0,0.58020816099999994,17,0.052631579,1.157894737,S1 O2,de-protonated,0,-9999,C38 H44 O2 S1,38,44,2,-9999,-9999,1,-9999,-9999,-9999
1620,563.298959,563.299167572,563.299058321,13998289,-9999,524780.4,24.22,-1,0.193948512,0.993197862,0,0.595918717,4,0.37037037,1.814814815,P1 O10,de-protonated,0,-9999,C27 H49 O10 P1,27,49,10,-9999,1,-9999,-9999,-9999,-9999
1621,565.228791,565.229000481,565.229050207,8076038,-9999,521747,13.15,-1,-0.087976264,0.998596605,0,0.599157963,10,0.428571429,1.357142857,O12,de-protonated,0,-9999,C28 H38 O12,28,38,12,-9999,-9999,-9999,-9999,-9999,-9999
1621,565.228791,565.229000481,565.228537143,8076038,-9999,521747,13.15,-1,0.819734814,0.885212813,0,0.531127688,28,0.024390244,0.731707317,N2 O1,de-protonated,0,-9999,C41 H30 O1 N2,41,30,1,2,-9999,-9999,-9999,-9999,-9999
1621,565.228791,565.229000481,565.229539465,8076038,-9999,521747,13.15,-1,-0.953566742,0.8479027,0,0.50874162,14,0.129032258,1.258064516,N2 S1 P1 O4,de-protonated,0,-9999,C31 H39 O4 N2 P1 S1,31,39,4,2,1,1,-9999,-9999,-9999
1621,565.228791,565.229000481,565.228888016,8076038,-9999,521747,13.15,-1,0.198971765,0.992842229,0,0.595705338,5,0.260869565,1.869565217,N4 S2 P1 O6,de-protonated,0,-9999,C23 H43 O6 N4 P1 S2,23,43,6,4,1,2,-9999,-9999,-9999
1622,565.24183,565.242039487,565.241804425,11934474,-9999,518406.5,20.36,-1,0.415860178,0.969107553,0,0.581464532,18,0.111111111,1.055555556,S1 O4,de-protonated,0,-9999,C36 H38 O4 S1,36,38,4,-9999,-9999,1,-9999,-9999,-9999
1622,565.24183,565.242039487,565.241937367,11934474,-9999,518406.5,20.36,-1,0.180665695,0.994095001,0,0.596457001,5,0.48,1.72,P1 O12,de-protonated,0,-9999,C25 H43 O12 P1,25,43,12,-9999,1,-9999,-9999,-9999,-9999
1623,565.2782,565.278409504,565.278189934,13966100,-9999,519657,24.16,-1,0.38842703,0.972995159,0,0.583797096,17,0.081081081,1.135135135,S1 O3,de-protonated,0,-9999,C37 H42 O3 S1,37,42,3,-9999,-9999,1,-9999,-9999,-9999
1623,565.2782,565.278409504,565.278322876,13966100,-9999,519657,24.16,-1,0.153247692,0.99574777,0,0.597448662,4,0.423076923,1.807692308,P1 O11,de-protonated,0,-9999,C26 H47 O11 P1,26,47,11,-9999,1,-9999,-9999,-9999,-9999
1624,565.314685,565.314894521,565.314575444,8854303,-9999,540517,14.61,-1,0.564424069,0.943834043,0,0.566300426,16,0.052631579,1.210526316,S1 O2,de-protonated,0,-9999,C38 H46 O2 S1,38,46,2,-9999,-9999,1,-9999,-9999,-9999
1624,565.314685,565.314894521,565.314708386,8854303,-9999,540517,14.61,-1,0.329259827,0.980520995,0,0.588312597,3,0.37037037,1.888888889,P1 O10,de-protonated,0,-9999,C27 H51 O10 P1,27,51,10,-9999,1,-9999,-9999,-9999,-9999
1625,567.257515,567.257725436,567.25745449,8117590,-9999,578683.7,13.23,-1,0.477641933,0.959449081,0,0.57566944900000006,17,0.111111111,1.111111111,S1 O4,de-protonated,0,-9999,C36 H40 O4 S1,36,40,4,-9999,-9999,1,-9999,-9999,-9999
1625,567.257515,567.257725436,567.257587431,8117590,-9999,578683.7,13.23,-1,0.243283158,0.989318113,0,0.593590868,4,0.48,1.8,P1 O12,de-protonated,0,-9999,C25 H45 O12 P1,25,45,12,-9999,1,-9999,-9999,-9999,-9999
1626,567.280853,567.281063446,567.281085781,8740189,-9999,520546,14.39,-1,-0.03937127,0.999718777,0,0.599831266,8,0.379310345,1.517241379,O11,de-protonated,0,-9999,C29 H44 O11,29,44,11,-9999,-9999,-9999,-9999,-9999,-9999
1626,567.280853,567.281063446,567.281575038,8740189,-9999,520546,14.39,-1,-0.901830677,0.862800351,0,0.517680211,12,0.09375,1.40625,N2 S1 P1 O3,de-protonated,0,-9999,C32 H45 O3 N2 P1 S1,32,45,3,2,1,1,-9999,-9999,-9999
1626,567.280853,567.281063446,567.28092359,8740189,-9999,520546,14.39,-1,0.246538791,0.989031892,0,0.593419135,3,0.208333333,2.041666667,N4 S2 P1 O5,de-protonated,0,-9999,C24 H49 O5 N4 P1 S2,24,49,5,4,1,2,-9999,-9999,-9999
1627,567.293889,567.294099453,567.293839999,9018721,-9999,553007,14.91,-1,0.457353317,0.962757232,0,0.577654339,16,0.081081081,1.189189189,S1 O3,de-protonated,0,-9999,C37 H44 O3 S1,37,44,3,-9999,-9999,1,-9999,-9999,-9999
1627,567.293889,567.294099453,567.293972941,9018721,-9999,553007,14.91,-1,0.22300957800000001,0.991016558,0,0.594609935,3,0.423076923,1.884615385,P1 O11,de-protonated,0,-9999,C26 H49 O11 P1,26,49,11,-9999,1,-9999,-9999,-9999,-9999
1628,567.317393,567.317603464,567.31747129,7920999.5,-9999,550997.9,12.86,-1,0.232979382,0.990199417,0,0.59411965,7,0.333333333,1.6,O10,de-protonated,0,-9999,C30 H48 O10,30,48,10,-9999,-9999,-9999,-9999,-9999,-9999
1628,567.317393,567.317603464,567.317960548,7920999.5,-9999,550997.9,12.86,-1,-0.629424945,0.930637381,0,0.558382429,11,0.060606061,1.484848485,N2 S1 P1 O2,de-protonated,0,-9999,C33 H49 O2 N2 P1 S1,33,49,2,2,1,1,-9999,-9999,-9999
1628,567.317393,567.317603464,567.317309099,7920999.5,-9999,550997.9,12.86,-1,0.518871184,0.952323072,0,0.571393843,2,0.16,2.12,N4 S2 P1 O4,de-protonated,0,-9999,C25 H53 O4 N4 P1 S2,25,53,4,4,1,2,-9999,-9999,-9999
1629,569.260024,569.260235378,569.260350336,8675229,-9999,502699.8,14.27,-1,-0.201942794,0.992627671,0,0.595576602,8,0.428571429,1.5,O12,de-protonated,0,-9999,C28 H42 O12,28,42,12,-9999,-9999,-9999,-9999,-9999,-9999
1629,569.260024,569.260235378,569.259837272,8675229,-9999,502699.8,14.27,-1,0.699340088,0.915081361,0,0.549048816,26,0.024390244,0.829268293,N2 O1,de-protonated,0,-9999,C41 H34 O1 N2,41,34,1,2,-9999,-9999,-9999,-9999,-9999
1629,569.260024,569.260235378,569.260188145,8675229,-9999,502699.8,14.27,-1,0.082973138,0.998751589,0,0.599250953,3,0.260869565,2.043478261,N4 S2 P1 O6,de-protonated,0,-9999,C23 H47 O6 N4 P1 S2,23,47,6,4,1,2,-9999,-9999,-9999
1630,569.296457,569.296668395,569.296735846,11624359,-9999,513234.4,19.78,-1,-0.118479909,0.997456157,0,0.598473694,7,0.379310345,1.586206897,O11,de-protonated,0,-9999,C29 H46 O11,29,46,11,-9999,-9999,-9999,-9999,-9999,-9999
1630,569.296457,569.296668395,569.297225103,11624359,-9999,513234.4,19.78,-1,-0.97788563,0.840706915,0,0.504424149,11,0.09375,1.46875,N2 S1 P1 O3,de-protonated,0,-9999,C32 H47 O3 N2 P1 S1,32,47,3,2,1,1,-9999,-9999,-9999
1630,569.296457,569.296668395,569.296573654,11624359,-9999,513234.4,19.78,-1,0.166417837,0.994987403,0,0.596992442,2,0.208333333,2.125,N4 S2 P1 O5,de-protonated,0,-9999,C24 H51 O5 N4 P1 S2,24,51,5,4,1,2,-9999,-9999,-9999
1631,569.332849,569.333060412,569.333121355,11378610,-9999,485496.7,19.32,-1,-0.107041804,0.99792313,0,0.598753878,6,0.333333333,1.666666667,O10,de-protonated,0,-9999,C30 H50 O10,30,50,10,-9999,-9999,-9999,-9999,-9999,-9999
1631,569.332849,569.333060412,569.333610612,11378610,-9999,485496.7,19.32,-1,-0.966392611,0.844122552,0,0.506473531,10,0.060606061,1.545454545,N2 S1 P1 O2,de-protonated,0,-9999,C33 H51 O2 N2 P1 S1,33,51,2,2,1,1,-9999,-9999,-9999
1631,569.332849,569.333060412,569.332959164,11378610,-9999,485496.7,19.32,-1,0.177837738,0.99427789,0,0.596566734,1,0.16,2.2,N4 S2 P1 O4,de-protonated,0,-9999,C25 H55 O4 N4 P1 S2,25,55,4,4,1,2,-9999,-9999,-9999
1632,571.275687,571.275899327,571.276000401,11035109,-9999,471542.8,18.68,-1,-0.17692612,0.994336239,0,0.596601743,7,0.428571429,1.571428571,O12,de-protonated,0,-9999,C28 H44 O12,28,44,12,-9999,-9999,-9999,-9999,-9999,-9999
1632,571.275687,571.275899327,571.275487336,11035109,-9999,471542.8,18.68,-1,0.721176757,0.909945364,0,0.545967219,25,0.024390244,0.87804878,N2 O1,de-protonated,0,-9999,C41 H36 O1 N2,41,36,1,2,-9999,-9999,-9999,-9999,-9999
1632,571.275687,571.275899327,571.275838209,11035109,-9999,471542.8,18.68,-1,0.106984541,0.997925349,0,0.59875521,2,0.260869565,2.130434783,N4 S2 P1 O6,de-protonated,0,-9999,C23 H49 O6 N4 P1 S2,23,49,6,4,1,2,-9999,-9999,-9999
1633,571.312137,571.312349344,571.31238591,11887087,-9999,477447.9,20.27,-1,-0.06400323,0.999256987,0,0.599554192,6,0.379310345,1.655172414,O11,de-protonated,0,-9999,C29 H48 O11,29,48,11,-9999,-9999,-9999,-9999,-9999,-9999
1633,571.312137,571.312349344,571.312875167,11887087,-9999,477447.9,20.27,-1,-0.920376927,0.85752578,0,0.514515468,10,0.09375,1.53125,N2 S1 P1 O3,de-protonated,0,-9999,C32 H49 O3 N2 P1 S1,32,49,3,2,1,1,-9999,-9999,-9999
1633,571.312137,571.312349344,571.312223719,11887087,-9999,477447.9,20.27,-1,0.219889382,0.991265086,0,0.594759051,1,0.208333333,2.208333333,N4 S2 P1 O5,de-protonated,0,-9999,C24 H53 O5 N4 P1 S2,24,53,5,4,1,2,-9999,-9999,-9999
1634,571.348515,571.348727361,571.348771419,8741370,-9999,467172.3,14.39,-1,-0.07711238,0.99892163,0,0.599352978,5,0.333333333,1.733333333,O10,de-protonated,0,-9999,C30 H52 O10,30,52,10,-9999,-9999,-9999,-9999,-9999,-9999
1634,571.348515,571.348727361,571.349260677,8741370,-9999,467172.3,14.39,-1,-0.933431529,0.853768476,0,0.512261085,9,0.060606061,1.606060606,N2 S1 P1 O2,de-protonated,0,-9999,C33 H53 O2 N2 P1 S1,33,53,2,2,1,1,-9999,-9999,-9999
1634,571.348515,571.348727361,571.348609228,8741370,-9999,467172.3,14.39,-1,0.206762149,0.99227297,0,0.595363782,0,0.16,2.28,N4 S2 P1 O4,de-protonated,0,-9999,C25 H57 O4 N4 P1 S2,25,57,4,4,1,2,-9999,-9999,-9999
1635,573.283433,573.283646272,573.283275315,8692776,-9999,547178,14.3,-1,0.647074914,0.926840635,0,0.556104381,19,0.051282051,1.076923077,S1 O2,de-protonated,0,-9999,C39 H42 O2 S1,39,42,2,-9999,-9999,1,-9999,-9999,-9999
1635,573.283433,573.283646272,573.283408257,8692776,-9999,547178,14.3,-1,0.41517946,0.969207034,0,0.58152422,6,0.357142857,1.678571429,P1 O10,de-protonated,0,-9999,C28 H47 O10 P1,28,47,10,-9999,1,-9999,-9999,-9999,-9999
1636,573.291439,573.291652276,573.291650465,9970730,-9999,488212.9,16.69,-1,0.003158557,0.99999819,0,0.599998914,6,0.428571429,1.642857143,O12,de-protonated,0,-9999,C28 H46 O12,28,46,12,-9999,-9999,-9999,-9999,-9999,-9999
1636,573.291439,573.291652276,573.291137401,9970730,-9999,488212.9,16.69,-1,0.898103932,0.863851139,0,0.518310683,24,0.024390244,0.926829268,N2 O1,de-protonated,0,-9999,C41 H38 O1 N2,41,38,1,2,-9999,-9999,-9999,-9999,-9999
1636,573.291439,573.291652276,573.292139722,9970730,-9999,488212.9,16.69,-1,-0.850258606,0.877062996,0,0.526237797,10,0.129032258,1.516129032,N2 S1 P1 O4,de-protonated,0,-9999,C31 H47 O4 N2 P1 S1,31,47,4,2,1,1,-9999,-9999,-9999
1636,573.291439,573.291652276,573.291488274,9970730,-9999,488212.9,16.69,-1,0.286071062,0.985260552,0,0.591156331,1,0.260869565,2.217391304,N4 S2 P1 O6,de-protonated,0,-9999,C23 H51 O6 N4 P1 S2,23,51,6,4,1,2,-9999,-9999,-9999
1637,573.327853,573.328066293,573.328035974,8070196.5,-9999,546210.8,13.14,-1,0.052881708,0.999492712,0,0.599695627,5,0.379310345,1.724137931,O11,de-protonated,0,-9999,C29 H50 O11,29,50,11,-9999,-9999,-9999,-9999,-9999,-9999
1637,573.327853,573.328066293,573.328525232,8070196.5,-9999,546210.8,13.14,-1,-0.800481336,0.89023755,0,0.53414253,9,0.09375,1.59375,N2 S1 P1 O3,de-protonated,0,-9999,C32 H51 O3 N2 P1 S1,32,51,3,2,1,1,-9999,-9999,-9999
1637,573.327853,573.328066293,573.327873783,8070196.5,-9999,546210.8,13.14,-1,0.335776271,0.979750276,0,0.587850166,0,0.208333333,2.291666667,N4 S2 P1 O5,de-protonated,0,-9999,C24 H55 O5 N4 P1 S2,24,55,5,4,1,2,-9999,-9999,-9999
1638,574.286636,574.286849744,574.286899437,8185160,-9999,552304.7,13.35,-1,-0.086529839,0.998642341,0,0.599185405,6,0.444444444,1.666666667,N1 O12,de-protonated,0,-9999,C27 H45 O12 N1,27,45,12,1,-9999,-9999,-9999,-9999,-9999
1638,574.286636,574.286849744,574.286386373,8185160,-9999,552304.7,13.35,-1,0.806864498,0.888581777,0,0.533149066,24,0.025,0.925,N3 O1,de-protonated,0,-9999,C40 H37 O1 N3,40,37,1,3,-9999,-9999,-9999,-9999,-9999
1638,574.286636,574.286849744,574.287388695,8185160,-9999,552304.7,13.35,-1,-0.938467941,0.852309237,0,0.511385542,10,0.133333333,1.533333333,N3 S1 P1 O4,de-protonated,0,-9999,C30 H46 O4 N3 P1 S1,30,46,4,3,1,1,-9999,-9999,-9999
1639,575.262521,575.262735204,575.26253987,11495008,-9999,517554.6,19.54,-1,0.339555811,0.979296622,0,0.587577973,19,0.078947368,1.052631579,S1 O3,de-protonated,0,-9999,C38 H40 O3 S1,38,40,3,-9999,-9999,1,-9999,-9999,-9999
1639,575.262521,575.262735204,575.262672812,11495008,-9999,517554.6,19.54,-1,0.108458294,0.997867859,0,0.598720715,6,0.407407407,1.666666667,P1 O11,de-protonated,0,-9999,C27 H45 O11 P1,27,45,11,-9999,1,-9999,-9999,-9999,-9999
1640,575.298975,575.299189221,575.298925379,11282026,-9999,530806.4,19.14,-1,0.458616445,0.962555138,0,0.577533083,18,0.051282051,1.128205128,S1 O2,de-protonated,0,-9999,C39 H44 O2 S1,39,44,2,-9999,-9999,1,-9999,-9999,-9999
1640,575.298975,575.299189221,575.299058321,11282026,-9999,530806.4,19.14,-1,0.227533517,0.990650114,0,0.594390068,5,0.357142857,1.75,P1 O10,de-protonated,0,-9999,C28 H49 O10 P1,28,49,10,-9999,1,-9999,-9999,-9999,-9999
1641,576.302237,576.302451693,576.302549502,7776136.5,-9999,494539.5,12.59,-1,-0.169717457,0.994787183,0,0.59687231,5,0.444444444,1.740740741,N1 O12,de-protonated,0,-9999,C27 H47 O12 N1,27,47,12,1,-9999,-9999,-9999,-9999,-9999
1641,576.302237,576.302451693,576.302036438,7776136.5,-9999,494539.5,12.59,-1,0.720552107,0.910094069,0,0.546056441,23,0.025,0.975,N3 O1,de-protonated,0,-9999,C40 H39 O1 N3,40,39,1,3,-9999,-9999,-9999,-9999,-9999
1642,577.241779,577.241994135,577.241804425,10152084,-9999,508814.7,17.03,-1,0.328649673,0.980592417,0,0.58835545,19,0.108108108,1.027027027,S1 O4,de-protonated,0,-9999,C37 H38 O4 S1,37,38,4,-9999,-9999,1,-9999,-9999,-9999
1642,577.241779,577.241994135,577.241937367,10152084,-9999,508814.7,17.03,-1,0.098344553,0.998246631,0,0.598947978,6,0.461538462,1.653846154,P1 O12,de-protonated,0,-9999,C26 H43 O12 P1,26,43,12,-9999,1,-9999,-9999,-9999,-9999
1642,577.241779,577.241994135,577.241424303,10152084,-9999,508814.7,17.03,-1,0.987165554,0.83792977,0,0.50275786200000006,24,0.025641026,0.897435897,N2 P1 O1,de-protonated,0,-9999,C39 H35 O1 N2 P1,39,35,1,2,1,-9999,-9999,-9999,-9999
1643,577.278218,577.278433153,577.278189934,15198367,-9999,524152.6,26.46,-1,0.421318764,0.968658972,0.955639909,0.963451347,18,0.078947368,1.105263158,S1 O3,de-protonated,0,-9999,C38 H42 O3 S1,38,42,3,-9999,-9999,1,-9999,-9999,-9999
1643,577.278218,577.278433153,577.278322876,15198367,-9999,524152.6,26.46,-1,0.191028138,0.993400493,0,0.596040296,5,0.407407407,1.740740741,P1 O11,de-protonated,0,-9999,C27 H47 O11 P1,27,47,11,-9999,1,-9999,-9999,-9999,-9999
1644,577.314605,577.31482017,577.314575444,12282025,-9999,507175.4,21.01,-1,0.423903921,0.967920487,0,0.580752292,17,0.051282051,1.179487179,S1 O2,de-protonated,0,-9999,C39 H46 O2 S1,39,46,2,-9999,-9999,1,-9999,-9999,-9999
1644,577.314605,577.31482017,577.314708386,12282025,-9999,507175.4,21.01,-1,0.193627809,0.993220262,0,0.595932157,4,0.357142857,1.821428571,P1 O10,de-protonated,0,-9999,C28 H51 O10 P1,28,51,10,-9999,1,-9999,-9999,-9999,-9999
1645,578.28157,578.281785625,578.28154477,7678395.5,-9999,555174.3,12.4,-1,0.416501921,0.969013629,0.955639909,0.963664141,18,0.078947368,1.105263158,13C1 S1 O3,de-protonated,1,1643,C37 H42 O3 S1 13C1,37,42,3,-9999,-9999,1,1,-9999,-9999
1645,578.28157,578.281785625,578.281814057,7678395.5,-9999,555174.3,12.4,-1,-0.049166298,0.999561476,0,0.599736885,5,0.5,1.730769231,N1 O13,de-protonated,0,-9999,C26 H45 O13 N1,26,45,13,1,-9999,-9999,-9999,-9999,-9999
1645,578.28157,578.281785625,578.281300993,7678395.5,-9999,555174.3,12.4,-1,0.838056277,0.880347673,0,0.528208604,23,0.051282051,0.948717949,N3 O2,de-protonated,0,-9999,C39 H37 O2 N3,39,37,2,3,-9999,-9999,-9999,-9999,-9999
1645,578.28157,578.281785625,578.282303314,7678395.5,-9999,555174.3,12.4,-1,-0.895219036,0.864662446,0,0.518797468,9,0.172413793,1.586206897,N3 S1 P1 O5,de-protonated,0,-9999,C29 H46 O5 N3 P1 S1,29,46,5,3,1,1,-9999,-9999,-9999
1646,579.257465,579.257681084,579.25745449,10513104,-9999,519578.8,17.7,-1,0.391181363,0.97261613,0,0.583569678,18,0.108108108,1.081081081,S1 O4,de-protonated,0,-9999,C37 H40 O4 S1,37,40,4,-9999,-9999,1,-9999,-9999,-9999
1646,579.257465,579.257681084,579.257587431,10513104,-9999,519578.8,17.7,-1,0.161677624,0.995268224,0,0.597160935,5,0.461538462,1.730769231,P1 O12,de-protonated,0,-9999,C26 H45 O12 P1,26,45,12,-9999,1,-9999,-9999,-9999,-9999
1647,579.293842,579.294058101,579.293839999,12839642,-9999,496010.7,22.05,-1,0.376497175,0.974607578,0,0.584764547,17,0.078947368,1.157894737,S1 O3,de-protonated,0,-9999,C38 H44 O3 S1,38,44,3,-9999,-9999,1,-9999,-9999,-9999
1647,579.293842,579.294058101,579.293972941,12839642,-9999,496010.7,22.05,-1,0.147007855,0.996086335,0,0.597651801,4,0.407407407,1.814814815,P1 O11,de-protonated,0,-9999,C27 H49 O11 P1,27,49,11,-9999,1,-9999,-9999,-9999,-9999
1648,581.273104,581.273321033,581.273104554,10415368,-9999,530518.2,17.52,-1,0.372422337,0.975147398,0,0.585088439,17,0.108108108,1.135135135,S1 O4,de-protonated,0,-9999,C37 H42 O4 S1,37,42,4,-9999,-9999,1,-9999,-9999,-9999
1648,581.273104,581.273321033,581.273237496,10415368,-9999,530518.2,17.52,-1,0.143714441,0.996259401,0,0.597755641,4,0.461538462,1.807692308,P1 O12,de-protonated,0,-9999,C26 H47 O12 P1,26,47,12,-9999,1,-9999,-9999,-9999,-9999
1649,581.296466,581.296683044,581.296735846,8842510,-9999,502781.6,14.58,-1,-0.090833857,0.998504025,0,0.599102415,8,0.366666667,1.533333333,O11,de-protonated,0,-9999,C30 H46 O11,30,46,11,-9999,-9999,-9999,-9999,-9999,-9999
1649,581.296466,581.296683044,581.297225103,8842510,-9999,502781.6,14.58,-1,-0.932498473,0.854038228,0,0.512422937,12,0.090909091,1.424242424,N2 S1 P1 O3,de-protonated,0,-9999,C33 H47 O3 N2 P1 S1,33,47,3,2,1,1,-9999,-9999,-9999
1649,581.296466,581.296683044,581.296573654,8842510,-9999,502781.6,14.58,-1,0.188182608,0.993595013,0,0.596157008,3,0.2,2.04,N4 S2 P1 O5,de-protonated,0,-9999,C25 H51 O5 N4 P1 S2,25,51,5,4,1,2,-9999,-9999,-9999
1650,583.275631,583.275848976,583.276000401,8515384,-9999,506101.6,13.97,-1,-0.259611018,0.987845217,0,0.59270713,8,0.413793103,1.517241379,O12,de-protonated,0,-9999,C29 H44 O12,29,44,12,-9999,-9999,-9999,-9999,-9999,-9999
1650,583.275631,583.275848976,583.275487336,8515384,-9999,506101.6,13.97,-1,0.620014696,0.93262491300000006,0,0.559574948,26,0.023809524,0.857142857,N2 O1,de-protonated,0,-9999,C42 H36 O1 N2,42,36,1,2,-9999,-9999,-9999,-9999,-9999
1650,583.275631,583.275848976,583.275838209,8515384,-9999,506101.6,13.97,-1,0.018458597,0.999938179,0,0.599962907,3,0.25,2.041666667,N4 S2 P1 O6,de-protonated,0,-9999,C24 H49 O6 N4 P1 S2,24,49,6,4,1,2,-9999,-9999,-9999
1651,583.312141,583.312358993,583.31238591,10514242,-9999,510649.9,17.71,-1,-0.046145154,0.999613702,0,0.599768221,7,0.366666667,1.6,O11,de-protonated,0,-9999,C30 H48 O11,30,48,11,-9999,-9999,-9999,-9999,-9999,-9999
1651,583.312141,583.312358993,583.312875167,10514242,-9999,510649.9,17.71,-1,-0.884901417,0.867548824,0,0.520529294,11,0.090909091,1.484848485,N2 S1 P1 O3,de-protonated,0,-9999,C33 H49 O3 N2 P1 S1,33,49,3,2,1,1,-9999,-9999,-9999
1651,583.312141,583.312358993,583.312223719,10514242,-9999,510649.9,17.71,-1,0.231907175,0.990288979,0,0.594173387,2,0.2,2.12,N4 S2 P1 O5,de-protonated,0,-9999,C25 H53 O5 N4 P1 S2,25,53,5,4,1,2,-9999,-9999,-9999
1652,583.348507,583.34872501,583.348771419,9105228,-9999,500751.5,15.07,-1,-0.079556645,0.998852223,0,0.599311334,6,0.322580645,1.677419355,O10,de-protonated,0,-9999,C31 H52 O10,31,52,10,-9999,-9999,-9999,-9999,-9999,-9999
1652,583.348507,583.34872501,583.349260677,9105228,-9999,500751.5,15.07,-1,-0.918260564,0.858131456,0,0.514878874,10,0.058823529,1.558823529,N2 S1 P1 O2,de-protonated,0,-9999,C34 H53 O2 N2 P1 S1,34,53,2,2,1,1,-9999,-9999,-9999
1652,583.348507,583.34872501,583.348609228,9105228,-9999,500751.5,15.07,-1,0.198478332,0.99287756,0,0.595726536,1,0.153846154,2.192307692,N4 S2 P1 O4,de-protonated,0,-9999,C26 H57 O4 N4 P1 S2,26,57,4,4,1,2,-9999,-9999,-9999
1653,584.009348,584.009566321,584.009177979,7761924,-9999,502584.4,12.56,-1,0.664959376,0.922902816,0,0.553741689,14,0.545454545,0.909090909,N1 S2 P1 O12,de-protonated,0,-9999,C22 H20 O12 N1 P1 S2,22,20,12,1,1,2,-9999,-9999,-9999
1653,584.009348,584.009566321,584.010026132,7761924,-9999,502584.4,12.56,-1,-0.787333728,0.893616091,0,0.536169655,15,0.8,0.75,N3 S1 O16,de-protonated,0,-9999,C20 H15 O16 N3 S1,20,15,16,3,-9999,1,-9999,-9999,-9999
1654,585.291364,585.291582925,585.291650465,11940199,-9999,512982.6,20.37,-1,-0.115396254,0.997586692,0,0.598552015,7,0.413793103,1.586206897,O12,de-protonated,0,-9999,C29 H46 O12,29,46,12,-9999,-9999,-9999,-9999,-9999,-9999
1654,585.291364,585.291582925,585.291137401,11940199,-9999,512982.6,20.37,-1,0.761200294,0.900202027,0,0.540121216,25,0.023809524,0.904761905,N2 O1,de-protonated,0,-9999,C42 H38 O1 N2,42,38,1,2,-9999,-9999,-9999,-9999,-9999
1654,585.291364,585.291582925,585.292139722,11940199,-9999,512982.6,20.37,-1,-0.951316063,0.848562558,0,0.509137535,11,0.125,1.46875,N2 S1 P1 O4,de-protonated,0,-9999,C32 H47 O4 N2 P1 S1,32,47,4,2,1,1,-9999,-9999,-9999
1654,585.291364,585.291582925,585.291488274,11940199,-9999,512982.6,20.37,-1,0.161715774,0.995265996,0,0.597159598,2,0.25,2.125,N4 S2 P1 O6,de-protonated,0,-9999,C24 H51 O6 N4 P1 S2,24,51,6,4,1,2,-9999,-9999,-9999
1655,585.327773,585.327991942,585.328035974,13971825,-9999,495092.7,24.17,-1,-0.075227347,0.998973681,0,0.599384209,6,0.366666667,1.666666667,O11,de-protonated,0,-9999,C30 H50 O11,30,50,11,-9999,-9999,-9999,-9999,-9999,-9999
1655,585.327773,585.327991942,585.328525232,13971825,-9999,495092.7,24.17,-1,-0.911095226,0.860174883,0,0.51610493,10,0.090909091,1.545454545,N2 S1 P1 O3,de-protonated,0,-9999,C33 H51 O3 N2 P1 S1,33,51,3,2,1,1,-9999,-9999,-9999
1655,585.327773,585.327991942,585.327873783,13971825,-9999,495092.7,24.17,-1,0.201867466,0.992633149,0,0.59557989,1,0.2,2.2,N4 S2 P1 O5,de-protonated,0,-9999,C25 H55 O5 N4 P1 S2,25,55,5,4,1,2,-9999,-9999,-9999
1656,585.364122,585.364340959,585.364421484,9433467,-9999,488500.1,15.69,-1,-0.137563732,0.996572193,0,0.597943316,5,0.322580645,1.741935484,O10,de-protonated,0,-9999,C31 H54 O10,31,54,10,-9999,-9999,-9999,-9999,-9999,-9999
1656,585.364122,585.364340959,585.364910741,9433467,-9999,488500.1,15.69,-1,-0.973379603,0.842049231,0,0.505229539,9,0.058823529,1.617647059,N2 S1 P1 O2,de-protonated,0,-9999,C34 H55 O2 N2 P1 S1,34,55,2,2,1,1,-9999,-9999,-9999
1656,585.364122,585.364340959,585.364259292,9433467,-9999,488500.1,15.69,-1,0.13951384,0.996474492,0,0.597884695,0,0.153846154,2.269230769,N4 S2 P1 O4,de-protonated,0,-9999,C26 H59 O4 N4 P1 S2,26,59,4,4,1,2,-9999,-9999,-9999
1657,586.169434,586.169653338,586.169367759,7828057,-9999,501703.3,12.68,-1,0.487195268,0.957845756,0,0.574707454,23,0.138888889,0.805555556,N1 S1 O5,de-protonated,0,-9999,C36 H29 O5 N1 S1,36,29,5,1,-9999,1,-9999,-9999,-9999
1657,586.169434,586.169653338,586.169500701,7828057,-9999,501703.3,12.68,-1,0.260397739,0.987771891,0,0.592663134,10,0.52,1.36,N1 P1 O13,de-protonated,0,-9999,C25 H34 O13 N1 P1,25,34,13,1,1,-9999,-9999,-9999,-9999
1658,587.298993,587.29921287,587.298925379,8008591.5,-9999,471907.9,13.02,-1,0.48951282,0.957452428,0,0.574471457,19,0.05,1.1,S1 O2,de-protonated,0,-9999,C40 H44 O2 S1,40,44,2,-9999,-9999,1,-9999,-9999,-9999
1658,587.298993,587.29921287,587.299058321,8008591.5,-9999,471907.9,13.02,-1,0.263151492,0.987513524,0,0.592508114,6,0.344827586,1.689655172,P1 O10,de-protonated,0,-9999,C29 H49 O10 P1,29,49,10,-9999,1,-9999,-9999,-9999,-9999
1659,587.30698,587.307199873,587.30730053,12284818,-9999,499446.1,21.02,-1,-0.171385758,0.994684471,0,0.596810683,6,0.413793103,1.655172414,O12,de-protonated,0,-9999,C29 H48 O12,29,48,12,-9999,-9999,-9999,-9999,-9999,-9999
1659,587.30698,587.307199873,587.306787465,12284818,-9999,499446.1,21.02,-1,0.702202242,0.914415544,0,0.548649326,24,0.023809524,0.952380952,N2 O1,de-protonated,0,-9999,C42 H40 O1 N2,42,40,1,2,-9999,-9999,-9999,-9999,-9999
1659,587.30698,587.307199873,587.307138338,12284818,-9999,499446.1,21.02,-1,0.1047752,0.998010067,0,0.59880604,1,0.25,2.208333333,N4 S2 P1 O6,de-protonated,0,-9999,C24 H53 O6 N4 P1 S2,24,53,6,4,1,2,-9999,-9999,-9999
1660,587.343435,587.343654891,587.343686039,7779227.5,-9999,532107.4,12.59,-1,-0.053032487,0.999489816,0,0.599693889,5,0.366666667,1.733333333,O11,de-protonated,0,-9999,C30 H52 O11,30,52,11,-9999,-9999,-9999,-9999,-9999,-9999
1660,587.343435,587.343654891,587.344175296,7779227.5,-9999,532107.4,12.59,-1,-0.88603185,0.867233747,0,0.520340248,9,0.090909091,1.606060606,N2 S1 P1 O3,de-protonated,0,-9999,C33 H53 O3 N2 P1 S1,33,53,3,2,1,1,-9999,-9999,-9999
1660,587.343435,587.343654891,587.343523848,7779227.5,-9999,532107.4,12.59,-1,0.223111396,0.99100839,0,0.594605034,0,0.2,2.28,N4 S2 P1 O5,de-protonated,0,-9999,C25 H57 O5 N4 P1 S2,25,57,5,4,1,2,-9999,-9999,-9999
1661,588.265834,588.266054325,588.266163992,7746711.5,-9999,535824.2,12.53,-1,-0.186425124,0.993713715,0,0.596228229,7,0.481481481,1.592592593,N1 O13,de-protonated,0,-9999,C27 H43 O13 N1,27,43,13,1,-9999,-9999,-9999,-9999,-9999
1661,588.265834,588.266054325,588.265650928,7746711.5,-9999,535824.2,12.53,-1,0.685738929,0.918214693,0,0.550928816,25,0.05,0.875,N3 O2,de-protonated,0,-9999,C40 H35 O2 N3,40,35,2,3,-9999,-9999,-9999,-9999,-9999
1662,589.278174,589.278394801,589.278189934,11662763,-9999,507844.5,19.85,-1,0.347657376,0.97830782,0,0.586984692,19,0.076923077,1.076923077,S1 O3,de-protonated,0,-9999,C39 H42 O3 S1,39,42,3,-9999,-9999,1,-9999,-9999,-9999
1662,589.278174,589.278394801,589.278322876,11662763,-9999,507844.5,19.85,-1,0.122056381,0.997300471,0,0.598380283,6,0.392857143,1.678571429,P1 O11,de-protonated,0,-9999,C28 H47 O11 P1,28,47,11,-9999,1,-9999,-9999,-9999,-9999
1663,589.314707,589.314927819,589.314575444,10876341,-9999,511784.7,18.38,-1,0.59793999900000006,0.93718577,0,0.562311462,18,0.05,1.15,S1 O2,de-protonated,0,-9999,C40 H46 O2 S1,40,46,2,-9999,-9999,1,-9999,-9999,-9999
1663,589.314707,589.314927819,589.314708386,10876341,-9999,511784.7,18.38,-1,0.372352876,0.975156552,0,0.585093931,5,0.344827586,1.75862069,P1 O10,de-protonated,0,-9999,C29 H51 O10 P1,29,51,10,-9999,1,-9999,-9999,-9999,-9999
1664,590.281525,590.281746274,590.281814057,11220667,-9999,459684.2,19.03,-1,-0.114831931,0.99761021,0,0.598566126,6,0.481481481,1.666666667,N1 O13,de-protonated,0,-9999,C27 H45 O13 N1,27,45,13,1,-9999,-9999,-9999,-9999,-9999
1664,590.281525,590.281746274,590.281300993,11220667,-9999,459684.2,19.03,-1,0.754353981,0.901898438,0,0.541139063,24,0.05,0.925,N3 O2,de-protonated,0,-9999,C40 H37 O2 N3,40,37,2,3,-9999,-9999,-9999,-9999,-9999
1664,590.281525,590.281746274,590.282303314,11220667,-9999,459684.2,19.03,-1,-0.943684992,0.850792032,0,0.510475219,10,0.166666667,1.533333333,N3 S1 P1 O5,de-protonated,0,-9999,C30 H46 O5 N3 P1 S1,30,46,5,3,1,1,-9999,-9999,-9999
1665,590.317933,590.318154291,590.318199566,9057989,-9999,484844.7,14.98,-1,-0.076696622,0.998933221,0,0.599359932,5,0.428571429,1.75,N1 O12,de-protonated,0,-9999,C28 H49 O12 N1,28,49,12,1,-9999,-9999,-9999,-9999,-9999
1665,590.317933,590.318154291,590.317686502,9057989,-9999,484844.7,14.98,-1,0.792435749,0.892310151,0,0.535386091,23,0.024390244,1,N3 O1,de-protonated,0,-9999,C41 H41 O1 N3,41,41,1,3,-9999,-9999,-9999,-9999,-9999
1665,590.317933,590.318154291,590.318688824,9057989,-9999,484844.7,14.98,-1,-0.905498626,0.861763149,0,0.517057889,9,0.129032258,1.612903226,N3 S1 P1 O4,de-protonated,0,-9999,C31 H50 O4 N3 P1 S1,31,50,4,3,1,1,-9999,-9999,-9999
1666,591.257435,591.257656733,591.25745449,14383042,-9999,511640.2,24.94,-1,0.34205658,0.978993783,0,0.58739627,19,0.105263158,1.052631579,S1 O4,de-protonated,0,-9999,C38 H40 O4 S1,38,40,4,-9999,-9999,1,-9999,-9999,-9999
1666,591.257435,591.257656733,591.257587431,14383042,-9999,511640.2,24.94,-1,0.117210797,0.997510295,0,0.598506177,6,0.444444444,1.666666667,P1 O12,de-protonated,0,-9999,C27 H45 O12 P1,27,45,12,-9999,1,-9999,-9999,-9999,-9999
1666,591.257435,591.257656733,591.257074367,14383042,-9999,511640.2,24.94,-1,0.984962461,0.838590617,0,0.50315437,24,0.025,0.925,N2 P1 O1,de-protonated,0,-9999,C40 H37 O1 N2 P1,40,37,1,2,1,-9999,-9999,-9999,-9999
1667,591.29387,591.29409175,591.293839999,15759307,-9999,496368.5,27.51,-1,0.425763448,0.961465321,0.97060174,0.965119888,18,0.076923077,1.128205128,S1 O3,de-protonated,0,-9999,C39 H44 O3 S1,39,44,3,-9999,-9999,1,-9999,-9999,-9999
1667,591.29387,591.29409175,591.293972941,15759307,-9999,496368.5,27.51,-1,0.200931481,0.992701056,0,0.595620634,5,0.392857143,1.75,P1 O11,de-protonated,0,-9999,C28 H49 O11 P1,28,49,11,-9999,1,-9999,-9999,-9999,-9999
1668,591.330255,591.330476767,591.330225508,11761621,-9999,524780.7,20.04,-1,0.424904851,0.967771285,0,0.580662771,17,0.05,1.2,S1 O2,de-protonated,0,-9999,C40 H48 O2 S1,40,48,2,-9999,-9999,1,-9999,-9999,-9999
1668,591.330255,591.330476767,591.33035845,11761621,-9999,524780.7,20.04,-1,0.200086719,0.992762078,0,0.595657247,4,0.344827586,1.827586207,P1 O10,de-protonated,0,-9999,C29 H53 O10 P1,29,53,10,-9999,1,-9999,-9999,-9999,-9999
1669,591.335804,591.33602577,591.336098735,8271830.5,-9999,501620.3,13.51,-1,-0.123390195,0.997241231,0,0.598344738,8,0.212121212,1.575757576,S1 O7,de-protonated,0,-9999,C33 H52 O7 S1,33,52,7,-9999,-9999,1,-9999,-9999,-9999
1669,591.335804,591.33602577,591.335718613,8271830.5,-9999,501620.3,13.51,-1,0.519429884,0.952222837,0,0.571333702,13,0.114285714,1.4,N2 P1 O4,de-protonated,0,-9999,C35 H49 O4 N2 P1,35,49,4,2,1,-9999,-9999,-9999,-9999
1670,592.29727,592.297492223,592.297194834,7624920.5,-9999,471582.4,12.3,-1,0.502093493,0.955287603,0.97060174,0.961413258,18,0.076923077,1.128205128,13C1 S1 O3,de-protonated,1,1667,C38 H44 O3 S1 13C1,38,44,3,-9999,-9999,1,1,-9999,-9999
1670,592.29727,592.297492223,592.297464121,7624920.5,-9999,471582.4,12.3,-1,0.047444433,0.999591647,0,0.599754988,5,0.481481481,1.740740741,N1 O13,de-protonated,0,-9999,C27 H47 O13 N1,27,47,13,1,-9999,-9999,-9999,-9999,-9999
1670,592.29727,592.297492223,592.296951057,7624920.5,-9999,471582.4,12.3,-1,0.913672553,0.859441159,0,0.515664695,23,0.05,0.975,N3 O2,de-protonated,0,-9999,C40 H39 O2 N3,40,39,2,3,-9999,-9999,-9999,-9999,-9999
1670,592.29727,592.297492223,592.297953379,7624920.5,-9999,471582.4,12.3,-1,-0.77858809,0.895839432,0,0.537503659,9,0.166666667,1.6,N3 S1 P1 O5,de-protonated,0,-9999,C30 H48 O5 N3 P1 S1,30,48,5,3,1,1,-9999,-9999,-9999
1671,593.27318,593.273402682,593.273104554,13007324,-9999,499696.7,22.36,-1,0.502513797,0.955214417,0,0.57312865,18,0.105263158,1.105263158,S1 O4,de-protonated,0,-9999,C38 H42 O4 S1,38,42,4,-9999,-9999,1,-9999,-9999,-9999
1671,593.27318,593.273402682,593.273237496,13007324,-9999,499696.7,22.36,-1,0.278431893,0.986031788,0,0.591619073,5,0.444444444,1.740740741,P1 O12,de-protonated,0,-9999,C27 H47 O12 P1,27,47,12,-9999,1,-9999,-9999,-9999,-9999
1672,593.309532,593.309754699,593.309490063,11631078,-9999,501837.8,19.79,-1,0.44603312,0.96454537,0,0.578727222,17,0.076923077,1.179487179,S1 O3,de-protonated,0,-9999,C39 H46 O3 S1,39,46,3,-9999,-9999,1,-9999,-9999,-9999
1672,593.309532,593.309754699,593.309623005,11631078,-9999,501837.8,19.79,-1,0.22196497,0.991100145,0,0.594660087,4,0.392857143,1.821428571,P1 O11,de-protonated,0,-9999,C28 H51 O11 P1,28,51,11,-9999,1,-9999,-9999,-9999,-9999
1673,593.345821,593.346043716,593.345875573,8878576,-9999,462239.7,14.64,-1,0.283381788,0.985534367,0,0.59132062,16,0.05,1.25,S1 O2,de-protonated,0,-9999,C40 H50 O2 S1,40,50,2,-9999,-9999,1,-9999,-9999,-9999
1673,593.345821,593.346043716,593.346008514,8878576,-9999,462239.7,14.64,-1,0.059327415,0.999361551,0,0.599616931,3,0.344827586,1.896551724,P1 O10,de-protonated,0,-9999,C29 H55 O10 P1,29,55,10,-9999,1,-9999,-9999,-9999,-9999
1674,594.232009,594.232232133,594.231968017,14613211,-9999,475548.7,25.37,-1,0.44446687,0.964789503,0,0.578873702,19,0.138888889,1.027777778,N1 S1 O5,de-protonated,0,-9999,C36 H37 O5 N1 S1,36,37,5,1,-9999,1,-9999,-9999,-9999
1674,594.232009,594.232232133,594.232100959,14613211,-9999,475548.7,25.37,-1,0.220746562,0.991197153,0,0.594718292,6,0.52,1.68,N1 P1 O13,de-protonated,0,-9999,C25 H42 O13 N1 P1,25,42,13,1,1,-9999,-9999,-9999,-9999
1675,595.231221,595.231444604,595.231239741,11713506,-9999,495849.6,19.94,-1,0.344173107,0.978735812,0,0.587241487,23,0.075,0.9,S1 O3,de-protonated,0,-9999,C40 H36 O3 S1,40,36,3,-9999,-9999,1,-9999,-9999,-9999
1675,595.231221,595.231444604,595.231372683,11713506,-9999,495849.6,19.94,-1,0.120828401,0.997354445,0,0.598412667,10,0.379310345,1.413793103,P1 O11,de-protonated,0,-9999,C29 H41 O11 P1,29,41,11,-9999,1,-9999,-9999,-9999,-9999
1675,595.231221,595.231444604,595.231569387,11713506,-9999,495849.6,19.94,-1,-0.209638805,0.992057326,0,0.595234396,2,0.894736842,2.105263158,N4 O17,de-protonated,0,-9999,C19 H40 O17 N4,19,40,17,4,-9999,-9999,-9999,-9999,-9999
1676,595.252309,595.252532614,595.252369109,8289255.5,-9999,508698.6,13.54,-1,0.274680893,0.986403056,0,0.591841833,18,0.135135135,1.081081081,S1 O5,de-protonated,0,-9999,C37 H40 O5 S1,37,40,5,-9999,-9999,1,-9999,-9999,-9999
1676,595.252309,595.252532614,595.252502051,8289255.5,-9999,508698.6,13.54,-1,0.05134413,0.999521776,0,0.599713065,5,0.5,1.730769231,P1 O13,de-protonated,0,-9999,C26 H45 O13 P1,26,45,13,-9999,1,-9999,-9999,-9999,-9999
1676,595.252309,595.252532614,595.251988987,8289255.5,-9999,508698.6,13.54,-1,0.913271996,0.859555286,0,0.515733172,23,0.051282051,0.948717949,N2 P1 O2,de-protonated,0,-9999,C39 H37 O2 N2 P1,39,37,2,2,1,-9999,-9999,-9999,-9999
1677,595.288684,595.288907631,595.288754618,7846897.5,-9999,511600.1,12.71,-1,0.257038662,0.988083461,0,0.592850076,17,0.105263158,1.157894737,S1 O4,de-protonated,0,-9999,C38 H44 O4 S1,38,44,4,-9999,-9999,1,-9999,-9999,-9999
1677,595.288684,595.288907631,595.28888756,7846897.5,-9999,511600.1,12.71,-1,0.033715555,0.999793762,0,0.599876257,4,0.444444444,1.814814815,P1 O12,de-protonated,0,-9999,C27 H49 O12 P1,27,49,12,-9999,1,-9999,-9999,-9999,-9999
1677,595.288684,595.288907631,595.288374496,7846897.5,-9999,511600.1,12.71,-1,0.895590722,0.864558022,0,0.518734813,22,0.025,1.025,N2 P1 O1,de-protonated,0,-9999,C40 H41 O1 N2 P1,40,41,1,2,1,-9999,-9999,-9999,-9999
1678,597.29137,597.291594573,597.291650465,8207868.5,-9999,541330.6,13.39,-1,-0.093575165,0.99841244,0,0.599047464,8,0.4,1.533333333,O12,de-protonated,0,-9999,C30 H46 O12,30,46,12,-9999,-9999,-9999,-9999,-9999,-9999
1678,597.29137,597.291594573,597.291137401,8207868.5,-9999,541330.6,13.39,-1,0.76540996,0.899152928,0,0.539491757,26,0.023255814,0.88372093,N2 O1,de-protonated,0,-9999,C43 H38 O1 N2,43,38,1,2,-9999,-9999,-9999,-9999,-9999
1678,597.29137,597.291594573,597.292139722,8207868.5,-9999,541330.6,13.39,-1,-0.912700801,0.859717971,0,0.515830783,12,0.121212121,1.424242424,N2 S1 P1 O4,de-protonated,0,-9999,C33 H47 O4 N2 P1 S1,33,47,4,2,1,1,-9999,-9999,-9999
1678,597.29137,597.291594573,597.291488274,8207868.5,-9999,541330.6,13.39,-1,0.177969497,0.994269433,0,0.59656166,3,0.24,2.04,N4 S2 P1 O6,de-protonated,0,-9999,C25 H51 O6 N4 P1 S2,25,51,6,4,1,2,-9999,-9999,-9999
1679,597.327801,597.328025591,597.328035974,10272262,-9999,479390.8,17.25,-1,-0.017383857,0.999945168,0,0.599967101,7,0.35483871,1.612903226,O11,de-protonated,0,-9999,C31 H50 O11,31,50,11,-9999,-9999,-9999,-9999,-9999,-9999
1679,597.327801,597.328025591,597.328525232,10272262,-9999,479390.8,17.25,-1,-0.83645966,0.880774846,0,0.528464908,11,0.088235294,1.5,N2 S1 P1 O3,de-protonated,0,-9999,C34 H51 O3 N2 P1 S1,34,51,3,2,1,1,-9999,-9999,-9999
1679,597.327801,597.328025591,597.327873783,10272262,-9999,479390.8,17.25,-1,0.254144284,0.988348761,0,0.593009257,2,0.192307692,2.115384615,N4 S2 P1 O5,de-protonated,0,-9999,C26 H55 O5 N4 P1 S2,26,55,5,4,1,2,-9999,-9999,-9999
1680,599.307049,599.307274522,599.30730053,11452421,-9999,496222.9,19.45,-1,-0.043395563,0.999658359,0,0.599795015,7,0.4,1.6,O12,de-protonated,0,-9999,C30 H48 O12,30,48,12,-9999,-9999,-9999,-9999,-9999,-9999
1680,599.307049,599.307274522,599.306787465,11452421,-9999,496222.9,19.45,-1,0.812700577,0.887059133,0,0.53223548,25,0.023255814,0.930232558,N2 O1,de-protonated,0,-9999,C43 H40 O1 N2,43,40,1,2,-9999,-9999,-9999,-9999,-9999
1680,599.307049,599.307274522,599.307789787,11452421,-9999,496222.9,19.45,-1,-0.859766278,0.874479422,0,0.524687653,11,0.121212121,1.484848485,N2 S1 P1 O4,de-protonated,0,-9999,C33 H49 O4 N2 P1 S1,33,49,4,2,1,1,-9999,-9999,-9999
1680,599.307049,599.307274522,599.307138338,11452421,-9999,496222.9,19.45,-1,0.227235825,0.990674449,0,0.594404669,2,0.24,2.12,N4 S2 P1 O6,de-protonated,0,-9999,C25 H53 O6 N4 P1 S2,25,53,6,4,1,2,-9999,-9999,-9999
1681,599.343461,599.343686539,599.343686039,10878990,-9999,528436.3,18.38,-1,8.35101e-4,0.999999873,0,0.599999924,6,0.35483871,1.677419355,O11,de-protonated,0,-9999,C31 H52 O11,31,52,11,-9999,-9999,-9999,-9999,-9999,-9999
1681,599.343461,599.343686539,599.344175296,10878990,-9999,528436.3,18.38,-1,-0.815486089,0.886329445,0,0.531797667,10,0.088235294,1.558823529,N2 S1 P1 O3,de-protonated,0,-9999,C34 H53 O3 N2 P1 S1,34,53,3,2,1,1,-9999,-9999,-9999
1681,599.343461,599.343686539,599.343523848,10878990,-9999,528436.3,18.38,-1,0.271450072,0.98671891,0,0.592031346,1,0.192307692,2.192307692,N4 S2 P1 O5,de-protonated,0,-9999,C26 H57 O5 N4 P1 S2,26,57,5,4,1,2,-9999,-9999,-9999
1682,599.379873,599.380098557,599.380071548,7602199.5,-9999,482320.9,12.25,-1,0.045060395,0.999631647,0,0.599778988,5,0.3125,1.75,O10,de-protonated,0,-9999,C32 H56 O10,32,56,10,-9999,-9999,-9999,-9999,-9999,-9999
1682,599.379873,599.380098557,599.380560806,7602199.5,-9999,482320.9,12.25,-1,-0.771211276,0.897699714,0,0.538619829,9,0.057142857,1.628571429,N2 S1 P1 O2,de-protonated,0,-9999,C35 H57 O2 N2 P1 S1,35,57,2,2,1,1,-9999,-9999,-9999
1682,599.379873,599.380098557,599.379909357,7602199.5,-9999,482320.9,12.25,-1,0.31565895,0.982082805,0,0.589249683,0,0.148148148,2.259259259,N4 S2 P1 O4,de-protonated,0,-9999,C27 H61 O4 N4 P1 S2,27,61,4,4,1,2,-9999,-9999,-9999
1683,601.28619,601.286416454,601.286565085,8061437,-9999,518588.4,13.11,-1,-0.247187863,0.988974384,0,0.59338463,7,0.448275862,1.586206897,O13,de-protonated,0,-9999,C29 H46 O13,29,46,13,-9999,-9999,-9999,-9999,-9999,-9999
1683,601.28619,601.286416454,601.28605202,8061437,-9999,518588.4,13.11,-1,0.606090077,0.935518554,0,0.561311132,25,0.047619048,0.904761905,N2 O2,de-protonated,0,-9999,C42 H38 O2 N2,42,38,2,2,-9999,-9999,-9999,-9999,-9999
1683,601.28619,601.286416454,601.286402893,8061437,-9999,518588.4,13.11,-1,0.022552629,0.999907716,0,0.599944629,2,0.291666667,2.125,N4 S2 P1 O7,de-protonated,0,-9999,C24 H51 O7 N4 P1 S2,24,51,7,4,1,2,-9999,-9999,-9999
1684,601.322744,601.322970471,601.322950594,11010566,-9999,516149.5,18.63,-1,0.033055642,0.999801755,0,0.599881053,6,0.4,1.666666667,O12,de-protonated,0,-9999,C30 H50 O12,30,50,12,-9999,-9999,-9999,-9999,-9999,-9999
1684,601.322744,601.322970471,601.32243753,11010566,-9999,516149.5,18.63,-1,0.886282189,0.867163933,0,0.52029836,24,0.023255814,0.976744186,N2 O1,de-protonated,0,-9999,C43 H42 O1 N2,43,42,1,2,-9999,-9999,-9999,-9999,-9999
1684,601.322744,601.322970471,601.323439851,11010566,-9999,516149.5,18.63,-1,-0.780578641,0.895335087,0,0.537201052,10,0.121212121,1.545454545,N2 S1 P1 O4,de-protonated,0,-9999,C33 H51 O4 N2 P1 S1,33,51,4,2,1,1,-9999,-9999,-9999
1684,601.322744,601.322970471,601.322788403,11010566,-9999,516149.5,18.63,-1,0.302779888,0.98350316,0,0.590101896,1,0.24,2.2,N4 S2 P1 O6,de-protonated,0,-9999,C25 H55 O6 N4 P1 S2,25,55,6,4,1,2,-9999,-9999,-9999
1685,601.359088,601.359314488,601.359336103,8684047,-9999,493158.5,14.28,-1,-0.035943776,0.999765604,0,0.599859362,5,0.35483871,1.741935484,O11,de-protonated,0,-9999,C31 H54 O11,31,54,11,-9999,-9999,-9999,-9999,-9999,-9999
1685,601.359088,601.359314488,601.359825361,8684047,-9999,493158.5,14.28,-1,-0.849528774,0.877260443,0,0.526356266,9,0.088235294,1.617647059,N2 S1 P1 O3,de-protonated,0,-9999,C34 H55 O3 N2 P1 S1,34,55,3,2,1,1,-9999,-9999,-9999
1685,601.359088,601.359314488,601.359173912,8684047,-9999,493158.5,14.28,-1,0.23376413099999999,0.990133611,0,0.594080166,0,0.192307692,2.269230769,N4 S2 P1 O5,de-protonated,0,-9999,C26 H59 O5 N4 P1 S2,26,59,5,4,1,2,-9999,-9999,-9999
1686,603.257527,603.257754382,603.25745449,7799788.5,-9999,509619,12.62,-1,0.497121653,0.956149113,0,0.573689468,20,0.102564103,1.025641026,S1 O4,de-protonated,0,-9999,C39 H40 O4 S1,39,40,4,-9999,-9999,1,-9999,-9999,-9999
1686,603.257527,603.257754382,603.257587431,7799788.5,-9999,509619,12.62,-1,0.276748467,0.986199016,0,0.59171941,7,0.428571429,1.607142857,P1 O12,de-protonated,0,-9999,C28 H45 O12 P1,28,45,12,-9999,1,-9999,-9999,-9999,-9999
1687,603.29385,603.294077399,603.293839999,10879989,-9999,490579.8,18.38,-1,0.393506573,0.972294184,0,0.583376511,19,0.075,1.1,S1 O3,de-protonated,0,-9999,C40 H44 O3 S1,40,44,3,-9999,-9999,1,-9999,-9999,-9999
1687,603.29385,603.294077399,603.293972941,10879989,-9999,490579.8,18.38,-1,0.173146701,0.994574977,0,0.596744986,6,0.379310345,1.689655172,P1 O11,de-protonated,0,-9999,C29 H49 O11 P1,29,49,11,-9999,1,-9999,-9999,-9999,-9999
1688,603.330403,603.330630416,603.330225508,7914494.5,-9999,483149.4,12.84,-1,0.671121603,0.921525112,0,0.552915067,18,0.048780488,1.170731707,S1 O2,de-protonated,0,-9999,C41 H48 O2 S1,41,48,2,-9999,-9999,1,-9999,-9999,-9999
1688,603.330403,603.330630416,603.33122783,7914494.5,-9999,483149.4,12.84,-1,-0.990191829,0.837020445,0,0.502212267,4,0.161290323,1.838709677,S2 P1 O5,de-protonated,0,-9999,C31 H57 O5 P1 S2,31,57,5,-9999,1,2,-9999,-9999,-9999
1688,603.330403,603.330630416,603.33035845,7914494.5,-9999,483149.4,12.84,-1,0.450774959,0.9638014,0,0.57828084,5,0.333333333,1.766666667,P1 O10,de-protonated,0,-9999,C30 H53 O10 P1,30,53,10,-9999,1,-9999,-9999,-9999,-9999
1689,604.297237,604.297464871,604.297464121,8176879,-9999,535809.8,13.33,-1,0.001241108,0.999999721,0,0.599999832,6,0.464285714,1.678571429,N1 O13,de-protonated,0,-9999,C28 H47 O13 N1,28,47,13,1,-9999,-9999,-9999,-9999,-9999
1689,604.297237,604.297464871,604.296951057,8176879,-9999,535809.8,13.33,-1,0.850267816,0.877060503,0,0.526236302,24,0.048780488,0.951219512,N3 O2,de-protonated,0,-9999,C41 H39 O2 N3,41,39,2,3,-9999,-9999,-9999,-9999,-9999
1689,604.297237,604.297464871,604.297953379,8176879,-9999,535809.8,13.33,-1,-0.808388227,0.88818504,0,0.532911024,10,0.161290323,1.548387097,N3 S1 P1 O5,de-protonated,0,-9999,C31 H48 O5 N3 P1 S1,31,48,5,3,1,1,-9999,-9999,-9999
1690,605.273092,605.273320331,605.273104554,11486688,-9999,492913.3,19.52,-1,0.356494736,0.97720381,0,0.586322286,19,0.102564103,1.076923077,S1 O4,de-protonated,0,-9999,C39 H42 O4 S1,39,42,4,-9999,-9999,1,-9999,-9999,-9999
1690,605.273092,605.273320331,605.273237496,11486688,-9999,492913.3,19.52,-1,0.136855457,0.99660734,0,0.597964404,6,0.428571429,1.678571429,P1 O12,de-protonated,0,-9999,C28 H47 O12 P1,28,47,12,-9999,1,-9999,-9999,-9999,-9999
1690,605.273092,605.273320331,605.272724431,11486688,-9999,492913.3,19.52,-1,0.984513545,0.838725158,0,0.503235095,24,0.024390244,0.951219512,N2 P1 O1,de-protonated,0,-9999,C41 H39 O1 N2 P1,41,39,1,2,1,-9999,-9999,-9999,-9999
1691,605.309506,605.309734348,605.309490063,13878761,-9999,464070.8,23.99,-1,0.403569531,0.970880147,0,0.582528088,18,0.075,1.15,S1 O3,de-protonated,0,-9999,C40 H46 O3 S1,40,46,3,-9999,-9999,1,-9999,-9999,-9999
1691,605.309506,605.309734348,605.309623005,13878761,-9999,464070.8,23.99,-1,0.183943444,0.993879456,0,0.596327674,5,0.379310345,1.75862069,P1 O11,de-protonated,0,-9999,C29 H51 O11 P1,29,51,11,-9999,1,-9999,-9999,-9999,-9999
1692,605.35146,605.351688368,605.351748799,18286066,-9999,477067.4,32.23,-1,-0.099829403,0.499096666,0.73113591,0.591912364,8,0.205882353,1.588235294,S1 O7,de-protonated,0,-9999,C34 H54 O7 S1,34,54,7,-9999,-9999,1,-9999,-9999,-9999
1692,605.35146,605.351688368,605.351368677,18286066,-9999,477067.4,32.23,-1,0.52810753,0.475326769,0.719752637,0.573097116,13,0.111111111,1.416666667,N2 P1 O4,de-protonated,0,-9999,C36 H51 O4 N2 P1,36,51,4,2,1,-9999,-9999,-9999,-9999
1693,606.312811,606.31303982,606.313114186,7800542,-9999,486900.2,12.62,-1,-0.122652244,0.997274086,0,0.598364451,5,0.464285714,1.75,N1 O13,de-protonated,0,-9999,C28 H49 O13 N1,28,49,13,1,-9999,-9999,-9999,-9999,-9999
1693,606.312811,606.31303982,606.312601122,7800542,-9999,486900.2,12.62,-1,0.72355182,0.909379001,0,0.5456274,23,0.048780488,1,N3 O2,de-protonated,0,-9999,C41 H41 O2 N3,41,41,2,3,-9999,-9999,-9999,-9999,-9999
1693,606.312811,606.31303982,606.313603443,7800542,-9999,486900.2,12.62,-1,-0.92958992,0.854877924,0,0.512926754,9,0.161290323,1.612903226,N3 S1 P1 O5,de-protonated,0,-9999,C31 H50 O5 N3 P1 S1,31,50,5,3,1,1,-9999,-9999,-9999
1694,607.288827,607.28905628,607.288754618,11274187,-9999,494009.2,19.12,-1,0.496734192,0.956215923,0,0.573729554,18,0.102564103,1.128205128,S1 O4,de-protonated,0,-9999,C39 H44 O4 S1,39,44,4,-9999,-9999,1,-9999,-9999,-9999
1694,607.288827,607.28905628,607.28888756,11274187,-9999,494009.2,19.12,-1,0.277823886,0.9860923,0,0.59165538,5,0.428571429,1.75,P1 O12,de-protonated,0,-9999,C28 H49 O12 P1,28,49,12,-9999,1,-9999,-9999,-9999,-9999
1695,607.325161,607.325390297,607.325140128,10454996,-9999,493364.8,17.59,-1,0.411919129,0.96968138,0,0.581808828,17,0.075,1.2,S1 O3,de-protonated,0,-9999,C40 H48 O3 S1,40,48,3,-9999,-9999,1,-9999,-9999,-9999
1695,607.325161,607.325390297,607.32527307,10454996,-9999,493364.8,17.59,-1,0.193021956,0.99326248,0,0.595957488,4,0.379310345,1.827586207,P1 O11,de-protonated,0,-9999,C29 H53 O11 P1,29,53,11,-9999,1,-9999,-9999,-9999,-9999
1696,609.304329,609.304559228,609.304404683,7915950.5,-9999,479774.1,12.88,-1,0.253642336,0.988394471,0,0.593036683,17,0.102564103,1.179487179,S1 O4,de-protonated,0,-9999,C39 H46 O4 S1,39,46,4,-9999,-9999,1,-9999,-9999,-9999
1696,609.304329,609.304559228,609.304537625,7915950.5,-9999,479774.1,12.88,-1,0.035456264,0.999771918,0,0.599863151,4,0.428571429,1.821428571,P1 O12,de-protonated,0,-9999,C28 H51 O12 P1,28,51,12,-9999,1,-9999,-9999,-9999,-9999
1696,609.304329,609.304559228,609.30402456,7915950.5,-9999,479774.1,12.88,-1,0.877505959,0.869602977,0,0.521761786,22,0.024390244,1.048780488,N2 P1 O1,de-protonated,0,-9999,C41 H43 O1 N2 P1,41,43,1,2,1,-9999,-9999,-9999,-9999
1697,611.213096,611.213327127,611.213400143,11864944,-9999,475018.1,20.28,-1,-0.119460647,0.997413923,0,0.598448354,15,0.375,1.125,O12,de-protonated,0,-9999,C32 H36 O12,32,36,12,-9999,-9999,-9999,-9999,-9999,-9999
1697,611.213096,611.213327127,611.212887079,11864944,-9999,475018.1,20.28,-1,0.719959136,0.910235136,0,0.546141081,33,0.022222222,0.622222222,N2 O1,de-protonated,0,-9999,C45 H28 O1 N2,45,28,1,2,-9999,-9999,-9999,-9999,-9999
1697,611.213096,611.213327127,611.2138894,11864944,-9999,475018.1,20.28,-1,-0.919928863,0.857654091,0,0.514592454,19,0.114285714,1.057142857,N2 S1 P1 O4,de-protonated,0,-9999,C35 H37 O4 N2 P1 S1,35,37,4,2,1,1,-9999,-9999,-9999
1697,611.213096,611.213327127,611.212748694,11864944,-9999,475018.1,20.28,-1,0.946368892,0.850009292,0,0.510005575,6,0.583333333,1.666666667,N2 S1 O14,de-protonated,0,-9999,C24 H40 O14 N2 S1,24,40,14,2,-9999,1,-9999,-9999,-9999
1697,611.213096,611.213327127,611.213237951,11864944,-9999,475018.1,20.28,-1,0.14589897,0.99614504,0,0.597687024,10,0.222222222,1.518518519,N4 S2 P1 O6,de-protonated,0,-9999,C27 H41 O6 N4 P1 S2,27,41,6,4,1,2,-9999,-9999,-9999
1698,611.226176,611.226407133,611.226154361,8407923,-9999,515192,13.8,-1,0.413549661,0.969444592,0,0.581666755,23,0.1,0.9,S1 O4,de-protonated,0,-9999,C40 H36 O4 S1,40,36,4,-9999,-9999,1,-9999,-9999,-9999
1698,611.226176,611.226407133,611.226287302,8407923,-9999,515192,13.8,-1,0.196049551,0.993050205,0,0.595830123,10,0.413793103,1.413793103,P1 O12,de-protonated,0,-9999,C29 H41 O12 P1,29,41,12,-9999,1,-9999,-9999,-9999,-9999
1698,611.226176,611.226407133,611.226484007,8407923,-9999,515192,13.8,-1,-0.12576983,0.997133951,0,0.59828037,2,0.947368421,2.105263158,N4 O18,de-protonated,0,-9999,C19 H40 O18 N4,19,40,18,4,-9999,-9999,-9999,-9999,-9999
1699,613.322756,613.32298812,613.322950594,8244567,-9999,477571,13.49,-1,0.061184599,0.999320967,0,0.59959258,7,0.387096774,1.612903226,O12,de-protonated,0,-9999,C31 H50 O12,31,50,12,-9999,-9999,-9999,-9999,-9999,-9999
1699,613.322756,613.32298812,613.32243753,8244567,-9999,477571,13.49,-1,0.89771731,0.863959974,0,0.518375985,25,0.022727273,0.954545455,N2 O1,de-protonated,0,-9999,C44 H42 O1 N2,44,42,1,2,-9999,-9999,-9999,-9999,-9999
1699,613.322756,613.32298812,613.323439851,8244567,-9999,477571,13.49,-1,-0.736530519,0.906257519,0,0.543754511,11,0.117647059,1.5,N2 S1 P1 O4,de-protonated,0,-9999,C34 H51 O4 N2 P1 S1,34,51,4,2,1,1,-9999,-9999,-9999
1699,613.322756,613.32298812,613.322788403,8244567,-9999,477571,13.49,-1,0.325631547,0.980943833,0,0.5885663,2,0.230769231,2.115384615,N4 S2 P1 O6,de-protonated,0,-9999,C26 H55 O6 N4 P1 S2,26,55,6,4,1,2,-9999,-9999,-9999
1700,613.359023,613.359255137,613.359336103,10341727,-9999,481913,17.43,-1,-0.132004772,0.996843203,0,0.598105922,6,0.34375,1.6875,O11,de-protonated,0,-9999,C32 H54 O11,32,54,11,-9999,-9999,-9999,-9999,-9999,-9999
1700,613.359023,613.359255137,613.359825361,10341727,-9999,481913,17.43,-1,-0.929672413,0.854854133,0,0.51291248,10,0.085714286,1.571428571,N2 S1 P1 O3,de-protonated,0,-9999,C35 H55 O3 N2 P1 S1,35,55,3,2,1,1,-9999,-9999,-9999
1700,613.359023,613.359255137,613.359173912,10341727,-9999,481913,17.43,-1,0.132426438,0.996823035,0,0.598093821,1,0.185185185,2.185185185,N4 S2 P1 O5,de-protonated,0,-9999,C27 H59 O5 N4 P1 S2,27,59,5,4,1,2,-9999,-9999,-9999
1701,615.301913,615.302146052,615.302215149,9178902,-9999,536407.3,15.24,-1,-0.112298534,0.997714374,0,0.598628624,7,0.433333333,1.6,O13,de-protonated,0,-9999,C30 H48 O13,30,48,13,-9999,-9999,-9999,-9999,-9999,-9999
1701,615.301913,615.302146052,615.301702085,9178902,-9999,536407.3,15.24,-1,0.721543126,0.909858098,0,0.545914859,25,0.046511628,0.930232558,N2 O2,de-protonated,0,-9999,C43 H40 O2 N2,43,40,2,2,-9999,-9999,-9999,-9999,-9999
1701,615.301913,615.302146052,615.302704406,9178902,-9999,536407.3,15.24,-1,-0.907447477,0.86121086,0,0.516726516,11,0.151515152,1.484848485,N2 S1 P1 O5,de-protonated,0,-9999,C33 H49 O5 N2 P1 S1,33,49,5,2,1,1,-9999,-9999,-9999
1701,615.301913,615.302146052,615.302052958,9178902,-9999,536407.3,15.24,-1,0.151297713,0.995855073,0,0.597513044,2,0.28,2.12,N4 S2 P1 O7,de-protonated,0,-9999,C25 H53 O7 N4 P1 S2,25,53,7,4,1,2,-9999,-9999,-9999
1702,615.338257,615.338490069,615.338600658,9260830,-9999,539603.4,15.4,-1,-0.179721829,0.99415636,0,0.596493816,6,0.387096774,1.677419355,O12,de-protonated,0,-9999,C31 H52 O12,31,52,12,-9999,-9999,-9999,-9999,-9999,-9999
1702,615.338257,615.338490069,615.338087594,9260830,-9999,539603.4,15.4,-1,0.654070469,0.925311139,0,0.555186683,24,0.022727273,1,N2 O1,de-protonated,0,-9999,C44 H44 O1 N2,44,44,1,2,-9999,-9999,-9999,-9999,-9999
1702,615.338257,615.338490069,615.339089916,9260830,-9999,539603.4,15.4,-1,-0.9748237,0.841619486,0,0.504971692,10,0.117647059,1.558823529,N2 S1 P1 O4,de-protonated,0,-9999,C34 H53 O4 N2 P1 S1,34,53,4,2,1,1,-9999,-9999,-9999
1702,615.338257,615.338490069,615.338438467,9260830,-9999,539603.4,15.4,-1,0.083858814,0.998724812,0,0.599234887,1,0.230769231,2.192307692,N4 S2 P1 O6,de-protonated,0,-9999,C26 H57 O6 N4 P1 S2,26,57,6,4,1,2,-9999,-9999,-9999
1703,617.309551,617.309784997,617.309490063,8196305.5,-9999,506066.8,13.4,-1,0.477772154,0.959427422,0,0.575656453,19,0.073170732,1.12195122,S1 O3,de-protonated,0,-9999,C41 H46 O3 S1,41,46,3,-9999,-9999,1,-9999,-9999,-9999
1703,617.309551,617.309784997,617.309623005,8196305.5,-9999,506066.8,13.4,-1,0.262415405,0.987582846,0,0.592549707,6,0.366666667,1.7,P1 O11,de-protonated,0,-9999,C30 H51 O11 P1,30,51,11,-9999,1,-9999,-9999,-9999,-9999
1704,619.288751,619.288985928,619.288754618,10343036,-9999,470912.8,17.43,-1,0.373508881,0.975004002,0,0.585002401,19,0.1,1.1,S1 O4,de-protonated,0,-9999,C40 H44 O4 S1,40,44,4,-9999,-9999,1,-9999,-9999,-9999
1704,619.288751,619.288985928,619.28888756,10343036,-9999,470912.8,17.43,-1,0.158840441,0.995432461,0,0.597259477,6,0.413793103,1.689655172,P1 O12,de-protonated,0,-9999,C29 H49 O12 P1,29,49,12,-9999,1,-9999,-9999,-9999,-9999
1704,619.288751,619.288985928,619.288374496,10343036,-9999,470912.8,17.43,-1,0.987314465,0.837885068,0,0.502731041,24,0.023809524,0.976190476,N2 P1 O1,de-protonated,0,-9999,C42 H41 O1 N2 P1,42,41,1,2,1,-9999,-9999,-9999,-9999
1705,619.325173,619.325407945,619.325140128,8802948,-9999,414865.8,14.54,-1,0.432434641,0.966638342,0,0.579983005,18,0.073170732,1.170731707,S1 O3,de-protonated,0,-9999,C41 H48 O3 S1,41,48,3,-9999,-9999,1,-9999,-9999,-9999
1705,619.325173,619.325407945,619.32527307,8802948,-9999,414865.8,14.54,-1,0.2177788,0.991431246,0,0.594858748,5,0.366666667,1.766666667,P1 O11,de-protonated,0,-9999,C30 H53 O11 P1,30,53,11,-9999,1,-9999,-9999,-9999,-9999
1706,619.336385,619.336619951,619.336886581,30413446,-9999,475638.3,55.07,-1,-0.43050983,0.964807562,0.956098611,0.961323982,0,0.481481481,2.074074074,S1 O13,de-protonated,0,-9999,C27 H56 O13 S1,27,56,13,-9999,-9999,1,-9999,-9999,-9999
1706,619.336385,619.336619951,619.336373517,30413446,-9999,475638.3,55.07,-1,0.397899499,0.973621316,0.967939713,0.971348675,18,0.05,1.2,N2 S1 O2,de-protonated,0,-9999,C40 H48 O2 N2 S1,40,48,2,2,-9999,1,-9999,-9999,-9999
1706,619.336385,619.336619951,619.336506459,30413446,-9999,475638.3,55.07,-1,0.183247558,0.994788923,0.968843418,0.984410721,5,0.344827586,1.827586207,N2 P1 O10,de-protonated,0,-9999,C29 H53 O10 N2 P1,29,53,10,2,1,-9999,-9999,-9999,-9999
1707,619.367122,619.367356965,619.367398864,15864461,-9999,478150.2,27.78,-1,-0.067647617,0.999169999,0,0.599501999,8,0.2,1.6,S1 O7,de-protonated,0,-9999,C35 H56 O7 S1,35,56,7,-9999,-9999,1,-9999,-9999,-9999
1707,619.367122,619.367356965,619.367018741,15864461,-9999,478150.2,27.78,-1,0.546079758,0.473664629,0.714192896,0.569875936,13,0.108108108,1.432432432,N2 P1 O4,de-protonated,0,-9999,C37 H53 O4 N2 P1,37,53,4,2,1,-9999,-9999,-9999,-9999
1708,620.339722,620.339957423,620.340241416,11244378,-9999,477394.2,19.12,-1,-0.457802613,0.962685406,0.956098611,0.960050688,0,0.481481481,2.074074074,13C1 S1 O13,de-protonated,1,1706,C26 H56 O13 S1 13C1,26,56,13,-9999,-9999,1,1,-9999,-9999
1708,620.339722,620.339957423,620.339728352,11244378,-9999,477394.2,19.12,-1,0.3692668,0.975561599,0.967939713,0.972512845,18,0.05,1.2,13C1 N2 S1 O2,de-protonated,1,1706,C39 H48 O2 N2 S1 13C1,39,48,2,2,-9999,1,1,-9999,-9999
1708,620.339722,620.339957423,620.339861294,11244378,-9999,477394.2,19.12,-1,0.15496205,0.995652308,0.968843418,0.984928752,5,0.344827586,1.827586207,13C1 N2 P1 O10,de-protonated,1,1706,C28 H53 O10 N2 P1 13C1,28,53,10,2,1,-9999,1,-9999,-9999
1708,620.339722,620.339957423,620.33999764,11244378,-9999,477394.2,19.12,-1,-0.064829744,0.999237681,0,0.599542608,5,0.428571429,1.821428571,N3 O12,de-protonated,0,-9999,C28 H51 O12 N3,28,51,12,3,-9999,-9999,-9999,-9999,-9999
1709,621.304322,621.304557877,621.304404683,10441763,-9999,446652.3,17.61,-1,0.246568646,0.989029251,0,0.59341755,18,0.1,1.15,S1 O4,de-protonated,0,-9999,C40 H46 O4 S1,40,46,4,-9999,-9999,1,-9999,-9999,-9999
1709,621.304322,621.304557877,621.304537625,10441763,-9999,446652.3,17.61,-1,0.032596664,0.999807222,0,0.599884333,5,0.413793103,1.75862069,P1 O12,de-protonated,0,-9999,C29 H51 O12 P1,29,51,12,-9999,1,-9999,-9999,-9999,-9999
1709,621.304322,621.304557877,621.30402456,10441763,-9999,446652.3,17.61,-1,0.858382828,0.874856666,0,0.524913999,23,0.023809524,1.023809524,N2 P1 O1,de-protonated,0,-9999,C42 H43 O1 N2 P1,42,43,1,2,1,-9999,-9999,-9999,-9999
1710,621.333429,621.333664891,621.333909201,9081897,-9999,449587.6,15.06,-1,-0.393203057,0.972336311,0,0.583401787,0,0.615384615,2.076923077,O16,de-protonated,0,-9999,C26 H54 O16,26,54,16,-9999,-9999,-9999,-9999,-9999,-9999
1710,621.333429,621.333664891,621.333396137,9081897,-9999,449587.6,15.06,-1,0.432543718,0.966621794,0,0.579973076,18,0.128205128,1.179487179,N2 O5,de-protonated,0,-9999,C39 H46 O5 N2,39,46,5,2,-9999,-9999,-9999,-9999,-9999
1711,621.340757,621.340992894,621.340790192,9180202,-9999,482796.8,15.24,-1,0.326233188,0.98087403,0,0.588524418,17,0.073170732,1.219512195,S1 O3,de-protonated,0,-9999,C41 H50 O3 S1,41,50,3,-9999,-9999,1,-9999,-9999,-9999
1711,621.340757,621.340992894,621.340923134,9180202,-9999,482796.8,15.24,-1,0.11227372,0.997715383,0,0.59862923,4,0.366666667,1.833333333,P1 O11,de-protonated,0,-9999,C30 H55 O11 P1,30,55,11,-9999,1,-9999,-9999,-9999,-9999
1712,623.320166,623.320402826,623.320054747,8721853,-9999,523572.3,14.38,-1,0.558426842,0.944987994,0,0.566992797,17,0.1,1.2,S1 O4,de-protonated,0,-9999,C40 H48 O4 S1,40,48,4,-9999,-9999,1,-9999,-9999,-9999
1712,623.320166,623.320402826,623.320187689,8721853,-9999,523572.3,14.38,-1,0.345146723,0.978616633,0,0.58716998,4,0.413793103,1.827586207,P1 O12,de-protonated,0,-9999,C29 H53 O12 P1,29,53,12,-9999,1,-9999,-9999,-9999,-9999
1713,627.338313,627.338551718,627.338600658,9656521,-9999,483860.4,16.14,-1,-0.07801362,0.99889629,0,0.599337774,7,0.375,1.625,O12,de-protonated,0,-9999,C32 H52 O12,32,52,12,-9999,-9999,-9999,-9999,-9999,-9999
1713,627.338313,627.338551718,627.338087594,9656521,-9999,483860.4,16.14,-1,0.739829613,0.905456946,0,0.543274168,25,0.022222222,0.977777778,N2 O1,de-protonated,0,-9999,C45 H44 O1 N2,45,44,1,2,-9999,-9999,-9999,-9999,-9999
1713,627.338313,627.338551718,627.339089916,9656521,-9999,483860.4,16.14,-1,-0.857906536,0.874986439,0,0.524991864,11,0.114285714,1.514285714,N2 S1 P1 O4,de-protonated,0,-9999,C35 H53 O4 N2 P1 S1,35,53,4,2,1,1,-9999,-9999,-9999
1713,627.338313,627.338551718,627.338438467,9656521,-9999,483860.4,16.14,-1,0.180525164,0.994104157,0,0.596462494,2,0.222222222,2.111111111,N4 S2 P1 O6,de-protonated,0,-9999,C27 H57 O6 N4 P1 S2,27,57,6,4,1,2,-9999,-9999,-9999
1714,629.317386,629.317625649,629.317865214,8116789.5,-9999,488775.6,13.25,-1,-0.380673207,0.974048572,0,0.584429143,7,0.419354839,1.612903226,O13,de-protonated,0,-9999,C31 H50 O13,31,50,13,-9999,-9999,-9999,-9999,-9999,-9999
1714,629.317386,629.317625649,629.317352149,8116789.5,-9999,488775.6,13.25,-1,0.434597582,0.966309472,0,0.579785683,25,0.045454545,0.954545455,N2 O2,de-protonated,0,-9999,C44 H42 O2 N2,44,42,2,2,-9999,-9999,-9999,-9999,-9999
1714,629.317386,629.317625649,629.317703022,8116789.5,-9999,488775.6,13.25,-1,-0.12294763,0.997260958,0,0.598356575,2,0.269230769,2.115384615,N4 S2 P1 O7,de-protonated,0,-9999,C26 H55 O7 N4 P1 S2,26,55,7,4,1,2,-9999,-9999,-9999
1715,629.353978,629.354217666,629.354250723,9116220,-9999,486779.4,15.12,-1,-0.052524592,0.999499539,0,0.599699723,6,0.375,1.6875,O12,de-protonated,0,-9999,C32 H54 O12,32,54,12,-9999,-9999,-9999,-9999,-9999,-9999
1715,629.353978,629.354217666,629.353737659,9116220,-9999,486779.4,15.12,-1,0.762699331,0.899828972,0,0.539897383,24,0.022222222,1.022222222,N2 O1,de-protonated,0,-9999,C45 H46 O1 N2,45,46,1,2,-9999,-9999,-9999,-9999,-9999
1715,629.353978,629.354217666,629.35473998,9116220,-9999,486779.4,15.12,-1,-0.829919745,0.882518235,0,0.529510941,10,0.114285714,1.571428571,N2 S1 P1 O4,de-protonated,0,-9999,C35 H55 O4 N2 P1 S1,35,55,4,2,1,1,-9999,-9999,-9999
1715,629.353978,629.354217666,629.354088532,9116220,-9999,486779.4,15.12,-1,0.20518617,0.992389868,0,0.595433921,1,0.222222222,2.185185185,N4 S2 P1 O6,de-protonated,0,-9999,C27 H59 O6 N4 P1 S2,27,59,6,4,1,2,-9999,-9999,-9999
1716,631.288694,631.288934577,631.288754618,7609234.5,-9999,512721.8,12.29,-1,0.28506546,0.985363234,0,0.59121794,20,0.097560976,1.073170732,S1 O4,de-protonated,0,-9999,C41 H44 O4 S1,41,44,4,-9999,-9999,1,-9999,-9999,-9999
1716,631.288694,631.288934577,631.28888756,7609234.5,-9999,512721.8,12.29,-1,0.074477613,0.998994026,0,0.599396416,7,0.4,1.633333333,P1 O12,de-protonated,0,-9999,C30 H49 O12 P1,30,49,12,-9999,1,-9999,-9999,-9999,-9999
1716,631.288694,631.288934577,631.288374496,7609234.5,-9999,512721.8,12.29,-1,0.887203317,0.86690693,0,0.520144158,25,0.023255814,0.953488372,N2 P1 O1,de-protonated,0,-9999,C43 H41 O1 N2 P1,43,41,1,2,1,-9999,-9999,-9999,-9999
1717,633.304415,633.304656526,633.304404683,8920297,-9999,476271.8,14.75,-1,0.397665047,0.971713919,0,0.583028351,19,0.097560976,1.12195122,S1 O4,de-protonated,0,-9999,C41 H46 O4 S1,41,46,4,-9999,-9999,1,-9999,-9999,-9999
1717,633.304415,633.304656526,633.304537625,8920297,-9999,476271.8,14.75,-1,0.187747425,0.993624508,0,0.596174705,6,0.4,1.7,P1 O12,de-protonated,0,-9999,C30 H51 O12 P1,30,51,12,-9999,1,-9999,-9999,-9999,-9999
1717,633.304415,633.304656526,633.30402456,8920297,-9999,476271.8,14.75,-1,0.997886515,0.834700318,0,0.500820191,24,0.023255814,1,N2 P1 O1,de-protonated,0,-9999,C43 H43 O1 N2 P1,43,43,1,2,1,-9999,-9999,-9999,-9999
1718,633.340741,633.340982543,633.340790192,10493167,-9999,464506.7,17.7,-1,0.303708175,0.983402696,0,0.590041617,18,0.071428571,1.19047619,S1 O3,de-protonated,0,-9999,C42 H50 O3 S1,42,50,3,-9999,-9999,1,-9999,-9999,-9999
1718,633.340741,633.340982543,633.340923134,10493167,-9999,464506.7,17.7,-1,0.093802632,0.998404719,0,0.599042831,5,0.35483871,1.774193548,P1 O11,de-protonated,0,-9999,C31 H55 O11 P1,31,55,11,-9999,1,-9999,-9999,-9999,-9999
1719,633.35201,633.352251548,633.352536646,35331312,-9999,458989.7,64.29,-1,-0.450140235,0.972883603,0.96470938,0.969613914,0,0.464285714,2.071428571,S1 O13,de-protonated,0,-9999,C28 H58 O13 S1,28,58,13,-9999,-9999,1,-9999,-9999,-9999
1719,633.35201,633.352251548,633.352023582,35331312,-9999,458989.7,64.29,-1,0.359936942,0.966964654,0.960524007,0.964388395,18,0.048780488,1.219512195,N2 S1 O2,de-protonated,0,-9999,C41 H50 O2 N2 S1,41,50,2,2,-9999,1,-9999,-9999,-9999
1719,633.35201,633.352251548,633.352156523,35331312,-9999,458989.7,64.29,-1,0.15003511,0.990816903,0.977245173,0.985388211,5,0.333333333,1.833333333,N2 P1 O10,de-protonated,0,-9999,C30 H55 O10 N2 P1,30,55,10,2,1,-9999,-9999,-9999,-9999
1720,633.382785,633.383026563,633.383048928,7478518,-9999,500134.7,12.05,-1,-0.035311259,0.99977378,0,0.599864268,8,0.194444444,1.611111111,S1 O7,de-protonated,0,-9999,C36 H58 O7 S1,36,58,7,-9999,-9999,1,-9999,-9999,-9999
1720,633.382785,633.383026563,633.382668806,7478518,-9999,500134.7,12.05,-1,0.564835422,0.943754493,0,0.56625269600000006,13,0.105263158,1.447368421,N2 P1 O4,de-protonated,0,-9999,C38 H55 O4 N2 P1,38,55,4,2,1,-9999,-9999,-9999,-9999
1721,634.355448,634.355690021,634.355891481,12918165,-9999,441074.1,22.25,-1,-0.317582261,0.981865799,0.96470938,0.975003231,0,0.464285714,2.071428571,13C1 S1 O13,de-protonated,1,1719,C27 H58 O13 S1 13C1,27,58,13,-9999,-9999,1,1,-9999,-9999
1721,634.355448,634.355690021,634.355378417,12918165,-9999,441074.1,22.25,-1,0.491213731,0.957162671,0.960524007,0.958507205,18,0.048780488,1.219512195,13C1 N2 S1 O2,de-protonated,1,1719,C40 H50 O2 N2 S1 13C1,40,50,2,2,-9999,1,1,-9999,-9999
1721,634.355448,634.355690021,634.355511358,12918165,-9999,441074.1,22.25,-1,0.281643871,0.985709982,0.977245173,0.982324059,5,0.333333333,1.833333333,13C1 N2 P1 O10,de-protonated,1,1719,C29 H55 O10 N2 P1 13C1,29,55,10,2,1,-9999,1,-9999,-9999
1721,634.355448,634.355690021,634.355647704,12918165,-9999,441074.1,22.25,-1,0.066708198,0.999192882,0,0.599515729,5,0.413793103,1.827586207,N3 O12,de-protonated,0,-9999,C29 H53 O12 N3,29,53,12,3,-9999,-9999,-9999,-9999,-9999
1722,635.283673,635.283915458,635.283669238,7937578,-9999,468751.8,12.91,-1,0.387574292,0.973111993,0,0.583867196,19,0.125,1.1,S1 O5,de-protonated,0,-9999,C40 H44 O5 S1,40,44,5,-9999,-9999,1,-9999,-9999,-9999
1722,635.283673,635.283915458,635.28380218,7937578,-9999,468751.8,12.91,-1,0.178310682,0.994247503,0,0.596548502,6,0.448275862,1.689655172,P1 O13,de-protonated,0,-9999,C29 H49 O13 P1,29,49,13,-9999,1,-9999,-9999,-9999,-9999
1722,635.283673,635.283915458,635.283289116,7937578,-9999,468751.8,12.91,-1,0.985925726,0.83830179,0,0.502981074,24,0.047619048,0.976190476,N2 P1 O2,de-protonated,0,-9999,C42 H41 O2 N2 P1,42,41,2,2,1,-9999,-9999,-9999,-9999
1723,635.319971,635.320213475,635.320054747,12295728,-9999,440473,21.08,-1,0.249838414,0.988738009,0,0.593242805,18,0.097560976,1.170731707,S1 O4,de-protonated,0,-9999,C41 H48 O4 S1,41,48,4,-9999,-9999,1,-9999,-9999,-9999
1723,635.319971,635.320213475,635.320187689,12295728,-9999,440473,21.08,-1,0.040586818,0.999701146,0,0.599820688,5,0.4,1.766666667,P1 O12,de-protonated,0,-9999,C30 H53 O12 P1,30,53,12,-9999,1,-9999,-9999,-9999,-9999
1723,635.319971,635.320213475,635.319674625,12295728,-9999,440473,21.08,-1,0.848155498,0.877631627,0,0.526578976,23,0.023255814,1.046511628,N2 P1 O1,de-protonated,0,-9999,C43 H45 O1 N2 P1,43,45,1,2,1,-9999,-9999,-9999,-9999
1724,635.349068,635.349310488,635.349559266,11542068,-9999,490594.9,19.67,-1,-0.391559614,0.972563881,0,0.583538328,0,0.592592593,2.074074074,O16,de-protonated,0,-9999,C27 H56 O16,27,56,16,-9999,-9999,-9999,-9999,-9999,-9999
1724,635.349068,635.349310488,635.349046201,11542068,-9999,490594.9,19.67,-1,0.415971384,0.969091287,0,0.581454772,18,0.125,1.2,N2 O5,de-protonated,0,-9999,C40 H48 O5 N2,40,48,5,2,-9999,-9999,-9999,-9999,-9999
1725,635.356395,635.356637492,635.356440257,9051701,-9999,475010.6,15,-1,0.310432284,0.982666107,0,0.589599664,17,0.071428571,1.238095238,S1 O3,de-protonated,0,-9999,C42 H52 O3 S1,42,52,3,-9999,-9999,1,-9999,-9999,-9999
1725,635.356395,635.356637492,635.356573198,9051701,-9999,475010.6,15,-1,0.101192659,0.998143699,0,0.598886219,4,0.35483871,1.838709677,P1 O11,de-protonated,0,-9999,C31 H57 O11 P1,31,57,11,-9999,1,-9999,-9999,-9999,-9999
1726,639.338308,639.338552366,639.338600658,7495818.5,-9999,516232,12.08,-1,-0.075534562,0.998965286,0,0.599379171,8,0.363636364,1.575757576,O12,de-protonated,0,-9999,C33 H52 O12,33,52,12,-9999,-9999,-9999,-9999,-9999,-9999
1726,639.338308,639.338552366,639.338087594,7495818.5,-9999,516232,12.08,-1,0.726958237,0.908564066,0,0.54513844,26,0.02173913,0.956521739,N2 O1,de-protonated,0,-9999,C46 H44 O1 N2,46,44,1,2,-9999,-9999,-9999,-9999,-9999
1726,639.338308,639.338552366,639.339089916,7495818.5,-9999,516232,12.08,-1,-0.840789371,0.87961503,0,0.527769018,12,0.111111111,1.472222222,N2 S1 P1 O4,de-protonated,0,-9999,C36 H53 O4 N2 P1 S1,36,53,4,2,1,1,-9999,-9999,-9999
1726,639.338308,639.338552366,639.338438467,7495818.5,-9999,516232,12.08,-1,0.178151605,0.994257733,0,0.59655464,3,0.214285714,2.035714286,N4 S2 P1 O6,de-protonated,0,-9999,C28 H57 O6 N4 P1 S2,28,57,6,4,1,2,-9999,-9999,-9999
1727,641.317436,641.317681298,641.317865214,7545243,-9999,460508,12.21,-1,-0.28677765,0.985188192,0,0.591112915,8,0.40625,1.5625,O13,de-protonated,0,-9999,C32 H50 O13,32,50,13,-9999,-9999,-9999,-9999,-9999,-9999
1727,641.317436,641.317681298,641.317352149,7545243,-9999,460508,12.21,-1,0.513238288,0.953328207,0,0.571996924,26,0.044444444,0.933333333,N2 O2,de-protonated,0,-9999,C45 H42 O2 N2,45,42,2,2,-9999,-9999,-9999,-9999,-9999
1727,641.317436,641.317681298,641.317703022,7545243,-9999,460508,12.21,-1,-0.033874474,0.999791813,0,0.599875088,3,0.259259259,2.037037037,N4 S2 P1 O7,de-protonated,0,-9999,C27 H55 O7 N4 P1 S2,27,55,7,4,1,2,-9999,-9999,-9999
1728,641.353965,641.354210315,641.354250723,8176032,-9999,406508.1,13.4,-1,-0.063003846,0.999280002,0,0.599568001,7,0.363636364,1.636363636,O12,de-protonated,0,-9999,C33 H54 O12,33,54,12,-9999,-9999,-9999,-9999,-9999,-9999
1728,641.353965,641.354210315,641.353737659,8176032,-9999,406508.1,13.4,-1,0.736966884,0.906151793,0,0.543691076,25,0.02173913,1,N2 O1,de-protonated,0,-9999,C46 H46 O1 N2,46,46,1,2,-9999,-9999,-9999,-9999,-9999
1728,641.353965,641.354210315,641.35473998,8176032,-9999,406508.1,13.4,-1,-0.825853621,0.883596993,0,0.530158196,11,0.111111111,1.527777778,N2 S1 P1 O4,de-protonated,0,-9999,C36 H55 O4 N2 P1 S1,36,55,4,2,1,1,-9999,-9999,-9999
1728,641.353965,641.354210315,641.354088532,8176032,-9999,406508.1,13.4,-1,0.189885038,0.993478981,0,0.596087389,2,0.214285714,2.107142857,N4 S2 P1 O6,de-protonated,0,-9999,C28 H59 O6 N4 P1 S2,28,59,6,4,1,2,-9999,-9999,-9999
1729,643.295968,643.296214229,643.296616704,8454810,-9999,260394.7,13.92,-1,-0.625644717,0.931438888,0,0.558863333,26,0.068181818,0.909090909,N2 O3,de-protonated,0,-9999,C44 H40 O3 N2,44,40,3,2,-9999,-9999,-9999,-9999,-9999
1729,643.295968,643.296214229,643.295965256,8454810,-9999,260394.7,13.92,-1,0.387027999,0.973186713,0,0.583912028,17,0.138888889,1.222222222,N4 S1 O5,de-protonated,0,-9999,C36 H44 O5 N4 S1,36,44,5,4,-9999,1,-9999,-9999,-9999
1729,643.295968,643.296214229,643.296098197,8454810,-9999,260394.7,13.92,-1,0.180370782,0.994114207,0,0.59646852400000006,4,0.52,1.96,N4 P1 O13,de-protonated,0,-9999,C25 H49 O13 N4 P1,25,49,13,4,1,-9999,-9999,-9999,-9999
1730,643.333171,643.33341724700006,643.333515278,7987870.5,-9999,518746.1,13.04,-1,-0.152380087,0.995795681,0,0.597477408,7,0.40625,1.625,O13,de-protonated,0,-9999,C32 H52 O13,32,52,13,-9999,-9999,-9999,-9999,-9999,-9999
1730,643.333171,643.33341724700006,643.333002214,7987870.5,-9999,518746.1,13.04,-1,0.645129399,0.927263521,0,0.556358113,25,0.044444444,0.977777778,N2 O2,de-protonated,0,-9999,C45 H44 O2 N2,45,44,2,2,-9999,-9999,-9999,-9999,-9999
1730,643.333171,643.33341724700006,643.334004535,7987870.5,-9999,518746.1,13.04,-1,-0.912882831,0.859666134,0,0.51579968,11,0.142857143,1.514285714,N2 S1 P1 O5,de-protonated,0,-9999,C35 H53 O5 N2 P1 S1,35,53,5,2,1,1,-9999,-9999,-9999
1730,643.333171,643.33341724700006,643.333353087,7987870.5,-9999,518746.1,13.04,-1,0.099730742,0.998196899,0,0.598918139,2,0.259259259,2.111111111,N4 S2 P1 O7,de-protonated,0,-9999,C27 H57 O7 N4 P1 S2,27,57,7,4,1,2,-9999,-9999,-9999
1731,645.340839,645.341086192,645.340790192,8381327,-9999,466463.1,13.78,-1,0.458671795,0.96254627,0,0.577527762,19,0.069767442,1.162790698,S1 O3,de-protonated,0,-9999,C43 H50 O3 S1,43,50,3,-9999,-9999,1,-9999,-9999,-9999
1731,645.340839,645.341086192,645.340923134,8381327,-9999,466463.1,13.78,-1,0.252669376,0.988482823,0,0.593089694,6,0.34375,1.71875,P1 O11,de-protonated,0,-9999,C32 H55 O11 P1,32,55,11,-9999,1,-9999,-9999,-9999,-9999
1732,647.320078,647.320326124,647.320054747,9299050,-9999,482926.6,15.51,-1,0.419230333,0.968612789,0,0.581167673,19,0.095238095,1.142857143,S1 O4,de-protonated,0,-9999,C42 H48 O4 S1,42,48,4,-9999,-9999,1,-9999,-9999,-9999
1732,647.320078,647.320326124,647.320187689,9299050,-9999,482926.6,15.51,-1,0.213857801,0.991735754,0,0.595041452,6,0.387096774,1.709677419,P1 O12,de-protonated,0,-9999,C31 H53 O12 P1,31,53,12,-9999,1,-9999,-9999,-9999,-9999
1733,649.299303,649.299552055,649.299319303,8201522.5,-9999,427448.9,13.44,-1,0.358467615,0.976953737,0,0.586172242,19,0.12195122,1.12195122,S1 O5,de-protonated,0,-9999,C41 H46 O5 S1,41,46,5,-9999,-9999,1,-9999,-9999,-9999
1733,649.299303,649.299552055,649.299452244,8201522.5,-9999,427448.9,13.44,-1,0.153721135,0.995721512,0,0.597432907,6,0.433333333,1.7,P1 O13,de-protonated,0,-9999,C30 H51 O13 P1,30,51,13,-9999,1,-9999,-9999,-9999,-9999
1733,649.299303,649.299552055,649.29893918,8201522.5,-9999,427448.9,13.44,-1,0.943903126,0.850728471,0,0.510437083,24,0.046511628,1,N2 P1 O2,de-protonated,0,-9999,C43 H43 O2 N2 P1,43,43,2,2,1,-9999,-9999,-9999,-9999
1734,649.33566,649.335909072,649.335704812,8135990,-9999,487354.7,13.32,-1,0.314568476,0.982205279,0,0.589323167,18,0.095238095,1.19047619,S1 O4,de-protonated,0,-9999,C42 H50 O4 S1,42,50,4,-9999,-9999,1,-9999,-9999,-9999
1734,649.33566,649.335909072,649.335837754,8135990,-9999,487354.7,13.32,-1,0.109833477,0.997813507,0,0.598688104,5,0.387096774,1.774193548,P1 O12,de-protonated,0,-9999,C31 H55 O12 P1,31,55,12,-9999,1,-9999,-9999,-9999,-9999
1734,649.33566,649.335909072,649.335324689,8135990,-9999,487354.7,13.32,-1,0.899971156,0.863325043,0,0.517995026,23,0.022727273,1.068181818,N2 P1 O1,de-protonated,0,-9999,C44 H47 O1 N2 P1,44,47,1,2,1,-9999,-9999,-9999,-9999
1735,649.371916,649.372165089,649.372090321,7955769.5,-9999,424738.9,12.98,-1,0.115139318,0.997597414,0,0.598558449,17,0.069767442,1.255813953,S1 O3,de-protonated,0,-9999,C43 H54 O3 S1,43,54,3,-9999,-9999,1,-9999,-9999,-9999
1735,649.371916,649.372165089,649.372223263,7955769.5,-9999,424738.9,12.98,-1,-0.089584168,0.998544875,0,0.599126925,4,0.34375,1.84375,P1 O11,de-protonated,0,-9999,C32 H59 O11 P1,32,59,11,-9999,1,-9999,-9999,-9999,-9999
1736,657.348839,657.349091844,657.349165343,9643925,-9999,403336.7,16.16,-1,-0.111809739,0.997734205,0,0.598640523,7,0.393939394,1.636363636,O13,de-protonated,0,-9999,C33 H54 O13,33,54,13,-9999,-9999,-9999,-9999,-9999,-9999
1736,657.348839,657.349091844,657.348652278,9643925,-9999,403336.7,16.16,-1,0.668695691,0.922068749,0,0.55324125,25,0.043478261,1,N2 O2,de-protonated,0,-9999,C46 H46 O2 N2,46,46,2,2,-9999,-9999,-9999,-9999,-9999
1736,657.348839,657.349091844,657.3496546,9643925,-9999,403336.7,16.16,-1,-0.856097489,0.875478863,0,0.525287318,11,0.138888889,1.527777778,N2 S1 P1 O5,de-protonated,0,-9999,C36 H55 O5 N2 P1 S1,36,55,5,2,1,1,-9999,-9999,-9999
1736,657.348839,657.349091844,657.349003151,9643925,-9999,403336.7,16.16,-1,0.134925725,0.996702185,0,0.598021311,2,0.25,2.107142857,N4 S2 P1 O7,de-protonated,0,-9999,C28 H59 O7 N4 P1 S2,28,59,7,4,1,2,-9999,-9999,-9999
1737,659.056403,659.056656648,659.056981032,21800938,-9999,427737.9,39.04,-1,-0.492193333,0.478497688,0.662980834,0.552290946,40,0.021276596,0.340425532,S2 O1,de-protonated,0,-9999,C47 H16 O1 S2,47,16,1,-9999,-9999,2,-9999,-9999,-9999
1737,659.056403,659.056656648,659.057113973,21800938,-9999,427737.9,39.04,-1,-0.69390827,0.458169398,0.719752637,0.562802694,27,0.25,0.583333333,S1 P1 O9,de-protonated,0,-9999,C36 H21 O9 P1 S1,36,21,9,-9999,1,1,-9999,-9999,-9999
1737,659.056403,659.056656648,659.056462525,21800938,-9999,427737.9,39.04,-1,0.294547598,0.492190542,0.767553728,0.602335816,18,0.392857143,0.892857143,N2 S2 P1 O11,de-protonated,0,-9999,C28 H25 O11 N2 P1 S2,28,25,11,2,1,2,-9999,-9999,-9999
1737,659.056403,659.056656648,659.057310678,21800938,-9999,427737.9,39.04,-1,-0.99237147,0.836364403,0,0.501818642,19,0.576923077,0.769230769,N4 S1 O15,de-protonated,0,-9999,C26 H20 O15 N4 S1,26,20,15,4,-9999,1,-9999,-9999,-9999
1738,661.053338,661.053592588,661.054003652,8464442,-9999,485222.4,13.94,-1,-0.621830102,0.932243484,0,0.559346091,40,0.086956522,0.304347826,S1 O4,de-protonated,0,-9999,C46 H14 O4 S1,46,14,4,-9999,-9999,1,-9999,-9999,-9999
1738,661.053338,661.053592588,661.054136593,8464442,-9999,485222.4,13.94,-1,-0.82293564,0.884368688,0,0.530621213,27,0.342857143,0.542857143,P1 O12,de-protonated,0,-9999,C35 H19 O12 P1,35,19,12,-9999,1,-9999,-9999,-9999,-9999
1738,661.053338,661.053592588,661.053865267,8464442,-9999,485222.4,13.94,-1,-0.412491119,0.969598415,0,0.581759049,13,0.68,1.04,S2 O17,de-protonated,0,-9999,C25 H26 O17 S2,25,26,17,-9999,-9999,2,-9999,-9999,-9999
1738,661.053338,661.053592588,661.052995887,8464442,-9999,485222.4,13.94,-1,0.902652321,0.862568269,0,0.517540961,14,0.916666667,0.916666667,O22,de-protonated,0,-9999,C24 H22 O22,24,22,22,-9999,-9999,-9999,-9999,-9999,-9999
1738,661.053338,661.053592588,661.053352203,8464442,-9999,485222.4,13.94,-1,0.36363994,0.976291873,0,0.585775124,31,0.157894737,0.473684211,N2 S2 O6,de-protonated,0,-9999,C38 H18 O6 N2 S2,38,18,6,2,-9999,2,-9999,-9999,-9999
1738,661.053338,661.053592588,661.053485145,8464442,-9999,485222.4,13.94,-1,0.162534006,0.995218085,0,0.597130851,18,0.518518519,0.851851852,N2 S1 P1 O14,de-protonated,0,-9999,C27 H23 O14 N2 P1 S1,27,23,14,2,1,1,-9999,-9999,-9999
1738,661.053338,661.053592588,661.05297208,8464442,-9999,485222.4,13.94,-1,0.938665958,0.852251755,0,0.51135105300000006,36,0.075,0.375,N4 S1 P1 O3,de-protonated,0,-9999,C40 H15 O3 N4 P1 S1,40,15,3,4,1,1,-9999,-9999,-9999
1739,661.335782,661.336036721,661.335704812,8546371,-9999,500403.1,14.09,-1,0.501877329,0.955325222,0,0.573195133,19,0.093023256,1.162790698,S1 O4,de-protonated,0,-9999,C43 H50 O4 S1,43,50,4,-9999,-9999,1,-9999,-9999,-9999
1739,661.335782,661.336036721,661.335837754,8546371,-9999,500403.1,14.09,-1,0.300857228,0.983710295,0,0.590226177,6,0.375,1.71875,P1 O12,de-protonated,0,-9999,C32 H55 O12 P1,32,55,12,-9999,1,-9999,-9999,-9999,-9999
1740,663.351267,663.35152267,663.351354876,8382584.5,-9999,426523.3,13.78,-1,0.252948443,0.988457516,0,0.593074509,18,0.093023256,1.209302326,S1 O4,de-protonated,0,-9999,C43 H52 O4 S1,43,52,4,-9999,-9999,1,-9999,-9999,-9999
1740,663.351267,663.35152267,663.351487818,8382584.5,-9999,426523.3,13.78,-1,0.052539209,0.99949926,0,0.599699556,5,0.375,1.78125,P1 O12,de-protonated,0,-9999,C32 H57 O12 P1,32,57,12,-9999,1,-9999,-9999,-9999,-9999
1740,663.351267,663.35152267,663.350974754,8382584.5,-9999,426523.3,13.78,-1,0.825982373,0.883562896,0,0.530137738,23,0.022222222,1.088888889,N2 P1 O1,de-protonated,0,-9999,C45 H49 O1 N2 P1,45,49,1,2,1,-9999,-9999,-9999,-9999
1741,663.422278,663.422533703,663.422605066,7866490,-9999,418294.5,12.81,-1,-0.107567981,0.997902683,0,0.59874161,8,0.25,1.666666667,N2 O9,de-protonated,0,-9999,C36 H60 O9 N2,36,60,9,2,-9999,-9999,-9999,-9999,-9999
1741,663.422278,663.422533703,663.423094324,7866490,-9999,418294.5,12.81,-1,-0.845042003,0.878471531,0,0.527082918,12,0.025641026,1.564102564,N4 S1 P1 O1,de-protonated,0,-9999,C39 H61 O1 N4 P1 S1,39,61,1,4,1,1,-9999,-9999,-9999
1742,669.346611,669.346869492,669.346663419,7907465,-9999,349779.9,12.89,-1,0.307872094,0.982948398,0,0.589769039,12,0.210526316,1.421052632,S1 O8,de-protonated,0,-9999,C38 H54 O8 S1,38,54,8,-9999,-9999,1,-9999,-9999,-9999
1742,669.346611,669.346869492,669.346283297,7907465,-9999,349779.9,12.89,-1,0.875773413,0.870082413,0,0.522049448,17,0.125,1.275,N2 P1 O5,de-protonated,0,-9999,C40 H51 O5 N2 P1,40,51,5,2,1,-9999,-9999,-9999,-9999
1743,671.267138,671.267397396,671.268032974,29436000,-9999,427497.2,53.41,-1,-0.946831868,0.846278794,0.981323334,0.90029661,23,0.12195122,1,N2 P1 O5,de-protonated,0,-9999,C41 H41 O5 N2 P1,41,41,5,2,1,-9999,-9999,-9999,-9999
1743,671.267138,671.267397396,671.267761648,29436000,-9999,427497.2,53.41,-1,-0.542632652,0.945591714,0.962561434,0.952379602,9,0.322580645,1.548387097,N2 S2 O10,de-protonated,0,-9999,C31 H48 O10 N2 S2,31,48,10,2,-9999,2,-9999,-9999,-9999
1743,671.267138,671.267397396,671.266892268,29436000,-9999,427497.2,53.41,-1,0.752499595,0.905628655,0.956445846,0.925955531,10,0.5,1.466666667,N2 O15,de-protonated,0,-9999,C30 H44 O15 N2,30,44,15,2,-9999,-9999,-9999,-9999,-9999
1743,671.267138,671.267397396,671.267381526,29436000,-9999,427497.2,53.41,-1,0.02364291,0.999948842,0.974500133,0.989769358,14,0.212121212,1.363636364,N4 S1 P1 O7,de-protonated,0,-9999,C33 H45 O7 N4 P1 S1,33,45,7,4,1,1,-9999,-9999,-9999
1744,671.364456,671.364715442,671.364815407,7899228.5,-9999,413319,12.87,-1,-0.14889801,0.995985251,0,0.597591151,7,0.382352941,1.647058824,O13,de-protonated,0,-9999,C34 H56 O13,34,56,13,-9999,-9999,-9999,-9999,-9999,-9999
1744,671.364456,671.364715442,671.364302343,7899228.5,-9999,413319,12.87,-1,0.615313271,0.933608248,0,0.560164949,25,0.042553191,1.021276596,N2 O2,de-protonated,0,-9999,C47 H48 O2 N2,47,48,2,2,-9999,-9999,-9999,-9999,-9999
1744,671.364456,671.364715442,671.365304664,7899228.5,-9999,413319,12.87,-1,-0.877647729,0.869563716,0,0.521738229,11,0.135135135,1.540540541,N2 S1 P1 O5,de-protonated,0,-9999,C37 H57 O5 N2 P1 S1,37,57,5,2,1,1,-9999,-9999,-9999
1744,671.364456,671.364715442,671.364653216,7899228.5,-9999,413319,12.87,-1,0.092686508,0.998442427,0,0.599065456,2,0.24137931,2.103448276,N4 S2 P1 O7,de-protonated,0,-9999,C29 H61 O7 N4 P1 S2,29,61,7,4,1,2,-9999,-9999,-9999
1745,671.400895,671.401154459,671.401200916,7989339.5,-9999,397567.2,13.04,-1,-0.069194219,0.99913163,0,0.599478978,6,0.342857143,1.714285714,O12,de-protonated,0,-9999,C35 H60 O12,35,60,12,-9999,-9999,-9999,-9999,-9999,-9999
1745,671.400895,671.401154459,671.400687852,7989339.5,-9999,397567.2,13.04,-1,0.694975708,0.916092328,0,0.549655397,24,0.020833333,1.083333333,N2 O1,de-protonated,0,-9999,C48 H52 O1 N2,48,52,1,2,-9999,-9999,-9999,-9999,-9999
1745,671.400895,671.401154459,671.401690174,7989339.5,-9999,397567.2,13.04,-1,-0.797904503,0.890903114,0,0.534541869,10,0.105263158,1.605263158,N2 S1 P1 O4,de-protonated,0,-9999,C38 H61 O4 N2 P1 S1,38,61,4,2,1,1,-9999,-9999,-9999
1745,671.400895,671.401154459,671.401038725,7989339.5,-9999,397567.2,13.04,-1,0.172377226,0.994622959,0,0.596773775,1,0.2,2.166666667,N4 S2 P1 O6,de-protonated,0,-9999,C30 H65 O6 N4 P1 S2,30,65,6,4,1,2,-9999,-9999,-9999
1746,672.270475,672.270734869,672.270676002,11937856,-9999,463304.9,20.47,-1,0.087564162,0.998609713,0,0.599165828,22,0.071428571,1.047619048,N1 S1 P1 O3,de-protonated,0,-9999,C42 H44 O3 N1 P1 S1,42,44,3,1,1,1,-9999,-9999,-9999
1746,672.270475,672.270734869,672.271387809,11937856,-9999,463304.9,20.47,-1,-0.971245755,0.842683472,0.981323334,0.898139417,23,0.12195122,1,13C1 N2 P1 O5,de-protonated,1,1743,C40 H41 O5 N2 P1 13C1,40,41,5,2,1,-9999,1,-9999,-9999
1746,672.270475,672.270734869,672.271116483,11937856,-9999,463304.9,20.47,-1,-0.56764981,0.943208856,0.962561434,0.950949887,9,0.322580645,1.548387097,13C1 N2 S2 O10,de-protonated,1,1743,C30 H48 O10 N2 S2 13C1,30,48,10,2,-9999,2,1,-9999,-9999
1746,672.270475,672.270734869,672.270247103,11937856,-9999,463304.9,20.47,-1,0.725549436,0.908901477,0.956445846,0.927919224,10,0.5,1.466666667,13C1 N2 O15,de-protonated,1,1743,C29 H44 O15 N2 13C1,29,44,15,2,-9999,-9999,1,-9999,-9999
1746,672.270475,672.270734869,672.270736361,11937856,-9999,463304.9,20.47,-1,-0.002219421,0.999999106,0.974500133,0.989799517,14,0.212121212,1.363636364,13C1 N4 S1 P1 O7,de-protonated,1,1743,C32 H45 O7 N4 P1 S1 13C1,32,45,7,4,1,1,1,-9999,-9999
1747,673.264202,673.264462336,673.263936115,8595483,-9999,469226.7,14.18,-1,0.781597781,0.89507648,0,0.537045888,8,0.28125,1.59375,S2 P1 O9,de-protonated,0,-9999,C32 H51 O9 P1 S2,32,51,9,-9999,1,2,-9999,-9999,-9999
1747,673.264202,673.264462336,673.264784268,8595483,-9999,469226.7,14.18,-1,-0.478164875,0.959362069,0,0.575617242,9,0.433333333,1.533333333,N2 S1 O13,de-protonated,0,-9999,C30 H46 O13 N2 S1,30,46,13,2,-9999,1,-9999,-9999,-9999
1747,673.264202,673.264462336,673.264271204,8595483,-9999,469226.7,14.18,-1,0.283889532,0.985482862,0,0.591289717,27,0.046511628,0.88372093,N4 S1 O2,de-protonated,0,-9999,C43 H38 O2 N4 S1,43,38,2,4,-9999,1,-9999,-9999,-9999
1747,673.264202,673.264462336,673.264404145,8595483,-9999,469226.7,14.18,-1,0.086431049,0.998645437,0,0.599187262,14,0.3125,1.34375,N4 P1 O10,de-protonated,0,-9999,C32 H43 O10 N4 P1,32,43,10,4,1,-9999,-9999,-9999,-9999
1747,673.264202,673.264462336,673.264132819,8595483,-9999,469226.7,14.18,-1,0.489432145,0.957466149,0,0.574479689,0,0.681818182,2.272727273,N4 S2 O15,de-protonated,0,-9999,C22 H50 O15 N4 S2,22,50,15,4,-9999,2,-9999,-9999,-9999
1749,685.343796,685.344062023,685.344079962,7447757,-9999,460737.5,12.07,-1,-0.026175841,0.999875684,0,0.59992541,8,0.411764706,1.588235294,O14,de-protonated,0,-9999,C34 H54 O14,34,54,14,-9999,-9999,-9999,-9999,-9999,-9999
1749,685.343796,685.344062023,685.343566898,7447757,-9999,460737.5,12.07,-1,0.722447567,0.909642511,0,0.545785507,26,0.063829787,0.978723404,N2 O3,de-protonated,0,-9999,C47 H46 O3 N2,47,46,3,2,-9999,-9999,-9999,-9999,-9999
1749,685.343796,685.344062023,685.344569219,7447757,-9999,460737.5,12.07,-1,-0.740061029,0.905400682,0,0.543240409,12,0.162162162,1.486486486,N2 S1 P1 O6,de-protonated,0,-9999,C37 H55 O6 N2 P1 S1,37,55,6,2,1,1,-9999,-9999,-9999
1749,685.343796,685.344062023,685.343917771,7447757,-9999,460737.5,12.07,-1,0.210480999,0.991993638,0,0.595196183,3,0.275862069,2.034482759,N4 S2 P1 O8,de-protonated,0,-9999,C29 H59 O8 N4 P1 S2,29,59,8,4,1,2,-9999,-9999,-9999
1750,695.21275,695.213020668,695.213400143,9183425,-9999,337452.9,15.35,-1,-0.545838924,0.947374461,0,0.568424677,22,0.307692308,0.923076923,O12,de-protonated,0,-9999,C39 H36 O12,39,36,12,-9999,-9999,-9999,-9999,-9999,-9999
1750,695.21275,695.213020668,695.212887079,9183425,-9999,337452.9,15.35,-1,0.192156558,0.993322557,0,0.595993534,40,0.019230769,0.538461538,N2 O1,de-protonated,0,-9999,C52 H28 O1 N2,52,28,1,2,-9999,-9999,-9999,-9999,-9999
1750,695.21275,695.213020668,695.212748694,9183425,-9999,337452.9,15.35,-1,0.391209951,0.972612183,0,0.58356731,13,0.451612903,1.290322581,N2 S1 O14,de-protonated,0,-9999,C31 H40 O14 N2 S1,31,40,14,2,-9999,1,-9999,-9999,-9999
1750,695.21275,695.213020668,695.213237951,9183425,-9999,337452.9,15.35,-1,-0.312541811,0.982431812,0,0.589459087,17,0.176470588,1.205882353,N4 S2 P1 O6,de-protonated,0,-9999,C34 H41 O6 N4 P1 S2,34,41,6,4,1,2,-9999,-9999,-9999
1750,695.21275,695.213020668,695.212368572,9183425,-9999,337452.9,15.35,-1,0.937981968,0.852450275,0,0.511470165,18,0.333333333,1.121212121,N4 P1 O11,de-protonated,0,-9999,C33 H37 O11 N4 P1,33,37,11,4,1,-9999,-9999,-9999,-9999
1752,715.216674,715.216954085,715.216985921,13654207,-9999,418331.7,23.8,-1,-0.044513213,0.999640537,0,0.599784322,15,0.25,1.25,S2 P1 O9,de-protonated,0,-9999,C36 H45 O9 P1 S2,36,45,9,-9999,1,2,-9999,-9999,-9999
1752,715.216674,715.216954085,715.21732101,13654207,-9999,418331.7,23.8,-1,-0.513026622,0.476682892,0.662980834,0.551202069,34,0.042553191,0.680851064,N4 S1 O2,de-protonated,0,-9999,C47 H32 O2 N4 S1,47,32,2,4,-9999,1,-9999,-9999,-9999
1752,715.216674,715.216954085,715.217453952,13654207,-9999,418331.7,23.8,-1,-0.698902485,0.915182962,0,0.549109777,21,0.277777778,1.027777778,N4 P1 O10,de-protonated,0,-9999,C36 H37 O10 N4 P1,36,37,10,4,1,-9999,-9999,-9999,-9999
1752,715.216674,715.216954085,715.217182626,13654207,-9999,418331.7,23.8,-1,-0.319540836,0.981643509,0,0.588986105,7,0.576923077,1.692307692,N4 S2 O15,de-protonated,0,-9999,C26 H44 O15 N4 S2,26,44,15,4,-9999,2,-9999,-9999,-9999
1752,715.216674,715.216954085,715.216313246,13654207,-9999,418331.7,23.8,-1,0.896006931,0.864441053,0,0.518664632,8,0.8,1.6,N4 O20,de-protonated,0,-9999,C25 H40 O20 N4,25,40,20,4,-9999,-9999,-9999,-9999,-9999
1753,715.978378,715.978658443,715.978665696,11507846,-9999,271482.8,19.77,-1,-0.010129991,0.999981381,0,0.599988828,17,0.72,0.8,N1 S2 P1 O18,de-protonated,0,-9999,C25 H20 O18 N1 P1 S2,25,20,18,1,1,2,-9999,-9999,-9999
1753,715.978378,715.978658443,715.978152632,11507846,-9999,271482.8,19.77,-1,0.706462049,0.913420463,0,0.548052278,35,0.184210526,0.315789474,N3 S2 P1 O7,de-protonated,0,-9999,C38 H12 O7 N3 P1 S2,38,12,7,3,1,2,-9999,-9999,-9999
1754,717.214601,717.214882025,717.214856694,13441070,-9999,401871.2,23.42,-1,0.035318376,0.999773689,0,0.599864213,16,0.484848485,1.151515152,N2 O16,de-protonated,0,-9999,C33 H38 O16 N2,33,38,16,2,-9999,-9999,-9999,-9999,-9999
1754,717.214601,717.214882025,717.21434363,13441070,-9999,401871.2,23.42,-1,0.75067533,0.451402464,0.667769153,0.53794914,34,0.108695652,0.652173913,N4 O5,de-protonated,0,-9999,C46 H30 O5 N4,46,30,5,4,-9999,-9999,-9999,-9999,-9999
1754,717.214601,717.214882025,717.215345952,13441070,-9999,401871.2,23.42,-1,-0.646844059,0.926890871,0,0.556134522,20,0.222222222,1.083333333,N4 S1 P1 O8,de-protonated,0,-9999,C36 H39 O8 N4 P1 S1,36,39,8,4,1,1,-9999,-9999,-9999
1754,717.214601,717.214882025,717.214205246,13441070,-9999,401871.2,23.42,-1,0.943622615,0.850810206,0,0.510486124,7,0.72,1.68,N4 S1 O18,de-protonated,0,-9999,C25 H42 O18 N4 S1,25,42,18,4,-9999,1,-9999,-9999,-9999
1756,733.367826,733.368114629,733.368719018,12130028,-9999,404373.9,20.94,-1,-0.824126737,0.442026968,0.635633513,0.519469586,29,0.056603774,0.943396226,O3,de-protonated,0,-9999,C53 H50 O3,53,50,3,-9999,-9999,-9999,-9999,-9999,-9999
1756,733.367826,733.368114629,733.368580633,12130028,-9999,404373.9,20.94,-1,-0.635429921,0.929355679,0,0.557613408,2,0.5,1.9375,S1 O16,de-protonated,0,-9999,C32 H62 O16 S1,32,62,16,-9999,-9999,1,-9999,-9999,-9999
1756,733.367826,733.368114629,733.368067569,12130028,-9999,404373.9,20.94,-1,0.064169566,0.999253122,0,0.599551873,20,0.111111111,1.2,N2 S1 O5,de-protonated,0,-9999,C45 H54 O5 N2 S1,45,54,5,2,-9999,1,-9999,-9999,-9999
1756,733.367826,733.368114629,733.368200511,12130028,-9999,404373.9,20.94,-1,-0.117106004,0.997514739,0,0.598508844,7,0.382352941,1.735294118,N2 P1 O13,de-protonated,0,-9999,C34 H59 O13 N2 P1,34,59,13,2,1,-9999,-9999,-9999,-9999
1756,733.367826,733.368114629,733.367687447,12130028,-9999,404373.9,20.94,-1,0.582494209,0.940291402,0,0.564174841,25,0.042553191,1.085106383,N4 P1 O2,de-protonated,0,-9999,C47 H51 O2 N4 P1,47,51,2,4,1,-9999,-9999,-9999,-9999
1756,733.367826,733.368114629,733.367416121,12130028,-9999,404373.9,20.94,-1,0.952467447,0.848225123,0,0.508935074,11,0.189189189,1.567567568,N4 S2 O7,de-protonated,0,-9999,C37 H58 O7 N4 S2,37,58,7,4,-9999,2,-9999,-9999,-9999
1757,736.05175,736.052039893,736.05214847,9181043,-9999,478701.1,15.37,-1,-0.147513825,0.996059402,0,0.597635641,37,0.279069767,0.348837209,N1 O12,de-protonated,0,-9999,C43 H15 O12 N1,43,15,12,1,-9999,-9999,-9999,-9999,-9999
1757,736.05175,736.052039893,736.051497022,9181043,-9999,478701.1,15.37,-1,0.737544608,0.906011741,0,0.543607045,28,0.4,0.542857143,N3 S1 O14,de-protonated,0,-9999,C35 H19 O14 N3 S1,35,19,14,3,-9999,1,-9999,-9999,-9999
1757,736.05175,736.052039893,736.052499343,9181043,-9999,478701.1,15.37,-1,-0.624209262,0.931742157,0,0.559045294,14,0.68,1.12,N3 S2 P1 O17,de-protonated,0,-9999,C25 H28 O17 N3 P1 S2,25,28,17,3,1,2,-9999,-9999,-9999
1757,736.05175,736.052039893,736.051629963,9181043,-9999,478701.1,15.37,-1,0.556929794,0.945274343,0,0.567164606,15,0.916666667,1,N3 P1 O22,de-protonated,0,-9999,C24 H24 O22 N3 P1,24,24,22,3,1,-9999,-9999,-9999,-9999
1758,740.999731,741.000023222,740.999914942,11737368,-9999,345265.9,20.2,-1,0.146126995,0.996133004,0,0.597679803,19,0.846153846,0.692307692,N2 S1 O22,de-protonated,0,-9999,C26 H18 O22 N2 S1,26,18,22,2,-9999,1,-9999,-9999,-9999
1758,740.999731,741.000023222,740.999534819,11737368,-9999,345265.9,20.2,-1,0.659113249,0.92419998,0,0.554519988,24,0.678571429,0.535714286,N4 P1 O19,de-protonated,0,-9999,C28 H15 O19 N4 P1,28,15,19,4,1,-9999,-9999,-9999,-9999
1759,748.03843,748.038725535,748.038742804,7535817.5,-9999,410085.2,12.25,-1,-0.023085463,0.999903304,0,0.599941982,21,0.785714286,0.678571429,N3 O22,de-protonated,0,-9999,C28 H19 O22 N3,28,19,22,3,-9999,-9999,-9999,-9999,-9999
1760,758.326764,758.327064378,758.327582481,12428374,-9999,369886.6,21.5,-1,-0.68321743,0.459394989,0.635633513,0.529890398,32,0.075471698,0.849056604,N1 O4,de-protonated,0,-9999,C53 H45 O4 N1,53,45,4,1,-9999,-9999,-9999,-9999,-9999
1760,758.326764,758.327064378,758.327444096,12428374,-9999,369886.6,21.5,-1,-0.500731175,0.955524438,0,0.573314663,5,0.53125,1.78125,N1 S1 O17,de-protonated,0,-9999,C32 H57 O17 N1 S1,32,57,17,1,-9999,1,-9999,-9999,-9999
1760,758.326764,758.327064378,758.326931032,12428374,-9999,369886.6,21.5,-1,0.17584244,0.994405214,0,0.596643128,23,0.133333333,1.088888889,N3 S1 O6,de-protonated,0,-9999,C45 H49 O6 N3 S1,45,49,6,3,-9999,1,-9999,-9999,-9999
1760,758.326764,758.327064378,758.327063974,12428374,-9999,369886.6,21.5,-1,5.33184e-4,0.999999948,0,0.599999969,10,0.411764706,1.588235294,N3 P1 O14,de-protonated,0,-9999,C34 H54 O14 N3 P1,34,54,14,3,1,-9999,-9999,-9999,-9999
1761,788.974511,788.974825805,788.974566117,14368550,-9999,381733.2,25.02,-1,0.329146168,0.980534309,0,0.588320585,32,0.421052632,0.394736842,S1 P1 O16,de-protonated,0,-9999,C38 H15 O16 P1 S1,38,15,16,-9999,1,1,-9999,-9999,-9999
1761,788.974511,788.974825805,788.974762822,14368550,-9999,381733.2,25.02,-1,0.079829506,0.998844341,0,0.599306605,24,0.785714286,0.5,N4 S1 O22,de-protonated,0,-9999,C28 H14 O22 N4 S1,28,14,22,4,-9999,1,-9999,-9999,-9999
1762,807.177793,807.178116374,807.17867186,17565882,-9999,298593.7,31.02,-1,-0.688181895,0.458827825,0.698017357,0.554503638,21,0.35,1,S2 O14,de-protonated,0,-9999,C40 H40 O14 S2,40,40,14,-9999,-9999,2,-9999,-9999,-9999
1762,807.177793,807.178116374,807.17780248,17565882,-9999,298593.7,31.02,-1,0.388878536,0.4864666,0.703327172,0.573210829,22,0.487179487,0.923076923,O19,de-protonated,0,-9999,C39 H36 O19,39,36,19,-9999,-9999,-9999,-9999,-9999,-9999
1762,807.177793,807.178116374,807.178804801,17565882,-9999,298593.7,31.02,-1,-0.852881015,0.876352504,0,0.525811502,8,0.75862069,1.551724138,S1 P1 O22,de-protonated,0,-9999,C29 H45 O22 P1 S1,29,45,22,-9999,1,1,-9999,-9999,-9999
1762,807.177793,807.178116374,807.178158795,17565882,-9999,298593.7,31.02,-1,-0.05255531,0.499749477,0.635633513,0.554103091,39,0.056603774,0.603773585,N2 S2 O3,de-protonated,0,-9999,C53 H32 O3 N2 S2,53,32,3,2,-9999,2,-9999,-9999,-9999
1762,807.177793,807.178116374,807.178291737,17565882,-9999,298593.7,31.02,-1,-0.217254639,0.495736134,0.68763467,0.572495548,26,0.261904762,0.880952381,N2 S1 P1 O11,de-protonated,0,-9999,C42 H37 O11 N2 P1 S1,42,37,11,2,1,1,-9999,-9999,-9999
1762,807.177793,807.178116374,807.177640288,17565882,-9999,298593.7,31.02,-1,0.589814965,0.469414147,0.73113591,0.574102852,17,0.382352941,1.205882353,N4 S2 P1 O13,de-protonated,0,-9999,C34 H41 O13 N4 P1 S2,34,41,13,4,1,2,-9999,-9999,-9999
1763,815.077927,815.078254093,815.078243342,9996785,-9999,378212.3,16.45,-1,0.013190447,0.999968431,0,0.599981058,35,0.239130435,0.543478261,S1 P1 O11,de-protonated,0,-9999,C46 H25 O11 P1 S1,46,25,11,-9999,1,1,-9999,-9999,-9999
1763,815.077927,815.078254093,815.078104957,9996785,-9999,378212.3,16.45,-1,0.182971025,0.993943802,0,0.596366281,8,0.96,1.48,S2 P1 O24,de-protonated,0,-9999,C25 H37 O24 P1 S2,25,37,24,-9999,1,2,-9999,-9999,-9999
1763,815.077927,815.078254093,815.077591893,9996785,-9999,378212.3,16.45,-1,0.812437899,0.887127846,0,0.532276708,26,0.342105263,0.763157895,N2 S2 P1 O13,de-protonated,0,-9999,C38 H29 O13 N2 P1 S2,38,29,13,2,1,2,-9999,-9999,-9999
1763,815.077927,815.078254093,815.078440046,9996785,-9999,378212.3,16.45,-1,-0.228141532,0.990600313,0,0.594360188,27,0.472222222,0.666666667,N4 S1 O17,de-protonated,0,-9999,C36 H24 O17 N4 S1,36,24,17,4,-9999,1,-9999,-9999,-9999
1764,834.04235,834.04268602,834.043159479,10660169,-9999,198020.5,17.67,-1,-0.56766739,0.943205441,0,0.565923264,27,0.638888889,0.583333333,N1 O23,de-protonated,0,-9999,C36 H21 O23 N1,36,21,23,1,-9999,-9999,-9999,-9999,-9999
1764,834.04235,834.04268602,834.04250803,10660169,-9999,198020.5,17.67,-1,0.213405882,0.9917705,0,0.5950623,18,0.892857143,0.892857143,N3 S1 O25,de-protonated,0,-9999,C28 H25 O25 N3 S1,28,25,25,3,-9999,1,-9999,-9999,-9999
1765,835.305381,835.305717614,835.305013081,8718647,-9999,359278,14.09,-1,0.843444151,0.878901683,0,0.52734101,27,0.076923077,1.019230769,S2 P1 O4,de-protonated,0,-9999,C52 H53 O4 P1 S2,52,53,4,-9999,1,2,-9999,-9999,-9999
1765,835.305381,835.305717614,835.306512683,8718647,-9999,359278,14.09,-1,-0.951828713,0.84841235,0,0.50904741,37,0.103448276,0.75862069,O6,de-protonated,0,-9999,C58 H44 O6,58,44,6,-9999,-9999,-9999,-9999,-9999,-9999
1765,835.305381,835.305717614,835.306374299,8718647,-9999,359278,14.09,-1,-0.786159801,0.893915651,0,0.536349391,10,0.513513514,1.513513514,S1 O19,de-protonated,0,-9999,C37 H56 O19 S1,37,56,19,-9999,-9999,1,-9999,-9999,-9999
1765,835.305381,835.305717614,835.305861235,8718647,-9999,359278,14.09,-1,-0.171937071,0.99465031,0,0.596790186,28,0.16,0.96,N2 S1 O8,de-protonated,0,-9999,C50 H48 O8 N2 S1,50,48,8,2,-9999,1,-9999,-9999,-9999
1765,835.305381,835.305717614,835.305994176,8718647,-9999,359278,14.09,-1,-0.331090372,0.980305956,0,0.588183573,15,0.41025641,1.358974359,N2 P1 O16,de-protonated,0,-9999,C39 H53 O16 N2 P1,39,53,16,2,1,-9999,-9999,-9999,-9999
1765,835.305381,835.305717614,835.30572285,8718647,-9999,359278,14.09,-1,-0.0062679,0.999992872,0,0.599995723,1,0.724137931,2.068965517,N2 S2 O21,de-protonated,0,-9999,C29 H60 O21 N2 S2,29,60,21,2,-9999,2,-9999,-9999,-9999
1765,835.305381,835.305717614,835.305481112,8718647,-9999,359278,14.09,-1,0.283132917,0.98555958,0,0.591335748,33,0.096153846,0.865384615,N4 P1 O5,de-protonated,0,-9999,C52 H45 O5 N4 P1,52,45,5,4,1,-9999,-9999,-9999,-9999
1765,835.305381,835.305717614,835.305209786,8718647,-9999,359278,14.09,-1,0.607955788,0.935134142,0,0.561080485,19,0.238095238,1.238095238,N4 S2 O10,de-protonated,0,-9999,C42 H52 O10 N4 S2,42,52,10,4,-9999,2,-9999,-9999,-9999
1765,835.305381,835.305717614,835.305342728,8718647,-9999,359278,14.09,-1,0.448802238,0.964111796,0,0.578467078,6,0.580645161,1.838709677,N4 S1 P1 O18,de-protonated,0,-9999,C31 H57 O18 N4 P1 S1,31,57,18,4,1,1,-9999,-9999,-9999
1766,851.276393,851.276737133,851.276788247,20695608,-9999,278554,36.16,-1,-0.060044395,0.499673016,0.6825583,0.572827129,20,0.418604651,1.11627907,O18,de-protonated,0,-9999,C43 H48 O18,43,48,18,-9999,-9999,-9999,-9999,-9999,-9999
1766,851.276393,851.276737133,851.277144563,20695608,-9999,278554,36.16,-1,-0.478610312,0.479643942,0.618621811,0.53523509,37,0.035087719,0.771929825,N2 S2 O2,de-protonated,0,-9999,C57 H44 O2 N2 S2,57,44,2,2,-9999,2,-9999,-9999,-9999
1766,851.276393,851.276737133,851.276275183,20695608,-9999,278554,36.16,-1,0.542655615,0.473985142,0.622788794,0.533506603,38,0.125,0.714285714,N2 O7,de-protonated,0,-9999,C56 H40 O7 N2,56,40,7,2,-9999,-9999,-9999,-9999,-9999
1766,851.276393,851.276737133,851.277277504,20695608,-9999,278554,36.16,-1,-0.634777603,0.464747707,0.667769153,0.545956285,24,0.217391304,1.065217391,N2 S1 P1 O10,de-protonated,0,-9999,C46 H49 O10 N2 P1 S1,46,49,10,2,1,1,-9999,-9999,-9999
1766,851.276393,851.276737133,851.276136798,20695608,-9999,278554,36.16,-1,0.705216856,0.456855924,0.725399619,0.564273402,11,0.571428571,1.485714286,N2 S1 O20,de-protonated,0,-9999,C35 H52 O20 N2 S1,35,52,20,2,-9999,1,-9999,-9999,-9999
1766,851.276393,851.276737133,851.276626056,20695608,-9999,278554,36.16,-1,0.130482768,0.498457733,0.70871839,0.582561996,15,0.315789474,1.394736842,N4 S2 P1 O12,de-protonated,0,-9999,C38 H53 O12 N4 P1 S2,38,53,12,4,1,2,-9999,-9999,-9999
1767,861.407605,861.407953902,861.407820926,9047604,-9999,349363.9,14.7,-1,0.154370234,0.995685382,0,0.597411229,31,0.06779661,1,P1 O4,de-protonated,0,-9999,C59 H59 O4 P1,59,59,4,-9999,1,-9999,-9999,-9999,-9999
1767,861.407605,861.407953902,861.4075496,9047604,-9999,349363.9,14.7,-1,0.469350294,0.960817037,0,0.576490222,17,0.183673469,1.346938776,S2 O9,de-protonated,0,-9999,C49 H66 O9 S2,49,66,9,-9999,-9999,2,-9999,-9999,-9999
1767,861.407605,861.407953902,861.407682542,9047604,-9999,349363.9,14.7,-1,0.31501943,0.982154681,0,0.589292808,4,0.447368421,1.868421053,S1 P1 O17,de-protonated,0,-9999,C38 H71 O17 P1 S1,38,71,17,-9999,1,1,-9999,-9999,-9999
1767,861.407605,861.407953902,861.407169477,9047604,-9999,349363.9,14.7,-1,0.910631389,0.860306776,0,0.516184066,22,0.117647059,1.235294118,N2 S1 P1 O6,de-protonated,0,-9999,C51 H63 O6 N2 P1 S1,51,63,6,2,1,1,-9999,-9999,-9999
1767,861.407605,861.407953902,861.408530695,9047604,-9999,349363.9,14.7,-1,-0.669592873,0.921867886,0,0.553120732,5,0.583333333,1.833333333,N2 O21,de-protonated,0,-9999,C36 H66 O21 N2,36,66,21,2,-9999,-9999,-9999,-9999,-9999
1767,861.407605,861.407953902,861.40801763,9047604,-9999,349363.9,14.7,-1,-0.073982087,0.999007361,0,0.599404417,23,0.204081633,1.183673469,N4 O10,de-protonated,0,-9999,C49 H58 O10 N4,49,58,10,4,-9999,-9999,-9999,-9999,-9999
1768,868.192312,868.192664095,868.192819603,9638691,-9999,316218.4,14.83,-1,-0.179115933,0.99419558,0,0.596517348,39,0.109090909,0.654545455,N1 S1 P1 O6,de-protonated,0,-9999,C55 H36 O6 N1 P1 S1,55,36,6,1,1,1,-9999,-9999,-9999
1768,868.192312,868.192664095,868.192681218,9638691,-9999,316218.4,14.83,-1,-0.019722278,0.999929425,0,0.599957655,12,0.558823529,1.411764706,N1 S2 P1 O19,de-protonated,0,-9999,C34 H48 O19 N1 P1 S2,34,48,19,1,1,2,-9999,-9999,-9999
1768,868.192312,868.192664095,868.191811838,9638691,-9999,316218.4,14.83,-1,0.98164613,0.839583588,0,0.503750153,13,0.727272727,1.333333333,N1 P1 O24,de-protonated,0,-9999,C33 H44 O24 N1 P1,33,44,24,1,1,-9999,-9999,-9999,-9999
1768,868.192312,868.192664095,868.192168154,9638691,-9999,316218.4,14.83,-1,0.571234723,0.942510368,0,0.565506221,30,0.170212766,0.85106383,N3 S2 P1 O8,de-protonated,0,-9999,C47 H40 O8 N3 P1 S2,47,40,8,3,1,2,-9999,-9999,-9999
1768,868.192312,868.192664095,868.193529371,9638691,-9999,316218.4,14.83,-1,-0.996639434,0.835077124,0,0.501046274,13,0.71875,1.34375,N3 S1 O23,de-protonated,0,-9999,C32 H43 O23 N3 S1,32,43,23,3,-9999,1,-9999,-9999,-9999
1769,873.32463,873.324984511,873.325534051,15587414,-9999,321679.3,25.12,-1,-0.62924942,0.465337344,0.614510218,0.525006494,34,0.103448276,0.862068966,S1 O6,de-protonated,0,-9999,C58 H50 O6 S1,58,50,6,-9999,-9999,1,-9999,-9999,-9999
1769,873.32463,873.324984511,873.325666993,15587414,-9999,321679.3,25.12,-1,-0.781474015,0.44755395,0.662980834,0.533724703,21,0.29787234,1.170212766,P1 O14,de-protonated,0,-9999,C47 H55 O14 P1,47,55,14,-9999,1,-9999,-9999,-9999,-9999
1769,873.32463,873.324984511,873.325395667,15587414,-9999,321679.3,25.12,-1,-0.470792625,0.480290331,0.714192896,0.573851357,7,0.513513514,1.675675676,S2 O19,de-protonated,0,-9999,C37 H62 O19 S2,37,62,19,-9999,-9999,2,-9999,-9999,-9999
1769,873.32463,873.324984511,873.324526287,15587414,-9999,321679.3,25.12,-1,0.524690078,0.951274357,0,0.570764614,8,0.666666667,1.611111111,O24,de-protonated,0,-9999,C36 H58 O24,36,58,24,-9999,-9999,-9999,-9999,-9999,-9999
1769,873.32463,873.324984511,873.325153928,15587414,-9999,321679.3,25.12,-1,-0.193990823,0.496597452,0.606448844,0.540538009,39,0.05,0.783333333,N2 P1 O3,de-protonated,0,-9999,C60 H47 O3 N2 P1,60,47,3,2,1,-9999,-9999,-9999,-9999
1769,873.32463,873.324984511,873.324882602,15587414,-9999,321679.3,25.12,-1,0.116690932,0.498766152,0.649019222,0.55886738,25,0.16,1.08,N2 S2 O8,de-protonated,0,-9999,C50 H54 O8 N2 S2,50,54,8,2,-9999,2,-9999,-9999,-9999
1769,873.32463,873.324984511,873.325015544,15587414,-9999,321679.3,25.12,-1,-0.035533891,0.499885459,0.703327172,0.581262144,12,0.41025641,1.512820513,N2 S1 P1 O16,de-protonated,0,-9999,C39 H59 O16 N2 P1 S1,39,59,16,2,1,1,-9999,-9999,-9999
1769,873.32463,873.324984511,873.32450248,15587414,-9999,321679.3,25.12,-1,0.551950178,0.473110955,0.640033642,0.53988003,30,0.096153846,0.980769231,N4 S1 P1 O5,de-protonated,0,-9999,C52 H51 O5 N4 P1 S1,52,51,5,4,1,1,-9999,-9999,-9999
1769,873.32463,873.324984511,873.324364095,15587414,-9999,321679.3,25.12,-1,0.710407347,0.912494456,0,0.547496674,3,0.580645161,2.032258065,N4 S2 P1 O18,de-protonated,0,-9999,C31 H63 O18 N4 P1 S2,31,63,18,4,1,2,-9999,-9999,-9999
1771,896.54429,896.544655442,896.544575383,10337787,-9999,281699.1,16.02,-1,0.089297039,0.499277091,0.598596236,0.539004749,26,0.032258065,1.209677419,N1 S1 O2,de-protonated,0,-9999,C62 H75 O2 N1 S1,62,75,2,1,-9999,1,-9999,-9999,-9999
1771,896.54429,896.544655442,896.544708325,10337787,-9999,281699.1,16.02,-1,-0.058985295,0.999368891,0,0.599621335,13,0.196078431,1.568627451,N1 P1 O10,de-protonated,0,-9999,C51 H80 O10 N1 P1,51,80,10,1,1,-9999,-9999,-9999,-9999
1771,896.54429,896.544655442,896.543923934,10337787,-9999,281699.1,16.02,-1,0.815919261,0.886215802,0,0.531729481,17,0.074074074,1.462962963,N3 S2 O4,de-protonated,0,-9999,C54 H79 O4 N3 S2,54,79,4,3,-9999,2,-9999,-9999,-9999
1771,896.54429,896.544655442,896.544056876,10337787,-9999,281699.1,16.02,-1,0.667636711,0.922305546,0,0.553383327,4,0.279069767,1.953488372,N3 S1 P1 O12,de-protonated,0,-9999,C43 H84 O12 N3 P1 S1,43,84,12,3,1,1,-9999,-9999,-9999
1772,900.185263,900.185630156,900.186020145,11666836,-9999,299722.2,18.32,-1,-0.433232109,0.483258634,0.640033642,0.545968637,34,0.153846154,0.769230769,N1 S2 P1 O8,de-protonated,0,-9999,C52 H40 O8 N1 P1 S2,52,40,8,1,1,2,-9999,-9999,-9999
1772,900.185263,900.185630156,900.185150765,11666836,-9999,299722.2,18.32,-1,0.532546423,0.474920878,0.644495114,0.542750573,35,0.254901961,0.705882353,N1 P1 O13,de-protonated,0,-9999,C51 H36 O13 N1 P1,51,36,13,1,1,-9999,-9999,-9999,-9999
1772,900.185263,900.185630156,900.184879439,11666836,-9999,299722.2,18.32,-1,0.833958178,0.881442891,0,0.528865735,21,0.43902439,1.048780488,N1 S2 O18,de-protonated,0,-9999,C41 H43 O18 N1 S2,41,43,18,1,-9999,2,-9999,-9999,-9999
1773,902.29348,902.293848148,902.294568275,9062948,-9999,273765.6,13.81,-1,-0.798105991,0.890851132,0,0.534510679,40,0.081967213,0.737704918,N1 S1 O5,de-protonated,0,-9999,C61 H45 O5 N1 S1,61,45,5,1,-9999,1,-9999,-9999,-9999
1773,902.29348,902.293848148,902.294701216,9062948,-9999,273765.6,13.81,-1,-0.945443245,0.85027942,0,0.510167652,27,0.26,1,N1 P1 O13,de-protonated,0,-9999,C50 H50 O13 N1 P1,50,50,13,1,1,-9999,-9999,-9999,-9999
1773,902.29348,902.293848148,902.29442989,9062948,-9999,273765.6,13.81,-1,-0.644736631,0.927348764,0,0.556409258,13,0.45,1.425,N1 S2 O18,de-protonated,0,-9999,C40 H57 O18 N1 S2,40,57,18,1,-9999,2,-9999,-9999,-9999
1773,902.29348,902.293848148,902.29356051,9062948,-9999,273765.6,13.81,-1,0.318784941,0.981729456,0,0.589037673,14,0.58974359,1.358974359,N1 O23,de-protonated,0,-9999,C39 H53 O23 N1,39,53,23,1,-9999,-9999,-9999,-9999,-9999
1773,902.29348,902.293848148,902.293916826,9062948,-9999,273765.6,13.81,-1,-0.07611491,0.998949333,0,0.5993696,31,0.132075472,0.924528302,N3 S2 O7,de-protonated,0,-9999,C53 H49 O7 N3 S2,53,49,7,3,-9999,2,-9999,-9999,-9999
1773,902.29348,902.293848148,902.293047446,9062948,-9999,273765.6,13.81,-1,0.887407757,0.866849864,0,0.520109918,32,0.230769231,0.865384615,N3 O12,de-protonated,0,-9999,C52 H45 O12 N3,52,45,12,3,-9999,-9999,-9999,-9999,-9999
1773,902.29348,902.293848148,902.294049768,9062948,-9999,273765.6,13.81,-1,-0.223452377,0.990981009,0,0.594588606,18,0.357142857,1.285714286,N3 S1 P1 O15,de-protonated,0,-9999,C42 H54 O15 N3 P1 S1,42,54,15,3,1,1,-9999,-9999,-9999
1774,903.854203,903.854571883,903.853871016,8834456,-9999,328203.9,13.41,-1,0.775420193,0.896640008,0,0.537984005,7,0.048387097,1.806451613,O3,de-protonated,0,-9999,C62 H112 O3,62,112,3,-9999,-9999,-9999,-9999,-9999,-9999
1775,907.553363,907.553733624,907.552830656,9262592,-9999,344075.5,14.15,-1,0.994948426,0.835587579,0,0.501352548,9,0.2,1.7,S1 P1 O10,de-protonated,0,-9999,C50 H85 O10 P1 S1,50,85,10,-9999,1,1,-9999,-9999,-9999
1775,907.553363,907.553733624,907.554548189,9262592,-9999,344075.5,14.15,-1,-0.897538094,0.864010413,0,0.518406248,9,0.183673469,1.714285714,N2 S2 O9,de-protonated,0,-9999,C49 H84 O9 N2 S2,49,84,9,2,-9999,2,-9999,-9999,-9999
1775,907.553363,907.553733624,907.553678809,9262592,-9999,344075.5,14.15,-1,0.060398731,0.999338293,0,0.599602976,10,0.291666667,1.666666667,N2 O14,de-protonated,0,-9999,C48 H80 O14 N2,48,80,14,2,-9999,-9999,-9999,-9999,-9999
1775,907.553363,907.553733624,907.553165745,9262592,-9999,344075.5,14.15,-1,0.6257257,0.931421761,0,0.558853056,28,0.049180328,1.180327869,N4 O3,de-protonated,0,-9999,C61 H72 O3 N4,61,72,3,4,-9999,-9999,-9999,-9999,-9999
1775,907.553363,907.553733624,907.554168066,9262592,-9999,344075.5,14.15,-1,-0.47869568,0.95927366,0,0.575564196,14,0.117647059,1.588235294,N4 S1 P1 O6,de-protonated,0,-9999,C51 H81 O6 N4 P1 S1,51,81,6,4,1,1,-9999,-9999,-9999
1775,907.553363,907.553733624,907.55302736,9262592,-9999,344075.5,14.15,-1,0.778206616,0.895935971,0,0.537561583,1,0.4,2.1,N4 S1 O16,de-protonated,0,-9999,C40 H84 O16 N4 S1,40,84,16,4,-9999,1,-9999,-9999,-9999
1776,910.510431,910.510803016,910.51108572,12262638,-9999,345104.8,19.34,-1,-0.310489542,0.491329884,0.631293472,0.547315319,19,0.203703704,1.351851852,N1 O11,de-protonated,0,-9999,C54 H73 O11 N1,54,73,11,1,-9999,-9999,-9999,-9999,-9999
1776,910.510431,910.510803016,910.511574978,12262638,-9999,345104.8,19.34,-1,-0.847832736,0.438859401,0.618621811,0.510764365,23,0.052631579,1.298245614,N3 S1 P1 O3,de-protonated,0,-9999,C57 H74 O3 N3 P1 S1,57,74,3,3,1,1,-9999,-9999,-9999
1776,910.510431,910.510803016,910.510434271,12262638,-9999,345104.8,19.34,-1,0.404986583,0.970678324,0,0.582406994,10,0.282608696,1.673913043,N3 S1 O13,de-protonated,0,-9999,C46 H77 O13 N3 S1,46,77,13,3,-9999,1,-9999,-9999,-9999
1777,911.240528,911.24090036,911.241543444,8560298,-9999,328666.6,12.93,-1,-0.70572285,0.913593492,0,0.548156095,39,0.155172414,0.706896552,P1 O9,de-protonated,0,-9999,C58 H41 O9 P1,58,41,9,-9999,1,-9999,-9999,-9999,-9999
1777,911.240528,911.24090036,911.241272117,8560298,-9999,328666.6,12.93,-1,-0.407968593,0.970251441,0,0.582150864,25,0.291666667,1,S2 O14,de-protonated,0,-9999,C48 H48 O14 S2,48,48,14,-9999,-9999,2,-9999,-9999,-9999
1777,911.240528,911.24090036,911.240402738,8560298,-9999,328666.6,12.93,-1,0.54609305,0.947326762,0,0.568396057,26,0.404255319,0.936170213,O19,de-protonated,0,-9999,C47 H44 O19,47,44,19,-9999,-9999,-9999,-9999,-9999,-9999
1777,911.240528,911.24090036,911.241405059,8560298,-9999,328666.6,12.93,-1,-0.553859325,0.945859514,0,0.567515708,12,0.594594595,1.432432432,S1 P1 O22,de-protonated,0,-9999,C37 H53 O22 P1 S1,37,53,22,-9999,1,1,-9999,-9999,-9999
1777,911.240528,911.24090036,911.240891995,8560298,-9999,328666.6,12.93,-1,0.009179462,0.999984711,0,0.599990826,30,0.22,0.9,N2 S1 P1 O11,de-protonated,0,-9999,C50 H45 O11 N2 P1 S1,50,45,11,2,1,1,-9999,-9999,-9999
1777,911.240528,911.24090036,911.240753611,8560298,-9999,328666.6,12.93,-1,0.161043204,0.995305199,0,0.59718312,3,0.827586207,1.965517241,N2 S2 P1 O24,de-protonated,0,-9999,C29 H57 O24 N2 P1 S2,29,57,24,2,1,2,-9999,-9999,-9999
1777,911.240528,911.24090036,911.240240546,8560298,-9999,328666.6,12.93,-1,0.724082795,0.909252177,0,0.545551306,21,0.30952381,1.166666667,N4 S2 P1 O13,de-protonated,0,-9999,C42 H49 O13 N4 P1 S2,42,49,13,4,1,2,-9999,-9999,-9999
1777,911.240528,911.24090036,911.241740148,8560298,-9999,328666.6,12.93,-1,-0.921586921,0.857179061,0,0.514307436,31,0.3125,0.833333333,N4 O15,de-protonated,0,-9999,C48 H40 O15 N4,48,40,15,4,-9999,-9999,-9999,-9999,-9999
1778,912.057626,912.057998744,912.058236172,11362463,-9999,309261.7,17.78,-1,-0.260321222,0.987779032,0,0.592667419,39,0.285714286,0.489795918,N1 S1 P1 O14,de-protonated,0,-9999,C49 H24 O14 N1 P1 S1,49,24,14,1,1,1,-9999,-9999,-9999
1778,912.057626,912.057998744,912.057095466,11362463,-9999,309261.7,17.78,-1,0.990374309,0.836965557,0,0.502179334,26,0.631578947,0.710526316,N1 S1 O24,de-protonated,0,-9999,C38 H27 O24 N1 S1,38,27,24,1,-9999,1,-9999,-9999,-9999
1778,912.057626,912.057998744,912.057584724,11362463,-9999,309261.7,17.78,-1,0.453941256,0.963300568,0,0.577980341,30,0.390243902,0.682926829,N3 S2 P1 O16,de-protonated,0,-9999,C41 H28 O16 N3 P1 S2,41,28,16,3,1,2,-9999,-9999,-9999
1779,916.647197,916.647571905,916.646932453,30256080,-9999,305416.2,50.47,-1,0.697598329,0.305161816,0.533665548,0.396563308,17,0.016393443,1.491803279,N1 S2 O1,de-protonated,0,-9999,C61 H91 O1 N1 S2,61,91,1,1,-9999,2,-9999,-9999,-9999
1779,916.647197,916.647571905,916.647065395,30256080,-9999,305416.2,50.47,-1,0.552567785,0.473052398,0.649019222,0.543439128,4,0.18,1.92,N1 S1 P1 O9,de-protonated,0,-9999,C50 H96 O9 N1 P1 S1,50,96,9,1,1,1,-9999,-9999,-9999
1779,916.647197,916.647571905,916.647913548,30256080,-9999,305416.2,50.47,-1,-0.372709659,0.487554759,0.658260696,0.555837134,5,0.270833333,1.895833333,N3 O13,de-protonated,0,-9999,C48 H91 O13 N3,48,91,13,3,-9999,-9999,-9999,-9999,-9999
1780,924.875362,924.875740778,924.875334737,8167568,-9999,239454.4,12.24,-1,0.439022636,0.965631895,0,0.579379137,5,0.06557377,1.885245902,N1 O4,de-protonated,0,-9999,C61 H115 O4 N1,61,115,4,1,-9999,-9999,-9999,-9999,-9999
1781,928.748695,928.749075601,928.749697248,27282058,-9999,237898.9,45.31,-1,-0.669336839,0.460962615,0.635633513,0.530830975,2,0.056603774,2.037735849,N3 S2 P1 O3,de-protonated,0,-9999,C53 H108 O3 N3 P1 S2,53,108,3,3,1,2,-9999,-9999,-9999
1781,928.748695,928.749075601,928.748827868,27282058,-9999,237898.9,45.31,-1,0.266738946,0.493586482,0.640033642,0.552165346,3,0.153846154,2,N3 P1 O8,de-protonated,0,-9999,C52 H104 O8 N3 P1,52,104,8,3,1,-9999,-9999,-9999,-9999
1782,929.682972,929.683353041,929.682722629,8621301,-9999,400764.8,13.02,-1,0.678094196,0.919953424,0,0.551972055,8,0.107142857,1.767857143,S1 P1 O6,de-protonated,0,-9999,C56 H99 O6 P1 S1,56,99,6,-9999,1,1,-9999,-9999,-9999
1782,929.682972,929.683353041,929.683570782,8621301,-9999,400764.8,13.02,-1,-0.234209486,0.990096168,0,0.594057701,9,0.185185185,1.740740741,N2 O10,de-protonated,0,-9999,C54 H94 O10 N2,54,94,10,2,-9999,-9999,-9999,-9999,-9999
1782,929.682972,929.683353041,929.684060039,8621301,-9999,400764.8,13.02,-1,-0.760471317,0.900383233,0,0.54022994,13,0.035087719,1.666666667,N4 S1 P1 O2,de-protonated,0,-9999,C57 H95 O2 N4 P1 S1,57,95,2,4,1,1,-9999,-9999,-9999
1782,929.682972,929.683353041,929.682919333,8621301,-9999,400764.8,13.02,-1,0.46651171,0.961280284,0,0.57676817,0,0.260869565,2.130434783,N4 S1 O12,de-protonated,0,-9999,C46 H98 O12 N4 S1,46,98,12,4,-9999,1,-9999,-9999,-9999
1783,938.145601,938.145986025,938.146657256,9159410,-9999,231274.5,13.09,-1,-0.715486003,0.911296242,0,0.546777745,38,0.226415094,0.641509434,N1 S1 P1 O12,de-protonated,0,-9999,C53 H34 O12 N1 P1 S1,53,34,12,1,1,1,-9999,-9999,-9999
1783,938.145601,938.145986025,938.14551655,9159410,-9999,231274.5,13.09,-1,0.500429006,0.95557689,0,0.573346134,25,0.523809524,0.880952381,N1 S1 O22,de-protonated,0,-9999,C42 H37 O22 N1 S1,42,37,22,1,-9999,1,-9999,-9999,-9999
1783,938.145601,938.145986025,938.146518871,9159410,-9999,231274.5,13.09,-1,-0.567977775,0.943145117,0,0.56588707,11,0.78125,1.4375,N1 S2 P1 O25,de-protonated,0,-9999,C32 H46 O25 N1 P1 S2,32,46,25,1,1,2,-9999,-9999,-9999
1783,938.145601,938.145986025,938.146005807,9159410,-9999,231274.5,13.09,-1,-0.0210864,0.999919325,0,0.599951595,29,0.311111111,0.844444444,N3 S2 P1 O14,de-protonated,0,-9999,C45 H38 O14 N3 P1 S2,45,38,14,3,1,2,-9999,-9999,-9999
1783,938.145601,938.145986025,938.145136427,9159410,-9999,231274.5,13.09,-1,0.905614403,0.861730362,0,0.517038217,30,0.431818182,0.772727273,N3 P1 O19,de-protonated,0,-9999,C44 H34 O19 N3 P1,44,34,19,3,1,-9999,-9999,-9999,-9999
1784,946.284038,946.284426856,946.284530456,11139097,-9999,312384.3,16.3,-1,-0.109480561,0.997827521,0,0.598696512,28,0.294117647,0.980392157,N1 P1 O15,de-protonated,0,-9999,C51 H50 O15 N1 P1,51,50,15,1,1,-9999,-9999,-9999,-9999
1784,946.284038,946.284426856,946.284259129,11139097,-9999,312384.3,16.3,-1,0.177247373,0.994315711,0,0.596589426,14,0.487804878,1.390243902,N1 S2 O20,de-protonated,0,-9999,C41 H57 O20 N1 S2,41,57,20,1,-9999,2,-9999,-9999,-9999
1784,946.284038,946.284426856,946.283746065,11139097,-9999,312384.3,16.3,-1,0.719436059,0.455179748,0.631293472,0.525625238,32,0.166666667,0.907407407,N3 S2 O9,de-protonated,0,-9999,C54 H49 O9 N3 S2,54,49,9,3,-9999,2,-9999,-9999,-9999
1784,946.284038,946.284426856,946.283879007,11139097,-9999,312384.3,16.3,-1,0.578947746,0.940994429,0,0.564596657,19,0.395348837,1.255813953,N3 S1 P1 O17,de-protonated,0,-9999,C43 H54 O17 N3 P1 S1,43,54,17,3,1,1,-9999,-9999,-9999
1785,950.956896,950.957287055,950.957989822,22611008,-9999,193694.8,34.95,-1,-0.739008831,0.452828195,0.703327172,0.553027786,30,0.58974359,0.538461538,S2 P1 O23,de-protonated,0,-9999,C39 H21 O23 P1 S2,39,21,23,-9999,1,2,-9999,-9999,-9999
1786,951.845215,951.845606474,951.845628808,11765391,-9999,286056.8,17.32,-1,-0.0234639,0.499950054,0.583485697,0.533364311,11,0.015151515,1.712121212,P1 O1,de-protonated,0,-9999,C66 H113 O1 P1,66,113,1,-9999,1,-9999,-9999,-9999,-9999
1786,951.845215,951.845606474,951.844977359,11765391,-9999,286056.8,17.32,-1,0.660942364,0.461897582,0.614510218,0.522942636,2,0.051724138,2.017241379,N2 S1 P1 O3,de-protonated,0,-9999,C58 H117 O3 N2 P1 S1,58,117,3,2,1,1,-9999,-9999,-9999
1786,951.845215,951.845606474,951.845825512,11765391,-9999,286056.8,17.32,-1,-0.230119727,0.495218692,0.622788794,0.546246733,3,0.125,2,N4 O7,de-protonated,0,-9999,C56 H112 O7 N4,56,112,7,4,-9999,-9999,-9999,-9999,-9999
1787,952.160971,952.161362622,952.16230732,23791456,-9999,232520,36.87,-1,-0.99216043,0.418213982,0.631293472,0.503445778,38,0.222222222,0.666666667,N1 S1 P1 O12,de-protonated,0,-9999,C54 H36 O12 N1 P1 S1,54,36,12,1,1,1,-9999,-9999,-9999
1787,952.160971,952.161362622,952.161166614,23791456,-9999,232520,36.87,-1,0.205856186,0.496170139,0.6825583,0.570725403,25,0.511627907,0.906976744,N1 S1 O22,de-protonated,0,-9999,C43 H39 O22 N1 S1,43,39,22,1,-9999,1,-9999,-9999,-9999
1787,952.160971,952.161362622,952.162168936,23791456,-9999,232520,36.87,-1,-0.846823535,0.43899561,0.736963647,0.558182825,11,0.757575758,1.454545455,N1 S2 P1 O25,de-protonated,0,-9999,C33 H48 O25 N1 P1 S2,33,48,25,1,1,2,-9999,-9999,-9999
1787,952.160971,952.161362622,952.161655871,23791456,-9999,232520,36.87,-1,-0.307982455,0.491468138,0.667769153,0.561988544,29,0.304347826,0.869565217,N3 S2 P1 O14,de-protonated,0,-9999,C46 H40 O14 N3 P1 S2,46,40,14,3,1,2,-9999,-9999,-9999
1787,952.160971,952.161362622,952.160786491,23791456,-9999,232520,36.87,-1,0.605077203,0.467863409,0.672627142,0.549768902,30,0.422222222,0.8,N3 P1 O19,de-protonated,0,-9999,C45 H36 O19 N3 P1,45,36,19,3,1,-9999,-9999,-9999,-9999
1787,952.160971,952.161362622,952.160515165,23791456,-9999,232520,36.87,-1,0.8900358,0.433057724,0.725399619,0.549994482,16,0.685714286,1.228571429,N3 S2 O24,de-protonated,0,-9999,C35 H43 O24 N3 S2,35,43,24,3,-9999,2,-9999,-9999,-9999
1788,952.205957,952.206348643,952.206935038,9209727,-9999,258212.3,13.16,-1,-0.615826672,0.93350118,0,0.560100708,37,0.236363636,0.709090909,N1 S1 O13,de-protonated,0,-9999,C55 H39 O13 N1 S1,55,39,13,1,-9999,1,-9999,-9999,-9999
1788,952.205957,952.206348643,952.20706798,9209727,-9999,258212.3,13.16,-1,-0.755440893,0.901629929,0,0.540977957,24,0.477272727,1,N1 P1 O21,de-protonated,0,-9999,C44 H44 O21 N1 P1,44,44,21,1,1,-9999,-9999,-9999,-9999
1788,952.205957,952.206348643,952.206283589,9209727,-9999,258212.3,13.16,-1,0.068319495,0.999153437,0,0.599492062,28,0.319148936,0.914893617,N3 S2 O15,de-protonated,0,-9999,C47 H43 O15 N3 S2,47,43,15,3,-9999,2,-9999,-9999,-9999
1788,952.205957,952.206348643,952.205414209,9209727,-9999,258212.3,13.16,-1,0.981336703,0.839676125,0,0.503805675,29,0.434782609,0.847826087,N3 O20,de-protonated,0,-9999,C46 H39 O20 N3,46,39,20,3,-9999,-9999,-9999,-9999,-9999
1788,952.205957,952.206348643,952.206416531,9209727,-9999,258212.3,13.16,-1,-0.071294917,0.999078128,0,0.599446877,15,0.638888889,1.333333333,N3 S1 P1 O23,de-protonated,0,-9999,C36 H48 O23 N3 P1 S1,36,48,23,3,1,1,-9999,-9999,-9999
1789,952.60419,952.604581831,952.603804337,9177224,-9999,390742.5,13.11,-1,0.816177198,0.443074055,0.572644131,0.494902085,31,0.028985507,1.144927536,N1 O2,de-protonated,0,-9999,C69 H79 O2 N1,69,79,2,1,-9999,-9999,-9999,-9999,-9999
1789,952.60419,952.604581831,952.604806659,9177224,-9999,390742.5,13.11,-1,-0.236014027,0.989943738,0,0.593966243,17,0.084745763,1.491525424,N1 S1 P1 O5,de-protonated,0,-9999,C59 H88 O5 N1 P1 S1,59,88,5,1,1,1,-9999,-9999,-9999
1789,952.60419,952.604581831,952.603665953,9177224,-9999,390742.5,13.11,-1,0.961446997,0.845584144,0,0.507350486,4,0.3125,1.895833333,N1 S1 O15,de-protonated,0,-9999,C48 H91 O15 N1 S1,48,91,15,1,-9999,1,-9999,-9999,-9999
1789,952.60419,952.604581831,952.60415521,9177224,-9999,390742.5,13.11,-1,0.447846654,0.964261698,0,0.578557019,8,0.137254902,1.803921569,N3 S2 P1 O7,de-protonated,0,-9999,C51 H92 O7 N3 P1 S2,51,92,7,3,1,2,-9999,-9999,-9999
1790,953.806551,953.806943397,953.806483849,8604584,-9999,331149.3,12.17,-1,0.481803775,0.958754178,0,0.575252507,2,0.035087719,2.01754386,N2 S2 P1 O2,de-protonated,0,-9999,C57 H115 O2 N2 P1 S2,57,115,2,2,1,2,-9999,-9999,-9999
1790,953.806551,953.806943397,953.807332003,8604584,-9999,331149.3,12.17,-1,-0.407425685,0.970329379,0,0.582197627,3,0.109090909,2,N4 S1 O6,de-protonated,0,-9999,C55 H110 O6 N4 S1,55,110,6,4,-9999,1,-9999,-9999,-9999
1791,955.858653,955.859046363,955.858519423,11391231,-9999,280667.4,16.7,-1,0.551273788,0.473175018,0.614510218,0.529709098,0,0.017241379,2.086206897,N2 S2 P1 O1,de-protonated,0,-9999,C58 H121 O1 N2 P1 S2,58,121,1,2,1,2,-9999,-9999,-9999
1791,955.858653,955.859046363,955.859367576,11391231,-9999,280667.4,16.7,-1,-0.336046739,0.489858987,0.622788794,0.54303091,1,0.089285714,2.071428571,N4 S1 O5,de-protonated,0,-9999,C56 H116 O5 N4 S1,56,116,5,4,-9999,1,-9999,-9999,-9999
1792,958.782915,958.783309739,958.783760282,19044506,-9999,286143,29.14,-1,-0.46991002,0.480362693,0.614510218,0.534021703,6,0.051724138,1.879310345,N3 S2 O3,de-protonated,0,-9999,C58 H109 O3 N3 S2,58,109,3,3,-9999,2,-9999,-9999,-9999
1792,958.782915,958.783309739,958.782890902,19044506,-9999,286143,29.14,-1,0.436843187,0.482983209,0.618621811,0.537238649,7,0.140350877,1.842105263,N3 O8,de-protonated,0,-9999,C57 H105 O8 N3,57,105,8,3,-9999,-9999,-9999,-9999,-9999
1793,959.186791,959.18718593,959.186259164,8636839,-9999,171881.9,12.22,-1,0.966200279,0.844179485,0,0.506507691,31,0.36,0.8,S1 O18,de-protonated,0,-9999,C50 H40 O18 S1,50,40,18,-9999,-9999,1,-9999,-9999,-9999
1793,959.186791,959.18718593,959.187261485,8636839,-9999,171881.9,12.22,-1,-0.078770404,0.998874785,0,0.599324871,17,0.525,1.225,S2 P1 O21,de-protonated,0,-9999,C40 H49 O21 P1 S2,40,49,21,-9999,1,2,-9999,-9999,-9999
1793,959.186791,959.18718593,959.186748421,8636839,-9999,171881.9,12.22,-1,0.45612461,0.962953324,0,0.577771995,35,0.188679245,0.773584906,N2 S2 P1 O10,de-protonated,0,-9999,C53 H41 O10 N2 P1 S2,53,41,10,2,1,2,-9999,-9999,-9999
1793,959.186791,959.18718593,959.188109638,8636839,-9999,171881.9,12.22,-1,-0.963011039,0.845122455,0,0.507073473,18,0.657894737,1.157894737,N2 S1 O25,de-protonated,0,-9999,C38 H44 O25 N2 S1,38,44,25,2,-9999,1,-9999,-9999,-9999
1793,959.186791,959.18718593,959.187596574,8636839,-9999,171881.9,12.22,-1,-0.428116971,0.967290257,0,0.580374154,36,0.274509804,0.705882353,N4 S1 O14,de-protonated,0,-9999,C51 H36 O14 N4 S1,51,36,14,4,-9999,1,-9999,-9999,-9999
1793,959.186791,959.18718593,959.187729516,8636839,-9999,171881.9,12.22,-1,-0.566715151,0.943390328,0,0.566034197,23,0.55,1.025,N4 P1 O22,de-protonated,0,-9999,C40 H41 O22 N4 P1,40,41,22,4,1,-9999,-9999,-9999,-9999
1794,960.044298,960.044693333,960.045481955,17669092,-9999,258037.1,26.91,-1,-0.821441668,0.442381494,0.672627142,0.534479753,35,0.488888889,0.533333333,N1 P1 O22,de-protonated,0,-9999,C45 H24 O22 N1 P1,45,24,22,1,1,-9999,-9999,-9999,-9999
1794,960.044298,960.044693333,960.044697564,17669092,-9999,258037.1,26.91,-1,-0.004407036,0.499998238,0.658260696,0.563303221,39,0.333333333,0.479166667,N3 S2 O16,de-protonated,0,-9999,C48 H23 O16 N3 S2,48,23,16,3,-9999,2,-9999,-9999,-9999
1794,960.044298,960.044693333,960.043828184,17669092,-9999,258037.1,26.91,-1,0.901155648,0.43149545500000003,0.662980834,0.524089606,40,0.446808511,0.404255319,N3 O21,de-protonated,0,-9999,C47 H19 O21 N3,47,19,21,3,-9999,-9999,-9999,-9999,-9999
1794,960.044298,960.044693333,960.044830506,17669092,-9999,258037.1,26.91,-1,-0.142881538,0.498151277,0.714192896,0.584567925,26,0.648648649,0.756756757,N3 S1 P1 O24,de-protonated,0,-9999,C37 H28 O24 N3 P1 S1,37,28,24,3,1,1,-9999,-9999,-9999
1795,960.455577,960.455972527,960.455105472,9231605,-9999,304611.8,13.19,-1,0.90275419,0.431269742,0.579826515,0.490692451,37,0.044776119,0.955223881,N1 P1 O3,de-protonated,0,-9999,C67 H64 O3 N1 P1,67,64,3,1,1,-9999,-9999,-9999,-9999
1795,960.455577,960.455972527,960.456823005,9231605,-9999,304611.8,13.19,-1,-0.885493391,0.433691932,0.583485697,0.493609438,37,0.03030303,0.954545455,N3 S1 O2,de-protonated,0,-9999,C66 H63 O2 N3 S1,66,63,2,3,-9999,1,-9999,-9999,-9999
1795,960.455577,960.455972527,960.456684621,9231605,-9999,304611.8,13.19,-1,-0.741411612,0.905072035,0,0.543043221,10,0.333333333,1.666666667,N3 S2 O15,de-protonated,0,-9999,C45 H75 O15 N3 S2,45,75,15,3,-9999,2,-9999,-9999,-9999
1795,960.455577,960.455972527,960.455815241,9231605,-9999,304611.8,13.19,-1,0.163761964,0.995145733,0,0.59708744,11,0.454545455,1.613636364,N3 O20,de-protonated,0,-9999,C44 H71 O20 N3,44,71,20,3,-9999,-9999,-9999,-9999,-9999
1796,960.856799,960.857194716,960.857576672,9166337,-9999,255600.3,13.08,-1,-0.397516146,0.485867398,0.590944388,0.527898194,8,0.03125,1.796875,N1 S1 O2,de-protonated,0,-9999,C64 H115 O2 N1 S1,64,115,2,1,-9999,1,-9999,-9999,-9999
1797,962.581188,962.581584527,962.582142662,8610430,-9999,304526.7,12.17,-1,-0.579830343,0.940819821,0,0.564491893,15,0.178571429,1.517857143,N1 S1 O10,de-protonated,0,-9999,C56 H85 O10 N1 S1,56,85,10,1,-9999,1,-9999,-9999,-9999
1797,962.581188,962.581584527,962.582275603,8610430,-9999,304526.7,12.17,-1,-0.717939735,0.910714839,0,0.546428903,2,0.4,2,N1 P1 O18,de-protonated,0,-9999,C45 H90 O18 N1 P1,45,90,18,1,1,-9999,-9999,-9999,-9999
1797,962.581188,962.581584527,962.581762539,8610430,-9999,304526.7,12.17,-1,-0.184931629,0.993813722,0,0.596288233,20,0.120689655,1.413793103,N3 P1 O7,de-protonated,0,-9999,C58 H82 O7 N3 P1,58,82,7,3,1,-9999,-9999,-9999,-9999
1797,962.581188,962.581584527,962.581491213,8610430,-9999,304526.7,12.17,-1,0.096941762,0.998296252,0,0.598977751,6,0.25,1.854166667,N3 S2 O12,de-protonated,0,-9999,C48 H89 O12 N3 S2,48,89,12,3,-9999,2,-9999,-9999,-9999
1798,963.813091,963.813488107,963.812614602,22504884,-9999,198714,34.77,-1,0.906302408,0.430767732,0.594745702,0.49635892,8,0.031746032,1.793650794,S1 P1 O2,de-protonated,0,-9999,C63 H113 O2 P1 S1,63,113,2,-9999,1,1,-9999,-9999,-9999
1798,963.813091,963.813488107,963.814332135,22504884,-9999,198714,34.77,-1,-0.875715704,0.435049185,0.598596236,0.500468006,8,0.016129032,1.806451613,N2 S2 O1,de-protonated,0,-9999,C62 H112 O1 N2 S2,62,112,1,2,-9999,2,-9999,-9999,-9999
1798,963.813091,963.813488107,963.813462755,22504884,-9999,198714,34.77,-1,0.026304389,0.49993723,0.602496955,0.54096112,9,0.098360656,1.770491803,N2 O6,de-protonated,0,-9999,C61 H108 O6 N2,61,108,6,2,-9999,-9999,-9999,-9999,-9999
1798,963.813091,963.813488107,963.812811306,22504884,-9999,198714,34.77,-1,0.702212293,0.457206601,0.635633513,0.528577366,0,0.150943396,2.113207547,N4 S1 O8,de-protonated,0,-9999,C53 H112 O8 N4 S1,53,112,8,4,-9999,1,-9999,-9999,-9999
1799,964.220431,964.220828299,964.22153973,21505730,-9999,241257.5,33.14,-1,-0.737829844,0.452971281,0.640033642,0.527796225,33,0.230769231,0.826923077,N3 S2 O12,de-protonated,0,-9999,C52 H43 O12 N3 S2,52,43,12,3,-9999,2,-9999,-9999,-9999
1799,964.220431,964.220828299,964.220670351,21505730,-9999,241257.5,33.14,-1,0.163809434,0.497571463,0.644495114,0.556340923,34,0.333333333,0.764705882,N3 O17,de-protonated,0,-9999,C51 H39 O17 N3,51,39,17,3,-9999,-9999,-9999,-9999,-9999
1799,964.220431,964.220828299,964.221672672,21505730,-9999,241257.5,33.14,-1,-0.875704396,0.435050748,0.692787115,0.538145295,20,0.487804878,1.170731707,N3 S1 P1 O20,de-protonated,0,-9999,C41 H48 O20 N3 P1 S1,41,48,20,3,1,1,-9999,-9999,-9999
1800,965.499506,965.499903901,965.50066214,16656920,-9999,208301.9,25.26,-1,-0.785332486,0.447063277,0.587191358,0.50311451,29,0.046153846,1.138461538,S2 O3,de-protonated,0,-9999,C65 H74 O3 S2,65,74,3,-9999,-9999,2,-9999,-9999,-9999
1800,965.499506,965.499903901,965.49979276,16656920,-9999,208301.9,25.26,-1,0.115112231,0.498799272,0.590944388,0.535657318,30,0.125,1.09375,O8,de-protonated,0,-9999,C64 H70 O8,64,70,8,-9999,-9999,-9999,-9999,-9999,-9999
1800,965.499506,965.499903901,965.500795082,16656920,-9999,208301.9,25.26,-1,-0.923024372,0.428383378,0.631293472,0.509547415,16,0.203703704,1.462962963,S1 P1 O11,de-protonated,0,-9999,C54 H79 O11 P1 S1,54,79,11,-9999,1,1,-9999,-9999,-9999
1800,965.499506,965.499903901,965.499654376,16656920,-9999,208301.9,25.26,-1,0.258441589,0.493976906,0.6825583,0.569409464,3,0.488372093,1.906976744,S1 O21,de-protonated,0,-9999,C43 H82 O21 S1,43,82,21,-9999,-9999,1,-9999,-9999,-9999
1800,965.499506,965.499903901,965.499141312,16656920,-9999,208301.9,25.26,-1,0.789839662,0.446487737,0.622788794,0.51700816,21,0.178571429,1.321428571,N2 S1 O10,de-protonated,0,-9999,C56 H74 O10 N2 S1,56,74,10,2,-9999,1,-9999,-9999,-9999
1800,965.499506,965.499903901,965.500143633,16656920,-9999,208301.9,25.26,-1,-0.248298342,0.494437826,0.667769153,0.563770357,7,0.282608696,1.804347826,N2 S2 P1 O13,de-protonated,0,-9999,C46 H83 O13 N2 P1 S2,46,83,13,2,1,2,-9999,-9999,-9999
1800,965.499506,965.499903901,965.499274253,16656920,-9999,208301.9,25.26,-1,0.652147342,0.462866497,0.672627142,0.546770755,8,0.4,1.755555556,N2 P1 O18,de-protonated,0,-9999,C45 H79 O18 N2 P1,45,79,18,2,1,-9999,-9999,-9999,-9999
1800,965.499506,965.499903901,965.499630569,16656920,-9999,208301.9,25.26,-1,0.283099192,0.492781497,0.610452919,0.539850066,25,0.033898305,1.271186441,N4 S2 P1 O2,de-protonated,0,-9999,C59 H75 O2 N4 P1 S2,59,75,2,4,1,2,-9999,-9999,-9999
1801,965.769556,965.769954028,965.770749789,9411276,-9999,169531.6,13.47,-1,-0.823964055,0.442048473,0.587191358,0.500105627,13,0.015384615,1.646153846,S1 P1 O1,de-protonated,0,-9999,C65 H107 O1 P1 S1,65,107,1,-9999,1,1,-9999,-9999,-9999
1801,965.769556,965.769954028,965.769609083,9411276,-9999,169531.6,13.47,-1,0.357171776,0.97711814,0,0.586270884,0,0.203703704,2.037037037,S1 O11,de-protonated,0,-9999,C54 H110 O11 S1,54,110,11,-9999,-9999,1,-9999,-9999,-9999
1801,965.769556,965.769954028,965.77009834,9411276,-9999,169531.6,13.47,-1,-0.14942656000000001,0.995956756,0,0.597574054,4,0.052631579,1.947368421,N2 S2 P1 O3,de-protonated,0,-9999,C57 H111 O3 N2 P1 S2,57,111,3,2,1,2,-9999,-9999,-9999
1801,965.769556,965.769954028,965.76922896,9411276,-9999,169531.6,13.47,-1,0.750767517,0.902782254,0,0.541669353,5,0.142857143,1.910714286,N2 P1 O8,de-protonated,0,-9999,C56 H107 O8 N2 P1,56,107,8,2,1,-9999,-9999,-9999,-9999
1802,965.816451,965.81684905,965.817717239,11660011,-9999,232935.5,17.13,-1,-0.898915243,0.431811322,0.618621811,0.506535518,3,0.01754386,2.01754386,N4 S2 P1 O1,de-protonated,0,-9999,C57 H115 O1 N4 P1 S2,57,115,1,4,1,2,-9999,-9999,-9999
1802,965.816451,965.81684905,965.816847859,11660011,-9999,232935.5,17.13,-1,0.001233776,0.499999862,0.622788794,0.549115435,4,0.107142857,1.982142857,N4 P1 O6,de-protonated,0,-9999,C56 H111 O6 N4 P1,56,111,6,4,1,-9999,-9999,-9999,-9999
1803,967.552861,967.553259868,967.552697714,9777010,-9999,551106.9,14.07,-1,0.581005808,0.470293456,0.583485697,0.515570352,27,0.03030303,1.212121212,S2 O2,de-protonated,0,-9999,C66 H80 O2 S2,66,80,2,-9999,-9999,2,-9999,-9999,-9999
1803,967.552861,967.553259868,967.552830656,9777010,-9999,551106.9,14.07,-1,0.443605758,0.964923386,0,0.578954032,14,0.181818182,1.545454545,S1 P1 O10,de-protonated,0,-9999,C55 H85 O10 P1 S1,55,85,10,-9999,1,1,-9999,-9999,-9999
1803,967.552861,967.553259868,967.553678809,9777010,-9999,551106.9,14.07,-1,-0.432990099,0.966554032,0,0.579932419,15,0.264150943,1.509433962,N2 O14,de-protonated,0,-9999,C53 H80 O14 N2,53,80,14,2,-9999,-9999,-9999,-9999,-9999
1803,967.552861,967.553259868,967.553165745,9777010,-9999,551106.9,14.07,-1,0.097279499,0.499142185,0.583485697,0.53287959,33,0.045454545,1.090909091,N4 O3,de-protonated,0,-9999,C66 H72 O3 N4,66,72,3,4,-9999,-9999,-9999,-9999,-9999
1803,967.552861,967.553259868,967.554168066,9777010,-9999,551106.9,14.07,-1,-0.93865392,0.852255249,0,0.51135315,19,0.107142857,1.446428571,N4 S1 P1 O6,de-protonated,0,-9999,C56 H81 O6 N4 P1 S1,56,81,6,4,1,1,-9999,-9999,-9999
1803,967.552861,967.553259868,967.55302736,9777010,-9999,551106.9,14.07,-1,0.240304676,0.989576706,0,0.593746024,6,0.355555556,1.866666667,N4 S1 O16,de-protonated,0,-9999,C45 H84 O16 N4 S1,45,84,16,4,-9999,1,-9999,-9999,-9999
1804,967.556408,967.556806869,967.556201959,27864948,-9999,311993.3,43.48,-1,0.625194026,0.465767085,0.640033642,0.535473708,9,0.192307692,1.711538462,S2 P1 O10,de-protonated,0,-9999,C52 H89 O10 P1 S2,52,89,10,-9999,1,2,-9999,-9999,-9999
1804,967.556408,967.556806869,967.557701561,27864948,-9999,311993.3,43.48,-1,-0.924690581,0.42814414,0.614510218,0.502690571,19,0.206896552,1.379310345,O12,de-protonated,0,-9999,C58 H80 O12,58,80,12,-9999,-9999,-9999,-9999,-9999,-9999
1804,967.556408,967.556806869,967.557188497,27864948,-9999,311993.3,43.48,-1,-0.394423449,0.32405558,0.485764205,0.38873903,37,0.014084507,1.014084507,N2 O1,de-protonated,0,-9999,C71 H72 O1 N2,71,72,1,2,-9999,-9999,-9999,-9999,-9999
1804,967.556408,967.556806869,967.557050112,27864948,-9999,311993.3,43.48,-1,-0.251398936,0.494298845,0.649019222,0.556186996,10,0.28,1.68,N2 S1 O14,de-protonated,0,-9999,C50 H84 O14 N2 S1,50,84,14,2,-9999,1,-9999,-9999,-9999
1804,967.556408,967.556806869,967.556537048,27864948,-9999,311993.3,43.48,-1,0.27886891,0.328662738,0.523600568,0.40663787,28,0.047619048,1.206349206,N4 S1 O3,de-protonated,0,-9999,C63 H76 O3 N4 S1,63,76,3,4,-9999,1,-9999,-9999,-9999
1804,967.556408,967.556806869,967.55753937,27864948,-9999,311993.3,43.48,-1,-0.757061088,0.45061455500000003,0.635633513,0.524622138,14,0.113207547,1.603773585,N4 S2 P1 O6,de-protonated,0,-9999,C53 H85 O6 N4 P1 S2,53,85,6,4,1,2,-9999,-9999,-9999
1804,967.556408,967.556806869,967.55666999,27864948,-9999,311993.3,43.48,-1,0.141469447,0.498187572,0.640033642,0.554926,15,0.211538462,1.557692308,N4 P1 O11,de-protonated,0,-9999,C52 H81 O11 N4 P1,52,81,11,4,1,-9999,-9999,-9999,-9999
1804,967.556408,967.556806869,967.556398664,27864948,-9999,311993.3,43.48,-1,0.421893615,0.484109577,0.68763467,0.565519614,1,0.380952381,2.095238095,N4 S2 O16,de-protonated,0,-9999,C42 H88 O16 N4 S2,42,88,16,4,-9999,2,-9999,-9999,-9999
1805,969.304976,969.305375693,969.305407005,9073667,-9999,232747,12.92,-1,-0.032303549,0.999810673,0,0.599886404,33,0.118644068,0.93220339,S2 P1 O7,de-protonated,0,-9999,C59 H55 O7 P1 S2,59,55,7,-9999,1,2,-9999,-9999,-9999
1805,969.304976,969.305375693,969.304537625,9073667,-9999,232747,12.92,-1,0.864607389,0.87315584,0,0.523893504,34,0.206896552,0.879310345,P1 O12,de-protonated,0,-9999,C58 H51 O12 P1,58,51,12,-9999,1,-9999,-9999,-9999,-9999
1805,969.304976,969.305375693,969.306255158,9073667,-9999,232747,12.92,-1,-0.90731404,0.861248702,0,0.516749221,34,0.192982456,0.877192982,N2 S1 O11,de-protonated,0,-9999,C57 H50 O11 N2 S1,57,50,11,2,-9999,1,-9999,-9999,-9999
1805,969.304976,969.305375693,969.306116773,9073667,-9999,232747,12.92,-1,-0.764547682,0.89936819,0,0.539620914,7,0.666666667,1.722222222,N2 S2 O24,de-protonated,0,-9999,C36 H62 O24 N2 S2,36,62,24,2,-9999,2,-9999,-9999,-9999
1805,969.304976,969.305375693,969.305875035,9073667,-9999,232747,12.92,-1,-0.515154883,0.952987322,0,0.571792393,39,0.13559322,0.796610169,N4 P1 O8,de-protonated,0,-9999,C59 H47 O8 N4 P1,59,47,8,4,1,-9999,-9999,-9999,-9999
1805,969.304976,969.305375693,969.305603709,9073667,-9999,232747,12.92,-1,-0.235236951,0.990009519,0,0.594005711,25,0.265306122,1.102040816,N4 S2 O13,de-protonated,0,-9999,C49 H54 O13 N4 S2,49,54,13,4,-9999,2,-9999,-9999,-9999
1805,969.304976,969.305375693,969.304734329,9073667,-9999,232747,12.92,-1,0.661673623,0.923633058,0,0.554179835,26,0.375,1.041666667,N4 O18,de-protonated,0,-9999,C48 H50 O18 N4,48,50,18,4,-9999,-9999,-9999,-9999,-9999
1805,969.304976,969.305375693,969.305736651,9073667,-9999,232747,12.92,-1,-0.372388412,0.975151869,0,0.585091121,12,0.552631579,1.552631579,N4 S1 P1 O21,de-protonated,0,-9999,C38 H59 O21 N4 P1 S1,38,59,21,4,1,1,-9999,-9999,-9999
1806,969.350638,969.351037714,969.350167664,15512610,-9999,286658.2,23.39,-1,0.897559983,0.432002126,0.653607294,0.520644193,19,0.326530612,1.285714286,S1 P1 O16,de-protonated,0,-9999,C49 H63 O16 P1 S1,49,63,16,-9999,1,1,-9999,-9999,-9999
1806,969.350638,969.351037714,969.351885197,15512610,-9999,286658.2,23.39,-1,-0.874278095,0.435247826,0.658260696,0.524452974,19,0.3125,1.291666667,N2 S2 O15,de-protonated,0,-9999,C48 H62 O15 N2 S2,48,62,15,2,-9999,2,-9999,-9999,-9999
1806,969.350638,969.351037714,969.351015817,15512610,-9999,286658.2,23.39,-1,0.022589083,0.499953709,0.662980834,0.565164559,20,0.425531915,1.234042553,N2 O20,de-protonated,0,-9999,C47 H58 O20 N2,47,58,20,2,-9999,-9999,-9999,-9999,-9999
1806,969.350638,969.351037714,969.351372133,15512610,-9999,286658.2,23.39,-1,-0.344992414,0.489317772,0.602496955,0.534589445,37,0.06557377,0.885245902,N4 S2 O4,de-protonated,0,-9999,C61 H54 O4 N4 S2,61,54,4,4,-9999,2,-9999,-9999,-9999
1806,969.350638,969.351037714,969.350502753,15512610,-9999,286658.2,23.39,-1,0.551875713,0.473118011,0.606448844,0.526450344,38,0.15,0.833333333,N4 O9,de-protonated,0,-9999,C60 H50 O9 N4,60,50,9,4,-9999,-9999,-9999,-9999,-9999
1806,969.350638,969.351037714,969.351505075,15512610,-9999,286658.2,23.39,-1,-0.482137385,0.479349118,0.649019222,0.54721716,24,0.24,1.18,N4 S1 P1 O12,de-protonated,0,-9999,C50 H59 O12 N4 P1 S1,50,59,12,4,1,1,-9999,-9999,-9999
1806,969.350638,969.351037714,969.350364369,15512610,-9999,286658.2,23.39,-1,0.694635763,0.458085427,0.703327172,0.556182125,11,0.564102564,1.58974359,N4 S1 O22,de-protonated,0,-9999,C39 H62 O22 N4 S1,39,62,22,4,-9999,1,-9999,-9999,-9999
1807,972.62872,972.629121257,972.628519484,20724912,-9999,365075.5,31.86,-1,0.618708026,0.466449429,0.594745702,0.517767938,19,0.015873016,1.46031746,N1 S2 P1 O1,de-protonated,0,-9999,C63 H92 O1 N1 P1 S2,63,92,1,1,1,2,-9999,-9999,-9999
1807,972.62872,972.629121257,972.630019086,20724912,-9999,365075.5,31.86,-1,-0.923093839,0.428373409,0.572644131,0.486081698,29,0.043478261,1.202898551,N1 O3,de-protonated,0,-9999,C69 H83 O3 N1,69,83,3,1,-9999,-9999,-9999,-9999,-9999
1807,972.62872,972.629121257,972.629880701,20724912,-9999,365075.5,31.86,-1,-0.780815358,0.447637522,0.658260696,0.531886792,2,0.333333333,1.979166667,N1 S1 O16,de-protonated,0,-9999,C48 H95 O16 N1 S1,48,95,16,1,-9999,1,-9999,-9999,-9999
1807,972.62872,972.629121257,972.629367637,20724912,-9999,365075.5,31.86,-1,-0.253313447,0.494212187,0.602496955,0.537526094,20,0.081967213,1.426229508,N3 S1 O5,de-protonated,0,-9999,C61 H87 O5 N3 S1,61,87,5,3,-9999,1,-9999,-9999,-9999
1807,972.62872,972.629121257,972.629500579,20724912,-9999,365075.5,31.86,-1,-0.38999622,0.486389765,0.649019222,0.551441548,7,0.26,1.84,N3 P1 O13,de-protonated,0,-9999,C50 H92 O13 N3 P1,50,92,13,3,1,-9999,-9999,-9999,-9999
1808,972.632734,972.633135259,972.633390389,44776624,-9999,312412.9,70.97,-1,-0.262308709,0.329197626,0.508967985,0.40110577,24,0.045454545,1.318181818,N1 S1 O3,de-protonated,0,-9999,C66 H87 O3 N1 S1,66,87,3,1,-9999,1,-9999,-9999,-9999
1808,972.632734,972.633135259,972.633523331,44776624,-9999,312412.9,70.97,-1,-0.398990914,0.323842567,0.565425266,0.420475647,11,0.2,1.672727273,N1 P1 O11,de-protonated,0,-9999,C55 H92 O11 N1 P1,55,92,11,1,1,-9999,-9999,-9999,-9999
1808,972.632734,972.633135259,972.632738941,44776624,-9999,312412.9,70.97,-1,0.407469804,0.323441016,0.549245293,0.413762727,15,0.086206897,1.568965517,N3 S2 O5,de-protonated,0,-9999,C58 H91 O5 N3 S2,58,91,5,3,-9999,2,-9999,-9999,-9999
1808,972.632734,972.633135259,972.632871882,44776624,-9999,312412.9,70.97,-1,0.270787415,0.493391622,0.662980834,0.561227307,2,0.276595745,2.042553191,N3 S1 P1 O13,de-protonated,0,-9999,C47 H96 O13 N3 P1 S1,47,96,13,3,1,1,-9999,-9999,-9999
1809,973.466729,973.467130652,973.46699303,9060063,-9999,257165.2,12.89,-1,0.141373094,0.996380071,0,0.597828042,23,0.101694915,1.271186441,S2 P1 O6,de-protonated,0,-9999,C59 H75 O6 P1 S2,59,75,6,-9999,1,2,-9999,-9999,-9999
1809,973.466729,973.467130652,973.467841183,9060063,-9999,257165.2,12.89,-1,-0.729896869,0.907858558,0,0.544715135,24,0.175438596,1.228070175,N2 S1 O10,de-protonated,0,-9999,C57 H70 O10 N2 S1,57,70,10,2,-9999,1,-9999,-9999,-9999
1809,973.466729,973.467130652,973.467974124,9060063,-9999,257165.2,12.89,-1,-0.866461848,0.872647387,0,0.523588432,11,0.391304348,1.630434783,N2 P1 O18,de-protonated,0,-9999,C46 H75 O18 N2 P1,46,75,18,2,1,-9999,-9999,-9999,-9999
1809,973.466729,973.467130652,973.46746106,9060063,-9999,257165.2,12.89,-1,-0.339414128,0.979313716,0,0.58758823,29,0.118644068,1.13559322,N4 P1 O7,de-protonated,0,-9999,C59 H67 O7 N4 P1,59,67,7,4,1,-9999,-9999,-9999,-9999
1809,973.466729,973.467130652,973.467189734,9060063,-9999,257165.2,12.89,-1,-0.0606928,0.999331836,0,0.599599102,15,0.244897959,1.510204082,N4 S2 O12,de-protonated,0,-9999,C49 H74 O12 N4 S2,49,74,12,4,-9999,2,-9999,-9999,-9999
1809,973.466729,973.467130652,973.466320354,9060063,-9999,257165.2,12.89,-1,0.83238362,0.881862625,0,0.529117575,16,0.354166667,1.458333333,N4 O17,de-protonated,0,-9999,C48 H70 O17 N4,48,70,17,4,-9999,-9999,-9999,-9999,-9999
1809,973.466729,973.467130652,973.467322676,9060063,-9999,257165.2,12.89,-1,-0.197257962,0.992964569,0,0.595778742,2,0.526315789,2.078947368,N4 S1 P1 O20,de-protonated,0,-9999,C38 H79 O20 N4 P1 S1,38,79,20,4,1,1,-9999,-9999,-9999
1810,973.607444,973.607845718,973.608023058,9682750,-9999,308959.3,13.91,-1,-0.18214699,0.993998066,0,0.596398839,11,0.218181818,1.636363636,S1 O12,de-protonated,0,-9999,C55 H90 O12 S1,55,90,12,-9999,-9999,1,-9999,-9999,-9999
1810,973.607444,973.607845718,973.607509993,9682750,-9999,308959.3,13.91,-1,0.344825277,0.489328008,0.576212942,0.524081982,29,0.014705882,1.205882353,N2 S1 O1,de-protonated,0,-9999,C68 H82 O1 N2 S1,68,82,1,2,-9999,1,-9999,-9999,-9999
1810,973.607444,973.607845718,973.608512315,9682750,-9999,308959.3,13.91,-1,-0.684666488,0.918459587,0,0.551075752,15,0.068965517,1.568965517,N2 S2 P1 O4,de-protonated,0,-9999,C58 H91 O4 N2 P1 S2,58,91,4,2,1,2,-9999,-9999,-9999
1810,973.607444,973.607845718,973.607642935,9682750,-9999,308959.3,13.91,-1,0.208279743,0.992159572,0,0.595295743,16,0.157894737,1.526315789,N2 P1 O9,de-protonated,0,-9999,C57 H87 O9 N2 P1,57,87,9,2,1,-9999,-9999,-9999,-9999
1810,973.607444,973.607845718,973.607371609,9682750,-9999,308959.3,13.91,-1,0.486961092,0.957885405,0,0.574731243,2,0.29787234,2,N2 S2 O14,de-protonated,0,-9999,C47 H94 O14 N2 S2,47,94,14,2,-9999,2,-9999,-9999,-9999
1810,973.607444,973.607845718,973.606991486,9682750,-9999,308959.3,13.91,-1,0.877388348,0.869635544,0,0.521781326,7,0.224489796,1.857142857,N4 S1 P1 O11,de-protonated,0,-9999,C49 H91 O11 N4 P1 S1,49,91,11,4,1,1,-9999,-9999,-9999
1811,974.028037,974.028438916,974.028117813,14123095,-9999,198749,21.13,-1,0.329664833,0.490236758,0.68763467,0.569195923,31,0.547619048,0.619047619,N1 S1 P1 O23,de-protonated,0,-9999,C42 H26 O23 N1 P1 S1,42,26,23,1,1,1,-9999,-9999,-9999
1811,974.028037,974.028438916,974.027466364,14123095,-9999,198749,21.13,-1,0.998484673,0.834519478,0,0.500711687,22,0.735294118,0.882352941,N3 S2 P1 O25,de-protonated,0,-9999,C34 H30 O25 N3 P1 S2,34,30,25,3,1,2,-9999,-9999,-9999
1812,974.256141,974.256543023,974.255813784,14074095,-9999,202195.9,21.05,-1,0.748509336,0.451668511,0.610452919,0.515182274,38,0.152542373,0.779661017,N1 S1 P1 O9,de-protonated,0,-9999,C59 H46 O9 N1 P1 S1,59,46,9,1,1,1,-9999,-9999,-9999
1812,974.256141,974.256543023,974.255675399,14074095,-9999,202195.9,21.05,-1,0.890550627,0.865971397,0,0.519582838,11,0.578947368,1.526315789,N1 S2 P1 O22,de-protonated,0,-9999,C38 H58 O22 N1 P1 S2,38,58,22,1,1,2,-9999,-9999,-9999
1812,974.256141,974.256543023,974.257175001,14074095,-9999,202195.9,21.05,-1,-0.648676616,0.463245835,0.677556332,0.548970034,21,0.545454545,1.113636364,N1 O24,de-protonated,0,-9999,C44 H49 O24 N1,44,49,24,1,-9999,-9999,-9999,-9999,-9999
1812,974.256141,974.256543023,974.256661937,14074095,-9999,202195.9,21.05,-1,-0.122055719,0.49865025,0.618621811,0.546638875,39,0.22807017500000001,0.719298246,N3 O13,de-protonated,0,-9999,C57 H41 O13 N3,57,41,13,3,-9999,-9999,-9999,-9999,-9999
1813,974.443829,974.444231112,974.443481615,9847149,-9999,251652.1,14.17,-1,0.769153006,0.449108146,0.576212942,0.499950064,37,0.014705882,0.955882353,N1 S2 O1,de-protonated,0,-9999,C68 H65 O1 N1 S2,68,65,1,1,-9999,2,-9999,-9999,-9999
1813,974.443829,974.444231112,974.443614557,9847149,-9999,251652.1,14.17,-1,0.632724556,0.9299344,0,0.55796064,24,0.157894737,1.228070175,N1 S1 P1 O9,de-protonated,0,-9999,C57 H70 O9 N1 P1 S1,57,70,9,1,1,1,-9999,-9999,-9999
1813,974.443829,974.444231112,974.444975775,9847149,-9999,251652.1,14.17,-1,-0.764191961,0.899456937,0,0.539674162,7,0.571428571,1.738095238,N1 O24,de-protonated,0,-9999,C42 H73 O24 N1,42,73,24,1,-9999,-9999,-9999,-9999,-9999
1813,974.443829,974.444231112,974.44446271,9847149,-9999,251652.1,14.17,-1,-0.237672618,0.989802626,0,0.593881576,25,0.236363636,1.181818182,N3 O13,de-protonated,0,-9999,C55 H65 O13 N3,55,65,13,3,-9999,-9999,-9999,-9999,-9999
1814,975.979167,975.979569834,975.98013416,16074095,-9999,261937.6,24.3,-1,-0.578214599,0.470569646,0.594745702,0.520240068,1,0.063492063,2.031746032,N2 O4,de-protonated,0,-9999,C63 H128 O4 N2,63,128,4,2,-9999,-9999,-9999,-9999,-9999
1814,975.979167,975.979569834,975.979728325,16074095,-9999,261937.6,24.3,-1,-0.162390998,0.497613238,0.6825583,0.571591263,36,0.441860465,0.465116279,N3 S2 P1 O19,de-protonated,0,-9999,C43 H20 O19 N3 P1 S2,43,20,19,3,1,2,-9999,-9999,-9999
1814,975.979167,975.979569834,975.978858945,16074095,-9999,261937.6,24.3,-1,0.728386216,0.454110762,0.68763467,0.547520325,37,0.571428571,0.380952381,N3 P1 O24,de-protonated,0,-9999,C42 H16 O24 N3 P1,42,16,24,3,1,-9999,-9999,-9999,-9999
1815,976.027979,976.028381857,976.028378794,17171856,-9999,190989,26.08,-1,0.003138039,0.499999107,0.653607294,0.561442382,39,0.367346939,0.469387755,N1 S2 O18,de-protonated,0,-9999,C49 H23 O18 N1 S2,49,23,18,1,-9999,2,-9999,-9999,-9999
1815,976.027979,976.028381857,976.027509415,17171856,-9999,190989,26.08,-1,0.893870999,0.432520457,0.658260696,0.522816553,40,0.479166667,0.395833333,N1 O23,de-protonated,0,-9999,C48 H19 O23 N1,48,19,23,1,-9999,-9999,-9999,-9999,-9999
1815,976.027979,976.028381857,976.027753059,17171856,-9999,190989,26.08,-1,0.644242311,0.463727992,0.594745702,0.516135076,0,0.031746032,2.095238095,N4 O2,de-protonated,0,-9999,C63 H132 O2 N4,63,132,2,4,-9999,-9999,-9999,-9999,-9999
1816,977.483736,977.484139543,977.484536619,14829918,-9999,255640.2,22.27,-1,-0.406222796,0.485250857,0.602496955,0.532149296,27,0.180327869,1.147540984,O11,de-protonated,0,-9999,C61 H70 O11,61,70,11,-9999,-9999,-9999,-9999,-9999,-9999
1816,977.483736,977.484139543,977.484398235,14829918,-9999,255640.2,22.27,-1,-0.264650845,0.49368586800000003,0.698017357,0.575418463,0,0.6,2.05,S1 O24,de-protonated,0,-9999,C40 H82 O24 S1,40,82,24,-9999,-9999,1,-9999,-9999,-9999
1816,977.483736,977.484139543,977.485025876,14829918,-9999,255640.2,22.27,-1,-0.906749289,0.430704409,0.590944388,0.4948004,31,0.046875,1.109375,N2 S1 P1 O3,de-protonated,0,-9999,C64 H71 O3 N2 P1 S1,64,71,3,2,1,1,-9999,-9999,-9999
1816,977.483736,977.484139543,977.48388517,14829918,-9999,255640.2,22.27,-1,0.260231582,0.493893698,0.635633513,0.550589624,18,0.245283019,1.396226415,N2 S1 O13,de-protonated,0,-9999,C53 H74 O13 N2 S1,53,74,13,2,-9999,1,-9999,-9999,-9999
1816,977.483736,977.484139543,977.484887492,14829918,-9999,255640.2,22.27,-1,-0.765177479,0.449605492,0.6825583,0.542786615,4,0.372093023,1.930232558,N2 S2 P1 O16,de-protonated,0,-9999,C43 H83 O16 N2 P1 S2,43,83,16,2,1,2,-9999,-9999,-9999
1816,977.483736,977.484139543,977.484018112,14829918,-9999,255640.2,22.27,-1,0.124227553,0.498601856,0.68763467,0.574214982,5,0.5,1.880952381,N2 P1 O21,de-protonated,0,-9999,C42 H79 O21 N2 P1,42,79,21,2,1,-9999,-9999,-9999,-9999
1816,977.483736,977.484139543,977.483372106,14829918,-9999,255640.2,22.27,-1,0.785114561,0.447091041,0.583485697,0.501648903,36,0.03030303,1,N4 S1 O2,de-protonated,0,-9999,C66 H66 O2 N4 S1,66,66,2,4,-9999,1,-9999,-9999,-9999
1816,977.483736,977.484139543,977.484374428,14829918,-9999,255640.2,22.27,-1,-0.240295577,0.494788746,0.622788794,0.545988765,22,0.089285714,1.339285714,N4 S2 P1 O5,de-protonated,0,-9999,C56 H75 O5 N4 P1 S2,56,75,5,4,1,2,-9999,-9999,-9999
1816,977.483736,977.484139543,977.483505048,14829918,-9999,255640.2,22.27,-1,0.649110389,0.463198519,0.627012296,0.52872403,23,0.181818182,1.290909091,N4 P1 O10,de-protonated,0,-9999,C55 H71 O10 N4 P1,55,71,10,4,1,-9999,-9999,-9999,-9999
1816,977.483736,977.484139543,977.483233722,14829918,-9999,255640.2,22.27,-1,0.926686849,0.42785712,0.672627142,0.525765129,9,0.333333333,1.733333333,N4 S2 O15,de-protonated,0,-9999,C45 H78 O15 N4 S2,45,78,15,4,-9999,2,-9999,-9999,-9999
1817,977.758921,977.759324672,977.758864951,47204888,-9999,246617.5,74.91,-1,0.470178684,0.32022712,0.543986559,0.409730896,5,0.06779661,1.881355932,S2 P1 O4,de-protonated,0,-9999,C59 H111 O4 P1 S2,59,111,4,-9999,1,2,-9999,-9999,-9999
1817,977.758921,977.759324672,977.759713104,47204888,-9999,246617.5,74.91,-1,-0.397267128,0.323923231,0.554570712,0.416182224,6,0.140350877,1.859649123,N2 S1 O8,de-protonated,0,-9999,C57 H106 O8 N2 S1,57,106,8,2,-9999,1,-9999,-9999,-9999
1817,977.758921,977.759324672,977.75933298099994,47204888,-9999,246617.5,74.91,-1,-0.008498281,0.333328965,0.543986559,0.417592003,11,0.084745763,1.745762712,N4 P1 O5,de-protonated,0,-9999,C59 H103 O5 N4 P1,59,103,5,4,1,-9999,-9999,-9999,-9999
1818,977.806203,977.806606694,977.805994592,9620022,-9999,291621.5,13.8,-1,0.625995696,0.931364645,0,0.558818787,0,0.178571429,2.035714286,S1 O10,de-protonated,0,-9999,C56 H114 O10 S1,56,114,10,-9999,-9999,1,-9999,-9999,-9999
1818,977.806203,977.806606694,977.806483849,9620022,-9999,291621.5,13.8,-1,0.125633237,0.997140164,0,0.598284098,4,0.033898305,1.949152542,N2 S2 P1 O2,de-protonated,0,-9999,C59 H115 O2 N2 P1 S2,59,115,2,2,1,2,-9999,-9999,-9999
1818,977.806203,977.806606694,977.807332003,9620022,-9999,291621.5,13.8,-1,-0.741770032,0.904984737,0,0.542990842,5,0.105263158,1.929824561,N4 S1 O6,de-protonated,0,-9999,C57 H110 O6 N4 S1,57,110,6,4,-9999,1,-9999,-9999,-9999
1819,978.601679,978.602083069,978.602698659,13782091,-9999,294887,20.57,-1,-0.62904991,0.465358542,0.602496955,0.520213907,18,0.049180328,1.475409836,N1 S2 P1 O3,de-protonated,0,-9999,C61 H90 O3 N1 P1 S2,61,90,3,1,1,2,-9999,-9999,-9999
1819,978.601679,978.602083069,978.601829279,13782091,-9999,294887,20.57,-1,0.259339318,0.493935245,0.606448844,0.538940685,19,0.133333333,1.433333333,N1 P1 O8,de-protonated,0,-9999,C60 H86 O8 N1 P1,60,86,8,1,1,-9999,-9999,-9999,-9999
1819,978.601679,978.602083069,978.601557953,13782091,-9999,294887,20.57,-1,0.536598462,0.474547702,0.649019222,0.54433631,5,0.26,1.86,N1 S2 O13,de-protonated,0,-9999,C50 H93 O13 N1 S2,50,93,13,1,-9999,2,-9999,-9999,-9999
1819,978.601679,978.602083069,978.60117783,13782091,-9999,294887,20.57,-1,0.925033233,0.428094904,0.640033642,0.512870399,10,0.192307692,1.730769231,N3 S1 P1 O10,de-protonated,0,-9999,C52 H90 O10 N3 P1 S1,52,90,10,3,1,1,-9999,-9999,-9999
1820,980.343444,980.343848889,980.344020392,18272472,-9999,248733.3,27.87,-1,-0.174941479,0.49723112,0.594745702,0.536236953,39,0.158730159,0.80952381,N1 O10,de-protonated,0,-9999,C63 H51 O10 N1,63,51,10,1,-9999,-9999,-9999,-9999,-9999
1820,980.343444,980.343848889,980.343882007,18272472,-9999,248733.3,27.87,-1,-0.033782434,0.499896471,0.68763467,0.574991751,12,0.547619048,1.5,N1 S1 O23,de-protonated,0,-9999,C42 H63 O23 N1 S1,42,63,23,1,-9999,1,-9999,-9999,-9999
1820,980.343444,980.343848889,980.343368943,18272472,-9999,248733.3,27.87,-1,0.489569127,0.478721425,0.627012296,0.538037773,30,0.218181818,1,N3 S1 O12,de-protonated,0,-9999,C55 H55 O12 N3 S1,55,55,12,3,-9999,1,-9999,-9999,-9999
1820,980.343444,980.343848889,980.344371264,18272472,-9999,248733.3,27.87,-1,-0.53284924,0.474893078,0.672627142,0.553986703,16,0.333333333,1.422222222,N3 S2 P1 O15,de-protonated,0,-9999,C45 H64 O15 N3 P1 S2,45,64,15,3,1,2,-9999,-9999,-9999
1820,980.343444,980.343848889,980.343501885,18272472,-9999,248733.3,27.87,-1,0.353961766,0.488761474,0.677556332,0.564279417,17,0.454545455,1.363636364,N3 P1 O20,de-protonated,0,-9999,C44 H60 O20 N3 P1,44,60,20,3,1,-9999,-9999,-9999,-9999
1820,980.343444,980.343848889,980.343230558,18272472,-9999,248733.3,27.87,-1,0.630728359,0.465180032,0.73113591,0.571562384,3,0.735294118,1.970588235,N3 S2 O25,de-protonated,0,-9999,C34 H67 O25 N3 S2,34,67,25,3,-9999,2,-9999,-9999,-9999
1821,980.388739,980.38914391,980.389650431,10834167,-9999,342976.6,15.77,-1,-0.516652691,0.476360062,0.631293472,0.538333426,24,0.259259259,1.166666667,N1 S1 O14,de-protonated,0,-9999,C54 H63 O14 N1 S1,54,63,14,1,-9999,1,-9999,-9999,-9999
1821,980.388739,980.38914391,980.389783373,10834167,-9999,342976.6,15.77,-1,-0.652253514,0.925709732,0,0.555425839,11,0.511627907,1.581395349,N1 P1 O22,de-protonated,0,-9999,C43 H68 O22 N1 P1,43,68,22,1,1,-9999,-9999,-9999,-9999
1821,980.388739,980.38914391,980.389270308,10834167,-9999,342976.6,15.77,-1,-0.128926779,0.498494241,0.622788794,0.548212063,29,0.196428571,1.071428571,N3 P1 O11,de-protonated,0,-9999,C56 H60 O11 N3 P1,56,60,11,3,1,-9999,-9999,-9999,-9999
1821,980.388739,980.38914391,980.388998982,10834167,-9999,342976.6,15.77,-1,0.14782676,0.996042698,0,0.597625619,15,0.347826087,1.456521739,N3 S2 O16,de-protonated,0,-9999,C46 H67 O16 N3 S2,46,67,16,3,-9999,2,-9999,-9999,-9999
1821,980.388739,980.38914391,980.389131924,10834167,-9999,342976.6,15.77,-1,0.012225757,0.999972879,0,0.599983728,2,0.685714286,2.057142857,N3 S1 P1 O24,de-protonated,0,-9999,C35 H72 O24 N3 P1 S1,35,72,24,3,1,1,-9999,-9999,-9999
1822,980.392323,980.392727912,980.39329306,18600186,-9999,310941.4,28.4,-1,-0.576451051,0.470743547,0.602496955,0.52344491,33,0.14754098399999999,0.983606557,N1 P1 O9,de-protonated,0,-9999,C61 H60 O9 N1 P1,61,60,9,1,1,-9999,-9999,-9999,-9999
1822,980.392323,980.392727912,980.393021734,18600186,-9999,310941.4,28.4,-1,-0.299698771,0.491917242,0.644495114,0.552948391,19,0.274509804,1.31372549,N1 S2 O14,de-protonated,0,-9999,C51 H67 O14 N1 S2,51,67,14,1,-9999,2,-9999,-9999,-9999
1822,980.392323,980.392727912,980.392152354,18600186,-9999,310941.4,28.4,-1,0.587068435,0.469689542,0.649019222,0.541421414,20,0.38,1.26,N1 O19,de-protonated,0,-9999,C50 H63 O19 N1,50,63,19,1,-9999,-9999,-9999,-9999,-9999
1822,980.392323,980.392727912,980.393154676,18600186,-9999,310941.4,28.4,-1,-0.435299157,0.483101236,0.698017357,0.569067684,6,0.55,1.8,N1 S1 P1 O22,de-protonated,0,-9999,C40 H72 O22 N1 P1 S1,40,72,22,1,1,1,-9999,-9999,-9999
1822,980.392323,980.392727912,980.39250867,18600186,-9999,310941.4,28.4,-1,0.223626419,0.495483509,0.590944388,0.533667861,37,0.046875,0.921875,N3 S2 O3,de-protonated,0,-9999,C64 H59 O3 N3 S2,64,59,3,3,-9999,2,-9999,-9999,-9999
1822,980.392323,980.392727912,980.392641612,18600186,-9999,310941.4,28.4,-1,0.088025892,0.499297511,0.635633513,0.553831912,24,0.20754717,1.20754717,N3 S1 P1 O11,de-protonated,0,-9999,C53 H64 O11 N3 P1 S1,53,64,11,3,1,1,-9999,-9999,-9999
1823,980.962931,980.96333618,980.962681279,9900664,-9999,297723.2,14.25,-1,0.667610739,0.92231135,0,0.55338681,39,0.404255319,0.404255319,S2 P1 O19,de-protonated,0,-9999,C47 H19 O19 P1 S2,47,19,19,-9999,1,2,-9999,-9999,-9999
1823,980.962931,980.96333618,980.963529432,9900664,-9999,297723.2,14.25,-1,-0.197002176,0.992982739,0,0.595789643,40,0.511111111,0.311111111,N2 S1 O23,de-protonated,0,-9999,C45 H14 O23 N2 S1,45,14,23,2,-9999,1,-9999,-9999,-9999
1823,980.962931,980.96333618,980.962877984,9900664,-9999,297723.2,14.25,-1,0.467088756,0.961186322,0,0.576711793,31,0.675675676,0.486486486,N4 S2 O25,de-protonated,0,-9999,C37 H18 O25 N4 S2,37,18,25,4,-9999,2,-9999,-9999,-9999
1824,981.010085,981.010490203,981.00981092,9163416,-9999,337404.5,13.05,-1,0.692431533,0.916679253,0,0.550007552,34,0.568181818,0.5,S1 O25,de-protonated,0,-9999,C44 H22 O25 S1,44,22,25,-9999,-9999,1,-9999,-9999,-9999
1824,981.010085,981.010490203,981.010706013,9163416,-9999,337404.5,13.05,-1,-0.219988285,0.49562863,0.579826515,0.529307784,3,0.029850746,1.955223881,N1 O2,de-protonated,0,-9999,C67 H131 O2 N1,67,131,2,1,-9999,-9999,-9999,-9999,-9999
1824,981.010085,981.010490203,981.010300178,9163416,-9999,337404.5,13.05,-1,0.193703142,0.993215003,0,0.595929002,38,0.361702128,0.489361702,N2 S2 P1 O17,de-protonated,0,-9999,C47 H23 O17 N2 P1 S2,47,23,17,2,1,2,-9999,-9999,-9999
1824,981.010085,981.010490203,981.011148331,9163416,-9999,337404.5,13.05,-1,-0.670867394,0.921582156,0,0.552949294,39,0.466666667,0.4,N4 S1 O21,de-protonated,0,-9999,C45 H18 O21 N4 S1,45,18,21,4,-9999,1,-9999,-9999,-9999
1825,981.143588,981.143993265,981.144608826,8966897,-9999,252182.3,12.73,-1,-0.627390176,0.931069319,0,0.558641592,34,0.269230769,0.75,S2 P1 O14,de-protonated,0,-9999,C52 H39 O14 P1 S2,52,39,14,-9999,1,2,-9999,-9999,-9999
1825,981.143588,981.143993265,981.143739446,8966897,-9999,252182.3,12.73,-1,0.258697448,0.987930094,0,0.592758056,35,0.37254902,0.68627451,P1 O19,de-protonated,0,-9999,C51 H35 O19 P1,51,35,19,-9999,1,-9999,-9999,-9999,-9999
1825,981.143588,981.143993265,981.14346812,8966897,-9999,252182.3,12.73,-1,0.535238279,0.949346503,0,0.569607902,21,0.585365854,1.024390244,S2 O24,de-protonated,0,-9999,C41 H42 O24 S2,41,42,24,-9999,-9999,2,-9999,-9999,-9999
1825,981.143588,981.143993265,981.143087997,8966897,-9999,252182.3,12.73,-1,0.922666707,0.856869386,0,0.514121632,26,0.488372093,0.906976744,N2 S1 P1 O21,de-protonated,0,-9999,C43 H39 O21 N2 P1 S1,43,39,21,2,1,1,-9999,-9999,-9999
1825,981.143588,981.143993265,981.14480553,8966897,-9999,252182.3,12.73,-1,-0.827874717,0.883061286,0,0.529836772,26,0.476190476,0.904761905,N4 S2 O20,de-protonated,0,-9999,C42 H38 O20 N4 S2,42,38,20,4,-9999,2,-9999,-9999,-9999
1825,981.143588,981.143993265,981.14393615,8966897,-9999,252182.3,12.73,-1,0.058212551,0.999385314,0,0.599631188,27,0.609756098,0.829268293,N4 O25,de-protonated,0,-9999,C41 H34 O25 N4,41,34,25,4,-9999,-9999,-9999,-9999,-9999
1826,981.19169,981.192095288,981.191738467,35148560,-9999,253770.7,55.31,-1,0.36366069,0.4881446,0.653607294,0.554329678,29,0.408163265,0.857142857,S1 O20,de-protonated,0,-9999,C49 H42 O20 S1,49,42,20,-9999,-9999,1,-9999,-9999,-9999
1826,981.19169,981.192095288,981.192740789,35148560,-9999,253770.7,55.31,-1,-0.657873534,0.462236907,0.703327172,0.558673013,15,0.58974359,1.307692308,S2 P1 O23,de-protonated,0,-9999,C39 H51 O23 P1 S2,39,51,23,-9999,1,2,-9999,-9999,-9999
1826,981.19169,981.192095288,981.192227724,35148560,-9999,253770.7,55.31,-1,-0.134975066,0.498349888,0.640033642,0.55502339,33,0.230769231,0.826923077,N2 S2 P1 O12,de-protonated,0,-9999,C52 H43 O12 N2 P1 S2,52,43,12,2,1,2,-9999,-9999,-9999
1826,981.19169,981.192095288,981.191358345,35148560,-9999,253770.7,55.31,-1,0.751069991,0.451353922,0.644495114,0.528610399,34,0.333333333,0.764705882,N2 P1 O17,de-protonated,0,-9999,C51 H39 O17 N2 P1,51,39,17,2,1,-9999,-9999,-9999,-9999
1826,981.19169,981.192095288,981.193075878,35148560,-9999,253770.7,55.31,-1,-0.999385013,0.417123575,0.649019222,0.509881834,34,0.32,0.76,N4 S1 O16,de-protonated,0,-9999,C50 H38 O16 N4 S1,50,38,16,4,-9999,1,-9999,-9999,-9999
1827,981.287556,981.287961333,981.288140777,21451602,-9999,269610.9,33.03,-1,-0.182865981,0.496975366,0.677556332,0.569207753,18,0.568181818,1.227272727,O25,de-protonated,0,-9999,C44 H54 O25,44,54,25,-9999,-9999,-9999,-9999,-9999,-9999
1827,981.287556,981.287961333,981.288497093,21451602,-9999,269610.9,33.03,-1,-0.545975867,0.47367438,0.614510218,0.530008715,35,0.155172414,0.862068966,N2 S2 O9,de-protonated,0,-9999,C58 H50 O9 N2 S2,58,50,9,2,-9999,2,-9999,-9999,-9999
1827,981.287556,981.287961333,981.287627713,21451602,-9999,269610.9,33.03,-1,0.3399819,0.489622587,0.618621811,0.541222277,36,0.245614035,0.807017544,N2 O14,de-protonated,0,-9999,C57 H46 O14 N2,57,46,14,2,-9999,-9999,-9999,-9999,-9999
1827,981.287556,981.287961333,981.288630035,21451602,-9999,269610.9,33.03,-1,-0.681452477,0.459595803,0.662980834,0.540949815,22,0.361702128,1.170212766,N2 S1 P1 O17,de-protonated,0,-9999,C47 H55 O17 N2 P1 S1,47,55,17,2,1,1,-9999,-9999,-9999
1827,981.287556,981.287961333,981.28811697,21451602,-9999,269610.9,33.03,-1,-0.158605118,0.497722977,0.606448844,0.541213324,40,0.1,0.783333333,N4 S1 P1 O6,de-protonated,0,-9999,C60 H47 O6 N4 P1 S1,60,47,6,4,1,1,-9999,-9999,-9999
1827,981.287556,981.287961333,981.287978586,21451602,-9999,269610.9,33.03,-1,-0.017581881,0.499971956,0.703327172,0.581314042,13,0.487179487,1.512820513,N4 S2 P1 O19,de-protonated,0,-9999,C39 H59 O19 N4 P1 S2,39,59,19,4,1,2,-9999,-9999,-9999
1827,981.287556,981.287961333,981.287109206,21451602,-9999,269610.9,33.03,-1,0.868376823,0.436060755,0.70871839,0.545123809,14,0.631578947,1.447368421,N4 P1 O24,de-protonated,0,-9999,C38 H55 O24 N4 P1,38,55,24,4,1,-9999,-9999,-9999,-9999
1828,982.089629,982.090034711,982.090585129,9639275,-9999,302795.9,13.83,-1,-0.560455873,0.944598802,0,0.566759281,40,0.283018868,0.547169811,N1 S2 O15,de-protonated,0,-9999,C53 H29 O15 N1 S2,53,29,15,1,-9999,2,-9999,-9999,-9999
1828,982.089629,982.090034711,982.090718071,9639275,-9999,302795.9,13.83,-1,-0.695821835,0.915896738,0,0.549538043,27,0.547619048,0.80952381,N1 S1 P1 O23,de-protonated,0,-9999,C42 H34 O23 N1 P1 S1,42,34,23,1,1,1,-9999,-9999,-9999
1828,982.089629,982.090034711,982.089064301,9639275,-9999,302795.9,13.83,-1,0.988108054,0.837646764,0,0.502588058,32,0.5,0.659090909,N3 S1 O22,de-protonated,0,-9999,C44 H29 O22 N3 S1,44,29,22,3,-9999,1,-9999,-9999,-9999
1828,982.089629,982.090034711,982.090066622,9639275,-9999,302795.9,13.83,-1,-0.032493441,0.999808441,0,0.599885064,18,0.735294118,1.117647059,N3 S2 P1 O25,de-protonated,0,-9999,C34 H38 O25 N3 P1 S2,34,38,25,3,1,2,-9999,-9999,-9999
1829,982.893491,982.893897089,982.89457058,25319302,-9999,254199.9,39.32,-1,-0.68521162,0.459167572,0.602496955,0.516499325,0,0.016393443,2.06557377,N1 S2 P1 O1,de-protonated,0,-9999,C61 H126 O1 N1 P1 S2,61,126,1,1,1,2,-9999,-9999,-9999
1829,982.893491,982.893897089,982.8937012,25319302,-9999,254199.9,39.32,-1,0.199298346,0.496409399,0.606448844,0.540425177,1,0.1,2.033333333,N1 P1 O6,de-protonated,0,-9999,C60 H122 O6 N1 P1,60,122,6,1,1,-9999,-9999,-9999,-9999
1831,982.988913,982.989319134,982.989970568,10672070,-9999,260309,15.5,-1,-0.662707141,0.461701846,0.583485697,0.510415386,3,0.045454545,1.954545455,N1 O3,de-protonated,0,-9999,C66 H129 O3 N1,66,129,3,1,-9999,-9999,-9999,-9999,-9999
1831,982.988913,982.989319134,982.989564733,10672070,-9999,260309,15.5,-1,-0.249848871,0.988737071,0,0.593242243,38,0.391304348,0.456521739,N2 S2 P1 O18,de-protonated,0,-9999,C46 H21 O18 N2 P1 S2,46,21,18,2,1,2,-9999,-9999,-9999
1831,982.988913,982.989319134,982.988695353,10672070,-9999,260309,15.5,-1,0.634576003,0.929538574,0,0.557723144,39,0.511111111,0.377777778,N2 P1 O23,de-protonated,0,-9999,C45 H17 O23 N2 P1,45,17,23,2,1,-9999,-9999,-9999,-9999
1832,983.791576,983.791982512,983.792927985,16341473,-9999,395707.8,24.72,-1,-0.961048444,0.422850856,0.598596236,0.493149008,7,0.064516129,1.806451613,S2 O4,de-protonated,0,-9999,C62 H112 O4 S2,62,112,4,-9999,-9999,2,-9999,-9999,-9999
1832,983.791576,983.791982512,983.792058605,16341473,-9999,395707.8,24.72,-1,-0.077346419,0.499457539,0.602496955,0.540673305,8,0.14754098399999999,1.770491803,O9,de-protonated,0,-9999,C61 H108 O9,61,108,9,-9999,-9999,-9999,-9999,-9999,-9999
1832,983.791576,983.791982512,983.792547862,16341473,-9999,395707.8,24.72,-1,-0.574663982,0.47091929,0.590944388,0.51892933,12,0.015625,1.703125,N2 S1 P1 O1,de-protonated,0,-9999,C64 H109 O1 N2 P1 S1,64,109,1,2,1,1,-9999,-9999,-9999
1832,983.791576,983.791982512,983.791896413,16341473,-9999,395707.8,24.72,-1,0.087517022,0.499305604,0.622788794,0.54869888,3,0.053571429,2.017857143,N4 S2 P1 O3,de-protonated,0,-9999,C56 H113 O3 N4 P1 S2,56,113,3,4,1,2,-9999,-9999,-9999
1832,983.791576,983.791982512,983.791027033,16341473,-9999,395707.8,24.72,-1,0.9712209,0.421345427,0.627012296,0.503612175,4,0.145454545,1.981818182,N4 P1 O8,de-protonated,0,-9999,C55 H109 O8 N4 P1,55,109,8,4,1,-9999,-9999,-9999,-9999
1833,983.795228,983.795634514,983.795429908,11098595,-9999,376322.3,16.2,-1,0.207975764,0.496091176,0.614510218,0.543458793,3,0.155172414,1.931034483,S1 O9,de-protonated,0,-9999,C58 H112 O9 S1,58,112,9,-9999,-9999,1,-9999,-9999,-9999
1833,983.795228,983.795634514,983.795919165,11098595,-9999,376322.3,16.2,-1,-0.289340237,0.492462157,0.602496955,0.536476076,7,0.016393443,1.852459016,N2 S2 P1 O1,de-protonated,0,-9999,C61 H113 O1 N2 P1 S2,61,113,1,2,1,2,-9999,-9999,-9999
1833,983.795228,983.795634514,983.795049785,11098595,-9999,376322.3,16.2,-1,0.594359695,0.468955982,0.606448844,0.523953127,8,0.1,1.816666667,N2 P1 O6,de-protonated,0,-9999,C60 H109 O6 N2 P1,60,109,6,2,1,-9999,-9999,-9999,-9999
1834,984.462839,984.463245828,984.46334768,9575331,-9999,312856.1,13.72,-1,-0.10346003,0.499029831,0.572644131,0.528475551,39,0.072463768,0.913043478,N1 O5,de-protonated,0,-9999,C69 H63 O5 N1,69,63,5,1,-9999,-9999,-9999,-9999,-9999
1834,984.462839,984.463245828,984.463209296,9575331,-9999,312856.1,13.72,-1,0.037108368,0.999750171,0,0.599850102,12,0.375,1.5625,N1 S1 O18,de-protonated,0,-9999,C48 H75 O18 N1 S1,48,75,18,1,-9999,1,-9999,-9999,-9999
1834,984.462839,984.463245828,984.462696232,9575331,-9999,312856.1,13.72,-1,0.558270085,0.472509005,0.602496955,0.524504185,30,0.114754098,1.098360656,N3 S1 O7,de-protonated,0,-9999,C61 H67 O7 N3 S1,61,67,7,3,-9999,1,-9999,-9999,-9999
1834,984.462839,984.463245828,984.463698553,9575331,-9999,312856.1,13.72,-1,-0.45987021,0.962354033,0,0.57741242,16,0.196078431,1.490196078,N3 S2 P1 O10,de-protonated,0,-9999,C51 H76 O10 N3 P1 S2,51,76,10,3,1,2,-9999,-9999,-9999
1834,984.462839,984.463245828,984.462829173,9575331,-9999,312856.1,13.72,-1,0.423230142,0.968020737,0,0.580812442,17,0.3,1.44,N3 P1 O15,de-protonated,0,-9999,C50 H72 O15 N3 P1,50,72,15,3,1,-9999,-9999,-9999,-9999
1834,984.462839,984.463245828,984.462557847,9575331,-9999,312856.1,13.72,-1,0.698838668,0.915197775,0,0.549118665,3,0.5,1.975,N3 S2 O20,de-protonated,0,-9999,C40 H79 O20 N3 S2,40,79,20,3,-9999,2,-9999,-9999,-9999
1835,984.743052,984.74345896,984.743549239,31612000,-9999,276908.2,49.55,-1,-0.09167781,0.332825373,0.538793609,0.415212667,8,0.05,1.8,N1 S2 P1 O3,de-protonated,0,-9999,C60 H108 O3 N1 P1 S2,60,108,3,1,1,2,-9999,-9999,-9999
1835,984.743052,984.74345896,984.742679859,31612000,-9999,276908.2,49.55,-1,0.791171901,0.297544753,0.543986559,0.396121476,9,0.13559322,1.762711864,N1 P1 O8,de-protonated,0,-9999,C59 H104 O8 N1 P1,59,104,8,1,1,-9999,-9999,-9999,-9999
1835,984.743052,984.74345896,984.744397392,31612000,-9999,276908.2,49.55,-1,-0.95297044,0.424038813,0.614510218,0.500227375,9,0.120689655,1.775862069,N3 S1 O7,de-protonated,0,-9999,C58 H103 O7 N3 S1,58,103,7,3,-9999,1,-9999,-9999,-9999
1836,984.747392,984.747798962,984.748420144,24861794,-9999,329537.5,38.58,-1,-0.630803001,0.465172085,0.594745702,0.517001531,13,0.079365079,1.634920635,N1 S1 O5,de-protonated,0,-9999,C63 H103 O5 N1 S1,63,103,5,1,-9999,1,-9999,-9999,-9999
1836,984.747392,984.747798962,984.748553086,24861794,-9999,329537.5,38.58,-1,-0.765803602,0.449527298,0.640033642,0.525729835,0,0.25,2.076923077,N1 P1 O13,de-protonated,0,-9999,C52 H108 O13 N1 P1,52,108,13,1,1,-9999,-9999,-9999,-9999
1836,984.747392,984.747798962,984.748040022,24861794,-9999,329537.5,38.58,-1,-0.244793317,0.494592905,0.587191358,0.531632286,18,0.030769231,1.538461538,N3 P1 O2,de-protonated,0,-9999,C65 H100 O2 N3 P1,65,100,2,3,1,-9999,-9999,-9999,-9999
1836,984.747392,984.747798962,984.747768695,24861794,-9999,329537.5,38.58,-1,0.030735201,0.499914304,0.627012296,0.550753501,4,0.127272727,1.945454545,N3 S2 O7,de-protonated,0,-9999,C55 H107 O7 N3 S2,55,107,7,3,-9999,2,-9999,-9999,-9999
1836,984.747392,984.747798962,984.746899315,24861794,-9999,329537.5,38.58,-1,0.913581238,0.42973359,0.631293472,0.510357543,5,0.222222222,1.907407407,N3 O12,de-protonated,0,-9999,C54 H103 O12 N3,54,103,12,3,-9999,-9999,-9999,-9999,-9999
1837,986.227762,986.228169659,986.227670483,25059396,-9999,290889.7,38.9,-1,0.506146689,0.477289757,0.610452919,0.530555021,40,0.203389831,0.694915254,N1 S1 O12,de-protonated,0,-9999,C59 H41 O12 N1 S1,59,41,12,1,-9999,1,-9999,-9999,-9999
1837,986.227762,986.228169659,986.228672804,25059396,-9999,290889.7,38.9,-1,-0.510171468,0.47693564,0.653607294,0.547604301,26,0.306122449,1.020408163,N1 S2 P1 O15,de-protonated,0,-9999,C49 H50 O15 N1 P1 S2,49,50,15,1,1,2,-9999,-9999,-9999
1837,986.227762,986.228169659,986.227803425,25059396,-9999,290889.7,38.9,-1,0.371348424,0.487644369,0.658260696,0.5558909,27,0.416666667,0.958333333,N1 P1 O20,de-protonated,0,-9999,C48 H46 O20 N1 P1,48,46,20,1,1,-9999,-9999,-9999,-9999
1837,986.227762,986.228169659,986.227532098,25059396,-9999,290889.7,38.9,-1,0.646463701,0.463486804,0.70871839,0.561579438,13,0.657894737,1.394736842,N1 S2 O25,de-protonated,0,-9999,C38 H53 O25 N1 S2,38,53,25,1,-9999,2,-9999,-9999,-9999
1838,989.768518,989.768927325,989.769609083,15853967,-9999,283276,23.92,-1,-0.688803983,0.458756515,0.622788794,0.524369427,2,0.196428571,1.964285714,S1 O11,de-protonated,0,-9999,C56 H110 O11 S1,56,110,11,-9999,-9999,1,-9999,-9999,-9999
1838,989.768518,989.768927325,989.76922896,15853967,-9999,283276,23.92,-1,-0.304752583,0.491644654,0.614510218,0.54079088,7,0.137931034,1.844827586,N2 P1 O8,de-protonated,0,-9999,C58 H107 O8 N2 P1,58,107,8,2,1,-9999,-9999,-9999,-9999
1838,989.768518,989.768927325,989.76844457,15853967,-9999,283276,23.92,-1,0.487746082,0.478876214,0.602496955,0.52832451,11,0.032786885,1.737704918,N4 S2 O2,de-protonated,0,-9999,C61 H106 O2 N4 S2,61,106,2,4,-9999,2,-9999,-9999,-9999
1839,990.050012,990.050421458,990.049902086,13167181,-9999,252389.7,19.55,-1,0.524591961,0.951292127,0,0.570775276,30,0.534883721,0.674418605,N1 S2 O23,de-protonated,0,-9999,C43 H29 O23 N1 S2,43,29,23,1,-9999,2,-9999,-9999,-9999
1839,990.050012,990.050421458,990.049521963,13167181,-9999,252389.7,19.55,-1,0.908535098,0.430451138,0.672627142,0.527321539,35,0.444444444,0.577777778,N3 S1 P1 O20,de-protonated,0,-9999,C45 H26 O20 N3 P1 S1,45,26,20,3,1,1,-9999,-9999,-9999
1840,991.6842,991.684610227,991.685485534,9416344,-9999,259556.8,13.45,-1,-0.88264517,0.434088414,0.590944388,0.496830804,17,0.09375,1.5,S1 O6,de-protonated,0,-9999,C64 H96 O6 S1,64,96,6,-9999,-9999,1,-9999,-9999,-9999
1840,991.6842,991.684610227,991.685105411,9416344,-9999,259556.8,13.45,-1,-0.499335809,0.477883206,0.583485697,0.520124202,22,0.045454545,1.409090909,N2 P1 O3,de-protonated,0,-9999,C66 H93 O3 N2 P1,66,93,3,2,1,-9999,-9999,-9999,-9999
1840,991.6842,991.684610227,991.684834085,9416344,-9999,259556.8,13.45,-1,-0.22573474599999999,0.990796681,0,0.594478009,8,0.142857143,1.785714286,N2 S2 O8,de-protonated,0,-9999,C56 H100 O8 N2 S2,56,100,8,2,-9999,2,-9999,-9999,-9999
1840,991.6842,991.684610227,991.683964705,9416344,-9999,259556.8,13.45,-1,0.650935347,0.925998317,0,0.55559899,9,0.236363636,1.745454545,N2 O13,de-protonated,0,-9999,C55 H96 O13 N2,55,96,13,2,-9999,-9999,-9999,-9999,-9999
1840,991.6842,991.684610227,991.684453962,9416344,-9999,259556.8,13.45,-1,0.157575119,0.995504778,0,0.597302867,13,0.086206897,1.672413793,N4 S1 P1 O5,de-protonated,0,-9999,C58 H97 O5 N4 P1 S1,58,97,5,4,1,1,-9999,-9999,-9999
1841,991.831298,991.831708296,991.831027571,12381947,-9999,304725.1,18.28,-1,0.686332068,0.459039556,0.576212942,0.50590891,13,0.029411765,1.647058824,S1 O2,de-protonated,0,-9999,C68 H112 O2 S1,68,112,2,-9999,-9999,1,-9999,-9999,-9999
1841,991.831298,991.831708296,991.831160513,12381947,-9999,304725.1,18.28,-1,0.552295322,0.473078238,0.618621811,0.531295667,0,0.175438596,2.052631579,P1 O10,de-protonated,0,-9999,C57 H117 O10 P1,57,117,10,-9999,1,-9999,-9999,-9999,-9999
1841,991.831298,991.831708296,991.832497923,12381947,-9999,304725.1,18.28,-1,-0.796129197,0.445680347,0.614510218,0.513212295,5,0.103448276,1.948275862,N4 P1 O6,de-protonated,0,-9999,C58 H113 O6 N4 P1,58,113,6,4,1,-9999,-9999,-9999,-9999
1842,993.471335,993.471746068,993.471076088,19362636,-9999,301909.4,29.62,-1,0.674383035,0.460395821,0.562198102,0.501116734,40,0.027777778,0.916666667,S1 O2,de-protonated,0,-9999,C72 H66 O2 S1,72,66,2,-9999,-9999,1,-9999,-9999,-9999
1842,993.471335,993.471746068,993.47207841,19362636,-9999,301909.4,29.62,-1,-0.334525316,0.489949677,0.598596236,0.533408301,26,0.080645161,1.209677419,S2 P1 O5,de-protonated,0,-9999,C62 H75 O5 P1 S2,62,75,5,-9999,1,2,-9999,-9999,-9999
1842,993.471335,993.471746068,993.47120903,19362636,-9999,301909.4,29.62,-1,0.540567562,0.474179708,0.602496955,0.525506607,27,0.163934426,1.163934426,P1 O10,de-protonated,0,-9999,C61 H71 O10 P1,61,71,10,-9999,1,-9999,-9999,-9999,-9999
1842,993.471335,993.471746068,993.470937704,19362636,-9999,301909.4,29.62,-1,0.813677017,0.443401781,0.644495114,0.523839114,13,0.294117647,1.529411765,S2 O15,de-protonated,0,-9999,C51 H78 O15 S2,51,78,15,-9999,-9999,2,-9999,-9999,-9999
1842,993.471335,993.471746068,993.471070646,19362636,-9999,301909.4,29.62,-1,0.679861507,0.459776452,0.698017357,0.555072814,0,0.575,2.075,S1 P1 O23,de-protonated,0,-9999,C40 H83 O23 P1 S1,40,83,23,-9999,1,1,-9999,-9999,-9999
1842,993.471335,993.471746068,993.472546441,19362636,-9999,301909.4,29.62,-1,-0.805630929,0.444451273,0.598596236,0.506109258,32,0.096774194,1.080645161,N4 P1 O6,de-protonated,0,-9999,C62 H67 O6 N4 P1,62,67,6,4,1,-9999,-9999,-9999,-9999
1842,993.471335,993.471746068,993.472275114,19362636,-9999,301909.4,29.62,-1,-0.532522209,0.474923101,0.640033642,0.540967317,18,0.211538462,1.423076923,N4 S2 O11,de-protonated,0,-9999,C52 H74 O11 N4 S2,52,74,11,4,-9999,2,-9999,-9999,-9999
1842,993.471335,993.471746068,993.471405735,19362636,-9999,301909.4,29.62,-1,0.342570322,0.489465653,0.644495114,0.551477437,19,0.31372549,1.37254902,N4 O16,de-protonated,0,-9999,C51 H70 O16 N4,51,70,16,4,-9999,-9999,-9999,-9999,-9999
1842,993.471335,993.471746068,993.472408056,19362636,-9999,301909.4,29.62,-1,-0.666337359,0.461297831,0.692787115,0.553893544,5,0.463414634,1.926829268,N4 S1 P1 O19,de-protonated,0,-9999,C41 H79 O19 N4 P1 S1,41,79,19,4,1,1,-9999,-9999,-9999
1843,994.293972,994.294383456,994.293642044,9713014,-9999,240026,13.93,-1,0.745666784,0.904033458,0,0.542420075,31,0.214285714,0.946428571,N1 S2 O12,de-protonated,0,-9999,C56 H53 O12 N1 S2,56,53,12,1,-9999,2,-9999,-9999,-9999
1843,994.293972,994.294383456,994.293774986,9713014,-9999,240026,13.93,-1,0.611962005,0.934305246,0,0.560583147,18,0.444444444,1.288888889,N1 S1 P1 O20,de-protonated,0,-9999,C45 H58 O20 N1 P1 S1,45,58,20,1,1,1,-9999,-9999,-9999
1843,994.293972,994.294383456,994.294623139,9713014,-9999,240026,13.93,-1,-0.241058488,0.989511554,0,0.593706933,19,0.558139535,1.23255814,N3 O24,de-protonated,0,-9999,C43 H53 O24 N3,43,53,24,3,-9999,-9999,-9999,-9999,-9999
1844,994.490543,994.490954548,994.490825732,13219323,-9999,274667.8,19.63,-1,0.129529837,0.498480144,0.587191358,0.533964629,30,0.061538462,1.123076923,N1 S2 O4,de-protonated,0,-9999,C65 H73 O4 N1 S2,65,73,4,1,-9999,2,-9999,-9999,-9999
1844,994.490543,994.490954548,994.490958674,13219323,-9999,274667.8,19.63,-1,-0.004148349,0.499998439,0.631293472,0.552516452,17,0.222222222,1.444444444,N1 S1 P1 O12,de-protonated,0,-9999,C54 H78 O12 N1 P1 S1,54,78,12,1,1,1,-9999,-9999,-9999
1844,994.490543,994.490954548,994.490445609,13219323,-9999,274667.8,19.63,-1,0.511758315,0.476795324,0.579826515,0.518007801,35,0.014925373,1.044776119,N3 S1 P1 O1,de-protonated,0,-9999,C67 H70 O1 N3 P1 S1,67,70,1,3,1,1,-9999,-9999,-9999
1844,994.490543,994.490954548,994.490307225,13219323,-9999,274667.8,19.63,-1,0.650909496,0.463001986,0.667769153,0.544908853,8,0.304347826,1.782608696,N3 S2 P1 O14,de-protonated,0,-9999,C46 H82 O14 N3 P1 S2,46,82,14,3,1,2,-9999,-9999,-9999
1844,994.490543,994.490954548,994.491806827,13219323,-9999,274667.8,19.63,-1,-0.856999183,0.437616758,0.640033642,0.518583512,18,0.307692308,1.403846154,N3 O16,de-protonated,0,-9999,C52 H73 O16 N3,52,73,16,3,-9999,-9999,-9999,-9999,-9999
1845,996.137696,996.138108324,996.138597951,33585744,-9999,339406.9,52.75,-1,-0.491525333,0.478554744,0.649019222,0.546740535,35,0.32,0.7,N3 S2 O16,de-protonated,0,-9999,C50 H35 O16 N3 S2,50,35,16,3,-9999,2,-9999,-9999,-9999
1845,996.137696,996.138108324,996.137728571,33585744,-9999,339406.9,52.75,-1,0.381224908,0.486987142,0.653607294,0.553635203,36,0.428571429,0.632653061,N3 O21,de-protonated,0,-9999,C49 H31 O21 N3,49,31,21,3,-9999,-9999,-9999,-9999,-9999
1845,996.137696,996.138108324,996.138730893,33585744,-9999,339406.9,52.75,-1,-0.624982311,0.465789454,0.703327172,0.560804541,22,0.615384615,1.025641026,N3 S1 P1 O24,de-protonated,0,-9999,C39 H40 O24 N3 P1 S1,39,40,24,3,1,1,-9999,-9999,-9999
1846,996.14176,996.142172325,996.142620703,34896468,-9999,263027.4,54.88,-1,-0.450113703,0.481952793,0.627012296,0.539976594,39,0.254545455,0.636363636,N1 S2 O14,de-protonated,0,-9999,C55 H35 O14 N1 S2,55,35,14,1,-9999,2,-9999,-9999,-9999
1846,996.14176,996.142172325,996.141751323,34896468,-9999,263027.4,54.88,-1,0.42263305,0.484054726,0.631293472,0.542950224,40,0.351851852,0.574074074,N1 O19,de-protonated,0,-9999,C54 H31 O19 N1,54,31,19,1,-9999,-9999,-9999,-9999,-9999
1846,996.14176,996.142172325,996.142753645,34896468,-9999,263027.4,54.88,-1,-0.583570147,0.470038686,0.677556332,0.553045744,26,0.5,0.909090909,N1 S1 P1 O22,de-protonated,0,-9999,C44 H40 O22 N1 P1 S1,44,40,22,1,1,1,-9999,-9999,-9999
1846,996.14176,996.142172325,996.142102196,34896468,-9999,263027.4,54.88,-1,0.070401107,0.499550544,0.719752637,0.587631381,17,0.666666667,1.222222222,N3 S2 P1 O24,de-protonated,0,-9999,C36 H44 O24 N3 P1 S2,36,44,24,3,1,2,-9999,-9999,-9999
1847,997.113488,997.113900783,997.113882068,19561700,-9999,291920.6,29.94,-1,0.018769081,0.499968041,0.662980834,0.565173158,31,0.489361702,0.723404255,S1 O23,de-protonated,0,-9999,C47 H34 O23 S1,47,34,23,-9999,-9999,1,-9999,-9999,-9999
1847,997.113488,997.113900783,997.114371325,19561700,-9999,291920.6,29.94,-1,-0.471904179,0.480199021,0.649019222,0.547727102,35,0.3,0.7,N2 S2 P1 O15,de-protonated,0,-9999,C50 H35 O15 N2 P1 S2,50,35,15,2,1,2,-9999,-9999,-9999
1847,997.113488,997.113900783,997.113501945,19561700,-9999,291920.6,29.94,-1,0.399992007,0.485693355,0.653607294,0.552858931,36,0.408163265,0.632653061,N2 P1 O20,de-protonated,0,-9999,C49 H31 O20 N2 P1,49,31,20,2,1,-9999,-9999,-9999,-9999
1847,997.113488,997.113900783,997.113230619,19561700,-9999,291920.6,29.94,-1,0.6721038,0.460652268,0.703327172,0.55772223,22,0.641025641,0.974358974,N2 S2 O25,de-protonated,0,-9999,C39 H38 O25 N2 S2,39,38,25,2,-9999,2,-9999,-9999,-9999
1848,998.733943,998.734356546,998.734698632,8929578,-9999,274674.2,12.65,-1,-0.342519628,0.489468738,0.579826515,0.525611849,18,0.014925373,1.52238806,N1 S1 P1 O1,de-protonated,0,-9999,C67 H102 O1 N1 P1 S1,67,102,1,1,1,1,-9999,-9999,-9999
1848,998.733943,998.734356546,998.733557926,8929578,-9999,274674.2,12.65,-1,0.799632481,0.890456981,0,0.534274188,5,0.196428571,1.875,N1 S1 O11,de-protonated,0,-9999,C56 H105 O11 N1 S1,56,105,11,1,-9999,1,-9999,-9999,-9999
1848,998.733943,998.734356546,998.734047183,8929578,-9999,274674.2,12.65,-1,0.309754578,0.982741052,0,0.589644631,9,0.050847458,1.796610169,N3 S2 P1 O3,de-protonated,0,-9999,C59 H106 O3 N3 P1 S2,59,106,3,3,1,2,-9999,-9999,-9999
1850,999.661467,999.661880982,999.661199337,10421149,-9999,309961.6,15.08,-1,0.681875899,0.459547666,0.572644131,0.504786252,24,0.014492754,1.347826087,S1 P1 O1,de-protonated,0,-9999,C69 H93 O1 P1 S1,69,93,1,-9999,1,1,-9999,-9999,-9999
1850,999.661467,999.661880982,999.662560555,10421149,-9999,309961.6,15.08,-1,-0.679801933,0.91956642,0,0.551739852,7,0.296296296,1.777777778,O16,de-protonated,0,-9999,C54 H96 O16,54,96,16,-9999,-9999,-9999,-9999,-9999,-9999
1850,999.661467,999.661880982,999.662047491,10421149,-9999,309961.6,15.08,-1,-0.166564582,0.49748929,0.579826515,0.53042418,25,0.074626866,1.313432836,N2 O5,de-protonated,0,-9999,C67 H88 O5 N2,67,88,5,2,-9999,-9999,-9999,-9999,-9999
1850,999.661467,999.661880982,999.661396042,10421149,-9999,309961.6,15.08,-1,0.485104647,0.479099553,0.610452919,0.531640899,16,0.118644068,1.559322034,N4 S1 O7,de-protonated,0,-9999,C59 H92 O7 N4 S1,59,92,7,4,-9999,1,-9999,-9999,-9999
1850,999.661467,999.661880982,999.662398364,10421149,-9999,309961.6,15.08,-1,-0.517555939,0.952558651,0,0.571535191,2,0.204081633,2.06122449,N4 S2 P1 O10,de-protonated,0,-9999,C49 H101 O10 N4 P1 S2,49,101,10,4,1,2,-9999,-9999,-9999
1850,999.661467,999.661880982,999.661528984,10421149,-9999,309961.6,15.08,-1,0.352117841,0.977753903,0,0.586652342,3,0.3125,2.020833333,N4 P1 O15,de-protonated,0,-9999,C48 H97 O15 N4 P1,48,97,15,4,1,-9999,-9999,-9999,-9999
1851,999.665772,999.666185984,999.666070243,9028512,-9999,347534.2,12.81,-1,0.115780398,0.498785309,0.562198102,0.524150426,29,0.041666667,1.222222222,O3,de-protonated,0,-9999,C72 H88 O3,72,88,3,-9999,-9999,-9999,-9999,-9999,-9999
1851,999.665772,999.666185984,999.667072564,9028512,-9999,347534.2,12.81,-1,-0.886875129,0.86699852,0,0.520199112,15,0.096774194,1.564516129,S1 P1 O6,de-protonated,0,-9999,C62 H97 O6 P1 S1,62,97,6,-9999,1,1,-9999,-9999,-9999
1851,999.665772,999.666185984,999.665931858,9028512,-9999,347534.2,12.81,-1,0.254211089,0.98834267,0,0.593005602,2,0.31372549,1.960784314,S1 O16,de-protonated,0,-9999,C51 H100 O16 S1,51,100,16,-9999,-9999,1,-9999,-9999,-9999
1851,999.665772,999.666185984,999.665418794,9028512,-9999,347534.2,12.81,-1,0.767447189,0.449321795,0.590944388,0.505970832,20,0.078125,1.4375,N2 S1 O5,de-protonated,0,-9999,C64 H92 O5 N2 S1,64,92,5,2,-9999,1,-9999,-9999,-9999
1851,999.665772,999.666185984,999.666421116,9028512,-9999,347534.2,12.81,-1,-0.235209645,0.990011826,0,0.594007096,6,0.148148148,1.87037037,N2 S2 P1 O8,de-protonated,0,-9999,C54 H101 O8 N2 P1 S2,54,101,8,2,1,2,-9999,-9999,-9999
1851,999.665772,999.666185984,999.665551736,9028512,-9999,347534.2,12.81,-1,0.63446088,0.929563215,0,0.557737929,7,0.245283019,1.830188679,N2 P1 O13,de-protonated,0,-9999,C53 H97 O13 N2 P1,53,97,13,2,1,-9999,-9999,-9999,-9999
1852,1000.537288,1000.537702395,1000.537775925,19039726,-9999,202930.7,29.09,-1,-0.073491221,0.499510242,0.587191358,0.534582688,27,0.061538462,1.215384615,N1 S2 O4,de-protonated,0,-9999,C65 H79 O4 N1 S2,65,79,4,1,-9999,2,-9999,-9999,-9999
1852,1000.537288,1000.537702395,1000.536906545,19039726,-9999,202930.7,29.09,-1,0.79542206,0.445771369,0.590944388,0.503840576,28,0.140625,1.171875,N1 O9,de-protonated,0,-9999,C64 H75 O9 N1,64,75,9,1,-9999,-9999,-9999,-9999,-9999
1852,1000.537288,1000.537702395,1000.537908867,19039726,-9999,202930.7,29.09,-1,-0.206361469,0.496151387,0.631293472,0.550208221,14,0.222222222,1.555555556,N1 S1 P1 O12,de-protonated,0,-9999,C54 H84 O12 N1 P1 S1,54,84,12,1,1,1,-9999,-9999,-9999
1852,1000.537288,1000.537702395,1000.536768161,19039726,-9999,202930.7,29.09,-1,0.933732359,0.426840732,0.6825583,0.529127759,1,0.511627907,2.023255814,N1 S1 O22,de-protonated,0,-9999,C43 H87 O22 N1 S1,43,87,22,1,-9999,1,-9999,-9999,-9999
1852,1000.537288,1000.537702395,1000.537395803,19039726,-9999,202930.7,29.09,-1,0.306427105,0.491553364,0.579826515,0.526862624,32,0.014925373,1.134328358,N3 S1 P1 O1,de-protonated,0,-9999,C67 H76 O1 N3 P1 S1,67,76,1,3,1,1,-9999,-9999,-9999
1852,1000.537288,1000.537702395,1000.537257418,19039726,-9999,202930.7,29.09,-1,0.444737269,0.482373706,0.667769153,0.556531885,5,0.304347826,1.913043478,N3 S2 P1 O14,de-protonated,0,-9999,C46 H88 O14 N3 P1 S2,46,88,14,3,1,2,-9999,-9999,-9999
1853,1000.543882,1000.544296398,1000.543920478,11191794,-9999,298671.6,16.33,-1,0.375715072,0.48735581,0.576212942,0.522898663,32,0.058823529,1.117647059,N1 P1 O4,de-protonated,0,-9999,C68 H76 O4 N1 P1,68,76,4,1,1,-9999,-9999,-9999,-9999
1853,1000.543882,1000.544296398,1000.543649152,11191794,-9999,298671.6,16.33,-1,0.646893908,0.463440012,0.614510218,0.523868095,18,0.155172414,1.431034483,N1 S2 O9,de-protonated,0,-9999,C58 H83 O9 N1 S2,58,83,9,1,-9999,2,-9999,-9999,-9999
1853,1000.543882,1000.544296398,1000.543782094,11191794,-9999,298671.6,16.33,-1,0.514024344,0.953188538,0,0.571913123,5,0.361702128,1.872340426,N1 S1 P1 O17,de-protonated,0,-9999,C47 H88 O17 N1 P1 S1,47,88,17,1,1,1,-9999,-9999,-9999
1853,1000.543882,1000.544296398,1000.544630247,11191794,-9999,298671.6,16.33,-1,-0.333667583,0.980001263,0,0.588000758,6,0.466666667,1.844444444,N3 O21,de-protonated,0,-9999,C45 H83 O21 N3,45,83,21,3,-9999,-9999,-9999,-9999,-9999
1854,1000.595749,1000.596163422,1000.595290803,10520085,-9999,174767.4,15.24,-1,0.872100213,0.435548304,0.594745702,0.499227263,21,0.079365079,1.380952381,N1 S2 O5,de-protonated,0,-9999,C63 H87 O5 N1 S2,63,87,5,1,-9999,2,-9999,-9999,-9999
1854,1000.595749,1000.596163422,1000.595423744,10520085,-9999,174767.4,15.24,-1,0.739237477,0.905600848,0,0.543360509,8,0.25,1.769230769,N1 S1 P1 O13,de-protonated,0,-9999,C52 H92 O13 N1 P1 S1,52,92,13,1,1,1,-9999,-9999,-9999
1854,1000.595749,1000.596163422,1000.597141278,10520085,-9999,174767.4,15.24,-1,-0.977271834,0.840889999,0,0.504533999,8,0.235294118,1.784313725,N3 S2 O12,de-protonated,0,-9999,C51 H91 O12 N3 S2,51,91,12,3,-9999,2,-9999,-9999,-9999
1854,1000.595749,1000.596163422,1000.596271898,10520085,-9999,174767.4,15.24,-1,-0.108410891,0.99786972,0,0.598721832,9,0.34,1.74,N3 O17,de-protonated,0,-9999,C50 H87 O17 N3,50,87,17,3,-9999,-9999,-9999,-9999,-9999
1855,1000.636434,1000.636848441,1000.637820865,24249904,-9999,265055.3,37.56,-1,-0.971803925,0.280839219,0.504211037,0.370187946,25,0.059701493,1.313432836,N1 P1 O4,de-protonated,0,-9999,C67 H88 O4 N1 P1,67,88,4,1,1,-9999,-9999,-9999,-9999
1855,1000.636434,1000.636848441,1000.637549539,24249904,-9999,265055.3,37.56,-1,-0.700650902,0.457388353,0.618621811,0.521881736,11,0.157894737,1.666666667,N1 S2 O9,de-protonated,0,-9999,C57 H95 O9 N1 S2,57,95,9,1,-9999,2,-9999,-9999,-9999
1855,1000.636434,1000.636848441,1000.636680159,24249904,-9999,265055.3,37.56,-1,0.168175194,0.497440626,0.622788794,0.547579893,12,0.25,1.625,N1 O14,de-protonated,0,-9999,C56 H91 O14 N1,56,91,14,1,-9999,-9999,-9999,-9999,-9999
1855,1000.636434,1000.636848441,1000.636167095,24249904,-9999,265055.3,37.56,-1,0.680913344,0.30643804,0.494873046,0.381812042,30,0.043478261,1.202898551,N3 O3,de-protonated,0,-9999,C69 H83 O3 N3,69,83,3,3,-9999,-9999,-9999,-9999,-9999
1855,1000.636434,1000.636848441,1000.637169416,24249904,-9999,265055.3,37.56,-1,-0.320770696,0.490751626,0.610452919,0.538632143,16,0.101694915,1.559322034,N3 S1 P1 O6,de-protonated,0,-9999,C59 H92 O6 N3 P1 S1,59,92,6,3,1,1,-9999,-9999,-9999
1855,1000.636434,1000.636848441,1000.63602871,24249904,-9999,265055.3,37.56,-1,0.819209907,0.442675502,0.658260696,0.52890958,3,0.333333333,1.979166667,N3 S1 O16,de-protonated,0,-9999,C48 H95 O16 N3 S1,48,95,16,3,-9999,1,-9999,-9999,-9999
1856,1001.429079,1001.429493814,1001.430393045,10930248,-9999,256703.9,15.9,-1,-0.897946131,0.431947782,0.598596236,0.498607164,30,0.161290323,1.064516129,S1 O10,de-protonated,0,-9999,C62 H66 O10 S1,62,66,10,-9999,-9999,1,-9999,-9999,-9999
1856,1001.429079,1001.429493814,1001.430254661,10930248,-9999,256703.9,15.9,-1,-0.759759468,0.900560049,0,0.540336029,3,0.56097561,1.902439024,S2 O23,de-protonated,0,-9999,C41 H78 O23 S2,41,78,23,-9999,-9999,2,-9999,-9999,-9999
1856,1001.429079,1001.429493814,1001.430012922,10930248,-9999,256703.9,15.9,-1,-0.518366756,0.476206743,0.590944388,0.522101801,35,0.109375,0.984375,N2 P1 O7,de-protonated,0,-9999,C64 H63 O7 N2 P1,64,63,7,2,1,-9999,-9999,-9999,-9999
1856,1001.429079,1001.429493814,1001.429741596,10930248,-9999,256703.9,15.9,-1,-0.247428109,0.49447653,0.631293472,0.549203307,21,0.222222222,1.296296296,N2 S2 O12,de-protonated,0,-9999,C54 H70 O12 N2 S2,54,70,12,2,-9999,2,-9999,-9999,-9999
1856,1001.429079,1001.429493814,1001.428872216,10930248,-9999,256703.9,15.9,-1,0.620711086,0.466239355,0.635633513,0.533997018,22,0.320754717,1.245283019,N2 O17,de-protonated,0,-9999,C53 H66 O17 N2,53,66,17,2,-9999,-9999,-9999,-9999,-9999
1856,1001.429079,1001.429493814,1001.429874538,10930248,-9999,256703.9,15.9,-1,-0.380179988,0.974114899,0,0.584468939,8,0.465116279,1.744186047,N2 S1 P1 O20,de-protonated,0,-9999,C43 H75 O20 N2 P1 S1,43,75,20,2,1,1,-9999,-9999,-9999
1856,1001.429079,1001.429493814,1001.429228532,10930248,-9999,256703.9,15.9,-1,0.264903775,0.49367387,0.579826515,0.528134928,39,0.014925373,0.925373134,N4 S2 O1,de-protonated,0,-9999,C67 H62 O1 N4 S2,67,62,1,4,-9999,2,-9999,-9999,-9999
1856,1001.429079,1001.429493814,1001.429361474,10930248,-9999,256703.9,15.9,-1,0.13215176,0.49841809,0.622788794,0.548166372,26,0.160714286,1.196428571,N4 S1 P1 O9,de-protonated,0,-9999,C56 H67 O9 N4 P1 S1,56,67,9,4,1,1,-9999,-9999,-9999
1857,1001.469268,1001.469682833,1001.470421184,10881124,-9999,295006.3,15.82,-1,-0.737266367,0.453039602,0.569119254,0.499471463,38,0.057142857,0.957142857,P1 O4,de-protonated,0,-9999,C70 H67 O4 P1,70,67,4,-9999,1,-9999,-9999,-9999,-9999
1857,1001.469268,1001.469682833,1001.470149858,10881124,-9999,295006.3,15.82,-1,-0.466338711,0.480654217,0.606448844,0.530972068,24,0.15,1.233333333,S2 O9,de-protonated,0,-9999,C60 H74 O9 S2,60,74,9,-9999,-9999,2,-9999,-9999,-9999
1857,1001.469268,1001.469682833,1001.469280478,10881124,-9999,295006.3,15.82,-1,0.401765265,0.485568077,0.610452919,0.535522014,25,0.237288136,1.186440678,O14,de-protonated,0,-9999,C59 H70 O14,59,70,14,-9999,-9999,-9999,-9999,-9999,-9999
1857,1001.469268,1001.469682833,1001.470282799,10881124,-9999,295006.3,15.82,-1,-0.599085204,0.936952686,0,0.562171612,11,0.346938776,1.612244898,S1 P1 O17,de-protonated,0,-9999,C49 H79 O17 P1 S1,49,79,17,-9999,1,1,-9999,-9999,-9999
1857,1001.469268,1001.469682833,1001.469769735,10881124,-9999,295006.3,15.82,-1,-0.086774241,0.499317333,0.598596236,0.539028894,29,0.096774194,1.14516129,N2 S1 P1 O6,de-protonated,0,-9999,C62 H71 O6 N2 P1 S1,62,71,6,2,1,1,-9999,-9999,-9999
1857,1001.469268,1001.469682833,1001.469631351,10881124,-9999,295006.3,15.82,-1,0.051407101,0.999520602,0,0.599712361,2,0.463414634,2.024390244,N2 S2 P1 O19,de-protonated,0,-9999,C41 H83 O19 N2 P1 S2,41,83,19,2,1,2,-9999,-9999,-9999
1857,1001.469268,1001.469682833,1001.468761971,10881124,-9999,295006.3,15.82,-1,0.919511977,0.857773434,0,0.514664061,3,0.6,1.975,N2 P1 O24,de-protonated,0,-9999,C40 H79 O24 N2 P1,40,79,24,2,1,-9999,-9999,-9999,-9999
1857,1001.469268,1001.469682833,1001.469118286,10881124,-9999,295006.3,15.82,-1,0.563718731,0.471985163,0.631293472,0.535708487,20,0.148148148,1.388888889,N4 S2 P1 O8,de-protonated,0,-9999,C54 H75 O8 N4 P1 S2,54,75,8,4,1,2,-9999,-9999,-9999
1857,1001.469268,1001.469682833,1001.470617888,10881124,-9999,295006.3,15.82,-1,-0.93368186,0.426848036,0.606448844,0.498688359,30,0.166666667,1.1,N4 O10,de-protonated,0,-9999,C60 H66 O10 N4,60,66,10,4,-9999,-9999,-9999,-9999,-9999
1857,1001.469268,1001.469682833,1001.470479504,10881124,-9999,295006.3,15.82,-1,-0.795500752,0.891522485,0,0.534913491,3,0.58974359,2,N4 S1 O23,de-protonated,0,-9999,C39 H78 O23 N4 S1,39,78,23,4,-9999,1,-9999,-9999,-9999
1858,1001.519853,1001.520267857,1001.519422527,9898118,-9999,256591.4,14.23,-1,0.844048127,0.878739159,0,0.527243496,18,0.137931034,1.431034483,S2 P1 O8,de-protonated,0,-9999,C58 H83 O8 P1 S2,58,83,8,-9999,1,2,-9999,-9999,-9999
1858,1001.519853,1001.520267857,1001.520922128,9898118,-9999,256591.4,14.23,-1,-0.653277673,0.462742587,0.590944388,0.514023307,28,0.15625,1.15625,O10,de-protonated,0,-9999,C64 H74 O10,64,74,10,-9999,-9999,-9999,-9999,-9999,-9999
1858,1001.519853,1001.520267857,1001.520783744,9898118,-9999,256591.4,14.23,-1,-0.515103466,0.952996482,0,0.571797889,1,0.534883721,2,S1 O23,de-protonated,0,-9999,C43 H86 O23 S1,43,86,23,-9999,-9999,1,-9999,-9999,-9999
1858,1001.519853,1001.520267857,1001.52027068,9898118,-9999,256591.4,14.23,-1,-0.002818293,0.999998559,0,0.599999135,19,0.214285714,1.392857143,N2 S1 O12,de-protonated,0,-9999,C56 H78 O12 N2 S1,56,78,12,2,-9999,1,-9999,-9999,-9999
1858,1001.519853,1001.520267857,1001.520403621,9898118,-9999,256591.4,14.23,-1,-0.135558204,0.996671247,0,0.598002748,6,0.444444444,1.844444444,N2 P1 O20,de-protonated,0,-9999,C45 H83 O20 N2 P1,45,83,20,2,1,-9999,-9999,-9999,-9999
1858,1001.519853,1001.520267857,1001.519757615,9898118,-9999,256591.4,14.23,-1,0.509467406,0.47699777,0.572644131,0.515256314,37,0.014492754,1.014492754,N4 S1 O1,de-protonated,0,-9999,C69 H70 O1 N4 S1,69,70,1,4,-9999,1,-9999,-9999,-9999
1858,1001.519853,1001.520267857,1001.520759937,9898118,-9999,256591.4,14.23,-1,-0.491332728,0.478571182,0.610452919,0.53132387700000006,23,0.06779661,1.338983051,N4 S2 P1 O4,de-protonated,0,-9999,C59 H79 O4 N4 P1 S2,59,79,4,4,1,2,-9999,-9999,-9999
1858,1001.519853,1001.520267857,1001.519890557,9898118,-9999,256591.4,14.23,-1,0.376727359,0.974576917,0,0.58474615,24,0.155172414,1.293103448,N4 P1 O9,de-protonated,0,-9999,C58 H75 O9 N4 P1,58,75,9,4,1,-9999,-9999,-9999,-9999
1858,1001.519853,1001.520267857,1001.519619231,9898118,-9999,256591.4,14.23,-1,0.647641934,0.926717181,0,0.556030309,10,0.291666667,1.708333333,N4 S2 O14,de-protonated,0,-9999,C48 H82 O14 N4 S2,48,82,14,4,-9999,2,-9999,-9999,-9999
1859,1002.552499,1002.552914343,1002.55342599,20384576,-9999,257135,31.28,-1,-0.510343452,0.476920451,0.587191358,0.521028814,26,0.061538462,1.246153846,N1 S2 O4,de-protonated,0,-9999,C65 H81 O4 N1 S2,65,81,4,1,-9999,2,-9999,-9999,-9999
1859,1002.552499,1002.552914343,1002.55255661,20384576,-9999,257135,31.28,-1,0.356822484,0.488581179,0.590944388,0.529526462,27,0.140625,1.203125,N1 O9,de-protonated,0,-9999,C64 H77 O9 N1,64,77,9,1,-9999,-9999,-9999,-9999,-9999
1859,1002.552499,1002.552914343,1002.553558932,20384576,-9999,257135,31.28,-1,-0.642946505,0.463868359,0.631293472,0.530838404,13,0.222222222,1.592592593,N1 S1 P1 O12,de-protonated,0,-9999,C54 H86 O12 N1 P1 S1,54,86,12,1,1,1,-9999,-9999,-9999
1859,1002.552499,1002.552914343,1002.552418226,20384576,-9999,257135,31.28,-1,0.494854647,0.478269672,0.6825583,0.559985123,0,0.511627907,2.069767442,N1 S1 O22,de-protonated,0,-9999,C43 H89 O22 N1 S1,43,89,22,1,-9999,1,-9999,-9999,-9999
1859,1002.552499,1002.552914343,1002.553045867,20384576,-9999,257135,31.28,-1,-0.131189125,0.498441016,0.579826515,0.530995216,31,0.014925373,1.164179104,N3 S1 P1 O1,de-protonated,0,-9999,C67 H78 O1 N3 P1 S1,67,78,1,3,1,1,-9999,-9999,-9999
1859,1002.552499,1002.552914343,1002.552907483,20384576,-9999,257135,31.28,-1,0.006842904,0.499995752,0.667769153,0.567105112,4,0.304347826,1.956521739,N3 S2 P1 O14,de-protonated,0,-9999,C46 H90 O14 N3 P1 S2,46,90,14,3,1,2,-9999,-9999,-9999
1859,1002.552499,1002.552914343,1002.552038103,20384576,-9999,257135,31.28,-1,0.874009737,0.43528488,0.672627142,0.530221785,5,0.422222222,1.911111111,N3 P1 O19,de-protonated,0,-9999,C45 H86 O19 N3 P1,45,86,19,3,1,-9999,-9999,-9999,-9999
1860,1002.555691,1002.556106345,1002.555927913,21826372,-9999,264542.9,33.62,-1,0.177976581,0.497134489,0.602496955,0.539279475,22,0.14754098399999999,1.327868852,N1 S1 O9,de-protonated,0,-9999,C61 H81 O9 N1 S1,61,81,9,1,-9999,1,-9999,-9999,-9999
1860,1002.555691,1002.556106345,1002.556930235,21826372,-9999,264542.9,33.62,-1,-0.821788867,0.442335701,0.644495114,0.523199466,8,0.235294118,1.764705882,N1 S2 P1 O12,de-protonated,0,-9999,C51 H90 O12 N1 P1 S2,51,90,12,1,1,2,-9999,-9999,-9999
1860,1002.555691,1002.556106345,1002.556060855,21826372,-9999,264542.9,33.62,-1,0.045373768,0.499813254,0.649019222,0.559495641,9,0.34,1.72,N1 P1 O17,de-protonated,0,-9999,C50 H86 O17 N1 P1,50,86,17,1,1,-9999,-9999,-9999,-9999
1860,1002.555691,1002.556106345,1002.556417171,21826372,-9999,264542.9,33.62,-1,-0.310033299,0.491355124,0.590944388,0.53119083,26,0.015625,1.28125,N3 S2 P1 O1,de-protonated,0,-9999,C64 H82 O1 N3 P1 S2,64,82,1,3,1,2,-9999,-9999,-9999
1860,1002.555691,1002.556106345,1002.555547791,21826372,-9999,264542.9,33.62,-1,0.557130223,0.472618023,0.594745702,0.521469094,27,0.095238095,1.238095238,N3 P1 O6,de-protonated,0,-9999,C63 H78 O6 N3 P1,63,78,6,3,1,-9999,-9999,-9999,-9999
1860,1002.555691,1002.556106345,1002.555276465,21826372,-9999,264542.9,33.62,-1,0.827764988,0.441545198,0.635633513,0.519180524,13,0.20754717,1.603773585,N3 S2 O11,de-protonated,0,-9999,C53 H85 O11 N3 S2,53,85,11,3,-9999,2,-9999,-9999,-9999
1860,1002.555691,1002.556106345,1002.555409406,21826372,-9999,264542.9,33.62,-1,0.695162003,0.45802464,0.68763467,0.549868652,0,0.452380952,2.142857143,N3 S1 P1 O19,de-protonated,0,-9999,C42 H90 O19 N3 P1 S1,42,90,19,3,1,1,-9999,-9999,-9999
1861,1003.2429530000001,1003.243368668,1003.242986195,13290772,-9999,257183.2,19.74,-1,0.381237306,0.486986307,0.606448844,0.534771322,39,0.216666667,0.733333333,S1 O13,de-protonated,0,-9999,C60 H44 O13 S1,60,44,13,-9999,-9999,1,-9999,-9999,-9999
1861,1003.2429530000001,1003.243368668,1003.243988516,13290772,-9999,257183.2,19.74,-1,-0.617843669,0.4665399,0.649019222,0.539531629,25,0.32,1.06,S2 P1 O16,de-protonated,0,-9999,C50 H53 O16 P1 S2,50,53,16,-9999,1,2,-9999,-9999,-9999
1861,1003.2429530000001,1003.243368668,1003.243119136,13290772,-9999,257183.2,19.74,-1,0.248725277,0.494418789,0.653607294,0.558094191,26,0.428571429,1,P1 O21,de-protonated,0,-9999,C49 H49 O21 P1,49,49,21,-9999,1,-9999,-9999,-9999,-9999
1861,1003.2429530000001,1003.243368668,1003.242467688,13290772,-9999,257183.2,19.74,-1,0.898068645,0.863861074,0,0.518316644,17,0.56097561,1.292682927,N2 S1 P1 O23,de-protonated,0,-9999,C41 H53 O23 N2 P1 S1,41,53,23,2,1,1,-9999,-9999,-9999
1861,1003.2429530000001,1003.243368668,1003.244185221,13290772,-9999,257183.2,19.74,-1,-0.813911956,0.886742035,0,0.532045221,17,0.55,1.3,N4 S2 O22,de-protonated,0,-9999,C40 H52 O22 N4 S2,40,52,22,4,-9999,2,-9999,-9999,-9999
1862,1003.252407,1003.252822673,1003.253371431,13700379,-9999,262547.4,20.41,-1,-0.546978493,0.473580206,0.602496955,0.525146906,38,0.131147541,0.803278689,S2 P1 O8,de-protonated,0,-9999,C61 H49 O8 P1 S2,61,49,8,-9999,1,2,-9999,-9999,-9999
1862,1003.252407,1003.252822673,1003.252502051,13700379,-9999,262547.4,20.41,-1,0.319582411,0.490819388,0.606448844,0.537071171,39,0.216666667,0.75,P1 O13,de-protonated,0,-9999,C60 H45 O13 P1,60,45,13,-9999,1,-9999,-9999,-9999,-9999
1862,1003.252407,1003.252822673,1003.252230725,13700379,-9999,262547.4,20.41,-1,0.590029102,0.469392629,0.649019222,0.541243266,25,0.36,1.04,S2 O18,de-protonated,0,-9999,C50 H52 O18 S2,50,52,18,-9999,-9999,2,-9999,-9999,-9999
1862,1003.252407,1003.252822673,1003.251850602,13700379,-9999,262547.4,20.41,-1,0.968919751,0.421686892,0.640033642,0.509025592,30,0.288461538,0.942307692,N2 S1 P1 O15,de-protonated,0,-9999,C52 H49 O15 N2 P1 S1,52,49,15,2,1,1,-9999,-9999,-9999
1862,1003.252407,1003.252822673,1003.253568135,13700379,-9999,262547.4,20.41,-1,-0.743044959,0.452336969,0.644495114,0.529200227,30,0.274509804,0.941176471,N4 S2 O14,de-protonated,0,-9999,C51 H48 O14 N4 S2,51,48,14,4,-9999,2,-9999,-9999,-9999
1862,1003.252407,1003.252822673,1003.252698755,13700379,-9999,262547.4,20.41,-1,0.123515604,0.498617814,0.649019222,0.558778377,31,0.38,0.88,N4 O19,de-protonated,0,-9999,C50 H44 O19 N4,50,44,19,4,-9999,-9999,-9999,-9999,-9999
1862,1003.252407,1003.252822673,1003.253701077,13700379,-9999,262547.4,20.41,-1,-0.875555441,0.870142682,0,0.522085609,17,0.55,1.325,N4 S1 P1 O22,de-protonated,0,-9999,C40 H53 O22 N4 P1 S1,40,53,22,4,1,1,-9999,-9999,-9999
1863,1004.1866,1004.187016112,1004.186593516,8851347,-9999,485138.2,12.52,-1,0.420834436,0.968375981,0,0.581025589,36,0.314814815,0.722222222,N1 S1 O17,de-protonated,0,-9999,C54 H39 O17 N1 S1,54,39,17,1,-9999,1,-9999,-9999,-9999
1863,1004.1866,1004.187016112,1004.187595838,8851347,-9999,485138.2,12.52,-1,-0.57730777,0.941318251,0,0.564790951,22,0.454545455,1.090909091,N1 S2 P1 O20,de-protonated,0,-9999,C44 H48 O20 N1 P1 S2,44,48,20,1,1,2,-9999,-9999,-9999
1863,1004.1866,1004.187016112,1004.186726458,8851347,-9999,485138.2,12.52,-1,0.288446921,0.98501656,0,0.591009936,23,0.581395349,1.023255814,N1 P1 O25,de-protonated,0,-9999,C43 H44 O25 N1 P1,43,44,25,1,1,-9999,-9999,-9999,-9999
1863,1004.1866,1004.187016112,1004.187082774,8851347,-9999,485138.2,12.52,-1,-0.0663831,0.999200727,0,0.599520436,40,0.157894737,0.701754386,N3 S2 P1 O9,de-protonated,0,-9999,C57 H40 O9 N3 P1 S2,57,40,9,3,1,2,-9999,-9999,-9999
1864,1004.190683,1004.191099114,1004.190097761,32149398,-9999,288677,50.4,-1,0.997174911,0.417457683,0.698017357,0.529681553,18,0.625,1.2,N1 S1 P1 O25,de-protonated,0,-9999,C40 H48 O25 N1 P1 S1,40,48,25,1,1,1,-9999,-9999,-9999
1864,1004.190683,1004.191099114,1004.19208662,32149398,-9999,288677,50.4,-1,-0.9833836,0.419531814,0.653607294,0.513162006,32,0.387755102,0.816326531,N3 P1 O19,de-protonated,0,-9999,C49 H40 O19 N3 P1,49,40,19,3,1,-9999,-9999,-9999,-9999
1864,1004.190683,1004.191099114,1004.191815294,32149398,-9999,288677,50.4,-1,-0.713190307,0.455919365,0.703327172,0.554882488,18,0.615384615,1.205128205,N3 S2 O24,de-protonated,0,-9999,C39 H47 O24 N3 S2,39,47,24,3,-9999,2,-9999,-9999,-9999
1865,1005.072828,1005.07324453,1005.07268596,19272170,-9999,286606.1,29.46,-1,0.55575018,0.472749747,0.649019222,0.543257537,39,0.4,0.52,N2 S1 O20,de-protonated,0,-9999,C50 H26 O20 N2 S1,50,26,20,2,-9999,1,-9999,-9999,-9999
1865,1005.072828,1005.07324453,1005.073688282,19272170,-9999,286606.1,29.46,-1,-0.441512179,0.482623941,0.698017357,0.568781308,25,0.575,0.875,N2 S2 P1 O23,de-protonated,0,-9999,C40 H35 O23 N2 P1 S2,40,35,23,2,1,2,-9999,-9999,-9999
1866,1005.121021,1005.121437552,1005.122338752,11014666,-9999,335940.1,16.04,-1,-0.896606705,0.864272428,0,0.518563457,28,0.47826087,0.826086957,S2 O22,de-protonated,0,-9999,C46 H38 O22 S2,46,38,22,-9999,-9999,2,-9999,-9999,-9999
1866,1005.121021,1005.121437552,1005.121958629,11014666,-9999,335940.1,16.04,-1,-0.518421574,0.952403664,0,0.571442198,33,0.395833333,0.729166667,N2 S1 P1 O19,de-protonated,0,-9999,C48 H35 O19 N2 P1 S1,48,35,19,2,1,1,-9999,-9999,-9999
1866,1005.121021,1005.121437552,1005.121307181,11014666,-9999,335940.1,16.04,-1,0.1297075,0.996951956,0,0.598171173,24,0.525,0.975,N4 S2 P1 O21,de-protonated,0,-9999,C40 H39 O21 N4 P1 S2,40,39,21,4,1,2,-9999,-9999,-9999
1867,1005.221465,1005.2218816,1005.22225075,11965006,-9999,247981.7,17.58,-1,-0.367232327,0.487913436,0.610452919,0.536929229,39,0.237288136,0.711864407,S1 O14,de-protonated,0,-9999,C59 H42 O14 S1,59,42,14,-9999,-9999,1,-9999,-9999,-9999
1867,1005.221465,1005.2218816,1005.222383691,11965006,-9999,247981.7,17.58,-1,-0.499483342,0.955740857,0,0.573444514,26,0.458333333,0.979166667,P1 O22,de-protonated,0,-9999,C48 H47 O22 P1,48,47,22,-9999,1,-9999,-9999,-9999,-9999
1867,1005.221465,1005.2218816,1005.221599301,11965006,-9999,247981.7,17.58,-1,0.280832181,0.492895822,0.644495114,0.553535539,30,0.31372549,0.901960784,N2 S2 O16,de-protonated,0,-9999,C51 H46 O16 N2 S2,51,46,16,2,-9999,2,-9999,-9999,-9999
1867,1005.221465,1005.2218816,1005.221732243,11965006,-9999,247981.7,17.58,-1,0.148580994,0.996002294,0,0.597601377,17,0.6,1.275,N2 S1 P1 O24,de-protonated,0,-9999,C40 H51 O24 N2 P1 S1,40,51,24,2,1,1,-9999,-9999,-9999
1867,1005.221465,1005.2218816,1005.221219179,11965006,-9999,247981.7,17.58,-1,0.658980413,0.462114671,0.635633513,0.531522208,35,0.245283019,0.811320755,N4 S1 P1 O13,de-protonated,0,-9999,C53 H43 O13 N4 P1 S1,53,43,13,4,1,1,-9999,-9999,-9999
1868,1006.021715,1006.022131976,1006.021318355,8721515,-9999,376954.9,12.31,-1,0.80875109,0.888090477,0,0.532854286,26,0.641025641,0.769230769,N1 S2 P1 O25,de-protonated,0,-9999,C39 H30 O25 N1 P1 S2,39,30,25,1,1,2,-9999,-9999,-9999
1869,1006.025785,1006.026201978,1006.027084354,13079662,-9999,317085.5,19.39,-1,-0.877089116,0.434859195,0.587191358,0.49579206,0,0.061538462,2.061538462,N2 O4,de-protonated,0,-9999,C65 H134 O4 N2,65,134,4,2,-9999,-9999,-9999,-9999,-9999
1869,1006.025785,1006.026201978,1006.026678518,13079662,-9999,317085.5,19.39,-1,-0.473685019,0.480052319,0.672627142,0.557082248,35,0.422222222,0.577777778,N3 S2 P1 O19,de-protonated,0,-9999,C45 H26 O19 N3 P1 S2,45,26,19,3,1,2,-9999,-9999,-9999
1869,1006.025785,1006.026201978,1006.025809138,13079662,-9999,317085.5,19.39,-1,0.390487103,0.972711907,0,0.583627144,36,0.545454545,0.5,N3 P1 O24,de-protonated,0,-9999,C44 H22 O24 N3 P1,44,22,24,3,1,-9999,-9999,-9999,-9999
1870,1006.06327,1006.063686996,1006.063064027,17699974,-9999,239228.6,26.91,-1,0.619214194,0.466396399,0.667769153,0.546945501,34,0.391304348,0.652173913,N3 S2 P1 O18,de-protonated,0,-9999,C46 H30 O18 N3 P1 S2,46,30,18,3,1,2,-9999,-9999,-9999
1871,1006.957501,1006.957918417,1006.956956362,17602274,-9999,286846,26.75,-1,0.955407634,0.423681103,0.590944388,0.490586417,1,0.0625,2.015625,N1 S1 O4,de-protonated,0,-9999,C64 H129 O4 N1 S1,64,129,4,1,-9999,1,-9999,-9999,-9999
1871,1006.957501,1006.957918417,1006.95739868,17602274,-9999,286846,26.75,-1,0.516145801,0.476405314,0.68763467,0.560897056,37,0.547619048,0.380952381,N4 S2 O23,de-protonated,0,-9999,C42 H16 O23 N4 S2,42,16,23,4,-9999,2,-9999,-9999,-9999
1872,1007.107362,1007.107779487,1007.10861724,9672519,-9999,354572.6,13.85,-1,-0.831839077,0.882007647,0,0.529204588,32,0.367346939,0.755102041,S2 P1 O18,de-protonated,0,-9999,C49 H37 O18 P1 S2,49,37,18,-9999,1,2,-9999,-9999,-9999
1872,1007.107362,1007.107779487,1007.10774786,9672519,-9999,354572.6,13.85,-1,0.031404354,0.999821065,0,0.599892639,33,0.479166667,0.6875,P1 O23,de-protonated,0,-9999,C48 H33 O23 P1,48,33,23,-9999,1,-9999,-9999,-9999,-9999
1872,1007.107362,1007.107779487,1007.106963469,9672519,-9999,354572.6,13.85,-1,0.810259493,0.887697034,0,0.53261822,37,0.333333333,0.62745098,N2 S2 O17,de-protonated,0,-9999,C51 H32 O17 N2 S2,51,32,17,2,-9999,2,-9999,-9999,-9999
1872,1007.107362,1007.107779487,1007.107096411,9672519,-9999,354572.6,13.85,-1,0.678255819,0.919916832,0,0.551950099,24,0.625,0.925,N2 S1 P1 O25,de-protonated,0,-9999,C40 H37 O25 N2 P1 S1,40,37,25,2,1,1,-9999,-9999,-9999
1873,1007.862637,1007.863054843,1007.8623277,20715844,-9999,239270.4,31.81,-1,0.721470563,0.454937692,0.572644131,0.502020268,12,0.028985507,1.68115942,S1 O2,de-protonated,0,-9999,C69 H116 O2 S1,69,116,2,-9999,-9999,1,-9999,-9999,-9999
1873,1007.862637,1007.863054843,1007.863798052,20715844,-9999,239270.4,31.81,-1,-0.737410403,0.453022142,0.610452919,0.515994452,4,0.101694915,1.983050847,N4 P1 O6,de-protonated,0,-9999,C59 H117 O6 N4 P1,59,117,6,4,1,-9999,-9999,-9999,-9999
1874,1007.954601,1007.955018886,1007.954301422,10590594,-9999,240383.6,15.35,-1,0.711801835,0.912166146,0,0.547299688,32,0.615384615,0.512820513,N3 S2 P1 O24,de-protonated,0,-9999,C39 H20 O24 N3 P1 S2,39,20,24,3,1,2,-9999,-9999,-9999
1874,1007.954601,1007.955018886,1007.955196515,10590594,-9999,240383.6,15.35,-1,-0.176227345,0.497190381,0.598596236,0.537752723,1,0.016129032,2.080645161,N4 S1 P1 O1,de-protonated,0,-9999,C62 H129 O1 N4 P1 S1,62,129,1,4,1,1,-9999,-9999,-9999
1875,1008.002218,1008.002635909,1008.002129452,14047650,-9999,260523.5,20.97,-1,0.50243579,0.477614002,0.572644131,0.515626054,4,0.014492754,1.927536232,P1 O1,de-protonated,0,-9999,C69 H133 O1 P1,69,133,1,-9999,1,-9999,-9999,-9999,-9999
1875,1008.002218,1008.002635909,1008.002951892,14047650,-9999,260523.5,20.97,-1,-0.313474979,0.491163841,0.672627142,0.563749161,35,0.511111111,0.511111111,N1 S2 O23,de-protonated,0,-9999,C45 H23 O23 N1 S2,45,23,23,1,-9999,2,-9999,-9999,-9999
1875,1008.002218,1008.002635909,1008.00257177,14047650,-9999,260523.5,20.97,-1,0.063629616,0.499632817,0.662980834,0.564972023,40,0.425531915,0.425531915,N3 S1 P1 O20,de-protonated,0,-9999,C47 H20 O20 N3 P1 S1,47,20,20,3,1,1,-9999,-9999,-9999
1876,1009.708663,1009.709081712,1009.708937377,17112604,-9999,220866.4,25.78,-1,0.142946845,0.498149589,0.602496955,0.539888536,11,0.114754098,1.68852459,S1 P1 O7,de-protonated,0,-9999,C61 H103 O7 P1 S1,61,103,7,-9999,1,1,-9999,-9999,-9999
1876,1009.708663,1009.709081712,1009.708285928,17112604,-9999,220866.4,25.78,-1,0.788131976,0.446706099,0.635633513,0.522277065,2,0.169811321,2.018867925,N2 S2 P1 O9,de-protonated,0,-9999,C53 H107 O9 N2 P1 S2,53,107,9,2,1,2,-9999,-9999,-9999
1876,1009.708663,1009.709081712,1009.70978553,17112604,-9999,220866.4,25.78,-1,-0.697050255,0.457806214,0.610452919,0.518864896,12,0.186440678,1.661016949,N2 O11,de-protonated,0,-9999,C59 H98 O11 N2,59,98,11,2,-9999,-9999,-9999,-9999,-9999
1876,1009.708663,1009.709081712,1009.709134082,17112604,-9999,220866.4,25.78,-1,-0.051866208,0.499756002,0.644495114,0.557651647,3,0.254901961,2,N4 S1 O13,de-protonated,0,-9999,C51 H102 O13 N4 S1,51,102,13,4,-9999,1,-9999,-9999,-9999
1877,1009.749459,1009.749877731,1009.750193792,8863287,-9999,210100.7,12.45,-1,-0.313008714,0.491189874,0.587191358,0.529590468,15,0.123076923,1.569230769,O8,de-protonated,0,-9999,C65 H102 O8,65,102,8,-9999,-9999,-9999,-9999,-9999,-9999
1877,1009.749459,1009.749877731,1009.749542343,8863287,-9999,210100.7,12.45,-1,0.332149762,0.980180983,0,0.58810859,6,0.175438596,1.859649123,N2 S1 O10,de-protonated,0,-9999,C57 H106 O10 N2 S1,57,106,10,2,-9999,1,-9999,-9999,-9999
1877,1009.749459,1009.749877731,1009.7500316000001,8863287,-9999,210100.7,12.45,-1,-0.152383535,0.995795491,0,0.597477294,10,0.033333333,1.783333333,N4 S2 P1 O2,de-protonated,0,-9999,C60 H107 O2 N4 P1 S2,60,107,2,4,1,2,-9999,-9999,-9999
1877,1009.749459,1009.749877731,1009.74916222,8863287,-9999,210100.7,12.45,-1,0.708602312,0.912918642,0,0.547751185,11,0.118644068,1.745762712,N4 P1 O7,de-protonated,0,-9999,C59 H103 O7 N4 P1,59,103,7,4,1,-9999,-9999,-9999,-9999
1878,1010.649832,1010.650251155,1010.650042775,16588946,-9999,274939.8,24.93,-1,0.20618377,0.496157987,0.610452919,0.54187596,12,0.101694915,1.661016949,N1 S2 P1 O6,de-protonated,0,-9999,C59 H98 O6 N1 P1 S2,59,98,6,1,1,2,-9999,-9999,-9999
1878,1010.649832,1010.650251155,1010.650890928,16588946,-9999,274939.8,24.93,-1,-0.633031188,0.464934456,0.618621811,0.526409398,13,0.175438596,1.631578947,N3 S1 O10,de-protonated,0,-9999,C57 H93 O10 N3 S1,57,93,10,3,-9999,1,-9999,-9999,-9999
1878,1010.649832,1010.650251155,1010.65102387,16588946,-9999,274939.8,24.93,-1,-0.764571792,0.449681087,0.667769153,0.536916313,0,0.391304348,2.130434783,N3 P1 O18,de-protonated,0,-9999,C46 H98 O18 N3 P1,46,98,18,3,1,-9999,-9999,-9999,-9999
1879,1010.653486,1010.653905157,1010.65491368,13738132,-9999,282191.7,20.33,-1,-0.997891368,0.417349426,0.598596236,0.48984815,17,0.129032258,1.5,N1 S1 O8,de-protonated,0,-9999,C62 H93 O8 N1 S1,62,93,8,1,-9999,1,-9999,-9999,-9999
1879,1010.653486,1010.653905157,1010.654533558,13738132,-9999,282191.7,20.33,-1,-0.621776555,0.466127374,0.590944388,0.51605418,22,0.078125,1.40625,N3 P1 O5,de-protonated,0,-9999,C64 H90 O5 N3 P1,64,90,5,3,1,-9999,-9999,-9999,-9999
1879,1010.653486,1010.653905157,1010.654262232,13738132,-9999,282191.7,20.33,-1,-0.353310868,0.488802303,0.631293472,0.54579877,8,0.185185185,1.796296296,N3 S2 O10,de-protonated,0,-9999,C54 H97 O10 N3 S2,54,97,10,3,-9999,2,-9999,-9999,-9999
1879,1010.653486,1010.653905157,1010.653392852,13738132,-9999,282191.7,20.33,-1,0.506904483,0.477223277,0.635633513,0.540587372,9,0.283018868,1.754716981,N3 O15,de-protonated,0,-9999,C53 H93 O15 N3,53,93,15,3,-9999,-9999,-9999,-9999,-9999
1880,1012.505162,1012.505582028,1012.504894661,11609446,-9999,235620.3,16.89,-1,0.678877934,0.459887958,0.644495114,0.53373082,11,0.254901961,1.647058824,N1 S2 P1 O13,de-protonated,0,-9999,C51 H84 O13 N1 P1 S2,51,84,13,1,1,2,-9999,-9999,-9999
1880,1012.505162,1012.505582028,1012.506394263,11609446,-9999,235620.3,16.89,-1,-0.802201965,0.444896108,0.618621811,0.514386389,21,0.263157895,1.315789474,N1 O15,de-protonated,0,-9999,C57 H75 O15 N1,57,75,15,1,-9999,-9999,-9999,-9999,-9999
1880,1012.505162,1012.505582028,1012.505881199,11609446,-9999,235620.3,16.89,-1,-0.295475191,0.492141666,0.569119254,0.522932701,39,0.057142857,0.957142857,N3 O4,de-protonated,0,-9999,C70 H67 O4 N3,70,67,4,3,-9999,-9999,-9999,-9999,-9999
1880,1012.505162,1012.505582028,1012.505742814,11609446,-9999,235620.3,16.89,-1,-0.158800027,0.99543478,0,0.597260868,12,0.346938776,1.612244898,N3 S1 O17,de-protonated,0,-9999,C49 H79 O17 N3 S1,49,79,17,3,-9999,1,-9999,-9999,-9999
1881,1013.359366,1013.35978643,1013.36012395,9512860,-9999,301654.1,13.5,-1,-0.333069468,0.980072178,0,0.588043307,29,0.298245614,1.01754386,O17,de-protonated,0,-9999,C57 H58 O17,57,58,17,-9999,-9999,-9999,-9999,-9999,-9999
1881,1013.359366,1013.35978643,1013.360613207,9512860,-9999,301654.1,13.5,-1,-0.815876062,0.886227138,0,0.531736283,33,0.15,0.983333333,N2 S1 P1 O9,de-protonated,0,-9999,C60 H59 O9 N2 P1 S1,60,59,9,2,1,1,-9999,-9999,-9999
1881,1013.359366,1013.35978643,1013.359472501,9512860,-9999,301654.1,13.5,-1,0.309790722,0.982737059,0,0.589642235,20,0.387755102,1.265306122,N2 S1 O19,de-protonated,0,-9999,C49 H62 O19 N2 S1,49,62,19,2,-9999,1,-9999,-9999,-9999
1881,1013.359366,1013.35978643,1013.360474823,9512860,-9999,301654.1,13.5,-1,-0.679316249,0.919676567,0,0.55180594,6,0.564102564,1.820512821,N2 S2 P1 O22,de-protonated,0,-9999,C39 H71 O22 N2 P1 S2,39,71,22,2,1,2,-9999,-9999,-9999
1881,1013.359366,1013.35978643,1013.358959437,9512860,-9999,301654.1,13.5,-1,0.81609148,0.443085304,0.598596236,0.505289677,38,0.129032258,0.870967742,N4 S1 O8,de-protonated,0,-9999,C62 H54 O8 N4 S1,62,54,8,4,-9999,1,-9999,-9999,-9999
1881,1013.359366,1013.35978643,1013.359961758,9512860,-9999,301654.1,13.5,-1,-0.173016493,0.994583111,0,0.596749867,24,0.211538462,1.211538462,N4 S2 P1 O11,de-protonated,0,-9999,C52 H63 O11 N4 P1 S2,52,63,11,4,1,2,-9999,-9999,-9999
1881,1013.359366,1013.35978643,1013.359092379,9512860,-9999,301654.1,13.5,-1,0.684902211,0.918405787,0,0.551043472,25,0.31372549,1.156862745,N4 P1 O16,de-protonated,0,-9999,C51 H59 O16 N4 P1,51,59,16,4,1,-9999,-9999,-9999,-9999
1881,1013.359366,1013.35978643,1013.358821052,9512860,-9999,301654.1,13.5,-1,0.952651739,0.848171088,0,0.508902653,11,0.512195122,1.609756098,N4 S2 O21,de-protonated,0,-9999,C41 H66 O21 N4 S2,41,66,21,4,-9999,2,-9999,-9999,-9999
1882,1013.463095,1013.463515479,1013.464276631,9299937,-9999,266345.4,13.15,-1,-0.751039436,0.451357681,0.576212942,0.501299786,34,0.058823529,1.029411765,S2 O4,de-protonated,0,-9999,C68 H70 O4 S2,68,70,4,-9999,-9999,2,-9999,-9999,-9999
1882,1013.463095,1013.463515479,1013.463407251,9299937,-9999,266345.4,13.15,-1,0.106790468,0.498966431,0.579826515,0.531310465,35,0.134328358,0.985074627,O9,de-protonated,0,-9999,C67 H66 O9,67,66,9,-9999,-9999,-9999,-9999,-9999,-9999
1882,1013.463095,1013.463515479,1013.464409573,9299937,-9999,266345.4,13.15,-1,-0.882214866,0.868296468,0,0.520977881,21,0.210526316,1.315789474,S1 P1 O12,de-protonated,0,-9999,C57 H75 O12 P1 S1,57,75,12,-9999,1,1,-9999,-9999,-9999
1882,1013.463095,1013.463515479,1013.463268867,9299937,-9999,266345.4,13.15,-1,0.243336556,0.989313448,0,0.593588069,8,0.47826087,1.695652174,S1 O22,de-protonated,0,-9999,C46 H78 O22 S1,46,78,22,-9999,-9999,1,-9999,-9999,-9999
1882,1013.463095,1013.463515479,1013.463896508,9299937,-9999,266345.4,13.15,-1,-0.375967136,0.487339055,0.569119254,0.520051135,39,0.014285714,0.957142857,N2 S1 P1 O1,de-protonated,0,-9999,C70 H67 O1 N2 P1 S1,70,67,1,2,1,1,-9999,-9999,-9999
1882,1013.463095,1013.463515479,1013.462755802,9299937,-9999,266345.4,13.15,-1,0.749585426,0.903072825,0,0.541843695,26,0.186440678,1.186440678,N2 S1 O11,de-protonated,0,-9999,C59 H70 O11 N2 S1,59,70,11,2,-9999,1,-9999,-9999,-9999
1882,1013.463095,1013.463515479,1013.463758124,9299937,-9999,266345.4,13.15,-1,-0.23942118,0.989652812,0,0.593791687,12,0.285714286,1.612244898,N2 S2 P1 O14,de-protonated,0,-9999,C49 H79 O14 N2 P1 S2,49,79,14,2,1,2,-9999,-9999,-9999
1882,1013.463095,1013.463515479,1013.462888744,9299937,-9999,266345.4,13.15,-1,0.618409602,0.932961354,0,0.559776812,13,0.395833333,1.5625,N2 P1 O19,de-protonated,0,-9999,C48 H75 O19 N2 P1,48,75,19,2,1,-9999,-9999,-9999,-9999
1882,1013.463095,1013.463515479,1013.46324506,9299937,-9999,266345.4,13.15,-1,0.266827202,0.493582264,0.598596236,0.535587853,30,0.048387097,1.14516129,N4 S2 P1 O3,de-protonated,0,-9999,C62 H71 O3 N4 P1 S2,62,71,3,4,1,2,-9999,-9999,-9999
1883,1014.2649,1014.265320857,1014.264843838,12462578,-9999,306050.3,18.26,-1,0.470309299,0.480329973,0.631293472,0.540715373,31,0.314814815,0.907407407,N1 S1 O17,de-protonated,0,-9999,C54 H49 O17 N1 S1,54,49,17,1,-9999,1,-9999,-9999,-9999
1883,1014.2649,1014.265320857,1014.26584616,12462578,-9999,306050.3,18.26,-1,-0.517914918,0.952494406,0,0.571496644,17,0.454545455,1.318181818,N1 S2 P1 O20,de-protonated,0,-9999,C44 H58 O20 N1 P1 S2,44,58,20,1,1,2,-9999,-9999,-9999
1883,1014.2649,1014.265320857,1014.26497678,12462578,-9999,306050.3,18.26,-1,0.339237246,0.979335047,0,0.587601028,18,0.581395349,1.255813953,N1 P1 O25,de-protonated,0,-9999,C43 H54 O25 N1 P1,43,54,25,1,1,-9999,-9999,-9999,-9999
1883,1014.2649,1014.265320857,1014.265333096,12462578,-9999,306050.3,18.26,-1,-0.012067022,0.49998679,0.618621811,0.547440798,35,0.157894737,0.877192982,N3 S2 P1 O9,de-protonated,0,-9999,C57 H50 O9 N3 P1 S2,57,50,9,3,1,2,-9999,-9999,-9999
1883,1014.2649,1014.265320857,1014.264463716,12462578,-9999,306050.3,18.26,-1,0.845086009,0.439229838,0.622788794,0.51265342,36,0.25,0.821428571,N3 P1 O14,de-protonated,0,-9999,C56 H46 O14 N3 P1,56,46,14,3,1,-9999,-9999,-9999,-9999
1884,1014.317676,1014.318096882,1014.317487811,10709525,-9999,309957.5,15.43,-1,0.600473519,0.936669602,0,0.562001761,20,0.326530612,1.265306122,N1 S2 P1 O16,de-protonated,0,-9999,C49 H62 O16 N1 P1 S2,49,62,16,1,1,2,-9999,-9999,-9999
1884,1014.317676,1014.318096882,1014.318987413,10709525,-9999,309957.5,15.43,-1,-0.877959567,0.43473867,0.627012296,0.51164812,30,0.327272727,0.963636364,N1 O18,de-protonated,0,-9999,C55 H53 O18 N1,55,53,18,1,-9999,-9999,-9999,-9999,-9999
1884,1014.317676,1014.318096882,1014.318335964,10709525,-9999,309957.5,15.43,-1,-0.23570744,0.989969717,0,0.59398183,21,0.425531915,1.212765957,N3 S1 O20,de-protonated,0,-9999,C47 H57 O20 N3 S1,47,57,20,3,-9999,1,-9999,-9999,-9999
1885,1014.325142,1014.325562885,1014.326001345,8694298,-9999,304619.2,12.18,-1,-0.432267677,0.966663665,0,0.579998199,34,0.220338983,0.915254237,N1 P1 O13,de-protonated,0,-9999,C59 H54 O13 N1 P1,59,54,13,1,1,-9999,-9999,-9999,-9999
1885,1014.325142,1014.325562885,1014.325730019,8694298,-9999,304619.2,12.18,-1,-0.164773681,0.995085717,0,0.59705143,20,0.367346939,1.244897959,N1 S2 O18,de-protonated,0,-9999,C49 H61 O18 N1 S2,49,61,18,1,-9999,2,-9999,-9999,-9999
1885,1014.325142,1014.325562885,1014.324860639,8694298,-9999,304619.2,12.18,-1,0.692328181,0.916703058,0,0.550021835,21,0.479166667,1.1875,N1 O23,de-protonated,0,-9999,C48 H57 O23 N1,48,57,23,1,-9999,-9999,-9999,-9999,-9999
1885,1014.325142,1014.325562885,1014.325216955,8694298,-9999,304619.2,12.18,-1,0.341044529,0.979116597,0,0.587469958,38,0.112903226,0.85483871,N3 S2 O7,de-protonated,0,-9999,C62 H53 O7 N3 S2,62,53,7,3,-9999,2,-9999,-9999,-9999
1885,1014.325142,1014.325562885,1014.325349897,8694298,-9999,304619.2,12.18,-1,0.209980295,0.992031532,0,0.595218919,25,0.294117647,1.137254902,N3 S1 P1 O15,de-protonated,0,-9999,C51 H58 O15 N3 P1 S1,51,58,15,3,1,1,-9999,-9999,-9999
1886,1014.32916,1014.329580887,1014.329372649,8694300,-9999,361440,12.18,-1,0.205296458,0.992381716,0,0.595429029,29,0.232142857,1.035714286,N1 S1 P1 O13,de-protonated,0,-9999,C56 H58 O13 N1 P1 S1,56,58,13,1,1,1,-9999,-9999,-9999
1886,1014.32916,1014.329580887,1014.3287212,8694300,-9999,361440,12.18,-1,0.847542704,0.877797116,0,0.52667827,20,0.3125,1.291666667,N3 S2 P1 O15,de-protonated,0,-9999,C48 H62 O15 N3 P1 S2,48,62,15,3,1,2,-9999,-9999,-9999
1886,1014.32916,1014.329580887,1014.330220802,8694300,-9999,361440,12.18,-1,-0.630874374,0.930328968,0,0.558197381,30,0.314814815,0.981481481,N3 O17,de-protonated,0,-9999,C54 H53 O17 N3,54,53,17,3,-9999,-9999,-9999,-9999,-9999
1887,1014.367364,1014.367784905,1014.36812714,29862454,-9999,255163.3,46.37,-1,-0.337387236,0.32651917,0.51866191,0.403376266,37,0.140625,0.890625,N1 S1 O9,de-protonated,0,-9999,C64 H57 O9 N1 S1,64,57,9,1,-9999,1,-9999,-9999,-9999
1887,1014.367364,1014.367784905,1014.368260081,29862454,-9999,255163.3,46.37,-1,-0.468445837,0.480482461,0.635633513,0.542542882,24,0.320754717,1.169811321,N1 P1 O17,de-protonated,0,-9999,C53 H62 O17 N1 P1,53,62,17,1,1,-9999,-9999,-9999,-9999
1887,1014.367364,1014.367784905,1014.367988755,29862454,-9999,255163.3,46.37,-1,-0.200962995,0.496349388,0.6825583,0.570832952,10,0.511627907,1.604651163,N1 S2 O22,de-protonated,0,-9999,C43 H69 O22 N1 S2,43,69,22,1,-9999,2,-9999,-9999,-9999
1887,1014.367364,1014.367784905,1014.367475691,29862454,-9999,255163.3,46.37,-1,0.304834124,0.49164022,0.622788794,0.54409965,28,0.196428571,1.089285714,N3 S2 O11,de-protonated,0,-9999,C56 H61 O11 N3 S2,56,61,11,3,-9999,2,-9999,-9999,-9999
1887,1014.367364,1014.367784905,1014.367608633,29862454,-9999,255163.3,46.37,-1,0.173775355,0.49726781,0.672627142,0.567411543,15,0.422222222,1.466666667,N3 S1 P1 O19,de-protonated,0,-9999,C45 H66 O19 N3 P1 S1,45,66,19,3,1,1,-9999,-9999,-9999
1888,1014.376709,1014.377129909,1014.377642996,11283004,-9999,251295.5,16.36,-1,-0.505814293,0.477318889,0.590944388,0.522769088,37,0.140625,0.90625,N1 P1 O9,de-protonated,0,-9999,C64 H58 O9 N1 P1,64,58,9,1,1,-9999,-9999,-9999,-9999
1888,1014.376709,1014.377129909,1014.37737167,11283004,-9999,251295.5,16.36,-1,-0.238333935,0.494873046,0.631293472,0.549441216,23,0.259259259,1.203703704,N1 S2 O14,de-protonated,0,-9999,C54 H65 O14 N1 S2,54,65,14,1,-9999,2,-9999,-9999,-9999
1888,1014.376709,1014.377129909,1014.37650229,11283004,-9999,251295.5,16.36,-1,0.61872423,0.466447732,0.635633513,0.534122045,24,0.358490566,1.150943396,N1 O19,de-protonated,0,-9999,C53 H61 O19 N1,53,61,19,1,-9999,-9999,-9999,-9999,-9999
1888,1014.376709,1014.377129909,1014.377504612,11283004,-9999,251295.5,16.36,-1,-0.369391354,0.975545314,0,0.585327188,10,0.511627907,1.627906977,N1 S1 P1 O22,de-protonated,0,-9999,C43 H70 O22 N1 P1 S1,43,70,22,1,1,1,-9999,-9999,-9999
1888,1014.376709,1014.377129909,1014.376991547,11283004,-9999,251295.5,16.36,-1,0.136400935,0.4983149,0.622788794,0.548104458,28,0.196428571,1.107142857,N3 S1 P1 O11,de-protonated,0,-9999,C56 H62 O11 N3 P1 S1,56,62,11,3,1,1,-9999,-9999,-9999
1888,1014.376709,1014.377129909,1014.376853163,11283004,-9999,251295.5,16.36,-1,0.272824049,0.986585031,0,0.591951018,1,0.685714286,2.114285714,N3 S2 P1 O24,de-protonated,0,-9999,C35 H74 O24 N3 P1 S2,35,74,24,3,1,2,-9999,-9999,-9999
1889,1016.237945,1016.238366785,1016.238235167,22458112,-9999,226449.7,34.41,-1,0.129515522,0.498480479,0.606448844,0.541667825,40,0.216666667,0.716666667,N1 S1 O13,de-protonated,0,-9999,C60 H43 O13 N1 S1,60,43,13,1,-9999,1,-9999,-9999,-9999
1889,1016.237945,1016.238366785,1016.239237488,22458112,-9999,226449.7,34.41,-1,-0.856789369,0.437645311,0.649019222,0.522194876,26,0.32,1.04,N1 S2 P1 O16,de-protonated,0,-9999,C50 H52 O16 N1 P1 S2,50,52,16,1,1,2,-9999,-9999,-9999
1889,1016.237945,1016.238366785,1016.238368109,22458112,-9999,226449.7,34.41,-1,-0.001301963,0.499999846,0.653607294,0.561442825,27,0.428571429,0.979591837,N1 P1 O21,de-protonated,0,-9999,C49 H48 O21 N1 P1,49,48,21,1,1,-9999,-9999,-9999,-9999
1889,1016.237945,1016.238366785,1016.237583718,22458112,-9999,226449.7,34.41,-1,0.770555348,0.448932227,0.640033642,0.525372793,31,0.288461538,0.903846154,N3 S2 O15,de-protonated,0,-9999,C52 H47 O15 N3 S2,52,47,15,3,-9999,2,-9999,-9999,-9999
1889,1016.237945,1016.238366785,1016.23771666,22458112,-9999,226449.7,34.41,-1,0.639737696,0.464214916,0.692787115,0.555643795,18,0.56097561,1.268292683,N3 S1 P1 O23,de-protonated,0,-9999,C41 H52 O23 N3 P1 S1,41,52,23,3,1,1,-9999,-9999,-9999
1890,1016.99573,1016.996152142,1016.995449872,22491374,-9999,239793,34.46,-1,0.690534122,0.458557908,0.583485697,0.508529024,2,0.075757576,1.984848485,N1 O5,de-protonated,0,-9999,C66 H131 O5 N1,66,131,5,1,-9999,-9999,-9999,-9999,-9999
1890,1016.99573,1016.996152142,1016.99589219,22491374,-9999,239793,34.46,-1,0.25560824,0.49410747,0.677556332,0.567487015,38,0.545454545,0.409090909,N4 S1 O24,de-protonated,0,-9999,C44 H18 O24 N4 S1,44,18,24,4,-9999,1,-9999,-9999,-9999
1891,1016.99925,1016.999672144,1016.999263493,16527599,-9999,298502,24.83,-1,0.401820219,0.485564187,0.692787115,0.568453358,33,0.585365854,0.536585366,N4 S2 O24,de-protonated,0,-9999,C41 H22 O24 N4 S2,41,22,24,4,-9999,2,-9999,-9999,-9999
1892,1017.046449,1017.046871166,1017.04619643,17019150,-9999,352742.7,25.62,-1,0.663427372,0.461621837,0.658260696,0.540277381,36,0.5,0.541666667,S1 O24,de-protonated,0,-9999,C48 H26 O24 S1,48,26,24,-9999,-9999,1,-9999,-9999,-9999
1892,1017.046449,1017.046871166,1017.047091523,17019150,-9999,352742.7,25.62,-1,-0.216663227,0.495759218,0.565637507,0.523710534,5,0.014084507,1.901408451,N1 O1,de-protonated,0,-9999,C71 H135 O1 N1,71,135,1,1,-9999,-9999,-9999,-9999,-9999
1892,1017.046449,1017.046871166,1017.046685687,17019150,-9999,352742.7,25.62,-1,0.182370129,0.496991698,0.644495114,0.555993064,40,0.31372549,0.529411765,N2 S2 P1 O16,de-protonated,0,-9999,C51 H27 O16 N2 P1 S2,51,27,16,2,1,2,-9999,-9999,-9999
1893,1017.05031,1017.050732168,1017.050462826,13218065,-9999,372461.4,19.48,-1,0.26482638,0.493677542,0.576212942,0.526691702,0,0.014705882,2.044117647,N1 S1 O1,de-protonated,0,-9999,C68 H139 O1 N1 S1,68,139,1,1,-9999,1,-9999,-9999,-9999
1893,1017.05031,1017.050732168,1017.050905144,13218065,-9999,372461.4,19.48,-1,-0.170075792,0.497382603,0.667769153,0.565537223,36,0.434782609,0.565217391,N4 S2 O20,de-protonated,0,-9999,C46 H26 O20 N4 S2,46,26,20,4,-9999,2,-9999,-9999,-9999
1893,1017.05031,1017.050732168,1017.050035764,13218065,-9999,372461.4,19.48,-1,0.68472947,0.459222607,0.672627142,0.544584421,37,0.555555556,0.488888889,N4 O25,de-protonated,0,-9999,C45 H22 O25 N4,45,22,25,4,-9999,-9999,-9999,-9999,-9999
1894,1017.15611,1017.156532218,1017.156355279,9236822,-9999,329033,13.05,-1,0.173953842,0.99452442,0,0.596714652,19,0.585365854,1.146341463,S2 P1 O24,de-protonated,0,-9999,C41 H47 O24 P1 S2,41,47,24,-9999,1,2,-9999,-9999,-9999
1894,1017.15611,1017.156532218,1017.155842215,9236822,-9999,329033,13.05,-1,0.67836459,0.919892202,0,0.551935321,37,0.240740741,0.722222222,N2 S2 P1 O13,de-protonated,0,-9999,C54 H39 O13 N2 P1 S2,54,39,13,2,1,2,-9999,-9999,-9999
1894,1017.15611,1017.156532218,1017.156690368,9236822,-9999,329033,13.05,-1,-0.155483089,0.995623086,0,0.597373852,38,0.326923077,0.653846154,N4 S1 O17,de-protonated,0,-9999,C52 H34 O17 N4 S1,52,34,17,4,-9999,1,-9999,-9999,-9999
1894,1017.15611,1017.156532218,1017.15682331,9236822,-9999,329033,13.05,-1,-0.286182413,0.98524916,0,0.591149496,25,0.609756098,0.951219512,N4 P1 O25,de-protonated,0,-9999,C41 H39 O25 N4 P1,41,39,25,4,1,-9999,-9999,-9999,-9999
1895,1017.160711,1017.16113322,1017.161715442,10613080,-9999,267360.3,15.27,-1,-0.572398754,0.942282733,0,0.56536964,28,0.382978723,0.914893617,N2 S2 P1 O18,de-protonated,0,-9999,C47 H43 O18 N2 P1 S2,47,43,18,2,1,2,-9999,-9999,-9999
1895,1017.160711,1017.16113322,1017.160846062,10613080,-9999,267360.3,15.27,-1,0.282313041,0.985642488,0,0.591385493,29,0.5,0.847826087,N2 P1 O23,de-protonated,0,-9999,C46 H39 O23 N2 P1,46,39,23,2,1,-9999,-9999,-9999,-9999
1895,1017.160711,1017.16113322,1017.160194613,10613080,-9999,267360.3,15.27,-1,0.922771513,0.856839315,0,0.514103589,20,0.657894737,1.131578947,N4 S1 P1 O25,de-protonated,0,-9999,C38 H43 O25 N4 P1 S1,38,43,25,4,1,1,-9999,-9999,-9999
1896,1017.909119,1017.909541572,1017.909685617,13726525,-9999,236105.1,20.3,-1,-0.141510578,0.49818652,0.594745702,0.536810192,4,0.079365079,1.952380952,N2 P1 O5,de-protonated,0,-9999,C63 H123 O5 N2 P1,63,123,5,2,1,-9999,-9999,-9999,-9999
1897,1018.116125,1018.11654767,1018.117207601,9696195,-9999,299897.6,13.79,-1,-0.648188517,0.92659809,0,0.555958854,34,0.395833333,0.708333333,N3 S1 P1 O19,de-protonated,0,-9999,C48 H34 O19 N3 P1 S1,48,34,19,3,1,1,-9999,-9999,-9999
1898,1018.987474,1018.98789708,1018.988043904,21280244,-9999,282550.7,32.5,-1,-0.14408861,0.498119967,0.698017357,0.578078923,33,0.625,0.525,N4 S1 P1 O25,de-protonated,0,-9999,C40 H21 O25 N4 P1 S1,40,21,25,4,1,1,-9999,-9999,-9999
1899,1019.029251,1019.029674099,1019.028832288,22132238,-9999,261442.1,33.88,-1,0.826091665,0.441766974,0.677556332,0.536082717,31,0.568181818,0.636363636,S2 O25,de-protonated,0,-9999,C44 H28 O25 S2,44,28,25,-9999,-9999,2,-9999,-9999,-9999
1899,1019.029251,1019.029674099,1019.029727381,22132238,-9999,261442.1,33.88,-1,-0.052286762,0.49975203,0.579826515,0.531781824,0,0.029850746,2.044776119,N1 S1 O2,de-protonated,0,-9999,C67 H137 O2 N1 S1,67,137,2,1,-9999,1,-9999,-9999,-9999
1899,1019.029251,1019.029674099,1019.030169699,22132238,-9999,261442.1,33.88,-1,-0.486344084,0.478994894,0.672627142,0.556447793,36,0.466666667,0.533333333,N4 S2 O21,de-protonated,0,-9999,C45 H24 O21 N4 S2,45,24,21,4,-9999,2,-9999,-9999,-9999
1900,1019.033746,1019.034169102,1019.034976841,9942545,-9999,270568.9,14.19,-1,-0.792651486,0.892254786,0,0.535352872,36,0.531914894,0.531914894,P1 O25,de-protonated,0,-9999,C47 H25 O25 P1,47,25,25,-9999,1,-9999,-9999,-9999,-9999
1900,1019.033746,1019.034169102,1019.034192451,9942545,-9999,270568.9,14.19,-1,-0.022913048,0.999904743,0,0.599942846,40,0.38,0.48,N2 S2 O19,de-protonated,0,-9999,C50 H24 O19 N2 S2,50,24,19,2,-9999,2,-9999,-9999,-9999
1901,1019.091459,1019.091882129,1019.091707328,9778742,-9999,250450.5,13.92,-1,0.171525857,0.994675801,0,0.59680548,34,0.416666667,0.666666667,N2 S2 O20,de-protonated,0,-9999,C48 H32 O20 N2 S2,48,32,20,2,-9999,2,-9999,-9999,-9999
1901,1019.091459,1019.091882129,1019.091327206,9778742,-9999,250450.5,13.92,-1,0.544527349,0.947620327,0,0.568572196,39,0.34,0.58,N4 S1 P1 O17,de-protonated,0,-9999,C50 H29 O17 N4 P1 S1,50,29,17,4,1,1,-9999,-9999,-9999
1903,1020.918784,1020.919207989,1020.918462853,21838530,-9999,242821.1,33.4,-1,0.729868308,0.453932713,0.590944388,0.508737383,2,0.046875,1.984375,N1 S2 O3,de-protonated,0,-9999,C64 H127 O3 N1 S2,64,127,3,1,-9999,2,-9999,-9999,-9999
1904,1020.978293,1020.978717017,1020.978725267,13171432,-9999,200569.1,19.4,-1,-0.008080341,0.499994076,0.667769153,0.567104107,36,0.47826087,0.5,S2 P1 O22,de-protonated,0,-9999,C46 H23 O22 P1 S2,46,23,22,-9999,1,2,-9999,-9999,-9999
1905,1021.681284,1021.681708348,1021.680794076,19971236,-9999,326835.1,30.39,-1,0.894869983,0.432380242,0.602496955,0.500426927,13,0.163934426,1.606557377,S1 O10,de-protonated,0,-9999,C61 H98 O10 S1,61,98,10,-9999,-9999,1,-9999,-9999,-9999
1905,1021.681284,1021.681708348,1021.680927018,19971236,-9999,326835.1,30.39,-1,0.764749272,0.449658941,0.649019222,0.529403053,0,0.36,2.06,P1 O18,de-protonated,0,-9999,C50 H103 O18 P1,50,103,18,-9999,1,-9999,-9999,-9999,-9999
1905,1021.681284,1021.681708348,1021.681283334,19971236,-9999,326835.1,30.39,-1,0.415994823,0.484543929,0.590944388,0.527104113,17,0.03125,1.546875,N2 S2 P1 O2,de-protonated,0,-9999,C64 H99 O2 N2 P1 S2,64,99,2,2,1,2,-9999,-9999,-9999
1905,1021.681284,1021.681708348,1021.682644551,19971236,-9999,326835.1,30.39,-1,-0.916334735,0.429340881,0.653607294,0.519047446,0,0.346938776,2.0816326530000002,N2 S1 O17,de-protonated,0,-9999,C49 H102 O17 N2 S1,49,102,17,2,-9999,1,-9999,-9999,-9999
1905,1021.681284,1021.681708348,1021.682131487,19971236,-9999,326835.1,30.39,-1,-0.414159191,0.484677925,0.598596236,0.53024525,18,0.096774194,1.516129032,N4 S1 O6,de-protonated,0,-9999,C62 H94 O6 N4 S1,62,94,6,4,-9999,1,-9999,-9999,-9999
1905,1021.681284,1021.681708348,1021.682264429,19971236,-9999,326835.1,30.39,-1,-0.544279562,0.473833359,0.644495114,0.542098061,5,0.274509804,1.941176471,N4 P1 O14,de-protonated,0,-9999,C51 H99 O14 N4 P1,51,99,14,4,1,-9999,-9999,-9999,-9999
1906,1021.684868,1021.685292349,1021.684436706,10402982,-9999,405168.3,14.93,-1,0.837483328,0.440250518,0.576212942,0.494635487,22,0.073529412,1.397058824,P1 O5,de-protonated,0,-9999,C68 H95 O5 P1,68,95,5,-9999,1,-9999,-9999,-9999,-9999
1906,1021.684868,1021.685292349,1021.686154239,10402982,-9999,405168.3,14.93,-1,-0.843595026,0.439430546,0.579826515,0.495588934,22,0.059701493,1.402985075,N2 S1 O4,de-protonated,0,-9999,C67 H94 O4 N2 S1,67,94,4,2,-9999,1,-9999,-9999,-9999
1906,1021.684868,1021.685292349,1021.686287181,10402982,-9999,405168.3,14.93,-1,-0.973714829,0.420974755,0.622788794,0.501700371,9,0.214285714,1.767857143,N2 P1 O12,de-protonated,0,-9999,C56 H99 O12 N2 P1,56,99,12,2,1,-9999,-9999,-9999,-9999
1906,1021.684868,1021.685292349,1021.685774116,10402982,-9999,405168.3,14.93,-1,-0.471541104,0.480228868,0.572644131,0.517194973,27,0.014492754,1.31884058,N4 P1 O1,de-protonated,0,-9999,C69 H91 O1 N4 P1,69,91,1,4,1,-9999,-9999,-9999,-9999
1906,1021.684868,1021.685292349,1021.68550279,10402982,-9999,405168.3,14.93,-1,-0.205974028,0.496165769,0.610452919,0.541880629,13,0.101694915,1.661016949,N4 S2 O6,de-protonated,0,-9999,C59 H98 O6 N4 S2,59,98,6,4,-9999,2,-9999,-9999,-9999
1906,1021.684868,1021.685292349,1021.68463341,10402982,-9999,405168.3,14.93,-1,0.644953609,0.463650839,0.614510218,0.523994591,14,0.189655172,1.620689655,N4 O11,de-protonated,0,-9999,C58 H94 O11 N4,58,94,11,4,-9999,-9999,-9999,-9999,-9999
1906,1021.684868,1021.685292349,1021.685635732,10402982,-9999,405168.3,14.93,-1,-0.336093996,0.979712328,0,0.587827397,0,0.291666667,2.145833333,N4 S1 P1 O14,de-protonated,0,-9999,C48 H103 O14 N4 P1 S1,48,103,14,4,1,1,-9999,-9999,-9999
1907,1021.735294,1021.735718373,1021.736078356,12156102,-9999,262834.5,17.76,-1,-0.352325056,0.488864003,0.558800271,0.51683851,25,0.01369863,1.356164384,P1 O1,de-protonated,0,-9999,C73 H99 O1 P1,73,99,1,-9999,1,-9999,-9999,-9999,-9999
1907,1021.735294,1021.735718373,1021.73580703,12156102,-9999,262834.5,17.76,-1,-0.086771023,0.499317384,0.594745702,0.537488711,11,0.095238095,1.682539683,S2 O6,de-protonated,0,-9999,C63 H106 O6 S2,63,106,6,-9999,-9999,2,-9999,-9999,-9999
1907,1021.735294,1021.735718373,1021.73493765,12156102,-9999,262834.5,17.76,-1,0.764114821,0.449738089,0.598596236,0.509281348,12,0.177419355,1.64516129,O11,de-protonated,0,-9999,C62 H102 O11,62,102,11,-9999,-9999,-9999,-9999,-9999,-9999
1907,1021.735294,1021.735718373,1021.735426908,12156102,-9999,262834.5,17.76,-1,0.2852651,0.492671438,0.587191358,0.530479406,16,0.046153846,1.584615385,N2 S1 P1 O3,de-protonated,0,-9999,C65 H103 O3 N2 P1 S1,65,103,3,2,1,1,-9999,-9999,-9999
1907,1021.735294,1021.735718373,1021.734775459,12156102,-9999,262834.5,17.76,-1,0.92285607,0.428407526,0.618621811,0.50449324,7,0.087719298,1.877192982,N4 S2 P1 O5,de-protonated,0,-9999,C57 H107 O5 N4 P1 S2,57,107,5,4,1,2,-9999,-9999,-9999
1907,1021.735294,1021.735718373,1021.736275061,12156102,-9999,262834.5,17.76,-1,-0.544844814,0.473780432,0.594745702,0.52216654,17,0.111111111,1.555555556,N4 O7,de-protonated,0,-9999,C63 H98 O7 N4,63,98,7,4,-9999,-9999,-9999,-9999,-9999
1908,1021.838062,1021.838486422,1021.838220952,17775878,-9999,276300.5,26.84,-1,0.259796414,0.493913978,0.562198102,0.521227628,18,0.041666667,1.527777778,O3,de-protonated,0,-9999,C72 H110 O3,72,110,3,-9999,-9999,-9999,-9999,-9999,-9999
1908,1021.838062,1021.838486422,1021.839223273,17775878,-9999,276300.5,26.84,-1,-0.721103357,0.454981422,0.598596236,0.512427348,4,0.096774194,1.919354839,S1 P1 O6,de-protonated,0,-9999,C62 H119 O6 P1 S1,62,119,6,-9999,1,1,-9999,-9999,-9999
1908,1021.838062,1021.838486422,1021.837569503,17775878,-9999,276300.5,26.84,-1,0.897323227,0.432035438,0.590944388,0.495599018,9,0.078125,1.78125,N2 S1 O5,de-protonated,0,-9999,C64 H114 O5 N2 S1,64,114,5,2,-9999,1,-9999,-9999,-9999
1909,1021.889003,1021.889427446,1021.889211154,34848040,-9999,271879.2,54.42,-1,0.211658879,0.330634714,0.494873046,0.396330047,12,0.014492754,1.710144928,N2 S1 O1,de-protonated,0,-9999,C69 H118 O1 N2 S1,69,118,1,2,-9999,1,-9999,-9999,-9999
1909,1021.889003,1021.889427446,1021.888559705,34848040,-9999,271879.2,54.42,-1,0.84915385,0.292453942,0.533665548,0.388938584,3,0.049180328,2,N4 S2 O3,de-protonated,0,-9999,C61 H122 O3 N4 S2,61,122,3,4,-9999,2,-9999,-9999,-9999
1910,1022.602105,1022.602529781,1022.60327203,26394342,-9999,312451.7,40.76,-1,-0.725842156,0.454415706,0.614510218,0.518453511,15,0.206896552,1.534482759,N1 S1 O12,de-protonated,0,-9999,C58 H89 O12 N1 S1,58,89,12,1,-9999,1,-9999,-9999,-9999
1910,1022.602105,1022.602529781,1022.603404972,26394342,-9999,312451.7,40.76,-1,-0.855845277,0.437773727,0.662980834,0.52785657,2,0.425531915,2,N1 P1 O20,de-protonated,0,-9999,C47 H94 O20 N1 P1,47,94,20,1,1,-9999,-9999,-9999,-9999
1910,1022.602105,1022.602529781,1022.602758966,26394342,-9999,312451.7,40.76,-1,-0.224118615,0.330309131,0.485764205,0.392491161,33,0.014084507,1.14084507,N3 S1 O1,de-protonated,0,-9999,C71 H81 O1 N3 S1,71,81,1,3,-9999,1,-9999,-9999,-9999
1910,1022.602105,1022.602529781,1022.602891907,26394342,-9999,312451.7,40.76,-1,-0.354121866,0.48875142,0.606448844,0.53583039,20,0.15,1.433333333,N3 P1 O9,de-protonated,0,-9999,C60 H86 O9 N3 P1,60,86,9,3,1,-9999,-9999,-9999,-9999
1910,1022.602105,1022.602529781,1022.602620581,26394342,-9999,312451.7,40.76,-1,-0.088792931,0.499285224,0.649019222,0.559178823,6,0.28,1.86,N3 S2 O14,de-protonated,0,-9999,C50 H93 O14 N3 S2,50,93,14,3,-9999,2,-9999,-9999,-9999
1910,1022.602105,1022.602529781,1022.601751201,26394342,-9999,312451.7,40.76,-1,0.761371653,0.450079706,0.653607294,0.531490741,7,0.387755102,1.816326531,N3 O19,de-protonated,0,-9999,C49 H89 O19 N3,49,89,19,3,-9999,-9999,-9999,-9999,-9999
1911,1022.606112,1022.606536783,1022.606914659,9682664,-9999,481188.6,13.76,-1,-0.369522397,0.487764087,0.587191358,0.527534995,24,0.107692308,1.323076923,N1 P1 O7,de-protonated,0,-9999,C65 H86 O7 N1 P1,65,86,7,1,1,-9999,-9999,-9999,-9999
1911,1022.606112,1022.606536783,1022.606643333,9682664,-9999,481188.6,13.76,-1,-0.10419451,0.998032042,0,0.598819225,10,0.218181818,1.690909091,N1 S2 O12,de-protonated,0,-9999,C55 H93 O12 N1 S2,55,93,12,1,-9999,2,-9999,-9999,-9999
1911,1022.606112,1022.606536783,1022.605773953,9682664,-9999,481188.6,13.76,-1,0.745966717,0.903960073,0,0.542376044,11,0.314814815,1.648148148,N1 O17,de-protonated,0,-9999,C54 H89 O17 N1,54,89,17,1,-9999,-9999,-9999,-9999,-9999
1911,1022.606112,1022.606536783,1022.606130269,9682664,-9999,481188.6,13.76,-1,0.397527689,0.485866589,0.576212942,0.52200513,28,0.014705882,1.25,N3 S2 O1,de-protonated,0,-9999,C68 H85 O1 N3 S2,68,85,1,3,-9999,2,-9999,-9999,-9999
1911,1022.606112,1022.606536783,1022.606263211,9682664,-9999,481188.6,13.76,-1,0.267524786,0.987097763,0,0.592258658,15,0.157894737,1.578947368,N3 S1 P1 O9,de-protonated,0,-9999,C57 H90 O9 N3 P1 S1,57,90,9,3,1,1,-9999,-9999,-9999
1912,1022.657,1022.657424807,1022.658284984,57720584,-9999,146380.1,91.37,-1,-0.841118383,0.293175571,0.538793609,0.391422786,13,0.133333333,1.616666667,N1 S2 O8,de-protonated,0,-9999,C60 H97 O8 N1 S2,60,97,8,1,-9999,2,-9999,-9999,-9999
1912,1022.657,1022.657424807,1022.657415604,57720584,-9999,146380.1,91.37,-1,0.008999286,0.333328435,0.543986559,0.417591685,14,0.220338983,1.576271186,N1 O13,de-protonated,0,-9999,C59 H93 O13 N1,59,93,13,1,-9999,-9999,-9999,-9999,-9999
1912,1022.657,1022.657424807,1022.658417926,57720584,-9999,146380.1,91.37,-1,-0.971114495,0.280907486,0.599686074,0.408418921,0,0.326530612,2.0816326530000002,N1 S1 P1 O16,de-protonated,0,-9999,C49 H102 O16 N1 P1 S1,49,102,16,1,1,1,-9999,-9999,-9999
1912,1022.657,1022.657424807,1022.65690254,57720584,-9999,146380.1,91.37,-1,0.510696633,0.317926164,0.481293734,0.383273192,32,0.027777778,1.180555556,N3 O2,de-protonated,0,-9999,C72 H85 O2 N3,72,85,2,3,-9999,-9999,-9999,-9999,-9999
1912,1022.657,1022.657424807,1022.657904861,57720584,-9999,146380.1,91.37,-1,-0.469418132,0.320268645,0.528601492,0.403601784,18,0.080645161,1.516129032,N3 S1 P1 O5,de-protonated,0,-9999,C62 H94 O5 N3 P1 S1,62,94,5,3,1,1,-9999,-9999,-9999
1912,1022.657,1022.657424807,1022.656764155,57720584,-9999,146380.1,91.37,-1,0.646015251,0.309023701,0.587975334,0.420604354,5,0.294117647,1.901960784,N3 S1 O15,de-protonated,0,-9999,C51 H97 O15 N3 S1,51,97,15,3,-9999,1,-9999,-9999,-9999
1913,1023.57866,1023.579085241,1023.578912463,12206405,-9999,280578.5,17.84,-1,0.168798361,0.497421672,0.572644131,0.527510656,28,0.043478261,1.217391304,S2 O3,de-protonated,0,-9999,C69 H84 O3 S2,69,84,3,-9999,-9999,2,-9999,-9999,-9999
1913,1023.57866,1023.579085241,1023.579045404,12206405,-9999,280578.5,17.84,-1,0.038919039,0.499862599,0.614510218,0.545721647,15,0.189655172,1.534482759,S1 P1 O11,de-protonated,0,-9999,C58 H89 O11 P1 S1,58,89,11,-9999,1,1,-9999,-9999,-9999
1913,1023.57866,1023.579085241,1023.578393956,12206405,-9999,280578.5,17.84,-1,0.675361454,0.460285513,0.649019222,0.535778996,6,0.26,1.86,N2 S2 P1 O13,de-protonated,0,-9999,C50 H93 O13 N2 P1 S2,50,93,13,2,1,2,-9999,-9999,-9999
1913,1023.57866,1023.579085241,1023.579893557,12206405,-9999,280578.5,17.84,-1,-0.789695521,0.446506183,0.622788794,0.517019227,16,0.267857143,1.5,N2 O15,de-protonated,0,-9999,C56 H84 O15 N2,56,84,15,2,-9999,-9999,-9999,-9999,-9999
1913,1023.57866,1023.579085241,1023.579380493,12206405,-9999,280578.5,17.84,-1,-0.288450718,0.492508084,0.572644131,0.524562503,34,0.057971014,1.101449275,N4 O4,de-protonated,0,-9999,C69 H76 O4 N4,69,76,4,4,-9999,-9999,-9999,-9999,-9999
1913,1023.57866,1023.579085241,1023.579242109,12206405,-9999,280578.5,17.84,-1,-0.153254161,0.497873706,0.658260696,0.562028502,7,0.354166667,1.833333333,N4 S1 O17,de-protonated,0,-9999,C48 H88 O17 N4 S1,48,88,17,4,-9999,1,-9999,-9999,-9999
1914,1023.734944,1023.735369315,1023.736200953,16597413,-9999,231360.9,24.93,-1,-0.812356668,0.443574546,0.610452919,0.510325895,6,0.152542373,1.830508475,S2 O9,de-protonated,0,-9999,C59 H108 O9 S2,59,108,9,-9999,-9999,2,-9999,-9999,-9999
1914,1023.734944,1023.735369315,1023.735331574,16597413,-9999,231360.9,24.93,-1,0.036865916,0.499876712,0.614510218,0.545730114,7,0.24137931,1.793103448,O14,de-protonated,0,-9999,C58 H104 O14,58,104,14,-9999,-9999,-9999,-9999,-9999,-9999
1914,1023.734944,1023.735369315,1023.734818509,16597413,-9999,231360.9,24.93,-1,0.538035027,0.474414791,0.565637507,0.510903878,25,0.042253521,1.352112676,N2 O3,de-protonated,0,-9999,C71 H96 O3 N2,71,96,3,2,-9999,-9999,-9999,-9999,-9999
1914,1023.734944,1023.735369315,1023.735820831,16597413,-9999,231360.9,24.93,-1,-0.441047778,0.482659835,0.602496955,0.530594683,11,0.098360656,1.721311475,N2 S1 P1 O6,de-protonated,0,-9999,C61 H105 O6 N2 P1 S1,61,105,6,2,1,1,-9999,-9999,-9999
1914,1023.734944,1023.735369315,1023.735169382,16597413,-9999,231360.9,24.93,-1,0.195296866,0.496551641,0.635633513,0.55218439,2,0.150943396,2.056603774,N4 S2 P1 O8,de-protonated,0,-9999,C53 H109 O8 N4 P1 S2,53,109,8,4,1,2,-9999,-9999,-9999
1915,1023.787062,1023.787487339,1023.787842604,12272070,-9999,253449.2,17.95,-1,-0.347010407,0.489193801,0.590944388,0.529894036,9,0.078125,1.75,S2 O5,de-protonated,0,-9999,C64 H112 O5 S2,64,112,5,-9999,-9999,2,-9999,-9999,-9999
1915,1023.787062,1023.787487339,1023.786973224,12272070,-9999,253449.2,17.95,-1,0.502169736,0.477637166,0.594745702,0.52448058,10,0.158730159,1.714285714,O10,de-protonated,0,-9999,C63 H108 O10,63,108,10,-9999,-9999,-9999,-9999,-9999,-9999
1915,1023.787062,1023.787487339,1023.787462482,12272070,-9999,253449.2,17.95,-1,0.024279926,0.49994652,0.583485697,0.533362191,14,0.03030303,1.651515152,N2 S1 P1 O2,de-protonated,0,-9999,C66 H109 O2 N2 P1 S1,66,109,2,2,1,1,-9999,-9999,-9999
1915,1023.787062,1023.787487339,1023.786811033,12272070,-9999,253449.2,17.95,-1,0.660592769,0.461936304,0.614510218,0.52296587,5,0.068965517,1.948275862,N4 S2 P1 O4,de-protonated,0,-9999,C58 H113 O4 N4 P1 S2,58,113,4,4,1,2,-9999,-9999,-9999
1915,1023.787062,1023.787487339,1023.788310635,12272070,-9999,253449.2,17.95,-1,-0.804165937,0.444641502,0.590944388,0.503162656,15,0.09375,1.625,N4 O6,de-protonated,0,-9999,C64 H104 O6 N4,64,104,6,4,-9999,-9999,-9999,-9999,-9999
1916,1026.619874,1026.620300673,1026.619454402,9111686,-9999,285210.7,12.84,-1,0.824327523,0.442000422,0.552126353,0.486050795,36,0.026666667,1.08,N1 O2,de-protonated,0,-9999,C75 H81 O2 N1,75,81,2,1,-9999,-9999,-9999,-9999,-9999
1916,1026.619874,1026.620300673,1026.620456723,9111686,-9999,285210.7,12.84,-1,-0.152004498,0.497908169,0.587191358,0.533621444,22,0.076923077,1.384615385,N1 S1 P1 O5,de-protonated,0,-9999,C65 H90 O5 N1 P1 S1,65,90,5,1,1,1,-9999,-9999,-9999
1916,1026.619874,1026.620300673,1026.619316017,9111686,-9999,285210.7,12.84,-1,0.959123881,0.846268982,0,0.507761389,9,0.277777778,1.722222222,N1 S1 O15,de-protonated,0,-9999,C54 H93 O15 N1 S1,54,93,15,1,-9999,1,-9999,-9999,-9999
1916,1026.619874,1026.620300673,1026.619805275,9111686,-9999,285210.7,12.84,-1,0.482552304,0.95862861,0,0.575177166,13,0.122807018,1.649122807,N3 S2 P1 O7,de-protonated,0,-9999,C57 H94 O7 N3 P1 S2,57,94,7,3,1,2,-9999,-9999,-9999
1916,1026.619874,1026.620300673,1026.621304877,9111686,-9999,285210.7,12.84,-1,-0.978164093,0.840623829,0,0.504374297,23,0.142857143,1.349206349,N3 O9,de-protonated,0,-9999,C63 H85 O9 N3,63,85,9,3,-9999,-9999,-9999,-9999,-9999
1917,1027.341868,1027.342295012,1027.342759808,10537527,-9999,338346.1,15.14,-1,-0.452425168,0.963540782,0,0.578124469,25,0.333333333,1.111111111,S1 O18,de-protonated,0,-9999,C54 H60 O18 S1,54,60,18,-9999,-9999,1,-9999,-9999,-9999
1917,1027.341868,1027.342295012,1027.343249065,10537527,-9999,338346.1,15.14,-1,-0.928660476,0.427572937,0.618621811,0.503992486,29,0.175438596,1.070175439,N2 S2 P1 O10,de-protonated,0,-9999,C57 H61 O10 N2 P1 S2,57,61,10,2,1,2,-9999,-9999,-9999
1917,1027.341868,1027.342295012,1027.342379686,10537527,-9999,338346.1,15.14,-1,-0.082419652,0.499384089,0.622788794,0.548745971,30,0.267857143,1.017857143,N2 P1 O15,de-protonated,0,-9999,C56 H57 O15 N2 P1,56,57,15,2,1,-9999,-9999,-9999,-9999
1917,1027.341868,1027.342295012,1027.342108359,10537527,-9999,338346.1,15.14,-1,0.1816853,0.994028362,0,0.596417017,16,0.434782609,1.391304348,N2 S2 O20,de-protonated,0,-9999,C46 H64 O20 N2 S2,46,64,20,2,-9999,2,-9999,-9999,-9999
1917,1027.341868,1027.342295012,1027.341595295,10537527,-9999,338346.1,15.14,-1,0.681094985,0.459636426,0.610452919,0.519963023,34,0.152542373,0.949152542,N4 S2 O9,de-protonated,0,-9999,C59 H56 O9 N4 S2,59,56,9,4,-9999,2,-9999,-9999,-9999
1917,1027.341868,1027.342295012,1027.341728237,10537527,-9999,338346.1,15.14,-1,0.551691286,0.946270967,0,0.56776258,21,0.354166667,1.270833333,N4 S1 P1 O17,de-protonated,0,-9999,C48 H61 O17 N4 P1 S1,48,61,17,4,1,1,-9999,-9999,-9999
1918,1028.326403,1028.326830476,1028.327264648,14797951,-9999,203277.1,22.02,-1,-0.422212405,0.484085941,0.618621811,0.537900289,29,0.192982456,1.052631579,N1 S2 P1 O11,de-protonated,0,-9999,C57 H60 O11 N1 P1 S2,57,60,11,1,1,2,-9999,-9999,-9999
1918,1028.326403,1028.326830476,1028.326395269,14797951,-9999,203277.1,22.02,-1,0.423219071,0.484011191,0.622788794,0.539522233,30,0.285714286,1,N1 P1 O16,de-protonated,0,-9999,C56 H56 O16 N1 P1,56,56,16,1,1,-9999,-9999,-9999,-9999
1918,1028.326403,1028.326830476,1028.326123942,14797951,-9999,203277.1,22.02,-1,0.687071431,0.458954985,0.667769153,0.542480652,16,0.456521739,1.369565217,N1 S2 O21,de-protonated,0,-9999,C46 H63 O21 N1 S2,46,63,21,1,-9999,2,-9999,-9999,-9999
1919,1028.377575,1028.3780025,1028.378906299,24890526,-9999,291863.3,38.33,-1,-0.878858049,0.434614174,0.598596236,0.500206999,32,0.112903226,1.032258065,N1 S2 P1 O7,de-protonated,0,-9999,C62 H64 O7 N1 P1 S2,62,64,7,1,1,2,-9999,-9999,-9999
1919,1028.377575,1028.3780025,1028.378036919,24890526,-9999,291863.3,38.33,-1,-0.033469413,0.499898381,0.602496955,0.54093781,33,0.196721311,0.983606557,N1 P1 O12,de-protonated,0,-9999,C61 H60 O12 N1 P1,61,60,12,1,1,-9999,-9999,-9999,-9999
1919,1028.377575,1028.3780025,1028.377765593,24890526,-9999,291863.3,38.33,-1,0.230369576,0.495208354,0.644495114,0.554923058,19,0.333333333,1.31372549,N1 S2 O17,de-protonated,0,-9999,C51 H67 O17 N1 S2,51,67,17,1,-9999,2,-9999,-9999,-9999
1919,1028.377575,1028.3780025,1028.377898535,24890526,-9999,291863.3,38.33,-1,0.101096319,0.499073614,0.698017357,0.578651111,6,0.625,1.8,N1 S1 P1 O25,de-protonated,0,-9999,C40 H72 O25 N1 P1 S1,40,72,25,1,1,1,-9999,-9999,-9999
1919,1028.377575,1028.3780025,1028.377252529,24890526,-9999,291863.3,38.33,-1,0.729276341,0.454003863,0.590944388,0.508780073,37,0.09375,0.921875,N3 S2 O6,de-protonated,0,-9999,C64 H59 O6 N3 S2,64,59,6,3,-9999,2,-9999,-9999,-9999
1919,1028.377575,1028.3780025,1028.37738547,24890526,-9999,291863.3,38.33,-1,0.600002955,0.468382808,0.635633513,0.53528309,24,0.264150943,1.20754717,N3 S1 P1 O14,de-protonated,0,-9999,C53 H64 O14 N3 P1 S1,53,64,14,3,1,1,-9999,-9999,-9999
1920,1028.38192,1028.382347502,1028.381408222,10767520,-9999,405939.6,15.51,-1,0.913357153,0.429765513,0.614510218,0.503663395,28,0.206896552,1.103448276,N1 S1 P1 O12,de-protonated,0,-9999,C58 H64 O12 N1 P1 S1,58,64,12,1,1,1,-9999,-9999,-9999
1920,1028.38192,1028.382347502,1028.383125756,10767520,-9999,405939.6,15.51,-1,-0.756773915,0.450650101,0.618621811,0.517838785,28,0.192982456,1.105263158,N3 S2 O11,de-protonated,0,-9999,C57 H63 O11 N3 S2,57,63,11,3,-9999,2,-9999,-9999,-9999
1920,1028.38192,1028.382347502,1028.382256376,10767520,-9999,405939.6,15.51,-1,0.088611356,0.499288142,0.622788794,0.548688403,29,0.285714286,1.053571429,N3 O16,de-protonated,0,-9999,C56 H59 O16 N3,56,59,16,3,-9999,-9999,-9999,-9999,-9999
1920,1028.38192,1028.382347502,1028.383258697,10767520,-9999,405939.6,15.51,-1,-0.886046371,0.867229698,0,0.520337819,15,0.413043478,1.47826087,N3 S1 P1 O19,de-protonated,0,-9999,C46 H68 O19 N3 P1 S1,46,68,19,3,1,1,-9999,-9999,-9999
1921,1028.541856,1028.542283577,1028.542206401,10898687,-9999,367287.9,15.72,-1,0.075034464,0.499489467,0.583485697,0.533087959,28,0.075757576,1.212121212,N1 S1 P1 O5,de-protonated,0,-9999,C66 H80 O5 N1 P1 S1,66,80,5,1,1,1,-9999,-9999,-9999
1921,1028.541856,1028.542283577,1028.542068017,10898687,-9999,367287.9,15.72,-1,0.209578732,0.99206186,0,0.595237116,1,0.4,2.044444444,N1 S2 P1 O18,de-protonated,0,-9999,C45 H92 O18 N1 P1 S2,45,92,18,1,1,2,-9999,-9999,-9999
1921,1028.541856,1028.542283577,1028.541554952,10898687,-9999,367287.9,15.72,-1,0.70840579,0.456482386,0.614510218,0.519693519,19,0.120689655,1.448275862,N3 S2 P1 O7,de-protonated,0,-9999,C58 H84 O7 N3 P1 S2,58,84,7,3,1,2,-9999,-9999,-9999
1921,1028.541856,1028.542283577,1028.543054554,10898687,-9999,367287.9,15.72,-1,-0.749581706,0.451536869,0.590944388,0.507299877,29,0.140625,1.171875,N3 O9,de-protonated,0,-9999,C64 H75 O9 N3,64,75,9,3,-9999,-9999,-9999,-9999,-9999
1921,1028.541856,1028.542283577,1028.54291617,10898687,-9999,367287.9,15.72,-1,-0.615037659,0.933665694,0,0.560199416,2,0.511627907,2.023255814,N3 S1 O22,de-protonated,0,-9999,C43 H87 O22 N3 S1,43,87,22,3,-9999,1,-9999,-9999,-9999
1922,1028.545661,1028.546088579,1028.545577704,10931457,-9999,386187.3,15.78,-1,0.496696107,0.478111244,0.594745702,0.524765027,23,0.079365079,1.333333333,N1 S2 P1 O5,de-protonated,0,-9999,C63 H84 O5 N1 P1 S2,63,84,5,1,1,2,-9999,-9999,-9999
1922,1028.545661,1028.546088579,1028.547077306,10931457,-9999,386187.3,15.78,-1,-0.961285378,0.422815912,0.572644131,0.482747199,33,0.101449275,1.086956522,N1 O7,de-protonated,0,-9999,C69 H75 O7 N1,69,75,7,1,-9999,-9999,-9999,-9999,-9999
1922,1028.545661,1028.546088579,1028.546938922,10931457,-9999,386187.3,15.78,-1,-0.826741886,0.883361673,0,0.530017004,6,0.416666667,1.8125,N1 S1 O20,de-protonated,0,-9999,C48 H87 O20 N1 S1,48,87,20,1,-9999,1,-9999,-9999,-9999
1922,1028.545661,1028.546088579,1028.546425858,10931457,-9999,386187.3,15.78,-1,-0.327917707,0.490338965,0.602496955,0.535202161,24,0.14754098399999999,1.295081967,N3 S1 O9,de-protonated,0,-9999,C61 H79 O9 N3 S1,61,79,9,3,-9999,1,-9999,-9999,-9999
1922,1028.545661,1028.546088579,1028.546558799,10931457,-9999,386187.3,15.78,-1,-0.457169694,0.962786567,0,0.57767194,11,0.34,1.68,N3 P1 O17,de-protonated,0,-9999,C50 H84 O17 N3 P1,50,84,17,3,1,-9999,-9999,-9999,-9999
1923,1029.480844,1029.481272019,1029.480320618,10309413,-9999,258465.8,14.77,-1,0.924156389,0.428220873,0.587191358,0.491809067,29,0.107692308,1.138461538,S2 O7,de-protonated,0,-9999,C65 H74 O7 S2,65,74,7,-9999,-9999,2,-9999,-9999,-9999
1923,1029.480844,1029.481272019,1029.48045356,10309413,-9999,258465.8,14.77,-1,0.795021491,0.891645804,0,0.534987482,16,0.277777778,1.462962963,S1 P1 O15,de-protonated,0,-9999,C54 H79 O15 P1 S1,54,79,15,-9999,1,1,-9999,-9999,-9999
1923,1029.480844,1029.481272019,1029.482171093,10309413,-9999,258465.8,14.77,-1,-0.873326397,0.870758393,0,0.522455036,16,0.264150943,1.471698113,N2 S2 O14,de-protonated,0,-9999,C53 H78 O14 N2 S2,53,78,14,2,-9999,2,-9999,-9999,-9999
1923,1029.480844,1029.481272019,1029.481301713,10309413,-9999,258465.8,14.77,-1,-0.028843734,0.999849053,0,0.599909432,17,0.365384615,1.423076923,N2 O19,de-protonated,0,-9999,C52 H74 O19 N2,52,74,19,2,-9999,-9999,-9999,-9999,-9999
1923,1029.480844,1029.481272019,1029.481658029,10309413,-9999,258465.8,14.77,-1,-0.374955398,0.487406241,0.583485697,0.525838024,34,0.045454545,1.060606061,N4 S2 O3,de-protonated,0,-9999,C66 H70 O3 N4 S2,66,70,3,4,-9999,2,-9999,-9999,-9999
1923,1029.480844,1029.481272019,1029.480788649,10309413,-9999,258465.8,14.77,-1,0.469528106,0.480393966,0.587191358,0.523112923,35,0.123076923,1.015384615,N4 O8,de-protonated,0,-9999,C65 H66 O8 N4,65,66,8,4,-9999,-9999,-9999,-9999,-9999
1923,1029.480844,1029.481272019,1029.481790971,10309413,-9999,258465.8,14.77,-1,-0.50408996,0.954939468,0,0.572963681,21,0.2,1.363636364,N4 S1 P1 O11,de-protonated,0,-9999,C55 H75 O11 N4 P1 S1,55,75,11,4,1,1,-9999,-9999,-9999
1923,1029.480844,1029.481272019,1029.480650265,10309413,-9999,258465.8,14.77,-1,0.603949764,0.935958283,0,0.56157497,8,0.477272727,1.772727273,N4 S1 O21,de-protonated,0,-9999,C44 H78 O21 N4 S1,44,78,21,4,-9999,1,-9999,-9999,-9999
1924,1031.236727,1031.237155846,1031.2379008140001,19747608,-9999,232582.5,30.01,-1,-0.722402,0.454826689,0.602496955,0.513894795,40,0.229508197,0.721311475,S1 O14,de-protonated,0,-9999,C61 H44 O14 S1,61,44,14,-9999,-9999,1,-9999,-9999,-9999
1924,1031.236727,1031.237155846,1031.238033756,19747608,-9999,232582.5,30.01,-1,-0.851316596,0.438388274,0.649019222,0.522640653,27,0.44,0.98,P1 O22,de-protonated,0,-9999,C50 H49 O22 P1,50,49,22,-9999,1,-9999,-9999,-9999,-9999
1924,1031.236727,1031.237155846,1031.237249365,19747608,-9999,232582.5,30.01,-1,-0.090686835,0.49925443,0.635633513,0.553806063,31,0.301886792,0.905660377,N2 S2 O16,de-protonated,0,-9999,C53 H48 O16 N2 S2,53,48,16,2,-9999,2,-9999,-9999,-9999
1924,1031.236727,1031.237155846,1031.236379986,19747608,-9999,232582.5,30.01,-1,0.752359248,0.451195208,0.640033642,0.526730581,32,0.403846154,0.846153846,N2 O21,de-protonated,0,-9999,C52 H44 O21 N2,52,44,21,2,-9999,-9999,-9999,-9999,-9999
1924,1031.236727,1031.237155846,1031.237382307,19747608,-9999,232582.5,30.01,-1,-0.219601594,0.495643918,0.68763467,0.572440219,18,0.571428571,1.261904762,N2 S1 P1 O24,de-protonated,0,-9999,C42 H53 O24 N2 P1 S1,42,53,24,2,1,1,-9999,-9999,-9999
1924,1031.236727,1031.237155846,1031.236869243,19747608,-9999,232582.5,30.01,-1,0.277921481,0.493041298,0.627012296,0.546629697,36,0.236363636,0.818181818,N4 S1 P1 O13,de-protonated,0,-9999,C55 H45 O13 N4 P1 S1,55,45,13,4,1,1,-9999,-9999,-9999
1925,1032.17741,1032.177839289,1032.177485384,14308654,-9999,350102.9,21.23,-1,0.342872164,0.489447278,0.649019222,0.553276056,33,0.4,0.78,N3 S1 O20,de-protonated,0,-9999,C50 H39 O20 N3 S1,50,39,20,3,-9999,1,-9999,-9999,-9999
1925,1032.17741,1032.177839289,1032.178487705,14308654,-9999,350102.9,21.23,-1,-0.628202079,0.930897113,0,0.558538268,19,0.575,1.2,N3 S2 P1 O23,de-protonated,0,-9999,C40 H48 O23 N3 P1 S2,40,48,23,3,1,2,-9999,-9999,-9999
1926,1033.117918,1033.118347731,1033.119375172,16668476,-9999,249951.7,25.04,-1,-0.994503528,0.417860893,0.672627142,0.519767393,30,0.555555556,0.777777778,N2 P1 O25,de-protonated,0,-9999,C45 H35 O25 N2 P1,45,35,25,2,1,-9999,-9999,-9999,-9999
1926,1033.117918,1033.118347731,1033.118590782,16668476,-9999,249951.7,25.04,-1,-0.235259007,0.495003827,0.658260696,0.560306575,34,0.395833333,0.708333333,N4 S2 O19,de-protonated,0,-9999,C48 H34 O19 N4 S2,48,34,19,4,-9999,2,-9999,-9999,-9999
1926,1033.117918,1033.118347731,1033.117721402,16668476,-9999,249951.7,25.04,-1,0.60625174,0.467742643,0.662980834,0.545837919,35,0.510638298,0.638297872,N4 O24,de-protonated,0,-9999,C47 H30 O24 N4,47,30,24,4,-9999,-9999,-9999,-9999,-9999
1927,1033.276482,1033.276911806,1033.27718217,12801940,-9999,246733.2,18.79,-1,-0.261656908,0.49382704,0.631293472,0.548813613,30,0.388888889,0.925925926,O21,de-protonated,0,-9999,C54 H50 O21,54,50,21,-9999,-9999,-9999,-9999,-9999,-9999
1927,1033.276482,1033.276911806,1033.277671427,12801940,-9999,246733.2,18.79,-1,-0.735157144,0.45329497,0.618621811,0.519425707,34,0.22807017500000001,0.894736842,N2 S1 P1 O13,de-protonated,0,-9999,C57 H51 O13 N2 P1 S1,57,51,13,2,1,1,-9999,-9999,-9999
1927,1033.276482,1033.276911806,1033.276530721,12801940,-9999,246733.2,18.79,-1,0.368811791,0.487810524,0.667769153,0.559793976,21,0.5,1.173913043,N2 S1 O23,de-protonated,0,-9999,C46 H54 O23 N2 S1,46,54,23,2,-9999,1,-9999,-9999,-9999
1927,1033.276482,1033.276911806,1033.276017657,12801940,-9999,246733.2,18.79,-1,0.865353306,0.43647571,0.610452919,0.506066594,39,0.203389831,0.779661017,N4 S1 O12,de-protonated,0,-9999,C59 H46 O12 N4 S1,59,46,12,4,-9999,1,-9999,-9999,-9999
1927,1033.276482,1033.276911806,1033.277019979,12801940,-9999,246733.2,18.79,-1,-0.104689043,0.499006668,0.653607294,0.560846918,25,0.306122449,1.12244898,N4 S2 P1 O15,de-protonated,0,-9999,C49 H55 O15 N4 P1 S2,49,55,15,4,1,2,-9999,-9999,-9999
1927,1033.276482,1033.276911806,1033.276150599,12801940,-9999,246733.2,18.79,-1,0.736692788,0.453109105,0.658260696,0.535169741,26,0.416666667,1.0625,N4 P1 O20,de-protonated,0,-9999,C48 H51 O20 N4 P1,48,51,20,4,1,-9999,-9999,-9999,-9999
1927,1033.276482,1033.276911806,1033.275879273,12801940,-9999,246733.2,18.79,-1,0.999281284,0.834278533,0,0.50056712,12,0.657894737,1.526315789,N4 S2 O25,de-protonated,0,-9999,C38 H58 O25 N4 S2,38,58,25,4,-9999,2,-9999,-9999,-9999
1928,1034.006883,1034.00731315,1034.00826366,26925350,-9999,194573.4,41.61,-1,-0.919248561,0.285949608,0.485764205,0.365875447,5,0.014084507,1.887323944,S1 O1,de-protonated,0,-9999,C71 H134 O1 S1,71,134,1,-9999,-9999,1,-9999,-9999,-9999
1928,1034.006883,1034.00731315,1034.006336996,26925350,-9999,194573.4,41.61,-1,0.944049903,0.425342849,0.68763467,0.530259577,32,0.547619048,0.619047619,N3 S2 P1 O23,de-protonated,0,-9999,C42 H26 O23 N3 P1 S2,42,26,23,3,1,2,-9999,-9999,-9999
1929,1034.33199,1034.332420303,1034.331956106,13556184,-9999,333422,20.01,-1,0.448789421,0.482056904,0.594745702,0.527132423,36,0.111111111,0.920634921,N1 S2 P1 O7,de-protonated,0,-9999,C63 H58 O7 N1 P1 S2,63,58,7,1,1,2,-9999,-9999,-9999
1929,1034.33199,1034.332420303,1034.333317323,13556184,-9999,333422,20.01,-1,-0.867244789,0.436216242,0.658260696,0.525034023,19,0.458333333,1.270833333,N1 S1 O22,de-protonated,0,-9999,C48 H61 O22 N1 S1,48,61,22,1,-9999,1,-9999,-9999,-9999
1929,1034.33199,1034.332420303,1034.3328042590001,13556184,-9999,333422,20.01,-1,-0.371211208,0.487653384,0.602496955,0.533590813,37,0.180327869,0.868852459,N3 S1 O11,de-protonated,0,-9999,C61 H53 O11 N3 S1,61,53,11,3,-9999,1,-9999,-9999,-9999
1929,1034.33199,1034.332420303,1034.332937201,13556184,-9999,333422,20.01,-1,-0.499740114,0.477848182,0.649019222,0.546316598,24,0.38,1.16,N3 P1 O19,de-protonated,0,-9999,C50 H58 O19 N3 P1,50,58,19,3,1,-9999,-9999,-9999,-9999
1929,1034.33199,1034.332420303,1034.332665874,13556184,-9999,333422,20.01,-1,-0.237420231,0.989824162,0,0.593894497,10,0.6,1.625,N3 S2 O24,de-protonated,0,-9999,C40 H65 O24 N3 S2,40,65,24,3,-9999,2,-9999,-9999,-9999
1930,1034.336158,1034.336588305,1034.336959953,14375387,-9999,387954.6,21.33,-1,-0.359310082,0.488423274,0.627012296,0.543858883,28,0.309090909,1.054545455,N1 P1 O17,de-protonated,0,-9999,C55 H58 O17 N1 P1,55,58,17,1,1,-9999,-9999,-9999,-9999
1930,1034.336158,1034.336588305,1034.336688626,14375387,-9999,387954.6,21.33,-1,-0.096991182,0.499147258,0.672627142,0.568539211,14,0.488888889,1.444444444,N1 S2 O22,de-protonated,0,-9999,C45 H65 O22 N1 S2,45,65,22,1,-9999,2,-9999,-9999,-9999
1930,1034.336158,1034.336588305,1034.336175562,14375387,-9999,387954.6,21.33,-1,0.399041165,0.485760316,0.614510218,0.537260277,32,0.189655172,0.982758621,N3 S2 O11,de-protonated,0,-9999,C58 H57 O11 N3 S2,58,57,11,3,-9999,2,-9999,-9999,-9999
1930,1034.336158,1034.336588305,1034.336308504,14375387,-9999,387954.6,21.33,-1,0.270512579,0.493404941,0.662980834,0.561235298,19,0.404255319,1.319148936,N3 S1 P1 O19,de-protonated,0,-9999,C47 H62 O19 N3 P1 S1,47,62,19,3,1,1,-9999,-9999,-9999
1931,1035.950556,1035.950987065,1035.951142706,31546688,-9999,210108.7,49.07,-1,-0.150240113,0.3319709,0.494873046,0.397131758,6,0.043478261,1.855072464,S1 O3,de-protonated,0,-9999,C69 H128 O3 S1,69,128,3,-9999,-9999,1,-9999,-9999,-9999
1931,1035.950556,1035.950987065,1035.950111135,31546688,-9999,210108.7,49.07,-1,0.845532785,0.292779763,0.523600568,0.385108085,2,0.031746032,2.047619048,N4 S1 P1 O2,de-protonated,0,-9999,C63 H129 O2 N4 P1 S1,63,129,2,4,1,1,-9999,-9999,-9999
1932,1036.055713,1036.056144114,1036.055381389,9002361,-9999,262732.7,12.65,-1,0.736181711,0.906341994,0,0.543805196,30,0.568181818,0.704545455,N1 S2 O25,de-protonated,0,-9999,C44 H31 O25 N1 S2,44,31,25,1,-9999,2,-9999,-9999,-9999
1933,1036.108682,1036.109113139,1036.110014221,9215381,-9999,338845.1,13,-1,-0.869677418,0.871763869,0,0.523058322,33,0.375,0.75,N3 S2 P1 O18,de-protonated,0,-9999,C48 H36 O18 N3 P1 S2,48,36,18,3,1,2,-9999,-9999,-9999
1933,1036.108682,1036.109113139,1036.109144841,9215381,-9999,338845.1,13,-1,-0.030596788,0.999830149,0,0.599898089,34,0.489361702,0.680851064,N3 P1 O23,de-protonated,0,-9999,C47 H32 O23 N3 P1,47,32,23,3,1,-9999,-9999,-9999,-9999
1934,1037.900763,1037.901194983,1037.900384236,24895806,-9999,245505,38.33,-1,0.781141179,0.447596188,0.594745702,0.506455993,2,0.031746032,2.015873016,N2 S2 P1 O2,de-protonated,0,-9999,C63 H127 O2 N2 P1 S2,63,127,2,2,1,2,-9999,-9999,-9999
1934,1037.900763,1037.901194983,1037.901883838,24895806,-9999,245505,38.33,-1,-0.663699653,0.615078844,0.864189501,0.714723107,12,0.057971014,1.710144928,N2 O4,de-protonated,0,-9999,C69 H118 O4 N2,69,118,4,2,-9999,-9999,-9999,-9999,-9999
1934,1037.900763,1037.901194983,1037.901232389,24895806,-9999,245505,38.33,-1,-0.036040462,0.499882171,0.602496955,0.540928084,3,0.098360656,2,N4 S1 O6,de-protonated,0,-9999,C61 H122 O6 N4 S1,61,122,6,4,-9999,1,-9999,-9999,-9999
1935,1038.06055,1038.060982058,1038.061135475,42918288,-9999,256123.5,67.44,-1,-0.1477918,0.498022283,0.667769153,0.565921031,34,0.47826087,0.630434783,N3 S2 O22,de-protonated,0,-9999,C46 H29 O22 N3 S2,46,29,22,3,-9999,2,-9999,-9999,-9999
1936,1038.112787,1038.113219083,1038.113561516,13066667,-9999,298061.7,19.22,-1,-0.329861198,0.490225238,0.658260696,0.557439421,33,0.5,0.708333333,N1 P1 O24,de-protonated,0,-9999,C48 H34 O24 N1 P1,48,34,24,1,1,-9999,-9999,-9999,-9999
1936,1038.112787,1038.113219083,1038.112777126,13066667,-9999,298061.7,19.22,-1,0.425731227,0.483823927,0.644495114,0.548092402,37,0.352941176,0.647058824,N3 S2 O18,de-protonated,0,-9999,C51 H33 O18 N3 S2,51,33,18,3,-9999,2,-9999,-9999,-9999
1937,1038.232834,1038.233266139,1038.233951433,40428008,-9999,196024.1,63.42,-1,-0.660057603,0.461995547,0.649019222,0.536805017,30,0.4,0.92,N3 P1 O20,de-protonated,0,-9999,C50 H46 O20 N3 P1,50,46,20,3,1,-9999,-9999,-9999,-9999
1937,1038.232834,1038.233266139,1038.233680107,40428008,-9999,196024.1,63.42,-1,-0.398723391,0.485782661,0.698017357,0.570676539,16,0.625,1.325,N3 S2 O25,de-protonated,0,-9999,C40 H53 O25 N3 S2,40,53,25,3,-9999,2,-9999,-9999,-9999
1938,1038.849714,1038.85014643,1038.850383291,64742176,-9999,292915.2,102.7,-1,-0.228003812,0.330203868,0.494873046,0.396071539,12,0.014492754,1.695652174,N1 S2 O1,de-protonated,0,-9999,C69 H117 O1 N1 S2,69,117,1,1,-9999,2,-9999,-9999,-9999
1938,1038.849714,1038.85014643,1038.849513912,64742176,-9999,292915.2,102.7,-1,0.608863954,0.311648884,0.499512996,0.386794529,13,0.088235294,1.661764706,N1 O6,de-protonated,0,-9999,C68 H113 O6 N1,68,113,6,1,-9999,-9999,-9999,-9999,-9999
1939,1038.856013,1038.856445433,1038.856527844,19260198,-9999,394324,29.22,-1,-0.079329349,0.499429384,0.562198102,0.524536871,17,0.013888889,1.583333333,N1 P1 O1,de-protonated,0,-9999,C72 H114 O1 N1 P1,72,114,1,1,1,-9999,-9999,-9999,-9999
1939,1038.856013,1038.856445433,1038.856256518,19260198,-9999,394324,29.22,-1,0.181848399,0.497008834,0.598596236,0.537643795,3,0.096774194,1.951612903,N1 S2 O6,de-protonated,0,-9999,C62 H121 O6 N1 S2,62,121,6,1,-9999,2,-9999,-9999,-9999
1939,1038.856013,1038.856445433,1038.855876396,19260198,-9999,394324,29.22,-1,0.547753428,0.473507313,0.590944388,0.520482143,8,0.046875,1.84375,N3 S1 P1 O3,de-protonated,0,-9999,C64 H118 O3 N3 P1 S1,64,118,3,3,1,1,-9999,-9999,-9999
1940,1038.905501,1038.905933456,1038.905238673,18244414,-9999,235672.3,27.58,-1,0.668764337,0.614702259,0.864189501,0.714497156,12,0.057971014,1.710144928,13C1 N2 O4,de-protonated,1,1934,C68 H118 O4 N2 13C1,68,118,4,2,-9999,-9999,1,-9999,-9999
1941,1038.95807,1038.958502481,1038.95867044,9233240,-9999,266410.4,13.02,-1,-0.161660926,0.4976346,0.565637507,0.524835763,10,0.042253521,1.76056338,N1 O3,de-protonated,0,-9999,C71 H125 O3 N1,71,125,3,1,-9999,-9999,-9999,-9999,-9999
1941,1038.95807,1038.958502481,1038.958018991,9233240,-9999,266410.4,13.02,-1,0.465360149,0.480733738,0.594745702,0.526338524,1,0.079365079,2.047619048,N3 S1 O5,de-protonated,0,-9999,C63 H129 O5 N3 S1,63,129,5,3,-9999,1,-9999,-9999,-9999
1942,1039.066718,1039.067150532,1039.066931875,13296527,-9999,289611.5,19.59,-1,0.210435976,0.495998524,0.644495114,0.55539716,38,0.450980392,0.549019608,S1 O23,de-protonated,0,-9999,C51 H28 O23 S1,51,28,23,-9999,-9999,1,-9999,-9999,-9999
1942,1039.066718,1039.067150532,1039.066280426,13296527,-9999,289611.5,19.59,-1,0.837391954,0.880525486,0,0.528315291,29,0.581395349,0.744186047,N2 S2 O25,de-protonated,0,-9999,C43 H32 O25 N2 S2,43,32,25,2,-9999,2,-9999,-9999,-9999
1943,1039.857659,1039.858091904,1039.858030166,10364187,-9999,246136.7,14.85,-1,0.059371764,0.499680298,0.598596236,0.539246674,3,0.14516129,1.935483871,S1 O9,de-protonated,0,-9999,C62 H120 O9 S1,62,120,9,-9999,-9999,1,-9999,-9999,-9999
1943,1039.857659,1039.858091904,1039.858519423,10364187,-9999,246136.7,14.85,-1,-0.411132031,0.484897685,0.587191358,0.525815154,7,0.015384615,1.861538462,N2 S2 P1 O1,de-protonated,0,-9999,C65 H121 O1 N2 P1 S2,65,121,1,2,1,2,-9999,-9999,-9999
1943,1039.857659,1039.858091904,1039.857650043,10364187,-9999,246136.7,14.85,-1,0.424924243,0.483884195,0.590944388,0.526708272,8,0.09375,1.828125,N2 P1 O6,de-protonated,0,-9999,C64 H117 O6 N2 P1,64,117,6,2,1,-9999,-9999,-9999,-9999
1944,1040.02009,1040.02052298,1040.020924432,11183468,-9999,250468.7,16.17,-1,-0.386003612,0.973326557,0,0.583995934,34,0.47826087,0.608695652,N1 S2 P1 O22,de-protonated,0,-9999,C46 H28 O22 N1 P1 S2,46,28,22,1,1,2,-9999,-9999,-9999
1945,1040.918857,1040.919290404,1040.92017693,20113188,-9999,200021.4,30.6,-1,-0.851675665,0.438339635,0.569119254,0.490651483,10,0.028571429,1.757142857,N1 S1 O2,de-protonated,0,-9999,C70 H123 O2 N1 S1,70,123,2,1,-9999,1,-9999,-9999,-9999
1945,1040.918857,1040.919290404,1040.919525481,20113188,-9999,200021.4,30.6,-1,-0.225836578,0.495394207,0.598596236,0.536675019,1,0.064516129,2.048387097,N3 S2 O4,de-protonated,0,-9999,C62 H127 O4 N3 S2,62,127,4,3,-9999,2,-9999,-9999,-9999
1945,1040.918857,1040.919290404,1040.918656101,20113188,-9999,200021.4,30.6,-1,0.60936766,0.46742128,0.602496955,0.52145155,2,0.14754098399999999,2.016393443,N3 O9,de-protonated,0,-9999,C61 H123 O9 N3,61,123,9,3,-9999,-9999,-9999,-9999,-9999
1945,1040.918857,1040.919290404,1040.918250266,20113188,-9999,200021.4,30.6,-1,0.999250235,0.417143963,0.692787115,0.527401224,37,0.585365854,0.365853659,N4 S2 P1 O24,de-protonated,0,-9999,C41 H15 O24 N4 P1 S2,41,15,24,4,1,2,-9999,-9999,-9999
1946,1040.976394,1040.976827431,1040.977691807,9119552,-9999,201170.2,12.84,-1,-0.830350848,0.441201814,0.576212942,0.495206265,4,0.044117647,1.926470588,N1 S1 O3,de-protonated,0,-9999,C68 H131 O3 N1 S1,68,131,3,1,-9999,1,-9999,-9999,-9999
1946,1040.976394,1040.976827431,1040.976416592,9119552,-9999,201170.2,12.84,-1,0.394666771,0.972132871,0,0.583279723,40,0.489361702,0.404255319,N2 S1 P1 O23,de-protonated,0,-9999,C47 H19 O23 N2 P1 S1,47,19,23,2,1,1,-9999,-9999,-9999
1947,1041.771978,1041.772411805,1041.771537635,10053823,-9999,347518.7,14.35,-1,0.839118844,0.440031524,0.594745702,0.501917195,9,0.111111111,1.761904762,S1 P1 O7,de-protonated,0,-9999,C63 H111 O7 P1 S1,63,111,7,-9999,1,1,-9999,-9999,-9999
1947,1041.771978,1041.772411805,1041.773255168,10053823,-9999,347518.7,14.35,-1,-0.809545558,0.443941661,0.598596236,0.505803491,9,0.096774194,1.774193548,N2 S2 O6,de-protonated,0,-9999,C62 H110 O6 N2 S2,62,110,6,2,-9999,2,-9999,-9999,-9999
1947,1041.771978,1041.772411805,1041.772385788,10053823,-9999,347518.7,14.35,-1,0.024973745,0.49994342,0.602496955,0.540964834,10,0.180327869,1.737704918,N2 O11,de-protonated,0,-9999,C61 H106 O11 N2,61,106,11,2,-9999,-9999,-9999,-9999,-9999
1947,1041.771978,1041.772411805,1041.772875046,10053823,-9999,347518.7,14.35,-1,-0.444665438,0.482379298,0.590944388,0.525805334,14,0.046875,1.671875,N4 S1 P1 O3,de-protonated,0,-9999,C64 H107 O3 N4 P1 S1,64,107,3,4,1,1,-9999,-9999,-9999
1947,1041.771978,1041.772411805,1041.77173434,10053823,-9999,347518.7,14.35,-1,0.65030142,0.926136926,0,0.555682156,1,0.245283019,2.075471698,N4 S1 O13,de-protonated,0,-9999,C53 H110 O13 N4 S1,53,110,13,4,-9999,1,-9999,-9999,-9999
1948,1041.822351,1041.822784829,1041.823179286,12773591,-9999,255969.5,18.74,-1,-0.378621638,0.487161963,0.576212942,0.522782355,12,0.044117647,1.691176471,S1 P1 O3,de-protonated,0,-9999,C68 H115 O3 P1 S1,68,115,3,-9999,1,1,-9999,-9999,-9999
1948,1041.822351,1041.822784829,1041.822527837,12773591,-9999,255969.5,18.74,-1,0.246675296,0.494509905,0.606448844,0.539285481,3,0.083333333,1.983333333,N2 S2 P1 O5,de-protonated,0,-9999,C60 H119 O5 N2 P1 S2,60,119,5,2,1,2,-9999,-9999,-9999
1948,1041.822351,1041.822784829,1041.82337599,12773591,-9999,255969.5,18.74,-1,-0.567429473,0.47162583,0.614510218,0.528779585,4,0.155172414,1.965517241,N4 S1 O9,de-protonated,0,-9999,C58 H114 O9 N4 S1,58,114,9,4,-9999,1,-9999,-9999,-9999
1949,1041.878013,1041.878446855,1041.879040393,8841457,-9999,261967.2,12.39,-1,-0.569680073,0.471406877,0.576212942,0.513329303,11,0.044117647,1.735294118,N2 S1 O3,de-protonated,0,-9999,C68 H118 O3 N2 S1,68,118,3,2,-9999,1,-9999,-9999,-9999
1949,1041.878013,1041.878446855,1041.878388944,8841457,-9999,261967.2,12.39,-1,0.055583217,0.999439572,0,0.599663743,2,0.083333333,2.033333333,N4 S2 O5,de-protonated,0,-9999,C60 H122 O5 N4 S2,60,122,5,4,-9999,2,-9999,-9999,-9999
1949,1041.878013,1041.878446855,1041.877519564,8841457,-9999,261967.2,12.39,-1,0.890019033,0.866120139,0,0.519672083,3,0.169491525,2,N4 O10,de-protonated,0,-9999,C59 H118 O10 N4,59,118,10,4,-9999,-9999,-9999,-9999,-9999
1950,1042.156187,1042.156620986,1042.157615863,12626293,-9999,222135.6,18.5,-1,-0.954631782,0.423795043,0.622788794,0.503392543,39,0.285714286,0.678571429,N1 S1 P1 O16,de-protonated,0,-9999,C56 H38 O16 N1 P1 S1,56,38,16,1,1,1,-9999,-9999,-9999
1950,1042.156187,1042.156620986,1042.156964414,12626293,-9999,222135.6,18.5,-1,-0.32953587,0.49024432,0.658260696,0.557450871,30,0.375,0.875,N3 S2 P1 O18,de-protonated,0,-9999,C48 H42 O18 N3 P1 S2,48,42,18,3,1,2,-9999,-9999,-9999
1950,1042.156187,1042.156620986,1042.156095034,12626293,-9999,222135.6,18.5,-1,0.504676575,0.477418469,0.662980834,0.551643415,31,0.489361702,0.808510638,N3 P1 O23,de-protonated,0,-9999,C47 H38 O23 N3 P1,47,38,23,3,1,-9999,-9999,-9999,-9999
1951,1042.209295,1042.209729011,1042.209119129,17164686,-9999,263880.5,25.83,-1,0.585181992,0.469878044,0.698017357,0.561133769,15,0.625,1.35,N1 S2 P1 O25,de-protonated,0,-9999,C40 H54 O25 N1 P1 S2,40,54,25,1,1,2,-9999,-9999,-9999
1952,1043.741052,1043.741486732,1043.74155766,57863256,-9999,207079.2,91.58,-1,-0.067955503,0.333054143,0.481293734,0.39234998,23,0.041666667,1.402777778,P1 O3,de-protonated,0,-9999,C72 H101 O3 P1,72,101,3,-9999,1,-9999,-9999,-9999,-9999
1952,1043.741052,1043.741486732,1043.741286334,57863256,-9999,207079.2,91.58,-1,0.191999856,0.331111136,0.528601492,0.410107278,9,0.129032258,1.741935484,S2 O8,de-protonated,0,-9999,C62 H108 O8 S2,62,108,8,-9999,-9999,2,-9999,-9999,-9999
1952,1043.741052,1043.741486732,1043.740906211,57863256,-9999,207079.2,91.58,-1,0.55619234,0.315138383,0.51866191,0.396547794,14,0.078125,1.640625,N2 S1 P1 O5,de-protonated,0,-9999,C64 H105 O5 N2 P1 S1,64,105,5,2,1,1,-9999,-9999,-9999
1952,1043.741052,1043.741486732,1043.741754365,57863256,-9999,207079.2,91.58,-1,-0.256416371,0.329380249,0.528601492,0.409068746,15,0.14516129,1.612903226,N4 O9,de-protonated,0,-9999,C62 H100 O9 N4,62,100,9,4,-9999,-9999,-9999,-9999,-9999
1953,1043.904324,1043.904758809,1043.904586436,18705570,-9999,172243,28.32,-1,0.165123227,0.497532448,0.583485697,0.531913748,5,0.090909091,1.878787879,S1 O6,de-protonated,0,-9999,C66 H124 O6 S1,66,124,6,-9999,-9999,1,-9999,-9999,-9999
1953,1043.904324,1043.904758809,1043.904206313,18705570,-9999,172243,28.32,-1,0.52925873,0.475221797,0.576212942,0.515618255,10,0.044117647,1.779411765,N2 P1 O3,de-protonated,0,-9999,C68 H121 O3 N2 P1,68,121,3,2,1,-9999,-9999,-9999,-9999
1954,1043.956933,1043.957367834,1043.958324174,18410680,-9999,163822.6,27.84,-1,-0.91607181,0.429378416,0.662980834,0.522819383,39,0.468085106,0.425531915,N1 S2 P1 O22,de-protonated,0,-9999,C47 H20 O22 N1 P1 S2,47,20,22,1,1,2,-9999,-9999,-9999
1954,1043.956933,1043.957367834,1043.957698439,18410680,-9999,163822.6,27.84,-1,-0.316684509,0.490983625,0.602496955,0.535588957,0,0.098360656,2.114754098,N4 P1 O6,de-protonated,0,-9999,C61 H129 O6 N4 P1,61,129,6,4,1,-9999,-9999,-9999,-9999
1955,1044.703502,1044.703937185,1044.703792426,8826377,-9999,246671.6,12.36,-1,0.138564543,0.498261111,0.579826515,0.530887273,19,0.059701493,1.492537313,N1 S1 P1 O4,de-protonated,0,-9999,C67 H100 O4 N1 P1 S1,67,100,4,1,1,1,-9999,-9999,-9999
1955,1044.703502,1044.703937185,1044.703140978,8826377,-9999,246671.6,12.36,-1,0.762137638,0.899968825,0,0.539981295,10,0.101694915,1.762711864,N3 S2 P1 O6,de-protonated,0,-9999,C59 H104 O6 N3 P1 S2,59,104,6,3,1,2,-9999,-9999,-9999
1955,1044.703502,1044.703937185,1044.704640579,8826377,-9999,246671.6,12.36,-1,-0.673294862,0.921036694,0,0.552622017,20,0.123076923,1.461538462,N3 O8,de-protonated,0,-9999,C65 H95 O8 N3,65,95,8,3,-9999,-9999,-9999,-9999,-9999
1956,1044.918423,1044.918858286,1044.918462853,15199849,-9999,253701,22.66,-1,0.378434747,0.48717447,0.583485697,0.525698961,4,0.045454545,1.924242424,N1 S2 O3,de-protonated,0,-9999,C66 H127 O3 N1 S2,66,127,3,1,-9999,2,-9999,-9999,-9999
1957,1045.145391,1045.145826393,1045.145396672,8613581,-9999,260317,12.02,-1,0.411159,0.969791467,0,0.58187488,29,0.408163265,0.87755102,S2 P1 O20,de-protonated,0,-9999,C49 H43 O20 P1 S2,49,43,20,-9999,1,2,-9999,-9999,-9999
1957,1045.145391,1045.145826393,1045.146244825,8613581,-9999,260317,12.02,-1,-0.400357592,0.97133514,0,0.582801084,30,0.510638298,0.808510638,N2 S1 O24,de-protonated,0,-9999,C47 H38 O24 N2 S1,47,38,24,2,-9999,1,-9999,-9999,-9999
1957,1045.145391,1045.145826393,1045.146734083,8613581,-9999,260317,12.02,-1,-0.868480525,0.872093008,0,0.523255805,34,0.32,0.78,N4 S2 P1 O16,de-protonated,0,-9999,C50 H39 O16 N4 P1 S2,50,39,16,4,1,2,-9999,-9999,-9999
1957,1045.145391,1045.145826393,1045.145864703,8613581,-9999,260317,12.02,-1,-0.036654897,0.999756239,0,0.599853743,35,0.428571429,0.714285714,N4 P1 O21,de-protonated,0,-9999,C49 H35 O21 N4 P1,49,35,21,4,1,-9999,-9999,-9999,-9999
1958,1045.720629,1045.721064664,1045.720822215,11251657,-9999,251900.1,16.28,-1,0.231848457,0.495146936,0.565637507,0.523343164,23,0.056338028,1.394366197,P1 O4,de-protonated,0,-9999,C71 H99 O4 P1,71,99,4,-9999,1,-9999,-9999,-9999,-9999
1958,1045.720629,1045.721064664,1045.720550889,11251657,-9999,251900.1,16.28,-1,0.491311869,0.478572962,0.602496955,0.528142559,9,0.14754098399999999,1.737704918,S2 O9,de-protonated,0,-9999,C61 H106 O9 S2,61,106,9,-9999,-9999,2,-9999,-9999,-9999
1958,1045.720629,1045.721064664,1045.720170766,11251657,-9999,251900.1,16.28,-1,0.854815145,0.437913728,0.594745702,0.500646517,14,0.095238095,1.634920635,N2 S1 P1 O6,de-protonated,0,-9999,C63 H103 O6 N2 P1 S1,63,103,6,2,1,1,-9999,-9999,-9999
1958,1045.720629,1045.721064664,1045.7218883,11251657,-9999,251900.1,16.28,-1,-0.787623947,0.44677099,0.598596236,0.507501089,14,0.080645161,1.64516129,N4 S2 O5,de-protonated,0,-9999,C62 H102 O5 N4 S2,62,102,5,4,-9999,2,-9999,-9999,-9999
1958,1045.720629,1045.721064664,1045.72101892,11251657,-9999,251900.1,16.28,-1,0.043744238,0.499826424,0.602496955,0.540894636,15,0.163934426,1.606557377,N4 O10,de-protonated,0,-9999,C61 H98 O10 N4,61,98,10,4,-9999,-9999,-9999,-9999,-9999
1958,1045.720629,1045.721064664,1045.722021241,11251657,-9999,251900.1,16.28,-1,-0.914752976,0.85913315,0,0.51547989,1,0.254901961,2.098039216,N4 S1 P1 O13,de-protonated,0,-9999,C51 H107 O13 N4 P1 S1,51,107,13,4,1,1,-9999,-9999,-9999
1959,1046.111584,1046.112019848,1046.112502344,26570866,-9999,245270.7,41.03,-1,-0.461227243,0.481067896,0.662980834,0.553833071,30,0.489361702,0.787234043,N1 S2 O23,de-protonated,0,-9999,C47 H37 O23 N1 S2,47,37,23,1,-9999,2,-9999,-9999,-9999
1959,1046.111584,1046.112019848,1046.112122221,26570866,-9999,245270.7,41.03,-1,-0.09786051,0.499131916,0.653607294,0.560922067,35,0.408163265,0.693877551,N3 S1 P1 O20,de-protonated,0,-9999,C49 H34 O20 N3 P1 S1,49,34,20,3,1,1,-9999,-9999,-9999
1960,1048.101445,1048.101881785,1048.101282755,10449845,-9999,330598,14.98,-1,0.571538035,0.942451092,0,0.565470655,30,0.52173913,0.782608696,N1 S1 P1 O24,de-protonated,0,-9999,C46 H36 O24 N1 P1 S1,46,36,24,1,1,1,-9999,-9999,-9999
1961,1048.677105,1048.677542056,1048.677577678,17036446,-9999,265223.2,25.62,-1,-0.033968591,0.499895327,0.572644131,0.528994849,23,0.043478261,1.391304348,N1 S1 P1 O3,de-protonated,0,-9999,C69 H96 O3 N1 P1 S1,69,96,3,1,1,1,-9999,-9999,-9999
1961,1048.677105,1048.677542056,1048.676926229,17036446,-9999,265223.2,25.62,-1,0.58724147,0.469672225,0.602496955,0.522802117,14,0.081967213,1.639344262,N3 S2 P1 O5,de-protonated,0,-9999,C61 H100 O5 N3 P1 S2,61,100,5,3,1,2,-9999,-9999,-9999
1961,1048.677105,1048.677542056,1048.678425831,17036446,-9999,265223.2,25.62,-1,-0.842751456,0.439543986,0.579826515,0.495656998,24,0.104477612,1.358208955,N3 O7,de-protonated,0,-9999,C67 H91 O7 N3,67,91,7,3,-9999,-9999,-9999,-9999,-9999
1962,1050.094886,1050.095323723,1050.095803451,10417866,-9999,257670.6,14.93,-1,-0.456842387,0.962838832,0,0.577703299,34,0.448979592,0.693877551,N1 S1 P1 O22,de-protonated,0,-9999,C49 H34 O22 N1 P1 S1,49,34,22,1,1,1,-9999,-9999,-9999
1962,1050.094886,1050.095323723,1050.095152003,10417866,-9999,257670.6,14.93,-1,0.163528425,0.995159535,0,0.597095721,25,0.585365854,0.926829268,N3 S2 P1 O24,de-protonated,0,-9999,C41 H38 O24 N3 P1 S2,41,38,24,3,1,2,-9999,-9999,-9999
1963,1050.621169,1050.621606971,1050.621817941,26146706,-9999,260263.2,40.34,-1,-0.200805029,0.496355103,0.640033642,0.553826519,7,0.384615385,1.788461538,N1 O20,de-protonated,0,-9999,C52 H93 O20 N1,52,93,20,1,-9999,-9999,-9999,-9999,-9999
1963,1050.621169,1050.621606971,1050.622174257,26146706,-9999,260263.2,40.34,-1,-0.53995221,0.316157946,0.508967985,0.393281962,24,0.060606061,1.348484848,N3 S2 O4,de-protonated,0,-9999,C66 H89 O4 N3 S2,66,89,4,3,-9999,2,-9999,-9999,-9999
1963,1050.621169,1050.621606971,1050.621304877,26146706,-9999,260263.2,40.34,-1,0.28753853,0.328370027,0.513784664,0.402535882,25,0.138461538,1.307692308,N3 O9,de-protonated,0,-9999,C65 H85 O9 N3,65,85,9,3,-9999,-9999,-9999,-9999,-9999
1963,1050.621169,1050.621606971,1050.622307198,26146706,-9999,260263.2,40.34,-1,-0.666488318,0.46128099,0.627012296,0.527573512,11,0.218181818,1.709090909,N3 S1 P1 O12,de-protonated,0,-9999,C55 H94 O12 N3 P1 S1,55,94,12,3,1,1,-9999,-9999,-9999
1964,1052.098973,1052.099411666,1052.098566356,23361970,-9999,224911.3,35.84,-1,0.803451552,0.444734169,0.640033642,0.522853958,38,0.423076923,0.596153846,N1 S1 O22,de-protonated,0,-9999,C52 H31 O22 N1 S1,52,31,22,1,-9999,1,-9999,-9999,-9999
1964,1052.098973,1052.099411666,1052.099568678,23361970,-9999,224911.3,35.84,-1,-0.14923623,0.497983514,0.68763467,0.573843977,24,0.595238095,0.952380952,N1 S2 P1 O25,de-protonated,0,-9999,C42 H40 O25 N1 P1 S2,42,40,25,1,1,2,-9999,-9999,-9999
1965,1052.738496,1052.738934967,1052.738249383,11729556,-9999,229559.9,17.05,-1,0.651239054,0.462965935,0.583485697,0.51117384,16,0.106060606,1.560606061,N1 S1 O7,de-protonated,0,-9999,C66 H103 O7 N1 S1,66,103,7,1,-9999,1,-9999,-9999,-9999
1965,1052.738496,1052.738934967,1052.739251705,11729556,-9999,229559.9,17.05,-1,-0.300869696,0.491854478,0.622788794,0.544228205,2,0.178571429,2,N1 S2 P1 O10,de-protonated,0,-9999,C56 H112 O10 N1 P1 S2,56,112,10,1,1,2,-9999,-9999,-9999
1965,1052.738496,1052.738934967,1052.738382325,11729556,-9999,229559.9,17.05,-1,0.524957141,0.475612986,0.627012296,0.53617271,3,0.272727273,1.963636364,N1 P1 O15,de-protonated,0,-9999,C55 H108 O15 N1 P1,55,108,15,1,1,-9999,-9999,-9999,-9999
1966,1052.84771,1052.848149019,1052.847405911,12417722,-9999,182650.3,18.16,-1,0.705807525,0.456786839,0.572644131,0.503129756,13,0.057971014,1.666666667,N1 S1 O4,de-protonated,0,-9999,C69 H115 O4 N1 S1,69,115,4,1,-9999,1,-9999,-9999,-9999
1966,1052.84771,1052.848149019,1052.847538853,12417722,-9999,182650.3,18.16,-1,0.579538698,0.470438772,0.614510218,0.52806735,0,0.206896552,2.068965517,N1 P1 O12,de-protonated,0,-9999,C58 H120 O12 N1 P1,58,120,12,1,1,-9999,-9999,-9999,-9999
1967,1053.605248,1053.605687375,1053.604733288,25820094,-9999,251663.2,39.81,-1,0.905546074,0.287249904,0.472516812,0.361356667,32,0.013513514,1.162162162,S2 O1,de-protonated,0,-9999,C74 H86 O1 S2,74,86,1,-9999,-9999,2,-9999,-9999,-9999
1967,1053.605248,1053.605687375,1053.60486623,25820094,-9999,251663.2,39.81,-1,0.779367983,0.447820975,0.594745702,0.506590866,19,0.142857143,1.444444444,S1 P1 O9,de-protonated,0,-9999,C63 H91 O9 P1 S1,63,91,9,-9999,1,1,-9999,-9999,-9999
1967,1053.605248,1053.605687375,1053.606227447,25820094,-9999,251663.2,39.81,-1,-0.512593326,0.476721331,0.658260696,0.549337077,2,0.5,1.958333333,O24,de-protonated,0,-9999,C48 H94 O24,48,94,24,-9999,-9999,-9999,-9999,-9999,-9999
1967,1053.605248,1053.605687375,1053.606583763,25820094,-9999,251663.2,39.81,-1,-0.850779745,0.438460966,0.598596236,0.502515074,19,0.129032258,1.451612903,N2 S2 O8,de-protonated,0,-9999,C62 H90 O8 N2 S2,62,90,8,2,-9999,2,-9999,-9999,-9999
1967,1053.605248,1053.605687375,1053.605714383,25820094,-9999,251663.2,39.81,-1,-0.025633185,0.499940392,0.602496955,0.540963017,20,0.213114754,1.409836066,N2 O13,de-protonated,0,-9999,C61 H86 O13 N2,61,86,13,2,-9999,-9999,-9999,-9999,-9999
1967,1053.605248,1053.605687375,1053.606716704,25820094,-9999,251663.2,39.81,-1,-0.976957392,0.420491881,0.644495114,0.510093174,6,0.31372549,1.862745098,N2 S1 P1 O16,de-protonated,0,-9999,C51 H95 O16 N2 P1 S1,51,95,16,2,1,1,-9999,-9999,-9999
1967,1053.605248,1053.605687375,1053.605201318,25820094,-9999,251663.2,39.81,-1,0.46132743,0.320706552,0.472516812,0.381430656,38,0.027027027,1.054054054,N4 O2,de-protonated,0,-9999,C74 H78 O2 N4,74,78,2,4,-9999,-9999,-9999,-9999,-9999
1967,1053.605248,1053.605687375,1053.60620364,25820094,-9999,251663.2,39.81,-1,-0.489997703,0.47868496,0.590944388,0.523588731,24,0.078125,1.359375,N4 S1 P1 O5,de-protonated,0,-9999,C64 H87 O5 N4 P1 S1,64,87,5,4,1,1,-9999,-9999,-9999
1967,1053.605248,1053.605687375,1053.605062934,25820094,-9999,251663.2,39.81,-1,0.592671231,0.469126559,0.635633513,0.535729341,11,0.283018868,1.698113208,N4 S1 O15,de-protonated,0,-9999,C53 H90 O15 N4 S1,53,90,15,4,-9999,1,-9999,-9999,-9999
1968,1054.641821,1054.642260863,1054.642240996,8666391,-9999,238488,12.1,-1,0.018837913,0.499967806,0.579826515,0.53191129,22,0.074626866,1.388059701,N1 S2 O5,de-protonated,0,-9999,C67 H93 O5 N1 S2,67,93,5,1,-9999,2,-9999,-9999,-9999
1968,1054.641821,1054.642260863,1054.641371616,8666391,-9999,238488,12.1,-1,0.843174896,0.878974108,0,0.527384465,23,0.151515152,1.348484848,N1 O10,de-protonated,0,-9999,C66 H89 O10 N1,66,89,10,1,-9999,-9999,-9999,-9999,-9999
1968,1054.641821,1054.642260863,1054.642373938,8666391,-9999,238488,12.1,-1,-0.107215938,0.997916374,0,0.598749825,9,0.232142857,1.75,N1 S1 P1 O13,de-protonated,0,-9999,C56 H98 O13 N1 P1 S1,56,98,13,1,1,1,-9999,-9999,-9999
1968,1054.641821,1054.642260863,1054.641860874,8666391,-9999,238488,12.1,-1,0.37926598,0.487118798,0.572644131,0.521328931,27,0.028985507,1.304347826,N3 S1 P1 O2,de-protonated,0,-9999,C69 H90 O2 N3 P1 S1,69,90,2,3,1,1,-9999,-9999,-9999
1968,1054.641821,1054.642260863,1054.641722489,8666391,-9999,238488,12.1,-1,0.510480666,0.953816661,0,0.572289996,0,0.3125,2.125,N3 S2 P1 O15,de-protonated,0,-9999,C48 H102 O15 N3 P1 S2,48,102,15,3,1,2,-9999,-9999,-9999
1968,1054.641821,1054.642260863,1054.643222091,8666391,-9999,238488,12.1,-1,-0.911424471,0.860081232,0,0.516048739,10,0.314814815,1.722222222,N3 O17,de-protonated,0,-9999,C54 H93 O17 N3,54,93,17,3,-9999,-9999,-9999,-9999,-9999
1969,1055.622828,1055.623268325,1055.622885276,14335567,-9999,196204.2,21.25,-1,0.362865818,0.488195753,0.569119254,0.520565154,27,0.085714286,1.257142857,S1 O6,de-protonated,0,-9999,C70 H88 O6 S1,70,88,6,-9999,-9999,1,-9999,-9999,-9999
1969,1055.622828,1055.623268325,1055.623887597,14335567,-9999,196204.2,21.25,-1,-0.586640891,0.46973231,0.606448844,0.524418924,13,0.15,1.616666667,S2 P1 O9,de-protonated,0,-9999,C60 H97 O9 P1 S2,60,97,9,-9999,1,2,-9999,-9999,-9999
1969,1055.622828,1055.623268325,1055.623018217,14335567,-9999,196204.2,21.25,-1,0.236929024,0.494933005,0.610452919,0.541140971,14,0.237288136,1.576271186,P1 O14,de-protonated,0,-9999,C59 H93 O14 P1,59,93,14,-9999,1,-9999,-9999,-9999,-9999
1969,1055.622828,1055.623268325,1055.622746891,14335567,-9999,196204.2,21.25,-1,0.49395856,0.478346572,0.653607294,0.548450861,0,0.387755102,2.040816327,S2 O19,de-protonated,0,-9999,C49 H100 O19 S2,49,100,19,-9999,-9999,2,-9999,-9999,-9999
1969,1055.622828,1055.623268325,1055.622505153,14335567,-9999,196204.2,21.25,-1,0.722959181,0.454760232,0.562198102,0.49773538,32,0.041666667,1.180555556,N2 P1 O3,de-protonated,0,-9999,C72 H85 O3 N2 P1,72,85,3,2,1,-9999,-9999,-9999,-9999
1969,1055.622828,1055.623268325,1055.622233827,14335567,-9999,196204.2,21.25,-1,0.979988966,0.420039479,0.598596236,0.491462182,18,0.129032258,1.483870968,N2 S2 O8,de-protonated,0,-9999,C62 H92 O8 N2 S2,62,92,8,2,-9999,2,-9999,-9999,-9999
1969,1055.622828,1055.623268325,1055.622366769,14335567,-9999,196204.2,21.25,-1,0.854052017,0.438017361,0.644495114,0.520608462,5,0.31372549,1.901960784,N2 S1 P1 O16,de-protonated,0,-9999,C51 H97 O16 N2 P1 S1,51,97,16,2,1,1,-9999,-9999,-9999
1969,1055.622828,1055.623268325,1055.624222686,14335567,-9999,196204.2,21.25,-1,-0.904072716,0.431083356,0.565637507,0.484905016,32,0.028169014,1.183098592,N4 S1 O2,de-protonated,0,-9999,C71 H84 O2 N4 S1,71,84,2,4,-9999,1,-9999,-9999,-9999
1969,1055.622828,1055.623268325,1055.624084302,14335567,-9999,196204.2,21.25,-1,-0.772980307,0.448627432,0.649019222,0.528784148,5,0.3,1.92,N4 S2 O15,de-protonated,0,-9999,C50 H96 O15 N4 S2,50,96,15,4,-9999,2,-9999,-9999,-9999
1969,1055.622828,1055.623268325,1055.623214922,14335567,-9999,196204.2,21.25,-1,0.050589302,0.499767865,0.653607294,0.561303637,6,0.408163265,1.87755102,N4 O20,de-protonated,0,-9999,C49 H92 O20 N4,49,92,20,4,-9999,-9999,-9999,-9999,-9999
1970,1055.789233,1055.789673404,1055.789556681,62062212,-9999,205081.5,98.36,-1,0.110554545,0.332594912,0.485764205,0.393862629,18,0.056338028,1.521126761,S1 O4,de-protonated,0,-9999,C71 H108 O4 S1,71,108,4,-9999,-9999,1,-9999,-9999,-9999
1970,1055.789233,1055.789673404,1055.790559003,62062212,-9999,205081.5,98.36,-1,-0.838802032,0.293382647,0.533665548,0.389495807,4,0.114754098,1.918032787,S2 P1 O7,de-protonated,0,-9999,C61 H117 O7 P1 S2,61,117,7,-9999,1,2,-9999,-9999,-9999
1970,1055.789233,1055.789673404,1055.789689623,62062212,-9999,205081.5,98.36,-1,-0.015362336,0.33331906,0.538793609,0.415508879,5,0.2,1.883333333,P1 O12,de-protonated,0,-9999,C60 H113 O12 P1,60,113,12,-9999,1,-9999,-9999,-9999,-9999
1970,1055.789233,1055.789673404,1055.789176559,62062212,-9999,205081.5,98.36,-1,0.470590971,0.320204584,0.476878192,0.382874027,23,0.01369863,1.438356164,N2 P1 O1,de-protonated,0,-9999,C73 H105 O1 N2 P1,73,105,1,2,1,-9999,-9999,-9999,-9999
1970,1055.789233,1055.789673404,1055.788905233,62062212,-9999,205081.5,98.36,-1,0.727580115,0.302804986,0.523600568,0.391123218,9,0.095238095,1.777777778,N2 S2 O6,de-protonated,0,-9999,C63 H112 O6 N2 S2,63,112,6,2,-9999,2,-9999,-9999,-9999
1971,1056.662787,1056.663227815,1056.664035614,8748939,-9999,287105.4,12.23,-1,-0.764480259,0.449692507,0.569119254,0.497463206,26,0.071428571,1.314285714,N1 P1 O5,de-protonated,0,-9999,C70 H92 O5 N1 P1,70,92,5,1,1,-9999,-9999,-9999,-9999
1971,1056.662787,1056.663227815,1056.663764287,8748939,-9999,287105.4,12.23,-1,-0.507704204,0.954306043,0,0.572583626,12,0.166666667,1.65,N1 S2 O10,de-protonated,0,-9999,C60 H99 O10 N1 S2,60,99,10,1,-9999,2,-9999,-9999,-9999
1971,1056.662787,1056.663227815,1056.662894908,8748939,-9999,287105.4,12.23,-1,0.31505529,0.982150654,0,0.589290392,13,0.254237288,1.610169492,N1 O15,de-protonated,0,-9999,C59 H95 O15 N1,59,95,15,1,-9999,-9999,-9999,-9999,-9999
1971,1056.662787,1056.663227815,1056.662381843,8748939,-9999,287105.4,12.23,-1,0.800607175,0.445102503,0.562198102,0.491940742,31,0.055555556,1.208333333,N3 O4,de-protonated,0,-9999,C72 H87 O4 N3,72,87,4,3,-9999,-9999,-9999,-9999,-9999
1971,1056.662787,1056.663227815,1056.663384165,8748939,-9999,287105.4,12.23,-1,-0.147965869,0.996035261,0,0.597621157,17,0.112903226,1.548387097,N3 S1 P1 O7,de-protonated,0,-9999,C62 H96 O7 N3 P1 S1,62,96,7,3,1,1,-9999,-9999,-9999
1971,1056.662787,1056.663227815,1056.662243459,8748939,-9999,287105.4,12.23,-1,0.931571011,0.854306181,0,0.512583708,4,0.333333333,1.941176471,N3 S1 O17,de-protonated,0,-9999,C51 H99 O17 N3 S1,51,99,17,3,-9999,1,-9999,-9999,-9999
1972,1057.814218,1057.814659357,1057.814722602,10043608,-9999,270746.8,14.32,-1,-0.059788494,0.499675796,0.565637507,0.526060481,17,0.056338028,1.563380282,P1 O4,de-protonated,0,-9999,C71 H111 O4 P1,71,111,4,-9999,1,-9999,-9999,-9999,-9999
1972,1057.814218,1057.814659357,1057.814451276,10043608,-9999,270746.8,14.32,-1,0.196708422,0.496501789,0.602496955,0.538899855,3,0.14754098399999999,1.93442623,S2 O9,de-protonated,0,-9999,C61 H118 O9 S2,61,118,9,-9999,-9999,2,-9999,-9999,-9999
1972,1057.814218,1057.814659357,1057.814071153,10043608,-9999,270746.8,14.32,-1,0.556055688,0.472720611,0.594745702,0.521530647,8,0.095238095,1.825396825,N2 S1 P1 O6,de-protonated,0,-9999,C63 H115 O6 N2 P1 S1,63,115,6,2,1,1,-9999,-9999,-9999
1972,1057.814218,1057.814659357,1057.814919306,10043608,-9999,270746.8,14.32,-1,-0.24574208,0.49455114,0.602496955,0.537729466,9,0.163934426,1.803278689,N4 O10,de-protonated,0,-9999,C61 H110 O10 N4,61,110,10,4,-9999,-9999,-9999,-9999,-9999
1973,1058.211944,1058.212385544,1058.213416663,9699654,-9999,266479.4,13.76,-1,-0.974396176,0.841746755,0,0.505048053,28,0.352941176,0.980392157,N1 S2 P1 O18,de-protonated,0,-9999,C51 H50 O18 N1 P1 S2,51,50,18,1,1,2,-9999,-9999,-9999
1973,1058.211944,1058.212385544,1058.212547283,9699654,-9999,266479.4,13.76,-1,-0.152841919,0.995770211,0,0.597462127,29,0.46,0.92,N1 P1 O23,de-protonated,0,-9999,C50 H46 O23 N1 P1,50,46,23,1,1,-9999,-9999,-9999,-9999
1973,1058.211944,1058.212385544,1058.211762893,9699654,-9999,266479.4,13.76,-1,0.588399407,0.939112451,0,0.563467471,33,0.320754717,0.849056604,N3 S2 O17,de-protonated,0,-9999,C53 H45 O17 N3 S2,53,45,17,3,-9999,2,-9999,-9999,-9999
1973,1058.211944,1058.212385544,1058.211895835,9699654,-9999,266479.4,13.76,-1,0.462770685,0.961886852,0,0.577132111,20,0.595238095,1.19047619,N3 S1 P1 O25,de-protonated,0,-9999,C42 H50 O25 N3 P1 S1,42,50,25,3,1,1,-9999,-9999,-9999
1974,1058.635612,1058.636053743,1058.636286236,17269178,-9999,286162.9,25.99,-1,-0.219615022,0.495643387,0.587191358,0.532262576,22,0.169230769,1.369230769,N1 O11,de-protonated,0,-9999,C65 H89 O11 N1,65,89,11,1,-9999,-9999,-9999,-9999,-9999
1974,1058.635612,1058.636053743,1058.636775493,17269178,-9999,286162.9,25.99,-1,-0.681772822,0.459559387,0.576212942,0.506220809,26,0.044117647,1.323529412,N3 S1 P1 O3,de-protonated,0,-9999,C68 H90 O3 N3 P1 S1,68,90,3,3,1,1,-9999,-9999,-9999
1974,1058.635612,1058.636053743,1058.635634787,17269178,-9999,286162.9,25.99,-1,0.39575113,0.485990849,0.618621811,0.539043234,13,0.22807017500000001,1.631578947,N3 S1 O13,de-protonated,0,-9999,C57 H93 O13 N3 S1,57,93,13,3,-9999,1,-9999,-9999,-9999
1974,1058.635612,1058.636053743,1058.635767729,17269178,-9999,286162.9,25.99,-1,0.270172733,0.493421392,0.667769153,0.563160496,0,0.456521739,2.130434783,N3 P1 O21,de-protonated,0,-9999,C46 H98 O21 N3 P1,46,98,21,3,1,-9999,-9999,-9999,-9999
1975,1059.847001,1059.847443314,1059.847859405,59769588,-9999,202873.5,94.65,-1,-0.392595302,0.324140191,0.533665548,0.407950334,2,0.180327869,1.967213115,S1 O11,de-protonated,0,-9999,C61 H120 O11 S1,61,120,11,-9999,-9999,1,-9999,-9999,-9999
1975,1059.847001,1059.847443314,1059.848348662,59769588,-9999,202873.5,94.65,-1,-0.854224703,0.291995944,0.51866191,0.382662331,6,0.046875,1.890625,N2 S2 P1 O3,de-protonated,0,-9999,C64 H121 O3 N2 P1 S2,64,121,3,2,1,2,-9999,-9999,-9999
1975,1059.847001,1059.847443314,1059.847479282,59769588,-9999,202873.5,94.65,-1,-0.033937686,0.333263678,0.523600568,0.409398434,7,0.126984127,1.857142857,N2 P1 O8,de-protonated,0,-9999,C63 H117 O8 N2 P1,63,117,8,2,1,-9999,-9999,-9999,-9999
1975,1059.847001,1059.847443314,1059.846694892,59769588,-9999,202873.5,94.65,-1,0.706160281,0.304497039,0.508967985,0.386285418,11,0.03030303,1.757575758,N4 S2 O2,de-protonated,0,-9999,C66 H116 O2 N4 S2,66,116,2,4,-9999,2,-9999,-9999,-9999
1976,1060.191152,1060.191594476,1060.191811838,23987018,-9999,283566.5,36.84,-1,-0.205022021,0.496200996,0.653607294,0.55916351500000006,29,0.489795918,0.897959184,N1 P1 O24,de-protonated,0,-9999,C49 H44 O24 N1 P1,49,44,24,1,1,-9999,-9999,-9999,-9999
1976,1060.191152,1060.191594476,1060.1910274480001,23987018,-9999,283566.5,36.84,-1,0.534835447,0.47471038,0.640033642,0.540839685,33,0.346153846,0.826923077,N3 S2 O18,de-protonated,0,-9999,C52 H43 O18 N3 S2,52,43,18,3,-9999,2,-9999,-9999,-9999
1977,1060.618562,1060.619004677,1060.6200628,8635314,-9999,265373.8,12.04,-1,-0.997646083,0.417386494,0.562198102,0.475311137,30,0.027777778,1.222222222,N1 S1 P1 O2,de-protonated,0,-9999,C72 H88 O2 N1 P1 S1,72,88,2,1,1,1,-9999,-9999,-9999
1977,1060.618562,1060.619004677,1060.618922094,8635314,-9999,265373.8,12.04,-1,0.07786263,0.998900556,0,0.599340334,17,0.196721311,1.491803279,N1 S1 O12,de-protonated,0,-9999,C61 H91 O12 N1 S1,61,91,12,1,-9999,1,-9999,-9999,-9999
1977,1060.618562,1060.619004677,1060.619924416,8635314,-9999,265373.8,12.04,-1,-0.867171171,0.872452696,0,0.523471618,3,0.294117647,1.960784314,N1 S2 P1 O15,de-protonated,0,-9999,C51 H100 O15 N1 P1 S2,51,100,15,1,1,2,-9999,-9999,-9999
1977,1060.618562,1060.619004677,1060.619055036,8635314,-9999,265373.8,12.04,-1,-0.047480904,0.999591019,0,0.599754611,4,0.4,1.92,N1 P1 O20,de-protonated,0,-9999,C50 H96 O20 N1 P1,50,96,20,1,1,-9999,-9999,-9999,-9999
1977,1060.618562,1060.619004677,1060.61840903,8635314,-9999,265373.8,12.04,-1,0.561603328,0.472189077,0.555443265,0.505490752,35,0.013513514,1.121621622,N3 S1 O1,de-protonated,0,-9999,C74 H83 O1 N3 S1,74,83,1,3,-9999,1,-9999,-9999,-9999
1977,1060.618562,1060.619004677,1060.619411352,8635314,-9999,265373.8,12.04,-1,-0.383431387,0.973676157,0,0.584205694,21,0.0625,1.4375,N3 S2 P1 O4,de-protonated,0,-9999,C64 H92 O4 N3 P1 S2,64,92,4,3,1,2,-9999,-9999,-9999
1977,1060.618562,1060.619004677,1060.618541972,8635314,-9999,265373.8,12.04,-1,0.436259673,0.966055717,0,0.57963343,22,0.142857143,1.396825397,N3 P1 O9,de-protonated,0,-9999,C63 H88 O9 N3 P1,63,88,9,3,1,-9999,-9999,-9999,-9999
1977,1060.618562,1060.619004677,1060.618270646,8635314,-9999,265373.8,12.04,-1,0.692078648,0.916760521,0,0.550056313,8,0.264150943,1.79245283,N3 S2 O14,de-protonated,0,-9999,C53 H95 O14 N3 S2,53,95,14,3,-9999,2,-9999,-9999,-9999
1978,1060.673564,1060.674006703,1060.674206374,10896319,-9999,215864.8,15.7,-1,-0.188249746,0.496795228,0.558800271,0.521597245,29,0.04109589,1.260273973,N1 P1 O3,de-protonated,0,-9999,C73 H92 O3 N1 P1,73,92,3,1,1,-9999,-9999,-9999,-9999
1978,1060.673564,1060.674006703,1060.673935048,10896319,-9999,215864.8,15.7,-1,0.067555643,0.499586127,0.594745702,0.537649957,15,0.126984127,1.571428571,N1 S2 O8,de-protonated,0,-9999,C63 H99 O8 N1 S2,63,99,8,1,-9999,2,-9999,-9999,-9999
1978,1060.673564,1060.674006703,1060.673065668,10896319,-9999,215864.8,15.7,-1,0.887204936,0.433453239,0.598596236,0.499510438,16,0.209677419,1.532258065,N1 O13,de-protonated,0,-9999,C62 H95 O13 N1,62,95,13,1,-9999,-9999,-9999,-9999,-9999
1978,1060.673564,1060.674006703,1060.67406799,10896319,-9999,215864.8,15.7,-1,-0.057781388,0.999394383,0,0.59963663,2,0.307692308,2,N1 S1 P1 O16,de-protonated,0,-9999,C52 H104 O16 N1 P1 S1,52,104,16,1,1,1,-9999,-9999,-9999
1978,1060.673564,1060.674006703,1060.673554926,10896319,-9999,215864.8,15.7,-1,0.425934094,0.48380876,0.587191358,0.525161799,20,0.076923077,1.476923077,N3 S1 P1 O5,de-protonated,0,-9999,C65 H96 O5 N3 P1 S1,65,96,5,3,1,1,-9999,-9999,-9999
1978,1060.673564,1060.674006703,1060.674916143,10896319,-9999,215864.8,15.7,-1,-0.857416704,0.875119847,0,0.525071908,3,0.4,1.98,N3 O20,de-protonated,0,-9999,C50 H99 O20 N3,50,99,20,3,-9999,-9999,-9999,-9999,-9999
1979,1060.838693,1060.83913578,1060.839737074,13665254,-9999,268909.4,20.17,-1,-0.566808847,0.471686074,0.594745702,0.520909925,7,0.174603175,1.825396825,N1 O11,de-protonated,0,-9999,C63 H115 O11 N1,63,115,11,1,-9999,-9999,-9999,-9999,-9999
1980,1061.723144,1061.723587197,1061.723979043,9864369,-9999,246581.2,14.03,-1,-0.369066156,0.487793911,0.565637507,0.51893135,23,0.098591549,1.38028169,O7,de-protonated,0,-9999,C71 H98 O7,71,98,7,-9999,-9999,-9999,-9999,-9999,-9999
1980,1061.723144,1061.723587197,1061.723327595,9864369,-9999,246581.2,14.03,-1,0.244510302,0.494605332,0.594745702,0.53466148,14,0.142857143,1.619047619,N2 S1 O9,de-protonated,0,-9999,C63 H102 O9 N2 S1,63,102,9,2,-9999,1,-9999,-9999,-9999
1980,1061.723144,1061.723587197,1061.724329916,9864369,-9999,246581.2,14.03,-1,-0.699540631,0.915034781,0,0.549020869,0,0.226415094,2.094339623,N2 S2 P1 O12,de-protonated,0,-9999,C53 H111 O12 N2 P1 S2,53,111,12,2,1,2,-9999,-9999,-9999
1980,1061.723144,1061.723587197,1061.723460536,9864369,-9999,246581.2,14.03,-1,0.11929713,0.997420989,0,0.598452593,1,0.326923077,2.057692308,N2 P1 O17,de-protonated,0,-9999,C52 H107 O17 N2 P1,52,107,17,2,1,-9999,-9999,-9999,-9999
1980,1061.723144,1061.723587197,1061.723816852,9864369,-9999,246581.2,14.03,-1,-0.216303953,0.495773211,0.583485697,0.530858206,18,0.015151515,1.560606061,N4 S2 P1 O1,de-protonated,0,-9999,C66 H103 O1 N4 P1 S2,66,103,1,4,1,2,-9999,-9999,-9999
1980,1061.723144,1061.723587197,1061.722947472,9864369,-9999,246581.2,14.03,-1,0.6025346,0.468124144,0.587191358,0.51575103,19,0.092307692,1.523076923,N4 P1 O6,de-protonated,0,-9999,C65 H99 O6 N4 P1,65,99,6,4,1,-9999,-9999,-9999,-9999
1980,1061.723144,1061.723587197,1061.722676146,9864369,-9999,246581.2,14.03,-1,0.858087514,0.874937135,0,0.524962281,5,0.2,1.927272727,N4 S2 O11,de-protonated,0,-9999,C55 H106 O11 N4 S2,55,106,11,4,-9999,2,-9999,-9999,-9999
1981,1061.777591,1061.778034222,1061.778991997,15041725,-9999,251560.7,22.39,-1,-0.902047154,0.43136961,0.558800271,0.482341874,21,0.04109589,1.452054795,S1 O3,de-protonated,0,-9999,C73 H106 O3 S1,73,106,3,-9999,-9999,1,-9999,-9999,-9999
1981,1061.777591,1061.778034222,1061.778340548,15041725,-9999,251560.7,22.39,-1,-0.288502813,0.492505398,0.587191358,0.530379782,12,0.076923077,1.692307692,N2 S2 O5,de-protonated,0,-9999,C65 H110 O5 N2 S2,65,110,5,2,-9999,2,-9999,-9999,-9999
1981,1061.777591,1061.778034222,1061.777471169,15041725,-9999,251560.7,22.39,-1,0.530293632,0.475127254,0.590944388,0.52145410699999994,13,0.15625,1.65625,N2 O10,de-protonated,0,-9999,C64 H106 O10 N2,64,106,10,2,-9999,-9999,-9999,-9999,-9999
1981,1061.777591,1061.778034222,1061.777960426,15041725,-9999,251560.7,22.39,-1,0.069502744,0.499561936,0.579826515,0.531667768,17,0.029850746,1.597014925,N4 S1 P1 O2,de-protonated,0,-9999,C67 H107 O2 N4 P1 S1,67,107,2,4,1,1,-9999,-9999,-9999
1982,1061.836233,1061.83667625,1061.836506875,10159306,-9999,256359,14.5,-1,0.159511823,0.497696928,0.565637507,0.52487316,15,0.056338028,1.605633803,S1 O4,de-protonated,0,-9999,C71 H114 O4 S1,71,114,4,-9999,-9999,1,-9999,-9999,-9999
1982,1061.836233,1061.83667625,1061.837509196,10159306,-9999,256359,14.5,-1,-0.784438406,0.447177143,0.602496955,0.509305068,1,0.114754098,2.016393443,S2 P1 O7,de-protonated,0,-9999,C61 H123 O7 P1 S2,61,123,7,-9999,1,2,-9999,-9999,-9999
1982,1061.836233,1061.83667625,1061.836639816,10159306,-9999,256359,14.5,-1,0.034312007,0.4998932,0.606448844,0.542515458,2,0.2,1.983333333,P1 O12,de-protonated,0,-9999,C60 H119 O12 P1,60,119,12,-9999,1,-9999,-9999,-9999,-9999
1982,1061.836233,1061.83667625,1061.836126752,10159306,-9999,256359,14.5,-1,0.517497929,0.476284514,0.558800271,0.509290817,20,0.01369863,1.520547945,N2 P1 O1,de-protonated,0,-9999,C73 H111 O1 N2 P1,73,111,1,2,1,-9999,-9999,-9999,-9999
1982,1061.836233,1061.83667625,1061.835855426,10159306,-9999,256359,14.5,-1,0.773023582,0.448621986,0.594745702,0.507071472,6,0.095238095,1.873015873,N2 S2 O6,de-protonated,0,-9999,C63 H118 O6 N2 S2,63,118,6,2,-9999,2,-9999,-9999,-9999
1983,1061.890792,1061.891235276,1061.890650449,11535574,-9999,265426.6,16.73,-1,0.55074133,0.473225399,0.562198102,0.50881448,14,0.069444444,1.638888889,O5,de-protonated,0,-9999,C72 H118 O5,72,118,5,-9999,-9999,-9999,-9999,-9999,-9999
1983,1061.890792,1061.891235276,1061.89165277,11535574,-9999,265426.6,16.73,-1,-0.393161138,0.486171063,0.598596236,0.531141133,0,0.129032258,2.048387097,S1 P1 O8,de-protonated,0,-9999,C62 H127 O8 P1 S1,62,127,8,-9999,1,1,-9999,-9999,-9999
1983,1061.890792,1061.891235276,1061.891987859,11535574,-9999,265426.6,16.73,-1,-0.708719398,0.456445577,0.558800271,0.497387454,19,0.01369863,1.561643836,N4 O1,de-protonated,0,-9999,C73 H114 O1 N4,73,114,1,4,-9999,-9999,-9999,-9999,-9999
1984,1062.661414,1062.661857638,1062.662582518,12486011,-9999,219816.5,18.26,-1,-0.682135031,0.459518194,0.558800271,0.499231025,28,0.01369863,1.273972603,N1 S2 O1,de-protonated,0,-9999,C73 H93 O1 N1 S2,73,93,1,1,-9999,2,-9999,-9999,-9999
1984,1062.661414,1062.661857638,1062.661713138,12486011,-9999,219816.5,18.26,-1,0.135979771,0.498325273,0.562198102,0.523874404,29,0.083333333,1.236111111,N1 O6,de-protonated,0,-9999,C72 H89 O6 N1,72,89,6,1,-9999,-9999,-9999,-9999,-9999
1984,1062.661414,1062.661857638,1062.66271546,12486011,-9999,219816.5,18.26,-1,-0.807237415,0.444242366,0.598596236,0.505983914,15,0.14516129,1.580645161,N1 S1 P1 O9,de-protonated,0,-9999,C62 H98 O9 N1 P1 S1,62,98,9,1,1,1,-9999,-9999,-9999
1984,1062.661414,1062.661857638,1062.661574754,12486011,-9999,219816.5,18.26,-1,0.266204155,0.493612008,0.644495114,0.553965251,2,0.37254902,1.980392157,N1 S1 O19,de-protonated,0,-9999,C51 H101 O19 N1 S1,51,101,19,1,-9999,1,-9999,-9999,-9999
1984,1062.661414,1062.661857638,1062.661061689,12486011,-9999,219816.5,18.26,-1,0.749015095,0.451606444,0.590944388,0.507341621,20,0.125,1.453125,N3 S1 O8,de-protonated,0,-9999,C64 H93 O8 N3 S1,64,93,8,3,-9999,1,-9999,-9999,-9999
1984,1062.661414,1062.661857638,1062.662064011,12486011,-9999,219816.5,18.26,-1,-0.194203247,0.496590021,0.631293472,0.550471402,6,0.203703704,1.888888889,N3 S2 P1 O11,de-protonated,0,-9999,C54 H102 O11 N3 P1 S2,54,102,11,3,1,2,-9999,-9999,-9999
1984,1062.661414,1062.661857638,1062.661194631,12486011,-9999,219816.5,18.26,-1,0.623912353,0.465902405,0.635633513,0.533794848,7,0.301886792,1.849056604,N3 P1 O16,de-protonated,0,-9999,C53 H98 O16 N3 P1,53,98,16,3,1,-9999,-9999,-9999,-9999
1985,1063.715929,1063.716373135,1063.717000138,12871246,-9999,174950.8,18.89,-1,-0.589445189,0.46945129,0.576212942,0.512155951,17,0.044117647,1.544117647,S2 P1 O3,de-protonated,0,-9999,C68 H105 O3 P1 S2,68,105,3,-9999,1,2,-9999,-9999,-9999
1985,1063.715929,1063.716373135,1063.716130758,12871246,-9999,174950.8,18.89,-1,0.227858725,0.495311747,0.579826515,0.529117654,18,0.119402985,1.507462687,P1 O8,de-protonated,0,-9999,C67 H101 O8 P1,67,101,8,-9999,1,-9999,-9999,-9999,-9999
1985,1063.715929,1063.716373135,1063.715859432,12871246,-9999,174950.8,18.89,-1,0.48293269,0.479282365,0.618621811,0.535018144,4,0.22807017500000001,1.894736842,S2 O13,de-protonated,0,-9999,C57 H108 O13 S2,57,108,13,-9999,-9999,2,-9999,-9999,-9999
1985,1063.715929,1063.716373135,1063.715346367,12871246,-9999,174950.8,18.89,-1,0.965265205,0.422228087,0.569119254,0.480984554,22,0.028571429,1.428571429,N2 S2 O2,de-protonated,0,-9999,C70 H100 O2 N2 S2,70,100,2,2,-9999,2,-9999,-9999,-9999
1985,1063.715929,1063.716373135,1063.715479309,12871246,-9999,174950.8,18.89,-1,0.840286429,0.439874992,0.610452919,0.508106163,9,0.169491525,1.779661017,N2 S1 P1 O10,de-protonated,0,-9999,C59 H105 O10 N2 P1 S1,59,105,10,2,1,1,-9999,-9999,-9999
1985,1063.715929,1063.716373135,1063.717196842,12871246,-9999,174950.8,18.89,-1,-0.774366872,0.448452816,0.614510218,0.514875777,9,0.155172414,1.793103448,N4 S2 O9,de-protonated,0,-9999,C58 H104 O9 N4 S2,58,104,9,4,-9999,2,-9999,-9999,-9999
1985,1063.715929,1063.716373135,1063.716327462,12871246,-9999,174950.8,18.89,-1,0.04293674,0.499832772,0.618621811,0.547348387,10,0.245614035,1.754385965,N4 O14,de-protonated,0,-9999,C57 H100 O14 N4,57,100,14,4,-9999,-9999,-9999,-9999,-9999
1986,1063.77139,1063.771834161,1063.771143712,15517273,-9999,187877.7,23.16,-1,0.64905798,0.463204237,0.572644131,0.506980195,16,0.057971014,1.579710145,S1 P1 O4,de-protonated,0,-9999,C69 H109 O4 P1 S1,69,109,4,-9999,1,1,-9999,-9999,-9999
1986,1063.77139,1063.771834161,1063.772861245,15517273,-9999,187877.7,23.16,-1,-0.965510522,0.422191801,0.576212942,0.483800257,16,0.044117647,1.588235294,N2 S2 O3,de-protonated,0,-9999,C68 H108 O3 N2 S2,68,108,3,2,-9999,2,-9999,-9999,-9999
1986,1063.77139,1063.771834161,1063.771991865,15517273,-9999,187877.7,23.16,-1,-0.148249834,0.49801003,0.579826515,0.530736624,17,0.119402985,1.552238806,N2 O8,de-protonated,0,-9999,C67 H104 O8 N2,67,104,8,2,-9999,-9999,-9999,-9999,-9999
1986,1063.77139,1063.771834161,1063.771340416,15517273,-9999,187877.7,23.16,-1,0.46414548,0.480832233,0.610452919,0.532680507,8,0.169491525,1.830508475,N4 S1 O10,de-protonated,0,-9999,C59 H108 O10 N4 S1,59,108,10,4,-9999,1,-9999,-9999,-9999
1987,1064.715086,1064.715530605,1064.714751033,46532356,-9999,288019.7,73.26,-1,0.732188426,0.302435602,0.523600568,0.390901588,13,0.126984127,1.650793651,N1 S1 P1 O8,de-protonated,0,-9999,C63 H104 O8 N1 P1 S1,63,104,8,1,1,1,-9999,-9999,-9999
1987,1064.715086,1064.715530605,1064.716468566,46532356,-9999,288019.7,73.26,-1,-0.880949295,0.289549367,0.528601492,0.385170217,13,0.112903226,1.661290323,N3 S2 O7,de-protonated,0,-9999,C62 H103 O7 N3 S2,62,103,7,3,-9999,2,-9999,-9999,-9999
1987,1064.715086,1064.715530605,1064.715599187,46532356,-9999,288019.7,73.26,-1,-0.064412837,0.333082483,0.533665548,0.413315709,14,0.196721311,1.62295082,N3 O12,de-protonated,0,-9999,C61 H99 O12 N3,61,99,12,3,-9999,-9999,-9999,-9999,-9999
1988,1064.770225,1064.770669631,1064.769763987,34735888,-9999,283824.6,54.21,-1,0.850553654,0.292327713,0.513784664,0.380910493,11,0.061538462,1.723076923,N1 S2 P1 O4,de-protonated,0,-9999,C65 H112 O4 N1 P1 S2,65,112,4,1,1,2,-9999,-9999,-9999
1988,1064.770225,1064.770669631,1064.771263589,34735888,-9999,283824.6,54.21,-1,-0.557826884,0.315034278,0.485764205,0.383326249,21,0.084507042,1.450704225,N1 O6,de-protonated,0,-9999,C71 H103 O6 N1,71,103,6,1,-9999,-9999,-9999,-9999,-9999
1988,1064.770225,1064.770669631,1064.770612141,34735888,-9999,283824.6,54.21,-1,0.053993454,0.333157055,0.523600568,0.40933446,12,0.126984127,1.698412698,N3 S1 O8,de-protonated,0,-9999,C63 H107 O8 N3 S1,63,107,8,3,-9999,1,-9999,-9999,-9999
1989,1064.825136,1064.825580657,1064.826276543,8800025,-9999,299828.6,12.31,-1,-0.653520826,0.462715908,0.558800271,0.501149653,19,0.02739726,1.520547945,N1 S1 O2,de-protonated,0,-9999,C73 H111 O2 N1 S1,73,111,2,1,-9999,1,-9999,-9999,-9999
1989,1064.825136,1064.825580657,1064.826409485,8800025,-9999,299828.6,12.31,-1,-0.77836901,0.895894879,0,0.537536927,6,0.161290323,1.870967742,N1 P1 O10,de-protonated,0,-9999,C62 H116 O10 N1 P1,62,116,10,1,1,-9999,-9999,-9999,-9999
1989,1064.825136,1064.825580657,1064.825625094,8800025,-9999,299828.6,12.31,-1,-0.041732155,0.999684044,0,0.599810426,10,0.061538462,1.769230769,N3 S2 O4,de-protonated,0,-9999,C65 H115 O4 N3 S2,65,115,4,3,-9999,2,-9999,-9999,-9999
1989,1064.825136,1064.825580657,1064.824755715,8800025,-9999,299828.6,12.31,-1,0.774721284,0.896816289,0,0.538089774,11,0.140625,1.734375,N3 O9,de-protonated,0,-9999,C64 H111 O9 N3,64,111,9,3,-9999,-9999,-9999,-9999,-9999
1990,1065.939422,1065.939867182,1065.940578022,30803920,-9999,240668.2,47.85,-1,-0.666867039,0.634480684,0.623481699,0.63008109,11,0.02739726,1.726027397,S1 O2,de-protonated,0,-9999,C73 H126 O2 S1,73,126,2,-9999,-9999,1,-9999,-9999,-9999
1990,1065.939422,1065.939867182,1065.939926574,30803920,-9999,240668.2,47.85,-1,-0.055717921,0.661617576,0.638797904,0.652489707,2,0.061538462,2,N2 S2 O4,de-protonated,0,-9999,C65 H130 O4 N2 S2,65,130,4,2,-9999,2,-9999,-9999,-9999
1990,1065.939422,1065.939867182,1065.939057194,30803920,-9999,240668.2,47.85,-1,0.75988201,0.30017654,0.51866191,0.387570688,3,0.140625,1.96875,N2 O9,de-protonated,0,-9999,C64 H126 O9 N2,64,126,9,2,-9999,-9999,-9999,-9999,-9999
1990,1065.939422,1065.939867182,1065.939546451,30803920,-9999,240668.2,47.85,-1,0.300890012,0.637325038,0.634621558,0.636243646,7,0.014925373,1.895522388,N4 S1 P1 O1,de-protonated,0,-9999,C67 H127 O1 N4 P1 S1,67,127,1,4,1,1,-9999,-9999,-9999
1991,1067.946494,1067.946940126,1067.947287692,10471656,-9999,285245.7,15.01,-1,-0.325452375,0.653976398,0.623481699,0.641778518,11,0.02739726,1.726027397,13C2 S1 O2,de-protonated,1,1990,C71 H126 O2 S1 13C2,71,126,2,-9999,-9999,1,2,-9999,-9999
1991,1067.946494,1067.946940126,1067.947334429,10471656,-9999,285245.7,15.01,-1,-0.369215896,0.487784127,0.587191358,0.527547019,1,0.030769231,2.046153846,N2 S2 P1 O2,de-protonated,0,-9999,C65 H133 O2 N2 P1 S2,65,133,2,2,1,2,-9999,-9999,-9999
1991,1067.946494,1067.946940126,1067.946636244,10471656,-9999,285245.7,15.01,-1,0.284548579,0.656943917,0.638797904,0.649685512,2,0.061538462,2,13C2 N2 S2 O4,de-protonated,1,1990,C63 H130 O4 N2 S2 13C2,63,130,4,2,-9999,2,2,-9999,-9999
1991,1067.946494,1067.946940126,1067.94646505,10471656,-9999,285245.7,15.01,-1,0.444850706,0.482364874,0.590944388,0.52579668,2,0.109375,2.015625,N2 P1 O7,de-protonated,0,-9999,C64 H129 O7 N2 P1,64,129,7,2,1,-9999,-9999,-9999,-9999
1991,1067.946494,1067.946940126,1067.946256121,10471656,-9999,285245.7,15.01,-1,0.640486555,0.618845559,0.634621558,0.625155959,7,0.014925373,1.895522388,13C2 N4 S1 P1 O1,de-protonated,1,1990,C65 H127 O1 N4 P1 S1 13C2,65,127,1,4,1,1,2,-9999,-9999
1992,1068.408719,1068.409165344,1068.410206428,15632671,-9999,278064.8,23.34,-1,-0.974423504,0.420869311,0.587191358,0.48739813,33,0.107692308,1.046153846,N1 S2 P1 O7,de-protonated,0,-9999,C65 H68 O7 N1 P1 S2,65,68,7,1,1,2,-9999,-9999,-9999
1992,1068.408719,1068.409165344,1068.409337048,15632671,-9999,278064.8,23.34,-1,-0.160710077,0.497662278,0.590944388,0.534975122,34,0.1875,1,N1 P1 O12,de-protonated,0,-9999,C64 H64 O12 N1 P1,64,64,12,1,1,-9999,-9999,-9999,-9999
1992,1068.408719,1068.409165344,1068.409065722,15632671,-9999,278064.8,23.34,-1,0.093243324,0.499211836,0.631293472,0.55204449,20,0.314814815,1.314814815,N1 S2 O17,de-protonated,0,-9999,C54 H71 O17 N1 S2,54,71,17,1,-9999,2,-9999,-9999,-9999
1992,1068.408719,1068.409165344,1068.408196342,15632671,-9999,278064.8,23.34,-1,0.906958488,0.430674757,0.635633513,0.51265826,21,0.41509434,1.264150943,N1 O22,de-protonated,0,-9999,C53 H67 O22 N1,53,67,22,1,-9999,-9999,-9999,-9999,-9999
1992,1068.408719,1068.409165344,1068.409198664,15632671,-9999,278064.8,23.34,-1,-0.031186288,0.499911771,0.6825583,0.572970382,7,0.581395349,1.76744186,N1 S1 P1 O25,de-protonated,0,-9999,C43 H76 O25 N1 P1 S1,43,76,25,1,1,1,-9999,-9999,-9999
1992,1068.408719,1068.409165344,1068.408552658,15632671,-9999,278064.8,23.34,-1,0.573456906,0.471037725,0.579826515,0.514553241,38,0.089552239,0.940298507,N3 S2 O6,de-protonated,0,-9999,C67 H63 O6 N3 S2,67,63,6,3,-9999,2,-9999,-9999,-9999
1992,1068.408719,1068.409165344,1068.408685599,15632671,-9999,278064.8,23.34,-1,0.449027174,0.482038234,0.622788794,0.538338458,25,0.25,1.214285714,N3 S1 P1 O14,de-protonated,0,-9999,C56 H68 O14 N3 P1 S1,56,68,14,3,1,1,-9999,-9999,-9999
1993,1068.413072,1068.413518346,1068.412708351,20678944,-9999,268366,31.5,-1,0.758128929,0.450482282,0.602496955,0.511288151,29,0.196721311,1.114754098,N1 S1 P1 O12,de-protonated,0,-9999,C61 H68 O12 N1 P1 S1,61,68,12,1,1,1,-9999,-9999,-9999
1993,1068.413072,1068.413518346,1068.412569967,20678944,-9999,268366,31.5,-1,0.887652428,0.433390778,0.698017357,0.539241409,2,0.625,2,N1 S2 P1 O25,de-protonated,0,-9999,C40 H80 O25 N1 P1 S2,40,80,25,1,1,2,-9999,-9999,-9999
1993,1068.413072,1068.413518346,1068.414425884,20678944,-9999,268366,31.5,-1,-0.84942550000000006,0.438644186,0.606448844,0.505766049,29,0.183333333,1.116666667,N3 S2 O11,de-protonated,0,-9999,C60 H67 O11 N3 S2,60,67,11,3,-9999,2,-9999,-9999,-9999
1993,1068.413072,1068.413518346,1068.413556505,20678944,-9999,268366,31.5,-1,-0.035715185000000003,0.499884288,0.610452919,0.54411174,30,0.271186441,1.06779661,N3 O16,de-protonated,0,-9999,C59 H63 O16 N3,59,63,16,3,-9999,-9999,-9999,-9999,-9999
1993,1068.413072,1068.413518346,1068.414558826,20678944,-9999,268366,31.5,-1,-0.973854371,0.420953996,0.653607294,0.514015315,16,0.387755102,1.469387755,N3 S1 P1 O19,de-protonated,0,-9999,C49 H72 O19 N3 P1 S1,49,72,19,3,1,1,-9999,-9999,-9999
1994,1068.467218,1068.467664371,1068.467721305,11536678,-9999,230295.9,16.73,-1,-0.05328555,0.499742468,0.594745702,0.537743762,27,0.126984127,1.206349206,N1 S2 P1 O8,de-protonated,0,-9999,C63 H76 O8 N1 P1 S2,63,76,8,1,1,2,-9999,-9999,-9999
1994,1068.467218,1068.467664371,1068.466851925,11536678,-9999,230295.9,16.73,-1,0.760384825,0.450202362,0.598596236,0.509559912,28,0.209677419,1.161290323,N1 P1 O13,de-protonated,0,-9999,C62 H72 O13 N1 P1,62,72,13,1,1,-9999,-9999,-9999,-9999
1994,1068.467218,1068.467664371,1068.468569459,11536678,-9999,230295.9,16.73,-1,-0.847088146,0.438959908,0.602496955,0.504374727,28,0.196721311,1.163934426,N3 S1 O12,de-protonated,0,-9999,C61 H71 O12 N3 S1,61,71,12,3,-9999,1,-9999,-9999,-9999
1994,1068.467218,1068.467664371,1068.4687024,11536678,-9999,230295.9,16.73,-1,-0.971510712,0.421302385,0.649019222,0.51238912,15,0.4,1.52,N3 P1 O20,de-protonated,0,-9999,C50 H76 O20 N3 P1,50,76,20,3,1,-9999,-9999,-9999,-9999
1994,1068.467218,1068.467664371,1068.468431074,11536678,-9999,230295.9,16.73,-1,-0.717571626,0.910802164,0,0.546481298,1,0.625,2.075,N3 S2 O25,de-protonated,0,-9999,C40 H83 O25 N3 S2,40,83,25,3,-9999,2,-9999,-9999,-9999
1995,1068.785501,1068.785947521,1068.785807975,53414216,-9999,236966.1,84.38,-1,0.130565269,0.332303857,0.533665548,0.412848533,5,0.114754098,1.901639344,N1 S2 P1 O7,de-protonated,0,-9999,C61 H116 O7 N1 P1 S2,61,116,7,1,1,2,-9999,-9999,-9999
1995,1068.785501,1068.785947521,1068.784938595,53414216,-9999,236966.1,84.38,-1,0.943993633,0.283567365,0.538793609,0.385657863,6,0.2,1.866666667,N1 P1 O12,de-protonated,0,-9999,C60 H112 O12 N1 P1,60,112,12,1,1,-9999,-9999,-9999,-9999
1995,1068.785501,1068.785947521,1068.786656128,53414216,-9999,236966.1,84.38,-1,-0.663001226,0.307779457,0.543986559,0.402262298,6,0.186440678,1.881355932,N3 S1 O11,de-protonated,0,-9999,C59 H111 O11 N3 S1,59,111,11,3,-9999,1,-9999,-9999,-9999
1996,1068.897403,1068.897849574,1068.897333485,29854038,-9999,188376.5,46.32,-1,0.482823931,0.319527667,0.485764205,0.386022282,11,0.014084507,1.732394366,N1 S2 O1,de-protonated,0,-9999,C71 H123 O1 N1 S2,71,123,1,1,-9999,2,-9999,-9999,-9999
1997,1069.011334,1069.011780628,1069.01149386,13355362,-9999,171394.6,19.67,-1,0.268255201,0.493513837,0.583485697,0.529502581,0,0.121212121,2.045454545,N1 O8,de-protonated,0,-9999,C66 H135 O8 N1,66,135,8,1,-9999,-9999,-9999,-9999,-9999
1997,1069.011334,1069.011780628,1069.011088024,13355362,-9999,171394.6,19.67,-1,0.647891815,0.463331374,0.667769153,0.545106485,35,0.5,0.586956522,N2 S2 P1 O23,de-protonated,0,-9999,C46 H27 O23 N2 P1 S2,46,27,23,2,1,2,-9999,-9999,-9999
1998,1069.475499,1069.475945846,1069.475235238,8628625,-9999,222297.5,12.03,-1,0.664445541,0.461508607,0.579826515,0.50883577,31,0.119402985,1.104477612,S2 O8,de-protonated,0,-9999,C67 H74 O8 S2,67,74,8,-9999,-9999,2,-9999,-9999,-9999
1998,1069.475499,1069.475945846,1069.47536818,8628625,-9999,222297.5,12.03,-1,0.540139903,0.94843895,0,0.56906337,18,0.285714286,1.410714286,S1 P1 O16,de-protonated,0,-9999,C56 H79 O16 P1 S1,56,79,16,-9999,1,1,-9999,-9999,-9999
1998,1069.475499,1069.475945846,1069.476216333,8628625,-9999,222297.5,12.03,-1,-0.252915254,0.988460527,0,0.593076316,19,0.37037037,1.37037037,N2 O20,de-protonated,0,-9999,C54 H74 O20 N2,54,74,20,2,-9999,-9999,-9999,-9999,-9999
1998,1069.475499,1069.475945846,1069.476572649,8628625,-9999,222297.5,12.03,-1,-0.586083402,0.469788037,0.576212942,0.512357999,36,0.058823529,1.029411765,N4 S2 O4,de-protonated,0,-9999,C68 H70 O4 N4 S2,68,70,4,4,-9999,2,-9999,-9999,-9999
1998,1069.475499,1069.475945846,1069.475703269,8628625,-9999,222297.5,12.03,-1,0.226818992,0.495354236,0.579826515,0.529143147,37,0.134328358,0.985074627,N4 O9,de-protonated,0,-9999,C67 H66 O9 N4,67,66,9,4,-9999,-9999,-9999,-9999,-9999
1998,1069.475499,1069.475945846,1069.47670559,8628625,-9999,222297.5,12.03,-1,-0.71038873,0.912498836,0,0.547499302,23,0.210526316,1.315789474,N4 S1 P1 O12,de-protonated,0,-9999,C57 H75 O12 N4 P1 S1,57,75,12,4,1,1,-9999,-9999,-9999
1998,1069.475499,1069.475945846,1069.475564884,8628625,-9999,222297.5,12.03,-1,0.356213685,0.977239328,0,0.586343597,10,0.47826087,1.695652174,N4 S1 O22,de-protonated,0,-9999,C46 H78 O22 N4 S1,46,78,22,4,-9999,1,-9999,-9999,-9999
1999,1070.483917,1070.484364321,1070.48337137,12323310,-9999,282132.9,18,-1,0.927572538,0.427729641,0.594745702,0.494536065,26,0.126984127,1.238095238,N1 S2 P1 O8,de-protonated,0,-9999,C63 H78 O8 N1 P1 S2,63,78,8,1,1,2,-9999,-9999,-9999
1999,1070.483917,1070.484364321,1070.484870972,12323310,-9999,282132.9,18,-1,-0.473291016,0.48008482,0.572644131,0.517108544,36,0.144927536,1,N1 O10,de-protonated,0,-9999,C69 H69 O10 N1,69,69,10,1,-9999,-9999,-9999,-9999,-9999
1999,1070.483917,1070.484364321,1070.484732587,12323310,-9999,282132.9,18,-1,-0.344018398,0.48937736,0.658260696,0.556930695,9,0.479166667,1.6875,N1 S1 O23,de-protonated,0,-9999,C48 H81 O23 N1 S1,48,81,23,1,-9999,1,-9999,-9999,-9999
1999,1070.483917,1070.484364321,1070.485360229,12323310,-9999,282132.9,18,-1,-0.930333342,0.427331735,0.562198102,0.481278282,40,0.027777778,0.972222222,N3 S1 P1 O2,de-protonated,0,-9999,C72 H70 O2 N3 P1 S1,72,70,2,3,1,1,-9999,-9999,-9999
1999,1070.483917,1070.484364321,1070.484219523,12323310,-9999,282132.9,18,-1,0.135263841,0.498342832,0.602496955,0.540004481,27,0.196721311,1.196721311,N3 S1 O12,de-protonated,0,-9999,C61 H73 O12 N3 S1,61,73,12,3,-9999,1,-9999,-9999,-9999
1999,1070.483917,1070.484364321,1070.485221845,12323310,-9999,282132.9,18,-1,-0.801060842,0.445043822,0.644495114,0.524824339,13,0.294117647,1.607843137,N3 S2 P1 O15,de-protonated,0,-9999,C51 H82 O15 N3 P1 S2,51,82,15,3,1,2,-9999,-9999,-9999
1999,1070.483917,1070.484364321,1070.484352465,12323310,-9999,282132.9,18,-1,0.011075433,0.499988871,0.649019222,0.559601012,14,0.4,1.56,N3 P1 O20,de-protonated,0,-9999,C50 H78 O20 N3 P1,50,78,20,3,1,-9999,-9999,-9999,-9999
1999,1070.483917,1070.484364321,1070.484081139,12323310,-9999,282132.9,18,-1,0.264536617,0.987382565,0,0.592429539,0,0.625,2.125,N3 S2 O25,de-protonated,0,-9999,C40 H85 O25 N3 S2,40,85,25,3,-9999,2,-9999,-9999,-9999
2000,1071.087687,1071.088134605,1071.088275718,17467934,-9999,287388.5,26.31,-1,-0.131747244,0.498427744,0.653607294,0.560499564,32,0.448979592,0.755102041,S2 P1 O22,de-protonated,0,-9999,C49 H37 O22 P1 S2,49,37,22,-9999,1,2,-9999,-9999,-9999
2000,1071.087687,1071.088134605,1071.088743749,17467934,-9999,287388.5,26.31,-1,-0.568714387,0.471500919,0.653607294,0.544343469,38,0.469387755,0.591836735,N4 P1 O23,de-protonated,0,-9999,C49 H29 O23 N4 P1,49,29,23,4,1,-9999,-9999,-9999,-9999
2001,1072.102788,1072.103236083,1072.102177848,19204708,-9999,285826.3,29.12,-1,0.987065417,0.418979914,0.565637507,0.477642951,1,0.014084507,2.042253521,N2 P1 O1,de-protonated,0,-9999,C71 H145 O1 N2 P1,71,145,1,2,1,-9999,-9999,-9999,-9999
2001,1072.102788,1072.103236083,1072.103000288,19204708,-9999,285826.3,29.12,-1,0.219936828,0.495630666,0.662980834,0.562570733,32,0.489361702,0.744680851,N3 S2 O23,de-protonated,0,-9999,C47 H35 O23 N3 S2,47,35,23,3,-9999,2,-9999,-9999,-9999
2002,1072.889341,1072.889789453,1072.888876801,12192402,-9999,157126.6,17.79,-1,0.850649233,0.438478632,0.558800271,0.486607288,15,0.02739726,1.630136986,N1 S1 O2,de-protonated,0,-9999,C73 H119 O2 N1 S1,73,119,2,1,-9999,1,-9999,-9999,-9999
2002,1072.889341,1072.889789453,1072.889879123,12192402,-9999,157126.6,17.79,-1,-0.083577543,0.499366673,0.594745702,0.537518285,1,0.079365079,2.031746032,N1 S2 P1 O5,de-protonated,0,-9999,C63 H128 O5 N1 P1 S2,63,128,5,1,1,2,-9999,-9999,-9999
2002,1072.889341,1072.889789453,1072.889009743,12192402,-9999,157126.6,17.79,-1,0.726739078,0.454308295,0.598596236,0.512023472,2,0.161290323,2,N1 P1 O10,de-protonated,0,-9999,C62 H124 O10 N1 P1,62,124,10,1,1,-9999,-9999,-9999,-9999
2002,1072.889341,1072.889789453,1072.890727276,12192402,-9999,157126.6,17.79,-1,-0.874108282,0.435271274,0.602496955,0.502161547,2,0.14754098399999999,2.016393443,N3 S1 O9,de-protonated,0,-9999,C61 H123 O9 N3 S1,61,123,9,3,-9999,1,-9999,-9999,-9999
2003,1073.116829,1073.11727756,1073.118312544,19139230,-9999,280966.6,29.01,-1,-0.964463668,0.422346605,0.640033642,0.509421419,36,0.461538462,0.673076923,P1 O24,de-protonated,0,-9999,C52 H35 O24 P1,52,35,24,-9999,1,-9999,-9999,-9999,-9999
2003,1073.116829,1073.11727756,1073.117528153,19139230,-9999,280966.6,29.01,-1,-0.23351889,0.4950771,0.627012296,0.547851178,40,0.327272727,0.618181818,N2 S2 O18,de-protonated,0,-9999,C55 H34 O18 N2 S2,55,34,18,2,-9999,2,-9999,-9999,-9999
2004,1074.018933,1074.019381985,1074.019904774,13044422,-9999,286804.7,19.16,-1,-0.486758878,0.478959814,0.579826515,0.519306494,3,0.044776119,2.014925373,N4 P1 O3,de-protonated,0,-9999,C67 H135 O3 N4 P1,67,135,3,4,1,-9999,-9999,-9999,-9999
2005,1074.659908,1074.660357287,1074.660213536,16911068,-9999,244279.4,25.41,-1,0.133763614,0.498379328,0.579826515,0.530958203,20,0.059701493,1.462686567,N1 S2 P1 O4,de-protonated,0,-9999,C67 H98 O4 N1 P1 S2,67,98,4,1,1,2,-9999,-9999,-9999
2005,1074.659908,1074.660357287,1074.659344156,16911068,-9999,244279.4,25.41,-1,0.942745541,0.425532831,0.583485697,0.488713977,21,0.136363636,1.424242424,N1 P1 O9,de-protonated,0,-9999,C66 H94 O9 N1 P1,66,94,9,1,1,-9999,-9999,-9999,-9999
2005,1074.659908,1074.660357287,1074.661061689,16911068,-9999,244279.4,25.41,-1,-0.655465021,0.462502287,0.587191358,0.512377915,21,0.123076923,1.430769231,N3 S1 O8,de-protonated,0,-9999,C65 H93 O8 N3 S1,65,93,8,3,-9999,1,-9999,-9999,-9999
2005,1074.659908,1074.660357287,1074.661194631,16911068,-9999,244279.4,25.41,-1,-0.779170654,0.447845966,0.631293472,0.521224968,8,0.296296296,1.814814815,N3 P1 O16,de-protonated,0,-9999,C54 H98 O16 N3 P1,54,98,16,3,1,-9999,-9999,-9999,-9999
2006,1075.094106,1075.094555491,1075.095075175,9177834,-9999,275625.7,12.92,-1,-0.483384704,0.958488763,0,0.575093258,40,0.363636364,0.6,S1 P1 O20,de-protonated,0,-9999,C55 H33 O20 P1 S1,55,33,20,-9999,1,1,-9999,-9999,-9999
2006,1075.094106,1075.094555491,1075.094423727,9177834,-9999,275625.7,12.92,-1,0.122560551,0.997278154,0,0.598366892,31,0.468085106,0.787234043,N2 S2 P1 O22,de-protonated,0,-9999,C47 H37 O22 N2 P1 S2,47,37,22,2,1,2,-9999,-9999,-9999
2007,1075.098708,1075.099157493,1075.098446479,8686314,-9999,370970.7,12.12,-1,0.661348116,0.923705235,0,0.554223141,35,0.384615385,0.711538462,S2 P1 O20,de-protonated,0,-9999,C52 H37 O20 P1 S2,52,37,20,-9999,1,2,-9999,-9999,-9999
2007,1075.098708,1075.099157493,1075.099294632,8686314,-9999,370970.7,12.12,-1,-0.12755923,0.997051938,0,0.598231163,36,0.48,0.64,N2 S1 O24,de-protonated,0,-9999,C50 H32 O24 N2 S1,50,32,24,2,-9999,1,-9999,-9999,-9999
2007,1075.098708,1075.099157493,1075.100189725,8686314,-9999,370970.7,12.12,-1,-0.96012617,0.422986824,0.558800271,0.477312203,5,0.01369863,1.931506849,N3 O1,de-protonated,0,-9999,C73 H141 O1 N3,73,141,1,3,-9999,-9999,-9999,-9999,-9999
2007,1075.098708,1075.099157493,1075.099783889,8686314,-9999,370970.7,12.12,-1,-0.582640047,0.940262412,0,0.564157447,40,0.301886792,0.622641509,N4 S2 P1 O16,de-protonated,0,-9999,C53 H33 O16 N4 P1 S2,53,33,16,4,1,2,-9999,-9999,-9999
2008,1075.211144,1075.211593546,1075.212473912,19892972,-9999,255988.9,30.23,-1,-0.818783247,0.442731641,0.614510218,0.511443072,37,0.327586207,0.75862069,S1 O19,de-protonated,0,-9999,C58 H44 O19 S1,58,44,19,-9999,-9999,1,-9999,-9999,-9999
2008,1075.211144,1075.211593546,1075.211822463,19892972,-9999,255988.9,30.23,-1,-0.212904356,0.495904488,0.649019222,0.557150382,28,0.42,0.96,N2 S2 O21,de-protonated,0,-9999,C50 H48 O21 N2 S2,50,48,21,2,-9999,2,-9999,-9999,-9999
2008,1075.211144,1075.211593546,1075.211442341,19892972,-9999,255988.9,30.23,-1,0.140628376,0.49820902,0.640033642,0.554938869,33,0.346153846,0.865384615,N4 S1 P1 O18,de-protonated,0,-9999,C52 H45 O18 N4 P1 S1,52,45,18,4,1,1,-9999,-9999,-9999
2009,1076.758772,1076.759222275,1076.759378751,14387978,-9999,238786.8,21.33,-1,-0.145321847,0.49808771,0.587191358,0.533729169,13,0.138461538,1.646153846,N1 S1 O9,de-protonated,0,-9999,C65 H107 O9 N1 S1,65,107,9,1,-9999,1,-9999,-9999,-9999
2009,1076.758772,1076.759222275,1076.759511693,14387978,-9999,238786.8,21.33,-1,-0.268786473,0.493488288,0.631293472,0.548610362,0,0.314814815,2.074074074,N1 P1 O17,de-protonated,0,-9999,C54 H112 O17 N1 P1,54,112,17,1,1,-9999,-9999,-9999,-9999
2009,1076.758772,1076.759222275,1076.759868009,14387978,-9999,238786.8,21.33,-1,-0.599701039,0.468413593,0.576212942,0.511533332,17,0.014705882,1.588235294,N3 S2 P1 O1,de-protonated,0,-9999,C68 H108 O1 N3 P1 S2,68,108,1,3,1,2,-9999,-9999,-9999
2009,1076.758772,1076.759222275,1076.758998629,14387978,-9999,238786.8,21.33,-1,0.2077028,0.496101389,0.579826515,0.52959144,18,0.089552239,1.552238806,N3 P1 O6,de-protonated,0,-9999,C67 H104 O6 N3 P1,67,104,6,3,1,-9999,-9999,-9999,-9999
2009,1076.758772,1076.759222275,1076.758727303,14387978,-9999,238786.8,21.33,-1,0.459687028,0.481191723,0.618621811,0.536163758,4,0.192982456,1.947368421,N3 S2 O11,de-protonated,0,-9999,C57 H111 O11 N3 S2,57,111,11,3,-9999,2,-9999,-9999,-9999
2010,1077.079954,1077.080404426,1077.08110805,10816269,-9999,263621.6,15.56,-1,-0.653269819,0.462743448,0.569119254,0.505293771,0,0.042857143,2.057142857,N1 P1 O3,de-protonated,0,-9999,C70 H144 O3 N1 P1,70,144,3,1,1,-9999,-9999,-9999,-9999
2010,1077.079954,1077.080404426,1077.07945428,10816269,-9999,263621.6,15.56,-1,0.882150055,0.434157242,0.562198102,0.485373586,5,0.027777778,1.930555556,N3 O2,de-protonated,0,-9999,C72 H139 O2 N3,72,139,2,3,-9999,-9999,-9999,-9999,-9999
2011,1077.252492,1077.252942507,1077.253765354,12258062,-9999,202676.4,17.89,-1,-0.763837572,0.44977266,0.594745702,0.507761877,39,0.174603175,0.80952381,S2 P1 O11,de-protonated,0,-9999,C63 H51 O11 P1 S2,63,51,11,-9999,1,2,-9999,-9999,-9999
2011,1077.252492,1077.252942507,1077.252895974,12258062,-9999,202676.4,17.89,-1,0.043195957,0.499830747,0.598596236,0.539336943,40,0.258064516,0.758064516,P1 O16,de-protonated,0,-9999,C62 H47 O16 P1,62,47,16,-9999,1,-9999,-9999,-9999,-9999
2011,1077.252492,1077.252942507,1077.252624648,12258062,-9999,202676.4,17.89,-1,0.295064613,0.492163318,0.640033642,0.551311447,26,0.403846154,1.038461538,S2 O21,de-protonated,0,-9999,C52 H54 O21 S2,52,54,21,-9999,-9999,2,-9999,-9999,-9999
2011,1077.252492,1077.252942507,1077.252244525,12258062,-9999,202676.4,17.89,-1,0.647927774,0.463327456,0.631293472,0.530513862,31,0.333333333,0.944444444,N2 S1 P1 O18,de-protonated,0,-9999,C54 H51 O18 N2 P1 S1,54,51,18,2,1,1,-9999,-9999,-9999
2011,1077.252492,1077.252942507,1077.253962058,12258062,-9999,202676.4,17.89,-1,-0.946435499,0.424994924,0.635633513,0.509250359,31,0.320754717,0.943396226,N4 S2 O17,de-protonated,0,-9999,C53 H50 O17 N4 S2,53,50,17,4,-9999,2,-9999,-9999,-9999
2011,1077.252492,1077.252942507,1077.253092679,12258062,-9999,202676.4,17.89,-1,-0.139402265,0.498240059,0.640033642,0.554957492,32,0.423076923,0.884615385,N4 O22,de-protonated,0,-9999,C52 H46 O22 N4,52,46,22,4,-9999,-9999,-9999,-9999,-9999
2012,1077.257148,1077.257598509,1077.25798481,11569934,-9999,356093.3,16.78,-1,-0.358596738,0.488468662,0.614510218,0.538885284,35,0.25862069,0.862068966,N2 S2 O15,de-protonated,0,-9999,C58 H50 O15 N2 S2,58,50,15,2,-9999,2,-9999,-9999,-9999
2012,1077.257148,1077.257598509,1077.257115431,11569934,-9999,356093.3,16.78,-1,0.448433957,0.482084801,0.618621811,0.536699605,36,0.350877193,0.807017544,N2 O20,de-protonated,0,-9999,C57 H46 O20 N2,57,46,20,2,-9999,-9999,-9999,-9999,-9999
2012,1077.257148,1077.257598509,1077.258117752,11569934,-9999,356093.3,16.78,-1,-0.482004192,0.958720575,0,0.575232345,22,0.489361702,1.170212766,N2 S1 P1 O23,de-protonated,0,-9999,C47 H55 O23 N2 P1 S1,47,55,23,2,1,1,-9999,-9999,-9999
2012,1077.257148,1077.257598509,1077.257604688,11569934,-9999,356093.3,16.78,-1,-0.005735563,0.499997015,0.606448844,0.542577747,40,0.2,0.783333333,N4 S1 P1 O12,de-protonated,0,-9999,C60 H47 O12 N4 P1 S1,60,47,12,4,1,1,-9999,-9999,-9999
2012,1077.257148,1077.257598509,1077.257466303,11569934,-9999,356093.3,16.78,-1,0.122724376,0.997270883,0,0.59836253,13,0.641025641,1.512820513,N4 S2 P1 O25,de-protonated,0,-9999,C39 H59 O25 N4 P1 S2,39,59,25,4,1,2,-9999,-9999,-9999
2013,1077.311045,1077.311495535,1077.311280231,14174990,-9999,207247.8,20.99,-1,0.199852407,0.496389479,0.602496955,0.53883247,33,0.196721311,0.967213115,S2 P1 O12,de-protonated,0,-9999,C61 H59 O12 P1 S2,61,59,12,-9999,1,2,-9999,-9999,-9999
2013,1077.311045,1077.311495535,1077.312128384,14174990,-9999,207247.8,20.99,-1,-0.587434135,0.469652938,0.610452919,0.52597293,34,0.271186441,0.915254237,N2 S1 O16,de-protonated,0,-9999,C59 H54 O16 N2 S1,59,54,16,2,-9999,1,-9999,-9999,-9999
2013,1077.311045,1077.311495535,1077.312261326,14174990,-9999,207247.8,20.99,-1,-0.71083535900000006,0.456196872,0.658260696,0.537022401,21,0.5,1.229166667,N2 P1 O24,de-protonated,0,-9999,C48 H59 O24 N2 P1,48,59,24,2,1,-9999,-9999,-9999,-9999
2013,1077.311045,1077.311495535,1077.311748262,14174990,-9999,207247.8,20.99,-1,-0.234590775,0.495032028,0.602496955,0.538017999,39,0.213114754,0.836065574,N4 P1 O13,de-protonated,0,-9999,C61 H51 O13 N4 P1,61,51,13,4,1,-9999,-9999,-9999,-9999
2013,1077.311045,1077.311495535,1077.311476936,14174990,-9999,207247.8,20.99,-1,0.017264053,0.499972961,0.644495114,0.557781822,25,0.352941176,1.137254902,N4 S2 O18,de-protonated,0,-9999,C51 H58 O18 N4 S2,51,58,18,4,-9999,2,-9999,-9999,-9999
2013,1077.311045,1077.311495535,1077.310607556,14174990,-9999,207247.8,20.99,-1,0.824254979,0.442010014,0.649019222,0.524813697,26,0.46,1.08,N4 O23,de-protonated,0,-9999,C50 H54 O23 N4,50,54,23,4,-9999,-9999,-9999,-9999,-9999
2014,1078.336084,1078.336535017,1078.33590078,12913424,-9999,204891.3,18.95,-1,0.588162762,0.469579948,0.618621811,0.529196693,28,0.280701754,1.070175439,N1 S2 O16,de-protonated,0,-9999,C57 H61 O16 N1 S2,57,61,16,1,-9999,2,-9999,-9999,-9999
2014,1078.336084,1078.336535017,1078.336033722,12913424,-9999,204891.3,18.95,-1,0.46487855,0.480772819,0.667769153,0.555571352,15,0.52173913,1.434782609,N1 S1 P1 O24,de-protonated,0,-9999,C46 H66 O24 N1 P1 S1,46,66,24,1,1,1,-9999,-9999,-9999
2014,1078.336084,1078.336535017,1078.335520658,12913424,-9999,204891.3,18.95,-1,0.940671546,0.425834544,0.610452919,0.499681894,33,0.220338983,0.983050847,N3 S1 P1 O13,de-protonated,0,-9999,C59 H58 O13 N3 P1 S1,59,58,13,3,1,1,-9999,-9999,-9999
2015,1078.86279,1078.863241265,1078.863055976,13437710,-9999,311056.5,19.8,-1,0.171744985,0.497331112,0.565637507,0.52465367,14,0.056338028,1.647887324,N1 S1 O4,de-protonated,0,-9999,C71 H117 O4 N1 S1,71,117,4,1,-9999,1,-9999,-9999,-9999
2015,1078.86279,1078.863241265,1078.864058297,13437710,-9999,311056.5,19.8,-1,-0.757307906,0.450583995,0.602496955,0.511349179,0,0.114754098,2.06557377,N1 S2 P1 O7,de-protonated,0,-9999,C61 H126 O7 N1 P1 S2,61,126,7,1,1,2,-9999,-9999,-9999
2015,1078.86279,1078.863241265,1078.863188917,13437710,-9999,311056.5,19.8,-1,0.048521064,0.499786454,0.606448844,0.54245141,1,0.2,2.033333333,N1 P1 O12,de-protonated,0,-9999,C60 H122 O12 N1 P1,60,122,12,1,1,-9999,-9999,-9999,-9999
2015,1078.86279,1078.863241265,1078.862675853,13437710,-9999,311056.5,19.8,-1,0.52408138,0.475692277,0.558800271,0.508935474,19,0.01369863,1.561643836,N3 P1 O1,de-protonated,0,-9999,C73 H114 O1 N3 P1,73,114,1,3,1,-9999,-9999,-9999,-9999
2015,1078.86279,1078.863241265,1078.862404527,13437710,-9999,311056.5,19.8,-1,0.775574342,0.448300556,0.594745702,0.506878614,5,0.095238095,1.920634921,N3 S2 O6,de-protonated,0,-9999,C63 H121 O6 N3 S2,63,121,6,3,-9999,2,-9999,-9999,-9999
2016,1079.189334,1079.189785419,1079.189630467,15698699,-9999,227151.1,23.45,-1,0.143581693,0.498133148,0.618621811,0.546328613,36,0.315789474,0.771929825,S2 O18,de-protonated,0,-9999,C57 H44 O18 S2,57,44,18,-9999,-9999,2,-9999,-9999,-9999
2016,1079.189334,1079.189785419,1079.188761087,15698699,-9999,227151.1,23.45,-1,0.949168284,0.424595635,0.622788794,0.503872899,37,0.410714286,0.714285714,O23,de-protonated,0,-9999,C56 H40 O23,56,40,23,-9999,-9999,-9999,-9999,-9999,-9999
2017,1079.303625,1079.304076473,1079.304931548,11995914,-9999,348959.7,17.47,-1,-0.792246268,0.446179384,0.594745702,0.505605911,38,0.238095238,0.841269841,P1 O15,de-protonated,0,-9999,C63 H53 O15 P1,63,53,15,-9999,1,-9999,-9999,-9999,-9999
2017,1079.303625,1079.304076473,1079.304660222,11995914,-9999,348959.7,17.47,-1,-0.540856689,0.474152807,0.635633513,0.53874509,24,0.377358491,1.132075472,S2 O20,de-protonated,0,-9999,C53 H60 O20 S2,53,60,20,-9999,-9999,2,-9999,-9999,-9999
2017,1079.303625,1079.304076473,1079.303790842,11995914,-9999,348959.7,17.47,-1,0.264643493,0.493686216,0.640033642,0.552225187,25,0.480769231,1.076923077,O25,de-protonated,0,-9999,C52 H56 O25,52,56,25,-9999,-9999,-9999,-9999,-9999,-9999
2017,1079.303625,1079.304076473,1079.304280099,11995914,-9999,348959.7,17.47,-1,-0.188664706,0.49678113,0.627012296,0.548873596,29,0.309090909,1.036363636,N2 S1 P1 O17,de-protonated,0,-9999,C55 H57 O17 N2 P1 S1,55,57,17,2,1,1,-9999,-9999,-9999
2017,1079.303625,1079.304076473,1079.30362865,11995914,-9999,348959.7,17.47,-1,0.414917585,0.969245263,0,0.581547158,20,0.404255319,1.29787234,N4 S2 P1 O19,de-protonated,0,-9999,C47 H61 O19 N4 P1 S2,47,61,19,4,1,2,-9999,-9999,-9999
2017,1079.303625,1079.304076473,1079.305128252,11995914,-9999,348959.7,17.47,-1,-0.974497171,0.420858347,0.635633513,0.506768413,30,0.396226415,0.981132075,N4 O21,de-protonated,0,-9999,C53 H52 O21 N4,53,52,21,4,-9999,-9999,-9999,-9999,-9999
2018,1079.308119,1079.308570475,1079.308302851,22874890,-9999,296233.6,35.04,-1,0.247958336,0.494452964,0.606448844,0.539251316,33,0.25,0.95,S1 P1 O15,de-protonated,0,-9999,C60 H57 O15 P1 S1,60,57,15,-9999,1,1,-9999,-9999,-9999
2018,1079.308119,1079.308570475,1079.307651402,22874890,-9999,296233.6,35.04,-1,0.851538641,0.438358198,0.640033642,0.519028375,24,0.326923077,1.173076923,N2 S2 P1 O17,de-protonated,0,-9999,C52 H61 O17 N2 P1 S2,52,61,17,2,1,2,-9999,-9999,-9999
2018,1079.308119,1079.308570475,1079.309151004,22874890,-9999,296233.6,35.04,-1,-0.537871544,0.474429933,0.614510218,0.530462047,34,0.327586207,0.896551724,N2 O19,de-protonated,0,-9999,C58 H52 O19 N2,58,52,19,2,-9999,-9999,-9999,-9999,-9999
2018,1079.308119,1079.308570475,1079.309640262,22874890,-9999,296233.6,35.04,-1,-0.991177128,0.418361999,0.602496955,0.492015982,38,0.180327869,0.868852459,N4 S1 P1 O11,de-protonated,0,-9999,C61 H53 O11 N4 P1 S1,61,53,11,4,1,1,-9999,-9999,-9999
2018,1079.308119,1079.308570475,1079.308499556,22874890,-9999,296233.6,35.04,-1,0.065707813,0.49960845,0.649019222,0.559372758,25,0.42,1.12,N4 S1 O21,de-protonated,0,-9999,C50 H56 O21 N4 S1,50,56,21,4,-9999,1,-9999,-9999,-9999
2018,1079.308119,1079.308570475,1079.309501877,22874890,-9999,296233.6,35.04,-1,-0.862961549,0.436803215,0.698017357,0.541288872,11,0.6,1.625,N4 S2 P1 O24,de-protonated,0,-9999,C40 H65 O24 N4 P1 S2,40,65,24,4,1,2,-9999,-9999,-9999
2019,1079.362577,1079.3630285,1079.363315805,10849033,-9999,226318.6,15.62,-1,-0.266179914,0.493613164,0.598596236,0.535606393,31,0.177419355,1.048387097,S2 P1 O11,de-protonated,0,-9999,C62 H65 O11 P1 S2,62,65,11,-9999,1,2,-9999,-9999,-9999
2019,1079.362577,1079.3630285,1079.362446425,10849033,-9999,226318.6,15.62,-1,0.539276716,0.474299655,0.602496955,0.525578575,32,0.262295082,1,P1 O16,de-protonated,0,-9999,C61 H61 O16 P1,61,61,16,-9999,1,-9999,-9999,-9999,-9999
2019,1079.362577,1079.3630285,1079.362175099,10849033,-9999,226318.6,15.62,-1,0.790653235,0.892767154,0,0.535660292,18,0.411764706,1.333333333,S2 O21,de-protonated,0,-9999,C51 H68 O21 S2,51,68,21,-9999,-9999,2,-9999,-9999,-9999
2019,1079.362577,1079.3630285,1079.363783836,10849033,-9999,226318.6,15.62,-1,-0.69979695,0.457487616,0.598596236,0.513931064,37,0.193548387,0.919354839,N4 P1 O12,de-protonated,0,-9999,C62 H57 O12 N4 P1,62,57,12,4,1,-9999,-9999,-9999,-9999
2019,1079.362577,1079.3630285,1079.36351251,10849033,-9999,226318.6,15.62,-1,-0.448421054,0.964171627,0,0.578502976,23,0.326923077,1.230769231,N4 S2 O17,de-protonated,0,-9999,C52 H64 O17 N4 S2,52,64,17,4,-9999,2,-9999,-9999,-9999
2019,1079.362577,1079.3630285,1079.36264313,10849033,-9999,226318.6,15.62,-1,0.357035282,0.977135424,0,0.586281254,24,0.431372549,1.176470588,N4 O22,de-protonated,0,-9999,C51 H60 O22 N4,51,60,22,4,-9999,-9999,-9999,-9999,-9999
2019,1079.362577,1079.3630285,1079.363645451,10849033,-9999,226318.6,15.62,-1,-0.571587765,0.942441371,0,0.565464823,10,0.609756098,1.682926829,N4 S1 P1 O25,de-protonated,0,-9999,C41 H69 O25 N4 P1 S1,41,69,25,4,1,1,-9999,-9999,-9999
2020,1081.480137,1081.480589497,1081.481379791,47123172,-9999,228355.9,74.22,-1,-0.730751276,0.302551,0.485764205,0.375836282,37,0.112676056,1,P1 O8,de-protonated,0,-9999,C71 H71 O8 P1,71,71,8,-9999,1,-9999,-9999,-9999,-9999
2020,1081.480137,1081.480589497,1081.481108465,47123172,-9999,228355.9,74.22,-1,-0.479867595,0.319692716,0.533665548,0.405281849,23,0.213114754,1.278688525,S2 O13,de-protonated,0,-9999,C61 H78 O13 S2,61,78,13,-9999,-9999,2,-9999,-9999,-9999
2020,1081.480137,1081.480589497,1081.480239085,47123172,-9999,228355.9,74.22,-1,0.32401159,0.327043723,0.538793609,0.411743677,24,0.3,1.233333333,O18,de-protonated,0,-9999,C60 H74 O18,60,74,18,-9999,-9999,-9999,-9999,-9999,-9999
2020,1081.480137,1081.480589497,1081.481241407,47123172,-9999,228355.9,74.22,-1,-0.602793136,0.312065117,0.59379359,0.424756506,10,0.42,1.66,S1 P1 O21,de-protonated,0,-9999,C50 H83 O21 P1 S1,50,83,21,-9999,1,1,-9999,-9999,-9999
2020,1081.480137,1081.480589497,1081.480728342,47123172,-9999,228355.9,74.22,-1,-0.128384367,0.332337911,0.523600568,0.408842973,28,0.158730159,1.19047619,N2 S1 P1 O10,de-protonated,0,-9999,C63 H75 O10 N2 P1 S1,63,75,10,2,1,1,-9999,-9999,-9999
2020,1081.480137,1081.480589497,1081.479587636,47123172,-9999,228355.9,74.22,-1,0.92637977,0.285267533,0.582230334,0.404052653,15,0.384615385,1.5,N2 S1 O20,de-protonated,0,-9999,C52 H78 O20 N2 S1,52,78,20,2,-9999,1,-9999,-9999,-9999
2020,1081.480137,1081.480589497,1081.480589958,47123172,-9999,228355.9,74.22,-1,-4.26072e-4,0.499999984,0.68763467,0.575053858,1,0.547619048,2.071428571,N2 S2 P1 O23,de-protonated,0,-9999,C42 H87 O23 N2 P1 S2,42,87,23,2,1,2,-9999,-9999,-9999
2020,1081.480137,1081.480589497,1081.480076894,47123172,-9999,228355.9,74.22,-1,0.473983268,0.320018467,0.565425266,0.418181187,19,0.218181818,1.436363636,N4 S2 P1 O12,de-protonated,0,-9999,C55 H79 O12 N4 P1 S2,55,79,12,4,1,2,-9999,-9999,-9999
2020,1081.480137,1081.480589497,1081.481576495,47123172,-9999,228355.9,74.22,-1,-0.912635416,0.286578863,0.533665548,0.385413537,29,0.229508197,1.147540984,N4 O14,de-protonated,0,-9999,C61 H70 O14 N4,61,70,14,4,-9999,-9999,-9999,-9999,-9999
2021,1082.339551,1082.340003902,1082.340198314,9800397,-9999,298164,13.92,-1,-0.179622363,0.497081404,0.579826515,0.530179448,40,0.134328358,0.850746269,N1 S2 O9,de-protonated,0,-9999,C67 H57 O9 N1 S2,67,57,9,1,-9999,2,-9999,-9999,-9999
2021,1082.339551,1082.340003902,1082.340331256,9800397,-9999,298164,13.92,-1,-0.30245037,0.983538751,0,0.59012325,27,0.303571429,1.107142857,N1 S1 P1 O17,de-protonated,0,-9999,C56 H62 O17 N1 P1 S1,56,62,17,1,1,1,-9999,-9999,-9999
2021,1082.339551,1082.340003902,1082.339679807,9800397,-9999,298164,13.92,-1,0.299438755,0.983862294,0,0.590317377,18,0.395833333,1.375,N3 S2 P1 O19,de-protonated,0,-9999,C48 H66 O19 N3 P1 S2,48,66,19,3,1,2,-9999,-9999,-9999
2022,1083.162268,1083.162721289,1083.163415718,10422963,-9999,278027.2,14.93,-1,-0.641112351,0.464066631,0.610452919,0.522621146,40,0.288135593,0.677966102,S2 O17,de-protonated,0,-9999,C59 H40 O17 S2,59,40,17,-9999,-9999,2,-9999,-9999,-9999
2022,1083.162268,1083.162721289,1083.16354866,10422963,-9999,278027.2,14.93,-1,-0.763846951,0.899542981,0,0.539725789,27,0.520833333,0.9375,S1 P1 O25,de-protonated,0,-9999,C48 H45 O25 P1 S1,48,45,25,-9999,1,1,-9999,-9999,-9999
2022,1083.162268,1083.162721289,1083.16189489,10422963,-9999,278027.2,14.93,-1,0.762950682,0.899766364,0,0.539859818,32,0.48,0.8,N2 S1 O24,de-protonated,0,-9999,C50 H40 O24 N2 S1,50,40,24,2,-9999,1,-9999,-9999,-9999
2022,1083.162268,1083.162721289,1083.162789983,10422963,-9999,278027.2,14.93,-1,-0.063419723,0.499635234,0.558800271,0.523301249,1,0.01369863,2.04109589,N3 O1,de-protonated,0,-9999,C73 H149 O1 N3,73,149,1,3,-9999,-9999,-9999,-9999,-9999
2022,1083.162268,1083.162721289,1083.162384147,10422963,-9999,278027.2,14.93,-1,0.311256891,0.982574704,0,0.589544823,36,0.301886792,0.773584906,N4 S2 P1 O16,de-protonated,0,-9999,C53 H41 O16 N4 P1 S2,53,41,16,4,1,2,-9999,-9999,-9999
2023,1083.547272,1083.54772547,1083.548671506,17042086,-9999,344223.4,25.62,-1,-0.873090388,0.435411759,0.548848821,0.480786584,39,0.052631579,1.013157895,P1 O4,de-protonated,0,-9999,C76 H77 O4 P1,76,77,4,-9999,1,-9999,-9999,-9999,-9999
2023,1083.547272,1083.54772547,1083.54840018,17042086,-9999,344223.4,25.62,-1,-0.622685401,0.466031724,0.583485697,0.513013313,25,0.136363636,1.272727273,S2 O9,de-protonated,0,-9999,C66 H84 O9 S2,66,84,9,-9999,-9999,2,-9999,-9999,-9999
2023,1083.547272,1083.54772547,1083.5475308,17042086,-9999,344223.4,25.62,-1,0.179659955,0.497080186,0.587191358,0.533124655,26,0.215384615,1.230769231,O14,de-protonated,0,-9999,C65 H80 O14,65,80,14,-9999,-9999,-9999,-9999,-9999,-9999
2023,1083.547272,1083.54772547,1083.548533122,17042086,-9999,344223.4,25.62,-1,-0.745376395,0.452052243,0.627012296,0.522036264,12,0.309090909,1.618181818,S1 P1 O17,de-protonated,0,-9999,C55 H89 O17 P1 S1,55,89,17,-9999,1,1,-9999,-9999,-9999
2023,1083.547272,1083.54772547,1083.548020057,17042086,-9999,344223.4,25.62,-1,-0.271872814,0.49333889399999997,0.576212942,0.526488513,30,0.088235294,1.191176471,N2 S1 P1 O6,de-protonated,0,-9999,C68 H81 O6 N2 P1 S1,68,81,6,2,1,1,-9999,-9999,-9999
2023,1083.547272,1083.54772547,1083.546879351,17042086,-9999,344223.4,25.62,-1,0.780878794,0.447629475,0.618621811,0.51602641,17,0.280701754,1.473684211,N2 S1 O16,de-protonated,0,-9999,C57 H84 O16 N2 S1,57,84,16,2,-9999,1,-9999,-9999,-9999
2023,1083.547272,1083.54772547,1083.547881673,17042086,-9999,344223.4,25.62,-1,-0.144158669,0.498118142,0.662980834,0.564063219,3,0.404255319,1.978723404,N2 S2 P1 O19,de-protonated,0,-9999,C47 H93 O19 N2 P1 S2,47,93,19,2,1,2,-9999,-9999,-9999
2023,1083.547272,1083.54772547,1083.547012293,17042086,-9999,344223.4,25.62,-1,0.658187455,0.462202257,0.667769153,0.544429015,4,0.52173913,1.934782609,N2 P1 O24,de-protonated,0,-9999,C46 H89 O24 N2 P1,46,89,24,2,1,-9999,-9999,-9999,-9999
2023,1083.547272,1083.54772547,1083.547368609,17042086,-9999,344223.4,25.62,-1,0.329345482,0.490255479,0.606448844,0.536732825,21,0.133333333,1.416666667,N4 S2 P1 O8,de-protonated,0,-9999,C60 H85 O8 N4 P1 S2,60,85,8,4,1,2,-9999,-9999,-9999
2023,1083.547272,1083.54772547,1083.548729826,17042086,-9999,344223.4,25.62,-1,-0.926913541,0.4278245,0.672627142,0.525745557,4,0.511111111,1.955555556,N4 S1 O23,de-protonated,0,-9999,C45 H88 O23 N4 S1,45,88,23,4,-9999,1,-9999,-9999,-9999
2024,1083.551232,1083.551685472,1083.5520428090001,21170854,-9999,333740.8,32.29,-1,-0.329783316,0.326819872,0.476878192,0.3868432,34,0.054794521,1.109589041,S1 P1 O4,de-protonated,0,-9999,C73 H81 O4 P1 S1,73,81,4,-9999,1,1,-9999,-9999,-9999
2024,1083.551232,1083.551685472,1083.550902103,21170854,-9999,333740.8,32.29,-1,0.722964323,0.454759619,0.598596236,0.512294266,21,0.225806452,1.35483871,S1 O14,de-protonated,0,-9999,C62 H84 O14 S1,62,84,14,-9999,-9999,1,-9999,-9999,-9999
2024,1083.551232,1083.551685472,1083.551904425,21170854,-9999,333740.8,32.29,-1,-0.202069652,0.49630922,0.640033642,0.553798989,7,0.326923077,1.788461538,S2 P1 O17,de-protonated,0,-9999,C52 H93 O17 P1 S2,52,93,17,-9999,1,2,-9999,-9999,-9999
2024,1083.551232,1083.551685472,1083.551035045,21170854,-9999,333740.8,32.29,-1,0.600273446,0.468355217,0.644495114,0.538811176,8,0.431372549,1.745098039,P1 O22,de-protonated,0,-9999,C51 H89 O22 P1,51,89,22,-9999,1,-9999,-9999,-9999,-9999
2024,1083.551232,1083.551685472,1083.551391361,21170854,-9999,333740.8,32.29,-1,0.271432713,0.493360299,0.587191358,0.530892722,25,0.092307692,1.307692308,N2 S2 P1 O6,de-protonated,0,-9999,C65 H85 O6 N2 P1 S2,65,85,6,2,1,2,-9999,-9999,-9999
2024,1083.551232,1083.551685472,1083.552752578,21170854,-9999,333740.8,32.29,-1,-0.984821572,0.419316423,0.649019222,0.511197542,8,0.42,1.76,N2 S1 O21,de-protonated,0,-9999,C50 H88 O21 N2 S1,50,88,21,2,-9999,1,-9999,-9999,-9999
2024,1083.551232,1083.551685472,1083.552239514,21170854,-9999,333740.8,32.29,-1,-0.511319949,0.476834126,0.594745702,0.523998756,26,0.158730159,1.26984127,N4 S1 O10,de-protonated,0,-9999,C63 H80 O10 N4 S1,63,80,10,4,-9999,1,-9999,-9999,-9999
2024,1083.551232,1083.551685472,1083.552372456,21170854,-9999,333740.8,32.29,-1,-0.634010523,0.464829787,0.640033642,0.534911329,13,0.346153846,1.634615385,N4 P1 O18,de-protonated,0,-9999,C52 H85 O18 N4 P1,52,85,18,4,1,-9999,-9999,-9999,-9999
2025,1084.58478,1084.585233959,1084.586179214,12946048,-9999,250021.9,19,-1,-0.871535963,0.435626064,0.572644131,0.490433291,29,0.115942029,1.217391304,N1 P1 O8,de-protonated,0,-9999,C69 H84 O8 N1 P1,69,84,8,1,1,-9999,-9999,-9999,-9999
2025,1084.58478,1084.585233959,1084.585907888,12946048,-9999,250021.9,19,-1,-0.621370512,0.466170069,0.610452919,0.523883209,15,0.220338983,1.542372881,N1 S2 O13,de-protonated,0,-9999,C59 H91 O13 N1 S2,59,91,13,1,-9999,2,-9999,-9999,-9999
2025,1084.58478,1084.585233959,1084.585038508,12946048,-9999,250021.9,19,-1,0.180207326,0.497062419,0.614510218,0.544041539,16,0.310344828,1.5,N1 O18,de-protonated,0,-9999,C58 H87 O18 N1,58,87,18,1,-9999,-9999,-9999,-9999,-9999
2025,1084.58478,1084.585233959,1084.58604083,12946048,-9999,250021.9,19,-1,-0.743944141,0.452227241,0.658260696,0.534640623,2,0.4375,2,N1 S1 P1 O21,de-protonated,0,-9999,C48 H96 O21 N1 P1 S1,48,96,21,1,1,1,-9999,-9999,-9999
2025,1084.58478,1084.585233959,1084.585394824,12946048,-9999,250021.9,19,-1,-0.148319765,0.498008156,0.562198102,0.523684134,33,0.027777778,1.152777778,N3 S2 O2,de-protonated,0,-9999,C72 H83 O2 N3 S2,72,83,2,3,-9999,2,-9999,-9999,-9999
2025,1084.58478,1084.585233959,1084.584525444,12946048,-9999,250021.9,19,-1,0.653258831,0.462744654,0.565637507,0.503901795,34,0.098591549,1.112676056,N3 O7,de-protonated,0,-9999,C71 H79 O7 N3,71,79,7,3,-9999,-9999,-9999,-9999,-9999
2025,1084.58478,1084.585233959,1084.585527766,12946048,-9999,250021.9,19,-1,-0.27089351,0.493386477,0.602496955,0.537030668,20,0.163934426,1.442622951,N3 S1 P1 O10,de-protonated,0,-9999,C61 H88 O10 N3 P1 S1,61,88,10,3,1,1,-9999,-9999,-9999
2025,1084.58478,1084.585233959,1084.58438706,12946048,-9999,250021.9,19,-1,0.780851043,0.447632995,0.649019222,0.528187486,7,0.4,1.82,N3 S1 O20,de-protonated,0,-9999,C50 H91 O20 N3 S1,50,91,20,3,-9999,1,-9999,-9999,-9999
2026,1085.622416,1085.622870447,1085.621836448,23497302,-9999,220779.6,36.05,-1,0.952448638,0.282743546,0.472516812,0.358652852,32,0.067567568,1.175675676,P1 O5,de-protonated,0,-9999,C74 H87 O5 P1,74,87,5,-9999,1,-9999,-9999,-9999,-9999
2026,1085.622416,1085.622870447,1085.623553981,23497302,-9999,220779.6,36.05,-1,-0.629623407,0.310198396,0.476878192,0.376870314,32,0.054794521,1.178082192,N2 S1 O4,de-protonated,0,-9999,C73 H86 O4 N2 S1,73,86,4,2,-9999,1,-9999,-9999,-9999
2026,1085.622416,1085.622870447,1085.623686923,23497302,-9999,220779.6,36.05,-1,-0.752079879,0.451229618,0.598596236,0.510176265,19,0.193548387,1.467741935,N2 P1 O12,de-protonated,0,-9999,C62 H91 O12 N2 P1,62,91,12,2,1,-9999,-9999,-9999,-9999
2026,1085.622416,1085.622870447,1085.623415597,23497302,-9999,220779.6,36.05,-1,-0.502153475,0.477638581,0.640033642,0.542596605,5,0.326923077,1.884615385,N2 S2 O17,de-protonated,0,-9999,C52 H98 O17 N2 S2,52,98,17,2,-9999,2,-9999,-9999,-9999
2026,1085.622416,1085.622870447,1085.622546217,23497302,-9999,220779.6,36.05,-1,0.298658406,0.491972809,0.644495114,0.552981731,6,0.431372549,1.843137255,N2 O22,de-protonated,0,-9999,C51 H94 O22 N2,51,94,22,2,-9999,-9999,-9999,-9999,-9999
2026,1085.622416,1085.622870447,1085.623173858,23497302,-9999,220779.6,36.05,-1,-0.279481397,0.328642344,0.468208839,0.384468942,37,0.013333333,1.106666667,N4 P1 O1,de-protonated,0,-9999,C75 H83 O1 N4 P1,75,83,1,4,1,-9999,-9999,-9999,-9999
2026,1085.622416,1085.622870447,1085.622902532,23497302,-9999,220779.6,36.05,-1,-0.029554757,0.49992076,0.587191358,0.534828999,23,0.092307692,1.384615385,N4 S2 O6,de-protonated,0,-9999,C65 H90 O6 N4 S2,65,90,6,4,-9999,2,-9999,-9999,-9999
2026,1085.622416,1085.622870447,1085.622033152,23497302,-9999,220779.6,36.05,-1,0.771257881,0.448844003,0.590944388,0.505684157,24,0.171875,1.34375,N4 O11,de-protonated,0,-9999,C64 H86 O11 N4,64,86,11,4,-9999,-9999,-9999,-9999,-9999
2026,1085.622416,1085.622870447,1085.623035474,23497302,-9999,220779.6,36.05,-1,-0.152011375,0.49790797999999997,0.631293472,0.551262177,10,0.259259259,1.759259259,N4 S1 P1 O14,de-protonated,0,-9999,C54 H95 O14 N4 P1 S1,54,95,14,4,1,1,-9999,-9999,-9999
2027,1087.647353,1087.6478084,1087.646731043,13076990,-9999,311306.1,19.22,-1,0.990540093,0.418457842,0.590944388,0.487452461,17,0.15625,1.515625,S1 P1 O10,de-protonated,0,-9999,C64 H97 O10 P1 S1,64,97,10,-9999,1,1,-9999,-9999,-9999
2027,1087.647353,1087.6478084,1087.64809226,13076990,-9999,311306.1,19.22,-1,-0.260984898,0.493858512,0.653607294,0.557758025,0,0.510204082,2.040816327,O25,de-protonated,0,-9999,C49 H100 O25,49,100,25,-9999,-9999,-9999,-9999,-9999,-9999
2027,1087.647353,1087.6478084,1087.648719902,13076990,-9999,311306.1,19.22,-1,-0.838047698,0.440174985,0.558800271,0.4876251,31,0.054794521,1.219178082,N2 P1 O4,de-protonated,0,-9999,C73 H89 O4 N2 P1,73,89,4,2,1,-9999,-9999,-9999,-9999
2027,1087.647353,1087.6478084,1087.648448576,13076990,-9999,311306.1,19.22,-1,-0.58858664,0.46953745,0.594745702,0.519620751,17,0.142857143,1.523809524,N2 S2 O9,de-protonated,0,-9999,C63 H96 O9 N2 S2,63,96,9,2,-9999,2,-9999,-9999,-9999
2027,1087.647353,1087.6478084,1087.647579196,13076990,-9999,311306.1,19.22,-1,0.210734183,0.495987221,0.598596236,0.537030827,18,0.225806452,1.483870968,N2 O14,de-protonated,0,-9999,C62 H92 O14 N2,62,92,14,2,-9999,-9999,-9999,-9999,-9999
2027,1087.647353,1087.6478084,1087.648581517,13076990,-9999,311306.1,19.22,-1,-0.710815137,0.456199252,0.640033642,0.529733008,4,0.326923077,1.942307692,N2 S1 P1 O17,de-protonated,0,-9999,C52 H101 O17 N2 P1 S1,52,101,17,2,1,1,-9999,-9999,-9999
2027,1087.647353,1087.6478084,1087.647066131,13076990,-9999,311306.1,19.22,-1,0.682453708,0.459481937,0.552126353,0.496539704,36,0.04,1.12,N4 O3,de-protonated,0,-9999,C75 H84 O3 N4,75,84,3,4,-9999,-9999,-9999,-9999,-9999
2027,1087.647353,1087.6478084,1087.648068453,13076990,-9999,311306.1,19.22,-1,-0.239096481,0.494840356,0.587191358,0.531780757,22,0.092307692,1.430769231,N4 S1 P1 O6,de-protonated,0,-9999,C65 H93 O6 N4 P1 S1,65,93,6,4,1,1,-9999,-9999,-9999
2027,1087.647353,1087.6478084,1087.646927747,13076990,-9999,311306.1,19.22,-1,0.809686656,0.443923257,0.631293472,0.518871343,9,0.296296296,1.777777778,N4 S1 O16,de-protonated,0,-9999,C54 H96 O16 N4 S1,54,96,16,4,-9999,1,-9999,-9999,-9999
2028,1087.763888,1087.764343455,1087.764129779,10488313,-9999,206800.2,15.03,-1,0.196435978,0.496511438,0.579826515,0.529837469,14,0.134328358,1.611940299,S1 O9,de-protonated,0,-9999,C67 H108 O9 S1,67,108,9,-9999,-9999,1,-9999,-9999,-9999
2028,1087.763888,1087.764343455,1087.765132101,10488313,-9999,206800.2,15.03,-1,-0.725014588,0.454514717,0.618621811,0.520157555,0,0.210526316,2.052631579,S2 P1 O12,de-protonated,0,-9999,C57 H117 O12 P1 S2,57,117,12,-9999,1,2,-9999,-9999,-9999
2028,1087.763888,1087.764343455,1087.764262721,10488313,-9999,206800.2,15.03,-1,0.074220384,0.49950048,0.622788794,0.548815806,1,0.303571429,2.017857143,P1 O17,de-protonated,0,-9999,C56 H113 O17 P1,56,113,17,-9999,1,-9999,-9999,-9999,-9999
2028,1087.763888,1087.764343455,1087.764619036,10488313,-9999,206800.2,15.03,-1,-0.253346482,0.494210686,0.569119254,0.524174113,18,0.014285714,1.557142857,N2 S2 P1 O1,de-protonated,0,-9999,C70 H109 O1 N2 P1 S2,70,109,1,2,1,2,-9999,-9999,-9999
2028,1087.763888,1087.764343455,1087.763749657,10488313,-9999,206800.2,15.03,-1,0.545889244,0.473682509,0.572644131,0.513267158,19,0.086956522,1.52173913,N2 P1 O6,de-protonated,0,-9999,C69 H105 O6 N2 P1,69,105,6,2,1,-9999,-9999,-9999,-9999
2028,1087.763888,1087.764343455,1087.76347833,10488313,-9999,206800.2,15.03,-1,0.795324267,0.445783952,0.610452919,0.511651538,5,0.186440678,1.898305085,N2 S2 O11,de-protonated,0,-9999,C59 H112 O11 N2 S2,59,112,11,2,-9999,2,-9999,-9999,-9999
2029,1087.819456,1087.819911481,1087.819142733,21367286,-9999,384982.7,32.61,-1,0.706687517,0.456683828,0.572644131,0.503067949,12,0.072463768,1.68115942,S2 O5,de-protonated,0,-9999,C69 H116 O5 S2,69,116,5,-9999,-9999,2,-9999,-9999,-9999
2029,1087.819456,1087.819911481,1087.820123828,21367286,-9999,384982.7,32.61,-1,-0.195203864,0.496554913,0.622788794,0.547048466,0,0.303571429,2.071428571,N2 O17,de-protonated,0,-9999,C56 H116 O17 N2,56,116,17,2,-9999,-9999,-9999,-9999,-9999
2029,1087.819456,1087.819911481,1087.820480144,21367286,-9999,384982.7,32.61,-1,-0.52275382,0.475812245,0.569119254,0.513135049,17,0.014285714,1.6,N4 S2 O1,de-protonated,0,-9999,C70 H112 O1 N4 S2,70,112,1,4,-9999,2,-9999,-9999,-9999
2029,1087.819456,1087.819911481,1087.819610764,21367286,-9999,384982.7,32.61,-1,0.276440648,0.493114744,0.572644131,0.524926498,18,0.086956522,1.565217391,N4 O6,de-protonated,0,-9999,C69 H108 O6 N4,69,108,6,4,-9999,-9999,-9999,-9999,-9999
2029,1087.819456,1087.819911481,1087.820613085,21367286,-9999,384982.7,32.61,-1,-0.644962996,0.46364982,0.610452919,0.52237106,4,0.152542373,1.983050847,N4 S1 P1 O9,de-protonated,0,-9999,C59 H117 O9 N4 P1 S1,59,117,9,4,1,1,-9999,-9999,-9999
2030,1087.82384,1087.824295483,1087.825287286,60426740,-9999,310623.4,95.71,-1,-0.911729732,0.286664794,0.481293734,0.36451637,17,0.069444444,1.569444444,P1 O5,de-protonated,0,-9999,C72 H113 O5 P1,72,113,5,-9999,1,-9999,-9999,-9999,-9999
2030,1087.82384,1087.824295483,1087.82501596,60426740,-9999,310623.4,95.71,-1,-0.662309183,0.307830682,0.528601492,0.396139006,3,0.161290323,1.935483871,S2 O10,de-protonated,0,-9999,C62 H120 O10 S2,62,120,10,-9999,-9999,2,-9999,-9999,-9999
2030,1087.82384,1087.824295483,1087.82414658,60426740,-9999,310623.4,95.71,-1,0.136881841,0.332202011,0.533665548,0.412787426,4,0.245901639,1.901639344,O15,de-protonated,0,-9999,C61 H116 O15,61,116,15,-9999,-9999,-9999,-9999,-9999,-9999
2030,1087.82384,1087.824295483,1087.823633516,60426740,-9999,310623.4,95.71,-1,0.608524766,0.311672235,0.472516812,0.376010066,22,0.054054054,1.459459459,N2 O4,de-protonated,0,-9999,C74 H108 O4 N2,74,108,4,2,-9999,-9999,-9999,-9999,-9999
2030,1087.82384,1087.824295483,1087.824635837,60426740,-9999,310623.4,95.71,-1,-0.312875777,0.32746486,0.51866191,0.40394368,8,0.109375,1.828125,N2 S1 P1 O7,de-protonated,0,-9999,C64 H117 O7 N2 P1 S1,64,117,7,2,1,1,-9999,-9999,-9999
2031,1087.828116,1087.828571485,1087.827656268,13765110,-9999,550561.8,20.33,-1,0.841325949,0.439735492,0.539245612,0.47953954,26,0.025316456,1.367088608,O2,de-protonated,0,-9999,C79 H108 O2,79,108,2,-9999,-9999,-9999,-9999,-9999,-9999
2031,1087.828116,1087.828571485,1087.828658589,13765110,-9999,550561.8,20.33,-1,-0.080071401,0.499418665,0.572644131,0.528708852,12,0.072463768,1.695652174,S1 P1 O5,de-protonated,0,-9999,C69 H117 O5 P1 S1,69,117,5,-9999,1,1,-9999,-9999,-9999
2031,1087.828116,1087.828571485,1087.828007141,13765110,-9999,550561.8,20.33,-1,0.51878119599999994,0.476169603,0.602496955,0.526700544,3,0.114754098,1.983606557,N2 S2 P1 O7,de-protonated,0,-9999,C61 H121 O7 N2 P1 S2,61,121,7,2,1,2,-9999,-9999,-9999
2031,1087.828116,1087.828571485,1087.829506742,13765110,-9999,550561.8,20.33,-1,-0.859746063,0.437242469,0.579826515,0.494276087,13,0.134328358,1.671641791,N2 O9,de-protonated,0,-9999,C67 H112 O9 N2,67,112,9,2,-9999,-9999,-9999,-9999,-9999
2031,1087.828116,1087.828571485,1087.828855294,13765110,-9999,550561.8,20.33,-1,-0.260894399,0.493862744,0.610452919,0.540498814,4,0.186440678,1.966101695,N4 S1 O11,de-protonated,0,-9999,C59 H116 O11 N4 S1,59,116,11,4,-9999,1,-9999,-9999,-9999
2032,1088.687571,1088.68802689,1088.687748439,18942414,-9999,413614.8,28.69,-1,0.255767817,0.494100154,0.552126353,0.517310634,29,0.013333333,1.28,N1 S1 P1 O1,de-protonated,0,-9999,C75 H96 O1 N1 P1 S1,75,96,1,1,1,1,-9999,-9999,-9999
2032,1088.687571,1088.68802689,1088.687610054,18942414,-9999,413614.8,28.69,-1,0.382879088,0.486875467,0.631293472,0.544642669,2,0.259259259,2,N1 S2 P1 O14,de-protonated,0,-9999,C54 H108 O14 N1 P1 S2,54,108,14,1,1,2,-9999,-9999,-9999
2032,1088.687571,1088.68802689,1088.689109656,18942414,-9999,413614.8,28.69,-1,-0.994559532,0.417852447,0.606448844,0.493291006,12,0.266666667,1.65,N1 O16,de-protonated,0,-9999,C60 H99 O16 N1,60,99,16,1,-9999,-9999,-9999,-9999,-9999
2032,1088.687571,1088.68802689,1088.68709699,18942414,-9999,413614.8,28.69,-1,0.854148057,0.438004323,0.579826515,0.4947332,20,0.044776119,1.492537313,N3 S2 P1 O3,de-protonated,0,-9999,C67 H100 O3 N3 P1 S2,67,100,3,3,1,2,-9999,-9999,-9999
2032,1088.687571,1088.68802689,1088.688596592,18942414,-9999,413614.8,28.69,-1,-0.523291861,0.475763657,0.558800271,0.508978302,30,0.068493151,1.246575342,N3 O5,de-protonated,0,-9999,C73 H91 O5 N3,73,91,5,3,-9999,-9999,-9999,-9999,-9999
2032,1088.687571,1088.68802689,1088.688458207,18942414,-9999,413614.8,28.69,-1,-0.396180788,0.485960845,0.640033642,0.547589964,3,0.346153846,1.980769231,N3 S1 O18,de-protonated,0,-9999,C52 H103 O18 N3 S1,52,103,18,3,-9999,1,-9999,-9999,-9999
2033,1088.695198,1088.695653893,1088.695990647,42731984,-9999,251454.6,67.12,-1,-0.309318317,0.327596404,0.468208839,0.383841378,29,0.04,1.266666667,N1 S1 O3,de-protonated,0,-9999,C75 H95 O3 N1 S1,75,95,3,1,-9999,1,-9999,-9999,-9999
2033,1088.695198,1088.695653893,1088.696123589,42731984,-9999,251454.6,67.12,-1,-0.43142924,0.322263563,0.51866191,0.400822902,16,0.171875,1.5625,N1 P1 O11,de-protonated,0,-9999,C64 H100 O11 N1 P1,64,100,11,1,1,-9999,-9999,-9999,-9999
2033,1088.695198,1088.695653893,1088.695852263,42731984,-9999,251454.6,67.12,-1,-0.18220808,0.33133135,0.570956251,0.427181311,2,0.296296296,1.981481481,N1 S2 O16,de-protonated,0,-9999,C54 H107 O16 N1 S2,54,107,16,1,-9999,2,-9999,-9999,-9999
2033,1088.695198,1088.695653893,1088.694982883,42731984,-9999,251454.6,67.12,-1,0.616344063,0.311131068,0.576557625,0.41730169,3,0.396226415,1.943396226,N1 O21,de-protonated,0,-9999,C53 H103 O21 N1,53,103,21,1,-9999,-9999,-9999,-9999,-9999
2033,1088.695198,1088.695653893,1088.695339198,42731984,-9999,251454.6,67.12,-1,0.289057055,0.328317862,0.504211037,0.398675132,20,0.074626866,1.47761194,N3 S2 O5,de-protonated,0,-9999,C67 H99 O5 N3 S2,67,99,5,3,-9999,2,-9999,-9999,-9999
2033,1088.695198,1088.695653893,1088.69547214,42731984,-9999,251454.6,67.12,-1,0.166945986,0.331651872,0.55996373,0.422976615,7,0.232142857,1.857142857,N3 S1 P1 O13,de-protonated,0,-9999,C56 H104 O13 N3 P1 S1,56,104,13,3,1,1,-9999,-9999,-9999
2034,1088.868463,1088.868918975,1088.868535279,15256006,-9999,208939.7,22.74,-1,0.352380208,0.488860556,0.572644131,0.522373986,11,0.086956522,1.724637681,N1 S1 O6,de-protonated,0,-9999,C69 H119 O6 N1 S1,69,119,6,1,-9999,1,-9999,-9999,-9999
2034,1088.868463,1088.868918975,1088.868155157,15256006,-9999,208939.7,22.74,-1,0.701479088,0.45729199,0.565637507,0.500630197,16,0.042253521,1.633802817,N3 P1 O3,de-protonated,0,-9999,C71 H116 O3 N3 P1,71,116,3,3,1,-9999,-9999,-9999,-9999
2034,1088.868463,1088.868918975,1088.867883831,15256006,-9999,208939.7,22.74,-1,0.950661156,0.424377184,0.602496955,0.495625092,2,0.131147541,2.016393443,N3 S2 O8,de-protonated,0,-9999,C61 H123 O8 N3 S2,61,123,8,3,-9999,2,-9999,-9999,-9999
2035,1089.466027,1089.466483256,1089.467566401,11536811,-9999,241137,16.73,-1,-0.994196036,0.41790726,0.598596236,0.490182851,26,0.241935484,1.193548387,S1 O15,de-protonated,0,-9999,C62 H74 O15 S1,62,74,15,-9999,-9999,1,-9999,-9999,-9999
2035,1089.466027,1089.466483256,1089.467186278,11536811,-9999,241137,16.73,-1,-0.645289574,0.463614373,0.590944388,0.514546379,31,0.1875,1.109375,N2 P1 O12,de-protonated,0,-9999,C64 H71 O12 N2 P1,64,71,12,2,1,-9999,-9999,-9999,-9999
2035,1089.466027,1089.466483256,1089.466914952,11536811,-9999,241137,16.73,-1,-0.396244852,0.485956369,0.631293472,0.54409121,17,0.314814815,1.444444444,N2 S2 O17,de-protonated,0,-9999,C54 H78 O17 N2 S2,54,78,17,2,-9999,2,-9999,-9999,-9999
2035,1089.466027,1089.466483256,1089.466045572,11536811,-9999,241137,16.73,-1,0.40174195,0.485569728,0.635633513,0.545595242,18,0.41509434,1.396226415,N2 O22,de-protonated,0,-9999,C53 H74 O22 N2,53,74,22,2,-9999,-9999,-9999,-9999,-9999
2035,1089.466027,1089.466483256,1089.467047894,11536811,-9999,241137,16.73,-1,-0.518269357,0.952430934,0,0.571458561,4,0.581395349,1.930232558,N2 S1 P1 O25,de-protonated,0,-9999,C43 H83 O25 N2 P1 S1,43,83,25,2,1,1,-9999,-9999,-9999
2035,1089.466027,1089.466483256,1089.466401888,11536811,-9999,241137,16.73,-1,0.074686648,0.499494187,0.579826515,0.531627118,35,0.089552239,1.044776119,N4 S2 O6,de-protonated,0,-9999,C67 H70 O6 N4 S2,67,70,6,4,-9999,2,-9999,-9999,-9999
2035,1089.466027,1089.466483256,1089.465532508,11536811,-9999,241137,16.73,-1,0.872674202,0.435469165,0.583485697,0.494675778,36,0.166666667,1,N4 O11,de-protonated,0,-9999,C66 H66 O11 N4,66,66,11,4,-9999,-9999,-9999,-9999,-9999
2035,1089.466027,1089.466483256,1089.466534829,11536811,-9999,241137,16.73,-1,-0.047337972,0.499796739,0.622788794,0.548993561,22,0.25,1.339285714,N4 S1 P1 O14,de-protonated,0,-9999,C56 H75 O14 N4 P1 S1,56,75,14,4,1,1,-9999,-9999,-9999
2035,1089.466027,1089.466483256,1089.465394123,11536811,-9999,241137,16.73,-1,0.999694804,0.83415341,0,0.500492046,9,0.533333333,1.733333333,N4 S1 O24,de-protonated,0,-9999,C45 H78 O24 N4 S1,45,78,24,4,-9999,1,-9999,-9999,-9999
2036,1089.913627,1089.914083467,1089.913708369,25168278,-9999,192423,38.75,-1,0.344153772,0.326246059,0.472516812,0.38475436,14,0.040540541,1.662162162,P1 O3,de-protonated,0,-9999,C74 H123 O3 P1,74,123,3,-9999,1,-9999,-9999,-9999,-9999
2036,1089.913627,1089.914083467,1089.913437043,25168278,-9999,192423,38.75,-1,0.59309671,0.469083615,0.590944388,0.517827924,0,0.125,2.03125,S2 O8,de-protonated,0,-9999,C64 H130 O8 S2,64,130,8,-9999,-9999,2,-9999,-9999,-9999
2036,1089.913627,1089.914083467,1089.91305692,25168278,-9999,192423,38.75,-1,0.941860993,0.283774377,0.508967985,0.37385182,5,0.075757576,1.924242424,N2 S1 P1 O5,de-protonated,0,-9999,C66 H127 O5 N2 P1 S1,66,127,5,2,1,1,-9999,-9999,-9999
2036,1089.913627,1089.914083467,1089.914774453,25168278,-9999,192423,38.75,-1,-0.63398209,0.464832828,0.587191358,0.51377624,5,0.061538462,1.938461538,N4 S2 O4,de-protonated,0,-9999,C65 H126 O4 N4 S2,65,126,4,4,-9999,2,-9999,-9999,-9999
2036,1089.913627,1089.914083467,1089.913905074,25168278,-9999,192423,38.75,-1,0.16367662,0.497575389,0.590944388,0.534922989,6,0.140625,1.90625,N4 O9,de-protonated,0,-9999,C64 H122 O9 N4,64,122,9,4,-9999,-9999,-9999,-9999,-9999
2037,1092.073322,1092.073779484,1092.073353929,25299254,-9999,222016.5,38.96,-1,0.389675622,0.486411826,0.662980834,0.557039429,31,0.510638298,0.765957447,N1 S2 P1 O24,de-protonated,0,-9999,C47 H36 O24 N1 P1 S2,47,36,24,1,1,2,-9999,-9999,-9999
2037,1092.073322,1092.073779484,1092.074249022,25299254,-9999,222016.5,38.96,-1,-0.429951193,0.322338019,0.49029038,0.389518964,0,0.014285714,2.071428571,N2 S1 P1 O1,de-protonated,0,-9999,C70 H145 O1 N2 P1 S1,70,145,1,2,1,1,-9999,-9999,-9999
2038,1093.128642,1093.12909998,1093.130140531,12486923,-9999,210194.5,18.26,-1,-0.951899901,0.424195744,0.653607294,0.515960364,29,0.469387755,0.87755102,S2 P1 O23,de-protonated,0,-9999,C49 H43 O23 P1 S2,49,43,23,-9999,1,2,-9999,-9999,-9999
2038,1093.128642,1093.12909998,1093.128486761,12486923,-9999,210194.5,18.26,-1,0.56097688,0.472249333,0.644495114,0.541147645,34,0.431372549,0.745098039,N2 S2 O22,de-protonated,0,-9999,C51 H38 O22 N2 S2,51,38,22,2,-9999,2,-9999,-9999,-9999
2038,1093.128642,1093.12909998,1093.128106638,12486923,-9999,210194.5,18.26,-1,0.908715384,0.430425549,0.635633513,0.512508735,39,0.358490566,0.660377358,N4 S1 P1 O19,de-protonated,0,-9999,C53 H35 O19 N4 P1 S1,53,35,19,4,1,1,-9999,-9999,-9999
2039,1093.788871,1093.789329291,1093.789950604,10193138,-9999,196826.5,14.56,-1,-0.56803699,0.471566802,0.569119254,0.510587783,16,0.1,1.571428571,S1 O7,de-protonated,0,-9999,C70 H110 O7 S1,70,110,7,-9999,-9999,1,-9999,-9999,-9999
2039,1093.788871,1093.789329291,1093.790083546,10193138,-9999,196826.5,14.56,-1,-0.689579191,0.458667578,0.610452919,0.519381714,3,0.254237288,1.949152542,P1 O15,de-protonated,0,-9999,C59 H115 O15 P1,59,115,15,-9999,1,-9999,-9999,-9999,-9999
2039,1093.788871,1093.789329291,1093.789570482,10193138,-9999,196826.5,14.56,-1,-0.220509171,0.495607996,0.562198102,0.522244039,21,0.055555556,1.486111111,N2 P1 O4,de-protonated,0,-9999,C72 H107 O4 N2 P1,72,107,4,2,1,-9999,-9999,-9999,-9999
2039,1093.788871,1093.789329291,1093.789299156,10193138,-9999,196826.5,14.56,-1,0.027551494,0.499931137,0.598596236,0.539397177,7,0.14516129,1.838709677,N2 S2 O9,de-protonated,0,-9999,C62 H114 O9 N2 S2,62,114,9,2,-9999,2,-9999,-9999,-9999
2039,1093.788871,1093.789329291,1093.788429776,10193138,-9999,196826.5,14.56,-1,0.822385184,0.442257016,0.602496955,0.506352991,8,0.229508197,1.803278689,N2 O14,de-protonated,0,-9999,C61 H110 O14 N2,61,110,14,2,-9999,-9999,-9999,-9999,-9999
2039,1093.788871,1093.789329291,1093.788919033,10193138,-9999,196826.5,14.56,-1,0.375079727,0.487397994,0.590944388,0.528816552,12,0.09375,1.734375,N4 S1 P1 O6,de-protonated,0,-9999,C64 H111 O6 N4 P1 S1,64,111,6,4,1,1,-9999,-9999,-9999
2040,1093.847734,1093.848192319,1093.847465482,9079024,-9999,249966.3,12.76,-1,0.664477609,0.461505038,0.576212942,0.5073882,10,0.117647059,1.735294118,S1 O8,de-protonated,0,-9999,C68 H118 O8 S1,68,118,8,-9999,-9999,1,-9999,-9999,-9999
2040,1093.847734,1093.848192319,1093.848802892,9079024,-9999,249966.3,12.76,-1,-0.558188088,0.472516854,0.572644131,0.512567765,15,0.057971014,1.652173913,N4 S1 O4,de-protonated,0,-9999,C69 H114 O4 N4 S1,69,114,4,4,-9999,1,-9999,-9999,-9999
2040,1093.847734,1093.848192319,1093.848935834,9079024,-9999,249966.3,12.76,-1,-0.679723751,0.919584155,0,0.551750493,2,0.206896552,2.051724138,N4 P1 O12,de-protonated,0,-9999,C58 H119 O12 N4 P1,58,119,12,4,1,-9999,-9999,-9999,-9999
2041,1094.005183,1094.005641393,1094.004892357,9783530,-9999,263224.4,13.9,-1,0.684673258,0.459229021,0.539245612,0.491235657,15,0.012658228,1.64556962,O1,de-protonated,0,-9999,C79 H130 O1,79,130,1,-9999,-9999,-9999,-9999,-9999,-9999
2041,1094.005183,1094.005641393,1094.005894679,9783530,-9999,263224.4,13.9,-1,-0.231521335,0.495160555,0.572644131,0.526153985,1,0.057971014,2.014492754,S1 P1 O4,de-protonated,0,-9999,C69 H139 O4 P1 S1,69,139,4,-9999,1,1,-9999,-9999,-9999
2041,1094.005183,1094.005641393,1094.006336996,9783530,-9999,263224.4,13.9,-1,-0.635831084,0.929269685,0,0.557561811,37,0.489361702,0.553191489,N3 S2 P1 O23,de-protonated,0,-9999,C47 H26 O23 N3 P1 S2,47,26,23,3,1,2,-9999,-9999,-9999
2042,1094.240853,1094.241311504,1094.240419258,52562144,-9999,238961.6,83,-1,0.815402216,0.443175722,0.677556332,0.536927966,17,0.568181818,1.318181818,N1 S2 P1 O25,de-protonated,0,-9999,C44 H58 O25 N1 P1 S2,44,58,25,1,1,2,-9999,-9999,-9999
2043,1094.246243,1094.246701507,1094.246430869,12945633,-9999,382562.1,19,-1,0.247327651,0.49448099,0.614510218,0.542492681,35,0.293103448,0.862068966,N1 S1 P1 O17,de-protonated,0,-9999,C58 H50 O17 N1 P1 S1,58,50,17,1,1,1,-9999,-9999,-9999
2043,1094.246243,1094.246701507,1094.24577942,12945633,-9999,382562.1,19,-1,0.842668162,0.439555183,0.649019222,0.523340799,26,0.38,1.08,N3 S2 P1 O19,de-protonated,0,-9999,C50 H54 O19 N3 P1 S2,50,54,19,3,1,2,-9999,-9999,-9999
2043,1094.246243,1094.246701507,1094.247279022,12945633,-9999,382562.1,19,-1,-0.527774463,0.475357101,0.622788794,0.534329779,36,0.375,0.803571429,N3 O21,de-protonated,0,-9999,C56 H45 O21 N3,56,45,21,3,-9999,-9999,-9999,-9999,-9999
2044,1095.300824,1095.301283003,1095.300715547,10946750,-9999,229091.2,15.78,-1,0.518082073,0.476232239,0.590944388,0.522117098,37,0.171875,0.890625,S2 P1 O11,de-protonated,0,-9999,C64 H57 O11 P1 S2,64,57,11,-9999,1,2,-9999,-9999,-9999
2044,1095.300824,1095.301283003,1095.3015637,10946750,-9999,229091.2,15.78,-1,-0.256274175,0.49407691,0.598596236,0.53588464,38,0.241935484,0.838709677,N2 S1 O15,de-protonated,0,-9999,C62 H52 O15 N2 S1,62,52,15,2,-9999,1,-9999,-9999,-9999
2044,1095.300824,1095.301283003,1095.301696642,10946750,-9999,229091.2,15.78,-1,-0.377648675,0.974454021,0,0.584672413,25,0.450980392,1.117647059,N2 P1 O23,de-protonated,0,-9999,C51 H57 O23 N2 P1,51,57,23,2,1,-9999,-9999,-9999,-9999
2044,1095.300824,1095.301283003,1095.300912252,10946750,-9999,229091.2,15.78,-1,0.338492529,0.489712369,0.631293472,0.54634481,29,0.314814815,1.037037037,N4 S2 O17,de-protonated,0,-9999,C54 H56 O17 N4 S2,54,56,17,4,-9999,2,-9999,-9999,-9999
2044,1095.300824,1095.301283003,1095.301045193,10946750,-9999,229091.2,15.78,-1,0.217117884,0.991482954,0,0.594889773,16,0.581395349,1.418604651,N4 S1 P1 O25,de-protonated,0,-9999,C43 H61 O25 N4 P1 S1,43,61,25,4,1,1,-9999,-9999,-9999
2045,1096.028369,1096.028828345,1096.029786952,9603241,-9999,343399.4,13.6,-1,-0.874616992,0.43520102,0.572644131,0.490178264,0,0.086956522,2.028985507,S1 O6,de-protonated,0,-9999,C69 H140 O6 S1,69,140,6,-9999,-9999,1,-9999,-9999,-9999
2045,1096.028369,1096.028828345,1096.029406829,9603241,-9999,343399.4,13.6,-1,-0.527799484,0.475354823,0.565637507,0.511467897,5,0.042253521,1.929577465,N2 P1 O3,de-protonated,0,-9999,C71 H137 O3 N2 P1,71,137,3,2,1,-9999,-9999,-9999,-9999
2045,1096.028369,1096.028828345,1096.027753059,9603241,-9999,343399.4,13.6,-1,0.981076001,0.419877038,0.558800271,0.475446331,10,0.02739726,1.808219178,N4 O2,de-protonated,0,-9999,C73 H132 O2 N4,73,132,2,4,-9999,-9999,-9999,-9999,-9999
2046,1096.359992,1096.360451502,1096.360852226,46991520,-9999,181857,74.01,-1,-0.36550372800000003,0.325350389,0.538793609,0.410727677,32,0.316666667,0.983333333,N1 O19,de-protonated,0,-9999,C60 H59 O19 N1,60,59,19,1,-9999,-9999,-9999,-9999,-9999
2046,1096.359992,1096.360451502,1096.361341483,46991520,-9999,181857,74.01,-1,-0.81175913,0.295768441,0.523600568,0.386901292,36,0.174603175,0.952380952,N3 S1 P1 O11,de-protonated,0,-9999,C63 H60 O11 N3 P1 S1,63,60,11,3,1,1,-9999,-9999,-9999
2046,1096.359992,1096.360451502,1096.360200777,46991520,-9999,181857,74.01,-1,0.228688255,0.330185141,0.582230334,0.431003218,23,0.403846154,1.211538462,N3 S1 O21,de-protonated,0,-9999,C52 H63 O21 N3 S1,52,63,21,3,-9999,1,-9999,-9999,-9999
2046,1096.359992,1096.360451502,1096.361203098,46991520,-9999,181857,74.01,-1,-0.685537665,0.459130338,0.68763467,0.550532071,9,0.571428571,1.714285714,N3 S2 P1 O24,de-protonated,0,-9999,C42 H72 O24 N3 P1 S2,42,72,24,3,1,2,-9999,-9999,-9999
2047,1098.2085,1098.208960372,1098.208331283,10119292,-9999,224262.9,14.44,-1,0.572832136,0.942197878,0,0.565318727,30,0.358490566,0.943396226,N1 S2 P1 O19,de-protonated,0,-9999,C53 H50 O19 N1 P1 S2,53,50,19,1,1,2,-9999,-9999,-9999
2047,1098.2085,1098.208960372,1098.209830885,10119292,-9999,224262.9,14.44,-1,-0.7926653,0.44612562,0.610452919,0.51185654,40,0.355932203,0.694915254,N1 O21,de-protonated,0,-9999,C59 H41 O21 N1,59,41,21,1,-9999,-9999,-9999,-9999,-9999
2047,1098.2085,1098.208960372,1098.209179436,10119292,-9999,224262.9,14.44,-1,-0.19947397,0.992806182,0,0.595683709,31,0.450980392,0.882352941,N3 S1 O23,de-protonated,0,-9999,C51 H45 O23 N3 S1,51,45,23,3,-9999,1,-9999,-9999,-9999
2048,1098.36514,1098.365600445,1098.365758158,11798650,-9999,226445.5,17.15,-1,-0.143588425,0.498132973,0.590944388,0.535257539,35,0.1875,0.96875,N1 S1 P1 O12,de-protonated,0,-9999,C64 H62 O12 N1 P1 S1,64,62,12,1,1,1,-9999,-9999,-9999
2048,1098.36514,1098.365600445,1098.364617452,11798650,-9999,226445.5,17.15,-1,0.894960931,0.432367471,0.635633513,0.513673888,22,0.41509434,1.226415094,N1 S1 O22,de-protonated,0,-9999,C53 H65 O22 N1 S1,53,65,22,1,-9999,1,-9999,-9999,-9999
2048,1098.36514,1098.365600445,1098.365619774,11798650,-9999,226445.5,17.15,-1,-0.017597218,0.999943814,0,0.599966288,8,0.581395349,1.720930233,N1 S2 P1 O25,de-protonated,0,-9999,C43 H74 O25 N1 P1 S2,43,74,25,1,1,2,-9999,-9999,-9999
2048,1098.36514,1098.365600445,1098.365106709,11798650,-9999,226445.5,17.15,-1,0.449519079,0.481999576,0.622788794,0.538315263,26,0.25,1.178571429,N3 S2 P1 O14,de-protonated,0,-9999,C56 H66 O14 N3 P1 S2,56,66,14,3,1,2,-9999,-9999,-9999
2048,1098.36514,1098.365600445,1098.366606311,11798650,-9999,226445.5,17.15,-1,-0.915783286,0.429419596,0.598596236,0.497090252,36,0.258064516,0.919354839,N3 O16,de-protonated,0,-9999,C62 H57 O16 N3,62,57,16,3,-9999,-9999,-9999,-9999,-9999
2049,1099.490864,1099.491324975,1099.491944475,10709104,-9999,136772.2,15.39,-1,-0.563441767,0.4720119,0.565637507,0.509462143,36,0.126760563,1.028169014,P1 O9,de-protonated,0,-9999,C71 H73 O9 P1,71,73,9,-9999,1,-9999,-9999,-9999,-9999
2049,1099.490864,1099.491324975,1099.491673149,10709104,-9999,136772.2,15.39,-1,-0.316667722,0.490984572,0.602496955,0.535589525,22,0.229508197,1.31147541,S2 O14,de-protonated,0,-9999,C61 H80 O14 S2,61,80,14,-9999,-9999,2,-9999,-9999,-9999
2049,1099.490864,1099.491324975,1099.490803769,10709104,-9999,136772.2,15.39,-1,0.474043388,0.480022736,0.606448844,0.530593179,23,0.316666667,1.266666667,O19,de-protonated,0,-9999,C60 H76 O19,60,76,19,-9999,-9999,-9999,-9999,-9999,-9999
2049,1099.490864,1099.491324975,1099.491806091,10709104,-9999,136772.2,15.39,-1,-0.437579663,0.965853549,0,0.57951213,9,0.44,1.7,S1 P1 O22,de-protonated,0,-9999,C50 H85 O22 P1 S1,50,85,22,-9999,1,1,-9999,-9999,-9999
2049,1099.490864,1099.491324975,1099.491160085,10709104,-9999,136772.2,15.39,-1,0.149970033,0.497963676,0.555443265,0.520955512,40,0.040540541,0.972972973,N2 S2 O3,de-protonated,0,-9999,C74 H72 O3 N2 S2,74,72,3,2,-9999,2,-9999,-9999,-9999
2049,1099.490864,1099.491324975,1099.491293026,10709104,-9999,136772.2,15.39,-1,0.02905798,0.499923401,0.594745702,0.537852321,27,0.174603175,1.222222222,N2 S1 P1 O11,de-protonated,0,-9999,C63 H77 O11 N2 P1 S1,63,77,11,2,1,1,-9999,-9999,-9999
2049,1099.490864,1099.491324975,1099.491154642,10709104,-9999,136772.2,15.39,-1,0.154920233,0.995654649,0,0.59739279,0,0.571428571,2.119047619,N2 S2 P1 O24,de-protonated,0,-9999,C42 H89 O24 N2 P1 S2,42,89,24,2,1,2,-9999,-9999,-9999
2049,1099.490864,1099.491324975,1099.490641578,10709104,-9999,136772.2,15.39,-1,0.621558429,0.466150313,0.627012296,0.530495106,18,0.236363636,1.472727273,N4 S2 P1 O13,de-protonated,0,-9999,C55 H81 O13 N4 P1 S2,55,81,13,4,1,2,-9999,-9999,-9999
2049,1099.490864,1099.491324975,1099.49214118,10709104,-9999,136772.2,15.39,-1,-0.742346528,0.452422127,0.602496955,0.512452058,28,0.245901639,1.180327869,N4 O15,de-protonated,0,-9999,C61 H72 O15 N4,61,72,15,4,-9999,-9999,-9999,-9999,-9999
0,111.417099,111.417094856,-9999,7267651,-9999,1725392.4,14.84,-1,-9999,-9999,-9999,-9999,-9999,-9999,-9999,unassigned,N/A,-9999,-9999,N/A,-9999,-9999,-9999,-9999,-9999,-9999,-9999,-9999,-9999
1,114.895347,114.895344494,-9999,8060125,-9999,2679754.5,16.68,-1,-9999,-9999,-9999,-9999,-9999,-9999,-9999,unassigned,N/A,-9999,-9999,N/A,-9999,-9999,-9999,-9999,-9999,-9999,-9999,-9999,-9999
2,114.89555,114.895547494,-9999,23910844,-9999,2512563.2,53.41,-1,-9999,-9999,-9999,-9999,-9999,-9999,-9999,unassigned,N/A,-9999,-9999,N/A,-9999,-9999,-9999,-9999,-9999,-9999,-9999,-9999,-9999
3,116.893493,116.893491434,-9999,10745070,-9999,2411038.8,22.9,-1,-9999,-9999,-9999,-9999,-9999,-9999,-9999,unassigned,N/A,-9999,-9999,N/A,-9999,-9999,-9999,-9999,-9999,-9999,-9999,-9999,-9999
4,117.019304,117.019302493,-9999,15476959,-9999,2189871.8,33.87,-1,-9999,-9999,-9999,-9999,-9999,-9999,-9999,unassigned,N/A,-9999,-9999,N/A,-9999,-9999,-9999,-9999,-9999,-9999,-9999,-9999,-9999
5,118.890552,118.890551374,-9999,8475892,-9999,2567015.6,17.64,-1,-9999,-9999,-9999,-9999,-9999,-9999,-9999,unassigned,N/A,-9999,-9999,N/A,-9999,-9999,-9999,-9999,-9999,-9999,-9999,-9999,-9999
6,121.029035,121.029035381,-9999,19558092,-9999,2430215.8,43.33,-1,-9999,-9999,-9999,-9999,-9999,-9999,-9999,unassigned,N/A,-9999,-9999,N/A,-9999,-9999,-9999,-9999,-9999,-9999,-9999,-9999,-9999
7,121.029258,121.029258381,-9999,61699788,-9999,2334470.9,140.98,-1,-9999,-9999,-9999,-9999,-9999,-9999,-9999,unassigned,N/A,-9999,-9999,N/A,-9999,-9999,-9999,-9999,-9999,-9999,-9999,-9999,-9999
9,121.029709,121.029709381,-9999,30951116,-9999,2045819.2,69.73,-1,-9999,-9999,-9999,-9999,-9999,-9999,-9999,unassigned,N/A,-9999,-9999,N/A,-9999,-9999,-9999,-9999,-9999,-9999,-9999,-9999,-9999
11,122.906634,122.906635265,-9999,8323524.5,-9999,2386211.6,17.29,-1,-9999,-9999,-9999,-9999,-9999,-9999,-9999,unassigned,N/A,-9999,-9999,N/A,-9999,-9999,-9999,-9999,-9999,-9999,-9999,-9999,-9999
12,122.906858,122.906859265,-9999,20322244,-9999,2303000.7,45.1,-1,-9999,-9999,-9999,-9999,-9999,-9999,-9999,unassigned,N/A,-9999,-9999,N/A,-9999,-9999,-9999,-9999,-9999,-9999,-9999,-9999,-9999
17,127.039797,127.03980021,-9999,6225339.5,-9999,2131949.1,12.43,-1,-9999,-9999,-9999,-9999,-9999,-9999,-9999,unassigned,N/A,-9999,-9999,N/A,-9999,-9999,-9999,-9999,-9999,-9999,-9999,-9999,-9999
20,128.892131,128.892135082,-9999,13056272,-9999,2186898.9,28.26,-1,-9999,-9999,-9999,-9999,-9999,-9999,-9999,unassigned,N/A,-9999,-9999,N/A,-9999,-9999,-9999,-9999,-9999,-9999,-9999,-9999,-9999
21,129.05518,129.055184159,-9999,12674307,-9999,2297506.1,27.38,-1,-9999,-9999,-9999,-9999,-9999,-9999,-9999,unassigned,N/A,-9999,-9999,N/A,-9999,-9999,-9999,-9999,-9999,-9999,-9999,-9999,-9999
22,129.055436,129.055440159,-9999,45895428,-9999,2199840.6,104.36,-1,-9999,-9999,-9999,-9999,-9999,-9999,-9999,unassigned,N/A,-9999,-9999,N/A,-9999,-9999,-9999,-9999,-9999,-9999,-9999,-9999,-9999
24,129.055953,129.05595716,-9999,20542210,-9999,1913607.8,45.61,-1,-9999,-9999,-9999,-9999,-9999,-9999,-9999,unassigned,N/A,-9999,-9999,N/A,-9999,-9999,-9999,-9999,-9999,-9999,-9999,-9999,-9999
26,130.889178,130.889183023,-9999,12540056,-9999,2075592.2,27.07,-1,-9999,-9999,-9999,-9999,-9999,-9999,-9999,unassigned,N/A,-9999,-9999,N/A,-9999,-9999,-9999,-9999,-9999,-9999,-9999,-9999,-9999
27,131.034687,131.034692091,-9999,6988947,-9999,2154632.2,14.2,-1,-9999,-9999,-9999,-9999,-9999,-9999,-9999,unassigned,N/A,-9999,-9999,N/A,-9999,-9999,-9999,-9999,-9999,-9999,-9999,-9999,-9999
29,131.07081,131.070815108,-9999,15527570,-9999,2257641.5,33.99,-1,-9999,-9999,-9999,-9999,-9999,-9999,-9999,unassigned,N/A,-9999,-9999,N/A,-9999,-9999,-9999,-9999,-9999,-9999,-9999,-9999,-9999
30,131.071079,131.071084108,-9999,51351184,-9999,2163001.3,117,-1,-9999,-9999,-9999,-9999,-9999,-9999,-9999,unassigned,N/A,-9999,-9999,N/A,-9999,-9999,-9999,-9999,-9999,-9999,-9999,-9999,-9999
32,131.071619,131.071624108,-9999,30361234,-9999,1957024.1,68.36,-1,-9999,-9999,-9999,-9999,-9999,-9999,-9999,unassigned,N/A,-9999,-9999,N/A,-9999,-9999,-9999,-9999,-9999,-9999,-9999,-9999,-9999
34,132.886221,132.886226963,-9999,6625144,-9999,1978958.8,13.36,-1,-9999,-9999,-9999,-9999,-9999,-9999,-9999,unassigned,N/A,-9999,-9999,N/A,-9999,-9999,-9999,-9999,-9999,-9999,-9999,-9999,-9999
35,135.044848,135.044854979,-9999,12606157,-9999,2110208.4,27.22,-1,-9999,-9999,-9999,-9999,-9999,-9999,-9999,unassigned,N/A,-9999,-9999,N/A,-9999,-9999,-9999,-9999,-9999,-9999,-9999,-9999,-9999
37,135.045425,135.045431979,-9999,6658765,-9999,2008636,13.44,-1,-9999,-9999,-9999,-9999,-9999,-9999,-9999,unassigned,N/A,-9999,-9999,N/A,-9999,-9999,-9999,-9999,-9999,-9999,-9999,-9999,-9999
38,136.003989,136.00399643,-9999,7432992.5,-9999,2163565.1,15.23,-1,-9999,-9999,-9999,-9999,-9999,-9999,-9999,unassigned,N/A,-9999,-9999,N/A,-9999,-9999,-9999,-9999,-9999,-9999,-9999,-9999,-9999
39,136.877486,136.877493841,-9999,12941191,-9999,2061586,27.99,-1,-9999,-9999,-9999,-9999,-9999,-9999,-9999,unassigned,N/A,-9999,-9999,N/A,-9999,-9999,-9999,-9999,-9999,-9999,-9999,-9999,-9999
40,137.023805,137.02381291,-9999,39313308,-9999,2145443.2,89.1,-1,-9999,-9999,-9999,-9999,-9999,-9999,-9999,unassigned,N/A,-9999,-9999,N/A,-9999,-9999,-9999,-9999,-9999,-9999,-9999,-9999,-9999
41,137.024099,137.02410691,-9999,143941536,-9999,2061300.2,331.55,-1,-9999,-9999,-9999,-9999,-9999,-9999,-9999,unassigned,N/A,-9999,-9999,N/A,-9999,-9999,-9999,-9999,-9999,-9999,-9999,-9999,-9999
43,137.024693,137.024700911,-9999,60997532,-9999,1867487.3,139.35,-1,-9999,-9999,-9999,-9999,-9999,-9999,-9999,unassigned,N/A,-9999,-9999,N/A,-9999,-9999,-9999,-9999,-9999,-9999,-9999,-9999,-9999
45,138.027451,138.027459383,-9999,8363065,-9999,2267057.4,17.39,-1,-9999,-9999,-9999,-9999,-9999,-9999,-9999,unassigned,N/A,-9999,-9999,N/A,-9999,-9999,-9999,-9999,-9999,-9999,-9999,-9999,-9999
47,138.875434,138.875442782,-9999,12097756,-9999,1862946.8,26.04,-1,-9999,-9999,-9999,-9999,-9999,-9999,-9999,unassigned,N/A,-9999,-9999,N/A,-9999,-9999,-9999,-9999,-9999,-9999,-9999,-9999,-9999
49,139.039749,139.039757859,-9999,6900479,-9999,2065554.5,14,-1,-9999,-9999,-9999,-9999,-9999,-9999,-9999,unassigned,N/A,-9999,-9999,N/A,-9999,-9999,-9999,-9999,-9999,-9999,-9999,-9999,-9999
52,140.917119,140.917128743,-9999,8213215.5,-9999,2131886.2,17.04,-1,-9999,-9999,-9999,-9999,-9999,-9999,-9999,unassigned,N/A,-9999,-9999,N/A,-9999,-9999,-9999,-9999,-9999,-9999,-9999,-9999,-9999
53,140.917429,140.917438743,-9999,36168416,-9999,1729843.5,81.81,-1,-9999,-9999,-9999,-9999,-9999,-9999,-9999,unassigned,N/A,-9999,-9999,N/A,-9999,-9999,-9999,-9999,-9999,-9999,-9999,-9999,-9999
58,143.034637,143.03464774,-9999,8241598,-9999,2190035.1,17.07,-1,-9999,-9999,-9999,-9999,-9999,-9999,-9999,unassigned,N/A,-9999,-9999,N/A,-9999,-9999,-9999,-9999,-9999,-9999,-9999,-9999,-9999
62,144.869346,144.869357603,-9999,40405232,-9999,2014697.1,91.31,-1,-9999,-9999,-9999,-9999,-9999,-9999,-9999,unassigned,N/A,-9999,-9999,N/A,-9999,-9999,-9999,-9999,-9999,-9999,-9999,-9999,-9999
63,144.869676,144.869687604,-9999,176367856,-9999,1672554.7,405.26,-1,-9999,-9999,-9999,-9999,-9999,-9999,-9999,unassigned,N/A,-9999,-9999,N/A,-9999,-9999,-9999,-9999,-9999,-9999,-9999,-9999,-9999
64,144.870024,144.870035604,-9999,17262830,-9999,2034511,37.87,-1,-9999,-9999,-9999,-9999,-9999,-9999,-9999,unassigned,N/A,-9999,-9999,N/A,-9999,-9999,-9999,-9999,-9999,-9999,-9999,-9999,-9999
65,144.972911,144.972922652,-9999,9305377,-9999,1808444.8,19.5,-1,-9999,-9999,-9999,-9999,-9999,-9999,-9999,unassigned,N/A,-9999,-9999,N/A,-9999,-9999,-9999,-9999,-9999,-9999,-9999,-9999,-9999
66,145.050275,145.050286689,-9999,58165576,-9999,1950388.3,132.32,-1,-9999,-9999,-9999,-9999,-9999,-9999,-9999,unassigned,N/A,-9999,-9999,N/A,-9999,-9999,-9999,-9999,-9999,-9999,-9999,-9999,-9999
68,145.050949,145.050960689,-9999,27109704,-9999,1934890.7,60.61,-1,-9999,-9999,-9999,-9999,-9999,-9999,-9999,unassigned,N/A,-9999,-9999,N/A,-9999,-9999,-9999,-9999,-9999,-9999,-9999,-9999,-9999
69,145.086665,145.086676706,-9999,9446746,-9999,2028509.8,19.82,-1,-9999,-9999,-9999,-9999,-9999,-9999,-9999,unassigned,N/A,-9999,-9999,N/A,-9999,-9999,-9999,-9999,-9999,-9999,-9999,-9999,-9999
71,146.024395,146.024407147,-9999,41249608,-9999,1935182.4,93.26,-1,-9999,-9999,-9999,-9999,-9999,-9999,-9999,unassigned,N/A,-9999,-9999,N/A,-9999,-9999,-9999,-9999,-9999,-9999,-9999,-9999,-9999
73,146.025082,146.025094147,-9999,19360582,-9999,1823682,42.63,-1,-9999,-9999,-9999,-9999,-9999,-9999,-9999,unassigned,N/A,-9999,-9999,N/A,-9999,-9999,-9999,-9999,-9999,-9999,-9999,-9999,-9999
75,146.866386,146.866398544,-9999,33434916,-9999,1960018.3,75.07,-1,-9999,-9999,-9999,-9999,-9999,-9999,-9999,unassigned,N/A,-9999,-9999,N/A,-9999,-9999,-9999,-9999,-9999,-9999,-9999,-9999,-9999
76,146.866725,146.866737544,-9999,153644320,-9999,1662890.5,352.13,-1,-9999,-9999,-9999,-9999,-9999,-9999,-9999,unassigned,N/A,-9999,-9999,N/A,-9999,-9999,-9999,-9999,-9999,-9999,-9999,-9999,-9999
77,146.867083,146.867095544,-9999,14521637,-9999,2005265,31.48,-1,-9999,-9999,-9999,-9999,-9999,-9999,-9999,unassigned,N/A,-9999,-9999,N/A,-9999,-9999,-9999,-9999,-9999,-9999,-9999,-9999,-9999
80,147.029866,147.02987862,-9999,6261125,-9999,1825585.4,12.44,-1,-9999,-9999,-9999,-9999,-9999,-9999,-9999,unassigned,N/A,-9999,-9999,N/A,-9999,-9999,-9999,-9999,-9999,-9999,-9999,-9999,-9999
82,148.86342,148.863433484,-9999,13804054,-9999,2000263.8,29.77,-1,-9999,-9999,-9999,-9999,-9999,-9999,-9999,unassigned,N/A,-9999,-9999,N/A,-9999,-9999,-9999,-9999,-9999,-9999,-9999,-9999,-9999
83,148.863769,148.863782484,-9999,57176600,-9999,1757683.2,129.54,-1,-9999,-9999,-9999,-9999,-9999,-9999,-9999,unassigned,N/A,-9999,-9999,N/A,-9999,-9999,-9999,-9999,-9999,-9999,-9999,-9999,-9999
84,149.024049,149.024062559,-9999,10013315,-9999,1906583.6,21.05,-1,-9999,-9999,-9999,-9999,-9999,-9999,-9999,unassigned,N/A,-9999,-9999,N/A,-9999,-9999,-9999,-9999,-9999,-9999,-9999,-9999,-9999
88,150.886265,150.886279436,-9999,12394444,-9999,2056720.2,26.47,-1,-9999,-9999,-9999,-9999,-9999,-9999,-9999,unassigned,N/A,-9999,-9999,N/A,-9999,-9999,-9999,-9999,-9999,-9999,-9999,-9999,-9999
89,150.886626,150.886640436,-9999,73684936,-9999,1702418.1,167.19,-1,-9999,-9999,-9999,-9999,-9999,-9999,-9999,unassigned,N/A,-9999,-9999,N/A,-9999,-9999,-9999,-9999,-9999,-9999,-9999,-9999,-9999
90,150.886988,150.887002436,-9999,7033804.5,-9999,1696672,14.16,-1,-9999,-9999,-9999,-9999,-9999,-9999,-9999,unassigned,N/A,-9999,-9999,N/A,-9999,-9999,-9999,-9999,-9999,-9999,-9999,-9999,-9999
91,151.039682,151.039696508,-9999,15528002,-9999,1891082.5,33.66,-1,-9999,-9999,-9999,-9999,-9999,-9999,-9999,unassigned,N/A,-9999,-9999,N/A,-9999,-9999,-9999,-9999,-9999,-9999,-9999,-9999,-9999
93,151.040412,151.040426508,-9999,8941634,-9999,1742891.9,18.54,-1,-9999,-9999,-9999,-9999,-9999,-9999,-9999,unassigned,N/A,-9999,-9999,N/A,-9999,-9999,-9999,-9999,-9999,-9999,-9999,-9999,-9999
96,152.883297,152.883312376,-9999,12830230,-9999,1889041.8,27.41,-1,-9999,-9999,-9999,-9999,-9999,-9999,-9999,unassigned,N/A,-9999,-9999,N/A,-9999,-9999,-9999,-9999,-9999,-9999,-9999,-9999,-9999
97,152.88367,152.883685376,-9999,66338328,-9999,1646612.1,150.02,-1,-9999,-9999,-9999,-9999,-9999,-9999,-9999,unassigned,N/A,-9999,-9999,N/A,-9999,-9999,-9999,-9999,-9999,-9999,-9999,-9999,-9999
98,152.884057,152.884072376,-9999,8028694.5,-9999,1737100.2,16.41,-1,-9999,-9999,-9999,-9999,-9999,-9999,-9999,unassigned,N/A,-9999,-9999,N/A,-9999,-9999,-9999,-9999,-9999,-9999,-9999,-9999,-9999
99,153.018936,153.01895144,-9999,27012746,-9999,1920741.9,59.91,-1,-9999,-9999,-9999,-9999,-9999,-9999,-9999,unassigned,N/A,-9999,-9999,N/A,-9999,-9999,-9999,-9999,-9999,-9999,-9999,-9999,-9999
101,153.019692,153.01970744,-9999,12500618,-9999,1812365.3,26.66,-1,-9999,-9999,-9999,-9999,-9999,-9999,-9999,unassigned,N/A,-9999,-9999,N/A,-9999,-9999,-9999,-9999,-9999,-9999,-9999,-9999,-9999
106,154.880718,154.880734316,-9999,26707196,-9999,1611360,59.09,-1,-9999,-9999,-9999,-9999,-9999,-9999,-9999,unassigned,N/A,-9999,-9999,N/A,-9999,-9999,-9999,-9999,-9999,-9999,-9999,-9999,-9999
107,154.933074,154.933090341,-9999,28980524,-9999,1626826.8,64.28,-1,-9999,-9999,-9999,-9999,-9999,-9999,-9999,unassigned,N/A,-9999,-9999,N/A,-9999,-9999,-9999,-9999,-9999,-9999,-9999,-9999,-9999
108,154.998194,154.998210371,-9999,6838632,-9999,1953485,13.65,-1,-9999,-9999,-9999,-9999,-9999,-9999,-9999,unassigned,N/A,-9999,-9999,N/A,-9999,-9999,-9999,-9999,-9999,-9999,-9999,-9999,-9999
110,155.034579,155.034595389,-9999,6706570,-9999,1890421.7,13.35,-1,-9999,-9999,-9999,-9999,-9999,-9999,-9999,unassigned,N/A,-9999,-9999,N/A,-9999,-9999,-9999,-9999,-9999,-9999,-9999,-9999,-9999
115,157.00617,157.006187317,-9999,6660337,-9999,1785389.2,13.21,-1,-9999,-9999,-9999,-9999,-9999,-9999,-9999,unassigned,N/A,-9999,-9999,N/A,-9999,-9999,-9999,-9999,-9999,-9999,-9999,-9999,-9999
116,157.050216,157.050233337,-9999,19205406,-9999,1878796.2,41.84,-1,-9999,-9999,-9999,-9999,-9999,-9999,-9999,unassigned,N/A,-9999,-9999,N/A,-9999,-9999,-9999,-9999,-9999,-9999,-9999,-9999,-9999
118,157.051012,157.051029338,-9999,9540894,-9999,1789913.2,19.78,-1,-9999,-9999,-9999,-9999,-9999,-9999,-9999,unassigned,N/A,-9999,-9999,N/A,-9999,-9999,-9999,-9999,-9999,-9999,-9999,-9999,-9999
122,158.988561,158.98857925,-9999,8615142,-9999,1612553.6,17.63,-1,-9999,-9999,-9999,-9999,-9999,-9999,-9999,unassigned,N/A,-9999,-9999,N/A,-9999,-9999,-9999,-9999,-9999,-9999,-9999,-9999,-9999
123,159.065851,159.065869286,-9999,49157432,-9999,1824391.2,109.95,-1,-9999,-9999,-9999,-9999,-9999,-9999,-9999,unassigned,N/A,-9999,-9999,N/A,-9999,-9999,-9999,-9999,-9999,-9999,-9999,-9999,-9999
125,159.066664,159.066682287,-9999,24364344,-9999,1653919,53.49,-1,-9999,-9999,-9999,-9999,-9999,-9999,-9999,unassigned,N/A,-9999,-9999,N/A,-9999,-9999,-9999,-9999,-9999,-9999,-9999,-9999,-9999
129,160.842014,160.842033122,-9999,24734916,-9999,1600243,54.21,-1,-9999,-9999,-9999,-9999,-9999,-9999,-9999,unassigned,N/A,-9999,-9999,N/A,-9999,-9999,-9999,-9999,-9999,-9999,-9999,-9999,-9999
130,161.023975,161.023994208,-9999,7562638.5,-9999,1945358.2,15.19,-1,-9999,-9999,-9999,-9999,-9999,-9999,-9999,unassigned,N/A,-9999,-9999,N/A,-9999,-9999,-9999,-9999,-9999,-9999,-9999,-9999,-9999
135,162.019218,162.019237676,-9999,14819829,-9999,1863454.6,31.61,-1,-9999,-9999,-9999,-9999,-9999,-9999,-9999,unassigned,N/A,-9999,-9999,N/A,-9999,-9999,-9999,-9999,-9999,-9999,-9999,-9999,-9999
137,162.02006,162.020079677,-9999,7181814,-9999,1646721.5,14.29,-1,-9999,-9999,-9999,-9999,-9999,-9999,-9999,unassigned,N/A,-9999,-9999,N/A,-9999,-9999,-9999,-9999,-9999,-9999,-9999,-9999,-9999
138,162.839066,162.839086062,-9999,20686250,-9999,1522879.4,44.91,-1,-9999,-9999,-9999,-9999,-9999,-9999,-9999,unassigned,N/A,-9999,-9999,N/A,-9999,-9999,-9999,-9999,-9999,-9999,-9999,-9999,-9999
139,162.842,162.842020064,-9999,12334509,-9999,1912601.2,25.97,-1,-9999,-9999,-9999,-9999,-9999,-9999,-9999,unassigned,N/A,-9999,-9999,N/A,-9999,-9999,-9999,-9999,-9999,-9999,-9999,-9999,-9999
140,162.842423,162.842443064,-9999,88974768,-9999,1515277.4,199.73,-1,-9999,-9999,-9999,-9999,-9999,-9999,-9999,unassigned,N/A,-9999,-9999,N/A,-9999,-9999,-9999,-9999,-9999,-9999,-9999,-9999,-9999
141,162.842862,162.842882064,-9999,9428398,-9999,1714962.7,19.39,-1,-9999,-9999,-9999,-9999,-9999,-9999,-9999,unassigned,N/A,-9999,-9999,N/A,-9999,-9999,-9999,-9999,-9999,-9999,-9999,-9999,-9999
142,162.982371,162.98239113,-9999,9592401,-9999,1454134.4,19.76,-1,-9999,-9999,-9999,-9999,-9999,-9999,-9999,unassigned,N/A,-9999,-9999,N/A,-9999,-9999,-9999,-9999,-9999,-9999,-9999,-9999,-9999
144,163.039614,163.039634157,-9999,7995027.5,-9999,2083075.8,16.14,-1,-9999,-9999,-9999,-9999,-9999,-9999,-9999,unassigned,N/A,-9999,-9999,N/A,-9999,-9999,-9999,-9999,-9999,-9999,-9999,-9999,-9999
146,163.040461,163.040481157,-9999,6319764.5,-9999,1735668.8,12.34,-1,-9999,-9999,-9999,-9999,-9999,-9999,-9999,unassigned,N/A,-9999,-9999,N/A,-9999,-9999,-9999,-9999,-9999,-9999,-9999,-9999,-9999
149,164.043392,164.043412629,-9999,6628153,-9999,1755591.8,13,-1,-9999,-9999,-9999,-9999,-9999,-9999,-9999,unassigned,N/A,-9999,-9999,N/A,-9999,-9999,-9999,-9999,-9999,-9999,-9999,-9999,-9999
150,164.836133,164.836154002,-9999,7111413,-9999,1498905.5,14.09,-1,-9999,-9999,-9999,-9999,-9999,-9999,-9999,unassigned,N/A,-9999,-9999,N/A,-9999,-9999,-9999,-9999,-9999,-9999,-9999,-9999,-9999
151,164.837863,164.837884003,-9999,40087288,-9999,1639704,88.69,-1,-9999,-9999,-9999,-9999,-9999,-9999,-9999,unassigned,N/A,-9999,-9999,N/A,-9999,-9999,-9999,-9999,-9999,-9999,-9999,-9999,-9999
152,164.839468,164.839489004,-9999,95284984,-9999,1582065.8,213.54,-1,-9999,-9999,-9999,-9999,-9999,-9999,-9999,unassigned,N/A,-9999,-9999,N/A,-9999,-9999,-9999,-9999,-9999,-9999,-9999,-9999,-9999
153,164.839898,164.839919004,-9999,8349433.5,-9999,1761389.2,16.9,-1,-9999,-9999,-9999,-9999,-9999,-9999,-9999,unassigned,N/A,-9999,-9999,N/A,-9999,-9999,-9999,-9999,-9999,-9999,-9999,-9999,-9999
154,165.018435,165.018456088,-9999,154890192,-9999,1771991.1,348.37,-1,-9999,-9999,-9999,-9999,-9999,-9999,-9999,unassigned,N/A,-9999,-9999,N/A,-9999,-9999,-9999,-9999,-9999,-9999,-9999,-9999,-9999
155,165.018868,165.018889088,-9999,562393024,-9999,1728823,1270.14,-1,-9999,-9999,-9999,-9999,-9999,-9999,-9999,unassigned,N/A,-9999,-9999,N/A,-9999,-9999,-9999,-9999,-9999,-9999,-9999,-9999,-9999
157,165.019743,165.019764089,-9999,295792608,-9999,1436226.7,667.09,-1,-9999,-9999,-9999,-9999,-9999,-9999,-9999,unassigned,N/A,-9999,-9999,N/A,-9999,-9999,-9999,-9999,-9999,-9999,-9999,-9999,-9999
158,165.03237,165.032391095,-9999,17633252,-9999,1549179.1,37.89,-1,-9999,-9999,-9999,-9999,-9999,-9999,-9999,unassigned,N/A,-9999,-9999,N/A,-9999,-9999,-9999,-9999,-9999,-9999,-9999,-9999,-9999
160,166.022218,166.022239561,-9999,52294824,-9999,1755597.3,116.02,-1,-9999,-9999,-9999,-9999,-9999,-9999,-9999,unassigned,N/A,-9999,-9999,N/A,-9999,-9999,-9999,-9999,-9999,-9999,-9999,-9999,-9999
162,166.023104,166.023125561,-9999,29037736,-9999,1617694.8,63.54,-1,-9999,-9999,-9999,-9999,-9999,-9999,-9999,unassigned,N/A,-9999,-9999,N/A,-9999,-9999,-9999,-9999,-9999,-9999,-9999,-9999,-9999
163,166.834913,166.834934943,-9999,35010720,-9999,1575020.6,77.02,-1,-9999,-9999,-9999,-9999,-9999,-9999,-9999,unassigned,N/A,-9999,-9999,N/A,-9999,-9999,-9999,-9999,-9999,-9999,-9999,-9999,-9999
164,166.836518,166.836539944,-9999,30562464,-9999,1544360.4,66.98,-1,-9999,-9999,-9999,-9999,-9999,-9999,-9999,unassigned,N/A,-9999,-9999,N/A,-9999,-9999,-9999,-9999,-9999,-9999,-9999,-9999,-9999
167,167.034505,167.034527037,-9999,6353306,-9999,2074147.6,12.34,-1,-9999,-9999,-9999,-9999,-9999,-9999,-9999,unassigned,N/A,-9999,-9999,N/A,-9999,-9999,-9999,-9999,-9999,-9999,-9999,-9999,-9999
169,167.048018,167.048040044,-9999,42244524,-9999,1493807.2,93.34,-1,-9999,-9999,-9999,-9999,-9999,-9999,-9999,unassigned,N/A,-9999,-9999,N/A,-9999,-9999,-9999,-9999,-9999,-9999,-9999,-9999,-9999
172,168.831967,168.831989883,-9999,11651734,-9999,1584232.7,24.24,-1,-9999,-9999,-9999,-9999,-9999,-9999,-9999,unassigned,N/A,-9999,-9999,N/A,-9999,-9999,-9999,-9999,-9999,-9999,-9999,-9999,-9999
173,168.836219,168.836241885,-9999,23626396,-9999,1526771.2,51.2,-1,-9999,-9999,-9999,-9999,-9999,-9999,-9999,unassigned,N/A,-9999,-9999,N/A,-9999,-9999,-9999,-9999,-9999,-9999,-9999,-9999,-9999
174,168.989339,168.989361958,-9999,15217507,-9999,1613697.1,32.27,-1,-9999,-9999,-9999,-9999,-9999,-9999,-9999,unassigned,N/A,-9999,-9999,N/A,-9999,-9999,-9999,-9999,-9999,-9999,-9999,-9999,-9999
175,169.013756,169.013778969,-9999,6968194.5,-9999,1918653.6,13.69,-1,-9999,-9999,-9999,-9999,-9999,-9999,-9999,unassigned,N/A,-9999,-9999,N/A,-9999,-9999,-9999,-9999,-9999,-9999,-9999,-9999,-9999
177,169.045064,169.045086984,-9999,12862379,-9999,1390024.5,26.96,-1,-9999,-9999,-9999,-9999,-9999,-9999,-9999,unassigned,N/A,-9999,-9999,N/A,-9999,-9999,-9999,-9999,-9999,-9999,-9999,-9999,-9999
180,170.833113,170.833136825,-9999,11654362,-9999,1313491,24.18,-1,-9999,-9999,-9999,-9999,-9999,-9999,-9999,unassigned,N/A,-9999,-9999,N/A,-9999,-9999,-9999,-9999,-9999,-9999,-9999,-9999,-9999
181,170.833269,170.833292826,-9999,17976538,-9999,1309739,38.38,-1,-9999,-9999,-9999,-9999,-9999,-9999,-9999,unassigned,N/A,-9999,-9999,N/A,-9999,-9999,-9999,-9999,-9999,-9999,-9999,-9999,-9999
182,171.021802,171.021825914,-9999,21450196,-9999,1550001.8,46.18,-1,-9999,-9999,-9999,-9999,-9999,-9999,-9999,unassigned,N/A,-9999,-9999,N/A,-9999,-9999,-9999,-9999,-9999,-9999,-9999,-9999,-9999
184,171.065788,171.065811935,-9999,15232527,-9999,1788160.1,32.21,-1,-9999,-9999,-9999,-9999,-9999,-9999,-9999,unassigned,N/A,-9999,-9999,N/A,-9999,-9999,-9999,-9999,-9999,-9999,-9999,-9999,-9999
189,172.830161,172.830185766,-9999,11454291,-9999,1424762.9,23.66,-1,-9999,-9999,-9999,-9999,-9999,-9999,-9999,unassigned,N/A,-9999,-9999,N/A,-9999,-9999,-9999,-9999,-9999,-9999,-9999,-9999,-9999
190,172.830335,172.830359766,-9999,6711123.5,-9999,1390076.3,13.04,-1,-9999,-9999,-9999,-9999,-9999,-9999,-9999,unassigned,N/A,-9999,-9999,N/A,-9999,-9999,-9999,-9999,-9999,-9999,-9999,-9999,-9999
191,172.83192,172.831944766,-9999,7960405.5,-9999,1523080.5,15.84,-1,-9999,-9999,-9999,-9999,-9999,-9999,-9999,unassigned,N/A,-9999,-9999,N/A,-9999,-9999,-9999,-9999,-9999,-9999,-9999,-9999,-9999
192,173.00059,173.000614846,-9999,9377850,-9999,1943028.6,19.01,-1,-9999,-9999,-9999,-9999,-9999,-9999,-9999,unassigned,N/A,-9999,-9999,N/A,-9999,-9999,-9999,-9999,-9999,-9999,-9999,-9999,-9999
195,173.081427,173.081451884,-9999,28457128,-9999,1762327,61.75,-1,-9999,-9999,-9999,-9999,-9999,-9999,-9999,unassigned,N/A,-9999,-9999,N/A,-9999,-9999,-9999,-9999,-9999,-9999,-9999,-9999,-9999
199,174.828962,174.828987706,-9999,7182847.5,-9999,1500536.8,14.09,-1,-9999,-9999,-9999,-9999,-9999,-9999,-9999,unassigned,N/A,-9999,-9999,N/A,-9999,-9999,-9999,-9999,-9999,-9999,-9999,-9999,-9999
200,174.998114,174.998139786,-9999,24371944,-9999,1465016.5,52.59,-1,-9999,-9999,-9999,-9999,-9999,-9999,-9999,unassigned,N/A,-9999,-9999,N/A,-9999,-9999,-9999,-9999,-9999,-9999,-9999,-9999,-9999
205,176.894101,176.894127679,-9999,22932782,-9999,1472988.3,49.24,-1,-9999,-9999,-9999,-9999,-9999,-9999,-9999,unassigned,N/A,-9999,-9999,N/A,-9999,-9999,-9999,-9999,-9999,-9999,-9999,-9999,-9999
209,179.034438,179.034465686,-9999,23951588,-9999,1657783.3,51.37,-1,-9999,-9999,-9999,-9999,-9999,-9999,-9999,unassigned,N/A,-9999,-9999,N/A,-9999,-9999,-9999,-9999,-9999,-9999,-9999,-9999,-9999
214,181.013688,181.013716618,-9999,52380616,-9999,1604834.7,114.4,-1,-9999,-9999,-9999,-9999,-9999,-9999,-9999,unassigned,N/A,-9999,-9999,N/A,-9999,-9999,-9999,-9999,-9999,-9999,-9999,-9999,-9999
223,184.01522,184.015250031,-9999,6892625,-9999,1509561.5,13.27,-1,-9999,-9999,-9999,-9999,-9999,-9999,-9999,unassigned,N/A,-9999,-9999,N/A,-9999,-9999,-9999,-9999,-9999,-9999,-9999,-9999,-9999
228,187.096984,187.097015481,-9999,20612400,-9999,1630428.7,43.53,-1,-9999,-9999,-9999,-9999,-9999,-9999,-9999,unassigned,N/A,-9999,-9999,N/A,-9999,-9999,-9999,-9999,-9999,-9999,-9999,-9999,-9999
232,189.013758,189.013790384,-9999,7487377,-9999,1533705.8,14.48,-1,-9999,-9999,-9999,-9999,-9999,-9999,-9999,unassigned,N/A,-9999,-9999,N/A,-9999,-9999,-9999,-9999,-9999,-9999,-9999,-9999,-9999
237,190.013961,190.013993854,-9999,9155822,-9999,1562585.9,18.16,-1,-9999,-9999,-9999,-9999,-9999,-9999,-9999,unassigned,N/A,-9999,-9999,N/A,-9999,-9999,-9999,-9999,-9999,-9999,-9999,-9999,-9999
248,194.053949,194.053983756,-9999,6586906.5,-9999,1465312.8,12.45,-1,-9999,-9999,-9999,-9999,-9999,-9999,-9999,unassigned,N/A,-9999,-9999,N/A,-9999,-9999,-9999,-9999,-9999,-9999,-9999,-9999,-9999
254,195.810864,195.810899583,-9999,40080132,-9999,1404229.4,85.73,-1,-9999,-9999,-9999,-9999,-9999,-9999,-9999,unassigned,N/A,-9999,-9999,N/A,-9999,-9999,-9999,-9999,-9999,-9999,-9999,-9999,-9999
256,197.039972,197.040008162,-9999,10139931,-9999,1461399.9,20.18,-1,-9999,-9999,-9999,-9999,-9999,-9999,-9999,unassigned,N/A,-9999,-9999,N/A,-9999,-9999,-9999,-9999,-9999,-9999,-9999,-9999,-9999
259,197.807909,197.807945523,-9999,50978012,-9999,1351015.8,109.23,-1,-9999,-9999,-9999,-9999,-9999,-9999,-9999,unassigned,N/A,-9999,-9999,N/A,-9999,-9999,-9999,-9999,-9999,-9999,-9999,-9999,-9999
260,198.988379,198.988416079,-9999,10048134,-9999,1489605.2,19.91,-1,-9999,-9999,-9999,-9999,-9999,-9999,-9999,unassigned,N/A,-9999,-9999,N/A,-9999,-9999,-9999,-9999,-9999,-9999,-9999,-9999,-9999
263,199.804953,199.804990463,-9999,25765472,-9999,1421411.7,54.2,-1,-9999,-9999,-9999,-9999,-9999,-9999,-9999,unassigned,N/A,-9999,-9999,N/A,-9999,-9999,-9999,-9999,-9999,-9999,-9999,-9999,-9999
270,202.116556,202.116594552,-9999,6752492,-9999,1416089.2,12.66,-1,-9999,-9999,-9999,-9999,-9999,-9999,-9999,unassigned,N/A,-9999,-9999,N/A,-9999,-9999,-9999,-9999,-9999,-9999,-9999,-9999,-9999
271,202.828294,202.828332887,-9999,8229903,-9999,1442027.1,15.88,-1,-9999,-9999,-9999,-9999,-9999,-9999,-9999,unassigned,N/A,-9999,-9999,N/A,-9999,-9999,-9999,-9999,-9999,-9999,-9999,-9999,-9999
272,202.993022,202.993060964,-9999,48657608,-9999,1332129.9,103.8,-1,-9999,-9999,-9999,-9999,-9999,-9999,-9999,unassigned,N/A,-9999,-9999,N/A,-9999,-9999,-9999,-9999,-9999,-9999,-9999,-9999,-9999
275,204.825334,204.825373827,-9999,10661007,-9999,1384013.1,21.09,-1,-9999,-9999,-9999,-9999,-9999,-9999,-9999,unassigned,N/A,-9999,-9999,N/A,-9999,-9999,-9999,-9999,-9999,-9999,-9999,-9999,-9999
284,209.008415,209.008456796,-9999,41110724,-9999,1408368.1,86.93,-1,-9999,-9999,-9999,-9999,-9999,-9999,-9999,unassigned,N/A,-9999,-9999,N/A,-9999,-9999,-9999,-9999,-9999,-9999,-9999,-9999,-9999
291,210.842285,210.842327659,-9999,6599452,-9999,1315828.8,12.25,-1,-9999,-9999,-9999,-9999,-9999,-9999,-9999,unassigned,N/A,-9999,-9999,N/A,-9999,-9999,-9999,-9999,-9999,-9999,-9999,-9999,-9999
294,211.05562,211.05566276,-9999,9999313,-9999,1435616.8,19.61,-1,-9999,-9999,-9999,-9999,-9999,-9999,-9999,unassigned,N/A,-9999,-9999,N/A,-9999,-9999,-9999,-9999,-9999,-9999,-9999,-9999,-9999
297,212.979156,212.979199665,-9999,15055337,-9999,1221842.5,30.49,-1,-9999,-9999,-9999,-9999,-9999,-9999,-9999,unassigned,N/A,-9999,-9999,N/A,-9999,-9999,-9999,-9999,-9999,-9999,-9999,-9999,-9999
312,220.146845,220.146892039,-9999,15150184,-9999,1241037.3,30.58,-1,-9999,-9999,-9999,-9999,-9999,-9999,-9999,unassigned,N/A,-9999,-9999,N/A,-9999,-9999,-9999,-9999,-9999,-9999,-9999,-9999,-9999
319,222.977904,222.977952372,-9999,40137228,-9999,1164003.3,84.21,-1,-9999,-9999,-9999,-9999,-9999,-9999,-9999,unassigned,N/A,-9999,-9999,N/A,-9999,-9999,-9999,-9999,-9999,-9999,-9999,-9999,-9999
323,224.07756,224.077608889,-9999,8463359,-9999,1179826.3,16.15,-1,-9999,-9999,-9999,-9999,-9999,-9999,-9999,unassigned,N/A,-9999,-9999,N/A,-9999,-9999,-9999,-9999,-9999,-9999,-9999,-9999,-9999
324,224.974961,224.975010312,-9999,15299969,-9999,1292435.6,30.84,-1,-9999,-9999,-9999,-9999,-9999,-9999,-9999,unassigned,N/A,-9999,-9999,N/A,-9999,-9999,-9999,-9999,-9999,-9999,-9999,-9999,-9999
327,225.071261,225.071310357,-9999,23737768,-9999,1160841.8,48.97,-1,-9999,-9999,-9999,-9999,-9999,-9999,-9999,unassigned,N/A,-9999,-9999,N/A,-9999,-9999,-9999,-9999,-9999,-9999,-9999,-9999,-9999
356,236.965865,236.965919956,-9999,17662644,-9999,1205844.9,35.7,-1,-9999,-9999,-9999,-9999,-9999,-9999,-9999,unassigned,N/A,-9999,-9999,N/A,-9999,-9999,-9999,-9999,-9999,-9999,-9999,-9999,-9999
360,237.071258,237.071313006,-9999,7635653,-9999,1230510.3,14.28,-1,-9999,-9999,-9999,-9999,-9999,-9999,-9999,unassigned,N/A,-9999,-9999,N/A,-9999,-9999,-9999,-9999,-9999,-9999,-9999,-9999,-9999
367,239.086918,239.086973955,-9999,10085354,-9999,1159983,19.51,-1,-9999,-9999,-9999,-9999,-9999,-9999,-9999,unassigned,N/A,-9999,-9999,N/A,-9999,-9999,-9999,-9999,-9999,-9999,-9999,-9999,-9999
386,243.133462,243.13351986,-9999,253396352,-9999,1114804.9,538.1,-1,-9999,-9999,-9999,-9999,-9999,-9999,-9999,unassigned,N/A,-9999,-9999,N/A,-9999,-9999,-9999,-9999,-9999,-9999,-9999,-9999,-9999
388,244.136816,244.136874332,-9999,39585220,-9999,1087331.4,82.35,-1,-9999,-9999,-9999,-9999,-9999,-9999,-9999,unassigned,N/A,-9999,-9999,N/A,-9999,-9999,-9999,-9999,-9999,-9999,-9999,-9999,-9999
394,246.982837,246.982896672,-9999,14386762,-9999,1171737.1,28.57,-1,-9999,-9999,-9999,-9999,-9999,-9999,-9999,unassigned,N/A,-9999,-9999,N/A,-9999,-9999,-9999,-9999,-9999,-9999,-9999,-9999,-9999
406,249.071243,249.071303655,-9999,6698617.5,-9999,1156552.6,12.22,-1,-9999,-9999,-9999,-9999,-9999,-9999,-9999,unassigned,N/A,-9999,-9999,N/A,-9999,-9999,-9999,-9999,-9999,-9999,-9999,-9999,-9999
409,249.107638,249.107698672,-9999,24856186,-9999,1103221.9,50.84,-1,-9999,-9999,-9999,-9999,-9999,-9999,-9999,unassigned,N/A,-9999,-9999,N/A,-9999,-9999,-9999,-9999,-9999,-9999,-9999,-9999,-9999
414,250.981502,250.981563554,-9999,23398022,-9999,1107711.8,47.63,-1,-9999,-9999,-9999,-9999,-9999,-9999,-9999,unassigned,N/A,-9999,-9999,N/A,-9999,-9999,-9999,-9999,-9999,-9999,-9999,-9999,-9999
419,251.086905,251.086966604,-9999,8038023,-9999,1068394.5,15.04,-1,-9999,-9999,-9999,-9999,-9999,-9999,-9999,unassigned,N/A,-9999,-9999,N/A,-9999,-9999,-9999,-9999,-9999,-9999,-9999,-9999,-9999
428,253.102557,253.102619552,-9999,7595642,-9999,1237580.2,14.1,-1,-9999,-9999,-9999,-9999,-9999,-9999,-9999,unassigned,N/A,-9999,-9999,N/A,-9999,-9999,-9999,-9999,-9999,-9999,-9999,-9999,-9999
433,255.081818,255.081881484,-9999,7362137.5,-9999,1156687.8,13.6,-1,-9999,-9999,-9999,-9999,-9999,-9999,-9999,unassigned,N/A,-9999,-9999,N/A,-9999,-9999,-9999,-9999,-9999,-9999,-9999,-9999,-9999
450,259.055592,259.055657355,-9999,7149045.5,-9999,1060727.7,13.12,-1,-9999,-9999,-9999,-9999,-9999,-9999,-9999,unassigned,N/A,-9999,-9999,N/A,-9999,-9999,-9999,-9999,-9999,-9999,-9999,-9999,-9999
455,259.128367,259.128432389,-9999,8955379,-9999,1181740.4,16.94,-1,-9999,-9999,-9999,-9999,-9999,-9999,-9999,unassigned,N/A,-9999,-9999,N/A,-9999,-9999,-9999,-9999,-9999,-9999,-9999,-9999,-9999
470,262.783942,262.78400911,-9999,9930126,-9999,1055255.2,18.96,-1,-9999,-9999,-9999,-9999,-9999,-9999,-9999,unassigned,N/A,-9999,-9999,N/A,-9999,-9999,-9999,-9999,-9999,-9999,-9999,-9999,-9999
484,265.102558,265.102626201,-9999,9405787,-9999,1138831.2,17.85,-1,-9999,-9999,-9999,-9999,-9999,-9999,-9999,unassigned,N/A,-9999,-9999,N/A,-9999,-9999,-9999,-9999,-9999,-9999,-9999,-9999,-9999
488,266.967717,266.967786079,-9999,49874240,-9999,1024436.9,103.04,-1,-9999,-9999,-9999,-9999,-9999,-9999,-9999,unassigned,N/A,-9999,-9999,N/A,-9999,-9999,-9999,-9999,-9999,-9999,-9999,-9999,-9999
494,267.118197,267.11826615,-9999,10667326,-9999,1058365.1,20.46,-1,-9999,-9999,-9999,-9999,-9999,-9999,-9999,unassigned,N/A,-9999,-9999,N/A,-9999,-9999,-9999,-9999,-9999,-9999,-9999,-9999,-9999
495,268.964767,268.964837019,-9999,20022584,-9999,1028269.6,40.17,-1,-9999,-9999,-9999,-9999,-9999,-9999,-9999,unassigned,N/A,-9999,-9999,N/A,-9999,-9999,-9999,-9999,-9999,-9999,-9999,-9999,-9999
499,269.097451,269.097521082,-9999,7542072,-9999,1052300.6,13.88,-1,-9999,-9999,-9999,-9999,-9999,-9999,-9999,unassigned,N/A,-9999,-9999,N/A,-9999,-9999,-9999,-9999,-9999,-9999,-9999,-9999,-9999
521,274.919583,274.919655822,-9999,8611284,-9999,1114088.3,16.08,-1,-9999,-9999,-9999,-9999,-9999,-9999,-9999,unassigned,N/A,-9999,-9999,N/A,-9999,-9999,-9999,-9999,-9999,-9999,-9999,-9999,-9999
523,275.036267,275.036339877,-9999,39683548,-9999,986442.5,81.32,-1,-9999,-9999,-9999,-9999,-9999,-9999,-9999,unassigned,N/A,-9999,-9999,N/A,-9999,-9999,-9999,-9999,-9999,-9999,-9999,-9999,-9999
532,277.033337,277.033410817,-9999,9102946,-9999,1142987.5,17.11,-1,-9999,-9999,-9999,-9999,-9999,-9999,-9999,unassigned,N/A,-9999,-9999,N/A,-9999,-9999,-9999,-9999,-9999,-9999,-9999,-9999,-9999
537,277.102538,277.10261185,-9999,7538279,-9999,1029880.7,13.83,-1,-9999,-9999,-9999,-9999,-9999,-9999,-9999,unassigned,N/A,-9999,-9999,N/A,-9999,-9999,-9999,-9999,-9999,-9999,-9999,-9999,-9999
551,280.14983,280.149905284,-9999,10241932,-9999,1072523.5,19.44,-1,-9999,-9999,-9999,-9999,-9999,-9999,-9999,unassigned,N/A,-9999,-9999,N/A,-9999,-9999,-9999,-9999,-9999,-9999,-9999,-9999,-9999
552,280.936522,280.936597655,-9999,11438056,-9999,986431.9,21.95,-1,-9999,-9999,-9999,-9999,-9999,-9999,-9999,unassigned,N/A,-9999,-9999,N/A,-9999,-9999,-9999,-9999,-9999,-9999,-9999,-9999,-9999
558,281.097443,281.097518731,-9999,8390652,-9999,1115052,15.57,-1,-9999,-9999,-9999,-9999,-9999,-9999,-9999,unassigned,N/A,-9999,-9999,N/A,-9999,-9999,-9999,-9999,-9999,-9999,-9999,-9999,-9999
561,281.13385,281.133925748,-9999,7194624,-9999,1048148.6,13.06,-1,-9999,-9999,-9999,-9999,-9999,-9999,-9999,unassigned,N/A,-9999,-9999,N/A,-9999,-9999,-9999,-9999,-9999,-9999,-9999,-9999,-9999
564,282.93357,282.933646595,-9999,7080173.5,-9999,1145549.9,12.82,-1,-9999,-9999,-9999,-9999,-9999,-9999,-9999,unassigned,N/A,-9999,-9999,N/A,-9999,-9999,-9999,-9999,-9999,-9999,-9999,-9999,-9999
569,283.1131,283.113176679,-9999,9169159,-9999,1076018.1,17.2,-1,-9999,-9999,-9999,-9999,-9999,-9999,-9999,unassigned,N/A,-9999,-9999,N/A,-9999,-9999,-9999,-9999,-9999,-9999,-9999,-9999,-9999
585,285.126356,285.126433627,-9999,9538107,-9999,1529243.5,17.91,-1,-9999,-9999,-9999,-9999,-9999,-9999,-9999,unassigned,N/A,-9999,-9999,N/A,-9999,-9999,-9999,-9999,-9999,-9999,-9999,-9999,-9999
594,287.083835,287.083913548,-9999,7547786.5,-9999,1050332.7,13.76,-1,-9999,-9999,-9999,-9999,-9999,-9999,-9999,unassigned,N/A,-9999,-9999,N/A,-9999,-9999,-9999,-9999,-9999,-9999,-9999,-9999,-9999
606,289.138948,289.139027516,-9999,9129232,-9999,1100373.9,17.05,-1,-9999,-9999,-9999,-9999,-9999,-9999,-9999,unassigned,N/A,-9999,-9999,N/A,-9999,-9999,-9999,-9999,-9999,-9999,-9999,-9999,-9999
613,291.11819,291.118270448,-9999,36048556,-9999,960025.7,73.2,-1,-9999,-9999,-9999,-9999,-9999,-9999,-9999,unassigned,N/A,-9999,-9999,N/A,-9999,-9999,-9999,-9999,-9999,-9999,-9999,-9999,-9999
625,293.13385,293.133931396,-9999,7549037.5,-9999,1047095.1,13.71,-1,-9999,-9999,-9999,-9999,-9999,-9999,-9999,unassigned,N/A,-9999,-9999,N/A,-9999,-9999,-9999,-9999,-9999,-9999,-9999,-9999,-9999
627,293.175409,293.175490416,-9999,12292215,-9999,1887521,23.57,-1,-9999,-9999,-9999,-9999,-9999,-9999,-9999,unassigned,N/A,-9999,-9999,N/A,-9999,-9999,-9999,-9999,-9999,-9999,-9999,-9999,-9999
629,293.206609,293.206690431,-9999,81236096,-9999,938041.9,166.87,-1,-9999,-9999,-9999,-9999,-9999,-9999,-9999,unassigned,N/A,-9999,-9999,N/A,-9999,-9999,-9999,-9999,-9999,-9999,-9999,-9999,-9999
631,294.209946,294.210027903,-9999,13209963,-9999,967092.3,25.47,-1,-9999,-9999,-9999,-9999,-9999,-9999,-9999,unassigned,N/A,-9999,-9999,N/A,-9999,-9999,-9999,-9999,-9999,-9999,-9999,-9999,-9999
638,295.149478,295.149560345,-9999,8352336,-9999,1004606,15.38,-1,-9999,-9999,-9999,-9999,-9999,-9999,-9999,unassigned,N/A,-9999,-9999,N/A,-9999,-9999,-9999,-9999,-9999,-9999,-9999,-9999,-9999
645,297.152549,297.152632288,-9999,14586958,-9999,1779351.9,28.33,-1,-9999,-9999,-9999,-9999,-9999,-9999,-9999,unassigned,N/A,-9999,-9999,N/A,-9999,-9999,-9999,-9999,-9999,-9999,-9999,-9999,-9999
684,306.879679,306.879766867,-9999,6938475.5,-9999,881184.7,12.34,-1,-9999,-9999,-9999,-9999,-9999,-9999,-9999,unassigned,N/A,-9999,-9999,N/A,-9999,-9999,-9999,-9999,-9999,-9999,-9999,-9999,-9999
690,307.149456,307.149543994,-9999,7258050,-9999,932797.6,13,-1,-9999,-9999,-9999,-9999,-9999,-9999,-9999,unassigned,N/A,-9999,-9999,N/A,-9999,-9999,-9999,-9999,-9999,-9999,-9999,-9999,-9999
711,311.144396,311.144485875,-9999,7185644.5,-9999,1034769.7,12.84,-1,-9999,-9999,-9999,-9999,-9999,-9999,-9999,unassigned,N/A,-9999,-9999,N/A,-9999,-9999,-9999,-9999,-9999,-9999,-9999,-9999,-9999
729,314.943152,314.943243663,-9999,10611219,-9999,899998.5,19.83,-1,-9999,-9999,-9999,-9999,-9999,-9999,-9999,unassigned,N/A,-9999,-9999,N/A,-9999,-9999,-9999,-9999,-9999,-9999,-9999,-9999,-9999
763,321.128724,321.128818575,-9999,13136602,-9999,882261.6,25.01,-1,-9999,-9999,-9999,-9999,-9999,-9999,-9999,unassigned,N/A,-9999,-9999,N/A,-9999,-9999,-9999,-9999,-9999,-9999,-9999,-9999,-9999
766,321.165113,321.165207592,-9999,14201575,-9999,864764.6,27.2,-1,-9999,-9999,-9999,-9999,-9999,-9999,-9999,unassigned,N/A,-9999,-9999,N/A,-9999,-9999,-9999,-9999,-9999,-9999,-9999,-9999,-9999
768,321.237887,321.237981626,-9999,58176260,-9999,854979.6,117.56,-1,-9999,-9999,-9999,-9999,-9999,-9999,-9999,unassigned,N/A,-9999,-9999,N/A,-9999,-9999,-9999,-9999,-9999,-9999,-9999,-9999,-9999
770,322.241235,322.241330098,-9999,12194936,-9999,849883.3,22.98,-1,-9999,-9999,-9999,-9999,-9999,-9999,-9999,unassigned,N/A,-9999,-9999,N/A,-9999,-9999,-9999,-9999,-9999,-9999,-9999,-9999,-9999
777,323.144393,323.144488523,-9999,9164234,-9999,806968.4,16.78,-1,-9999,-9999,-9999,-9999,-9999,-9999,-9999,unassigned,N/A,-9999,-9999,N/A,-9999,-9999,-9999,-9999,-9999,-9999,-9999,-9999,-9999
780,323.180766,323.180861541,-9999,13481431,-9999,856762.9,25.61,-1,-9999,-9999,-9999,-9999,-9999,-9999,-9999,unassigned,N/A,-9999,-9999,N/A,-9999,-9999,-9999,-9999,-9999,-9999,-9999,-9999,-9999
781,324.103238,324.103333975,-9999,7132977.5,-9999,845417.3,12.62,-1,-9999,-9999,-9999,-9999,-9999,-9999,-9999,unassigned,N/A,-9999,-9999,N/A,-9999,-9999,-9999,-9999,-9999,-9999,-9999,-9999,-9999
783,324.926283,324.926379362,-9999,7436392,-9999,940742.7,13.24,-1,-9999,-9999,-9999,-9999,-9999,-9999,-9999,unassigned,N/A,-9999,-9999,N/A,-9999,-9999,-9999,-9999,-9999,-9999,-9999,-9999,-9999
790,325.160021,325.160117472,-9999,16382144,-9999,881747.5,31.54,-1,-9999,-9999,-9999,-9999,-9999,-9999,-9999,unassigned,N/A,-9999,-9999,N/A,-9999,-9999,-9999,-9999,-9999,-9999,-9999,-9999,-9999
807,328.958795,328.95889326,-9999,15138403,-9999,844702.6,29,-1,-9999,-9999,-9999,-9999,-9999,-9999,-9999,unassigned,N/A,-9999,-9999,N/A,-9999,-9999,-9999,-9999,-9999,-9999,-9999,-9999,-9999
826,331.149464,331.149563292,-9999,192856480,-9999,824378.5,391.04,-1,-9999,-9999,-9999,-9999,-9999,-9999,-9999,unassigned,N/A,-9999,-9999,N/A,-9999,-9999,-9999,-9999,-9999,-9999,-9999,-9999,-9999
830,332.152812,332.152911764,-9999,33112870,-9999,851973.3,65.51,-1,-9999,-9999,-9999,-9999,-9999,-9999,-9999,unassigned,N/A,-9999,-9999,N/A,-9999,-9999,-9999,-9999,-9999,-9999,-9999,-9999,-9999
851,337.160052,337.160154121,-9999,8587926,-9999,902393.4,15.53,-1,-9999,-9999,-9999,-9999,-9999,-9999,-9999,unassigned,N/A,-9999,-9999,N/A,-9999,-9999,-9999,-9999,-9999,-9999,-9999,-9999,-9999
873,342.124322,342.124426458,-9999,8376793,-9999,843569.2,15.04,-1,-9999,-9999,-9999,-9999,-9999,-9999,-9999,unassigned,N/A,-9999,-9999,N/A,-9999,-9999,-9999,-9999,-9999,-9999,-9999,-9999,-9999
874,342.974433,342.974537858,-9999,11850515,-9999,780355.6,22.1,-1,-9999,-9999,-9999,-9999,-9999,-9999,-9999,unassigned,N/A,-9999,-9999,N/A,-9999,-9999,-9999,-9999,-9999,-9999,-9999,-9999,-9999
906,348.147742,348.147849293,-9999,7510633,-9999,728124.8,13.28,-1,-9999,-9999,-9999,-9999,-9999,-9999,-9999,unassigned,N/A,-9999,-9999,N/A,-9999,-9999,-9999,-9999,-9999,-9999,-9999,-9999,-9999
925,351.154541,351.154649709,-9999,13262486,-9999,859703.9,24.87,-1,-9999,-9999,-9999,-9999,-9999,-9999,-9999,unassigned,N/A,-9999,-9999,N/A,-9999,-9999,-9999,-9999,-9999,-9999,-9999,-9999,-9999
936,353.170172,353.170281658,-9999,13721945,-9999,806478,25.8,-1,-9999,-9999,-9999,-9999,-9999,-9999,-9999,unassigned,N/A,-9999,-9999,N/A,-9999,-9999,-9999,-9999,-9999,-9999,-9999,-9999,-9999
1000,367.149419,367.149535238,-9999,12399576,-9999,815491.6,23.03,-1,-9999,-9999,-9999,-9999,-9999,-9999,-9999,unassigned,N/A,-9999,-9999,N/A,-9999,-9999,-9999,-9999,-9999,-9999,-9999,-9999,-9999
1009,369.165073,369.165190187,-9999,9295469,-9999,710574.6,16.77,-1,-9999,-9999,-9999,-9999,-9999,-9999,-9999,unassigned,N/A,-9999,-9999,N/A,-9999,-9999,-9999,-9999,-9999,-9999,-9999,-9999,-9999
1018,371.180703,371.180821136,-9999,7805181,-9999,784248.2,13.71,-1,-9999,-9999,-9999,-9999,-9999,-9999,-9999,unassigned,N/A,-9999,-9999,N/A,-9999,-9999,-9999,-9999,-9999,-9999,-9999,-9999,-9999
1030,374.300799,374.300918604,-9999,17644780,-9999,732222.4,33.48,-1,-9999,-9999,-9999,-9999,-9999,-9999,-9999,unassigned,N/A,-9999,-9999,N/A,-9999,-9999,-9999,-9999,-9999,-9999,-9999,-9999,-9999
1032,374.909868,374.909987891,-9999,14122416,-9999,757848,26.4,-1,-9999,-9999,-9999,-9999,-9999,-9999,-9999,unassigned,N/A,-9999,-9999,N/A,-9999,-9999,-9999,-9999,-9999,-9999,-9999,-9999,-9999
1094,388.925498,388.925624489,-9999,13848303,-9999,724721.4,25.74,-1,-9999,-9999,-9999,-9999,-9999,-9999,-9999,unassigned,N/A,-9999,-9999,N/A,-9999,-9999,-9999,-9999,-9999,-9999,-9999,-9999,-9999
1127,397.863455,397.863585696,-9999,8903095,-9999,679554.3,15.76,-1,-9999,-9999,-9999,-9999,-9999,-9999,-9999,unassigned,N/A,-9999,-9999,N/A,-9999,-9999,-9999,-9999,-9999,-9999,-9999,-9999,-9999
1128,397.897749,397.897879712,-9999,28940738,-9999,647203.4,55.65,-1,-9999,-9999,-9999,-9999,-9999,-9999,-9999,unassigned,N/A,-9999,-9999,N/A,-9999,-9999,-9999,-9999,-9999,-9999,-9999,-9999,-9999
1129,397.932042,397.932172728,-9999,7289292,-9999,516274.5,12.54,-1,-9999,-9999,-9999,-9999,-9999,-9999,-9999,unassigned,N/A,-9999,-9999,N/A,-9999,-9999,-9999,-9999,-9999,-9999,-9999,-9999,-9999
1130,398.035342,398.035472777,-9999,10230252,-9999,790024.6,18.4,-1,-9999,-9999,-9999,-9999,-9999,-9999,-9999,unassigned,N/A,-9999,-9999,N/A,-9999,-9999,-9999,-9999,-9999,-9999,-9999,-9999,-9999
1133,398.24179,398.241920874,-9999,7510571,-9999,592943.5,12.98,-1,-9999,-9999,-9999,-9999,-9999,-9999,-9999,unassigned,N/A,-9999,-9999,N/A,-9999,-9999,-9999,-9999,-9999,-9999,-9999,-9999,-9999
1144,402.941129,402.941262086,-9999,11116494,-9999,739907.2,20.16,-1,-9999,-9999,-9999,-9999,-9999,-9999,-9999,unassigned,N/A,-9999,-9999,N/A,-9999,-9999,-9999,-9999,-9999,-9999,-9999,-9999,-9999
1168,408.766809,408.766944829,-9999,8095434.5,-9999,693954.4,14.05,-1,-9999,-9999,-9999,-9999,-9999,-9999,-9999,unassigned,N/A,-9999,-9999,N/A,-9999,-9999,-9999,-9999,-9999,-9999,-9999,-9999,-9999
1176,410.764815,410.764951769,-9999,7899440.5,-9999,766709,13.66,-1,-9999,-9999,-9999,-9999,-9999,-9999,-9999,unassigned,N/A,-9999,-9999,N/A,-9999,-9999,-9999,-9999,-9999,-9999,-9999,-9999,-9999
1300,452.887067,452.887223598,-9999,7986070,-9999,689779,13.52,-1,-9999,-9999,-9999,-9999,-9999,-9999,-9999,unassigned,N/A,-9999,-9999,N/A,-9999,-9999,-9999,-9999,-9999,-9999,-9999,-9999,-9999
1354,466.902786,466.902949195,-9999,13315067,-9999,602884.2,23.83,-1,-9999,-9999,-9999,-9999,-9999,-9999,-9999,unassigned,N/A,-9999,-9999,N/A,-9999,-9999,-9999,-9999,-9999,-9999,-9999,-9999,-9999
1396,480.918435,480.918604793,-9999,9960452,-9999,553359.6,17.17,-1,-9999,-9999,-9999,-9999,-9999,-9999,-9999,unassigned,N/A,-9999,-9999,N/A,-9999,-9999,-9999,-9999,-9999,-9999,-9999,-9999,-9999
1748,675.61651,675.616771444,-9999,7563181,-9999,442943.2,12.24,-1,-9999,-9999,-9999,-9999,-9999,-9999,-9999,unassigned,N/A,-9999,-9999,N/A,-9999,-9999,-9999,-9999,-9999,-9999,-9999,-9999,-9999
1751,705.893711,705.893986696,-9999,8862752,-9999,354393.7,14.75,-1,-9999,-9999,-9999,-9999,-9999,-9999,-9999,unassigned,N/A,-9999,-9999,N/A,-9999,-9999,-9999,-9999,-9999,-9999,-9999,-9999,-9999
1755,718.779353,718.779634762,-9999,7755722,-9999,419046.4,12.67,-1,-9999,-9999,-9999,-9999,-9999,-9999,-9999,unassigned,N/A,-9999,-9999,N/A,-9999,-9999,-9999,-9999,-9999,-9999,-9999,-9999,-9999
1770,890.867724,890.86808677,-9999,8516335,-9999,289718.4,12.87,-1,-9999,-9999,-9999,-9999,-9999,-9999,-9999,unassigned,N/A,-9999,-9999,N/A,-9999,-9999,-9999,-9999,-9999,-9999,-9999,-9999,-9999
1830,982.939471,982.939877111,-9999,19486628,-9999,251577.4,29.84,-1,-9999,-9999,-9999,-9999,-9999,-9999,-9999,unassigned,N/A,-9999,-9999,N/A,-9999,-9999,-9999,-9999,-9999,-9999,-9999,-9999,-9999
1849,998.970242,998.970655657,-9999,8995274,-9999,223232.1,12.76,-1,-9999,-9999,-9999,-9999,-9999,-9999,-9999,unassigned,N/A,-9999,-9999,N/A,-9999,-9999,-9999,-9999,-9999,-9999,-9999,-9999,-9999
1902,1019.94735,1019.947773532,-9999,9517145,-9999,294708.9,13.5,-1,-9999,-9999,-9999,-9999,-9999,-9999,-9999,unassigned,N/A,-9999,-9999,N/A,-9999,-9999,-9999,-9999,-9999,-9999,-9999,-9999,-9999
