Index,Mass,Calibrated_Mass,Calculated_Mass,Peak_Height,Peak_Area,Resolving_Power,S_N,Ion_Charge,Error_ppm,Error_Score,Isotopologue_Similarity,Confidence_Score,DBE,OtoC_ratio,HtoC_ratio,Heteroatom_Class,Ion_Type,Is_Isotopologue,Mono_Isotopic_Index,Molecular_Formula,C,H,O,N,P,S,13C,18O
1,115.040047,115.040049107,115.040067664,21879850,-9999,2389854.4,48.68,-1,-0.161314023,0.995289433,0,0.59717366,2,0.6,1.6,O3,de-protonated,0,-9999,C5 H8 O3,5,8,3,-9999,-9999,-9999,-9999,-9999
3,115.076436,115.076438126,115.076453174,23340134,-9999,2436063.1,52.06,-1,-0.130761852,0.996902278,0,0.598141367,1,0.333333333,2,O2,de-protonated,0,-9999,C6 H12 O2,6,12,2,-9999,-9999,-9999,-9999,-9999
12,121.02948,121.029485286,121.02950298,231695696,-9999,2209244.8,534.6,-1,-0.146197832,0.99757177,0.997800954,0.997663443,5,0.285714286,0.857142857,O2,de-protonated,0,-9999,C7 H6 O2,7,6,2,-9999,-9999,-9999,-9999,-9999
15,122.032843,122.032848819,122.032857815,18132682,-9999,2327893,40,-1,-0.073723738,0.999014278,0.997800954,0.998528948,5,0.285714286,0.857142857,13C1 O2,de-protonated,1,12,C6 H6 O2 13C1,6,6,2,-9999,-9999,-9999,1,-9999
25,127.040043,127.040051476,127.040067664,8781908,-9999,2460057.8,18.34,-1,-0.127422552,0.997058243,0,0.598234946,3,0.5,1.333333333,O3,de-protonated,0,-9999,C6 H8 O3,6,8,3,-9999,-9999,-9999,-9999,-9999
27,127.076429,127.076437496,127.076453174,48134736,-9999,2085756.4,109.48,-1,-0.123373016,0.997241998,0,0.598345199,2,0.285714286,1.714285714,O2,de-protonated,0,-9999,C7 H12 O2,7,12,2,-9999,-9999,-9999,-9999,-9999
29,128.035295,128.035304005,128.035316636,10525684,-9999,2355626.2,22.38,-1,-0.098657721,0.998235456,0,0.598941273,3,0.6,1.4,N1 O3,de-protonated,0,-9999,C5 H7 O3 N1,5,7,3,1,-9999,-9999,-9999,-9999
33,129.01931,129.019319527,129.019332219,53297572,-9999,2015723.7,121.44,-1,-0.098374794,0.998245553,0,0.598947332,3,0.8,1.2,O4,de-protonated,0,-9999,C5 H6 O4,5,6,4,-9999,-9999,-9999,-9999,-9999
37,129.05569,129.055699546,129.055717729,130769312,-9999,2054102.2,300.86,-1,-0.140887126,0.997976943,0.999506223,0.998588655,2,0.5,1.666666667,O3,de-protonated,0,-9999,C6 H10 O3,6,10,3,-9999,-9999,-9999,-9999,-9999
41,129.092076,129.092085566,129.092103238,81228192,-9999,2039089.4,186.13,-1,-0.136897024,0.997534569,0.994154767,0.996182649,1,0.285714286,2,O2,de-protonated,0,-9999,C7 H14 O2,7,14,2,-9999,-9999,-9999,-9999,-9999
43,130.050947,130.050957075,130.050966701,6762334.5,-9999,2344616,13.67,-1,-0.074018592,0.999006382,0,0.599403829,2,0.6,1.8,N1 O3,de-protonated,0,-9999,C5 H9 O3 N1,5,9,3,1,-9999,-9999,-9999,-9999
44,130.059056,130.059066079,130.059072564,8559454,-9999,2223483.6,17.83,-1,-0.049860074,0.999549015,0.999506223,0.999531898,2,0.5,1.666666667,13C1 O3,de-protonated,1,37,C5 H10 O3 13C1,5,10,3,-9999,-9999,-9999,1,-9999
45,130.095436,130.095446098,130.095458073,6702684,-9999,2081626.5,13.53,-1,-0.09204621,0.998463856,0.994154767,0.996740221,1,0.285714286,2,13C1 O2,de-protonated,1,41,C6 H14 O2 13C1,6,14,2,-9999,-9999,-9999,1,-9999
47,131.034955,131.034965597,131.034982284,69218608,-9999,2071343.3,158.31,-1,-0.127345924,0.997061775,0,0.598237065,2,0.8,1.6,O4,de-protonated,0,-9999,C5 H8 O4,5,8,4,-9999,-9999,-9999,-9999,-9999
52,131.071346,131.071356616,131.071367793,111632688,-9999,2047573.3,256.54,-1,-0.085272658,0.998531436,0.993518583,0.996526295,1,0.5,2,O3,de-protonated,0,-9999,C6 H12 O3,6,12,3,-9999,-9999,-9999,-9999,-9999
56,132.066591,132.066602145,132.066616765,47311128,-9999,1951811.3,107.58,-1,-0.110707088,0.997778625,0,0.598667175,1,0.6,2.2,N1 O3,de-protonated,0,-9999,C5 H11 O3 N1,5,11,3,1,-9999,-9999,-9999,-9999
58,132.074699,132.074710149,132.074722628,6429465,-9999,1900502.1,12.9,-1,-0.094486488,0.998381393,0.993518583,0.996436269,1,0.5,2,13C1 O3,de-protonated,1,52,C5 H12 O3 13C1,5,12,3,-9999,-9999,-9999,1,-9999
62,133.050612,133.050623667,133.050632348,16812314,-9999,2048600.1,36.94,-1,-0.06524798,0.999227817,0,0.59953669,1,0.8,2,O4,de-protonated,0,-9999,C5 H10 O4,5,10,4,-9999,-9999,-9999,-9999,-9999
63,133.086995,133.087006686,133.087017858,10811674,-9999,2101285,23.05,-1,-0.083939985,0.998722344,0,0.599233406,0,0.5,2.333333333,O3,de-protonated,0,-9999,C6 H14 O3,6,14,3,-9999,-9999,-9999,-9999,-9999
69,135.045132,135.045144726,135.045153045,11797867,-9999,2056192,25.33,-1,-0.061601316,0.99931169,0,0.599587014,5,0.25,1,O2,de-protonated,0,-9999,C8 H8 O2,8,8,2,-9999,-9999,-9999,-9999,-9999
71,135.066265,135.066277737,135.066282413,10891628,-9999,2164076.3,23.23,-1,-0.034618569,0.999782567,0,0.59986954,0,0.8,2.4,O4,de-protonated,0,-9999,C5 H12 O4,5,12,4,-9999,-9999,-9999,-9999,-9999
78,137.024391,137.024404776,137.0244176,15555125,-9999,2112142.9,34.03,-1,-0.093585102,0.998412103,0,0.599047262,5,0.428571429,0.857142857,O3,de-protonated,0,-9999,C7 H6 O3,7,6,3,-9999,-9999,-9999,-9999,-9999
80,138.019635,138.019649305,138.019666572,6618317.5,-9999,2144633.2,13.33,-1,-0.125107905,0.997163996,0,0.598298398,5,0.5,0.833333333,N1 O3,de-protonated,0,-9999,C6 H5 O3 N1,6,5,3,1,-9999,-9999,-9999,-9999
82,139.112811,139.112825885,139.112838683,8264609,-9999,2053853.9,17.15,-1,-0.091997508,0.99846548,0,0.599079288,2,0.111111111,1.777777778,O1,de-protonated,0,-9999,C9 H16 O1,9,16,1,-9999,-9999,-9999,-9999,-9999
84,141.055691,141.055706916,141.055717729,7207313,-9999,1903243.5,14.7,-1,-0.076653964,0.998934406,0,0.599360644,3,0.428571429,1.428571429,O3,de-protonated,0,-9999,C7 H10 O3,7,10,3,-9999,-9999,-9999,-9999,-9999
85,141.092082,141.092097936,141.092103238,18253212,-9999,1886865.6,40.28,-1,-0.037581926,0.999743755,0,0.599846253,2,0.25,1.75,O2,de-protonated,0,-9999,C8 H14 O2,8,14,2,-9999,-9999,-9999,-9999,-9999
86,141.128471,141.128486955,141.128488747,6358438.5,-9999,2072748.8,12.73,-1,-0.012701525,0.999970728,0,0.599982437,1,0.111111111,2,O1,de-protonated,0,-9999,C9 H18 O1,9,18,1,-9999,-9999,-9999,-9999,-9999
87,143.034963,143.034979967,143.034982284,18923576,-9999,1912452.1,41.76,-1,-0.01619854,0.99995239,0,0.599971434,3,0.666666667,1.333333333,O4,de-protonated,0,-9999,C6 H8 O4,6,8,4,-9999,-9999,-9999,-9999,-9999
89,143.071343,143.071359986,143.071367793,78391368,-9999,1867059.3,179.26,-1,-0.05456715,0.999459869,0,0.599675921,2,0.428571429,1.714285714,O3,de-protonated,0,-9999,C7 H12 O3,7,12,3,-9999,-9999,-9999,-9999,-9999
92,143.107727,143.107744005,143.107753302,218998864,-9999,1842630.6,504.38,-1,-0.064965268,0.999214851,0.996568753,0.998156412,1,0.25,2,O2,de-protonated,0,-9999,C8 H16 O2,8,16,2,-9999,-9999,-9999,-9999,-9999
94,144.066591,144.066608514,144.066616765,6635493,-9999,1724350.8,13.35,-1,-0.057271435,0.999405022,0,0.599643013,2,0.5,1.833333333,N1 O3,de-protonated,0,-9999,C6 H11 O3 N1,6,11,3,1,-9999,-9999,-9999,-9999
96,144.111081,144.111098538,144.111108138,19839480,-9999,1895406.3,43.88,-1,-0.066611838,0.999195211,0.996568753,0.998144628,1,0.25,2,13C1 O2,de-protonated,1,92,C7 H16 O2 13C1,7,16,2,-9999,-9999,-9999,1,-9999
98,145.050606,145.050624037,145.050632348,117926832,-9999,1800732.2,270.21,-1,-0.05730054,0.499702209,0.939060275,0.675445435,2,0.666666667,1.666666667,O4,de-protonated,0,-9999,C6 H10 O4,6,10,4,-9999,-9999,-9999,-9999,-9999
101,145.086997,145.087015056,145.087017858,80759744,-9999,1780819.3,184.42,-1,-0.019309189,0.499966175,0.929618493,0.671827102,1,0.428571429,2,O3,de-protonated,0,-9999,C7 H14 O3,7,14,3,-9999,-9999,-9999,-9999,-9999
103,146.02473,146.024748554,146.024751952,8494499,-9999,1946963.6,17.58,-1,-0.023273709,0.99990172,0,0.599941032,7,0.25,0.625,N1 O2,de-protonated,0,-9999,C8 H5 O2 N1,8,5,2,1,-9999,-9999,-9999,-9999
105,146.045859,146.045877565,146.04588132,113520048,-9999,1796164,259.58,-1,-0.025713714,0.499940017,0.948695819,0.679442338,2,0.8,1.8,N1 O4,de-protonated,0,-9999,C5 H9 O4 N1,5,9,4,1,-9999,-9999,-9999,-9999
108,147.066263,147.066282107,147.066282413,17635308,-9999,1712387.6,38.64,-1,-0.002080653,0.999999214,0,0.599999529,1,0.666666667,2,O4,de-protonated,0,-9999,C6 H12 O4,6,12,4,-9999,-9999,-9999,-9999,-9999
114,149.060779,149.060799165,149.060803109,22820052,-9999,1758802.7,50.5,-1,-0.026456788,0.999873001,0,0.599923801,5,0.222222222,1.111111111,O2,de-protonated,0,-9999,C9 H10 O2,9,10,2,-9999,-9999,-9999,-9999,-9999
115,149.081904,149.081924177,149.081932477,6508769.5,-9999,1784343.2,12.98,-1,-0.055677548,0.999437669,0,0.599662601,0,0.666666667,2.333333333,O4,de-protonated,0,-9999,C6 H14 O4,6,14,4,-9999,-9999,-9999,-9999,-9999
117,151.0068,151.006821198,151.006673336,60693056,-9999,1733813.9,137.35,-1,0.979180247,0.840320507,0,0.504192304,6,0.166666667,0.833333333,N2 P1 O1,de-protonated,0,-9999,C6 H5 O1 N2 P1,6,5,1,2,1,-9999,-9999,-9999
118,151.040041,151.040062216,151.040067664,13824603,-9999,1876910.9,29.75,-1,-0.036070914,0.999763943,0,0.599858366,5,0.375,1,O3,de-protonated,0,-9999,C8 H8 O3,8,8,3,-9999,-9999,-9999,-9999,-9999
120,153.019308,153.019330267,153.019332219,49774720,-9999,1734218.3,112.07,-1,-0.012760702,0.999970454,0,0.599982272,5,0.571428571,0.857142857,O4,de-protonated,0,-9999,C7 H6 O4,7,6,4,-9999,-9999,-9999,-9999,-9999
122,153.092077,153.092099305,153.092103238,13615294,-9999,1740717.1,29.21,-1,-0.025688503,0.999880269,0,0.599928162,3,0.222222222,1.555555556,O2,de-protonated,0,-9999,C9 H14 O2,9,14,2,-9999,-9999,-9999,-9999,-9999
123,154.087319,154.087341834,154.08735221,7433233,-9999,1798637.6,15.01,-1,-0.06734242,0.999177468,0,0.599506481,3,0.25,1.625,N1 O2,de-protonated,0,-9999,C8 H13 O2 N1,8,13,2,1,-9999,-9999,-9999,-9999
129,155.07134,155.071363356,155.071367793,34064256,-9999,1641789.9,75.92,-1,-0.028613856,0.999851449,0,0.59991087,3,0.375,1.5,O3,de-protonated,0,-9999,C8 H12 O3,8,12,3,-9999,-9999,-9999,-9999,-9999
130,155.107719,155.107742375,155.107753302,18016160,-9999,1649262.9,39.21,-1,-0.070449277,0.999099857,0,0.599459914,2,0.222222222,1.777777778,O2,de-protonated,0,-9999,C9 H16 O2,9,16,2,-9999,-9999,-9999,-9999,-9999
132,157.050606,157.050630407,157.050632348,27823816,-9999,1702777.1,61.52,-1,-0.012363344,0.999972266,0,0.599983359,3,0.571428571,1.428571429,O4,de-protonated,0,-9999,C7 H10 O4,7,10,4,-9999,-9999,-9999,-9999,-9999
134,157.08699,157.087014426,157.087017858,78253800,-9999,1673534.5,176.63,-1,-0.021845903,0.499956704,0.920364685,0.668119897,2,0.375,1.75,O3,de-protonated,0,-9999,C8 H14 O3,8,14,3,-9999,-9999,-9999,-9999,-9999
137,157.123374,157.123398445,157.123403367,2503298816,-9999,1524251.1,5711.85,-1,-0.03132407,0.999909678,0.992914006,0.997111409,1,0.222222222,2,O2,de-protonated,0,-9999,C9 H18 O2,9,18,2,-9999,-9999,-9999,-9999,-9999
139,158.082235,158.082259954,158.08226683,6560456,-9999,1796049.1,12.96,-1,-0.0434939,0.999656809,0,0.599794085,2,0.428571429,1.857142857,N1 O3,de-protonated,0,-9999,C7 H13 O3 N1,7,13,3,1,-9999,-9999,-9999,-9999
141,158.126731,158.126755978,158.126758202,263672560,-9999,1625516.2,598.63,-1,-0.014066026,0.999945209,0.992914006,0.997132728,1,0.222222222,2,13C1 O2,de-protonated,1,137,C8 H18 O2 13C1,8,18,2,-9999,-9999,-9999,1,-9999
144,159.066252,159.066277477,159.066282413,98014904,-9999,1627780.1,221.28,-1,-0.03103229,0.999907207,0.987319484,0.994872118,2,0.571428571,1.714285714,O4,de-protonated,0,-9999,C7 H12 O4,7,12,4,-9999,-9999,-9999,-9999,-9999
147,159.102635,159.102660496,159.102667922,67835616,-9999,1611800.8,152.53,-1,-0.046675699,0.99960477,0,0.599762862,1,0.375,2,O3,de-protonated,0,-9999,C8 H16 O3,8,16,3,-9999,-9999,-9999,-9999,-9999
148,159.12762,159.127645509,159.12764836,11802359,-9999,1605795.1,24.89,-1,-0.01791735,0.999939621,0.992914006,0.997129375,1,0.222222222,2,O1 18O1,de-protonated,1,137,C9 H18 O1 18O1,9,18,1,-9999,-9999,-9999,-9999,1
149,159.130084,159.13010951,159.130113037,10886906,-9999,1649736,22.81,-1,-0.022162291,0.999931904,0.992914006,0.997124745,1,0.222222222,2,13C2 O2,de-protonated,1,137,C7 H18 O2 13C2,7,18,2,-9999,-9999,-9999,2,-9999
150,160.061506,160.061532005,160.061531385,24099536,-9999,1698514,52.79,-1,0.00387293,0.999997278,0,0.599998367,2,0.666666667,1.833333333,N1 O4,de-protonated,0,-9999,C6 H11 O4 N1,6,11,4,1,-9999,-9999,-9999,-9999
151,160.06961,160.069636009,160.069637248,8878808,-9999,1567820.7,18.19,-1,-0.007738264,0.999989135,0.987319484,0.994921274,2,0.571428571,1.714285714,13C1 O4,de-protonated,1,144,C6 H12 O4 13C1,6,12,4,-9999,-9999,-9999,1,-9999
152,161.045525,161.045551527,161.045546968,11218680,-9999,1582665.5,23.51,-1,0.02831082,0.999854579,0,0.599912747,2,0.833333333,1.666666667,O5,de-protonated,0,-9999,C6 H10 O5,6,10,5,-9999,-9999,-9999,-9999,-9999
153,161.081909,161.081935546,161.081932477,12076832,-9999,1724672.3,25.46,-1,0.019054246,0.999934125,0,0.599960475,1,0.571428571,2,O4,de-protonated,0,-9999,C7 H14 O4,7,14,4,-9999,-9999,-9999,-9999,-9999
155,162.077153,162.077180075,162.077181449,84894576,-9999,1562439.7,190.58,-1,-0.008481221,0.999986948,0,0.599992169,1,0.666666667,2.166666667,N1 O4,de-protonated,0,-9999,C6 H13 O4 N1,6,13,4,1,-9999,-9999,-9999,-9999
157,163.061157,163.061184597,163.061197032,83814352,-9999,1770827.6,188.13,-1,-0.076260914,0.998945301,0,0.59936718,1,0.833333333,2,O5,de-protonated,0,-9999,C6 H12 O5,6,12,5,-9999,-9999,-9999,-9999,-9999
161,163.11281,163.112837625,163.112838683,12259337,-9999,1666340.9,25.82,-1,-0.006488868,0.99999236,0,0.599995416,4,0.090909091,1.454545455,O1,de-protonated,0,-9999,C11 H16 O1,11,16,1,-9999,-9999,-9999,-9999,-9999
168,165.041281,165.041309648,165.041330967,39416028,-9999,1493270.5,87.22,-1,-0.12917426,0.996976928,0,0.598186157,0,0.166666667,2.333333333,S2 O1,de-protonated,0,-9999,C6 H14 O1 S2,6,14,1,-9999,-9999,2,-9999,-9999
173,167.034956,167.034985706,167.034982284,6881875,-9999,1539450.7,13.55,-1,0.020490652,0.999923819,0,0.599954291,5,0.5,1,O4,de-protonated,0,-9999,C8 H8 O4,8,8,4,-9999,-9999,-9999,-9999,-9999
175,167.071339,167.071368726,167.071367793,10576512,-9999,1576576.4,21.89,-1,0.005582155,0.999994346,0,0.599996608,4,0.333333333,1.333333333,O3,de-protonated,0,-9999,C9 H12 O3,9,12,3,-9999,-9999,-9999,-9999,-9999
176,167.107718,167.107747745,167.107753302,10515117,-9999,1595287.8,21.75,-1,-0.033256512,0.999799339,0,0.599879603,3,0.2,1.6,O2,de-protonated,0,-9999,C10 H16 O2,10,16,2,-9999,-9999,-9999,-9999,-9999
178,168.102971,168.103001273,168.103002275,14503813,-9999,1655143.6,30.69,-1,-0.005956606,0.999993562,0,0.599996137,3,0.222222222,1.666666667,N1 O2,de-protonated,0,-9999,C9 H15 O2 N1,9,15,2,1,-9999,-9999,-9999,-9999
182,169.086987,169.087017796,169.087017858,26231904,-9999,1554604.6,57.11,-1,-3.66087e-4,0.999999976,0,0.599999985,3,0.333333333,1.555555556,O3,de-protonated,0,-9999,C9 H14 O3,9,14,3,-9999,-9999,-9999,-9999,-9999
183,169.123373,169.123403815,169.123403367,12817551,-9999,1508757.2,26.88,-1,0.00264933,0.999998726,0,0.599999236,2,0.2,1.8,O2,de-protonated,0,-9999,C10 H18 O2,10,18,2,-9999,-9999,-9999,-9999,-9999
185,171.066254,171.066285846,171.066282413,501452384,-9999,1517419.9,1125.24,-1,0.020071861,0.99993341,0.998810463,0.999484231,3,0.5,1.5,O4,de-protonated,0,-9999,C8 H12 O4,8,12,4,-9999,-9999,-9999,-9999,-9999
186,171.066372,171.066403846,171.066282413,39521876,-9999,2493143.7,86.85,-1,0.709863333,0.912622393,0,0.547573436,3,0.5,1.5,O4,de-protonated,0,-9999,C8 H12 O4,8,12,4,-9999,-9999,-9999,-9999,-9999
188,171.10264,171.102671866,171.102667922,201363072,-9999,1527315.8,450.66,-1,0.023048051,0.999943559,0.99860294,0.999407312,2,0.333333333,1.777777778,O3,de-protonated,0,-9999,C9 H16 O3,9,16,3,-9999,-9999,-9999,-9999,-9999
190,171.139026,171.139057885,171.139053431,402099904,-9999,1522223.4,901.9,-1,0.026022975,0.9999244,0.996365061,0.998500664,1,0.2,2,O2,de-protonated,0,-9999,C10 H20 O2,10,20,2,-9999,-9999,-9999,-9999,-9999
193,172.069608,172.069640379,172.069637248,42685304,-9999,1544321.5,93.95,-1,0.018196972,0.999939919,0.998810463,0.999488136,3,0.5,1.5,13C1 O4,de-protonated,1,185,C7 H12 O4 13C1,7,12,4,-9999,-9999,-9999,1,-9999
194,172.097886,172.097918394,172.097916894,6943645,-9999,1899771.5,13.61,-1,0.008714091,0.999986222,0,0.599991733,2,0.375,1.875,N1 O3,de-protonated,0,-9999,C8 H15 O3 N1,8,15,3,1,-9999,-9999,-9999,-9999
195,172.105992,172.106024398,172.106022757,19940264,-9999,1554620.4,42.82,-1,0.009535458,0.999983502,0.99860294,0.999431277,2,0.333333333,1.777777778,13C1 O3,de-protonated,1,188,C8 H16 O3 13C1,8,16,3,-9999,-9999,-9999,1,-9999
196,172.142378,172.142410418,172.142408266,41702360,-9999,1542631.4,91.74,-1,0.012495898,0.999971668,0.996365061,0.998529025,1,0.2,2,13C1 O2,de-protonated,1,190,C9 H20 O2 13C1,9,20,2,-9999,-9999,-9999,1,-9999
197,172.170654,172.170686433,172.170687913,8360956.5,-9999,1755531.3,16.79,-1,-0.008598424,0.999986585,0,0.599991951,0,0.1,2.3,N1 O1,de-protonated,0,-9999,C10 H23 O1 N1,10,23,1,1,-9999,-9999,-9999,-9999
199,173.081903,173.081935916,173.081932477,122460336,-9999,1503689.1,272.62,-1,0.019869782,0.999953788,0.998191395,0.999248831,2,0.5,1.75,O4,de-protonated,0,-9999,C8 H14 O4,8,14,4,-9999,-9999,-9999,-9999,-9999
201,173.11829,173.118322936,173.118317987,121313504,-9999,1505673.6,270.05,-1,0.028587761,0.99983046,0.996261964,0.998403062,1,0.333333333,2,O3,de-protonated,0,-9999,C9 H18 O3,9,18,3,-9999,-9999,-9999,-9999,-9999
203,174.085252,174.085285449,174.085287312,10857965,-9999,1570275.7,22.35,-1,-0.010703803,0.999979211,0.998191395,0.999264085,2,0.5,1.75,13C1 O4,de-protonated,1,199,C7 H14 O4 13C1,7,14,4,-9999,-9999,-9999,1,-9999
204,174.121645,174.121678468,174.121672822,12357149,-9999,1535609.1,25.71,-1,0.03242901,0.999809199,0.996261964,0.998390305,1,0.333333333,2,13C1 O3,de-protonated,1,201,C8 H18 O3 13C1,8,18,3,-9999,-9999,-9999,1,-9999
205,175.06116,175.061193967,175.061197032,10982156,-9999,1432206.6,22.62,-1,-0.017510367,0.999944367,0,0.59996662,2,0.714285714,1.714285714,O5,de-protonated,0,-9999,C7 H12 O5,7,12,5,-9999,-9999,-9999,-9999,-9999
207,175.097546,175.097579986,175.097582542,11281213,-9999,1626344.8,23.29,-1,-0.01459427,0.999961353,0,0.599976812,1,0.5,2,O4,de-protonated,0,-9999,C8 H16 O4,8,16,4,-9999,-9999,-9999,-9999,-9999
208,176.056414,176.056448495,176.056446004,12486734,-9999,1456471.4,25.93,-1,0.014147238,0.999963685,0,0.599978211,2,0.833333333,1.833333333,N1 O5,de-protonated,0,-9999,C6 H11 O5 N1,6,11,5,1,-9999,-9999,-9999,-9999
209,177.092077,177.092112045,177.092103238,6682063,-9999,1780892.4,12.94,-1,0.049730678,0.999551353,0,0.599730812,5,0.181818182,1.272727273,O2,de-protonated,0,-9999,C11 H14 O2,11,14,2,-9999,-9999,-9999,-9999,-9999
210,181.086986,181.087023166,181.087017858,7279417,-9999,1532959.7,14.19,-1,0.029311364,0.999844119,0,0.599906472,4,0.3,1.4,O3,de-protonated,0,-9999,C10 H14 O3,10,14,3,-9999,-9999,-9999,-9999,-9999
212,183.102626,183.102664235,183.102667922,21810706,-9999,1415125.1,46.4,-1,-0.020134146,0.999926446,0,0.599955868,3,0.3,1.6,O3,de-protonated,0,-9999,C10 H16 O3,10,16,3,-9999,-9999,-9999,-9999,-9999
213,183.139009,183.139047255,183.139053431,6385219.5,-9999,1389112.9,12.16,-1,-0.033726575,0.999793627,0,0.599876176,2,0.181818182,1.818181818,O2,de-protonated,0,-9999,C11 H20 O2,11,20,2,-9999,-9999,-9999,-9999,-9999
214,185.081897,185.081936286,185.081932477,17381552,-9999,1552233.7,36.56,-1,0.020579565,0.999923156,0,0.599953894,3,0.444444444,1.555555556,O4,de-protonated,0,-9999,C9 H14 O4,9,14,4,-9999,-9999,-9999,-9999,-9999
215,185.118282,185.118321305,185.118317987,18381026,-9999,1482620.7,38.78,-1,0.017928369,0.999941679,0,0.599965008,2,0.3,1.8,O3,de-protonated,0,-9999,C10 H18 O3,10,18,3,-9999,-9999,-9999,-9999,-9999
217,185.154667,185.154706325,185.154703496,517200160,-9999,1418775.5,1145.93,-1,0.015278215,0.999962114,0.99185077,0.996717577,1,0.181818182,2,O2,de-protonated,0,-9999,C11 H22 O2,11,22,2,-9999,-9999,-9999,-9999,-9999
218,186.113534,186.113573834,186.113566959,7177779.5,-9999,1424578.6,13.88,-1,0.036939631,0.999752437,0,0.599851462,2,0.333333333,1.888888889,N1 O3,de-protonated,0,-9999,C9 H17 O3 N1,9,17,3,1,-9999,-9999,-9999,-9999
220,186.158021,186.158060857,186.158058331,56303216,-9999,1426713.6,122.61,-1,0.013571054,0.999966583,0.99185077,0.996720258,1,0.181818182,2,13C1 O2,de-protonated,1,217,C10 H22 O2 13C1,10,22,2,-9999,-9999,-9999,1,-9999
221,186.973533,186.97357329,186.97365913,8250055.5,-9999,1515175,16.25,-1,-0.459099166,0.962477769,0,0.577486661,5,0.4,1,N2 S1 P1 O2,de-protonated,0,-9999,C5 H5 O2 N2 P1 S1,5,5,2,2,1,1,-9999,-9999
222,187.097547,187.097587356,187.097582542,52667248,-9999,1457801.4,114.56,-1,0.025731961,0.999879864,0,0.599927918,2,0.444444444,1.777777778,O4,de-protonated,0,-9999,C9 H16 O4,9,16,4,-9999,-9999,-9999,-9999,-9999
223,187.133937,187.133977375,187.133968051,23069602,-9999,1439316.8,49.05,-1,0.04982716,0.99954961,0,0.599729766,1,0.3,2,O3,de-protonated,0,-9999,C10 H20 O3,10,20,3,-9999,-9999,-9999,-9999,-9999
224,189.076824,189.076865407,189.076847097,8392162,-9999,1463116.2,16.51,-1,0.096838469,0.998299877,0,0.598979926,2,0.625,1.75,O5,de-protonated,0,-9999,C8 H14 O5,8,14,5,-9999,-9999,-9999,-9999,-9999
225,189.11319,189.113231426,189.113232606,13368851,-9999,1450794.6,27.49,-1,-0.006240356,0.999992934,0,0.59999576,1,0.444444444,2,O4,de-protonated,0,-9999,C9 H18 O4,9,18,4,-9999,-9999,-9999,-9999,-9999
227,191.056074,191.056116457,191.056111652,87947312,-9999,1376264.1,192.09,-1,0.025151892,0.999838611,0.999465307,0.999689289,2,0.857142857,1.714285714,O6,de-protonated,0,-9999,C7 H12 O6,7,12,6,-9999,-9999,-9999,-9999,-9999
228,192.05943,192.05947299,192.059466487,6604116,-9999,1419109.2,12.52,-1,0.033859052,0.999792002,0.999465307,0.999661324,2,0.857142857,1.714285714,13C1 O6,de-protonated,1,227,C6 H12 O6 13C1,6,12,6,-9999,-9999,-9999,1,-9999
229,195.102643,195.102687605,195.102667922,7163033.5,-9999,1576606,13.7,-1,0.10088638,0.998154908,0,0.598892945,4,0.272727273,1.454545455,O3,de-protonated,0,-9999,C11 H16 O3,11,16,3,-9999,-9999,-9999,-9999,-9999
230,195.139009,195.139053625,195.139053431,13343944,-9999,1365186.5,27.26,-1,9.89836e-4,0.999999822,0,0.599999893,3,0.166666667,1.666666667,O2,de-protonated,0,-9999,C12 H20 O2,12,20,2,-9999,-9999,-9999,-9999,-9999
231,197.081889,197.081934656,197.081932477,9500211,-9999,1348623.8,18.82,-1,0.011054844,0.999977825,0,0.599986695,4,0.4,1.4,O4,de-protonated,0,-9999,C10 H14 O4,10,14,4,-9999,-9999,-9999,-9999,-9999
232,197.154661,197.154706695,197.154703496,6801036,-9999,1537431.2,12.9,-1,0.016224004,0.999952241,0,0.599971344,2,0.166666667,1.833333333,O2,de-protonated,0,-9999,C12 H22 O2,12,22,2,-9999,-9999,-9999,-9999,-9999
233,199.097534,199.097580726,199.097582542,8171432,-9999,1447745.4,15.85,-1,-0.009120204,0.999984908,0,0.599990945,3,0.4,1.6,O4,de-protonated,0,-9999,C10 H16 O4,10,16,4,-9999,-9999,-9999,-9999,-9999
234,199.133925,199.133971745,199.133968051,19111890,-9999,1348516.3,39.78,-1,0.018551112,0.999937558,0,0.599962535,2,0.272727273,1.818181818,O3,de-protonated,0,-9999,C11 H20 O3,11,20,3,-9999,-9999,-9999,-9999,-9999
236,199.170311,199.170357764,199.17035356,517873664,-9999,1332749.6,1130.74,-1,0.021108166,0.999959557,0.990888729,0.996331226,1,0.166666667,2,O2,de-protonated,0,-9999,C12 H24 O2,12,24,2,-9999,-9999,-9999,-9999,-9999
237,200.165569,200.165616293,200.165602533,7287942,-9999,1463710.8,13.91,-1,0.068744184,0.999142884,0,0.59948573,1,0.181818182,2.090909091,N1 O2,de-protonated,0,-9999,C11 H23 O2 N1,11,23,2,1,-9999,-9999,-9999,-9999
238,200.173661,200.173708297,200.173708395,61252752,-9999,1321891.4,131.95,-1,-4.91341e-4,0.999999956,0.990888729,0.996355465,1,0.166666667,2,13C1 O2,de-protonated,1,236,C11 H24 O2 13C1,11,24,2,-9999,-9999,-9999,1,-9999
239,200.989196,200.98924373,200.989309194,7079987.5,-9999,1393328.4,13.41,-1,-0.325709629,0.980934781,0,0.588560869,5,0.333333333,1.166666667,N2 S1 P1 O2,de-protonated,0,-9999,C6 H7 O2 N2 P1 S1,6,7,2,2,1,1,-9999,-9999
240,201.076806,201.076853776,201.076847097,8480919,-9999,1434638.2,16.47,-1,0.033219695,0.999799783,0,0.59987987,3,0.555555556,1.555555556,O5,de-protonated,0,-9999,C9 H14 O5,9,14,5,-9999,-9999,-9999,-9999,-9999
241,201.113195,201.113242796,201.113232606,12454080,-9999,1403845,25.13,-1,0.05066637,0.999534315,0,0.599720589,2,0.4,1.8,O4,de-protonated,0,-9999,C10 H18 O4,10,18,4,-9999,-9999,-9999,-9999,-9999
242,201.14958,201.149627815,201.149618115,8554729,-9999,1329299.4,16.63,-1,0.048221027,0.999578172,0,0.599746903,1,0.272727273,2,O3,de-protonated,0,-9999,C11 H22 O3,11,22,3,-9999,-9999,-9999,-9999,-9999
243,205.159739,205.159788944,205.159788876,11909565,-9999,1453584.3,23.86,-1,3.28736e-4,0.99999998,0,0.599999988,4,0.071428571,1.571428571,O1,de-protonated,0,-9999,C14 H22 O1,14,22,1,-9999,-9999,-9999,-9999,-9999
244,209.154658,209.154710064,209.154703496,11937938,-9999,1175474.5,23.89,-1,0.031404724,0.999821061,0,0.599892637,3,0.153846154,1.692307692,O2,de-protonated,0,-9999,C13 H22 O2,13,22,2,-9999,-9999,-9999,-9999,-9999
245,211.097534,211.097587096,211.097582542,13561599,-9999,1315969.6,27.41,-1,0.021572953,0.999915559,0,0.599949335,4,0.363636364,1.454545455,O4,de-protonated,0,-9999,C11 H16 O4,11,16,4,-9999,-9999,-9999,-9999,-9999
246,213.14957,213.149624185,213.149618115,7329078.5,-9999,1354638.2,13.86,-1,0.028475043,0.999852887,0,0.599911732,2,0.25,1.833333333,O3,de-protonated,0,-9999,C12 H22 O3,12,22,3,-9999,-9999,-9999,-9999,-9999
247,213.185958,213.186012204,213.186003625,75912528,-9999,1304376.4,162.6,-1,0.040243777,0.999775179,0.996863334,0.998610441,1,0.153846154,2,O2,de-protonated,0,-9999,C13 H26 O2,13,26,2,-9999,-9999,-9999,-9999,-9999
248,214.144807,214.144861713,214.144867088,7428102.5,-9999,1476486.9,14.07,-1,-0.025097339,0.999885716,0,0.59993143,2,0.272727273,1.909090909,N1 O3,de-protonated,0,-9999,C11 H21 O3 N1,11,21,3,1,-9999,-9999,-9999,-9999
249,214.18931,214.189364737,214.18935846,10364966,-9999,1318662.2,20.44,-1,0.029305548,0.999844181,0.996863334,0.998651842,1,0.153846154,2,13C1 O2,de-protonated,1,247,C12 H26 O2 13C1,12,26,2,-9999,-9999,-9999,1,-9999
250,215.128829,215.128884236,215.128882671,10549934,-9999,1370465.9,20.82,-1,0.007274522,0.999990398,0,0.599994239,2,0.363636364,1.818181818,O4,de-protonated,0,-9999,C11 H20 O4,11,20,4,-9999,-9999,-9999,-9999,-9999
251,221.154652,221.154710434,221.154703496,10356821,-9999,1359441.5,20.37,-1,0.031372841,0.999821424,0,0.599892854,4,0.142857143,1.571428571,O2,de-protonated,0,-9999,C14 H22 O2,14,22,2,-9999,-9999,-9999,-9999,-9999
252,223.028323,223.028382429,223.028182826,7084986.5,-9999,1221468.8,13.27,-1,0.894965138,0.86473376,0,0.518840256,2,0.857142857,1.714285714,S1 O6,de-protonated,0,-9999,C7 H12 O6 S1,7,12,6,-9999,-9999,1,-9999,-9999
253,224.165561,224.165621032,224.165602533,6864283.5,-9999,1164099.5,12.79,-1,0.082527533,0.998764954,0,0.599258972,3,0.153846154,1.769230769,N1 O2,de-protonated,0,-9999,C13 H23 O2 N1,13,23,2,1,-9999,-9999,-9999,-9999
254,227.09244,227.092501586,227.092497161,16617944,-9999,1211935.5,33.83,-1,0.019484582,0.999931116,0,0.59995866900000006,4,0.454545455,1.454545455,O5,de-protonated,0,-9999,C11 H16 O5,11,16,5,-9999,-9999,-9999,-9999,-9999
255,227.201602,227.201663644,227.201653689,68547072,-9999,1204629.6,145.95,-1,0.043814371,0.999451999,0.991588555,0.996306621,1,0.142857143,2,O2,de-protonated,0,-9999,C14 H28 O2,14,28,2,-9999,-9999,-9999,-9999,-9999
256,228.160462,228.160524153,228.160517152,9900847,-9999,1272672.1,19.33,-1,0.03068378,0.999829182,0,0.599897509,2,0.25,1.916666667,N1 O3,de-protonated,0,-9999,C12 H23 O3 N1,12,23,3,1,-9999,-9999,-9999,-9999
257,228.204961,228.205023177,228.205008524,9622332,-9999,1273397,18.73,-1,0.064206425,0.999252264,0.991588555,0.99618678,1,0.142857143,2,13C1 O2,de-protonated,1,255,C13 H28 O2 13C1,13,28,2,-9999,-9999,-9999,1,-9999
258,229.144473,229.144535675,229.144532735,15455315,-9999,1203625.3,31.32,-1,0.012831409,0.999970126,0,0.599982075,2,0.333333333,1.833333333,O4,de-protonated,0,-9999,C12 H22 O4,12,22,4,-9999,-9999,-9999,-9999,-9999
260,237.080327,237.080393888,237.0802184,7666333,-9999,1227625.8,14.47,-1,0.740203833,0.90536595499999994,0,0.543219573,1,0.555555556,2,S1 O5,de-protonated,0,-9999,C9 H18 O5 S1,9,18,5,-9999,-9999,1,-9999,-9999
261,239.0596,239.059667938,239.059482955,19594104,-9999,1178904.9,40.15,-1,0.773795738,0.897049543,0,0.538229726,1,0.75,2,S1 O6,de-protonated,0,-9999,C8 H16 O6 S1,8,16,6,-9999,-9999,1,-9999,-9999
262,239.128816,239.128883975,239.128882671,45874048,-9999,1151147,96.75,-1,0.00545551,0.999972153,0.950096537,0.980021907,4,0.307692308,1.538461538,O4,de-protonated,0,-9999,C13 H20 O4,13,20,4,-9999,-9999,-9999,-9999,-9999
263,240.132165,240.132233508,240.132237506,9608149,-9999,1184114.5,18.65,-1,-0.016648764,0.999949707,0.950096537,0.980008439,4,0.307692308,1.538461538,13C1 O4,de-protonated,1,262,C12 H20 O4 13C1,12,20,4,-9999,-9999,-9999,1,-9999
264,241.144465,241.144534045,241.144532735,11475997,-9999,1232410.7,22.64,-1,0.005432641,0.999994645,0,0.599996787,3,0.307692308,1.692307692,O4,de-protonated,0,-9999,C13 H22 O4,13,22,4,-9999,-9999,-9999,-9999,-9999
265,241.217238,241.217307084,241.217303754,40500256,-9999,1129454.8,85.06,-1,0.0138049,0.49998271,0.860410506,0.644153829,1,0.133333333,2,O2,de-protonated,0,-9999,C15 H30 O2,15,30,2,-9999,-9999,-9999,-9999,-9999
266,242.176101,242.176170593,242.176167217,195066960,-9999,1113800.5,417.48,-1,0.013940727,0.999942878,0.979107251,0.991608627,2,0.230769231,1.923076923,N1 O3,de-protonated,0,-9999,C13 H25 O3 N1,13,25,3,1,-9999,-9999,-9999,-9999
267,243.160119,243.160189115,243.160182799,68844672,-9999,1122370.3,146.02,-1,0.025972738,0.999900957,0.98523747,0.994035562,2,0.307692308,1.846153846,O4,de-protonated,0,-9999,C13 H24 O4,13,24,4,-9999,-9999,-9999,-9999,-9999
268,243.179457,243.179527125,243.179522052,22248578,-9999,1154817.5,45.81,-1,0.020863766,0.999921019,0.979107251,0.991595512,2,0.230769231,1.923076923,13C1 N1 O3,de-protonated,1,266,C12 H25 O3 N1 13C1,12,25,3,1,-9999,-9999,1,-9999
269,244.163462,244.163532648,244.163537635,8379551,-9999,1215482.1,15.98,-1,-0.020424599,0.999924309,0.98523747,0.994049574,2,0.307692308,1.846153846,13C1 O4,de-protonated,1,267,C12 H24 O4 13C1,12,24,4,-9999,-9999,-9999,1,-9999
270,245.102995,245.103066146,245.103061845,11394224,-9999,1095005.7,22.43,-1,0.01754808,0.999944127,0,0.599966476,3,0.545454545,1.636363636,O6,de-protonated,0,-9999,C11 H18 O6,11,18,6,-9999,-9999,-9999,-9999,-9999
271,249.170674,249.170747306,249.170747484,9165964,-9999,1235947.8,17.65,-1,-7.14318e-4,0.999999907,0,0.599999944,0,0.416666667,2.166666667,O5,de-protonated,0,-9999,C12 H26 O5,12,26,5,-9999,-9999,-9999,-9999,-9999
272,253.075249,253.075324378,253.07513302,24656866,-9999,1099432.3,50.84,-1,0.756133157,0.901458753,0,0.540875252,1,0.666666667,2,S1 O6,de-protonated,0,-9999,C9 H18 O6 S1,9,18,6,-9999,-9999,1,-9999,-9999
273,253.144466,253.144541415,253.144532735,23411678,-9999,1118920.6,48.17,-1,0.034288162,0.999786698,0,0.599872019,4,0.285714286,1.571428571,O4,de-protonated,0,-9999,C14 H22 O4,14,22,4,-9999,-9999,-9999,-9999,-9999
274,253.217237,253.217312454,253.217303754,17644506,-9999,1046002.2,35.8,-1,0.034357008,0.99978584,0,0.599871504,2,0.125,1.875,O2,de-protonated,0,-9999,C16 H30 O2,16,30,2,-9999,-9999,-9999,-9999,-9999
275,255.123736,255.123812466,255.12379729,7977827,-9999,1272808.3,15.07,-1,0.059482423,0.999358212,0,0.599614927,4,0.384615385,1.538461538,O5,de-protonated,0,-9999,C13 H20 O5,13,20,5,-9999,-9999,-9999,-9999,-9999
276,255.232881,255.232957523,255.232953818,130186072,-9999,1063080.5,276.74,-1,0.0145172,0.999653163,0.998062863,0.999017043,1,0.125,2,O2,de-protonated,0,-9999,C16 H32 O2,16,32,2,-9999,-9999,-9999,-9999,-9999
277,256.236247,256.236324056,256.236308653,22182678,-9999,1083516.8,45.47,-1,0.060111707,0.999344565,0.998062863,0.998831884,1,0.125,2,13C1 O2,de-protonated,1,276,C15 H32 O2 13C1,15,32,2,-9999,-9999,-9999,1,-9999
278,257.139386,257.139463535,257.139447355,7432915.5,-9999,1092205.7,13.88,-1,0.062926416,0.99928177,0,0.599569062,3,0.384615385,1.692307692,O5,de-protonated,0,-9999,C13 H22 O5,13,22,5,-9999,-9999,-9999,-9999,-9999
279,257.175764,257.175841555,257.175832864,7240400.5,-9999,1305371.5,13.47,-1,0.033793314,0.999792809,0,0.599875686,2,0.285714286,1.857142857,O4,de-protonated,0,-9999,C14 H26 O4,14,26,4,-9999,-9999,-9999,-9999,-9999
280,269.139362,269.139445905,269.139447355,7763785,-9999,1084823,14.55,-1,-0.005385091,0.999994738,0,0.599996843,4,0.357142857,1.571428571,O5,de-protonated,0,-9999,C14 H22 O5,14,22,5,-9999,-9999,-9999,-9999,-9999
281,269.248523,269.248606963,269.248603883,13776707,-9999,1074173.9,27.38,-1,0.0114413,0.999976248,0,0.599985749,1,0.117647059,2,O2,de-protonated,0,-9999,C17 H34 O2,17,34,2,-9999,-9999,-9999,-9999,-9999
282,277.201995,277.202083185,277.202047612,6927961,-9999,1084394.8,12.74,-1,0.128327354,0.997016379,0,0.598209828,0,0.357142857,2.142857143,O5,de-protonated,0,-9999,C14 H30 O5,14,30,5,-9999,-9999,-9999,-9999,-9999
283,281.248524,281.248614333,281.248603883,12973761,-9999,1075007.2,25.58,-1,0.037157032,0.999749515,0,0.599849709,2,0.111111111,1.888888889,O2,de-protonated,0,-9999,C18 H34 O2,18,34,2,-9999,-9999,-9999,-9999,-9999
284,283.26417,283.264261403,283.264253947,55277356,-9999,978549,115.55,-1,0.026321159,0.999879703,0.995413015,0.998093028,1,0.111111111,2,O2,de-protonated,0,-9999,C18 H36 O2,18,36,2,-9999,-9999,-9999,-9999,-9999
285,284.267524,284.267615936,284.267608782,10401647,-9999,950889.9,20.11,-1,0.025164214,0.999885106,0.995413015,0.99809627,1,0.111111111,2,13C1 O2,de-protonated,1,284,C17 H36 O2 13C1,17,36,2,-9999,-9999,-9999,1,-9999
286,291.160089,291.160184594,291.160182799,11475480,-9999,993985.3,22.35,-1,0.006164148,0.999993106,0,0.599995863,6,0.235294118,1.411764706,O4,de-protonated,0,-9999,C17 H24 O4,17,24,4,-9999,-9999,-9999,-9999,-9999
287,291.217588,291.217683625,291.217697677,9067040,-9999,1008442.2,17.23,-1,-0.048253023,0.999577612,0,0.599746567,0,0.333333333,2.133333333,O5,de-protonated,0,-9999,C15 H32 O5,15,32,5,-9999,-9999,-9999,-9999,-9999
289,293.175743,293.175839664,293.175832864,694582080,-9999,935819.2,1469.58,-1,0.023195086,0.999961828,0.999318232,0.999704389,5,0.235294118,1.529411765,O4,de-protonated,0,-9999,C17 H26 O4,17,26,4,-9999,-9999,-9999,-9999,-9999
290,294.179091,294.179188197,294.179187699,128351160,-9999,939683,269.92,-1,0.001692041,0.999994193,0.999318232,0.999723809,5,0.235294118,1.529411765,13C1 O4,de-protonated,1,289,C16 H26 O4 13C1,16,26,4,-9999,-9999,-9999,1,-9999
291,295.15501,295.155107715,295.155097419,7806024,-9999,951364.2,14.53,-1,0.034882535,0.999779239,0,0.599867544,5,0.3125,1.5,O5,de-protonated,0,-9999,C16 H24 O5,16,24,5,-9999,-9999,-9999,-9999,-9999
292,295.182442,295.182539729,295.182542534,10878028,-9999,984182.1,21.04,-1,-0.009501615,0.999988906,0.999318232,0.999720637,5,0.235294118,1.529411765,13C2 O4,de-protonated,1,289,C15 H26 O4 13C2,15,26,4,-9999,-9999,-9999,2,-9999
293,297.047061,297.047159719,297.047204194,19250552,-9999,932510.9,38.77,-1,-0.149723337,0.995940712,0,0.597564427,2,0.6,1.8,S2 O6,de-protonated,0,-9999,C10 H18 O6 S2,10,18,6,-9999,-9999,2,-9999,-9999
294,297.152893,297.152991775,297.152989419,13319561,-9999,969636.4,26.21,-1,0.007930423,0.999988588,0,0.599993153,4,0.1875,1.625,S1 O3,de-protonated,0,-9999,C16 H26 O3 S1,16,26,3,-9999,-9999,1,-9999,-9999
295,297.170635,297.170733785,297.170747484,22003084,-9999,941958.5,44.61,-1,-0.046097314,0.999614503,0,0.599768702,4,0.3125,1.625,O5,de-protonated,0,-9999,C16 H26 O5,16,26,5,-9999,-9999,-9999,-9999,-9999
296,309.170638,309.170743155,309.170747484,326534912,-9999,880226.6,686.86,-1,-0.014001852,0.999980447,0.995243081,0.998085501,5,0.294117647,1.529411765,O5,de-protonated,0,-9999,C17 H26 O5,17,26,5,-9999,-9999,-9999,-9999,-9999
297,310.173998,310.174103687,310.174102319,62228464,-9999,913484.9,129.27,-1,0.004412257,0.999996468,0.995243081,0.998095113,5,0.294117647,1.529411765,13C1 O5,de-protonated,1,296,C16 H26 O5 13C1,16,26,5,-9999,-9999,-9999,1,-9999
298,311.099074,311.099180178,311.099239768,23201996,-9999,913738.6,46.94,-1,-0.191545488,0.993364818,0,0.596018891,1,0.416666667,2,S2 O5,de-protonated,0,-9999,C12 H24 O5 S2,12,24,5,-9999,-9999,2,-9999,-9999
299,311.168535,311.168641215,311.168639483,29755612,-9999,932565.9,60.76,-1,0.005565585,0.99999438,0,0.599996628,4,0.176470588,1.647058824,S1 O3,de-protonated,0,-9999,C17 H28 O3 S1,17,28,3,-9999,-9999,1,-9999,-9999
300,311.1863,311.186406224,311.186397548,25692384,-9999,927138.2,52.19,-1,0.027882085,0.99985895,0,0.59991537,4,0.294117647,1.647058824,O5,de-protonated,0,-9999,C17 H28 O5,17,28,5,-9999,-9999,-9999,-9999,-9999
301,312.171884,312.171990748,312.171750541,7031248,-9999,967130.6,12.82,-1,0.769468282,0.898137235,0,0.538882341,9,0.111111111,1.277777778,N3 O2,de-protonated,0,-9999,C18 H23 O2 N3,18,23,2,3,-9999,-9999,-9999,-9999
302,313.07836,313.078467229,313.078775649,13126320,-9999,916682.4,25.68,-1,-0.985120392,0.838543275,0,0.503125965,15,0.047619048,0.714285714,P1 O1,de-protonated,0,-9999,C21 H15 O1 P1,21,15,1,-9999,1,-9999,-9999,-9999
302,313.07836,313.078467229,313.078504323,13126320,-9999,916682.4,25.68,-1,-0.118481869,0.997456073,0,0.598473644,1,0.545454545,2,S2 O6,de-protonated,0,-9999,C11 H22 O6 S2,11,22,6,-9999,-9999,2,-9999,-9999
303,313.165568,313.165675275,313.165662103,8981190,-9999,930205,16.94,-1,0.04206095,0.999679046,0,0.599807428,4,0.375,1.625,O6,de-protonated,0,-9999,C16 H26 O6,16,26,6,-9999,-9999,-9999,-9999,-9999
305,323.149902,323.150014575,323.150012039,10835233,-9999,935670.4,20.74,-1,0.007848873,0.999988822,0,0.599993293,6,0.352941176,1.411764706,O6,de-protonated,0,-9999,C17 H24 O6,17,24,6,-9999,-9999,-9999,-9999,-9999
306,325.165535,325.165648645,325.165662103,8787799,-9999,889687,16.44,-1,-0.041388637,0.999689223,0,0.599813534,5,0.352941176,1.529411765,O6,de-protonated,0,-9999,C17 H26 O6,17,26,6,-9999,-9999,-9999,-9999,-9999
307,325.184174,325.184287655,325.184289548,25139036,-9999,893312.7,50.78,-1,-0.005820944,0.999993852,0,0.599996311,4,0.166666667,1.666666667,S1 O3,de-protonated,0,-9999,C18 H30 O3 S1,18,30,3,-9999,-9999,1,-9999,-9999
308,329.152388,329.152503761,329.152334514,13687757,-9999,857302.9,26.73,-1,0.514190633,0.953158967,0,0.57189538,4,0.3125,1.6875,P1 O5,de-protonated,0,-9999,C16 H27 O5 P1,16,27,5,-9999,1,-9999,-9999,-9999
309,339.199802,339.199923095,339.199939612,22816586,-9999,839724.4,45.78,-1,-0.048695765,0.999569827,0,0.599741896,4,0.157894737,1.684210526,S1 O3,de-protonated,0,-9999,C19 H32 O3 S1,19,32,3,-9999,-9999,1,-9999,-9999
310,347.280161,347.280286384,347.280297935,7311474.5,-9999,931601.8,13.27,-1,-0.033261275,0.999799281,0,0.599879569,0,0.263157895,2.105263158,O5,de-protonated,0,-9999,C19 H40 O5,19,40,5,-9999,-9999,-9999,-9999,-9999
311,357.3009,357.301030703,357.30103338,9247611,-9999,811212.2,17.27,-1,-0.007491423,0.999989817,0,0.59999389,1,0.19047619,2,O4,de-protonated,0,-9999,C21 H42 O4,21,42,4,-9999,-9999,-9999,-9999,-9999
312,367.212502,367.212637964,367.212612296,8300021,-9999,826866.5,15.25,-1,0.069898791,0.999113863,0,0.599468318,5,0.3,1.6,O6,de-protonated,0,-9999,C20 H32 O6,20,32,6,-9999,-9999,-9999,-9999,-9999
313,371.06581,371.06594801,371.065845439,8686054,-9999,794420.3,16.01,-1,0.276420699,0.986231461,0,0.591738877,7,0.2,1.4,N2 S2 P1 O3,de-protonated,0,-9999,C15 H21 O3 N2 P1 S2,15,21,3,2,1,2,-9999,-9999
314,383.207384,383.207528455,383.207526916,16045505,-9999,744925.9,31.18,-1,0.004014819,0.999997075,0,0.599998245,5,0.35,1.6,O7,de-protonated,0,-9999,C20 H32 O7,20,32,7,-9999,-9999,-9999,-9999,-9999
314,383.207384,383.207528455,383.207364725,16045505,-9999,744925.9,31.18,-1,0.427261723,0.967418664,0,0.580451198,0,0.066666667,2.466666667,N4 S2 P1 O1,de-protonated,0,-9999,C15 H37 O1 N4 P1 S2,15,37,1,4,1,2,-9999,-9999
315,385.117833,385.117978469,385.117881013,10401674,-9999,684407.9,19.5,-1,0.253053762,0.988447958,0,0.593068775,6,0.117647059,1.588235294,N2 S2 P1 O2,de-protonated,0,-9999,C17 H27 O2 N2 P1 S2,17,27,2,2,1,2,-9999,-9999
316,385.223026,385.223171524,385.22317698,17766306,-9999,727692.8,34.74,-1,-0.014163253,0.999963602,0,0.599978161,4,0.35,1.7,O7,de-protonated,0,-9999,C20 H34 O7,20,34,7,-9999,-9999,-9999,-9999,-9999
317,389.163538,389.163685616,389.163948026,7355195.5,-9999,755400.7,13.2,-1,-0.674291137,0.920812351,0,0.55248741,4,0.388888889,1.666666667,S1 O7,de-protonated,0,-9999,C18 H30 O7 S1,18,30,7,-9999,-9999,1,-9999,-9999
317,389.163538,389.163685616,389.163567903,7355195.5,-9999,755400.7,13.2,-1,0.302476205,0.983535962,0,0.590121577,9,0.2,1.35,N2 P1 O4,de-protonated,0,-9999,C20 H27 O4 N2 P1,20,27,4,2,1,-9999,-9999,-9999
321,397.967758,397.96791029,397.967587948,7291614.5,-9999,612638.6,13.03,-1,0.809969711,0.887772662,0,0.532663597,11,0.461538462,0.769230769,N3 S2 P1 O6,de-protonated,0,-9999,C13 H10 O6 N3 P1 S2,13,10,6,3,1,2,-9999,-9999
322,398.036602,398.036754326,398.036498406,12837613,-9999,696370.7,24.47,-1,0.64295663,0.927734526,0,0.556640716,10,0.8,0.866666667,N1 O12,de-protonated,0,-9999,C15 H13 O12 N1,15,13,12,1,-9999,-9999,-9999,-9999
322,398.036602,398.036754326,398.036987663,12837613,-9999,696370.7,24.47,-1,-0.586219752,0.939548824,0,0.563729294,14,0.222222222,0.777777778,N3 S1 P1 O4,de-protonated,0,-9999,C18 H14 O4 N3 P1 S1,18,14,4,3,1,1,-9999,-9999
324,403.179148,403.179303056,403.17959809,7407389,-9999,731737.5,13.27,-1,-0.731769496,0.907407779,0,0.544444667,4,0.368421053,1.684210526,S1 O7,de-protonated,0,-9999,C19 H32 O7 S1,19,32,7,-9999,-9999,1,-9999,-9999
324,403.179148,403.179303056,403.179217968,7407389,-9999,731737.5,13.27,-1,0.211042596,0.991951029,0,0.595170617,9,0.19047619,1.380952381,N2 P1 O4,de-protonated,0,-9999,C21 H29 O4 N2 P1,21,29,4,2,1,-9999,-9999,-9999
325,411.20228,411.202439315,411.202441536,12643639,-9999,679665.6,24,-1,-0.005400949,0.999994707,0,0.599996824,6,0.380952381,1.523809524,O8,de-protonated,0,-9999,C21 H32 O8,21,32,8,-9999,-9999,-9999,-9999,-9999
325,411.20228,411.202439315,411.202279344,12643639,-9999,679665.6,24,-1,0.389031031,0.972912258,0,0.583747355,1,0.125,2.3125,N4 S2 P1 O2,de-protonated,0,-9999,C16 H37 O2 N4 P1 S2,16,37,2,4,1,2,-9999,-9999
326,419.184016,419.184179552,419.184028566,10105551,-9999,662066.1,18.77,-1,0.360188606,0.976734517,0,0.58604071,4,0.421052632,1.736842105,P1 O8,de-protonated,0,-9999,C19 H33 O8 P1,19,33,8,-9999,1,-9999,-9999,-9999
327,427.197178,427.197345805,427.197356155,9598992,-9999,752204.9,17.67,-1,-0.024227873,0.999893497,0,0.599936098,6,0.428571429,1.523809524,O9,de-protonated,0,-9999,C21 H32 O9,21,32,9,-9999,-9999,-9999,-9999,-9999
327,427.197178,427.197345805,427.197193964,9598992,-9999,752204.9,17.67,-1,0.355435964,0.977337472,0,0.586402483,1,0.1875,2.3125,N4 S2 P1 O3,de-protonated,0,-9999,C16 H37 O3 N4 P1 S2,16,37,3,4,1,2,-9999,-9999
328,445.084547,445.0847243,445.084648876,12698393,-9999,670247.5,23.95,-1,0.169460176,0.994802935,0,0.596881761,17,0.24,0.76,P1 O6,de-protonated,0,-9999,C25 H19 O6 P1,25,19,6,-9999,1,-9999,-9999,-9999
328,445.084547,445.0847243,445.08437755,12698393,-9999,670247.5,23.95,-1,0.779066398,0.895718335,0,0.537431001,3,0.733333333,1.733333333,S2 O11,de-protonated,0,-9999,C15 H26 O11 S2,15,26,11,-9999,-9999,2,-9999,-9999
328,445.084547,445.0847243,445.08484558,12698393,-9999,670247.5,23.95,-1,-0.272488197,0.986617817,0,0.59197069,9,0.8,1.2,N4 O12,de-protonated,0,-9999,C15 H18 O12 N4,15,18,12,4,-9999,-9999,-9999,-9999
329,449.116004,449.11618344,449.115949005,16942478,-9999,648327,32.62,-1,0.52199253,0.951761835,0,0.571057101,15,0.24,0.92,P1 O6,de-protonated,0,-9999,C25 H23 O6 P1,25,23,6,-9999,1,-9999,-9999,-9999
329,449.116004,449.11618344,449.116145709,16942478,-9999,648327,32.62,-1,0.084010964,0.998720183,0,0.59923211,7,0.8,1.466666667,N4 O12,de-protonated,0,-9999,C15 H22 O12 N4,15,22,12,4,-9999,-9999,-9999,-9999
330,455.410411,455.410593781,455.410583831,9587059,-9999,613534.7,17.52,-1,0.021849122,0.999913383,0,0.59994803,1,0.142857143,2,O4,de-protonated,0,-9999,C28 H56 O4,28,56,4,-9999,-9999,-9999,-9999,-9999
331,465.110895,465.11108293,465.110863624,9228208,-9999,657450.6,16.78,-1,0.471513319,0.960462303,0,0.576277382,15,0.28,0.92,P1 O7,de-protonated,0,-9999,C25 H23 O7 P1,25,23,7,-9999,1,-9999,-9999,-9999
331,465.110895,465.11108293,465.111060329,9228208,-9999,657450.6,16.78,-1,0.04859372,0.999571628,0,0.599742977,7,0.866666667,1.466666667,N4 O13,de-protonated,0,-9999,C15 H22 O13 N4,15,22,13,4,-9999,-9999,-9999,-9999
332,485.238989,485.239187615,485.239220968,12410456,-9999,600316.5,23.15,-1,-0.068736057,0.999143087,0,0.599485852,6,0.416666667,1.583333333,O10,de-protonated,0,-9999,C24 H38 O10,24,38,10,-9999,-9999,-9999,-9999,-9999
332,485.238989,485.239187615,485.239058777,12410456,-9999,600316.5,23.15,-1,0.265514279,0.987289727,0,0.592373836,1,0.210526316,2.263157895,N4 S2 P1 O4,de-protonated,0,-9999,C19 H43 O4 N4 P1 S2,19,43,4,4,1,2,-9999,-9999
333,501.233899,501.234106105,501.234135588,7433136.5,-9999,649026.7,12.99,-1,-0.058820065,0.999372421,0,0.599623452,6,0.458333333,1.583333333,O11,de-protonated,0,-9999,C24 H38 O11,24,38,11,-9999,-9999,-9999,-9999,-9999
333,501.233899,501.234106105,501.233973396,7433136.5,-9999,649026.7,12.99,-1,0.264763987,0.987361004,0,0.592416603,1,0.263157895,2.263157895,N4 S2 P1 O5,de-protonated,0,-9999,C19 H43 O5 N4 P1 S2,19,43,5,4,1,2,-9999,-9999
334,519.103237,519.10345359,519.103670244,7953359.5,-9999,562187.6,13.96,-1,-0.417360272,0.96888779,0,0.581332674,17,0.214285714,0.892857143,S1 P1 O6,de-protonated,0,-9999,C28 H25 O6 P1 S1,28,25,6,-9999,1,1,-9999,-9999
334,519.103237,519.10345359,519.103018795,7953359.5,-9999,562187.6,13.96,-1,0.837589871,0.880472522,0,0.528283513,8,0.4,1.45,N2 S2 P1 O8,de-protonated,0,-9999,C20 H29 O8 N2 P1 S2,20,29,8,2,1,2,-9999,-9999
334,519.103237,519.10345359,519.103866948,7953359.5,-9999,562187.6,13.96,-1,-0.796291004,0.891319021,0,0.534791413,9,0.666666667,1.333333333,N4 S1 O12,de-protonated,0,-9999,C18 H24 O12 N4 S1,18,24,12,4,-9999,1,-9999,-9999
335,533.311689,533.311913133,533.311991987,17451300,-9999,558101.4,32.85,-1,-0.14785774,0.996041042,0,0.597624625,8,0.266666667,1.533333333,O8,de-protonated,0,-9999,C30 H46 O8,30,46,8,-9999,-9999,-9999,-9999,-9999
335,533.311689,533.311913133,533.311829795,17451300,-9999,558101.4,32.85,-1,0.156263221,0.995579152,0,0.597347491,3,0.08,2.04,N4 S2 P1 O2,de-protonated,0,-9999,C25 H51 O2 N4 P1 S2,25,51,2,4,1,2,-9999,-9999
336,536.359008,536.35923375,536.359276533,30297096,-9999,533262.5,58.5,-1,-0.07976509,0.999225433,0.992917233,0.996702153,6,0.233333333,1.7,N1 O7,de-protonated,0,-9999,C30 H51 O7 N1,30,51,7,1,-9999,-9999,-9999,-9999
337,537.343045,537.343271272,537.343292116,10947830,-9999,577970.1,19.86,-1,-0.038789564,0.999727024,0,0.599836214,6,0.266666667,1.666666667,O8,de-protonated,0,-9999,C30 H50 O8,30,50,8,-9999,-9999,-9999,-9999,-9999
337,537.343045,537.343271272,537.343129924,10947830,-9999,577970.1,19.86,-1,0.263049828,0.98752311,0,0.592513866,1,0.08,2.2,N4 S2 P1 O2,de-protonated,0,-9999,C25 H55 O2 N4 P1 S2,25,55,2,4,1,2,-9999,-9999
338,537.36238,537.362606283,537.362631368,10210554,-9999,581864.3,18.39,-1,-0.046682086,0.999604662,0.992917233,0.99692969,6,0.233333333,1.7,13C1 N1 O7,de-protonated,1,336,C29 H51 O7 N1 13C1,29,51,7,1,-9999,-9999,1,-9999
339,549.306613,549.306845623,549.306906606,12441670,-9999,545552.3,22.84,-1,-0.111018979,0.997766105,0,0.598659663,8,0.3,1.533333333,O9,de-protonated,0,-9999,C30 H46 O9,30,46,9,-9999,-9999,-9999,-9999,-9999
339,549.306613,549.306845623,549.306744415,12441670,-9999,545552.3,22.84,-1,0.184246487,0.993859335,0,0.596315601,3,0.12,2.04,N4 S2 P1 O3,de-protonated,0,-9999,C25 H51 O3 N4 P1 S2,25,51,3,4,1,2,-9999,-9999
340,549.415705,549.415937681,549.416063134,7559264.5,-9999,562531.5,13.09,-1,-0.228339946,0.990584034,0,0.59435042,5,0.181818182,1.757575758,O6,de-protonated,0,-9999,C33 H58 O6,33,58,6,-9999,-9999,-9999,-9999,-9999
341,552.353881,552.35411524,552.354191152,13703972,-9999,520455.9,25.36,-1,-0.137433481,0.99657867,0,0.597947202,6,0.266666667,1.7,N1 O8,de-protonated,0,-9999,C30 H51 O8 N1,30,51,8,1,-9999,-9999,-9999,-9999
342,587.357197,587.357449821,587.357910609,10844842,-9999,999128.2,19.43,-1,-0.784510061,0.894336041,0,0.536601625,5,0.25,1.892857143,N4 P1 O7,de-protonated,0,-9999,C28 H53 O7 N4 P1,28,53,7,4,1,-9999,-9999,-9999
343,587.35861,587.358862822,587.35894218,124484264,-9999,476926.8,244.09,-1,-0.135110977,0.99463091,0.98605626,0.99120105,9,0.235294118,1.529411765,O8,de-protonated,0,-9999,C34 H52 O8,34,52,8,-9999,-9999,-9999,-9999,-9999
343,587.35861,587.358862822,587.358290732,124484264,-9999,476926.8,244.09,-1,0.974005217,0.840411864,0.93628214,0.878759974,0,0.384615385,2.153846154,N2 S1 O10,de-protonated,0,-9999,C26 H56 O10 N2 S1,26,56,10,2,-9999,1,-9999,-9999
343,587.35861,587.358862822,587.358779989,124484264,-9999,476926.8,244.09,-1,0.141025711,0.664068376,0.936226497,0.772931624,4,0.068965517,1.965517241,N4 S2 P1 O2,de-protonated,0,-9999,C29 H57 O2 N4 P1 S2,29,57,2,4,1,2,-9999,-9999
344,587.360019,587.360271822,587.35981156,9730730,-9999,809055.8,17.23,-1,0.783612069,0.894564581,0,0.536738749,8,0.085714286,1.6,S2 O3,de-protonated,0,-9999,C35 H56 O3 S2,35,56,3,-9999,-9999,2,-9999,-9999
344,587.360019,587.360271822,587.360279591,9730730,-9999,809055.8,17.23,-1,-0.013225975,0.99996826,0,0.599980956,14,0.114285714,1.371428571,N4 O4,de-protonated,0,-9999,C35 H48 O4 N4,35,48,4,4,-9999,-9999,-9999,-9999
345,588.361971,588.362224354,588.362297015,49183620,-9999,488180.8,95.22,-1,-0.123497221,0.994812014,0.98605626,0.991309712,9,0.235294118,1.529411765,13C1 O8,de-protonated,1,343,C33 H52 O8 13C1,33,52,8,-9999,-9999,-9999,1,-9999
345,588.361971,588.362224354,588.361645567,49183620,-9999,488180.8,95.22,-1,0.983727569,0.83896062,0.93628214,0.877889228,0,0.384615385,2.153846154,13C1 N2 S1 O10,de-protonated,1,343,C25 H56 O10 N2 S1 13C1,25,56,10,2,-9999,1,1,-9999
345,588.361971,588.362224354,588.362134824,49183620,-9999,488180.8,95.22,-1,0.152168564,0.663871547,0.936226497,0.772813527,4,0.068965517,1.965517241,13C1 N4 S2 P1 O2,de-protonated,1,343,C28 H57 O2 N4 P1 S2 13C1,28,57,2,4,1,2,1,-9999
346,589.365259,589.365512887,589.36565185,8158298,-9999,563740,14.12,-1,-0.235785061,0.992387578,0.98605626,0.989855051,9,0.235294118,1.529411765,13C2 O8,de-protonated,1,343,C32 H52 O8 13C2,32,52,8,-9999,-9999,-9999,2,-9999
347,591.353499,591.353753942,591.3538568,9551362,-9999,499264.4,16.87,-1,-0.173935881,0.994525547,0,0.596715328,8,0.272727273,1.575757576,O9,de-protonated,0,-9999,C33 H52 O9,33,52,9,-9999,-9999,-9999,-9999,-9999
347,591.353499,591.353753942,591.353694608,9551362,-9999,499264.4,16.87,-1,0.100335344,0.998174991,0,0.598904994,3,0.107142857,2.035714286,N4 S2 P1 O3,de-protonated,0,-9999,C28 H57 O3 N4 P1 S2,28,57,3,4,1,2,-9999,-9999
348,593.121976,593.122231881,593.12168929,15859574,-9999,487629,29.34,-1,0.914805535,0.42955908,0.692787115,0.534850294,31,0.073170732,0.536585366,S1 O3,de-protonated,0,-9999,C41 H22 O3 S1,41,22,3,-9999,-9999,1,-9999,-9999
348,593.121976,593.122231881,593.122691611,15859574,-9999,487629,29.34,-1,-0.775102018,0.896720274,0,0.538032165,17,0.193548387,1,S2 P1 O6,de-protonated,0,-9999,C31 H31 O6 P1 S2,31,31,6,-9999,1,2,-9999,-9999
348,593.121976,593.122231881,593.121822232,15859574,-9999,487629,29.34,-1,0.690666334,0.917085429,0,0.550251257,18,0.366666667,0.9,P1 O11,de-protonated,0,-9999,C30 H27 O11 P1,30,27,11,-9999,1,-9999,-9999,-9999
348,593.121976,593.122231881,593.122018936,15859574,-9999,487629,29.34,-1,0.35902357,0.976883029,0,0.586129817,10,0.85,1.3,N4 O17,de-protonated,0,-9999,C20 H26 O17 N4,20,26,17,4,-9999,-9999,-9999,-9999
349,594.12162,594.121876411,594.122431366,7143495.5,-9999,514785.9,12.11,-1,-0.934074843,0.853582382,0,0.512149429,27,0.142857143,0.628571429,N3 P1 O5,de-protonated,0,-9999,C35 H22 O5 N3 P1,35,22,5,3,1,-9999,-9999,-9999
349,594.12162,594.121876411,594.12216004,7143495.5,-9999,514785.9,12.11,-1,-0.477391143,0.959490779,0,0.575694468,13,0.4,1.16,N3 S2 O10,de-protonated,0,-9999,C25 H29 O10 N3 S2,25,29,10,3,-9999,2,-9999,-9999
349,594.12162,594.121876411,594.12129066,7143495.5,-9999,514785.9,12.11,-1,0.985911837,0.838305956,0,0.502983574,14,0.625,1.041666667,N3 O15,de-protonated,0,-9999,C24 H25 O15 N3,24,25,15,3,-9999,-9999,-9999,-9999
350,603.352037,603.352298311,603.352825229,9078678,-9999,1061433,15.94,-1,-0.873315578,0.870761379,0,0.522456827,5,0.285714286,1.892857143,N4 P1 O8,de-protonated,0,-9999,C28 H53 O8 N4 P1,28,53,8,4,1,-9999,-9999,-9999
351,603.353512,603.353773312,603.3538568,124225432,-9999,469382.8,243.57,-1,-0.138372926,0.997829733,0.994603165,0.996539106,9,0.264705882,1.529411765,O9,de-protonated,0,-9999,C34 H52 O9,34,52,9,-9999,-9999,-9999,-9999,-9999
351,603.353512,603.353773312,603.354346057,124225432,-9999,469382.8,243.57,-1,-0.949268356,0.861940548,0.979687693,0.909039406,13,0.027027027,1.432432432,N2 S1 P1 O1,de-protonated,0,-9999,C37 H53 O1 N2 P1 S1,37,53,1,2,1,1,-9999,-9999
351,603.353512,603.353773312,603.353205351,124225432,-9999,469382.8,243.57,-1,0.941340556,0.85032751,0.946283334,0.88870984,0,0.423076923,2.153846154,N2 S1 O11,de-protonated,0,-9999,C26 H56 O11 N2 S1,26,56,11,2,-9999,1,-9999,-9999
351,603.353512,603.353773312,603.353694608,124225432,-9999,469382.8,243.57,-1,0.130443374,0.664461577,0.936226497,0.773167545,4,0.103448276,1.965517241,N4 S2 P1 O3,de-protonated,0,-9999,C29 H57 O3 N4 P1 S2,29,57,3,4,1,2,-9999,-9999
352,604.356872,604.357133845,604.357211635,46696540,-9999,474291,90.3,-1,-0.128715776,0.997985233,0.994603165,0.996632406,9,0.264705882,1.529411765,13C1 O9,de-protonated,1,351,C33 H52 O9 13C1,33,52,9,-9999,-9999,-9999,1,-9999
352,604.356872,604.357133845,604.357700892,46696540,-9999,474291,90.3,-1,-0.938264965,0.863009266,0.979687693,0.909680637,13,0.027027027,1.432432432,13C1 N2 S1 P1 O1,de-protonated,1,351,C36 H53 O1 N2 P1 S1 13C1,36,53,1,2,1,1,1,-9999
352,604.356872,604.357133845,604.356560186,46696540,-9999,474291,90.3,-1,0.949205172,0.849180481,0.946283334,0.888021622,0,0.423076923,2.153846154,13C1 N2 S1 O11,de-protonated,1,351,C25 H56 O11 N2 S1 13C1,25,56,11,2,-9999,1,1,-9999
352,604.356872,604.357133845,604.357049444,46696540,-9999,474291,90.3,-1,0.139654237,0.664311603,0.936226497,0.773077561,4,0.103448276,1.965517241,13C1 N4 S2 P1 O3,de-protonated,1,351,C28 H57 O3 N4 P1 S2 13C1,28,57,3,4,1,2,1,-9999
353,605.360295,605.360557377,605.36056647,7342366,-9999,497718.2,12.5,-1,-0.015020376,0.998972148,0.994603165,0.997224555,9,0.264705882,1.529411765,13C2 O9,de-protonated,1,351,C32 H52 O9 13C2,32,52,9,-9999,-9999,-9999,2,-9999
353,605.360295,605.360557377,605.361055727,7342366,-9999,497718.2,12.5,-1,-0.82322787100000006,0.873650381,0.979687693,0.916065306,13,0.027027027,1.432432432,13C2 N2 S1 P1 O1,de-protonated,1,351,C35 H53 O1 N2 P1 S1 13C2,35,53,1,2,1,1,2,-9999
353,605.360295,605.360557377,605.360480265,7342366,-9999,497718.2,12.5,-1,0.127381683,0.997060127,0,0.598236076,12,0.027027027,1.459459459,N2 S2 O1,de-protonated,0,-9999,C37 H54 O1 N2 S2,37,54,1,2,-9999,2,-9999,-9999
354,605.369232,605.369494382,605.369506864,7211295.5,-9999,524855.2,12.24,-1,-0.020619339,0.999922859,0,0.599953715,8,0.264705882,1.588235294,O9,de-protonated,0,-9999,C34 H54 O9,34,54,9,-9999,-9999,-9999,-9999,-9999
354,605.369232,605.369494382,605.369996122,7211295.5,-9999,524855.2,12.24,-1,-0.828814894,0.88281175,0,0.52968705,12,0.027027027,1.486486486,N2 S1 P1 O1,de-protonated,0,-9999,C37 H55 O1 N2 P1 S1,37,55,1,2,1,1,-9999,-9999
354,605.369232,605.369494382,605.369344673,7211295.5,-9999,524855.2,12.24,-1,0.247301936,0.988964262,0,0.593378557,3,0.103448276,2.034482759,N4 S2 P1 O3,de-protonated,0,-9999,C29 H59 O3 N4 P1 S2,29,59,3,4,1,2,-9999,-9999
355,609.340542,609.34080649,609.340790192,10554389,-9999,485635.3,18.76,-1,0.026746382,0.999870206,0,0.599922123,16,0.075,1.25,S1 O3,de-protonated,0,-9999,C40 H50 O3 S1,40,50,3,-9999,-9999,1,-9999,-9999
355,609.340542,609.34080649,609.340923134,10554389,-9999,485635.3,18.76,-1,-0.191426612,0.993373023,0,0.596023814,3,0.379310345,1.896551724,P1 O11,de-protonated,0,-9999,C29 H55 O11 P1,29,55,11,-9999,1,-9999,-9999,-9999
356,619.348414,619.348683802,619.348771419,32674604,-9999,453440.3,62.28,-1,-0.141466392,0.994101776,0.967488315,0.983456392,9,0.294117647,1.529411765,O10,de-protonated,0,-9999,C34 H52 O10,34,52,10,-9999,-9999,-9999,-9999,-9999
356,619.348414,619.348683802,619.349260677,32674604,-9999,453440.3,62.28,-1,-0.931420158,0.427174873,0.714192896,0.541982082,13,0.054054054,1.432432432,N2 S1 P1 O2,de-protonated,0,-9999,C37 H53 O2 N2 P1 S1,37,53,2,2,1,1,-9999,-9999
356,619.348414,619.348683802,619.348119971,32674604,-9999,453440.3,62.28,-1,0.910363051,0.870443096,0.918111404,0.88951042,0,0.461538462,2.153846154,N2 S1 O12,de-protonated,0,-9999,C26 H56 O12 N2 S1,26,56,12,2,-9999,1,-9999,-9999
356,619.348414,619.348683802,619.348609228,32674604,-9999,453440.3,62.28,-1,0.120407623,0.998470419,0.937389999,0.974038251,4,0.137931034,1.965517241,N4 S2 P1 O4,de-protonated,0,-9999,C29 H57 O4 N4 P1 S2,29,57,4,4,1,2,-9999,-9999
357,620.351724,620.351994335,620.352126254,14095323,-9999,460559,25.73,-1,-0.212652663,0.991828253,0.967488315,0.982092277,9,0.294117647,1.529411765,13C1 O10,de-protonated,1,356,C33 H52 O10 13C1,33,52,10,-9999,-9999,-9999,1,-9999
357,620.351724,620.351994335,620.351474806,14095323,-9999,460559,25.73,-1,0.837475478,0.880503136,0.918111404,0.895546443,0,0.461538462,2.153846154,13C1 N2 S1 O12,de-protonated,1,356,C25 H56 O12 N2 S1 13C1,25,56,12,2,-9999,1,1,-9999
357,620.351724,620.351994335,620.351964063,14095323,-9999,460559,25.73,-1,0.048797779,0.999568023,0.937389999,0.974696814,4,0.137931034,1.965517241,13C1 N4 S2 P1 O4,de-protonated,1,356,C28 H57 O4 N4 P1 S2 13C1,28,57,4,4,1,2,1,-9999
358,625.335552,625.33582498,625.335704812,10983214,-9999,487424.3,19.6,-1,0.192166415,0.993321874,0,0.595993124,16,0.1,1.25,S1 O4,de-protonated,0,-9999,C40 H50 O4 S1,40,50,4,-9999,-9999,1,-9999,-9999
358,625.335552,625.33582498,625.335837754,10983214,-9999,487424.3,19.6,-1,-0.020426159,0.999924297,0,0.599954578,3,0.413793103,1.896551724,P1 O12,de-protonated,0,-9999,C29 H55 O12 P1,29,55,12,-9999,1,-9999,-9999,-9999
358,625.335552,625.33582498,625.335324689,10983214,-9999,487424.3,19.6,-1,0.80003643,0.890352581,0,0.534211549,21,0.023809524,1.119047619,N2 P1 O1,de-protonated,0,-9999,C42 H47 O1 N2 P1,42,47,1,2,1,-9999,-9999,-9999
359,651.483737,651.48402386,651.484142696,9971480,-9999,406586,17.5,-1,-0.182407491,0.993980937,0,0.596388562,5,0.210526316,1.789473684,O8,de-protonated,0,-9999,C38 H68 O8,38,68,8,-9999,-9999,-9999,-9999,-9999
359,651.483737,651.48402386,651.483980505,9971480,-9999,406586,17.5,-1,0.066549207,0.999196723,0,0.599518034,0,0.060606061,2.212121212,N4 S2 P1 O2,de-protonated,0,-9999,C33 H73 O2 N4 P1 S2,33,73,2,4,1,2,-9999,-9999
360,661.395316,661.395608122,661.395721613,7728286.5,-9999,463099.3,13.11,-1,-0.171593474,0.994671613,0,0.596802968,9,0.27027027,1.567567568,O10,de-protonated,0,-9999,C37 H58 O10,37,58,10,-9999,-9999,-9999,-9999,-9999
360,661.395316,661.395608122,661.39621087,7728286.5,-9999,463099.3,13.11,-1,-0.911327476,0.860108824,0,0.516065294,13,0.05,1.475,N2 S1 P1 O2,de-protonated,0,-9999,C40 H59 O2 N2 P1 S1,40,59,2,2,1,1,-9999,-9999
360,661.395316,661.395608122,661.395070164,7728286.5,-9999,463099.3,13.11,-1,0.813367856,0.886884507,0,0.532130704,0,0.413793103,2.137931034,N2 S1 O12,de-protonated,0,-9999,C29 H62 O12 N2 S1,29,62,12,2,-9999,1,-9999,-9999
360,661.395316,661.395608122,661.395559421,7728286.5,-9999,463099.3,13.11,-1,0.073632397,0.999016718,0,0.599410031,4,0.125,1.96875,N4 S2 P1 O4,de-protonated,0,-9999,C32 H63 O4 N4 P1 S2,32,63,4,4,1,2,-9999,-9999
361,675.622656,675.622955674,675.623160058,7468099.5,-9999,474917.1,12.6,-1,-0.302512099,0.983532086,0,0.590119252,3,0.023255814,1.953488372,N2 S1 O1,de-protonated,0,-9999,C43 H84 O1 N2 S1,43,84,1,2,-9999,1,-9999,-9999
362,677.390181,677.390481612,677.390636232,25081138,-9999,425734.8,46.75,-1,-0.228258849,0.991172121,0.996938262,0.993478578,9,0.297297297,1.567567568,O11,de-protonated,0,-9999,C37 H58 O11,37,58,11,-9999,-9999,-9999,-9999,-9999
362,677.390181,677.390481612,677.39112549,25081138,-9999,425734.8,46.75,-1,-0.950525823,0.85107961,0.986886198,0.905402245,13,0.075,1.475,N2 S1 P1 O3,de-protonated,0,-9999,C40 H59 O3 N2 P1 S1,40,59,3,2,1,1,-9999,-9999
362,677.390181,677.390481612,677.389984784,25081138,-9999,425734.8,46.75,-1,0.733444964,0.905397621,0.949896933,0.923197346,0,0.448275862,2.137931034,N2 S1 O13,de-protonated,0,-9999,C29 H62 O13 N2 S1,29,62,13,2,-9999,1,-9999,-9999
362,677.390181,677.390481612,677.390474041,25081138,-9999,425734.8,46.75,-1,0.011176601,0.999929886,0.968246125,0.987256381,4,0.15625,1.96875,N4 S2 P1 O5,de-protonated,0,-9999,C32 H63 O5 N4 P1 S2,32,63,5,4,1,2,-9999,-9999
363,678.393545,678.393846144,678.393991067,10188218,-9999,425173.8,17.8,-1,-0.213626412,0.991753554,0.996938262,0.993827437,9,0.297297297,1.567567568,13C1 O11,de-protonated,1,362,C36 H58 O11 13C1,36,58,11,-9999,-9999,-9999,1,-9999
363,678.393545,678.393846144,678.393768517,10188218,-9999,425173.8,17.8,-1,0.114428124,0.997626968,0,0.598576181,12,0.024390244,1.512195122,N1 S2 P1 O1,de-protonated,0,-9999,C41 H62 O1 N1 P1 S2,41,62,1,1,1,2,-9999,-9999
363,678.393545,678.393846144,678.394480325,10188218,-9999,425173.8,17.8,-1,-0.934825153,0.853365226,0.986886198,0.906773615,13,0.075,1.475,13C1 N2 S1 P1 O3,de-protonated,1,362,C39 H59 O3 N2 P1 S1 13C1,39,59,3,2,1,1,1,-9999
363,678.393545,678.393846144,678.393339619,10188218,-9999,425173.8,17.8,-1,0.74665504,0.903791571,0.949896933,0.922233716,0,0.448275862,2.137931034,13C1 N2 S1 O13,de-protonated,1,362,C28 H62 O13 N2 S1 13C1,28,62,13,2,-9999,1,1,-9999
363,678.393545,678.393846144,678.393828876,10188218,-9999,425173.8,17.8,-1,0.025454913,0.999882437,0.968246125,0.987227912,4,0.15625,1.96875,13C1 N4 S2 P1 O5,de-protonated,1,362,C31 H63 O5 N4 P1 S2 13C1,31,63,5,4,1,2,1,-9999
364,682.311452,682.311755224,682.311538493,7763910.5,-9999,411833.6,13.09,-1,0.317642392,0.981858994,0,0.589115396,32,0.019607843,0.803921569,N1 O1,de-protonated,0,-9999,C51 H41 O1 N1,51,41,1,1,-9999,-9999,-9999,-9999
364,682.311452,682.311755224,682.311400109,7763910.5,-9999,411833.6,13.09,-1,0.520459572,0.952037849,0,0.57122271,5,0.466666667,1.766666667,N1 S1 O14,de-protonated,0,-9999,C30 H53 O14 N1 S1,30,53,14,1,-9999,1,-9999,-9999
364,682.311452,682.311755224,682.311889366,7763910.5,-9999,411833.6,13.09,-1,-0.196599023,0.99301133,0,0.595806798,9,0.181818182,1.636363636,N3 S2 P1 O6,de-protonated,0,-9999,C33 H54 O6 N3 P1 S2,33,54,6,3,1,2,-9999,-9999
365,693.385171,693.385480102,693.385550852,11206006,-9999,457744.4,19.78,-1,-0.102034948,0.998112697,0,0.598867618,9,0.324324324,1.567567568,O12,de-protonated,0,-9999,C37 H58 O12,37,58,12,-9999,-9999,-9999,-9999,-9999
365,693.385171,693.385480102,693.385037788,11206006,-9999,457744.4,19.78,-1,0.637906311,0.928824093,0,0.557294456,27,0.02,1,N2 O1,de-protonated,0,-9999,C50 H50 O1 N2,50,50,1,2,-9999,-9999,-9999,-9999
365,693.385171,693.385480102,693.386040109,11206006,-9999,457744.4,19.78,-1,-0.807640875,0.888379702,0,0.533027821,13,0.1,1.475,N2 S1 P1 O4,de-protonated,0,-9999,C40 H59 O4 N2 P1 S1,40,59,4,2,1,1,-9999,-9999
365,693.385171,693.385480102,693.384899403,11206006,-9999,457744.4,19.78,-1,0.837484523,0.880500715,0,0.528300429,0,0.482758621,2.137931034,N2 S1 O14,de-protonated,0,-9999,C29 H62 O14 N2 S1,29,62,14,2,-9999,1,-9999,-9999
365,693.385171,693.385480102,693.385388661,11206006,-9999,457744.4,19.78,-1,0.131877269,0.99684928799999994,0,0.598109573,4,0.1875,1.96875,N4 S2 P1 O6,de-protonated,0,-9999,C32 H63 O6 N4 P1 S2,32,63,6,4,1,2,-9999,-9999
366,694.344828,694.345137612,694.345555021,7265778.5,-9999,354272,12.12,-1,-0.601154616,0.936530515,0,0.561918309,23,0.065217391,1.086956522,N1 P1 O3,de-protonated,0,-9999,C46 H50 O3 N1 P1,46,50,3,1,1,-9999,-9999,-9999
366,694.344828,694.345137612,694.345283695,7265778.5,-9999,354272,12.12,-1,-0.210389383,0.992000578,0,0.595200347,9,0.222222222,1.583333333,N1 S2 O8,de-protonated,0,-9999,C36 H57 O8 N1 S2,36,57,8,1,-9999,2,-9999,-9999
366,694.344828,694.345137612,694.344903572,7265778.5,-9999,354272,12.12,-1,0.337065403,0.97959609,0,0.587757654,14,0.131578947,1.421052632,N3 S1 P1 O5,de-protonated,0,-9999,C38 H54 O5 N3 P1 S1,38,54,5,3,1,1,-9999,-9999
367,695.217746,695.218056075,695.217912152,11746915,-9999,386062.5,20.83,-1,0.207018421,0.992253878,0,0.595352327,30,0.042553191,0.787234043,S1 P1 O2,de-protonated,0,-9999,C47 H37 O2 P1 S1,47,37,2,-9999,1,1,-9999,-9999
367,695.217746,695.218056075,695.217773768,11746915,-9999,386062.5,20.83,-1,0.406070378,0.970523516,0,0.58231411,3,0.576923077,1.884615385,S2 P1 O15,de-protonated,0,-9999,C26 H49 O15 P1 S2,26,49,15,-9999,1,2,-9999,-9999
367,695.217746,695.218056075,695.218621921,11746915,-9999,386062.5,20.83,-1,-0.813910629,0.886742383,0,0.53204543,4,0.791666667,1.833333333,N2 S1 O19,de-protonated,0,-9999,C24 H44 O19 N2 S1,24,44,19,2,-9999,1,-9999,-9999
367,695.217746,695.218056075,695.218108857,11746915,-9999,386062.5,20.83,-1,-0.075920887,0.99895468,0,0.599372808,22,0.216216216,0.972972973,N4 S1 O8,de-protonated,0,-9999,C37 H36 O8 N4 S1,37,36,8,4,-9999,1,-9999,-9999
367,695.217746,695.218056075,695.218241798,11746915,-9999,386062.5,20.83,-1,-0.26714389,0.98713424,0,0.592280544,9,0.615384615,1.576923077,N4 P1 O16,de-protonated,0,-9999,C26 H41 O16 N4 P1,26,41,16,4,1,-9999,-9999,-9999
368,701.41029,701.410603362,701.411252536,11256186,-9999,414367.7,19.87,-1,-0.925525394,0.856048328,0,0.513628997,24,0.040816327,1.102040816,N2 O2,de-protonated,0,-9999,C49 H54 O2 N2,49,54,2,2,-9999,-9999,-9999,-9999
368,701.41029,701.410603362,701.410601087,11256186,-9999,414367.7,19.87,-1,0.003243114,0.999998092,0,0.599998855,15,0.097560976,1.414634146,N4 S1 O4,de-protonated,0,-9999,C41 H58 O4 N4 S1,41,58,4,4,-9999,1,-9999,-9999
368,701.41029,701.410603362,701.410734029,11256186,-9999,414367.7,19.87,-1,-0.186291668,0.993722684,0,0.59623361,2,0.4,2.1,N4 P1 O12,de-protonated,0,-9999,C30 H63 O12 N4 P1,30,63,12,4,1,-9999,-9999,-9999
369,725.404726,725.405052099,725.404392772,7359706.5,-9999,503716.2,12.19,-1,0.908909726,0.860795924,0,0.516477554,7,0.153846154,1.717948718,S2 P1 O6,de-protonated,0,-9999,C39 H67 O6 P1 S2,39,67,6,-9999,1,2,-9999,-9999
369,725.404726,725.405052099,725.405240925,7359706.5,-9999,503716.2,12.19,-1,-0.260304242,0.987780616,0,0.59266837000000006,8,0.27027027,1.675675676,N2 S1 O10,de-protonated,0,-9999,C37 H62 O10 N2 S1,37,62,10,2,-9999,1,-9999,-9999
369,725.404726,725.405052099,725.405730182,7359706.5,-9999,503716.2,12.19,-1,-0.934764344,0.85338283,0,0.512029698,12,0.05,1.575,N4 S2 P1 O2,de-protonated,0,-9999,C40 H63 O2 N4 P1 S2,40,63,2,4,1,2,-9999,-9999
369,725.404726,725.405052099,725.404860802,7359706.5,-9999,503716.2,12.19,-1,0.263709921,0.987460807,0,0.592476484,13,0.179487179,1.512820513,N4 P1 O7,de-protonated,0,-9999,C39 H59 O7 N4 P1,39,59,7,4,1,-9999,-9999,-9999
370,732.149126,732.149455679,732.149634636,7802844.5,-9999,397628.6,13.05,-1,-0.244426615,0.989218009,0,0.593530806,21,0.243243243,0.972972973,N1 S2 P1 O9,de-protonated,0,-9999,C37 H36 O9 N1 P1 S2,37,36,9,1,1,2,-9999,-9999
370,732.149126,732.149455679,732.148765256,7802844.5,-9999,397628.6,13.05,-1,0.943009189,0.850988889,0,0.510593333,22,0.388888889,0.888888889,N1 P1 O14,de-protonated,0,-9999,C36 H32 O14 N1 P1,36,32,14,1,1,-9999,-9999,-9999
371,736.058493,736.05882475400006,736.058891077,8966545,-9999,257071.2,15.29,-1,-0.090105558,0.998527901,0,0.59911674,27,0.324324324,0.621621622,N1 S2 O12,de-protonated,0,-9999,C37 H23 O12 N1 S2,37,23,12,1,-9999,2,-9999,-9999
371,736.058493,736.05882475400006,736.059024019,8966545,-9999,257071.2,15.29,-1,-0.270718408,0.986789935,0,0.592073961,14,0.769230769,1.076923077,N1 S1 P1 O20,de-protonated,0,-9999,C26 H28 O20 N1 P1 S1,26,28,20,1,1,1,-9999,-9999
371,736.058493,736.05882475400006,736.058510955,8966545,-9999,257071.2,15.29,-1,0.426324155,0.967559155,0,0.580535493,32,0.230769231,0.512820513,N3 S1 P1 O9,de-protonated,0,-9999,C39 H20 O9 N3 P1 S1,39,20,9,3,1,1,-9999,-9999
372,741.004439,741.004773379,741.0050784,13161390,-9999,349422.4,23.38,-1,-0.411630395,0.969723219,0,0.581833931,36,0.238095238,0.357142857,S1 P1 O10,de-protonated,0,-9999,C42 H15 O10 P1 S1,42,15,10,-9999,1,1,-9999,-9999
372,741.004439,741.004773379,741.004426951,13161390,-9999,349422.4,23.38,-1,0.467512007,0.961117334,0,0.5766704,27,0.352941176,0.558823529,N2 S2 P1 O12,de-protonated,0,-9999,C34 H19 O12 N2 P1 S2,34,19,12,2,1,2,-9999,-9999
372,741.004439,741.004773379,741.005275104,13161390,-9999,349422.4,23.38,-1,-0.677086547,0.920181396,0,0.552108837,28,0.5,0.4375,N4 S1 O16,de-protonated,0,-9999,C32 H14 O16 N4 S1,32,14,16,4,-9999,1,-9999,-9999
373,748.042313,748.042651115,748.042765556,16733875,-9999,401334.6,30.26,-1,-0.15298673,0.995762209,0,0.597457326,25,0.606060606,0.575757576,N1 O20,de-protonated,0,-9999,C33 H19 O20 N1,33,19,20,1,-9999,-9999,-9999,-9999
373,748.042313,748.042651115,748.043254813,16733875,-9999,401334.6,30.26,-1,-0.807036175,0.444268553,0.719752637,0.554462187,29,0.333333333,0.555555556,N3 S1 P1 O12,de-protonated,0,-9999,C36 H20 O12 N3 P1 S1,36,20,12,3,1,1,-9999,-9999
373,748.042313,748.042651115,748.042114107,16733875,-9999,401334.6,30.26,-1,0.717884799,0.910727873,0,0.546436724,16,0.88,0.92,N3 S1 O22,de-protonated,0,-9999,C25 H23 O22 N3 S1,25,23,22,3,-9999,1,-9999,-9999
374,748.044765,748.045103117,748.044775642,8001203,-9999,454023.6,13.43,-1,0.437774309,0.965823689,0,0.579494214,37,0.111111111,0.444444444,N1 S2 P1 O5,de-protonated,0,-9999,C45 H20 O5 N1 P1 S2,45,20,5,1,1,2,-9999,-9999
374,748.044765,748.045103117,748.045623795,8001203,-9999,454023.6,13.43,-1,-0.696051643,0.915843582,0,0.549506149,38,0.209302326,0.348837209,N3 S1 O9,de-protonated,0,-9999,C43 H15 O9 N3 S1,43,15,9,3,-9999,1,-9999,-9999
374,748.044765,748.045103117,748.045756737,8001203,-9999,454023.6,13.43,-1,-0.873770233,0.870635886,0,0.522381532,25,0.53125,0.625,N3 P1 O17,de-protonated,0,-9999,C32 H20 O17 N3 P1,32,20,17,3,1,-9999,-9999,-9999
375,758.330139,758.330482576,758.330953784,9411452,-9999,463817.4,16.14,-1,-0.621374926,0.93233921,0,0.559403526,27,0.08,0.98,N1 S1 O4,de-protonated,0,-9999,C50 H49 O4 N1 S1,50,49,4,1,-9999,1,-9999,-9999
375,758.330139,758.330482576,758.331086726,9411452,-9999,463817.4,16.14,-1,-0.796683112,0.891218008,0,0.534730805,14,0.307692308,1.384615385,N1 P1 O12,de-protonated,0,-9999,C39 H54 O12 N1 P1,39,54,12,1,1,-9999,-9999,-9999
375,758.330139,758.330482576,758.3308154,9411452,-9999,463817.4,16.14,-1,-0.438889471,0.965652379,0,0.579391427,0,0.586206897,2.103448276,N1 S2 O17,de-protonated,0,-9999,C29 H61 O17 N1 S2,29,61,17,1,-9999,2,-9999,-9999
375,758.330139,758.330482576,758.32994602,9411452,-9999,463817.4,16.14,-1,0.707550141,0.913165497,0,0.547899298,1,0.785714286,2.035714286,N1 O22,de-protonated,0,-9999,C28 H57 O22 N1,28,57,22,1,-9999,-9999,-9999,-9999
375,758.330139,758.330482576,758.330573662,9411452,-9999,463817.4,16.14,-1,-0.120112947,0.997385641,0,0.598431385,32,0.019230769,0.884615385,N3 P1 O1,de-protonated,0,-9999,C52 H46 O1 N3 P1,52,46,1,3,1,-9999,-9999,-9999
375,758.330139,758.330482576,758.330302335,9411452,-9999,463817.4,16.14,-1,0.237681178,0.989801896,0,0.593881137,18,0.142857143,1.261904762,N3 S2 O6,de-protonated,0,-9999,C42 H53 O6 N3 S2,42,53,6,3,-9999,2,-9999,-9999
375,758.330139,758.330482576,758.330435277,9411452,-9999,463817.4,16.14,-1,0.062372691,0.99929435,0,0.59957661,5,0.451612903,1.870967742,N3 S1 P1 O14,de-protonated,0,-9999,C31 H58 O14 N3 P1 S1,31,58,14,3,1,1,-9999,-9999
376,758.333861,758.334204578,758.334325087,8428413,-9999,477554,14.25,-1,-0.158913002,0.995428296,0,0.597256978,22,0.085106383,1.127659574,N1 S2 O4,de-protonated,0,-9999,C47 H53 O4 N1 S2,47,53,4,1,-9999,2,-9999,-9999
376,758.333861,758.334204578,758.333455708,8428413,-9999,477554,14.25,-1,0.987521624,0.837822873,0,0.502693724,23,0.195652174,1.065217391,N1 O9,de-protonated,0,-9999,C46 H49 O9 N1,46,49,9,1,-9999,-9999,-9999,-9999
376,758.333861,758.334204578,758.334458029,8428413,-9999,477554,14.25,-1,-0.33422049,0.9799356,0,0.58796136,9,0.333333333,1.611111111,N1 S1 P1 O12,de-protonated,0,-9999,C36 H58 O12 N1 P1 S1,36,58,12,1,1,1,-9999,-9999
376,758.333861,758.334204578,758.333944965,8428413,-9999,477554,14.25,-1,0.34234698,0.978958478,0,0.587375087,27,0.020408163,1.020408163,N3 S1 P1 O1,de-protonated,0,-9999,C49 H50 O1 N3 P1 S1,49,50,1,3,1,1,-9999,-9999
376,758.333861,758.334204578,758.33380658,8428413,-9999,477554,14.25,-1,0.524831891,0.951248667,0,0.5707492,0,0.5,2.214285714,N3 S2 P1 O14,de-protonated,0,-9999,C28 H62 O14 N3 P1 S2,28,62,14,3,1,2,-9999,-9999
377,787.581588,787.581947103,787.582340617,9834560,-9999,298173.6,16.71,-1,-0.499647227,0.477856231,0.614510218,0.532517826,21,0.017241379,1.310344828,O1,de-protonated,0,-9999,C58 H76 O1,58,76,1,-9999,-9999,-9999,-9999,-9999
377,787.581588,787.581947103,787.581689168,9834560,-9999,298173.6,16.71,-1,0.327502977,0.9807263,0,0.58843578,12,0.06,1.6,N2 S1 O3,de-protonated,0,-9999,C50 H80 O3 N2 S1,50,80,3,2,-9999,1,-9999,-9999
378,820.397674,820.398050523,820.398378441,10837927,-9999,324980,18.09,-1,-0.399705986,0.971427027,0,0.582856216,21,0.163265306,1.224489796,N1 P1 O8,de-protonated,0,-9999,C49 H60 O8 N1 P1,49,60,8,1,1,-9999,-9999,-9999
378,820.397674,820.398050523,820.398107115,10837927,-9999,324980,18.09,-1,-0.068981124,0.999136968,0,0.599482181,7,0.333333333,1.717948718,N1 S2 O13,de-protonated,0,-9999,C39 H67 O13 N1 S2,39,67,13,1,-9999,2,-9999,-9999
378,820.397674,820.398050523,820.397237735,10837927,-9999,324980,18.09,-1,0.990724797,0.836860115,0,0.502116069,8,0.473684211,1.657894737,N1 O18,de-protonated,0,-9999,C38 H63 O18 N1,38,63,18,1,-9999,-9999,-9999,-9999
378,820.397674,820.398050523,820.39759405,10837927,-9999,324980,18.09,-1,0.556403712,0.472687404,0.640033642,0.539625899,25,0.038461538,1.134615385,N3 S2 O2,de-protonated,0,-9999,C52 H59 O2 N3 S2,52,59,2,3,-9999,2,-9999,-9999
378,820.397674,820.398050523,820.397726992,10837927,-9999,324980,18.09,-1,0.394358158,0.972175824,0,0.583305495,12,0.243902439,1.56097561,N3 S1 P1 O10,de-protonated,0,-9999,C41 H64 O10 N3 P1 S1,41,64,10,3,1,1,-9999,-9999
380,834.05107,834.05145377,834.051042792,11630932,-9999,271377.8,19.54,-1,0.492749803,0.956900206,0,0.574140124,30,0.317073171,0.634146341,N1 S2 P1 O13,de-protonated,0,-9999,C41 H26 O13 N1 P1 S2,41,26,13,1,1,2,-9999,-9999
380,834.05107,834.05145377,834.051890945,11630932,-9999,271377.8,19.54,-1,-0.524157655,0.951370751,0,0.570822451,31,0.435897436,0.538461538,N3 S1 O17,de-protonated,0,-9999,C39 H21 O17 N3 S1,39,21,17,3,-9999,1,-9999,-9999
380,834.05107,834.05145377,834.052023887,11630932,-9999,271377.8,19.54,-1,-0.683550183,0.91871416,0,0.551228496,18,0.892857143,0.928571429,N3 P1 O25,de-protonated,0,-9999,C28 H26 O25 N3 P1,28,26,25,3,1,-9999,-9999,-9999
381,835.312132,835.31251644,835.31325529,8715192,-9999,372214.6,14.15,-1,-0.884518778,0.867655408,0,0.520593245,27,0.115384615,1,S2 O6,de-protonated,0,-9999,C52 H52 O6 S2,52,52,6,-9999,-9999,2,-9999,-9999
381,835.312132,835.31251644,835.31238591,8715192,-9999,372214.6,14.15,-1,0.156264426,0.995579084,0,0.59734745,28,0.215686275,0.941176471,O11,de-protonated,0,-9999,C51 H48 O11,51,48,11,-9999,-9999,-9999,-9999,-9999
381,835.312132,835.31251644,835.312247526,8715192,-9999,372214.6,14.15,-1,0.321932356,0.981370297,0,0.588822178,1,0.8,2,S1 O24,de-protonated,0,-9999,C30 H60 O24 S1,30,60,24,-9999,-9999,1,-9999,-9999
381,835.312132,835.31251644,835.312875167,8715192,-9999,372214.6,14.15,-1,-0.429453143,0.967089163,0,0.580253498,32,0.055555556,0.907407407,N2 S1 P1 O3,de-protonated,0,-9999,C54 H49 O3 N2 P1 S1,54,49,3,2,1,1,-9999,-9999
381,835.312132,835.31251644,835.311734461,8715192,-9999,372214.6,14.15,-1,0.936151449,0.852981077,0,0.511788646,19,0.302325581,1.209302326,N2 S1 O13,de-protonated,0,-9999,C43 H52 O13 N2 S1,43,52,13,2,-9999,1,-9999,-9999
381,835.312132,835.31251644,835.312736783,8715192,-9999,372214.6,14.15,-1,-0.263785406,0.987453673,0,0.592472204,5,0.484848485,1.848484848,N2 S2 P1 O16,de-protonated,0,-9999,C33 H61 O16 N2 P1 S2,33,61,16,2,1,2,-9999,-9999
381,835.312132,835.31251644,835.311867403,8715192,-9999,372214.6,14.15,-1,0.776999089,0.896241315,0,0.537744789,6,0.65625,1.78125,N2 P1 O21,de-protonated,0,-9999,C32 H57 O21 N2 P1,32,57,21,2,1,-9999,-9999,-9999
381,835.312132,835.31251644,835.312223719,8715192,-9999,372214.6,14.15,-1,0.350432966,0.97796393,0,0.586778358,23,0.108695652,1.152173913,N4 S2 P1 O5,de-protonated,0,-9999,C46 H53 O5 N4 P1 S2,46,53,5,4,1,2,-9999,-9999
382,851.276361,851.276753914,851.276788247,8804499,-9999,282797.2,14.3,-1,-0.040331523,0.999704893,0,0.599822936,20,0.418604651,1.11627907,O18,de-protonated,0,-9999,C43 H48 O18,43,48,18,-9999,-9999,-9999,-9999,-9999
382,851.276361,851.276753914,851.277144563,8804499,-9999,282797.2,14.3,-1,-0.458897448,0.962510108,0,0.577506065,37,0.035087719,0.771929825,N2 S2 O2,de-protonated,0,-9999,C57 H44 O2 N2 S2,57,44,2,2,-9999,2,-9999,-9999
382,851.276361,851.276753914,851.276275183,8804499,-9999,282797.2,14.3,-1,0.562368498,0.944230793,0,0.566538476,38,0.125,0.714285714,N2 O7,de-protonated,0,-9999,C56 H40 O7 N2,56,40,7,2,-9999,-9999,-9999,-9999
382,851.276361,851.276753914,851.277277504,8804499,-9999,282797.2,14.3,-1,-0.615064742,0.93366005,0,0.56019603,24,0.217391304,1.065217391,N2 S1 P1 O10,de-protonated,0,-9999,C46 H49 O10 N2 P1 S1,46,49,10,2,1,1,-9999,-9999
382,851.276361,851.276753914,851.276136798,8804499,-9999,282797.2,14.3,-1,0.724929742,0.909049726,0,0.545429836,11,0.571428571,1.485714286,N2 S1 O20,de-protonated,0,-9999,C35 H52 O20 N2 S1,35,52,20,2,-9999,1,-9999,-9999
382,851.276361,851.276753914,851.276626056,8804499,-9999,282797.2,14.3,-1,0.150195643,0.995915114,0,0.597549068,15,0.315789474,1.394736842,N4 S2 P1 O12,de-protonated,0,-9999,C38 H53 O12 N4 P1 S2,38,53,12,4,1,2,-9999,-9999
383,861.416769,861.417167296,861.416932514,8538158,-9999,256192.4,13.8,-1,0.272553367,0.986611458,0,0.591966875,30,0.016666667,1.033333333,S2 O1,de-protonated,0,-9999,C60 H62 O1 S2,60,62,1,-9999,-9999,2,-9999,-9999
383,861.416769,861.417167296,861.417065456,8538158,-9999,256192.4,13.8,-1,0.118224214,0.997467111,0,0.598480267,17,0.183673469,1.367346939,S1 P1 O9,de-protonated,0,-9999,C49 H67 O9 P1 S1,49,67,9,-9999,1,1,-9999,-9999
383,861.416769,861.417167296,861.416414007,8538158,-9999,256192.4,13.8,-1,0.874477225,0.870440651,0,0.52226439,8,0.268292683,1.731707317,N2 S2 P1 O11,de-protonated,0,-9999,C41 H71 O11 N2 P1 S2,41,71,11,2,1,2,-9999,-9999
383,861.416769,861.417167296,861.417913609,8538158,-9999,256192.4,13.8,-1,-0.86637717,0.872670621,0,0.523602373,18,0.276595745,1.319148936,N2 O13,de-protonated,0,-9999,C47 H62 O13 N2,47,62,13,2,-9999,-9999,-9999,-9999
383,861.416769,861.417167296,861.417400545,8538158,-9999,256192.4,13.8,-1,-0.270772989,0.986784643,0,0.592070786,36,0.033333333,0.9,N4 O2,de-protonated,0,-9999,C60 H54 O2 N4,60,54,2,4,-9999,-9999,-9999,-9999
383,861.416769,861.417167296,861.417262161,8538158,-9999,256192.4,13.8,-1,-0.110125648,0.997801872,0,0.598681123,9,0.384615385,1.692307692,N4 S1 O15,de-protonated,0,-9999,C39 H66 O15 N4 S1,39,66,15,4,-9999,1,-9999,-9999
384,882.505009,882.50541849,882.505426969,8846620,-9999,277061.7,13.45,-1,-0.009607034,0.999983253,0,0.599989952,22,0.052631579,1.298245614,N1 S1 P1 O3,de-protonated,0,-9999,C57 H74 O3 N1 P1 S1,57,74,3,1,1,1,-9999,-9999
384,882.505009,882.50541849,882.50477552,8846620,-9999,277061.7,13.45,-1,0.728574437,0.908176332,0,0.544905799,13,0.102040816,1.591836735,N3 S2 P1 O5,de-protonated,0,-9999,C49 H78 O5 N3 P1 S2,49,78,5,3,1,2,-9999,-9999
384,882.505009,882.50541849,882.506275122,8846620,-9999,277061.7,13.45,-1,-0.970680271,0.842851397,0,0.505710838,23,0.127272727,1.254545455,N3 O7,de-protonated,0,-9999,C55 H69 O7 N3,55,69,7,3,-9999,-9999,-9999,-9999
385,890.088983,890.089396516,890.089142378,13713885,-9999,266266.5,21.88,-1,0.285519633,0.492658451,0.644495114,0.553393116,40,0.215686275,0.509803922,N1 S1 P1 O11,de-protonated,0,-9999,C51 H26 O11 N1 P1 S1,51,26,11,1,1,1,-9999,-9999
385,890.088983,890.089396516,890.089003994,13713885,-9999,266266.5,21.88,-1,0.440992253,0.96532824800000006,0,0.579196949,13,0.8,1.266666667,N1 S2 P1 O24,de-protonated,0,-9999,C30 H38 O24 N1 P1 S2,30,38,24,1,1,2,-9999,-9999
386,892.97235,892.972765047,892.972637565,8504214,-9999,316024.4,12.86,-1,0.142761314,0.996308761,0,0.597785257,38,0.454545455,0.318181818,S1 O20,de-protonated,0,-9999,C44 H14 O20 S1,44,14,20,-9999,-9999,1,-9999,-9999
386,892.97235,892.972765047,892.973639886,8504214,-9999,316024.4,12.86,-1,-0.979692585,0.840167497,0,0.504100498,24,0.676470588,0.676470588,S2 P1 O23,de-protonated,0,-9999,C34 H23 O23 P1 S2,34,23,23,-9999,1,2,-9999,-9999
386,892.97235,892.972765047,892.971986116,8504214,-9999,316024.4,12.86,-1,0.872290104,0.871044254,0,0.522626552,29,0.611111111,0.5,N2 S2 O22,de-protonated,0,-9999,C36 H18 O22 N2 S2,36,18,22,2,-9999,2,-9999,-9999
387,900.18287,900.183288874,900.182648842,8800277,-9999,326564.6,13.37,-1,0.711002758,0.912354341,0,0.547412604,39,0.145454545,0.654545455,N1 S1 P1 O8,de-protonated,0,-9999,C55 H36 O8 N1 P1 S1,55,36,8,1,1,1,-9999,-9999
387,900.18287,900.183288874,900.182510457,8800277,-9999,326564.6,13.37,-1,0.86473217,0.873121652,0,0.523872991,12,0.617647059,1.411764706,N1 S2 P1 O21,de-protonated,0,-9999,C34 H48 O21 N1 P1 S2,34,48,21,1,1,2,-9999,-9999
387,900.18287,900.183288874,900.184010059,8800277,-9999,326564.6,13.37,-1,-0.801152949,0.89006381,0,0.534038286,22,0.575,0.975,N1 O23,de-protonated,0,-9999,C40 H39 O23 N1,40,39,23,1,-9999,-9999,-9999,-9999
387,900.18287,900.183288874,900.183496995,8800277,-9999,326564.6,13.37,-1,-0.231198222,0.990347975,0,0.594208785,40,0.226415094,0.58490566,N3 O12,de-protonated,0,-9999,C53 H31 O12 N3,53,31,12,3,-9999,-9999,-9999,-9999
387,900.18287,900.183288874,900.183358611,8800277,-9999,326564.6,13.37,-1,-0.077469099,0.998911635,0,0.599346981,13,0.78125,1.34375,N3 S1 O25,de-protonated,0,-9999,C32 H43 O25 N3 S1,32,43,25,3,-9999,1,-9999,-9999
389,907.551327,907.551749785,907.551828334,23104916,-9999,274423.6,38.14,-1,-0.08655013,0.499320852,0.606448844,0.542172049,23,0.116666667,1.266666667,O7,de-protonated,0,-9999,C60 H76 O7,60,76,7,-9999,-9999,-9999,-9999,-9999
389,907.551327,907.551749785,907.551176885,23104916,-9999,274423.6,38.14,-1,0.631259113,0.4651235,0.640033642,0.535087557,14,0.173076923,1.538461538,N2 S1 O9,de-protonated,0,-9999,C52 H80 O9 N2 S1,52,80,9,2,-9999,1,-9999,-9999
389,907.551327,907.551749785,907.552179207,23104916,-9999,274423.6,38.14,-1,-0.473164694,0.480095235,0.68763467,0.563111009,0,0.285714286,2.119047619,N2 S2 P1 O12,de-protonated,0,-9999,C42 H89 O12 N2 P1 S2,42,89,12,2,1,2,-9999,-9999
389,907.551327,907.551749785,907.551309827,23104916,-9999,274423.6,38.14,-1,0.484775038,0.479127344,0.692787115,0.564591252,1,0.414634146,2.073170732,N2 P1 O17,de-protonated,0,-9999,C41 H85 O17 N2 P1,41,85,17,2,1,-9999,-9999,-9999
389,907.551327,907.551749785,907.551666143,23104916,-9999,274423.6,38.14,-1,0.092162909,0.499229981,0.627012296,0.550342907,18,0.018181818,1.472727273,N4 S2 P1 O1,de-protonated,0,-9999,C55 H81 O1 N4 P1 S2,55,81,1,4,1,2,-9999,-9999
390,910.509906,910.510330356,910.509586118,10522678,-9999,222192.7,16.35,-1,0.817385756,0.885830726,0,0.531498436,9,0.1875,1.708333333,N1 S2 P1 O9,de-protonated,0,-9999,C48 H82 O9 N1 P1 S2,48,82,9,1,1,2,-9999,-9999
390,910.509906,910.510330356,910.51108572,10522678,-9999,222192.7,16.35,-1,-0.829604708,0.441300979,0.631293472,0.517297976,19,0.203703704,1.351851852,N1 O11,de-protonated,0,-9999,C54 H73 O11 N1,54,73,11,1,-9999,-9999,-9999,-9999
390,910.509906,910.510330356,910.510434271,10522678,-9999,222192.7,16.35,-1,-0.114128954,0.997639346,0,0.598583607,10,0.282608696,1.673913043,N3 S1 O13,de-protonated,0,-9999,C46 H77 O13 N3 S1,46,77,13,3,-9999,1,-9999,-9999
391,916.645557,916.645984613,916.646063074,23959232,-9999,319773.5,39.62,-1,-0.085595462,0.499335742,0.606448844,0.542180983,18,0.1,1.45,N1 O6,de-protonated,0,-9999,C60 H87 O6 N1,60,87,6,1,-9999,-9999,-9999,-9999
391,916.645557,916.645984613,916.645411625,23959232,-9999,319773.5,39.62,-1,0.625092243,0.46577784,0.640033642,0.535480161,9,0.153846154,1.75,N3 S1 O8,de-protonated,0,-9999,C52 H91 O8 N3 S1,52,91,8,3,-9999,1,-9999,-9999
393,928.124424,928.124857706,928.124781105,8267836.5,-9999,244255.7,12.43,-1,0.082533416,0.998764778,0,0.599258867,24,0.575,0.875,N1 S1 O23,de-protonated,0,-9999,C40 H35 O23 N1 S1,40,35,23,1,-9999,1,-9999,-9999
393,928.124424,928.124857706,928.125270362,8267836.5,-9999,244255.7,12.43,-1,-0.44461244,0.964766847,0,0.578860108,28,0.348837209,0.837209302,N3 S2 P1 O15,de-protonated,0,-9999,C43 H36 O15 N3 P1 S2,43,36,15,3,1,2,-9999,-9999
393,928.124424,928.124857706,928.124400982,8267836.5,-9999,244255.7,12.43,-1,0.492093332,0.957012467,0,0.57420748,29,0.476190476,0.761904762,N3 P1 O20,de-protonated,0,-9999,C42 H32 O20 N3 P1,42,32,20,3,1,-9999,-9999,-9999
393,928.124424,928.124857706,928.124129656,8267836.5,-9999,244255.7,12.43,-1,0.7844317,0.894355993,0,0.536613596,15,0.78125,1.21875,N3 S2 O25,de-protonated,0,-9999,C32 H39 O25 N3 S2,32,39,25,3,-9999,2,-9999,-9999
394,928.74716,928.747594037,928.746977393,24619372,-9999,242640.9,40.76,-1,0.663952027,0.461563509,0.590944388,0.51331586,16,0.015625,1.5625,N1 P1 O1,de-protonated,0,-9999,C64 H100 O1 N1 P1,64,100,1,1,1,-9999,-9999,-9999
394,928.74716,928.747594037,928.746706067,24619372,-9999,242640.9,40.76,-1,0.956094479,0.423580184,0.631293472,0.506665499,2,0.111111111,1.981481481,N1 S2 O6,de-protonated,0,-9999,C54 H107 O6 N1 S2,54,107,6,1,-9999,2,-9999,-9999
395,929.688171,929.688605536,929.688462914,11692870,-9999,231690.7,18.36,-1,0.153408715,0.497869424,0.606448844,0.541301192,12,0.05,1.633333333,S2 O3,de-protonated,0,-9999,C60 H98 O3 S2,60,98,3,-9999,-9999,2,-9999,-9999
395,929.688171,929.688605536,929.689444009,11692870,-9999,231690.7,18.36,-1,-0.901884595,0.862785126,0,0.517671076,0,0.319148936,2.085106383,N2 O15,de-protonated,0,-9999,C47 H98 O15 N2,47,98,15,2,-9999,-9999,-9999,-9999
395,929.688171,929.688605536,929.688930944,11692870,-9999,231690.7,18.36,-1,-0.350018513,0.489007723,0.606448844,0.535984172,18,0.066666667,1.5,N4 O4,de-protonated,0,-9999,C60 H90 O4 N4,60,90,4,4,-9999,-9999,-9999,-9999
396,936.550995,936.551433179,936.551236456,9460436,-9999,231065,13.66,-1,0.210050376,0.992026234,0,0.59521574,10,0.26,1.66,N1 S1 O13,de-protonated,0,-9999,C50 H83 O13 N1 S1,50,83,13,1,-9999,1,-9999,-9999
396,936.550995,936.551433179,936.550723392,9460436,-9999,231065,13.66,-1,0.757873729,0.450513907,0.594745702,0.508206625,28,0.031746032,1.19047619,N3 S1 O2,de-protonated,0,-9999,C63 H75 O2 N3 S1,63,75,2,3,-9999,1,-9999,-9999
396,936.550995,936.551433179,936.551725713,9460436,-9999,231065,13.66,-1,-0.312352647,0.982452884,0,0.58947173,14,0.094339623,1.58490566,N3 S2 P1 O5,de-protonated,0,-9999,C53 H84 O5 N3 P1 S2,53,84,5,3,1,2,-9999,-9999
396,936.550995,936.551433179,936.550856333,9460436,-9999,231065,13.66,-1,0.615925398,0.933480583,0,0.56008835,15,0.192307692,1.538461538,N3 P1 O10,de-protonated,0,-9999,C52 H80 O10 N3 P1,52,80,10,3,1,-9999,-9999,-9999
396,936.550995,936.551433179,936.550585007,9460436,-9999,231065,13.66,-1,0.905633537,0.861724943,0,0.517034966,1,0.357142857,2.071428571,N3 S2 O15,de-protonated,0,-9999,C42 H87 O15 N3 S2,42,87,15,3,-9999,2,-9999,-9999
397,944.573183,944.573625437,944.574079901,14684582,-9999,237305.6,22.18,-1,-0.481131045,0.479433439,0.640033642,0.54367352,12,0.269230769,1.596153846,N1 O14,de-protonated,0,-9999,C52 H83 O14 N1,52,83,14,1,-9999,-9999,-9999,-9999
397,944.573183,944.573625437,944.573566837,14684582,-9999,237305.6,22.18,-1,0.062038933,0.499650939,0.587191358,0.534667107,30,0.046153846,1.153846154,N3 O3,de-protonated,0,-9999,C65 H75 O3 N3,65,75,3,3,-9999,-9999,-9999,-9999
397,944.573183,944.573625437,944.574569159,14684582,-9999,237305.6,22.18,-1,-0.999096625,0.417167198,0.627012296,0.501105237,16,0.109090909,1.527272727,N3 S1 P1 O6,de-protonated,0,-9999,C55 H84 O6 N3 P1 S1,55,84,6,3,1,1,-9999,-9999
397,944.573183,944.573625437,944.573428452,14684582,-9999,237305.6,22.18,-1,0.208543624,0.496069885,0.677556332,0.568664464,3,0.363636364,1.977272727,N3 S1 O16,de-protonated,0,-9999,C44 H87 O16 N3 S1,44,87,16,3,-9999,1,-9999,-9999
398,946.281824,946.282267344,946.282028532,17389330,-9999,341701.1,26.59,-1,0.252368855,0.494255023,0.627012296,0.547357932,32,0.181818182,0.909090909,N1 S1 P1 O10,de-protonated,0,-9999,C55 H50 O10 N1 P1 S1,55,50,10,1,1,1,-9999,-9999
398,946.281824,946.282267344,946.281890148,17389330,-9999,341701.1,26.59,-1,0.398609068,0.485790696,0.73113591,0.583928781,5,0.676470588,1.823529412,N1 S2 P1 O23,de-protonated,0,-9999,C34 H62 O23 N1 P1 S2,34,62,23,1,1,2,-9999,-9999
398,946.281824,946.282267344,946.281377083,17389330,-9999,341701.1,26.59,-1,0.940799232,0.425815982,0.662980834,0.520681923,23,0.255319149,1.14893617,N3 S2 P1 O12,de-protonated,0,-9999,C47 H54 O12 N3 P1 S2,47,54,12,3,1,2,-9999,-9999
398,946.281824,946.282267344,946.282876685,17389330,-9999,341701.1,26.59,-1,-0.643931189,0.463761716,0.635633513,0.532510435,33,0.264150943,0.849056604,N3 O14,de-protonated,0,-9999,C53 H45 O14 N3,53,45,14,3,-9999,-9999,-9999,-9999
399,946.285185,946.285628346,946.285399835,12801812,-9999,351519.1,19.1,-1,0.241481668,0.494737446,0.640033642,0.552855924,27,0.192307692,1.038461538,N1 S2 P1 O10,de-protonated,0,-9999,C52 H54 O10 N1 P1 S2,52,54,10,1,1,2,-9999,-9999
399,946.285185,946.285628346,946.286247989,12801812,-9999,351519.1,19.1,-1,-0.654815173,0.462573749,0.649019222,0.537151938,28,0.28,0.98,N3 S1 O14,de-protonated,0,-9999,C50 H49 O14 N3 S1,50,49,14,3,-9999,1,-9999,-9999
399,946.285185,946.285628346,946.28638093,12801812,-9999,351519.1,19.1,-1,-0.795302922,0.891573396,0,0.534944038,15,0.564102564,1.384615385,N3 P1 O22,de-protonated,0,-9999,C39 H54 O22 N3 P1,39,54,22,3,1,-9999,-9999,-9999
400,948.892943,948.89338773,948.893962181,13492140,-9999,136375.1,20.22,-1,-0.605390279,0.467831238,0.590944388,0.517076498,6,0.015625,1.859375,N1 S1 O1,de-protonated,0,-9999,C64 H119 O1 N1 S1,64,119,1,1,-9999,1,-9999,-9999
401,950.527991,950.528436598,950.528270414,8938814,-9999,267488.1,12.79,-1,0.174833676,0.497234522,0.590944388,0.534718468,29,0.0625,1.15625,N1 P1 O4,de-protonated,0,-9999,C64 H74 O4 N1 P1,64,74,4,1,1,-9999,-9999,-9999
401,950.527991,950.528436598,950.527999088,8938814,-9999,267488.1,12.79,-1,0.460281561,0.962287941,0,0.577372765,15,0.166666667,1.5,N1 S2 O9,de-protonated,0,-9999,C54 H81 O9 N1 S2,54,81,9,1,-9999,2,-9999,-9999
401,950.527991,950.528436598,950.528132029,8938814,-9999,267488.1,12.79,-1,0.320420587,0.981543232,0,0.588925939,2,0.395348837,2,N1 S1 P1 O17,de-protonated,0,-9999,C43 H86 O17 N1 P1 S1,43,86,17,1,1,1,-9999,-9999
401,950.527991,950.528436598,950.527618965,8938814,-9999,267488.1,12.79,-1,0.86018861,0.874364171,0,0.524618503,20,0.107142857,1.392857143,N3 S1 P1 O6,de-protonated,0,-9999,C56 H78 O6 N3 P1 S1,56,78,6,3,1,1,-9999,-9999
401,950.527991,950.528436598,950.528980183,8938814,-9999,267488.1,12.79,-1,-0.57187566,0.942385079,0,0.565431047,3,0.512195122,1.975609756,N3 O21,de-protonated,0,-9999,C41 H81 O21 N3,41,81,21,3,-9999,-9999,-9999,-9999
402,950.957916,950.958361826,950.957989822,15705787,-9999,207977.6,23.84,-1,0.391189261,0.48630752,0.703327172,0.573115381,30,0.58974359,0.538461538,S2 P1 O23,de-protonated,0,-9999,C39 H21 O23 P1 S2,39,21,23,-9999,1,2,-9999,-9999
402,950.957916,950.958361826,950.958457852,15705787,-9999,207977.6,23.84,-1,-0.100978225,0.499075775,0.703327172,0.580776334,36,0.615384615,0.333333333,N4 P1 O24,de-protonated,0,-9999,C39 H13 O24 N4 P1,39,13,24,4,1,-9999,-9999,-9999
403,951.844539,951.844985297,951.845628808,10987987,-9999,303965.2,16.13,-1,-0.676066173,0.460205979,0.583485697,0.509517866,11,0.015151515,1.712121212,P1 O1,de-protonated,0,-9999,C66 H113 O1 P1,66,113,1,-9999,1,-9999,-9999,-9999
403,951.844539,951.844985297,951.844977359,10987987,-9999,303965.2,16.13,-1,0.008339644,0.49999369,0.614510218,0.545800301,2,0.051724138,2.017241379,N2 S1 P1 O3,de-protonated,0,-9999,C58 H117 O3 N2 P1 S1,58,117,3,2,1,1,-9999,-9999
403,951.844539,951.844985297,951.845825512,10987987,-9999,303965.2,16.13,-1,-0.882721864,0.43407775,0.622788794,0.509562168,3,0.125,2,N4 O7,de-protonated,0,-9999,C56 H112 O7 N4,56,112,7,4,-9999,-9999,-9999,-9999
404,952.168384,952.168830469,952.168180547,12937974,-9999,277723.8,19.32,-1,0.68257071,0.459468622,0.662980834,0.540873507,29,0.361702128,0.85106383,N1 S1 P1 O17,de-protonated,0,-9999,C47 H40 O17 N1 P1 S1,47,40,17,1,1,1,-9999,-9999
404,952.168384,952.168830469,952.1690287,12937974,-9999,277723.8,19.32,-1,-0.208188938,0.49608319,0.672627142,0.566700771,30,0.466666667,0.777777778,N3 O21,de-protonated,0,-9999,C45 H35 O21 N3,45,35,21,3,-9999,-9999,-9999,-9999
405,952.600624,952.601070698,952.601435356,8776829,-9999,259605.5,12.52,-1,-0.382801574,0.97376142,0,0.584256852,22,0.080645161,1.35483871,N1 P1 O5,de-protonated,0,-9999,C62 H84 O5 N1 P1,62,84,5,1,1,-9999,-9999,-9999
405,952.600624,952.601070698,952.60116403,8776829,-9999,259605.5,12.52,-1,-0.097975073,0.998259769,0,0.598955861,8,0.192307692,1.75,N1 S2 O10,de-protonated,0,-9999,C52 H91 O10 N1 S2,52,91,10,1,-9999,2,-9999,-9999
405,952.600624,952.601070698,952.60029465,8776829,-9999,259605.5,12.52,-1,0.814663512,0.886545124,0,0.531927074,9,0.294117647,1.705882353,N1 O15,de-protonated,0,-9999,C51 H87 O15 N1,51,87,15,1,-9999,-9999,-9999,-9999
405,952.600624,952.601070698,952.600783907,8776829,-9999,259605.5,12.52,-1,0.301061427,0.983688357,0,0.590213014,13,0.12962963,1.62962963,N3 S1 P1 O7,de-protonated,0,-9999,C54 H88 O7 N3 P1 S1,54,88,7,3,1,1,-9999,-9999
406,953.817222,953.817669344,953.81787943,12038357,-9999,270797.5,17.84,-1,-0.220257779,0.495617961,0.602496955,0.538369558,7,0.114754098,1.803278689,O7,de-protonated,0,-9999,C61 H110 O7,61,110,7,-9999,-9999,-9999,-9999,-9999
406,953.817222,953.817669344,953.817717239,12038357,-9999,270797.5,17.84,-1,-0.050213449,0.499771301,0.622788794,0.548978298,2,0.017857143,2.053571429,N4 S2 P1 O1,de-protonated,0,-9999,C56 H115 O1 N4 P1 S2,56,115,1,4,1,2,-9999,-9999
406,953.817222,953.817669344,953.816847859,12038357,-9999,270797.5,17.84,-1,0.861261147,0.437035649,0.627012296,0.513026307,3,0.109090909,2.018181818,N4 P1 O6,de-protonated,0,-9999,C55 H111 O6 N4 P1,55,111,6,4,1,-9999,-9999,-9999
407,955.055432,955.055880001,955.056187743,11269457,-9999,220883,16.59,-1,-0.322223203,0.981336936,0,0.588802162,35,0.333333333,0.604166667,S2 P1 O16,de-protonated,0,-9999,C48 H29 O16 P1 S2,48,29,16,-9999,1,2,-9999,-9999
407,955.055432,955.055880001,955.055318363,11269457,-9999,220883,16.59,-1,0.588069189,0.939178653,0,0.563507192,36,0.446808511,0.531914894,P1 O21,de-protonated,0,-9999,C47 H25 O21 P1,47,25,21,-9999,1,-9999,-9999,-9999
407,955.055432,955.055880001,955.056384447,11269457,-9999,220883,16.59,-1,-0.528184265,0.950639556,0,0.570383734,27,0.578947368,0.736842105,N4 S2 O22,de-protonated,0,-9999,C38 H28 O22 N4 S2,38,28,22,4,-9999,2,-9999,-9999
408,958.793332,958.793781986,958.793927586,18973486,-9999,252008.3,29.16,-1,-0.1518584,0.497912179,0.583485697,0.532141587,15,0.015151515,1.606060606,N1 P1 O1,de-protonated,0,-9999,C66 H106 O1 N1 P1,66,106,1,1,1,-9999,-9999,-9999
408,958.793332,958.793781986,958.79365626,18973486,-9999,252008.3,29.16,-1,0.131128577,0.498442453,0.622788794,0.548180989,1,0.107142857,2.017857143,N1 S2 O6,de-protonated,0,-9999,C56 H113 O6 N1 S2,56,113,6,1,-9999,2,-9999,-9999
408,958.793332,958.793781986,958.793276138,18973486,-9999,252008.3,29.16,-1,0.527587939,0.475374081,0.614510218,0.531028536,6,0.051724138,1.896551724,N3 S1 P1 O3,de-protonated,0,-9999,C58 H110 O3 N3 P1 S1,58,110,3,3,1,1,-9999,-9999
409,959.229572,959.230022217,959.229658606,11338964,-9999,356829.8,16.69,-1,0.379066096,0.487132196,0.627012296,0.543084236,34,0.218181818,0.818181818,S1 P1 O12,de-protonated,0,-9999,C55 H45 O12 P1 S1,55,45,12,-9999,1,1,-9999,-9999
409,959.229572,959.230022217,959.229520221,11338964,-9999,356829.8,16.69,-1,0.523332384,0.951519991,0,0.570911994,7,0.735294118,1.676470588,S2 P1 O25,de-protonated,0,-9999,C34 H57 O25 P1 S2,34,57,25,-9999,1,2,-9999,-9999
409,959.229572,959.230022217,959.230506759,11338964,-9999,356829.8,16.69,-1,-0.505135861,0.477378294,0.635633513,0.540680382,35,0.301886792,0.754716981,N2 O16,de-protonated,0,-9999,C53 H40 O16 N2,53,40,16,2,-9999,-9999,-9999,-9999
409,959.229572,959.230022217,959.22985531,11338964,-9999,356829.8,16.69,-1,0.174000998,0.994521459,0,0.596712875,26,0.4,0.977777778,N4 S1 O18,de-protonated,0,-9999,C45 H44 O18 N4 S1,45,44,18,4,-9999,1,-9999,-9999
409,959.229572,959.230022217,959.230857632,11338964,-9999,356829.8,16.69,-1,-0.870921365,0.871421442,0,0.52285286500000006,12,0.6,1.514285714,N4 S2 P1 O21,de-protonated,0,-9999,C35 H53 O21 N4 P1 S2,35,53,21,4,1,2,-9999,-9999
410,960.041892,960.042342648,960.042980031,12371945,-9999,217690.6,18.38,-1,-0.663910708,0.461568104,0.653607294,0.53838378,39,0.346938776,0.489795918,N1 S1 P1 O17,de-protonated,0,-9999,C49 H24 O17 N1 P1 S1,49,24,17,1,1,1,-9999,-9999
410,960.041892,960.042342648,960.042328582,12371945,-9999,217690.6,18.38,-1,0.014651297,0.999961051,0,0.599976631,30,0.463414634,0.682926829,N3 S2 P1 O19,de-protonated,0,-9999,C41 H28 O19 N3 P1 S2,41,28,19,3,1,2,-9999,-9999
410,960.041892,960.042342648,960.041459203,12371945,-9999,217690.6,18.38,-1,0.920216234,0.857571802,0,0.514543081,31,0.6,0.6,N3 P1 O24,de-protonated,0,-9999,C40 H24 O24 N3 P1,40,24,24,3,1,-9999,-9999,-9999
411,961.80922,961.809671586,961.80904608,9588396,-9999,229592,13.83,-1,0.650344085,0.463063801,0.606448844,0.520417818,10,0.083333333,1.766666667,N4 O5,de-protonated,0,-9999,C60 H106 O5 N4,60,106,5,4,-9999,-9999,-9999,-9999
412,963.821208,963.821660654,963.82085681,9533045,-9999,239979.6,13.74,-1,0.834018404,0.440713413,0.594745702,0.502326328,8,0.063492063,1.777777778,S1 O4,de-protonated,0,-9999,C63 H112 O4 S1,63,112,4,-9999,-9999,1,-9999,-9999
412,963.821208,963.821660654,963.822327162,9533045,-9999,239979.6,13.74,-1,-0.691525709,0.916887792,0,0.550132675,0,0.150943396,2.132075472,N4 P1 O8,de-protonated,0,-9999,C53 H113 O8 N4 P1,53,113,8,4,1,-9999,-9999,-9999
413,964.217163,964.217615865,964.217320274,21862400,-9999,244259,33.87,-1,0.306560166,0.491546089,0.618621811,0.542376378,37,0.140350877,0.771929825,N1 S2 P1 O8,de-protonated,0,-9999,C57 H44 O8 N1 P1 S2,57,44,8,1,1,2,-9999,-9999
413,964.217163,964.217615865,964.218168427,21862400,-9999,244259,33.87,-1,-0.573067969,0.471075839,0.627012296,0.533450422,38,0.218181818,0.709090909,N3 S1 O12,de-protonated,0,-9999,C55 H39 O12 N3 S1,55,39,12,3,-9999,1,-9999,-9999
413,964.217163,964.217615865,964.218301369,21862400,-9999,244259,33.87,-1,-0.710943027,0.456184201,0.677556332,0.544733053,25,0.454545455,1,N3 P1 O20,de-protonated,0,-9999,C44 H44 O20 N3 P1,44,44,20,3,1,-9999,-9999,-9999
413,964.217163,964.217615865,964.218030043,21862400,-9999,244259,33.87,-1,-0.429548199,0.483537418,0.73113591,0.582576815,11,0.735294118,1.5,N3 S2 O25,de-protonated,0,-9999,C34 H51 O25 N3 S2,34,51,25,3,-9999,2,-9999,-9999
414,965.508315,965.50876855,965.50903729,9772298,-9999,214425.6,14.13,-1,-0.27834067,0.986040875,0,0.591624525,16,0.240740741,1.444444444,S1 O13,de-protonated,0,-9999,C54 H78 O13 S1,54,78,13,-9999,-9999,1,-9999,-9999
414,965.508315,965.50876855,965.509170232,9772298,-9999,214425.6,14.13,-1,-0.416031431,0.969082502,0,0.581449501,3,0.488372093,1.930232558,P1 O21,de-protonated,0,-9999,C43 H83 O21 P1,43,83,21,-9999,1,-9999,-9999,-9999
414,965.508315,965.50876855,965.508524226,9772298,-9999,214425.6,14.13,-1,0.253051953,0.494224061,0.579826515,0.528465043,34,0.029850746,1.044776119,N2 S1 O2,de-protonated,0,-9999,C67 H70 O2 N2 S1,67,70,2,2,-9999,1,-9999,-9999
414,965.508315,965.50876855,965.509526548,9772298,-9999,214425.6,14.13,-1,-0.785075404,0.894192057,0,0.536515234,20,0.087719298,1.385964912,N2 S2 P1 O5,de-protonated,0,-9999,C57 H79 O5 N2 P1 S2,57,79,5,2,1,2,-9999,-9999
414,965.508315,965.50876855,965.508657168,9772298,-9999,214425.6,14.13,-1,0.115361045,0.997588163,0,0.598552898,21,0.178571429,1.339285714,N2 P1 O10,de-protonated,0,-9999,C56 H75 O10 N2 P1,56,75,10,2,1,-9999,-9999,-9999
414,965.508315,965.50876855,965.508385842,9772298,-9999,214425.6,14.13,-1,0.396380035,0.971893841,0,0.583136305,7,0.326086957,1.782608696,N2 S2 O15,de-protonated,0,-9999,C46 H82 O15 N2 S2,46,82,15,2,-9999,2,-9999,-9999
414,965.508315,965.50876855,965.507872777,9772298,-9999,214425.6,14.13,-1,0.927773375,0.427700722,0.610452919,0.500801601,25,0.06779661,1.254237288,N4 S2 O4,de-protonated,0,-9999,C59 H74 O4 N4 S2,59,74,4,4,-9999,2,-9999,-9999
414,965.508315,965.50876855,965.508005719,9772298,-9999,214425.6,14.13,-1,0.790082282,0.892913368,0,0.535748021,12,0.25,1.645833333,N4 S1 P1 O12,de-protonated,0,-9999,C48 H79 O12 N4 P1 S1,48,79,12,4,1,1,-9999,-9999
415,965.815466,965.815919713,965.815377507,17931838,-9999,195357.7,27.45,-1,0.561397687,0.472208863,0.583485697,0.516719597,12,0.03030303,1.666666667,S1 O2,de-protonated,0,-9999,C66 H110 O2 S1,66,110,2,-9999,-9999,1,-9999,-9999
415,965.815466,965.815919713,965.816847859,17931838,-9999,195357.7,27.45,-1,-0.960995589,0.422858651,0.622788794,0.502830708,4,0.107142857,1.982142857,N4 P1 O6,de-protonated,0,-9999,C56 H111 O6 N4 P1,56,111,6,4,1,-9999,-9999,-9999
416,967.201796,967.202250449,967.20172978,13673392,-9999,294595.3,20.49,-1,0.538324965,0.474387928,0.635633513,0.538886162,32,0.226415094,0.849056604,S2 P1 O12,de-protonated,0,-9999,C53 H45 O12 P1 S2,53,45,12,-9999,1,2,-9999,-9999
416,967.201796,967.202250449,967.202577933,13673392,-9999,294595.3,20.49,-1,-0.338589185,0.489706554,0.644495114,0.551621978,33,0.31372549,0.784313725,N2 S1 O16,de-protonated,0,-9999,C51 H40 O16 N2 S1,51,40,16,2,-9999,1,-9999,-9999
416,967.201796,967.202250449,967.202710875,13673392,-9999,294595.3,20.49,-1,-0.476038846,0.959715274,0,0.575829164,20,0.6,1.125,N2 P1 O24,de-protonated,0,-9999,C40 H45 O24 N2 P1,40,45,24,2,1,-9999,-9999,-9999
416,967.201796,967.202250449,967.203067191,13673392,-9999,294595.3,20.49,-1,-0.844436614,0.439317288,0.631293472,0.516107762,37,0.148148148,0.759259259,N4 S2 P1 O8,de-protonated,0,-9999,C54 H41 O8 N4 P1 S2,54,41,8,4,1,2,-9999,-9999
416,967.201796,967.202250449,967.202197811,13673392,-9999,294595.3,20.49,-1,0.054423147,0.499731358,0.635633513,0.55409222,38,0.245283019,0.698113208,N4 P1 O13,de-protonated,0,-9999,C53 H37 O13 N4 P1,53,37,13,4,1,-9999,-9999,-9999
416,967.201796,967.202250449,967.201926485,13673392,-9999,294595.3,20.49,-1,0.334950064,0.489924398,0.6825583,0.566977959,24,0.418604651,1.023255814,N4 S2 O18,de-protonated,0,-9999,C43 H44 O18 N4 S2,43,44,18,4,-9999,2,-9999,-9999
417,967.556141,967.556595637,967.556201959,36316436,-9999,288779.6,57.46,-1,0.406878638,0.485203906,0.640033642,0.5471358,9,0.192307692,1.711538462,S2 P1 O10,de-protonated,0,-9999,C52 H89 O10 P1 S2,52,89,10,-9999,1,2,-9999,-9999
417,967.556141,967.556595637,967.557188497,36316436,-9999,288779.6,57.46,-1,-0.612738614,0.31138134,0.485764205,0.381134486,37,0.014084507,1.014084507,N2 O1,de-protonated,0,-9999,C71 H72 O1 N2,71,72,1,2,-9999,-9999,-9999,-9999
417,967.556141,967.556595637,967.557050112,36316436,-9999,288779.6,57.46,-1,-0.469714132,0.480378736,0.649019222,0.547834931,10,0.28,1.68,N2 S1 O14,de-protonated,0,-9999,C50 H84 O14 N2 S1,50,84,14,2,-9999,1,-9999,-9999
417,967.556141,967.556595637,967.556537048,36316436,-9999,288779.6,57.46,-1,0.060553598,0.333111632,0.523600568,0.409307206,28,0.047619048,1.206349206,N4 S1 O3,de-protonated,0,-9999,C63 H76 O3 N4 S1,63,76,3,4,-9999,1,-9999,-9999
417,967.556141,967.556595637,967.55753937,36316436,-9999,288779.6,57.46,-1,-0.975376173,0.420727483,0.635633513,0.506689895,14,0.113207547,1.603773585,N4 S2 P1 O6,de-protonated,0,-9999,C53 H85 O6 N4 P1 S2,53,85,6,4,1,2,-9999,-9999
417,967.556141,967.556595637,967.55666999,36316436,-9999,288779.6,57.46,-1,-0.076845835,0.499464534,0.640033642,0.555692177,15,0.211538462,1.557692308,N4 P1 O11,de-protonated,0,-9999,C52 H81 O11 N4 P1,52,81,11,4,1,-9999,-9999,-9999
417,967.556141,967.556595637,967.556398664,36316436,-9999,288779.6,57.46,-1,0.203578272,0.496254112,0.68763467,0.572806335,1,0.380952381,2.095238095,N4 S2 O16,de-protonated,0,-9999,C42 H88 O16 N4 S2,42,88,16,4,-9999,2,-9999,-9999
418,968.857805,968.858260328,968.858639301,8587831,-9999,234913.6,12.19,-1,-0.39115362,0.97261996,0,0.583571976,6,0.049180328,1.885245902,N3 S1 O3,de-protonated,0,-9999,C61 H115 O3 N3 S1,61,115,3,3,-9999,1,-9999,-9999
419,969.303441,969.303896565,969.304537625,14298106,-9999,332511.5,21.51,-1,-0.661360933,0.461851197,0.614510218,0.522914805,34,0.206896552,0.879310345,P1 O12,de-protonated,0,-9999,C58 H51 O12 P1,58,51,12,-9999,1,-9999,-9999,-9999
419,969.303441,969.303896565,969.304266299,14298106,-9999,332511.5,21.51,-1,-0.381442655,0.486972468,0.658260696,0.555487759,20,0.354166667,1.208333333,S2 O17,de-protonated,0,-9999,C48 H58 O17 S2,48,58,17,-9999,-9999,2,-9999,-9999
419,969.303441,969.303896565,969.303396919,14298106,-9999,332511.5,21.51,-1,0.515469025,0.47646567,0.662980834,0.551071735,21,0.468085106,1.14893617,O22,de-protonated,0,-9999,C47 H54 O22,47,54,22,-9999,-9999,-9999,-9999,-9999
419,969.303441,969.303896565,969.30439924,14298106,-9999,332511.5,21.51,-1,-0.518594286,0.952372713,0,0.571423628,7,0.675675676,1.702702703,S1 P1 O25,de-protonated,0,-9999,C37 H63 O25 P1 S1,37,63,25,-9999,1,1,-9999,-9999
419,969.303441,969.303896565,969.303753234,14298106,-9999,332511.5,21.51,-1,0.147869289,0.498020213,0.602496955,0.539810909,38,0.098360656,0.819672131,N2 S2 O6,de-protonated,0,-9999,C61 H50 O6 N2 S2,61,50,6,2,-9999,2,-9999,-9999
419,969.303441,969.303896565,969.303886176,14298106,-9999,332511.5,21.51,-1,0.010717513,0.499989579,0.649019222,0.559601436,25,0.28,1.1,N2 S1 P1 O14,de-protonated,0,-9999,C50 H55 O14 N2 P1 S1,50,55,14,2,1,1,-9999,-9999
419,969.303441,969.303896565,969.303234727,14298106,-9999,332511.5,21.51,-1,0.682796862,0.45944288,0.68763467,0.550719596,16,0.380952381,1.404761905,N4 S2 P1 O16,de-protonated,0,-9999,C42 H59 O16 N4 P1 S2,42,59,16,4,1,2,-9999,-9999
419,969.303441,969.303896565,969.304734329,14298106,-9999,332511.5,21.51,-1,-0.864294389,0.43662079,0.658260696,0.525276752,26,0.375,1.041666667,N4 O18,de-protonated,0,-9999,C48 H50 O18 N4,48,50,18,4,-9999,-9999,-9999,-9999
420,970.869801,970.870257396,970.86941846,14758443,-9999,259265.8,22.26,-1,0.86410812,0.436646297,0.614510218,0.507791865,0,0.017241379,2.103448276,N3 S2 P1 O1,de-protonated,0,-9999,C58 H122 O1 N3 P1 S2,58,122,1,3,1,2,-9999,-9999
420,970.869801,970.870257396,970.870918062,14758443,-9999,259265.8,22.26,-1,-0.680487683,0.459705394,0.590944388,0.512200992,10,0.046875,1.765625,N3 O3,de-protonated,0,-9999,C64 H113 O3 N3,64,113,3,3,-9999,-9999,-9999,-9999
421,972.628191,972.628648329,972.628519484,29374752,-9999,314713.5,46.12,-1,0.132471226,0.33227363,0.523600568,0.408804405,19,0.015873016,1.46031746,N1 S2 P1 O1,de-protonated,0,-9999,C63 H92 O1 N1 P1 S2,63,92,1,1,1,2,-9999,-9999
421,972.628191,972.628648329,972.629367637,29374752,-9999,314713.5,46.12,-1,-0.739549824,0.301841651,0.533665548,0.39457121,20,0.081967213,1.426229508,N3 S1 O5,de-protonated,0,-9999,C61 H87 O5 N3 S1,61,87,5,3,-9999,1,-9999,-9999
421,972.628191,972.628648329,972.629500579,29374752,-9999,314713.5,46.12,-1,-0.87623253,0.434977715,0.649019222,0.520594318,7,0.26,1.84,N3 P1 O13,de-protonated,0,-9999,C50 H92 O13 N3 P1,50,92,13,3,1,-9999,-9999,-9999
422,972.632052,972.632509331,972.633390389,14072100,-9999,384511.9,21.13,-1,-0.905847812,0.430832127,0.583485697,0.491893555,24,0.045454545,1.318181818,N1 S1 O3,de-protonated,0,-9999,C66 H87 O3 N1 S1,66,87,3,1,-9999,1,-9999,-9999
422,972.632052,972.632509331,972.632738941,14072100,-9999,384511.9,21.13,-1,-0.23606973,0.494969507,0.614510218,0.542785792,15,0.086206897,1.568965517,N3 S2 O5,de-protonated,0,-9999,C58 H91 O5 N3 S2,58,91,5,3,-9999,2,-9999,-9999
422,972.632052,972.632509331,972.631869561,14072100,-9999,384511.9,21.13,-1,0.657772732,0.46224803,0.618621811,0.524797542,16,0.175438596,1.526315789,N3 O10,de-protonated,0,-9999,C57 H87 O10 N3,57,87,10,3,-9999,-9999,-9999,-9999
422,972.632052,972.632509331,972.632871882,14072100,-9999,384511.9,21.13,-1,-0.372752031,0.487551964,0.662980834,0.557723512,2,0.276595745,2.042553191,N3 S1 P1 O13,de-protonated,0,-9999,C47 H96 O13 N3 P1 S1,47,96,13,3,1,1,-9999,-9999
423,973.463675,973.464132773,973.463621726,8928365,-9999,302328.1,12.73,-1,0.524977596,0.951222266,0,0.57073336,28,0.096774194,1.14516129,S1 P1 O6,de-protonated,0,-9999,C62 H71 O6 P1 S1,62,71,6,-9999,1,1,-9999,-9999
423,973.463675,973.464132773,973.463483342,8928365,-9999,302328.1,12.73,-1,0.667134446,0.922417746,0,0.553450648,1,0.463414634,2.024390244,S2 P1 O19,de-protonated,0,-9999,C41 H83 O19 P1 S2,41,83,19,-9999,1,2,-9999,-9999
423,973.463675,973.464132773,973.464982944,8928365,-9999,302328.1,12.73,-1,-0.873345055,0.870753244,0,0.522451947,11,0.446808511,1.574468085,O21,de-protonated,0,-9999,C47 H74 O21,47,74,21,-9999,-9999,-9999,-9999,-9999
423,973.463675,973.464132773,973.464469879,8928365,-9999,302328.1,12.73,-1,-0.346295719,0.978475571,0,0.587085343,29,0.166666667,1.1,N2 O10,de-protonated,0,-9999,C60 H66 O10 N2,60,66,10,2,-9999,-9999,-9999,-9999
423,973.463675,973.464132773,973.464331495,8928365,-9999,302328.1,12.73,-1,-0.204139117,0.992467045,0,0.595480227,2,0.58974359,2,N2 S1 O23,de-protonated,0,-9999,C39 H78 O23 N2 S1,39,78,23,2,-9999,1,-9999,-9999
423,973.463675,973.464132773,973.464959137,8928365,-9999,302328.1,12.73,-1,-0.848889239,0.438716679,0.594745702,0.501128288,33,0.031746032,1.063492063,N4 S1 P1 O2,de-protonated,0,-9999,C63 H67 O2 N4 P1 S1,63,67,2,4,1,1,-9999,-9999
423,973.463675,973.464132773,973.463818431,8928365,-9999,302328.1,12.73,-1,0.322910924,0.981257938,0,0.588754763,20,0.230769231,1.346153846,N4 S1 O12,de-protonated,0,-9999,C52 H70 O12 N4 S1,52,70,12,4,-9999,1,-9999,-9999
423,973.463675,973.464132773,973.464820752,8928365,-9999,302328.1,12.73,-1,-0.70673278,0.913357054,0,0.548014232,6,0.357142857,1.880952381,N4 S2 P1 O15,de-protonated,0,-9999,C42 H79 O15 N4 P1 S2,42,79,15,4,1,2,-9999,-9999
423,973.463675,973.464132773,973.463951372,8928365,-9999,302328.1,12.73,-1,0.186345238,0.993719084,0,0.596231451,7,0.487804878,1.829268293,N4 P1 O20,de-protonated,0,-9999,C41 H75 O20 N4 P1,41,75,20,4,1,-9999,-9999,-9999
424,974.255236,974.255694193,974.255813784,9240461,-9999,302761.9,13.24,-1,-0.122750742,0.997269712,0,0.598361827,38,0.152542373,0.779661017,N1 S1 P1 O9,de-protonated,0,-9999,C59 H46 O9 N1 P1 S1,59,46,9,1,1,1,-9999,-9999
424,974.255236,974.255694193,974.255675399,9240461,-9999,302761.9,13.24,-1,0.019290425,0.999932482,0,0.599959489,11,0.578947368,1.526315789,N1 S2 P1 O22,de-protonated,0,-9999,C38 H58 O22 N1 P1 S2,38,58,22,1,1,2,-9999,-9999
424,974.255236,974.255694193,974.255162335,9240461,-9999,302761.9,13.24,-1,0.545912484,0.947360656,0,0.568416394,29,0.215686275,0.980392157,N3 S2 P1 O11,de-protonated,0,-9999,C51 H50 O11 N3 P1 S2,51,50,11,3,1,2,-9999,-9999
424,974.255236,974.255694193,974.256661937,9240461,-9999,302761.9,13.24,-1,-0.993315039,0.836080114,0,0.501648068,39,0.22807017500000001,0.719298246,N3 O13,de-protonated,0,-9999,C57 H41 O13 N3,57,41,13,3,-9999,-9999,-9999,-9999
425,975.979606,975.980065108,975.98013416,16696921,-9999,293394.2,25.41,-1,-0.070751357,0.499546062,0.594745702,0.537625918,1,0.063492063,2.031746032,N2 O4,de-protonated,0,-9999,C63 H128 O4 N2,63,128,4,2,-9999,-9999,-9999,-9999
425,975.979606,975.980065108,975.979728325,16696921,-9999,293394.2,25.41,-1,0.345072455,0.489312868,0.6825583,0.566611041,36,0.441860465,0.465116279,N3 S2 P1 O19,de-protonated,0,-9999,C43 H20 O19 N3 P1 S2,43,20,19,3,1,2,-9999,-9999
426,976.025716,976.026175133,976.026009813,12830343,-9999,335558,19.1,-1,0.169380811,0.994807789,0,0.596884673,30,0.5,0.666666667,N1 S2 P1 O21,de-protonated,0,-9999,C42 H28 O21 N1 P1 S2,42,28,21,1,1,2,-9999,-9999
426,976.025716,976.026175133,976.026857966,12830343,-9999,335558,19.1,-1,-0.699604818,0.915019871,0,0.549011922,31,0.625,0.575,N3 S1 O25,de-protonated,0,-9999,C40 H23 O25 N3 S1,40,23,25,3,-9999,1,-9999,-9999
427,976.07386,976.074319158,976.07428016,8832696,-9999,342335.3,12.57,-1,0.039954247,0.999710388,0,0.599826233,38,0.34,0.56,N1 S1 P1 O17,de-protonated,0,-9999,C50 H28 O17 N1 P1 S1,50,28,17,1,1,1,-9999,-9999
427,976.07386,976.074319158,976.073628711,8832696,-9999,342335.3,12.57,-1,0.707371834,0.9132073,0,0.54792438,29,0.452380952,0.761904762,N3 S2 P1 O19,de-protonated,0,-9999,C42 H32 O19 N3 P1 S2,42,32,19,3,1,2,-9999,-9999
427,976.07386,976.074319158,976.075128313,8832696,-9999,342335.3,12.57,-1,-0.828988296,0.882765703,0,0.529659422,39,0.4375,0.479166667,N3 O21,de-protonated,0,-9999,C48 H23 O21 N3,48,23,21,3,-9999,-9999,-9999,-9999
428,977.492257,977.492716911,977.492419932,27479112,-9999,271700.1,43.02,-1,0.303817766,0.327796939,0.508967985,0.400265357,30,0.015151515,1.136363636,S2 P1 O1,de-protonated,0,-9999,C66 H75 O1 P1 S2,66,75,1,-9999,1,2,-9999,-9999
428,977.492257,977.492716911,977.493268085,27479112,-9999,271700.1,43.02,-1,-0.563864351,0.314647401,0.51866191,0.396253205,31,0.078125,1.09375,N2 S1 O5,de-protonated,0,-9999,C64 H70 O5 N2 S1,64,70,5,2,-9999,1,-9999,-9999
428,977.492257,977.492716911,977.493401027,27479112,-9999,271700.1,43.02,-1,-0.699866962,0.457479481,0.635633513,0.528741094,18,0.245283019,1.41509434,N2 P1 O13,de-protonated,0,-9999,C53 H75 O13 N2 P1,53,75,13,2,1,-9999,-9999,-9999
428,977.492257,977.492716911,977.4931297,27479112,-9999,271700.1,43.02,-1,-0.422293686,0.484079911,0.6825583,0.563471267,4,0.418604651,1.906976744,N2 S2 O18,de-protonated,0,-9999,C43 H82 O18 N2 S2,43,82,18,2,-9999,2,-9999,-9999
428,977.492257,977.492716911,977.492260321,27479112,-9999,271700.1,43.02,-1,0.467104151,0.480591907,0.68763467,0.563409012,5,0.547619048,1.857142857,N2 O23,de-protonated,0,-9999,C42 H78 O23 N2,42,78,23,2,-9999,-9999,-9999,-9999
428,977.492257,977.492716911,977.492887962,27479112,-9999,271700.1,43.02,-1,-0.174989598,0.331486401,0.508967985,0.402479034,36,0.03030303,1.015151515,N4 P1 O2,de-protonated,0,-9999,C66 H67 O2 N4 P1,66,67,2,4,1,-9999,-9999,-9999
428,977.492257,977.492716911,977.492616636,27479112,-9999,271700.1,43.02,-1,0.10258397,0.499046176,0.622788794,0.548543223,22,0.125,1.321428571,N4 S2 O7,de-protonated,0,-9999,C56 H74 O7 N4 S2,56,74,7,4,-9999,2,-9999,-9999
428,977.492257,977.492716911,977.491747256,27479112,-9999,271700.1,43.02,-1,0.991982741,0.418240737,0.627012296,0.50174936,23,0.218181818,1.272727273,N4 O12,de-protonated,0,-9999,C55 H70 O12 N4,55,70,12,4,-9999,-9999,-9999,-9999
428,977.492257,977.492716911,977.492749578,27479112,-9999,271700.1,43.02,-1,-0.033418823,0.499898688,0.672627142,0.568990069,9,0.333333333,1.755555556,N4 S1 P1 O15,de-protonated,0,-9999,C45 H79 O15 N4 P1 S1,45,79,15,4,1,1,-9999,-9999
429,977.757919,977.758379052,977.757862629,23022930,-9999,214097.1,35.74,-1,0.528170839,0.316880668,0.494873046,0.388077619,19,0.014492754,1.47826087,S1 O1,de-protonated,0,-9999,C69 H102 O1 S1,69,102,1,-9999,-9999,1,-9999,-9999
429,977.757919,977.758379052,977.758864951,23022930,-9999,214097.1,35.74,-1,-0.496951167,0.478089258,0.610452919,0.531034722,5,0.06779661,1.881355932,S2 P1 O4,de-protonated,0,-9999,C59 H111 O4 P1 S2,59,111,4,-9999,1,2,-9999,-9999
429,977.757919,977.758379052,977.757995571,23022930,-9999,214097.1,35.74,-1,0.392204884,0.486237318,0.614510218,0.537546478,6,0.155172414,1.844827586,P1 O9,de-protonated,0,-9999,C58 H107 O9 P1,58,107,9,-9999,1,-9999,-9999,-9999
429,977.757919,977.758379052,977.75933298099994,23022930,-9999,214097.1,35.74,-1,-0.975627669,0.420690027,0.610452919,0.496595184,11,0.084745763,1.745762712,N4 P1 O5,de-protonated,0,-9999,C59 H103 O5 N4 P1,59,103,5,4,1,-9999,-9999,-9999
430,978.601082,978.6015425,978.601829279,16830622,-9999,251747,25.63,-1,-0.293049732,0.492269151,0.606448844,0.537941028,19,0.133333333,1.433333333,N1 P1 O8,de-protonated,0,-9999,C60 H86 O8 N1 P1,60,86,8,1,1,-9999,-9999,-9999
430,978.601082,978.6015425,978.601557953,16830622,-9999,251747,25.63,-1,-0.015790741,0.499977379,0.649019222,0.559594116,5,0.26,1.86,N1 S2 O13,de-protonated,0,-9999,C50 H93 O13 N1 S2,50,93,13,1,-9999,2,-9999,-9999
430,978.601082,978.6015425,978.600688573,16830622,-9999,251747,25.63,-1,0.872600067,0.435479388,0.653607294,0.52273055,6,0.367346939,1.816326531,N1 O18,de-protonated,0,-9999,C49 H89 O18 N1,49,89,18,1,-9999,-9999,-9999,-9999
430,978.601082,978.6015425,978.601044888,16830622,-9999,251747,25.63,-1,0.508492617,0.477083661,0.594745702,0.524148477,23,0.031746032,1.349206349,N3 S2 O2,de-protonated,0,-9999,C63 H85 O2 N3 S2,63,85,2,3,-9999,2,-9999,-9999
430,978.601082,978.6015425,978.60117783,16830622,-9999,251747,25.63,-1,0.372643815,0.4875591,0.640033642,0.548548917,10,0.192307692,1.730769231,N3 S1 P1 O10,de-protonated,0,-9999,C52 H90 O10 N3 P1 S1,52,90,10,3,1,1,-9999,-9999
431,979.227338,979.227798832,979.227730053,10703629,-9999,243948.1,15.62,-1,0.070237976,0.499552623,0.631293472,0.552248963,33,0.296296296,0.814814815,S1 O16,de-protonated,0,-9999,C54 H44 O16 S1,54,44,16,-9999,-9999,1,-9999,-9999
431,979.227338,979.227798832,979.228732375,10703629,-9999,243948.1,15.62,-1,-0.953344806,0.847967814,0,0.508780688,19,0.431818182,1.204545455,S2 P1 O19,de-protonated,0,-9999,C44 H53 O19 P1 S2,44,53,19,-9999,1,2,-9999,-9999
431,979.227338,979.227798832,979.227862995,10703629,-9999,243948.1,15.62,-1,-0.065523826,0.999221277,0,0.599532766,20,0.558139535,1.139534884,P1 O24,de-protonated,0,-9999,C43 H49 O24 P1,43,49,24,-9999,1,-9999,-9999,-9999
431,979.227338,979.227798832,979.228219311,10703629,-9999,243948.1,15.62,-1,-0.429397731,0.483548757,0.618621811,0.537577979,37,0.140350877,0.789473684,N2 S2 P1 O8,de-protonated,0,-9999,C57 H45 O8 N2 P1 S2,57,45,8,2,1,2,-9999,-9999
431,979.227338,979.227798832,979.227349931,10703629,-9999,243948.1,15.62,-1,0.458424179,0.481292966,0.622788794,0.537891297,38,0.232142857,0.732142857,N2 P1 O13,de-protonated,0,-9999,C56 H41 O13 N2 P1,56,41,13,2,1,-9999,-9999,-9999
431,979.227338,979.227798832,979.227078605,10703629,-9999,243948.1,15.62,-1,0.735506268,0.906505484,0,0.54390329,24,0.391304348,1.043478261,N2 S2 O18,de-protonated,0,-9999,C46 H48 O18 N2 S2,46,48,18,2,-9999,2,-9999,-9999
432,980.34019,980.340651423,980.341380084,34166620,-9999,327122.3,53.93,-1,-0.743272354,0.45230923,0.667769153,0.538493199,16,0.391304348,1.369565217,N1 S2 O18,de-protonated,0,-9999,C46 H63 O18 N1 S2,46,63,18,1,-9999,2,-9999,-9999
432,980.34019,980.340651423,980.340510704,34166620,-9999,327122.3,53.93,-1,0.143541171,0.498134199,0.672627142,0.567931376,17,0.511111111,1.311111111,N1 O23,de-protonated,0,-9999,C45 H59 O23 N1,45,59,23,1,-9999,-9999,-9999,-9999
432,980.34019,980.340651423,980.340867019,34166620,-9999,327122.3,53.93,-1,-0.219919828,0.330420892,0.543986559,0.415847159,34,0.118644068,0.93220339,N3 S2 O7,de-protonated,0,-9999,C59 H55 O7 N3 S2,59,55,7,3,-9999,2,-9999,-9999
432,980.34019,980.340651423,980.33999764,34166620,-9999,327122.3,53.93,-1,0.666894625,0.307490432,0.549245293,0.404192376,35,0.206896552,0.879310345,N3 O12,de-protonated,0,-9999,C58 H51 O12 N3,58,51,12,3,-9999,-9999,-9999,-9999
432,980.34019,980.340651423,980.340999961,34166620,-9999,327122.3,53.93,-1,-0.355527439,0.48866297,0.658260696,0.55650206,21,0.3125,1.25,N3 S1 P1 O15,de-protonated,0,-9999,C48 H60 O15 N3 P1 S1,48,60,15,3,1,1,-9999,-9999
432,980.34019,980.340651423,980.339859255,34166620,-9999,327122.3,53.93,-1,0.808054368,0.444136008,0.714192896,0.552158764,8,0.675675676,1.702702703,N3 S1 O25,de-protonated,0,-9999,C37 H63 O25 N3 S1,37,63,25,3,-9999,1,-9999,-9999
433,980.344009,980.344470425,980.344889771,12834657,-9999,275536.1,19.1,-1,-0.427753918,0.483672397,0.590944388,0.526581194,38,0.078125,0.859375,N1 S2 O5,de-protonated,0,-9999,C64 H55 O5 N1 S2,64,55,5,1,-9999,2,-9999,-9999
433,980.344009,980.344470425,980.344020392,12834657,-9999,275536.1,19.1,-1,0.459056712,0.481242288,0.594745702,0.526643653,39,0.158730159,0.80952381,N1 O10,de-protonated,0,-9999,C63 H51 O10 N1,63,51,10,1,-9999,-9999,-9999,-9999
433,980.344009,980.344470425,980.345022713,12834657,-9999,275536.1,19.1,-1,-0.563360944,0.4720197,0.635633513,0.537465225,25,0.245283019,1.132075472,N1 S1 P1 O13,de-protonated,0,-9999,C53 H60 O13 N1 P1 S1,53,60,13,1,1,1,-9999,-9999
433,980.344009,980.344470425,980.343882007,12834657,-9999,275536.1,19.1,-1,0.600215846,0.936722186,0,0.562033312,12,0.547619048,1.5,N1 S1 O23,de-protonated,0,-9999,C42 H63 O23 N1 S1,42,63,23,1,-9999,1,-9999,-9999
433,980.344009,980.344470425,980.344371264,12834657,-9999,275536.1,19.1,-1,0.101148724,0.499072654,0.672627142,0.568494449,16,0.333333333,1.422222222,N3 S2 P1 O15,de-protonated,0,-9999,C45 H64 O15 N3 P1 S2,45,64,15,3,1,2,-9999,-9999
433,980.344009,980.344470425,980.343501885,12834657,-9999,275536.1,19.1,-1,0.987960292,0.418845572,0.677556332,0.522329876,17,0.454545455,1.363636364,N3 P1 O20,de-protonated,0,-9999,C44 H60 O20 N3 P1,44,60,20,3,1,-9999,-9999,-9999
434,980.387449,980.387910448,980.387148508,10065804,-9999,251212.5,14.58,-1,0.777183353,0.448097373,0.614510218,0.514662511,28,0.155172414,1.086206897,N1 S2 O9,de-protonated,0,-9999,C58 H63 O9 N1 S2,58,63,9,1,-9999,2,-9999,-9999
434,980.387449,980.387910448,980.387281449,10065804,-9999,251212.5,14.58,-1,0.641582008,0.928031814,0,0.556819088,15,0.361702128,1.446808511,N1 S1 P1 O17,de-protonated,0,-9999,C47 H68 O17 N1 P1 S1,47,68,17,1,1,1,-9999,-9999
434,980.387449,980.387910448,980.388129602,10065804,-9999,251212.5,14.58,-1,-0.223538334,0.990974101,0,0.59458446,16,0.466666667,1.4,N3 O21,de-protonated,0,-9999,C45 H63 O21 N3,45,63,21,3,-9999,-9999,-9999,-9999
435,981.019284,981.019745783,981.020196157,16505341,-9999,158296.2,25.09,-1,-0.45908639,0.481239909,0.672627142,0.557794802,33,0.444444444,0.6,S2 P1 O20,de-protonated,0,-9999,C45 H27 O20 P1 S2,45,27,20,-9999,1,2,-9999,-9999
435,981.019284,981.019745783,981.019326777,16505341,-9999,158296.2,25.09,-1,0.427113757,0.483720428,0.677556332,0.561254789,34,0.568181818,0.522727273,P1 O25,de-protonated,0,-9999,C44 H23 O25 P1,44,23,25,-9999,1,-9999,-9999,-9999
435,981.019284,981.019745783,981.020664187,16505341,-9999,158296.2,25.09,-1,-0.936171585,0.426487621,0.672627142,0.524943429,39,0.466666667,0.422222222,N4 P1 O21,de-protonated,0,-9999,C45 H19 O21 N4 P1,45,19,21,4,1,-9999,-9999,-9999
436,981.190821,981.191282875,981.191738467,28465830,-9999,285301.7,44.62,-1,-0.464325755,0.48081763,0.653607294,0.549933496,29,0.408163265,0.857142857,S1 O20,de-protonated,0,-9999,C49 H42 O20 S1,49,42,20,-9999,-9999,1,-9999,-9999
436,981.190821,981.191282875,981.192227724,28465830,-9999,285301.7,44.62,-1,-0.962961098,0.422568603,0.640033642,0.509554618,33,0.230769231,0.826923077,N2 S2 P1 O12,de-protonated,0,-9999,C52 H43 O12 N2 P1 S2,52,43,12,2,1,2,-9999,-9999
436,981.190821,981.191282875,981.191358345,28465830,-9999,285301.7,44.62,-1,-0.076916775,0.499463546,0.644495114,0.557476173,34,0.333333333,0.764705882,N2 P1 O17,de-protonated,0,-9999,C51 H39 O17 N2 P1,51,39,17,2,1,-9999,-9999,-9999
436,981.190821,981.191282875,981.191087018,28465830,-9999,285301.7,44.62,-1,0.199610542,0.496398182,0.692787115,0.574953755,20,0.536585366,1.12195122,N2 S2 O22,de-protonated,0,-9999,C41 H46 O22 N2 S2,41,46,22,2,-9999,2,-9999,-9999
436,981.190821,981.191282875,981.190573954,28465830,-9999,285301.7,44.62,-1,0.72251034,0.45481377,0.631293472,0.525405651,38,0.203703704,0.703703704,N4 S2 O11,de-protonated,0,-9999,C54 H38 O11 N4 S2,54,38,11,4,-9999,2,-9999,-9999
436,981.190821,981.191282875,981.190706896,28465830,-9999,285301.7,44.62,-1,0.587020037,0.469694385,0.6825583,0.554839951,25,0.441860465,1,N4 S1 P1 O19,de-protonated,0,-9999,C43 H43 O19 N4 P1 S1,43,43,19,4,1,1,-9999,-9999
437,981.283726,981.284187924,981.284277636,8608513,-9999,463419.2,12.2,-1,-0.09142368,0.998484549,0,0.599090729,39,0.079365079,0.80952381,S2 P1 O5,de-protonated,0,-9999,C63 H51 O5 P1 S2,63,51,5,-9999,1,2,-9999,-9999
437,981.283726,981.284187924,981.283408257,8608513,-9999,463419.2,12.2,-1,0.7945383,0.891770076,0,0.535062045,40,0.161290323,0.758064516,P1 O10,de-protonated,0,-9999,C62 H47 O10 P1,62,47,10,-9999,1,-9999,-9999,-9999
437,981.283726,981.284187924,981.283269872,8608513,-9999,463419.2,12.2,-1,0.935562349,0.853151751,0,0.51189105,13,0.56097561,1.43902439,S1 P1 O23,de-protonated,0,-9999,C41 H59 O23 P1 S1,41,59,23,-9999,1,1,-9999,-9999
437,981.283726,981.284187924,981.28512579,8608513,-9999,463419.2,12.2,-1,-0.955752579,0.847260852,0,0.508356511,40,0.14754098399999999,0.754098361,N2 S1 O9,de-protonated,0,-9999,C61 H46 O9 N2 S1,61,46,9,2,-9999,1,-9999,-9999
437,981.283726,981.284187924,981.284987405,8608513,-9999,463419.2,12.2,-1,-0.814729024,0.886527953,0,0.531916772,13,0.55,1.45,N2 S2 O22,de-protonated,0,-9999,C40 H58 O22 N2 S2,40,58,22,2,-9999,2,-9999,-9999
437,981.283726,981.284187924,981.284474341,8608513,-9999,463419.2,12.2,-1,-0.291879793,0.984660561,0,0.590796336,31,0.20754717,0.943396226,N4 S2 O11,de-protonated,0,-9999,C53 H50 O11 N4 S2,53,50,11,4,-9999,2,-9999,-9999
437,981.283726,981.284187924,981.283604961,8608513,-9999,463419.2,12.2,-1,0.594081831,0.937968165,0,0.562780899,32,0.307692308,0.884615385,N4 O16,de-protonated,0,-9999,C52 H46 O16 N4,52,46,16,4,-9999,-9999,-9999,-9999
437,981.283726,981.284187924,981.284607283,8608513,-9999,463419.2,12.2,-1,-0.427356993,0.967404372,0,0.580442623,18,0.452380952,1.30952381,N4 S1 P1 O19,de-protonated,0,-9999,C42 H55 O19 N4 P1 S1,42,55,19,4,1,1,-9999,-9999
438,981.287044,981.287505926,981.28677956,13392644,-9999,401733.4,20.01,-1,0.740217546,0.45268131,0.610452919,0.515789954,35,0.169491525,0.86440678,S1 P1 O10,de-protonated,0,-9999,C59 H51 O10 P1 S1,59,51,10,-9999,1,1,-9999,-9999
438,981.287044,981.287505926,981.286641175,13392644,-9999,401733.4,20.01,-1,0.881241103,0.868567055,0,0.521140233,8,0.605263158,1.657894737,S2 P1 O23,de-protonated,0,-9999,C38 H63 O23 P1 S2,38,63,23,-9999,1,2,-9999,-9999
438,981.287044,981.287505926,981.288140777,13392644,-9999,401733.4,20.01,-1,-0.646957506,0.463433093,0.677556332,0.549082388,18,0.568181818,1.227272727,O25,de-protonated,0,-9999,C44 H54 O25,44,54,25,-9999,-9999,-9999,-9999,-9999
438,981.287044,981.287505926,981.287627713,13392644,-9999,401733.4,20.01,-1,-0.124109868,0.4986045,0.618621811,0.546611425,36,0.245614035,0.807017544,N2 O14,de-protonated,0,-9999,C57 H46 O14 N2,57,46,14,2,-9999,-9999,-9999,-9999
438,981.287044,981.287505926,981.28811697,13392644,-9999,401733.4,20.01,-1,-0.622696655,0.466030539,0.606448844,0.522197861,40,0.1,0.783333333,N4 S1 P1 O6,de-protonated,0,-9999,C60 H47 O6 N4 P1 S1,60,47,6,4,1,1,-9999,-9999
438,981.287044,981.287505926,981.286976264,13392644,-9999,401733.4,20.01,-1,0.539761777,0.474254612,0.653607294,0.545995685,27,0.326530612,1.020408163,N4 S1 O16,de-protonated,0,-9999,C49 H50 O16 N4 S1,49,50,16,4,-9999,1,-9999,-9999
438,981.287044,981.287505926,981.287978586,13392644,-9999,401733.4,20.01,-1,-0.481673483,0.958776017,0,0.57526561,13,0.487179487,1.512820513,N4 S2 P1 O19,de-protonated,0,-9999,C39 H59 O19 N4 P1 S2,39,59,19,4,1,2,-9999,-9999
438,981.287044,981.287505926,981.287109206,13392644,-9999,401733.4,20.01,-1,0.404284809,0.970778357,0,0.582467014,14,0.631578947,1.447368421,N4 P1 O24,de-protonated,0,-9999,C38 H55 O24 N4 P1,38,55,24,4,1,-9999,-9999,-9999
439,982.089456,982.089918352,982.090585129,8527384,-9999,196827.5,12.07,-1,-0.678936937,0.919762545,0,0.551857527,40,0.283018868,0.547169811,N1 S2 O15,de-protonated,0,-9999,C53 H29 O15 N1 S2,53,29,15,1,-9999,2,-9999,-9999
439,982.089456,982.089918352,982.090718071,8527384,-9999,196827.5,12.07,-1,-0.814302884,0.886639627,0,0.531983776,27,0.547619048,0.80952381,N1 S1 P1 O23,de-protonated,0,-9999,C42 H34 O23 N1 P1 S1,42,34,23,1,1,1,-9999,-9999
439,982.089456,982.089918352,982.089064301,8527384,-9999,196827.5,12.07,-1,0.869626806,0.871777794,0,0.523066676,32,0.5,0.659090909,N3 S1 O22,de-protonated,0,-9999,C44 H29 O22 N3 S1,44,29,22,3,-9999,1,-9999,-9999
439,982.089456,982.089918352,982.090066622,8527384,-9999,196827.5,12.07,-1,-0.150974568,0.995872723,0,0.597523634,18,0.735294118,1.117647059,N3 S2 P1 O25,de-protonated,0,-9999,C34 H38 O25 N3 P1 S2,34,38,25,3,1,2,-9999,-9999
440,982.891801,982.892263777,982.89204743,22110504,-9999,225778.6,34.24,-1,0.220113414,0.495623678,0.598596236,0.536812701,6,0.080645161,1.887096774,N3 O5,de-protonated,0,-9999,C62 H117 O5 N3,62,117,5,3,-9999,-9999,-9999,-9999
441,982.942748,982.943210804,982.94368908,15524186,-9999,236033.8,23.49,-1,-0.486575047,0.478975364,0.579826515,0.519315825,9,0.014925373,1.805970149,N3 O1,de-protonated,0,-9999,C67 H121 O1 N3,67,121,1,3,-9999,-9999,-9999,-9999
442,983.792245,983.792708255,983.792927985,21226642,-9999,262208.6,32.8,-1,-0.223348926,0.49549466,0.598596236,0.536735291,7,0.064516129,1.806451613,S2 O4,de-protonated,0,-9999,C62 H112 O4 S2,62,112,4,-9999,-9999,2,-9999,-9999
442,983.792245,983.792708255,983.792058605,21226642,-9999,262208.6,32.8,-1,0.660353751,0.461962769,0.602496955,0.518176443,8,0.14754098399999999,1.770491803,O9,de-protonated,0,-9999,C61 H108 O9,61,108,9,-9999,-9999,-9999,-9999,-9999
442,983.792245,983.792708255,983.792547862,21226642,-9999,262208.6,32.8,-1,0.163035821,0.497594291,0.590944388,0.53493433,12,0.015625,1.703125,N2 S1 P1 O1,de-protonated,0,-9999,C64 H109 O1 N2 P1 S1,64,109,1,2,1,1,-9999,-9999
442,983.792245,983.792708255,983.791896413,21226642,-9999,262208.6,32.8,-1,0.825217314,0.441882724,0.622788794,0.514245152,3,0.053571429,2.017857143,N4 S2 P1 O3,de-protonated,0,-9999,C56 H113 O3 N4 P1 S2,56,113,3,4,1,2,-9999,-9999
442,983.792245,983.792708255,983.793396015,21226642,-9999,262208.6,32.8,-1,-0.699089613,0.457569761,0.598596236,0.513980351,13,0.080645161,1.677419355,N4 O5,de-protonated,0,-9999,C62 H104 O5 N4,62,104,5,4,-9999,-9999,-9999,-9999
443,983.796058,983.796521257,983.795919165,16245910,-9999,270270.8,24.67,-1,0.612009176,0.467147729,0.602496955,0.521287419,7,0.016393443,1.852459016,N2 S2 P1 O1,de-protonated,0,-9999,C61 H113 O1 N2 P1 S2,61,113,1,2,1,2,-9999,-9999
443,983.796058,983.796521257,983.797418767,16245910,-9999,270270.8,24.67,-1,-0.912291192,0.429917295,0.579826515,0.489880983,17,0.044776119,1.552238806,N2 O3,de-protonated,0,-9999,C67 H104 O3 N2,67,104,3,2,-9999,-9999,-9999,-9999
443,983.796058,983.796521257,983.796767318,16245910,-9999,270270.8,24.67,-1,-0.25011369,0.494356659,0.610452919,0.540795163,8,0.084745763,1.830508475,N4 S1 O5,de-protonated,0,-9999,C59 H108 O5 N4 S1,59,108,5,4,-9999,1,-9999,-9999
444,984.471022,984.471485616,984.472212088,15886114,-9999,336834.3,24.08,-1,-0.737930719,0.452959045,0.602496955,0.512774209,30,0.114754098,1.114754098,N3 P1 O7,de-protonated,0,-9999,C61 H68 O7 N3 P1,61,68,7,3,1,-9999,-9999,-9999
444,984.471022,984.471485616,984.471940762,15886114,-9999,336834.3,24.08,-1,-0.46232514,0.480979396,0.644495114,0.546385683,16,0.235294118,1.470588235,N3 S2 O12,de-protonated,0,-9999,C51 H75 O12 N3 S2,51,75,12,3,-9999,2,-9999,-9999
444,984.471022,984.471485616,984.471071382,15886114,-9999,336834.3,24.08,-1,0.420767816,0.484192916,0.649019222,0.550123439,17,0.34,1.42,N3 O17,de-protonated,0,-9999,C50 H71 O17 N3,50,71,17,3,-9999,-9999,-9999,-9999
444,984.471022,984.471485616,984.472073704,15886114,-9999,336834.3,24.08,-1,-0.597363676,0.468651461,0.698017357,0.56039782,3,0.5,2,N3 S1 P1 O20,de-protonated,0,-9999,C40 H80 O20 N3 P1 S1,40,80,20,3,1,1,-9999,-9999
445,984.474653,984.475116618,984.475963514,26240806,-9999,261021.2,40.98,-1,-0.860250764,0.437173603,0.622788794,0.51141968,20,0.178571429,1.339285714,N1 S2 O10,de-protonated,0,-9999,C56 H75 O10 N1 S2,56,75,10,1,-9999,2,-9999,-9999
445,984.474653,984.475116618,984.475094134,26240806,-9999,261021.2,40.98,-1,0.022838231,0.499952682,0.627012296,0.550776527,21,0.272727273,1.290909091,N1 O15,de-protonated,0,-9999,C55 H71 O15 N1,55,71,15,1,-9999,-9999,-9999,-9999
445,984.474653,984.475116618,984.476096456,26240806,-9999,261021.2,40.98,-1,-0.995288695,0.417742454,0.672627142,0.519696329,7,0.4,1.777777778,N1 S1 P1 O18,de-protonated,0,-9999,C45 H80 O18 N1 P1 S1,45,80,18,1,1,1,-9999,-9999
445,984.474653,984.475116618,984.47458107,26240806,-9999,261021.2,40.98,-1,0.543993649,0.315906741,0.499512996,0.389349243,39,0.058823529,0.926470588,N3 O4,de-protonated,0,-9999,C68 H63 O4 N3,68,63,4,3,-9999,-9999,-9999,-9999
445,984.474653,984.475116618,984.475583391,26240806,-9999,261021.2,40.98,-1,-0.474134339,0.480015225,0.614510218,0.533813222,25,0.120689655,1.24137931,N3 S1 P1 O7,de-protonated,0,-9999,C58 H72 O7 N3 P1 S1,58,72,7,3,1,1,-9999,-9999
445,984.474653,984.475116618,984.474442685,26240806,-9999,261021.2,40.98,-1,0.684560534,0.459241882,0.662980834,0.540737463,12,0.361702128,1.595744681,N3 S1 O17,de-protonated,0,-9999,C47 H75 O17 N3 S1,47,75,17,3,-9999,1,-9999,-9999
446,984.744889,984.745352761,984.745048841,63268904,-9999,240300.6,101.44,-1,0.308628488,0.327621744,0.508967985,0.40016024,18,0.075757576,1.5,N1 O5,de-protonated,0,-9999,C66 H99 O5 N1,66,99,5,1,-9999,-9999,-9999,-9999
446,984.744889,984.745352761,984.746051162,63268904,-9999,240300.6,101.44,-1,-0.709219624,0.304257891,0.55996373,0.406540226,4,0.142857143,1.928571429,N1 S1 P1 O8,de-protonated,0,-9999,C56 H108 O8 N1 P1 S1,56,108,8,1,1,1,-9999,-9999
446,984.744889,984.745352761,984.744397392,63268904,-9999,240300.6,101.44,-1,0.970169578,0.281000999,0.549245293,0.388298716,9,0.120689655,1.775862069,N3 S1 O7,de-protonated,0,-9999,C58 H103 O7 N3 S1,58,103,7,3,-9999,1,-9999,-9999
447,986.233577,986.234041551,986.23354371,19590582,-9999,247895.8,30.12,-1,0.50479096,0.477408467,0.640033642,0.542458537,31,0.326923077,0.865384615,N1 S1 O17,de-protonated,0,-9999,C52 H45 O17 N1 S1,52,45,17,1,-9999,1,-9999,-9999
447,986.233577,986.234041551,986.234546031,19590582,-9999,247895.8,30.12,-1,-0.511521143,0.476816321,0.68763467,0.561143661,17,0.476190476,1.285714286,N1 S2 P1 O20,de-protonated,0,-9999,C42 H54 O20 N1 P1 S2,42,54,20,1,1,2,-9999,-9999
447,986.233577,986.234041551,986.233676651,19590582,-9999,247895.8,30.12,-1,0.369993498,0.487733254,0.692787115,0.569754799,18,0.609756098,1.219512195,N1 P1 O25,de-protonated,0,-9999,C41 H50 O25 N1 P1,41,50,25,1,1,-9999,-9999,-9999
447,986.233577,986.234041551,986.234032967,19590582,-9999,247895.8,30.12,-1,0.00870425,0.499993126,0.627012296,0.550800794,35,0.163636364,0.836363636,N3 S2 P1 O9,de-protonated,0,-9999,C55 H46 O9 N3 P1 S2,55,46,9,3,1,2,-9999,-9999
447,986.233577,986.234041551,986.233163587,19590582,-9999,247895.8,30.12,-1,0.890219808,0.433031984,0.631293472,0.512336579,36,0.259259259,0.777777778,N3 P1 O14,de-protonated,0,-9999,C54 H42 O14 N3 P1,54,42,14,3,1,-9999,-9999,-9999
448,986.506615,986.507079696,986.507141046,11636409,-9999,195509.9,17.13,-1,-0.062188611,0.499649254,0.569119254,0.527437254,37,0.028571429,1,N1 P1 O2,de-protonated,0,-9999,C70 H70 O2 N1 P1,70,70,2,1,1,-9999,-9999,-9999
448,986.506615,986.507079696,986.50686972,11636409,-9999,195509.9,17.13,-1,0.212848645,0.495906623,0.606448844,0.540123511,23,0.116666667,1.283333333,N1 S2 O7,de-protonated,0,-9999,C60 H77 O7 N1 S2,60,77,7,1,-9999,2,-9999,-9999
448,986.506615,986.507079696,986.507002661,11636409,-9999,195509.9,17.13,-1,0.07808857,0.499447085,0.653607294,0.561111168,10,0.306122449,1.673469388,N1 S1 P1 O15,de-protonated,0,-9999,C49 H82 O15 N1 P1 S1,49,82,15,1,1,1,-9999,-9999
448,986.506615,986.507079696,986.506489597,11636409,-9999,195509.9,17.13,-1,0.598170592,0.468569434,0.598596236,0.520580155,28,0.064516129,1.193548387,N3 S1 P1 O4,de-protonated,0,-9999,C62 H74 O4 N3 P1 S1,62,74,4,3,1,1,-9999,-9999
448,986.506615,986.507079696,986.506351213,11636409,-9999,195509.9,17.13,-1,0.738447958,0.905792574,0,0.543475544,1,0.414634146,2.097560976,N3 S2 P1 O17,de-protonated,0,-9999,C41 H86 O17 N3 P1 S2,41,86,17,3,1,2,-9999,-9999
448,986.506615,986.507079696,986.507850815,11636409,-9999,195509.9,17.13,-1,-0.781664584,0.895059519,0,0.537035712,11,0.404255319,1.638297872,N3 O19,de-protonated,0,-9999,C47 H77 O19 N3,47,77,19,3,-9999,-9999,-9999,-9999
449,987.220505,987.220970075,987.221201922,10580314,-9999,271394.2,15.41,-1,-0.234847807,0.49502119,0.610452919,0.541193881,40,0.220338983,0.694915254,P1 O13,de-protonated,0,-9999,C59 H41 O13 P1,59,41,13,-9999,1,-9999,-9999,-9999
449,987.220505,987.220970075,987.220930596,10580314,-9999,271394.2,15.41,-1,0.039990467,0.999709863,0,0.599825918,26,0.367346939,0.979591837,S2 O18,de-protonated,0,-9999,C49 H48 O18 S2,49,48,18,-9999,-9999,2,-9999,-9999
449,987.220505,987.220970075,987.220061216,10580314,-9999,271394.2,15.41,-1,0.920624825,0.857454771,0,0.514472863,27,0.479166667,0.916666667,O23,de-protonated,0,-9999,C48 H44 O23,48,44,23,-9999,-9999,-9999,-9999,-9999
449,987.220505,987.220970075,987.220550473,10580314,-9999,271394.2,15.41,-1,0.425033642,0.967752063,0,0.580651238,31,0.294117647,0.882352941,N2 S1 P1 O15,de-protonated,0,-9999,C51 H45 O15 N2 P1 S1,51,45,15,2,1,1,-9999,-9999
449,987.220505,987.220970075,987.221398626,10580314,-9999,271394.2,15.41,-1,-0.434098394,0.966385508,0,0.579831305,32,0.387755102,0.816326531,N4 O19,de-protonated,0,-9999,C49 H40 O19 N4,49,40,19,4,-9999,-9999,-9999,-9999
450,988.003292,988.003757491,988.004011065,10466359,-9999,210301,15.22,-1,-0.256652892,0.98811899,0,0.592871394,37,0.533333333,0.444444444,N1 P1 O24,de-protonated,0,-9999,C45 H20 O24 N1 P1,45,20,24,1,1,-9999,-9999,-9999
451,989.038603,989.03906904,989.039668298,13989879,-9999,310680.7,20.97,-1,-0.605898929,0.46777894,0.649019222,0.540275053,40,0.42,0.46,P1 O21,de-protonated,0,-9999,C50 H23 O21 P1,50,23,21,-9999,1,-9999,-9999,-9999
451,989.038603,989.03906904,989.03901685,13989879,-9999,310680.7,20.97,-1,0.052769004,0.499747436,0.68763467,0.57490233,31,0.547619048,0.642857143,N2 S1 P1 O23,de-protonated,0,-9999,C42 H27 O23 N2 P1 S1,42,27,23,2,1,1,-9999,-9999
451,989.038603,989.03906904,989.038365401,13989879,-9999,310680.7,20.97,-1,0.711437805,0.912251902,0,0.547351141,22,0.735294118,0.911764706,N4 S2 P1 O25,de-protonated,0,-9999,C34 H31 O25 N4 P1 S2,34,31,25,4,1,2,-9999,-9999
452,989.136987,989.137453093,989.136939988,17725520,-9999,266703.1,27.07,-1,0.518739163,0.476173371,0.667769153,0.552811684,28,0.456521739,0.847826087,S1 P1 O21,de-protonated,0,-9999,C46 H39 O21 P1 S1,46,39,21,-9999,1,1,-9999,-9999
452,989.136987,989.137453093,989.137788142,17725520,-9999,266703.1,27.07,-1,-0.338728442,0.489698173,0.677556332,0.564841437,29,0.568181818,0.772727273,N2 O25,de-protonated,0,-9999,C44 H34 O25 N2,44,34,25,2,-9999,-9999,-9999,-9999
452,989.136987,989.137453093,989.138277399,17725520,-9999,266703.1,27.07,-1,-0.833358157,0.440801455,0.662980834,0.529673207,33,0.361702128,0.744680851,N4 S1 P1 O17,de-protonated,0,-9999,C47 H35 O17 N4 P1 S1,47,35,17,4,1,1,-9999,-9999
453,989.77581,989.776276432,989.775620694,11467419,-9999,329699.2,16.85,-1,0.662511525,0.461723564,0.569119254,0.50468184,20,0.042857143,1.457142857,O3,de-protonated,0,-9999,C70 H102 O3,70,102,3,-9999,-9999,-9999,-9999,-9999
453,989.77581,989.776276432,989.776623015,11467419,-9999,329699.2,16.85,-1,-0.350163699,0.488998703,0.606448844,0.53597876,6,0.1,1.85,S1 P1 O6,de-protonated,0,-9999,C60 H111 O6 P1 S1,60,111,6,-9999,1,1,-9999,-9999
454,993.569415,993.569883445,993.570849702,9553875,-9999,233026.1,13.72,-1,-0.972509019,0.421154052,0.590944388,0.489070187,24,0.109375,1.28125,S1 O7,de-protonated,0,-9999,C64 H82 O7 S1,64,82,7,-9999,-9999,1,-9999,-9999
454,993.569415,993.569883445,993.570469579,9553875,-9999,233026.1,13.72,-1,-0.589927046,0.469402885,0.583485697,0.51503601,29,0.060606061,1.196969697,N2 P1 O4,de-protonated,0,-9999,C66 H79 O4 N2 P1,66,79,4,2,1,-9999,-9999,-9999
454,993.569415,993.569883445,993.570198253,9553875,-9999,233026.1,13.72,-1,-0.316845184,0.981949113,0,0.589169468,15,0.160714286,1.535714286,N2 S2 O9,de-protonated,0,-9999,C56 H86 O9 N2 S2,56,86,9,2,-9999,2,-9999,-9999
454,993.569415,993.569883445,993.569328873,9553875,-9999,233026.1,13.72,-1,0.55816129,0.945038838,0,0.567023303,16,0.254545455,1.490909091,N2 O14,de-protonated,0,-9999,C55 H82 O14 N2,55,82,14,2,-9999,-9999,-9999,-9999
454,993.569415,993.569883445,993.570331195,9553875,-9999,233026.1,13.72,-1,-0.450647174,0.963821545,0,0.578292927,2,0.377777778,2.022222222,N2 S1 P1 O17,de-protonated,0,-9999,C45 H91 O17 N2 P1 S1,45,91,17,2,1,1,-9999,-9999
454,993.569415,993.569883445,993.569818131,9553875,-9999,233026.1,13.72,-1,0.065737291,0.999216197,0,0.599529718,20,0.103448276,1.431034483,N4 S1 P1 O6,de-protonated,0,-9999,C58 H83 O6 N4 P1 S1,58,83,6,4,1,1,-9999,-9999
455,994.490532,994.491000934,994.490825732,8915693,-9999,375798.8,12.68,-1,0.17617285,0.497192114,0.587191358,0.533191812,30,0.061538462,1.123076923,N1 S2 O4,de-protonated,0,-9999,C65 H73 O4 N1 S2,65,73,4,1,-9999,2,-9999,-9999
455,994.490532,994.491000934,994.490958674,8915693,-9999,375798.8,12.68,-1,0.042494658,0.999672394,0,0.599803437,17,0.222222222,1.444444444,N1 S1 P1 O12,de-protonated,0,-9999,C54 H78 O12 N1 P1 S1,54,78,12,1,1,1,-9999,-9999
455,994.490532,994.491000934,994.490445609,8915693,-9999,375798.8,12.68,-1,0.558401346,0.472496438,0.579826515,0.515428469,35,0.014925373,1.044776119,N3 S1 P1 O1,de-protonated,0,-9999,C67 H70 O1 N3 P1 S1,67,70,1,3,1,1,-9999,-9999
455,994.490532,994.491000934,994.490307225,8915693,-9999,375798.8,12.68,-1,0.697552533,0.915496061,0,0.549297636,8,0.304347826,1.782608696,N3 S2 P1 O14,de-protonated,0,-9999,C46 H82 O14 N3 P1 S2,46,82,14,3,1,2,-9999,-9999
455,994.490532,994.491000934,994.491806827,8915693,-9999,375798.8,12.68,-1,-0.810356216,0.887671786,0,0.532603072,18,0.307692308,1.403846154,N3 O16,de-protonated,0,-9999,C52 H73 O16 N3,52,73,16,3,-9999,-9999,-9999,-9999
456,996.139573,996.14004281,996.140251721,98668640,-9999,191086.3,159.23,-1,-0.209721088,0.248012779,0.574517348,0.378614607,30,0.354166667,0.833333333,N1 S2 P1 O17,de-protonated,0,-9999,C48 H40 O17 N1 P1 S2,48,40,17,1,1,2,-9999,-9999
456,996.139573,996.14004281,996.139382341,98668640,-9999,191086.3,159.23,-1,0.66302795,0.307777478,0.611697646,0.429345545,31,0.468085106,0.765957447,N1 P1 O22,de-protonated,0,-9999,C47 H36 O22 N1 P1,47,36,22,1,1,-9999,-9999,-9999
457,996.936551,996.937021233,996.936220918,13341425,-9999,235960.5,19.9,-1,0.802774606,0.444821921,0.598596236,0.506331647,0,0.080645161,2.048387097,N1 S1 O5,de-protonated,0,-9999,C62 H127 O5 N1 S1,62,127,5,1,-9999,1,-9999,-9999
457,996.936551,996.937021233,996.936663235,13341425,-9999,235960.5,19.9,-1,0.359097589,0.976873607,0,0.586124164,36,0.6,0.35,N4 S2 O24,de-protonated,0,-9999,C40 H14 O24 N4 S2,40,14,24,4,-9999,2,-9999,-9999
458,997.112979,997.113449326,997.113882068,15700866,-9999,182581.4,23.76,-1,-0.433994265,0.483200679,0.662980834,0.555112741,31,0.489361702,0.723404255,S1 O23,de-protonated,0,-9999,C47 H34 O23 S1,47,34,23,-9999,-9999,1,-9999,-9999
458,997.112979,997.113449326,997.114371325,15700866,-9999,182581.4,23.76,-1,-0.924667303,0.428147484,0.649019222,0.516496179,35,0.3,0.7,N2 S2 P1 O15,de-protonated,0,-9999,C50 H35 O15 N2 P1 S2,50,35,15,2,1,2,-9999,-9999
458,997.112979,997.113449326,997.113501945,15700866,-9999,182581.4,23.76,-1,-0.052771512,0.499747412,0.653607294,0.561291365,36,0.408163265,0.632653061,N2 P1 O20,de-protonated,0,-9999,C49 H31 O20 N2 P1,49,31,20,2,1,-9999,-9999,-9999
458,997.112979,997.113449326,997.113230619,15700866,-9999,182581.4,23.76,-1,0.219340158,0.495654238,0.703327172,0.578723412,22,0.641025641,0.974358974,N2 S2 O25,de-protonated,0,-9999,C39 H38 O25 N2 S2,39,38,25,2,-9999,2,-9999,-9999
458,997.112979,997.113449326,997.112717555,15700866,-9999,182581.4,23.76,-1,0.733890171,0.453448083,0.640033642,0.528082307,40,0.269230769,0.576923077,N4 S2 O14,de-protonated,0,-9999,C52 H30 O14 N4 S2,52,30,14,4,-9999,2,-9999,-9999
458,997.112979,997.113449326,997.112850497,15700866,-9999,182581.4,23.76,-1,0.60056341,0.468325627,0.692787115,0.558110222,27,0.536585366,0.853658537,N4 S1 P1 O22,de-protonated,0,-9999,C41 H35 O22 N4 P1 S1,41,35,22,4,1,1,-9999,-9999
459,997.842504,997.842974714,997.843931987,10016211,-9999,309310.7,14.47,-1,-0.959341989,0.423102366,0.614510218,0.499665507,2,0.034482759,2.051724138,N4 S2 P1 O2,de-protonated,0,-9999,C58 H119 O2 N4 P1 S2,58,119,2,4,1,2,-9999,-9999
459,997.842504,997.842974714,997.843062607,10016211,-9999,309310.7,14.47,-1,-0.088083703,0.499296589,0.618621811,0.547026678,3,0.122807018,2.01754386,N4 P1 O7,de-protonated,0,-9999,C57 H115 O7 N4 P1,57,115,7,4,1,-9999,-9999,-9999
460,999.65354,999.654011675,999.654185405,15047535,-9999,282688.2,22.69,-1,-0.173789882,0.497267354,0.587191358,0.533236956,20,0.092307692,1.415384615,S1 O6,de-protonated,0,-9999,C65 H92 O6 S1,65,92,6,-9999,-9999,1,-9999,-9999
460,999.65354,999.654011675,999.654318346,15047535,-9999,282688.2,22.69,-1,-0.30677756,0.491534197,0.631293472,0.547437907,7,0.259259259,1.796296296,P1 O14,de-protonated,0,-9999,C54 H97 O14 P1,54,97,14,-9999,1,-9999,-9999,-9999
460,999.65354,999.654011675,999.653805282,15047535,-9999,282688.2,22.69,-1,0.206464214,0.496147569,0.579826515,0.529619147,25,0.044776119,1.328358209,N2 P1 O3,de-protonated,0,-9999,C67 H89 O3 N2 P1,67,89,3,2,1,-9999,-9999,-9999
460,999.65354,999.654011675,999.653533956,15047535,-9999,282688.2,22.69,-1,0.477884468,0.479704368,0.618621811,0.535271345,11,0.140350877,1.684210526,N2 S2 O8,de-protonated,0,-9999,C57 H96 O8 N2 S2,57,96,8,2,-9999,2,-9999,-9999
460,999.65354,999.654011675,999.653153833,15047535,-9999,282688.2,22.69,-1,0.858139059,0.437461545,0.610452919,0.506658095,16,0.084745763,1.576271186,N4 S1 P1 O5,de-protonated,0,-9999,C59 H93 O5 N4 P1 S1,59,93,5,4,1,1,-9999,-9999
461,999.670094,999.670565684,999.670443868,10394492,-9999,270443.4,15.09,-1,0.121856273,0.498654652,0.610452919,0.543373959,10,0.101694915,1.711864407,S2 P1 O6,de-protonated,0,-9999,C59 H101 O6 P1 S2,59,101,6,-9999,1,2,-9999,-9999
461,999.670094,999.670565684,999.669574488,10394492,-9999,270443.4,15.09,-1,0.991523609,0.418309854,0.614510218,0.49679,11,0.189655172,1.672413793,P1 O11,de-protonated,0,-9999,C58 H97 O11 P1,58,97,11,-9999,1,-9999,-9999,-9999
461,999.670094,999.670565684,999.671292021,10394492,-9999,270443.4,15.09,-1,-0.726575887,0.454327846,0.618621811,0.520045432,11,0.175438596,1.684210526,N2 S1 O10,de-protonated,0,-9999,C57 H96 O10 N2 S1,57,96,10,2,-9999,1,-9999,-9999
461,999.670094,999.670565684,999.670911898,10394492,-9999,270443.4,15.09,-1,-0.346328508,0.48923577,0.610452919,0.537722629,16,0.118644068,1.576271186,N4 P1 O7,de-protonated,0,-9999,C59 H93 O7 N4 P1,59,93,7,4,1,-9999,-9999,-9999
461,999.670094,999.670565684,999.670640572,10394492,-9999,270443.4,15.09,-1,-0.074913049,0.998982235,0,0.599389341,2,0.244897959,2.040816327,N4 S2 O12,de-protonated,0,-9999,C49 H100 O12 N4 S2,49,100,12,4,-9999,2,-9999,-9999
461,999.670094,999.670565684,999.669771192,10394492,-9999,270443.4,15.09,-1,0.794753945,0.891714621,0,0.535028773,3,0.354166667,2,N4 O17,de-protonated,0,-9999,C48 H96 O17 N4,48,96,17,4,-9999,-9999,-9999,-9999
462,999.800471,999.800942753,999.800729764,9460705,-9999,293024.6,13.56,-1,0.213031662,0.991799218,0,0.595079531,2,0.084745763,1.983050847,S2 P1 O5,de-protonated,0,-9999,C59 H117 O5 P1 S2,59,117,5,-9999,1,2,-9999,-9999
462,999.800471,999.800942753,999.801577917,9460705,-9999,293024.6,13.56,-1,-0.635290015,0.929385659,0,0.557631395,3,0.157894737,1.964912281,N2 S1 O9,de-protonated,0,-9999,C57 H112 O9 N2 S1,57,112,9,2,-9999,1,-9999,-9999
462,999.800471,999.800942753,999.801197794,9460705,-9999,293024.6,13.56,-1,-0.255092152,0.988262202,0,0.592957321,8,0.101694915,1.847457627,N4 P1 O6,de-protonated,0,-9999,C59 H109 O6 N4 P1,59,109,6,4,1,-9999,-9999,-9999
463,1000.552875,1000.553347152,1000.553032067,8789540,-9999,373359.9,12.47,-1,0.314911454,0.491083401,0.572644131,0.523707693,31,0.014492754,1.144927536,N1 S2 O1,de-protonated,0,-9999,C69 H79 O1 N1 S2,69,79,1,1,-9999,2,-9999,-9999
463,1000.552875,1000.553347152,1000.553165008,8789540,-9999,373359.9,12.47,-1,0.18204318,0.994004884,0,0.596402931,18,0.155172414,1.448275862,N1 S1 P1 O9,de-protonated,0,-9999,C58 H84 O9 N1 P1 S1,58,84,9,1,1,1,-9999,-9999
463,1000.552875,1000.553347152,1000.55251356,8789540,-9999,373359.9,12.47,-1,0.833132243,0.881663137,0,0.528997882,9,0.22,1.76,N3 S2 P1 O11,de-protonated,0,-9999,C50 H88 O11 N3 P1 S2,50,88,11,3,1,2,-9999,-9999
463,1000.552875,1000.553347152,1000.554013162,8789540,-9999,373359.9,12.47,-1,-0.665640517,0.922751055,0,0.553650633,19,0.232142857,1.410714286,N3 O13,de-protonated,0,-9999,C56 H79 O13 N3,56,79,13,3,-9999,-9999,-9999,-9999
464,1000.58566,1000.58613217,1000.587048594,11509309,-9999,254620,16.91,-1,-0.915886947,0.429404802,0.594745702,0.495541162,21,0.047619048,1.396825397,N1 S2 P1 O3,de-protonated,0,-9999,C63 H88 O3 N1 P1 S2,63,88,3,1,1,2,-9999,-9999
464,1000.58566,1000.58613217,1000.586179214,11509309,-9999,254620,16.91,-1,-0.047017187,0.499799484,0.598596236,0.539318185,22,0.129032258,1.35483871,N1 P1 O8,de-protonated,0,-9999,C62 H84 O8 N1 P1,62,84,8,1,1,-9999,-9999,-9999
464,1000.58566,1000.58613217,1000.585907888,11509309,-9999,254620,16.91,-1,0.224150081,0.495462428,0.640033642,0.553290914,8,0.25,1.75,N1 S2 O13,de-protonated,0,-9999,C52 H91 O13 N1 S2,52,91,13,1,-9999,2,-9999,-9999
464,1000.58566,1000.58613217,1000.585394824,11509309,-9999,254620,16.91,-1,0.736914277,0.453082271,0.587191358,0.506725906,26,0.030769231,1.276923077,N3 S2 O2,de-protonated,0,-9999,C65 H83 O2 N3 S2,65,83,2,3,-9999,2,-9999,-9999
464,1000.58566,1000.58613217,1000.585527766,11509309,-9999,254620,16.91,-1,0.604050245,0.467968835,0.631293472,0.53329869,13,0.185185185,1.62962963,N3 S1 P1 O10,de-protonated,0,-9999,C54 H88 O10 N3 P1 S1,54,88,10,3,1,1,-9999,-9999
465,1000.604769,1000.60524118,1000.604806659,10051148,-9999,216258.9,14.53,-1,0.434258144,0.483180592,0.594745702,0.527806636,21,0.079365079,1.396825397,N1 S1 P1 O5,de-protonated,0,-9999,C63 H88 O5 N1 P1 S1,63,88,5,1,1,1,-9999,-9999
465,1000.604769,1000.60524118,1000.606167876,10051148,-9999,216258.9,14.53,-1,-0.92613524,0.855872944,0,0.513523766,4,0.416666667,1.895833333,N1 O20,de-protonated,0,-9999,C48 H91 O20 N1,48,91,20,1,-9999,-9999,-9999,-9999
465,1000.604769,1000.60524118,1000.605654812,10051148,-9999,216258.9,14.53,-1,-0.413382017,0.484734489,0.602496955,0.531839475,22,0.14754098399999999,1.360655738,N3 O9,de-protonated,0,-9999,C61 H83 O9 N3,61,83,9,3,-9999,-9999,-9999,-9999
466,1000.633436,1000.633908195,1000.634178236,12623458,-9999,227935.2,18.73,-1,-0.269869402,0.493436058,0.606448844,0.538641173,16,0.15,1.516666667,N1 S1 O9,de-protonated,0,-9999,C60 H91 O9 N1 S1,60,91,9,1,-9999,1,-9999,-9999
466,1000.633436,1000.633908195,1000.634311177,12623458,-9999,227935.2,18.73,-1,-0.402726823,0.485499927,0.653607294,0.552742874,3,0.346938776,1.959183673,N1 P1 O17,de-protonated,0,-9999,C49 H96 O17 N1 P1,49,96,17,1,1,-9999,-9999,-9999
466,1000.633436,1000.633908195,1000.634667493,12623458,-9999,227935.2,18.73,-1,-0.758816301,0.45039706,0.594745702,0.508136517,20,0.015873016,1.46031746,N3 S2 P1 O1,de-protonated,0,-9999,C63 H92 O1 N3 P1 S2,63,92,1,3,1,2,-9999,-9999
466,1000.633436,1000.633908195,1000.633798113,12623458,-9999,227935.2,18.73,-1,0.110012247,0.498903196,0.598596236,0.538780412,21,0.096774194,1.419354839,N3 P1 O6,de-protonated,0,-9999,C62 H88 O6 N3 P1,62,88,6,3,1,-9999,-9999,-9999
466,1000.633436,1000.633908195,1000.633526787,12623458,-9999,227935.2,18.73,-1,0.381166654,0.486991066,0.640033642,0.548208096,7,0.211538462,1.826923077,N3 S2 O11,de-protonated,0,-9999,C52 H95 O11 N3 S2,52,95,11,3,-9999,2,-9999,-9999
467,1000.654546,1000.655018206,1000.655307604,10100338,-9999,282305.6,14.61,-1,-0.289207881,0.492468999,0.618621811,0.542930124,11,0.192982456,1.666666667,N1 S1 O11,de-protonated,0,-9999,C57 H95 O11 N1 S1,57,95,11,1,-9999,1,-9999,-9999
467,1000.654546,1000.655018206,1000.655796861,10100338,-9999,282305.6,14.61,-1,-0.778144447,0.44797585,0.606448844,0.511365048,15,0.05,1.6,N3 S2 P1 O3,de-protonated,0,-9999,C60 H96 O3 N3 P1 S2,60,96,3,3,1,2,-9999,-9999
467,1000.654546,1000.655018206,1000.654927481,10100338,-9999,282305.6,14.61,-1,0.090665739,0.499254777,0.610452919,0.543734034,16,0.13559322,1.559322034,N3 P1 O8,de-protonated,0,-9999,C59 H92 O8 N3 P1,59,92,8,3,1,-9999,-9999,-9999
467,1000.654546,1000.655018206,1000.654656155,10100338,-9999,282305.6,14.61,-1,0.361814414,0.976526503,0,0.585915902,2,0.265306122,2.020408163,N3 S2 O13,de-protonated,0,-9999,C49 H99 O13 N3 S2,49,99,13,3,-9999,2,-9999,-9999
468,1000.682105,1000.682577221,1000.682448583,15965830,-9999,258980.3,24.18,-1,0.128550238,0.498503011,0.576212942,0.529586983,24,0.073529412,1.338235294,N1 O5,de-protonated,0,-9999,C68 H91 O5 N1,68,91,5,1,-9999,-9999,-9999,-9999
468,1000.682105,1000.682577221,1000.683450904,15965830,-9999,258980.3,24.18,-1,-0.873086921,0.435412237,0.614510218,0.50705143,10,0.137931034,1.724137931,N1 S1 P1 O8,de-protonated,0,-9999,C58 H100 O8 N1 P1 S1,58,100,8,1,1,1,-9999,-9999
468,1000.682105,1000.682577221,1000.681797134,15965830,-9999,258980.3,24.18,-1,0.779555149,0.447797267,0.606448844,0.511257898,15,0.116666667,1.583333333,N3 S1 O7,de-protonated,0,-9999,C60 H95 O7 N3 S1,60,95,7,3,-9999,1,-9999,-9999
468,1000.682105,1000.682577221,1000.682799456,15965830,-9999,258980.3,24.18,-1,-0.222083314,0.495545347,0.649019222,0.556934897,1,0.2,2.08,N3 S2 P1 O10,de-protonated,0,-9999,C50 H104 O10 N3 P1 S2,50,104,10,3,1,2,-9999,-9999
468,1000.682105,1000.682577221,1000.681930076,15965830,-9999,258980.3,24.18,-1,0.646703911,0.46346068,0.653607294,0.539519326,2,0.306122449,2.040816327,N3 P1 O15,de-protonated,0,-9999,C49 H100 O15 N3 P1,49,100,15,3,1,-9999,-9999,-9999
469,1002.551279,1002.551752213,1002.551057008,8709110,-9999,316651.6,12.33,-1,0.693435953,0.916447752,0,0.549868651,17,0.120689655,1.482758621,N1 S2 P1 O7,de-protonated,0,-9999,C58 H86 O7 N1 P1 S2,58,86,7,1,1,2,-9999,-9999
469,1002.551279,1002.551752213,1002.55255661,8709110,-9999,316651.6,12.33,-1,-0.802348862,0.889754162,0,0.533852497,27,0.140625,1.203125,N1 O9,de-protonated,0,-9999,C64 H77 O9 N1,64,77,9,1,-9999,-9999,-9999,-9999
469,1002.551279,1002.551752213,1002.552418226,8709110,-9999,316651.6,12.33,-1,-0.664316858,0.923045851,0,0.553827511,0,0.511627907,2.069767442,N1 S1 O22,de-protonated,0,-9999,C43 H89 O22 N1 S1,43,89,22,1,-9999,1,-9999,-9999
469,1002.551279,1002.551752213,1002.551905161,8709110,-9999,316651.6,12.33,-1,-0.152558907,0.995785828,0,0.597471497,18,0.196428571,1.446428571,N3 S1 O11,de-protonated,0,-9999,C56 H81 O11 N3 S1,56,81,11,3,-9999,1,-9999,-9999
469,1002.551279,1002.551752213,1002.552038103,8709110,-9999,316651.6,12.33,-1,-0.285162208,0.98535337,0,0.591212022,5,0.422222222,1.911111111,N3 P1 O19,de-protonated,0,-9999,C45 H86 O19 N3 P1,45,86,19,3,1,-9999,-9999,-9999
470,1002.556668,1002.557141216,1002.556930235,11101178,-9999,258977.3,16.24,-1,0.21044295,0.49599826,0.644495114,0.555397002,8,0.235294118,1.764705882,N1 S2 P1 O12,de-protonated,0,-9999,C51 H90 O12 N1 P1 S2,51,90,12,1,1,2,-9999,-9999
470,1002.556668,1002.557141216,1002.556417171,11101178,-9999,258977.3,16.24,-1,0.722199046,0.454850886,0.590944388,0.509288287,26,0.015625,1.28125,N3 S2 P1 O1,de-protonated,0,-9999,C64 H82 O1 N3 P1 S2,64,82,1,3,1,2,-9999,-9999
470,1002.556668,1002.557141216,1002.557916772,11101178,-9999,258977.3,16.24,-1,-0.773577814,0.448552216,0.569119254,0.496779031,36,0.042857143,1.042857143,N3 O3,de-protonated,0,-9999,C70 H73 O3 N3,70,73,3,3,-9999,-9999,-9999,-9999
470,1002.556668,1002.557141216,1002.557778388,11101178,-9999,258977.3,16.24,-1,-0.635546545,0.929330684,0,0.55759841,9,0.326530612,1.734693878,N3 S1 O16,de-protonated,0,-9999,C49 H85 O16 N3 S1,49,85,16,3,-9999,1,-9999,-9999
471,1003.240482,1003.240955579,1003.240617213,9577960,-9999,328540.4,13.75,-1,0.337273026,0.979571205,0,0.587742723,30,0.301886792,0.924528302,S1 P1 O16,de-protonated,0,-9999,C53 H49 O16 P1 S1,53,49,16,-9999,1,1,-9999,-9999
471,1003.240482,1003.240955579,1003.239965764,9577960,-9999,328540.4,13.75,-1,0.98661807,0.838094085,0,0.502856451,21,0.4,1.177777778,N2 S2 P1 O18,de-protonated,0,-9999,C45 H53 O18 N2 P1 S2,45,53,18,2,1,2,-9999,-9999
471,1003.240482,1003.240955579,1003.2414653660001,9577960,-9999,328540.4,13.75,-1,-0.508140053,0.95422938,0,0.572537628,31,0.392156863,0.862745098,N2 O20,de-protonated,0,-9999,C51 H44 O20 N2,51,44,20,2,-9999,-9999,-9999,-9999
471,1003.240482,1003.240955579,1003.241954623,9577960,-9999,328540.4,13.75,-1,-0.995816131,0.835325719,0,0.501195431,35,0.222222222,0.833333333,N4 S1 P1 O12,de-protonated,0,-9999,C54 H45 O12 N4 P1 S1,54,45,12,4,1,1,-9999,-9999
471,1003.240482,1003.240955579,1003.240813917,9577960,-9999,328540.4,13.75,-1,0.141203893,0.996388715,0,0.597833229,22,0.511627907,1.11627907,N4 S1 O22,de-protonated,0,-9999,C43 H48 O22 N4 S1,43,48,22,4,-9999,1,-9999,-9999
471,1003.240482,1003.240955579,1003.241816239,9577960,-9999,328540.4,13.75,-1,-0.857879005,0.874993939,0,0.524996363,8,0.757575758,1.727272727,N4 S2 P1 O25,de-protonated,0,-9999,C33 H57 O25 N4 P1 S2,33,57,25,4,1,2,-9999,-9999
472,1003.262197,1003.26267059,1003.261746581,9692663,-9999,238160.7,13.94,-1,0.921005379,0.857345738,0,0.514407443,25,0.36,1.06,S1 P1 O18,de-protonated,0,-9999,C50 H53 O18 P1 S1,50,53,18,-9999,1,1,-9999,-9999
472,1003.262197,1003.26267059,1003.263464114,9692663,-9999,238160.7,13.94,-1,-0.790942363,0.892693081,0,0.535615849,25,0.346938776,1.06122449,N2 S2 O17,de-protonated,0,-9999,C49 H52 O17 N2 S2,49,52,17,2,-9999,2,-9999,-9999
472,1003.262197,1003.26267059,1003.262594734,9692663,-9999,238160.7,13.94,-1,0.075609612,0.99896323,0,0.599377938,26,0.458333333,1,N2 O22,de-protonated,0,-9999,C48 H48 O22 N2,48,48,22,2,-9999,-9999,-9999,-9999
472,1003.262197,1003.26267059,1003.263597056,9692663,-9999,238160.7,13.94,-1,-0.923451531,0.856644147,0,0.513986488,12,0.657894737,1.5,N2 S1 P1 O25,de-protonated,0,-9999,C38 H57 O25 N2 P1 S1,38,57,25,2,1,1,-9999,-9999
472,1003.262197,1003.26267059,1003.263083991,9692663,-9999,238160.7,13.94,-1,-0.41205648,0.969661468,0,0.581796881,30,0.274509804,0.960784314,N4 S1 P1 O14,de-protonated,0,-9999,C51 H49 O14 N4 P1 S1,51,49,14,4,1,1,-9999,-9999
472,1003.262197,1003.26267059,1003.261943285,9692663,-9999,238160.7,13.94,-1,0.724940261,0.909047211,0,0.545428326,17,0.6,1.3,N4 S1 O24,de-protonated,0,-9999,C40 H52 O24 N4 S1,40,52,24,4,-9999,1,-9999,-9999
473,1003.391107,1003.391580659,1003.391899535,10561107,-9999,293706.3,15.36,-1,-0.317798547,0.490920658,0.602496955,0.535551177,30,0.14754098399999999,1.049180328,S2 O9,de-protonated,0,-9999,C61 H64 O9 S2,61,64,9,-9999,-9999,2,-9999,-9999
473,1003.391107,1003.391580659,1003.391030155,10561107,-9999,293706.3,15.36,-1,0.548642918,0.473423531,0.606448844,0.526633656,31,0.233333333,1,O14,de-protonated,0,-9999,C60 H60 O14,60,60,14,-9999,-9999,-9999,-9999,-9999
473,1003.391107,1003.391580659,1003.392032477,10561107,-9999,293706.3,15.36,-1,-0.450290816,0.963877694,0,0.578326616,17,0.34,1.38,S1 P1 O17,de-protonated,0,-9999,C50 H69 O17 P1 S1,50,69,17,-9999,1,1,-9999,-9999
473,1003.391107,1003.391580659,1003.391519413,10561107,-9999,293706.3,15.36,-1,0.061039018,0.499662097,0.594745702,0.537695539,35,0.095238095,0.968253968,N2 S1 P1 O6,de-protonated,0,-9999,C63 H61 O6 N2 P1 S1,63,61,6,2,1,1,-9999,-9999
473,1003.391107,1003.391580659,1003.391381028,10561107,-9999,293706.3,15.36,-1,0.198955728,0.992843379,0,0.595706027,8,0.452380952,1.738095238,N2 S2 P1 O19,de-protonated,0,-9999,C42 H73 O19 N2 P1 S2,42,73,19,2,1,2,-9999,-9999
473,1003.391107,1003.391580659,1003.390867964,10561107,-9999,293706.3,15.36,-1,0.710286226,0.456261474,0.627012296,0.524561803,26,0.145454545,1.181818182,N4 S2 P1 O8,de-protonated,0,-9999,C55 H65 O8 N4 P1 S2,55,65,8,4,1,2,-9999,-9999
473,1003.391107,1003.391580659,1003.392367566,10561107,-9999,293706.3,15.36,-1,-0.784246684,0.447201546,0.602496955,0.50931971,36,0.163934426,0.918032787,N4 O10,de-protonated,0,-9999,C61 H56 O10 N4,61,56,10,4,-9999,-9999,-9999,-9999
473,1003.391107,1003.391580659,1003.392229182,10561107,-9999,293706.3,15.36,-1,-0.646330207,0.927002635,0,0.556201581,9,0.575,1.7,N4 S1 O23,de-protonated,0,-9999,C40 H68 O23 N4 S1,40,68,23,4,-9999,1,-9999,-9999
474,1004.200222,1004.200696088,1004.201198209,14919824,-9999,167022.7,22.47,-1,-0.500019763,0.477823941,0.649019222,0.546302054,31,0.32,0.86,N3 S2 O16,de-protonated,0,-9999,C50 H43 O16 N3 S2,50,43,16,3,-9999,2,-9999,-9999
474,1004.200222,1004.200696088,1004.200328829,14919824,-9999,167022.7,22.47,-1,0.365723267,0.488011368,0.653607294,0.554249738,32,0.428571429,0.795918367,N3 O21,de-protonated,0,-9999,C49 H39 O21 N3,49,39,21,3,-9999,-9999,-9999,-9999
474,1004.200222,1004.200696088,1004.201331151,14919824,-9999,167022.7,22.47,-1,-0.632405231,0.465001285,0.703327172,0.56033164,18,0.615384615,1.230769231,N3 S1 P1 O24,de-protonated,0,-9999,C39 H48 O24 N3 P1 S1,39,48,24,3,1,1,-9999,-9999
475,1005.071264,1005.071738551,1005.071837807,22489836,-9999,232733.9,34.83,-1,-0.098755578,0.499115978,0.640033642,0.555483044,38,0.307692308,0.596153846,S2 P1 O16,de-protonated,0,-9999,C52 H31 O16 P1 S2,52,31,16,-9999,1,2,-9999,-9999
475,1005.071264,1005.071738551,1005.070968427,22489836,-9999,232733.9,34.83,-1,0.766237851,0.449473036,0.644495114,0.527481867,39,0.411764706,0.529411765,P1 O21,de-protonated,0,-9999,C51 H27 O21 P1,51,27,21,-9999,1,-9999,-9999,-9999
475,1005.071264,1005.071738551,1005.07268596,22489836,-9999,232733.9,34.83,-1,-0.942627965,0.425549947,0.649019222,0.514937657,39,0.4,0.52,N2 S1 O20,de-protonated,0,-9999,C50 H26 O20 N2 S1,50,26,20,2,-9999,1,-9999,-9999
475,1005.071264,1005.071738551,1005.072034512,22489836,-9999,232733.9,34.83,-1,-0.294467392,0.492194761,0.68763467,0.570370724,30,0.523809524,0.714285714,N4 S2 O22,de-protonated,0,-9999,C42 H30 O22 N4 S2,42,30,22,4,-9999,2,-9999,-9999
476,1005.120313,1005.120787577,1005.11996977,11840269,-9999,235226,17.44,-1,0.813640879,0.886813025,0,0.532087815,19,0.641025641,1.102564103,S2 P1 O25,de-protonated,0,-9999,C39 H43 O25 P1 S2,39,43,25,-9999,1,2,-9999,-9999
476,1005.120313,1005.120787577,1005.120304859,11840269,-9999,235226,17.44,-1,0.480258704,0.479506402,0.649019222,0.54731153,38,0.36,0.6,N4 S1 O18,de-protonated,0,-9999,C50 H30 O18 N4 S1,50,30,18,4,-9999,1,-9999,-9999
476,1005.120313,1005.120787577,1005.121307181,11840269,-9999,235226,17.44,-1,-0.516956332,0.95266587,0,0.571599522,24,0.525,0.975,N4 S2 P1 O21,de-protonated,0,-9999,C40 H39 O21 N4 P1 S2,40,39,21,4,1,2,-9999,-9999
477,1005.220872,1005.22134663,1005.22225075,9907025,-9999,251691.8,14.29,-1,-0.899422596,0.431739841,0.610452919,0.503225072,39,0.237288136,0.711864407,S1 O14,de-protonated,0,-9999,C59 H42 O14 S1,59,42,14,-9999,-9999,1,-9999,-9999
477,1005.220872,1005.22134663,1005.221599301,9907025,-9999,251691.8,14.29,-1,-0.251358433,0.988601342,0,0.593160805,30,0.31372549,0.901960784,N2 S2 O16,de-protonated,0,-9999,C51 H46 O16 N2 S2,51,46,16,2,-9999,2,-9999,-9999
477,1005.220872,1005.22134663,1005.220729921,9907025,-9999,251691.8,14.29,-1,0.613505995,0.933984534,0,0.560390721,31,0.42,0.84,N2 O21,de-protonated,0,-9999,C50 H42 O21 N2,50,42,21,2,-9999,-9999,-9999,-9999
477,1005.220872,1005.22134663,1005.221732243,9907025,-9999,251691.8,14.29,-1,-0.38360955,0.973652013,0,0.584191208,17,0.6,1.275,N2 S1 P1 O24,de-protonated,0,-9999,C40 H51 O24 N2 P1 S1,40,51,24,2,1,1,-9999,-9999
477,1005.220872,1005.22134663,1005.221219179,9907025,-9999,251691.8,14.29,-1,0.126789598,0.997087353,0,0.598252412,35,0.245283019,0.811320755,N4 S1 P1 O13,de-protonated,0,-9999,C53 H43 O13 N4 P1 S1,53,43,13,4,1,1,-9999,-9999
478,1006.01262,1006.01309505,1006.013791358,8793449,-9999,279000.3,12.47,-1,-0.692145623,0.9167451,0,0.55004706,40,0.395833333,0.4375,N3 S2 O19,de-protonated,0,-9999,C48 H21 O19 N3 S2,48,21,19,3,-9999,2,-9999,-9999
479,1006.030055,1006.03053006,1006.031107106,15707509,-9999,301707.2,23.76,-1,-0.573586636,0.471025007,0.569119254,0.510262706,4,0.028571429,1.914285714,O2,de-protonated,0,-9999,C70 H134 O2,70,134,2,-9999,-9999,-9999,-9999,-9999
479,1006.030055,1006.03053006,1006.03070127,15707509,-9999,301707.2,23.76,-1,-0.170184029,0.497379279,0.649019222,0.558035256,39,0.34,0.52,N1 S2 P1 O17,de-protonated,0,-9999,C50 H26 O17 N1 P1 S2,50,26,17,1,1,2,-9999,-9999
479,1006.030055,1006.03053006,1006.02983189,15707509,-9999,301707.2,23.76,-1,0.6939849,0.458160556,0.653607294,0.536339251,40,0.448979592,0.448979592,N1 P1 O22,de-protonated,0,-9999,C49 H22 O22 N1 P1,49,22,22,1,1,-9999,-9999,-9999
479,1006.030055,1006.03053006,1006.030075534,15707509,-9999,301707.2,23.76,-1,0.451800809,0.481819745,0.590944388,0.525469602,0,0.015625,2.109375,N4 P1 O1,de-protonated,0,-9999,C64 H135 O1 N4 P1,64,135,1,4,1,-9999,-9999,-9999
480,1006.033908,1006.034383062,1006.034920726,14986615,-9999,316653.5,22.58,-1,-0.534439503,0.474746849,0.672627142,0.553898966,35,0.466666667,0.555555556,N3 S2 O21,de-protonated,0,-9999,C45 H25 O21 N3 S2,45,25,21,3,-9999,2,-9999,-9999
481,1006.06138,1006.061855076,1006.062194647,21212554,-9999,258290.1,32.74,-1,-0.337525067,0.489770488,0.672627142,0.562913149,35,0.511111111,0.577777778,N3 P1 O23,de-protonated,0,-9999,C45 H26 O23 N3 P1,45,26,23,3,1,-9999,-9999,-9999
482,1007.105816,1007.106291631,1007.106963469,13398076,-9999,247062.7,19.98,-1,-0.667097676,0.461212979,0.644495114,0.534525833,37,0.333333333,0.62745098,N2 S2 O17,de-protonated,0,-9999,C51 H32 O17 N2 S2,51,32,17,2,-9999,2,-9999,-9999
482,1007.105816,1007.106291631,1007.10609409,13398076,-9999,247062.7,19.98,-1,0.196147314,0.496521648,0.649019222,0.557520678,38,0.44,0.56,N2 O22,de-protonated,0,-9999,C50 H28 O22 N2,50,28,22,2,-9999,-9999,-9999,-9999
482,1007.105816,1007.106291631,1007.107096411,13398076,-9999,247062.7,19.98,-1,-0.799101156,0.890594238,0,0.534356543,24,0.625,0.925,N2 S1 P1 O25,de-protonated,0,-9999,C40 H37 O25 N2 P1 S1,40,37,25,2,1,1,-9999,-9999
482,1007.105816,1007.106291631,1007.105442641,13398076,-9999,247062.7,19.98,-1,0.842999947,0.439510579,0.68763467,0.538760215,29,0.571428571,0.761904762,N4 S1 O24,de-protonated,0,-9999,C42 H32 O24 N4 S1,42,32,24,4,-9999,1,-9999,-9999
483,1007.820612,1007.82108801,1007.821071285,14266889,-9999,261087.9,21.4,-1,0.016594931,0.499975016,0.587191358,0.534861553,8,0.015384615,1.8,S2 P1 O1,de-protonated,0,-9999,C65 H117 O1 P1 S2,65,117,1,-9999,1,2,-9999,-9999
483,1007.820612,1007.82108801,1007.820201906,14266889,-9999,261087.9,21.4,-1,0.879228844,0.434562769,0.590944388,0.497115416,9,0.09375,1.765625,P1 O6,de-protonated,0,-9999,C64 H113 O6 P1,64,113,6,-9999,1,-9999,-9999,-9999
483,1007.820612,1007.82108801,1007.821919439,14266889,-9999,261087.9,21.4,-1,-0.824975557,0.441914712,0.594745702,0.503047108,9,0.079365079,1.777777778,N2 S1 O5,de-protonated,0,-9999,C63 H112 O5 N2 S1,63,112,5,2,-9999,1,-9999,-9999
483,1007.820612,1007.82108801,1007.821539316,14266889,-9999,261087.9,21.4,-1,-0.447803417,0.482134237,0.587191358,0.524157085,14,0.030769231,1.676923077,N4 P1 O2,de-protonated,0,-9999,C65 H109 O2 N4 P1,65,109,2,4,1,-9999,-9999,-9999
483,1007.820612,1007.82108801,1007.82126799,14266889,-9999,261087.9,21.4,-1,-0.178583023,0.497114984,0.627012296,0.549073909,0,0.127272727,2.109090909,N4 S2 O7,de-protonated,0,-9999,C55 H116 O7 N4 S2,55,116,7,4,-9999,2,-9999,-9999
483,1007.820612,1007.82108801,1007.82039861,14266889,-9999,261087.9,21.4,-1,0.684050553,0.459300047,0.631293472,0.528097417,1,0.222222222,2.074074074,N4 O12,de-protonated,0,-9999,C54 H112 O12 N4,54,112,12,4,-9999,-9999,-9999,-9999
484,1007.870708,1007.871184037,1007.871843556,16560682,-9999,263280.2,25.15,-1,-0.654368372,0.462622848,0.572644131,0.506631361,12,0.028985507,1.695652174,P1 O2,de-protonated,0,-9999,C69 H117 O2 P1,69,117,2,-9999,1,-9999,-9999,-9999
484,1007.870708,1007.871184037,1007.870189786,16560682,-9999,263280.2,25.15,-1,0.986486983,0.419066709,0.565637507,0.477695028,17,0.014084507,1.577464789,N2 O1,de-protonated,0,-9999,C71 H112 O1 N2,71,112,1,2,-9999,-9999,-9999,-9999
484,1007.870708,1007.871184037,1007.871192107,16560682,-9999,263280.2,25.15,-1,-0.008007747,0.499994182,0.602496955,0.540995291,3,0.06557377,1.983606557,N2 S1 P1 O4,de-protonated,0,-9999,C61 H121 O4 N2 P1 S1,61,121,4,2,1,1,-9999,-9999
484,1007.870708,1007.871184037,1007.872040261,16560682,-9999,263280.2,25.15,-1,-0.849536363,0.438629195,0.610452919,0.507358685,4,0.13559322,1.966101695,N4 O8,de-protonated,0,-9999,C59 H116 O8 N4,59,116,8,4,-9999,-9999,-9999,-9999
485,1007.950804,1007.951280079,1007.950487802,9531997,-9999,288620,13.67,-1,0.786028281,0.446974595,0.590944388,0.504562512,1,0.078125,2.015625,P1 O5,de-protonated,0,-9999,C64 H129 O5 P1,64,129,5,-9999,1,-9999,-9999,-9999
485,1007.950804,1007.951280079,1007.952205335,9531997,-9999,288620,13.67,-1,-0.917955679,0.429109315,0.594745702,0.49536387,1,0.063492063,2.031746032,N2 S1 O4,de-protonated,0,-9999,C63 H128 O4 N2 S1,63,128,4,2,-9999,1,-9999,-9999
485,1007.950804,1007.951280079,1007.950930119,9531997,-9999,288620,13.67,-1,0.3471995,0.978364299,0,0.58701858,37,0.571428571,0.380952381,N3 S1 P1 O24,de-protonated,0,-9999,C42 H16 O24 N3 P1 S1,42,16,24,3,1,1,-9999,-9999
485,1007.950804,1007.951280079,1007.951825212,9531997,-9999,288620,13.67,-1,-0.540832327,0.474155074,0.587191358,0.519369588,6,0.015384615,1.923076923,N4 P1 O1,de-protonated,0,-9999,C65 H125 O1 N4 P1,65,125,1,4,1,-9999,-9999,-9999
486,1008.697345,1008.697821475,1008.697267751,10859573,-9999,322977.1,15.84,-1,0.548950358,0.473394544,0.594745702,0.521935007,16,0.015873016,1.587301587,N3 S2 P1 O1,de-protonated,0,-9999,C63 H100 O1 N3 P1 S2,63,100,1,3,1,2,-9999,-9999
486,1008.697345,1008.697821475,1008.698767353,10859573,-9999,322977.1,15.84,-1,-0.937720115,0.426263124,0.572644131,0.484815527,26,0.043478261,1.31884058,N3 O3,de-protonated,0,-9999,C69 H91 O3 N3,69,91,3,3,-9999,-9999,-9999,-9999
487,1008.748462,1008.748938503,1008.748420144,9630805,-9999,163004.7,13.83,-1,0.51386308,0.476608604,0.587191358,0.520841706,15,0.076923077,1.584615385,N1 S1 O5,de-protonated,0,-9999,C65 H103 O5 N1 S1,65,103,5,1,-9999,1,-9999,-9999
487,1008.748462,1008.748938503,1008.749422466,9630805,-9999,163004.7,13.83,-1,-0.47976536,0.959095223,0,0.575457134,1,0.145454545,2.036363636,N1 S2 P1 O8,de-protonated,0,-9999,C55 H112 O8 N1 P1 S2,55,112,8,1,1,2,-9999,-9999
487,1008.748462,1008.748938503,1008.748553086,9630805,-9999,163004.7,13.83,-1,0.382074243,0.973859719,0,0.584315832,2,0.240740741,2,N1 P1 O13,de-protonated,0,-9999,C54 H108 O13 N1 P1,54,108,13,1,1,-9999,-9999,-9999
487,1008.748462,1008.748938503,1008.748040022,9630805,-9999,163004.7,13.83,-1,0.890689304,0.432966292,0.579826515,0.491710381,20,0.029850746,1.492537313,N3 P1 O2,de-protonated,0,-9999,C67 H100 O2 N3 P1,67,100,2,3,1,-9999,-9999,-9999
488,1009.716668,1009.717145017,1009.717179586,21444268,-9999,243526.8,32.93,-1,-0.034236428,0.49989367,0.602496955,0.540934984,11,0.14754098399999999,1.672131148,S1 O9,de-protonated,0,-9999,C61 H102 O9 S1,61,102,9,-9999,-9999,1,-9999,-9999
488,1009.716668,1009.717145017,1009.717668843,21444268,-9999,243526.8,32.93,-1,-0.518785078,0.476169255,0.590944388,0.522079308,15,0.015625,1.609375,N2 S2 P1 O1,de-protonated,0,-9999,C64 H103 O1 N2 P1 S2,64,103,1,2,1,2,-9999,-9999
488,1009.716668,1009.717145017,1009.716799463,21444268,-9999,243526.8,32.93,-1,0.342228049,0.48948647,0.594745702,0.531590163,16,0.095238095,1.571428571,N2 P1 O6,de-protonated,0,-9999,C63 H99 O6 N2 P1,63,99,6,2,1,-9999,-9999,-9999
488,1009.716668,1009.717145017,1009.716528137,21444268,-9999,243526.8,32.93,-1,0.610943323,0.46725823,0.635633513,0.534608343,2,0.20754717,2,N2 S2 O11,de-protonated,0,-9999,C53 H106 O11 N2 S2,53,106,11,2,-9999,2,-9999,-9999
488,1009.716668,1009.717145017,1009.716148014,21444268,-9999,243526.8,32.93,-1,0.987408286,0.418928451,0.627012296,0.502161989,7,0.145454545,1.872727273,N4 S1 P1 O8,de-protonated,0,-9999,C55 H103 O8 N4 P1 S1,55,103,8,4,1,1,-9999,-9999
489,1009.749181,1009.749658034,1009.74869419,9909951,-9999,190833.3,14.21,-1,0.954538465,0.423808742,0.610452919,0.498466413,5,0.101694915,1.881355932,S2 P1 O6,de-protonated,0,-9999,C59 H111 O6 P1 S2,59,111,6,-9999,1,2,-9999,-9999
489,1009.749181,1009.749658034,1009.750193792,9909951,-9999,190833.3,14.21,-1,-0.530584578,0.475100645,0.587191358,0.51993693,15,0.123076923,1.569230769,O8,de-protonated,0,-9999,C65 H102 O8,65,102,8,-9999,-9999,-9999,-9999,-9999
489,1009.749181,1009.749658034,1009.749542343,9909951,-9999,190833.3,14.21,-1,0.114573757,0.498810466,0.618621811,0.546735004,6,0.175438596,1.859649123,N2 S1 O10,de-protonated,0,-9999,C57 H106 O10 N2 S1,57,106,10,2,-9999,1,-9999,-9999
489,1009.749181,1009.749658034,1009.7500316000001,9909951,-9999,190833.3,14.21,-1,-0.369959435,0.487735485,0.606448844,0.535220829,10,0.033333333,1.783333333,N4 S2 P1 O2,de-protonated,0,-9999,C60 H107 O2 N4 P1 S2,60,107,2,4,1,2,-9999,-9999
489,1009.749181,1009.749658034,1009.74916222,9909951,-9999,190833.3,14.21,-1,0.491026225,0.478597329,0.610452919,0.531339565,11,0.118644068,1.745762712,N4 P1 O7,de-protonated,0,-9999,C59 H103 O7 N4 P1,59,103,7,4,1,-9999,-9999,-9999
490,1010.649265,1010.649742512,1010.649040454,21084382,-9999,310903.2,32.35,-1,0.694660442,0.458082577,0.572644131,0.503907198,26,0.043478261,1.289855072,N1 S1 O3,de-protonated,0,-9999,C69 H89 O3 N1 S1,69,89,3,1,-9999,1,-9999,-9999
490,1010.649265,1010.649742512,1010.650042775,21084382,-9999,310903.2,32.35,-1,-0.297099568,0.492055718,0.610452919,0.539414598,12,0.101694915,1.661016949,N1 S2 P1 O6,de-protonated,0,-9999,C59 H98 O6 N1 P1 S2,59,98,6,1,1,2,-9999,-9999
490,1010.649265,1010.649742512,1010.649173395,21084382,-9999,310903.2,32.35,-1,0.563119423,0.472043002,0.614510218,0.529029889,13,0.189655172,1.620689655,N1 P1 O11,de-protonated,0,-9999,C58 H94 O11 N1 P1,58,94,11,1,1,-9999,-9999,-9999
491,1012.524251,1012.524729507,1012.525021708,8912159,-9999,307345.3,12.58,-1,-0.288586098,0.985002206,0,0.591001324,20,0.206896552,1.362068966,N1 S1 O12,de-protonated,0,-9999,C58 H79 O12 N1 S1,58,79,12,1,-9999,1,-9999,-9999
491,1012.524251,1012.524729507,1012.525154649,8912159,-9999,307345.3,12.58,-1,-0.419883273,0.9685165,0,0.5811099,7,0.425531915,1.787234043,N1 P1 O20,de-protonated,0,-9999,C47 H84 O20 N1 P1,47,84,20,1,1,-9999,-9999,-9999
491,1012.524251,1012.524729507,1012.524508643,8912159,-9999,307345.3,12.58,-1,0.218131613,0.49570179,0.565637507,0.523676077,38,0.014084507,1,N3 S1 O1,de-protonated,0,-9999,C71 H71 O1 N3 S1,71,71,1,3,-9999,1,-9999,-9999
491,1012.524251,1012.524729507,1012.525510965,8912159,-9999,307345.3,12.58,-1,-0.77179092,0.897554042,0,0.538532425,24,0.06557377,1.31147541,N3 S2 P1 O4,de-protonated,0,-9999,C61 H80 O4 N3 P1 S2,61,80,4,3,1,2,-9999,-9999
491,1012.524251,1012.524729507,1012.524641585,8912159,-9999,307345.3,12.58,-1,0.086834306,0.998632777,0,0.599179666,25,0.15,1.266666667,N3 P1 O9,de-protonated,0,-9999,C60 H76 O9 N3 P1,60,76,9,3,1,-9999,-9999,-9999
491,1012.524251,1012.524729507,1012.524370259,8912159,-9999,307345.3,12.58,-1,0.354804333,0.97741703,0,0.586450218,11,0.28,1.66,N3 S2 O14,de-protonated,0,-9999,C50 H83 O14 N3 S2,50,83,14,3,-9999,2,-9999,-9999
492,1014.26465,1014.265129431,1014.264843838,25608418,-9999,295897.2,39.69,-1,0.281575606,0.49285843,0.631293472,0.548232447,31,0.314814815,0.907407407,N1 S1 O17,de-protonated,0,-9999,C54 H49 O17 N1 S1,54,49,17,1,-9999,1,-9999,-9999
492,1014.26465,1014.265129431,1014.26584616,25608418,-9999,295897.2,39.69,-1,-0.706648424,0.456688407,0.677556332,0.545035577,17,0.454545455,1.318181818,N1 S2 P1 O20,de-protonated,0,-9999,C44 H58 O20 N1 P1 S2,44,58,20,1,1,2,-9999,-9999
492,1014.26465,1014.265129431,1014.26497678,25608418,-9999,295897.2,39.69,-1,0.150503578,0.497949191,0.6825583,0.571792834,18,0.581395349,1.255813953,N1 P1 O25,de-protonated,0,-9999,C43 H54 O25 N1 P1,43,54,25,1,1,-9999,-9999,-9999
492,1014.26465,1014.265129431,1014.265333096,25608418,-9999,295897.2,39.69,-1,-0.200800624,0.496355263,0.618621811,0.545261882,35,0.157894737,0.877192982,N3 S2 P1 O9,de-protonated,0,-9999,C57 H50 O9 N3 P1 S2,57,50,9,3,1,2,-9999,-9999
492,1014.26465,1014.265129431,1014.264463716,25608418,-9999,295897.2,39.69,-1,0.656352246,0.462404624,0.622788794,0.526558292,36,0.25,0.821428571,N3 P1 O14,de-protonated,0,-9999,C56 H46 O14 N3 P1,56,46,14,3,1,-9999,-9999,-9999
492,1014.26465,1014.265129431,1014.26419239,25608418,-9999,295897.2,39.69,-1,0.923862762,0.428263037,0.667769153,0.524065483,22,0.413043478,1.152173913,N3 S2 O19,de-protonated,0,-9999,C46 H53 O19 N3 S2,46,53,19,3,-9999,2,-9999,-9999
493,1014.315416,1014.315895458,1014.316485489,9322750,-9999,276852.3,13.25,-1,-0.581703504,0.940448473,0,0.564269084,34,0.220338983,0.898305085,N1 S1 O13,de-protonated,0,-9999,C59 H53 O13 N1 S1,59,53,13,1,-9999,1,-9999,-9999
493,1014.315416,1014.315895458,1014.316618431,9322750,-9999,276852.3,13.25,-1,-0.712768746,0.911938194,0,0.547162916,21,0.4375,1.208333333,N1 P1 O21,de-protonated,0,-9999,C48 H58 O21 N1 P1,48,58,21,1,1,-9999,-9999,-9999
493,1014.315416,1014.315895458,1014.316105367,9322750,-9999,276852.3,13.25,-1,-0.206946269,0.496129628,0.602496955,0.538676559,39,0.163934426,0.819672131,N3 P1 O10,de-protonated,0,-9999,C61 H50 O10 N3 P1,61,50,10,3,1,-9999,-9999,-9999
493,1014.315416,1014.315895458,1014.31583404,9322750,-9999,276852.3,13.25,-1,0.060550396,0.999334967,0,0.59960098,25,0.294117647,1.117647059,N3 S2 O15,de-protonated,0,-9999,C51 H57 O15 N3 S2,51,57,15,3,-9999,2,-9999,-9999
493,1014.315416,1014.315895458,1014.314964661,9322750,-9999,276852.3,13.25,-1,0.917660814,0.858302921,0,0.514981753,26,0.4,1.06,N3 O20,de-protonated,0,-9999,C50 H53 O20 N3,50,53,20,3,-9999,-9999,-9999,-9999
493,1014.315416,1014.315895458,1014.315966982,9322750,-9999,276852.3,13.25,-1,-0.070515013,0.999098177,0,0.599458906,12,0.575,1.55,N3 S1 P1 O23,de-protonated,0,-9999,C40 H62 O23 N3 P1 S1,40,62,23,3,1,1,-9999,-9999
494,1014.337015,1014.337494469,1014.337614857,13975817,-9999,214929.8,20.8,-1,-0.11868637,0.498723648,0.622788794,0.548349706,29,0.267857143,1.017857143,N1 S1 O15,de-protonated,0,-9999,C56 H57 O15 N1 S1,56,57,15,1,-9999,1,-9999,-9999
494,1014.337015,1014.337494469,1014.337747799,13975817,-9999,214929.8,20.8,-1,-0.249748942,0.494373014,0.672627142,0.565674665,16,0.511111111,1.377777778,N1 P1 O23,de-protonated,0,-9999,C45 H62 O23 N1 P1,45,62,23,1,1,-9999,-9999,-9999
494,1014.337015,1014.337494469,1014.338104115,13975817,-9999,214929.8,20.8,-1,-0.6010278,0.468278211,0.610452919,0.525148094,33,0.118644068,0.983050847,N3 S2 P1 O7,de-protonated,0,-9999,C59 H58 O7 N3 P1 S2,59,58,7,3,1,2,-9999,-9999
494,1014.337015,1014.337494469,1014.337234735,13975817,-9999,214929.8,20.8,-1,0.256063232,0.494086598,0.614510218,0.542256046,34,0.206896552,0.931034483,N3 P1 O12,de-protonated,0,-9999,C58 H54 O12 N3 P1,58,54,12,3,1,-9999,-9999,-9999
494,1014.337015,1014.337494469,1014.336963408,13975817,-9999,214929.8,20.8,-1,0.52355445,0.475739927,0.658260696,0.548748235,20,0.354166667,1.270833333,N3 S2 O17,de-protonated,0,-9999,C48 H61 O17 N3 S2,48,61,17,3,-9999,2,-9999,-9999
494,1014.337015,1014.337494469,1014.33709635,13975817,-9999,214929.8,20.8,-1,0.39249171,0.972434923,0,0.583460954,7,0.675675676,1.783783784,N3 S1 P1 O25,de-protonated,0,-9999,C37 H66 O25 N3 P1 S1,37,66,25,3,1,1,-9999,-9999
495,1014.386679,1014.387158495,1014.386754584,8618276,-9999,197561.7,12.1,-1,0.398182569,0.971641303,0,0.582984782,36,0.092307692,0.938461538,N1 S2 O6,de-protonated,0,-9999,C65 H61 O6 N1 S2,65,61,6,1,-9999,2,-9999,-9999
495,1014.386679,1014.387158495,1014.386887526,8618276,-9999,197561.7,12.1,-1,0.267126278,0.987135925,0,0.592281555,23,0.259259259,1.222222222,N1 S1 P1 O14,de-protonated,0,-9999,C54 H66 O14 N1 P1 S1,54,66,14,1,1,1,-9999,-9999
495,1014.386679,1014.387158495,1014.386236077,8618276,-9999,197561.7,12.1,-1,0.909336149,0.860674832,0,0.516404899,14,0.347826087,1.52173913,N3 S2 P1 O16,de-protonated,0,-9999,C46 H70 O16 N3 P1 S2,46,70,16,3,1,2,-9999,-9999
495,1014.386679,1014.387158495,1014.387735679,8618276,-9999,197561.7,12.1,-1,-0.568997195,0.942946786,0,0.565768071,24,0.346153846,1.173076923,N3 O18,de-protonated,0,-9999,C52 H61 O18 N3,52,61,18,3,-9999,-9999,-9999,-9999
496,1015.225526,1015.226005941,1015.22522813,15287011,-9999,238881.1,22.93,-1,0.766146138,0.449484498,0.602496955,0.510689481,40,0.180327869,0.721311475,S2 O11,de-protonated,0,-9999,C61 H44 O11 S2,61,44,11,-9999,-9999,2,-9999,-9999
496,1015.225526,1015.226005941,1015.225361072,15287011,-9999,238881.1,22.93,-1,0.635198039,0.464702683,0.649019222,0.538429298,27,0.38,0.98,S1 P1 O19,de-protonated,0,-9999,C50 H49 O19 P1 S1,50,49,19,-9999,1,1,-9999,-9999
496,1015.225526,1015.226005941,1015.226209225,15287011,-9999,238881.1,22.93,-1,-0.200235189,0.496375686,0.658260696,0.56112969,28,0.479166667,0.916666667,N2 O23,de-protonated,0,-9999,C48 H44 O23 N2,48,44,23,2,-9999,-9999,-9999,-9999
496,1015.225526,1015.226005941,1015.226698482,15287011,-9999,238881.1,22.93,-1,-0.682154402,0.459515991,0.644495114,0.53350764,32,0.294117647,0.882352941,N4 S1 P1 O15,de-protonated,0,-9999,C51 H45 O15 N4 P1 S1,51,45,15,4,1,1,-9999,-9999
496,1015.225526,1015.226005941,1015.225557776,15287011,-9999,238881.1,22.93,-1,0.441443445,0.482629256,0.698017357,0.568784496,19,0.625,1.2,N4 S1 O25,de-protonated,0,-9999,C40 H48 O25 N4 S1,40,48,25,4,-9999,1,-9999,-9999
497,1015.274069,1015.274548967,1015.274500799,13239036,-9999,203258.6,19.61,-1,0.047443067,0.499795835,0.610452919,0.544058669,34,0.169491525,0.898305085,S2 P1 O10,de-protonated,0,-9999,C59 H53 O10 P1 S2,59,53,10,-9999,1,2,-9999,-9999
497,1015.274069,1015.274548967,1015.273631419,13239036,-9999,203258.6,19.61,-1,0.903744151,0.43112982,0.614510218,0.504481979,35,0.25862069,0.844827586,P1 O15,de-protonated,0,-9999,C58 H49 O15 P1,58,49,15,-9999,1,-9999,-9999,-9999
497,1015.274069,1015.274548967,1015.275348952,13239036,-9999,203258.6,19.61,-1,-0.787949235,0.446729445,0.618621811,0.515486391,35,0.245614035,0.842105263,N2 S1 O14,de-protonated,0,-9999,C57 H48 O14 N2 S1,57,48,14,2,-9999,1,-9999,-9999
497,1015.274069,1015.274548967,1015.275481894,13239036,-9999,203258.6,19.61,-1,-0.918890667,0.428975615,0.667769153,0.52449303,22,0.47826087,1.152173913,N2 P1 O22,de-protonated,0,-9999,C46 H53 O22 N2 P1,46,53,22,2,1,-9999,-9999,-9999
497,1015.274069,1015.274548967,1015.274968829,13239036,-9999,203258.6,19.61,-1,-0.413546012,0.484722561,0.610452919,0.535014704,40,0.186440678,0.762711864,N4 P1 O11,de-protonated,0,-9999,C59 H45 O11 N4 P1,59,45,11,4,1,-9999,-9999,-9999
497,1015.274069,1015.274548967,1015.274697503,13239036,-9999,203258.6,19.61,-1,-0.146302035,0.498061876,0.653607294,0.560280043,26,0.326530612,1.06122449,N4 S2 O16,de-protonated,0,-9999,C49 H52 O16 N4 S2,49,52,16,4,-9999,2,-9999,-9999
497,1015.274069,1015.274548967,1015.273828123,13239036,-9999,203258.6,19.61,-1,0.709998717,0.456295281,0.658260696,0.537081447,27,0.4375,1,N4 O21,de-protonated,0,-9999,C48 H48 O21 N4,48,48,21,4,-9999,-9999,-9999,-9999
497,1015.274069,1015.274548967,1015.274830445,13239036,-9999,203258.6,19.61,-1,-0.277243635,0.986149929,0,0.591689958,13,0.631578947,1.5,N4 S1 P1 O24,de-protonated,0,-9999,C38 H57 O24 N4 P1 S1,38,57,24,4,1,1,-9999,-9999
498,1015.278142,1015.278621969,1015.279371704,17580798,-9999,304460.5,26.65,-1,-0.738452187,0.452895774,0.598596236,0.511175959,39,0.193548387,0.774193548,S1 O12,de-protonated,0,-9999,C62 H48 O12 S1,62,48,12,-9999,-9999,1,-9999,-9999
498,1015.278142,1015.278621969,1015.279504646,17580798,-9999,304460.5,26.65,-1,-0.869393106,0.435921042,0.644495114,0.519350671,26,0.392156863,1.039215686,P1 O20,de-protonated,0,-9999,C51 H53 O20 P1,51,53,20,-9999,1,-9999,-9999,-9999
498,1015.278142,1015.278621969,1015.27923332,17580798,-9999,304460.5,26.65,-1,-0.602150445,0.468163455,0.692787115,0.558012919,12,0.609756098,1.463414634,S2 O25,de-protonated,0,-9999,C41 H60 O25 S2,41,60,25,-9999,-9999,2,-9999,-9999
498,1015.278142,1015.278621969,1015.278720255,17580798,-9999,304460.5,26.65,-1,-0.096807498,0.499150482,0.631293472,0.552007678,30,0.259259259,0.962962963,N2 S2 O14,de-protonated,0,-9999,C54 H52 O14 N2 S2,54,52,14,2,-9999,2,-9999,-9999
498,1015.278142,1015.278621969,1015.277850875,17580798,-9999,304460.5,26.65,-1,0.759489904,0.450313486,0.635633513,0.524441497,31,0.358490566,0.905660377,N2 O19,de-protonated,0,-9999,C53 H48 O19 N2,53,48,19,2,-9999,-9999,-9999,-9999
498,1015.278142,1015.278621969,1015.278853197,17580798,-9999,304460.5,26.65,-1,-0.227748585,0.495316257,0.6825583,0.570213074,17,0.511627907,1.325581395,N2 S1 P1 O22,de-protonated,0,-9999,C43 H57 O22 N2 P1 S1,43,57,22,2,1,1,-9999,-9999
498,1015.278142,1015.278621969,1015.278340133,17580798,-9999,304460.5,26.65,-1,0.277594741,0.493057536,0.622788794,0.544950039,35,0.196428571,0.875,N4 S1 P1 O11,de-protonated,0,-9999,C56 H49 O11 N4 P1 S1,56,49,11,4,1,1,-9999,-9999
498,1015.278142,1015.278621969,1015.278201748,17580798,-9999,304460.5,26.65,-1,0.413896759,0.484697036,0.725399619,0.580978069,8,0.685714286,1.742857143,N4 S2 P1 O24,de-protonated,0,-9999,C35 H61 O24 N4 P1 S2,35,61,24,4,1,2,-9999,-9999
499,1015.345498,1015.345978004,1015.346402438,9143074,-9999,240263.6,12.95,-1,-0.418018105,0.968791184,0,0.58127471,33,0.216666667,0.95,P1 O13,de-protonated,0,-9999,C60 H57 O13 P1,60,57,13,-9999,1,-9999,-9999,-9999
499,1015.345498,1015.345978004,1015.346131111,9143074,-9999,240263.6,12.95,-1,-0.150792931,0.995882627,0,0.597529576,19,0.36,1.28,S2 O18,de-protonated,0,-9999,C50 H64 O18 S2,50,64,18,-9999,-9999,2,-9999,-9999
499,1015.345498,1015.345978004,1015.345261732,9143074,-9999,240263.6,12.95,-1,0.705447574,0.913657889,0,0.548194734,20,0.469387755,1.224489796,O23,de-protonated,0,-9999,C49 H60 O23,49,60,23,-9999,-9999,-9999,-9999,-9999
499,1015.345498,1015.345978004,1015.345618047,9143074,-9999,240263.6,12.95,-1,0.35451695,0.488726592,0.594745702,0.531134236,37,0.111111111,0.888888889,N2 S2 O7,de-protonated,0,-9999,C63 H56 O7 N2 S2,63,56,7,2,-9999,2,-9999,-9999
499,1015.345498,1015.345978004,1015.345750989,9143074,-9999,240263.6,12.95,-1,0.22358443,0.990970395,0,0.594582237,24,0.288461538,1.173076923,N2 S1 P1 O15,de-protonated,0,-9999,C52 H61 O15 N2 P1 S1,52,61,15,2,1,1,-9999,-9999
499,1015.345498,1015.345978004,1015.34509954,9143074,-9999,240263.6,12.95,-1,0.865187789,0.872996792,0,0.523798075,15,0.386363636,1.477272727,N4 S2 P1 O17,de-protonated,0,-9999,C44 H65 O17 N4 P1 S2,44,65,17,4,1,2,-9999,-9999
499,1015.345498,1015.345978004,1015.346599142,9143074,-9999,240263.6,12.95,-1,-0.611749396,0.934349353,0,0.560609612,25,0.38,1.12,N4 O19,de-protonated,0,-9999,C50 H56 O19 N4,50,56,19,4,-9999,-9999,-9999,-9999
500,1016.237304,1016.237784478,1016.238235167,26035440,-9999,195865.9,40.38,-1,-0.443487528,0.482470875,0.606448844,0.532062063,40,0.216666667,0.716666667,N1 S1 O13,de-protonated,0,-9999,C60 H43 O13 N1 S1,60,43,13,1,-9999,1,-9999,-9999
500,1016.237304,1016.237784478,1016.238368109,26035440,-9999,195865.9,40.38,-1,-0.574304938,0.470954542,0.653607294,0.544015643,27,0.428571429,0.979591837,N1 P1 O21,de-protonated,0,-9999,C49 H48 O21 N1 P1,49,48,21,1,1,-9999,-9999,-9999
500,1016.237304,1016.237784478,1016.237583718,26035440,-9999,195865.9,40.38,-1,0.197551931,0.496471829,0.640033642,0.553896554,31,0.288461538,0.903846154,N3 S2 O15,de-protonated,0,-9999,C52 H47 O15 N3 S2,52,47,15,3,-9999,2,-9999,-9999
500,1016.237304,1016.237784478,1016.23771666,26035440,-9999,195865.9,40.38,-1,0.066734354,0.499596125,0.692787115,0.576872521,18,0.56097561,1.268292683,N3 S1 P1 O23,de-protonated,0,-9999,C41 H52 O23 N3 P1 S1,41,52,23,3,1,1,-9999,-9999
501,1016.307916,1016.308396515,1016.308637204,14304532,-9999,295915.1,21.33,-1,-0.236826168,0.494937381,0.627012296,0.547767347,29,0.254545455,1.018181818,N1 S1 P1 O14,de-protonated,0,-9999,C55 H56 O14 N1 P1 S1,55,56,14,1,1,1,-9999,-9999
501,1016.307916,1016.308396515,1016.307496498,14304532,-9999,295915.1,21.33,-1,0.885576022,0.433680416,0.677556332,0.531230782,16,0.545454545,1.340909091,N1 S1 O24,de-protonated,0,-9999,C44 H59 O24 N1 S1,44,59,24,1,-9999,1,-9999,-9999
501,1016.307916,1016.308396515,1016.307985755,14304532,-9999,295915.1,21.33,-1,0.404169017,0.485397423,0.662980834,0.556430787,20,0.340425532,1.276595745,N3 S2 P1 O16,de-protonated,0,-9999,C47 H60 O16 N3 P1 S2,47,60,16,3,1,2,-9999,-9999
502,1016.995773,1016.99625388,1016.995449872,21546608,-9999,200629.7,33.09,-1,0.790572216,0.446393954,0.583485697,0.501230651,2,0.075757576,1.984848485,N1 O5,de-protonated,0,-9999,C66 H131 O5 N1,66,131,5,1,-9999,-9999,-9999,-9999
502,1016.995773,1016.99625388,1016.99589219,21546608,-9999,200629.7,33.09,-1,0.35564629,0.488655475,0.677556332,0.564215818,38,0.545454545,0.409090909,N4 S1 O24,de-protonated,0,-9999,C44 H18 O24 N4 S1,44,18,24,4,-9999,1,-9999,-9999
503,1017.047455,1017.047935908,1017.047091523,26429066,-9999,196603.7,41.02,-1,0.830232097,0.294145067,0.485764205,0.370792722,5,0.014084507,1.901408451,N1 O1,de-protonated,0,-9999,C71 H135 O1 N1,71,135,1,1,-9999,-9999,-9999,-9999
503,1017.047455,1017.047935908,1017.048536162,26429066,-9999,196603.7,41.02,-1,-0.590192079,0.469376246,0.703327172,0.562956617,27,0.58974359,0.794871795,N4 S2 P1 O23,de-protonated,0,-9999,C39 H31 O23 N4 P1 S2,39,31,23,4,1,2,-9999,-9999
504,1017.16949,1017.169970973,1017.170609099,23217862,-9999,245670,35.81,-1,-0.627354375,0.465538454,0.627012296,0.530127991,37,0.327272727,0.690909091,S1 O18,de-protonated,0,-9999,C55 H38 O18 S1,55,38,18,-9999,-9999,1,-9999,-9999
504,1017.16949,1017.169970973,1017.16995765,23217862,-9999,245670,35.81,-1,0.013097367,0.499984437,0.662980834,0.565182996,28,0.425531915,0.893617021,N2 S2 O20,de-protonated,0,-9999,C47 H42 O20 N2 S2,47,42,20,2,-9999,2,-9999,-9999
504,1017.16949,1017.169970973,1017.169088271,23217862,-9999,245670,35.81,-1,0.867802736,0.436139625,0.667769153,0.528791436,29,0.543478261,0.826086957,N2 O25,de-protonated,0,-9999,C46 H38 O25 N2,46,38,25,2,-9999,-9999,-9999,-9999
504,1017.16949,1017.169970973,1017.169577528,23217862,-9999,245670,35.81,-1,0.386803515,0.486608694,0.653607294,0.553408134,33,0.346938776,0.795918367,N4 S1 P1 O17,de-protonated,0,-9999,C49 H39 O17 N4 P1 S1,49,39,17,4,1,1,-9999,-9999
505,1017.908031,1017.908512365,1017.907563816,10307635,-9999,174836.4,14.84,-1,0.931861145,0.427111189,0.587191358,0.491143256,3,0.046153846,1.938461538,S2 O3,de-protonated,0,-9999,C65 H126 O3 S2,65,126,3,-9999,-9999,2,-9999,-9999
505,1017.908031,1017.908512365,1017.908031847,10307635,-9999,174836.4,14.84,-1,0.472064119,0.480185866,0.587191358,0.522988063,9,0.061538462,1.815384615,N4 O4,de-protonated,0,-9999,C65 H118 O4 N4,65,118,4,4,-9999,-9999,-9999,-9999
506,1019.028818,1019.02929996,1019.028832288,20433484,-9999,229108.3,31.28,-1,0.45893838,0.481251774,0.677556332,0.559773597,31,0.568181818,0.636363636,S2 O25,de-protonated,0,-9999,C44 H28 O25 S2,44,28,25,-9999,-9999,2,-9999,-9999
506,1019.028818,1019.02929996,1019.029727381,20433484,-9999,229108.3,31.28,-1,-0.419439725,0.484290963,0.579826515,0.522505184,0,0.029850746,2.044776119,N1 S1 O2,de-protonated,0,-9999,C67 H137 O2 N1 S1,67,137,2,1,-9999,1,-9999,-9999
506,1019.028818,1019.02929996,1019.028452166,20433484,-9999,229108.3,31.28,-1,0.831962994,0.440987326,0.667769153,0.531700057,36,0.47826087,0.543478261,N2 S1 P1 O22,de-protonated,0,-9999,C46 H25 O22 N2 P1 S1,46,25,22,2,1,1,-9999,-9999
506,1019.028818,1019.02929996,1019.030169699,20433484,-9999,229108.3,31.28,-1,-0.853496888,0.438092705,0.672627142,0.53190648,36,0.466666667,0.533333333,N4 S2 O21,de-protonated,0,-9999,C45 H24 O21 N4 S2,45,24,21,4,-9999,2,-9999,-9999
507,1019.080557,1019.081038987,1019.080473939,11373157,-9999,219687.2,16.57,-1,0.554468739,0.9457436,0,0.56744616,34,0.428571429,0.653061224,S2 O21,de-protonated,0,-9999,C49 H32 O21 S2,49,32,21,-9999,-9999,2,-9999,-9999
507,1019.080557,1019.081038987,1019.080093816,11373157,-9999,219687.2,16.57,-1,0.927474486,0.427743758,0.644495114,0.5144443,39,0.352941176,0.568627451,N2 S1 P1 O18,de-protonated,0,-9999,C51 H29 O18 N2 P1 S1,51,29,18,2,1,1,-9999,-9999
507,1019.080557,1019.081038987,1019.081811349,11373157,-9999,219687.2,16.57,-1,-0.757900147,0.450510634,0.649019222,0.529914069,39,0.34,0.56,N4 S2 O17,de-protonated,0,-9999,C50 H28 O17 N4 S2,50,28,17,4,-9999,2,-9999,-9999
507,1019.080557,1019.081038987,1019.080941969,11373157,-9999,219687.2,16.57,-1,0.095201089,0.998356837,0,0.599014102,40,0.448979592,0.489795918,N4 O22,de-protonated,0,-9999,C49 H24 O22 N4,49,24,22,4,-9999,-9999,-9999,-9999
507,1019.080557,1019.081038987,1019.081944291,11373157,-9999,219687.2,16.57,-1,-0.888352492,0.866586033,0,0.51995162,26,0.641025641,0.846153846,N4 S1 P1 O25,de-protonated,0,-9999,C39 H33 O25 N4 P1 S1,39,33,25,4,1,1,-9999,-9999
508,1020.914718,1020.915200961,1020.91509155,13053359,-9999,161721.7,19.3,-1,0.107169706,0.498959085,0.579826515,0.531306057,7,0.044776119,1.835820896,N1 S1 O3,de-protonated,0,-9999,C67 H123 O3 N1 S1,67,123,3,1,-9999,1,-9999,-9999
509,1020.983186,1020.983668997,1020.984491265,9850317,-9999,397078.9,14.1,-1,-0.805367636,0.444485481,0.562198102,0.491570529,10,0.013888889,1.763888889,N1 O1,de-protonated,0,-9999,C72 H127 O1 N1,72,127,1,1,-9999,-9999,-9999,-9999
509,1020.983186,1020.983668997,1020.983839816,9850317,-9999,397078.9,14.1,-1,-0.167308413,0.497466873,0.590944388,0.534857879,1,0.046875,2.046875,N3 S1 O3,de-protonated,0,-9999,C64 H131 O3 N3 S1,64,131,3,3,-9999,1,-9999,-9999
510,1020.987109,1020.987591999,1020.986967475,12045775,-9999,308370.1,17.66,-1,0.611686443,0.934362411,0,0.560617447,36,0.52173913,0.47826087,S2 O24,de-protonated,0,-9999,C46 H22 O24 S2,46,22,24,-9999,-9999,2,-9999,-9999
510,1020.987109,1020.987591999,1020.987862568,12045775,-9999,308370.1,17.66,-1,-0.265007169,0.493668962,0.572644131,0.525259029,5,0.014492754,1.898550725,N1 S1 O1,de-protonated,0,-9999,C69 H131 O1 N1 S1,69,131,1,1,-9999,1,-9999,-9999
511,1021.679943,1021.680426367,1021.680794076,36425472,-9999,242840.8,57.25,-1,-0.359906389,0.325590178,0.533665548,0.408820326,13,0.163934426,1.606557377,S1 O10,de-protonated,0,-9999,C61 H98 O10 S1,61,98,10,-9999,-9999,1,-9999,-9999
511,1021.679943,1021.680426367,1021.680927018,36425472,-9999,242840.8,57.25,-1,-0.490026937,0.478682471,0.649019222,0.546817172,0,0.36,2.06,P1 O18,de-protonated,0,-9999,C50 H103 O18 P1,50,103,18,-9999,1,-9999,-9999,-9999
511,1021.679943,1021.680426367,1021.681283334,36425472,-9999,242840.8,57.25,-1,-0.838780948,0.293384529,0.51866191,0.383495482,17,0.03125,1.546875,N2 S2 P1 O2,de-protonated,0,-9999,C64 H99 O2 N2 P1 S2,64,99,2,2,1,2,-9999,-9999
511,1021.679943,1021.680426367,1021.680413954,36425472,-9999,242840.8,57.25,-1,0.012149665,0.333324405,0.523600568,0.40943487,18,0.111111111,1.507936508,N2 P1 O7,de-protonated,0,-9999,C63 H95 O7 N2 P1,63,95,7,2,1,-9999,-9999,-9999
511,1021.679943,1021.680426367,1021.680142628,36425472,-9999,242840.8,57.25,-1,0.277718263,0.493051399,0.635633513,0.550084245,4,0.226415094,1.924528302,N2 S2 O12,de-protonated,0,-9999,C53 H102 O12 N2 S2,53,102,12,2,-9999,2,-9999,-9999
511,1021.679943,1021.680426367,1021.679629563,36425472,-9999,242840.8,57.25,-1,0.779895636,0.298502751,0.508967985,0.382688845,22,0.015151515,1.424242424,N4 S2 O1,de-protonated,0,-9999,C66 H94 O1 N4 S2,66,94,1,4,-9999,2,-9999,-9999
511,1021.679943,1021.680426367,1021.679762505,36425472,-9999,242840.8,57.25,-1,0.649774792,0.308750663,0.565425266,0.411420504,9,0.163636364,1.8,N4 S1 P1 O9,de-protonated,0,-9999,C55 H99 O9 N4 P1 S1,55,99,9,4,1,1,-9999,-9999
512,1021.886067,1021.886550476,1021.887493621,26333018,-9999,318618.7,40.86,-1,-0.922943403,0.285596664,0.49029038,0.36747415,12,0.028571429,1.7,P1 O2,de-protonated,0,-9999,C70 H119 O2 P1,70,119,2,-9999,1,-9999,-9999,-9999
512,1021.886067,1021.886550476,1021.88583985,26333018,-9999,318618.7,40.86,-1,0.695406406,0.305330931,0.481293734,0.375716052,17,0.013888889,1.583333333,N2 O1,de-protonated,0,-9999,C72 H114 O1 N2,72,114,1,2,-9999,-9999,-9999,-9999
512,1021.886067,1021.886550476,1021.886842172,26333018,-9999,318618.7,40.86,-1,-0.285448084,0.492662103,0.598596236,0.535035756,3,0.064516129,1.983870968,N2 S1 P1 O4,de-protonated,0,-9999,C62 H123 O4 N2 P1 S1,62,123,4,2,1,1,-9999,-9999
513,1021.890864,1021.891347479,1021.890864924,33148764,-9999,306085.1,51.93,-1,0.472217653,0.32011549,0.504211037,0.393753709,7,0.029850746,1.835820896,S1 P1 O2,de-protonated,0,-9999,C67 H123 O2 P1 S1,67,123,2,-9999,1,1,-9999,-9999
513,1021.890864,1021.891347479,1021.891713077,33148764,-9999,306085.1,51.93,-1,-0.357766151,0.325680934,0.513784664,0.400922426,8,0.092307692,1.815384615,N2 O6,de-protonated,0,-9999,C65 H118 O6 N2,65,118,6,2,-9999,-9999,-9999,-9999
514,1022.603969,1022.604452857,1022.604412736,13275278,-9999,181711.4,19.66,-1,0.039234638,0.499860362,0.572644131,0.52897387,28,0.028985507,1.246376812,N1 S1 P1 O2,de-protonated,0,-9999,C69 H86 O2 N1 P1 S1,69,86,2,1,1,1,-9999,-9999
514,1022.603969,1022.604452857,1022.604274351,13275278,-9999,181711.4,19.66,-1,0.174560139,0.497243145,0.658260696,0.561650165,1,0.3125,2.041666667,N1 S2 P1 O15,de-protonated,0,-9999,C48 H98 O15 N1 P1 S2,48,98,15,1,1,2,-9999,-9999
514,1022.603969,1022.604452857,1022.603761287,13275278,-9999,181711.4,19.66,-1,0.67628364,0.460181422,0.602496955,0.517107635,19,0.06557377,1.475409836,N3 S2 P1 O4,de-protonated,0,-9999,C61 H90 O4 N3 P1 S2,61,90,4,3,1,2,-9999,-9999
514,1022.603969,1022.604452857,1022.605260889,13275278,-9999,181711.4,19.66,-1,-0.790169665,0.446445498,0.579826515,0.499797905,29,0.089552239,1.208955224,N3 O6,de-protonated,0,-9999,C67 H81 O6 N3,67,81,6,3,-9999,-9999,-9999,-9999
514,1022.603969,1022.604452857,1022.605122505,13275278,-9999,181711.4,19.66,-1,-0.654844388,0.462570538,0.667769153,0.544649984,2,0.413043478,2.02173913,N3 S1 O19,de-protonated,0,-9999,C46 H93 O19 N3 S1,46,93,19,3,-9999,1,-9999,-9999
515,1022.653705,1022.654188884,1022.65491368,55693476,-9999,285670.9,88.53,-1,-0.708740246,0.304295419,0.523600568,0.392017479,18,0.126984127,1.476190476,N1 S1 O8,de-protonated,0,-9999,C63 H93 O8 N1 S1,63,93,8,1,-9999,1,-9999,-9999
515,1022.653705,1022.654188884,1022.655046622,55693476,-9999,285670.9,88.53,-1,-0.838736804,0.293388472,0.582230334,0.408925217,5,0.307692308,1.884615385,N1 P1 O16,de-protonated,0,-9999,C52 H98 O16 N1 P1,52,98,16,1,1,-9999,-9999,-9999
515,1022.653705,1022.654188884,1022.654533558,55693476,-9999,285670.9,88.53,-1,-0.33703872,0.326533096,0.513784664,0.401433723,23,0.076923077,1.384615385,N3 P1 O5,de-protonated,0,-9999,C65 H90 O5 N3 P1,65,90,5,3,1,-9999,-9999,-9999
515,1022.653705,1022.654188884,1022.654262232,55693476,-9999,285670.9,88.53,-1,-0.07172318,0.333022342,0.565425266,0.425983511,9,0.181818182,1.763636364,N3 S2 O10,de-protonated,0,-9999,C55 H97 O10 N3 S2,55,97,10,3,-9999,2,-9999,-9999
515,1022.653705,1022.654188884,1022.653392852,55693476,-9999,285670.9,88.53,-1,0.778398488,0.29862914,0.570956251,0.407559984,10,0.277777778,1.722222222,N3 O15,de-protonated,0,-9999,C54 H93 O15 N3,54,93,15,3,-9999,-9999,-9999,-9999
516,1022.658027,1022.658510886,1022.65855631,12767396,-9999,344739.9,18.83,-1,-0.044417446,0.499821041,0.569119254,0.527540326,27,0.042857143,1.285714286,N1 P1 O3,de-protonated,0,-9999,C70 H90 O3 N1 P1,70,90,3,1,1,-9999,-9999,-9999
516,1022.658027,1022.658510886,1022.658284984,12767396,-9999,344739.9,18.83,-1,0.220897129,0.495592597,0.606448844,0.539935096,13,0.133333333,1.616666667,N1 S2 O8,de-protonated,0,-9999,C60 H97 O8 N1 S2,60,97,8,1,-9999,2,-9999,-9999
516,1022.658027,1022.658510886,1022.658417926,12767396,-9999,344739.9,18.83,-1,0.090900879,0.499250909,0.653607294,0.560993463,0,0.326530612,2.0816326530000002,N1 S1 P1 O16,de-protonated,0,-9999,C49 H102 O16 N1 P1 S1,49,102,16,1,1,1,-9999,-9999
516,1022.658027,1022.658510886,1022.657904861,12767396,-9999,344739.9,18.83,-1,0.592597775,0.46913397,0.598596236,0.520918877,18,0.080645161,1.516129032,N3 S1 P1 O5,de-protonated,0,-9999,C62 H94 O5 N3 P1 S1,62,94,5,3,1,1,-9999,-9999
516,1022.658027,1022.658510886,1022.659266079,12767396,-9999,344739.9,18.83,-1,-0.738459667,0.452894866,0.662980834,0.536929253,1,0.425531915,2.063829787,N3 O20,de-protonated,0,-9999,C47 H97 O20 N3,47,97,20,3,-9999,-9999,-9999,-9999
517,1022.827739,1022.828222976,1022.828599019,9605356,-9999,268190.8,13.7,-1,-0.367649649,0.487886286,0.576212942,0.523216948,13,0.014705882,1.676470588,N1 S1 P1 O1,de-protonated,0,-9999,C68 H114 O1 N1 P1 S1,68,114,1,1,1,1,-9999,-9999
517,1022.827739,1022.828222976,1022.827458313,9605356,-9999,268190.8,13.7,-1,0.7475977,0.903560606,0,0.542136364,0,0.192982456,2.052631579,N1 S1 O11,de-protonated,0,-9999,C57 H117 O11 N1 S1,57,117,11,1,-9999,1,-9999,-9999
517,1022.827739,1022.828222976,1022.82794757,9605356,-9999,268190.8,13.7,-1,0.269259464,0.493465501,0.606448844,0.538658838,4,0.05,1.966666667,N3 S2 P1 O3,de-protonated,0,-9999,C60 H118 O3 N3 P1 S2,60,118,3,3,1,2,-9999,-9999
518,1023.576804,1023.577288374,1023.576543481,10703396,-9999,251000.1,15.48,-1,0.727735484,0.454188844,0.598596236,0.511951801,19,0.096774194,1.435483871,S2 P1 O6,de-protonated,0,-9999,C62 H89 O6 P1 S2,62,89,6,-9999,1,2,-9999,-9999
518,1023.576804,1023.577288374,1023.578043083,10703396,-9999,251000.1,15.48,-1,-0.737324216,0.45303259,0.576212942,0.50230473,29,0.117647059,1.176470588,O8,de-protonated,0,-9999,C68 H80 O8,68,80,8,-9999,-9999,-9999,-9999,-9999
518,1023.576804,1023.577288374,1023.577904698,10703396,-9999,251000.1,15.48,-1,-0.602127542,0.936331596,0,0.561798958,2,0.446808511,1.957446809,S1 O21,de-protonated,0,-9999,C47 H92 O21 S1,47,92,21,-9999,-9999,1,-9999,-9999
518,1023.576804,1023.577288374,1023.577391634,10703396,-9999,251000.1,15.48,-1,-0.100881672,0.49907754,0.606448844,0.542026062,20,0.166666667,1.4,N2 S1 O10,de-protonated,0,-9999,C60 H84 O10 N2 S1,60,84,10,2,-9999,1,-9999,-9999
518,1023.576804,1023.577288374,1023.577524576,10703396,-9999,251000.1,15.48,-1,-0.230761152,0.990384259,0,0.594230555,7,0.367346939,1.816326531,N2 P1 O18,de-protonated,0,-9999,C49 H89 O18 N2 P1,49,89,18,2,1,-9999,-9999,-9999
518,1023.576804,1023.577288374,1023.577880891,10703396,-9999,251000.1,15.48,-1,-0.578869043,0.470504994,0.594745702,0.520201277,24,0.031746032,1.349206349,N4 S2 P1 O2,de-protonated,0,-9999,C63 H85 O2 N4 P1 S2,63,85,2,4,1,2,-9999,-9999
518,1023.576804,1023.577288374,1023.577011511,10703396,-9999,251000.1,15.48,-1,0.270485092,0.493406272,0.598596236,0.535482258,25,0.112903226,1.306451613,N4 P1 O7,de-protonated,0,-9999,C62 H81 O7 N4 P1,62,81,7,4,1,-9999,-9999,-9999
518,1023.576804,1023.577288374,1023.576740185,10703396,-9999,251000.1,15.48,-1,0.535561683,0.949286852,0,0.569572111,11,0.230769231,1.692307692,N4 S2 O12,de-protonated,0,-9999,C52 H88 O12 N4 S2,52,88,12,4,-9999,2,-9999,-9999
519,1023.734804,1023.735288458,1023.736200953,17355364,-9999,246488.9,26.28,-1,-0.891338822,0.43287537,0.610452919,0.50390639,6,0.152542373,1.830508475,S2 O9,de-protonated,0,-9999,C59 H108 O9 S2,59,108,9,-9999,-9999,2,-9999,-9999
519,1023.734804,1023.735288458,1023.735331574,17355364,-9999,246488.9,26.28,-1,-0.042116305,0.499839101,0.614510218,0.545707548,7,0.24137931,1.793103448,O14,de-protonated,0,-9999,C58 H104 O14,58,104,14,-9999,-9999,-9999,-9999,-9999
519,1023.734804,1023.735288458,1023.734818509,17355364,-9999,246488.9,26.28,-1,0.459052767,0.481242604,0.565637507,0.515000565,25,0.042253521,1.352112676,N2 O3,de-protonated,0,-9999,C71 H96 O3 N2,71,96,3,2,-9999,-9999,-9999,-9999
519,1023.734804,1023.735288458,1023.735820831,17355364,-9999,246488.9,26.28,-1,-0.520029961,0.476057535,0.602496955,0.526633303,11,0.098360656,1.721311475,N2 S1 P1 O6,de-protonated,0,-9999,C61 H105 O6 N2 P1 S1,61,105,6,2,1,1,-9999,-9999
519,1023.734804,1023.735288458,1023.735169382,17355364,-9999,246488.9,26.28,-1,0.116314633,0.498774087,0.635633513,0.553517858,2,0.150943396,2.056603774,N4 S2 P1 O8,de-protonated,0,-9999,C53 H109 O8 N4 P1 S2,53,109,8,4,1,2,-9999,-9999
519,1023.734804,1023.735288458,1023.734300002,17355364,-9999,246488.9,26.28,-1,0.965538862,0.422187609,0.640033642,0.509326022,3,0.25,2.019230769,N4 P1 O13,de-protonated,0,-9999,C52 H105 O13 N4 P1,52,105,13,4,1,-9999,-9999,-9999
520,1024.711047,1024.711531976,1024.710591884,17290222,-9999,291518,26.18,-1,0.917422046,0.429185581,0.565637507,0.483766351,25,0.028169014,1.352112676,N1 P1 O2,de-protonated,0,-9999,C71 H96 O2 N1 P1,71,96,2,1,1,-9999,-9999,-9999
520,1024.711047,1024.711531976,1024.712309417,17290222,-9999,291518,26.18,-1,-0.758691923,0.450412485,0.569119254,0.497895193,25,0.014285714,1.357142857,N3 S1 O1,de-protonated,0,-9999,C70 H95 O1 N3 S1,70,95,1,3,-9999,1,-9999,-9999
520,1024.711047,1024.711531976,1024.712442359,17290222,-9999,291518,26.18,-1,-0.88842747,0.433282543,0.610452919,0.504150693,12,0.152542373,1.694915254,N3 P1 O9,de-protonated,0,-9999,C59 H100 O9 N3 P1,59,100,9,3,1,-9999,-9999,-9999
521,1026.585845,1026.586330971,1026.586440196,8869566,-9999,266975.9,12.5,-1,-0.106396142,0.498974042,0.565637507,0.525639428,32,0.042253521,1.14084507,N1 S1 O3,de-protonated,0,-9999,C71 H81 O3 N1 S1,71,81,3,1,-9999,1,-9999,-9999
521,1026.585845,1026.586330971,1026.586573138,8869566,-9999,266975.9,12.5,-1,-0.235894929,0.989953834,0,0.5939723,19,0.183333333,1.433333333,N1 P1 O11,de-protonated,0,-9999,C60 H86 O11 N1 P1,60,86,11,1,1,-9999,-9999,-9999
521,1026.585845,1026.586330971,1026.586301811,8869566,-9999,266975.9,12.5,-1,0.028404424,0.999853616,0,0.59991217,5,0.32,1.86,N1 S2 O16,de-protonated,0,-9999,C50 H93 O16 N1 S2,50,93,16,1,-9999,2,-9999,-9999
521,1026.585845,1026.586330971,1026.585432432,8869566,-9999,266975.9,12.5,-1,0.87527003,0.870221582,0,0.522132949,6,0.428571429,1.816326531,N1 O21,de-protonated,0,-9999,C49 H89 O21 N1,49,89,21,1,-9999,-9999,-9999,-9999
521,1026.585845,1026.586330971,1026.585788747,8869566,-9999,266975.9,12.5,-1,0.528181715,0.950640021,0,0.570384013,23,0.079365079,1.349206349,N3 S2 O5,de-protonated,0,-9999,C63 H85 O5 N3 S2,63,85,5,3,-9999,2,-9999,-9999
521,1026.585845,1026.586330971,1026.585921689,8869566,-9999,266975.9,12.5,-1,0.398682764,0.971571033,0,0.58294262,10,0.25,1.730769231,N3 S1 P1 O13,de-protonated,0,-9999,C52 H90 O13 N3 P1 S1,52,90,13,3,1,1,-9999,-9999
522,1026.641681,1026.642167001,1026.641586092,14538451,-9999,238026.8,21.71,-1,0.565834386,0.471780547,0.598596236,0.522506823,17,0.112903226,1.516129032,N1 S1 P1 O7,de-protonated,0,-9999,C62 H94 O7 N1 P1 S1,62,94,7,1,1,1,-9999,-9999
522,1026.641681,1026.642167001,1026.642947309,14538451,-9999,238026.8,21.71,-1,-0.76005812,0.450242941,0.662980834,0.535338098,0,0.468085106,2.063829787,N1 O22,de-protonated,0,-9999,C47 H97 O22 N1,47,97,22,1,-9999,-9999,-9999,-9999
522,1026.641681,1026.642167001,1026.642434245,14538451,-9999,238026.8,21.71,-1,-0.260308798,0.493890096,0.606448844,0.538913595,18,0.183333333,1.483333333,N3 O11,de-protonated,0,-9999,C60 H89 O11 N3,60,89,11,3,-9999,-9999,-9999,-9999
523,1027.339795,1027.340281371,1027.340257885,18012116,-9999,292914.9,27.35,-1,0.022861493,0.499952585,0.614510218,0.545775638,29,0.224137931,1.034482759,S2 O13,de-protonated,0,-9999,C58 H60 O13 S2,58,60,13,-9999,-9999,2,-9999,-9999
523,1027.339795,1027.340281371,1027.339388505,18012116,-9999,292914.9,27.35,-1,0.869105587,0.43596058,0.618621811,0.509025073,30,0.315789474,0.98245614,O18,de-protonated,0,-9999,C57 H56 O18,57,56,18,-9999,-9999,-9999,-9999,-9999
523,1027.339795,1027.340281371,1027.340390826,18012116,-9999,292914.9,27.35,-1,-0.10654229,0.498971224,0.662980834,0.564575068,16,0.446808511,1.382978723,S1 P1 O21,de-protonated,0,-9999,C47 H65 O21 P1 S1,47,65,21,-9999,1,1,-9999,-9999
523,1027.339795,1027.340281371,1027.339877762,18012116,-9999,292914.9,27.35,-1,0.392868087,0.486191384,0.606448844,0.534294368,34,0.166666667,0.95,N2 S1 P1 O10,de-protonated,0,-9999,C60 H57 O10 N2 P1 S1,60,57,10,2,1,1,-9999,-9999
523,1027.339795,1027.340281371,1027.339739378,18012116,-9999,292914.9,27.35,-1,0.52756986,0.475375726,0.703327172,0.566556304,7,0.58974359,1.769230769,N2 S2 P1 O23,de-protonated,0,-9999,C39 H69 O23 N2 P1 S2,39,69,23,2,1,2,-9999,-9999
523,1027.339795,1027.340281371,1027.34123898,18012116,-9999,292914.9,27.35,-1,-0.932122971,0.427073368,0.672627142,0.525294878,17,0.555555556,1.333333333,N2 O25,de-protonated,0,-9999,C45 H60 O25 N2,45,60,25,2,-9999,-9999,-9999,-9999
523,1027.339795,1027.340281371,1027.340725915,18012116,-9999,292914.9,27.35,-1,-0.432713419,0.48329802,0.614510218,0.535782899,35,0.24137931,0.896551724,N4 O14,de-protonated,0,-9999,C58 H52 O14 N4,58,52,14,4,-9999,-9999,-9999,-9999
524,1027.44495,1027.445436427,1027.446043109,11524090,-9999,346633.8,16.81,-1,-0.590476146,0.469347683,0.590944388,0.517986365,31,0.15625,1.0625,S1 O10,de-protonated,0,-9999,C64 H68 O10 S1,64,68,10,-9999,-9999,1,-9999,-9999
524,1027.44495,1027.445436427,1027.446176051,11524090,-9999,346633.8,16.81,-1,-0.719866526,0.455128579,0.635633513,0.527330553,18,0.339622642,1.377358491,P1 O18,de-protonated,0,-9999,C53 H73 O18 P1,53,73,18,-9999,1,-9999,-9999,-9999
524,1027.44495,1027.445436427,1027.445904725,11524090,-9999,346633.8,16.81,-1,-0.455788424,0.963006892,0,0.577804135,4,0.534883721,1.860465116,S2 O23,de-protonated,0,-9999,C43 H80 O23 S2,43,80,23,-9999,-9999,2,-9999,-9999
524,1027.44495,1027.445436427,1027.445662987,11524090,-9999,346633.8,16.81,-1,-0.220507875,0.495608048,0.583485697,0.530759108,36,0.106060606,0.984848485,N2 P1 O7,de-protonated,0,-9999,C66 H65 O7 N2 P1,66,65,7,2,1,-9999,-9999,-9999
524,1027.44495,1027.445436427,1027.445391661,11524090,-9999,346633.8,16.81,-1,0.043570491,0.4998278,0.622788794,0.549012198,22,0.214285714,1.285714286,N2 S2 O12,de-protonated,0,-9999,C56 H72 O12 N2 S2,56,72,12,2,-9999,2,-9999,-9999
524,1027.44495,1027.445436427,1027.444522281,11524090,-9999,346633.8,16.81,-1,0.88972801,0.433100771,0.627012296,0.510665381,23,0.309090909,1.236363636,N2 O17,de-protonated,0,-9999,C55 H68 O17 N2,55,68,17,2,-9999,-9999,-9999,-9999
524,1027.44495,1027.445436427,1027.445524602,11524090,-9999,346633.8,16.81,-1,-0.085820053,0.998664508,0,0.599198705,9,0.444444444,1.711111111,N2 S1 P1 O20,de-protonated,0,-9999,C45 H77 O20 N2 P1 S1,45,77,20,2,1,1,-9999,-9999
524,1027.44495,1027.445436427,1027.444878596,11524090,-9999,346633.8,16.81,-1,0.542929905,0.473959534,0.572644131,0.513433372,40,0.014492754,0.927536232,N4 S2 O1,de-protonated,0,-9999,C69 H64 O1 N4 S2,69,64,1,4,-9999,2,-9999,-9999
524,1027.44495,1027.445436427,1027.445011538,11524090,-9999,346633.8,16.81,-1,0.413539232,0.484723055,0.614510218,0.53663792,27,0.155172414,1.189655172,N4 S1 P1 O9,de-protonated,0,-9999,C58 H69 O9 N4 P1 S1,58,69,9,4,1,1,-9999,-9999
524,1027.44495,1027.445436427,1027.444873154,11524090,-9999,346633.8,16.81,-1,0.548227224,0.946925401,0,0.56815524,0,0.594594595,2.189189189,N4 S2 P1 O22,de-protonated,0,-9999,C37 H81 O22 N4 P1 S2,37,81,22,4,1,2,-9999,-9999
524,1027.44495,1027.445436427,1027.446372756,11524090,-9999,346633.8,16.81,-1,-0.911316273,0.860112011,0,0.516067206,10,0.558139535,1.674418605,N4 O24,de-protonated,0,-9999,C43 H72 O24 N4,43,72,24,4,-9999,-9999,-9999,-9999
525,1028.32513,1028.325616894,1028.326395269,48879924,-9999,249466.6,77.46,-1,-0.756933089,0.300420267,0.55996373,0.404237652,30,0.285714286,1,N1 P1 O16,de-protonated,0,-9999,C56 H56 O16 N1 P1,56,56,16,1,1,-9999,-9999,-9999
525,1028.32513,1028.325616894,1028.326123942,48879924,-9999,249466.6,77.46,-1,-0.49308104,0.478421755,0.667769153,0.554160714,16,0.456521739,1.369565217,N1 S2 O21,de-protonated,0,-9999,C46 H63 O21 N1 S2,46,63,21,1,-9999,2,-9999,-9999
525,1028.32513,1028.325616894,1028.325610878,48879924,-9999,249466.6,77.46,-1,0.005850419,0.333331263,0.543986559,0.417593382,34,0.169491525,0.93220339,N3 S2 O10,de-protonated,0,-9999,C59 H55 O10 N3 S2,59,55,10,3,-9999,2,-9999,-9999
525,1028.32513,1028.325616894,1028.324741498,48879924,-9999,249466.6,77.46,-1,0.851283617,0.292261827,0.549245293,0.395055213,35,0.25862069,0.879310345,N3 O15,de-protonated,0,-9999,C58 H51 O15 N3,58,51,15,3,-9999,-9999,-9999,-9999
525,1028.32513,1028.325616894,1028.32574382,48879924,-9999,249466.6,77.46,-1,-0.123429366,0.33241316,0.605653763,0.441709402,21,0.375,1.25,N3 S1 P1 O18,de-protonated,0,-9999,C48 H60 O18 N3 P1 S1,48,60,18,3,1,1,-9999,-9999
526,1028.37731,1028.377796922,1028.378036919,17226054,-9999,283259.3,26.07,-1,-0.233374506,0.495083155,0.602496955,0.538048675,33,0.196721311,0.983606557,N1 P1 O12,de-protonated,0,-9999,C61 H60 O12 N1 P1,61,60,12,1,1,-9999,-9999,-9999
526,1028.37731,1028.377796922,1028.377765593,17226054,-9999,283259.3,26.07,-1,0.030464431,0.499915807,0.644495114,0.55774753,19,0.333333333,1.31372549,N1 S2 O17,de-protonated,0,-9999,C51 H67 O17 N1 S2,51,67,17,1,-9999,2,-9999,-9999
526,1028.37731,1028.377796922,1028.376896213,17226054,-9999,283259.3,26.07,-1,0.875854774,0.435029957,0.649019222,0.520625663,20,0.44,1.26,N1 O22,de-protonated,0,-9999,C50 H63 O22 N1,50,63,22,1,-9999,-9999,-9999,-9999
526,1028.37731,1028.377796922,1028.377898535,17226054,-9999,283259.3,26.07,-1,-0.0988088,0.499115026,0.698017357,0.578675958,6,0.625,1.8,N1 S1 P1 O25,de-protonated,0,-9999,C40 H72 O25 N1 P1 S1,40,72,25,1,1,1,-9999,-9999
526,1028.37731,1028.377796922,1028.377252529,17226054,-9999,283259.3,26.07,-1,0.529371096,0.47521154,0.590944388,0.521504679,37,0.09375,0.921875,N3 S2 O6,de-protonated,0,-9999,C64 H59 O6 N3 S2,64,59,6,3,-9999,2,-9999,-9999
526,1028.37731,1028.377796922,1028.37738547,17226054,-9999,283259.3,26.07,-1,0.400097736,0.4856859,0.635633513,0.545664946,24,0.264150943,1.20754717,N3 S1 P1 O14,de-protonated,0,-9999,C53 H64 O14 N3 P1 S1,53,64,14,3,1,1,-9999,-9999
527,1028.555279,1028.555766016,1028.556321836,13867397,-9999,225801.9,20.62,-1,-0.540388509,0.474196361,0.610452919,0.528698984,19,0.203389831,1.406779661,N1 S1 O12,de-protonated,0,-9999,C59 H83 O12 N1 S1,59,83,12,1,-9999,1,-9999,-9999
527,1028.555279,1028.555766016,1028.556454778,13867397,-9999,225801.9,20.62,-1,-0.669639225,0.460928751,0.658260696,0.539861529,6,0.416666667,1.833333333,N1 P1 O20,de-protonated,0,-9999,C48 H88 O20 N1 P1,48,88,20,1,1,-9999,-9999,-9999
527,1028.555279,1028.555766016,1028.555808772,13867397,-9999,225801.9,20.62,-1,-0.041568739,0.499843257,0.562198102,0.524785195,37,0.013888889,1.041666667,N3 S1 O1,de-protonated,0,-9999,C72 H75 O1 N3 S1,72,75,1,3,-9999,1,-9999,-9999
527,1028.555279,1028.555766016,1028.555941714,13867397,-9999,225801.9,20.62,-1,-0.170819583,0.49735972,0.602496955,0.539414614,24,0.14754098399999999,1.31147541,N3 P1 O9,de-protonated,0,-9999,C61 H80 O9 N3 P1,61,80,9,3,1,-9999,-9999,-9999
527,1028.555279,1028.555766016,1028.555670388,13867397,-9999,225801.9,20.62,-1,0.092973735,0.499216383,0.644495114,0.557327875,10,0.274509804,1.705882353,N3 S2 O14,de-protonated,0,-9999,C51 H87 O14 N3 S2,51,87,14,3,-9999,2,-9999,-9999
527,1028.555279,1028.555766016,1028.554801008,13867397,-9999,225801.9,20.62,-1,0.938217907,0.426190904,0.649019222,0.515322231,11,0.38,1.66,N3 O19,de-protonated,0,-9999,C50 H83 O19 N3,50,83,19,3,-9999,-9999,-9999,-9999
528,1029.489808,1029.490295512,1029.489836475,9673413,-9999,241472.3,13.81,-1,0.445888566,0.482283968,0.587191358,0.524246924,29,0.107692308,1.153846154,S1 P1 O7,de-protonated,0,-9999,C65 H75 O7 P1 S1,65,75,7,-9999,1,1,-9999,-9999
528,1029.489808,1029.490295512,1029.48969809,9673413,-9999,241472.3,13.81,-1,0.580309039,0.940725021,0,0.564435013,2,0.454545455,1.977272727,S2 P1 O20,de-protonated,0,-9999,C44 H87 O20 P1 S2,44,87,20,-9999,1,2,-9999,-9999
528,1029.489808,1029.490295512,1029.491197692,9673413,-9999,241472.3,13.81,-1,-0.87633549,0.869926948,0,0.521956169,12,0.44,1.56,O22,de-protonated,0,-9999,C50 H78 O22,50,78,22,-9999,-9999,-9999,-9999,-9999
528,1029.489808,1029.490295512,1029.490684628,9673413,-9999,241472.3,13.81,-1,-0.377968863,0.487205622,0.594745702,0.530221654,30,0.174603175,1.111111111,N2 O11,de-protonated,0,-9999,C63 H70 O11 N2,63,70,11,2,-9999,-9999,-9999,-9999
528,1029.489808,1029.490295512,1029.490546243,9673413,-9999,241472.3,13.81,-1,-0.243548612,0.989294915,0,0.593576949,3,0.571428571,1.952380952,N2 S1 O24,de-protonated,0,-9999,C42 H82 O24 N2 S1,42,82,24,2,-9999,1,-9999,-9999
528,1029.489808,1029.490295512,1029.491173885,9673413,-9999,241472.3,13.81,-1,-0.853210591,0.438131549,0.583485697,0.496273208,34,0.045454545,1.075757576,N4 S1 P1 O3,de-protonated,0,-9999,C66 H71 O3 N4 P1 S1,66,71,3,4,1,1,-9999,-9999
528,1029.489808,1029.490295512,1029.490033179,9673413,-9999,241472.3,13.81,-1,0.254818647,0.988287211,0,0.592972326,21,0.236363636,1.345454545,N4 S1 O13,de-protonated,0,-9999,C55 H74 O13 N4 S1,55,74,13,4,-9999,1,-9999,-9999
528,1029.489808,1029.490295512,1029.491035501,9673413,-9999,241472.3,13.81,-1,-0.718790468,0.910512883,0,0.54630773,7,0.355555556,1.844444444,N4 S2 P1 O16,de-protonated,0,-9999,C45 H83 O16 N4 P1 S2,45,83,16,4,1,2,-9999,-9999
528,1029.489808,1029.490295512,1029.490166121,9673413,-9999,241472.3,13.81,-1,0.125685054,0.997137808,0,0.598282685,8,0.477272727,1.795454545,N4 P1 O21,de-protonated,0,-9999,C44 H79 O21 N4 P1,44,79,21,4,1,-9999,-9999,-9999
529,1031.237817,1031.23830544,1031.2379008140001,16030978,-9999,200459.1,24.13,-1,0.392369384,0.486225932,0.602496955,0.532734341,40,0.229508197,0.721311475,S1 O14,de-protonated,0,-9999,C61 H44 O14 S1,61,44,14,-9999,-9999,1,-9999,-9999
529,1031.237817,1031.23830544,1031.238903136,16030978,-9999,200459.1,24.13,-1,-0.579589674,0.470433728,0.644495114,0.540058283,26,0.333333333,1.039215686,S2 P1 O17,de-protonated,0,-9999,C51 H53 O17 P1 S2,51,53,17,-9999,1,2,-9999,-9999
529,1031.237817,1031.23830544,1031.238033756,16030978,-9999,200459.1,24.13,-1,0.263454645,0.49374246,0.649019222,0.555853165,27,0.44,0.98,P1 O22,de-protonated,0,-9999,C50 H49 O22 P1,50,49,22,-9999,1,-9999,-9999,-9999
529,1031.237817,1031.23830544,1031.237382307,16030978,-9999,200459.1,24.13,-1,0.895170352,0.432338061,0.68763467,0.534456704,18,0.571428571,1.261904762,N2 S1 P1 O24,de-protonated,0,-9999,C42 H53 O24 N2 P1 S1,42,53,24,2,1,1,-9999,-9999
529,1031.237817,1031.23830544,1031.23909984,16030978,-9999,200459.1,24.13,-1,-0.770335327,0.448959845,0.692787115,0.546490753,18,0.56097561,1.268292683,N4 S2 O23,de-protonated,0,-9999,C41 H52 O23 N4 S2,41,52,23,4,-9999,2,-9999,-9999
530,1032.175724,1032.176212938,1032.176637231,8904231,-9999,315317.7,12.56,-1,-0.411065642,0.969804974,0,0.581882985,32,0.307692308,0.846153846,N1 S2 P1 O16,de-protonated,0,-9999,C52 H44 O16 N1 P1 S2,52,44,16,1,1,2,-9999,-9999
530,1032.175724,1032.176212938,1032.175767851,8904231,-9999,315317.7,12.56,-1,0.431212911,0.966823427,0,0.580094056,33,0.411764706,0.784313725,N1 P1 O21,de-protonated,0,-9999,C51 H40 O21 N1 P1,51,40,21,1,1,-9999,-9999,-9999
531,1033.114468,1033.114957437,1033.114371325,11132738,-9999,322340.2,16.17,-1,0.567324563,0.471636018,0.635633513,0.537235016,38,0.283018868,0.660377358,N2 S2 P1 O15,de-protonated,0,-9999,C53 H35 O15 N2 P1 S2,53,35,15,2,1,2,-9999,-9999
531,1033.114468,1033.114957437,1033.115219479,11132738,-9999,322340.2,16.17,-1,-0.253642581,0.494197224,0.644495114,0.55431638,39,0.37254902,0.588235294,N4 S1 O19,de-protonated,0,-9999,C51 H30 O19 N4 S1,51,30,19,4,-9999,1,-9999,-9999
532,1034.005752,1034.00624191,1034.006336996,16769093,-9999,336279.5,25.32,-1,-0.091959448,0.499233374,0.68763467,0.574593893,32,0.547619048,0.619047619,N3 S2 P1 O23,de-protonated,0,-9999,C42 H26 O23 N3 P1 S2,42,26,23,3,1,2,-9999,-9999
533,1034.009431,1034.009920912,1034.010765584,8675398,-9999,482522.9,12.18,-1,-0.816889308,0.442980572,0.579826515,0.497718949,1,0.089552239,2,O6,de-protonated,0,-9999,C67 H134 O6,67,134,6,-9999,-9999,-9999,-9999,-9999
533,1034.009431,1034.009920912,1034.010359748,8675398,-9999,482522.9,12.18,-1,-0.424402613,0.967846191,0,0.580707715,36,0.446808511,0.553191489,N1 S2 P1 O21,de-protonated,0,-9999,C47 H26 O21 N1 P1 S2,47,26,21,1,1,2,-9999,-9999
534,1034.344687,1034.34517709,1034.346071541,23912614,-9999,160158.9,36.92,-1,-0.864750593,0.436558302,0.622788794,0.511050499,27,0.25,1.089285714,N1 S2 O14,de-protonated,0,-9999,C56 H61 O14 N1 S2,56,61,14,1,-9999,2,-9999,-9999
534,1034.344687,1034.34517709,1034.345202161,23912614,-9999,160158.9,36.92,-1,-0.024239015,0.4999467,0.627012296,0.550772938,28,0.345454545,1.036363636,N1 O19,de-protonated,0,-9999,C55 H57 O19 N1,55,57,19,1,-9999,-9999,-9999,-9999
534,1034.344687,1034.34517709,1034.346204483,23912614,-9999,160158.9,36.92,-1,-0.993277787,0.418045671,0.672627142,0.519878259,14,0.488888889,1.466666667,N1 S1 P1 O22,de-protonated,0,-9999,C45 H66 O22 N1 P1 S1,45,66,22,1,1,1,-9999,-9999
534,1034.344687,1034.34517709,1034.345691418,23912614,-9999,160158.9,36.92,-1,-0.497250449,0.478063447,0.614510218,0.532642155,32,0.189655172,1,N3 S1 P1 O11,de-protonated,0,-9999,C58 H58 O11 N3 P1 S1,58,58,11,3,1,1,-9999,-9999
534,1034.344687,1034.34517709,1034.344550712,23912614,-9999,160158.9,36.92,-1,0.605578838,0.467811855,0.662980834,0.545879447,19,0.446808511,1.29787234,N3 S1 O21,de-protonated,0,-9999,C47 H61 O21 N3 S1,47,61,21,3,-9999,1,-9999,-9999
534,1034.344687,1034.34517709,1034.345553034,23912614,-9999,160158.9,36.92,-1,-0.363461155,0.488157451,0.714192896,0.578571629,5,0.648648649,1.891891892,N3 S2 P1 O24,de-protonated,0,-9999,C37 H70 O24 N3 P1 S2,37,70,24,3,1,2,-9999,-9999
535,1035.947424,1035.94791494,1035.947771403,37216860,-9999,276826.4,58.52,-1,0.138556591,0.332174207,0.481293734,0.391822018,11,0.041666667,1.722222222,O3,de-protonated,0,-9999,C72 H124 O3,72,124,3,-9999,-9999,-9999,-9999,-9999
535,1035.947424,1035.94791494,1035.947119954,37216860,-9999,276826.4,58.52,-1,0.767400243,0.29955178,0.51866191,0.387195832,2,0.078125,2,N2 S1 O5,de-protonated,0,-9999,C64 H128 O5 N2 S1,64,128,5,2,-9999,1,-9999,-9999
536,1036.339259,1036.339750148,1036.340592237,9036484,-9999,196019.4,12.77,-1,-0.81256011,0.887095879,0,0.532257528,31,0.203389831,1,N1 S2 O12,de-protonated,0,-9999,C59 H59 O12 N1 S2,59,59,12,1,-9999,2,-9999,-9999
536,1036.339259,1036.339750148,1036.339722857,9036484,-9999,196019.4,12.77,-1,0.026333879,0.999874178,0,0.599924507,32,0.293103448,0.948275862,N1 O17,de-protonated,0,-9999,C58 H55 O17 N1,58,55,17,1,-9999,-9999,-9999,-9999
536,1036.339259,1036.339750148,1036.340725179,9036484,-9999,196019.4,12.77,-1,-0.940839949,0.851620125,0,0.510972075,18,0.416666667,1.333333333,N1 S1 P1 O20,de-protonated,0,-9999,C48 H64 O20 N1 P1 S1,48,64,20,1,1,1,-9999,-9999
536,1036.339259,1036.339750148,1036.340212115,9036484,-9999,196019.4,12.77,-1,-0.44576723,0.964586871,0,0.578752123,36,0.14754098399999999,0.918032787,N3 S1 P1 O9,de-protonated,0,-9999,C61 H56 O9 N3 P1 S1,61,56,9,3,1,1,-9999,-9999
536,1036.339259,1036.339750148,1036.339071409,9036484,-9999,196019.4,12.77,-1,0.654939627,0.925120136,0,0.555072082,23,0.38,1.18,N3 S1 O19,de-protonated,0,-9999,C50 H59 O19 N3 S1,50,59,19,3,-9999,1,-9999,-9999
536,1036.339259,1036.339750148,1036.34007373,9036484,-9999,196019.4,12.77,-1,-0.312235417,0.982465937,0,0.589479562,9,0.55,1.7,N3 S2 P1 O22,de-protonated,0,-9999,C40 H68 O22 N3 P1 S2,40,68,22,3,1,2,-9999,-9999
537,1037.900134,1037.900625977,1037.900384236,31712336,-9999,231470.1,49.58,-1,0.232913223,0.330068318,0.523600568,0.407481218,2,0.031746032,2.015873016,N2 S2 P1 O2,de-protonated,0,-9999,C63 H127 O2 N2 P1 S2,63,127,2,2,1,2,-9999,-9999
537,1037.900134,1037.900625977,1037.901232389,31712336,-9999,231470.1,49.58,-1,-0.58426797,0.313312791,0.533665548,0.401453893,3,0.098360656,2,N4 S1 O6,de-protonated,0,-9999,C61 H122 O6 N4 S1,61,122,6,4,-9999,1,-9999,-9999
538,1038.005317,1038.005809033,1038.005680203,16966762,-9999,346626.9,25.64,-1,0.124112208,0.498604448,0.583485697,0.532556948,0,0.106060606,2.03030303,O7,de-protonated,0,-9999,C66 H134 O7,66,134,7,-9999,-9999,-9999,-9999,-9999
538,1038.005317,1038.005809033,1038.005274368,16966762,-9999,346626.9,25.64,-1,0.515088729,0.476499554,0.667769153,0.553007393,35,0.47826087,0.565217391,N1 S2 P1 O22,de-protonated,0,-9999,C46 H26 O22 N1 P1 S2,46,26,22,1,1,2,-9999,-9999
539,1038.009214,1038.009706035,1038.010145273,9167979,-9999,415282.2,12.98,-1,-0.423154134,0.968032036,0,0.580819222,40,0.489795918,0.428571429,N1 S1 O24,de-protonated,0,-9999,C49 H21 O24 N1 S1,49,21,24,1,-9999,1,-9999,-9999
539,1038.009214,1038.009706035,1038.008671384,9167979,-9999,415282.2,12.98,-1,0.996764742,0.900593558,0.757976033,0.843546548,0,0.061538462,2.076923077,N2 P1 O4,de-protonated,0,-9999,C65 H135 O4 N2 P1,65,135,4,2,1,-9999,-9999,-9999
539,1038.009214,1038.009706035,1038.010388917,9167979,-9999,415282.2,12.98,-1,-0.657876455,0.462236584,0.590944388,0.513719706,0,0.046875,2.09375,N4 S1 O3,de-protonated,0,-9999,C64 H134 O3 N4 S1,64,134,3,4,-9999,1,-9999,-9999
540,1038.059083,1038.059575061,1038.059417942,27976822,-9999,213495.3,43.52,-1,0.15135864500000001,0.49792587,0.662980834,0.563947856,34,0.489361702,0.638297872,N1 S1 P1 O23,de-protonated,0,-9999,C47 H30 O23 N1 P1 S1,47,30,23,1,1,1,-9999,-9999
540,1038.059083,1038.059575061,1038.058766493,27976822,-9999,213495.3,43.52,-1,0.778923095,0.447877311,0.703327172,0.550057255,25,0.641025641,0.871794872,N3 S2 P1 O25,de-protonated,0,-9999,C39 H34 O25 N3 P1 S2,39,34,25,3,1,2,-9999,-9999
541,1038.113598,1038.11409009,1038.114430896,10019972,-9999,215436.8,14.36,-1,-0.328293053,0.980634102,0,0.588380461,32,0.387755102,0.775510204,N1 S2 P1 O19,de-protonated,0,-9999,C49 H38 O19 N1 P1 S2,49,38,19,1,1,2,-9999,-9999
541,1038.113598,1038.11409009,1038.113561516,10019972,-9999,215436.8,14.36,-1,0.509167912,0.954048349,0,0.57242901,33,0.5,0.708333333,N1 P1 O24,de-protonated,0,-9999,C48 H34 O24 N1 P1,48,34,24,1,1,-9999,-9999,-9999
542,1038.238242,1038.238734156,1038.238843565,49734820,-9999,216964.2,78.85,-1,-0.105379348,0.332662359,0.55996373,0.423582907,33,0.232142857,0.892857143,N1 S2 P1 O13,de-protonated,0,-9999,C56 H50 O13 N1 P1 S2,56,50,13,1,1,2,-9999,-9999
542,1038.238242,1038.238734156,1038.237974185,49734820,-9999,216964.2,78.85,-1,0.73198145,0.302452233,0.565425266,0.407641446,34,0.327272727,0.836363636,N1 P1 O18,de-protonated,0,-9999,C55 H46 O18 N1 P1,55,46,18,1,1,-9999,-9999,-9999
542,1038.238242,1038.238734156,1038.237702859,49734820,-9999,216964.2,78.85,-1,0.993315013,0.418040061,0.672627142,0.519874893,20,0.511111111,1.177777778,N1 S2 O23,de-protonated,0,-9999,C45 H53 O23 N1 S2,45,53,23,1,-9999,2,-9999,-9999
542,1038.238242,1038.238734156,1038.239691718,49734820,-9999,216964.2,78.85,-1,-0.922293869,0.285658781,0.570956251,0.399777769,34,0.314814815,0.833333333,N3 S1 O17,de-protonated,0,-9999,C54 H45 O17 N3 S1,54,45,17,3,-9999,1,-9999,-9999
543,1038.243903,1038.244395159,1038.24371447,14247076,-9999,292794,21.23,-1,0.655615722,0.462485706,0.610452919,0.521672591,38,0.254237288,0.762711864,N1 S1 O15,de-protonated,0,-9999,C59 H45 O15 N1 S1,59,45,15,1,-9999,1,-9999,-9999
543,1038.243903,1038.244395159,1038.244716792,14247076,-9999,292794,21.23,-1,-0.309785056,0.491368842,0.653607294,0.556264223,24,0.367346939,1.102040816,N1 S2 P1 O18,de-protonated,0,-9999,C49 H54 O18 N1 P1 S2,49,54,18,1,1,2,-9999,-9999
543,1038.243903,1038.244395159,1038.243847412,14247076,-9999,292794,21.23,-1,0.527570834,0.475375637,0.658260696,0.548529661,25,0.479166667,1.041666667,N1 P1 O23,de-protonated,0,-9999,C48 H50 O23 N1 P1,48,50,23,1,1,-9999,-9999,-9999
544,1038.850077,1038.850569481,1038.850383291,102884664,-9999,258031.9,165.14,-1,0.179226666,0.16569807,0.445777133,0.277729695,12,0.014492754,1.695652174,N1 S2 O1,de-protonated,0,-9999,C69 H117 O1 N1 S2,69,117,1,1,-9999,2,-9999,-9999
544,1038.850077,1038.850569481,1038.851364386,102884664,-9999,258031.9,165.14,-1,-0.765177038,0.299737031,0.55996373,0.403827711,0,0.232142857,2.089285714,N3 O13,de-protonated,0,-9999,C56 H117 O13 N3,56,117,13,3,-9999,-9999,-9999,-9999
545,1038.854625,1038.855117483,1038.855387138,28042550,-9999,428495.6,43.63,-1,-0.259569136,0.493924557,0.602496955,0.537353516,4,0.180327869,1.918032787,N1 O11,de-protonated,0,-9999,C61 H117 O11 N1,61,117,11,1,-9999,-9999,-9999,-9999
545,1038.854625,1038.855117483,1038.855876396,28042550,-9999,428495.6,43.63,-1,-0.730526883,0.302569002,0.51866191,0.389006165,8,0.046875,1.84375,N3 S1 P1 O3,de-protonated,0,-9999,C64 H118 O3 N3 P1 S1,64,118,3,3,1,1,-9999,-9999
546,1039.011081,1039.011573567,1039.012026219,17392986,-9999,277489.5,26.34,-1,-0.435656955,0.96614784,0.757976033,0.882879117,0,0.061538462,2.076923077,13C1 N2 P1 O4,de-protonated,1,539,C64 H135 O4 N2 P1 13C1,64,135,4,2,1,-9999,1,-9999
546,1039.011081,1039.011573567,1039.012162565,17392986,-9999,277489.5,26.34,-1,-0.5668831,0.47167887,0.590944388,0.519385077,0,0.09375,2.078125,N3 O6,de-protonated,0,-9999,C64 H133 O6 N3,64,133,6,3,-9999,-9999,-9999,-9999
546,1039.011081,1039.011573567,1039.011756729,17392986,-9999,277489.5,26.34,-1,-0.176285585,0.497188529,0.677556332,0.56933565,35,0.477272727,0.568181818,N4 S2 P1 O21,de-protonated,0,-9999,C44 H25 O21 N4 P1 S2,44,25,21,4,1,2,-9999,-9999
547,1039.063546,1039.064038594,1039.063804216,11461991,-9999,327430.1,16.71,-1,0.225567258,0.495405135,0.572644131,0.526300733,3,0.028985507,1.985507246,N3 O2,de-protonated,0,-9999,C69 H137 O2 N3,69,137,2,3,-9999,-9999,-9999,-9999
547,1039.063546,1039.064038594,1039.06339838,11461991,-9999,327430.1,16.71,-1,0.61614567,0.466717308,0.653607294,0.541473302,38,0.346938776,0.591836735,N4 S2 P1 O17,de-protonated,0,-9999,C49 H29 O17 N4 P1 S2,49,29,17,4,1,2,-9999,-9999
548,1040.198123,1040.198616197,1040.199480676,8808042,-9999,299598.5,12.4,-1,-0.831070491,0.882212215,0,0.529327329,34,0.314814815,0.814814815,N1 S1 P1 O17,de-protonated,0,-9999,C54 H44 O17 N1 P1 S1,54,44,17,1,1,1,-9999,-9999
548,1040.198123,1040.198616197,1040.197826905,8808042,-9999,299598.5,12.4,-1,0.758789498,0.900800769,0,0.540480461,39,0.285714286,0.696428571,N3 S1 O16,de-protonated,0,-9999,C56 H39 O16 N3 S1,56,39,16,3,-9999,1,-9999,-9999
548,1040.198123,1040.198616197,1040.198829227,8808042,-9999,299598.5,12.4,-1,-0.204797782,0.992418541,0,0.595451124,25,0.413043478,1.043478261,N3 S2 P1 O19,de-protonated,0,-9999,C46 H48 O19 N3 P1 S2,46,48,19,3,1,2,-9999,-9999
548,1040.198123,1040.198616197,1040.197959847,8808042,-9999,299598.5,12.4,-1,0.630985141,0.930305374,0,0.558183224,26,0.533333333,0.977777778,N3 P1 O24,de-protonated,0,-9999,C45 H44 O24 N3 P1,45,44,24,3,1,-9999,-9999,-9999
549,1040.812145,1040.812638523,1040.813522325,16803568,-9999,238950.7,25.38,-1,-0.849146116,0.438681958,0.594745702,0.501107456,9,0.158730159,1.761904762,N1 O10,de-protonated,0,-9999,C63 H111 O10 N1,63,111,10,1,-9999,-9999,-9999,-9999
549,1040.812145,1040.812638523,1040.812870877,16803568,-9999,238950.7,25.38,-1,-0.223242896,0.495498918,0.627012296,0.548104269,0,0.218181818,2.090909091,N3 S1 O12,de-protonated,0,-9999,C55 H115 O12 N3 S1,55,115,12,3,-9999,1,-9999,-9999
550,1040.923256,1040.923749582,1040.923548233,10938121,-9999,367826.4,15.85,-1,0.193432361,0.496616948,0.579826515,0.529900775,5,0.029850746,1.895522388,N1 S2 O2,de-protonated,0,-9999,C67 H127 O2 N1 S2,67,127,2,1,-9999,2,-9999,-9999
551,1040.973984,1040.974477608,1040.974320504,12822292,-9999,184050.6,18.91,-1,0.150920588,0.497937834,0.565637507,0.525017703,9,0.042253521,1.788732394,N1 O3,de-protonated,0,-9999,C71 H127 O3 N1,71,127,3,1,-9999,-9999,-9999,-9999
551,1040.973984,1040.974477608,1040.973669055,12822292,-9999,184050.6,18.91,-1,0.776727751,0.448154938,0.594745702,0.506791244,0,0.079365079,2.079365079,N3 S1 O5,de-protonated,0,-9999,C63 H131 O5 N3 S1,63,131,5,3,-9999,1,-9999,-9999
552,1041.875902,1041.876396087,1041.87732286,12789714,-9999,244842.7,18.86,-1,-0.889521721,0.433129616,0.572644131,0.488935422,11,0.057971014,1.724637681,P1 O4,de-protonated,0,-9999,C69 H119 O4 P1,69,119,4,-9999,1,-9999,-9999,-9999
552,1041.875902,1041.876396087,1041.875669089,12789714,-9999,244842.7,18.86,-1,0.697777856,0.457721918,0.565637507,0.500888154,16,0.042253521,1.605633803,N2 O3,de-protonated,0,-9999,C71 H114 O3 N2,71,114,3,2,-9999,-9999,-9999,-9999
552,1041.875902,1041.876396087,1041.876671411,12789714,-9999,244842.7,18.86,-1,-0.2642576,0.4937045,0.602496955,0.537221482,2,0.098360656,2.016393443,N2 S1 P1 O6,de-protonated,0,-9999,C61 H123 O6 N2 P1 S1,61,123,6,2,1,1,-9999,-9999
553,1041.931079,1041.931573117,1041.931684365,13739997,-9999,245414.3,20.4,-1,-0.106771396,0.4989668,0.594745702,0.53727836,0,0.031746032,2.079365079,N2 S2 P1 O2,de-protonated,0,-9999,C63 H131 O2 N2 P1 S2,63,131,2,2,1,2,-9999,-9999
553,1041.931079,1041.931573117,1041.930814985,13739997,-9999,245414.3,20.4,-1,0.727621603,0.454202503,0.598596236,0.511959996,1,0.112903226,2.048387097,N2 P1 O7,de-protonated,0,-9999,C62 H127 O7 N2 P1,62,127,7,2,1,-9999,-9999,-9999
553,1041.931079,1041.931573117,1041.932532518,13739997,-9999,245414.3,20.4,-1,-0.920790589,0.428703641,0.602496955,0.498220967,1,0.098360656,2.06557377,N4 S1 O6,de-protonated,0,-9999,C61 H126 O6 N4 S1,61,126,6,4,-9999,1,-9999,-9999
554,1042.164159,1042.16465324,1042.165206623,14542861,-9999,223297.3,21.71,-1,-0.530992921,0.475063277,0.658260696,0.548342244,30,0.416666667,0.854166667,N3 S2 O20,de-protonated,0,-9999,C48 H41 O20 N3 S2,48,41,20,3,-9999,2,-9999,-9999
554,1042.164159,1042.16465324,1042.164337243,14542861,-9999,223297.3,21.71,-1,0.303212758,0.491728175,0.662980834,0.560229238,31,0.531914894,0.787234043,N3 O25,de-protonated,0,-9999,C47 H37 O25 N3,47,37,25,3,-9999,-9999,-9999,-9999
555,1042.215864,1042.216358268,1042.216848273,10037272,-9999,302716.1,14.39,-1,-0.470156995,0.960684914,0,0.576410949,33,0.301886792,0.849056604,N3 S2 O16,de-protonated,0,-9999,C53 H45 O16 N3 S2,53,45,16,3,-9999,2,-9999,-9999
555,1042.215864,1042.216358268,1042.215978893,10037272,-9999,302716.1,14.39,-1,0.3640074,0.976244509,0,0.585746705,34,0.403846154,0.788461538,N3 O21,de-protonated,0,-9999,C52 H41 O21 N3,52,41,21,3,-9999,-9999,-9999,-9999
555,1042.215864,1042.216358268,1042.216981215,10037272,-9999,302716.1,14.39,-1,-0.597713607,0.937231802,0,0.562339081,20,0.571428571,1.19047619,N3 S1 P1 O24,de-protonated,0,-9999,C42 H50 O24 N3 P1 S1,42,50,24,3,1,1,-9999,-9999
556,1042.835653,1042.836147597,1042.836186323,10922132,-9999,207602.7,15.83,-1,-0.037135177,0.499874905,0.579826515,0.531855549,12,0.074626866,1.701492537,N1 P1 O5,de-protonated,0,-9999,C67 H114 O5 N1 P1,67,114,5,1,1,-9999,-9999,-9999
556,1042.835653,1042.836147597,1042.835534874,10922132,-9999,207602.7,15.83,-1,0.58755456,0.46964088,0.610452919,0.525965695,3,0.118644068,2,N3 S1 P1 O7,de-protonated,0,-9999,C59 H118 O7 N3 P1 S1,59,118,7,3,1,1,-9999,-9999
557,1043.741019,1043.741514077,1043.74155766,26798404,-9999,201551.8,41.6,-1,-0.041756278,0.333227893,0.481293734,0.392454229,23,0.041666667,1.402777778,P1 O3,de-protonated,0,-9999,C72 H101 O3 P1,72,101,3,-9999,1,-9999,-9999,-9999
557,1043.741019,1043.741514077,1043.741286334,26798404,-9999,201551.8,41.6,-1,0.218199089,0.495699142,0.598596236,0.53685798,9,0.129032258,1.741935484,S2 O8,de-protonated,0,-9999,C62 H108 O8 S2,62,108,8,-9999,-9999,2,-9999,-9999
557,1043.741019,1043.741514077,1043.740906211,26798404,-9999,201551.8,41.6,-1,0.582391582,0.313437266,0.51866191,0.395527124,14,0.078125,1.640625,N2 S1 P1 O5,de-protonated,0,-9999,C64 H105 O5 N2 P1 S1,64,105,5,2,1,1,-9999,-9999
557,1043.741019,1043.741514077,1043.741754365,26798404,-9999,201551.8,41.6,-1,-0.230217151,0.49521466200000003,0.598596236,0.536567292,15,0.14516129,1.612903226,N4 O9,de-protonated,0,-9999,C62 H100 O9 N4,62,100,9,4,-9999,-9999,-9999,-9999
558,1043.901923,1043.902418163,1043.902084513,24471906,-9999,257322.7,37.83,-1,0.319618212,0.327211567,0.49029038,0.392443092,9,0.014285714,1.771428571,S2 O1,de-protonated,0,-9999,C70 H124 O1 S2,70,124,1,-9999,-9999,2,-9999,-9999
558,1043.901923,1043.902418163,1043.902552543,24471906,-9999,257322.7,37.83,-1,-0.128729,0.332332567,0.49029038,0.395515692,15,0.028571429,1.657142857,N4 O2,de-protonated,0,-9999,C70 H116 O2 N4,70,116,2,4,-9999,-9999,-9999,-9999
559,1043.953942,1043.95443719,1043.954707258,13822316,-9999,281332.9,20.54,-1,-0.258696864,0.493965074,0.598596236,0.535817539,0,0.14516129,2.064516129,N2 O9,de-protonated,0,-9999,C62 H128 O9 N2,62,128,9,2,-9999,-9999,-9999,-9999
559,1043.953942,1043.95443719,1043.954301422,13822316,-9999,281332.9,20.54,-1,0.130051508,0.498467896,0.68763467,0.574134605,35,0.571428571,0.476190476,N3 S2 P1 O24,de-protonated,0,-9999,C42 H20 O24 N3 P1 S2,42,20,24,3,1,2,-9999,-9999
559,1043.953942,1043.95443719,1043.955196515,13822316,-9999,281332.9,20.54,-1,-0.727354164,0.454234573,0.587191358,0.507417287,4,0.015384615,1.984615385,N4 S1 P1 O1,de-protonated,0,-9999,C65 H129 O1 N4 P1 S1,65,129,1,4,1,1,-9999,-9999
560,1043.958588,1043.959083193,1043.95959939,8997229,-9999,217883.8,12.7,-1,-0.49446091,0.478303477,0.576212942,0.517467263,3,0.029411765,1.941176471,S2 O2,de-protonated,0,-9999,C68 H132 O2 S2,68,132,2,-9999,-9999,2,-9999,-9999
560,1043.958588,1043.959083193,1043.95873001,8997229,-9999,217883.8,12.7,-1,0.338310938,0.48972329,0.579826515,0.52576458,4,0.104477612,1.910447761,O7,de-protonated,0,-9999,C67 H128 O7,67,128,7,-9999,-9999,-9999,-9999,-9999
560,1043.958588,1043.959083193,1043.958324174,8997229,-9999,217883.8,12.7,-1,0.727058043,0.908540142,0,0.545124085,39,0.468085106,0.425531915,N1 S2 P1 O22,de-protonated,0,-9999,C47 H20 O22 N1 P1 S2,47,20,22,1,1,2,-9999,-9999
560,1043.958588,1043.959083193,1043.960067421,8997229,-9999,217883.8,12.7,-1,-0.942783057,0.425527369,0.576212942,0.485801598,9,0.044117647,1.823529412,N4 O3,de-protonated,0,-9999,C68 H124 O3 N4,68,124,3,4,-9999,-9999,-9999,-9999
561,1044.703145,1044.703640588,1044.702790105,9005558,-9999,267385.7,12.72,-1,0.814091231,0.443347538,0.545609971,0.484252512,33,0.012987013,1.181818182,N1 O1,de-protonated,0,-9999,C77 H91 O1 N1,77,91,1,1,-9999,-9999,-9999,-9999
561,1044.703145,1044.703640588,1044.703792426,9005558,-9999,267385.7,12.72,-1,-0.145340929,0.498087208,0.579826515,0.530782931,19,0.059701493,1.492537313,N1 S1 P1 O4,de-protonated,0,-9999,C67 H100 O4 N1 P1 S1,67,100,4,1,1,1,-9999,-9999
561,1044.703145,1044.703640588,1044.70265172,9005558,-9999,267385.7,12.72,-1,0.946554322,0.849955157,0,0.509973094,6,0.25,1.839285714,N1 S1 O14,de-protonated,0,-9999,C56 H103 O14 N1 S1,56,103,14,1,-9999,1,-9999,-9999
561,1044.703145,1044.703640588,1044.703140978,9005558,-9999,267385.7,12.72,-1,0.478231989,0.959350896,0,0.575610538,10,0.101694915,1.762711864,N3 S2 P1 O6,de-protonated,0,-9999,C59 H104 O6 N3 P1 S2,59,104,6,3,1,2,-9999,-9999
561,1044.703145,1044.703640588,1044.704640579,9005558,-9999,267385.7,12.72,-1,-0.957200103,0.423417631,0.587191358,0.488927122,20,0.123076923,1.461538462,N3 O8,de-protonated,0,-9999,C65 H95 O8 N3,65,95,8,3,-9999,-9999,-9999,-9999
562,1046.118242,1046.118738339,1046.119516276,12249838,-9999,285624.8,17.98,-1,-0.743640826,0.452264267,0.644495114,0.529156606,34,0.352941176,0.745098039,N1 S2 P1 O18,de-protonated,0,-9999,C51 H38 O18 N1 P1 S2,51,38,18,1,1,2,-9999,-9999
562,1046.118242,1046.118738339,1046.118646896,12249838,-9999,285624.8,17.98,-1,0.087411394,0.499307278,0.649019222,0.559192056,35,0.46,0.68,N1 P1 O23,de-protonated,0,-9999,C50 H34 O23 N1 P1,50,34,23,1,1,-9999,-9999,-9999
562,1046.118242,1046.118738339,1046.117862506,12249838,-9999,285624.8,17.98,-1,0.8372222,0.440285453,0.635633513,0.518424677,39,0.320754717,0.622641509,N3 S2 O17,de-protonated,0,-9999,C53 H33 O17 N3 S2,53,33,17,3,-9999,2,-9999,-9999
562,1046.118242,1046.118738339,1046.117995448,12249838,-9999,285624.8,17.98,-1,0.710141085,0.912557084,0,0.54753425,26,0.595238095,0.904761905,N3 S1 P1 O25,de-protonated,0,-9999,C42 H38 O25 N3 P1 S1,42,38,25,3,1,1,-9999,-9999
563,1046.121712,1046.122208341,1046.1220182,13101806,-9999,265718.6,19.37,-1,0.181758158,0.497011793,0.662980834,0.563399409,30,0.489361702,0.808510638,N1 S1 P1 O23,de-protonated,0,-9999,C47 H38 O23 N1 P1 S1,47,38,23,1,1,1,-9999,-9999
563,1046.121712,1046.122208341,1046.121366751,13101806,-9999,265718.6,19.37,-1,0.804485901,0.889199955,0,0.533519973,21,0.641025641,1.076923077,N3 S2 P1 O25,de-protonated,0,-9999,C39 H42 O25 N3 P1 S2,39,42,25,3,1,2,-9999,-9999
564,1046.793747,1046.794243698,1046.794715433,12200798,-9999,232066.2,17.9,-1,-0.450647194,0.481910771,0.587191358,0.524023006,12,0.107692308,1.692307692,N1 P1 O7,de-protonated,0,-9999,C65 H110 O7 N1 P1,65,110,7,1,1,-9999,-9999,-9999
564,1046.793747,1046.794243698,1046.793931042,12200798,-9999,232066.2,17.9,-1,0.298678947,0.491971714,0.576212942,0.525668205,16,0.014705882,1.602941176,N3 S2 O1,de-protonated,0,-9999,C68 H109 O1 N3 S2,68,109,1,3,-9999,2,-9999,-9999
564,1046.793747,1046.794243698,1046.794063984,12200798,-9999,232066.2,17.9,-1,0.171679975,0.497333127,0.618621811,0.545848601,3,0.157894737,2,N3 S1 P1 O9,de-protonated,0,-9999,C57 H114 O9 N3 P1 S1,57,114,9,3,1,1,-9999,-9999
565,1046.900206,1046.900702754,1046.900229331,9890672,-9999,245891.4,14.15,-1,0.452213903,0.481787098,0.602496955,0.530071041,0,0.14754098399999999,2.049180328,N1 S1 O9,de-protonated,0,-9999,C61 H125 O9 N1 S1,61,125,9,1,-9999,1,-9999,-9999
565,1046.900206,1046.900702754,1046.900718589,9890672,-9999,245891.4,14.15,-1,-0.015125132,0.499979245,0.590944388,0.536365302,4,0.015625,1.96875,N3 S2 P1 O1,de-protonated,0,-9999,C64 H126 O1 N3 P1 S2,64,126,1,3,1,2,-9999,-9999
565,1046.900206,1046.900702754,1046.899849209,9890672,-9999,245891.4,14.15,-1,0.815307557,0.443188135,0.594745702,0.503811162,5,0.095238095,1.936507937,N3 P1 O6,de-protonated,0,-9999,C63 H122 O6 N3 P1,63,122,6,3,1,-9999,-9999,-9999
566,1047.141589,1047.142085882,1047.1424192920001,15690646,-9999,274936.4,23.57,-1,-0.318399555,0.4908866,0.658260696,0.557836238,29,0.479166667,0.854166667,S1 P1 O23,de-protonated,0,-9999,C48 H41 O23 P1 S1,48,41,23,-9999,1,1,-9999,-9999
566,1047.141589,1047.142085882,1047.141767843,15690646,-9999,274936.4,23.57,-1,0.303721052,0.49170065,0.698017357,0.574227333,20,0.625,1.125,N2 S2 P1 O25,de-protonated,0,-9999,C40 H45 O25 N2 P1 S2,40,45,25,2,1,2,-9999,-9999
566,1047.141589,1047.142085882,1047.141254779,15690646,-9999,274936.4,23.57,-1,0.79368781,0.445994336,0.635633513,0.521850007,38,0.264150943,0.698113208,N4 S2 P1 O14,de-protonated,0,-9999,C53 H37 O14 N4 P1 S2,53,37,14,4,1,2,-9999,-9999
567,1048.109238,1048.109735396,1048.110014221,23882798,-9999,196758.7,36.87,-1,-0.266026202,0.493620491,0.653607294,0.557615212,34,0.367346939,0.734693878,N3 S2 P1 O18,de-protonated,0,-9999,C49 H36 O18 N3 P1 S2,49,36,18,3,1,2,-9999,-9999
567,1048.109238,1048.109735396,1048.109144841,23882798,-9999,196758.7,36.87,-1,0.563448136,0.472011285,0.658260696,0.546511049,35,0.479166667,0.666666667,N3 P1 O23,de-protonated,0,-9999,C48 H32 O23 N3 P1,48,32,23,3,1,-9999,-9999,-9999
568,1048.675085,1048.675582696,1048.676436972,9038979,-9999,230274.1,12.77,-1,-0.814622408,0.886555896,0,0.531933538,10,0.224137931,1.706896552,N1 S1 O13,de-protonated,0,-9999,C58 H99 O13 N1 S1,58,99,13,1,-9999,1,-9999,-9999
568,1048.675085,1048.675582696,1048.675923907,9038979,-9999,230274.1,12.77,-1,-0.325373232,0.490486883,0.565637507,0.520547133,28,0.028169014,1.281690141,N3 S1 O2,de-protonated,0,-9999,C71 H91 O2 N3 S1,71,91,2,3,-9999,1,-9999,-9999
568,1048.675085,1048.675582696,1048.676056849,9038979,-9999,230274.1,12.77,-1,-0.452144207,0.963585216,0,0.57815113,15,0.166666667,1.6,N3 P1 O10,de-protonated,0,-9999,C60 H96 O10 N3 P1,60,96,10,3,1,-9999,-9999,-9999
568,1048.675085,1048.675582696,1048.675785523,9038979,-9999,230274.1,12.77,-1,-0.193412156,0.993235304,0,0.595941183,1,0.3,2.06,N3 S2 O15,de-protonated,0,-9999,C50 H103 O15 N3 S2,50,103,15,3,-9999,2,-9999,-9999
568,1048.675085,1048.675582696,1048.674916143,9038979,-9999,230274.1,12.77,-1,0.635614732,0.929316068,0,0.557589641,2,0.408163265,2.020408163,N3 O20,de-protonated,0,-9999,C49 H99 O20 N3,49,99,20,3,-9999,-9999,-9999,-9999
569,1050.100209,1050.100707453,1050.101543736,10546510,-9999,397506.5,15.22,-1,-0.796383444,0.89129521,0,0.534777126,38,0.358490566,0.622641509,N1 S2 O19,de-protonated,0,-9999,C53 H33 O19 N1 S2,53,33,19,1,-9999,2,-9999,-9999
569,1050.100209,1050.100707453,1050.100674356,10546510,-9999,397506.5,15.22,-1,0.031517346,0.999819775,0,0.599891865,39,0.461538462,0.557692308,N1 O24,de-protonated,0,-9999,C52 H29 O24 N1,52,29,24,1,-9999,-9999,-9999,-9999
570,1050.104886,1050.105384455,1050.104940753,30207310,-9999,258207.1,47.14,-1,0.422531636,0.641046554,0.625200958,0.634708316,3,0.013888889,1.972222222,N2 O1,de-protonated,0,-9999,C72 H142 O1 N2,72,142,1,2,-9999,-9999,-9999,-9999
570,1050.104886,1050.105384455,1050.104534917,30207310,-9999,258207.1,47.14,-1,0.809003457,0.444012345,0.640033642,0.522420864,38,0.307692308,0.653846154,N3 S2 P1 O16,de-protonated,0,-9999,C52 H34 O16 N3 P1 S2,52,34,16,3,1,2,-9999,-9999
571,1050.619942,1050.620440729,1050.619454402,27520404,-9999,234799.2,42.77,-1,0.93880505,0.284070458,0.459750141,0.354342331,38,0.025974026,1.051948052,N1 O2,de-protonated,0,-9999,C77 H81 O2 N1,77,81,2,1,-9999,-9999,-9999,-9999
571,1050.619942,1050.620440729,1050.620456723,27520404,-9999,234799.2,42.77,-1,-0.0152241,0.333319315,0.504211037,0.401676004,24,0.074626866,1.343283582,N1 S1 P1 O5,de-protonated,0,-9999,C67 H90 O5 N1 P1 S1,67,90,5,1,1,1,-9999,-9999
571,1050.619942,1050.620440729,1050.619805275,27520404,-9999,234799.2,42.77,-1,0.604837189,0.467888062,0.610452919,0.524914005,15,0.118644068,1.593220339,N3 S2 P1 O7,de-protonated,0,-9999,C59 H94 O7 N3 P1 S2,59,94,7,3,1,2,-9999,-9999
571,1050.619942,1050.620440729,1050.621304877,27520404,-9999,234799.2,42.77,-1,-0.822511324,0.29482691,0.513784664,0.382410012,25,0.138461538,1.307692308,N3 O9,de-protonated,0,-9999,C65 H85 O9 N3,65,85,9,3,-9999,-9999,-9999,-9999
572,1050.676484,1050.676982759,1050.676969279,12676507,-9999,251347.9,18.67,-1,0.012829303,0.499985068,0.552126353,0.520841582,32,0.04,1.186666667,N1 O3,de-protonated,0,-9999,C75 H89 O3 N1,75,89,3,1,-9999,-9999,-9999,-9999
572,1050.676484,1050.676982759,1050.677971601,12676507,-9999,251347.9,18.67,-1,-0.941146739,0.425765456,0.587191358,0.490335817,18,0.092307692,1.507692308,N1 S1 P1 O6,de-protonated,0,-9999,C65 H98 O6 N1 P1 S1,65,98,6,1,1,1,-9999,-9999
572,1050.676484,1050.676982759,1050.676830895,12676507,-9999,251347.9,18.67,-1,0.1445391,0.498108216,0.631293472,0.551382318,5,0.296296296,1.87037037,N1 S1 O16,de-protonated,0,-9999,C54 H101 O16 N1 S1,54,101,16,1,-9999,1,-9999,-9999
572,1050.676484,1050.676982759,1050.676317831,12676507,-9999,251347.9,18.67,-1,0.632857257,0.464953031,0.579826515,0.510902425,23,0.074626866,1.388059701,N3 S1 O5,de-protonated,0,-9999,C67 H93 O5 N3 S1,67,93,5,3,-9999,1,-9999,-9999
572,1050.676484,1050.676982759,1050.677320152,12676507,-9999,251347.9,18.67,-1,-0.321119968,0.490731663,0.618621811,0.541887722,9,0.140350877,1.789473684,N3 S2 P1 O8,de-protonated,0,-9999,C57 H102 O8 N3 P1 S2,57,102,8,3,1,2,-9999,-9999
572,1050.676484,1050.676982759,1050.676450772,12676507,-9999,251347.9,18.67,-1,0.506327521,0.477273901,0.622788794,0.535479858,10,0.232142857,1.75,N3 P1 O13,de-protonated,0,-9999,C56 H98 O13 N3 P1,56,98,13,3,1,-9999,-9999,-9999
573,1050.729758,1050.730256787,1050.729613252,10071458,-9999,264238.1,14.44,-1,0.612465361,0.467100384,0.569119254,0.507907932,21,0.028571429,1.457142857,N1 S1 P1 O2,de-protonated,0,-9999,C70 H102 O2 N1 P1 S1,70,102,2,1,1,1,-9999,-9999
573,1050.729758,1050.730256787,1050.730974469,10071458,-9999,264238.1,14.44,-1,-0.683031095,0.91883242,0,0.551299452,4,0.309090909,1.909090909,N1 O17,de-protonated,0,-9999,C55 H105 O17 N1,55,105,17,1,-9999,-9999,-9999,-9999
573,1050.729758,1050.730256787,1050.730461405,10071458,-9999,264238.1,14.44,-1,-0.194738504,0.496571263,0.576212942,0.528427935,22,0.088235294,1.426470588,N3 O6,de-protonated,0,-9999,C68 H97 O6 N3,68,97,6,3,-9999,-9999,-9999,-9999
574,1051.65033,1051.650829276,1051.650102346,10071577,-9999,237717,14.44,-1,0.691227858,0.458478157,0.614510218,0.520890982,9,0.172413793,1.74137931,S2 P1 O10,de-protonated,0,-9999,C58 H101 O10 P1 S2,58,101,10,-9999,1,2,-9999,-9999
574,1051.65033,1051.650829276,1051.651601948,10071577,-9999,237717,14.44,-1,-0.734722413,0.453347531,0.590944388,0.508386274,19,0.1875,1.4375,O12,de-protonated,0,-9999,C64 H92 O12,64,92,12,-9999,-9999,-9999,-9999,-9999
574,1051.65033,1051.650829276,1051.651088883,10071577,-9999,237717,14.44,-1,-0.246857304,0.494501845,0.545609971,0.514945096,37,0.012987013,1.090909091,N2 O1,de-protonated,0,-9999,C77 H84 O1 N2,77,84,1,2,-9999,-9999,-9999,-9999
574,1051.65033,1051.650829276,1051.650950499,10071577,-9999,237717,14.44,-1,-0.115269541,0.498795992,0.622788794,0.548393113,10,0.25,1.714285714,N2 S1 O14,de-protonated,0,-9999,C56 H96 O14 N2 S1,56,96,14,2,-9999,1,-9999,-9999
574,1051.65033,1051.650829276,1051.650437435,10071577,-9999,237717,14.44,-1,0.372596172,0.487562241,0.572644131,0.521594997,28,0.043478261,1.275362319,N4 S1 O3,de-protonated,0,-9999,C69 H88 O3 N4 S1,69,88,3,4,-9999,1,-9999,-9999
574,1051.65033,1051.650829276,1051.651439756,10071577,-9999,237717,14.44,-1,-0.580497159,0.470343874,0.610452919,0.526387492,14,0.101694915,1.644067797,N4 S2 P1 O6,de-protonated,0,-9999,C59 H97 O6 N4 P1 S2,59,97,6,4,1,2,-9999,-9999
574,1051.65033,1051.650829276,1051.650570376,10071577,-9999,237717,14.44,-1,0.24618367,0.494531647,0.614510218,0.542523075,15,0.189655172,1.603448276,N4 P1 O11,de-protonated,0,-9999,C58 H93 O11 N4 P1,58,93,11,4,1,-9999,-9999,-9999
574,1051.65033,1051.650829276,1051.65029905,10071577,-9999,237717,14.44,-1,0.504184097,0.954923022,0,0.572953813,1,0.333333333,2.083333333,N4 S2 O16,de-protonated,0,-9999,C48 H100 O16 N4 S2,48,100,16,4,-9999,2,-9999,-9999
575,1051.761957,1051.762456335,1051.761627856,10890791,-9999,260942,15.77,-1,0.787706367,0.446760465,0.576212942,0.498541456,15,0.058823529,1.588235294,S2 O4,de-protonated,0,-9999,C68 H108 O4 S2,68,108,4,-9999,-9999,2,-9999,-9999
575,1051.761957,1051.762456335,1051.761760797,10890791,-9999,260942,15.77,-1,0.661307177,0.461857155,0.618621811,0.524563018,2,0.210526316,1.98245614,S1 P1 O12,de-protonated,0,-9999,C57 H113 O12 P1 S1,57,113,12,-9999,1,1,-9999,-9999
575,1051.761957,1051.762456335,1051.76347833,10890791,-9999,260942,15.77,-1,-0.971697022,0.42127471,0.622788794,0.501880343,2,0.196428571,2,N2 S2 O11,de-protonated,0,-9999,C56 H112 O11 N2 S2,56,112,11,2,-9999,2,-9999,-9999
575,1051.761957,1051.762456335,1051.76260895,10890791,-9999,260942,15.77,-1,-0.145104578,0.498093413,0.627012296,0.549660966,3,0.290909091,1.963636364,N2 O16,de-protonated,0,-9999,C55 H108 O16 N2,55,108,16,2,-9999,-9999,-9999,-9999
575,1051.761957,1051.762456335,1051.762095886,10890791,-9999,260942,15.77,-1,0.342709327,0.489457193,0.576212942,0.524159493,21,0.073529412,1.470588235,N4 O5,de-protonated,0,-9999,C68 H100 O5 N4,68,100,5,4,-9999,-9999,-9999,-9999
575,1051.761957,1051.762456335,1051.763098208,10890791,-9999,260942,15.77,-1,-0.610282791,0.467326626,0.614510218,0.526200063,7,0.137931034,1.879310345,N4 S1 P1 O8,de-protonated,0,-9999,C58 H109 O8 N4 P1 S1,58,109,8,4,1,1,-9999,-9999
576,1052.110621,1052.11112052,1052.111453516,13659730,-9999,232247.7,20.27,-1,-0.316502345,0.490993901,0.653607294,0.556039258,33,0.448979592,0.734693878,N1 S1 P1 O22,de-protonated,0,-9999,C49 H36 O22 N1 P1 S1,49,36,22,1,1,1,-9999,-9999
576,1052.110621,1052.11112052,1052.111650423,13659730,-9999,232247.7,20.27,-1,-0.503656529,0.63667677,0.625200958,0.632086445,3,0.013888889,1.972222222,13C2 N2 O1,de-protonated,1,570,C70 H142 O1 N2 13C2,70,142,1,2,-9999,-9999,2,-9999
576,1052.110621,1052.11112052,1052.110802067,13659730,-9999,232247.7,20.27,-1,0.302680038,0.983513949,0,0.590108369,24,0.585365854,0.975609756,N3 S2 P1 O24,de-protonated,0,-9999,C41 H40 O24 N3 P1 S2,41,40,24,3,1,2,-9999,-9999
577,1052.847328,1052.847827911,1052.847405911,12283561,-9999,303483.4,18.04,-1,0.400817651,0.48563509,0.572644131,0.520438706,13,0.057971014,1.666666667,N1 S1 O4,de-protonated,0,-9999,C69 H115 O4 N1 S1,69,115,4,1,-9999,1,-9999,-9999
577,1052.847328,1052.847827911,1052.847538853,12283561,-9999,303483.4,18.04,-1,0.274548863,0.493208017,0.614510218,0.541728898,0,0.206896552,2.068965517,N1 P1 O12,de-protonated,0,-9999,C58 H120 O12 N1 P1,58,120,12,1,1,-9999,-9999,-9999
577,1052.847328,1052.847827911,1052.847025789,12283561,-9999,303483.4,18.04,-1,0.761860294,0.450018925,0.565637507,0.496266358,18,0.014084507,1.577464789,N3 P1 O1,de-protonated,0,-9999,C71 H112 O1 N3 P1,71,112,1,3,1,-9999,-9999,-9999
578,1053.606189,1053.606689314,1053.607235211,38563584,-9999,195332.2,60.7,-1,-0.518122295,0.317485758,0.49029038,0.386607607,28,0.085714286,1.228571429,S1 O6,de-protonated,0,-9999,C70 H86 O6 S1,70,86,6,-9999,-9999,1,-9999,-9999
578,1053.606189,1053.606689314,1053.607368153,38563584,-9999,195332.2,60.7,-1,-0.644299906,0.309147832,0.543986559,0.403083323,15,0.237288136,1.542372881,P1 O14,de-protonated,0,-9999,C59 H91 O14 P1,59,91,14,-9999,1,-9999,-9999,-9999
578,1053.606189,1053.606689314,1053.607096827,38563584,-9999,195332.2,60.7,-1,-0.386778876,0.486610377,0.653607294,0.553409144,1,0.387755102,2,S2 O19,de-protonated,0,-9999,C49 H98 O19 S2,49,98,19,-9999,-9999,2,-9999,-9999
578,1053.606189,1053.606689314,1053.606227447,38563584,-9999,195332.2,60.7,-1,0.438367665,0.482866294,0.658260696,0.553024055,2,0.5,1.958333333,O24,de-protonated,0,-9999,C48 H94 O24,48,94,24,-9999,-9999,-9999,-9999,-9999
578,1053.606189,1053.606689314,1053.606855089,38563584,-9999,195332.2,60.7,-1,-0.157340357,0.331839377,0.481293734,0.39162112,33,0.041666667,1.152777778,N2 P1 O3,de-protonated,0,-9999,C72 H83 O3 N2 P1,72,83,3,2,1,-9999,-9999,-9999
578,1053.606189,1053.606689314,1053.606583763,38563584,-9999,195332.2,60.7,-1,0.100180924,0.332726866,0.528601492,0.411076717,19,0.129032258,1.451612903,N2 S2 O8,de-protonated,0,-9999,C62 H90 O8 N2 S2,62,90,8,2,-9999,2,-9999,-9999
578,1053.606189,1053.606689314,1053.605714383,38563584,-9999,195332.2,60.7,-1,0.925328268,0.285368334,0.533665548,0.384687219,20,0.213114754,1.409836066,N2 O13,de-protonated,0,-9999,C61 H86 O13 N2,61,86,13,2,-9999,-9999,-9999,-9999
578,1053.606189,1053.606689314,1053.606716704,38563584,-9999,195332.2,60.7,-1,-0.025996843,0.499938689,0.644495114,0.557761259,6,0.31372549,1.862745098,N2 S1 P1 O16,de-protonated,0,-9999,C51 H95 O16 N2 P1 S1,51,95,16,2,1,1,-9999,-9999
578,1053.606189,1053.606689314,1053.60620364,38563584,-9999,195332.2,60.7,-1,0.460963308,0.320726095,0.51866191,0.399900421,24,0.078125,1.359375,N4 S1 P1 O5,de-protonated,0,-9999,C64 H87 O5 N4 P1 S1,64,87,5,4,1,1,-9999,-9999
578,1053.606189,1053.606689314,1053.607564857,38563584,-9999,195332.2,60.7,-1,-0.830995949,0.441116024,0.653607294,0.526112532,7,0.408163265,1.836734694,N4 O20,de-protonated,0,-9999,C49 H90 O20 N4,49,90,20,4,-9999,-9999,-9999,-9999
579,1054.121692,1054.122192588,1054.123080828,14528312,-9999,196727.7,21.68,-1,-0.842634705,0.43955968,0.677556332,0.534758341,28,0.545454545,0.863636364,N3 S1 P1 O24,de-protonated,0,-9999,C44 H38 O24 N3 P1 S1,44,38,24,3,1,1,-9999,-9999
580,1055.786831,1055.787332471,1055.787187699,45871072,-9999,219740.5,72.57,-1,0.137122259,0.332198041,0.51866191,0.406783588,9,0.109375,1.765625,S1 P1 O7,de-protonated,0,-9999,C64 H113 O7 P1 S1,64,113,7,-9999,1,1,-9999,-9999
580,1055.786831,1055.787332471,1055.786536251,45871072,-9999,219740.5,72.57,-1,0.75414923,0.300649662,0.55996373,0.404375289,0,0.160714286,2.089285714,N2 S2 P1 O9,de-protonated,0,-9999,C56 H117 O9 N2 P1 S2,56,117,9,2,1,2,-9999,-9999
580,1055.786831,1055.787332471,1055.788035853,45871072,-9999,219740.5,72.57,-1,-0.666214451,0.307541027,0.528601492,0.395965213,10,0.177419355,1.741935484,N2 O11,de-protonated,0,-9999,C62 H108 O11 N2,62,108,11,2,-9999,-9999,-9999,-9999
580,1055.786831,1055.787332471,1055.787384404,45871072,-9999,219740.5,72.57,-1,-0.04918847,0.333187027,0.570956251,0.428294717,1,0.240740741,2.074074074,N4 S1 O13,de-protonated,0,-9999,C54 H112 O13 N4 S1,54,112,13,4,-9999,1,-9999,-9999
581,1055.790768,1055.791269473,1055.790559003,37744612,-9999,263432.4,59.37,-1,0.672927682,0.307039769,0.533665548,0.39769008,4,0.114754098,1.918032787,S2 P1 O7,de-protonated,0,-9999,C61 H117 O7 P1 S2,61,117,7,-9999,1,2,-9999,-9999
581,1055.790768,1055.791269473,1055.792058605,37744612,-9999,263432.4,59.37,-1,-0.747430472,0.301200532,0.504211037,0.382404734,14,0.134328358,1.611940299,O9,de-protonated,0,-9999,C67 H108 O9,67,108,9,-9999,-9999,-9999,-9999,-9999
581,1055.790768,1055.791269473,1055.791407156,37744612,-9999,263432.4,59.37,-1,-0.130406892,0.332306349,0.543986559,0.416978433,5,0.186440678,1.898305085,N2 S1 O11,de-protonated,0,-9999,C59 H112 O11 N2 S1,59,112,11,2,-9999,1,-9999,-9999
581,1055.790768,1055.791269473,1055.791896413,37744612,-9999,263432.4,59.37,-1,-0.593810038,0.312674372,0.528601492,0.39904522,9,0.048387097,1.822580645,N4 S2 P1 O3,de-protonated,0,-9999,C62 H113 O3 N4 P1 S2,62,113,3,4,1,2,-9999,-9999
581,1055.790768,1055.791269473,1055.791027033,37744612,-9999,263432.4,59.37,-1,0.229628816,0.330159315,0.533665548,0.411561808,10,0.131147541,1.786885246,N4 P1 O8,de-protonated,0,-9999,C61 H109 O8 N4 P1,61,109,8,4,1,-9999,-9999,-9999
582,1056.137965,1056.138466658,1056.139382341,11595779,-9999,301346.4,16.92,-1,-0.867010144,0.436248452,0.640033642,0.517762528,36,0.423076923,0.692307692,N1 P1 O22,de-protonated,0,-9999,C52 H36 O22 N1 P1,52,36,22,1,1,-9999,-9999,-9999
582,1056.137965,1056.138466658,1056.138597951,11595779,-9999,301346.4,16.92,-1,-0.124314317,0.498599905,0.627012296,0.549964862,40,0.290909091,0.636363636,N3 S2 O16,de-protonated,0,-9999,C55 H35 O16 N3 S2,55,35,16,3,-9999,2,-9999,-9999
582,1056.137965,1056.138466658,1056.138730893,11595779,-9999,301346.4,16.92,-1,-0.250189554,0.988706509,0,0.593223905,27,0.545454545,0.909090909,N3 S1 P1 O24,de-protonated,0,-9999,C44 H40 O24 N3 P1 S1,44,40,24,3,1,1,-9999,-9999
583,1057.702384,1057.702886488,1057.70306415,13316239,-9999,214428.3,19.71,-1,-0.167969824,0.497446857,0.562198102,0.523347355,24,0.027777778,1.375,S1 P1 O2,de-protonated,0,-9999,C72 H99 O2 P1 S1,72,99,2,-9999,1,1,-9999,-9999
583,1057.702384,1057.702886488,1057.701923444,13316239,-9999,214428.3,19.71,-1,0.910505892,0.430171227,0.602496955,0.499101518,11,0.196721311,1.672131148,S1 O12,de-protonated,0,-9999,C61 H102 O12 S1,61,102,12,-9999,-9999,1,-9999,-9999
583,1057.702384,1057.702886488,1057.702412702,13316239,-9999,214428.3,19.71,-1,0.447939304,0.482123588,0.590944388,0.525651908,15,0.0625,1.609375,N2 S2 P1 O4,de-protonated,0,-9999,C64 H103 O4 N2 P1 S2,64,103,4,2,1,2,-9999,-9999
583,1057.702384,1057.702886488,1057.703912304,13316239,-9999,214428.3,19.71,-1,-0.969851161,0.421548745,0.569119254,0.480576949,25,0.085714286,1.342857143,N2 O6,de-protonated,0,-9999,C70 H94 O6 N2,70,94,6,2,-9999,-9999,-9999,-9999
583,1057.702384,1057.702886488,1057.703260855,13316239,-9999,214428.3,19.71,-1,-0.353943021,0.48876265,0.598596236,0.532696085,16,0.129032258,1.580645161,N4 S1 O8,de-protonated,0,-9999,C62 H98 O8 N4 S1,62,98,8,4,-9999,1,-9999,-9999
583,1057.702384,1057.702886488,1057.703393797,13316239,-9999,214428.3,19.71,-1,-0.479632022,0.479558743,0.644495114,0.545533291,3,0.31372549,2.019607843,N4 P1 O16,de-protonated,0,-9999,C51 H103 O16 N4 P1,51,103,16,4,1,-9999,-9999,-9999
584,1057.811986,1057.812488546,1057.81156923,9580696,-9999,276415.2,13.65,-1,0.869074075,0.435964913,0.579826515,0.493509554,12,0.014925373,1.71641791,N2 S2 P1 O1,de-protonated,0,-9999,C67 H115 O1 N2 P1 S2,67,115,1,2,1,2,-9999,-9999
584,1057.811986,1057.812488546,1057.813068832,9580696,-9999,276415.2,13.65,-1,-0.548570684,0.473430339,0.558800271,0.507578312,22,0.04109589,1.452054795,N2 O3,de-protonated,0,-9999,C73 H106 O3 N2,73,106,3,2,-9999,-9999,-9999,-9999
584,1057.811986,1057.812488546,1057.812417383,9580696,-9999,276415.2,13.65,-1,0.06727416,0.499589567,0.587191358,0.534630284,13,0.076923077,1.692307692,N4 S1 O5,de-protonated,0,-9999,C65 H110 O5 N4 S1,65,110,5,4,-9999,1,-9999,-9999
584,1057.811986,1057.812488546,1057.812550325,9580696,-9999,276415.2,13.65,-1,-0.058401924,0.999381309,0,0.599628785,0,0.240740741,2.12962963,N4 P1 O13,de-protonated,0,-9999,C54 H115 O13 N4 P1,54,115,13,4,1,-9999,-9999,-9999
585,1058.1114,1058.111902705,1058.111679903,9285809,-9999,225743.6,13.17,-1,0.210565529,0.495993616,0.562198102,0.52247541,0,0.013888889,2.041666667,P1 O1,de-protonated,0,-9999,C72 H147 O1 P1,72,147,1,-9999,1,-9999,-9999,-9999
585,1058.1114,1058.111902705,1058.112502344,9285809,-9999,225743.6,13.17,-1,-0.566705528,0.943392195,0,0.566035317,31,0.479166667,0.770833333,N1 S2 O23,de-protonated,0,-9999,C48 H37 O23 N1 S2,48,37,23,1,-9999,2,-9999,-9999
585,1058.1114,1058.111902705,1058.112122221,9285809,-9999,225743.6,13.17,-1,-0.207459758,0.992220945,0,0.595332567,36,0.4,0.68,N3 S1 P1 O20,de-protonated,0,-9999,C50 H34 O20 N3 P1 S1,50,34,20,3,1,1,-9999,-9999
586,1058.634216,1058.634718983,1058.633784312,15691995,-9999,224593.8,23.57,-1,0.882902529,0.434052626,0.572644131,0.489489228,26,0.086956522,1.289855072,N1 S1 O6,de-protonated,0,-9999,C69 H89 O6 N1 S1,69,89,6,1,-9999,1,-9999,-9999
586,1058.634216,1058.634718983,1058.634786634,15691995,-9999,224593.8,23.57,-1,-0.063904149,0.499629643,0.610452919,0.543958953,12,0.152542373,1.661016949,N1 S2 P1 O9,de-protonated,0,-9999,C59 H98 O9 N1 P1 S2,59,98,9,1,1,2,-9999,-9999
586,1058.634216,1058.634718983,1058.633917254,15691995,-9999,224593.8,23.57,-1,0.757323851,0.45058202,0.614510218,0.516153299,13,0.24137931,1.620689655,N1 P1 O14,de-protonated,0,-9999,C58 H94 O14 N1 P1,58,94,14,1,1,-9999,-9999,-9999
586,1058.634216,1058.634718983,1058.635634787,15691995,-9999,224593.8,23.57,-1,-0.86507982,0.436513192,0.618621811,0.50935664,13,0.22807017500000001,1.631578947,N3 S1 O13,de-protonated,0,-9999,C57 H93 O13 N3 S1,57,93,13,3,-9999,1,-9999,-9999
586,1058.634216,1058.634718983,1058.635767729,15691995,-9999,224593.8,23.57,-1,-0.990658059,0.418440097,0.667769153,0.518171719,0,0.456521739,2.130434783,N3 P1 O21,de-protonated,0,-9999,C46 H98 O21 N3 P1,46,98,21,3,1,-9999,-9999,-9999
587,1058.69339,1058.693893014,1058.694941819,11235551,-9999,281291.6,16.33,-1,-0.990658397,0.418440046,0.555443265,0.473241334,29,0.027027027,1.27027027,N1 P1 O2,de-protonated,0,-9999,C74 H94 O2 N1 P1,74,94,2,1,1,-9999,-9999,-9999
587,1058.69339,1058.693893014,1058.694670493,11235551,-9999,281291.6,16.33,-1,-0.734374977,0.45338952,0.590944388,0.508411467,15,0.109375,1.578125,N1 S2 O7,de-protonated,0,-9999,C64 H101 O7 N1 S2,64,101,7,1,-9999,2,-9999,-9999
587,1058.69339,1058.693893014,1058.693801113,11235551,-9999,281291.6,16.33,-1,0.086806021,0.499316833,0.594745702,0.537488381,16,0.19047619,1.53968254,N1 O12,de-protonated,0,-9999,C63 H97 O12 N1,63,97,12,1,-9999,-9999,-9999,-9999
587,1058.69339,1058.693893014,1058.694803435,11235551,-9999,281291.6,16.33,-1,-0.859946229,0.43721516,0.635633513,0.516582501,2,0.283018868,2,N1 S1 P1 O15,de-protonated,0,-9999,C53 H106 O15 N1 P1 S1,53,106,15,1,1,1,-9999,-9999
587,1058.69339,1058.693893014,1058.693288049,11235551,-9999,281291.6,16.33,-1,0.571426354,0.471236461,0.548848821,0.502281405,34,0.013157895,1.171052632,N3 O1,de-protonated,0,-9999,C76 H89 O1 N3,76,89,1,3,-9999,-9999,-9999,-9999
587,1058.69339,1058.693893014,1058.694290371,11235551,-9999,281291.6,16.33,-1,-0.375326813,0.487381597,0.583485697,0.525823237,20,0.060606061,1.484848485,N3 S1 P1 O4,de-protonated,0,-9999,C66 H98 O4 N3 P1 S1,66,98,4,3,1,1,-9999,-9999
587,1058.69339,1058.693893014,1058.693149665,11235551,-9999,281291.6,16.33,-1,0.70213893,0.457215148,0.627012296,0.525134007,7,0.254545455,1.836363636,N3 S1 O14,de-protonated,0,-9999,C55 H101 O14 N3 S1,55,101,14,3,-9999,1,-9999,-9999
588,1059.846224,1059.846727626,1059.847479282,43479348,-9999,192385.6,68.68,-1,-0.709211697,0.304258511,0.523600568,0.391995334,7,0.126984127,1.857142857,N2 P1 O8,de-protonated,0,-9999,C63 H117 O8 N2 P1,63,117,8,2,1,-9999,-9999,-9999
588,1059.846224,1059.846727626,1059.846694892,43479348,-9999,192385.6,68.68,-1,0.030885769,0.333275642,0.508967985,0.403552579,11,0.03030303,1.757575758,N4 S2 O2,de-protonated,0,-9999,C66 H116 O2 N4 S2,66,116,2,4,-9999,2,-9999,-9999
588,1059.846224,1059.846727626,1059.845825512,43479348,-9999,192385.6,68.68,-1,0.851174792,0.292271652,0.513784664,0.380876857,12,0.107692308,1.723076923,N4 O7,de-protonated,0,-9999,C65 H112 O7 N4,65,112,7,4,-9999,-9999,-9999,-9999
589,1060.198438,1060.198941813,1060.198554445,10744142,-9999,300268,15.54,-1,0.36537325,0.976068055,0,0.585640833,19,0.558139535,1.209302326,N1 S2 P1 O24,de-protonated,0,-9999,C43 H52 O24 N1 P1 S2,43,52,24,1,1,2,-9999,-9999
589,1060.198438,1060.198941813,1060.198041381,10744142,-9999,300268,15.54,-1,0.84930589,0.438660358,0.622788794,0.512311733,37,0.232142857,0.785714286,N3 S2 P1 O13,de-protonated,0,-9999,C56 H44 O13 N3 P1 S2,56,44,13,3,1,2,-9999,-9999
590,1060.20289,1060.203393816,1060.203914607,55177552,-9999,301025.9,87.68,-1,-0.491218678,0.319053942,0.599686074,0.431306795,28,0.367346939,0.979591837,N3 S2 P1 O18,de-protonated,0,-9999,C49 H48 O18 N3 P1 S2,49,48,18,3,1,2,-9999,-9999
590,1060.20289,1060.203393816,1060.203045228,55177552,-9999,301025.9,87.68,-1,0.328793533,0.32685853,0.605653763,0.438376623,29,0.479166667,0.916666667,N3 P1 O23,de-protonated,0,-9999,C48 H44 O23 N3 P1,48,44,23,3,1,-9999,-9999,-9999
591,1060.616204,1060.616708035,1060.616691497,10400107,-9999,270294.4,14.98,-1,0.015592748,0.499977942,0.552126353,0.520837307,35,0.026666667,1.12,N1 P1 O2,de-protonated,0,-9999,C75 H84 O2 N1 P1,75,84,2,1,1,-9999,-9999,-9999
591,1060.616204,1060.616708035,1060.616420171,10400107,-9999,270294.4,14.98,-1,0.271412061,0.493361302,0.587191358,0.530893325,21,0.107692308,1.4,N1 S2 O7,de-protonated,0,-9999,C65 H91 O7 N1 S2,65,91,7,1,-9999,2,-9999,-9999
591,1060.616204,1060.616708035,1060.616553113,10400107,-9999,270294.4,14.98,-1,0.146068208,0.498068055,0.631293472,0.551358222,8,0.277777778,1.777777778,N1 S1 P1 O15,de-protonated,0,-9999,C54 H96 O15 N1 P1 S1,54,96,15,1,1,1,-9999,-9999
591,1060.616204,1060.616708035,1060.616040048,10400107,-9999,270294.4,14.98,-1,0.62981002,0.465277752,0.579826515,0.511097257,26,0.059701493,1.313432836,N3 S1 P1 O4,de-protonated,0,-9999,C67 H88 O4 N3 P1 S1,67,88,4,3,1,1,-9999,-9999
591,1060.616204,1060.616708035,1060.617401266,10400107,-9999,270294.4,14.98,-1,-0.653610633,0.925412103,0,0.555247262,9,0.365384615,1.75,N3 O19,de-protonated,0,-9999,C52 H91 O19 N3,52,91,19,3,-9999,-9999,-9999,-9999
592,1060.841044,1060.841548154,1060.84087778,12710266,-9999,287539.6,18.73,-1,0.631927391,0.465052262,0.555443265,0.501208663,20,0.013513514,1.513513514,N1 P1 O1,de-protonated,0,-9999,C74 H112 O1 N1 P1,74,112,1,1,1,-9999,-9999,-9999
592,1060.841044,1060.841548154,1060.840606454,12710266,-9999,287539.6,18.73,-1,0.8876928,0.433385141,0.590944388,0.49640884,6,0.09375,1.859375,N1 S2 O6,de-protonated,0,-9999,C64 H119 O6 N1 S2,64,119,6,1,-9999,2,-9999,-9999
593,1061.776463,1061.776967651,1061.776623015,15921589,-9999,214496.4,23.94,-1,0.324583672,0.490532557,0.583485697,0.527713813,12,0.090909091,1.681818182,S1 P1 O6,de-protonated,0,-9999,C66 H111 O6 P1 S1,66,111,6,-9999,1,1,-9999,-9999
593,1061.776463,1061.776967651,1061.775971567,15921589,-9999,214496.4,23.94,-1,0.938130134,0.42620364,0.614510218,0.501526271,3,0.137931034,1.982758621,N2 S2 P1 O8,de-protonated,0,-9999,C58 H115 O8 N2 P1 S2,58,115,8,2,1,2,-9999,-9999
593,1061.776463,1061.776967651,1061.777471169,15921589,-9999,214496.4,23.94,-1,-0.474221604,0.480008017,0.590944388,0.524382565,13,0.15625,1.65625,N2 O10,de-protonated,0,-9999,C64 H106 O10 N2,64,106,10,2,-9999,-9999,-9999,-9999
593,1061.776463,1061.776967651,1061.777960426,15921589,-9999,214496.4,23.94,-1,-0.935012029,0.426655561,0.579826515,0.487923943,17,0.029850746,1.597014925,N4 S1 P1 O2,de-protonated,0,-9999,C67 H107 O2 N4 P1 S1,67,107,2,4,1,1,-9999,-9999
593,1061.776463,1061.776967651,1061.77681972,15921589,-9999,214496.4,23.94,-1,0.139323878,0.498242034,0.622788794,0.548060738,4,0.214285714,1.964285714,N4 S1 O12,de-protonated,0,-9999,C56 H110 O12 N4 S1,56,110,12,4,-9999,1,-9999,-9999
594,1061.831029,1061.83153368,1061.831635969,17428920,-9999,264841.6,26.39,-1,-0.096333201,0.499158779,0.576212942,0.529980444,10,0.029411765,1.75,S2 P1 O2,de-protonated,0,-9999,C68 H119 O2 P1 S2,68,119,2,-9999,1,2,-9999,-9999
594,1061.831029,1061.83153368,1061.83076659,17428920,-9999,264841.6,26.39,-1,0.722422304,0.454824268,0.579826515,0.504825167,11,0.104477612,1.71641791,P1 O7,de-protonated,0,-9999,C67 H115 O7 P1,67,115,7,-9999,1,-9999,-9999,-9999
594,1061.831029,1061.83153368,1061.832484123,17428920,-9999,264841.6,26.39,-1,-0.895096755,0.432348397,0.583485697,0.492803317,11,0.090909091,1.727272727,N2 S1 O6,de-protonated,0,-9999,C66 H114 O6 N2 S1,66,114,6,2,-9999,1,-9999,-9999
594,1061.831029,1061.83153368,1061.832104,17428920,-9999,264841.6,26.39,-1,-0.53710967,0.474500441,0.576212942,0.515185442,16,0.044117647,1.632352941,N4 P1 O3,de-protonated,0,-9999,C68 H111 O3 N4 P1,68,111,3,4,1,-9999,-9999,-9999
594,1061.831029,1061.83153368,1061.831832674,17428920,-9999,264841.6,26.39,-1,-0.281583318,0.492858041,0.614510218,0.541518912,2,0.137931034,2.034482759,N4 S2 O8,de-protonated,0,-9999,C58 H118 O8 N4 S2,58,118,8,4,-9999,2,-9999,-9999
594,1061.831029,1061.83153368,1061.830963294,17428920,-9999,264841.6,26.39,-1,0.537171884,0.474494687,0.618621811,0.532145537,3,0.22807017500000001,2,N4 O13,de-protonated,0,-9999,C57 H114 O13 N4,57,114,13,4,-9999,-9999,-9999,-9999
595,1062.659642,1062.66014712,1062.659211215,9105897,-9999,338246.7,12.88,-1,0.88071985,0.434355906,0.548848821,0.480153072,33,0.013157895,1.171052632,N1 S1 O1,de-protonated,0,-9999,C76 H89 O1 N1 S1,76,89,1,1,-9999,1,-9999,-9999
595,1062.659642,1062.66014712,1062.660213536,9105897,-9999,338246.7,12.88,-1,-0.062500259,0.499645731,0.583485697,0.533181717,19,0.060606061,1.484848485,N1 S2 P1 O4,de-protonated,0,-9999,C66 H98 O4 N1 P1 S2,66,98,4,1,1,2,-9999,-9999
595,1062.659642,1062.66014712,1062.659344156,9105897,-9999,338246.7,12.88,-1,0.755616874,0.450793213,0.587191358,0.505352471,20,0.138461538,1.446153846,N1 P1 O9,de-protonated,0,-9999,C65 H94 O9 N1 P1,65,94,9,1,1,-9999,-9999,-9999
595,1062.659642,1062.66014712,1062.661061689,9105897,-9999,338246.7,12.88,-1,-0.860641028,0.437120332,0.590944388,0.498649954,20,0.125,1.453125,N3 S1 O8,de-protonated,0,-9999,C64 H93 O8 N3 S1,64,93,8,3,-9999,1,-9999,-9999
595,1062.659642,1062.66014712,1062.661194631,9105897,-9999,338246.7,12.88,-1,-0.985743569,0.838356423,0,0.503013854,7,0.301886792,1.849056604,N3 P1 O16,de-protonated,0,-9999,C53 H98 O16 N3 P1,53,98,16,3,1,-9999,-9999,-9999
596,1063.714667,1063.71517268,1063.716130758,9679393,-9999,240233.8,13.81,-1,-0.900689785,0.431561181,0.579826515,0.490867315,18,0.119402985,1.507462687,P1 O8,de-protonated,0,-9999,C67 H101 O8 P1,67,101,8,-9999,1,-9999,-9999,-9999
596,1063.714667,1063.71517268,1063.715859432,9679393,-9999,240233.8,13.81,-1,-0.645616108,0.927157829,0,0.556294697,4,0.22807017500000001,1.894736842,S2 O13,de-protonated,0,-9999,C57 H108 O13 S2,57,108,13,-9999,-9999,2,-9999,-9999
596,1063.714667,1063.71517268,1063.714990052,9679393,-9999,240233.8,13.81,-1,0.171688637,0.994665717,0,0.59679943,5,0.321428571,1.857142857,O18,de-protonated,0,-9999,C56 H104 O18,56,104,18,-9999,-9999,-9999,-9999,-9999
596,1063.714667,1063.71517268,1063.715346367,9679393,-9999,240233.8,13.81,-1,-0.163284138,0.497586975,0.569119254,0.526199887,22,0.028571429,1.428571429,N2 S2 O2,de-protonated,0,-9999,C70 H100 O2 N2 S2,70,100,2,2,-9999,2,-9999,-9999
596,1063.714667,1063.71517268,1063.714476988,9679393,-9999,240233.8,13.81,-1,0.654021396,0.462660958,0.572644131,0.506654227,23,0.101449275,1.391304348,N2 O7,de-protonated,0,-9999,C69 H96 O7 N2,69,96,7,2,-9999,-9999,-9999,-9999
596,1063.714667,1063.71517268,1063.715479309,9679393,-9999,240233.8,13.81,-1,-0.288262772,0.492517771,0.610452919,0.53969183,9,0.169491525,1.779661017,N2 S1 P1 O10,de-protonated,0,-9999,C59 H105 O10 N2 P1 S1,59,105,10,2,1,1,-9999,-9999
596,1063.714667,1063.71517268,1063.714827861,9679393,-9999,240233.8,13.81,-1,0.32416499,0.981113467,0,0.58866808,0,0.235294118,2.137254902,N4 S2 P1 O12,de-protonated,0,-9999,C51 H109 O12 N4 P1 S2,51,109,12,4,1,2,-9999,-9999
597,1063.769337,1063.769842709,1063.77014139,35582500,-9999,218154.2,55.86,-1,-0.28077644,0.328599081,0.451496244,0.377757946,30,0.012658228,1.265822785,O1,de-protonated,0,-9999,C79 H100 O1,79,100,1,-9999,-9999,-9999,-9999,-9999
597,1063.769337,1063.769842709,1063.770003006,35582500,-9999,218154.2,55.86,-1,-0.150687802,0.331962785,0.549245293,0.418875788,3,0.24137931,1.931034483,S1 O14,de-protonated,0,-9999,C58 H112 O14 S1,58,112,14,-9999,-9999,1,-9999,-9999
597,1063.769337,1063.769842709,1063.769489942,35582500,-9999,218154.2,55.86,-1,0.331619858,0.326747847,0.485764205,0.39035439,21,0.042253521,1.464788732,N2 S1 O3,de-protonated,0,-9999,C71 H104 O3 N2 S1,71,104,3,2,-9999,1,-9999,-9999
597,1063.769337,1063.769842709,1063.770492263,35582500,-9999,218154.2,55.86,-1,-0.610615277,0.311528138,0.533665548,0.400383102,7,0.098360656,1.852459016,N2 S2 P1 O6,de-protonated,0,-9999,C61 H113 O6 N2 P1 S2,61,113,6,2,1,2,-9999,-9999
597,1063.769337,1063.769842709,1063.769622883,35582500,-9999,218154.2,55.86,-1,0.206647522,0.330760501,0.538793609,0.413973744,8,0.183333333,1.816666667,N2 P1 O11,de-protonated,0,-9999,C60 H109 O11 N2 P1,60,109,11,2,1,-9999,-9999,-9999
597,1063.769337,1063.769842709,1063.768838493,35582500,-9999,218154.2,55.86,-1,0.944016905,0.283565105,0.523600568,0.37957929,12,0.079365079,1.714285714,N4 S2 O5,de-protonated,0,-9999,C63 H108 O5 N4 S2,63,108,5,4,-9999,2,-9999,-9999
598,1064.712867,1064.713373209,1064.713748712,65139280,-9999,229397,103.85,-1,-0.352679123,0.325894574,0.476878192,0.386288021,27,0.068493151,1.301369863,N1 O5,de-protonated,0,-9999,C73 H95 O5 N1,73,95,5,1,-9999,-9999,-9999,-9999
598,1064.712867,1064.713373209,1064.713610327,65139280,-9999,229397,103.85,-1,-0.222705786,0.330346969,0.582230334,0.431100315,0,0.346153846,2.057692308,N1 S1 O18,de-protonated,0,-9999,C52 H107 O18 N1 S1,52,107,18,1,-9999,1,-9999,-9999
598,1064.712867,1064.713373209,1064.713097263,65139280,-9999,229397,103.85,-1,0.259174391,0.329295273,0.513784664,0.403091029,18,0.107692308,1.523076923,N3 S1 O7,de-protonated,0,-9999,C65 H99 O7 N3 S1,65,99,7,3,-9999,1,-9999,-9999
598,1064.712867,1064.713373209,1064.714099585,65139280,-9999,229397,103.85,-1,-0.682225615,0.306338593,0.565425266,0.409973262,4,0.181818182,1.963636364,N3 S2 P1 O10,de-protonated,0,-9999,C55 H108 O10 N3 P1 S2,55,108,10,3,1,2,-9999,-9999
598,1064.712867,1064.713373209,1064.713230205,65139280,-9999,229397,103.85,-1,0.134312822,0.33224401,0.570956251,0.427728906,5,0.277777778,1.925925926,N3 P1 O15,de-protonated,0,-9999,C54 H104 O15 N3 P1,54,104,15,3,1,-9999,-9999,-9999
599,1064.767918,1064.768424239,1064.768761666,11121236,-9999,194277.2,16.15,-1,-0.316901717,0.490971365,0.552126353,0.51543336,25,0.013333333,1.373333333,N1 S1 O1,de-protonated,0,-9999,C75 H103 O1 N1 S1,75,103,1,1,-9999,1,-9999,-9999
599,1064.767918,1064.768424239,1064.768894607,11121236,-9999,194277.2,16.15,-1,-0.441756687,0.482605029,0.590944388,0.525940773,12,0.140625,1.6875,N1 P1 O9,de-protonated,0,-9999,C64 H108 O9 N1 P1,64,108,9,1,1,-9999,-9999,-9999
599,1064.767918,1064.768424239,1064.768110217,11121236,-9999,194277.2,16.15,-1,0.294920206,0.492170926,0.579826515,0.527233162,16,0.044776119,1.597014925,N3 S2 O3,de-protonated,0,-9999,C67 H107 O3 N3 S2,67,107,3,3,-9999,2,-9999,-9999
599,1064.767918,1064.768424239,1064.768243159,11121236,-9999,194277.2,16.15,-1,0.170065084,0.497382932,0.622788794,0.547545277,3,0.196428571,2,N3 S1 P1 O11,de-protonated,0,-9999,C56 H112 O11 N3 P1 S1,56,112,11,3,1,1,-9999,-9999
600,1064.82433,1064.824836269,1064.823907561,9777750,-9999,313296.1,13.97,-1,0.872169754,0.435538718,0.583485697,0.49471751,10,0.075757576,1.757575758,N1 S1 P1 O5,de-protonated,0,-9999,C66 H116 O5 N1 P1 S1,66,116,5,1,1,1,-9999,-9999
600,1064.82433,1064.824836269,1064.825625094,9777750,-9999,313296.1,13.97,-1,-0.740802828,0.452610117,0.587191358,0.506442613,10,0.061538462,1.769230769,N3 S2 O4,de-protonated,0,-9999,C65 H115 O4 N3 S2,65,115,4,3,-9999,2,-9999,-9999
600,1064.82433,1064.824836269,1064.824755715,9777750,-9999,313296.1,13.97,-1,0.07565004,0.499481061,0.590944388,0.536066392,11,0.140625,1.734375,N3 O9,de-protonated,0,-9999,C64 H111 O9 N3,64,111,9,3,-9999,-9999,-9999,-9999
601,1065.936752,1065.937258859,1065.937206719,14316166,-9999,319709.3,21.33,-1,0.048914963,0.499782973,0.548848821,0.519409312,16,0.026315789,1.605263158,O2,de-protonated,0,-9999,C76 H122 O2,76,122,2,-9999,-9999,-9999,-9999,-9999
601,1065.936752,1065.937258859,1065.93820904,14316166,-9999,319709.3,21.33,-1,-0.891403754,0.432866278,0.583485697,0.493114046,2,0.075757576,1.984848485,S1 P1 O5,de-protonated,0,-9999,C66 H131 O5 P1 S1,66,131,5,-9999,1,1,-9999,-9999
601,1065.936752,1065.937258859,1065.93655527,14316166,-9999,319709.3,21.33,-1,0.66006645,0.461994568,0.576212942,0.507681918,7,0.058823529,1.852941176,N2 S1 O4,de-protonated,0,-9999,C68 H126 O4 N2 S1,68,126,4,2,-9999,1,-9999,-9999
602,1066.717059,1066.717566273,1066.717513938,11203236,-9999,222105,16.28,-1,0.049061779,0.499781669,0.583485697,0.53326328,17,0.121212121,1.53030303,N1 S1 O8,de-protonated,0,-9999,C66 H101 O8 N1 S1,66,101,8,1,-9999,1,-9999,-9999
602,1066.717059,1066.717566273,1066.71851626,11203236,-9999,222105,16.28,-1,-0.890569093,0.432983114,0.622788794,0.508905386,3,0.196428571,1.964285714,N1 S2 P1 O11,de-protonated,0,-9999,C56 H110 O11 N1 P1 S2,56,110,11,1,1,2,-9999,-9999
602,1066.717059,1066.717566273,1066.71764688,11203236,-9999,222105,16.28,-1,-0.075565143,0.499482224,0.627012296,0.550494253,4,0.290909091,1.927272727,N1 P1 O16,de-protonated,0,-9999,C55 H106 O16 N1 P1,55,106,16,1,1,-9999,-9999,-9999
602,1066.717059,1066.717566273,1066.717133816,11203236,-9999,222105,16.28,-1,0.405409799,0.485308959,0.576212942,0.521670552,22,0.073529412,1.441176471,N3 P1 O5,de-protonated,0,-9999,C68 H98 O5 N3 P1,68,98,5,3,1,-9999,-9999,-9999
602,1066.717059,1066.717566273,1066.71686249,11203236,-9999,222105,16.28,-1,0.659766207,0.462027788,0.614510218,0.52302076,8,0.172413793,1.810344828,N3 S2 O10,de-protonated,0,-9999,C58 H105 O10 N3 S2,58,105,10,3,-9999,2,-9999,-9999
603,1067.947207,1067.947714926,1067.947334429,9974478,-9999,280385.4,14.28,-1,0.356288031,0.488614967,0.587191358,0.528045524,1,0.030769231,2.046153846,N2 S2 P1 O2,de-protonated,0,-9999,C65 H133 O2 N2 P1 S2,65,133,2,2,1,2,-9999,-9999
603,1067.947207,1067.947714926,1067.948182583,9974478,-9999,280385.4,14.28,-1,-0.437901693,0.482902071,0.594745702,0.527639523,2,0.095238095,2.031746032,N4 S1 O6,de-protonated,0,-9999,C63 H128 O6 N4 S1,63,128,6,4,-9999,1,-9999,-9999
604,1068.417755,1068.418263176,1068.418448636,18608860,-9999,199104.1,28.3,-1,-0.173583985,0.497273808,0.587191358,0.53324082799999994,33,0.138461538,1.030769231,N1 S2 O9,de-protonated,0,-9999,C65 H67 O9 N1 S2,65,67,9,1,-9999,2,-9999,-9999
604,1068.417755,1068.418263176,1068.417579257,18608860,-9999,199104.1,28.3,-1,0.640123816,0.464173292,0.590944388,0.51488173,34,0.21875,0.984375,N1 O14,de-protonated,0,-9999,C64 H63 O14 N1,64,63,14,1,-9999,-9999,-9999,-9999
604,1068.417755,1068.418263176,1068.418581578,18608860,-9999,199104.1,28.3,-1,-0.298012471,0.492007215,0.631293472,0.547721718,20,0.314814815,1.333333333,N1 S1 P1 O17,de-protonated,0,-9999,C54 H72 O17 N1 P1 S1,54,72,17,1,1,1,-9999,-9999
604,1068.417755,1068.418263176,1068.418068514,18608860,-9999,199104.1,28.3,-1,0.182196645,0.496997401,0.579826515,0.530129047,38,0.089552239,0.955223881,N3 S1 P1 O6,de-protonated,0,-9999,C67 H64 O6 N3 P1 S1,67,64,6,3,1,1,-9999,-9999
604,1068.417755,1068.418263176,1068.417930129,18608860,-9999,199104.1,28.3,-1,0.31171942,0.491261667,0.667769153,0.561864661,11,0.413043478,1.652173913,N3 S2 P1 O19,de-protonated,0,-9999,C46 H76 O19 N3 P1 S2,46,76,19,3,1,2,-9999,-9999
605,1068.782705,1068.78321337,1068.782436672,28373734,-9999,261301,44.16,-1,0.726713064,0.302874275,0.51866191,0.389189329,10,0.109375,1.75,N1 S1 P1 O7,de-protonated,0,-9999,C64 H112 O7 N1 P1 S1,64,112,7,1,1,1,-9999,-9999
605,1068.782705,1068.78321337,1068.784154205,28373734,-9999,261301,44.16,-1,-0.880285207,0.289610823,0.523600568,0.383206721,10,0.095238095,1.761904762,N3 S2 O6,de-protonated,0,-9999,C63 H111 O6 N3 S2,63,111,6,3,-9999,2,-9999,-9999
605,1068.782705,1068.78321337,1068.783284825,28373734,-9999,261301,44.16,-1,-0.066856407,0.333063098,0.528601492,0.411278455,11,0.177419355,1.725806452,N3 O11,de-protonated,0,-9999,C62 H107 O11 N3,62,107,11,3,-9999,-9999,-9999,-9999
606,1068.787473,1068.787981372,1068.788176957,40497896,-9999,288596.3,63.84,-1,-0.182996363,0.331314043,0.499512996,0.398593624,14,0.058823529,1.632352941,N1 S2 O4,de-protonated,0,-9999,C68 H111 O4 N1 S2,68,111,4,1,-9999,2,-9999,-9999
606,1068.787473,1068.787981372,1068.787307577,40497896,-9999,288596.3,63.84,-1,0.630429942,0.3101412,0.504211037,0.387769135,15,0.134328358,1.597014925,N1 O9,de-protonated,0,-9999,C67 H107 O9 N1,67,107,9,1,-9999,-9999,-9999,-9999
606,1068.787473,1068.787981372,1068.788309898,40497896,-9999,288596.3,63.84,-1,-0.307381805,0.3276674,0.554570712,0.418428725,1,0.210526316,2.035087719,N1 S1 P1 O12,de-protonated,0,-9999,C57 H116 O12 N1 P1 S1,57,116,12,1,1,1,-9999,-9999
606,1068.787473,1068.787981372,1068.787796834,40497896,-9999,288596.3,63.84,-1,0.172661188,0.331535092,0.49029038,0.395037207,19,0.014285714,1.542857143,N3 S1 P1 O1,de-protonated,0,-9999,C70 H108 O1 N3 P1 S1,70,108,1,3,1,1,-9999,-9999
607,1068.899269,1068.899777432,1068.899835408,44954348,-9999,252636.5,71.08,-1,-0.054239419,0.333155445,0.504211037,0.401577682,7,0.089552239,1.835820896,N1 S1 O6,de-protonated,0,-9999,C67 H123 O6 N1 S1,67,123,6,1,-9999,1,-9999,-9999
607,1068.899269,1068.899777432,1068.899455286,44954348,-9999,252636.5,71.08,-1,0.301381026,0.327884664,0.494873046,0.394680016,12,0.043478261,1.739130435,N3 P1 O3,de-protonated,0,-9999,C69 H120 O3 N3 P1,69,120,3,3,1,-9999,-9999,-9999
608,1068.952806,1068.95331446,1068.953978982,9958124,-9999,248951,14.26,-1,-0.621656489,0.466140002,0.576212942,0.510169178,6,0.102941176,1.867647059,N1 O7,de-protonated,0,-9999,C68 H127 O7 N1,68,127,7,1,-9999,-9999,-9999,-9999
609,1070.920364,1070.920873505,1070.921847957,10122010,-9999,307470.5,14.52,-1,-0.909919109,0.430254612,0.594745702,0.496051048,1,0.047619048,2.063492063,N3 S2 P1 O3,de-protonated,0,-9999,C63 H130 O3 N3 P1 S2,63,130,3,3,1,2,-9999,-9999
609,1070.920364,1070.920873505,1070.920978577,10122010,-9999,307470.5,14.52,-1,-0.09811404,0.499127417,0.598596236,0.538914945,2,0.129032258,2.032258065,N3 P1 O8,de-protonated,0,-9999,C62 H126 O8 N3 P1,62,126,8,3,1,-9999,-9999,-9999
610,1071.089176,1071.089685594,1071.090018964,21230366,-9999,282421.8,32.56,-1,-0.311243639,0.491288087,0.569119254,0.522420554,2,0.042857143,2.014285714,N3 O3,de-protonated,0,-9999,C70 H141 O3 N3,70,141,3,3,-9999,-9999,-9999,-9999
610,1071.089176,1071.089685594,1071.089613128,21230366,-9999,282421.8,32.56,-1,0.067656043,0.499584896,0.649019222,0.559358627,37,0.36,0.66,N4 S2 P1 O18,de-protonated,0,-9999,C50 H33 O18 N4 P1 S2,50,33,18,4,1,2,-9999,-9999
610,1071.089176,1071.089685594,1071.088743749,21230366,-9999,282421.8,32.56,-1,0.879334752,0.434548083,0.653607294,0.522171768,38,0.469387755,0.591836735,N4 P1 O23,de-protonated,0,-9999,C49 H29 O23 N4 P1,49,29,23,4,1,-9999,-9999,-9999
611,1071.872108,1071.87261801,1071.873500782,17855276,-9999,291872.4,27.08,-1,-0.823579099,0.442099347,0.579826515,0.497190214,6,0.044776119,1.865671642,S2 P1 O3,de-protonated,0,-9999,C67 H125 O3 P1 S2,67,125,3,-9999,1,2,-9999,-9999
611,1071.872108,1071.87261801,1071.872631402,17855276,-9999,291872.4,27.08,-1,-0.012494714,0.499985837,0.583485697,0.533385781,7,0.121212121,1.833333333,P1 O8,de-protonated,0,-9999,C66 H121 O8 P1,66,121,8,-9999,1,-9999,-9999,-9999
611,1071.872108,1071.87261801,1071.871847012,17855276,-9999,291872.4,27.08,-1,0.719300232,0.455195888,0.572644131,0.502175185,11,0.028985507,1.739130435,N2 S2 O2,de-protonated,0,-9999,C69 H120 O2 N2 S2,69,120,2,2,-9999,2,-9999,-9999
612,1072.043874,1072.044384101,1072.045043093,8794927,-9999,212871.3,12.37,-1,-0.614705576,0.46686744,0.565637507,0.506375467,2,0.042253521,1.971830986,S1 O3,de-protonated,0,-9999,C71 H140 O3 S1,71,140,3,-9999,-9999,1,-9999,-9999
612,1072.043874,1072.044384101,1072.043767877,8794927,-9999,212871.3,12.37,-1,0.574811835,0.941809537,0,0.565085722,38,0.46,0.56,N1 S1 P1 O23,de-protonated,0,-9999,C50 H28 O23 N1 P1 S1,50,28,23,1,1,1,-9999,-9999
613,1072.100329,1072.100839131,1072.101282755,20738864,-9999,268329.6,31.76,-1,-0.413789261,0.484704861,0.658260696,0.554127195,32,0.5,0.75,N1 S1 P1 O24,de-protonated,0,-9999,C48 H36 O24 N1 P1 S1,48,36,24,1,1,1,-9999,-9999
614,1075.037874,1075.03838569,1075.038184065,11670354,-9999,182509.5,17.04,-1,0.18755174,0.496818874,0.569119254,0.525739026,1,0.014285714,2.014285714,N1 S2 O1,de-protonated,0,-9999,C70 H141 O1 N1 S2,70,141,1,1,-9999,2,-9999,-9999
614,1075.037874,1075.03838569,1075.037314685,11670354,-9999,182509.5,17.04,-1,0.996249282,0.417597473,0.572644131,0.479616136,2,0.086956522,1.985507246,N1 O6,de-protonated,0,-9999,C69 H137 O6 N1,69,137,6,1,-9999,-9999,-9999,-9999
614,1075.037874,1075.03838569,1075.037757003,11670354,-9999,182509.5,17.04,-1,0.584805155,0.939831271,0,0.563898762,38,0.531914894,0.510638298,N4 S1 O25,de-protonated,0,-9999,C47 H24 O25 N4 S1,47,24,25,4,-9999,1,-9999,-9999
615,1075.093589,1075.09410072,1075.095075175,33354578,-9999,215102.3,52.24,-1,-0.906390277,0.430755283,0.627012296,0.509258088,40,0.363636364,0.6,S1 P1 O20,de-protonated,0,-9999,C55 H33 O20 P1 S1,55,33,20,-9999,1,1,-9999,-9999
615,1075.093589,1075.09410072,1075.094423727,33354578,-9999,215102.3,52.24,-1,-0.300445278,0.491877255,0.662980834,0.560318686,31,0.468085106,0.787234043,N2 S2 P1 O22,de-protonated,0,-9999,C47 H37 O22 N2 P1 S2,47,37,22,2,1,2,-9999,-9999
616,1075.206538,1075.20704978,1075.207603007,16479059,-9999,255971,24.85,-1,-0.51453053,0.476549248,0.627012296,0.536734467,32,0.309090909,0.890909091,S2 P1 O17,de-protonated,0,-9999,C55 H49 O17 P1 S2,55,49,17,-9999,1,2,-9999,-9999
616,1075.206538,1075.20704978,1075.206733627,16479059,-9999,255971,24.85,-1,0.294039018,0.492217276,0.631293472,0.547847754,33,0.407407407,0.833333333,P1 O22,de-protonated,0,-9999,C54 H45 O22 P1,54,45,22,-9999,1,-9999,-9999,-9999
616,1075.206538,1075.20704978,1075.206082178,16479059,-9999,255971,24.85,-1,0.899921818,0.431669477,0.667769153,0.526109347,24,0.52173913,1.065217391,N2 S1 P1 O24,de-protonated,0,-9999,C46 H49 O24 N2 P1 S1,46,49,24,2,1,1,-9999,-9999
616,1075.206538,1075.20704978,1075.208071038,16479059,-9999,255971,24.85,-1,-0.949823402,0.424499801,0.627012296,0.505504799,38,0.327272727,0.745454545,N4 P1 O18,de-protonated,0,-9999,C55 H41 O18 N4 P1,55,41,18,4,1,-9999,-9999,-9999
616,1075.206538,1075.20704978,1075.207799711,16479059,-9999,255971,24.85,-1,-0.697475993,0.457756899,0.672627142,0.543704996,24,0.511111111,1.066666667,N4 S2 O23,de-protonated,0,-9999,C45 H48 O23 N4 S2,45,48,23,4,-9999,2,-9999,-9999
617,1076.767327,1076.767839608,1076.768761666,15774554,-9999,156034.7,23.7,-1,-0.856319004,0.437709304,0.548848821,0.482165111,26,0.013157895,1.355263158,N1 S1 O1,de-protonated,0,-9999,C76 H103 O1 N1 S1,76,103,1,1,-9999,1,-9999,-9999
617,1076.767327,1076.767839608,1076.768894607,15774554,-9999,156034.7,23.7,-1,-0.979782467,0.420070324,0.587191358,0.486918737,13,0.138461538,1.661538462,N1 P1 O9,de-protonated,0,-9999,C65 H108 O9 N1 P1,65,108,9,1,1,-9999,-9999,-9999
617,1076.767327,1076.767839608,1076.767753901,15774554,-9999,156034.7,23.7,-1,0.079596316,0.49942554,0.631293472,0.552172713,0,0.351851852,2.055555556,N1 O19,de-protonated,0,-9999,C54 H111 O19 N1,54,111,19,1,-9999,-9999,-9999,-9999
617,1076.767327,1076.767839608,1076.768110217,15774554,-9999,156034.7,23.7,-1,-0.251315833,0.494302592,0.576212942,0.527066732,17,0.044117647,1.573529412,N3 S2 O3,de-protonated,0,-9999,C68 H107 O3 N3 S2,68,107,3,3,-9999,2,-9999,-9999
617,1076.767327,1076.767839608,1076.767240837,15774554,-9999,156034.7,23.7,-1,0.556082107,0.472718091,0.579826515,0.515561461,18,0.119402985,1.537313433,N3 O8,de-protonated,0,-9999,C67 H103 O8 N3,67,103,8,3,-9999,-9999,-9999,-9999
617,1076.767327,1076.767839608,1076.768243159,15774554,-9999,156034.7,23.7,-1,-0.374779444,0.487417908,0.618621811,0.539899469,4,0.192982456,1.964912281,N3 S1 P1 O11,de-protonated,0,-9999,C57 H112 O11 N3 P1 S1,57,112,11,3,1,1,-9999,-9999
618,1077.078886,1077.079398774,1077.078559187,19067740,-9999,283826.8,29.05,-1,0.7795035,0.44780381,0.653607294,0.530125203,36,0.510204082,0.612244898,N2 S1 O25,de-protonated,0,-9999,C49 H30 O25 N2 S1,49,30,25,2,-9999,1,-9999,-9999
618,1077.078886,1077.079398774,1077.07945428,19067740,-9999,283826.8,29.05,-1,-0.051534251,0.499759114,0.562198102,0.524734709,5,0.027777778,1.930555556,N3 O2,de-protonated,0,-9999,C72 H139 O2 N3,72,139,2,3,-9999,-9999,-9999,-9999
618,1077.078886,1077.079398774,1077.079048444,19067740,-9999,283826.8,29.05,-1,0.325258538,0.490493524,0.640033642,0.550309571,40,0.326923077,0.596153846,N4 S2 P1 O17,de-protonated,0,-9999,C52 H31 O17 N4 P1 S2,52,31,17,4,1,2,-9999,-9999
619,1077.083413,1077.083925776,1077.084921671,11924315,-9999,365645.3,17.45,-1,-0.924620882,0.856308307,0,0.513784984,31,0.488888889,0.777777778,N4 S2 P1 O22,de-protonated,0,-9999,C45 H35 O22 N4 P1 S2,45,35,22,4,1,2,-9999,-9999
620,1077.250124,1077.250636864,1077.250255666,16544603,-9999,285546.2,24.95,-1,0.353862383,0.488767712,0.672627142,0.562311484,17,0.533333333,1.311111111,S2 P1 O24,de-protonated,0,-9999,C45 H59 O24 P1 S2,45,59,24,-9999,1,2,-9999,-9999
620,1077.250124,1077.250636864,1077.249742602,16544603,-9999,285546.2,24.95,-1,0.830134886,0.441230523,0.614510218,0.510542401,35,0.224137931,0.879310345,N2 S2 P1 O13,de-protonated,0,-9999,C58 H51 O13 N2 P1 S2,58,51,13,2,1,2,-9999,-9999
620,1077.250124,1077.250636864,1077.250590755,16544603,-9999,285546.2,24.95,-1,0.042802875,0.499833813,0.622788794,0.549015805,36,0.303571429,0.821428571,N4 S1 O17,de-protonated,0,-9999,C56 H46 O17 N4 S1,56,46,17,4,-9999,1,-9999,-9999
620,1077.250124,1077.250636864,1077.251593077,16544603,-9999,285546.2,24.95,-1,-0.887640532,0.433392438,0.667769153,0.527143124,22,0.434782609,1.195652174,N4 S2 P1 O20,de-protonated,0,-9999,C46 H55 O20 N4 P1 S2,46,55,20,4,1,2,-9999,-9999
620,1077.250124,1077.250636864,1077.250723697,16544603,-9999,285546.2,24.95,-1,-0.080605476,0.499410889,0.672627142,0.56869739,23,0.555555556,1.133333333,N4 P1 O25,de-protonated,0,-9999,C45 H51 O25 N4 P1,45,51,25,4,1,-9999,-9999,-9999
621,1077.307039,1077.307551895,1077.307908928,18019164,-9999,263455.2,27.35,-1,-0.33141248,0.490133999,0.590944388,0.530458155,38,0.1875,0.859375,S1 P1 O12,de-protonated,0,-9999,C64 H55 O12 P1 S1,64,55,12,-9999,1,1,-9999,-9999
621,1077.307039,1077.307551895,1077.306768222,18019164,-9999,263455.2,27.35,-1,0.727436945,0.454224647,0.635633513,0.526788194,25,0.41509434,1.094339623,S1 O22,de-protonated,0,-9999,C53 H58 O22 S1,53,58,22,-9999,-9999,1,-9999,-9999
621,1077.307039,1077.307551895,1077.307770544,18019164,-9999,263455.2,27.35,-1,-0.20295858,0.496276797,0.6825583,0.570789398,11,0.581395349,1.558139535,S2 P1 O25,de-protonated,0,-9999,C43 H67 O25 P1 S2,43,67,25,-9999,1,2,-9999,-9999
621,1077.307039,1077.307551895,1077.307257479,18019164,-9999,263455.2,27.35,-1,0.273288231,0.493269826,0.622788794,0.545077413,29,0.25,1.053571429,N2 S2 P1 O14,de-protonated,0,-9999,C56 H59 O14 N2 P1 S2,56,59,14,2,1,2,-9999,-9999
621,1077.307039,1077.307551895,1077.308105632,18019164,-9999,263455.2,27.35,-1,-0.514001308,0.476596317,0.631293472,0.538475179,30,0.333333333,1,N4 S1 O18,de-protonated,0,-9999,C54 H54 O18 N4 S1,54,54,18,4,-9999,1,-9999,-9999
622,1077.3107440000001,1077.311256897,1077.311280231,16773979,-9999,293480.8,25.32,-1,-0.021660071,0.499957438,0.602496955,0.540973245,33,0.196721311,0.967213115,S2 P1 O12,de-protonated,0,-9999,C61 H59 O12 P1 S2,61,59,12,-9999,1,2,-9999,-9999
622,1077.3107440000001,1077.311256897,1077.310410851,16773979,-9999,293480.8,25.32,-1,0.785330971,0.44706347,0.606448844,0.51081762,34,0.283333333,0.916666667,P1 O17,de-protonated,0,-9999,C60 H55 O17 P1,60,55,17,-9999,1,-9999,-9999,-9999
622,1077.3107440000001,1077.311256897,1077.312128384,16773979,-9999,293480.8,25.32,-1,-0.808946438,0.444019777,0.610452919,0.510593034,34,0.271186441,0.915254237,N2 S1 O16,de-protonated,0,-9999,C59 H54 O16 N2 S1,59,54,16,2,-9999,1,-9999,-9999
622,1077.3107440000001,1077.311256897,1077.312261326,16773979,-9999,293480.8,25.32,-1,-0.932347635,0.42704091,0.658260696,0.519528824,21,0.5,1.229166667,N2 P1 O24,de-protonated,0,-9999,C48 H59 O24 N2 P1,48,59,24,2,1,-9999,-9999,-9999
622,1077.3107440000001,1077.311256897,1077.311748262,16773979,-9999,293480.8,25.32,-1,-0.456103156,0.481478372,0.602496955,0.529885805,39,0.213114754,0.836065574,N4 P1 O13,de-protonated,0,-9999,C61 H51 O13 N4 P1,61,51,13,4,1,-9999,-9999,-9999
622,1077.3107440000001,1077.311256897,1077.311476936,16773979,-9999,293480.8,25.32,-1,-0.204248385,0.496229505,0.644495114,0.555535748,25,0.352941176,1.137254902,N4 S2 O18,de-protonated,0,-9999,C51 H58 O18 N4 S2,51,58,18,4,-9999,2,-9999,-9999
622,1077.3107440000001,1077.311256897,1077.310607556,16773979,-9999,293480.8,25.32,-1,0.602742363,0.468102874,0.649019222,0.540469413,26,0.46,1.08,N4 O23,de-protonated,0,-9999,C50 H54 O23 N4,50,54,23,4,-9999,-9999,-9999,-9999
623,1078.103961,1078.104474318,1078.105322763,26866524,-9999,268807.1,41.71,-1,-0.786978533,0.446853383,0.667769153,0.535219691,30,0.47826087,0.826086957,N3 S2 P1 O22,de-protonated,0,-9999,C46 H38 O22 N3 P1 S2,46,38,22,3,1,2,-9999,-9999
624,1078.332295,1078.332808439,1078.332529477,9220956,-9999,257597.4,13.06,-1,0.25869774,0.987930067,0,0.59275804,33,0.266666667,0.95,N1 S1 O16,de-protonated,0,-9999,C60 H57 O16 N1 S1,60,57,16,1,-9999,1,-9999,-9999
624,1078.332295,1078.332808439,1078.333531798,9220956,-9999,257597.4,13.06,-1,-0.670812314,0.921594514,0,0.552956708,19,0.38,1.32,N1 S2 P1 O19,de-protonated,0,-9999,C50 H66 O19 N1 P1 S2,50,66,19,1,1,2,-9999,-9999
624,1078.332295,1078.332808439,1078.332662418,9220956,-9999,257597.4,13.06,-1,0.135413183,0.996678353,0,0.598007012,20,0.489795918,1.265306122,N1 P1 O24,de-protonated,0,-9999,C49 H62 O24 N1 P1,49,62,24,1,1,-9999,-9999,-9999
624,1078.332295,1078.332808439,1078.333018734,9220956,-9999,257597.4,13.06,-1,-0.195018754,0.496561422,0.594745702,0.535835134,37,0.126984127,0.920634921,N3 S2 P1 O8,de-protonated,0,-9999,C63 H58 O8 N3 P1 S2,63,58,8,3,1,2,-9999,-9999
624,1078.332295,1078.332808439,1078.332149354,9220956,-9999,257597.4,13.06,-1,0.61120751,0.46723085600000003,0.598596236,0.519777008,38,0.209677419,0.870967742,N3 P1 O13,de-protonated,0,-9999,C62 H54 O13 N3 P1,62,54,13,3,1,-9999,-9999,-9999
624,1078.332295,1078.332808439,1078.331878028,9220956,-9999,257597.4,13.06,-1,0.862824226,0.873643996,0,0.524186398,24,0.346153846,1.173076923,N3 S2 O18,de-protonated,0,-9999,C52 H61 O18 N3 S2,52,61,18,3,-9999,2,-9999,-9999
625,1079.190875,1079.191388895,1079.19213239,10777435,-9999,239500.3,15.59,-1,-0.688937225,0.458741235,0.635633513,0.529498146,32,0.433962264,0.830188679,S1 O23,de-protonated,0,-9999,C53 H44 O23 S1,53,44,23,-9999,-9999,1,-9999,-9999
625,1079.190875,1079.191388895,1079.191752268,10777435,-9999,239500.3,15.59,-1,-0.336708571,0.489819413,0.627012296,0.544696566,37,0.363636364,0.745454545,N2 P1 O20,de-protonated,0,-9999,C55 H41 O20 N2 P1,55,41,20,2,1,-9999,-9999,-9999
625,1079.190875,1079.191388895,1079.191480942,10777435,-9999,239500.3,15.59,-1,-0.085292512,0.998680866,0,0.599208519,23,0.555555556,1.066666667,N2 S2 O25,de-protonated,0,-9999,C45 H48 O25 N2 S2,45,48,25,2,-9999,2,-9999,-9999
625,1079.190875,1079.191388895,1079.191100819,10777435,-9999,239500.3,15.59,-1,0.266936567,0.987154073,0,0.592292444,28,0.468085106,0.957446809,N4 S1 P1 O22,de-protonated,0,-9999,C47 H45 O22 N4 P1 S1,47,45,22,4,1,1,-9999,-9999
626,1079.303282,1079.303795954,1079.304660222,15725402,-9999,261116.7,23.62,-1,-0.80076309,0.445082338,0.635633513,0.521302808,24,0.377358491,1.132075472,S2 O20,de-protonated,0,-9999,C53 H60 O20 S2,53,60,20,-9999,-9999,2,-9999,-9999
626,1079.303282,1079.303795954,1079.303790842,15725402,-9999,261116.7,23.62,-1,0.004736882,0.499997964,0.640033642,0.556012235,25,0.480769231,1.076923077,O25,de-protonated,0,-9999,C52 H56 O25,52,56,25,-9999,-9999,-9999,-9999,-9999
626,1079.303282,1079.303795954,1079.304280099,15725402,-9999,261116.7,23.62,-1,-0.448571199,0.482074033,0.627012296,0.540049338,29,0.309090909,1.036363636,N2 S1 P1 O17,de-protonated,0,-9999,C55 H57 O17 N2 P1 S1,55,57,17,2,1,1,-9999,-9999
626,1079.303282,1079.303795954,1079.30362865,15725402,-9999,261116.7,23.62,-1,0.155010935,0.497824785,0.662980834,0.563887205,20,0.404255319,1.29787234,N4 S2 P1 O19,de-protonated,0,-9999,C47 H61 O19 N4 P1 S2,47,61,19,4,1,2,-9999,-9999
626,1079.303282,1079.303795954,1079.302759271,15725402,-9999,261116.7,23.62,-1,0.960512448,0.422929887,0.667769153,0.520865594,21,0.52173913,1.239130435,N4 P1 O24,de-protonated,0,-9999,C46 H57 O24 N4 P1,46,57,24,4,1,-9999,-9999,-9999
627,1080.988853,1080.989367849,1080.990364492,8844115,-9999,276949.6,12.45,-1,-0.921971756,0.428534361,0.569119254,0.484768318,6,0.085714286,1.871428571,N1 O6,de-protonated,0,-9999,C70 H131 O6 N1,70,131,6,1,-9999,-9999,-9999,-9999
628,1081.477024,1081.477539108,1081.477737162,23262032,-9999,293247.4,35.86,-1,-0.183132115,0.496966583,0.590944388,0.534557705,28,0.203125,1.15625,S1 O13,de-protonated,0,-9999,C64 H74 O13 S1,64,74,13,-9999,-9999,1,-9999,-9999
628,1081.477024,1081.477539108,1081.477870103,23262032,-9999,293247.4,35.86,-1,-0.306058075,0.491573524,0.635633513,0.54919752,15,0.396226415,1.490566038,P1 O21,de-protonated,0,-9999,C53 H79 O21 P1,53,79,21,-9999,1,-9999,-9999,-9999
628,1081.477024,1081.477539108,1081.478226419,23262032,-9999,293247.4,35.86,-1,-0.635528888,0.464667234,0.579826515,0.510730947,32,0.074626866,1.119402985,N2 S2 P1 O5,de-protonated,0,-9999,C67 H75 O5 N2 P1 S2,67,75,5,2,1,2,-9999,-9999
628,1081.477024,1081.477539108,1081.477357039,23262032,-9999,293247.4,35.86,-1,0.168352313,0.497435246,0.583485697,0.531855426,33,0.151515152,1.075757576,N2 P1 O10,de-protonated,0,-9999,C66 H71 O10 N2 P1,66,71,10,2,1,-9999,-9999,-9999
628,1081.477024,1081.477539108,1081.477085713,23262032,-9999,293247.4,35.86,-1,0.419237153,0.484305892,0.622788794,0.539699053,19,0.267857143,1.392857143,N2 S2 O15,de-protonated,0,-9999,C56 H78 O15 N2 S2,56,78,15,2,-9999,2,-9999,-9999
628,1081.477024,1081.477539108,1081.477218655,23262032,-9999,293247.4,35.86,-1,0.296311045,0.492097497,0.672627142,0.564309355,6,0.511111111,1.844444444,N2 S1 P1 O23,de-protonated,0,-9999,C45 H83 O23 N2 P1 S1,45,83,23,2,1,1,-9999,-9999
628,1081.477024,1081.477539108,1081.476572649,23262032,-9999,293247.4,35.86,-1,0.89364823,0.288367806,0.494873046,0.370969902,37,0.057971014,1.014492754,N4 S2 O4,de-protonated,0,-9999,C69 H70 O4 N4 S2,69,70,4,4,-9999,2,-9999,-9999
628,1081.477024,1081.477539108,1081.47670559,23262032,-9999,293247.4,35.86,-1,0.770722005,0.448911304,0.614510218,0.51515087,24,0.206896552,1.293103448,N4 S1 P1 O12,de-protonated,0,-9999,C58 H75 O12 N4 P1 S1,58,75,12,4,1,1,-9999,-9999
629,1081.48178,1081.482295111,1081.482249171,11367248,-9999,307049.3,16.55,-1,0.042478616,0.499836321,0.562198102,0.524781033,36,0.041666667,1.041666667,S2 P1 O3,de-protonated,0,-9999,C72 H75 O3 P1 S2,72,75,3,-9999,1,2,-9999,-9999
629,1081.48178,1081.482295111,1081.481379791,11367248,-9999,307049.3,16.55,-1,0.846357373,0.439058486,0.565637507,0.489690094,37,0.112676056,1,P1 O8,de-protonated,0,-9999,C71 H71 O8 P1,71,71,8,-9999,1,-9999,-9999,-9999
629,1081.48178,1081.482295111,1081.481241407,11367248,-9999,307049.3,16.55,-1,0.974315716,0.420885352,0.649019222,0.5121389,10,0.42,1.66,S1 P1 O21,de-protonated,0,-9999,C50 H83 O21 P1 S1,50,83,21,-9999,1,1,-9999,-9999
629,1081.48178,1081.482295111,1081.483097324,11367248,-9999,307049.3,16.55,-1,-0.741771464,0.452492194,0.569119254,0.499143018,37,0.1,1,N2 S1 O7,de-protonated,0,-9999,C70 H70 O7 N2 S1,70,70,7,2,-9999,1,-9999,-9999
629,1081.48178,1081.482295111,1081.483230266,11367248,-9999,307049.3,16.55,-1,-0.864696746,0.436565679,0.610452919,0.506120575,24,0.254237288,1.271186441,N2 P1 O15,de-protonated,0,-9999,C59 H75 O15 N2 P1,59,75,15,2,1,-9999,-9999,-9999
629,1081.48178,1081.482295111,1081.48295894,11367248,-9999,307049.3,16.55,-1,-0.613813528,0.933920571,0,0.560352343,10,0.408163265,1.673469388,N2 S2 O20,de-protonated,0,-9999,C49 H82 O20 N2 S2,49,82,20,2,-9999,2,-9999,-9999
629,1081.48178,1081.482295111,1081.48208956,11367248,-9999,307049.3,16.55,-1,0.190064173,0.993466712,0,0.596080027,11,0.520833333,1.625,N2 O25,de-protonated,0,-9999,C48 H78 O25 N2,48,78,25,2,-9999,-9999,-9999,-9999
629,1081.48178,1081.482295111,1081.482445875,11367248,-9999,307049.3,16.55,-1,-0.139405518,0.498239977,0.598596236,0.538382481,28,0.14516129,1.193548387,N4 S2 O9,de-protonated,0,-9999,C62 H74 O9 N4 S2,62,74,9,4,-9999,2,-9999,-9999
629,1081.48178,1081.482295111,1081.481576495,11367248,-9999,307049.3,16.55,-1,0.664472946,0.461505557,0.602496955,0.517902116,29,0.229508197,1.147540984,N4 O14,de-protonated,0,-9999,C61 H70 O14 N4,61,70,14,4,-9999,-9999,-9999,-9999
629,1081.48178,1081.482295111,1081.482578817,11367248,-9999,307049.3,16.55,-1,-0.262330948,0.493795394,0.644495114,0.554075282,15,0.333333333,1.549019608,N4 S1 P1 O17,de-protonated,0,-9999,C51 H79 O17 N4 P1 S1,51,79,17,4,1,1,-9999,-9999
630,1082.339474,1082.339989566,1082.340198314,11629387,-9999,217441.8,16.97,-1,-0.192867401,0.496636614,0.579826515,0.529912575,40,0.134328358,0.850746269,N1 S2 O9,de-protonated,0,-9999,C67 H57 O9 N1 S2,67,57,9,1,-9999,2,-9999,-9999
630,1082.339474,1082.339989566,1082.340331256,11629387,-9999,217441.8,16.97,-1,-0.315695407,0.491039352,0.622788794,0.543739129,27,0.303571429,1.107142857,N1 S1 P1 O17,de-protonated,0,-9999,C56 H62 O17 N1 P1 S1,56,62,17,1,1,1,-9999,-9999
630,1082.339474,1082.339989566,1082.339679807,11629387,-9999,217441.8,16.97,-1,0.28619371,0.985248004,0,0.591148803,18,0.395833333,1.375,N3 S2 P1 O19,de-protonated,0,-9999,C48 H66 O19 N3 P1 S2,48,66,19,3,1,2,-9999,-9999
631,1083.111739,1083.112254976,1083.111774068,9925444,-9999,289480.4,14.21,-1,0.444006077,0.964861176,0,0.578916705,37,0.388888889,0.666666667,S2 O21,de-protonated,0,-9999,C54 H36 O21 S2,54,36,21,-9999,-9999,2,-9999,-9999
631,1083.111739,1083.112254976,1083.11324442,9925444,-9999,289480.4,14.21,-1,-0.91351855,0.859485042,0,0.515691025,29,0.568181818,0.840909091,N4 S1 P1 O25,de-protonated,0,-9999,C44 H37 O25 N4 P1 S1,44,37,25,4,1,1,-9999,-9999
632,1083.171691,1083.172207008,1083.172931575,10449732,-9999,195047.9,15.06,-1,-0.668929988,0.461008158,0.610452919,0.520786062,40,0.288135593,0.694915254,S1 P1 O17,de-protonated,0,-9999,C59 H41 O17 P1 S1,59,41,17,-9999,1,1,-9999,-9999
632,1083.171691,1083.172207008,1083.172280126,10449732,-9999,195047.9,15.06,-1,-0.067503737,0.999173525,0,0.599504115,31,0.37254902,0.882352941,N2 S2 P1 O19,de-protonated,0,-9999,C51 H45 O19 N2 P1 S2,51,45,19,2,1,2,-9999,-9999
632,1083.171691,1083.172207008,1083.171410746,10449732,-9999,195047.9,15.06,-1,0.73512067,0.906598762,0,0.543959257,32,0.48,0.82,N2 P1 O24,de-protonated,0,-9999,C50 H41 O24 N2 P1,50,41,24,2,1,-9999,-9999,-9999
632,1083.171691,1083.172207008,1083.173128279,10449732,-9999,195047.9,15.06,-1,-0.850530097,0.876989515,0,0.526193709,32,0.469387755,0.816326531,N4 S1 O23,de-protonated,0,-9999,C49 H40 O23 N4 S1,49,40,23,4,-9999,1,-9999,-9999
633,1083.545568,1083.546084206,1083.545028877,35844928,-9999,286574.7,56.29,-1,0.97396009,0.280625512,0.494873046,0.366324525,30,0.130434783,1.15942029,S1 O9,de-protonated,0,-9999,C69 H80 O9 S1,69,80,9,-9999,-9999,1,-9999,-9999
633,1083.545568,1083.546084206,1083.546031198,35844928,-9999,286574.7,56.29,-1,0.04892087,0.333188614,0.543986559,0.417507792,16,0.203389831,1.508474576,S2 P1 O12,de-protonated,0,-9999,C59 H89 O12 P1 S2,59,89,12,-9999,1,2,-9999,-9999
633,1083.545568,1083.546084206,1083.545161818,35844928,-9999,286574.7,56.29,-1,0.851268518,0.29226319,0.549245293,0.395056031,17,0.293103448,1.465517241,P1 O17,de-protonated,0,-9999,C58 H85 O17 P1,58,85,17,-9999,1,-9999,-9999,-9999
633,1083.545568,1083.546084206,1083.545518134,35844928,-9999,286574.7,56.29,-1,0.52242592,0.31722789,0.481293734,0.382854227,34,0.013888889,1.125,N2 S2 P1 O1,de-protonated,0,-9999,C72 H81 O1 N2 P1 S2,72,81,1,2,1,2,-9999,-9999
633,1083.545568,1083.546084206,1083.546879351,35844928,-9999,286574.7,56.29,-1,-0.733835491,0.302303124,0.554570712,0.40321016,17,0.280701754,1.473684211,N2 S1 O16,de-protonated,0,-9999,C57 H84 O16 N2 S1,57,84,16,2,-9999,1,-9999,-9999
633,1083.545568,1083.546084206,1083.547012293,35844928,-9999,286574.7,56.29,-1,-0.856526644,0.437681058,0.667769153,0.529716296,4,0.52173913,1.934782609,N2 P1 O24,de-protonated,0,-9999,C46 H89 O24 N2 P1,46,89,24,2,1,-9999,-9999,-9999
633,1083.545568,1083.546084206,1083.546366287,35844928,-9999,286574.7,56.29,-1,-0.260331182,0.329259367,0.49029038,0.393671773,35,0.071428571,1.085714286,N4 S1 O5,de-protonated,0,-9999,C70 H76 O5 N4 S1,70,76,5,4,-9999,1,-9999,-9999
633,1083.545568,1083.546084206,1083.546499229,35844928,-9999,286574.7,56.29,-1,-0.383022451,0.324577178,0.543986559,0.41234093,22,0.220338983,1.372881356,N4 P1 O13,de-protonated,0,-9999,C59 H81 O13 N4 P1,59,81,13,4,1,-9999,-9999,-9999
633,1083.545568,1083.546084206,1083.546227903,35844928,-9999,286574.7,56.29,-1,-0.132616839,0.498406954,0.653607294,0.56048709,8,0.367346939,1.795918367,N4 S2 O18,de-protonated,0,-9999,C49 H88 O18 N4 S2,49,88,18,4,-9999,2,-9999,-9999
633,1083.545568,1083.546084206,1083.545358523,35844928,-9999,286574.7,56.29,-1,0.669730518,0.460918525,0.658260696,0.539855393,9,0.479166667,1.75,N4 O23,de-protonated,0,-9999,C48 H84 O23 N4,48,84,23,4,-9999,-9999,-9999,-9999
634,1084.14851,1084.149026526,1084.149281776,9057083,-9999,213137.5,12.8,-1,-0.235437848,0.989992533,0,0.59399552,27,0.531914894,0.914893617,N1 S2 O25,de-protonated,0,-9999,C47 H43 O25 N1 S2,47,43,25,1,-9999,2,-9999,-9999
634,1084.14851,1084.149026526,1084.148901654,9057083,-9999,213137.5,12.8,-1,0.115180439,0.9975957,0,0.59855742,32,0.448979592,0.816326531,N3 S1 P1 O22,de-protonated,0,-9999,C49 H40 O22 N3 P1 S1,49,40,22,3,1,1,-9999,-9999
635,1084.583998,1084.584514757,1084.583677291,18281270,-9999,257619.7,27.77,-1,0.772154789,0.448731276,0.558800271,0.492758874,33,0.04109589,1.150684932,N1 S1 P1 O3,de-protonated,0,-9999,C73 H84 O3 N1 P1 S1,73,84,3,1,1,1,-9999,-9999
635,1084.583998,1084.584514757,1084.583538907,18281270,-9999,257619.7,27.77,-1,0.899747116,0.431694104,0.640033642,0.515029919,6,0.307692308,1.846153846,N1 S2 P1 O16,de-protonated,0,-9999,C52 H96 O16 N1 P1 S2,52,96,16,1,1,2,-9999,-9999
635,1084.583998,1084.584514757,1084.585038508,18281270,-9999,257619.7,27.77,-1,-0.482904448,0.479284738,0.614510218,0.53337493,16,0.310344828,1.5,N1 O18,de-protonated,0,-9999,C58 H87 O18 N1,58,87,18,1,-9999,-9999,-9999,-9999
635,1084.583998,1084.584514757,1084.585394824,18281270,-9999,257619.7,27.77,-1,-0.81143132,0.443695498,0.562198102,0.491096539,33,0.027777778,1.152777778,N3 S2 O2,de-protonated,0,-9999,C72 H83 O2 N3 S2,72,83,2,3,-9999,2,-9999,-9999
635,1084.583998,1084.584514757,1084.584525444,18281270,-9999,257619.7,27.77,-1,-0.009853256,0.499991192,0.565637507,0.526249718,34,0.098591549,1.112676056,N3 O7,de-protonated,0,-9999,C71 H79 O7 N3,71,79,7,3,-9999,-9999,-9999,-9999
635,1084.583998,1084.584514757,1084.585527766,18281270,-9999,257619.7,27.77,-1,-0.934004984,0.426801297,0.602496955,0.49707956,20,0.163934426,1.442622951,N3 S1 P1 O10,de-protonated,0,-9999,C61 H88 O10 N3 P1 S1,61,88,10,3,1,1,-9999,-9999
635,1084.583998,1084.584514757,1084.58438706,18281270,-9999,257619.7,27.77,-1,0.117738871,0.498743919,0.649019222,0.55885404,7,0.4,1.82,N3 S1 O20,de-protonated,0,-9999,C50 H91 O20 N3 S1,50,91,20,3,-9999,1,-9999,-9999
636,1085.185222,1085.185739077,1085.18493901,8844081,-9999,270056.6,12.45,-1,0.737263255,0.906079958,0,0.543647975,30,0.423076923,0.884615385,S2 O22,de-protonated,0,-9999,C52 H46 O22 S2,52,46,22,-9999,-9999,2,-9999,-9999
636,1085.185222,1085.185739077,1085.18627642,8844081,-9999,270056.6,12.45,-1,-0.49516249,0.956486449,0,0.573891869,35,0.339622642,0.79245283,N4 S2 O18,de-protonated,0,-9999,C53 H42 O18 N4 S2,53,42,18,4,-9999,2,-9999,-9999
636,1085.185222,1085.185739077,1085.18540704,8844081,-9999,270056.6,12.45,-1,0.305971983,0.983156448,0,0.589893869,36,0.442307692,0.730769231,N4 O23,de-protonated,0,-9999,C52 H38 O23 N4,52,38,23,4,-9999,-9999,-9999,-9999
637,1085.244889,1085.245406108,1085.246096516,8852272,-9999,193677.7,12.46,-1,-0.63617666,0.929195569,0,0.557517341,33,0.315789474,0.894736842,S1 P1 O18,de-protonated,0,-9999,C57 H51 O18 P1 S1,57,51,18,-9999,1,1,-9999,-9999
637,1085.244889,1085.245406108,1085.244442746,8852272,-9999,193677.7,12.46,-1,0.887691294,0.866770703,0,0.520062422,38,0.288135593,0.779661017,N2 S1 O17,de-protonated,0,-9999,C59 H46 O17 N2 S1,59,46,17,2,-9999,1,-9999,-9999
637,1085.244889,1085.245406108,1085.245445068,8852272,-9999,193677.7,12.46,-1,-0.035899304,0.999766184,0,0.59985971,24,0.408163265,1.12244898,N2 S2 P1 O20,de-protonated,0,-9999,C49 H55 O20 N2 P1 S2,49,55,20,2,1,2,-9999,-9999
637,1085.244889,1085.245406108,1085.244575688,8852272,-9999,193677.7,12.46,-1,0.765191858,0.899207394,0,0.539524436,25,0.520833333,1.0625,N2 P1 O25,de-protonated,0,-9999,C48 H51 O25 N2 P1,48,51,25,2,1,-9999,-9999,-9999
637,1085.244889,1085.245406108,1085.246293221,8852272,-9999,193677.7,12.46,-1,-0.817429861,0.885819137,0,0.531491482,25,0.510638298,1.063829787,N4 S1 O24,de-protonated,0,-9999,C47 H50 O24 N4 S1,47,50,24,4,-9999,1,-9999,-9999
638,1085.621565,1085.622082308,1085.621836448,20542252,-9999,240588.5,31.44,-1,0.226469505,0.33024565,0.472516812,0.387154115,32,0.067567568,1.175675676,P1 O5,de-protonated,0,-9999,C74 H87 O5 P1,74,87,5,-9999,1,-9999,-9999,-9999
638,1085.621565,1085.622082308,1085.621565122,20542252,-9999,240588.5,31.44,-1,0.476396579,0.479827972,0.590944388,0.524274538,18,0.15625,1.46875,S2 O10,de-protonated,0,-9999,C64 H94 O10 S2,64,94,10,-9999,-9999,2,-9999,-9999
638,1085.621565,1085.622082308,1085.621698064,20542252,-9999,240588.5,31.44,-1,0.353939747,0.488762856,0.635633513,0.547511119,5,0.339622642,1.867924528,S1 P1 O18,de-protonated,0,-9999,C53 H99 O18 P1 S1,53,99,18,-9999,1,1,-9999,-9999
638,1085.621565,1085.622082308,1085.621184999,20542252,-9999,240588.5,31.44,-1,0.826539618,0.441707637,0.583485697,0.498418861,23,0.106060606,1.378787879,N2 S1 P1 O7,de-protonated,0,-9999,C66 H91 O7 N2 P1 S1,66,91,7,2,1,1,-9999,-9999
638,1085.621565,1085.622082308,1085.622546217,20542252,-9999,240588.5,31.44,-1,-0.427320253,0.483704942,0.644495114,0.548021011,6,0.431372549,1.843137255,N2 O22,de-protonated,0,-9999,C51 H94 O22 N2,51,94,22,2,-9999,-9999,-9999,-9999
638,1085.621565,1085.622082308,1085.622902532,20542252,-9999,240588.5,31.44,-1,-0.755533177,0.450803558,0.587191358,0.505358678,23,0.092307692,1.384615385,N4 S2 O6,de-protonated,0,-9999,C65 H90 O6 N4 S2,65,90,6,4,-9999,2,-9999,-9999
638,1085.621565,1085.622082308,1085.622033152,20542252,-9999,240588.5,31.44,-1,0.04527888,0.499814034,0.590944388,0.536266175,24,0.171875,1.34375,N4 O11,de-protonated,0,-9999,C64 H86 O11 N4,64,86,11,4,-9999,-9999,-9999,-9999
638,1085.621565,1085.622082308,1085.623035474,20542252,-9999,240588.5,31.44,-1,-0.877989707,0.434734495,0.631293472,0.513358086,10,0.259259259,1.759259259,N4 S1 P1 O14,de-protonated,0,-9999,C54 H95 O14 N4 P1 S1,54,95,14,4,1,1,-9999,-9999
639,1085.678451,1085.678968338,1085.679351325,8581932,-9999,227991.1,12.02,-1,-0.352762511,0.488836644,0.562198102,0.518181227,26,0.083333333,1.319444444,P1 O6,de-protonated,0,-9999,C72 H95 O6 P1,72,95,6,-9999,1,-9999,-9999,-9999
639,1085.678451,1085.678968338,1085.679079999,8581932,-9999,227991.1,12.02,-1,-0.102848822,0.998082498,0,0.598849499,12,0.177419355,1.64516129,S2 O11,de-protonated,0,-9999,C62 H102 O11 S2,62,102,11,-9999,-9999,2,-9999,-9999
639,1085.678451,1085.678968338,1085.678210619,8581932,-9999,227991.1,12.02,-1,0.69792232,0.915410344,0,0.549246207,13,0.262295082,1.606557377,O16,de-protonated,0,-9999,C61 H98 O16,61,98,16,-9999,-9999,-9999,-9999,-9999
639,1085.678451,1085.678968338,1085.678699877,8581932,-9999,227991.1,12.02,-1,0.247275465,0.988966611,0,0.593379967,17,0.125,1.546875,N2 S1 P1 O8,de-protonated,0,-9999,C64 H99 O8 N2 P1 S1,64,99,8,2,1,1,-9999,-9999
639,1085.678451,1085.678968338,1085.678048428,8581932,-9999,227991.1,12.02,-1,0.847314162,0.877858813,0,0.526715288,8,0.178571429,1.839285714,N4 S2 P1 O10,de-protonated,0,-9999,C56 H103 O10 N4 P1 S2,56,103,10,4,1,2,-9999,-9999
639,1085.678451,1085.678968338,1085.67954803,8581932,-9999,227991.1,12.02,-1,-0.533943433,0.949585011,0,0.569751007,18,0.193548387,1.516129032,N4 O12,de-protonated,0,-9999,C62 H94 O12 N4,62,94,12,4,-9999,-9999,-9999,-9999
640,1087.822098,1087.822616476,1087.821644656,68285200,-9999,217207,108.96,-1,0.893363196,0.288394459,0.513784664,0.378550541,8,0.153846154,1.784615385,S1 O10,de-protonated,0,-9999,C65 H116 O10 S1,65,116,10,-9999,-9999,1,-9999,-9999
640,1087.822098,1087.822616476,1087.822133914,68285200,-9999,217207,108.96,-1,0.443604203,0.241230907,0.47814106,0.335994968,12,0.029411765,1.720588235,N2 S2 P1 O2,de-protonated,0,-9999,C68 H117 O2 N2 P1 S2,68,117,2,2,1,2,-9999,-9999
640,1087.822098,1087.822616476,1087.823633516,68285200,-9999,217207,108.96,-1,-0.934930395,0.284444919,0.472516812,0.359673676,22,0.054054054,1.459459459,N2 O4,de-protonated,0,-9999,C74 H108 O4 N2,74,108,4,2,-9999,-9999,-9999,-9999
640,1087.822098,1087.822616476,1087.822982067,68285200,-9999,217207,108.96,-1,-0.336075543,0.326571511,0.508967985,0.399530101,13,0.090909091,1.696969697,N4 S1 O6,de-protonated,0,-9999,C66 H112 O6 N4 S1,66,112,6,4,-9999,1,-9999,-9999
640,1087.822098,1087.822616476,1087.823115009,68285200,-9999,217207,108.96,-1,-0.45828446,0.320869434,0.565425266,0.418691767,0,0.254545455,2.127272727,N4 P1 O14,de-protonated,0,-9999,C55 H117 O14 N4 P1,55,117,14,4,1,-9999,-9999,-9999
641,1088.430619,1088.431137799,1088.43054795,10416908,-9999,297506.7,15,-1,0.541926736,0.474053136,0.562198102,0.509311122,40,0.041666667,0.944444444,N1 S2 P1 O3,de-protonated,0,-9999,C72 H68 O3 N1 P1 S2,72,68,3,1,1,2,-9999,-9999
641,1088.430619,1088.431137799,1088.431909167,10416908,-9999,297506.7,15,-1,-0.708696428,0.456448273,0.618621811,0.521317688,23,0.315789474,1.245614035,N1 S1 O18,de-protonated,0,-9999,C57 H71 O18 N1 S1,57,71,18,1,-9999,1,-9999,-9999
641,1088.430619,1088.431137799,1088.431529045,10416908,-9999,297506.7,15,-1,-0.359457876,0.48841386,0.610452919,0.537229483,28,0.254237288,1.152542373,N3 P1 O15,de-protonated,0,-9999,C59 H68 O15 N3 P1,59,68,15,3,1,-9999,-9999,-9999
641,1088.430619,1088.431137799,1088.431257718,10416908,-9999,297506.7,15,-1,-0.110176114,0.997799859,0,0.598679915,14,0.408163265,1.530612245,N3 S2 O20,de-protonated,0,-9999,C49 H75 O20 N3 S2,49,75,20,3,-9999,2,-9999,-9999
641,1088.430619,1088.431137799,1088.430388339,10416908,-9999,297506.7,15,-1,0.688570213,0.917566637,0,0.550539982,15,0.520833333,1.479166667,N3 O25,de-protonated,0,-9999,C48 H71 O25 N3,48,71,25,3,-9999,-9999,-9999,-9999
642,1088.689127,1088.689645937,1088.690250362,39056136,-9999,296911.9,61.5,-1,-0.555185936,0.315202347,0.485764205,0.38342709,25,0.084507042,1.352112676,N1 P1 O6,de-protonated,0,-9999,C71 H96 O6 N1 P1,71,96,6,1,1,-9999,-9999,-9999
642,1088.689127,1088.689645937,1088.689979036,39056136,-9999,296911.9,61.5,-1,-0.305963462,0.327719126,0.533665548,0.410097695,11,0.180327869,1.68852459,N1 S2 O11,de-protonated,0,-9999,C61 H103 O11 N1 S2,61,103,11,1,-9999,2,-9999,-9999
642,1088.689127,1088.689645937,1088.689109656,39056136,-9999,296911.9,61.5,-1,0.49259289,0.318975684,0.538793609,0.406902854,12,0.266666667,1.65,N1 O16,de-protonated,0,-9999,C60 H99 O16 N1,60,99,16,1,-9999,-9999,-9999,-9999
642,1088.689127,1088.689645937,1088.688596592,39056136,-9999,296911.9,61.5,-1,0.963861262,0.281623757,0.476878192,0.359725531,30,0.068493151,1.246575342,N3 O5,de-protonated,0,-9999,C73 H91 O5 N3,73,91,5,3,-9999,-9999,-9999,-9999
642,1088.689127,1088.689645937,1088.689598913,39056136,-9999,296911.9,61.5,-1,0.043192444,0.333220516,0.523600568,0.409372537,16,0.126984127,1.587301587,N3 S1 P1 O8,de-protonated,0,-9999,C63 H100 O8 N3 P1 S1,63,100,8,3,1,1,-9999,-9999
643,1088.693908,1088.694426939,1088.693621665,26735370,-9999,340059.8,41.5,-1,0.739669716,0.301831938,0.499512996,0.380904361,20,0.088235294,1.470588235,N1 S1 P1 O6,de-protonated,0,-9999,C68 H100 O6 N1 P1 S1,68,100,6,1,1,1,-9999,-9999
643,1088.693908,1088.694426939,1088.694982883,26735370,-9999,340059.8,41.5,-1,-0.510651492,0.476893236,0.635633513,0.540389347,3,0.396226415,1.943396226,N1 O21,de-protonated,0,-9999,C53 H103 O21 N1,53,103,21,1,-9999,-9999,-9999,-9999
643,1088.693908,1088.694426939,1088.695339198,26735370,-9999,340059.8,41.5,-1,-0.837938131,0.293459768,0.504211037,0.377760276,20,0.074626866,1.47761194,N3 S2 O5,de-protonated,0,-9999,C67 H99 O5 N3 S2,67,99,5,3,-9999,2,-9999,-9999
643,1088.693908,1088.694426939,1088.694469819,26735370,-9999,340059.8,41.5,-1,-0.039386135,0.333239521,0.508967985,0.403530907,21,0.151515152,1.439393939,N3 O10,de-protonated,0,-9999,C66 H95 O10 N3,66,95,10,3,-9999,-9999,-9999,-9999
643,1088.693908,1088.694426939,1088.69547214,26735370,-9999,340059.8,41.5,-1,-0.960049063,0.422998188,0.622788794,0.502914431,7,0.232142857,1.857142857,N3 S1 P1 O13,de-protonated,0,-9999,C56 H104 O13 N3 P1 S1,56,104,13,3,1,1,-9999,-9999
644,1089.914092,1089.914611587,1089.913708369,72217336,-9999,248907.8,115.34,-1,0.828705649,0.294280252,0.472516812,0.365574876,14,0.040540541,1.662162162,P1 O3,de-protonated,0,-9999,C74 H123 O3 P1,74,123,3,-9999,1,-9999,-9999,-9999
644,1089.914092,1089.914611587,1089.915425902,72217336,-9999,248907.8,115.34,-1,-0.747136313,0.30122456,0.476878192,0.371486013,14,0.02739726,1.671232877,N2 S1 O2,de-protonated,0,-9999,C73 H122 O2 N2 S1,73,122,2,2,-9999,1,-9999,-9999
644,1089.914092,1089.914611587,1089.915558844,72217336,-9999,248907.8,115.34,-1,-0.869110561,0.290639931,0.528601492,0.385824555,1,0.161290323,2.048387097,N2 P1 O10,de-protonated,0,-9999,C62 H127 O10 N2 P1,62,127,10,2,1,-9999,-9999,-9999
644,1089.914092,1089.914611587,1089.914774453,72217336,-9999,248907.8,115.34,-1,-0.149430686,0.248989133,0.491201646,0.345874138,5,0.061538462,1.938461538,N4 S2 O4,de-protonated,0,-9999,C65 H126 O4 N4 S2,65,126,4,4,-9999,2,-9999,-9999
644,1089.914092,1089.914611587,1089.913905074,72217336,-9999,248907.8,115.34,-1,0.64822841,0.308863132,0.51866191,0.392782643,6,0.140625,1.90625,N4 O9,de-protonated,0,-9999,C64 H122 O9 N4,64,122,9,4,-9999,-9999,-9999,-9999
645,1092.070547,1092.071067731,1092.071257841,10679010,-9999,246843.7,15.43,-1,-0.174082092,0.497258183,0.565637507,0.524609912,0,0.056338028,2.028169014,S1 O4,de-protonated,0,-9999,C71 H144 O4 S1,71,144,4,-9999,-9999,1,-9999,-9999
645,1092.070547,1092.071067731,1092.069982626,10679010,-9999,246843.7,15.43,-1,0.993622642,0.835987399,0,0.501592439,36,0.48,0.64,N1 S1 P1 O24,de-protonated,0,-9999,C50 H32 O24 N1 P1 S1,50,32,24,1,1,1,-9999,-9999
645,1092.070547,1092.071067731,1092.070877719,10679010,-9999,246843.7,15.43,-1,0.173992801,0.497260987,0.558800271,0.521876701,5,0.01369863,1.931506849,N2 P1 O1,de-protonated,0,-9999,C73 H141 O1 N2 P1,73,141,1,2,1,-9999,-9999,-9999
645,1092.070547,1092.071067731,1092.071700159,10679010,-9999,246843.7,15.43,-1,-0.579108111,0.94096272,0,0.564577632,36,0.469387755,0.632653061,N3 S2 O23,de-protonated,0,-9999,C49 H31 O23 N3 S2,49,31,23,3,-9999,2,-9999,-9999
646,1093.009825,1093.01034623,1093.011088024,9204440,-9999,227857.5,13.03,-1,-0.678670209,0.91982298,0,0.551893788,37,0.479166667,0.5625,N2 S2 P1 O23,de-protonated,0,-9999,C48 H27 O23 N2 P1 S2,48,27,23,2,1,2,-9999,-9999
647,1093.128702,1093.129223293,1093.130140531,9884375,-9999,183304.8,14.14,-1,-0.839092938,0.880069991,0,0.528041995,29,0.469387755,0.87755102,S2 P1 O23,de-protonated,0,-9999,C49 H43 O23 P1 S2,49,43,23,-9999,1,2,-9999,-9999
647,1093.128702,1093.129223293,1093.128486761,9884375,-9999,183304.8,14.14,-1,0.673784013,0.920926581,0,0.552555948,34,0.431372549,0.745098039,N2 S2 O22,de-protonated,0,-9999,C51 H38 O22 N2 S2,51,38,22,2,-9999,2,-9999,-9999
648,1093.801025,1093.80154665,1093.801835442,10040016,-9999,218202,14.39,-1,-0.264026199,0.493715451,0.545609971,0.514473259,25,0.051948052,1.376623377,O4,de-protonated,0,-9999,C77 H106 O4,77,106,4,-9999,-9999,-9999,-9999,-9999
648,1093.801025,1093.80154665,1093.801183994,10040016,-9999,218202,14.39,-1,0.331555994,0.490125538,0.572644131,0.523132975,16,0.086956522,1.594202899,N2 S1 O6,de-protonated,0,-9999,C69 H110 O6 N2 S1,69,110,6,2,-9999,1,-9999,-9999
648,1093.801025,1093.80154665,1093.802186315,10040016,-9999,218202,14.39,-1,-0.584808907,0.469915261,0.610452919,0.526130324,2,0.152542373,2.016949153,N2 S2 P1 O9,de-protonated,0,-9999,C59 H119 O9 N2 P1 S2,59,119,9,2,1,2,-9999,-9999
648,1093.801025,1093.80154665,1093.801316935,10040016,-9999,218202,14.39,-1,0.210014932,0.496014457,0.614510218,0.543412761,3,0.24137931,1.982758621,N2 P1 O14,de-protonated,0,-9999,C58 H115 O14 N2 P1,58,115,14,2,1,-9999,-9999,-9999
648,1093.801025,1093.80154665,1093.800803871,10040016,-9999,218202,14.39,-1,0.679080557,0.459864998,0.565637507,0.502174002,21,0.042253521,1.507042254,N4 P1 O3,de-protonated,0,-9999,C71 H107 O3 N4 P1,71,107,3,4,1,-9999,-9999,-9999
648,1093.801025,1093.80154665,1093.800532545,10040016,-9999,218202,14.39,-1,0.927138897,0.427792066,0.602496955,0.497674022,7,0.131147541,1.868852459,N4 S2 O8,de-protonated,0,-9999,C61 H114 O8 N4 S2,61,114,8,4,-9999,2,-9999,-9999
649,1093.859301,1093.859822681,1093.85935032,9548496,-9999,204614.2,13.59,-1,0.431829908,0.483365008,0.552126353,0.510869546,19,0.066666667,1.52,O5,de-protonated,0,-9999,C75 H114 O5,75,114,5,-9999,-9999,-9999,-9999,-9999
649,1093.859301,1093.859822681,1093.860352641,9548496,-9999,204614.2,13.59,-1,-0.484486357,0.479151671,0.587191358,0.522367546,5,0.123076923,1.892307692,S1 P1 O8,de-protonated,0,-9999,C65 H123 O8 P1 S1,65,123,8,-9999,1,1,-9999,-9999
649,1093.859301,1093.859822681,1093.86068773,9548496,-9999,204614.2,13.59,-1,-0.79082222,0.446361932,0.548848821,0.487356688,24,0.013157895,1.447368421,N4 O1,de-protonated,0,-9999,C76 H110 O1 N4,76,110,1,4,-9999,-9999,-9999,-9999
650,1094.006364,1094.006885759,1094.005894679,12219086,-9999,219498.2,17.93,-1,0.905918562,0.430822107,0.572644131,0.487550916,1,0.057971014,2.014492754,S1 P1 O4,de-protonated,0,-9999,C69 H139 O4 P1 S1,69,139,4,-9999,1,1,-9999,-9999
650,1094.006364,1094.006885759,1094.007612212,12219086,-9999,219498.2,17.93,-1,-0.664029012,0.461554946,0.576212942,0.507418145,1,0.044117647,2.029411765,N2 S2 O3,de-protonated,0,-9999,C68 H138 O3 N2 S2,68,138,3,2,-9999,2,-9999,-9999
650,1094.006364,1094.006885759,1094.006742832,12219086,-9999,219498.2,17.93,-1,0.130645517,0.49845389,0.579826515,0.53100294,2,0.119402985,2,N2 O8,de-protonated,0,-9999,C67 H134 O8 N2,67,134,8,2,-9999,-9999,-9999,-9999
650,1094.006364,1094.006885759,1094.006336996,12219086,-9999,219498.2,17.93,-1,0.501608353,0.477686005,0.662980834,0.551803937,37,0.489361702,0.553191489,N3 S2 P1 O23,de-protonated,0,-9999,C47 H26 O23 N3 P1 S2,47,26,23,3,1,2,-9999,-9999
651,1094.240597,1094.241118883,1094.240419258,79688400,-9999,231712.2,127.47,-1,0.639370836,0.232127222,0.596645109,0.377934377,17,0.568181818,1.318181818,N1 S2 P1 O25,de-protonated,0,-9999,C44 H58 O25 N1 P1 S2,44,58,25,1,1,2,-9999,-9999
652,1095.296521,1095.297043444,1095.296203538,13759171,-9999,264254.9,20.43,-1,0.766829924,0.449399014,0.622788794,0.518754926,29,0.375,1,S1 O21,de-protonated,0,-9999,C56 H56 O21 S1,56,56,21,-9999,-9999,1,-9999,-9999
652,1095.296521,1095.297043444,1095.29720586,13759171,-9999,264254.9,20.43,-1,-0.148284589,0.498009098,0.667769153,0.56591312,15,0.52173913,1.413043478,S2 P1 O24,de-protonated,0,-9999,C46 H65 O24 P1 S2,46,65,24,-9999,1,2,-9999,-9999
652,1095.296521,1095.297043444,1095.296692795,13759171,-9999,264254.9,20.43,-1,0.320140248,0.490787607,0.610452919,0.538653732,33,0.220338983,0.966101695,N2 S2 P1 O13,de-protonated,0,-9999,C59 H57 O13 N2 P1 S2,59,57,13,2,1,2,-9999,-9999
652,1095.296521,1095.297043444,1095.297540948,13759171,-9999,264254.9,20.43,-1,-0.454218691,0.481628265,0.618621811,0.536425683,34,0.298245614,0.912280702,N4 S1 O17,de-protonated,0,-9999,C57 H52 O17 N4 S1,57,52,17,4,-9999,1,-9999,-9999
652,1095.296521,1095.297043444,1095.29767389,13759171,-9999,264254.9,20.43,-1,-0.575593613,0.470827929,0.667769153,0.549604418,21,0.543478261,1.239130435,N4 P1 O25,de-protonated,0,-9999,C46 H57 O25 N4 P1,46,57,25,4,1,-9999,-9999,-9999
653,1096.093841,1096.094363867,1096.094758079,9892541,-9999,222686.2,14.15,-1,-0.359651728,0.976803012,0,0.586081807,34,0.428571429,0.734693878,N3 S2 P1 O21,de-protonated,0,-9999,C49 H36 O21 N3 P1 S2,49,36,21,3,1,2,-9999,-9999
654,1096.354046,1096.354569005,1096.353479397,20574908,-9999,364951.4,31.5,-1,0.993847621,0.417959788,0.602496955,0.491774655,31,0.196721311,1.049180328,N1 S2 P1 O12,de-protonated,0,-9999,C61 H64 O12 N1 P1 S2,61,64,12,1,1,2,-9999,-9999
654,1096.354046,1096.354569005,1096.35432755,20574908,-9999,364951.4,31.5,-1,0.220234573,0.49561888,0.610452919,0.541552495,32,0.271186441,1,N3 S1 O16,de-protonated,0,-9999,C59 H59 O16 N3 S1,59,59,16,3,-9999,1,-9999,-9999
654,1096.354046,1096.354569005,1096.355329872,20574908,-9999,364951.4,31.5,-1,-0.693996237,0.458159248,0.653607294,0.536338466,18,0.387755102,1.387755102,N3 S2 P1 O19,de-protonated,0,-9999,C49 H68 O19 N3 P1 S2,49,68,19,3,1,2,-9999,-9999
654,1096.354046,1096.354569005,1096.354460492,20574908,-9999,364951.4,31.5,-1,0.098976564,0.499112021,0.658260696,0.562771491,19,0.5,1.333333333,N3 P1 O24,de-protonated,0,-9999,C48 H64 O24 N3 P1,48,64,24,3,1,-9999,-9999,-9999
655,1096.359046,1096.359569008,1096.359352624,62255804,-9999,251698.3,99.17,-1,0.19736611,0.330985627,0.570956251,0.426973877,22,0.314814815,1.259259259,N1 S2 P1 O17,de-protonated,0,-9999,C54 H68 O17 N1 P1 S2,54,68,17,1,1,2,-9999,-9999
655,1096.359046,1096.359569008,1096.358483244,62255804,-9999,251698.3,99.17,-1,0.990336708,0.278992289,0.576557625,0.398018423,23,0.41509434,1.20754717,N1 P1 O22,de-protonated,0,-9999,C53 H64 O22 N1 P1,53,64,22,1,1,-9999,-9999,-9999
655,1096.359046,1096.359569008,1096.358839559,62255804,-9999,251698.3,99.17,-1,0.665337301,0.30760621,0.504211037,0.386248141,40,0.089552239,0.895522388,N3 S2 P1 O6,de-protonated,0,-9999,C67 H60 O6 N3 P1 S2,67,60,6,3,1,2,-9999,-9999
655,1096.359046,1096.359569008,1096.360200777,62255804,-9999,251698.3,99.17,-1,-0.576242177,0.313842742,0.582230334,0.421197779,23,0.403846154,1.211538462,N3 S1 O21,de-protonated,0,-9999,C52 H63 O21 N3 S1,52,63,21,3,-9999,1,-9999,-9999
656,1096.416123,1096.416646038,1096.415865179,10220219,-9999,277862.2,14.68,-1,0.712192055,0.456037091,0.598596236,0.513060749,30,0.241935484,1.080645161,N1 S1 O15,de-protonated,0,-9999,C62 H67 O15 N1 S1,62,67,15,1,-9999,1,-9999,-9999
656,1096.416123,1096.416646038,1096.416867501,10220219,-9999,277862.2,14.68,-1,-0.201987892,0.99262439,0,0.595574634,16,0.346153846,1.461538462,N1 S2 P1 O18,de-protonated,0,-9999,C52 H76 O18 N1 P1 S2,52,76,18,1,1,2,-9999,-9999
656,1096.416123,1096.416646038,1096.415998121,10220219,-9999,277862.2,14.68,-1,0.590940792,0.938601872,0,0.563161123,17,0.450980392,1.411764706,N1 P1 O23,de-protonated,0,-9999,C51 H72 O23 N1 P1,51,72,23,1,1,-9999,-9999,-9999
656,1096.416123,1096.416646038,1096.416354437,10220219,-9999,277862.2,14.68,-1,0.265958563,0.493623714,0.587191358,0.531050772,34,0.107692308,1.046153846,N3 S2 P1 O7,de-protonated,0,-9999,C65 H68 O7 N3 P1 S2,65,68,7,3,1,2,-9999,-9999
656,1096.416123,1096.416646038,1096.417715654,10220219,-9999,277862.2,14.68,-1,-0.975555289,0.841401615,0,0.504840969,17,0.44,1.42,N3 S1 O22,de-protonated,0,-9999,C50 H71 O22 N3 S1,50,71,22,3,-9999,1,-9999,-9999
657,1098.363231,1098.363755072,1098.363256235,30405298,-9999,263145.2,47.46,-1,0.454164061,0.321088401,0.499512996,0.392458239,39,0.102941176,0.911764706,N1 S2 P1 O7,de-protonated,0,-9999,C68 H62 O7 N1 P1 S2,68,62,7,1,1,2,-9999,-9999
657,1098.363231,1098.363755072,1098.364617452,30405298,-9999,263145.2,47.46,-1,-0.785149384,0.447086605,0.635633513,0.522505368,22,0.41509434,1.226415094,N1 S1 O22,de-protonated,0,-9999,C53 H65 O22 N1 S1,53,65,22,1,-9999,1,-9999,-9999
657,1098.363231,1098.363755072,1098.364104388,30405298,-9999,263145.2,47.46,-1,-0.31803302,0.327271585,0.508967985,0.399950145,40,0.166666667,0.863636364,N3 S1 O11,de-protonated,0,-9999,C66 H57 O11 N3 S1,66,57,11,3,-9999,1,-9999,-9999
657,1098.363231,1098.363755072,1098.364237329,30405298,-9999,263145.2,47.46,-1,-0.439069087,0.482812374,0.627012296,0.540492343,27,0.345454545,1.127272727,N3 P1 O19,de-protonated,0,-9999,C55 H62 O19 N3 P1,55,62,19,3,1,-9999,-9999,-9999
657,1098.363231,1098.363755072,1098.363966003,30405298,-9999,263145.2,47.46,-1,-0.192041645,0.496665257,0.672627142,0.567050011,13,0.533333333,1.533333333,N3 S2 O24,de-protonated,0,-9999,C45 H69 O24 N3 S2,45,69,24,3,-9999,2,-9999,-9999
658,1098.541856,1098.542380167,1098.541812478,22246064,-9999,196324.8,34.21,-1,0.516765496,0.317566657,0.463953528,0.376121405,39,0.026315789,1.026315789,N1 S1 P1 O2,de-protonated,0,-9999,C76 H78 O2 N1 P1 S1,76,78,2,1,1,1,-9999,-9999
658,1098.541856,1098.542380167,1098.541674094,22246064,-9999,196324.8,34.21,-1,0.642736594,0.463891075,0.627012296,0.529139563,12,0.272727273,1.636363636,N1 S2 P1 O15,de-protonated,0,-9999,C55 H90 O15 N1 P1 S2,55,90,15,1,1,2,-9999,-9999
658,1098.541856,1098.542380167,1098.543173695,22246064,-9999,196324.8,34.21,-1,-0.72234659,0.454833296,0.602496955,0.513898759,22,0.278688525,1.327868852,N1 O17,de-protonated,0,-9999,C61 H81 O17 N1,61,81,17,1,-9999,-9999,-9999,-9999
658,1098.541856,1098.542380167,1098.542660631,22246064,-9999,196324.8,34.21,-1,-0.255306121,0.329414206,0.472516812,0.386655249,40,0.081081081,0.986486486,N3 O6,de-protonated,0,-9999,C74 H73 O6 N3,74,73,6,3,-9999,-9999,-9999,-9999
658,1098.541856,1098.542380167,1098.542522247,22246064,-9999,196324.8,34.21,-1,-0.129335217,0.4984847,0.635633513,0.553344226,13,0.358490566,1.603773585,N3 S1 O19,de-protonated,0,-9999,C53 H85 O19 N3 S1,53,85,19,3,-9999,1,-9999,-9999
0,115.039851,115.039853107,-9999,7325674,-9999,2711799.2,14.97,-1,-9999,-9999,-9999,-9999,-9999,-9999,-9999,unassigned,N/A,-9999,-9999,N/A,-9999,-9999,-9999,-9999,-9999,-9999,-9999,-9999
2,115.076236,115.076238126,-9999,6576518.5,-9999,2933735.8,13.23,-1,-9999,-9999,-9999,-9999,-9999,-9999,-9999,unassigned,N/A,-9999,-9999,N/A,-9999,-9999,-9999,-9999,-9999,-9999,-9999,-9999
4,117.018906,117.018909157,-9999,28961118,-9999,2374157.2,65.08,-1,-9999,-9999,-9999,-9999,-9999,-9999,-9999,unassigned,N/A,-9999,-9999,N/A,-9999,-9999,-9999,-9999,-9999,-9999,-9999,-9999
5,117.019105,117.019108157,-9999,87464800,-9999,2503187.3,200.57,-1,-9999,-9999,-9999,-9999,-9999,-9999,-9999,unassigned,N/A,-9999,-9999,N/A,-9999,-9999,-9999,-9999,-9999,-9999,-9999,-9999
6,117.019304,117.019307157,-9999,237414240,-9999,2273122.4,547.84,-1,-9999,-9999,-9999,-9999,-9999,-9999,-9999,unassigned,N/A,-9999,-9999,N/A,-9999,-9999,-9999,-9999,-9999,-9999,-9999,-9999
7,117.01951,117.019513157,-9999,36999132,-9999,1829469.2,83.69,-1,-9999,-9999,-9999,-9999,-9999,-9999,-9999,unassigned,N/A,-9999,-9999,N/A,-9999,-9999,-9999,-9999,-9999,-9999,-9999,-9999
8,118.022457,118.02246069,-9999,8346341.5,-9999,2671496.9,17.33,-1,-9999,-9999,-9999,-9999,-9999,-9999,-9999,unassigned,N/A,-9999,-9999,N/A,-9999,-9999,-9999,-9999,-9999,-9999,-9999,-9999
9,118.022666,118.02266969,-9999,27735782,-9999,2325534.1,62.24,-1,-9999,-9999,-9999,-9999,-9999,-9999,-9999,unassigned,N/A,-9999,-9999,N/A,-9999,-9999,-9999,-9999,-9999,-9999,-9999,-9999
10,121.029038,121.029043286,-9999,20368214,-9999,2381609.9,45.18,-1,-9999,-9999,-9999,-9999,-9999,-9999,-9999,unassigned,N/A,-9999,-9999,N/A,-9999,-9999,-9999,-9999,-9999,-9999,-9999,-9999
11,121.029259,121.029264286,-9999,73188696,-9999,2341725.7,167.51,-1,-9999,-9999,-9999,-9999,-9999,-9999,-9999,unassigned,N/A,-9999,-9999,N/A,-9999,-9999,-9999,-9999,-9999,-9999,-9999,-9999
13,121.029705,121.029710286,-9999,38750548,-9999,2051333.5,87.75,-1,-9999,-9999,-9999,-9999,-9999,-9999,-9999,unassigned,N/A,-9999,-9999,N/A,-9999,-9999,-9999,-9999,-9999,-9999,-9999,-9999
14,121.076427,121.076432311,-9999,11043663,-9999,2177184.4,23.58,-1,-9999,-9999,-9999,-9999,-9999,-9999,-9999,unassigned,N/A,-9999,-9999,N/A,-9999,-9999,-9999,-9999,-9999,-9999,-9999,-9999
16,122.906407,122.906413282,-9999,21154898,-9999,2367356,47,-1,-9999,-9999,-9999,-9999,-9999,-9999,-9999,unassigned,N/A,-9999,-9999,N/A,-9999,-9999,-9999,-9999,-9999,-9999,-9999,-9999
17,122.906632,122.906638282,-9999,70503504,-9999,2349998.3,161.29,-1,-9999,-9999,-9999,-9999,-9999,-9999,-9999,unassigned,N/A,-9999,-9999,N/A,-9999,-9999,-9999,-9999,-9999,-9999,-9999,-9999
18,122.906796,122.906802282,-9999,17164370,-9999,3937876.2,37.76,-1,-9999,-9999,-9999,-9999,-9999,-9999,-9999,unassigned,N/A,-9999,-9999,N/A,-9999,-9999,-9999,-9999,-9999,-9999,-9999,-9999
19,122.906857,122.906863282,-9999,226014288,-9999,2228890.6,521.44,-1,-9999,-9999,-9999,-9999,-9999,-9999,-9999,unassigned,N/A,-9999,-9999,N/A,-9999,-9999,-9999,-9999,-9999,-9999,-9999,-9999
20,122.907086,122.907092283,-9999,37049940,-9999,1990415.8,83.81,-1,-9999,-9999,-9999,-9999,-9999,-9999,-9999,unassigned,N/A,-9999,-9999,N/A,-9999,-9999,-9999,-9999,-9999,-9999,-9999,-9999
21,123.011657,123.011663338,-9999,12066117,-9999,2533177.8,25.95,-1,-9999,-9999,-9999,-9999,-9999,-9999,-9999,unassigned,N/A,-9999,-9999,N/A,-9999,-9999,-9999,-9999,-9999,-9999,-9999,-9999
22,123.011888,123.011894338,-9999,38651972,-9999,2169412.8,87.52,-1,-9999,-9999,-9999,-9999,-9999,-9999,-9999,unassigned,N/A,-9999,-9999,N/A,-9999,-9999,-9999,-9999,-9999,-9999,-9999,-9999
23,123.012126,123.012132338,-9999,7319108.5,-9999,2392067.3,14.96,-1,-9999,-9999,-9999,-9999,-9999,-9999,-9999,unassigned,N/A,-9999,-9999,N/A,-9999,-9999,-9999,-9999,-9999,-9999,-9999,-9999
24,125.000899,125.000906394,-9999,13340991,-9999,2239189.6,28.9,-1,-9999,-9999,-9999,-9999,-9999,-9999,-9999,unassigned,N/A,-9999,-9999,N/A,-9999,-9999,-9999,-9999,-9999,-9999,-9999,-9999
26,127.076183,127.076191496,-9999,12999761,-9999,2370267.5,28.11,-1,-9999,-9999,-9999,-9999,-9999,-9999,-9999,unassigned,N/A,-9999,-9999,N/A,-9999,-9999,-9999,-9999,-9999,-9999,-9999,-9999
28,127.076676,127.076684496,-9999,6281552.5,-9999,1582450.3,12.55,-1,-9999,-9999,-9999,-9999,-9999,-9999,-9999,unassigned,N/A,-9999,-9999,N/A,-9999,-9999,-9999,-9999,-9999,-9999,-9999,-9999
30,129.016647,129.016656526,-9999,7278498.5,-9999,2211518.3,14.86,-1,-9999,-9999,-9999,-9999,-9999,-9999,-9999,unassigned,N/A,-9999,-9999,N/A,-9999,-9999,-9999,-9999,-9999,-9999,-9999,-9999
31,129.016899,129.016908526,-9999,25288098,-9999,2117534.2,56.57,-1,-9999,-9999,-9999,-9999,-9999,-9999,-9999,unassigned,N/A,-9999,-9999,N/A,-9999,-9999,-9999,-9999,-9999,-9999,-9999,-9999
32,129.019054,129.019063527,-9999,12536738,-9999,2293251,27.04,-1,-9999,-9999,-9999,-9999,-9999,-9999,-9999,unassigned,N/A,-9999,-9999,N/A,-9999,-9999,-9999,-9999,-9999,-9999,-9999,-9999
34,129.019575,129.019584527,-9999,6664354,-9999,2120216.5,13.44,-1,-9999,-9999,-9999,-9999,-9999,-9999,-9999,unassigned,N/A,-9999,-9999,N/A,-9999,-9999,-9999,-9999,-9999,-9999,-9999,-9999
35,129.055186,129.055195546,-9999,11601824,-9999,2415922.6,24.88,-1,-9999,-9999,-9999,-9999,-9999,-9999,-9999,unassigned,N/A,-9999,-9999,N/A,-9999,-9999,-9999,-9999,-9999,-9999,-9999,-9999
36,129.055437,129.055446546,-9999,38134176,-9999,2251688,86.32,-1,-9999,-9999,-9999,-9999,-9999,-9999,-9999,unassigned,N/A,-9999,-9999,N/A,-9999,-9999,-9999,-9999,-9999,-9999,-9999,-9999
38,129.05595,129.055959547,-9999,20665760,-9999,1950231.1,45.87,-1,-9999,-9999,-9999,-9999,-9999,-9999,-9999,unassigned,N/A,-9999,-9999,N/A,-9999,-9999,-9999,-9999,-9999,-9999,-9999,-9999
39,129.091568,129.091577565,-9999,6438045,-9999,2295127.8,12.92,-1,-9999,-9999,-9999,-9999,-9999,-9999,-9999,unassigned,N/A,-9999,-9999,N/A,-9999,-9999,-9999,-9999,-9999,-9999,-9999,-9999
40,129.091822,129.091831566,-9999,22807964,-9999,2267282.2,50.83,-1,-9999,-9999,-9999,-9999,-9999,-9999,-9999,unassigned,N/A,-9999,-9999,N/A,-9999,-9999,-9999,-9999,-9999,-9999,-9999,-9999
42,129.092333,129.092342566,-9999,11570077,-9999,1880876.3,24.8,-1,-9999,-9999,-9999,-9999,-9999,-9999,-9999,unassigned,N/A,-9999,-9999,N/A,-9999,-9999,-9999,-9999,-9999,-9999,-9999,-9999
46,131.034691,131.034701597,-9999,18138418,-9999,2164220.1,40.01,-1,-9999,-9999,-9999,-9999,-9999,-9999,-9999,unassigned,N/A,-9999,-9999,N/A,-9999,-9999,-9999,-9999,-9999,-9999,-9999,-9999
48,131.035221,131.035231597,-9999,12751154,-9999,2068694.1,27.54,-1,-9999,-9999,-9999,-9999,-9999,-9999,-9999,unassigned,N/A,-9999,-9999,N/A,-9999,-9999,-9999,-9999,-9999,-9999,-9999,-9999
49,131.052085,131.052095606,-9999,9311537,-9999,2125744.3,19.57,-1,-9999,-9999,-9999,-9999,-9999,-9999,-9999,unassigned,N/A,-9999,-9999,N/A,-9999,-9999,-9999,-9999,-9999,-9999,-9999,-9999
50,131.070813,131.070823616,-9999,8284464.5,-9999,2065963.1,17.19,-1,-9999,-9999,-9999,-9999,-9999,-9999,-9999,unassigned,N/A,-9999,-9999,N/A,-9999,-9999,-9999,-9999,-9999,-9999,-9999,-9999
51,131.071079,131.071089616,-9999,27822384,-9999,2175523.3,62.44,-1,-9999,-9999,-9999,-9999,-9999,-9999,-9999,unassigned,N/A,-9999,-9999,N/A,-9999,-9999,-9999,-9999,-9999,-9999,-9999,-9999
53,131.071617,131.071627616,-9999,16686384,-9999,1977912.2,36.65,-1,-9999,-9999,-9999,-9999,-9999,-9999,-9999,unassigned,N/A,-9999,-9999,N/A,-9999,-9999,-9999,-9999,-9999,-9999,-9999,-9999
54,132.030212,132.030223125,-9999,12949785,-9999,2075123.8,28,-1,-9999,-9999,-9999,-9999,-9999,-9999,-9999,unassigned,N/A,-9999,-9999,N/A,-9999,-9999,-9999,-9999,-9999,-9999,-9999,-9999
55,132.066324,132.066335144,-9999,13271321,-9999,2089232.5,28.74,-1,-9999,-9999,-9999,-9999,-9999,-9999,-9999,unassigned,N/A,-9999,-9999,N/A,-9999,-9999,-9999,-9999,-9999,-9999,-9999,-9999
57,132.066874,132.066885145,-9999,7367961,-9999,2133477.9,15.07,-1,-9999,-9999,-9999,-9999,-9999,-9999,-9999,unassigned,N/A,-9999,-9999,N/A,-9999,-9999,-9999,-9999,-9999,-9999,-9999,-9999
59,132.995964,132.995975638,-9999,12101913,-9999,2111659.7,26.03,-1,-9999,-9999,-9999,-9999,-9999,-9999,-9999,unassigned,N/A,-9999,-9999,N/A,-9999,-9999,-9999,-9999,-9999,-9999,-9999,-9999
60,132.996236,132.996247638,-9999,40554776,-9999,2014193.2,91.93,-1,-9999,-9999,-9999,-9999,-9999,-9999,-9999,unassigned,N/A,-9999,-9999,N/A,-9999,-9999,-9999,-9999,-9999,-9999,-9999,-9999
61,133.014229,133.014240648,-9999,11503385,-9999,2004964.1,24.65,-1,-9999,-9999,-9999,-9999,-9999,-9999,-9999,unassigned,N/A,-9999,-9999,N/A,-9999,-9999,-9999,-9999,-9999,-9999,-9999,-9999
64,133.991723,133.991735167,-9999,6066993.5,-9999,2277740.8,12.06,-1,-9999,-9999,-9999,-9999,-9999,-9999,-9999,unassigned,N/A,-9999,-9999,N/A,-9999,-9999,-9999,-9999,-9999,-9999,-9999,-9999
65,134.086463,134.086475217,-9999,7528245.5,-9999,2491045.3,15.44,-1,-9999,-9999,-9999,-9999,-9999,-9999,-9999,unassigned,N/A,-9999,-9999,N/A,-9999,-9999,-9999,-9999,-9999,-9999,-9999,-9999
66,134.086742,134.086754217,-9999,26437942,-9999,2121286.9,59.24,-1,-9999,-9999,-9999,-9999,-9999,-9999,-9999,unassigned,N/A,-9999,-9999,N/A,-9999,-9999,-9999,-9999,-9999,-9999,-9999,-9999
67,134.087018,134.087030217,-9999,106389816,-9999,1999788.1,244.4,-1,-9999,-9999,-9999,-9999,-9999,-9999,-9999,unassigned,N/A,-9999,-9999,N/A,-9999,-9999,-9999,-9999,-9999,-9999,-9999,-9999
68,134.087297,134.087309217,-9999,16186677,-9999,1953595.1,35.49,-1,-9999,-9999,-9999,-9999,-9999,-9999,-9999,unassigned,N/A,-9999,-9999,N/A,-9999,-9999,-9999,-9999,-9999,-9999,-9999,-9999
70,135.048277,135.048289727,-9999,7586667,-9999,1887326.1,15.58,-1,-9999,-9999,-9999,-9999,-9999,-9999,-9999,unassigned,N/A,-9999,-9999,N/A,-9999,-9999,-9999,-9999,-9999,-9999,-9999,-9999
72,135.082823,135.082835746,-9999,32147822,-9999,2142535.5,72.46,-1,-9999,-9999,-9999,-9999,-9999,-9999,-9999,unassigned,N/A,-9999,-9999,N/A,-9999,-9999,-9999,-9999,-9999,-9999,-9999,-9999
73,135.083104,135.083116746,-9999,110215536,-9999,2061060.3,253.26,-1,-9999,-9999,-9999,-9999,-9999,-9999,-9999,unassigned,N/A,-9999,-9999,N/A,-9999,-9999,-9999,-9999,-9999,-9999,-9999,-9999
74,135.083386,135.083398746,-9999,455287136,-9999,1948281.6,1052.42,-1,-9999,-9999,-9999,-9999,-9999,-9999,-9999,unassigned,N/A,-9999,-9999,N/A,-9999,-9999,-9999,-9999,-9999,-9999,-9999,-9999
75,135.083672,135.083684746,-9999,64663916,-9999,1892131.7,147.76,-1,-9999,-9999,-9999,-9999,-9999,-9999,-9999,unassigned,N/A,-9999,-9999,N/A,-9999,-9999,-9999,-9999,-9999,-9999,-9999,-9999
76,136.086462,136.086475278,-9999,7115204.5,-9999,2110039.8,14.49,-1,-9999,-9999,-9999,-9999,-9999,-9999,-9999,unassigned,N/A,-9999,-9999,N/A,-9999,-9999,-9999,-9999,-9999,-9999,-9999,-9999
77,136.086742,136.086755279,-9999,21739972,-9999,1973481.9,48.36,-1,-9999,-9999,-9999,-9999,-9999,-9999,-9999,unassigned,N/A,-9999,-9999,N/A,-9999,-9999,-9999,-9999,-9999,-9999,-9999,-9999
79,137.027539,137.027552778,-9999,21363254,-9999,1828633.6,47.48,-1,-9999,-9999,-9999,-9999,-9999,-9999,-9999,unassigned,N/A,-9999,-9999,N/A,-9999,-9999,-9999,-9999,-9999,-9999,-9999,-9999
81,139.001259,139.001273826,-9999,20026250,-9999,1916410.8,44.39,-1,-9999,-9999,-9999,-9999,-9999,-9999,-9999,unassigned,N/A,-9999,-9999,N/A,-9999,-9999,-9999,-9999,-9999,-9999,-9999,-9999
83,140.917431,140.917446843,-9999,28151144,-9999,1828518,63.2,-1,-9999,-9999,-9999,-9999,-9999,-9999,-9999,unassigned,N/A,-9999,-9999,N/A,-9999,-9999,-9999,-9999,-9999,-9999,-9999,-9999
88,143.071023,143.071039986,-9999,15775814,-9999,2027801.2,34.48,-1,-9999,-9999,-9999,-9999,-9999,-9999,-9999,unassigned,N/A,-9999,-9999,N/A,-9999,-9999,-9999,-9999,-9999,-9999,-9999,-9999
90,143.071666,143.071682986,-9999,9242694,-9999,1839003.8,19.38,-1,-9999,-9999,-9999,-9999,-9999,-9999,-9999,unassigned,N/A,-9999,-9999,N/A,-9999,-9999,-9999,-9999,-9999,-9999,-9999,-9999
91,143.107408,143.107425005,-9999,46614612,-9999,1961366.5,105.79,-1,-9999,-9999,-9999,-9999,-9999,-9999,-9999,unassigned,N/A,-9999,-9999,N/A,-9999,-9999,-9999,-9999,-9999,-9999,-9999,-9999
93,143.108052,143.108069006,-9999,27793492,-9999,1855814.6,62.27,-1,-9999,-9999,-9999,-9999,-9999,-9999,-9999,unassigned,N/A,-9999,-9999,N/A,-9999,-9999,-9999,-9999,-9999,-9999,-9999,-9999
95,144.074704,144.074721519,-9999,7585256.5,-9999,2145657.4,15.54,-1,-9999,-9999,-9999,-9999,-9999,-9999,-9999,unassigned,N/A,-9999,-9999,N/A,-9999,-9999,-9999,-9999,-9999,-9999,-9999,-9999
97,145.050277,145.050295037,-9999,24841136,-9999,1996745.6,55.35,-1,-9999,-9999,-9999,-9999,-9999,-9999,-9999,unassigned,N/A,-9999,-9999,N/A,-9999,-9999,-9999,-9999,-9999,-9999,-9999,-9999
99,145.050938,145.050956037,-9999,14773168,-9999,1952192.1,32.11,-1,-9999,-9999,-9999,-9999,-9999,-9999,-9999,unassigned,N/A,-9999,-9999,N/A,-9999,-9999,-9999,-9999,-9999,-9999,-9999,-9999
100,145.086665,145.086683056,-9999,14367681,-9999,2036667.9,31.17,-1,-9999,-9999,-9999,-9999,-9999,-9999,-9999,unassigned,N/A,-9999,-9999,N/A,-9999,-9999,-9999,-9999,-9999,-9999,-9999,-9999
102,145.087331,145.087349056,-9999,8525761,-9999,2146651.9,17.69,-1,-9999,-9999,-9999,-9999,-9999,-9999,-9999,unassigned,N/A,-9999,-9999,N/A,-9999,-9999,-9999,-9999,-9999,-9999,-9999,-9999
104,146.045522,146.045540565,-9999,23039406,-9999,1953174,51.1,-1,-9999,-9999,-9999,-9999,-9999,-9999,-9999,unassigned,N/A,-9999,-9999,N/A,-9999,-9999,-9999,-9999,-9999,-9999,-9999,-9999
106,146.046203,146.046221565,-9999,14071215,-9999,1856984.4,30.43,-1,-9999,-9999,-9999,-9999,-9999,-9999,-9999,unassigned,N/A,-9999,-9999,N/A,-9999,-9999,-9999,-9999,-9999,-9999,-9999,-9999
107,147.029872,147.029891087,-9999,14958550,-9999,1842353,32.48,-1,-9999,-9999,-9999,-9999,-9999,-9999,-9999,unassigned,N/A,-9999,-9999,N/A,-9999,-9999,-9999,-9999,-9999,-9999,-9999,-9999
109,147.084661,147.084680116,-9999,29626358,-9999,1702678.8,66.27,-1,-9999,-9999,-9999,-9999,-9999,-9999,-9999,unassigned,N/A,-9999,-9999,N/A,-9999,-9999,-9999,-9999,-9999,-9999,-9999,-9999
110,149.009196,149.009216138,-9999,7947440.5,-9999,1649507.9,16.29,-1,-9999,-9999,-9999,-9999,-9999,-9999,-9999,unassigned,N/A,-9999,-9999,N/A,-9999,-9999,-9999,-9999,-9999,-9999,-9999,-9999
111,149.009542,149.009562138,-9999,39130288,-9999,1745010.5,88.01,-1,-9999,-9999,-9999,-9999,-9999,-9999,-9999,unassigned,N/A,-9999,-9999,N/A,-9999,-9999,-9999,-9999,-9999,-9999,-9999,-9999
112,149.027529,149.027549148,-9999,17802428,-9999,1800865.1,38.96,-1,-9999,-9999,-9999,-9999,-9999,-9999,-9999,unassigned,N/A,-9999,-9999,N/A,-9999,-9999,-9999,-9999,-9999,-9999,-9999,-9999
113,149.045521,149.045541157,-9999,8661193,-9999,1790478.8,17.93,-1,-9999,-9999,-9999,-9999,-9999,-9999,-9999,unassigned,N/A,-9999,-9999,N/A,-9999,-9999,-9999,-9999,-9999,-9999,-9999,-9999
116,151.006436,151.006457198,-9999,10775106,-9999,1820663.3,22.75,-1,-9999,-9999,-9999,-9999,-9999,-9999,-9999,unassigned,N/A,-9999,-9999,N/A,-9999,-9999,-9999,-9999,-9999,-9999,-9999,-9999
119,153.018941,153.018963267,-9999,9128065,-9999,1846127.2,18.93,-1,-9999,-9999,-9999,-9999,-9999,-9999,-9999,unassigned,N/A,-9999,-9999,N/A,-9999,-9999,-9999,-9999,-9999,-9999,-9999,-9999
121,153.019682,153.019704267,-9999,6715521.5,-9999,1837969.8,13.4,-1,-9999,-9999,-9999,-9999,-9999,-9999,-9999,unassigned,N/A,-9999,-9999,N/A,-9999,-9999,-9999,-9999,-9999,-9999,-9999,-9999
124,154.932325,154.932348282,-9999,25499392,-9999,1934011.8,56.33,-1,-9999,-9999,-9999,-9999,-9999,-9999,-9999,unassigned,N/A,-9999,-9999,N/A,-9999,-9999,-9999,-9999,-9999,-9999,-9999,-9999
125,154.932699,154.932722282,-9999,100206336,-9999,1859629.7,227.19,-1,-9999,-9999,-9999,-9999,-9999,-9999,-9999,unassigned,N/A,-9999,-9999,N/A,-9999,-9999,-9999,-9999,-9999,-9999,-9999,-9999
126,154.933073,154.933096283,-9999,585713408,-9999,1629563.3,1337.56,-1,-9999,-9999,-9999,-9999,-9999,-9999,-9999,unassigned,N/A,-9999,-9999,N/A,-9999,-9999,-9999,-9999,-9999,-9999,-9999,-9999
127,154.933462,154.933485283,-9999,49497856,-9999,1755929.4,111.21,-1,-9999,-9999,-9999,-9999,-9999,-9999,-9999,unassigned,N/A,-9999,-9999,N/A,-9999,-9999,-9999,-9999,-9999,-9999,-9999,-9999
128,155.07096,155.070983356,-9999,7855998,-9999,1961849.1,15.98,-1,-9999,-9999,-9999,-9999,-9999,-9999,-9999,unassigned,N/A,-9999,-9999,N/A,-9999,-9999,-9999,-9999,-9999,-9999,-9999,-9999
131,155.936425,155.936448815,-9999,6661789.5,-9999,1949745,13.22,-1,-9999,-9999,-9999,-9999,-9999,-9999,-9999,unassigned,N/A,-9999,-9999,N/A,-9999,-9999,-9999,-9999,-9999,-9999,-9999,-9999
133,157.086602,157.086626426,-9999,12658411,-9999,1793351.7,26.9,-1,-9999,-9999,-9999,-9999,-9999,-9999,-9999,unassigned,N/A,-9999,-9999,N/A,-9999,-9999,-9999,-9999,-9999,-9999,-9999,-9999
135,157.1226,157.122624445,-9999,115887888,-9999,1823299.5,262.53,-1,-9999,-9999,-9999,-9999,-9999,-9999,-9999,unassigned,N/A,-9999,-9999,N/A,-9999,-9999,-9999,-9999,-9999,-9999,-9999,-9999
136,157.122986,157.123010445,-9999,444813056,-9999,1764099.5,1013.31,-1,-9999,-9999,-9999,-9999,-9999,-9999,-9999,unassigned,N/A,-9999,-9999,N/A,-9999,-9999,-9999,-9999,-9999,-9999,-9999,-9999
138,157.12377,157.123794445,-9999,245878544,-9999,1574068.2,559.23,-1,-9999,-9999,-9999,-9999,-9999,-9999,-9999,unassigned,N/A,-9999,-9999,N/A,-9999,-9999,-9999,-9999,-9999,-9999,-9999,-9999
140,158.126337,158.126361978,-9999,44929780,-9999,1850722.7,100.36,-1,-9999,-9999,-9999,-9999,-9999,-9999,-9999,unassigned,N/A,-9999,-9999,N/A,-9999,-9999,-9999,-9999,-9999,-9999,-9999,-9999
142,158.127131,158.127155978,-9999,25809654,-9999,1728837,56.8,-1,-9999,-9999,-9999,-9999,-9999,-9999,-9999,unassigned,N/A,-9999,-9999,N/A,-9999,-9999,-9999,-9999,-9999,-9999,-9999,-9999
143,159.065855,159.065880476,-9999,16070327,-9999,1845478.3,34.62,-1,-9999,-9999,-9999,-9999,-9999,-9999,-9999,unassigned,N/A,-9999,-9999,N/A,-9999,-9999,-9999,-9999,-9999,-9999,-9999,-9999
145,159.066659,159.066684477,-9999,8072887.5,-9999,1690118.9,16.4,-1,-9999,-9999,-9999,-9999,-9999,-9999,-9999,unassigned,N/A,-9999,-9999,N/A,-9999,-9999,-9999,-9999,-9999,-9999,-9999,-9999
146,159.102237,159.102262496,-9999,11734749,-9999,1850184.3,24.74,-1,-9999,-9999,-9999,-9999,-9999,-9999,-9999,unassigned,N/A,-9999,-9999,N/A,-9999,-9999,-9999,-9999,-9999,-9999,-9999,-9999
154,162.076744,162.076771075,-9999,14127984,-9999,1885263.9,30.06,-1,-9999,-9999,-9999,-9999,-9999,-9999,-9999,unassigned,N/A,-9999,-9999,N/A,-9999,-9999,-9999,-9999,-9999,-9999,-9999,-9999
156,163.060741,163.060768597,-9999,30607310,-9999,1817377.5,67.44,-1,-9999,-9999,-9999,-9999,-9999,-9999,-9999,unassigned,N/A,-9999,-9999,N/A,-9999,-9999,-9999,-9999,-9999,-9999,-9999,-9999
158,163.061577,163.061604597,-9999,700147648,-9999,1574189.2,1586.2,-1,-9999,-9999,-9999,-9999,-9999,-9999,-9999,unassigned,N/A,-9999,-9999,N/A,-9999,-9999,-9999,-9999,-9999,-9999,-9999,-9999
159,163.061998,163.062025598,-9999,64235472,-9999,1581911.2,143.72,-1,-9999,-9999,-9999,-9999,-9999,-9999,-9999,unassigned,N/A,-9999,-9999,N/A,-9999,-9999,-9999,-9999,-9999,-9999,-9999,-9999
160,163.080506,163.080533607,-9999,6625252,-9999,1996890.9,13.04,-1,-9999,-9999,-9999,-9999,-9999,-9999,-9999,unassigned,N/A,-9999,-9999,N/A,-9999,-9999,-9999,-9999,-9999,-9999,-9999,-9999
162,164.060717,164.060745128,-9999,11381845,-9999,1800737,23.77,-1,-9999,-9999,-9999,-9999,-9999,-9999,-9999,unassigned,N/A,-9999,-9999,N/A,-9999,-9999,-9999,-9999,-9999,-9999,-9999,-9999
163,164.061143,164.061171128,-9999,67972184,-9999,1611034.5,151.86,-1,-9999,-9999,-9999,-9999,-9999,-9999,-9999,unassigned,N/A,-9999,-9999,N/A,-9999,-9999,-9999,-9999,-9999,-9999,-9999,-9999
164,164.06158,164.061608128,-9999,6804566,-9999,1942170.8,13.41,-1,-9999,-9999,-9999,-9999,-9999,-9999,-9999,unassigned,N/A,-9999,-9999,N/A,-9999,-9999,-9999,-9999,-9999,-9999,-9999,-9999
165,164.064935,164.06496313,-9999,37588056,-9999,1575863.4,83.09,-1,-9999,-9999,-9999,-9999,-9999,-9999,-9999,unassigned,N/A,-9999,-9999,N/A,-9999,-9999,-9999,-9999,-9999,-9999,-9999,-9999
166,165.040416,165.040444648,-9999,68088024,-9999,1766848.4,152.12,-1,-9999,-9999,-9999,-9999,-9999,-9999,-9999,unassigned,N/A,-9999,-9999,N/A,-9999,-9999,-9999,-9999,-9999,-9999,-9999,-9999
167,165.040843,165.040871648,-9999,524382432,-9999,1558189.1,1184.91,-1,-9999,-9999,-9999,-9999,-9999,-9999,-9999,unassigned,N/A,-9999,-9999,N/A,-9999,-9999,-9999,-9999,-9999,-9999,-9999,-9999
169,165.058424,165.058452657,-9999,45183216,-9999,1618975.1,100.28,-1,-9999,-9999,-9999,-9999,-9999,-9999,-9999,unassigned,N/A,-9999,-9999,N/A,-9999,-9999,-9999,-9999,-9999,-9999,-9999,-9999
170,166.039974,166.040003178,-9999,8050064,-9999,1857911.6,16.19,-1,-9999,-9999,-9999,-9999,-9999,-9999,-9999,unassigned,N/A,-9999,-9999,N/A,-9999,-9999,-9999,-9999,-9999,-9999,-9999,-9999
171,166.040409,166.040438179,-9999,53081488,-9999,1599903.8,117.89,-1,-9999,-9999,-9999,-9999,-9999,-9999,-9999,unassigned,N/A,-9999,-9999,N/A,-9999,-9999,-9999,-9999,-9999,-9999,-9999,-9999
172,166.044201,166.044230181,-9999,21923222,-9999,1637418.7,47.52,-1,-9999,-9999,-9999,-9999,-9999,-9999,-9999,unassigned,N/A,-9999,-9999,N/A,-9999,-9999,-9999,-9999,-9999,-9999,-9999,-9999
174,167.037684,167.037713708,-9999,29940310,-9999,1584689.8,65.62,-1,-9999,-9999,-9999,-9999,-9999,-9999,-9999,unassigned,N/A,-9999,-9999,N/A,-9999,-9999,-9999,-9999,-9999,-9999,-9999,-9999
177,168.043273,168.043303242,-9999,6640442,-9999,1588443.2,12.97,-1,-9999,-9999,-9999,-9999,-9999,-9999,-9999,unassigned,N/A,-9999,-9999,N/A,-9999,-9999,-9999,-9999,-9999,-9999,-9999,-9999
179,168.948274,168.948304722,-9999,14525360,-9999,1686173.1,30.73,-1,-9999,-9999,-9999,-9999,-9999,-9999,-9999,unassigned,N/A,-9999,-9999,N/A,-9999,-9999,-9999,-9999,-9999,-9999,-9999,-9999
180,168.948721,168.948751722,-9999,109249456,-9999,1520855.1,244.17,-1,-9999,-9999,-9999,-9999,-9999,-9999,-9999,unassigned,N/A,-9999,-9999,N/A,-9999,-9999,-9999,-9999,-9999,-9999,-9999,-9999
181,168.949183,168.949213723,-9999,8510386,-9999,1605684.4,17.18,-1,-9999,-9999,-9999,-9999,-9999,-9999,-9999,unassigned,N/A,-9999,-9999,N/A,-9999,-9999,-9999,-9999,-9999,-9999,-9999,-9999
184,171.065791,171.065822846,-9999,64278100,-9999,1697933,142.5,-1,-9999,-9999,-9999,-9999,-9999,-9999,-9999,unassigned,N/A,-9999,-9999,N/A,-9999,-9999,-9999,-9999,-9999,-9999,-9999,-9999
187,171.066721,171.066752847,-9999,41537112,-9999,1598542.5,91.38,-1,-9999,-9999,-9999,-9999,-9999,-9999,-9999,unassigned,N/A,-9999,-9999,N/A,-9999,-9999,-9999,-9999,-9999,-9999,-9999,-9999
189,171.138565,171.138596885,-9999,48926388,-9999,1726225.8,107.99,-1,-9999,-9999,-9999,-9999,-9999,-9999,-9999,unassigned,N/A,-9999,-9999,N/A,-9999,-9999,-9999,-9999,-9999,-9999,-9999,-9999
191,171.139494,171.139525885,-9999,31067830,-9999,1542440.3,67.84,-1,-9999,-9999,-9999,-9999,-9999,-9999,-9999,unassigned,N/A,-9999,-9999,N/A,-9999,-9999,-9999,-9999,-9999,-9999,-9999,-9999
192,172.069144,172.069176379,-9999,6503287,-9999,1663167.9,12.62,-1,-9999,-9999,-9999,-9999,-9999,-9999,-9999,unassigned,N/A,-9999,-9999,N/A,-9999,-9999,-9999,-9999,-9999,-9999,-9999,-9999
198,173.08143,173.081462916,-9999,15071410,-9999,1765065.7,31.8,-1,-9999,-9999,-9999,-9999,-9999,-9999,-9999,unassigned,N/A,-9999,-9999,N/A,-9999,-9999,-9999,-9999,-9999,-9999,-9999,-9999
200,173.117821,173.117853935,-9999,15911138,-9999,1671444.5,33.68,-1,-9999,-9999,-9999,-9999,-9999,-9999,-9999,unassigned,N/A,-9999,-9999,N/A,-9999,-9999,-9999,-9999,-9999,-9999,-9999,-9999
202,173.11877,173.118802936,-9999,9441507,-9999,1607507.6,19.17,-1,-9999,-9999,-9999,-9999,-9999,-9999,-9999,unassigned,N/A,-9999,-9999,N/A,-9999,-9999,-9999,-9999,-9999,-9999,-9999,-9999
206,175.061574,175.061607967,-9999,12055309,-9999,1605570.2,25.03,-1,-9999,-9999,-9999,-9999,-9999,-9999,-9999,unassigned,N/A,-9999,-9999,N/A,-9999,-9999,-9999,-9999,-9999,-9999,-9999,-9999
211,183.087369,183.087407227,-9999,12414460,-9999,1484472.1,25.55,-1,-9999,-9999,-9999,-9999,-9999,-9999,-9999,unassigned,N/A,-9999,-9999,N/A,-9999,-9999,-9999,-9999,-9999,-9999,-9999,-9999
216,185.154129,185.154168324,-9999,50977044,-9999,1536617.3,111.13,-1,-9999,-9999,-9999,-9999,-9999,-9999,-9999,unassigned,N/A,-9999,-9999,N/A,-9999,-9999,-9999,-9999,-9999,-9999,-9999,-9999
219,186.157463,186.157502857,-9999,7220847.5,-9999,1582774.6,13.97,-1,-9999,-9999,-9999,-9999,-9999,-9999,-9999,unassigned,N/A,-9999,-9999,N/A,-9999,-9999,-9999,-9999,-9999,-9999,-9999,-9999
226,191.0555,191.055542457,-9999,7354413,-9999,1749358.8,14.21,-1,-9999,-9999,-9999,-9999,-9999,-9999,-9999,unassigned,N/A,-9999,-9999,N/A,-9999,-9999,-9999,-9999,-9999,-9999,-9999,-9999
235,199.169069,199.169115764,-9999,8323068.5,-9999,1466276.2,16.18,-1,-9999,-9999,-9999,-9999,-9999,-9999,-9999,unassigned,N/A,-9999,-9999,N/A,-9999,-9999,-9999,-9999,-9999,-9999,-9999,-9999
259,236.105338,236.10540437,-9999,9280025,-9999,1196305.3,17.94,-1,-9999,-9999,-9999,-9999,-9999,-9999,-9999,unassigned,N/A,-9999,-9999,N/A,-9999,-9999,-9999,-9999,-9999,-9999,-9999,-9999
288,293.174344,293.174440663,-9999,14580516,-9999,1088361.3,28.88,-1,-9999,-9999,-9999,-9999,-9999,-9999,-9999,unassigned,N/A,-9999,-9999,N/A,-9999,-9999,-9999,-9999,-9999,-9999,-9999,-9999
304,321.187773,321.187884533,-9999,7443201.5,-9999,897336.6,13.66,-1,-9999,-9999,-9999,-9999,-9999,-9999,-9999,unassigned,N/A,-9999,-9999,N/A,-9999,-9999,-9999,-9999,-9999,-9999,-9999,-9999
318,397.727174,397.727326162,-9999,7316139,-9999,680406.2,13.08,-1,-9999,-9999,-9999,-9999,-9999,-9999,-9999,unassigned,N/A,-9999,-9999,N/A,-9999,-9999,-9999,-9999,-9999,-9999,-9999,-9999
319,397.86468,397.864832235,-9999,9552584,-9999,622340.6,17.69,-1,-9999,-9999,-9999,-9999,-9999,-9999,-9999,unassigned,N/A,-9999,-9999,N/A,-9999,-9999,-9999,-9999,-9999,-9999,-9999,-9999
320,397.898987,397.899139253,-9999,27255504,-9999,638019.9,54.21,-1,-9999,-9999,-9999,-9999,-9999,-9999,-9999,unassigned,N/A,-9999,-9999,N/A,-9999,-9999,-9999,-9999,-9999,-9999,-9999,-9999
323,398.070908,398.071060344,-9999,12772085,-9999,672989.4,24.33,-1,-9999,-9999,-9999,-9999,-9999,-9999,-9999,unassigned,N/A,-9999,-9999,N/A,-9999,-9999,-9999,-9999,-9999,-9999,-9999,-9999
379,827.787628,827.788008445,-9999,9465201,-9999,333190.1,15.55,-1,-9999,-9999,-9999,-9999,-9999,-9999,-9999,unassigned,N/A,-9999,-9999,N/A,-9999,-9999,-9999,-9999,-9999,-9999,-9999,-9999
388,903.851413,903.851833821,-9999,8620712,-9999,270132.1,13.06,-1,-9999,-9999,-9999,-9999,-9999,-9999,-9999,unassigned,N/A,-9999,-9999,N/A,-9999,-9999,-9999,-9999,-9999,-9999,-9999,-9999
392,924.873276,924.87370798,-9999,8938104,-9999,291056.1,13.59,-1,-9999,-9999,-9999,-9999,-9999,-9999,-9999,unassigned,N/A,-9999,-9999,N/A,-9999,-9999,-9999,-9999,-9999,-9999,-9999,-9999
